fips,hot_days_95f,hot_days_95f_high,hot_days_100f,hot_days_100f_high,hot_days_105f,hot_days_105f_high,warm_nights_70f,warm_nights_70f_high,freezing_nights,freezing_nights_high,very_cold_nights_0f,very_cold_nights_0f_high,wettest_day,wettest_day_high,wettest_day_5yr,wettest_day_5yr_high,extreme_rain_total,extreme_rain_total_high,extreme_rain_days,extreme_rain_days_high,annual_rain,annual_rain_high,consecutive_dry_days_mid45,consecutive_dry_days_mid45_high,dry_days_mid45,dry_days_mid45_high,hot_days_90f_mid45,hot_days_90f_mid45_high,cooling_degree_days_mid45,cooling_degree_days_mid45_high,heavy_rain_days_1in_mid45,heavy_rain_days_1in_mid45_high,days_over_95f_hist,days_over_95f_2050,days_over_95f_2050_high,days_over_2in_hist,days_over_2in_2050,days_over_2in_2050_high,icing_days_hist,icing_days_2050,icing_days_2050_high,dry_spell_days_hist,dry_spell_days_2050,dry_spell_days_2050_high,days_over_90f_hist
01001,2.145,3.22,4.669,10.26,,,1.646,2.089,0.6951,0.53,,,1.081,1.094,1.109,1.08,1.23,1.31,1.222,1.362,1.046,1.059,0.97,0.9938,0.9867,0.9877,1.757,1.956,1.407,1.544,1.106,1.081,13.33,51.4,65.02,2.761,3.367,3.429,0.4674,0.1421,0.1112,26.72,25.92,26.56,61.82
01003,2.963,4.93,,,,,1.321,1.533,0.6089,0.4239,,,1.06,1.059,1.065,1.03,1.151,1.145,1.188,1.18,1.037,1.038,0.9893,0.9999,0.9874,0.9914,1.966,2.18,1.373,1.483,1.076,1.058,6.75,42.49,57.59,4.31,5.001,4.846,0.1441,0.04429,0.02465,26.84,26.55,26.84,57.16
01005,2.157,3.264,5.174,10.94,,,1.68,2.14,0.7119,0.5505,,,1.072,1.101,1.109,1.116,1.189,1.287,1.216,1.331,1.045,1.063,0.9707,0.9824,0.9839,0.9874,1.811,2.02,1.408,1.54,1.135,1.113,13.12,50.21,64.36,2.905,3.687,3.621,0.3724,0.1161,0.1144,28.66,27.82,28.16,60.79
01007,2.075,3.121,3.453,6.978,,,1.953,2.655,0.7311,0.5794,,,1.101,1.11,1.159,1.116,1.233,1.303,1.279,1.364,1.04,1.052,0.9791,1.012,0.9881,0.9904,1.835,2.048,1.442,1.591,1.074,1.066,13.35,50.09,62.7,3.037,3.75,3.788,0.8236,0.2415,0.204,26.57,26.02,26.91,57.22
01009,2.308,3.738,3.621,7.887,,,2.346,3.531,0.7625,0.6222,,,1.123,1.14,1.161,1.145,1.316,1.403,1.424,1.474,1.051,1.071,0.9958,1.01,0.9893,0.9889,1.997,2.304,1.432,1.596,1.094,1.112,8.503,33.31,44.37,2.698,3.462,3.594,2.176,0.7397,0.5874,25.55,25.45,25.8,42.64
01011,2.342,3.666,,,,,1.752,2.27,0.7221,0.5658,,,1.056,1.085,1.072,1.082,1.181,1.266,1.216,1.319,1.042,1.061,0.9811,0.9803,0.9845,0.9869,1.886,2.128,1.42,1.562,1.12,1.097,10.64,45.31,59.82,2.941,3.62,3.619,0.5392,0.1877,0.1755,28.8,28.26,28.24,55.76
01013,2.283,3.532,,,,,1.837,2.429,0.7029,0.5475,,,1.081,1.082,1.122,1.078,1.187,1.224,1.211,1.279,1.049,1.052,0.977,0.983,0.986,0.9888,1.773,1.985,1.428,1.566,1.108,1.084,12.37,50.67,66.18,3.418,4.19,4.173,0.3868,0.1344,0.1028,27.88,27.24,27.41,64
01015,2.393,3.921,,,,,2.13,3.127,0.7495,0.6004,,,1.109,1.137,1.14,1.162,1.258,1.353,1.324,1.431,1.038,1.056,0.9758,0.9984,0.9898,0.9893,2.167,2.51,1.481,1.651,1.114,1.122,7.086,34.41,46.43,2.152,2.826,2.923,1.359,0.4208,0.3496,25.07,24.46,25.03,39.92
01017,2.315,3.706,,,,,2.415,3.758,0.7475,0.5925,,,1.085,1.132,1.062,1.127,1.276,1.352,1.324,1.428,1.049,1.06,0.9766,0.9936,0.9873,0.9871,1.922,2.191,1.449,1.608,1.115,1.099,9.082,38.7,51.44,2.403,3.131,3.201,0.6253,0.1583,0.1328,25.95,25.34,25.78,48.81
01019,2.421,3.961,,,,,2.256,3.326,0.7582,0.6128,,,1.106,1.144,1.113,1.15,1.289,1.419,1.39,1.545,1.048,1.067,0.9857,1.003,0.9896,0.9895,2.206,2.549,1.502,1.677,1.129,1.127,6.901,34.66,46.92,2.463,3.286,3.438,2.16,0.7312,0.5877,24.13,23.79,24.21,38.72
01021,2.24,3.498,4.6,10.03,,,2.009,2.774,0.7355,0.5756,,,1.108,1.13,1.15,1.128,1.257,1.33,1.265,1.375,1.053,1.065,0.9748,0.9919,0.9857,0.9876,1.91,2.146,1.423,1.568,1.089,1.08,10.65,43.4,56.01,2.967,3.637,3.751,0.8087,0.2825,0.2502,26.74,26.07,26.53,51.62
01023,2.136,3.133,4.435,9.551,,,1.755,2.278,0.7002,0.5362,,,1.114,1.095,1.154,1.111,1.192,1.223,1.174,1.254,1.037,1.037,1.004,1.014,0.9901,0.9919,1.689,1.853,1.415,1.549,1.087,1.058,15.36,58.55,73.15,2.64,3.172,3.076,0.3655,0.09312,0.076,26.23,26.34,26.61,69.5
01025,2.106,3.07,4.417,9.568,,,1.68,2.17,0.697,0.5317,,,1.098,1.085,1.106,1.095,1.211,1.23,1.224,1.265,1.044,1.045,0.994,0.9887,0.9877,0.9909,1.622,1.782,1.397,1.524,1.082,1.051,15.88,58.95,73.57,3.255,3.887,3.856,0.287,0.08786,0.06764,27.28,27.12,26.97,73.16
01027,2.989,5.353,,,,,3.1,5.516,0.7582,0.6107,,,1.098,1.141,1.127,1.158,1.264,1.349,1.32,1.403,1.044,1.058,0.9867,0.9953,0.9869,0.9863,2.585,3.064,1.546,1.737,1.108,1.104,4.015,26.38,37.76,2.73,3.394,3.521,1.353,0.3796,0.3349,25.36,25.02,25.24,29.87
01029,2.909,5.261,,,,,2.996,5.274,0.7886,0.6515,,,1.095,1.134,1.095,1.14,1.265,1.363,1.367,1.476,1.045,1.066,0.9797,1,0.988,0.9883,2.638,3.167,1.553,1.749,1.11,1.112,3.719,24.28,34.88,2.592,3.31,3.441,1.664,0.5698,0.4943,24.98,24.47,24.98,27.63
01031,2.242,3.469,,,,,1.647,2.097,0.6808,0.519,,,1.067,1.069,1.073,1.079,1.173,1.213,1.284,1.26,1.056,1.055,0.9893,0.9876,0.9855,0.9883,1.671,1.86,1.382,1.512,1.112,1.105,13.17,50.49,65.43,3.48,4.447,4.342,0.2953,0.07792,0.07596,28,27.7,27.65,67.02
01033,2.263,3.484,3.77,8.457,,,2.052,2.945,0.7385,0.5819,,,1.102,1.135,1.098,1.155,1.301,1.401,1.304,1.432,1.044,1.056,1.007,1.026,0.9919,0.9914,2.053,2.327,1.514,1.687,1.077,1.092,9.676,44.19,56.48,2.688,3.227,3.253,3.154,1.018,0.7715,24.92,25.09,25.57,45.41
01035,2.28,3.511,,,,,1.771,2.311,0.7108,0.5568,,,1.081,1.08,1.127,1.073,1.182,1.222,1.213,1.288,1.051,1.053,0.9886,0.9866,0.9851,0.988,1.76,1.941,1.405,1.534,1.09,1.08,12.95,50.35,65.1,3.615,4.503,4.424,0.3406,0.1166,0.1087,26.45,26.14,26.09,65.33
01037,2.467,4.02,,,,,2.507,3.84,0.7451,0.5926,,,1.108,1.13,1.143,1.118,1.252,1.322,1.249,1.359,1.042,1.054,0.9838,0.9992,0.9868,0.9872,2.111,2.407,1.462,1.619,1.088,1.079,7.512,36.15,48.34,2.77,3.38,3.489,0.8463,0.2835,0.2447,25.87,25.45,25.85,43.3
01039,2.202,3.321,5.527,12.44,,,1.869,2.52,0.7251,0.5788,,,1.089,1.082,1.137,1.108,1.195,1.203,1.288,1.248,1.066,1.056,0.9876,0.9974,0.9861,0.9897,1.613,1.795,1.391,1.525,1.089,1.084,15.12,52.89,68.22,3.53,4.361,4.231,0.2852,0.08194,0.07996,27.12,26.78,27.05,71.4
01041,2.344,3.7,,,,,1.907,2.573,0.7074,0.5495,,,1.069,1.079,1.099,1.079,1.19,1.231,1.261,1.28,1.052,1.052,0.9829,0.9904,0.9844,0.9874,1.785,2.007,1.427,1.573,1.109,1.094,11.59,48.5,64.52,3.17,3.984,3.921,0.4023,0.1441,0.1307,27.62,27.14,27.35,62.49
01043,2.246,3.537,3.404,7.27,,,2.599,4.086,0.7703,0.6342,,,1.113,1.135,1.146,1.139,1.314,1.412,1.416,1.45,1.045,1.068,0.9915,1.014,0.9913,0.9901,2.043,2.329,1.47,1.635,1.095,1.109,8.621,36.12,46.94,2.8,3.484,3.699,2.517,0.7624,0.5739,24.46,24.26,24.81,42.32
01045,2.139,3.247,4.779,10.36,,,1.595,2.002,0.673,0.5087,,,1.073,1.076,1.076,1.083,1.176,1.218,1.246,1.275,1.048,1.055,0.9856,0.9952,0.9846,0.9875,1.677,1.86,1.379,1.505,1.117,1.106,14.03,53.13,67.72,2.788,3.517,3.45,0.2072,0.05576,0.04966,26.63,26.24,26.5,68.45
01047,2.092,3.118,4.169,8.952,,,1.582,1.969,0.7012,0.5473,,,1.093,1.095,1.116,1.081,1.213,1.274,1.21,1.326,1.044,1.059,0.9714,0.9865,0.9875,0.9896,1.698,1.873,1.401,1.531,1.102,1.072,14.87,54.39,68.49,2.9,3.441,3.508,0.5001,0.1632,0.1225,28.14,27.34,27.76,66.39
01049,3.024,5.646,,,,,3.205,5.48,0.7979,0.6712,,,1.109,1.135,1.113,1.132,1.298,1.446,1.405,1.575,1.053,1.073,0.9845,0.9912,0.9898,0.9893,2.815,3.407,1.562,1.764,1.103,1.122,2.948,20.85,30.56,2.977,3.808,4.041,4.006,1.661,1.356,25.44,25.04,25.21,22.73
01051,2.302,3.537,,,,,1.88,2.523,0.7129,0.5464,,,1.071,1.102,1.064,1.095,1.226,1.305,1.248,1.333,1.044,1.056,0.9844,1,0.9863,0.9869,1.881,2.119,1.423,1.566,1.098,1.072,10.37,44.16,56.73,2.712,3.376,3.306,0.4731,0.1474,0.1215,26.44,26.02,26.44,53.4
01053,2.239,3.336,,,,,1.758,2.295,0.7122,0.5562,,,1.06,1.081,1.082,1.057,1.158,1.205,1.217,1.289,1.048,1.058,0.9905,0.9882,0.9854,0.9879,1.677,1.845,1.393,1.519,1.072,1.071,13.82,55.97,70.27,4.025,4.94,4.823,0.2099,0.06671,0.054,26.8,26.54,26.48,71.07
01055,2.331,3.796,,,,,2.018,2.859,0.7423,0.5973,,,1.121,1.147,1.134,1.159,1.286,1.376,1.339,1.435,1.05,1.064,0.9797,0.9945,0.9907,0.9903,2.077,2.409,1.446,1.612,1.105,1.123,7.696,33.74,45.66,2.502,3.286,3.367,2.057,0.7151,0.5929,25.27,24.76,25.13,40.55
01057,2.089,3.134,3.433,7.133,,,2.563,3.852,0.7863,0.6593,,,1.112,1.129,1.152,1.139,1.318,1.391,1.413,1.466,1.049,1.06,0.9863,1.02,0.9903,0.9904,1.834,2.05,1.453,1.606,1.089,1.099,12.36,46.93,57.65,3.285,3.914,4.077,1.874,0.714,0.6221,25.32,24.98,25.83,53.18
01059,2.403,3.777,3.833,8.769,,,2.357,3.508,0.7646,0.6192,,,1.105,1.149,1.116,1.171,1.316,1.44,1.36,1.47,1.049,1.062,1.002,1.012,0.9921,0.9913,2.203,2.486,1.536,1.711,1.078,1.093,7.594,41.34,53.1,3.324,4.089,4.195,3.54,1.242,0.943,25.41,25.46,25.72,40.78
01061,2.25,3.425,,,,,1.613,2.031,0.7113,0.5589,,,1.065,1.085,1.056,1.078,1.176,1.21,1.257,1.241,1.051,1.05,0.9999,1.001,0.9856,0.9892,1.641,1.815,1.377,1.501,1.106,1.098,13.9,54.39,69.56,3.382,4.26,4.163,0.2375,0.05473,0.06219,27.26,27.26,27.29,71.2
01063,2.074,3.017,3.85,7.818,,,1.625,2.05,0.7284,0.5846,,,1.105,1.1,1.169,1.109,1.234,1.286,1.308,1.322,1.04,1.043,0.9785,1.002,0.9876,0.9899,1.733,1.907,1.415,1.547,1.089,1.064,15.44,55.07,67.3,2.544,3.004,3.055,0.9426,0.3342,0.2487,27.29,26.7,27.35,62.44
01065,1.977,2.889,3.457,7.086,,,1.601,2.022,0.6952,0.5417,,,1.104,1.088,1.158,1.098,1.215,1.264,1.265,1.314,1.035,1.045,0.9892,1.012,0.9886,0.9911,1.67,1.837,1.385,1.513,1.084,1.067,16.04,54.88,67.24,2.557,3.029,3.063,0.6161,0.1825,0.1371,26.39,26.11,26.71,66.67
01067,2.087,3.116,4.564,9.648,,,1.621,2.051,0.6911,0.5275,,,1.081,1.092,1.088,1.093,1.187,1.277,1.227,1.365,1.04,1.06,0.9847,0.9817,0.9842,0.9877,1.72,1.918,1.4,1.528,1.123,1.113,14.48,55.51,70.37,3.102,3.882,3.772,0.1985,0.04701,0.04745,27.94,27.51,27.43,68.1
01069,2.134,3.179,5.224,11.63,,,1.543,1.918,0.6894,0.5327,,,1.083,1.089,1.084,1.081,1.175,1.233,1.218,1.273,1.045,1.055,0.9849,0.9832,0.983,0.9855,1.652,1.83,1.397,1.525,1.115,1.12,15.05,59.58,75.52,2.405,3.073,3.084,0.185,0.04111,0.04165,26.07,25.67,25.63,74.37
01071,2.763,4.889,,,,,3.465,6.035,0.8029,0.6742,,,1.114,1.138,1.11,1.147,1.324,1.458,1.405,1.556,1.053,1.073,0.992,1.001,0.9904,0.9896,2.631,3.138,1.559,1.765,1.092,1.119,4.236,25.35,35.81,2.674,3.542,3.716,3.804,1.575,1.289,24.02,23.83,24.05,26.75
01073,2.085,3.16,3.762,7.882,,,2.022,2.782,0.7216,0.5711,,,1.112,1.12,1.176,1.139,1.269,1.336,1.368,1.421,1.038,1.054,0.9879,1.005,0.9899,0.99,1.944,2.187,1.482,1.641,1.096,1.092,11.68,46.34,58.06,2.369,2.992,3.062,1.309,0.3729,0.2999,24.98,24.68,25.09,50.03
01075,2.039,2.956,3.317,6.526,,,2.344,3.403,0.7783,0.6424,,,1.114,1.126,1.155,1.128,1.333,1.395,1.392,1.461,1.046,1.055,0.9772,1.006,0.9912,0.9915,1.803,1.988,1.47,1.623,1.081,1.088,13.87,53.04,64.22,3.4,4.015,4.148,1.817,0.6263,0.5277,26.46,25.85,26.62,57.39
01077,2.305,3.598,3.833,8.67,,,2.146,3.166,0.7445,0.5894,,,1.106,1.144,1.096,1.155,1.311,1.413,1.303,1.455,1.045,1.057,0.9961,1.021,0.992,0.9911,2.096,2.382,1.522,1.695,1.068,1.092,8.874,41.58,53.49,2.397,2.938,2.916,3.215,1.035,0.789,24.01,23.91,24.51,43.38
01079,2.282,3.604,3.533,8.075,,,2,2.844,0.7375,0.5826,,,1.113,1.15,1.121,1.159,1.316,1.412,1.357,1.428,1.051,1.064,1.013,1.031,0.9926,0.9915,2.041,2.327,1.48,1.644,1.083,1.107,8.467,38.55,50.18,2.68,3.269,3.445,2.636,0.8179,0.6412,24.02,24.33,24.76,43.32
01081,2.368,3.8,,,,,2.064,2.916,0.7402,0.5893,,,1.067,1.114,1.049,1.124,1.23,1.316,1.269,1.373,1.044,1.062,0.9903,1.003,0.986,0.9878,1.973,2.247,1.437,1.59,1.13,1.103,8.846,38.58,51.57,2.313,3.156,3.156,0.5768,0.1445,0.1201,26.16,25.91,26.24,48.48
01083,2.314,3.638,3.344,7.352,,,2.112,3.01,0.746,0.5917,,,1.105,1.144,1.088,1.14,1.319,1.416,1.315,1.416,1.05,1.069,0.9949,1.014,0.9918,0.9909,2.177,2.467,1.507,1.674,1.085,1.111,7.832,39.22,50.27,2.558,3.148,3.271,3.397,1.109,0.9009,24.18,24.06,24.51,40.5
01085,2.162,3.271,4.758,10.51,,,1.626,2.05,0.6857,0.5235,,,1.075,1.085,1.095,1.075,1.21,1.258,1.223,1.309,1.044,1.054,0.9807,0.9891,0.986,0.9881,1.765,1.968,1.431,1.569,1.129,1.087,13.54,52.76,67.5,2.235,2.874,2.902,0.4291,0.1267,0.1072,27.08,26.56,26.78,63.86
01087,2.226,3.422,5.234,11.17,,,1.865,2.477,0.7326,0.5748,,,1.055,1.107,1.036,1.118,1.208,1.308,1.235,1.352,1.046,1.063,0.9845,0.9895,0.9859,0.9867,1.819,2.046,1.407,1.549,1.113,1.083,11.92,45.28,58.72,2.808,3.539,3.506,0.4809,0.1411,0.1293,27.88,27.45,27.59,57.1
01089,2.42,3.865,3.484,7.759,,,2.306,3.386,0.759,0.6156,,,1.107,1.132,1.106,1.151,1.326,1.397,1.376,1.44,1.047,1.069,0.9866,1.014,0.9902,0.9906,2.352,2.692,1.545,1.722,1.105,1.123,6.578,36.78,47.95,2.263,2.854,3,3.32,1.076,0.8707,23.06,22.76,23.38,36.06
01091,2.122,3.136,4.307,9.289,,,1.657,2.1,0.7101,0.5547,,,1.121,1.094,1.142,1.089,1.224,1.264,1.225,1.303,1.048,1.053,0.9723,0.9874,0.9883,0.9905,1.661,1.835,1.397,1.53,1.092,1.071,14.75,55.67,69.6,3.028,3.501,3.513,0.6141,0.2024,0.1392,27.81,27.03,27.45,67.04
01093,2.225,3.387,3.716,8.055,,,2.541,3.828,0.7851,0.6529,,,1.127,1.154,1.154,1.169,1.342,1.458,1.403,1.493,1.055,1.067,1,1.013,0.991,0.9905,2.095,2.353,1.526,1.694,1.079,1.092,9.324,44.06,55.19,3.45,4.115,4.283,2.876,1.035,0.8223,25.3,25.3,25.62,44.77
01095,2.52,4.278,,,,,2.41,3.637,0.7619,0.6244,,,1.11,1.139,1.125,1.144,1.315,1.43,1.415,1.483,1.048,1.077,0.978,0.9969,0.9889,0.9889,2.227,2.608,1.464,1.637,1.099,1.122,5.802,29.01,40.09,2.571,3.324,3.488,2.59,0.9093,0.7672,25.07,24.51,24.99,34.52
01097,3.051,5.084,,,,,1.306,1.511,0.5798,0.3873,,,1.048,1.054,1.021,1.034,1.14,1.129,1.171,1.172,1.029,1.037,0.9959,1.011,0.9871,0.9919,1.962,2.188,1.374,1.488,1.06,1.041,6.6,41.08,56.06,4.183,4.749,4.642,0.1262,0.03674,0.0219,26.28,26.17,26.57,56.07
01099,2.264,3.449,4.633,10.42,,,1.711,2.212,0.6996,0.5382,,,1.069,1.072,1.085,1.076,1.184,1.22,1.2,1.263,1.04,1.043,0.9907,0.9954,0.987,0.9898,1.748,1.935,1.401,1.529,1.083,1.062,12.92,51.75,66.22,3.43,4.097,4.053,0.3302,0.1184,0.09823,27.14,26.89,27.01,65.38
01101,2.205,3.345,5.107,11.2,,,1.587,1.988,0.6736,0.4981,,,1.057,1.079,1.048,1.065,1.195,1.269,1.204,1.291,1.04,1.05,0.9879,0.9969,0.9858,0.9874,1.77,1.983,1.419,1.558,1.11,1.071,12.9,50.93,65.72,2.345,2.848,2.868,0.3691,0.102,0.08387,27.02,26.69,26.93,62.61
01103,2.236,3.47,3.313,7.052,,,2.233,3.25,0.7557,0.6123,,,1.109,1.135,1.119,1.142,1.308,1.408,1.378,1.444,1.046,1.07,0.9968,1.018,0.9915,0.9907,2.136,2.425,1.504,1.672,1.108,1.118,8.459,39.15,50.07,2.487,3.097,3.274,2.89,0.9052,0.6883,23.64,23.57,24.07,40.87
01105,2.142,3.274,3.907,8.312,,,1.713,2.216,0.7158,0.5663,,,1.105,1.096,1.143,1.085,1.22,1.282,1.227,1.341,1.042,1.055,0.9783,0.9997,0.9884,0.9906,1.75,1.951,1.402,1.538,1.086,1.068,13.36,49.1,62.45,3.034,3.552,3.59,0.6228,0.1817,0.1361,27.43,26.83,27.42,61.29
01107,2.062,3.009,3.67,7.414,,,1.726,2.256,0.7305,0.5807,,,1.113,1.111,1.172,1.12,1.272,1.31,1.395,1.415,1.043,1.045,0.9796,1.004,0.9892,0.9907,1.738,1.915,1.415,1.549,1.082,1.069,15.17,52.09,63.57,3.031,3.578,3.645,1.336,0.395,0.3039,27.2,26.65,27.31,61.01
01109,2.335,3.657,,,,,1.672,2.127,0.678,0.5088,,,1.06,1.083,1.07,1.087,1.173,1.247,1.234,1.301,1.048,1.055,0.9911,0.9847,0.9834,0.987,1.801,2.03,1.399,1.538,1.114,1.1,11.34,47.08,62.05,2.862,3.583,3.565,0.3532,0.1203,0.1142,27.89,27.64,27.46,59.53
01111,2.564,4.362,,,,,2.969,5.127,0.7673,0.621,,,1.106,1.151,1.094,1.16,1.292,1.373,1.377,1.479,1.05,1.062,0.9741,0.989,0.987,0.986,2.274,2.648,1.524,1.707,1.105,1.092,5.94,32.07,44.37,2.498,3.245,3.377,1.107,0.3067,0.2625,25.83,25.16,25.55,37.5
01113,2.14,3.223,5.169,11.02,,,1.642,2.081,0.688,0.5133,,,1.063,1.115,1.094,1.132,1.206,1.334,1.212,1.4,1.044,1.069,0.9766,0.9875,0.9844,0.986,1.785,1.993,1.414,1.555,1.161,1.132,13.37,51.06,65.63,2.069,2.826,2.778,0.2873,0.06052,0.04552,27.5,26.86,27.16,61.54
01115,2.26,3.579,,,,,2.187,3.177,0.7431,0.5933,,,1.125,1.148,1.174,1.171,1.298,1.382,1.351,1.459,1.047,1.066,1,1.007,0.9886,0.988,2.024,2.327,1.463,1.628,1.097,1.111,8.947,37.81,49.75,2.414,3.054,3.157,1.421,0.4364,0.3767,24.72,24.73,24.9,44.47
01117,2.127,3.248,3.83,8.157,,,2.101,2.965,0.7259,0.5685,,,1.113,1.128,1.169,1.138,1.254,1.324,1.272,1.364,1.04,1.055,0.9969,1.01,0.9883,0.9897,1.877,2.107,1.453,1.608,1.09,1.08,11.58,47.25,60.16,2.708,3.269,3.38,0.8253,0.2423,0.202,25.43,25.35,25.67,54.53
01119,2.134,3.149,4.031,8.446,,,1.702,2.188,0.7324,0.5894,,,1.099,1.093,1.152,1.102,1.197,1.258,1.192,1.28,1.035,1.042,0.9785,1.006,0.9892,0.9911,1.734,1.908,1.423,1.558,1.097,1.07,14.73,55.18,68.43,2.484,2.981,2.983,0.7415,0.2431,0.1903,27.31,26.73,27.48,63.98
01121,2.298,3.623,,,,,2.37,3.571,0.7461,0.5937,,,1.116,1.139,1.181,1.145,1.251,1.343,1.304,1.41,1.038,1.058,0.9866,1.001,0.9881,0.9874,2.011,2.295,1.483,1.649,1.098,1.099,8.997,41.37,54.43,2.644,3.193,3.252,0.8852,0.2672,0.2396,26.22,25.87,26.25,47.88
01123,2.457,3.937,,,,,2.392,3.625,0.7587,0.6073,,,1.075,1.123,1.063,1.119,1.261,1.341,1.283,1.386,1.047,1.055,0.9826,0.9979,0.9872,0.9886,2.019,2.299,1.454,1.612,1.093,1.077,8.036,38.28,50.81,2.885,3.556,3.577,0.7645,0.2611,0.2255,26.26,25.8,26.2,45.9
01125,2.059,3.015,3.586,7.257,,,1.806,2.38,0.7211,0.572,,,1.108,1.112,1.173,1.14,1.247,1.294,1.364,1.372,1.04,1.049,0.9882,1.012,0.9882,0.9902,1.822,2.012,1.444,1.584,1.093,1.088,13.32,52.71,63.98,2.275,2.845,2.892,1.024,0.3044,0.237,25.37,25.07,25.67,57.7
01127,2.141,3.249,3.505,7.418,,,2.257,3.223,0.7642,0.6273,,,1.109,1.129,1.151,1.141,1.311,1.382,1.405,1.456,1.046,1.063,0.9777,1.008,0.9911,0.9907,1.974,2.217,1.481,1.64,1.096,1.102,10.93,45.83,57.06,3.134,3.833,4.005,1.58,0.5098,0.443,25.03,24.47,25.22,49.17
01129,2.044,2.898,4.646,10.19,,,1.664,2.142,0.6786,0.5062,,,1.093,1.076,1.097,1.09,1.179,1.214,1.204,1.272,1.037,1.038,0.9953,0.9987,0.9859,0.9908,1.594,1.737,1.403,1.526,1.09,1.045,17.56,64.73,79.39,3.028,3.73,3.581,0.2233,0.05539,0.03838,26.42,26.3,26.38,79.8
01131,2.071,3.041,4.008,8.498,,,1.664,2.119,0.6996,0.5425,,,1.091,1.08,1.096,1.064,1.216,1.246,1.239,1.301,1.043,1.052,0.9797,0.9832,0.9889,0.9906,1.646,1.809,1.408,1.539,1.089,1.061,15.86,58.01,72.72,3.334,3.937,3.979,0.4397,0.1449,0.1112,28.51,27.93,28.03,70.62
01133,2.463,3.923,,,,,2.33,3.408,0.7551,0.613,,,1.124,1.153,1.15,1.165,1.329,1.423,1.423,1.47,1.053,1.066,0.9931,1.013,0.992,0.9912,2.297,2.61,1.529,1.697,1.088,1.096,6.668,37.49,48.49,3.148,3.864,4.041,2.698,0.9045,0.6986,24.22,24.05,24.54,37.75
02013,,,,,,,,,,,,,,,,,,,,,,,,1.015,,1.004,,,,,,1.526,0,,0,0.3347,,0.64,54.54,,28.21,12.69,,12.88,0
02016,,,,,,,,,,,,,,,,,,,,,,,,1.008,,1.006,,,,,,,0,,0,0.02759,,0.03448,103.7,,58.44,18.24,,18.39,0
02020,,,,,,,,,,,,,,,,,,,,,,,,0.9977,,0.9884,,,,,,1.315,0,,0.008889,3.726,,5.514,124,,84.15,22.99,,22.93,0.001111
02050,,,,,,,,,,,,,,,,,,,,,,,,0.9399,,0.9871,,,,,,1.723,0.0017,,0.04365,0.1908,,0.3821,147.6,,107.4,32.91,,30.93,0.02488
02060,,,,,,,,,,,,,,,,,,,,,,,,0.9409,,0.9998,,,,,,1.786,0,,0.02118,0.04909,,0.1051,100.1,,66.84,24.85,,23.38,0.001176
02063,,,,,,,,,,,,,,,,,,,,,,,,0.9661,,0.9791,,,,,,1.327,0.001877,,0.05998,3.637,,5.527,145.7,,119.4,36.14,,34.91,0.03807
02066,,,,,,,,,,,,,,,,,,,,,,,,0.9661,,0.9791,,,,,,1.327,0.001877,,0.05998,3.637,,5.527,145.7,,119.4,36.14,,34.91,0.03807
02068,,,,,,,,,,,,,,,,,,,,,,,,0.9607,,0.9956,,,,,,1.585,0.001744,,0.08047,0.585,,1.077,171.3,,141.9,38.98,,37.45,0.05426
02070,,,,,,,,,,,,,,,,,,,,,,,,0.9304,,0.9954,,,,,,1.79,0,,0.009129,0.08452,,0.2099,130.2,,90.78,30.27,,28.16,0.001338
02090,,,,,,,,,,,,,,,,,,,,,,,,0.9433,,1.004,,,,,,1.86,0.01138,,0.1722,0.1198,,0.3037,164.8,,139.9,46.13,,43.51,0.1649
02100,,,,,,,,,,,,,,,,,,,,,,,,0.979,,1.014,,,,,,1.347,0.001861,,0.06013,1.078,,1.663,123.6,,91.25,16.84,,16.49,0.02385
02105,,,,,,,,,,,,,,,,,,,,,,,,0.9804,,1.008,,,,,,1.248,0.00008696,,0.02129,4.957,,7.089,83.33,,55.88,13.8,,13.53,0.004348
02110,,,,,,,,,,,,,,,,,,,,,,,,0.9702,,1.008,,,,,,1.27,0.0003137,,0.03898,6.424,,9.879,103.9,,75.5,13.32,,12.93,0.009765
02122,,,,,,,,,,,,,,,,,,,,,,,,0.9903,,0.9888,,,,,,1.39,0.0006153,,0.04071,2.227,,3.561,111.3,,76.9,23.91,,23.67,0.00979
02150,,,,,,,,,,,,,,,,,,,,,,,,1.014,,0.9931,,,,,,1.368,0,,0,3.087,,5.153,64.57,,37.67,15.27,,15.48,0
02158,,,,,,,,,,,,,,,,,,,,,,,,0.941,,0.9867,,,,,,,0,,0.003152,0.02678,,0.07094,158.8,,114.3,38.4,,36.14,0.001709
02164,,,,,,,,,,,,,,,,,,,,,,,,0.9718,,0.9965,,,,,,1.59,0.0008108,,0.03764,0.2686,,0.5297,97.43,,65.04,23.41,,22.75,0.01648
02170,,,,,,,,,,,,,,,,,,,,,,,,0.9915,,0.979,,,,,,1.515,0.001876,,0.03952,1.03,,1.784,160.1,,127.9,31.49,,31.22,0.02224
02180,,,,,,,,,,,,,,,,,,,,,,,,0.9105,,0.9912,,,,,,1.929,0.0002313,,0.01584,0.08132,,0.1769,185.7,,141.9,45.5,,41.43,0.01082
02185,,,,,,,,,,,,,,,,,,,,,,,,0.9377,,0.9957,,,,,,,0.0001573,,0.004025,0.05746,,0.1331,230.3,,199.4,85.42,,80.09,0.002208
02188,,,,,,,,,,,,,,,,,,,,,,,,0.9345,,0.9917,,,,,,,0.0008082,,0.05383,0.04914,,0.1464,201,,167.8,44.11,,41.23,0.02791
02195,,,,,,,,,,,,,,,,,,,,,,,,1.004,,1.004,,,,,,1.238,0.0008059,,0.07524,6.453,,9.36,76.4,,50.8,13.08,,13.13,0.02436
02198,,,,,,,,,,,,,,,,,,,,,,,,0.9902,,1.012,,,,,,1.187,0,,0.001494,7.053,,9.347,31.55,,16.32,13.12,,12.99,0.0002874
02220,,,,,,,,,,,,,,,,,,,,,,,,0.9941,,1.005,,,,,,1.202,0,,0.00146,6.928,,9.464,42.86,,23.2,12.6,,12.52,0
02230,,,,,,,,,,,,,,,,,,,,,,,,0.9908,,1.015,,,,,,1.464,0.003636,,0.07939,0.6404,,1.077,155.8,,122.9,21.07,,20.88,0.03394
02240,,,,,,,,,,,,,,,,,,,,,,,,0.9555,,1.003,,,,,,1.707,0.005476,,0.1809,0.1764,,0.3748,173.5,,152.9,51.11,,48.84,0.1406
02275,,,,,,,,,,,,,,,,,,,,,,,,0.9889,,1.012,,,,,,1.239,0,,0.09111,3.528,,4.913,50.31,,30.25,13.27,,13.12,0.04
02282,,,,,,,,,,,,,,,,,,,,,,,,0.9686,,0.9644,,,,,,1.249,0,,0.002364,7.088,,9.768,107.5,,77.26,18.8,,18.21,0.001303
02290,,,,,,,,,,,,,,,,,,,,,,,,0.9472,,0.9855,,,,,,,0.007145,,0.1604,0.1049,,0.2134,182.1,,155.9,48.09,,45.55,0.1412
04001,2.508,3.961,,,,,,,0.8684,0.7553,0.5818,0.4832,1.037,1.065,1.039,1.073,1.121,1.209,1.203,1.352,1.009,1.019,1.057,1.078,0.9997,0.9997,2.536,2.983,2.106,2.487,,,4.817,26.4,34.98,0.07273,0.0914,0.1041,9.184,3.19,2.561,70.07,74.04,75.54,23.31
04003,1.746,2.317,2.557,4.125,,,3.644,6.684,0.7626,0.5842,,,1.043,1.08,1.088,1.149,1.052,1.126,1.121,1.192,0.9846,0.98,1.047,1.082,1.001,1.003,1.633,1.819,1.614,1.821,1.084,1.124,30,73.36,88.13,0.08855,0.1282,0.1481,0.1476,0.05121,0.03802,81.82,85.68,88.51,73.58
04005,2.026,2.847,3.317,5.653,,,3.401,6.437,0.8453,0.7106,,,1.023,1.087,1.032,1.126,1.11,1.22,1.169,1.338,1.009,1.028,1.054,1.081,0.9976,0.9973,2.071,2.383,1.92,2.23,1.04,1.105,11.03,36.83,45.82,0.09817,0.1098,0.1252,5.787,1.636,1.301,73.51,77.47,79.44,33.87
04007,1.64,2.113,2.18,3.175,3.603,6.252,2.017,2.954,0.799,0.6471,,,1.022,1.037,1.005,1.053,1.042,1.08,1.092,1.164,0.9884,0.9865,1.063,1.086,1.001,1.003,1.671,1.85,1.654,1.856,1.054,1.085,28.91,65.94,77.28,0.3273,0.3871,0.4204,0.5238,0.1091,0.08135,69.69,74.11,75.66,63.05
04009,1.603,2.05,2.262,3.393,4.45,8.713,2.676,4.179,0.8172,0.6776,,,1.026,1.046,1.023,1.048,1.036,1.1,1.09,1.137,0.978,0.9727,1.063,1.098,1.002,1.004,1.57,1.726,1.609,1.802,1.114,1.167,34.15,75.48,88.21,0.09668,0.1336,0.1604,0.4794,0.1022,0.08436,76.61,81.47,84.13,74.6
04011,1.696,2.267,2.341,3.688,,,3.035,5.19,0.8516,0.7291,,,1.041,1.076,1.048,1.093,1.044,1.144,1.092,1.154,0.9909,0.9885,1.06,1.091,1.002,1.004,1.758,1.972,1.746,1.974,1.093,1.193,20.39,51.1,60.62,0.07867,0.1038,0.1472,1.319,0.4221,0.3124,69.2,73.36,75.47,49.84
04012,1.157,1.257,1.247,1.393,1.515,1.827,1.232,1.411,0.7011,0.5572,,,0.9892,1.055,1.002,1.124,1.034,1.149,1.094,1.329,0.965,0.9736,1.051,1.068,1.001,1.001,1.165,1.222,1.321,1.425,,,125.2,154.3,163.3,0.05066,0.0576,0.05852,0.0001828,0.00009092,0.00005433,134.3,141.2,143.4,156.2
04013,1.171,1.282,1.28,1.455,1.581,1.955,1.275,1.485,0.6594,0.4961,,,1.007,1.054,0.9968,1.077,0.9938,1.1,1.071,1.312,0.9595,0.9724,1.06,1.079,1.002,1.001,1.171,1.227,1.335,1.445,1.044,1.018,123.1,154,163.4,0.09844,0.1201,0.1096,0.005043,0.0005007,0.0005312,113.2,120,122.2,156.1
04015,1.365,1.596,1.575,1.989,1.939,2.718,1.554,2.021,0.7992,0.6505,,,1.018,1.075,1.036,1.118,1.124,1.246,1.135,1.343,0.9985,1.017,1.043,1.069,0.9986,0.9984,1.373,1.469,1.486,1.641,,,58.43,97.03,106.9,0.07801,0.07809,0.08552,0.8845,0.2372,0.1891,92.63,96.6,99.03,94.11
04017,2.377,3.6,,,,,,,0.8517,0.723,0.5093,0.4408,1.033,1.074,1.042,1.109,1.133,1.239,1.202,1.377,1.018,1.035,1.052,1.085,0.999,0.9991,2.353,2.728,1.979,2.3,,,7.058,33.99,44.11,0.04808,0.06103,0.0722,6.848,2.104,1.733,75.96,79.91,82.41,30.47
04019,1.273,1.459,1.507,1.859,2.089,2.997,1.372,1.658,0.6284,0.4201,,,1.018,1.048,1.063,1.097,0.9929,1.093,1.038,1.183,0.9725,0.9847,1.058,1.086,1.002,1.002,1.256,1.34,1.384,1.514,1.008,1.018,88.98,128.5,140.8,0.1003,0.1152,0.1261,0.0169,0.004177,0.003424,97.56,103.2,106,131.6
04021,1.219,1.364,1.38,1.634,1.755,2.306,1.367,1.634,0.6772,0.5054,,,1.005,1.033,1.001,1.038,1,1.065,1.073,1.188,0.9735,0.9801,1.052,1.08,1,1.001,1.206,1.269,1.356,1.473,1.054,1.084,104.6,140.2,150.4,0.09248,0.1158,0.1258,0.01304,0.001472,0.001416,90.4,95.09,97.65,142.6
04023,1.897,2.693,2.704,4.656,,,3.797,7.708,0.7541,0.5733,,,1.042,1.064,1.062,1.113,1.066,1.108,1.151,1.229,0.9821,0.9769,1.06,1.074,1.003,1.005,1.802,2.074,1.659,1.899,1.027,1.06,21.65,57.84,72.87,0.1859,0.2179,0.2405,0.0465,0.01302,0.0142,81.42,86.33,87.46,60.09
04025,1.596,2.016,1.997,2.823,2.867,4.701,2.192,3.308,0.8036,0.6483,,,1.016,1.072,1.009,1.121,1.066,1.147,1.103,1.295,0.9915,1.005,1.062,1.085,0.9993,1,1.63,1.792,1.686,1.896,1.007,1.064,32.3,70.38,81.71,0.2717,0.2889,0.3122,0.5799,0.1155,0.08741,76.22,80.98,82.68,67
04027,1.155,1.258,1.244,1.391,1.529,1.851,1.223,1.4,0.5996,0.4332,,,0.9834,1.05,1.005,1.085,0.9708,1.118,1.067,1.385,0.9619,0.9998,1.068,1.056,1.001,1,1.165,1.223,1.322,1.427,,,130.7,160.7,170.3,0.0419,0.04355,0.04124,0,0,0.00002753,151.2,161.5,159.7,163.5
05001,1.993,2.85,3.731,7.486,,,1.412,1.725,0.7062,0.5598,,,1.091,1.17,1.109,1.191,1.217,1.446,1.372,1.718,1.027,1.062,1.038,1.052,0.9986,0.9961,1.736,1.876,1.419,1.532,1.062,1.063,16.45,56,65.94,2.807,3.314,3.401,3.626,1.291,0.9079,29.12,30.24,30.65,60.45
05003,1.892,2.576,3.466,6.384,,,1.582,1.984,0.7193,0.5739,,,1.024,1.095,0.9513,1.048,1.112,1.311,1.252,1.462,1.021,1.049,1.012,1.029,0.9977,0.9972,1.691,1.835,1.455,1.579,1.036,1.036,19.9,66.39,78.09,3.08,3.568,3.646,1.994,0.5518,0.3601,28.97,29.32,29.82,69.03
05005,1.986,2.927,2.513,4.47,,,2.178,3.329,0.7859,0.6441,,,1.076,1.127,1.072,1.131,1.207,1.42,1.263,1.389,1.01,1.063,1.03,1.052,0.999,1,2.068,2.325,1.58,1.763,1.093,1.08,12.48,42.85,53.35,2.163,2.652,2.639,8.623,3.131,2.509,27.22,28.04,28.64,42.01
05007,2.031,2.999,2.536,4.478,,,2.086,3.039,0.7911,0.6498,,,1.063,1.134,1.076,1.161,1.176,1.361,1.25,1.48,1,1.048,1.023,1.026,0.998,0.9988,2.305,2.589,1.647,1.827,1.04,1.047,11.2,43.74,54.01,2.021,2.394,2.619,9.237,4.149,3.433,28.6,29.25,29.34,37.08
05009,2.014,3.04,2.608,4.733,,,2.254,3.554,0.7903,0.6563,,,1.076,1.141,1.075,1.151,1.189,1.379,1.249,1.4,0.999,1.049,1.017,1.022,0.9976,1.001,2.155,2.448,1.588,1.776,1.072,1.052,10.73,37.15,46.78,1.748,2.112,2.168,9.545,3.826,3.277,27.55,28.02,28.16,36.84
05011,1.854,2.499,3.184,5.736,,,1.638,2.075,0.712,0.5596,,,1.027,1.115,0.9964,1.102,1.087,1.324,1.201,1.442,1.018,1.048,1.033,1.042,0.9996,0.9984,1.697,1.829,1.485,1.613,1.041,1.038,20.31,67.22,78.24,2.911,3.571,3.603,2.122,0.6297,0.4122,28.46,29.41,29.65,66.6
05013,1.788,2.387,3.091,5.453,,,1.638,2.085,0.716,0.5621,,,1.03,1.125,1.019,1.133,1.081,1.349,1.154,1.437,1.018,1.049,1.035,1.037,0.9998,0.9983,1.697,1.828,1.488,1.613,1.052,1.052,21.44,67.41,77.65,2.918,3.567,3.595,2.124,0.6299,0.4158,28.14,29.13,29.18,66.52
05015,2.114,3.258,2.664,4.926,,,1.997,2.956,0.7641,0.6204,,,1.064,1.132,1.076,1.157,1.178,1.382,1.208,1.406,1.002,1.058,1.024,1.034,0.9977,0.9996,2.396,2.742,1.631,1.82,1.074,1.067,9.038,36.23,46.14,2.019,2.382,2.437,9.911,4.016,3.422,28.51,29.18,29.49,32.77
05017,1.839,2.47,3.578,6.639,,,1.404,1.688,0.6888,0.536,,,1.04,1.117,0.9741,1.082,1.14,1.317,1.284,1.498,1.024,1.051,1.021,1.029,0.9968,0.9958,1.631,1.76,1.427,1.542,1.061,1.052,22.02,69.95,81.05,3.079,3.632,3.708,2.286,0.6613,0.4232,29.16,29.76,29.99,73.79
05019,1.765,2.383,2.722,4.635,,,1.675,2.172,0.7303,0.5913,,,1.068,1.147,1.085,1.181,1.129,1.343,1.228,1.435,1.02,1.053,1.044,1.035,1.001,0.9989,1.753,1.906,1.503,1.633,1.057,1.074,21.04,64.03,74.15,3.089,3.706,3.793,2.126,0.5732,0.4227,28.34,29.58,29.34,62.51
05021,1.989,2.865,3.054,6.066,,,1.629,2.131,0.7476,0.6043,,,1.081,1.16,1.059,1.17,1.279,1.424,1.288,1.424,1.041,1.072,1.027,1.045,0.9967,0.9963,1.829,1.991,1.484,1.629,1.063,1.073,14.9,54.17,64.73,2.256,2.908,2.916,8.231,2.908,2.442,27.41,28.15,28.66,53.57
05023,1.91,2.804,2.533,4.524,,,1.967,2.851,0.7774,0.6376,,,1.087,1.136,1.085,1.143,1.236,1.443,1.34,1.487,1.027,1.074,1.035,1.038,0.9983,0.9977,1.973,2.189,1.525,1.682,1.071,1.072,13.87,44.71,54.61,2.911,3.454,3.625,6.567,2.255,1.682,27.27,28.23,28.32,45.05
05025,1.809,2.445,2.934,5.174,,,1.586,1.998,0.696,0.5417,,,1.061,1.133,1.056,1.146,1.127,1.378,1.278,1.552,1.023,1.055,1.037,1.04,0.9983,0.9954,1.754,1.886,1.498,1.617,1.066,1.073,20.58,66.55,75.8,2.505,3.039,3.064,2.531,0.6755,0.434,27.58,28.6,28.69,63.64
05027,1.761,2.369,2.72,4.639,,,1.604,2.048,0.6952,0.546,,,0.995,1.129,0.9799,1.153,1.053,1.28,1.138,1.332,1.012,1.04,1.042,1.065,1.002,1.002,1.685,1.832,1.46,1.589,1.052,1.06,22.4,64.5,75.86,2.719,3.273,3.314,1.482,0.4018,0.2339,29.83,31.09,31.78,67.36
05029,1.744,2.341,2.384,3.934,,,1.712,2.259,0.7525,0.6076,,,1.084,1.136,1.089,1.152,1.234,1.432,1.324,1.423,1.014,1.053,1.034,1.041,0.9975,0.9984,1.793,1.945,1.53,1.676,1.062,1.048,21.56,64.33,74.58,2.576,3.133,3.264,3.897,1.124,0.7962,27.45,28.37,28.56,59.26
05031,1.934,2.746,3.42,6.642,,,1.487,1.864,0.7055,0.5481,,,1.076,1.131,1.064,1.143,1.213,1.384,1.237,1.402,1.029,1.063,1.029,1.04,0.9982,0.9967,1.836,1.99,1.485,1.62,1.074,1.106,16.15,57.46,67.78,2.28,2.927,2.986,6.74,2.195,1.701,26.57,27.34,27.62,55.86
05033,1.802,2.568,2.361,4.028,,,1.998,2.915,0.7778,0.6391,,,1.05,1.139,1.003,1.142,1.185,1.381,1.254,1.426,0.9928,1.051,1.05,1.051,0.9983,0.9999,1.902,2.109,1.559,1.727,1.051,1.042,17.81,51.46,62.26,2.809,3.206,3.355,5.54,1.879,1.444,28.8,30.22,30.26,50.28
05035,2.083,3.025,4.349,9.217,,,1.402,1.705,0.6945,0.5491,,,1.089,1.144,1.108,1.159,1.239,1.397,1.311,1.521,1.032,1.07,1.021,1.018,0.9952,0.9916,1.874,2.033,1.458,1.583,1.052,1.091,13.11,54.79,65.41,2.108,2.516,2.716,5.237,1.681,1.247,26.92,27.49,27.4,54.69
05037,2.043,2.9,3.759,7.647,,,1.48,1.845,0.7059,0.5561,,,1.082,1.139,1.074,1.153,1.226,1.396,1.274,1.468,1.029,1.066,1.026,1.048,0.9974,0.9949,1.842,1.986,1.487,1.616,1.038,1.072,14.25,58.37,68.92,2.658,2.951,3.238,5.531,1.754,1.284,28.49,29.23,29.86,56.64
05039,1.804,2.443,2.823,4.908,,,1.732,2.267,0.721,0.5758,,,1.062,1.14,1.063,1.159,1.142,1.388,1.228,1.436,1.024,1.062,1.036,1.029,0.9994,0.9971,1.785,1.931,1.511,1.636,1.062,1.072,19.25,62.9,71.96,2.832,3.466,3.454,2.419,0.6187,0.3993,28.69,29.71,29.52,60.42
05041,1.967,2.75,4.159,8.391,,,1.431,1.744,0.6944,0.5448,,,1.077,1.152,1.082,1.161,1.2,1.421,1.332,1.626,1.029,1.06,1.031,1.038,0.9984,0.9962,1.729,1.869,1.434,1.552,1.062,1.053,17.35,61.2,71.95,3.039,3.641,3.691,2.907,0.9425,0.6312,29.53,30.43,30.65,64.42
05043,1.911,2.627,3.368,6.376,,,1.538,1.921,0.6916,0.5406,,,1.052,1.116,1.005,1.088,1.121,1.351,1.278,1.547,1.022,1.053,1.03,1.044,0.9981,0.9967,1.691,1.831,1.464,1.594,1.049,1.042,19.59,65.87,77.47,2.642,3.283,3.36,2.246,0.6163,0.3712,28.2,29.04,29.44,67.8
05045,1.798,2.464,2.518,4.34,,,1.654,2.181,0.7466,0.6076,,,1.073,1.116,1.072,1.129,1.188,1.353,1.287,1.344,1.011,1.04,1.041,1.039,0.9981,0.998,1.793,1.953,1.509,1.65,1.044,1.053,19.84,59.78,69.71,2.454,2.927,2.986,4.128,1.229,0.8575,27.16,28.26,28.22,57.68
05047,1.744,2.429,2.275,3.757,,,1.866,2.628,0.7625,0.6158,,,1.064,1.157,1.036,1.168,1.214,1.412,1.309,1.49,1.003,1.051,1.037,1.039,0.9982,0.9988,1.861,2.045,1.544,1.701,1.048,1.032,19.14,54.04,63.93,2.8,3.25,3.443,5.232,1.627,1.252,28.85,29.91,29.97,51.93
05049,1.939,2.884,2.557,4.671,,,2.478,4.018,0.8063,0.6741,,,1.08,1.141,1.089,1.16,1.22,1.452,1.234,1.411,1.02,1.071,1.025,1.046,0.9977,0.999,2.043,2.297,1.579,1.771,1.096,1.095,12.62,42.39,52.92,2.07,2.575,2.648,8.444,3.091,2.525,27.37,28.07,28.64,42.05
05051,1.733,2.354,2.385,4.009,,,1.945,2.743,0.7578,0.6177,,,1.078,1.134,1.093,1.142,1.175,1.373,1.288,1.405,1.017,1.054,1.033,1.03,0.9979,0.9972,1.739,1.885,1.507,1.643,1.059,1.052,21.16,58,67.06,3.569,4.203,4.257,3.735,1.091,0.7768,27.57,28.49,28.4,57.4
05053,1.797,2.434,2.786,4.94,,,1.658,2.156,0.7035,0.5554,,,1.082,1.136,1.074,1.129,1.155,1.366,1.265,1.426,1.023,1.06,1.035,1.036,0.9978,0.9967,1.753,1.894,1.507,1.634,1.05,1.06,20.63,65.11,74.31,2.886,3.423,3.417,2.886,0.6611,0.4266,27.97,28.94,28.98,63.04
05055,2.025,2.949,3.446,6.945,,,1.561,2.005,0.7211,0.5677,,,1.079,1.15,1.066,1.18,1.237,1.397,1.266,1.401,1.03,1.057,1.017,1.041,0.9981,0.9983,1.87,2.044,1.484,1.626,1.064,1.087,13.82,52.55,62.96,2.036,2.484,2.532,7.454,2.481,1.994,26.76,27.22,27.86,52.22
05057,1.775,2.406,2.752,4.7,,,1.61,2.047,0.71,0.5551,,,1.039,1.115,1.046,1.131,1.093,1.255,1.222,1.393,1.013,1.036,1.042,1.04,1.001,1.001,1.74,1.89,1.486,1.62,1.047,1.063,21.65,64.24,75.74,2.968,3.518,3.649,1.893,0.5233,0.348,28.49,29.68,29.62,63.41
05059,1.744,2.356,2.528,4.285,,,1.809,2.433,0.741,0.6088,,,1.076,1.134,1.089,1.146,1.153,1.347,1.223,1.366,1.016,1.049,1.043,1.03,0.9993,0.9982,1.773,1.917,1.51,1.636,1.048,1.062,20.68,62.1,70.74,3.066,3.674,3.746,2.743,0.6978,0.5152,27.42,28.59,28.25,60.31
05061,1.822,2.546,2.753,4.738,,,1.82,2.449,0.7447,0.5936,,,1.068,1.11,1.079,1.139,1.111,1.271,1.261,1.448,1.007,1.034,1.037,1.032,1,1,1.86,2.027,1.51,1.648,1.03,1.038,18.2,55.88,66.53,3.629,4.229,4.32,2.367,0.6925,0.4881,28.25,29.28,29.15,54.4
05063,1.843,2.586,2.469,4.325,,,1.794,2.473,0.7577,0.617,,,1.088,1.131,1.086,1.149,1.223,1.406,1.278,1.446,1.027,1.064,1.022,1.045,0.9972,0.997,1.843,2.001,1.524,1.676,1.081,1.093,17.15,55.09,65.17,2.373,2.944,3.07,5.826,1.965,1.506,27.24,27.82,28.46,53.43
05065,1.829,2.632,2.343,4.102,,,2.366,3.775,0.7941,0.663,,,1.085,1.136,1.09,1.16,1.234,1.448,1.276,1.446,1.021,1.069,1.017,1.039,0.9984,0.9996,1.879,2.089,1.543,1.723,1.082,1.079,15.93,47.34,57.86,2.313,2.774,2.882,6.751,2.293,1.802,27.98,28.45,29.06,48.64
05067,1.883,2.642,2.823,5.12,,,1.525,1.945,0.7153,0.5573,,,1.09,1.13,1.09,1.149,1.218,1.374,1.294,1.453,1.028,1.06,1.03,1.042,0.9978,0.9964,1.802,1.943,1.475,1.608,1.062,1.084,17.72,57.41,67.29,2.736,3.268,3.376,5.616,1.99,1.555,27.56,28.4,28.71,56.53
05069,1.897,2.625,3.052,5.606,,,1.43,1.745,0.6648,0.5088,,,1.078,1.142,1.078,1.149,1.158,1.386,1.328,1.569,1.023,1.051,1.032,1.047,0.9978,0.9959,1.77,1.906,1.468,1.583,1.039,1.061,18.28,62.86,72.23,2.418,2.877,2.939,3.196,0.8199,0.5387,27.58,28.46,28.88,61.87
05071,1.874,2.693,2.442,4.202,,,1.874,2.637,0.7798,0.6331,,,1.073,1.15,1.065,1.177,1.197,1.389,1.338,1.446,1.001,1.049,1.03,1.038,0.9987,1,2.055,2.284,1.58,1.75,1.058,1.043,13.95,47.13,56.72,2.725,3.274,3.387,6.488,2.355,1.848,27.39,28.2,28.44,42.35
05073,1.734,2.3,2.591,4.346,,,1.564,1.947,0.6839,0.5258,,,0.9992,1.117,0.9936,1.138,1.058,1.253,1.193,1.334,1.008,1.035,1.031,1.058,1.002,1.003,1.676,1.81,1.488,1.622,1.053,1.06,24.6,71.63,83.62,2.692,3.208,3.291,1.43,0.3798,0.2128,30.08,31.01,31.84,70.44
05075,1.833,2.576,2.654,4.841,,,1.701,2.283,0.7442,0.5993,,,1.075,1.145,1.054,1.16,1.232,1.418,1.266,1.42,1.024,1.067,1.015,1.039,0.9966,0.9966,1.761,1.924,1.476,1.625,1.066,1.075,18.39,55.87,66.15,2.3,2.811,2.912,6.302,2.12,1.727,26.8,27.2,27.85,56.28
05077,2.082,2.976,4.236,8.842,,,1.498,1.869,0.7114,0.5615,,,1.1,1.166,1.132,1.188,1.261,1.432,1.34,1.623,1.037,1.063,1.017,1.044,0.9962,0.9937,1.79,1.933,1.462,1.586,1.058,1.068,15.05,57.44,67.81,2.671,3.176,3.21,4.81,1.759,1.29,28.41,28.88,29.67,58.38
05079,1.905,2.631,3.278,6.174,,,1.468,1.803,0.6792,0.5264,,,1.072,1.134,1.07,1.133,1.151,1.41,1.298,1.609,1.02,1.054,1.027,1.043,0.9973,0.9953,1.784,1.925,1.483,1.604,1.062,1.063,18.56,65.71,75.94,2.631,3.089,3.151,2.657,0.7401,0.5144,28.5,29.26,29.71,64.21
05081,1.705,2.261,2.422,4.018,,,1.495,1.84,0.6872,0.5269,,,1.048,1.085,1.062,1.1,1.11,1.218,1.2,1.294,0.9955,1.025,1.066,1.056,1.002,1.002,1.691,1.828,1.472,1.602,1.042,1.063,25.05,69.77,81.23,2.801,3.277,3.409,1.421,0.3752,0.2518,30.11,32.1,31.78,68.36
05083,1.684,2.263,2.188,3.525,3.07,6.169,1.769,2.404,0.7502,0.5995,,,1.072,1.147,1.043,1.168,1.182,1.371,1.267,1.394,1.007,1.048,1.031,1.029,0.9989,0.9991,1.755,1.906,1.53,1.678,1.065,1.047,23.14,62.59,72.1,2.781,3.274,3.433,4.908,1.465,1.109,28.41,29.28,29.23,59.2
05085,1.997,2.855,3.173,6.034,,,1.484,1.87,0.6858,0.5356,,,1.091,1.142,1.099,1.145,1.187,1.362,1.348,1.435,1.021,1.055,1.013,1.029,0.9984,0.997,1.848,2.019,1.476,1.604,1.03,1.058,15.46,54.19,63.97,2.665,3.075,3.217,4.028,1.108,0.8011,28.87,29.25,29.69,55.7
05087,2.201,3.57,2.951,5.872,,,2.143,3.336,0.7889,0.653,,,1.071,1.146,1.07,1.157,1.189,1.394,1.214,1.411,1,1.054,1.029,1.037,0.9981,1,2.655,3.102,1.661,1.863,1.055,1.055,6.341,28.78,37.3,2.438,2.86,3.005,10.09,4.353,3.677,28.57,29.39,29.61,25.32
05089,1.912,2.756,2.446,4.287,,,2.376,3.748,0.7984,0.6667,,,1.078,1.139,1.075,1.137,1.199,1.403,1.229,1.373,1.004,1.059,1.021,1.036,0.9987,1,1.993,2.226,1.588,1.77,1.088,1.08,13.93,46.28,56.8,1.957,2.335,2.367,7.799,2.886,2.381,27.24,27.81,28.22,44.78
05091,1.738,2.296,2.525,4.198,,,1.418,1.7,0.6473,0.4803,,,1.015,1.102,1.012,1.11,1.1,1.249,1.217,1.354,1.003,1.028,1.04,1.046,1.001,1.003,1.703,1.843,1.489,1.621,1.061,1.085,24.61,73.15,85.26,2.052,2.57,2.638,1.398,0.3493,0.2067,28.77,29.92,30.09,70.13
05093,1.941,2.786,3.524,7.074,,,1.458,1.808,0.7098,0.5587,,,1.083,1.139,1.084,1.125,1.257,1.428,1.298,1.493,1.038,1.073,1.017,1.041,0.9967,0.9949,1.879,2.03,1.477,1.605,1.064,1.089,15.12,56.4,66.46,2.331,2.904,3.007,7.324,2.519,1.89,27.2,27.66,28.33,54.33
05095,1.962,2.775,3.459,6.726,,,1.462,1.82,0.7148,0.5642,,,1.094,1.17,1.113,1.179,1.218,1.424,1.321,1.618,1.027,1.064,1.041,1.027,0.9976,0.9947,1.769,1.906,1.446,1.564,1.063,1.081,16.69,56.53,65.89,2.499,2.967,3.069,4.765,1.718,1.243,28.69,29.87,29.46,58.43
05097,1.896,2.704,2.898,5.143,,,2.318,3.507,0.7996,0.6663,,,1.086,1.146,1.075,1.168,1.177,1.373,1.34,1.482,1.012,1.051,1.036,1.035,0.9988,0.9982,1.95,2.138,1.566,1.723,1.042,1.038,15.1,49.43,59.03,4.012,4.701,4.753,4.375,1.458,1.069,28.08,29.08,29.07,46.61
05099,1.757,2.368,2.692,4.59,,,1.612,2.061,0.7,0.5496,,,1.023,1.131,1.023,1.167,1.07,1.287,1.19,1.383,1.014,1.044,1.049,1.043,1.001,1,1.705,1.855,1.482,1.616,1.044,1.053,22.55,65.35,76.67,2.947,3.514,3.646,1.95,0.5278,0.3545,28.71,30.11,29.95,65.67
05101,2.301,3.758,3.122,6.224,,,2.188,3.441,0.7977,0.6593,,,1.08,1.164,1.078,1.184,1.21,1.407,1.315,1.445,1.009,1.062,1.029,1.034,0.9988,1,2.677,3.133,1.661,1.87,1.07,1.059,5.775,27.63,36.02,2.492,3.032,3.163,9.976,4.384,3.626,27.63,28.44,28.58,24.23
05103,1.766,2.357,2.809,4.799,,,1.608,2.043,0.7091,0.5606,,,1.025,1.134,1.021,1.162,1.071,1.325,1.148,1.381,1.016,1.05,1.046,1.039,1.001,0.9991,1.682,1.819,1.477,1.607,1.055,1.066,22.16,67.01,77.7,2.726,3.295,3.352,1.992,0.5525,0.3545,28.02,29.3,29.11,67.1
05105,1.785,2.449,2.489,4.21,,,1.813,2.473,0.764,0.6201,,,1.086,1.139,1.085,1.14,1.206,1.382,1.302,1.391,1.012,1.049,1.032,1.044,0.9991,0.9988,1.841,2.007,1.538,1.686,1.053,1.05,19.33,58.39,68.34,2.826,3.42,3.527,4.156,1.348,0.9727,27.33,28.21,28.52,54.78
05107,1.981,2.828,3.939,8.058,,,1.431,1.756,0.7166,0.5714,,,1.102,1.175,1.136,1.22,1.244,1.45,1.39,1.744,1.036,1.064,1.019,1.037,0.9971,0.9941,1.702,1.832,1.414,1.526,1.065,1.069,17.05,56.27,66.37,2.757,3.283,3.328,4.186,1.586,1.157,29.36,29.91,30.44,62.04
05109,1.887,2.672,3.055,5.433,,,2.004,2.821,0.7666,0.6234,,,1.078,1.128,1.092,1.168,1.127,1.31,1.3,1.424,1.014,1.044,1.033,1.034,0.9995,0.9987,1.874,2.057,1.514,1.657,1.038,1.048,16.63,52.57,62.99,4.071,4.768,4.851,2.836,0.8823,0.625,28.74,29.68,29.72,51.6
05111,1.972,2.795,3.536,6.95,,,1.48,1.846,0.7049,0.5509,,,1.078,1.128,1.08,1.14,1.21,1.368,1.281,1.46,1.029,1.064,1.028,1.041,0.9979,0.9955,1.866,2.017,1.493,1.625,1.054,1.097,15.2,58.36,68.66,2.292,2.832,2.968,6.011,1.955,1.464,26.56,27.31,27.64,55.6
05113,1.934,2.863,2.972,5.427,,,2.237,3.353,0.769,0.625,,,1.084,1.123,1.062,1.134,1.178,1.323,1.316,1.445,1.005,1.04,1.051,1.043,1.002,1.002,2.107,2.335,1.577,1.731,1.037,1.025,11.96,41.65,50.45,4.502,5.236,5.276,4.49,1.415,1.089,27.15,28.52,28.32,40.32
05115,1.884,2.686,2.537,4.435,,,1.832,2.542,0.7746,0.6279,,,1.082,1.154,1.088,1.188,1.238,1.431,1.376,1.45,1.009,1.052,1.03,1.041,0.9976,1,2.018,2.236,1.563,1.728,1.064,1.049,14.44,49.81,59.78,2.893,3.446,3.591,5.631,2.002,1.547,27.22,28.03,28.33,45.38
05117,1.907,2.652,3.046,5.619,,,1.439,1.781,0.6922,0.538,,,1.091,1.152,1.087,1.141,1.222,1.441,1.322,1.534,1.029,1.067,1.032,1.03,0.998,0.9965,1.754,1.891,1.454,1.573,1.054,1.081,18.13,58.75,68.02,2.413,2.922,3.137,4.485,1.482,1.02,28.32,29.22,29.16,59.67
05119,1.857,2.582,2.735,4.899,,,1.464,1.833,0.6732,0.5175,,,1.078,1.123,1.081,1.122,1.158,1.297,1.265,1.303,1.012,1.041,1.024,1.033,0.9983,0.9977,1.799,1.96,1.491,1.622,1.037,1.051,18.37,59.82,69.55,2.948,3.215,3.357,3.943,0.9852,0.6544,28.19,28.87,29.12,59.25
05121,2.019,2.962,2.98,5.853,,,1.87,2.622,0.7771,0.6457,,,1.07,1.16,1.059,1.186,1.241,1.441,1.231,1.423,1.025,1.061,1.01,1.044,0.997,0.9983,1.916,2.124,1.522,1.691,1.06,1.08,13.55,49.16,60.19,2.082,2.613,2.64,7.453,2.724,2.359,26.48,26.74,27.65,48.53
05123,2.091,2.991,4.258,8.955,,,1.48,1.84,0.7053,0.5573,,,1.093,1.143,1.111,1.151,1.245,1.401,1.309,1.519,1.034,1.063,1.025,1.041,0.9961,0.9937,1.813,1.954,1.469,1.594,1.051,1.077,14.09,56.96,67.42,2.585,3.008,3.158,5.184,1.748,1.3,28.59,29.29,29.76,57.14
05125,1.819,2.518,2.688,4.778,,,1.728,2.31,0.7267,0.5848,,,1.076,1.132,1.087,1.132,1.156,1.349,1.264,1.349,1.016,1.05,1.04,1.029,0.9982,0.9978,1.827,1.991,1.514,1.65,1.054,1.062,18.25,57.73,67.2,3.289,3.801,3.939,3.408,0.9273,0.6466,27.48,28.58,28.26,56.31
05127,1.698,2.318,2.196,3.591,,,2.089,3.048,0.771,0.6309,,,1.087,1.155,1.054,1.176,1.207,1.378,1.29,1.4,1.005,1.044,1.039,1.045,1,1,1.799,1.962,1.541,1.691,1.053,1.031,20.53,57.31,66.47,3.263,3.819,3.894,4.576,1.415,1.1,28.22,29.31,29.5,55.32
05129,2.019,3.044,2.567,4.627,,,2.653,4.328,0.8042,0.6762,0.609,0.5176,1.076,1.137,1.072,1.144,1.241,1.444,1.308,1.438,1.012,1.066,1.029,1.03,0.9978,0.9995,2.245,2.528,1.64,1.833,1.081,1.077,10.43,39.38,49.07,2.328,2.886,3.003,7.592,2.872,2.322,27.66,28.46,28.49,36.33
05131,1.678,2.254,2.163,3.504,3.417,6.929,1.657,2.188,0.7452,0.5938,,,1.059,1.139,1.024,1.158,1.152,1.315,1.275,1.456,0.991,1.032,1.058,1.054,1,1,1.725,1.877,1.531,1.682,1.051,1.037,24.91,66.94,77.74,2.156,2.498,2.648,4.657,1.392,1.054,28.93,30.61,30.5,63.56
05133,1.697,2.287,2.37,3.936,,,1.682,2.189,0.7332,0.5795,,,1.064,1.092,1.076,1.108,1.108,1.239,1.238,1.422,1.002,1.03,1.063,1.059,1.002,1.001,1.708,1.846,1.475,1.607,1.032,1.051,23.71,64.29,75.17,3.465,4.013,4.14,1.691,0.4799,0.3412,29.33,31.18,31.07,64.16
05135,1.778,2.53,2.341,4.167,,,2.214,3.44,0.7945,0.6634,,,1.062,1.132,1.047,1.146,1.226,1.451,1.222,1.431,1.024,1.071,1.014,1.044,0.9967,0.9978,1.799,1.989,1.507,1.679,1.083,1.089,17.64,50.35,60.72,2.097,2.548,2.603,6.446,2.261,1.808,26.78,27.16,27.97,52.19
05137,1.961,2.896,2.532,4.535,,,2.322,3.586,0.7972,0.6651,,,1.094,1.14,1.1,1.158,1.247,1.442,1.37,1.519,1.022,1.072,1.019,1.047,0.9983,0.9987,2.119,2.366,1.606,1.788,1.079,1.076,11.93,43.31,53.27,2.604,3.134,3.285,7.699,2.887,2.321,27.49,28,28.79,40.25
05139,1.832,2.458,3.183,5.672,,,1.549,1.927,0.6986,0.5444,,,1.011,1.096,0.9847,1.082,1.082,1.296,1.144,1.332,1.017,1.04,1.039,1.057,1.002,1.002,1.702,1.848,1.475,1.606,1.035,1.045,20.79,67.88,79.8,2.79,3.325,3.38,1.613,0.432,0.2721,27.67,28.76,29.25,68.5
05141,2.032,3.026,2.759,5.083,,,2.234,3.345,0.7903,0.6566,,,1.091,1.153,1.109,1.184,1.222,1.457,1.367,1.495,1.018,1.072,1.024,1.024,0.9971,0.9978,2.174,2.428,1.602,1.776,1.075,1.064,10.87,42.61,52.43,3.021,3.584,3.706,6.782,2.498,1.949,28.02,28.68,28.68,38.89
05143,2.092,3.232,3.012,5.709,,,2.165,3.279,0.8033,0.6715,,,1.057,1.134,1.032,1.145,1.183,1.339,1.252,1.41,0.996,1.038,1.036,1.035,0.9983,1.001,2.398,2.749,1.628,1.812,1.048,1.048,8.823,34.42,43.39,2.301,2.659,2.865,9.068,4.082,3.42,27.38,28.36,28.34,31.18
05145,1.819,2.504,2.544,4.462,,,1.61,2.105,0.7433,0.6023,,,1.092,1.132,1.077,1.139,1.231,1.408,1.35,1.451,1.03,1.064,1.031,1.036,0.9981,0.9973,1.775,1.923,1.491,1.624,1.056,1.072,19.03,59.62,69.35,2.598,3.131,3.316,4.755,1.499,1.105,27.97,28.84,28.97,58.63
05147,1.916,2.643,3.105,5.79,,,1.477,1.846,0.6995,0.544,,,1.097,1.137,1.082,1.136,1.259,1.434,1.346,1.569,1.035,1.067,1.031,1.031,0.9974,0.996,1.768,1.899,1.484,1.611,1.045,1.069,17.87,61.54,71.11,2.721,3.202,3.446,4.947,1.622,1.185,29.46,30.36,30.38,59.71
05149,1.744,2.359,2.349,3.856,,,1.825,2.494,0.7659,0.616,,,1.084,1.149,1.063,1.165,1.214,1.398,1.325,1.437,1.012,1.054,1.03,1.036,0.9981,0.9985,1.815,1.971,1.552,1.701,1.065,1.051,20.58,61.63,71.29,2.943,3.528,3.726,4.429,1.367,0.9637,28.14,28.99,29.15,56.7
06001,1.751,2.433,2.061,3.227,,,,,0.6371,0.4773,,,1.034,1.055,1.034,1.07,1.066,1.21,1.067,1.089,0.9971,1.006,1.045,1.045,1.003,1.002,1.88,2.185,2.1,2.545,1.047,1.05,6.477,15.22,18.74,0.3458,0.3495,0.3882,0.004713,0.003794,0.001342,137.6,143.7,143.8,17.22
06003,,,,,,,,,0.8826,0.7899,0.7086,0.5397,1.029,1.087,1.027,1.094,1.034,1.25,1.081,1.157,1.006,1.037,1.027,1.001,1.002,1.004,,,,,1.024,1.042,0.07438,0.7756,1.576,3.456,3.7,3.724,33.48,16.12,13.24,63.89,65.59,63.93,0.9737
06005,1.584,2.032,1.978,2.915,2.848,5.108,3.005,6.155,0.7863,0.6456,,,1.022,1.064,1.012,1.065,1.013,1.219,1.024,1.127,0.9858,0.9977,1.057,1.035,1.004,1.006,1.591,1.77,1.717,1.999,1.01,1.01,23.08,47.3,55.05,2.128,2.193,2.25,5.312,2.241,1.744,110.5,116.9,114.4,46.22
06007,1.566,1.988,2.009,2.947,2.922,5.465,3.057,6.044,0.7262,0.5625,,,1.03,1.068,1.018,1.069,1.026,1.239,1.077,1.16,1.002,1.011,1.066,1.046,1.003,1.004,1.563,1.719,1.645,1.882,1.013,1.037,30.24,60.23,69.96,3.877,4.116,4.212,1.236,0.3794,0.2806,109.1,116.3,114.1,59.45
06009,1.613,2.08,2.067,3.086,3.152,5.788,3.343,7.044,0.7229,0.5535,,,1.023,1.064,1.025,1.063,1.038,1.234,1.048,1.176,0.9875,0.996,1.053,1.034,1.004,1.006,1.607,1.787,1.724,2.006,1.012,1.015,24.2,51.43,60.27,2.027,2.073,2.118,2.147,0.718,0.5013,116.5,122.7,120.4,50.32
06011,1.537,1.924,2.079,3.07,3.291,6.27,,,0.7347,0.5871,,,1.035,1.055,1.039,1.041,1.035,1.203,1.08,1.158,0.9914,1.007,1.054,1.057,1.002,1.002,1.496,1.624,1.611,1.84,1.05,1.084,34.93,68.06,78.62,0.7043,0.7707,0.7874,0.1062,0.03145,0.01755,126.2,133,133.4,69.98
06013,1.643,2.204,1.944,2.953,,,2.383,4.573,0.5834,0.4214,,,1.045,1.073,1.049,1.071,1.083,1.232,1.093,1.118,1.004,1.015,1.036,1.041,1.002,1.002,1.794,2.026,1.789,2.074,1.066,1.083,13.35,30.47,36.76,0.4855,0.4966,0.5394,0.001193,0.003282,0.0007086,138.9,143.8,144.5,33.41
06015,,,,,,,,,0.7597,0.6013,,,1.05,1.091,1.056,1.099,1.125,1.287,1.127,1.277,1.018,1.03,1.111,1.103,1.013,1.015,,,,,1.013,1.019,0.135,0.6164,0.9796,10.68,11.44,11.73,2.007,0.4788,0.319,62.66,69.62,69.12,0.6987
06017,1.751,2.386,2.295,3.65,,,2.473,4.591,0.8104,0.6797,,,1.021,1.074,1.006,1.068,1.014,1.224,1.039,1.118,0.9919,1.004,1.053,1.028,1.004,1.007,1.786,2.056,1.771,2.083,1.008,1.008,12.15,29.12,35.46,3.089,3.232,3.241,7.798,3.29,2.665,96.87,102,99.62,28.15
06019,1.399,1.647,1.74,2.296,2.677,4.375,2.553,4.308,0.8339,0.7293,,,1.043,1.084,1.067,1.122,1.096,1.29,1.161,1.284,0.99,1.015,1.035,1.031,1.003,1.004,1.37,1.475,1.53,1.725,1.005,1.033,36.71,61.41,67.91,1.391,1.458,1.521,16.15,9.172,7.739,136.6,141.3,140.8,61.75
06021,1.533,1.915,2.03,2.957,3.047,5.734,3.374,7.127,0.7771,0.6486,,,1.03,1.061,1.024,1.056,1.041,1.205,1.063,1.177,0.998,1.018,1.066,1.048,1.002,1.002,1.528,1.672,1.639,1.874,1.037,1.069,33.03,64.51,74.34,1.075,1.199,1.232,0.8942,0.2084,0.1408,116.3,124,121.9,63.44
06023,,,,,,,,,0.7458,0.5894,,,1.041,1.077,1.03,1.066,1.104,1.271,1.091,1.303,1.017,1.021,1.101,1.105,1.01,1.01,2.085,2.612,3.105,4.4,1.034,1.042,1.082,2.769,3.687,6.204,6.768,6.977,0.9709,0.267,0.1709,78.87,86.82,87.19,3.728
06025,1.146,1.245,1.213,1.345,1.451,1.727,1.242,1.434,0.6264,0.4946,,,1.011,1.044,1.037,1.095,1.049,1.122,1.203,1.256,0.9559,0.9926,1.051,1.04,1.002,1,1.157,1.214,1.289,1.388,,,133,159.8,169.3,0.03206,0.0431,0.04043,0.000008362,0,0,196.1,206,204,164.3
06027,1.328,1.541,1.485,1.829,1.724,2.303,1.585,2.067,0.8267,0.7059,,,1.059,1.136,1.105,1.201,1.127,1.306,1.206,1.431,0.9903,1.042,1.02,1.013,0.9998,0.9992,1.351,1.458,1.473,1.642,,,56.06,86.12,95.34,0.2001,0.2229,0.2332,5.075,2.406,1.998,141,143.9,142.8,84.76
06029,1.406,1.672,1.734,2.289,2.673,4.337,1.938,2.794,0.7334,0.575,,,1.075,1.101,1.142,1.153,1.163,1.268,1.27,1.372,0.9855,1.007,1.024,1.024,1.002,1.002,1.377,1.49,1.466,1.639,1.021,1.093,46.49,75.82,84.72,0.1408,0.1675,0.1764,0.3789,0.1026,0.07016,168.9,173.1,173,78.84
06031,1.359,1.569,1.716,2.244,2.788,4.643,2.501,4.133,0.6287,0.4558,,,1.058,1.087,1.109,1.125,1.111,1.263,1.22,1.303,0.9994,1.022,1.025,1.03,1.002,1.002,1.296,1.379,1.448,1.616,,,63.21,99.71,109,0.04315,0.05815,0.04977,0,0.005004,0.0002576,176.2,180.5,181.5,101.6
06033,1.812,2.576,2.476,4.348,,,,,0.798,0.6711,,,1.037,1.079,1.024,1.057,1.069,1.236,1.066,1.179,1.004,1.017,1.062,1.057,1.003,1.003,1.747,2.015,1.967,2.41,1.046,1.07,13.48,30.48,39.03,3.114,3.356,3.435,0.3204,0.08317,0.05807,113.2,120.2,119.6,36.54
06035,3.749,6.853,,,,,,,0.8634,0.751,0.6709,0.4917,1.042,1.125,1.028,1.136,1.051,1.307,1.148,1.328,1.007,1.053,1.069,1.033,0.9996,0.9987,3.18,4.125,3.283,4.488,1.077,1.115,1.769,10.6,16.63,0.3323,0.3797,0.382,18.32,7.81,6.282,81.43,87.03,84.14,10.44
06037,1.647,2.126,2.141,3.146,,,2.108,3.356,0.6374,0.4343,,,1.027,1.082,1.081,1.129,1.08,1.201,1.122,1.273,0.9655,1.01,1.024,1.019,1.003,1.002,1.66,1.844,1.679,1.907,0.9917,1.034,17.87,38.18,44.13,1.224,1.317,1.388,0.1519,0.03124,0.01843,164.7,168.7,167.8,40.08
06039,1.422,1.692,1.791,2.409,2.929,4.991,3.287,6.384,0.8189,0.7009,,,1.033,1.068,1.054,1.086,1.075,1.279,1.128,1.269,0.9919,1.006,1.04,1.029,1.004,1.005,1.394,1.519,1.574,1.794,1.013,1.028,35.18,60.48,67.59,1.649,1.721,1.773,11.77,6.532,5.434,129.7,134.9,133.4,60.4
06041,1.51,2.029,,,,,,,0.6846,0.533,,,1.04,1.075,1.046,1.067,1.099,1.235,1.118,1.181,1.009,1.018,1.057,1.061,1.003,1.002,1.975,2.363,2.247,2.806,1.056,1.08,3.648,8.928,10.93,2.188,2.466,2.536,0,0.0009575,0,126,133.2,133.7,11.8
06043,1.697,2.204,2.473,3.871,,,,,0.7998,0.6673,,,1.032,1.059,1.039,1.057,1.059,1.239,1.088,1.173,0.9871,1.004,1.044,1.022,1.004,1.005,1.655,1.858,1.771,2.086,1.001,1.009,18.33,43.28,51.95,2.296,2.35,2.415,10.71,5.839,4.794,119.1,124.3,121.7,42.63
06045,1.928,2.951,,,,,,,0.7755,0.6398,,,1.041,1.082,1.029,1.057,1.116,1.277,1.102,1.219,1.011,1.023,1.061,1.058,1.006,1.006,1.853,2.197,2.218,2.77,1.051,1.062,5.067,11.46,14.54,4.566,4.938,5.099,0.5236,0.1283,0.08288,101.1,107.3,107,15.27
06047,1.466,1.778,1.878,2.625,3.003,5.316,3.236,6.342,0.6688,0.5098,,,1.033,1.066,1.038,1.077,1.083,1.263,1.07,1.192,0.9993,1.017,1.039,1.037,1.003,1.002,1.46,1.582,1.606,1.821,,,40.67,79.22,89.59,0.04517,0.05953,0.06867,0.004566,0.006182,0.001951,155.1,161.2,160.9,78.61
06049,3.369,6.175,,,,,,,0.8525,0.7288,0.6336,0.4374,1.049,1.138,1.043,1.166,1.107,1.381,1.203,1.466,1.022,1.064,1.068,1.046,0.9988,0.9975,3.28,4.129,3.258,4.345,1.17,1.224,2.197,15.68,24.53,0.07976,0.1084,0.1242,14.11,6.109,4.911,74.16,79.24,77.56,13.18
06051,3.184,5.406,,,,,,,0.8902,0.8031,0.7049,0.5547,1.059,1.11,1.083,1.154,1.111,1.299,1.147,1.281,1.013,1.06,1.032,1.01,0.9999,0.9994,3.175,4.359,2.819,3.804,1.046,1.066,1.258,5.697,8.517,0.7113,0.7531,0.7635,28.21,14.06,11.47,83.75,86.41,84.58,5.344
06053,1.732,2.296,2.212,3.292,,,,,0.7012,0.5277,,,1.051,1.089,1.078,1.12,1.145,1.323,1.204,1.307,0.9889,1.011,1.034,1.027,1.003,1.003,1.647,1.848,1.957,2.346,1.038,1.074,10.96,22.39,26.31,0.9226,1.023,1.099,0.001831,0.0007987,0.001566,150.6,155.7,154.7,26.25
06055,1.748,2.397,2.244,3.601,,,,,0.6475,0.4917,,,1.048,1.073,1.037,1.061,1.066,1.235,1.075,1.161,1.003,1.019,1.041,1.05,1.002,1.002,1.865,2.142,2.01,2.391,1.055,1.082,13.47,33.08,40.79,2.071,2.296,2.357,0.001549,0.003596,0.0002184,125.1,130.2,131.3,35.35
06057,2.004,2.94,2.865,5.12,,,,,0.8209,0.6965,0.7355,0.581,1.023,1.075,0.9984,1.074,1.012,1.194,1.065,1.071,0.9959,1.009,1.059,1.032,1.004,1.006,2.002,2.376,1.863,2.226,1.008,1.018,7.842,22.4,29.12,4.785,5.01,5.088,9.913,4.318,3.409,93.93,99.47,96.96,22.83
06059,2.548,4.031,,,,,2.325,4.478,0.7254,0.5849,,,1.005,1.081,1.056,1.142,1.042,1.182,1.08,1.291,0.9583,1.005,1.023,1.014,1.003,1.002,2.504,3.079,1.919,2.265,0.995,1.063,3.102,9.837,12.76,0.5514,0.598,0.6491,0,0,0,170.7,174.6,173,11
06061,1.597,2.082,1.947,2.852,,,2.298,4.204,0.8216,0.6947,,,1.022,1.074,0.9984,1.072,1.006,1.19,1.057,1.104,0.9949,1.007,1.047,1.02,1.004,1.006,1.654,1.89,1.709,1.989,1.014,1.021,15.43,31.74,37.35,3.775,3.97,4.028,9.502,3.685,2.868,98.56,103.2,100.5,31.19
06063,4.062,8.185,,,,,,,0.8553,0.7396,0.6846,0.5155,1.028,1.092,1.011,1.096,1.012,1.228,1.079,1.144,0.9998,1.034,1.07,1.019,1.002,1.003,3.575,4.827,3.762,5.369,1.024,1.051,1.142,7.402,12.7,3.976,4.26,4.343,15.05,5.654,4.389,84.33,90.21,85.95,7.963
06065,1.229,1.377,1.336,1.561,1.588,2.008,1.296,1.549,0.7273,0.5757,,,0.9743,1.056,1.002,1.111,0.988,1.152,1.049,1.263,0.9324,1.007,1.038,1.038,1.002,1.001,1.248,1.324,1.364,1.484,0.9878,1.067,85.75,117,125.8,0.2565,0.2636,0.2967,0.05082,0.01102,0.007716,160.9,167,166.9,120
06067,1.53,1.919,1.878,2.717,2.647,4.686,3.045,6.635,0.5636,0.3933,,,1.027,1.062,1.021,1.062,1.011,1.185,1.034,1.088,0.9868,0.9975,1.032,1.032,1.002,1.002,1.533,1.675,1.609,1.827,1.055,1.037,34.58,66.95,76.9,0.2223,0.2682,0.2855,0.002267,0.006658,0.001578,134.4,138.7,138.6,69.19
06069,1.898,2.652,2.56,4.133,,,,,0.7324,0.5726,,,1.043,1.082,1.063,1.107,1.107,1.323,1.117,1.259,0.9851,1.015,1.036,1.038,1.003,1.003,1.79,2.088,1.993,2.444,1.047,1.093,10.54,24.09,30.52,0.3522,0.396,0.434,0.01404,0.006983,0.005898,150.4,155.9,156.2,29.32
06071,1.253,1.406,1.413,1.682,1.757,2.33,1.373,1.661,0.7297,0.5725,,,0.992,1.079,1.033,1.14,1.041,1.238,1.096,1.335,0.9527,1.008,1.031,1.04,1.001,1,1.256,1.33,1.388,1.517,,,80.54,113.5,121.9,0.1797,0.1854,0.2011,0.2719,0.08094,0.05386,147.1,151.7,153,113.3
06073,1.506,1.887,1.66,2.227,1.956,2.825,1.748,2.665,0.6454,0.4559,,,0.9983,1.051,1.047,1.095,1.002,1.101,1.08,1.227,0.9371,0.9806,1.036,1.021,1.003,1.003,1.592,1.755,1.634,1.839,0.9694,1.039,25.45,47.02,53.78,0.5025,0.5089,0.5824,0.01823,0.003446,0.001555,140.8,145.8,143.8,49.65
06075,,,,,,,,,,,,,1.015,1.022,1.017,1.032,1.056,1.148,1.087,1.154,1.003,0.9993,1.054,1.055,1.003,1.002,,,2.574,3.549,1.069,1.082,0.1638,0.6306,0.857,0.4814,0.5392,0.5541,0,0,0,133.2,140.3,140.6,0.985
06077,1.569,2.017,1.959,2.931,2.938,5.532,,,0.63,0.4804,,,1.039,1.068,1.034,1.073,1.041,1.197,1.028,1.082,0.9943,1.005,1.037,1.035,1.002,1.002,1.566,1.719,1.644,1.882,1.029,1.039,29.64,61.55,72.09,0.06722,0.07054,0.08874,0.002192,0.007587,0.0006648,141.5,146.8,146.4,65.5
06079,2.115,2.964,3.05,4.936,,,,,0.6721,0.4943,,,1.083,1.111,1.148,1.163,1.221,1.35,1.453,1.448,1.001,1.019,1.029,1.034,1.003,1.003,1.816,2.08,2.13,2.584,1.042,1.09,7.349,17.78,21.72,0.6015,0.6782,0.7518,0.004485,0.001771,0.0007146,160,164.6,165.4,20.46
06081,,,,,,,,,0.6347,0.4545,,,1.028,1.072,1.037,1.119,1.096,1.266,1.11,1.164,1.003,1.023,1.048,1.046,1.003,1.003,2.344,2.934,2.617,3.467,1.062,1.078,0.8928,2.493,3.263,1.097,1.22,1.261,0,0.00003402,0.000223,121.8,127.7,127.4,3.288
06083,3.04,4.867,,,,,,,0.7107,0.5349,,,1.06,1.086,1.106,1.11,1.19,1.259,1.41,1.43,0.9861,1.007,1.019,1.03,1.003,1.003,2.362,2.901,2.466,3.085,1.002,1.044,1.625,4.777,6.221,1.347,1.422,1.527,0.01511,0.004861,0.002527,167.5,170.8,172.5,5.945
06085,2.102,3.186,,,,,1.817,2.851,0.5819,0.3883,,,1.036,1.086,1.04,1.126,1.059,1.277,1.02,1.138,0.9933,1.017,1.041,1.05,1.003,1.003,2.279,2.816,1.959,2.33,1.05,1.07,3.523,10.94,14.63,0.8422,0.8843,0.9467,0.01269,0.003095,0.003353,142,147.8,149,13.18
06087,2.063,3.123,,,,,,,0.6808,0.5262,,,1.042,1.097,1.059,1.142,1.083,1.306,1.15,1.223,0.9967,1.024,1.047,1.048,1.004,1.004,2.747,3.538,3.4,4.543,1.023,1.05,1.404,4.816,6.351,3.288,3.562,3.677,0.0002506,0,0.0003624,127.2,133.2,133.3,5.084
06089,1.669,2.236,2.078,3.198,2.765,5.137,2.396,4.178,0.8291,0.7033,,,1.025,1.078,1.013,1.067,1.049,1.263,1.066,1.246,1.004,1.022,1.092,1.057,1.004,1.004,1.717,1.938,1.763,2.061,1.024,1.041,19.15,41.37,49.78,3.999,4.242,4.349,4.666,1.801,1.378,82.3,89.85,86.97,40.64
06091,,,,,,,,,0.8628,0.7565,0.7218,0.5631,1.031,1.095,1.011,1.106,1.01,1.2,1.051,1.096,0.9988,1.024,1.06,1.011,1.003,1.004,5.188,7.583,3.776,5.361,1.009,1.024,0.3299,3.729,7.262,4.861,5.085,5.14,17.72,7.083,5.542,82.2,87.11,83.09,3.561
06093,2.457,4.196,,,,,,,0.8481,0.7287,,,1.029,1.08,1.014,1.091,1.074,1.27,1.079,1.268,1.017,1.039,1.076,1.061,1.003,1.003,2.6,3.249,2.927,3.869,1.042,1.05,3.458,14,20.25,2.912,3.186,3.234,13.87,5.521,4.311,73.11,78.64,77.55,13.79
06095,1.533,1.955,1.796,2.572,2.312,3.966,,,0.6196,0.4681,,,1.041,1.077,1.026,1.062,1.061,1.222,1.069,1.13,0.9952,1.012,1.04,1.043,1.002,1.001,1.635,1.801,1.772,2.036,1.073,1.092,26.41,55.6,64.23,0.5629,0.6211,0.6621,0.00283,0.005405,0.000165,140.3,146,146.4,56.14
06097,1.664,2.369,1.82,2.931,,,,,0.7001,0.5528,,,1.049,1.075,1.044,1.057,1.107,1.243,1.124,1.178,1.009,1.017,1.048,1.049,1.003,1.003,1.914,2.288,2.267,2.838,1.048,1.07,6.56,15.11,19.04,3.714,4.044,4.125,0.0003812,0.0008735,0.0001409,118.6,124.3,124.5,18.59
06099,1.545,1.938,2.014,2.948,3.245,5.989,3.512,7.384,0.5958,0.4254,,,1.035,1.064,1.042,1.07,1.067,1.242,1.024,1.148,0.9935,1.007,1.041,1.038,1.003,1.002,1.562,1.71,1.642,1.875,1.067,1.102,31.1,65.41,76.04,0.07459,0.07823,0.09174,0.003137,0.006935,0.001277,147,153.1,152.6,66.56
06101,1.443,1.74,1.864,2.604,2.794,4.909,2.966,6.209,0.5914,0.4153,,,1.035,1.046,1.032,1.032,1.032,1.187,1.081,1.077,0.9927,1,1.044,1.041,1.002,1.002,1.415,1.513,1.547,1.738,1.059,1.081,46.08,84.42,94.19,0.2287,0.2387,0.2584,0.003134,0.009704,0.00005878,126.7,132.4,131.9,84.71
06103,1.508,1.888,1.886,2.695,2.645,4.709,3.147,5.792,0.8078,0.6858,,,1.021,1.064,1.011,1.052,1.045,1.232,1.07,1.211,0.9971,1.008,1.074,1.049,1.004,1.004,1.533,1.687,1.629,1.861,1.029,1.052,30.95,57.91,66.63,1.951,2.112,2.16,2.949,0.9916,0.7217,97.67,104.9,102.5,56.67
06105,2.163,3.388,3.262,6.393,,,,,0.8431,0.7273,,,1.025,1.059,1.006,1.034,1.065,1.255,1.055,1.226,1.01,1.025,1.098,1.084,1.007,1.007,1.995,2.386,2.514,3.265,1.045,1.057,6.757,18.33,24.26,4.633,5.034,5.194,8.169,2.949,2.133,78.72,86.42,85.34,20.71
06107,1.484,1.798,1.981,2.731,3.716,6.672,3.401,6.048,0.8595,0.7636,0.6642,0.4925,1.052,1.105,1.089,1.169,1.131,1.269,1.208,1.339,0.9894,1.01,1.014,1.016,1.002,1.003,1.449,1.607,1.603,1.849,0.9902,1.016,26.68,47.18,53.77,1.525,1.594,1.667,18.4,10.95,9.365,129.8,131.6,131.9,47.5
06109,1.81,2.53,2.345,3.776,,,,,0.8499,0.7407,0.67,0.4816,1.029,1.065,1.03,1.072,1.058,1.234,1.103,1.182,0.9898,1.002,1.042,1.016,1.005,1.007,1.806,2.136,1.911,2.342,1.008,1.013,8.282,19.18,24.02,3.581,3.68,3.757,24.05,13.19,10.9,97.57,101.6,99.14,19.68
06111,2.586,4.003,,,,,,,0.7433,0.5757,,,1.044,1.082,1.118,1.121,1.125,1.221,1.234,1.318,0.976,1.013,1.015,1.014,1.003,1.002,2.788,3.435,2.43,2.928,0.9921,1.037,3.142,11.49,15.06,2.016,2.11,2.187,0.3759,0.08495,0.0587,165.5,168,167.9,10.5
06113,1.494,1.841,1.876,2.672,2.769,4.915,,,0.6759,0.5196,,,1.048,1.071,1.031,1.06,1.037,1.199,1.068,1.1,0.9928,1.013,1.045,1.044,1.002,1.002,1.469,1.583,1.618,1.837,1.059,1.07,37.81,72.54,82.16,0.6635,0.7526,0.7923,0.005896,0.009436,0.001145,136.9,143.1,142.9,74.35
06115,1.523,1.891,1.955,2.821,2.865,5.264,2.932,5.919,0.6184,0.4351,,,1.028,1.059,1.02,1.051,1.014,1.194,1.08,1.085,0.9927,1.002,1.056,1.045,1.003,1.004,1.506,1.633,1.615,1.835,1.021,1.033,35.69,70.7,80.8,2.34,2.472,2.495,0.1402,0.03631,0.02688,114,120.4,119.2,69.54
08001,2.226,3.287,5.175,10.69,,,,,0.8768,0.7711,0.6802,0.5549,1.069,1.052,1.061,1.071,1.141,1.134,1.124,1.14,1.024,1.022,0.9567,0.9521,0.9928,0.9944,2.161,2.504,2.009,2.372,1.229,1.208,8.877,40.21,51.33,0.1229,0.2057,0.1821,19.19,11.89,10.56,54.17,51.82,51.58,33.81
08003,,,,,,,,,0.9067,0.8332,0.6623,0.4986,1.021,1.082,0.9761,1.087,1.065,1.189,1.119,1.236,1.006,1.001,0.9794,0.9915,0.9956,0.996,,,,,,,0.0006244,1.077,2.409,0.01488,0.0235,0.02136,34.04,19.9,16.64,75.09,73.54,74.45,0.405
08005,2.463,3.829,,,,,,,0.8787,0.7746,0.693,0.5713,1.056,1.051,1.036,1.067,1.121,1.121,1.131,1.135,1.02,1.02,0.9517,0.9494,0.9928,0.9945,2.353,2.755,2.067,2.458,1.202,1.188,6.445,33.75,44.6,0.1549,0.252,0.2315,18.93,12.13,10.9,51.67,49.17,49.05,28.32
08007,,,,,,,,,0.9069,0.8306,0.6872,0.5446,1.032,1.128,1.02,1.144,1.094,1.278,1.204,1.349,1.003,1.027,1.047,1.041,0.9959,0.995,,,,,1.108,1.183,0.03632,1.921,3.862,0.1273,0.144,0.1824,31.75,15.29,12.3,42.34,44.32,44.09,1.295
08009,1.796,2.383,2.959,4.871,,,5.19,11.54,0.8633,0.7524,0.6637,0.5581,0.9772,1.082,0.9766,1.115,0.9347,1.119,0.9169,1.151,0.9411,0.9804,0.9735,0.9922,0.9995,1.002,1.735,1.948,1.723,1.97,1.161,1.101,22.88,60.72,72.37,0.1334,0.1878,0.2296,13.76,8.34,7.091,60.86,59.25,60.39,55.27
08011,1.584,2.002,2.342,3.536,,,4.219,8.88,0.881,0.7794,0.6892,0.583,0.9758,1.058,0.9556,1.067,0.9672,1.106,0.9697,1.181,0.9546,0.9778,0.965,0.9791,0.9983,1,1.559,1.724,1.658,1.882,,,31.95,70.18,81.03,0.04691,0.07567,0.1017,14.83,8.82,7.724,65.11,62.84,63.75,65.84
08013,3.088,5.274,,,,,,,0.8737,0.7743,0.7617,0.6458,1.061,1.064,1.065,1.076,1.147,1.175,1.121,1.166,1.022,1.021,0.9769,0.9752,0.9873,0.989,3.301,4.049,2.546,3.122,1.258,1.24,1.72,13.29,18.59,0.2211,0.322,0.3004,44.11,29.53,26.49,40.11,39.18,39.11,9.425
08014,2.747,4.311,,,,,,,0.824,0.6832,0.6383,0.5044,1.07,1.06,1.056,1.045,1.16,1.151,1.132,1.157,1.029,1.024,0.9696,0.9816,0.9912,0.994,2.685,3.159,2.165,2.561,1.311,1.266,5.035,34.84,46.2,0.09534,0.1929,0.1626,16.39,8.246,7.202,49.04,47.55,48.14,25.69
08015,,,,,,,,,0.9119,0.8423,0.781,0.6522,1.035,1.13,1.025,1.146,1.105,1.295,1.15,1.336,1.016,1.045,0.9908,0.995,0.9887,0.9881,,,,,1.149,1.182,0.001799,0.2661,0.5789,0.09978,0.1417,0.1631,69.24,47.76,43.02,45.04,44.63,44.82,0.1404
08017,1.796,2.397,3.073,5.25,,,,,0.8877,0.7869,0.6738,0.5729,1.004,1.075,0.9755,1.076,1.021,1.141,1.067,1.207,0.9707,0.9965,0.9662,0.9799,0.9965,0.9991,1.798,2.029,1.849,2.134,1.097,1.059,18.69,54.68,65.41,0.09292,0.1372,0.1589,19.25,11.71,10.42,63.23,61.09,61.96,48.18
08019,,,,,,,,,0.9115,0.8397,0.7657,0.6335,1.057,1.067,1.045,1.056,1.13,1.219,1.096,1.216,1.017,1.027,0.9901,0.9678,0.9857,0.9849,,,,,1.292,1.274,0,0.01001,0.0383,0.09581,0.1726,0.146,83.51,62.53,57.29,32.96,32.64,31.9,0.004273
08021,,,,,,,,,0.9146,0.8476,0.7256,0.5842,1.041,1.112,1.014,1.119,1.094,1.236,1.164,1.271,1.012,1.013,1.011,1.016,0.9957,0.9955,,,,,1.092,1.185,0,0.297,0.6892,0.1516,0.1614,0.203,50.96,30.32,25.83,54.46,55.07,55.32,0.09376
08023,,,,,,,,,0.9098,0.8381,0.7371,0.6056,1.03,1.088,0.9991,1.095,1.081,1.201,1.134,1.203,0.9927,0.9977,0.9896,1.003,0.9947,0.9961,,,,,,,0,0.3502,0.8224,0.03667,0.06319,0.06278,43.13,27.53,23.44,55.25,54.68,55.41,0.15
08025,1.609,2.082,2.419,3.775,,,,,0.8916,0.7947,0.6779,0.5701,1.009,1.023,0.9935,1.021,1.021,1.078,1.062,1.133,0.9765,0.9783,0.9378,0.9572,0.9964,0.999,1.605,1.774,1.715,1.966,,,28.32,65.12,76.01,0.04641,0.06538,0.07998,14.55,8.617,7.653,70.54,66.16,67.52,61.54
08027,,,,,,,,,0.9088,0.8307,0.7496,0.626,1.012,1.076,0.9684,1.051,1.066,1.19,1.081,1.184,0.986,0.9983,0.998,0.9927,0.9926,0.9934,,,,,1.201,1.212,0.006473,0.5387,1.016,0.267,0.3387,0.3481,43.51,27.34,23.66,42.64,42.56,42.33,0.2266
08029,2.828,4.497,,,,,,,0.8745,0.7655,0.6905,0.5457,1.035,1.105,1.063,1.101,1.135,1.337,1.195,1.441,1.016,1.048,1.032,1.025,0.9925,0.9913,2.765,3.324,2.374,2.901,,,2.817,20.02,27.28,0.05985,0.07682,0.08384,37.69,23.1,20.1,49.99,51.58,51.23,16.16
08031,2.839,4.487,,,,,,,0.8388,0.7067,0.6592,0.5254,1.072,1.052,1.053,1.048,1.158,1.145,1.148,1.188,1.028,1.024,0.9661,0.9569,0.9921,0.9945,2.605,3.066,2.08,2.461,1.237,1.254,4.622,34.16,45.5,0.1494,0.2553,0.2264,17.65,10.22,9.071,49.08,47.42,46.97,26.05
08033,,,,,,,,,0.8933,0.8056,0.7011,0.576,1.036,1.1,1.051,1.12,1.145,1.286,1.196,1.373,1.013,1.03,1.039,1.048,0.9953,0.9947,5.067,6.843,3.273,4.292,1.111,1.159,0.2939,5.222,9.152,0.08988,0.1139,0.1321,38.67,19.99,16.74,45.48,47.24,47.67,4.028
08035,,,,,,,,,0.8882,0.7931,0.7338,0.6178,1.032,1.052,1.012,1.035,1.12,1.161,1.142,1.177,1.014,1.029,0.9833,0.9714,0.9924,0.9943,4.279,5.667,2.651,3.352,1.189,1.211,0.711,8.225,13.73,0.1617,0.2483,0.2273,21.49,12.77,11.34,43.32,42.59,42.08,7.1
08037,,,,,,,,,0.9073,0.8332,0.7626,0.617,1.04,1.1,1.034,1.094,1.168,1.343,1.207,1.375,1.026,1.043,1.011,1.002,0.9865,0.9838,,,,,,,0.00288,0.7257,1.67,0.03492,0.05578,0.05287,79.95,55.43,49.23,35.56,35.94,35.65,0.3312
08039,3.2,5.586,,,,,,,0.8966,0.8065,0.6912,0.5704,1.028,1.039,0.9975,1.038,1.086,1.086,1.144,1.11,1.004,0.9966,0.9454,0.954,0.9947,0.9963,3.001,3.653,2.366,2.871,1.181,1.174,2.607,21.1,29.7,0.0771,0.1129,0.1101,22.59,15.56,14.14,55.64,52.6,53.08,16.87
08041,3.225,5.802,,,,,,,0.8835,0.7813,0.6828,0.5607,1.004,1.036,0.9622,1.027,1.046,1.09,1.128,1.169,0.9928,0.9924,0.9717,0.9654,0.9952,0.9967,3.254,3.995,2.408,2.904,1.134,1.214,2.166,16.18,22.39,0.09891,0.133,0.1318,22.22,14,12.51,56.87,55.26,54.9,12.78
08043,3.486,6.688,,,,,,,0.8812,0.782,0.6991,0.5718,1.006,1.071,0.9764,1.083,1.067,1.183,1.133,1.257,0.9972,1.016,0.9793,0.9705,0.9924,0.9932,3.924,5.02,2.645,3.261,1.193,1.25,0.9447,8.166,11.47,0.0948,0.1314,0.1476,23.27,12.57,10.83,49.11,48.09,47.66,6.452
08045,,,,,,,,,0.8948,0.8059,0.7602,0.6249,1.047,1.086,1.076,1.083,1.21,1.358,1.275,1.453,1.024,1.043,1.045,1.034,0.9907,0.9892,5.387,7.035,3.803,4.979,1.212,1.248,0.4011,7.276,11.68,0.05492,0.07748,0.07564,62.24,41.65,36.71,39.92,41.74,41.26,4.579
08047,,,,,,,,,0.9007,0.8195,0.7598,0.6396,1.066,1.061,1.057,1.067,1.139,1.188,1.114,1.206,1.017,1.019,0.9811,0.9695,0.9858,0.9867,,,,,1.295,1.271,0,0.01125,0.04472,0.137,0.2204,0.1908,56.45,38.19,34.15,33.95,33.31,32.91,0.001955
08049,,,,,,,,,0.9072,0.837,0.7863,0.6469,1.063,1.102,1.063,1.113,1.181,1.308,1.174,1.348,1.028,1.041,0.9971,0.9834,0.9851,0.9827,,,,,,,0,0.0905,0.2787,0.04781,0.08103,0.08004,91.86,67.23,59.88,33.21,33.11,32.65,0.02479
08051,,,,,,,,,0.9125,0.8448,0.8051,0.6774,1.041,1.127,1.045,1.139,1.127,1.366,1.201,1.474,1.014,1.046,1.017,1.016,0.9881,0.9868,,,,,1.118,1.187,0.0001409,0.119,0.3332,0.1329,0.1498,0.178,91.23,64.38,57.69,38.6,39.26,39.24,0.03715
08053,,,,,,,,,0.919,0.8584,0.8114,0.6912,1.029,1.122,1.033,1.157,1.098,1.283,1.143,1.318,1.013,1.041,1.02,1.017,0.9885,0.9879,,,,,1.066,1.129,0,0.005225,0.01106,0.2331,0.2588,0.2943,93.61,63.39,56,36.09,36.81,36.7,0.0009833
08055,3.783,7.305,,,,,,,0.8815,0.7784,0.7157,0.6003,1.008,1.075,0.9585,1.044,1.06,1.182,1.104,1.197,0.9762,0.9897,0.9938,0.9945,0.995,0.9969,3.713,4.628,2.484,3.032,1.18,1.21,1.058,10.98,15.44,0.139,0.1939,0.1881,23.86,15.06,13.05,45.49,45.21,45.24,8.554
08057,,,,,,,,,0.9016,0.8249,0.7278,0.5748,1.074,1.117,1.084,1.124,1.238,1.374,1.244,1.431,1.028,1.054,0.9906,0.9765,0.9875,0.9852,,,,,1.289,1.371,0.00004777,0.04513,0.1466,0.04598,0.07906,0.09075,85.81,59.93,52.95,36.25,35.91,35.4,0.01842
08059,,,,,,,,,0.874,0.771,0.7385,0.6212,1.054,1.058,1.046,1.046,1.146,1.179,1.13,1.185,1.021,1.034,0.9738,0.9583,0.9897,0.9915,4.687,6.212,2.846,3.598,1.206,1.214,0.6853,8.814,13.65,0.178,0.2924,0.2666,23.57,13.41,11.8,42.9,41.78,41.11,5.937
08061,1.667,2.155,2.618,4.164,,,,,0.8857,0.7863,0.6753,0.5702,0.9812,1.061,0.9334,1.048,0.9589,1.111,0.989,1.165,0.9617,0.989,0.9589,0.9822,0.9975,0.9998,1.655,1.847,1.734,1.987,1.136,1.087,25.99,63.23,74.29,0.103,0.1498,0.1674,17.14,10.19,9.008,64.86,62.19,63.7,57.73
08063,1.937,2.68,3.443,6.309,,,,,0.8856,0.7836,0.6811,0.5792,1.045,1.098,1.048,1.112,1.107,1.209,1.157,1.283,0.989,1.011,0.954,0.974,0.9968,0.9995,1.941,2.211,1.888,2.187,1.116,1.109,14.4,48.03,58.73,0.109,0.1465,0.1613,21.17,14.41,12.91,57.67,55.02,56.17,41.2
08065,,,,,,,,,0.9143,0.8465,0.7487,0.5944,1.042,1.09,1.045,1.066,1.125,1.307,1.14,1.313,1.02,1.048,1.007,0.9929,0.9854,0.9837,,,,,1.156,1.172,0,0,0.0004851,0.1055,0.1264,0.1407,101.7,74.79,67.38,34.4,34.65,34.16,0
08067,,,,,,,,,0.893,0.8046,0.7061,0.5791,1.032,1.12,1.027,1.132,1.108,1.274,1.166,1.344,1.004,1.035,1.036,1.031,0.9947,0.993,5.79,7.829,3.113,4.057,1.073,1.095,0.1026,4.284,7.862,0.1088,0.1308,0.1389,30.48,15.86,13.33,47.05,48.74,48.51,3.602
08069,,,,,,,,,0.8876,0.7944,0.7254,0.5955,1.077,1.07,1.082,1.074,1.184,1.225,1.17,1.224,1.025,1.032,0.9601,0.9532,0.9875,0.9871,4.482,6.046,2.936,3.788,1.314,1.296,0.4796,5.847,9.338,0.1371,0.2289,0.2061,50.3,34.42,30.76,42.82,41.12,40.82,3.886
08071,2.528,4.012,,,,,,,0.8762,0.7701,0.7071,0.6019,1.017,1.072,1.016,1.095,1.013,1.124,1.013,1.172,0.9673,0.9851,0.9822,0.9922,0.9983,1.001,2.375,2.793,1.979,2.324,,,6.386,30.14,39.21,0.08344,0.104,0.1358,13.42,8.027,6.993,52.29,51.36,51.88,26.68
08073,2.206,3.241,4.568,9.231,,,,,0.8976,0.8057,0.6839,0.5703,1.006,1.045,0.9844,1.044,1.041,1.09,1.078,1.139,0.9806,0.9868,0.9426,0.9679,0.9962,0.9987,2.126,2.449,2.027,2.386,1.128,1.122,10.03,40.14,50.47,0.08044,0.1017,0.1076,20.8,13.98,12.49,65.25,61.5,63.16,34.31
08075,2.043,2.937,3.584,6.8,,,,,0.8852,0.7803,0.6762,0.5655,1.04,1.095,1.052,1.118,1.103,1.232,1.109,1.298,1.004,1.021,0.9396,0.9226,0.9946,0.9959,2.018,2.326,1.905,2.227,1.177,1.203,11.97,41.47,52.26,0.1139,0.1556,0.1854,26.48,16.99,15.1,55.87,52.49,51.54,35.98
08077,2.288,3.375,,,,,,,0.8723,0.7628,0.6792,0.5391,1.031,1.076,1.063,1.078,1.17,1.301,1.202,1.396,1.02,1.042,1.044,1.029,0.9919,0.9909,2.563,3.009,2.196,2.601,,,4.707,23.81,30.42,0.0411,0.06003,0.06873,41.58,24.85,21.31,49.3,51.49,50.71,18.82
08079,,,,,,,,,0.92,0.858,0.7916,0.6632,1.034,1.138,1.04,1.168,1.09,1.289,1.152,1.308,1.008,1.034,1.028,1.022,0.9916,0.9911,,,,,1.072,1.164,0,0.002753,0.007366,0.4186,0.46,0.5354,84.92,55.1,47.68,38.35,39.42,39.2,0.0002225
08081,,,,,,,,,0.8892,0.7972,0.7214,0.5703,1.055,1.102,1.066,1.118,1.182,1.321,1.209,1.353,1.034,1.051,1.019,1.014,0.9907,0.9887,6.652,8.733,4.244,5.627,,,0.3336,8.526,15.38,0.02451,0.0423,0.04491,52.3,31.49,26.67,46.41,47.3,47.06,5.269
08083,2.356,3.642,,,,,,,0.8609,0.7434,0.6353,0.5215,1.04,1.105,1.043,1.114,1.18,1.32,1.248,1.419,1.017,1.035,1.032,1.033,0.9957,0.9947,2.462,2.906,2.091,2.492,1.153,1.195,5.141,25.12,33.42,0.04092,0.05955,0.06686,17.96,7.583,6.189,56.42,58.24,58.31,22.06
08085,2.967,4.845,,,,,,,0.8799,0.7761,0.6817,0.5475,1.04,1.093,1.062,1.101,1.141,1.293,1.167,1.388,1.017,1.032,1.048,1.049,0.9938,0.9931,3.241,3.95,2.7,3.342,,,2.244,18.74,25.99,0.04986,0.05545,0.07061,30.23,14.29,11.49,48.87,51.21,51.26,13.71
08087,2.101,3.038,4.517,8.882,,,,,0.8886,0.7916,0.6599,0.5352,1.038,1.054,1.046,1.073,1.111,1.153,1.098,1.103,1.007,1.012,0.9317,0.9197,0.9937,0.9952,1.999,2.303,1.871,2.19,1.165,1.171,10.87,41.07,52.13,0.0616,0.1044,0.1143,24.01,14.14,12.37,61.23,57.05,56.31,36.78
08089,1.614,2.084,2.555,4.055,,,,,0.8741,0.7677,0.6963,0.5921,1.006,1.057,1.012,1.055,0.9961,1.138,1.004,1.187,0.9666,0.9797,0.9636,0.9832,0.9972,1,1.576,1.748,1.658,1.894,,,29.59,67.04,78.29,0.07706,0.09488,0.1368,14.21,7.882,6.839,61.99,59.73,60.95,64.45
08091,,,,,,,,,0.8997,0.8221,0.715,0.5802,1.029,1.084,1.029,1.103,1.098,1.203,1.138,1.331,1.008,1.018,1.057,1.059,0.9901,0.9918,,,,,1.121,1.208,0.001244,0.4809,1.443,0.05769,0.05559,0.07544,59.67,35.98,31.2,37.31,39.42,39.52,0.1535
08093,,,,,,,,,0.9118,0.8418,0.7669,0.6344,1.026,1.072,1.007,1.063,1.111,1.196,1.119,1.219,1.014,1.036,0.9703,0.9644,0.9891,0.9894,,,,,1.222,1.202,0,0.02243,0.05009,0.08492,0.1339,0.1284,62.31,42.38,38.11,46.03,44.66,44.39,0.008116
08095,1.938,2.699,3.197,5.672,,,,,0.8849,0.779,0.6614,0.5508,1.041,1.097,1.035,1.122,1.124,1.254,1.159,1.427,1.005,1.025,0.962,0.9518,0.995,0.996,2.023,2.312,1.956,2.285,1.081,1.102,14.46,48.45,59.86,0.1603,0.2139,0.2694,24.48,16.43,14.79,55.46,53.36,52.79,38.98
08097,,,,,,,,,0.9087,0.8379,0.7812,0.6462,1.038,1.102,1.045,1.096,1.148,1.371,1.188,1.405,1.024,1.055,1.02,1.006,0.9848,0.9816,,,,,1.169,1.193,0.0003445,0.222,0.5204,0.115,0.1418,0.1499,91.49,67.2,61.05,31.94,32.59,32.12,0.08496
08099,1.649,2.108,2.516,3.861,,,4.512,9.07,0.883,0.7834,0.6971,0.591,0.953,1.081,0.9091,1.103,0.9197,1.132,0.9146,1.202,0.9534,0.986,0.959,0.9798,0.9986,1,1.629,1.815,1.684,1.924,1.151,1.113,29.51,66.79,78.39,0.1425,0.1937,0.2026,16.65,10.3,8.795,62.06,59.52,60.81,61.25
08101,1.9,2.676,3.325,6.015,,,,,0.8674,0.75,0.6998,0.5881,1.004,1.045,0.9753,1.033,1.026,1.141,1.089,1.187,0.9778,0.9961,0.9747,0.9794,0.9966,0.9982,1.92,2.175,1.868,2.16,,,14.95,47.71,57.7,0.06365,0.105,0.1162,13.7,7.461,6.546,59.45,57.94,58.22,42.58
08103,3.661,6.877,,,,,,,0.894,0.8053,0.7541,0.6162,1.05,1.09,1.081,1.092,1.186,1.309,1.222,1.365,1.028,1.035,1.051,1.042,0.9922,0.9905,4.043,5.16,3.147,4.08,,,0.9683,10.48,15.82,0.02295,0.04798,0.05244,57.8,36.39,31.3,42.84,45.01,44.64,7.546
08105,,,,,,,,,0.9082,0.8365,0.7084,0.5561,1.02,1.119,0.9922,1.132,1.059,1.261,1.138,1.302,1.003,1.024,0.9911,0.9986,0.9926,0.9925,,,,,1.118,1.211,0,0.1103,0.2445,0.09919,0.1226,0.135,57.9,35.4,30.26,55.6,55.11,55.53,0.02597
08107,,,,,,,,,0.9001,0.8233,0.7558,0.612,1.074,1.121,1.085,1.131,1.243,1.416,1.263,1.49,1.029,1.055,1.018,1.021,0.9861,0.9837,,,,,1.284,1.369,0.006264,1.003,2.429,0.05811,0.09417,0.1126,82.05,57.15,50.85,33.36,33.96,34.05,0.4433
08109,,,,,,,,,0.9129,0.8429,0.7727,0.6363,1.024,1.116,1.001,1.125,1.081,1.269,1.137,1.325,1.002,1.02,0.9895,0.9947,0.9911,0.9916,,,,,1.147,1.206,0.002058,0.4247,0.88,0.1249,0.1665,0.1766,63.29,42.88,37.91,51.26,50.72,50.99,0.1744
08111,,,,,,,,,0.9171,0.8561,0.818,0.7086,1.037,1.114,1.037,1.129,1.103,1.253,1.117,1.298,1.003,1.023,1.036,1.034,0.992,0.9919,,,,,1.053,1.11,0,0,0.0002506,0.2611,0.2915,0.3252,96.93,66.87,60.24,31.64,32.77,32.71,0
08113,,,,,,,,,0.8892,0.7975,0.7117,0.5837,1.041,1.096,1.06,1.107,1.134,1.265,1.155,1.325,1.009,1.022,1.044,1.064,0.9942,0.9937,4.411,5.64,3.182,4.089,,,0.5272,8.397,12.97,0.04524,0.05881,0.06825,38.23,20.41,17.14,43.54,45.47,46.3,5.739
08115,1.869,2.582,3.032,5.346,,,,,0.8854,0.7769,0.66,0.538,1.037,1.1,1.018,1.127,1.135,1.274,1.129,1.403,1.012,1.03,0.9537,0.9241,0.995,0.9956,1.949,2.227,1.883,2.184,1.15,1.163,15.62,48.27,59.18,0.1443,0.2214,0.2586,24.7,16.34,14.74,55.96,53.37,51.71,40.51
08117,,,,,,,,,0.9145,0.8465,0.7777,0.6359,1.042,1.082,1.02,1.067,1.158,1.294,1.165,1.32,1.021,1.032,1.023,0.9969,0.9852,0.9827,,,,,,,0,0.005946,0.02528,0.01861,0.03512,0.03657,101.4,75.44,68.25,31.31,32.03,31.22,0.0008305
08119,,,,,,,,,0.9072,0.8341,0.7368,0.6028,1.013,1.053,0.9893,1.038,1.095,1.136,1.166,1.204,1.006,1.01,0.9734,0.9564,0.9904,0.9916,,,,,1.187,1.233,0.00006138,0.07129,0.1546,0.06971,0.1134,0.1161,47.7,30.28,26.74,45.38,44.17,43.4,0.02755
08121,2.126,3.078,4.236,8.265,,,,,0.8867,0.7848,0.6711,0.5579,1.042,1.074,1.059,1.101,1.114,1.186,1.134,1.216,1.002,1.007,0.9322,0.9384,0.994,0.9955,2.099,2.425,1.969,2.308,1.098,1.117,10.45,41.11,51.95,0.06651,0.08197,0.09998,25.45,16.17,14.37,57.24,53.36,53.71,34.71
08123,2.365,3.591,5.565,11.95,,,,,0.8801,0.7766,0.6653,0.5463,1.04,1.053,1.03,1.058,1.109,1.172,1.095,1.163,1.015,1.024,0.9313,0.9232,0.993,0.9935,2.359,2.762,2.151,2.567,,,7.209,36.28,47.63,0.05478,0.1251,0.1197,21.46,13.25,11.72,58.71,54.68,54.21,29.22
08125,1.822,2.492,2.942,5.152,,,,,0.8809,0.7733,0.6607,0.5525,1.049,1.114,1.054,1.144,1.113,1.255,1.138,1.301,0.9962,1.022,0.9542,0.9493,0.9959,0.9979,1.842,2.093,1.836,2.141,1.123,1.141,17.67,52.32,63.79,0.1668,0.2313,0.2538,21.98,13.98,12.39,55.72,53.16,52.89,45.55
09110,,,,,,,2.676,5.132,0.8211,0.6952,0.1698,0.005282,1.06,1.131,1.091,1.135,1.175,1.411,1.174,1.401,1.062,1.098,0.9971,1.004,0.991,0.991,4.468,5.98,1.997,2.339,1.18,1.197,0.5576,5.638,8.685,1.337,1.849,2.08,31.62,14.54,10.74,21.96,21.9,22.06,5.079
09120,,,,,,,2.003,3.349,0.7696,0.6059,,,1.058,1.143,1.072,1.174,1.18,1.388,1.175,1.413,1.06,1.102,0.9951,0.998,0.9906,0.9889,4.728,6.487,1.844,2.133,1.184,1.206,0.5187,5.017,7.704,1.847,2.564,2.801,22.09,8.521,5.725,22.1,22,22.06,4.496
09130,,,,,,,2.307,4.203,0.7959,0.6518,,,1.062,1.127,1.053,1.088,1.173,1.399,1.173,1.424,1.063,1.096,0.9986,1.004,0.992,0.9915,4.145,5.902,1.852,2.178,1.165,1.184,0.3938,3.327,5.339,1.648,2.337,2.68,23.31,9.472,6.552,22.32,22.29,22.42,3.917
09140,,,,,,,3.144,6.312,0.8175,0.6866,0.2453,0.08769,1.058,1.131,1.077,1.137,1.172,1.386,1.164,1.401,1.061,1.096,1,1.006,0.9914,0.9903,4.445,6.046,1.991,2.348,1.172,1.194,0.3551,3.929,6.3,1.747,2.427,2.684,28.35,12.6,9.157,22.03,22.03,22.17,3.779
09150,,,,,,,3.011,6.073,0.8283,0.7035,0.3335,0.1906,1.063,1.143,1.071,1.124,1.184,1.443,1.167,1.429,1.067,1.106,1.007,1.013,0.9922,0.992,4.821,6.88,2.043,2.426,1.185,1.206,0.267,3.026,4.819,1.316,1.925,2.125,30.91,14.31,10.54,21.77,21.92,22.04,3.159
09160,,,,,,,,,0.8457,0.7321,0.3442,0.1849,1.05,1.126,1.09,1.15,1.173,1.381,1.168,1.384,1.06,1.098,1.004,1,0.991,0.9906,4.468,5.98,2.369,2.891,1.175,1.197,0.1363,3.11,5.449,1.643,2.24,2.442,41.66,20.89,16.03,21.64,21.72,21.64,2.194
09170,,,,,,,1.978,3.337,0.7768,0.6185,,,1.062,1.132,1.069,1.125,1.171,1.388,1.159,1.409,1.061,1.094,0.9992,1.011,0.9918,0.9903,4.405,5.996,1.805,2.081,1.169,1.191,0.4391,4.117,6.42,1.819,2.551,2.841,21.7,8.491,5.759,22.23,22.21,22.47,4.459
09180,,,,,,,2.471,4.602,0.8075,0.6664,,,1.059,1.132,1.047,1.094,1.174,1.404,1.159,1.416,1.063,1.093,0.9965,1.002,0.9922,0.9905,4.354,6.293,1.912,2.262,1.169,1.188,0.2998,2.626,4.148,1.407,2.059,2.303,23.79,10.01,7.013,22.34,22.26,22.38,3.126
09190,2.982,6.581,,,,,2.638,4.899,0.7993,0.6559,0.1632,0.01271,1.057,1.14,1.075,1.17,1.179,1.387,1.174,1.409,1.06,1.101,0.9965,0.9983,0.9907,0.9892,4.728,6.487,1.925,2.251,1.182,1.205,0.4574,4.706,7.332,1.821,2.521,2.753,25.09,10.41,7.302,22.03,21.95,21.99,4.122
10001,2.636,5.215,,,,,1.934,2.911,0.7209,0.539,,,1.049,1.129,1.036,1.126,1.175,1.363,1.2,1.4,1.057,1.072,0.9965,0.9949,0.989,0.9849,2.717,3.287,1.58,1.773,1.216,1.233,3.108,18.11,25.4,1.44,1.913,2.049,9.356,2.487,1.606,23.47,23.39,23.35,19.85
10003,2.797,5.648,,,,,2.026,3.072,0.7229,0.5393,,,1.063,1.148,1.046,1.144,1.183,1.38,1.246,1.414,1.06,1.084,0.9941,0.9912,0.9885,0.9859,3.099,3.793,1.65,1.865,1.185,1.22,2.569,17.18,24.54,1.35,1.785,1.896,13.15,3.778,2.333,23.79,23.65,23.58,16.38
10005,2.719,5.367,,,,,1.855,2.701,0.7199,0.5437,,,1.059,1.13,1.067,1.147,1.2,1.346,1.248,1.359,1.053,1.067,1.004,1.006,0.9906,0.9867,2.883,3.487,1.599,1.787,1.212,1.233,2.581,17.33,24.1,1.363,1.916,2.004,8.499,2.21,1.509,22.36,22.44,22.48,18.18
11001,2.442,4.352,,,,,1.744,2.4,0.7075,0.5338,,,1.076,1.128,1.106,1.146,1.188,1.356,1.325,1.474,1.063,1.071,1.007,1.002,0.9876,0.9837,2.47,2.902,1.581,1.778,1.192,1.228,4.977,27.18,37.32,1.289,1.724,1.732,8.853,2.388,1.534,24.3,24.48,24.36,27.14
12001,2.841,4.553,,,,,1.396,1.644,0.6294,0.4339,,,1.043,1.076,1.038,1.09,1.088,1.179,1.124,1.222,1.023,1.04,0.9478,0.9622,0.9874,0.9944,1.671,1.864,1.355,1.474,1.079,1.08,9.132,53.02,74.28,2.259,2.624,2.769,0.001015,0,0,30.45,28.86,29.3,79.75
12003,2.597,4.12,,,,,1.584,1.957,0.6381,0.4619,,,1.04,1.059,1.035,1.018,1.122,1.22,1.141,1.264,1.028,1.049,0.9544,0.9443,0.9857,0.9894,1.645,1.834,1.376,1.499,1.109,1.121,10.31,51.58,70.97,2.355,2.99,3.087,0.0002638,0.001144,0.000721,29.37,28.03,27.74,77.24
12005,2.844,5.154,,,,,1.324,1.565,0.6784,0.52,,,1.045,1.085,1.015,1.05,1.176,1.244,1.206,1.26,1.04,1.057,0.9764,1.007,0.9877,0.9905,1.857,2.076,1.356,1.468,1.066,1.065,6.179,37.5,54.13,4.053,4.654,4.669,0.02568,0.01143,0.01027,27.31,26.66,27.5,62.01
12007,2.966,4.887,,,,,1.49,1.797,0.6413,0.4576,,,1.035,1.08,1.044,1.096,1.101,1.183,1.118,1.243,1.026,1.047,0.9368,0.9387,0.9858,0.9916,1.745,1.958,1.371,1.494,1.103,1.114,7.77,47.45,67.81,1.804,2.273,2.366,0.0004569,0.0002454,0,29.67,27.79,27.85,72.48
12009,3.722,7.54,,,,,1.234,1.409,0.5868,0.4082,,,1.023,1.083,1.049,1.137,1.034,1.188,1.025,1.238,0.9984,1.015,0.966,0.9619,0.9851,0.9951,2.028,2.306,1.314,1.415,1.072,1.04,3.862,33.17,54.38,1.916,2.337,2.252,0.00002351,0,0,30.46,29.42,29.3,61.95
12011,8.414,19.09,,,,,1.184,1.332,,,,,1.03,1.098,1.03,1.122,1.038,1.125,1.044,1.12,0.9957,0.9752,0.9445,0.9506,0.9866,0.9999,2.212,2.526,1.269,1.355,1.11,1.015,0.909,24.28,47.57,1.756,2.019,1.918,0,0,0,31.59,29.84,30.03,61.56
12013,2.551,4.295,,,,,1.428,1.728,0.6804,0.5144,,,1.071,1.077,1.056,1.031,1.183,1.235,1.209,1.269,1.041,1.056,0.9872,0.9933,0.9842,0.987,1.715,1.913,1.354,1.471,1.08,1.098,8.522,44.53,61.36,2.894,3.592,3.743,0.02968,0.01103,0.01427,26.1,25.76,25.92,69.78
12015,4.623,7.921,,,,,1.237,1.416,,,,,1.006,1.065,1.004,1.103,1.012,1.118,1.049,1.129,1.005,1.001,0.9211,0.9422,0.9804,0.996,1.583,1.735,1.307,1.41,1.071,1.013,4.057,61.8,89.79,1.949,2.166,2.161,0,0,0,34.17,31.47,32.19,102.4
12017,3.683,6.516,,,,,1.302,1.503,0.5329,0.3384,,,1.047,1.062,1.02,1.038,1.077,1.17,1.102,1.224,1,0.9972,0.949,0.9413,0.9881,1.002,1.697,1.883,1.344,1.459,1.066,1.048,5.269,53.91,80.22,2.015,2.487,2.459,0.0005195,0,0,30.97,29.39,29.15,86.46
12019,3.05,5.187,,,,,1.376,1.614,0.6,0.406,,,1.041,1.084,1.075,1.118,1.076,1.192,1.093,1.269,1.02,1.045,0.9442,0.9517,0.9854,0.9921,1.885,2.143,1.357,1.478,1.096,1.088,6.595,40.82,60.18,1.92,2.305,2.343,0,0.00009132,0,29.32,27.68,27.9,62.71
12021,5.339,9.681,,,,,1.203,1.371,,,,,1.036,1.062,1.038,1.082,0.9905,1.091,0.9864,1.1,0.983,0.9638,0.9336,0.9419,0.9872,1.003,1.77,1.961,1.287,1.379,1.046,0.9599,2.923,47.95,74.81,2.234,2.457,2.318,0,0,0,35.74,33.37,33.67,91.37
12023,2.516,3.903,,,,,1.469,1.769,0.6058,0.4128,,,1.044,1.068,1.019,1.016,1.142,1.246,1.159,1.286,1.029,1.043,0.9632,0.9634,0.9883,0.9916,1.628,1.81,1.374,1.493,1.098,1.103,11.31,56.72,76.43,2.434,3.043,3.243,0.001655,0.001279,0.002514,29.14,28.06,28.07,81.14
12027,4.217,7.063,,,,,1.354,1.588,0.593,0.4253,,,1.002,1.105,0.9948,1.172,1.071,1.201,1.107,1.207,1.013,1.014,0.9137,0.9297,0.9833,0.9976,1.524,1.673,1.316,1.427,1.091,1.036,6.113,60.51,89.01,1.583,1.821,1.842,0,0,0,34.75,31.75,32.31,105.1
12029,3.312,5.903,,,,,1.394,1.663,0.6609,0.4763,,,1.064,1.073,1.07,1.084,1.112,1.162,1.128,1.191,1.024,1.026,0.9596,0.9492,0.9869,0.9956,1.735,1.93,1.347,1.46,1.064,1.062,6.119,41.76,62.33,2.975,3.442,3.553,0.007555,0.004267,0.002548,29.28,28.09,27.79,73.09
12031,2.733,4.74,,,,,1.256,1.435,0.5884,0.3967,,,1.043,1.073,1.058,1.082,1.086,1.185,1.117,1.31,1.029,1.062,0.9519,0.9544,0.986,0.9902,2.039,2.356,1.351,1.466,1.086,1.087,6.887,32.99,48.14,2.654,3.069,3.134,0.000467,0.00135,0.000874,31.42,29.91,29.98,50.94
12033,2.799,4.609,,,,,1.321,1.534,0.6099,0.4244,,,1.04,1.059,1.029,1.007,1.142,1.162,1.206,1.217,1.036,1.043,0.9806,0.9919,0.9886,0.9911,1.895,2.099,1.37,1.482,1.076,1.068,7.691,43.87,59.19,4.286,4.939,4.871,0.1431,0.04146,0.02394,27.33,26.8,27.11,59.87
12035,2.982,5.306,,,,,1.249,1.416,0.5602,0.3748,,,1.051,1.104,1.087,1.131,1.062,1.202,1.042,1.229,1.01,1.023,0.9815,0.9896,0.9864,0.9968,2.027,2.325,1.335,1.447,1.071,1.042,5.85,37.55,56.56,1.771,2.146,2.236,0.001015,0,0,27.2,26.7,26.92,58.35
12037,3.443,6.817,,,,,1.242,1.419,0.5996,0.4198,,,1.041,1.07,1.017,1.034,1.157,1.204,1.202,1.249,1.04,1.043,0.9973,1.01,0.9865,0.991,2.255,2.568,1.336,1.436,1.072,1.063,3.791,25.15,38.14,4.073,4.699,4.701,0.005255,0.001206,0.0003176,29.2,29.12,29.5,45.8
12039,2.548,4.155,,,,,1.501,1.819,0.6487,0.4708,,,1.087,1.093,1.09,1.053,1.196,1.26,1.226,1.334,1.042,1.06,0.9959,0.9908,0.9846,0.9869,1.773,1.969,1.375,1.5,1.09,1.112,10.5,47.81,64.89,3.105,3.818,3.942,0.06132,0.01225,0.01821,27.75,27.64,27.49,67.55
12041,2.854,4.712,,,,,1.433,1.712,0.6232,0.4248,,,1.041,1.066,1.033,1.057,1.089,1.181,1.111,1.186,1.021,1.031,0.954,0.9566,0.9878,0.9945,1.672,1.862,1.355,1.472,1.077,1.072,9.177,50.38,71.83,2.067,2.51,2.627,0,0,0,28.61,27.3,27.37,80.15
12043,3.905,6.737,,,,,1.27,1.479,,,,,1.012,1.06,1.018,1.091,1.029,1.113,1.057,1.147,1,0.9784,0.9286,0.9283,0.9881,0.9996,1.7,1.89,1.31,1.415,1.065,1.003,5.257,57,82.29,1.331,1.519,1.499,0,0,0,34.86,32.37,32.36,91.25
12045,2.94,5.72,,,,,1.277,1.482,0.6149,0.4354,,,1.056,1.082,1.008,1.005,1.163,1.228,1.181,1.25,1.042,1.055,0.9824,1.004,0.9869,0.991,2.04,2.308,1.34,1.445,1.07,1.062,4.747,28.24,42.84,3.789,4.45,4.504,0.01116,0.003042,0.002388,27.4,26.92,27.52,52.83
12047,2.403,3.629,,,,,1.56,1.913,0.6306,0.4452,,,1.055,1.071,1.031,1.014,1.159,1.271,1.161,1.312,1.037,1.045,0.9675,0.9751,0.9884,0.9913,1.62,1.792,1.381,1.502,1.087,1.095,12.7,59.9,78.32,2.58,3.21,3.397,0.006036,0.0003338,0.004368,28.98,28.04,28.26,81.2
12049,3.705,6.123,,,,,1.33,1.549,0.5392,0.3439,,,0.9997,1.09,0.9844,1.15,1.063,1.185,1.134,1.239,1.009,0.9904,0.9262,0.9328,0.9852,0.9991,1.552,1.706,1.316,1.425,1.081,1.018,6.775,60.41,86.88,1.773,2.047,1.954,0,0,0,33.89,31.39,31.61,103
12051,4.107,7.015,,,,,1.258,1.459,,,,,1.023,1.075,1.018,1.098,0.9996,1.11,1.014,1.129,0.9918,0.9654,0.9271,0.9285,0.9909,1.004,1.649,1.817,1.311,1.412,1.057,0.9755,4.559,60.44,86.6,1.579,1.822,1.791,0,0,0,34.27,31.77,31.82,99.33
12053,4.113,7.597,,,,,1.303,1.501,0.4943,0.2777,,,1.04,1.081,1.01,1.073,1.064,1.147,1.087,1.2,0.9989,0.9978,0.9236,0.9203,0.9862,0.9996,1.801,1.997,1.354,1.471,1.058,1.019,3.375,51.68,78.94,2.433,2.914,2.827,0,0,0,33.29,30.74,30.63,82.99
12055,3.084,4.847,,,,,1.36,1.606,0.5977,0.4222,,,1.004,1.081,1.011,1.143,1.058,1.191,1.085,1.212,1.008,0.999,0.9199,0.92,0.9876,0.9994,1.527,1.675,1.317,1.424,1.088,1.028,9.574,69.27,94.18,1.488,1.663,1.693,0,0,0,34.55,31.79,31.79,106.9
12057,5.329,10.52,,,,,1.216,1.381,0.4596,0.2217,,,1.027,1.103,1.014,1.16,1.095,1.186,1.132,1.227,1.015,1.01,0.9478,0.943,0.9859,0.999,1.793,1.998,1.307,1.417,1.073,1.039,2.442,42.65,70.92,2.273,2.65,2.636,0,0,0,33.36,31.62,31.46,79.89
12059,2.177,3.24,,,,,1.52,1.866,0.6879,0.5311,,,1.052,1.081,1.027,1.055,1.164,1.202,1.215,1.213,1.038,1.047,0.998,0.9881,0.9856,0.9891,1.622,1.781,1.375,1.495,1.094,1.076,15.26,58.76,73.95,3.406,4.251,4.174,0.1209,0.02713,0.03137,27.39,27.34,27.06,75.56
12061,5.699,13.61,,,,,1.245,1.423,0.5849,0.4072,,,1.015,1.062,1.059,1.118,1.065,1.167,1.055,1.177,1.002,0.9921,0.9397,0.9491,0.9878,1,2.275,2.599,1.31,1.414,1.107,1.068,1.589,24.93,47.71,1.771,2.228,2.112,0,0,0,29.66,27.88,28.16,55.78
12063,2.3,3.504,,,,,1.45,1.749,0.6874,0.5313,,,1.071,1.085,1.068,1.065,1.183,1.238,1.225,1.283,1.042,1.053,0.9872,0.9925,0.9835,0.9866,1.678,1.852,1.389,1.513,1.104,1.113,13.05,58.85,75.41,2.82,3.409,3.565,0.08655,0.02069,0.02317,27.02,26.68,26.82,74.96
12065,2.496,4.051,,,,,1.506,1.831,0.6583,0.4885,,,1.069,1.086,1.06,1.024,1.174,1.254,1.202,1.317,1.038,1.049,0.9701,0.9775,0.9847,0.9867,1.73,1.919,1.386,1.507,1.101,1.107,11.08,49.36,67.02,2.795,3.431,3.512,0.04648,0.01264,0.01432,27.94,27.1,27.31,70.52
12067,2.727,4.386,,,,,1.421,1.691,0.6588,0.4761,,,1.054,1.082,1.041,1.061,1.133,1.215,1.151,1.236,1.029,1.033,0.9615,0.9684,0.9884,0.9948,1.635,1.817,1.363,1.483,1.083,1.074,9.081,55.92,76.57,2.66,3.289,3.357,0.00554,0.0005888,0.006395,28.55,27.45,27.65,80.94
12069,3.474,5.925,,,,,1.278,1.464,0.523,0.3291,,,1.056,1.118,1.042,1.147,1.094,1.213,1.116,1.233,1.008,1.017,0.9498,0.953,0.9867,1,1.733,1.946,1.331,1.442,1.063,1.044,5.808,48.85,71.05,1.93,2.191,2.234,0.0006237,0,0.00008118,30.7,29.16,29.25,77.66
12071,5.204,9.721,,,,,1.191,1.354,,,,,1.028,1.065,1.02,1.075,1,1.106,1.019,1.139,0.9945,0.9798,0.9221,0.9349,0.982,0.9986,1.674,1.844,1.292,1.388,1.045,0.9839,2.991,52.18,80.57,2.196,2.382,2.355,0,0,0,35.25,32.51,32.96,96
12073,2.495,3.973,,,,,1.436,1.712,0.6409,0.4668,,,1.069,1.069,1.053,1.003,1.18,1.227,1.182,1.287,1.041,1.052,0.9876,0.9993,0.9847,0.9875,1.769,1.957,1.388,1.508,1.088,1.109,10.87,51.48,68.65,3.412,4.054,4.13,0.02434,0.002803,0.005597,27.38,27.04,27.36,70.11
12075,3.219,5.724,,,,,1.362,1.606,0.6078,0.4044,,,1.041,1.047,1.035,1.041,1.056,1.159,1.064,1.151,1.011,1.015,0.948,0.967,0.9878,0.9974,1.752,1.968,1.352,1.472,1.055,1.041,6.528,44.9,68.03,2.716,3.172,3.122,0.0009065,0,0,29.85,28.3,28.87,75.27
12077,2.738,4.768,,,,,1.388,1.648,0.6274,0.4448,,,1.063,1.07,1.049,1.014,1.173,1.234,1.19,1.277,1.039,1.058,0.9892,1,0.9836,0.9867,1.788,1.995,1.352,1.465,1.087,1.093,7.388,39.87,56.37,3.08,3.762,3.89,0.02613,0.007929,0.008997,25.95,25.67,25.96,65.22
12079,2.451,3.873,,,,,1.495,1.809,0.6155,0.4254,,,1.053,1.08,1.041,1.029,1.153,1.255,1.172,1.301,1.034,1.044,0.9621,0.9811,0.9871,0.9893,1.654,1.833,1.376,1.5,1.091,1.095,12.58,54.97,74.55,2.62,3.303,3.353,0.0222,0.005818,0.008772,29.31,28.2,28.75,78.24
12081,5.902,11.18,,,,,1.258,1.442,0.4536,0.2201,,,1.019,1.123,1.012,1.222,1.087,1.19,1.108,1.193,1.019,1.017,0.9473,0.9477,0.9855,0.9993,1.699,1.889,1.313,1.421,1.075,1.02,2.315,44.03,72.04,2.738,3.128,3.077,0,0,0,33.63,31.85,31.87,86.63
12083,2.899,4.666,,,,,1.336,1.545,0.5779,0.3725,,,1.056,1.097,1.063,1.115,1.06,1.207,1.058,1.215,1.007,1.024,0.9553,0.9587,0.9857,0.9991,1.655,1.84,1.347,1.463,1.055,1.043,8.79,57.62,80.76,1.827,2.113,2.21,0.0000456,0,0,29.04,27.74,27.84,85.1
12085,6.319,14.74,,,,,1.223,1.404,,,,,1.035,1.058,1.078,1.079,1.07,1.133,1.075,1.158,0.9995,0.9914,0.9462,0.945,0.9858,0.9977,2.283,2.617,1.296,1.394,1.122,1.036,1.441,25.84,47.7,1.566,2.049,1.889,0,0,0,29.73,28.13,28.09,57.03
12086,6.184,14.23,,,,,1.187,1.329,,,,,1.02,1.084,1,1.108,1.013,1.082,1.015,1.077,0.9923,0.9658,0.9479,0.9484,0.9873,1,2.259,2.574,1.269,1.35,1.058,0.9689,1.401,24.77,45.76,2.085,2.319,2.198,0,0,0,33.33,31.59,31.61,61.22
12087,5.9,12.75,,,,,1.183,1.326,,,,,1.009,1.054,0.9865,1.096,0.9675,1.048,0.981,1.051,0.9825,0.9591,0.9356,0.9553,0.9864,1.002,2.158,2.429,1.269,1.349,1.061,0.9729,1.651,30.55,53,2.027,2.272,2.102,0,0,0,35.54,33.25,33.95,67.6
12089,2.288,3.557,,,,,1.311,1.516,0.5726,0.3701,,,1.053,1.071,1.052,1.053,1.118,1.216,1.12,1.294,1.041,1.071,0.9646,0.9541,0.9844,0.9878,1.793,2.014,1.36,1.472,1.095,1.11,11.51,46.64,61.85,2.408,2.97,3.088,0.002211,0.002516,0.001415,29.15,28.12,27.81,64.47
12091,2.59,4.166,,,,,1.472,1.809,0.6775,0.5165,,,1.056,1.066,1.049,1.02,1.176,1.19,1.259,1.243,1.046,1.053,0.9925,0.993,0.9854,0.9907,1.71,1.905,1.36,1.48,1.085,1.082,9.905,44.07,59.4,3.685,4.515,4.474,0.0935,0.03023,0.02163,26.43,26.23,26.24,65.52
12093,4.723,9.167,,,,,1.268,1.477,0.5866,0.4054,,,1.03,1.067,1.099,1.133,1.062,1.175,1.124,1.213,0.9975,0.9868,0.9302,0.93,0.9869,0.9985,1.895,2.14,1.317,1.426,1.103,1.044,3.28,40.51,65.56,1.227,1.588,1.497,0,0,0,32.95,30.65,30.64,73.75
12095,3.605,6.122,,,,,1.224,1.392,0.4874,0.2792,,,1.044,1.119,1.037,1.151,1.072,1.227,1.091,1.27,0.9992,1.013,0.9399,0.9438,0.9836,0.9978,1.706,1.902,1.319,1.426,1.06,1.03,5.717,50.49,73.96,1.63,1.921,1.931,0.0001677,0,0,32.02,30.09,30.22,82.18
12097,4.151,7.428,,,,,1.234,1.409,0.5129,0.3059,,,1.033,1.116,1.044,1.177,1.081,1.24,1.086,1.265,1.003,1.004,0.9317,0.9256,0.984,0.9977,1.757,1.95,1.322,1.431,1.072,1.037,4.49,48.73,74.85,1.371,1.622,1.65,0,0,0,32.03,29.84,29.64,82.64
12099,7.268,15.86,,,,,1.247,1.443,,,,,1.039,1.089,1.07,1.106,1.048,1.12,1.047,1.156,0.9988,0.9776,0.9338,0.9438,0.9883,0.9999,2.102,2.386,1.303,1.4,1.104,1.024,1.169,30.2,54.73,1.873,2.21,2.095,0,0,0,31.13,29.07,29.38,66.62
12101,3.712,6.753,,,,,1.257,1.436,0.42,0.173,,,1.035,1.095,0.9925,1.11,1.082,1.174,1.11,1.211,1.006,1.001,0.9332,0.9348,0.9844,0.999,1.68,1.858,1.33,1.442,1.067,1.028,4.507,52.58,80.5,2.398,2.774,2.751,0,0,0,32.12,29.97,30.02,89.35
12103,8.29,20.56,,,,,1.17,1.31,,,,,1.018,1.082,0.9748,1.105,1.075,1.139,1.107,1.179,1.011,1.006,0.9528,0.9439,0.9864,0.9973,2.073,2.345,1.288,1.39,1.039,0.9972,0.7551,25.11,51.84,3.038,3.374,3.314,0,0,0,34.54,32.91,32.6,61.39
12105,3.176,5.064,,,,,1.261,1.452,0.4707,0.2462,,,1.026,1.095,1.033,1.137,1.087,1.217,1.121,1.268,1.01,1,0.931,0.9279,0.9843,0.999,1.544,1.698,1.32,1.431,1.082,1.032,8.825,65.99,92.25,1.798,2.101,2.103,0,0,0,33.12,30.83,30.73,102.2
12107,2.621,4.166,,,,,1.29,1.477,0.5351,0.322,,,1.048,1.097,1.081,1.127,1.069,1.19,1.069,1.216,1.013,1.03,0.9655,0.9768,0.9849,0.9952,1.776,2.001,1.338,1.453,1.081,1.062,9.577,50.39,70.39,2.151,2.522,2.566,0.0001949,0,0,28.24,27.26,27.58,71.29
12109,2.898,5.379,,,,,1.266,1.449,0.5657,0.3811,,,1.04,1.086,1.061,1.114,1.05,1.192,1.083,1.263,1.017,1.039,0.9789,0.9812,0.9855,0.9924,2.193,2.555,1.342,1.454,1.089,1.064,5.36,30.62,46.79,2.602,2.962,2.934,0.0001479,0.0001841,0,28.33,27.74,27.8,48.23
12111,6.503,16.35,,,,,1.231,1.411,,,,,1.018,1.049,1.06,1.082,1.07,1.139,1.094,1.148,0.998,0.9906,0.95,0.9506,0.9848,0.9981,2.431,2.805,1.307,1.411,1.109,1.057,1.212,21.87,43.94,1.598,2.069,1.894,0,0,0,29.72,28.24,28.26,51.19
12113,2.5,3.962,,,,,1.395,1.663,0.6567,0.4875,,,1.04,1.064,1.026,1.038,1.157,1.19,1.223,1.254,1.043,1.054,0.9949,0.9991,0.9867,0.99,1.753,1.935,1.373,1.49,1.089,1.09,9.711,48.9,64.37,3.94,4.701,4.649,0.1248,0.03784,0.02318,26.53,26.39,26.5,66.51
12115,4.987,8.901,,,,,1.252,1.438,0.5029,0.2964,,,1.026,1.122,1.024,1.206,1.07,1.163,1.085,1.183,1.019,1.029,0.9403,0.95,0.9809,0.9943,1.681,1.848,1.315,1.42,1.083,1.032,3.413,52.54,80.04,2.88,3.255,3.206,0,0,0,34.13,32.09,32.42,91.45
12117,3.087,5.108,,,,,1.235,1.409,0.554,0.3567,,,1.045,1.108,1.062,1.162,1.07,1.21,1.097,1.212,1.001,1.016,0.96,0.9496,0.9836,0.9951,1.664,1.857,1.315,1.42,1.029,1.02,7.072,51.03,72.71,1.627,1.825,1.872,0.0008292,0,0,30.59,29.37,29.05,81.7
12119,3.447,5.9,,,,,1.323,1.53,0.5486,0.3626,,,1.049,1.091,1.024,1.101,1.087,1.193,1.12,1.236,1.001,1.005,0.9513,0.9413,0.9884,1.003,1.667,1.851,1.34,1.457,1.084,1.066,5.972,56.19,81.88,1.972,2.362,2.349,0.0008802,0,0,31.87,30.31,30,87.58
12121,2.311,3.483,,,,,1.435,1.71,0.6322,0.4418,,,1.044,1.071,1.029,1.029,1.138,1.246,1.151,1.283,1.031,1.042,0.9757,0.9832,0.99,0.9938,1.602,1.773,1.375,1.495,1.091,1.096,13.83,63.36,82.52,2.736,3.371,3.504,0.003911,0,0.002259,28.86,28.16,28.37,85.28
12123,2.589,4.169,,,,,1.418,1.693,0.6609,0.4908,,,1.054,1.094,1.048,1.079,1.157,1.246,1.173,1.27,1.04,1.049,0.9628,0.9677,0.986,0.9912,1.616,1.787,1.354,1.47,1.083,1.093,10.28,54.07,73.17,3.162,3.788,3.891,0.002406,0.0005356,0.001058,29.02,27.94,28.08,80.88
12125,2.757,4.429,,,,,1.482,1.787,0.6176,0.4336,,,1.031,1.065,1.023,1.047,1.112,1.2,1.124,1.254,1.024,1.043,0.9514,0.9447,0.987,0.9913,1.667,1.867,1.371,1.492,1.108,1.117,9.353,51.33,71.55,1.72,2.322,2.386,0.0008714,0,0,28.58,27.19,27,77.3
12127,3.518,6.487,,,,,1.249,1.427,0.5947,0.4023,,,1.057,1.128,1.07,1.177,1.077,1.223,1.115,1.299,1.004,1.02,0.9785,0.9779,0.9861,0.9961,1.981,2.276,1.325,1.434,1.05,1.029,4.829,34.22,53.61,1.826,2.171,2.224,0.0008147,0,0,28.78,28.16,28.15,60.32
12129,2.616,4.286,,,,,1.35,1.575,0.6403,0.47,,,1.051,1.058,1.033,1.002,1.175,1.216,1.2,1.29,1.045,1.054,0.9887,0.9943,0.9848,0.9872,1.77,1.954,1.376,1.488,1.089,1.1,9.569,49.34,66.58,3.737,4.393,4.448,0.01516,0.001845,0.00513,27.37,27.06,27.22,69.99
12131,2.301,3.552,,,,,1.459,1.783,0.6703,0.5072,,,1.041,1.066,1.003,1.016,1.164,1.193,1.238,1.228,1.035,1.047,0.9901,0.9871,0.9857,0.9908,1.653,1.827,1.353,1.468,1.083,1.066,12.4,49.81,64.45,3.498,4.309,4.21,0.06066,0.01839,0.02087,26.15,25.89,25.81,70.79
12133,2.417,3.775,,,,,1.428,1.719,0.6846,0.5297,,,1.051,1.08,1.029,1.042,1.168,1.222,1.205,1.24,1.035,1.049,0.9877,0.9861,0.986,0.9891,1.708,1.885,1.382,1.5,1.083,1.076,11,54.79,70.82,3.164,3.815,3.841,0.04556,0.01247,0.01616,26.83,26.5,26.46,72.33
13001,2.117,3.113,4.757,10.23,,,1.607,2.01,0.6704,0.5001,,,1.061,1.108,1.065,1.106,1.193,1.351,1.264,1.46,1.046,1.07,0.9591,0.9757,0.9831,0.9818,1.677,1.852,1.413,1.541,1.125,1.133,15.46,58.46,73.61,1.546,2.019,2.119,0.05924,0.02201,0.01474,28.47,27.3,27.78,73.06
13003,2.215,3.281,5.329,12.14,,,1.701,2.164,0.6839,0.5146,,,1.074,1.093,1.068,1.101,1.225,1.325,1.24,1.376,1.05,1.066,0.9444,0.9667,0.9814,0.9834,1.597,1.761,1.381,1.511,1.117,1.144,14.58,58.36,75.54,1.668,2.127,2.3,0.06591,0.01923,0.02006,28.19,26.62,27.25,77.72
13005,2.235,3.325,5.099,11.33,,,1.544,1.898,0.6424,0.4536,,,1.063,1.085,1.063,1.074,1.166,1.308,1.202,1.387,1.039,1.061,0.9444,0.9613,0.9837,0.9836,1.705,1.886,1.421,1.553,1.1,1.106,13.99,58.04,74.42,1.95,2.322,2.381,0.05428,0.01834,0.007951,29.49,27.85,28.35,72.69
13007,2.082,3.039,4.931,10.89,,,1.492,1.819,0.6741,0.5015,,,1.094,1.126,1.122,1.127,1.179,1.317,1.227,1.443,1.049,1.072,0.974,0.9868,0.9826,0.9857,1.625,1.791,1.383,1.509,1.134,1.133,17.09,61.44,78.06,2.257,3.015,3.022,0.06011,0.01345,0.01634,27.28,26.57,26.92,77.34
13009,1.921,2.791,3.166,5.826,,,1.811,2.386,0.7444,0.6004,,,1.061,1.112,1.056,1.086,1.193,1.384,1.197,1.511,1.045,1.064,0.9524,0.9578,0.9855,0.9831,1.79,1.978,1.439,1.584,1.142,1.145,17.2,54.29,67.71,1.81,2.463,2.453,0.3913,0.1144,0.0936,28.68,27.31,27.46,60.71
13011,2.443,4.153,,,,,2.506,3.785,0.7421,0.5979,,,1.074,1.147,1.064,1.13,1.274,1.442,1.364,1.557,1.059,1.081,0.9904,1.007,0.9869,0.9865,2.39,2.86,1.516,1.699,1.13,1.134,5.527,24.94,34.57,2.561,3.563,3.496,0.8421,0.2443,0.1677,24.89,24.65,25.07,29.5
13013,2.216,3.657,,,,,2.523,3.881,0.7192,0.5669,,,1.069,1.129,1.043,1.096,1.232,1.399,1.368,1.584,1.044,1.061,0.9923,0.9891,0.9878,0.9884,2.085,2.449,1.469,1.647,1.124,1.108,7.613,30.17,41.27,2.246,3.206,3.135,0.7513,0.1881,0.1268,25.4,25.2,25.12,37.98
13015,2.5,4.196,,,,,2.398,3.585,0.7662,0.6221,,,1.099,1.146,1.116,1.151,1.276,1.416,1.368,1.51,1.049,1.066,0.9902,1.008,0.9909,0.9902,2.378,2.753,1.512,1.68,1.112,1.117,5.744,30.65,41.52,2.312,3.007,3.215,1.613,0.5032,0.4227,25.03,24.79,25.24,33.63
13017,2.011,3.021,4.429,9.648,,,1.44,1.735,0.6201,0.4275,,,1.082,1.12,1.116,1.135,1.235,1.368,1.25,1.44,1.053,1.089,0.9783,0.9877,0.9815,0.9825,1.565,1.72,1.351,1.47,1.114,1.133,17.34,55.88,71.96,2.096,2.659,2.883,0.1031,0.02821,0.01809,28.98,28.35,28.63,76.84
13019,2.307,3.513,,,,,1.649,2.087,0.6709,0.4926,,,1.082,1.113,1.086,1.129,1.204,1.325,1.233,1.37,1.05,1.065,0.9664,0.9839,0.9838,0.9875,1.629,1.804,1.368,1.498,1.105,1.126,13.15,54.21,70.96,2.345,2.889,3.131,0.0886,0.0259,0.02273,28.99,28.02,28.53,73.72
13021,1.977,2.898,3.999,7.822,,,1.655,2.126,0.6699,0.4914,,,1.072,1.145,1.055,1.118,1.2,1.389,1.204,1.476,1.049,1.069,0.9737,0.9708,0.9843,0.9823,1.768,1.968,1.438,1.58,1.129,1.102,16.71,55.5,69.84,1.65,2.151,2.145,0.2043,0.04866,0.01579,27.97,27.23,27.15,64.28
13023,1.919,2.818,3.283,6.363,,,1.602,2.026,0.6765,0.5072,,,1.079,1.161,1.122,1.174,1.226,1.425,1.269,1.585,1.045,1.076,0.9665,0.9588,0.9814,0.9811,1.63,1.804,1.393,1.522,1.153,1.136,18.81,56.8,71.29,1.452,1.971,2.095,0.18,0.05554,0.03212,27.79,26.86,26.65,71.68
13025,2.127,3.167,4.919,10.62,,,1.552,1.924,0.6745,0.4988,,,1.075,1.075,1.094,1.046,1.181,1.294,1.198,1.36,1.042,1.066,0.9684,0.9695,0.9862,0.9868,1.647,1.838,1.376,1.496,1.115,1.134,14.53,52.84,67.6,1.908,2.429,2.537,0.03204,0.007377,0.01373,28.56,27.66,27.69,71.55
13027,2.423,3.765,,,,,1.604,2.011,0.6387,0.4474,,,1.079,1.099,1.086,1.061,1.191,1.302,1.202,1.322,1.043,1.062,0.9847,1.006,0.9867,0.9885,1.635,1.811,1.375,1.504,1.105,1.122,12.25,55.28,73.42,2.415,3.062,3.251,0.05137,0.02244,0.01889,28.72,28.28,28.88,76.86
13029,2.041,3.075,4.004,8.392,,,1.381,1.646,0.6504,0.4798,,,1.034,1.088,1.019,1.078,1.107,1.232,1.258,1.323,1.045,1.07,0.9541,0.9628,0.9824,0.98,1.758,1.946,1.385,1.497,1.133,1.165,13.61,49.43,62.28,1.64,2.22,2.231,0.07388,0.02653,0.0163,28.51,27.2,27.45,63.69
13031,1.996,2.978,3.621,7.411,,,1.504,1.85,0.6391,0.4556,,,1.04,1.097,1.04,1.079,1.165,1.34,1.305,1.48,1.056,1.089,0.9593,0.9605,0.9833,0.9806,1.7,1.875,1.389,1.506,1.105,1.143,15.82,53.14,66.63,1.58,2.088,2.188,0.1367,0.04686,0.02607,28.52,27.36,27.39,67.08
13033,1.919,2.824,3.08,5.72,,,1.727,2.241,0.7016,0.5393,,,1.063,1.109,1.067,1.086,1.22,1.423,1.318,1.54,1.053,1.08,0.9666,0.964,0.9847,0.981,1.777,1.962,1.432,1.562,1.152,1.155,15.95,53.46,65.78,1.313,1.763,1.906,0.2569,0.07545,0.04679,28.09,27.15,27.08,62.03
13035,2.33,3.761,,,,,2.027,2.854,0.7081,0.539,,,1.05,1.106,0.9866,1.089,1.229,1.378,1.286,1.472,1.049,1.071,0.9632,0.9718,0.9839,0.9832,2.099,2.411,1.453,1.609,1.159,1.133,8.669,37.39,49.87,1.678,2.197,2.189,0.5464,0.1533,0.1202,26.27,25.3,25.53,43.91
13037,2.181,3.283,5.108,11.17,,,1.539,1.901,0.6739,0.4928,,,1.093,1.135,1.138,1.13,1.177,1.326,1.231,1.439,1.047,1.069,0.9659,0.9748,0.985,0.9877,1.725,1.919,1.395,1.525,1.13,1.118,14.82,55.47,72.29,2.635,3.344,3.275,0.09019,0.02059,0.02575,28.2,27.24,27.49,70.01
13039,2.461,3.996,,,,,1.268,1.453,0.5591,0.3514,,,1.061,1.078,1.05,1.046,1.149,1.232,1.132,1.284,1.044,1.071,0.9664,0.9633,0.9853,0.9879,1.95,2.214,1.357,1.468,1.101,1.111,8.958,38.22,52.03,2.28,2.896,2.996,0.009294,0.00238,0.00579,28.04,27.1,27.01,53.16
13043,1.944,2.853,3.605,7.26,,,1.506,1.858,0.6362,0.4576,,,1.052,1.104,1.066,1.086,1.196,1.384,1.252,1.486,1.06,1.085,0.9621,0.9602,0.9828,0.9794,1.606,1.773,1.381,1.504,1.095,1.145,18.84,58.01,72.75,1.582,2.155,2.297,0.1066,0.03453,0.01766,28.63,27.55,27.49,74.21
13045,2.907,5.388,,,,,2.722,4.668,0.7633,0.6203,,,1.083,1.14,1.06,1.134,1.255,1.384,1.431,1.56,1.05,1.071,0.9818,0.9995,0.9873,0.9873,2.523,3.053,1.51,1.692,1.109,1.112,3.249,21.6,31.55,2.459,3.194,3.294,1.084,0.3375,0.3026,25.99,25.51,25.97,27.74
13047,2.499,4.205,,,,,2.239,3.249,0.7554,0.6076,,,1.111,1.143,1.099,1.144,1.323,1.463,1.397,1.638,1.05,1.074,0.9986,1.007,0.9894,0.9885,2.592,2.999,1.571,1.749,1.114,1.123,5.498,32.67,43.2,2.487,3.194,3.334,2.952,0.7838,0.6117,24.52,24.48,24.69,30.64
13049,1.976,2.807,4.762,10.61,,,1.547,1.903,0.6329,0.4458,,,1.063,1.064,1.072,1.019,1.143,1.242,1.146,1.304,1.039,1.066,0.9583,0.9532,0.9854,0.9874,1.539,1.692,1.368,1.484,1.115,1.145,18.74,65.32,81.25,2.251,2.819,2.996,0.01053,0.001341,0.002383,29.19,27.98,27.83,85.41
13051,2.191,3.464,,,,,1.32,1.552,0.6541,0.4836,,,1.026,1.076,1.033,1.093,1.086,1.187,1.143,1.26,1.05,1.06,0.9594,0.9738,0.9861,0.9851,1.887,2.11,1.379,1.487,1.113,1.135,10.41,40.21,51.89,2.171,2.772,2.783,0.07417,0.02175,0.01721,29.3,28.11,28.53,54.37
13053,2.147,3.24,5.102,10.94,,,1.574,1.966,0.6486,0.4606,,,1.074,1.124,1.127,1.131,1.203,1.353,1.222,1.407,1.042,1.065,0.9724,0.9838,0.9836,0.9844,1.823,2.042,1.431,1.575,1.17,1.145,13.12,52.04,66.96,1.549,2.251,2.111,0.2063,0.03612,0.02494,26.67,25.93,26.24,61.17
13055,2.642,4.508,,,,,3.17,5.178,0.7855,0.6435,,,1.11,1.147,1.119,1.151,1.298,1.438,1.399,1.561,1.054,1.071,0.9929,1.008,0.989,0.988,2.369,2.779,1.531,1.717,1.103,1.115,5.506,28.93,39.62,2.809,3.571,3.793,2.421,0.8422,0.6666,25.74,25.55,25.93,32.28
13057,2.794,5.072,,,,,2.623,4.104,0.7554,0.6081,,,1.092,1.156,1.101,1.148,1.27,1.436,1.328,1.517,1.053,1.074,0.9936,1.006,0.9903,0.9885,2.673,3.178,1.53,1.706,1.105,1.121,3.697,22.67,32.3,2.575,3.352,3.508,2.084,0.6261,0.5038,24.75,24.59,24.91,25.48
13059,1.923,2.96,3.709,7.541,,,1.866,2.54,0.6578,0.4897,,,1.057,1.141,1.055,1.127,1.216,1.389,1.277,1.476,1.041,1.065,0.9698,0.9885,0.9877,0.9875,1.966,2.265,1.469,1.634,1.125,1.118,11.46,37.66,49.22,1.781,2.558,2.467,0.6944,0.116,0.06271,25.72,24.94,25.42,44.86
13061,2.076,3.084,4.804,10.34,,,1.561,1.943,0.6791,0.5022,,,1.089,1.118,1.129,1.134,1.178,1.316,1.204,1.443,1.04,1.064,0.9786,0.9874,0.9844,0.9888,1.722,1.93,1.388,1.517,1.143,1.122,14.83,55.12,70.1,2.776,3.514,3.331,0.1075,0.02645,0.02725,27.4,26.82,27.06,67.52
13063,2.502,4.361,,,,,1.631,2.082,0.6293,0.4543,,,1.068,1.14,1.024,1.12,1.263,1.408,1.317,1.488,1.061,1.084,0.987,1.001,0.9897,0.9872,2.43,2.851,1.488,1.646,1.125,1.104,5.425,28.5,39.68,1.789,2.477,2.466,0.9183,0.1662,0.1265,26.31,25.97,26.35,32.65
13065,2.205,3.241,,,,,1.769,2.286,0.676,0.5031,,,1.084,1.078,1.084,1.05,1.181,1.287,1.194,1.348,1.044,1.056,0.96,0.973,0.9856,0.987,1.58,1.738,1.379,1.506,1.115,1.131,14.53,60.38,77.59,2.265,2.82,3.006,0.02604,0.009224,0.009611,28.81,27.66,28.03,80.03
13067,2.431,4.118,,,,,2.396,3.546,0.75,0.6026,,,1.088,1.151,1.097,1.148,1.247,1.393,1.368,1.543,1.049,1.07,0.9918,1.017,0.9907,0.989,2.446,2.862,1.532,1.709,1.114,1.127,5.511,30.08,41.22,2.027,2.696,2.806,2.09,0.6446,0.4924,24.93,24.73,25.37,32.12
13069,2.122,3.131,4.533,9.998,,,1.591,1.983,0.6742,0.5035,,,1.077,1.103,1.065,1.094,1.238,1.336,1.259,1.387,1.049,1.068,0.953,0.9639,0.9803,0.9811,1.595,1.759,1.387,1.515,1.094,1.12,15.97,58.48,75.05,1.774,2.247,2.412,0.1142,0.03596,0.03403,29.05,27.68,28,77.47
13071,2.235,3.441,,,,,1.569,1.954,0.6322,0.4431,,,1.075,1.099,1.076,1.084,1.201,1.293,1.246,1.34,1.041,1.068,0.9902,0.9975,0.9849,0.9889,1.655,1.844,1.384,1.513,1.119,1.137,14.3,54.44,71.54,2.172,2.683,2.955,0.05137,0.01541,0.01492,27.85,27.57,27.78,73.62
13073,2.026,3.053,3.298,6.452,,,2.042,2.891,0.7457,0.5985,,,1.054,1.105,1.012,1.079,1.231,1.403,1.27,1.489,1.048,1.072,0.957,0.9516,0.9839,0.9817,1.775,1.985,1.438,1.585,1.153,1.145,14.17,47.82,60.76,1.752,2.467,2.407,0.5024,0.124,0.07461,28.28,27.07,26.91,57.02
13075,2.346,3.619,,,,,1.607,2.015,0.6432,0.4541,,,1.07,1.1,1.083,1.12,1.178,1.28,1.205,1.291,1.042,1.055,0.9922,1.01,0.9855,0.9894,1.646,1.828,1.377,1.508,1.11,1.136,12.65,54.14,71.4,2.329,2.795,3.144,0.06752,0.02033,0.01961,27.2,26.99,27.48,73.77
13077,2.533,4.397,,,,,2.294,3.454,0.7152,0.5552,,,1.074,1.146,1.038,1.141,1.262,1.379,1.347,1.478,1.052,1.073,0.9889,0.9998,0.9881,0.9859,2.262,2.651,1.471,1.634,1.134,1.109,5.623,29.15,40.87,1.872,2.64,2.677,0.686,0.1938,0.1751,25.81,25.53,25.81,36.91
13079,2.053,3.092,4.222,8.566,,,1.854,2.491,0.6873,0.5163,,,1.061,1.144,1.062,1.129,1.208,1.393,1.227,1.481,1.043,1.069,0.9758,0.9863,0.9819,0.9824,1.852,2.074,1.449,1.596,1.141,1.109,13.97,50.73,64.57,1.531,2.138,2.09,0.225,0.05465,0.0351,26.91,26.26,26.54,59.05
13081,1.914,2.791,3.748,7.731,,,1.5,1.84,0.6734,0.5041,,,1.09,1.168,1.142,1.216,1.21,1.405,1.278,1.649,1.058,1.091,0.9716,0.9866,0.9827,0.9851,1.57,1.721,1.361,1.485,1.142,1.145,18.27,60.76,76.72,2.029,2.743,2.809,0.1017,0.03039,0.0138,29.88,29.03,29.48,78.02
13083,3.156,6.002,,,,,4.152,7.702,0.8059,0.6779,,,1.106,1.141,1.087,1.15,1.317,1.469,1.379,1.593,1.053,1.071,1.017,1.003,0.9897,0.9877,3.05,3.731,1.605,1.816,1.098,1.114,2.464,18.21,26.86,3.012,3.875,4.09,4.278,1.64,1.283,23.43,23.83,23.5,19.07
13085,3.286,6.397,,,,,3.054,5.506,0.7581,0.6092,,,1.085,1.167,1.092,1.149,1.283,1.443,1.323,1.498,1.057,1.083,1.004,1.024,0.989,0.9873,3.212,3.967,1.612,1.815,1.085,1.086,1.763,14.77,22.15,3.435,4.371,4.545,2.453,0.8796,0.645,23.47,23.56,24.03,16.08
13087,2.063,3.033,,,,,1.504,1.836,0.6709,0.5007,,,1.099,1.112,1.11,1.089,1.187,1.282,1.223,1.355,1.051,1.068,0.9911,0.9923,0.9839,0.9871,1.64,1.804,1.376,1.499,1.114,1.135,16.65,61.01,76.96,2.684,3.363,3.497,0.06559,0.01632,0.01887,27.84,27.59,27.62,77.88
13089,2.468,4.251,,,,,1.911,2.59,0.6773,0.5098,,,1.081,1.148,1.059,1.125,1.255,1.415,1.316,1.519,1.05,1.072,0.9846,1.01,0.988,0.9861,2.469,2.911,1.504,1.674,1.14,1.131,5.35,28.05,39.08,1.492,2.12,2.149,1.118,0.2473,0.1902,24.65,24.27,24.89,31.47
13091,1.909,2.81,3.234,6.336,,,1.533,1.908,0.6777,0.5106,,,1.088,1.14,1.132,1.15,1.245,1.407,1.281,1.57,1.045,1.082,0.9741,0.9823,0.9839,0.9829,1.555,1.71,1.36,1.481,1.122,1.115,19.78,56.87,71.72,2.03,2.662,2.803,0.207,0.07241,0.05747,28.88,28.14,28.37,76.1
13093,1.967,2.896,3.924,8.043,,,1.574,1.964,0.6695,0.4961,,,1.09,1.183,1.135,1.219,1.216,1.432,1.278,1.661,1.055,1.089,0.9734,0.9895,0.9809,0.9828,1.636,1.801,1.384,1.514,1.155,1.143,17.05,58.32,74.08,1.781,2.355,2.461,0.1226,0.03978,0.01695,28.36,27.61,28.06,73.3
13095,1.981,2.831,4.214,8.797,,,1.466,1.781,0.7088,0.5442,,,1.104,1.14,1.148,1.177,1.213,1.361,1.327,1.564,1.054,1.075,0.9783,0.9857,0.9849,0.9865,1.618,1.776,1.38,1.506,1.128,1.128,18.57,62.5,77.87,1.956,2.658,2.692,0.134,0.03732,0.03643,27.69,27.09,27.29,76.1
13097,2.596,4.612,,,,,2.367,3.585,0.7254,0.5712,,,1.101,1.148,1.088,1.148,1.241,1.368,1.353,1.472,1.048,1.07,0.984,1.005,0.9893,0.988,2.463,2.921,1.499,1.671,1.122,1.123,4.219,25.64,36.31,2.005,2.695,2.714,1.155,0.3142,0.2554,25.32,24.91,25.44,30.84
13099,2.034,2.967,4.719,10.24,,,1.553,1.916,0.6858,0.5192,,,1.093,1.125,1.119,1.113,1.187,1.311,1.24,1.421,1.045,1.07,0.9799,0.9808,0.9836,0.9868,1.678,1.857,1.406,1.536,1.13,1.12,16.58,61.97,78.14,2.618,3.373,3.345,0.121,0.02879,0.03738,27.29,26.74,26.77,74.15
13101,2.385,3.589,,,,,1.674,2.116,0.6483,0.4682,,,1.074,1.079,1.06,1.033,1.171,1.276,1.173,1.315,1.039,1.046,0.9635,0.9696,0.9872,0.9898,1.602,1.767,1.38,1.503,1.106,1.119,12.31,59.06,76.94,2.061,2.511,2.717,0.01621,0.003012,0.006152,28.03,27.01,27.18,80.18
13103,1.995,3.018,3.747,7.877,,,1.422,1.716,0.645,0.4632,,,1.039,1.096,1.022,1.085,1.121,1.264,1.213,1.306,1.053,1.073,0.9608,0.9676,0.983,0.98,1.78,1.969,1.395,1.508,1.133,1.152,14.57,49.3,61.98,1.525,2.09,2.132,0.121,0.03926,0.02156,27.83,26.74,26.93,62.61
13105,2.154,3.46,3.659,7.44,,,2.209,3.205,0.7561,0.6148,,,1.081,1.119,1.091,1.097,1.274,1.428,1.321,1.476,1.056,1.071,0.9535,0.98,0.9867,0.987,2.012,2.329,1.448,1.615,1.171,1.149,9.618,32.11,43.28,1.871,2.813,2.808,0.5492,0.1229,0.06302,27.61,26.33,27.06,40.94
13107,1.934,2.824,3.35,6.605,,,1.596,2.019,0.6707,0.5015,,,1.065,1.12,1.087,1.115,1.205,1.405,1.226,1.498,1.056,1.082,0.9735,0.9659,0.986,0.981,1.625,1.796,1.392,1.518,1.133,1.15,18.48,57.84,71.96,1.47,1.983,2.032,0.1396,0.04521,0.02116,28.05,27.31,27.09,71.31
13109,1.981,2.883,3.907,8.044,,,1.474,1.786,0.6542,0.4785,,,1.04,1.11,1.029,1.108,1.153,1.32,1.263,1.445,1.054,1.078,0.957,0.9624,0.9816,0.9789,1.659,1.826,1.382,1.501,1.118,1.147,16.86,57.65,71.58,1.451,2.022,2.204,0.08109,0.03714,0.01975,29.19,27.94,28.1,71.09
13111,,,,,,,,,0.8312,0.7146,,,1.117,1.169,1.108,1.155,1.345,1.461,1.418,1.574,1.058,1.072,1.009,1.029,0.9901,0.9874,5.805,7.835,1.85,2.147,1.097,1.11,0.3747,6.349,11.5,2.703,3.386,3.627,5.829,2.234,1.7,21.06,21.25,21.67,6.026
13113,2.575,4.481,,,,,1.858,2.494,0.6691,0.4996,,,1.066,1.131,1.011,1.105,1.268,1.383,1.331,1.465,1.056,1.078,0.9771,0.999,0.9879,0.9855,2.418,2.826,1.487,1.648,1.14,1.119,5.22,29.19,40.78,1.55,2.177,2.2,0.8098,0.2026,0.1622,25.33,24.75,25.3,33.78
13115,2.418,3.944,,,,,2.377,3.526,0.7642,0.612,,,1.102,1.141,1.106,1.14,1.282,1.41,1.4,1.526,1.05,1.066,0.997,1.005,0.989,0.9886,2.323,2.697,1.527,1.703,1.118,1.12,6.715,33.22,44.2,2.177,2.829,3.017,1.562,0.5142,0.432,24.73,24.65,24.86,35.53
13117,2.878,5.163,,,,,2.709,4.302,0.7466,0.5955,,,1.09,1.177,1.093,1.161,1.29,1.459,1.317,1.541,1.063,1.083,0.9952,1.008,0.9891,0.9867,2.763,3.282,1.555,1.735,1.107,1.113,3.022,20.86,29.43,2.697,3.705,3.792,1.943,0.6531,0.479,24.57,24.46,24.78,22.75
13119,2.303,3.826,,,,,2.246,3.244,0.7155,0.5594,,,1.083,1.145,1.091,1.133,1.294,1.433,1.405,1.54,1.057,1.07,0.9668,0.9914,0.9871,0.9865,2.241,2.633,1.484,1.66,1.13,1.122,6.934,29.91,41.04,2.036,2.98,2.945,0.5802,0.161,0.1159,25.49,24.65,25.27,35.5
13121,2.567,4.491,,,,,1.947,2.693,0.7025,0.5422,,,1.086,1.151,1.073,1.136,1.259,1.409,1.323,1.511,1.051,1.073,0.9864,1.009,0.9896,0.9876,2.489,2.928,1.508,1.675,1.115,1.117,4.648,27.07,37.75,1.763,2.451,2.457,1.444,0.3944,0.2922,24.94,24.6,25.16,30.74
13123,3.984,9.186,,,,,4.676,11.68,0.8036,0.6726,,,1.116,1.166,1.114,1.162,1.329,1.457,1.38,1.55,1.054,1.069,1.012,1.031,0.9902,0.9885,4.057,5.387,1.679,1.924,1.083,1.082,0.7919,7.561,12.88,3.065,3.859,4.068,4.43,1.666,1.28,22.15,22.42,22.83,9.143
13125,2.062,3.181,3.869,7.663,,,1.868,2.516,0.7062,0.5468,,,1.055,1.093,1.03,1.046,1.226,1.411,1.258,1.501,1.048,1.067,0.9532,0.966,0.9851,0.9825,1.856,2.094,1.43,1.572,1.156,1.151,12.85,43.34,55.8,2.121,2.988,2.88,0.3593,0.1165,0.0656,29.38,28,28.38,53.36
13127,2.483,4.075,,,,,1.241,1.412,0.5703,0.3698,,,1.059,1.083,1.031,1.038,1.139,1.213,1.142,1.293,1.042,1.068,0.9577,0.969,0.9877,0.9886,1.967,2.236,1.352,1.461,1.092,1.089,8.379,35.73,48.8,2.558,3.09,3.15,0.0122,0.001486,0.005839,29.78,28.53,28.86,50.04
13129,2.425,4.111,,,,,2.603,4.064,0.7667,0.6193,,,1.116,1.155,1.124,1.155,1.303,1.438,1.375,1.509,1.052,1.068,0.9848,1.003,0.9904,0.9897,2.25,2.588,1.492,1.663,1.104,1.112,6.308,30.28,41.2,2.411,3.158,3.406,1.709,0.5833,0.4957,25.19,24.8,25.26,36.01
13131,2.439,3.826,,,,,1.575,1.957,0.6502,0.4736,,,1.1,1.114,1.12,1.095,1.209,1.314,1.225,1.358,1.044,1.067,0.9896,0.9981,0.9824,0.9866,1.673,1.86,1.368,1.495,1.113,1.128,11.5,51.22,67.8,2.487,3.072,3.262,0.03389,0.007759,0.0121,28.13,27.84,28.08,71.81
13133,1.925,2.872,3.242,6.123,,,1.874,2.527,0.7013,0.537,,,1.081,1.127,1.081,1.106,1.231,1.413,1.262,1.447,1.05,1.074,0.9387,0.959,0.9852,0.9839,1.923,2.165,1.453,1.6,1.14,1.128,13.74,45.55,57.62,1.847,2.636,2.59,0.4392,0.1233,0.06841,27.78,26.08,26.64,51.63
13135,2.491,4.259,,,,,2.54,3.876,0.725,0.5693,,,1.081,1.151,1.065,1.129,1.277,1.436,1.342,1.55,1.053,1.071,0.9868,0.9941,0.9882,0.9871,2.396,2.835,1.505,1.683,1.115,1.112,4.923,25.77,35.66,2.176,3.027,3.007,1.224,0.3639,0.2732,25.03,24.69,24.88,30.08
13137,3.812,7.927,,,,,4.272,8.554,0.7817,0.6462,,,1.101,1.164,1.104,1.151,1.294,1.415,1.36,1.513,1.064,1.09,0.9872,1.009,0.9871,0.9847,3.727,4.739,1.683,1.915,1.128,1.129,1.125,12.35,19.53,3.411,4.527,4.597,1.396,0.4728,0.3522,23.16,22.86,23.36,13.12
13139,2.7,4.69,,,,,2.621,4.068,0.7433,0.5922,,,1.081,1.168,1.067,1.148,1.287,1.458,1.348,1.567,1.062,1.084,1.002,1.007,0.9884,0.9866,2.691,3.211,1.56,1.745,1.117,1.119,3.447,21.62,29.9,2.731,3.637,3.641,1.47,0.5089,0.3576,23.96,24.01,24.13,23.21
13141,2.004,3.018,3.585,6.86,,,1.881,2.524,0.7256,0.5734,,,1.076,1.117,1.066,1.094,1.23,1.388,1.272,1.495,1.043,1.059,0.9425,0.9583,0.9845,0.9828,1.903,2.128,1.444,1.588,1.143,1.151,13.63,46.46,59.01,1.651,2.334,2.231,0.3759,0.1183,0.07082,28.31,26.68,27.13,53.23
13143,3.172,5.925,,,,,3.18,5.922,0.7846,0.6479,,,1.081,1.128,1.078,1.13,1.232,1.359,1.447,1.589,1.047,1.071,0.9726,1,0.9867,0.9877,2.765,3.393,1.566,1.767,1.125,1.134,2.49,20.42,29.9,2.374,3.105,3.188,1.405,0.4387,0.3951,24.97,24.28,24.97,23.75
13145,2.37,3.828,,,,,1.914,2.633,0.7054,0.5434,,,1.063,1.115,1.045,1.116,1.237,1.341,1.293,1.395,1.042,1.065,0.9789,0.9922,0.9835,0.9856,2.049,2.355,1.457,1.615,1.154,1.129,8.074,38.17,51.2,1.897,2.709,2.638,0.3994,0.09229,0.07635,26.72,26.15,26.51,46.33
13147,2.115,3.444,3.225,6.892,,,2.056,2.906,0.7085,0.5489,,,1.097,1.141,1.133,1.134,1.303,1.421,1.325,1.443,1.057,1.062,0.9588,0.9806,0.9855,0.9857,1.997,2.324,1.434,1.599,1.159,1.139,9.109,30.95,41.97,1.716,2.507,2.479,0.5458,0.1395,0.08817,26.34,25.26,25.83,39.7
13149,2.366,3.926,,,,,2.518,4,0.7536,0.6038,,,1.095,1.161,1.069,1.17,1.278,1.399,1.349,1.532,1.057,1.073,0.9774,0.9834,0.988,0.987,2.125,2.466,1.475,1.645,1.126,1.11,7.106,33.67,45.97,2.459,3.303,3.353,0.6634,0.1847,0.1584,26.97,26.36,26.52,41.74
13151,2.53,4.294,,,,,1.876,2.518,0.679,0.5094,,,1.063,1.131,1.01,1.113,1.261,1.407,1.325,1.481,1.056,1.079,0.9743,0.9905,0.9865,0.9848,2.356,2.749,1.479,1.642,1.142,1.111,6.173,31.19,43.12,1.719,2.385,2.404,0.7721,0.1983,0.1568,25.96,25.3,25.72,35.43
13153,1.984,2.915,3.891,7.718,,,1.61,2.03,0.6619,0.4822,,,1.081,1.167,1.119,1.17,1.219,1.409,1.217,1.491,1.05,1.071,0.9746,0.9759,0.9818,0.982,1.735,1.923,1.426,1.564,1.15,1.127,16.84,56.92,71.73,1.513,2.054,2.042,0.1547,0.0428,0.01334,27.61,26.91,26.94,66.85
13155,2.191,3.345,,,,,1.486,1.807,0.6316,0.4407,,,1.083,1.122,1.113,1.146,1.229,1.374,1.241,1.423,1.052,1.088,0.9682,0.9775,0.9801,0.9824,1.62,1.791,1.361,1.485,1.125,1.146,14.24,53.35,69.44,1.876,2.327,2.584,0.1274,0.03483,0.02471,28.51,27.61,27.87,72.44
13157,2.161,3.515,,,,,2.306,3.409,0.7228,0.5733,,,1.069,1.141,1.053,1.113,1.27,1.443,1.4,1.595,1.052,1.073,0.9856,0.9998,0.9874,0.9873,2.127,2.502,1.474,1.649,1.122,1.118,7.773,29.14,39.4,2.087,2.929,2.873,0.8193,0.2121,0.1318,24.38,24.03,24.38,36.09
13159,2.254,3.57,,,,,2.006,2.853,0.7195,0.5513,,,1.056,1.114,1.002,1.089,1.199,1.386,1.241,1.482,1.046,1.07,0.9578,0.9596,0.9854,0.9844,1.977,2.258,1.438,1.592,1.138,1.13,9.951,39.5,52.45,1.962,2.504,2.528,0.5513,0.1732,0.1338,28.2,27.01,27.06,47.85
13161,2.16,3.209,4.765,10.57,,,1.615,2.033,0.6898,0.5271,,,1.072,1.098,1.088,1.08,1.217,1.351,1.25,1.413,1.048,1.07,0.9492,0.9829,0.9823,0.9809,1.675,1.849,1.411,1.543,1.101,1.121,14.49,57.05,72.77,1.77,2.167,2.295,0.1198,0.04555,0.0339,28.4,26.96,27.91,72.29
13163,1.92,2.845,3.319,6.388,,,1.697,2.196,0.6795,0.5127,,,1.068,1.122,1.09,1.118,1.223,1.442,1.23,1.525,1.048,1.082,0.9699,0.9697,0.9857,0.9826,1.762,1.958,1.424,1.557,1.167,1.159,16.37,51.98,64.97,1.697,2.375,2.373,0.2544,0.07553,0.0392,28.29,27.44,27.43,62.25
13165,1.915,2.817,3.31,6.44,,,1.649,2.115,0.6923,0.5293,,,1.067,1.125,1.079,1.111,1.185,1.4,1.4,1.693,1.055,1.082,0.9587,0.9521,0.9842,0.9789,1.663,1.826,1.405,1.53,1.143,1.158,16.81,55.96,69.34,1.407,1.93,2.04,0.1586,0.04935,0.03093,28.07,26.91,26.73,68.99
13167,1.908,2.773,3.179,6.015,,,1.681,2.169,0.6951,0.53,,,1.073,1.151,1.109,1.159,1.209,1.424,1.201,1.509,1.051,1.083,0.9732,0.9653,0.9853,0.9819,1.682,1.859,1.408,1.536,1.168,1.159,18.41,55.69,68.66,1.178,1.733,1.686,0.2312,0.06821,0.03759,27.22,26.49,26.28,67.21
13169,2.066,3.107,4.068,8.08,,,1.889,2.558,0.7143,0.5489,,,1.059,1.126,1.031,1.115,1.189,1.382,1.191,1.474,1.045,1.069,0.9615,0.9676,0.9832,0.9812,1.861,2.081,1.443,1.589,1.156,1.137,13.92,49.87,63.72,1.455,1.903,1.914,0.2912,0.07818,0.05732,26.97,25.93,26.1,57.65
13171,2.284,3.696,,,,,2.214,3.223,0.713,0.5503,,,1.039,1.105,0.9836,1.079,1.231,1.359,1.288,1.431,1.051,1.071,0.968,0.9752,0.9848,0.983,2.158,2.477,1.472,1.631,1.163,1.133,8.487,37.57,49.77,1.661,2.228,2.202,0.4929,0.1363,0.1163,26.29,25.44,25.63,43.09
13173,2.328,3.524,,,,,1.802,2.35,0.6799,0.5093,,,1.097,1.098,1.105,1.106,1.197,1.282,1.219,1.336,1.047,1.047,0.9674,1.001,0.9849,0.9883,1.609,1.775,1.375,1.505,1.108,1.123,12.67,55.81,73.42,2.123,2.518,2.747,0.03844,0.01281,0.01256,27.64,26.74,27.66,76.88
13175,1.794,2.553,2.825,5.225,,,1.651,2.131,0.7018,0.5397,,,1.073,1.156,1.108,1.159,1.219,1.416,1.226,1.536,1.043,1.079,0.9672,0.9653,0.9842,0.9813,1.567,1.714,1.387,1.51,1.125,1.125,22.95,61.32,74.88,1.461,2.006,2.066,0.2427,0.07256,0.05262,28.06,27.14,27.08,76.98
13177,1.999,2.902,4.317,8.907,,,1.528,1.883,0.693,0.5263,,,1.096,1.154,1.148,1.182,1.211,1.385,1.27,1.535,1.053,1.076,0.9763,0.985,0.9831,0.9851,1.647,1.815,1.377,1.504,1.149,1.146,17.44,58.19,73.29,1.67,2.308,2.411,0.1512,0.03765,0.03173,27.38,26.73,26.97,72.31
13179,1.99,2.974,3.901,7.958,,,1.35,1.597,0.6451,0.4741,,,1.036,1.081,1.035,1.076,1.094,1.218,1.237,1.321,1.041,1.07,0.9548,0.9562,0.9831,0.9812,1.732,1.921,1.374,1.485,1.137,1.168,14.5,50.35,63.21,1.956,2.647,2.631,0.03916,0.01529,0.01291,29.67,28.33,28.37,65.1
13181,2.024,3.105,3.441,6.965,,,1.944,2.738,0.7452,0.598,,,1.074,1.106,1.037,1.074,1.204,1.341,1.266,1.427,1.055,1.07,0.9547,0.9602,0.9854,0.9843,1.784,2.003,1.416,1.564,1.137,1.128,13.66,44.18,57.16,1.884,2.726,2.658,0.5877,0.1496,0.08095,28.45,27.16,27.32,54.83
13183,1.955,2.854,3.833,7.766,,,1.418,1.704,0.6421,0.467,,,1.048,1.096,1.049,1.084,1.106,1.239,1.23,1.326,1.041,1.069,0.9691,0.9673,0.9825,0.9802,1.649,1.827,1.377,1.494,1.142,1.173,16.96,55.75,69.51,1.482,2.115,2.113,0.03631,0.01668,0.01393,28.17,27.3,27.25,71.9
13185,2.538,3.937,,,,,1.661,2.109,0.643,0.4571,,,1.076,1.077,1.089,1.053,1.169,1.25,1.183,1.28,1.037,1.042,0.9735,0.988,0.9862,0.9882,1.632,1.807,1.382,1.51,1.087,1.113,11.1,55.15,73.7,2.286,2.674,2.888,0.03467,0.01119,0.01357,28.79,28.02,28.44,77.43
13187,4,8.343,,,,,3.718,7.809,0.7864,0.6498,,,1.085,1.173,1.084,1.156,1.293,1.461,1.332,1.521,1.057,1.086,1.001,1.02,0.9884,0.9865,4.038,5.086,1.744,1.985,1.094,1.091,1.021,12.49,19.82,3.969,5.056,5.251,2.986,1.096,0.8051,22.74,22.75,23.19,11.86
13189,2.107,3.27,3.699,7.383,,,2.095,2.95,0.733,0.5838,,,1.063,1.11,1.01,1.068,1.24,1.43,1.264,1.492,1.048,1.073,0.9607,0.9598,0.9839,0.982,1.877,2.126,1.449,1.601,1.145,1.137,12.13,42.83,55.98,1.868,2.647,2.567,0.509,0.1469,0.086,27.71,26.62,26.59,51.8
13191,2.498,4.097,,,,,1.256,1.44,0.5891,0.3985,,,1.048,1.063,1.039,1.028,1.102,1.202,1.149,1.339,1.039,1.066,0.965,0.9639,0.9866,0.9864,1.987,2.238,1.354,1.46,1.117,1.131,8.112,35.53,47.9,2.355,2.975,3.021,0.02344,0.006897,0.01074,28.77,27.76,27.73,49.12
13193,2.152,3.266,4.725,9.818,,,1.763,2.297,0.6741,0.4983,,,1.088,1.174,1.144,1.174,1.198,1.407,1.223,1.526,1.049,1.078,0.9691,0.9809,0.9828,0.9836,1.82,2.028,1.424,1.565,1.131,1.11,13.56,50.7,65.92,2.057,2.734,2.722,0.1626,0.04507,0.02139,29.36,28.45,28.8,61.71
13195,2.091,3.352,,,,,2.113,3.042,0.706,0.5505,,,1.072,1.131,1.071,1.102,1.27,1.428,1.351,1.48,1.055,1.072,0.9513,0.9811,0.9854,0.9855,2.059,2.408,1.467,1.641,1.16,1.146,8.99,31.42,42.3,1.784,2.564,2.558,0.5736,0.1233,0.06812,25.56,24.32,25.08,39.24
13197,2.298,3.623,,,,,1.906,2.579,0.6845,0.5131,,,1.075,1.149,1.143,1.168,1.204,1.378,1.205,1.442,1.044,1.071,0.9802,0.9876,0.9849,0.9857,1.93,2.19,1.442,1.591,1.152,1.119,10.07,43.34,57.43,2.182,2.982,2.931,0.2359,0.05157,0.03903,27.59,27.04,27.25,53.42
13199,2.26,3.645,,,,,2.232,3.301,0.7219,0.5646,,,1.062,1.123,1.031,1.114,1.234,1.35,1.3,1.434,1.048,1.068,0.9673,0.9662,0.9856,0.9843,2.108,2.437,1.466,1.628,1.144,1.113,8.037,36.1,48.54,1.954,2.749,2.673,0.451,0.1527,0.1331,27.36,26.46,26.43,43.24
13201,1.985,2.841,5.199,11.38,,,1.522,1.861,0.6775,0.5108,,,1.093,1.119,1.12,1.103,1.166,1.291,1.176,1.351,1.052,1.075,0.9774,0.9824,0.9845,0.9874,1.583,1.734,1.391,1.514,1.123,1.122,18.98,66.29,82.48,3.072,3.763,3.713,0.07292,0.01536,0.03071,29.48,28.82,28.96,80.61
13205,2.094,3.093,4.662,10.35,,,1.505,1.846,0.6691,0.4994,,,1.095,1.124,1.114,1.112,1.208,1.329,1.236,1.371,1.049,1.074,0.9758,0.9861,0.9841,0.9867,1.628,1.8,1.38,1.507,1.126,1.137,16.87,59.26,75.83,2.38,3.02,3.191,0.04834,0.01179,0.007643,28.12,27.44,27.73,76.24
13207,2.109,3.262,4.379,8.916,,,2.01,2.845,0.7069,0.5363,,,1.034,1.095,0.9821,1.077,1.199,1.345,1.236,1.413,1.052,1.067,0.969,0.9784,0.9847,0.9834,1.974,2.227,1.459,1.61,1.149,1.134,12.32,45.21,58.57,1.848,2.341,2.314,0.3138,0.0682,0.05701,27.34,26.49,26.75,52.51
13209,2.035,3.002,4.034,8.481,,,1.571,1.974,0.6687,0.5016,,,1.063,1.107,1.083,1.09,1.199,1.362,1.215,1.454,1.045,1.068,0.971,0.9788,0.9883,0.9852,1.597,1.758,1.386,1.513,1.112,1.123,16.73,57.43,72.69,2.352,2.899,2.854,0.109,0.02654,0.01858,29.86,28.99,29.22,74.8
13211,2.07,3.205,3.705,7.411,,,1.976,2.741,0.7018,0.5337,,,1.068,1.131,1.044,1.117,1.247,1.424,1.311,1.484,1.049,1.071,0.9535,0.9647,0.9854,0.9849,1.911,2.188,1.443,1.601,1.147,1.126,11.95,42.08,55.19,1.701,2.459,2.458,0.5028,0.1459,0.08435,26.73,25.49,25.79,50.02
13213,2.824,5.122,,,,,2.703,4.422,0.7746,0.6301,,,1.121,1.154,1.128,1.159,1.331,1.456,1.385,1.539,1.053,1.062,1.019,1.037,0.9903,0.9892,2.622,3.107,1.541,1.728,1.118,1.129,3.893,23.73,33.25,2.545,3.281,3.477,3.267,1.093,0.8388,22.92,23.36,23.77,26.09
13215,2.095,3.125,4.703,10.05,,,1.463,1.772,0.6269,0.4325,,,1.058,1.102,1.07,1.115,1.186,1.302,1.228,1.327,1.038,1.057,0.9746,0.977,0.9851,0.9863,1.824,2.035,1.432,1.573,1.149,1.133,13.68,54.02,68.83,1.761,2.432,2.314,0.2357,0.03897,0.02221,27.18,26.49,26.55,61.63
13217,2.27,3.727,3.6,7.272,,,2.05,2.909,0.7124,0.5424,,,1.056,1.124,1.016,1.106,1.268,1.434,1.32,1.488,1.052,1.076,0.9671,0.9848,0.9874,0.9867,2.101,2.445,1.45,1.617,1.142,1.111,9.128,34.49,47.16,2.189,2.96,2.957,0.6693,0.1884,0.1316,27.32,26.42,26.9,41.68
13219,1.958,3.023,3.465,6.877,,,1.933,2.663,0.682,0.5141,,,1.063,1.141,1.055,1.122,1.242,1.411,1.329,1.505,1.045,1.069,0.959,0.9783,0.9856,0.9862,1.902,2.186,1.449,1.616,1.135,1.132,12.21,39.28,51.78,1.747,2.539,2.381,0.6636,0.1531,0.08715,25.51,24.46,24.96,47.44
13221,2.027,3.15,3.831,7.713,,,1.928,2.653,0.6897,0.5264,,,1.069,1.13,1.058,1.105,1.255,1.432,1.313,1.461,1.054,1.077,0.9534,0.9769,0.986,0.9855,2.002,2.302,1.465,1.63,1.159,1.154,11.11,37.76,49.87,1.754,2.617,2.589,0.5211,0.1039,0.05374,27.07,25.81,26.44,44.86
13223,2.493,4.267,,,,,2.787,4.526,0.7725,0.6304,,,1.082,1.144,1.098,1.154,1.248,1.382,1.64,1.768,1.052,1.073,0.9968,1.004,0.9894,0.989,2.462,2.896,1.539,1.723,1.122,1.124,5.192,28.77,39.79,2.409,3.174,3.347,2.004,0.6495,0.5315,25.36,25.28,25.45,31.21
13225,2.09,3.137,4.324,8.731,,,1.759,2.3,0.6782,0.5064,,,1.078,1.161,1.113,1.148,1.209,1.395,1.255,1.495,1.046,1.07,0.9758,0.9817,0.9828,0.9831,1.834,2.046,1.447,1.591,1.136,1.099,14.14,52.19,66.6,1.799,2.414,2.343,0.2375,0.05387,0.02142,27.86,27.18,27.35,60.33
13227,3.324,6.874,,,,,3.044,5.631,0.7541,0.605,,,1.102,1.158,1.11,1.145,1.297,1.452,1.341,1.528,1.053,1.072,0.9949,1.021,0.99,0.989,2.985,3.792,1.553,1.752,1.089,1.095,1.826,11.39,17.71,2.875,3.738,3.947,2.94,1.035,0.8197,23.89,23.77,24.4,15.31
13229,2.017,2.887,4.067,8.309,,,1.592,1.98,0.6924,0.5229,,,1.068,1.086,1.085,1.078,1.169,1.287,1.203,1.365,1.039,1.069,0.958,0.9604,0.9847,0.9846,1.577,1.734,1.387,1.509,1.124,1.123,18.57,62.72,77.87,1.994,2.505,2.548,0.04558,0.01419,0.01471,29.39,28.15,28.22,80.12
13231,2.282,3.686,,,,,2.207,3.162,0.7103,0.5486,,,1.048,1.11,1.002,1.077,1.229,1.351,1.286,1.419,1.052,1.078,0.966,0.9648,0.9851,0.9836,2.181,2.503,1.478,1.638,1.162,1.126,7.964,37.52,49.83,1.77,2.521,2.435,0.5253,0.1708,0.1366,26.96,26.05,26.02,42.29
13233,2.516,4.265,,,,,2.589,4.127,0.7694,0.6239,,,1.093,1.139,1.111,1.155,1.267,1.394,1.417,1.57,1.053,1.069,0.9807,0.9964,0.989,0.989,2.479,2.923,1.548,1.733,1.111,1.106,5.295,29.76,40.87,2.573,3.328,3.457,1.55,0.4801,0.4186,25.8,25.31,25.71,31.89
13235,1.922,2.807,3.323,6.5,,,1.51,1.86,0.6608,0.4843,,,1.077,1.16,1.118,1.184,1.227,1.431,1.23,1.567,1.046,1.082,0.9749,0.9828,0.9829,0.9836,1.581,1.74,1.375,1.5,1.132,1.118,19.21,59.67,75.11,2.07,2.691,2.809,0.133,0.04426,0.02519,29.01,28.28,28.51,76.25
13237,2.002,2.96,3.647,7.237,,,1.913,2.605,0.7277,0.5676,,,1.067,1.126,1.049,1.117,1.207,1.412,1.243,1.512,1.047,1.07,0.9456,0.9596,0.9843,0.983,1.793,1.994,1.434,1.577,1.141,1.137,14.65,52.52,66.39,1.631,2.21,2.169,0.3159,0.1104,0.0783,27.35,25.86,26.24,60.57
13239,2.047,3.026,4.844,10.11,,,1.647,2.101,0.7001,0.5276,,,1.083,1.119,1.137,1.154,1.211,1.334,1.251,1.418,1.04,1.058,0.9618,0.9734,0.983,0.987,1.708,1.903,1.395,1.527,1.149,1.121,16.09,55.09,69.7,2.442,3.152,3.032,0.1762,0.04434,0.03015,28.01,26.94,27.27,67.2
13241,,,,,,,,,0.8126,0.6893,,,1.109,1.152,1.118,1.122,1.286,1.392,1.377,1.546,1.056,1.083,0.9839,1.017,0.9847,0.9835,6.139,8.616,1.923,2.244,1.114,1.111,0.2278,3.999,7.549,4.531,5.614,5.853,2.392,0.9197,0.6673,21.11,20.77,21.47,4.264
13243,2.061,3.09,5.113,11.17,,,1.612,2.047,0.6667,0.4839,,,1.087,1.136,1.148,1.166,1.195,1.353,1.228,1.435,1.045,1.067,0.9626,0.9771,0.9839,0.9867,1.679,1.877,1.387,1.516,1.146,1.125,15.85,54.2,69.93,2.487,3.182,3.037,0.1416,0.04564,0.03457,28.29,27.23,27.64,69.54
13245,2.037,3.035,3.521,6.825,,,1.837,2.445,0.711,0.5573,,,1.046,1.109,1.014,1.07,1.233,1.462,1.289,1.577,1.046,1.079,0.9592,0.9554,0.9836,0.9807,1.821,2.031,1.464,1.608,1.155,1.154,14.43,52.06,64.98,1.327,1.894,1.893,0.2568,0.05237,0.02143,27.74,26.61,26.5,58.86
13247,2.358,3.974,,,,,2.038,2.851,0.6915,0.5211,,,1.062,1.137,1.024,1.123,1.252,1.415,1.293,1.463,1.052,1.076,0.9856,0.9955,0.987,0.9858,2.215,2.602,1.463,1.632,1.145,1.119,7.437,30.95,42.95,1.704,2.442,2.461,0.7432,0.181,0.1341,25.56,25.19,25.44,37.29
13249,2.258,3.512,,,,,1.902,2.555,0.6863,0.5142,,,1.088,1.17,1.16,1.192,1.197,1.4,1.193,1.506,1.051,1.079,0.9821,1,0.9836,0.9848,1.866,2.107,1.42,1.561,1.151,1.118,11.2,44.59,58.9,2.152,2.897,2.899,0.2364,0.06508,0.04057,27.64,27.15,27.64,56.48
13251,1.876,2.756,3.241,6.37,,,1.553,1.944,0.6738,0.499,,,1.055,1.096,1.053,1.078,1.172,1.321,1.294,1.436,1.05,1.074,0.9676,0.9588,0.9836,0.9798,1.692,1.855,1.395,1.514,1.144,1.161,17.49,55.22,68.19,1.504,2.042,2.109,0.1437,0.04866,0.03639,27.98,27.07,26.82,68.16
13253,2.02,2.941,5.957,13.41,,,1.461,1.759,0.6674,0.4975,,,1.087,1.106,1.09,1.085,1.178,1.274,1.198,1.323,1.048,1.07,0.9785,0.9767,0.9839,0.9862,1.6,1.755,1.381,1.502,1.125,1.133,18.3,65.02,81.41,2.825,3.423,3.559,0.08455,0.02076,0.02601,28.37,27.77,27.71,81.1
13255,2.617,4.4,,,,,2.054,2.836,0.71,0.5489,,,1.056,1.113,0.9972,1.075,1.235,1.365,1.299,1.431,1.054,1.077,0.9664,0.9744,0.9863,0.9839,2.427,2.809,1.497,1.659,1.123,1.106,5.625,32.83,44.71,2.087,2.921,2.875,0.9349,0.3187,0.263,26.87,25.96,26.18,35.29
13257,2.606,4.537,,,,,2.442,3.628,0.7223,0.5696,,,1.103,1.152,1.119,1.138,1.293,1.418,1.367,1.528,1.066,1.086,0.9779,1.007,0.9863,0.9853,2.499,2.944,1.523,1.705,1.14,1.127,4.773,27.89,39.11,2.626,3.586,3.59,0.6038,0.1735,0.137,24.61,24.07,24.79,31.08
13259,2.096,3.164,4.852,10.26,,,1.738,2.292,0.685,0.505,,,1.08,1.133,1.154,1.159,1.183,1.348,1.2,1.429,1.043,1.067,0.9654,0.9712,0.9842,0.9857,1.747,1.958,1.409,1.551,1.145,1.125,14.58,50.83,65.73,2.149,2.867,2.804,0.1845,0.04652,0.02751,28.51,27.52,27.69,64.24
13261,2.053,3.062,4.536,9.47,,,1.687,2.157,0.6834,0.5115,,,1.093,1.171,1.151,1.193,1.201,1.398,1.245,1.533,1.056,1.082,0.9789,0.9894,0.9836,0.9857,1.74,1.937,1.396,1.528,1.14,1.125,14.79,51.19,65.74,2.286,3.062,3.107,0.2658,0.06787,0.04942,28.65,28.04,28.34,64.18
13263,2.165,3.371,4.347,9.412,,,2.071,2.926,0.7076,0.55,,,1.063,1.121,1.051,1.121,1.241,1.38,1.272,1.445,1.047,1.067,0.9692,0.984,0.986,0.986,1.962,2.237,1.465,1.623,1.14,1.11,10.27,42.77,55.89,1.975,2.861,2.744,0.2728,0.07186,0.06327,28.06,27.2,27.62,50.7
13265,2.014,3.084,3.626,7.097,,,1.959,2.678,0.713,0.5568,,,1.084,1.119,1.069,1.083,1.245,1.422,1.26,1.463,1.05,1.071,0.9436,0.9576,0.9841,0.9821,1.995,2.259,1.461,1.613,1.134,1.121,12.07,42.26,54.92,1.743,2.534,2.435,0.4835,0.131,0.07754,27.38,25.84,26.22,48.39
13267,2.009,2.935,3.86,7.927,,,1.463,1.771,0.6324,0.4516,,,1.053,1.115,1.054,1.109,1.167,1.337,1.291,1.488,1.053,1.072,0.9626,0.9628,0.9827,0.9803,1.653,1.82,1.393,1.517,1.119,1.146,16.96,59.39,74.48,1.565,2.115,2.256,0.0771,0.0297,0.01579,29.04,27.96,27.96,73.55
13269,2.161,3.333,4.552,9.62,,,1.969,2.702,0.6901,0.5212,,,1.07,1.153,1.098,1.145,1.219,1.405,1.222,1.498,1.041,1.073,0.9691,0.9832,0.9835,0.9838,1.879,2.12,1.446,1.596,1.135,1.109,11.81,46.42,60.43,1.872,2.577,2.506,0.1833,0.04613,0.03215,27.78,26.92,27.31,56.38
13271,1.989,2.935,3.873,8.12,,,1.516,1.876,0.6728,0.5015,,,1.086,1.117,1.116,1.119,1.245,1.374,1.265,1.447,1.048,1.077,0.966,0.9838,0.9825,0.981,1.576,1.732,1.37,1.493,1.105,1.121,18.22,57.3,72.96,1.792,2.302,2.413,0.1156,0.04118,0.03191,28.2,27.24,27.74,76.74
13273,2.105,3.152,4.913,10.51,,,1.63,2.062,0.6761,0.4973,,,1.089,1.141,1.137,1.162,1.21,1.369,1.273,1.521,1.052,1.066,0.981,0.9765,0.9842,0.9858,1.705,1.896,1.388,1.519,1.119,1.116,15,53.2,68.64,2.122,2.714,2.727,0.1752,0.04215,0.03716,27.79,27.27,27.14,67.89
13275,2.349,3.685,,,,,1.563,1.938,0.6337,0.4435,,,1.088,1.115,1.09,1.085,1.19,1.311,1.201,1.355,1.043,1.068,0.9823,0.9866,0.9849,0.9872,1.664,1.847,1.369,1.495,1.122,1.136,12.58,53.57,70.98,2.297,2.868,3.066,0.03785,0.01988,0.0168,28.5,27.99,28.12,74.33
13277,2.391,3.688,,,,,1.505,1.833,0.6405,0.4492,,,1.082,1.118,1.101,1.12,1.207,1.376,1.236,1.406,1.049,1.083,0.9784,1,0.9832,0.9857,1.723,1.929,1.385,1.516,1.117,1.131,11.91,52.3,67.99,2.221,2.674,2.891,0.2345,0.07167,0.06737,29.35,28.71,29.35,66.05
13279,2.057,3.021,4.011,8.394,,,1.532,1.89,0.6574,0.4858,,,1.062,1.106,1.075,1.094,1.205,1.374,1.258,1.492,1.05,1.07,0.9676,0.9677,0.9839,0.9801,1.621,1.782,1.395,1.521,1.127,1.151,16.4,59.47,74.77,1.486,2.031,2.05,0.1007,0.03494,0.01712,27.65,26.75,26.75,74.88
13281,,,,,,,,,0.8386,0.7308,,,1.111,1.169,1.097,1.159,1.307,1.435,1.341,1.511,1.056,1.079,0.999,1.019,0.9872,0.9839,,,2.208,2.63,1.11,1.122,0.04638,2.541,5.559,3.019,3.718,3.97,5.409,2.061,1.521,21.19,21.17,21.6,1.777
13283,1.92,2.781,3.377,6.636,,,1.602,2.032,0.6761,0.5075,,,1.069,1.121,1.098,1.119,1.216,1.402,1.216,1.51,1.048,1.075,0.9761,0.9707,0.9864,0.983,1.575,1.734,1.383,1.507,1.139,1.139,19.3,58.71,72.75,1.378,1.822,1.825,0.1349,0.03492,0.01654,27.33,26.68,26.53,74.48
13285,2.293,3.711,,,,,2.194,3.235,0.7412,0.5858,,,1.081,1.152,1.057,1.179,1.258,1.356,1.323,1.428,1.047,1.066,0.9834,0.9918,0.9874,0.9864,2.055,2.369,1.452,1.615,1.135,1.109,8.628,36.71,49.52,2.276,3.05,3.005,0.5169,0.1441,0.1187,26.69,26.25,26.47,45.71
13287,2.239,3.471,5,10.9,,,1.53,1.874,0.6591,0.4776,,,1.07,1.137,1.101,1.172,1.212,1.379,1.247,1.422,1.05,1.083,0.9824,0.9931,0.9827,0.9847,1.675,1.854,1.374,1.498,1.141,1.147,13.22,51.86,67.9,1.791,2.379,2.482,0.2291,0.06254,0.05145,28.96,28.45,28.76,68.77
13289,1.945,2.846,3.546,6.894,,,1.609,2.042,0.6669,0.4894,,,1.072,1.156,1.088,1.141,1.213,1.414,1.234,1.531,1.044,1.068,0.9654,0.9676,0.9833,0.9819,1.704,1.896,1.421,1.559,1.142,1.114,17.78,56.13,70.53,1.489,1.981,1.997,0.1673,0.04639,0.01918,27.94,26.97,27.03,67.55
13291,,,,,,,,,0.8347,0.7241,,,1.101,1.171,1.083,1.162,1.323,1.461,1.373,1.533,1.059,1.082,1.002,1.019,0.9897,0.9864,8.956,12.74,2.065,2.424,1.096,1.107,0.1318,4.429,8.723,3.128,3.858,4.148,6.043,2.396,1.826,22.09,22.13,22.5,3.164
13293,1.981,3.028,3.902,7.933,,,2.112,3.004,0.7033,0.5402,,,1.045,1.11,1.022,1.093,1.209,1.352,1.252,1.432,1.047,1.07,0.9564,0.9719,0.9854,0.9846,1.892,2.138,1.446,1.598,1.159,1.124,13.54,45.8,58.88,1.843,2.535,2.485,0.293,0.0995,0.07667,28.07,26.85,27.28,54.87
13295,2.671,4.742,,,,,3.401,5.879,0.7925,0.6544,,,1.111,1.148,1.102,1.15,1.316,1.466,1.382,1.595,1.053,1.075,1.013,1.009,0.9891,0.9878,2.568,3.054,1.553,1.745,1.103,1.11,4.471,24.08,33.75,3.087,3.907,4.147,3.328,1.2,0.8986,24.47,24.8,24.7,26.62
13297,2.192,3.6,,,,,2.356,3.526,0.7127,0.5517,,,1.07,1.13,1.049,1.107,1.232,1.402,1.293,1.487,1.045,1.066,0.9753,0.9817,0.987,0.9871,2.056,2.416,1.458,1.634,1.143,1.121,8.664,32.27,44.15,2.042,2.961,2.861,0.7584,0.2047,0.1357,25.61,24.98,25.14,40.06
13299,2.036,2.899,4.58,10.01,,,1.62,2.027,0.6682,0.4898,,,1.069,1.075,1.071,1.051,1.173,1.289,1.198,1.36,1.039,1.063,0.956,0.9639,0.9838,0.9847,1.54,1.69,1.38,1.503,1.126,1.138,18.25,65.55,81.72,1.953,2.445,2.59,0.03011,0.0083,0.007543,28.53,27.28,27.51,84.32
13301,2.054,3.206,3.827,7.714,,,1.987,2.753,0.7237,0.5721,,,1.072,1.109,1.03,1.064,1.238,1.419,1.274,1.532,1.051,1.073,0.9535,0.9612,0.9847,0.9829,1.901,2.163,1.436,1.585,1.135,1.134,12.04,40.27,52.8,2.093,2.889,2.761,0.4916,0.1671,0.09787,28.24,26.93,27.15,49.93
13303,2.02,3.026,3.463,6.578,,,1.694,2.187,0.6976,0.5344,,,1.073,1.117,1.075,1.084,1.235,1.407,1.233,1.484,1.053,1.076,0.9671,0.9725,0.9847,0.9826,1.839,2.056,1.427,1.563,1.162,1.16,14.44,47.63,59.85,1.672,2.434,2.36,0.2942,0.08541,0.04877,28.22,27.29,27.44,56.21
13305,2.013,2.966,4.244,8.868,,,1.551,1.929,0.6715,0.5026,,,1.059,1.087,1.076,1.074,1.134,1.261,1.199,1.365,1.04,1.069,0.9726,0.975,0.9851,0.9852,1.639,1.826,1.382,1.504,1.132,1.142,16.64,54.09,68.28,1.712,2.332,2.335,0.04284,0.01804,0.01559,27.71,26.95,27.02,72.19
13307,2.138,3.254,5.095,11,,,1.792,2.366,0.6782,0.5003,,,1.079,1.153,1.142,1.181,1.175,1.363,1.201,1.493,1.057,1.078,0.9726,0.9806,0.9845,0.9857,1.777,1.986,1.407,1.544,1.132,1.108,13.03,48.55,63.15,2.33,3.162,3.132,0.2646,0.07208,0.05973,28.73,27.94,28.17,62.02
13309,1.965,2.881,3.73,7.612,,,1.566,1.967,0.6791,0.5136,,,1.069,1.112,1.098,1.104,1.216,1.383,1.227,1.456,1.043,1.07,0.9668,0.9825,0.9877,0.9846,1.583,1.738,1.38,1.505,1.097,1.108,18.62,58,73.09,2.051,2.563,2.59,0.1097,0.03418,0.0227,29.31,28.33,28.79,76.12
13311,4.372,9.578,,,,,4.852,11.24,0.7909,0.6599,,,1.102,1.181,1.097,1.174,1.296,1.44,1.326,1.493,1.06,1.092,0.9943,1.016,0.9882,0.9858,4.149,5.398,1.778,2.044,1.121,1.123,0.7295,9.989,16.32,4.324,5.413,5.63,2.578,0.8564,0.6674,22.57,22.44,22.93,10.04
13313,2.612,4.502,,,,,2.491,3.787,0.7588,0.6072,,,1.114,1.147,1.109,1.143,1.322,1.454,1.402,1.58,1.055,1.07,1.004,1.014,0.9893,0.988,2.448,2.839,1.527,1.705,1.12,1.131,5.203,30.67,41.24,2.806,3.556,3.727,2.763,0.8294,0.6438,24.23,24.33,24.57,32
13315,1.961,2.906,3.758,7.762,,,1.472,1.791,0.6525,0.4746,,,1.09,1.144,1.138,1.175,1.231,1.379,1.26,1.506,1.049,1.085,0.9841,0.9985,0.9825,0.9837,1.562,1.715,1.359,1.48,1.131,1.132,18.06,58.19,74,1.961,2.595,2.72,0.111,0.03268,0.01959,28.37,27.92,28.33,77.22
13317,2.103,3.286,4.065,8.328,,,2,2.75,0.7313,0.5834,,,1.076,1.112,1.059,1.069,1.247,1.415,1.276,1.456,1.054,1.069,0.9567,0.967,0.9851,0.9846,1.995,2.273,1.458,1.618,1.143,1.132,11.24,39.91,53.18,1.946,2.839,2.752,0.6278,0.1579,0.098,27.88,26.67,26.96,46.96
13319,1.878,2.711,3.046,5.7,,,1.637,2.095,0.6833,0.5099,,,1.074,1.145,1.084,1.122,1.207,1.413,1.201,1.518,1.042,1.072,0.9669,0.9587,0.984,0.9813,1.679,1.858,1.411,1.546,1.142,1.126,19.13,57.58,71.35,1.569,2.099,2.127,0.2099,0.06113,0.03661,28.37,27.43,27.2,69.34
13321,2.204,3.334,5.074,11.14,,,1.541,1.897,0.6762,0.5019,,,1.084,1.125,1.121,1.147,1.207,1.363,1.265,1.449,1.05,1.078,0.9764,0.9899,0.9832,0.9856,1.693,1.879,1.385,1.514,1.139,1.16,13.77,54.78,70.55,1.546,2.052,2.215,0.1334,0.03889,0.03297,27.19,26.55,26.92,69.29
15001,,,,,,,,,,,,,,,,,,,,,,,,,1.01,1.008,,,1.231,1.31,0.9812,0.9688,0,0,0,0.64,0.71,0.76,0,0,0,,,,0
15003,,,,,,,,,,,,,,,,,,,,,,,,,1.006,1.022,,,1.247,1.323,0.9866,1.043,0,0,0,0.54,0.66,0.68,0,0,0,,,,0
15005,,,,,,,,,,,,,,,,,,,,,,,,,1.01,1.008,,,1.231,1.31,0.9812,0.9688,0,0,0,0.64,0.71,0.76,0,0,0,,,,0
15007,,,,,,,,,,,,,,,,,,,,,,,,,1.006,1.022,,,1.247,1.323,0.9866,1.043,0,0,0,0.54,0.66,0.68,0,0,0,,,,0
15009,,,,,,,,,,,,,,,,,,,,,,,,,1.01,1.008,,,1.231,1.31,0.9812,0.9688,0,0,0,0.64,0.71,0.76,0,0,0,,,,0
16001,1.976,2.622,3.699,6.237,,,,,0.7562,0.5742,0.5621,0.3868,1.065,1.133,1.084,1.15,1.212,1.465,1.271,1.545,1.032,1.087,1.073,1.046,0.9957,0.9956,1.966,2.212,2.048,2.436,,,14.26,49.55,60.56,0.003459,0.01274,0.01416,18.8,7.57,6.257,76.52,82.08,80.02,38.8
16003,2.8,4.718,,,,,,,0.8846,0.7848,0.672,0.5174,1.057,1.135,1.063,1.144,1.21,1.491,1.275,1.593,1.034,1.074,1.076,1.08,0.9959,0.9955,3.161,4.032,3.158,4.268,1.242,1.287,2.65,15.72,23.09,0.1766,0.2991,0.3281,61.05,38.63,33.1,48.52,52.21,52.41,11.16
16005,4.324,8.182,,,,,,,0.8509,0.7262,0.6249,0.4626,1.062,1.14,1.055,1.164,1.186,1.504,1.319,1.717,1.023,1.071,1.016,0.9945,0.995,0.9914,4.496,5.716,3.658,4.795,,,1.116,15.11,23.64,0.02309,0.04796,0.03973,57.28,35,29.78,48.53,49.3,48.26,8.998
16007,,,,,,,,,0.8952,0.8083,0.6825,0.5056,1.049,1.118,1.051,1.143,1.164,1.419,1.206,1.443,1.024,1.07,1.036,1.014,0.9938,0.989,,,,,,,0.0276,2.539,6.062,0.05441,0.0771,0.08566,78.19,54,46.99,44.12,45.71,44.73,1.005
16009,3.896,7.521,,,,,,,0.7597,0.5839,0.5795,0.3431,1.037,1.099,1.014,1.1,1.178,1.464,1.221,1.512,1.045,1.085,1.143,1.155,0.9994,1.002,3.839,5.153,3.877,5.48,1.261,1.279,1.259,12.2,20.17,0.07486,0.1323,0.1408,38.97,19.31,15.19,40.28,46.05,46.51,8.113
16011,4.152,7.57,,,,,,,0.849,0.7204,0.5989,0.4219,1.069,1.135,1.07,1.156,1.209,1.482,1.276,1.592,1.035,1.085,1.018,1.005,0.995,0.9911,4.088,5.087,3.371,4.365,,,1.262,19.15,28.89,0.006367,0.009874,0.01192,52.34,30.45,24.85,58.37,59.44,58.68,11.25
16013,4.597,8.853,,,,,,,0.8869,0.7933,0.7012,0.5546,1.066,1.13,1.073,1.153,1.206,1.419,1.262,1.576,1.035,1.079,1.042,1.02,0.9947,0.9927,4.235,5.468,3.228,4.293,1.15,1.234,0.8359,12.01,19.19,0.137,0.1626,0.1861,66.91,43.57,37.69,59.12,61.58,60.3,7.328
16015,3.945,7.262,,,,,,,0.8833,0.7909,0.7122,0.5676,1.074,1.145,1.091,1.166,1.248,1.531,1.289,1.627,1.039,1.084,1.062,1.053,0.9963,0.9967,4.05,5.325,3.899,5.496,1.243,1.302,1.389,12.65,19.98,0.2013,0.3006,0.3382,65.33,42.79,37.19,52.07,55.27,54.84,7.873
16017,,,,,,,,,0.8056,0.653,0.611,0.3851,1.054,1.103,1.047,1.101,1.19,1.456,1.257,1.56,1.049,1.087,1.148,1.178,0.9974,1.001,5.008,7.445,4.425,6.72,1.214,1.254,0.3779,5.435,10.26,0.2471,0.3546,0.3951,59.5,35.45,30.05,36.92,42.39,43.5,3.645
16019,,,,,,,,,0.8696,0.7602,0.6434,0.4726,1.066,1.12,1.068,1.142,1.22,1.49,1.328,1.589,1.043,1.082,1.014,1.003,0.9936,0.9896,6.261,8.789,4.554,6.322,,,0.3838,8.072,13.68,0.02566,0.03754,0.05149,71.35,47.03,39.74,45.46,46.1,45.59,4.033
16021,,,,,,,,,0.8473,0.7242,0.6427,0.4332,1.069,1.121,1.073,1.109,1.219,1.47,1.309,1.573,1.06,1.098,1.11,1.149,0.9967,0.9996,4.935,7.572,,,1.197,1.22,0.2545,3.24,6.128,0.5475,0.7752,0.824,85.11,59.86,52.81,32.69,36.27,37.55,2.316
16023,4.439,8.817,,,,,,,0.8888,0.7981,0.6644,0.4956,1.075,1.132,1.077,1.164,1.206,1.414,1.255,1.5,1.043,1.078,1.013,0.996,0.9959,0.9922,4.476,5.84,3.562,4.812,,,0.8459,12.42,20.23,0.05537,0.06342,0.08154,68.52,44.08,37.83,63.81,64.63,63.55,7.574
16025,,,,,,,,,0.8969,0.8125,0.7195,0.5779,1.071,1.139,1.075,1.162,1.244,1.443,1.322,1.633,1.043,1.086,1.038,0.9957,0.9963,0.9951,5.216,7.147,4.413,6.325,1.168,1.25,0.4288,7.606,13.38,0.2364,0.3246,0.3687,78.34,52.77,45.47,58.26,60.44,58.01,4.707
16027,1.996,2.672,3.998,6.928,,,,,0.746,0.552,0.557,0.357,1.067,1.137,1.075,1.146,1.211,1.494,1.294,1.605,1.033,1.093,1.079,1.043,0.996,0.9952,1.921,2.17,2.006,2.402,,,14.13,48.58,60.07,0.00004083,0.0008937,0.001754,16.86,6.388,5.194,76.06,82.04,79.33,40.05
16029,,,,,,,,,0.8783,0.7756,0.6713,0.5123,1.063,1.125,1.059,1.155,1.206,1.517,1.28,1.589,1.026,1.068,1.013,1,0.9928,0.9885,8.057,11.95,5.325,7.662,,,0.1903,4.006,8.022,0.0153,0.02898,0.0303,70.53,44.86,38.47,42.52,43.06,42.53,2.408
16031,4.185,7.564,,,,,,,0.8311,0.6894,0.5782,0.4382,1.059,1.133,1.069,1.121,1.128,1.431,1.237,1.582,1.02,1.07,1.017,1.009,0.9972,0.9945,4.07,5.138,3.109,3.989,,,1.426,16.79,25.51,0.02294,0.04032,0.04291,38.63,19.5,15.43,57.67,58.66,58.16,10.39
16033,,,,,,,,,0.8928,0.8049,0.6784,0.5107,1.064,1.13,1.056,1.157,1.177,1.418,1.211,1.423,1.034,1.074,1.019,0.9928,0.9934,0.9897,6.619,9.452,4.267,5.971,,,0.2755,6.592,12.02,0.03965,0.07267,0.09004,86.04,62.06,54.67,45.1,45.98,44.78,3.344
16035,4.339,8.817,,,,,,,0.8348,0.706,0.6787,0.512,1.033,1.093,1.018,1.087,1.183,1.443,1.192,1.477,1.04,1.069,1.128,1.146,0.9984,1.003,4.008,5.701,4.058,6.164,1.208,1.238,1.045,8.621,15.46,0.1998,0.3374,0.3359,51.78,30.74,25.75,35.25,39.74,40.4,6.254
16037,,,,,,,,,0.9001,0.8234,0.7368,0.5905,1.057,1.109,1.073,1.133,1.176,1.404,1.211,1.504,1.037,1.082,1.026,1.007,0.9952,0.9922,,,,,1.152,1.235,0.04648,1.287,3.004,0.1797,0.2308,0.2669,96.49,70.92,63.56,45.89,47.09,46.2,0.745
16039,1.985,2.798,3.028,5.136,,,,,0.8555,0.739,0.6835,0.5323,1.082,1.155,1.095,1.183,1.247,1.508,1.294,1.605,1.041,1.088,1.055,1.029,0.9965,0.9965,2.147,2.53,2.284,2.842,1.225,1.306,9.479,30.47,39.11,0.1121,0.1703,0.2063,47.13,28.75,24.49,65.77,69.39,67.7,24.72
16041,4.486,8.339,,,,,,,0.8665,0.7529,0.6392,0.472,1.062,1.13,1.06,1.162,1.167,1.439,1.264,1.58,1.024,1.064,1.027,1.029,0.9954,0.9927,4.006,5.067,3.345,4.373,,,1.187,15.23,23.93,0.0656,0.09539,0.1061,61.16,39.02,33.6,45.7,46.95,47.05,10.09
16043,,,,,,,,,0.8897,0.8021,0.6831,0.5126,1.067,1.117,1.071,1.145,1.25,1.496,1.316,1.553,1.045,1.076,1.052,1.016,0.991,0.9863,,,,,1.194,1.295,0.06928,2.377,6.121,0.03456,0.05918,0.07077,80.73,55.9,48.66,38.61,40.61,39.24,1.343
16045,2.317,3.343,4.763,8.924,,,,,0.839,0.7108,0.6777,0.5208,1.059,1.133,1.093,1.161,1.224,1.503,1.31,1.678,1.035,1.085,1.072,1.051,0.997,0.996,2.385,2.788,2.57,3.235,1.289,1.357,7.696,34.63,45.08,0.04973,0.08539,0.07967,35.33,19.69,16.75,64.79,69.44,68.07,25.22
16047,1.975,2.69,3.643,6.398,,,,,0.811,0.6606,0.5863,0.4304,1.069,1.155,1.079,1.179,1.213,1.455,1.299,1.588,1.047,1.106,1.03,1.005,0.9956,0.9939,2.06,2.328,2.216,2.68,,,12.53,45.88,56.69,0.0003897,0.001779,0.005535,27.89,12.67,10.07,80.06,82.44,80.45,35.99
16049,,,,,,,,,0.866,0.7634,0.6935,0.5355,1.046,1.122,1.043,1.125,1.176,1.433,1.211,1.503,1.034,1.065,1.107,1.124,0.9987,1,4.198,6.125,3.56,5.228,1.23,1.273,0.7696,5.513,9.511,0.1427,0.2337,0.2455,66.98,46.56,41.37,33.99,37.62,38.22,4.098
16051,4.069,7.295,,,,,,,0.867,0.7571,0.586,0.3921,1.048,1.107,1.032,1.127,1.145,1.377,1.183,1.369,1.035,1.072,1.019,0.9866,0.996,0.9926,3.779,4.608,3.348,4.389,,,1.612,24.52,37.08,0.0004908,0.003959,0.006417,54.84,30.73,24.96,63.37,64.55,62.52,14.77
16053,2.336,3.35,5.025,10.06,,,,,0.7796,0.6048,0.479,0.3159,1.059,1.154,1.062,1.14,1.151,1.446,1.251,1.611,1.037,1.095,1.031,1.01,0.994,0.9922,2.367,2.7,2.355,2.86,,,7.851,42.38,53.92,0,0.001055,0.004103,25.06,9.574,7.261,77.48,79.9,78.22,30.13
16055,3.634,7.211,,,,,,,0.7613,0.5915,0.539,0.2975,1.039,1.094,1.011,1.087,1.169,1.431,1.218,1.486,1.046,1.085,1.138,1.175,0.9967,0.9996,3.173,4.425,2.945,4.121,1.194,1.24,1.356,9.03,15.25,0.1407,0.2117,0.2266,39.21,19.47,15.92,39.01,44.41,45.85,7.688
16057,3.402,6.175,,,,,,,0.7504,0.5684,0.5892,0.349,1.054,1.12,1.034,1.125,1.21,1.498,1.233,1.552,1.041,1.081,1.119,1.156,0.9996,1.002,3.543,4.622,3.643,5.047,1.331,1.332,1.956,15.44,24.26,0.04368,0.08546,0.08935,28.57,13.82,11.15,41.77,46.75,48.31,10.17
16059,,,,,,,,,0.8946,0.8119,0.7384,0.5939,1.056,1.121,1.061,1.14,1.16,1.458,1.187,1.486,1.035,1.085,1.031,1.005,0.9939,0.9907,,,,,1.203,1.321,0.1386,2.462,5.218,0.07311,0.1061,0.1345,91.54,70.34,63.16,42.51,43.82,42.7,1.614
16061,3.613,6.781,,,,,,,0.7778,0.6139,0.5792,0.3471,1.049,1.115,1.06,1.142,1.182,1.389,1.237,1.405,1.039,1.06,1.123,1.16,0.9999,1.002,3.598,4.829,3.215,4.364,,,1.696,11.41,18.52,0.009192,0.02426,0.02389,28.88,14.55,12.2,39.89,44.79,46.29,8.288
16063,2.653,4.094,,,,,,,0.8394,0.7023,0.5186,0.344,1.059,1.148,1.049,1.16,1.175,1.438,1.212,1.59,1.039,1.095,1.055,1.019,0.9941,0.9919,2.597,3.037,2.426,3.017,,,5.772,34.14,46.03,0.0009154,0.001205,0.002318,37.31,17.72,13.83,76.21,80.42,77.62,24.4
16065,,,,,,,,,0.8668,0.7564,0.6436,0.4709,1.05,1.097,1.05,1.116,1.178,1.418,1.267,1.466,1.044,1.073,1.031,0.9941,0.9947,0.9905,6.864,10.22,4.341,6.317,,,0.235,5.74,12.45,0.01169,0.01815,0.02754,66.82,40.13,33.3,45.87,47.28,45.6,3.655
16067,3.541,5.857,,,,,,,0.8116,0.65,0.4333,0.2395,1.064,1.149,1.051,1.129,1.163,1.43,1.231,1.592,1.028,1.074,1.043,1.011,0.9949,0.9926,2.928,3.495,2.482,3.109,,,2.988,27.87,39.61,0.00233,0.003457,0.003715,30.79,12.99,9.707,74.81,77.99,75.66,19.95
16069,2.425,3.749,4.04,7.727,,,,,0.7327,0.5511,0.564,0.3156,1.053,1.126,1.062,1.158,1.2,1.441,1.241,1.448,1.037,1.072,1.131,1.187,0.9986,1.001,2.533,3.103,2.439,3.086,,,5.928,23.75,32.63,0.006868,0.02233,0.02297,21.51,10.43,8.758,43.44,49.11,51.55,17.81
16071,3.923,7.089,,,,,,,0.8588,0.7355,0.612,0.4552,1.058,1.133,1.051,1.144,1.172,1.482,1.327,1.757,1.033,1.083,1.007,1.02,0.9955,0.9927,3.613,4.471,3.147,4.065,,,1.668,17.66,27.08,0.01733,0.05632,0.04981,51.2,28.35,23.26,51.28,51.64,52.28,12.94
16073,2.671,4.145,4.286,8.329,,,,,0.8498,0.7256,0.6185,0.4741,1.064,1.135,1.091,1.14,1.177,1.487,1.186,1.478,1.03,1.083,1.067,1.035,0.996,0.9955,2.845,3.426,2.685,3.415,,,5.165,24.82,34.45,0.02144,0.03595,0.04349,27.99,13.35,10.94,69.55,74.23,71.97,18.36
16075,1.895,2.523,3.697,6.285,,,,,0.792,0.6216,0.6015,0.4063,1.067,1.134,1.092,1.145,1.26,1.531,1.349,1.667,1.033,1.086,1.069,1.049,0.9962,0.9952,1.803,2.036,1.955,2.356,,,16.16,48.36,59.29,0.004149,0.01084,0.01058,22.09,9.462,7.568,73.53,78.64,77.12,42.1
16077,3.883,6.906,,,,,,,0.8305,0.6856,0.5755,0.4101,1.068,1.142,1.065,1.143,1.182,1.482,1.308,1.72,1.019,1.078,1.026,1.009,0.9963,0.9925,3.514,4.323,2.935,3.767,,,1.98,20.61,31.06,0.02154,0.04387,0.04406,47.2,24.6,19.46,56.1,57.54,56.61,14.04
16079,,,,,,,,,0.8368,0.7125,0.6826,0.4999,1.028,1.083,1.01,1.064,1.18,1.414,1.24,1.532,1.042,1.075,1.131,1.148,0.9986,1.003,6.741,10.55,,,1.187,1.216,0.2238,3.465,7.332,0.3197,0.4835,0.5144,73.14,46,39.59,32.71,36.98,37.55,2.183
16081,,,,,,,,,0.8851,0.7912,0.645,0.4671,1.064,1.108,1.074,1.144,1.225,1.467,1.32,1.551,1.049,1.074,1.004,0.9788,0.989,0.9857,,,,,1.168,1.312,0.00785,0.9192,2.971,0.02576,0.04926,0.06168,73.36,49.14,42.33,36.66,36.79,35.88,0.4448
16083,3.197,5.24,,,,,,,0.8191,0.6748,0.5809,0.4388,1.054,1.133,1.058,1.121,1.133,1.397,1.213,1.463,1.03,1.079,1.036,1.015,0.9966,0.9951,3.335,4.048,2.734,3.442,,,3.284,24.98,35.68,0.01244,0.01721,0.02422,28.58,12.28,9.839,67.61,70.03,68.6,16.01
16085,,,,,,,,,0.8918,0.8096,0.6968,0.5428,1.053,1.126,1.067,1.144,1.185,1.466,1.224,1.566,1.037,1.08,1.063,1.042,0.9938,0.9928,,,,,1.188,1.241,0.06517,1.912,4.498,0.3534,0.5397,0.577,87.07,61.03,54.33,41.63,44.25,43.39,0.9713
16087,2.166,3.079,4.292,7.887,,,,,0.8571,0.7374,0.6783,0.5249,1.067,1.13,1.082,1.134,1.246,1.52,1.331,1.702,1.037,1.089,1.082,1.059,0.996,0.9954,2.324,2.693,2.526,3.154,1.285,1.372,8.19,36.1,46.03,0.05535,0.09938,0.1162,41.89,23.79,20.23,60.96,65.98,64.59,26.35
17001,2.563,4.4,3.679,7.934,,,1.993,2.99,0.8148,0.6905,0.3877,0.2398,1.068,1.104,1.094,1.106,1.187,1.368,1.22,1.385,1.017,1.055,1.036,1.015,0.9985,0.9995,2.947,3.562,1.713,1.936,1.117,1.11,4.996,25.98,35.8,1.08,1.416,1.435,34.67,19.28,16.78,28.07,29.09,28.48,20.97
17003,2.318,3.557,3.687,8.176,,,1.634,2.156,0.7513,0.6016,,,1.053,1.16,1.017,1.162,1.254,1.436,1.27,1.458,1.027,1.064,1.022,1.055,0.9979,0.9991,2.261,2.503,1.565,1.721,1.103,1.094,7.894,43.33,53.92,1.41,1.839,1.936,12.73,4.986,4.006,24.44,24.98,25.77,38.58
17005,2.479,4.204,,,,,2.045,3.126,0.7952,0.6595,0.3787,0.256,1.066,1.133,1.03,1.142,1.226,1.424,1.225,1.484,1.034,1.082,1.011,0.9999,0.9969,0.9976,2.623,3.029,1.631,1.824,1.141,1.124,5.664,29.85,40.21,1.124,1.595,1.658,24.08,11.94,10.34,27.48,27.78,27.48,27.14
17007,3.538,6.682,,,,,2.889,5.365,0.8421,0.7274,0.3634,0.1849,1.092,1.133,1.149,1.151,1.136,1.332,1.163,1.35,1.012,1.048,1.01,0.9948,0.9945,0.9984,4.013,5.159,1.974,2.297,1.182,1.175,1.248,14.04,20.13,0.7745,1.052,1.105,54.88,31.89,26.87,28.49,28.77,28.34,9.926
17009,2.52,4.278,3.761,8.14,,,2.155,3.39,0.8151,0.6913,0.3858,0.2392,1.067,1.127,1.096,1.146,1.216,1.4,1.263,1.454,1.026,1.062,1.034,1.01,0.9967,0.9975,2.896,3.444,1.713,1.928,1.135,1.128,4.852,26.66,36.23,1.027,1.457,1.415,33.18,17.97,15.74,28.25,29.2,28.53,22.11
17011,3.288,6.082,,,,,2.565,4.468,0.8348,0.7127,0.3648,0.1906,1.047,1.119,1.032,1.123,1.168,1.392,1.214,1.421,1.013,1.051,1.019,1.008,0.9955,0.9998,3.557,4.474,1.844,2.12,1.185,1.199,2.073,18.72,26.96,0.6812,1.042,1.079,45.86,25.7,21.62,27.68,28.2,27.9,14.21
17013,2.324,3.743,3.37,7.008,,,2.084,3.174,0.8074,0.6743,0.4277,0.3046,1.06,1.121,1.037,1.147,1.197,1.381,1.227,1.478,1.021,1.06,1.004,1.003,0.997,0.9973,2.608,2.996,1.689,1.893,1.115,1.117,6.72,35.22,45.99,1.052,1.489,1.456,24.38,11.8,9.762,27.6,27.71,27.69,29.25
17015,4.599,9.469,,,,,3.184,6.068,0.8538,0.7408,0.4349,0.2588,1.059,1.167,1.08,1.222,1.178,1.424,1.23,1.473,1.016,1.067,1.016,0.9799,0.9944,0.9962,4.659,6.035,1.986,2.32,1.161,1.209,0.9189,12.38,18.92,0.7301,1.14,1.167,51.77,30.14,25.16,28.96,29.42,28.38,8.48
17017,2.548,4.376,,,,,2.289,3.684,0.8128,0.6869,0.3937,0.2513,1.074,1.122,1.101,1.139,1.238,1.453,1.28,1.53,1.039,1.07,1.036,1.015,0.9961,0.9967,2.925,3.484,1.723,1.945,1.164,1.162,4.849,27.34,37.65,1.139,1.612,1.572,32.19,16.94,14.64,27.54,28.53,27.96,22.65
17019,3.159,5.703,,,,,2.565,4.333,0.8177,0.6903,0.288,0.139,1.044,1.083,1.052,1.11,1.137,1.331,1.204,1.421,1.015,1.049,1.042,1.022,0.995,0.998,3.286,4.043,1.802,2.055,1.152,1.157,2.6,23,32.88,0.6403,0.9221,0.9258,36.22,19.54,16.63,25.82,26.91,26.39,17.68
17021,2.684,4.697,,,,,2.165,3.359,0.8019,0.6646,0.3718,0.2409,1.066,1.104,1.069,1.132,1.192,1.382,1.257,1.515,1.03,1.067,1.034,1.031,0.9959,0.9974,3.083,3.671,1.737,1.96,1.144,1.144,4.07,28.04,38.82,0.9917,1.324,1.381,29.43,15.26,12.95,27.43,28.35,28.28,21.93
17023,2.856,5.034,,,,,2.21,3.415,0.8034,0.6674,0.2918,0.1622,1.108,1.165,1.111,1.208,1.234,1.455,1.256,1.519,1.042,1.073,1.041,1.026,0.9953,0.9969,3.122,3.686,1.719,1.928,1.174,1.173,3.618,26.36,36.49,0.977,1.357,1.445,26.69,13.36,11.21,25.58,26.62,26.24,21.07
17025,2.46,4.19,,,,,2.115,3.274,0.7922,0.6558,0.3513,0.224,1.074,1.14,1.077,1.19,1.252,1.475,1.219,1.585,1.043,1.082,1.019,1.02,0.9967,0.9962,2.633,3.036,1.637,1.833,1.163,1.146,6.227,31.01,42.54,1.138,1.58,1.558,21.32,10.46,9.01,26.6,27.12,27.13,28.48
17027,2.461,4.125,,,,,1.892,2.791,0.7866,0.6467,0.3516,0.2242,1.079,1.149,1.073,1.178,1.215,1.424,1.199,1.432,1.035,1.078,1.007,1.005,0.9968,0.9975,2.543,2.924,1.594,1.772,1.15,1.125,5.959,29.2,39.17,1.106,1.583,1.575,22.41,10.73,9.214,27.82,28.03,27.95,27.66
17029,2.785,4.927,,,,,2.16,3.313,0.8092,0.6746,0.2944,0.1639,1.084,1.127,1.081,1.162,1.188,1.387,1.214,1.516,1.031,1.062,1.04,1.042,0.9959,0.9983,3.081,3.676,1.715,1.929,1.163,1.162,3.653,25.07,35.03,0.8379,1.109,1.198,29.57,15.71,13.51,25.5,26.52,26.58,20.43
17031,3.373,6.296,,,,,2.037,3.14,0.8001,0.6618,0.2459,0.07864,1.06,1.129,1.067,1.16,1.104,1.303,1.161,1.398,1.007,1.043,1.03,1.004,0.9952,0.9992,3.609,4.581,1.812,2.08,1.141,1.163,1.524,14.65,21.07,0.9155,1.153,1.225,44.53,23.01,18.43,25.8,26.58,25.9,11.23
17033,2.616,4.45,,,,,2.16,3.32,0.7889,0.6495,0.2919,0.1544,1.085,1.144,1.083,1.182,1.258,1.461,1.253,1.555,1.046,1.077,1.028,1.03,0.9947,0.9957,2.801,3.23,1.681,1.876,1.163,1.165,4.998,30.97,41.67,1.062,1.45,1.543,22.22,10.47,8.718,25.63,26.35,26.4,26.25
17035,2.712,4.722,,,,,2.19,3.334,0.8032,0.6666,0.3135,0.1884,1.09,1.146,1.083,1.197,1.227,1.441,1.248,1.542,1.039,1.073,1.043,1.039,0.9947,0.9966,3.021,3.566,1.709,1.917,1.186,1.179,4.025,27.24,37.53,0.9375,1.262,1.359,27.65,14.28,12.22,25.73,26.84,26.74,21.97
17037,4.199,8.268,,,,,2.858,5.218,0.8418,0.7248,0.3779,0.2036,1.052,1.141,1.062,1.151,1.118,1.35,1.158,1.428,1.008,1.053,1.012,0.9979,0.9945,0.9986,4.154,5.467,1.927,2.247,1.158,1.158,0.9731,12.52,18.94,0.8728,1.222,1.25,53.88,30.61,25.74,27.96,28.28,27.9,9.298
17039,2.965,5.257,,,,,2.422,4.023,0.8157,0.6846,0.3344,0.1819,1.077,1.109,1.11,1.151,1.214,1.415,1.313,1.553,1.032,1.064,1.041,1.031,0.9953,0.9988,3.268,4.009,1.792,2.04,1.153,1.14,2.821,24.19,34.17,1.008,1.37,1.405,35.37,17.86,14.82,26.82,27.91,27.66,18.47
17041,2.778,5.018,,,,,2.292,3.725,0.8127,0.6809,0.3108,0.1721,1.064,1.112,1.073,1.162,1.169,1.346,1.198,1.463,1.023,1.062,1.048,1.043,0.9948,0.9975,2.918,3.507,1.702,1.932,1.136,1.139,4.011,25.55,36.94,0.7031,0.9218,1.032,30.54,16.56,14.27,26.14,27.39,27.27,22.16
17043,3.189,5.985,,,,,2.267,3.763,0.8223,0.6967,0.3188,0.1505,1.042,1.143,1.058,1.209,1.094,1.306,1.137,1.388,1.01,1.054,1.021,0.9973,0.9948,0.9986,3.679,4.692,1.843,2.131,1.166,1.182,1.626,15.25,22.2,0.8198,1.138,1.173,45.16,24.06,19.46,26.6,27.17,26.53,11.7
17045,3.011,5.461,,,,,2.237,3.521,0.8078,0.6741,0.3045,0.1639,1.095,1.153,1.097,1.199,1.21,1.385,1.267,1.52,1.034,1.067,1.044,1.026,0.9957,0.9973,3.235,3.896,1.739,1.963,1.157,1.162,2.929,23.5,33.39,0.8565,1.223,1.282,30.38,16.05,13.72,25.52,26.64,26.18,18.77
17047,2.249,3.6,3.453,7.583,,,1.893,2.757,0.773,0.6301,0.3239,0.1728,1.074,1.146,1.062,1.165,1.256,1.496,1.214,1.538,1.037,1.074,1.027,1.02,0.9967,0.9963,2.272,2.552,1.567,1.735,1.152,1.136,7.848,37.63,49.18,1.191,1.599,1.691,18.05,8.214,6.789,25.91,26.61,26.42,35.82
17049,2.514,4.284,,,,,2.255,3.547,0.8008,0.6677,0.3556,0.2301,1.089,1.149,1.083,1.199,1.257,1.474,1.258,1.573,1.04,1.084,1.035,1.023,0.9955,0.9969,2.711,3.143,1.684,1.889,1.176,1.161,5.327,29.61,40.22,1.026,1.421,1.512,26.65,13.39,11.59,26.69,27.64,27.3,25.89
17051,2.51,4.295,,,,,2.178,3.407,0.8036,0.6707,0.3718,0.2492,1.073,1.136,1.065,1.175,1.251,1.456,1.233,1.531,1.039,1.086,1.023,1.014,0.9973,0.9969,2.67,3.107,1.668,1.873,1.153,1.136,5.419,29.26,39.74,1.005,1.449,1.491,26.16,13.8,12.18,26.67,27.27,27.04,25.91
17053,3.329,6.048,,,,,2.721,4.751,0.8236,0.699,0.3301,0.1733,1.039,1.089,1.046,1.102,1.162,1.355,1.262,1.421,1.033,1.072,1.018,1.005,0.9942,0.9963,3.567,4.44,1.86,2.131,1.196,1.194,2.198,20.39,29.16,0.8762,1.319,1.298,40.89,22.28,19.07,27.29,27.78,27.44,15.06
17055,2.356,3.77,3.534,7.773,,,2.005,2.942,0.7815,0.6355,0.3726,0.2335,1.091,1.16,1.088,1.163,1.244,1.477,1.236,1.506,1.04,1.08,1.003,1.017,0.9968,0.9961,2.585,2.887,1.652,1.827,1.129,1.131,6.382,37.6,47.71,1.388,1.838,1.921,17.41,8.059,6.653,26.43,26.49,26.87,31.08
17057,2.725,4.794,,,,,2.359,3.883,0.8226,0.6994,0.3941,0.239,1.061,1.114,1.084,1.125,1.215,1.44,1.252,1.492,1.029,1.065,1.017,0.9981,0.9953,0.9972,3.076,3.737,1.768,2.013,1.169,1.168,3.851,25.28,35.18,0.9992,1.348,1.314,37.78,20.48,17.62,27.86,28.35,27.81,19.83
17059,2.424,3.918,3.836,8.88,,,1.99,2.891,0.7771,0.6349,,,1.071,1.168,1.044,1.183,1.233,1.471,1.214,1.515,1.048,1.089,1.02,1.019,0.9949,0.9938,2.366,2.668,1.591,1.767,1.136,1.124,6.837,37.24,49.03,1.176,1.621,1.762,15.07,6.533,5.373,25.65,26.16,26.13,34.53
17061,2.539,4.253,3.79,8.236,,,2.246,3.528,0.8084,0.6783,0.4202,0.292,1.058,1.108,1.047,1.137,1.191,1.377,1.226,1.469,1.025,1.058,1.014,1.014,0.9969,0.9968,2.842,3.333,1.717,1.928,1.118,1.13,5.189,30.27,40.31,1.08,1.493,1.456,26.88,13.98,12.07,27.82,28.23,28.22,24.63
17063,3.262,6,,,,,2.44,4.174,0.8303,0.7064,0.3675,0.2017,1.046,1.118,1.049,1.142,1.13,1.31,1.264,1.394,1.021,1.07,1.028,1.016,0.9943,0.9965,3.47,4.4,1.835,2.11,1.199,1.191,2.35,18.52,26.79,1.02,1.472,1.476,43.28,24.53,20.9,27.98,28.76,28.42,14.44
17065,2.298,3.659,3.394,7.424,,,2.09,3.122,0.7858,0.6466,0.3697,0.2369,1.104,1.164,1.098,1.163,1.254,1.498,1.221,1.508,1.044,1.077,1.016,1.015,0.9964,0.9953,2.432,2.73,1.642,1.823,1.14,1.13,7.173,38.07,48.63,1.263,1.642,1.778,18.36,8.54,7.131,25.94,26.36,26.33,32.98
17067,2.695,4.747,,,,,2.073,3.207,0.8228,0.704,0.4022,0.2532,1.058,1.106,1.067,1.104,1.182,1.394,1.205,1.423,1.023,1.058,1.043,1.011,0.9981,0.999,3.084,3.76,1.728,1.961,1.124,1.111,4.089,24.04,33.62,1.191,1.604,1.59,36.46,20.1,17.34,29.24,30.5,29.55,18.91
17069,2.733,4.659,,,,,2.19,3.308,0.7814,0.64,,,1.063,1.158,1.039,1.166,1.223,1.45,1.257,1.484,1.045,1.078,1.019,1.032,0.9953,0.9954,2.6,2.971,1.622,1.806,1.115,1.107,4.701,32.49,44.34,1.371,1.878,2.023,14.52,5.977,4.836,26.1,26.6,26.94,29.59
17071,2.999,5.503,,,,,2.384,3.927,0.8259,0.7053,0.3954,0.2426,1.049,1.104,1.056,1.088,1.179,1.409,1.217,1.419,1.022,1.052,1.034,1.008,0.9973,0.9998,3.392,4.18,1.786,2.041,1.178,1.175,3.087,21.99,31.15,0.7377,1.037,1.115,40.76,22.7,19.69,28.19,29.15,28.43,16.45
17073,3.196,5.909,,,,,2.362,3.92,0.8322,0.7107,0.3662,0.1943,1.04,1.105,1.022,1.113,1.163,1.385,1.21,1.405,1.012,1.049,1.019,0.9906,0.9953,0.9991,3.756,4.764,1.878,2.159,1.19,1.209,2.098,19.33,27.61,0.7423,1.06,1.046,47.79,26.92,22.91,28.04,28.58,27.78,13.37
17075,3.407,6.192,,,,,2.758,4.79,0.8187,0.692,0.327,0.1665,1.027,1.088,1.024,1.114,1.145,1.341,1.271,1.404,1.028,1.066,1.028,1.018,0.9936,0.996,3.51,4.421,1.844,2.116,1.208,1.201,2.077,19.05,27.36,0.7894,1.216,1.191,39.9,21.33,18.11,25.87,26.59,26.33,14.59
17077,2.35,3.711,3.771,8.245,,,1.942,2.801,0.7835,0.6398,0.3783,0.2396,1.057,1.155,0.9983,1.147,1.232,1.496,1.246,1.555,1.038,1.09,1.016,1.019,0.9957,0.9959,2.475,2.764,1.627,1.798,1.148,1.134,6.958,38.36,48.54,1.481,1.913,1.917,15.73,6.895,5.78,26.02,26.43,26.52,33.18
17079,2.657,4.522,,,,,2.253,3.536,0.7963,0.6587,0.3282,0.1984,1.082,1.163,1.087,1.214,1.26,1.494,1.292,1.654,1.043,1.082,1.027,1.031,0.9941,0.9948,2.847,3.319,1.69,1.89,1.167,1.167,4.708,29.1,39.41,1.006,1.46,1.483,24.62,12.29,10.36,26.11,26.81,26.93,24.65
17081,2.591,4.373,,,,,2.022,3.058,0.794,0.6531,0.3613,0.2211,1.089,1.159,1.093,1.183,1.262,1.501,1.258,1.532,1.047,1.084,1.014,1.015,0.9971,0.9966,2.655,3.04,1.619,1.801,1.172,1.159,4.974,29.42,39.29,1.421,1.897,1.927,20.19,10.1,8.674,26.87,27.26,27.27,26.8
17083,2.397,3.892,3.543,7.6,,,2.04,3.055,0.8064,0.6738,0.4384,0.3158,1.055,1.123,1.03,1.16,1.168,1.359,1.229,1.471,1.018,1.063,1.006,1.001,0.9966,0.9971,2.735,3.15,1.704,1.906,1.129,1.129,5.812,33.56,44.09,1.153,1.505,1.511,25.13,12.88,10.9,27.9,28.08,27.95,27.05
17085,4.737,9.931,,,,,3.151,6.008,0.8525,0.7389,0.4047,0.2205,1.046,1.115,1.083,1.15,1.125,1.344,1.178,1.399,1.007,1.056,1.017,0.9889,0.9952,0.9978,5.073,6.65,2.035,2.364,1.155,1.189,0.7233,10.63,16.09,0.737,1.093,1.101,57.14,34.2,28.79,28.85,29.33,28.53,6.892
17087,2.412,3.904,,,,,1.891,2.699,0.7685,0.6213,,,1.059,1.167,1.005,1.161,1.237,1.473,1.234,1.484,1.036,1.072,1.013,1.034,0.9978,0.9981,2.52,2.834,1.61,1.784,1.115,1.107,6.013,36.97,48.07,1.754,2.261,2.345,13.3,5.311,4.233,25.85,26.18,26.73,32.77
17089,3.868,7.533,,,,,2.64,4.678,0.8359,0.7171,0.365,0.1963,1.055,1.162,1.069,1.225,1.118,1.347,1.175,1.441,1.013,1.061,1.026,1.006,0.994,0.9982,4.267,5.555,1.944,2.265,1.164,1.186,1.031,13.11,19.59,0.841,1.144,1.222,50.68,28.38,23.61,27.33,28.05,27.51,9.262
17091,3.61,6.774,,,,,2.678,4.729,0.8269,0.7053,0.3559,0.1949,1.042,1.118,1.038,1.124,1.145,1.344,1.261,1.421,1.022,1.069,1.028,1.019,0.9931,0.9964,3.459,4.356,1.815,2.085,1.207,1.207,1.914,17.02,24.87,1.038,1.45,1.423,41.57,23.16,19.94,26.48,27.21,26.98,13.93
17093,3.595,6.796,,,,,2.615,4.553,0.8273,0.707,0.3521,0.1902,1.032,1.152,1.035,1.235,1.103,1.323,1.191,1.418,1.012,1.066,1.044,1.006,0.9947,0.9983,3.768,4.847,1.886,2.184,1.195,1.198,1.54,17.05,25.09,0.7924,1.193,1.251,45.07,24.11,20.07,27.21,28.41,27.38,12.38
17095,3.413,6.503,,,,,2.434,4.13,0.8309,0.7107,0.3964,0.2347,1.052,1.102,1.073,1.111,1.197,1.433,1.228,1.453,1.023,1.058,1.019,0.9958,0.9947,0.9974,3.64,4.624,1.822,2.093,1.155,1.174,2.118,18.43,26.99,0.838,1.199,1.195,44.37,25.09,21.83,28.08,28.61,27.96,13.92
17097,3.764,7.328,,,,,2.338,4.005,0.8231,0.6978,0.3172,0.1517,1.073,1.129,1.092,1.135,1.135,1.344,1.137,1.379,1.013,1.057,1.021,1.009,0.9961,0.9997,4.402,5.706,1.996,2.318,1.169,1.203,0.8976,9.382,13.65,0.6734,0.9503,1.005,50.5,26.92,22.14,26.33,26.88,26.55,6.674
17099,3.374,6.287,,,,,2.576,4.487,0.832,0.7093,0.3631,0.1979,1.045,1.111,1.042,1.132,1.146,1.331,1.218,1.361,1.014,1.057,1.024,1.015,0.9947,0.9979,3.547,4.514,1.833,2.112,1.187,1.187,2.142,18.32,26.73,0.8381,1.218,1.2,44.01,24.87,21.11,27.76,28.42,28.18,14.16
17101,2.644,4.503,,,,,2.17,3.343,0.7976,0.66,0.3469,0.209,1.058,1.129,1.045,1.144,1.263,1.483,1.208,1.559,1.049,1.08,1.017,1.015,0.9934,0.9932,2.548,2.93,1.603,1.792,1.164,1.147,5.398,30.44,41.9,1.37,1.943,1.948,20.81,11.03,9.467,25.99,26.44,26.38,28.9
17103,4.017,7.851,,,,,2.95,5.449,0.8443,0.727,0.3947,0.2219,1.055,1.151,1.061,1.156,1.161,1.406,1.195,1.444,1.015,1.069,1.011,0.9978,0.9946,0.9994,4.152,5.4,1.94,2.255,1.187,1.2,1.231,13.88,20.54,0.9076,1.321,1.378,52.59,29.95,25.22,28.36,28.66,28.3,9.838
17105,3.419,6.322,,,,,2.508,4.356,0.8216,0.6933,0.3343,0.1742,1.035,1.105,1.03,1.124,1.159,1.333,1.284,1.365,1.025,1.061,1.03,1.014,0.9941,0.9961,3.546,4.451,1.836,2.109,1.185,1.187,1.995,20.05,29.09,0.8119,1.208,1.176,41.11,22.4,18.93,27.1,27.92,27.47,15.07
17107,2.738,4.779,,,,,2.277,3.652,0.8118,0.6828,0.3553,0.207,1.073,1.128,1.108,1.168,1.195,1.407,1.298,1.527,1.022,1.052,1.036,1.019,0.9961,0.9983,3.011,3.669,1.758,1.999,1.136,1.129,3.745,25.8,36,0.9109,1.21,1.195,34.16,17.14,14.6,26.53,27.49,27.03,20.72
17109,2.707,4.773,,,,,2.429,4.081,0.8274,0.7075,0.4019,0.2491,1.056,1.117,1.072,1.13,1.207,1.427,1.221,1.454,1.025,1.06,1.017,1.002,0.9955,0.9969,3.054,3.702,1.748,1.988,1.154,1.142,3.805,24.3,33.85,0.8781,1.248,1.23,37.06,20.18,17.46,28.83,29.31,28.89,19.56
17111,3.741,7.192,,,,,2.718,4.988,0.8397,0.7235,0.3654,0.1942,1.091,1.133,1.156,1.155,1.126,1.329,1.146,1.377,1.013,1.051,1.027,1.018,0.9959,0.9993,4.029,5.211,1.968,2.299,1.164,1.178,1.105,11.97,17.54,0.8359,1.132,1.225,54.58,31.09,26.11,27.55,28.3,28.04,8.896
17113,3.024,5.413,,,,,2.361,3.914,0.82,0.691,0.3306,0.1725,1.059,1.1,1.075,1.118,1.203,1.385,1.285,1.43,1.028,1.062,1.033,1.021,0.9949,0.998,3.428,4.239,1.828,2.089,1.178,1.176,2.617,23.41,33.38,0.7729,1.17,1.181,38.45,20.08,16.9,26.79,27.67,27.36,17.11
17115,2.695,4.689,,,,,2.223,3.555,0.8073,0.6715,0.3562,0.2157,1.075,1.12,1.117,1.176,1.196,1.398,1.276,1.502,1.027,1.059,1.045,1.037,0.9961,0.9988,2.942,3.514,1.718,1.942,1.12,1.129,3.871,27.08,37.45,0.9578,1.315,1.324,30.49,15.83,13.12,26.12,27.29,27.09,22.24
17117,2.455,4.122,,,,,2.043,3.094,0.8051,0.6728,0.3936,0.27,1.055,1.121,1.035,1.152,1.181,1.39,1.229,1.469,1.025,1.067,1.017,1.019,0.997,0.9973,2.782,3.253,1.674,1.876,1.144,1.153,5.093,29.26,39.46,1.07,1.42,1.436,27.01,14.28,12.36,27.79,28.25,28.31,24.96
17119,2.39,3.872,3.641,7.84,,,1.771,2.478,0.7891,0.651,0.3695,0.2418,1.053,1.128,1.035,1.158,1.187,1.393,1.193,1.421,1.023,1.075,1.016,1.019,0.9962,0.9975,2.647,3.028,1.622,1.8,1.143,1.126,5.974,32.19,42.03,1.037,1.403,1.473,22.65,11.4,9.684,27.31,27.74,27.82,27.73
17121,2.399,4.056,,,,,2.045,3.131,0.7935,0.6567,0.3484,0.2187,1.083,1.143,1.085,1.192,1.235,1.447,1.208,1.515,1.043,1.081,1.011,1.019,0.9987,0.9983,2.512,2.902,1.606,1.797,1.173,1.153,6.338,30.62,41.49,1.298,1.66,1.709,21.82,10.99,9.742,26.89,27.18,27.4,28.96
17123,2.945,5.331,,,,,2.558,4.485,0.8271,0.7058,0.3829,0.2204,1.041,1.094,1.041,1.114,1.171,1.381,1.253,1.438,1.019,1.051,1.013,0.9988,0.9952,0.9984,3.143,3.906,1.785,2.052,1.186,1.197,3.018,21.5,30.78,0.7788,1.165,1.168,40.71,22,18.52,27.79,28.14,27.76,17.79
17125,2.555,4.364,,,,,2.172,3.435,0.8138,0.6861,0.3818,0.2366,1.07,1.131,1.089,1.156,1.214,1.438,1.305,1.538,1.03,1.065,1.02,1.002,0.9966,0.9982,2.917,3.49,1.743,1.975,1.152,1.135,4.791,29.11,39.98,0.8892,1.237,1.247,34.37,17.99,15.46,27.56,28.1,27.62,22.95
17127,2.412,3.91,3.627,8.507,,,1.777,2.453,0.7693,0.6239,,,1.066,1.156,1.03,1.135,1.241,1.431,1.276,1.483,1.04,1.072,1.018,1.046,0.9966,0.9965,2.341,2.63,1.553,1.718,1.107,1.1,6.903,37.17,48.45,1.686,2.232,2.308,11.49,4.911,4.037,25.37,25.82,26.55,35.31
17129,2.757,4.805,,,,,2.148,3.356,0.8104,0.6843,0.3808,0.2372,1.075,1.126,1.108,1.144,1.218,1.418,1.297,1.515,1.029,1.063,1.027,1.008,0.9962,0.997,3.072,3.71,1.752,1.983,1.157,1.146,3.892,27.11,37.63,0.924,1.239,1.308,33.67,17.73,15.33,27.72,28.46,27.94,21.11
17131,3.123,5.822,,,,,2.572,4.423,0.8332,0.7147,0.3939,0.2374,1.033,1.105,1.004,1.084,1.181,1.411,1.196,1.41,1.021,1.061,1.026,0.9965,0.9972,0.9995,3.454,4.354,1.819,2.099,1.176,1.188,2.815,20.33,29.21,0.8519,1.277,1.288,45.17,25.78,22.57,29.32,30.09,29.22,15.26
17133,2.163,3.277,3.177,6.317,,,1.89,2.686,0.787,0.6485,0.4128,0.2963,1.064,1.152,1.041,1.153,1.215,1.452,1.241,1.446,1.023,1.086,1.022,1.016,0.997,0.9985,2.364,2.657,1.652,1.837,1.137,1.116,9.286,43.25,54.14,1.248,1.791,1.748,18.76,8.913,7.626,27.21,27.82,27.65,35.85
17135,2.435,4.135,3.57,8.017,,,2.145,3.31,0.8005,0.6656,0.3852,0.2602,1.065,1.121,1.042,1.15,1.21,1.412,1.246,1.519,1.033,1.076,1.02,1.021,0.9964,0.9973,2.842,3.319,1.695,1.905,1.145,1.148,5.405,30.69,41.54,1.012,1.334,1.419,26.53,13.46,11.61,27.07,27.62,27.64,25.28
17137,2.697,4.755,,,,,2.358,3.836,0.8151,0.688,0.3948,0.2589,1.074,1.115,1.067,1.131,1.219,1.414,1.271,1.497,1.04,1.07,1.034,1.024,0.9961,0.9969,3.111,3.729,1.752,1.976,1.159,1.178,4.151,25.59,35.58,1.061,1.545,1.488,30.8,16.23,13.97,27.73,28.68,28.38,20.83
17139,2.639,4.677,,,,,2.223,3.536,0.8068,0.6713,0.3199,0.1884,1.069,1.115,1.084,1.158,1.167,1.373,1.197,1.487,1.025,1.062,1.038,1.039,0.9961,0.9993,2.909,3.478,1.682,1.896,1.156,1.146,4.079,25.11,35.29,0.851,1.13,1.239,29.56,15.62,13.44,26.01,26.98,27.02,22.08
17141,4.338,8.73,,,,,3.054,5.74,0.8477,0.7332,0.3941,0.2182,1.059,1.155,1.086,1.173,1.149,1.385,1.164,1.398,1.015,1.065,1.011,0.9878,0.9941,0.9979,4.66,6.122,2.011,2.354,1.168,1.168,0.9373,12.48,18.77,0.8337,1.204,1.229,54.45,31.06,26.18,28.23,28.55,27.89,8.19
17143,3.167,5.794,,,,,2.572,4.398,0.8289,0.7078,0.3923,0.2346,1.055,1.094,1.072,1.102,1.192,1.407,1.23,1.424,1.017,1.045,1.012,0.9933,0.9955,0.9977,3.449,4.323,1.841,2.111,1.154,1.157,2.547,20.32,29.02,0.7798,1.064,1.008,41.87,23.21,19.9,28.04,28.38,27.85,15.31
17145,2.352,3.75,3.441,7.376,,,1.902,2.751,0.7776,0.6337,0.3417,0.2002,1.081,1.163,1.063,1.158,1.234,1.509,1.244,1.532,1.035,1.084,1.019,1.033,0.9976,0.9983,2.536,2.843,1.637,1.812,1.151,1.144,6.917,37.46,47.87,1.148,1.555,1.599,17.59,7.879,6.773,26.25,26.76,27.11,31.95
17147,2.959,5.313,,,,,2.421,4.038,0.8125,0.68,0.3111,0.1642,1.059,1.103,1.066,1.133,1.183,1.386,1.259,1.478,1.027,1.059,1.025,1.019,0.994,0.9976,3.186,3.885,1.764,2.007,1.121,1.12,2.985,24.35,34.71,0.8166,1.115,1.129,33.81,17.76,14.89,26.66,27.33,27.17,19.2
17149,2.384,3.916,3.273,6.801,,,2.084,3.205,0.8163,0.6923,0.4103,0.276,1.078,1.125,1.098,1.147,1.232,1.407,1.273,1.449,1.025,1.059,1.029,1.024,0.9968,0.9977,2.723,3.2,1.704,1.912,1.125,1.132,5.939,29.58,39.23,1.136,1.548,1.526,29.99,16.41,14.42,28.17,28.99,28.84,24.74
17151,2.515,4.194,,,,,2.016,2.965,0.7752,0.6307,,,1.061,1.161,1.028,1.162,1.229,1.451,1.243,1.486,1.04,1.074,1.022,1.036,0.9962,0.9967,2.496,2.831,1.6,1.779,1.109,1.102,5.838,34.57,46.25,1.812,2.366,2.474,13.19,5.376,4.327,26.35,26.95,27.31,31.96
17153,2.359,3.69,3.788,8.574,,,1.617,2.124,0.7399,0.5858,,,1.048,1.158,1,1.15,1.25,1.432,1.264,1.458,1.03,1.06,1.015,1.06,0.9977,0.9996,2.347,2.614,1.559,1.716,1.103,1.09,7.348,41.15,52.05,1.58,2.013,2.11,12.16,4.661,3.646,25.03,25.4,26.54,36.75
17155,2.941,5.264,,,,,2.573,4.449,0.8338,0.7152,0.3982,0.2355,1.039,1.093,1.011,1.083,1.176,1.371,1.237,1.441,1.019,1.053,1.017,1.001,0.9954,0.999,3.247,4.01,1.815,2.081,1.176,1.19,2.897,21.4,30.15,0.7144,1.086,1.068,41.91,22.96,19.63,28.6,29.09,28.63,17.09
17157,2.081,3.121,2.902,5.697,,,1.876,2.693,0.7843,0.6434,0.3742,0.2426,1.064,1.153,1.037,1.159,1.218,1.496,1.199,1.49,1.031,1.086,1.018,1.019,0.997,0.9978,2.178,2.425,1.592,1.757,1.14,1.131,10.29,42.56,52.62,1.457,1.968,1.984,17.35,7.881,6.697,27.66,28.16,28.17,39.06
17159,2.543,4.319,,,,,2.158,3.36,0.7977,0.6618,0.3658,0.2354,1.061,1.131,1.045,1.148,1.253,1.486,1.2,1.644,1.044,1.076,1.026,1.024,0.9959,0.9958,2.534,2.941,1.597,1.784,1.172,1.168,5.635,28.92,39.53,1.135,1.685,1.67,21.49,11.39,9.757,26.31,26.98,26.95,28.24
17161,3.327,6.22,,,,,2.243,3.618,0.8302,0.7106,0.3706,0.2048,1.024,1.092,0.9936,1.072,1.138,1.351,1.184,1.385,1.012,1.053,1.017,0.9886,0.9969,0.999,3.646,4.612,1.839,2.115,1.174,1.194,2.037,19.01,27.36,0.7237,1.009,1.033,48.01,27.12,23.28,28.44,28.92,28.12,13.46
17163,2.239,3.495,3.304,6.799,,,1.785,2.499,0.7811,0.6419,0.3895,0.2684,1.066,1.145,1.044,1.158,1.204,1.432,1.24,1.442,1.021,1.076,1.012,1.014,0.9973,0.9986,2.419,2.723,1.606,1.777,1.129,1.116,7.741,37.6,47.89,1.133,1.58,1.543,19.3,9.19,7.839,27.63,27.96,28.01,33.16
17165,2.118,3.198,3.209,6.645,,,1.933,2.756,0.7742,0.6264,0.3972,0.249,1.079,1.176,1.051,1.171,1.221,1.474,1.207,1.5,1.049,1.09,1.02,1.027,0.9947,0.9941,2.277,2.518,1.623,1.791,1.128,1.114,8.899,45.12,55.75,1.425,1.955,2.081,14.96,6.351,5.053,26.03,26.55,26.72,38.43
17167,2.739,4.73,,,,,2.045,3.099,0.8062,0.6754,0.3709,0.2369,1.068,1.111,1.094,1.144,1.189,1.371,1.291,1.516,1.024,1.055,1.022,1.011,0.9959,0.9974,3.075,3.679,1.743,1.965,1.152,1.145,3.826,28.1,38.58,0.809,1.085,1.088,31.89,16.83,14.45,27.08,27.68,27.38,21.59
17169,2.512,4.26,,,,,2.245,3.591,0.8137,0.69,0.387,0.2382,1.076,1.121,1.115,1.136,1.212,1.405,1.248,1.472,1.029,1.06,1.026,1.005,0.9966,0.9975,2.825,3.362,1.714,1.935,1.143,1.114,4.94,27.44,37.34,1.04,1.457,1.409,34.04,18.2,15.81,28.27,29,28.41,22.89
17171,2.569,4.387,3.841,8.385,,,2.263,3.619,0.8128,0.6877,0.3993,0.2665,1.072,1.127,1.075,1.157,1.234,1.41,1.313,1.491,1.035,1.065,1.047,1.041,0.9969,0.9977,2.897,3.445,1.718,1.933,1.129,1.157,4.993,27.27,37.06,1.1,1.567,1.521,29.81,15.89,13.94,27.24,28.52,28.35,22.76
17173,2.563,4.475,,,,,2.233,3.502,0.8046,0.6707,0.3367,0.2103,1.073,1.117,1.064,1.144,1.209,1.402,1.214,1.519,1.035,1.072,1.031,1.029,0.9965,0.998,2.89,3.433,1.679,1.884,1.166,1.152,4.746,25.88,35.77,0.9936,1.362,1.486,28.5,15.12,13.27,26.38,27.2,27.15,22.52
17175,3.402,6.367,,,,,2.777,5.009,0.8345,0.7143,0.3787,0.2115,1.055,1.114,1.056,1.118,1.201,1.436,1.219,1.45,1.02,1.056,1.017,0.9967,0.9947,0.998,3.696,4.747,1.852,2.135,1.161,1.179,2.067,16.87,24.79,0.8256,1.324,1.282,45.17,24.87,21.13,28.48,28.97,28.39,13.15
17177,,,,,,,3.281,6.438,0.8527,0.7393,0.3879,0.2027,1.05,1.148,1.095,1.204,1.137,1.369,1.17,1.379,1.005,1.054,1.004,0.9765,0.9947,0.997,5.437,7.206,2.062,2.421,1.18,1.203,0.6233,10.58,16.47,0.7289,1.056,1.08,57.63,33.65,28.13,29.48,29.58,28.78,6.467
17179,2.995,5.362,,,,,2.303,3.719,0.8195,0.6947,0.3564,0.201,1.047,1.094,1.063,1.124,1.195,1.389,1.261,1.409,1.019,1.048,1.029,1,0.996,0.9979,3.318,4.092,1.808,2.064,1.168,1.168,2.887,24.21,34.33,0.7235,0.9855,0.9229,38.48,20.56,17.58,26.77,27.54,26.78,17.79
17181,2.26,3.51,3.7,8.214,,,1.809,2.513,0.7698,0.6254,,,1.062,1.175,1.022,1.181,1.243,1.487,1.25,1.504,1.036,1.083,1.012,1.032,0.9972,0.9981,2.433,2.701,1.604,1.767,1.116,1.115,6.847,38.95,48.81,1.87,2.341,2.363,13.59,5.343,4.305,26.25,26.58,27.1,34.25
17183,3.436,6.309,,,,,2.528,4.209,0.8108,0.6797,0.2996,0.1467,1.058,1.094,1.063,1.117,1.159,1.35,1.194,1.383,1.025,1.065,1.034,1.024,0.9934,0.9966,3.59,4.452,1.839,2.104,1.165,1.163,2.064,21.57,31.25,0.6835,0.9705,0.9684,34.4,18.06,14.99,25.3,26.15,25.91,15.71
17185,2.37,3.869,3.944,9.067,,,1.963,2.875,0.7817,0.6421,0.3451,0.195,1.071,1.141,1.064,1.169,1.246,1.486,1.203,1.531,1.037,1.072,1.025,1.024,0.993,0.9927,2.406,2.725,1.587,1.766,1.159,1.135,6.898,35.41,47.48,1.174,1.544,1.573,18.15,8.798,7.376,25.25,25.87,25.87,33.2
17187,3.075,5.758,,,,,2.46,4.197,0.8295,0.7073,0.3975,0.2403,1.041,1.096,1.046,1.091,1.183,1.406,1.241,1.439,1.022,1.056,1.029,1.008,0.9964,0.9994,3.411,4.246,1.798,2.06,1.17,1.195,2.802,21.07,30.04,0.9738,1.317,1.359,41.72,23.48,20.32,28.4,29.23,28.63,16.08
17189,2.467,4.108,3.766,8.406,,,1.891,2.745,0.7802,0.6402,0.3358,0.2061,1.084,1.162,1.07,1.167,1.251,1.494,1.242,1.503,1.043,1.09,1.015,1.018,0.9974,0.9983,2.54,2.9,1.598,1.773,1.155,1.131,6.032,31.43,41.58,1.227,1.752,1.774,20.19,9.642,8.517,27.53,27.96,28.02,28.86
17191,2.482,4.128,3.772,8.373,,,2.038,3.045,0.7879,0.6488,0.3571,0.2195,1.074,1.149,1.063,1.174,1.247,1.51,1.229,1.563,1.037,1.078,1.017,1.021,0.9971,0.9964,2.671,3.027,1.654,1.844,1.153,1.129,6.132,35.02,46.82,1.129,1.559,1.558,19.31,9.103,7.746,26.14,26.58,26.68,29.72
17193,2.43,4.03,3.955,9.115,,,1.965,2.893,0.7867,0.6505,0.3731,0.221,1.102,1.17,1.107,1.178,1.26,1.511,1.209,1.533,1.047,1.082,1.032,1.013,0.9964,0.9944,2.412,2.74,1.589,1.768,1.145,1.134,6.821,34.25,46.14,1.262,1.639,1.753,17.4,8.188,7.008,26.05,26.9,26.38,32.67
17195,3.733,7.18,,,,,2.748,4.931,0.8403,0.7207,0.3937,0.2209,1.056,1.147,1.062,1.16,1.176,1.414,1.234,1.45,1.018,1.062,1.026,1.001,0.9946,0.9977,3.97,5.082,1.876,2.169,1.183,1.233,1.466,16.03,23.53,0.7468,1.172,1.251,47.94,26.91,22.46,28.02,28.76,28.05,11.51
17197,3.654,6.84,,,,,2.554,4.36,0.8196,0.6943,0.3337,0.1701,1.043,1.139,1.054,1.194,1.114,1.329,1.258,1.442,1.016,1.065,1.033,1.007,0.9932,0.9964,3.589,4.57,1.842,2.123,1.183,1.185,1.654,16.58,24.27,1.02,1.393,1.424,44.16,23.91,20,26.55,27.43,26.75,12.84
17199,2.39,3.85,3.689,8.173,,,2.009,2.925,0.7825,0.6365,0.4057,0.2682,1.07,1.168,1.026,1.154,1.241,1.482,1.252,1.528,1.044,1.086,1.025,1.02,0.9961,0.9954,2.696,3.014,1.665,1.841,1.135,1.137,6.149,37.06,47.61,1.492,1.957,2.047,16.25,7.159,5.738,26,26.66,26.52,30.17
17201,3.815,7.44,,,,,3.022,5.648,0.8444,0.731,0.3624,0.1798,1.071,1.13,1.113,1.158,1.139,1.329,1.164,1.345,1.011,1.05,0.9963,0.9723,0.9945,0.9976,4.624,5.953,2.044,2.381,1.148,1.145,1.091,13.72,20.1,0.7753,1.094,1.087,55.68,32.89,27.75,30.09,29.98,29.26,8.628
17203,2.923,5.29,,,,,2.509,4.352,0.8244,0.7008,0.3669,0.2062,1.038,1.103,1.046,1.121,1.196,1.408,1.293,1.429,1.022,1.056,1.022,1.01,0.9942,0.9973,3.232,4.002,1.798,2.064,1.189,1.191,2.94,22.86,32.76,0.7135,1.077,1.053,40.31,21.38,17.96,27.21,27.82,27.47,18.04
18001,4.309,8.508,,,,,2.486,4.241,0.8073,0.6666,0.1988,0.03457,1.052,1.105,1.064,1.117,1.197,1.363,1.242,1.444,1.035,1.062,1.023,1.023,0.9924,0.9953,4.404,5.588,1.899,2.182,1.223,1.191,0.9902,15.11,22.1,0.6055,0.9048,0.9936,39.21,19.78,16.48,23.9,24.46,24.45,10.27
18003,4.725,9.432,,,,,2.972,5.431,0.819,0.687,0.2508,0.09952,1.041,1.105,1.044,1.127,1.16,1.336,1.194,1.434,1.023,1.059,1.021,1.015,0.9921,0.9951,4.705,6.054,1.969,2.283,1.274,1.259,0.9668,13.83,20.57,0.419,0.6372,0.6618,41.83,22.26,18.46,23.94,24.43,24.28,8.872
18005,3.644,7.128,,,,,2.954,5.255,0.821,0.6913,0.3502,0.2058,1.069,1.11,1.07,1.123,1.252,1.434,1.269,1.501,1.048,1.075,1.007,1.016,0.9938,0.9951,3.847,4.796,1.756,2.009,1.16,1.153,1.684,17.09,26.8,1.08,1.329,1.491,25.64,13.67,11.63,24.63,24.81,25.01,14.12
18007,3.926,7.475,,,,,2.869,5.06,0.821,0.6913,0.2902,0.1184,1.043,1.086,1.043,1.099,1.159,1.332,1.212,1.337,1.033,1.067,1.025,1.001,0.9928,0.9948,3.767,4.818,1.863,2.15,1.216,1.192,1.611,17.67,26.33,0.7731,1.153,1.161,39.96,21.49,18.03,25.92,26.58,25.95,13.08
18009,5.51,11.64,,,,,2.896,5.238,0.8249,0.6972,0.3454,0.187,1.046,1.094,1.036,1.055,1.175,1.357,1.22,1.434,1.041,1.073,0.9944,1.016,0.9951,0.9971,4.994,6.726,1.895,2.199,1.228,1.188,0.7212,10.6,16.96,0.7498,1.095,1.082,40.8,23.13,20.04,24.87,24.73,25.28,7.565
18011,4.212,8.43,,,,,2.955,5.385,0.8252,0.6972,0.3103,0.1425,1.059,1.126,1.037,1.14,1.186,1.358,1.208,1.371,1.034,1.07,1.037,1.023,0.9935,0.9952,4.812,6.124,1.912,2.201,1.196,1.156,0.9973,14.13,22.28,0.8432,1.206,1.213,35.65,19.29,16.2,24.54,25.44,25.11,9.683
18013,3.725,7.375,,,,,3.115,5.666,0.8207,0.6921,0.317,0.1637,1.069,1.1,1.085,1.126,1.274,1.444,1.295,1.548,1.048,1.071,1.008,1.007,0.9938,0.9944,3.909,4.939,1.766,2.022,1.151,1.16,1.636,15.57,24.81,1.144,1.473,1.638,26.69,14.29,12.17,23.9,24.09,24.07,13.04
18015,3.874,7.363,,,,,2.704,4.739,0.8122,0.6781,0.2634,0.09232,1.037,1.089,1.013,1.089,1.151,1.306,1.181,1.309,1.026,1.061,1.021,1.009,0.9931,0.9965,4.083,5.184,1.901,2.196,1.227,1.205,1.502,16.66,24.87,0.7161,1.1,1.062,35.53,18.69,15.56,24.59,25.11,24.82,11.82
18017,4.455,8.728,,,,,3.387,6.466,0.8221,0.691,0.2879,0.1229,1.028,1.091,1.015,1.093,1.151,1.328,1.179,1.367,1.034,1.072,1.028,1.032,0.9925,0.9951,4.225,5.482,1.934,2.25,1.273,1.244,1.157,14.04,21.6,0.5675,0.9526,0.8873,39.49,21.23,17.86,23.7,24.37,24.45,10.2
18019,2.999,5.365,,,,,2.189,3.45,0.797,0.6551,0.3188,0.1753,1.068,1.14,1.058,1.176,1.254,1.452,1.28,1.565,1.033,1.067,0.9986,1.013,0.9911,0.9947,3.022,3.599,1.651,1.867,1.107,1.124,3.195,24.53,36.16,1.005,1.285,1.426,16.28,7.385,6.046,23.83,23.8,24.15,22.33
18021,3.223,6.018,,,,,2.733,4.694,0.8203,0.6913,0.3033,0.1624,1.109,1.152,1.102,1.174,1.277,1.437,1.302,1.482,1.051,1.076,1.021,1.005,0.9932,0.9939,3.306,4.019,1.738,1.974,1.171,1.179,2.677,21.16,31.06,0.9485,1.339,1.433,27.93,14.42,12.18,25.26,25.8,25.4,17.84
18023,4.459,8.776,,,,,2.822,4.958,0.8188,0.6868,0.2919,0.1217,1.048,1.116,1.01,1.116,1.176,1.334,1.208,1.349,1.023,1.055,1.033,1.018,0.9932,0.9957,4.789,6.186,1.94,2.238,1.193,1.174,0.8578,13.44,20.64,0.7101,1.002,1.028,37.92,19.98,16.65,23.92,24.7,24.36,8.991
18025,3.326,6.198,,,,,3.192,5.706,0.8179,0.6935,0.3874,0.2659,1.07,1.136,1.054,1.169,1.279,1.471,1.296,1.566,1.045,1.073,0.9996,1.004,0.9942,0.9956,3.274,3.959,1.696,1.925,1.096,1.113,2.817,19.72,30.37,1.446,1.836,1.996,17.61,8.574,7.4,24.98,24.97,25.07,18.78
18027,3.08,5.505,,,,,2.101,3.183,0.7882,0.6471,0.2295,0.06606,1.056,1.123,1.054,1.167,1.239,1.44,1.233,1.505,1.04,1.068,1.023,1.022,0.9934,0.9946,3.085,3.624,1.668,1.873,1.131,1.123,3.583,27.02,39.04,1.136,1.481,1.569,20.03,9.661,8.131,24.79,25.35,25.34,22.95
18029,3.526,6.932,,,,,2.919,5.251,0.8103,0.6766,0.329,0.1901,1.056,1.119,1.068,1.147,1.227,1.411,1.313,1.509,1.042,1.076,1.005,1.013,0.991,0.993,3.916,4.949,1.774,2.037,1.154,1.179,1.533,15.93,24.7,0.6375,0.8508,0.9503,23.43,11.92,9.912,23.84,23.95,24.15,13.25
18031,3.771,7.435,,,,,2.752,4.807,0.8127,0.6806,0.376,0.233,1.07,1.124,1.055,1.12,1.262,1.448,1.315,1.503,1.044,1.076,1.009,1.016,0.9923,0.9948,4.468,5.62,1.832,2.099,1.145,1.138,1.467,16.15,25.23,0.8437,1.09,1.205,27.59,14.56,12.36,24.14,24.36,24.54,11.56
18033,4.906,9.939,,,,,3.199,6.229,0.8166,0.6821,0.2439,0.09846,1.035,1.101,1.028,1.107,1.144,1.32,1.174,1.415,1.022,1.06,1.024,1.005,0.9924,0.9946,4.396,5.768,1.948,2.281,1.295,1.291,0.83,11.75,18.06,0.584,0.8781,0.8309,42.63,21.54,17.41,24.68,25.26,24.81,8.594
18035,4.476,9.161,,,,,2.786,5.044,0.8268,0.6996,0.3095,0.14,1.041,1.105,1.024,1.066,1.174,1.365,1.193,1.399,1.038,1.069,1.017,1.025,0.995,0.997,4.178,5.503,1.847,2.142,1.236,1.217,1.099,12.12,19.12,0.7293,1.068,1.125,38.03,21.52,18.57,23.65,24.04,24.25,9.776
18037,3.262,5.945,,,,,2.366,3.833,0.8034,0.67,0.3119,0.1742,1.064,1.123,1.043,1.154,1.267,1.437,1.269,1.515,1.047,1.07,1.034,1.032,0.994,0.995,3.089,3.677,1.667,1.88,1.147,1.148,3.256,22.94,34.34,1.517,1.914,1.974,18.7,9.205,7.807,25.43,26.29,26.25,21.14
18039,4.208,8.235,,,,,2.738,5.021,0.8094,0.6637,0.1982,0.04678,1.044,1.108,1.051,1.128,1.126,1.307,1.152,1.356,1.015,1.052,1.017,1.01,0.992,0.9954,4.337,5.709,1.957,2.287,1.187,1.188,0.9948,12.03,18.04,0.6929,0.9603,1.013,43.74,22.54,17.83,24.04,24.44,24.28,8.567
18041,4.432,9.282,,,,,4.317,8.985,0.8413,0.7213,0.3909,0.2347,1.075,1.122,1.083,1.113,1.251,1.456,1.267,1.517,1.046,1.079,0.9996,1.009,0.9911,0.9942,4.604,5.998,1.896,2.208,1.205,1.21,0.9599,12.41,20.08,0.5602,0.7571,0.8651,33.06,19.04,16.48,23.01,23.01,23.22,9.466
18043,3.014,5.346,,,,,2.016,3.022,0.7781,0.6316,,,1.074,1.16,1.069,1.198,1.241,1.445,1.261,1.524,1.034,1.07,1.015,1.032,0.9918,0.9955,3.026,3.59,1.646,1.848,1.122,1.142,2.96,24.5,35.96,1.212,1.581,1.671,16.19,7.166,5.887,24.07,24.43,24.85,22.19
18045,3.633,6.857,,,,,2.623,4.477,0.8205,0.6935,0.3063,0.1443,1.071,1.112,1.077,1.134,1.176,1.338,1.204,1.342,1.033,1.069,1.042,1.032,0.9928,0.9962,3.895,4.859,1.848,2.117,1.229,1.21,1.82,19.01,28.2,0.5626,0.8551,0.864,34.05,18.16,15.23,24.16,25.16,24.93,13.81
18047,3.586,7.153,,,,,4.329,8.788,0.8371,0.7155,0.398,0.2558,1.066,1.127,1.074,1.127,1.245,1.45,1.279,1.515,1.051,1.083,1,1.011,0.991,0.9942,4.015,5.087,1.833,2.122,1.161,1.186,1.424,14.74,23.14,0.7996,0.9996,1.145,28.22,15.58,13.52,24.05,24.06,24.33,12.3
18049,5.078,10.37,,,,,3.219,6.156,0.8313,0.703,0.2967,0.1334,1.03,1.098,1.042,1.127,1.136,1.33,1.185,1.443,1.037,1.075,1.032,1.023,0.9909,0.9939,4.615,6.056,1.937,2.262,1.252,1.212,0.9121,12.38,19.63,0.7503,1.237,1.147,43.51,23.75,20.03,23.93,24.7,24.49,8.758
18051,2.578,4.286,,,,,1.969,2.844,0.7842,0.6428,0.3401,0.1885,1.069,1.15,1.065,1.202,1.243,1.468,1.214,1.544,1.032,1.065,1.038,1.031,0.994,0.9936,2.748,3.124,1.659,1.852,1.131,1.119,5.644,35.6,48.35,1.116,1.486,1.558,18.57,8.809,7.318,25.27,26.24,26.05,29.19
18053,4.92,10.18,,,,,3.366,6.419,0.8315,0.7056,0.3486,0.1929,1.038,1.096,1.018,1.065,1.16,1.352,1.187,1.406,1.032,1.074,1.01,1.013,0.9934,0.9949,4.613,6.117,1.911,2.23,1.24,1.2,0.9672,12.03,19.49,0.6551,1.001,1.051,40.01,22.79,19.7,24.2,24.45,24.51,8.935
18055,3.171,5.964,,,,,2.449,4.062,0.8094,0.6769,0.2675,0.1147,1.071,1.134,1.066,1.166,1.243,1.433,1.291,1.525,1.045,1.074,1.013,1.015,0.9929,0.9936,3.244,3.954,1.694,1.921,1.141,1.129,2.843,21.08,31.74,1.164,1.526,1.635,23.39,11.88,10.09,24.82,25.13,25.18,18.7
18057,4.375,8.78,,,,,3.044,5.513,0.8214,0.6928,0.3103,0.1493,1.059,1.118,1.055,1.131,1.186,1.377,1.208,1.393,1.036,1.068,1.021,1.015,0.994,0.9966,4.579,5.842,1.9,2.191,1.209,1.176,1.06,14.39,22.57,0.7133,1.104,1.204,34.94,18.87,16.03,24.38,24.88,24.74,10.14
18059,4.078,8.085,,,,,2.72,4.735,0.8241,0.6975,0.3163,0.1565,1.077,1.13,1.093,1.124,1.232,1.42,1.297,1.447,1.047,1.077,1.014,1.012,0.9924,0.9947,4.126,5.248,1.818,2.092,1.181,1.172,1.275,15.41,24.08,0.9142,1.347,1.456,34.28,18.75,16.24,24.38,24.73,24.67,11.7
18061,3.051,5.465,,,,,2.283,3.605,0.7864,0.6466,0.2917,0.1407,1.063,1.156,1.048,1.202,1.258,1.468,1.291,1.524,1.039,1.072,1.016,1.018,0.9929,0.9951,3.042,3.608,1.655,1.859,1.119,1.149,3.099,23.74,35.18,1.175,1.505,1.614,15.57,6.915,5.722,24.43,24.82,24.88,22.12
18063,4.064,8.084,,,,,2.749,4.757,0.8206,0.6906,0.2955,0.126,1.077,1.139,1.057,1.142,1.23,1.391,1.255,1.429,1.035,1.069,1.039,1.027,0.9941,0.9954,4.623,5.847,1.863,2.134,1.165,1.154,1.214,15.76,24.57,0.8122,1.158,1.18,33.17,18.09,15.23,24.04,24.98,24.69,10.68
18065,4.372,9.093,,,,,3.645,7.378,0.8413,0.7193,0.3664,0.1958,1.066,1.124,1.061,1.089,1.211,1.404,1.233,1.436,1.051,1.083,1.01,1.022,0.9921,0.9949,4.442,5.887,1.925,2.255,1.205,1.188,1.103,12.09,19.47,0.9939,1.476,1.52,37.97,21.77,18.79,24.26,24.49,24.79,9.067
18067,3.971,7.804,,,,,3.18,6.011,0.8253,0.7006,0.33,0.1645,1.034,1.098,0.993,1.094,1.157,1.351,1.188,1.384,1.028,1.072,1.026,1.016,0.9927,0.9948,4.162,5.469,1.891,2.193,1.263,1.221,1.442,12.8,20,0.7375,1.087,1.137,40.63,21.97,19.05,24.57,25.21,24.95,10.15
18069,4.345,8.509,,,,,3.145,5.867,0.8247,0.6956,0.2835,0.1268,1.046,1.106,1.03,1.089,1.211,1.377,1.267,1.448,1.032,1.067,1.014,1.024,0.9925,0.9955,4.259,5.463,1.917,2.216,1.276,1.244,1.092,13.9,20.96,0.5402,0.9041,0.9383,40.71,21.99,18.8,23.81,24.14,24.38,10.16
18071,3.257,6.171,,,,,3.198,5.847,0.8212,0.6952,0.3528,0.2131,1.065,1.116,1.057,1.142,1.255,1.435,1.276,1.503,1.043,1.071,1.01,1.013,0.993,0.994,3.265,4.03,1.717,1.961,1.142,1.135,2.501,18.81,28.97,1.096,1.391,1.518,21.73,11.44,9.785,24.31,24.56,24.63,17.52
18073,4.039,7.697,,,,,3.049,5.66,0.8364,0.7145,0.3499,0.181,1.038,1.102,1.027,1.1,1.137,1.314,1.202,1.361,1.023,1.071,1.027,1.007,0.9919,0.9954,3.558,4.586,1.84,2.138,1.235,1.213,1.645,15.3,23.01,0.7887,1.234,1.201,42.47,24.11,20.5,25.53,26.21,25.71,12.48
18075,4.45,9.105,,,,,2.962,5.519,0.8253,0.6975,0.3074,0.1469,1.04,1.1,1.037,1.075,1.186,1.363,1.218,1.412,1.039,1.069,1.005,1.016,0.9937,0.9954,4.34,5.678,1.884,2.188,1.23,1.209,1.029,12.84,19.76,0.629,0.9731,0.9596,38.62,21.35,18.32,23.92,24.05,24.3,9.607
18077,3.353,6.371,,,,,2.61,4.442,0.8053,0.6649,0.2855,0.1349,1.053,1.113,1.048,1.141,1.255,1.432,1.323,1.571,1.039,1.069,1.014,1.043,0.9915,0.9939,3.626,4.48,1.727,1.973,1.131,1.141,2.067,19.02,29.4,0.8221,1.101,1.238,18.14,8.673,6.944,23.91,24.24,24.93,15.99
18079,3.248,6.09,,,,,2.607,4.399,0.8047,0.6658,0.3433,0.2053,1.046,1.111,1.038,1.129,1.228,1.417,1.254,1.465,1.036,1.065,1.002,1.015,0.994,0.9949,3.713,4.546,1.756,1.998,1.143,1.137,2.151,20.12,30.41,0.9611,1.182,1.374,20.48,9.736,7.85,24.39,24.45,24.75,16.09
18081,3.977,7.855,,,,,2.834,4.91,0.8213,0.6903,0.3324,0.1757,1.082,1.118,1.083,1.12,1.275,1.447,1.271,1.513,1.049,1.068,1.006,1.01,0.9944,0.9955,4.383,5.527,1.823,2.087,1.171,1.18,1.297,16.24,25.6,0.83,1.155,1.25,30.93,16.88,14.29,24.56,24.71,24.79,11.63
18083,2.759,4.732,,,,,2.145,3.266,0.8,0.6631,0.3238,0.1774,1.06,1.133,1.063,1.178,1.248,1.472,1.223,1.523,1.044,1.075,1.02,1.018,0.9925,0.9931,2.753,3.19,1.644,1.845,1.154,1.13,4.878,30.12,41.95,1.314,1.755,1.772,21.16,11.34,9.812,25.38,25.89,25.84,26.4
18085,5.448,11.33,,,,,3.127,5.938,0.8309,0.7009,0.2972,0.1414,1.041,1.116,1.042,1.159,1.152,1.334,1.174,1.379,1.03,1.069,1.027,1.015,0.9906,0.9946,4.914,6.573,1.968,2.307,1.237,1.239,0.74,10.8,17.08,0.5874,0.9248,0.8849,44.07,24.49,20.34,23.78,24.43,24.13,7.351
18087,5.334,10.93,,,,,3.036,5.83,0.8231,0.6911,0.2317,0.08564,1.057,1.125,1.071,1.14,1.151,1.347,1.187,1.409,1.025,1.066,1.029,0.992,0.9913,0.9936,4.813,6.428,1.983,2.324,1.233,1.215,0.6217,10.27,15.89,0.5925,0.934,1.003,48,25.2,20.85,24.55,25.25,24.35,7.022
18089,3.804,7.47,,,,,2.427,4.223,0.8204,0.6903,0.2727,0.1015,1.033,1.124,1.024,1.141,1.108,1.311,1.143,1.336,1.01,1.053,1.017,0.9975,0.9927,0.9969,3.604,4.647,1.833,2.128,1.183,1.191,1.588,14.45,21.69,0.8039,1.121,1.102,41.98,23.21,19.13,25.45,25.89,25.38,11.72
18091,4.004,7.717,,,,,2.731,4.862,0.8136,0.6739,0.2657,0.107,1.035,1.13,1.042,1.174,1.108,1.291,1.151,1.347,1.004,1.049,1.026,1.025,0.9945,0.9994,3.951,5.101,1.904,2.21,1.182,1.197,1.199,12.88,19.06,0.7486,1.085,1.095,43.81,23.03,18.57,22.78,23.38,23.35,9.769
18093,3.277,6.144,,,,,2.887,5.059,0.8082,0.6806,0.2862,0.1393,1.056,1.115,1.043,1.154,1.237,1.397,1.243,1.473,1.032,1.062,1.014,1.02,0.9933,0.9938,3.434,4.172,1.749,1.981,1.14,1.127,2.49,20.15,30.52,1.074,1.411,1.467,21.99,10.48,9.007,23.47,23.79,23.95,17.4
18095,4.329,8.729,,,,,2.756,4.854,0.8216,0.6909,0.3067,0.142,1.045,1.107,1.027,1.096,1.174,1.362,1.199,1.373,1.033,1.067,1.014,1.002,0.9935,0.9946,4.548,5.876,1.896,2.187,1.219,1.201,1.142,13.01,20.34,0.6612,1.011,1.106,36.32,20.27,17.3,23.85,24.2,23.91,9.466
18097,3.983,7.769,,,,,2.451,3.973,0.8137,0.6802,0.2767,0.1129,1.068,1.117,1.081,1.124,1.203,1.378,1.238,1.416,1.032,1.063,1.014,1.013,0.9937,0.9953,4.446,5.561,1.837,2.098,1.144,1.14,1.225,17.36,26.56,0.8158,1.152,1.206,31.93,17.21,14.5,24.61,24.95,24.92,11.63
18099,3.581,6.668,,,,,2.869,5.262,0.8253,0.6923,0.2677,0.1087,1.04,1.116,1.051,1.162,1.149,1.338,1.191,1.406,1.024,1.056,1.027,1.011,0.9914,0.9955,3.869,4.923,1.974,2.294,1.205,1.217,1.476,16.79,24.17,0.7052,1.085,1.086,42.47,23.09,19.5,23.65,24.29,23.92,11.6
18101,3.123,5.753,,,,,2.558,4.308,0.808,0.6787,0.2596,0.106,1.058,1.115,1.052,1.151,1.242,1.401,1.236,1.461,1.041,1.067,1.022,1.02,0.9938,0.9944,3.062,3.651,1.675,1.895,1.14,1.127,3.28,22.64,34.06,1.405,1.751,1.796,20.11,9.836,8.415,25.18,25.74,25.68,21.19
18103,4.744,9.473,,,,,3.712,7.177,0.8311,0.7065,0.3323,0.1758,1.029,1.091,1.018,1.092,1.157,1.34,1.173,1.395,1.031,1.071,1.022,1.035,0.9913,0.9933,4.549,5.993,1.955,2.279,1.251,1.22,1.059,13,20.43,0.5683,0.8961,0.8936,41.17,22.38,19.23,23.26,23.78,24.07,9.17
18105,3.422,6.554,,,,,2.553,4.313,0.8072,0.6748,0.2707,0.1151,1.077,1.126,1.071,1.142,1.282,1.447,1.284,1.519,1.043,1.07,1.013,1.02,0.993,0.9928,3.525,4.391,1.729,1.965,1.149,1.144,2.203,17.89,27.64,1.03,1.355,1.46,25.63,12.95,11.11,23.53,23.84,24.01,15.48
18107,4.13,8.275,,,,,2.786,5.05,0.8382,0.7189,0.337,0.1673,1.069,1.112,1.059,1.121,1.199,1.345,1.225,1.346,1.046,1.072,1.043,1.029,0.9918,0.9942,4.149,5.312,1.84,2.122,1.215,1.194,1.384,13.6,21.53,0.7668,1.138,1.141,36.76,20.68,17.9,24.71,25.78,25.43,10.97
18109,4.106,8.177,,,,,3.002,5.337,0.8223,0.6918,0.3358,0.183,1.096,1.13,1.09,1.126,1.291,1.439,1.284,1.526,1.051,1.077,1.014,1.013,0.993,0.9945,4.131,5.19,1.808,2.078,1.17,1.171,1.489,16,25.33,0.8926,1.307,1.382,29.74,15.6,13.04,25.03,25.36,25.36,12.16
18111,3.752,7.087,,,,,2.867,5.17,0.8283,0.703,0.3307,0.1633,1.043,1.101,1.034,1.119,1.154,1.332,1.253,1.384,1.025,1.066,1.032,1.01,0.9924,0.9957,3.457,4.446,1.816,2.102,1.241,1.238,1.834,16.51,24.61,0.7777,1.212,1.188,41.21,22.77,19.32,25.08,25.89,25.32,13.55
18113,,,,,,,3.204,6.189,0.8228,0.6913,0.2388,0.08858,1.041,1.105,1.041,1.128,1.143,1.336,1.175,1.39,1.023,1.062,1.019,0.9992,0.9911,0.9943,4.89,6.516,1.964,2.302,1.272,1.267,0.6773,10.11,15.8,0.5111,0.8167,0.7992,44.84,23.77,19.48,23.95,24.41,23.93,7.015
18115,3.611,7.116,,,,,2.872,5.072,0.8007,0.6662,0.3194,0.1819,1.058,1.122,1.068,1.147,1.213,1.432,1.325,1.628,1.04,1.077,1.004,1.033,0.9905,0.9922,3.862,4.895,1.762,2.024,1.151,1.169,1.644,16.92,26.5,0.6464,0.8672,0.9682,20.36,9.449,7.746,23.61,23.72,24.39,13.97
18117,3.412,6.396,,,,,3.077,5.514,0.8251,0.7024,0.3593,0.2227,1.064,1.122,1.047,1.154,1.285,1.452,1.31,1.589,1.04,1.068,1.011,1.024,0.9934,0.9947,3.349,4.079,1.734,1.971,1.121,1.116,2.493,19.69,29.82,1.309,1.662,1.794,20.66,10.17,8.628,24.58,24.85,25.16,17.74
18119,3.577,6.98,,,,,3.148,5.779,0.8329,0.7081,0.3604,0.221,1.102,1.147,1.094,1.156,1.278,1.439,1.326,1.518,1.054,1.08,1.004,1.005,0.992,0.9922,3.422,4.302,1.745,2.004,1.16,1.155,2.11,16.31,25.35,1.215,1.716,1.802,28.8,15.61,13.45,25.13,25.24,25.26,14.82
18121,3.031,5.401,,,,,2.338,3.743,0.8079,0.6732,0.2705,0.1097,1.09,1.133,1.087,1.18,1.227,1.364,1.228,1.373,1.041,1.066,1.058,1.046,0.9952,0.9976,3.686,4.38,1.832,2.072,1.172,1.183,2.658,25.98,36.77,0.8163,1.126,1.288,28.26,14.62,11.9,24.62,26.04,25.76,17.8
18123,3.231,5.888,,,,,2.272,3.621,0.7918,0.6524,0.3208,0.1753,1.063,1.124,1.041,1.148,1.259,1.472,1.312,1.542,1.047,1.074,1.02,1.013,0.9935,0.9946,2.87,3.43,1.594,1.787,1.134,1.141,3.395,20.54,31.27,1.426,1.958,2.084,15.56,7.174,6.112,25.09,25.59,25.4,22.35
18125,2.817,4.792,,,,,2.065,3.067,0.7895,0.6486,0.3121,0.1628,1.062,1.132,1.046,1.181,1.258,1.441,1.232,1.494,1.046,1.072,1.028,1.021,0.993,0.9935,2.912,3.359,1.684,1.889,1.151,1.139,4.385,32.26,44.95,1.506,1.961,1.995,18.99,9.11,7.555,25.65,26.37,26.17,26.19
18127,4.168,8.212,,,,,2.53,4.467,0.8143,0.679,0.2528,0.08,1.032,1.129,1.031,1.157,1.106,1.312,1.141,1.342,1.008,1.057,1.025,1.012,0.9936,0.9981,3.784,4.871,1.872,2.177,1.209,1.213,1.22,13.01,19.78,0.8437,1.192,1.197,41.98,22.54,18.42,24.5,25.11,24.8,10.55
18129,2.552,4.26,,,,,1.842,2.621,0.7718,0.6282,,,1.074,1.155,1.069,1.165,1.245,1.468,1.21,1.491,1.048,1.083,1.028,1.01,0.995,0.9939,2.428,2.776,1.579,1.756,1.131,1.134,6.322,32.74,44.69,1.4,1.785,1.897,16.89,7.447,6.27,26.19,26.92,26.45,31.89
18131,4.847,9.687,,,,,3.044,5.768,0.8292,0.701,0.326,0.1601,1.035,1.105,1.044,1.111,1.146,1.354,1.205,1.419,1.026,1.067,1.031,1.013,0.9927,0.9968,4.276,5.553,1.916,2.23,1.252,1.238,1.022,13,20.21,0.7886,1.323,1.273,41.37,22.88,19.27,24.57,25.35,24.9,9.725
18133,3.651,7.048,,,,,2.783,5.04,0.8234,0.696,0.299,0.1328,1.093,1.157,1.076,1.171,1.263,1.419,1.302,1.503,1.047,1.078,1.049,1.026,0.9934,0.9942,3.419,4.321,1.764,2.031,1.184,1.178,2.005,16.7,25.64,0.9876,1.481,1.503,32.87,17.83,15.25,24.71,25.91,25.36,14.58
18135,4.777,10.12,,,,,3.068,5.889,0.8341,0.7078,0.343,0.1721,1.04,1.104,1.024,1.066,1.181,1.37,1.196,1.407,1.043,1.079,1.013,1.019,0.9935,0.9958,4.743,6.334,1.919,2.243,1.217,1.196,0.8208,10.36,16.7,0.8701,1.199,1.253,40.06,23.14,19.82,24.37,24.69,24.84,7.832
18137,3.717,7.389,,,,,3.213,5.997,0.8151,0.6831,0.3524,0.2072,1.062,1.125,1.068,1.159,1.246,1.428,1.296,1.484,1.042,1.074,1.008,1.023,0.992,0.9944,4.361,5.536,1.824,2.097,1.155,1.167,1.272,14.9,23.55,0.7446,0.9758,1.106,24.04,12.33,10.35,23.91,24.1,24.46,11.48
18139,4.542,9.525,,,,,3.375,6.464,0.8343,0.7133,0.3795,0.225,1.075,1.119,1.081,1.109,1.224,1.399,1.265,1.457,1.044,1.074,1.012,1.016,0.9916,0.9947,4.881,6.366,1.879,2.178,1.171,1.149,0.9603,12.62,20.58,0.7293,1.032,1.102,33.76,19.38,16.84,23.3,23.58,23.67,9.031
18141,3.736,7.062,,,,,2.542,4.456,0.8101,0.6648,0.1763,0.01943,1.036,1.107,1.042,1.148,1.121,1.293,1.163,1.346,1.006,1.038,1.019,1.036,0.9941,0.9982,4.282,5.552,1.967,2.281,1.163,1.165,1.135,12.59,18.35,0.6313,0.8218,0.9044,44.82,23.25,18.71,22.46,22.89,23.27,8.639
18143,2.995,5.498,,,,,2.485,4.186,0.8129,0.6806,0.3408,0.2002,1.05,1.112,1.022,1.139,1.23,1.38,1.306,1.503,1.041,1.069,0.9897,1.003,0.9915,0.9934,3.061,3.689,1.679,1.914,1.133,1.147,3.196,23.47,35.43,1.094,1.38,1.546,18.32,8.766,7.221,24.99,24.73,25.06,21.59
18145,3.715,7.272,,,,,2.835,4.965,0.8224,0.6958,0.3503,0.2021,1.064,1.107,1.074,1.101,1.219,1.392,1.256,1.469,1.046,1.067,1.006,1.012,0.9929,0.9953,4.059,5.091,1.798,2.058,1.181,1.167,1.565,16.73,26.02,0.8472,1.137,1.233,30.38,16.48,14.11,24.13,24.28,24.41,12.84
18147,2.839,4.843,,,,,1.945,2.84,0.7733,0.6239,,,1.071,1.143,1.05,1.173,1.268,1.489,1.268,1.478,1.047,1.076,1.032,1.032,0.9942,0.9946,2.663,3.069,1.6,1.784,1.146,1.145,4.676,30.07,42.39,1.297,1.7,1.853,14.46,6.207,5.102,24.85,25.65,25.65,28.56
18149,4.051,7.781,,,,,3.001,5.568,0.8249,0.6942,0.2926,0.1284,1.048,1.117,1.066,1.141,1.158,1.354,1.217,1.437,1.022,1.062,1.03,1.012,0.9926,0.9973,3.906,5,1.937,2.249,1.241,1.243,1.281,15.59,22.93,0.7047,1.179,1.154,41.74,22.44,18.76,23.53,24.22,23.81,11.31
18151,,,,,,,3.332,6.717,0.8294,0.7037,0.2469,0.09997,1.048,1.111,1.061,1.138,1.143,1.297,1.179,1.363,1.03,1.065,1.029,0.9941,0.9922,0.9935,5.429,7.317,2.038,2.402,1.262,1.243,0.4217,8.395,13.37,0.5609,0.9422,0.942,50.8,26.59,22.32,24.55,25.26,24.41,5.532
18153,2.845,5.093,,,,,2.272,3.596,0.8012,0.6649,0.2815,0.1396,1.085,1.145,1.09,1.188,1.245,1.443,1.268,1.498,1.045,1.075,1.019,1.028,0.9948,0.9962,3.092,3.657,1.693,1.904,1.183,1.184,3.912,25.91,36.51,0.9046,1.23,1.295,23.57,11.84,9.937,24.99,25.46,25.7,21.71
18155,3.532,6.951,,,,,3.18,5.783,0.8078,0.6773,0.3492,0.212,1.052,1.118,1.06,1.152,1.211,1.414,1.338,1.676,1.042,1.079,1.014,1.045,0.9894,0.9916,3.642,4.606,1.737,1.999,1.145,1.16,1.845,16.83,26.75,0.8622,1.137,1.263,18.78,8.448,6.972,23.79,24.13,24.85,14.96
18157,4.342,8.573,,,,,2.591,4.431,0.8254,0.6984,0.3095,0.1412,1.038,1.091,1.027,1.087,1.158,1.306,1.201,1.317,1.027,1.062,1.027,1.014,0.9924,0.9942,4.152,5.367,1.837,2.122,1.209,1.187,1.315,14.74,22.91,0.7508,1.072,1.037,37.58,20.92,17.72,24.97,25.65,25.32,11.07
18159,4.236,8.498,,,,,3.488,6.747,0.8292,0.7048,0.3332,0.1642,1.044,1.1,1.012,1.088,1.16,1.357,1.196,1.39,1.033,1.072,1.026,1.02,0.9939,0.996,4.283,5.573,1.91,2.22,1.234,1.196,1.207,13.02,20.49,0.7858,1.156,1.18,39.02,21.61,18.86,24.66,25.31,25.15,10
18161,4.146,8.482,,,,,4.827,10.23,0.8409,0.7171,0.3849,0.2316,1.057,1.113,1.058,1.113,1.224,1.43,1.228,1.496,1.049,1.084,0.9939,1.005,0.9913,0.9947,4.407,5.62,1.892,2.193,1.196,1.219,1.027,13.64,21.31,0.7065,0.9341,1.084,30.73,17.16,14.48,23.86,23.72,23.98,10.59
18163,2.529,4.102,,,,,1.786,2.487,0.7657,0.6177,,,1.071,1.143,1.049,1.159,1.256,1.49,1.233,1.516,1.031,1.066,1.035,1.031,0.9965,0.9961,2.483,2.816,1.611,1.791,1.093,1.099,6.243,37.96,50.23,1.381,1.804,1.968,16.55,7.126,5.82,25.83,26.74,26.64,33.42
18165,3.021,5.389,,,,,2.338,3.72,0.8053,0.6699,0.2964,0.1482,1.082,1.132,1.077,1.17,1.197,1.352,1.231,1.386,1.035,1.067,1.045,1.034,0.9952,0.9982,3.386,4.059,1.797,2.036,1.182,1.187,2.901,25.84,36.34,0.6577,0.9445,1.036,29.3,15.03,12.36,24.62,25.72,25.46,18.93
18167,2.873,5.079,,,,,2.352,3.756,0.8107,0.6776,0.2861,0.1468,1.092,1.151,1.082,1.186,1.225,1.397,1.264,1.459,1.038,1.068,1.044,1.043,0.9945,0.9955,3.036,3.586,1.714,1.927,1.166,1.18,3.547,26.02,36.17,0.7927,1.116,1.232,26.9,13.27,10.98,24.94,26.05,26.01,21.6
18169,4.775,9.518,,,,,3.673,7.095,0.835,0.7115,0.3489,0.1973,1.03,1.095,1.013,1.091,1.171,1.338,1.197,1.388,1.034,1.072,1.005,1.02,0.9911,0.9938,4.62,6.025,1.973,2.296,1.258,1.23,0.9659,13.13,20.34,0.6401,1.07,1.061,41,22.63,19.53,23.68,23.81,24.16,9.064
18171,3.967,7.559,,,,,2.648,4.508,0.8177,0.6882,0.2868,0.1217,1.052,1.097,1.063,1.115,1.163,1.341,1.205,1.347,1.029,1.066,1.027,1.011,0.9926,0.9952,3.919,4.953,1.861,2.141,1.21,1.184,1.574,18.37,27.41,0.6802,1.001,0.9721,37,19.76,16.46,25.19,25.87,25.46,13.12
18173,2.643,4.334,,,,,1.861,2.654,0.7749,0.6257,0.3405,0.1843,1.07,1.151,1.058,1.186,1.263,1.469,1.25,1.472,1.04,1.072,1.038,1.043,0.9953,0.9951,2.653,3.017,1.652,1.843,1.133,1.128,5.229,37.14,50.12,1.197,1.548,1.648,16.21,7.066,5.675,24.94,25.89,26,31.11
18175,3.161,5.895,,,,,2.854,5.026,0.8126,0.6886,0.3428,0.2055,1.066,1.122,1.053,1.161,1.269,1.439,1.322,1.582,1.043,1.07,1.01,1.006,0.9937,0.9943,3.442,4.182,1.743,1.977,1.129,1.144,2.404,20.44,30.85,1.149,1.467,1.65,19.32,9.493,8.217,24.52,24.77,24.67,17.8
18177,4.514,9.347,,,,,3.872,7.908,0.8378,0.7102,0.3693,0.2056,1.049,1.115,1.047,1.089,1.187,1.388,1.203,1.461,1.037,1.07,0.9946,1.014,0.9908,0.9944,4.783,6.218,1.954,2.272,1.198,1.177,0.8224,12.57,19.37,0.5899,0.8103,0.945,34.6,19.68,16.34,23.14,23.01,23.45,8.829
18179,4.712,9.421,,,,,2.75,4.823,0.8207,0.6897,0.273,0.1145,1.053,1.105,1.05,1.096,1.206,1.377,1.252,1.454,1.035,1.065,1.021,1.03,0.9926,0.9953,4.881,6.269,1.952,2.245,1.265,1.226,0.8633,13.5,20.13,0.549,0.8586,0.9197,41.83,22.94,19.48,23.52,24,24.22,8.689
18181,4.461,8.709,,,,,2.872,5.161,0.8234,0.6934,0.283,0.1085,1.034,1.08,1.022,1.073,1.151,1.314,1.195,1.325,1.031,1.068,1.03,1.008,0.9912,0.9938,4.043,5.227,1.866,2.163,1.233,1.196,1.238,15.11,23.19,0.6793,1.092,1.034,38.01,20.95,17.61,24.68,25.43,24.88,11.25
18183,5.471,11.22,,,,,3.525,6.844,0.831,0.7056,0.3004,0.1482,1.033,1.106,1.022,1.123,1.149,1.347,1.176,1.412,1.025,1.064,1.011,1.013,0.992,0.9956,5.043,6.663,1.985,2.314,1.312,1.288,0.7351,11.05,16.99,0.5643,0.9569,0.8982,44.26,24.39,20.85,24.12,24.39,24.42,7.244
19001,3.015,5.576,,,,,2.391,4.058,0.8535,0.7391,0.4448,0.2567,1.01,1.071,1.001,1.054,1.138,1.248,1.254,1.359,1.011,1.054,0.9774,0.9728,0.9973,0.999,3.708,4.648,1.879,2.168,1.084,1.104,3.082,21.29,32.31,1.253,1.522,1.548,47.67,28.9,25.18,34.77,33.98,33.82,15.21
19003,2.95,5.302,,,,,2.738,4.765,0.8581,0.7452,0.4651,0.2921,1.022,1.08,1.032,1.081,1.114,1.258,1.256,1.426,0.9999,1.055,0.9948,0.9746,0.9982,1,3.539,4.404,1.898,2.195,1.108,1.088,3.608,23.01,33.93,1.185,1.488,1.529,45.35,27.26,23.58,35.2,35.02,34.31,15.84
19005,,,,,,,3.412,6.644,0.8663,0.763,0.4215,0.218,1.065,1.101,1.161,1.155,1.107,1.25,1.095,1.289,1.008,1.059,1.006,0.9664,0.9946,0.9971,6.195,8.385,2.144,2.514,1.114,1.119,0.5328,8.772,14.07,0.8561,1.229,1.19,66.04,43.06,37.59,33.09,33.28,31.98,4.988
19007,2.721,4.782,,,,,2.417,4.039,0.8382,0.7216,0.4379,0.2806,1.051,1.097,1.039,1.085,1.178,1.355,1.304,1.499,1.017,1.071,1.004,0.991,0.9984,1.001,3.224,3.968,1.799,2.062,1.133,1.128,3.768,22.29,31.77,1.256,1.722,1.745,42.53,24.11,20.65,31.79,31.93,31.51,16.89
19009,3.242,5.985,,,,,3.152,5.948,0.873,0.7698,0.5019,0.3191,1.043,1.114,1.051,1.131,1.15,1.272,1.256,1.362,1.016,1.052,0.9951,0.9883,0.998,0.9997,3.526,4.49,1.929,2.252,1.075,1.118,2.457,18.91,28.96,0.9201,1.233,1.25,53.67,35.26,31.09,35.46,35.28,35.04,14.23
19011,3.652,6.976,,,,,2.79,5.02,0.859,0.7478,0.4147,0.2236,1.01,1.098,1.009,1.155,1.106,1.263,1.13,1.27,1.006,1.043,0.996,0.9446,0.9974,0.9988,4.408,5.579,2.058,2.382,1.108,1.141,1.74,18.53,26.7,0.7273,1.031,1.099,55.26,34.98,30.13,32.14,32.01,30.36,11.01
19013,4.282,8.772,,,,,2.983,5.607,0.8662,0.7623,0.4601,0.2741,1.016,1.072,1.049,1.12,1.103,1.223,1.136,1.223,1.002,1.034,0.9731,0.9274,0.9972,0.9986,4.929,6.425,2.081,2.43,1.088,1.104,1.197,14.13,21.38,0.6682,0.8835,0.9423,62.62,40.64,35.78,32.65,31.77,30.28,8.536
19015,3.542,6.694,,,,,2.893,5.22,0.8648,0.7572,0.47,0.2795,1.044,1.124,1.049,1.134,1.119,1.282,1.236,1.357,1.008,1.053,0.9885,0.961,0.9998,1,3.888,4.893,1.933,2.244,1.078,1.095,2.454,19.05,28.82,0.9858,1.32,1.306,54.48,34.61,30.24,35.64,35.23,34.25,13.19
19017,4.449,9.484,,,,,3.465,7.073,0.8703,0.7696,0.4548,0.2602,1.04,1.086,1.101,1.122,1.107,1.261,1.105,1.255,1.002,1.047,0.9998,0.9527,0.9958,0.9972,4.831,6.423,2.027,2.387,1.105,1.098,1.025,10.94,17.46,0.8241,1.172,1.197,66.62,44,38.91,32.13,32.12,30.61,7.417
19019,4.646,9.951,,,,,3.421,6.861,0.8674,0.7652,0.4577,0.2689,1.019,1.071,1.055,1.137,1.098,1.218,1.107,1.201,1.001,1.037,0.9897,0.9386,0.9971,0.9987,5.385,7.137,2.115,2.48,1.121,1.142,0.9496,11.75,18.52,0.8849,1.159,1.208,62.52,40.49,35.64,32.11,31.78,30.14,7.152
19021,4.154,8.316,,,,,3.837,7.667,0.8797,0.7792,0.515,0.3074,1.036,1.13,1.081,1.238,1.055,1.224,1.196,1.32,1.005,1.051,0.9643,0.9349,0.9959,0.9959,4.418,5.698,2.084,2.447,1.03,1.078,1.722,16.23,25.4,0.7492,0.8911,0.9027,65.07,43.46,37.67,40.11,38.67,37.5,10.19
19023,4.024,8.099,,,,,2.959,5.585,0.8671,0.7634,0.4399,0.2405,1.048,1.087,1.12,1.13,1.11,1.242,1.112,1.228,1.007,1.051,0.9746,0.9287,0.9957,0.9957,4.19,5.37,1.966,2.296,1.082,1.086,1.619,15.34,23.42,0.9926,1.299,1.268,63.37,41.71,37.26,34,33.14,31.58,10.5
19025,3.497,6.568,,,,,3.08,5.84,0.8673,0.7614,0.4709,0.2673,1.051,1.129,1.065,1.163,1.124,1.266,1.267,1.38,1.011,1.049,0.9931,0.9751,0.9979,0.9975,3.499,4.461,1.927,2.26,1.087,1.141,2.955,19.4,29.58,0.9463,1.076,1.21,59.2,38.64,34.09,36.67,36.42,35.76,14.32
19027,3.34,6.121,,,,,2.906,5.286,0.8702,0.7677,0.4884,0.295,1.049,1.134,1.063,1.117,1.105,1.289,1.229,1.387,1.01,1.056,0.9849,0.9807,0.9978,0.9998,3.565,4.481,1.966,2.293,1.082,1.132,2.648,20.77,31.32,0.9096,1.182,1.245,57.03,38.38,34.09,36.34,35.79,35.64,14.77
19029,3.29,6.125,,,,,2.563,4.396,0.8659,0.7569,0.5091,0.3365,1.024,1.076,1.036,1.083,1.12,1.244,1.201,1.331,1.014,1.057,0.9716,0.9555,0.998,0.9993,3.902,4.862,1.925,2.222,1.085,1.109,2.602,20.91,31.82,1.053,1.316,1.388,49.34,30.88,27.01,36.16,35.13,34.55,14.42
19031,3.364,6.404,,,,,2.953,5.34,0.8525,0.7388,0.4215,0.2587,1.026,1.098,1.006,1.105,1.114,1.328,1.134,1.359,1.005,1.046,1.01,0.9754,0.9955,0.9971,4.074,5.189,1.953,2.263,1.143,1.169,2.057,18.27,26.19,0.8821,1.272,1.287,51.97,30.67,26.3,29.06,29.36,28.35,11.96
19033,4.227,8.665,,,,,3.628,7.298,0.8766,0.7786,0.4801,0.2807,1.064,1.084,1.124,1.159,1.07,1.191,1.083,1.199,1.005,1.04,0.9916,0.9404,0.9962,0.9966,4.712,6.15,2.151,2.54,1.094,1.117,1.221,14.04,21.66,0.7921,0.9926,1.02,72.45,48.91,43.36,35.45,35.15,33.34,8.366
19035,3.741,7.167,,,,,3.333,6.373,0.8846,0.7866,0.5484,0.3476,1.037,1.128,1.088,1.21,1.078,1.267,1.19,1.343,1.005,1.054,0.9538,0.9303,0.9961,0.9962,4.103,5.202,2.076,2.434,1.027,1.081,2.128,19.27,29.37,0.7991,0.9406,0.9965,63.33,42.89,37.62,40.55,38.67,37.72,12.14
19037,,,,,,,3.842,8.389,0.873,0.7738,0.4417,0.2402,1.057,1.079,1.135,1.112,1.069,1.244,1.038,1.227,0.9943,1.044,1.001,0.9424,0.9943,0.9966,5.04,6.894,2.052,2.444,1.088,1.098,0.7968,8.892,14.88,1.012,1.368,1.411,69.89,46.14,40.8,33.32,33.35,31.4,6.163
19039,2.782,4.96,,,,,2.661,4.615,0.8551,0.744,0.4742,0.303,1.022,1.059,0.9917,1.042,1.13,1.29,1.183,1.351,1.003,1.055,0.9863,0.9868,0.9981,1.001,3.409,4.214,1.875,2.157,1.087,1.093,3.804,22.27,32.55,1.116,1.467,1.502,45.88,28.06,24.57,33.3,32.85,32.86,16.14
19041,3.939,7.637,,,,,3.497,6.796,0.8839,0.7877,0.5397,0.33,1.063,1.098,1.119,1.172,1.048,1.197,1.183,1.381,1.004,1.026,0.9666,0.9382,0.9961,0.996,4.222,5.319,2.133,2.504,1.042,1.059,1.713,18.18,27.51,0.7373,0.8428,0.8333,69.21,49.1,43.2,40.23,38.88,37.74,11.06
19043,4.162,8.936,,,,,3.335,6.516,0.8704,0.7699,0.4634,0.278,1.05,1.09,1.109,1.143,1.116,1.258,1.113,1.257,1.005,1.05,1.012,0.9639,0.9952,0.9972,4.634,6.187,2.052,2.416,1.108,1.115,1.022,10.97,16.82,0.9627,1.262,1.33,61.18,39.34,34.63,31.21,31.6,30.08,7.537
19045,4.23,8.58,,,,,2.837,5.081,0.8442,0.7269,0.4015,0.232,1.041,1.126,1.036,1.153,1.146,1.367,1.2,1.419,1.013,1.06,1.012,0.9766,0.9936,0.9957,4.394,5.767,1.915,2.229,1.175,1.218,1.06,13.92,20.89,0.8095,1.16,1.218,52.29,30.34,25.67,28.86,29.2,28.18,9.427
19047,3.545,6.779,,,,,2.765,4.937,0.8665,0.7594,0.4847,0.2879,1.054,1.123,1.088,1.11,1.098,1.259,1.253,1.374,1.017,1.057,0.989,0.9667,0.9971,0.9998,3.924,5.044,1.946,2.269,1.06,1.131,2.139,17.39,27.37,0.8114,1.016,1.073,56.07,37.68,33.26,38,37.59,36.74,12.36
19049,3.279,6.016,,,,,2.625,4.458,0.8612,0.7514,0.4741,0.2922,1.027,1.093,1.018,1.1,1.123,1.25,1.226,1.32,1.01,1.046,0.9791,0.9663,0.9983,0.999,3.843,4.812,1.946,2.25,1.1,1.116,2.902,21.52,31.83,0.8708,1.088,1.08,52.41,33.24,28.96,34.56,33.84,33.39,14.08
19051,2.568,4.425,3.671,8.196,,,2.402,3.987,0.8349,0.7203,0.4406,0.2886,1.052,1.11,1.017,1.075,1.17,1.374,1.259,1.464,1.011,1.063,0.9928,0.989,0.9993,1.002,3.092,3.777,1.814,2.084,1.136,1.124,4.593,25.99,35.96,1.176,1.605,1.648,41.31,23.6,20.65,30.69,30.47,30.36,19.16
19053,2.665,4.651,3.266,7.312,,,2.469,4.111,0.8502,0.7383,0.4701,0.3014,1.037,1.078,1.03,1.082,1.155,1.348,1.188,1.423,0.99,1.054,0.9891,0.9846,0.9975,1.001,3.23,4.004,1.834,2.106,1.114,1.117,4.1,23.11,33.29,1.002,1.412,1.439,43,26.23,22.98,32.46,32.11,31.96,17.23
19055,4.538,9.883,,,,,3.61,7.448,0.868,0.7659,0.4626,0.2788,1.03,1.078,1.061,1.13,1.12,1.25,1.115,1.259,1.006,1.052,1.004,0.9689,0.9959,0.9982,5.048,6.745,2.09,2.467,1.124,1.151,0.8539,10.45,16.52,0.9718,1.358,1.406,62.76,39.24,34.25,30.42,30.54,29.47,6.906
19057,3.105,5.71,,,,,2.25,3.55,0.8227,0.7031,0.3965,0.2395,1.044,1.106,1.044,1.091,1.184,1.417,1.215,1.435,1.021,1.053,1.032,1.001,0.998,1,3.698,4.536,1.848,2.109,1.158,1.161,2.89,22.37,31.59,0.7788,1.122,1.199,42.75,23.91,20.88,28.81,29.74,28.84,15.07
19059,4.23,8.582,,,,,3.664,7.442,0.8869,0.7919,0.5457,0.3301,1.074,1.11,1.151,1.233,1.084,1.231,1.233,1.38,1.003,1.028,0.9643,0.9453,0.9963,0.9964,4.713,6.044,2.163,2.542,1.068,1.092,1.331,15.06,23.17,0.7092,0.8816,0.8762,74.31,53.04,46.65,40.36,38.92,38.15,8.97
19061,4.467,9.688,,,,,3.291,6.257,0.8552,0.7459,0.4113,0.2245,1.037,1.099,1.06,1.146,1.146,1.312,1.175,1.347,1.008,1.048,1.008,0.9686,0.9959,0.9981,5.296,7.031,2.045,2.379,1.158,1.19,0.7106,9.549,14.75,0.6979,1.052,1.071,61.96,38.76,33.31,29.24,29.46,28.32,6.179
19063,4.278,8.846,,,,,3.72,7.604,0.8809,0.7845,0.5196,0.3072,1.084,1.134,1.163,1.279,1.114,1.262,1.176,1.349,1.008,1.041,0.9625,0.9297,0.9927,0.9928,4.729,6.169,2.145,2.533,1.06,1.061,1.342,13.64,21.83,0.665,0.8071,0.7862,72.99,50.55,44.57,39.08,37.61,36.33,8.545
19065,4.795,10.57,,,,,3.77,8.033,0.8722,0.7745,0.466,0.2753,1.045,1.074,1.107,1.117,1.098,1.236,1.116,1.254,1.001,1.047,1.011,0.9629,0.9951,0.9973,4.912,6.6,2.115,2.511,1.116,1.114,0.8287,10.4,16.48,0.9312,1.307,1.308,66.73,43.35,38.34,31.62,31.96,30.44,6.817
19067,4.173,8.621,,,,,3.402,6.79,0.8744,0.7741,0.4589,0.258,1.052,1.078,1.136,1.115,1.056,1.216,1.027,1.211,0.9937,1.045,0.9944,0.93,0.9952,0.9958,4.507,5.899,2.051,2.419,1.088,1.096,1.382,13.54,21,0.9911,1.233,1.262,67.52,46.3,41.35,34.38,34.18,31.97,8.73
19069,3.892,7.869,,,,,3.128,6.086,0.8724,0.772,0.4659,0.2656,1.052,1.11,1.113,1.163,1.116,1.254,1.149,1.251,1.013,1.057,0.9741,0.9267,0.9961,0.9957,4.354,5.634,2.013,2.359,1.086,1.119,1.494,14.16,22.06,1.012,1.409,1.424,66.73,44.76,39.71,35.01,34.1,32.44,9.569
19071,2.433,3.885,3.507,7.584,,,2.156,3.301,0.8439,0.7219,0.4536,0.2976,1.039,1.081,1.053,1.081,1.099,1.304,1.248,1.44,1.01,1.062,0.9886,0.9792,0.9989,1.002,2.622,3.112,1.735,1.979,1.114,1.103,7.303,35.12,48.16,1.224,1.609,1.609,38.21,23.49,20.2,37.31,36.89,36.54,27.45
19073,3.127,5.688,,,,,2.785,4.978,0.865,0.7574,0.4623,0.2652,1.04,1.136,1.048,1.148,1.121,1.304,1.243,1.366,1.012,1.062,0.9835,0.9748,0.9987,0.9998,3.389,4.226,1.897,2.206,1.082,1.124,3.524,21.85,32.63,0.9275,1.262,1.353,53.27,34.98,30.79,35.48,34.89,34.58,16.22
19075,4.303,8.855,,,,,3.102,5.941,0.8688,0.7651,0.4624,0.2726,1.042,1.119,1.096,1.181,1.142,1.269,1.162,1.279,1.015,1.052,0.9779,0.9453,0.9959,0.9968,4.489,5.794,1.993,2.326,1.082,1.108,1.275,12.67,20.07,1.024,1.355,1.426,63.21,40.41,35.33,33.72,32.98,31.88,8.921
19077,3.191,5.882,,,,,2.908,5.252,0.8679,0.7613,0.4913,0.3091,1.043,1.123,1.05,1.154,1.146,1.277,1.267,1.345,1.016,1.055,0.9847,0.9868,0.9978,0.9999,3.519,4.435,1.918,2.234,1.088,1.111,2.962,20.65,31,1.149,1.5,1.535,52.97,33.9,29.46,35.08,34.54,34.62,15.02
19079,3.65,7.103,,,,,2.949,5.507,0.8703,0.77,0.4732,0.2789,1.038,1.126,1.054,1.157,1.114,1.278,1.231,1.411,1.008,1.058,0.9733,0.9428,0.9967,0.9972,3.966,5.09,1.971,2.303,1.087,1.118,2.164,16.27,24.98,0.9065,1.245,1.303,59.86,39.06,34.82,35.86,34.9,33.81,11.6
19081,4.345,8.952,,,,,3.09,5.983,0.8792,0.7828,0.5008,0.3014,1.085,1.118,1.173,1.216,1.099,1.224,1.143,1.254,1.012,1.053,0.9709,0.9382,0.9959,0.9963,4.833,6.242,2.09,2.453,1.124,1.11,1.164,14.28,22.35,0.8455,1.052,1.068,71.49,49.39,44.02,36.74,35.68,34.47,8.536
19083,3.648,7.192,,,,,3.03,5.814,0.8695,0.766,0.4641,0.2713,1.042,1.128,1.094,1.185,1.113,1.246,1.163,1.265,1.012,1.058,0.9861,0.9486,0.9965,0.9966,3.874,4.932,1.943,2.263,1.087,1.128,1.875,14.58,22.47,1.095,1.45,1.527,62.51,40.61,35.56,34.78,34.3,33,10.98
19085,2.969,5.267,,,,,2.648,4.501,0.8643,0.7519,0.5104,0.3371,1.039,1.09,1.079,1.086,1.126,1.283,1.258,1.373,1.003,1.043,0.9749,0.9566,0.9975,0.9995,3.305,4.062,1.871,2.167,1.061,1.113,3.861,25.8,37.92,0.8325,0.9845,1.075,48.44,31.61,27.75,39.2,38.21,37.5,18.22
19087,2.743,4.821,,,,,2.228,3.541,0.8298,0.7114,0.4148,0.2586,1.034,1.123,1.016,1.125,1.16,1.408,1.184,1.455,1.016,1.061,1.021,1.004,0.9977,1.001,3.668,4.401,1.894,2.153,1.133,1.137,3.66,25.79,35.62,1.126,1.604,1.691,42.94,23.75,20.85,29.42,30.03,29.54,16.65
19089,,,,,,,3.723,8.123,0.8779,0.7816,0.4719,0.2722,1.074,1.082,1.172,1.116,1.091,1.245,1.047,1.219,1.001,1.047,0.9922,0.9457,0.9947,0.9968,6.029,8.307,2.228,2.644,1.092,1.116,0.531,8.071,13.36,0.9024,1.179,1.177,74.78,50.15,44.02,33.14,32.89,31.34,4.816
19091,4.038,7.842,,,,,3.089,5.855,0.8712,0.7698,0.4954,0.2952,1.059,1.154,1.126,1.252,1.081,1.285,1.113,1.371,1.004,1.051,0.9767,0.9418,0.9964,0.9967,3.815,4.86,1.959,2.296,1.084,1.111,1.934,16.51,25.34,0.7483,0.9512,1.008,64.79,43.53,38.65,35.89,35.06,33.8,11.8
19093,3.607,6.896,,,,,3.145,5.882,0.8768,0.7755,0.5258,0.3282,1.055,1.15,1.122,1.218,1.098,1.272,1.178,1.328,1.008,1.06,0.9725,0.9564,0.9964,0.9977,3.883,4.951,1.99,2.33,1.031,1.082,2.303,19.23,29.43,0.8635,1.056,1.116,58.56,40.23,35.73,39.11,38.03,37.4,12.86
19095,3.347,6.359,,,,,2.679,4.777,0.8533,0.7401,0.4196,0.2454,1.008,1.093,1,1.143,1.114,1.285,1.155,1.311,0.9994,1.043,1,0.9598,0.9964,0.9976,3.624,4.61,1.861,2.154,1.105,1.11,2.473,17.77,25.75,0.9136,1.246,1.297,51.91,30.49,26.08,31.47,31.49,30.21,13.05
19097,4.352,8.969,,,,,3.386,6.456,0.8535,0.7416,0.4211,0.247,1.037,1.116,1.047,1.153,1.14,1.348,1.183,1.402,1.006,1.052,1.004,0.9741,0.9941,0.997,4.613,6.037,2.01,2.345,1.171,1.217,0.9068,12.06,17.95,0.6578,1.022,1.018,57.23,34.4,29.34,29.32,29.45,28.56,8.036
19099,3.139,5.789,,,,,2.496,4.254,0.8553,0.7461,0.4397,0.2612,1.022,1.112,1.023,1.168,1.116,1.277,1.189,1.325,1.011,1.054,0.9827,0.953,0.9978,0.9972,3.584,4.481,1.865,2.152,1.094,1.126,2.959,20.24,29.63,0.8326,1.126,1.207,52.24,32.1,28.16,33.44,32.86,31.86,14.52
19101,2.471,4.17,3.293,6.931,,,2.216,3.52,0.8297,0.7114,0.3945,0.2315,1.025,1.102,0.9977,1.096,1.167,1.37,1.21,1.423,1.007,1.047,1.018,1.001,0.9987,1.002,3.184,3.807,1.843,2.092,1.118,1.124,5.036,28.14,37.92,0.9866,1.342,1.369,43.05,24,20.96,29.42,29.95,29.44,19.76
19103,3.015,5.498,,,,,2.371,3.955,0.8435,0.7254,0.3852,0.2097,1.015,1.079,0.9995,1.086,1.122,1.307,1.13,1.327,1.003,1.042,1.009,0.9641,0.9965,0.9977,3.761,4.653,1.889,2.163,1.119,1.169,2.888,21.77,30.6,0.8575,1.206,1.248,49.09,28.56,24.46,30.34,30.62,29.25,14.54
19105,3.881,7.843,,,,,3.45,6.775,0.8595,0.7504,0.4392,0.2634,1.024,1.098,1.025,1.144,1.123,1.327,1.153,1.372,1.007,1.052,1.011,0.9801,0.9946,0.9973,4.196,5.484,1.981,2.326,1.141,1.176,1.324,14.04,20.93,0.8943,1.27,1.267,56.67,34.57,29.91,29.82,30.15,29.23,9.777
19107,2.848,5.113,,,,,2.423,4.043,0.8374,0.7196,0.3944,0.2217,1.013,1.113,1.013,1.147,1.138,1.354,1.158,1.355,1.003,1.047,1.009,0.9808,0.9965,0.9989,3.278,4.055,1.801,2.066,1.132,1.119,3.789,22.11,31.52,0.8954,1.282,1.28,46.84,26.63,22.92,30.94,31.22,30.35,16.54
19109,4.304,8.709,,,,,3.368,6.776,0.8784,0.7798,0.5003,0.297,1.081,1.136,1.169,1.275,1.099,1.253,1.163,1.338,1.005,1.048,0.962,0.9255,0.9944,0.9943,4.052,5.22,1.992,2.337,1.093,1.093,1.416,13.97,21.86,0.7824,1,0.9777,70.15,48.37,42.87,37.75,36.31,34.93,10.15
19111,2.898,5.18,,,,,2.018,3.034,0.8185,0.6997,0.4088,0.2554,1.061,1.125,1.07,1.125,1.193,1.409,1.288,1.497,1.019,1.062,1.022,0.9988,0.9981,0.9999,3.591,4.387,1.801,2.039,1.128,1.141,3.22,23,32.19,1.037,1.49,1.567,38.77,20.54,17.59,29.4,30.06,29.37,15.96
19113,3.597,6.967,,,,,2.628,4.635,0.8519,0.7358,0.3955,0.2047,1.018,1.087,1.017,1.135,1.108,1.266,1.135,1.291,1.007,1.046,0.9932,0.9597,0.9964,0.9979,4.443,5.647,2.022,2.346,1.103,1.163,1.705,17.96,26.26,0.8556,1.2,1.228,54.75,33.35,28.47,30.37,30.16,29.15,10.83
19115,2.954,5.333,,,,,2.368,3.867,0.8318,0.7128,0.4183,0.2617,1.024,1.101,0.999,1.078,1.151,1.38,1.163,1.395,1.017,1.061,1.023,0.9992,0.9969,1,3.581,4.366,1.864,2.131,1.159,1.17,3.393,24.11,33.83,1.136,1.601,1.617,44.42,24.83,21.59,29.76,30.45,29.74,16.3
19117,2.739,4.897,,,,,2.618,4.56,0.8523,0.7389,0.4812,0.3205,1.016,1.053,0.9804,1.04,1.122,1.303,1.229,1.371,1.01,1.057,0.9852,0.9931,0.9975,1.001,3.237,4.032,1.818,2.097,1.1,1.113,3.978,21.6,31.42,1.146,1.608,1.655,44.04,26.38,22.71,32.88,32.39,32.65,16.79
19119,3.176,5.874,,,,,3.327,6.476,0.8888,0.7934,0.5754,0.3604,1.062,1.102,1.096,1.175,1.144,1.278,1.272,1.389,1.011,1.043,0.9663,0.9453,0.996,0.9951,3.568,4.375,2.033,2.368,1.097,1.123,3.004,21.22,30.33,0.6328,0.8026,0.8312,66.74,47.22,41.53,42.01,40.6,39.72,14.38
19121,2.966,5.319,,,,,2.563,4.362,0.8543,0.7443,0.472,0.2983,1.015,1.079,1.022,1.068,1.128,1.265,1.242,1.35,1.01,1.057,0.9856,0.9704,0.9987,1,3.546,4.442,1.921,2.224,1.072,1.104,3.644,22.6,33.27,1.068,1.28,1.319,47.84,29.32,25.82,33.71,33.23,32.71,15.61
19123,2.888,5.125,,,,,2.289,3.729,0.838,0.7217,0.4179,0.25,0.9961,1.08,0.977,1.105,1.119,1.302,1.162,1.343,1.003,1.051,0.9802,0.975,0.9967,0.9982,3.432,4.207,1.846,2.118,1.119,1.128,3.863,23.77,33.83,0.9434,1.258,1.265,46.74,26.48,23.02,31.64,31.01,30.85,16.78
19125,2.679,4.618,3.497,7.78,,,2.208,3.494,0.8363,0.7182,0.4281,0.2629,1,1.095,0.9776,1.115,1.11,1.302,1.172,1.36,1.011,1.058,0.9817,0.9754,0.9974,0.9987,3.136,3.827,1.803,2.065,1.121,1.138,4.707,25.93,36.45,0.9154,1.241,1.3,45.21,26.3,22.93,33.01,32.41,32.2,19.02
19127,3.896,7.636,,,,,2.905,5.345,0.8629,0.7545,0.4683,0.2874,1.033,1.117,1.05,1.179,1.11,1.242,1.129,1.274,1.015,1.053,0.9859,0.955,0.998,0.998,4.131,5.264,1.957,2.27,1.094,1.128,1.696,14.61,22.39,0.9644,1.341,1.402,59.03,36.66,31.9,33.48,33.01,31.97,10.43
19129,2.677,4.453,3.722,8.628,,,2.27,3.597,0.8537,0.7376,0.4918,0.3391,1.026,1.085,1.02,1.069,1.075,1.295,1.17,1.411,1.011,1.065,0.9747,0.9639,0.9998,1.002,2.914,3.491,1.799,2.064,1.117,1.119,5.536,31.66,44.53,1.163,1.472,1.535,42.09,26.3,22.91,37.73,36.77,36.36,23.5
19131,4.576,9.95,,,,,3.824,7.999,0.8783,0.7809,0.4693,0.2672,1.075,1.089,1.18,1.126,1.078,1.237,1.03,1.199,1,1.043,0.9918,0.9486,0.9963,0.9976,5.09,6.87,2.11,2.499,1.103,1.126,0.8086,9.942,16.03,0.8295,1.009,1.086,72.67,50.59,45.08,34.42,34.14,32.65,6.394
19133,2.89,5.121,,,,,2.573,4.435,0.8671,0.7583,0.5075,0.3244,1.044,1.111,1.079,1.094,1.126,1.291,1.239,1.391,1.013,1.052,0.9678,0.9277,0.9965,0.9976,3.024,3.71,1.819,2.105,1.048,1.09,4.342,24.68,36.21,0.8651,1.025,1.148,49.56,33.29,29.72,41.3,39.97,38.31,19.62
19135,2.737,4.815,,,,,2.307,3.796,0.8357,0.7182,0.4381,0.2798,1.008,1.08,0.9881,1.088,1.129,1.318,1.205,1.384,1.006,1.059,0.9959,0.9876,0.9982,1.001,3.207,3.96,1.806,2.072,1.113,1.118,4.234,23.14,32.78,1.039,1.477,1.495,43.9,24.88,21.5,31.35,31.22,30.96,17.36
19137,2.773,4.706,3.826,9.115,,,2.414,3.97,0.8615,0.75,0.4903,0.3278,1.025,1.079,1.029,1.081,1.089,1.245,1.219,1.335,1.011,1.058,0.9933,0.9722,0.9997,1.003,3.013,3.641,1.825,2.098,1.102,1.102,4.801,29.54,41.89,1.392,1.661,1.741,43.3,27.03,23.85,35.83,35.59,34.83,21.74
19139,3.058,5.607,,,,,2.274,3.681,0.8343,0.7147,0.3856,0.2234,1.012,1.08,0.9786,1.037,1.109,1.327,1.128,1.338,1.01,1.053,1.02,0.9868,0.997,0.999,3.676,4.546,1.855,2.123,1.175,1.184,2.763,21.95,31.03,0.907,1.334,1.368,46.2,25.84,22.14,29.11,29.7,28.73,15.02
19141,3.837,7.402,,,,,3.317,6.432,0.883,0.7855,0.5389,0.325,1.061,1.109,1.147,1.204,1.091,1.223,1.269,1.374,1.007,1.037,0.9685,0.943,0.9958,0.9942,3.856,4.855,2.02,2.363,1.023,1.049,1.997,18.02,27.09,0.7885,0.9423,0.9313,67.01,47.55,41.8,40.48,39.21,38.17,12.23
19143,4.251,8.574,,,,,3.829,7.921,0.8893,0.795,0.561,0.3485,1.071,1.119,1.161,1.237,1.106,1.264,1.315,1.41,1.005,1.034,0.9699,0.935,0.9954,0.9939,4.551,5.77,2.178,2.562,1.085,1.102,1.544,16.45,25.17,0.8056,1.015,1.038,72.94,52.16,46,40.27,39.06,37.66,9.749
19145,2.658,4.434,3.858,8.789,,,2.433,3.955,0.8566,0.7415,0.4797,0.3184,1.039,1.084,1.054,1.08,1.106,1.282,1.276,1.392,1.006,1.056,0.9888,0.9702,0.9993,1.002,2.942,3.55,1.809,2.077,1.119,1.099,5.377,30.62,42.97,1.138,1.553,1.596,41.24,25.64,22.26,36.19,35.78,35.11,22.51
19147,3.921,7.648,,,,,3.31,6.405,0.879,0.7809,0.5043,0.2933,1.076,1.14,1.154,1.264,1.077,1.292,1.168,1.438,1.005,1.052,0.9701,0.9422,0.9938,0.9942,4.037,5.137,2.055,2.409,1.062,1.086,1.721,16.9,25.74,0.785,0.9264,0.8868,68.27,47.88,42.29,37.72,36.6,35.54,11.17
19149,3.049,5.527,,,,,2.884,5.236,0.8799,0.7775,0.5494,0.3465,1.055,1.11,1.085,1.153,1.11,1.282,1.237,1.392,1.009,1.048,0.9695,0.9546,0.997,0.9968,3.367,4.157,1.941,2.253,1.055,1.107,3.506,22.81,33.26,0.6878,0.784,0.7763,59.33,40.33,35.43,42.02,40.74,40.12,16.44
19151,3.8,7.335,,,,,3.467,6.694,0.8749,0.7738,0.5045,0.3014,1.056,1.154,1.131,1.288,1.09,1.286,1.2,1.41,1.005,1.053,0.9735,0.9525,0.9965,0.997,4.098,5.212,2.027,2.369,1.054,1.113,2.065,18.11,27.6,0.6973,0.8305,0.8642,64.79,43.96,38.48,37.29,36.3,35.52,11.78
19153,3.043,5.421,,,,,2.322,3.708,0.8498,0.736,0.4302,0.2485,1.019,1.086,1.017,1.109,1.082,1.254,1.188,1.383,0.9959,1.038,0.9945,0.9583,0.9983,0.9975,3.671,4.51,1.911,2.193,1.095,1.144,3.438,23.78,34.03,0.7514,0.9259,0.949,51.44,31.89,27.87,34.02,33.83,32.6,15.48
19155,2.996,5.239,,,,,2.332,3.739,0.8618,0.7484,0.4999,0.3349,1.022,1.079,1.029,1.064,1.103,1.283,1.2,1.378,1.008,1.048,0.9792,0.9698,0.9991,1.001,3.509,4.271,1.9,2.186,1.081,1.114,3.671,26.83,39.01,0.8486,1.043,1.132,46.45,29.95,26.44,37.23,36.46,36.1,17.81
19157,3.579,6.936,,,,,2.89,5.347,0.8615,0.7525,0.4472,0.2715,1.01,1.101,1.012,1.159,1.111,1.275,1.159,1.284,1.004,1.048,0.9969,0.9611,0.9966,0.9971,3.888,5.006,1.913,2.223,1.099,1.106,2.11,15.34,23.08,1.039,1.376,1.451,54.13,32.38,27.71,32.41,32.31,31.15,11.21
19159,2.747,4.849,,,,,2.427,4.053,0.8521,0.7388,0.4528,0.2756,1.056,1.094,1.074,1.089,1.188,1.355,1.263,1.429,0.9981,1.06,0.995,0.9823,0.9974,1,3.357,4.189,1.854,2.133,1.107,1.095,3.78,22.1,32.11,1.122,1.468,1.476,43.06,26.64,23.32,34.47,34.3,33.86,16.07
19161,3.622,6.986,,,,,3.412,6.683,0.8745,0.7712,0.4978,0.2933,1.045,1.15,1.078,1.214,1.083,1.279,1.189,1.334,1.008,1.056,0.9774,0.9622,0.9966,0.9972,3.879,4.984,1.987,2.338,1.052,1.1,2.504,17.86,28.02,0.7947,0.9657,1.008,61.39,41.13,36.12,38.03,37.17,36.59,12.35
19163,3.565,6.832,,,,,2.202,3.502,0.828,0.7062,0.329,0.1558,1.029,1.106,0.9946,1.113,1.136,1.356,1.195,1.407,1.01,1.052,1.017,0.9757,0.9963,0.998,3.908,4.996,1.833,2.108,1.174,1.196,1.575,16.8,24.51,0.6929,0.9499,1.005,49.09,27.48,23.48,28.77,29.26,28.07,11.67
19165,3.404,6.364,,,,,2.865,5.096,0.8674,0.757,0.4949,0.311,1.045,1.092,1.088,1.103,1.127,1.273,1.211,1.353,1.013,1.046,0.9931,0.983,0.9981,1,3.643,4.55,1.888,2.185,1.089,1.145,2.433,19.77,30.37,0.9252,1.152,1.238,51.33,33.66,29.55,37,36.75,36.38,14.63
19167,3.297,6.195,,,,,3.06,5.791,0.8829,0.784,0.5524,0.3388,1.051,1.111,1.077,1.197,1.127,1.276,1.248,1.375,1.009,1.042,0.9761,0.956,0.9965,0.9955,3.398,4.212,1.943,2.265,1.051,1.089,2.933,20.1,29.56,0.746,0.8421,0.8763,62.69,43.6,38.33,41.67,40.67,39.84,15.21
19169,3.788,7.315,,,,,2.866,5.139,0.8611,0.751,0.4572,0.2684,1.038,1.116,1.046,1.16,1.106,1.254,1.175,1.352,1.006,1.048,0.991,0.9472,0.9988,0.998,4.131,5.244,1.957,2.268,1.092,1.112,1.969,17.01,25.81,1.041,1.417,1.397,57.31,36.24,31.49,35.23,34.92,33.38,11.52
19171,3.911,7.698,,,,,2.948,5.488,0.8637,0.7556,0.4408,0.2545,1.037,1.125,1.066,1.192,1.126,1.273,1.133,1.283,1.016,1.054,0.991,0.9518,0.9973,0.9983,4.377,5.604,2.026,2.359,1.092,1.112,1.647,15.46,23.39,0.9069,1.289,1.385,58.19,35.73,30.69,33.41,33.11,31.8,9.979
19173,2.668,4.575,3.548,8.01,,,2.603,4.378,0.8574,0.7448,0.473,0.3036,1.045,1.089,1.054,1.092,1.163,1.314,1.369,1.489,1.002,1.055,1.004,0.9779,0.9976,1,3.226,3.939,1.854,2.129,1.111,1.094,4.619,26.66,37.87,1.155,1.506,1.523,41.75,25.8,22.52,34.05,34.2,33.29,18.8
19175,2.914,5.305,,,,,2.524,4.324,0.8515,0.7399,0.4483,0.2687,1.026,1.086,1.042,1.085,1.142,1.299,1.205,1.417,1.001,1.058,0.9869,0.9689,0.9973,0.9995,3.603,4.511,1.882,2.171,1.09,1.091,3.37,21.19,31.76,1.103,1.436,1.45,46.52,28.37,25.11,34.05,33.61,32.99,15.11
19177,2.42,4.073,3.245,6.865,,,2.259,3.625,0.829,0.7117,0.4294,0.2771,1.056,1.122,1.033,1.104,1.164,1.377,1.192,1.425,1.016,1.062,1.004,0.993,0.9977,1.001,3.015,3.584,1.799,2.041,1.117,1.122,5.42,28.89,39.07,1.085,1.626,1.695,38.84,21.08,18.14,30.05,30.16,29.84,21.58
19179,2.779,4.83,,,,,2.161,3.386,0.8304,0.7128,0.3876,0.2242,1.015,1.08,0.9814,1.078,1.14,1.297,1.19,1.352,1,1.041,0.9979,0.9931,0.9984,1.001,3.405,4.16,1.852,2.114,1.126,1.134,3.925,25.31,35.16,0.7042,0.9693,0.9567,44.78,25.58,22.24,29.63,29.57,29.43,17.31
19181,2.821,4.921,3.803,8.584,,,2.268,3.647,0.8457,0.73,0.4526,0.283,1.006,1.079,1.009,1.1,1.109,1.279,1.202,1.375,1.002,1.052,0.9935,0.9781,0.9977,0.9989,3.456,4.258,1.876,2.155,1.116,1.155,4.204,25.12,35.9,0.8236,1.05,1.047,46.21,27.94,24.31,32.89,32.67,32.17,17.11
19183,2.783,4.981,,,,,2.311,3.804,0.8367,0.7176,0.3959,0.23,1.017,1.099,1.003,1.09,1.158,1.377,1.178,1.403,1.014,1.055,1.02,0.9981,0.9974,1,3.412,4.149,1.821,2.077,1.141,1.133,3.915,23.96,33.65,0.9678,1.379,1.421,45.68,25.32,21.85,30.08,30.68,30.02,17.29
19185,2.731,4.899,,,,,2.627,4.547,0.8485,0.7363,0.4689,0.3061,1.021,1.064,0.9921,1.046,1.127,1.301,1.21,1.392,1.001,1.06,0.9917,0.9836,0.9975,1.001,3.373,4.214,1.84,2.118,1.127,1.127,3.589,21.01,30.62,1.154,1.627,1.648,43.33,25.09,21.59,32.75,32.48,32.21,15.85
19187,3.681,7.093,,,,,2.991,5.625,0.8674,0.7636,0.4735,0.2745,1.047,1.128,1.063,1.152,1.131,1.305,1.218,1.434,1.009,1.054,0.978,0.9412,0.9967,0.9969,3.623,4.658,1.907,2.238,1.072,1.116,2.547,17.12,26.47,0.8478,1.105,1.201,59.69,38.97,34.45,36.06,35.27,33.94,12.97
19189,4.297,8.935,,,,,3.3,6.504,0.8798,0.7822,0.4947,0.2923,1.082,1.12,1.154,1.238,1.104,1.236,1.155,1.296,1.007,1.052,0.9533,0.9114,0.9942,0.9937,4.597,5.935,2.095,2.462,1.124,1.117,1.128,13.93,21.69,0.8661,1.149,1.167,73.33,50.78,44.91,36.9,35.18,33.63,8.712
19191,,,,,,,3.531,7.402,0.8739,0.7752,0.4592,0.2609,1.08,1.091,1.185,1.15,1.11,1.244,1.083,1.246,1.007,1.055,0.9967,0.9544,0.9942,0.9964,5.835,7.89,2.213,2.612,1.13,1.148,0.6522,9.037,14.51,0.8896,1.224,1.202,70.44,45.79,40.06,33.2,33.09,31.68,5.367
19193,3.153,5.705,,,,,2.711,4.715,0.8733,0.7675,0.5191,0.3233,1.053,1.119,1.098,1.143,1.117,1.275,1.24,1.379,1.006,1.049,0.9792,0.9516,0.9973,0.9989,3.518,4.325,1.929,2.23,1.04,1.097,3.445,23.79,34.71,0.5937,0.7042,0.7846,54.23,36.55,32.36,41.24,40.38,39.24,16.35
19195,4.473,9.347,,,,,4.082,8.443,0.8844,0.7889,0.5024,0.2997,1.068,1.086,1.138,1.156,1.061,1.202,1.033,1.208,1.004,1.046,0.9702,0.9126,0.9943,0.9938,4.793,6.296,2.163,2.562,1.103,1.113,0.9808,12.89,20.08,0.8827,1.051,1.083,74.78,54.09,48.13,36.17,35.09,33.01,7.693
19197,3.964,7.897,,,,,3.03,5.718,0.8759,0.7779,0.5031,0.3052,1.051,1.124,1.112,1.181,1.097,1.254,1.155,1.304,1.007,1.054,0.9802,0.9458,0.9971,0.9974,4.56,5.852,2.082,2.433,1.096,1.117,1.525,15.48,23.9,0.8538,1.12,1.19,67.23,45.45,40.28,36.13,35.41,34.17,9.665
20001,1.924,2.721,2.549,4.434,,,1.76,2.366,0.8023,0.6766,0.5181,0.4114,1.06,1.121,1.08,1.195,1.116,1.296,1.114,1.226,0.9809,1.03,0.9902,0.9988,0.9966,0.9995,2.11,2.403,1.608,1.793,1.071,1.03,14.01,47.25,58.51,1.965,2.449,2.465,18.52,9.806,8.249,33.5,33.17,33.46,40.73
20003,1.907,2.696,2.469,4.305,,,1.84,2.533,0.8093,0.6864,0.5228,0.4157,1.05,1.104,1.078,1.146,1.1,1.273,1.134,1.277,0.9739,1.024,0.9871,1.005,0.9964,1.001,2.104,2.401,1.618,1.806,1.073,1.028,14.45,47.37,58.67,1.786,2.191,2.214,19.63,10.68,8.995,33.46,33.03,33.63,40.78
20005,2.108,3.204,2.892,5.546,,,1.927,2.765,0.8285,0.7038,0.4814,0.3566,1.086,1.083,1.085,1.076,1.194,1.312,1.226,1.36,1.005,1.045,0.9948,0.9936,0.9973,1.002,2.318,2.71,1.648,1.861,1.097,1.075,10.61,39.37,51.23,1.641,2.224,2.144,28.17,16.37,13.98,35.21,35.03,34.99,33.08
20007,1.526,1.863,1.945,2.761,3.199,5.655,1.918,2.619,0.8317,0.709,0.5802,0.4846,1.024,1.1,1.05,1.161,1.038,1.211,1.049,1.278,0.9633,0.989,0.9989,1.02,1.001,1.004,1.55,1.703,1.568,1.745,1.025,1.004,38,79.72,90.72,0.7464,0.8554,0.91,13.78,7.536,6.274,43.52,43.47,44.4,71.59
20009,1.58,1.988,2.085,3.1,3.342,6.635,1.862,2.56,0.8304,0.7063,0.5571,0.4394,1.041,1.082,1.051,1.09,1.134,1.247,1.151,1.338,0.9867,1.022,0.9962,0.9983,0.9986,1.003,1.662,1.836,1.613,1.799,0.9976,0.9968,29.95,70.31,81.14,0.7506,0.8643,0.879,20.07,11.61,10.04,45.82,45.65,45.74,60.97
20011,1.789,2.417,2.331,3.821,,,1.666,2.178,0.8014,0.6715,0.5077,0.3943,1.043,1.115,1.058,1.192,1.104,1.295,1.093,1.253,0.9791,1.027,1.014,1.017,0.9977,1.001,2.004,2.227,1.605,1.768,1.082,1.062,17.14,55.52,66.1,1.756,2.152,2.17,18.25,9.594,8.126,31.8,32.25,32.35,46.5
20013,2.115,3.234,2.909,5.775,,,2.053,3.058,0.8392,0.7178,0.4756,0.3404,1.062,1.07,1.057,1.069,1.16,1.278,1.19,1.286,0.9941,1.037,0.9957,0.9916,0.9979,1.003,2.211,2.597,1.643,1.863,1.086,1.065,10.48,39.07,50.99,1.335,1.741,1.722,30.11,17.55,15.06,35.5,35.35,35.2,34.15
20015,1.785,2.405,2.3,3.724,,,1.847,2.527,0.8188,0.6967,0.5428,0.4399,1.047,1.131,1.069,1.158,1.107,1.3,1.149,1.313,0.9655,1.024,0.9747,0.9879,0.9978,1.001,1.937,2.188,1.618,1.807,1.03,1.016,19.19,54.84,66.19,1.452,1.717,1.694,18.66,9.994,8.252,38.37,37.4,37.9,46.77
20017,1.805,2.446,2.234,3.605,2.996,6.141,1.882,2.604,0.8299,0.7115,0.5346,0.4159,1.075,1.125,1.115,1.162,1.142,1.31,1.178,1.344,0.9726,1.039,0.9691,0.991,0.9968,1.002,2.031,2.309,1.657,1.853,1.054,1.011,17.71,52.65,64.05,1.583,1.936,1.934,21.49,12.01,10.23,39.39,38.18,39.04,43.25
20019,1.683,2.201,2.109,3.216,2.986,5.57,1.792,2.417,0.8205,0.6945,0.5757,0.475,1.021,1.112,1.006,1.146,1.114,1.314,1.163,1.303,0.975,1.033,1.014,1.038,0.9995,1.002,1.87,2.068,1.599,1.767,1.028,1.03,22.74,62.18,73.19,2.135,2.578,2.775,13,7.05,5.692,35.67,36.17,37.01,53.35
20021,1.853,2.555,2.511,4.196,,,1.704,2.245,0.7824,0.6429,0.5312,0.4197,1.042,1.132,1.046,1.214,1.146,1.349,1.164,1.379,0.9908,1.048,1.015,1.031,0.9972,1,2.051,2.273,1.593,1.758,1.067,1.064,15.9,52.74,63.56,2.196,2.59,2.668,13.53,6.605,5.419,31.53,32.02,32.5,45.01
20023,1.719,2.269,2.519,4.105,,,4.523,9.418,0.8754,0.7681,0.6473,0.5433,1.043,1.117,1.039,1.14,1.101,1.239,1.096,1.304,0.9846,1.02,0.9874,0.9774,0.9983,1.001,1.804,2.025,1.792,2.056,1.126,1.152,21.29,57.43,68.3,0.1959,0.2824,0.2694,22.47,14.05,12.41,53.72,53.04,52.51,48.97
20025,1.513,1.842,1.972,2.762,3.294,5.797,2.191,3.149,0.846,0.7252,0.6185,0.5256,1.033,1.07,1.038,1.059,1.043,1.186,1.052,1.399,0.9606,1.004,1.006,1.006,1.002,1.005,1.541,1.69,1.582,1.762,1.001,0.9959,39.07,79.12,90.02,0.4826,0.5327,0.5809,13.9,7.593,6.445,48.55,48.85,48.86,71.78
20027,1.722,2.291,2.296,3.705,3.414,7.679,1.805,2.509,0.8418,0.7209,0.5149,0.3893,1.076,1.106,1.139,1.159,1.105,1.204,1.141,1.275,0.9794,1.019,0.9835,0.9756,0.9992,1.002,1.823,2.05,1.595,1.789,1.089,1.065,22.58,57.23,69.26,1.175,1.465,1.49,25.17,15.51,13.38,40.95,40.28,39.95,50.09
20029,1.725,2.3,2.254,3.561,3.181,6.765,1.902,2.666,0.8384,0.7174,0.5193,0.3872,1.079,1.102,1.138,1.141,1.107,1.199,1.13,1.261,0.9833,1.014,0.9815,0.967,0.9986,1.003,1.912,2.151,1.663,1.871,1.078,1.048,21.61,57,68.91,0.7348,0.9572,0.951,28.16,16.9,14.6,41.26,40.5,39.9,46.93
20031,1.917,2.686,2.475,4.239,,,1.906,2.662,0.8308,0.7089,0.5288,0.4131,1.055,1.104,1.084,1.155,1.122,1.295,1.14,1.278,0.9778,1.033,0.9825,1.001,0.9963,1,2.131,2.427,1.635,1.822,1.057,1.026,13.99,46.83,57.59,1.876,2.213,2.216,22.11,12.88,11.06,35.41,34.79,35.45,38.82
20033,1.512,1.847,1.972,2.796,3.374,6.041,1.935,2.677,0.8278,0.7014,0.5794,0.4803,1.035,1.081,1.037,1.09,1.038,1.215,1.094,1.405,0.9636,1.005,0.9962,0.9989,0.9999,1.003,1.532,1.686,1.547,1.724,1.015,1.011,39.71,79.78,91.24,0.8233,0.9787,0.9825,13.28,6.982,5.958,46.62,46.44,46.57,73.34
20035,1.673,2.185,2.126,3.282,3.406,6.793,1.723,2.294,0.8039,0.6724,0.5396,0.4409,1.026,1.108,1.041,1.151,1.097,1.282,1.122,1.253,0.9647,1.018,0.9952,1.01,0.9994,1.001,1.797,1.996,1.576,1.747,1.037,1.036,24.1,62.11,73.22,1.734,2.137,2.17,14.56,7.516,6.071,37.27,37.09,37.65,54.83
20037,1.797,2.456,2.276,3.679,,,1.682,2.199,0.788,0.653,0.5059,0.3875,1.033,1.124,1.039,1.221,1.106,1.315,1.097,1.275,0.9832,1.033,1.016,1.031,0.9965,0.9999,2.06,2.274,1.602,1.764,1.06,1.061,16.29,54.11,64.87,1.743,2.108,2.13,15.9,8.081,6.768,30.9,31.4,31.86,45.15
20039,1.672,2.179,2.285,3.582,4.487,10.22,3.041,5.422,0.8816,0.7808,0.6386,0.5219,1.045,1.129,1.012,1.151,1.156,1.316,1.128,1.449,0.9879,1.027,0.9738,0.9661,0.9983,1,1.827,2.035,1.774,2.019,1.007,1.037,24.04,61.83,73.5,0.4088,0.5095,0.5203,24.68,16.52,14.76,51.92,50.56,50.16,51.15
20041,1.692,2.23,2.167,3.375,3.211,6.689,1.762,2.392,0.8351,0.715,0.5207,0.3965,1.066,1.111,1.13,1.14,1.086,1.221,1.139,1.289,0.9686,1.02,0.994,0.9965,0.9987,1.003,1.815,2.03,1.588,1.77,1.054,1.026,23.38,58.56,69.96,1.353,1.704,1.652,22.67,13,11.15,39.11,38.88,38.97,50.9
20043,2.33,3.664,3.441,7.12,,,1.929,2.767,0.8257,0.7004,0.4691,0.3365,1.083,1.071,1.066,1.057,1.208,1.308,1.262,1.304,0.999,1.043,1.005,1.008,0.9978,1.003,2.47,2.932,1.662,1.879,1.089,1.065,7.679,35.19,46.79,1.365,1.805,1.794,30.74,17.9,15.33,34.51,34.69,34.79,29.41
20045,1.997,2.871,2.599,4.659,,,1.742,2.351,0.8162,0.6863,0.4782,0.3592,1.083,1.096,1.097,1.105,1.161,1.335,1.241,1.365,0.9942,1.035,1.003,1.004,0.9974,1.002,2.17,2.495,1.61,1.803,1.109,1.076,12.57,44.78,56.2,1.602,1.99,1.978,23.43,13.41,11.32,32.94,33.04,33.08,37.45
20047,1.588,1.994,2.126,3.166,4.047,8.022,2.071,2.967,0.8435,0.7214,0.5804,0.463,1.009,1.084,1.005,1.107,1.055,1.222,1.109,1.36,0.9704,1.007,0.9939,0.996,0.999,1.002,1.61,1.772,1.581,1.76,0.9635,0.9385,30.74,68.55,78.96,0.6823,0.7567,0.7465,18.75,10.7,9.126,47.76,47.47,47.57,61.69
20049,1.757,2.368,2.186,3.432,3.103,6.106,1.947,2.717,0.8225,0.6986,0.5698,0.463,1.041,1.121,1.066,1.17,1.126,1.342,1.175,1.323,0.9749,1.043,1.002,1.023,0.9982,1.001,2.021,2.267,1.639,1.82,1.029,1.025,18.8,54.98,66.02,1.871,2.299,2.451,15.96,8.717,7.08,35.96,36.04,36.81,46.03
20051,1.624,2.08,2.101,3.177,3.146,6.152,2.195,3.245,0.8626,0.7518,0.5846,0.4733,1.065,1.1,1.074,1.128,1.156,1.218,1.166,1.244,0.981,1.01,0.9808,0.9864,1.001,1.005,1.719,1.9,1.655,1.858,1.002,0.9688,27.39,64.38,75.21,0.5772,0.666,0.7006,24.62,15.27,13.13,48.61,47.68,47.95,54.88
20053,1.686,2.214,2.189,3.428,3.663,7.557,2.04,2.917,0.8527,0.7399,0.5804,0.4698,1.052,1.098,1.076,1.115,1.1,1.213,1.125,1.223,0.982,1.015,0.9964,0.9942,0.9994,1.004,1.738,1.939,1.596,1.79,1.034,1.016,24.26,58.84,70.2,0.9632,1.16,1.13,23.66,14.2,12.24,43.85,43.69,43.59,52.36
20055,1.634,2.058,2.348,3.527,4.861,10.1,2.834,4.623,0.8665,0.7554,0.6212,0.5109,0.9921,1.06,0.9856,1.081,0.9858,1.188,0.9914,1.222,0.9571,0.9966,0.9799,0.9904,1,1.003,1.643,1.814,1.646,1.851,1.039,0.9875,30.21,69.2,80.43,0.2577,0.338,0.3307,18.79,11.24,9.663,54.75,53.65,54.22,61.52
20057,1.648,2.081,2.347,3.574,4.954,10.17,2.218,3.264,0.8402,0.7168,0.5938,0.4787,1.012,1.062,1.013,1.08,0.9963,1.169,1.004,1.292,0.9607,0.9884,1.006,1.013,1.002,1.005,1.671,1.855,1.638,1.839,1.01,0.9866,29.18,69.34,80.82,0.451,0.4999,0.5042,18.46,10.36,8.851,48.45,48.73,49.08,60.54
20059,1.907,2.68,2.418,4.183,,,1.799,2.453,0.8118,0.6866,0.5004,0.3874,1.064,1.115,1.075,1.147,1.119,1.319,1.158,1.347,0.9784,1.034,0.9906,1.001,0.9974,1.002,2.137,2.443,1.636,1.83,1.078,1.048,13.94,48.29,59.56,1.628,2.012,2.062,21.45,11.74,9.938,33.73,33.42,33.76,39.85
20061,1.817,2.481,2.427,4.006,3.463,7.828,1.897,2.675,0.8438,0.7264,0.5125,0.3901,1.072,1.099,1.122,1.13,1.101,1.229,1.154,1.259,0.97,1.019,0.9781,0.9889,0.9977,1.002,1.971,2.242,1.637,1.833,1.07,1.035,18.22,51.38,63.24,1.376,1.773,1.724,24.66,14.64,12.49,37.65,36.83,37.23,43.57
20063,1.635,2.111,2.32,3.618,4.547,9.9,2.853,4.869,0.8639,0.7535,0.6027,0.4939,1.031,1.086,1.03,1.115,1.114,1.174,1.154,1.247,0.9745,0.9951,0.9676,0.9693,0.9995,1.001,1.656,1.844,1.627,1.849,1.03,1.014,28.01,62.81,74.3,0.4004,0.4874,0.4528,22.19,13.76,12.07,54.54,52.78,52.87,56.89
20065,1.666,2.173,2.272,3.581,4.135,8.937,2.503,4.039,0.8669,0.7586,0.6051,0.497,1.071,1.121,1.084,1.166,1.167,1.245,1.142,1.331,0.9814,1.011,0.9699,0.9701,0.9995,1.003,1.774,1.975,1.701,1.929,1.005,1.011,24.36,60.74,71.82,0.4468,0.5358,0.589,25.3,16.53,14.57,50.95,49.42,49.42,51.5
20067,1.586,1.955,2.274,3.291,4.81,9.492,3.075,5.106,0.867,0.7596,0.6647,0.5585,1,1.069,0.9991,1.072,0.9638,1.147,1.003,1.226,0.9435,0.9893,0.9677,0.9935,0.9999,1.003,1.583,1.742,1.658,1.866,1.081,1.058,35.07,76.78,88.08,0.2353,0.3212,0.3065,15.48,9.026,7.777,60.8,58.84,60.41,68.62
20069,1.634,2.055,2.364,3.564,5.377,11.27,2.692,4.285,0.8592,0.7423,0.6355,0.5273,1.03,1.074,1.035,1.098,1.015,1.183,1.058,1.263,0.9622,0.9946,0.9918,0.998,1,1.003,1.638,1.809,1.64,1.842,1.035,0.9921,30.54,70.01,81.39,0.3717,0.4426,0.485,17.71,10.72,9.081,52.04,51.61,51.94,62.37
20071,1.65,2.129,2.462,3.865,,,5.529,11.63,0.882,0.7844,0.6832,0.583,0.9785,1.072,0.9401,1.068,0.9572,1.098,1.034,1.17,0.9601,1.003,0.9703,0.9916,0.9985,1.001,1.641,1.843,1.689,1.935,1.059,0.995,26.67,60.6,71.36,0.2315,0.3245,0.3428,19.12,11.79,10.53,59.65,57.88,59.15,56.12
20073,1.803,2.464,2.203,3.555,2.916,5.939,1.932,2.692,0.8267,0.7047,0.5347,0.4227,1.053,1.125,1.06,1.154,1.145,1.327,1.25,1.38,0.9783,1.037,0.9811,1.002,0.9965,1,2.042,2.309,1.632,1.822,1.041,1.019,17.72,52.57,64.01,1.768,2.124,2.171,18.19,10.34,8.672,36.82,36.13,36.89,43.99
20075,1.597,1.997,2.286,3.359,4.751,9.812,3.861,6.911,0.8794,0.7799,0.699,0.5962,0.9641,1.079,0.9282,1.078,0.9357,1.148,0.9294,1.176,0.9567,0.9982,0.963,0.9812,0.9995,1.002,1.625,1.799,1.694,1.918,1.102,1.051,32.28,70.99,82.36,0.2338,0.2762,0.3041,16.89,9.887,8.519,61.42,59.15,60.27,63.59
20077,1.513,1.837,1.923,2.692,3.359,5.924,1.698,2.188,0.8105,0.6811,0.524,0.4322,1.025,1.116,1.045,1.187,1.052,1.215,1.065,1.209,0.9641,1.006,1.017,1.027,1.001,1.003,1.536,1.683,1.541,1.709,1.036,1.014,37.89,78.74,89.32,1.13,1.265,1.315,13.85,7.827,6.55,41.97,42.69,43.09,70.8
20079,1.635,2.076,2.04,3.011,2.94,5.487,1.73,2.277,0.8167,0.6892,0.5374,0.4351,1.039,1.13,1.06,1.159,1.08,1.287,1.085,1.298,0.9632,1.032,0.9792,0.9874,0.9998,1.004,1.733,1.919,1.603,1.78,1.036,1.003,27.37,65.75,76.22,1.481,1.665,1.69,20.51,11.56,9.686,40.94,40.09,40.42,55.83
20081,1.619,2.022,2.358,3.524,5.816,11.86,2.9,4.72,0.8589,0.7456,0.6375,0.5277,1.012,1.068,1.026,1.088,0.9815,1.156,1.026,1.225,0.9518,0.9924,0.9811,0.9876,1.001,1.004,1.6,1.768,1.631,1.832,1.035,1.009,32.25,72.45,83.76,0.2421,0.3565,0.3392,16,9.346,8.12,56.79,55.72,56.09,65.73
20083,1.595,1.989,2.167,3.191,4.128,8.009,2.248,3.333,0.8514,0.7344,0.611,0.4977,1.022,1.076,1.021,1.113,1.051,1.206,1.095,1.311,0.9625,0.9995,0.9817,0.9864,1.001,1.004,1.631,1.8,1.625,1.825,0.9843,0.947,32.4,72.23,83.75,0.4167,0.4994,0.4974,18.37,10.61,9.093,51.65,50.7,50.94,63.53
20085,2.097,3.088,2.91,5.39,,,2.041,2.945,0.8349,0.7135,0.4833,0.3588,1.079,1.092,1.092,1.112,1.175,1.302,1.216,1.423,0.9912,1.04,0.9884,0.9837,0.9973,1.001,2.323,2.693,1.701,1.925,1.117,1.082,11.65,43.95,56.66,1.48,2.007,1.889,27.22,15.27,13.02,36.73,36.3,36.13,34.55
20087,2.077,3.032,2.883,5.312,,,1.895,2.654,0.8206,0.691,0.4642,0.3405,1.079,1.085,1.085,1.088,1.176,1.299,1.195,1.328,0.9918,1.034,0.9978,1.003,0.9978,1.002,2.313,2.676,1.678,1.887,1.104,1.072,11.24,43.3,54.8,1.485,2.011,1.909,26.63,14.83,12.45,34.38,34.3,34.47,34.27
20089,1.777,2.418,2.309,3.775,3.95,8.775,2.261,3.487,0.869,0.7568,0.5315,0.3997,1.067,1.11,1.085,1.122,1.097,1.209,1.158,1.303,0.9929,1.025,0.9612,0.958,0.9983,1.002,1.966,2.224,1.716,1.938,1.048,1.034,19.31,52.87,64.01,0.86,1.019,1.087,30.26,19.22,16.55,45.02,43.27,43.13,42.92
20091,2.075,3.058,2.703,4.974,,,1.73,2.33,0.7968,0.6662,0.4535,0.3413,1.058,1.078,1.056,1.091,1.131,1.283,1.152,1.313,0.9802,1.021,1.019,1.012,0.9976,1.002,2.371,2.749,1.66,1.86,1.087,1.053,10.07,40.98,51.67,1.577,1.861,1.826,24.15,12.95,10.95,31.96,32.58,32.36,32.77
20093,1.593,1.985,2.235,3.248,4.599,9.363,3.25,5.541,0.8719,0.7673,0.6524,0.5496,0.9652,1.056,0.9485,1.054,0.9319,1.137,0.9404,1.152,0.9484,0.9922,0.9702,0.9847,0.9998,1.002,1.622,1.79,1.679,1.892,1.081,1.015,32.6,71.39,82.44,0.2729,0.3423,0.3622,18.24,10.71,9.345,57.67,55.95,56.79,63.39
20095,1.568,1.937,2.032,2.943,3.216,5.877,1.771,2.342,0.8156,0.6868,0.5409,0.4433,1.03,1.101,1.053,1.139,1.091,1.225,1.082,1.236,0.9648,1.001,0.9917,0.9925,0.9999,1.002,1.623,1.783,1.581,1.755,1.033,1.009,32.65,73.41,84.06,1.026,1.146,1.194,16.83,9.088,7.542,42.3,41.95,41.99,64.13
20097,1.601,2.014,2.145,3.194,4.216,8.158,2.078,2.973,0.8368,0.7105,0.5706,0.4594,1.016,1.082,1.021,1.098,1.033,1.213,1.091,1.461,0.9659,0.997,0.9952,1.008,0.9995,1.003,1.63,1.811,1.599,1.79,0.9761,0.9554,30.96,69.36,80.5,0.7218,0.8107,0.784,17.32,9.707,8.162,46.36,46.14,46.72,61.99
20099,1.78,2.38,2.274,3.609,3.415,6.721,1.755,2.329,0.8097,0.6796,0.5691,0.4695,1.029,1.118,1.029,1.185,1.117,1.289,1.165,1.252,0.9871,1.037,1.011,1.027,0.9986,1.001,1.981,2.182,1.595,1.757,1.046,1.036,18.46,57.03,67.58,2.273,2.669,2.782,14.43,7.519,6.134,32.95,33.31,33.84,47.54
20101,1.606,2.021,2.206,3.31,4.155,8.445,2.982,5.068,0.8665,0.7602,0.6226,0.5119,1.015,1.071,0.9978,1.098,1.055,1.162,1.117,1.218,0.9707,1.01,0.9694,0.9739,0.9981,1.001,1.642,1.816,1.664,1.883,1.019,0.9699,31.48,70.21,81.64,0.3117,0.4214,0.3862,19.85,12.04,10.47,54.19,52.53,52.77,61.86
20103,2.046,2.975,2.807,5.143,,,1.774,2.422,0.8107,0.6792,0.4542,0.3329,1.068,1.073,1.06,1.068,1.161,1.291,1.159,1.273,0.9925,1.036,1.011,1.007,0.9966,1.001,2.295,2.637,1.661,1.864,1.089,1.065,11.48,44.26,55.76,1.492,1.912,1.844,25.33,14.07,11.94,33.33,33.7,33.55,35.36
20105,1.557,1.976,1.915,2.824,2.498,4.592,1.946,2.763,0.8553,0.7438,0.5611,0.4496,1.07,1.098,1.096,1.116,1.113,1.22,1.137,1.215,0.9833,1.019,0.9905,0.9858,0.9987,1.003,1.637,1.809,1.575,1.761,1.056,1.036,30.97,66.23,77.32,0.8383,1.06,1.05,23.2,14.26,12.35,44.29,43.87,43.66,59.67
20107,1.904,2.655,2.446,4.199,,,1.807,2.463,0.8162,0.6929,0.5334,0.424,1.04,1.103,1.048,1.16,1.085,1.245,1.122,1.277,0.9735,1.02,0.9985,0.9967,0.9967,1.001,2.157,2.444,1.648,1.832,1.083,1.047,13.83,48.93,59.68,1.816,2.248,2.156,19.19,10.54,8.9,32.59,32.54,32.48,40.13
20109,1.628,2.093,2.319,3.578,,,3.584,6.626,0.8704,0.7633,0.6347,0.533,1.016,1.095,1.003,1.136,1.042,1.156,1.075,1.299,0.9733,1.01,0.9537,0.9631,0.9975,0.9996,1.673,1.872,1.68,1.917,1.011,0.9944,28.18,63.57,74.91,0.3373,0.3663,0.3515,20.21,12.47,10.99,57.25,54.6,55.14,56.98
20111,1.903,2.641,2.428,4.081,,,1.893,2.623,0.829,0.7047,0.4926,0.3702,1.078,1.125,1.115,1.165,1.135,1.323,1.143,1.316,0.9743,1.033,0.9794,0.994,0.9962,1.001,2.175,2.477,1.685,1.881,1.061,1.028,14.26,48.94,59.88,1.552,1.92,1.911,23.36,13.67,11.67,36.25,35.5,36.03,38.84
20113,1.661,2.131,2.119,3.207,3.079,6.013,1.855,2.521,0.8301,0.7073,0.5375,0.4296,1.051,1.119,1.085,1.143,1.104,1.271,1.17,1.324,0.9725,1.028,0.9985,0.9991,0.9995,1.003,1.734,1.922,1.599,1.782,1.032,1.008,25.79,63.48,74.65,1.239,1.535,1.515,22.04,12.66,10.7,41.97,41.91,41.93,54.71
20115,1.745,2.314,2.226,3.535,3.385,7.041,1.856,2.559,0.8342,0.7137,0.5454,0.4298,1.065,1.119,1.119,1.151,1.088,1.257,1.11,1.309,0.97,1.03,0.9796,0.9936,0.9982,1.003,1.851,2.082,1.601,1.789,1.049,0.9997,20.88,55.76,67.13,1.559,1.876,1.85,22.22,12.99,11.02,39.99,39.17,39.74,48.19
20117,2,2.876,2.781,4.995,,,2.108,3.084,0.8546,0.7376,0.5112,0.3812,1.054,1.081,1.047,1.107,1.126,1.231,1.196,1.282,0.9872,1.032,0.9895,0.9649,0.9988,1.002,2.231,2.57,1.715,1.945,1.12,1.074,13.03,45.5,58.18,1.102,1.498,1.444,31.75,19.45,16.76,39.39,38.97,38,36.12
20119,1.51,1.857,2.055,2.99,4.394,8.601,2.32,3.519,0.8447,0.7263,0.6374,0.544,1.025,1.065,1.033,1.074,1.024,1.151,1.048,1.272,0.9538,1,0.9974,0.9952,1.002,1.005,1.474,1.621,1.508,1.685,1.017,1,40.07,75.64,87.28,0.3217,0.3501,0.3474,13.8,7.806,6.763,52.08,51.94,51.83,73.96
20121,1.972,2.85,2.548,4.55,,,1.849,2.557,0.8117,0.6897,0.5055,0.3962,1.064,1.11,1.082,1.167,1.124,1.31,1.122,1.31,0.9813,1.032,0.9997,0.9852,0.9964,1,2.228,2.578,1.642,1.841,1.088,1.063,12.02,43.24,54.09,1.782,2.145,2.138,21.98,12.09,10.35,33.16,33.15,32.67,35.96
20123,1.652,2.151,2.062,3.152,3.085,6.109,2,2.889,0.8581,0.7407,0.5428,0.4146,1.085,1.13,1.131,1.173,1.131,1.242,1.18,1.268,0.9888,1.024,0.9844,0.9842,0.9982,1.003,1.765,1.964,1.629,1.827,1.036,1.022,25.44,61.33,72.67,0.7296,0.9481,0.9534,25.94,15.88,13.58,44.81,44.11,44.11,52.66
20125,1.774,2.368,2.29,3.616,3.575,6.987,1.752,2.325,0.8145,0.6879,0.5752,0.4813,1.032,1.11,1.027,1.135,1.099,1.291,1.141,1.281,0.9786,1.025,1.013,1.032,0.9994,1.003,1.97,2.184,1.598,1.769,1.046,1.031,19.51,58.35,69.74,1.895,2.2,2.354,13.35,7.059,5.845,32.72,33.13,33.75,49.1
20127,1.857,2.554,2.377,3.961,,,1.97,2.796,0.8385,0.7192,0.5145,0.3908,1.083,1.122,1.148,1.151,1.118,1.282,1.128,1.313,0.9693,1.038,0.9782,0.9984,0.9975,1.002,2.038,2.332,1.659,1.859,1.068,1.021,16.04,48.89,60,1.761,2.145,2.096,25.24,14.89,12.71,38.15,37.31,38.09,40.66
20129,1.619,2.025,2.406,3.546,,,3.381,5.775,0.8503,0.736,0.6629,0.5601,0.9984,1.068,1.013,1.101,0.9823,1.147,1.062,1.197,0.9371,0.979,0.9677,0.9831,0.9999,1.002,1.619,1.789,1.668,1.885,1.076,1.044,33.74,74.97,87.08,0.2222,0.2824,0.3378,13.68,8.251,7.079,60.69,58.73,59.66,67.13
20131,2.08,3.084,2.827,5.299,,,2.104,3.095,0.8422,0.7214,0.4768,0.3403,1.063,1.079,1.059,1.085,1.142,1.256,1.177,1.309,0.9949,1.041,0.9951,0.9762,0.9982,1.001,2.31,2.688,1.713,1.946,1.098,1.063,11.56,43.07,55.99,1.255,1.75,1.711,30.94,18.3,15.86,37.32,37.14,36.43,34.24
20133,1.809,2.475,2.374,3.887,,,1.736,2.304,0.7969,0.6683,0.5297,0.4196,1.042,1.118,1.036,1.179,1.111,1.306,1.093,1.233,0.9783,1.027,1.003,1.01,0.9976,1.001,2.041,2.278,1.61,1.784,1.061,1.043,16.67,53.06,63.92,1.79,2.239,2.316,16.76,8.522,7.148,32.18,32.28,32.51,44.35
20135,1.583,1.976,2.154,3.168,3.881,7.511,2.421,3.708,0.8631,0.756,0.6233,0.5181,1.027,1.073,1.013,1.087,1.069,1.179,1.146,1.422,0.9688,0.997,0.9705,0.9761,0.9993,1.003,1.65,1.817,1.655,1.858,0.9735,0.9474,31.75,71.28,82.28,0.422,0.5037,0.4802,20.86,12.64,10.94,51.89,50.36,50.65,61.91
20137,1.658,2.165,2.13,3.283,3.595,7.604,2.703,4.566,0.8741,0.7661,0.6084,0.4823,1.071,1.123,1.073,1.165,1.2,1.299,1.206,1.542,0.9847,1.018,0.9728,0.96,0.9994,1.001,1.825,2.032,1.754,1.987,1.05,1.072,24.38,61.03,72.35,0.4548,0.5677,0.615,26.53,17.6,15.35,51.33,49.93,49.28,50.25
20139,1.955,2.756,2.51,4.358,,,1.89,2.633,0.8289,0.7027,0.5011,0.3823,1.076,1.118,1.115,1.149,1.145,1.341,1.176,1.362,0.9799,1.039,0.9783,0.9995,0.9972,1.001,2.2,2.519,1.662,1.858,1.072,1.048,12.9,46.77,57.9,1.548,1.929,1.937,23.73,13.76,11.72,35.38,34.61,35.36,37.42
20141,1.631,2.108,2.068,3.15,3.057,6.053,2.176,3.27,0.8669,0.7574,0.5692,0.4489,1.084,1.146,1.14,1.203,1.14,1.283,1.16,1.28,0.9855,1.028,0.9653,0.9738,0.9989,1.003,1.737,1.933,1.659,1.873,1.021,1.013,26.71,63.39,74.84,0.6693,0.8443,0.8932,24.94,15.73,13.56,47.85,46.19,46.6,54.22
20143,1.584,2.024,1.938,2.87,2.477,4.686,1.766,2.404,0.8327,0.7097,0.5289,0.4049,1.077,1.099,1.146,1.125,1.093,1.179,1.141,1.232,0.9774,1.008,0.982,0.9769,0.9992,1.003,1.686,1.868,1.571,1.755,1.067,1.043,29.87,65.97,77.46,0.956,1.192,1.188,23.1,13.68,11.67,42.14,41.39,41.17,58.3
20145,1.579,1.972,2.128,3.154,3.635,7.182,2.052,2.92,0.8418,0.7215,0.5951,0.4801,1.028,1.088,1.018,1.108,1.12,1.271,1.183,1.377,0.9782,1.016,0.98,0.994,0.998,1.002,1.628,1.791,1.611,1.797,0.9632,0.9507,30.93,71.4,82.13,0.5421,0.6436,0.6597,19.18,11.44,9.744,47.26,46.31,46.97,62.74
20147,1.65,2.157,2.109,3.257,3.322,6.819,2.446,3.94,0.8748,0.7655,0.5895,0.4588,1.065,1.127,1.081,1.166,1.16,1.336,1.132,1.399,0.9842,1.021,0.9656,0.955,0.999,1.001,1.789,1.989,1.702,1.923,1.04,1.038,25.05,60.93,72.14,0.5656,0.6864,0.7743,26.96,17,14.52,50,48.28,47.75,51.31
20149,1.954,2.784,2.587,4.543,,,1.962,2.803,0.84,0.7205,0.472,0.3462,1.071,1.096,1.086,1.126,1.154,1.269,1.196,1.359,0.9863,1.031,0.9842,0.9721,0.9988,1.001,2.121,2.439,1.658,1.874,1.092,1.056,15.12,47.74,60.61,1.48,2.012,1.908,26.38,15.04,12.65,38.76,38.15,37.68,39.34
20151,1.603,2.004,2.123,3.178,3.822,7.507,2.046,2.881,0.829,0.7018,0.5749,0.4679,1.028,1.109,1.068,1.158,1.068,1.263,1.077,1.315,0.9704,1.003,0.97,0.99,0.9993,1.003,1.631,1.801,1.593,1.776,1.004,0.9954,30.24,70.76,81.75,0.7745,0.8567,0.8863,16.8,9.235,7.641,45.09,43.74,44.64,62.75
20153,1.68,2.203,2.321,3.68,,,3.75,7.258,0.8795,0.7763,0.648,0.5397,1.03,1.124,1.008,1.143,1.127,1.278,1.131,1.388,0.9795,1.016,0.9671,0.9574,0.9985,1.001,1.827,2.037,1.795,2.046,1.049,1.067,22.84,59.39,70.28,0.3004,0.3779,0.3842,24.63,16.25,14.36,53.07,51.33,50.81,49.57
20155,1.597,1.994,2.043,2.975,3.221,5.976,1.789,2.38,0.8185,0.6899,0.5477,0.4453,1.049,1.117,1.089,1.144,1.102,1.254,1.084,1.255,0.974,1.017,0.9984,0.9989,1,1.004,1.691,1.86,1.619,1.797,1.019,1.007,29.78,70.17,80.64,1.02,1.123,1.16,19.72,10.65,8.874,42.48,42.41,42.43,59.49
20157,1.811,2.49,2.39,3.954,,,1.997,2.898,0.8534,0.7328,0.5041,0.3669,1.075,1.11,1.086,1.134,1.11,1.2,1.143,1.243,0.9909,1.032,0.9755,0.9569,0.9985,1.002,2.043,2.314,1.707,1.924,1.081,1.051,17.61,51.53,63.05,0.9456,1.162,1.197,30.51,18.66,16.12,42.94,41.89,41.09,41.17
20159,1.646,2.104,2.199,3.338,3.638,7.409,1.887,2.586,0.831,0.7076,0.5444,0.4354,1.055,1.1,1.098,1.107,1.11,1.231,1.112,1.274,0.9761,1.014,1.006,1.003,1,1.004,1.709,1.895,1.608,1.794,1.001,0.9956,26.36,64.57,75.58,0.9218,1.09,1.091,21.67,12.35,10.54,42.98,43.26,43.12,55.98
20161,1.848,2.553,2.499,4.22,,,1.905,2.703,0.8454,0.7275,0.4978,0.3768,1.079,1.098,1.126,1.152,1.131,1.24,1.156,1.3,0.9818,1.021,0.9777,0.9765,0.9982,1.002,1.995,2.273,1.637,1.841,1.098,1.058,17.9,51.03,63.46,1.316,1.72,1.643,25.49,15.02,12.76,39.37,38.49,38.45,43.24
20163,1.623,2.092,2.066,3.131,3.139,6.185,2.372,3.698,0.8672,0.7583,0.5871,0.4687,1.081,1.137,1.112,1.189,1.165,1.298,1.208,1.342,0.982,1.024,0.9607,0.9771,0.9996,1.003,1.739,1.929,1.683,1.898,1.012,1.012,27.04,63.03,74.11,0.5652,0.6593,0.7528,25.43,16.23,14.13,49.67,47.71,48.53,53.81
20165,1.558,1.936,2.004,2.906,3.098,5.767,2.209,3.249,0.8609,0.7478,0.6239,0.5066,1.04,1.073,1.032,1.076,1.125,1.224,1.153,1.308,0.9807,1.008,0.9856,0.9824,0.9986,1.003,1.635,1.8,1.656,1.853,0.981,0.9326,32.36,72.76,83.14,0.5127,0.587,0.5742,21.37,13.39,11.39,48.87,48.17,48.01,62.34
20167,1.64,2.121,2.153,3.323,3.462,6.992,1.944,2.753,0.851,0.737,0.5623,0.446,1.048,1.093,1.062,1.11,1.114,1.212,1.136,1.219,0.9752,1.008,0.9848,0.9862,1,1.005,1.73,1.928,1.63,1.835,1.012,0.9828,26.32,63.5,74.92,0.5038,0.618,0.6172,24.01,14.77,12.98,45.51,44.81,44.88,54.72
20169,1.64,2.13,2.097,3.195,2.976,6.018,1.754,2.362,0.8299,0.7082,0.5304,0.4146,1.048,1.098,1.087,1.115,1.071,1.187,1.117,1.216,0.9704,1.001,0.9945,0.9932,0.9986,1.003,1.734,1.932,1.582,1.772,1.038,1.012,26.83,62.51,74.17,0.9093,1.092,1.061,23.02,13.08,11.25,41.2,40.97,40.92,54.72
20171,1.636,2.078,2.376,3.63,4.81,10.42,3.425,6.09,0.8708,0.7657,0.6322,0.5232,1.003,1.084,0.9792,1.111,1.015,1.145,1.014,1.208,0.9674,1.016,0.9781,0.9804,0.9988,1.001,1.653,1.833,1.669,1.891,1.025,0.9769,29.17,66.97,78.19,0.2672,0.3374,0.3444,19.75,12.16,10.49,55.37,54.15,54.28,59.94
20173,1.634,2.065,2.052,3.025,3.314,6.21,1.658,2.124,0.8054,0.6769,0.5272,0.4278,1.036,1.123,1.064,1.175,1.084,1.266,1.084,1.258,0.96,1.009,0.9915,0.9995,0.9999,1.003,1.763,1.948,1.624,1.801,1.026,1.01,27.31,68.45,79.01,1.054,1.189,1.197,18.34,9.667,8.096,39.05,38.72,39.04,56.51
20175,1.532,1.875,2.185,3.162,4.711,9.236,2.476,3.776,0.8369,0.7133,0.6273,0.5235,1.027,1.057,1.053,1.063,1.017,1.112,1.035,1.123,0.9496,0.9831,0.9845,0.989,1.001,1.005,1.507,1.656,1.564,1.755,0.9962,0.9898,39.31,79.16,90.83,0.3009,0.4068,0.3597,12.87,7.013,6.045,55.01,54.15,54.4,74.04
20177,2.041,2.9,2.773,4.935,,,1.837,2.512,0.8261,0.7004,0.4733,0.3511,1.075,1.099,1.104,1.119,1.148,1.288,1.18,1.371,0.9756,1.018,0.9949,0.9955,0.9977,1.002,2.338,2.679,1.723,1.931,1.111,1.062,11.65,47.33,58.81,1.215,1.627,1.542,25.53,13.96,11.84,34.57,34.39,34.41,35.62
20179,1.683,2.207,2.41,3.875,,,3.107,5.525,0.8733,0.7682,0.6185,0.5061,1.054,1.13,1.055,1.176,1.161,1.27,1.136,1.342,0.9809,1.01,0.9655,0.9732,0.9987,1.002,1.73,1.938,1.689,1.927,1.015,1.039,24.09,59.36,70.72,0.4433,0.5098,0.5179,23.91,16.13,14.56,52.59,50.78,51.18,52.27
20181,1.789,2.396,2.72,4.572,,,5.297,11.86,0.8749,0.7644,0.6386,0.534,1.036,1.129,1.027,1.157,1.089,1.232,1.048,1.291,0.9844,1.006,0.9754,0.9755,0.9978,1.001,1.871,2.113,1.82,2.097,1.092,1.108,18.84,53.6,64.36,0.1684,0.2158,0.2357,22.97,14.26,12.54,54.96,53.61,53.62,45.09
20183,1.677,2.215,2.146,3.349,3.257,6.754,2.29,3.564,0.8701,0.7599,0.5559,0.4238,1.059,1.125,1.091,1.154,1.126,1.285,1.148,1.319,0.988,1.024,0.9654,0.9623,0.9983,1.002,1.819,2.03,1.692,1.914,1.044,1.038,24.07,60.31,71.97,0.6108,0.7766,0.8471,27.82,17.47,15.09,47.37,45.74,45.59,50.35
20185,1.566,1.953,2.047,3.033,3.298,6.449,1.819,2.469,0.823,0.6968,0.5579,0.4497,1.038,1.085,1.053,1.113,1.112,1.228,1.141,1.299,0.9782,1.014,0.9908,1.006,0.9984,1.002,1.62,1.782,1.582,1.755,0.9695,0.9859,31.1,71.82,82.49,0.7435,0.8426,0.9211,17.98,10.3,8.828,44.91,44.49,45.19,63.84
20187,1.611,2.003,2.311,3.362,5.203,10.43,3.758,6.661,0.866,0.7592,0.6821,0.5785,0.9805,1.08,0.989,1.102,0.9532,1.178,0.9589,1.25,0.9454,0.9911,0.9574,0.9747,0.9999,1.003,1.637,1.806,1.704,1.925,1.074,1.029,33.48,75.06,86.87,0.1705,0.205,0.2478,15.5,9.062,7.79,61.97,59.33,60.4,66.05
20189,1.617,2.023,2.461,3.702,,,2.821,4.558,0.8467,0.7323,0.6522,0.5476,1.018,1.066,1.054,1.091,1.001,1.127,1.024,1.143,0.947,0.9732,0.9825,0.9966,1.001,1.004,1.59,1.763,1.617,1.829,1.089,1.054,33.25,73.28,85.43,0.2562,0.324,0.3189,13.76,7.588,6.71,56.75,55.75,56.55,67.13
20191,1.569,1.954,1.967,2.835,3.344,6.042,1.634,2.084,0.8056,0.6724,0.5354,0.4395,1.03,1.12,1.06,1.174,1.064,1.267,1.067,1.266,0.9651,1.019,0.9912,0.998,0.9993,1.001,1.639,1.799,1.55,1.713,1.034,1.031,32.46,72.41,83,1.434,1.711,1.72,14.32,7.911,6.532,39.9,39.55,39.82,63.68
20193,1.7,2.233,2.392,3.832,,,4.41,8.79,0.8793,0.7753,0.6392,0.5316,1.033,1.121,1.017,1.152,1.092,1.212,1.074,1.272,0.9755,1.01,0.9697,0.9685,0.9985,1.001,1.802,2.02,1.767,2.017,1.011,1.034,22.62,57.68,68.42,0.3749,0.4195,0.4136,24.33,15.95,14.06,55.3,53.62,53.55,48.94
20195,1.65,2.136,2.229,3.471,3.874,8.135,2.294,3.539,0.8629,0.7507,0.586,0.4777,1.063,1.099,1.056,1.137,1.15,1.212,1.147,1.245,0.9837,1.009,0.9736,0.9803,0.9993,1.003,1.699,1.883,1.627,1.836,1.006,0.9845,26.41,61.44,72.61,0.4633,0.5481,0.5881,24.21,15.07,13.04,51.5,50.14,50.49,54.18
20197,1.906,2.673,2.437,4.17,,,2.004,2.868,0.8325,0.7104,0.4899,0.3647,1.075,1.105,1.108,1.133,1.125,1.281,1.208,1.392,0.9762,1.028,0.9885,0.9975,0.998,1.001,2.113,2.425,1.667,1.871,1.084,1.044,15.23,47.9,59.68,1.557,1.979,1.9,25.09,14.77,12.58,36.46,36.04,36.37,39.48
20199,1.647,2.14,2.436,3.902,,,4.02,8.191,0.8706,0.7608,0.6418,0.538,1.013,1.106,0.9939,1.136,1.021,1.178,1.036,1.223,0.9808,1.01,0.9742,0.9813,0.997,0.9996,1.639,1.84,1.668,1.913,1.082,1.059,26.75,61.13,72.57,0.2661,0.3245,0.3278,18.37,11.23,9.871,56.33,54.87,55.27,56.85
20201,1.814,2.498,2.519,4.282,,,1.974,2.865,0.8548,0.7375,0.5217,0.3943,1.077,1.104,1.097,1.142,1.148,1.243,1.245,1.304,0.9938,1.037,0.9809,0.9576,0.9995,1.002,2.003,2.27,1.663,1.873,1.117,1.078,17.75,51.77,63.79,1.091,1.46,1.428,29.26,17.89,15.57,41.04,40.26,39.3,42.97
20203,1.659,2.14,2.596,4.113,,,4.489,8.784,0.8777,0.7759,0.6593,0.5599,0.9837,1.085,0.9509,1.121,0.9642,1.134,0.973,1.194,0.9595,1.005,0.9699,0.9917,0.9989,1.002,1.624,1.824,1.647,1.883,1.046,0.9938,27.18,61.51,72.71,0.2608,0.3103,0.3176,20.18,12.37,10.81,56.99,55.28,56.52,57.3
20205,1.771,2.385,2.254,3.589,3.012,5.933,1.843,2.501,0.8099,0.686,0.5519,0.4514,1.054,1.11,1.081,1.166,1.12,1.281,1.138,1.24,0.9812,1.024,0.9941,1.005,0.9971,1.001,1.976,2.21,1.609,1.789,1.038,1.035,18.85,55.19,66.45,1.819,2.214,2.324,15.96,8.461,7.006,33.47,33.28,33.63,47.11
20207,1.851,2.578,2.36,3.957,,,1.867,2.58,0.81,0.6862,0.514,0.4081,1.057,1.113,1.073,1.161,1.131,1.318,1.199,1.309,0.9845,1.03,0.9915,1.002,0.9962,0.9998,2.05,2.338,1.597,1.785,1.045,1.012,15.98,47.98,59.12,1.878,2.269,2.318,18.27,9.862,8.289,34.41,34.11,34.48,41.86
20209,2.054,2.965,2.723,4.906,,,1.61,2.092,0.7905,0.6565,0.4281,0.3085,1.048,1.071,1.041,1.068,1.113,1.259,1.107,1.284,0.9801,1.031,1.008,0.9883,0.9965,1.001,2.418,2.779,1.706,1.908,1.103,1.065,10.76,45.72,56.53,1.429,1.763,1.673,25.39,13.38,11.24,32.53,32.79,32.15,33.92
21001,3.38,6.478,,,,,3.151,5.84,0.802,0.6673,,,1.061,1.12,1.06,1.113,1.24,1.433,1.263,1.527,1.04,1.067,1.043,1.027,0.9934,0.9927,3.21,3.843,1.657,1.879,1.15,1.146,2.369,21.98,33.02,1.411,2.076,2.173,11.33,4.758,3.898,22.42,23.38,23.03,20.54
21003,2.661,4.542,,,,,2.029,3.018,0.7723,0.6261,,,1.074,1.118,1.042,1.119,1.274,1.433,1.306,1.541,1.035,1.068,1.044,1.038,0.9956,0.9948,2.574,2.959,1.556,1.728,1.117,1.115,5.295,27.8,38.35,1.825,2.353,2.422,9.591,4.067,3.544,23.62,24.66,24.52,28.69
21005,3.236,6.143,,,,,2.847,4.901,0.7986,0.6625,0.3627,0.2345,1.033,1.13,1.013,1.134,1.235,1.466,1.252,1.63,1.032,1.073,1.012,1.03,0.9922,0.9935,3.526,4.292,1.722,1.966,1.162,1.161,2.341,20.5,31.78,1.22,1.717,1.811,15.37,6.736,5.552,23.23,23.51,23.94,17.56
21007,2.391,3.781,3.678,8.427,,,1.652,2.19,0.75,0.6007,,,1.043,1.144,0.9897,1.121,1.248,1.387,1.27,1.426,1.026,1.057,1.025,1.063,0.9979,0.9995,2.366,2.646,1.563,1.725,1.086,1.077,7.323,40.68,51.9,1.681,2.194,2.219,11.69,4.651,3.71,24.73,25.35,26.3,36.27
21009,2.555,4.257,,,,,2.233,3.486,0.7821,0.6403,,,1.064,1.111,1.031,1.112,1.244,1.417,1.293,1.531,1.031,1.06,1.044,1.043,0.9961,0.9968,2.525,2.878,1.587,1.765,1.102,1.109,5.567,30.75,41.18,1.833,2.296,2.35,10.06,4.009,3.349,23.4,24.43,24.41,30.66
21011,3.158,6.177,,,,,3.169,6.12,0.8117,0.6801,0.441,0.326,1.065,1.143,1.075,1.176,1.262,1.425,1.295,1.444,1.035,1.065,1.024,1.045,0.9936,0.9939,3.474,4.204,1.727,1.962,1.181,1.214,2.326,19.07,28.67,0.7072,1.177,1.175,15.67,7.014,5.836,21.2,21.7,22.16,17.31
21013,,,,,,,,,0.843,0.733,0.5394,0.4253,1.08,1.122,1.062,1.118,1.322,1.45,1.395,1.556,1.054,1.073,1.007,1.013,0.9935,0.9912,5.919,7.874,1.898,2.19,1.151,1.182,0.5234,7.798,13.98,1.639,2.359,2.495,13.17,6.678,5.714,21.01,21.16,21.29,6.643
21015,3.351,6.423,,,,,2.46,4.026,0.7935,0.6554,0.3335,0.2021,1.051,1.109,1.046,1.121,1.217,1.391,1.398,1.645,1.03,1.064,1.014,1.027,0.9916,0.9942,3.899,4.885,1.774,2.029,1.125,1.149,1.816,18.4,28.04,0.598,0.7742,0.8873,22.28,11.15,9.168,23.1,23.43,23.72,14.03
21017,3.072,5.893,,,,,2.899,5.278,0.8135,0.6817,0.4018,0.2787,1.055,1.146,1.055,1.167,1.237,1.438,1.26,1.506,1.035,1.07,1.021,1.031,0.9935,0.994,3.491,4.282,1.721,1.962,1.173,1.175,2.23,18.4,28.18,0.9592,1.393,1.44,16.85,8.02,6.598,22.65,23.12,23.34,16.51
21019,3.392,6.901,,,,,3.043,5.673,0.804,0.6671,0.4248,0.3227,1.059,1.118,1.069,1.138,1.202,1.369,1.233,1.392,1.032,1.055,1.003,1.018,0.9959,0.9937,3.908,4.763,1.794,2.026,1.24,1.29,1.835,19.07,28.32,0.3992,0.7094,0.7406,15.29,6.364,4.891,21.55,21.63,21.94,15.46
21021,3.24,6.441,,,,,3.033,5.499,0.8047,0.6799,0.3868,0.2504,1.035,1.124,1.018,1.11,1.221,1.432,1.271,1.485,1.038,1.069,1.005,1.019,0.993,0.9946,3.476,4.289,1.687,1.923,1.144,1.139,2.089,17.37,27.59,1.466,2.203,2.18,16.03,8.26,7.402,23.81,23.93,24.26,16.41
21023,3.512,7.001,,,,,3.597,7.078,0.8255,0.7034,0.415,0.295,1.069,1.144,1.078,1.188,1.233,1.427,1.304,1.495,1.046,1.086,1.02,1.025,0.9926,0.9914,3.628,4.537,1.748,1.997,1.173,1.189,1.618,13.64,21.34,1.146,1.558,1.576,20.08,10.76,9.247,23.6,24.08,24.18,13.48
21025,3.955,8.607,,,,,3.429,6.636,0.8145,0.6826,0.527,0.4061,1.071,1.124,1.071,1.139,1.241,1.383,1.282,1.439,1.039,1.066,1.015,1.022,0.9954,0.9926,4.217,5.188,1.759,1.991,1.142,1.174,1.275,15.24,24.06,0.7917,1.13,1.306,12.53,5.654,4.85,21.49,21.83,21.98,13.21
21027,2.906,5.063,,,,,2.51,4.154,0.7982,0.6649,0.3489,0.1975,1.047,1.114,1.016,1.123,1.241,1.48,1.295,1.538,1.043,1.072,1.015,1.023,0.9937,0.9946,2.683,3.135,1.621,1.813,1.133,1.154,4.171,25.97,37.12,1.526,1.955,2.021,14.09,6.373,5.323,24.36,24.73,24.91,25.99
21029,2.613,4.424,,,,,2.162,3.285,0.7636,0.6143,,,1.039,1.131,1.011,1.157,1.215,1.463,1.252,1.59,1.028,1.07,1.006,1.029,0.9928,0.9953,2.712,3.161,1.637,1.844,1.133,1.152,4.909,31.25,44.67,1.241,1.668,1.729,12.74,4.624,3.675,24.61,24.75,25.32,28.61
21031,2.606,4.323,,,,,2.613,4.169,0.7874,0.6459,,,1.058,1.124,1.041,1.148,1.202,1.455,1.242,1.448,1.05,1.088,1.023,1.016,0.9963,0.9955,2.584,2.93,1.652,1.845,1.131,1.142,5.497,34.66,46.43,2.105,2.669,2.744,11.58,4.566,3.693,25.17,25.74,25.58,31.07
21033,2.276,3.585,3.551,7.935,,,1.925,2.735,0.7664,0.621,,,1.064,1.144,1.06,1.148,1.255,1.492,1.32,1.571,1.047,1.074,1.022,1.033,0.996,0.996,2.288,2.569,1.587,1.756,1.103,1.108,7.793,41.69,53.34,1.934,2.506,2.519,10.23,3.88,3.166,25.93,26.51,26.78,38.24
21035,2.321,3.652,3.047,6.354,,,1.772,2.415,0.7536,0.6067,,,1.072,1.129,1.054,1.116,1.252,1.398,1.343,1.561,1.031,1.058,1.011,1.04,0.9978,0.9974,2.356,2.634,1.563,1.719,1.089,1.081,7.959,39.22,50.08,2.489,3.161,3.205,9.344,3.71,3.035,24.41,24.68,25.39,36.28
21037,3.324,6.373,,,,,2.447,4.018,0.7967,0.6589,0.3254,0.1946,1.061,1.117,1.068,1.148,1.202,1.375,1.306,1.493,1.029,1.066,1.013,1.04,0.9933,0.9945,3.542,4.364,1.727,1.969,1.117,1.132,2.17,18.84,28.39,0.6766,0.8509,0.951,20.26,10.38,8.65,23.4,23.72,24.35,15.98
21039,2.329,3.629,3.597,8.363,,,1.749,2.372,0.7624,0.6192,,,1.045,1.131,0.9862,1.096,1.235,1.362,1.247,1.382,1.029,1.058,1.026,1.067,0.9976,0.9988,2.262,2.513,1.566,1.724,1.088,1.075,7.376,42.17,52.89,2.055,2.685,2.708,10.78,4.282,3.489,24.92,25.55,26.57,38.57
21041,3.254,6.176,,,,,2.787,4.78,0.7988,0.6618,0.3575,0.2208,1.049,1.122,1.057,1.154,1.22,1.411,1.292,1.715,1.041,1.077,1.012,1.048,0.989,0.9915,3.472,4.312,1.702,1.949,1.141,1.165,2.299,18.77,29.16,0.9541,1.219,1.393,16.49,7.143,5.84,24.24,24.54,25.4,16.67
21043,3.673,7.585,,,,,3.502,7.269,0.824,0.6984,0.479,0.367,1.064,1.131,1.056,1.145,1.245,1.406,1.274,1.407,1.039,1.066,0.9995,1.026,0.9953,0.9949,3.94,4.853,1.848,2.11,1.191,1.213,1.581,17.19,26.2,0.8611,1.446,1.469,16.51,7.103,5.794,22.52,22.51,23.1,14.4
21045,3.626,7.564,,,,,3.672,7.416,0.8065,0.6777,0.4128,0.2809,1.049,1.123,1.05,1.115,1.24,1.451,1.271,1.516,1.038,1.071,1.026,1.027,0.9941,0.994,3.727,4.622,1.694,1.932,1.14,1.139,1.529,15.42,25.29,1.47,2.175,2.298,13.26,6.308,5.492,22.31,22.9,22.91,14.88
21047,2.347,3.811,3.449,7.693,,,2.182,3.285,0.7865,0.6482,,,1.062,1.134,1.035,1.113,1.256,1.496,1.298,1.552,1.039,1.071,1.008,1.02,0.9959,0.9955,2.329,2.619,1.581,1.753,1.112,1.123,7.181,36.79,48.43,1.794,2.328,2.418,10.81,4.274,3.535,24.86,25.07,25.36,35.81
21049,3.21,6.269,,,,,2.544,4.377,0.7944,0.6545,0.3276,0.1959,1.058,1.138,1.043,1.166,1.256,1.447,1.285,1.524,1.037,1.068,1.021,1.028,0.9931,0.9935,3.532,4.337,1.697,1.923,1.157,1.175,2.017,18.87,28.94,0.8366,1.353,1.328,14.73,6.638,5.425,21.86,22.32,22.47,16.6
21051,4.444,10.36,,,,,4.899,10.7,0.8262,0.7013,0.5359,0.4261,1.07,1.128,1.059,1.132,1.267,1.423,1.318,1.501,1.042,1.068,1.006,1.018,0.994,0.992,5.031,6.493,1.808,2.071,1.152,1.168,0.7728,10.75,18.45,0.9447,1.394,1.527,11.17,4.986,4.013,21.57,21.7,21.96,9.493
21053,3.643,7.479,,,,,4.043,8.569,0.8032,0.6726,,,1.068,1.111,1.065,1.089,1.275,1.44,1.304,1.541,1.047,1.066,1.026,1.009,0.9953,0.9935,3.495,4.311,1.653,1.883,1.121,1.13,1.9,15.95,25.84,1.855,2.673,2.738,10.28,4.477,3.659,23.28,23.88,23.49,16.67
21055,2.525,4.179,,,,,2.031,2.954,0.7699,0.6253,,,1.058,1.143,1.034,1.144,1.234,1.448,1.332,1.515,1.047,1.074,1.017,1.025,0.9957,0.9958,2.423,2.747,1.59,1.764,1.115,1.109,5.788,35.41,47.18,1.491,2.034,2.116,12.97,5.287,4.299,26.98,27.44,27.66,33.27
21057,3.266,6.138,,,,,3.312,6.244,0.7976,0.6613,,,1.073,1.119,1.063,1.097,1.281,1.462,1.328,1.577,1.046,1.068,1.031,1.021,0.9963,0.9953,2.974,3.523,1.623,1.835,1.127,1.13,3.078,22.83,33.98,1.663,2.307,2.377,9.096,3.689,2.982,22.67,23.38,23.14,23.35
21059,2.588,4.246,,,,,1.983,2.877,0.7679,0.6209,,,1.054,1.125,1.024,1.137,1.264,1.481,1.321,1.523,1.05,1.08,1.038,1.033,0.9946,0.9945,2.414,2.742,1.59,1.769,1.144,1.149,6.245,36.45,49.36,1.578,2.046,2.203,12.94,5.439,4.519,24.96,25.9,25.78,34.28
21061,2.405,3.917,,,,,2.769,4.605,0.7945,0.658,,,1.05,1.116,1.032,1.135,1.203,1.435,1.228,1.487,1.038,1.071,1.035,1.028,0.9953,0.9954,2.521,2.856,1.642,1.834,1.116,1.127,6.421,35.21,46.43,1.992,2.512,2.505,10.69,4.336,3.553,24.09,24.94,24.77,32.51
21063,3.932,8.348,,,,,3.818,8.311,0.8236,0.6959,0.5058,0.3882,1.071,1.138,1.063,1.157,1.258,1.409,1.296,1.42,1.043,1.069,0.9918,1.027,0.9951,0.9927,3.983,4.944,1.829,2.089,1.188,1.207,1.37,15.11,23.69,0.8319,1.426,1.445,16.16,6.775,5.485,22.26,22.08,22.87,13.63
21065,3.433,6.95,,,,,3.039,5.449,0.8017,0.6683,0.4547,0.3403,1.065,1.132,1.059,1.148,1.267,1.451,1.292,1.476,1.042,1.074,1.006,1.018,0.9931,0.9941,3.778,4.641,1.706,1.933,1.146,1.158,1.795,17.58,27.6,1.121,1.735,1.747,12.76,5.607,4.636,22.36,22.49,22.77,15.74
21067,3.393,6.742,,,,,2.39,3.867,0.7877,0.6436,0.3166,0.189,1.042,1.127,1.032,1.146,1.226,1.43,1.256,1.6,1.03,1.068,1.023,1.031,0.9936,0.9939,3.805,4.716,1.714,1.95,1.156,1.158,1.79,17.64,27.7,0.919,1.305,1.31,17.16,8.164,6.645,22.44,22.96,23.14,14.69
21069,3.377,6.756,,,,,3.367,6.701,0.8171,0.6891,0.4371,0.3187,1.06,1.122,1.063,1.157,1.259,1.422,1.313,1.47,1.037,1.067,1.034,1.04,0.9927,0.9927,3.758,4.628,1.764,2.011,1.177,1.202,1.823,16.75,25.66,0.6978,1.015,1.024,17.79,8.554,7.178,21.68,22.42,22.55,14.7
21071,4.03,8.907,,,,,3.379,6.821,0.8001,0.6603,,,1.073,1.123,1.072,1.127,1.197,1.345,1.24,1.406,1.038,1.064,0.9967,1.025,0.9942,0.9913,3.631,4.493,1.649,1.854,1.189,1.239,1.437,13.41,21.03,0.4551,0.7163,0.7911,10.91,4.936,3.957,21.18,21.11,21.71,14.94
21073,3.253,6.199,,,,,3.081,5.499,0.8173,0.6912,0.3929,0.278,1.05,1.139,1.049,1.165,1.215,1.461,1.264,1.683,1.042,1.075,1.021,1.036,0.9927,0.9936,3.546,4.335,1.739,1.996,1.173,1.178,2.29,18.96,29.39,1.172,1.608,1.708,17,8.138,6.909,24.27,24.78,25.13,16.4
21075,2.292,3.602,4.04,9.344,,,1.785,2.473,0.7625,0.621,,,1.086,1.154,1.045,1.143,1.303,1.431,1.328,1.468,1.047,1.073,1.02,1.033,0.996,0.9962,2.042,2.257,1.489,1.633,1.098,1.081,8.78,39.48,49.59,2.553,3.345,3.389,10.21,3.953,3.159,26.44,26.97,27.32,41.97
21077,3.494,6.871,,,,,3.01,5.318,0.8034,0.674,0.3663,0.2348,1.051,1.116,1.054,1.15,1.195,1.385,1.32,1.611,1.044,1.08,1.018,1.035,0.9896,0.991,3.527,4.44,1.721,1.978,1.12,1.149,1.972,17.81,28.13,0.9128,1.209,1.336,18.5,8.288,6.929,23.92,24.34,24.75,15.88
21079,3.146,6.192,,,,,2.523,4.227,0.7821,0.6464,,,1.043,1.133,1.031,1.128,1.225,1.447,1.261,1.505,1.037,1.074,1.002,1.018,0.9932,0.9945,3.477,4.228,1.655,1.87,1.145,1.148,2.124,18.92,29.58,1.349,1.998,2.014,13.12,6.019,5.146,23.81,23.86,24.23,17.81
21081,3.258,6.376,,,,,2.684,4.595,0.8083,0.6785,0.3795,0.2415,1.044,1.106,1.057,1.142,1.183,1.365,1.268,1.576,1.037,1.071,1.028,1.045,0.9916,0.9914,3.43,4.298,1.676,1.911,1.125,1.136,1.911,16.35,25.6,1.003,1.337,1.44,18.24,8.888,7.47,23.83,24.49,24.9,15.63
21083,2.45,3.903,3.546,8.142,,,1.847,2.548,0.7692,0.6294,,,1.063,1.13,1.01,1.093,1.249,1.372,1.33,1.518,1.034,1.057,1.017,1.047,0.9975,0.9973,2.417,2.7,1.583,1.745,1.082,1.075,6.511,38.82,49.73,2.196,2.931,2.937,9.896,4.046,3.287,24.93,25.35,26.1,35.35
21085,2.802,4.898,,,,,2.826,4.907,0.8018,0.6692,0.3867,0.2395,1.036,1.11,0.9967,1.126,1.21,1.452,1.237,1.465,1.043,1.077,1.014,1.019,0.9944,0.9946,2.776,3.233,1.654,1.863,1.137,1.151,4.476,27.05,38.45,1.947,2.441,2.52,12.79,5.713,4.71,24.62,24.97,25.09,25.79
21087,2.922,5.133,,,,,2.761,4.594,0.7994,0.6625,,,1.052,1.111,1.04,1.1,1.218,1.4,1.251,1.488,1.035,1.063,1.034,1.016,0.9928,0.9929,2.922,3.415,1.656,1.87,1.122,1.119,3.629,29.84,42.12,1.851,2.401,2.463,10.89,4.45,3.537,23.81,24.62,24.19,25.89
21089,3.512,7.231,,,,,3.021,5.833,0.8105,0.6766,0.3797,0.2705,1.057,1.117,1.068,1.148,1.214,1.394,1.22,1.391,1.037,1.065,1.002,1.012,0.9948,0.9944,3.701,4.575,1.761,1.998,1.203,1.236,1.757,17.14,25.88,0.81,1.329,1.357,16.6,7.159,5.707,22.71,22.74,22.98,15.4
21091,2.863,4.97,,,,,2.08,3.163,0.7818,0.6377,,,1.052,1.118,1.031,1.146,1.26,1.47,1.325,1.525,1.051,1.078,1.024,1.009,0.9931,0.9939,2.61,3.044,1.574,1.755,1.144,1.161,4.381,25.38,36.71,1.664,2.328,2.409,14.56,6.545,5.415,25.55,26.18,25.79,26.86
21093,3.077,5.64,,,,,2.606,4.337,0.7856,0.6464,0.3462,0.2045,1.037,1.122,1.01,1.156,1.213,1.455,1.212,1.465,1.03,1.069,1.014,1.027,0.9938,0.9963,3.093,3.678,1.649,1.861,1.129,1.15,3.204,22.85,34.38,1.337,1.756,1.821,12.97,5.497,4.497,23.46,23.79,24.1,21.83
21095,,,,,,,,,0.858,0.7582,0.5721,0.4646,1.083,1.135,1.062,1.126,1.294,1.432,1.356,1.529,1.051,1.076,1.022,1.033,0.9938,0.9901,10.94,16.49,2.169,2.583,1.167,1.189,0.112,2.766,6.24,1.464,2.12,2.287,18.13,9.397,8.126,19.66,20.09,20.31,2.046
21097,2.927,5.481,,,,,3.19,5.949,0.8254,0.7016,0.4453,0.3283,1.056,1.137,1.075,1.184,1.21,1.415,1.234,1.558,1.035,1.072,1.015,1.032,0.9924,0.9931,3.31,4.039,1.716,1.962,1.183,1.187,2.564,18.96,28.68,0.9901,1.384,1.438,17.88,8.747,7.392,23.29,23.65,24.03,17.72
21099,2.81,4.859,,,,,2.758,4.592,0.7877,0.6493,,,1.05,1.118,1.034,1.144,1.208,1.429,1.247,1.499,1.032,1.068,1.037,1.025,0.9935,0.9939,2.804,3.244,1.635,1.833,1.125,1.125,4.117,28.83,40.25,1.653,2.225,2.196,10.31,4.112,3.387,23.18,24.04,23.76,27.01
21101,2.545,4.196,,,,,1.802,2.522,0.7563,0.608,,,1.071,1.144,1.066,1.161,1.239,1.446,1.254,1.462,1.043,1.078,1.04,1.025,0.9958,0.9947,2.381,2.696,1.571,1.746,1.128,1.127,6.45,36.5,49.24,1.333,1.756,1.864,14.48,5.973,4.841,25.58,26.6,26.22,34.96
21103,3.406,6.594,,,,,3.11,5.57,0.8083,0.6743,0.3667,0.2373,1.064,1.14,1.072,1.179,1.247,1.452,1.274,1.74,1.043,1.073,1.003,1.038,0.9904,0.9927,3.814,4.733,1.746,2.003,1.147,1.164,1.919,17.44,27.45,1.061,1.428,1.544,16.76,7.316,6.003,23.81,23.87,24.73,14.76
21105,2.368,3.724,3.864,9.115,,,1.842,2.556,0.7675,0.6275,,,1.076,1.154,1.02,1.141,1.283,1.411,1.312,1.432,1.039,1.067,1.008,1.047,0.9969,0.9976,2.217,2.453,1.541,1.693,1.092,1.078,7.396,40.48,51.16,2.118,2.854,2.933,9.637,3.776,3.002,24.83,25.03,26,39.26
21107,2.336,3.752,3.638,8.431,,,1.953,2.794,0.7666,0.6214,,,1.065,1.138,1.067,1.153,1.246,1.464,1.31,1.502,1.048,1.076,1.027,1.028,0.9945,0.9942,2.294,2.569,1.574,1.742,1.108,1.123,7.219,40.07,52.49,1.964,2.517,2.589,10.66,4.141,3.415,26.06,26.77,26.78,38.46
21109,4.006,8.981,,,,,3.718,7.579,0.8146,0.6864,0.5013,0.382,1.072,1.141,1.062,1.156,1.259,1.461,1.279,1.502,1.043,1.074,1.002,1.021,0.9927,0.9924,4.842,6.243,1.815,2.077,1.146,1.153,0.831,11.54,19.39,1.15,1.761,1.828,13.93,6.487,5.415,21.74,21.79,22.19,9.784
21111,2.799,4.782,,,,,1.866,2.667,0.7605,0.6078,,,1.066,1.157,1.063,1.206,1.25,1.48,1.308,1.659,1.026,1.065,1.007,1.024,0.9932,0.9967,2.853,3.346,1.63,1.826,1.111,1.124,3.781,28.09,39.87,1.073,1.466,1.56,14.52,5.749,4.604,24.13,24.31,24.72,25.21
21113,3.258,6.396,,,,,2.299,3.61,0.7753,0.6302,,,1.027,1.124,0.9921,1.109,1.229,1.461,1.243,1.568,1.036,1.076,1.024,1.036,0.9928,0.9935,3.685,4.536,1.68,1.905,1.154,1.15,1.996,19.21,29.9,1.27,1.864,1.791,15.19,6.95,5.719,23.07,23.63,23.9,16.26
21115,3.787,8.178,,,,,3.097,6.407,0.8128,0.6787,0.5252,0.4033,1.075,1.129,1.088,1.137,1.219,1.354,1.25,1.398,1.043,1.069,0.9974,1.019,0.9932,0.9896,3.297,4.091,1.666,1.883,1.15,1.175,1.663,13.9,21.59,0.6989,1.028,1.111,13.61,6.216,5.021,22.1,22.05,22.52,16.47
21117,3.221,6.119,,,,,2.325,3.723,0.792,0.6532,0.32,0.1816,1.055,1.107,1.054,1.126,1.203,1.368,1.351,1.544,1.024,1.058,1.019,1.042,0.9933,0.9954,3.673,4.55,1.747,1.994,1.109,1.122,2.091,19.58,29.39,0.6611,0.8621,0.9922,21.47,11.04,9.169,23.21,23.66,24.18,15.39
21119,,,,,,,4.766,11.1,0.8084,0.6767,0.4928,0.371,1.08,1.134,1.08,1.146,1.218,1.362,1.271,1.419,1.043,1.064,1.022,1.028,0.9935,0.9904,5.446,7.068,1.775,2.019,1.188,1.233,0.4612,8.625,15.03,0.5759,0.9161,1.018,11.55,5.084,4.17,20.35,20.8,20.93,7.903
21121,4.155,9.293,,,,,5.391,12.41,0.8258,0.7016,0.5076,0.3964,1.076,1.123,1.055,1.117,1.287,1.43,1.332,1.505,1.042,1.061,1.013,1.01,0.9929,0.9907,4.568,5.721,1.779,2.025,1.16,1.177,0.9834,13.83,22.4,1.107,1.584,1.682,10.28,4.876,3.968,21.03,21.3,21.24,11.73
21123,3.252,6.064,,,,,2.75,4.598,0.7894,0.6513,0.3831,0.2434,1.027,1.115,1.005,1.146,1.187,1.416,1.226,1.475,1.035,1.069,1.027,1.023,0.9931,0.9945,3.254,3.884,1.649,1.865,1.113,1.135,2.665,22.56,34.16,1.672,2.156,2.209,11.47,4.66,3.885,23.67,24.3,24.22,20.75
21125,4.046,9.125,,,,,3.206,6.285,0.7982,0.6621,0.4704,0.3488,1.069,1.119,1.05,1.123,1.233,1.412,1.255,1.462,1.03,1.057,1.012,1.017,0.9929,0.9928,4.656,5.902,1.743,1.982,1.127,1.129,0.9967,12.66,21.13,0.7915,1.113,1.119,11.51,5.124,4.205,20.97,21.21,21.32,11.04
21127,3.633,7.594,,,,,3.278,6.591,0.8135,0.6817,0.5238,0.4072,1.065,1.125,1.076,1.142,1.209,1.378,1.26,1.447,1.036,1.062,1.002,1.025,0.9943,0.9909,3.724,4.586,1.773,2.009,1.204,1.241,1.593,16.83,25.5,0.5283,0.8937,0.9332,14.58,6.148,4.72,21.58,21.61,22.12,15.39
21129,3.856,8.107,,,,,4.094,7.971,0.8232,0.6949,0.5283,0.4167,1.073,1.138,1.072,1.157,1.264,1.43,1.298,1.468,1.049,1.078,1.001,1.01,0.9942,0.9935,4.063,4.99,1.753,1.995,1.164,1.179,1.363,16.07,25.55,1.171,1.811,1.884,12.41,5.473,4.499,22.39,22.42,22.63,14.18
21131,,,,,,,,,0.8442,0.7361,0.5564,0.4519,1.072,1.125,1.046,1.113,1.257,1.396,1.294,1.445,1.045,1.068,1.023,1.026,0.9947,0.9923,6.409,8.638,1.915,2.23,1.173,1.2,0.3236,6.913,13.31,1.011,1.499,1.651,15.92,7.525,6.52,20.64,21.11,21.17,5.979
21133,,,,,,,,,0.8211,0.6969,0.5204,0.4078,1.083,1.142,1.08,1.156,1.221,1.368,1.273,1.42,1.042,1.066,1.03,1.042,0.9926,0.9892,8.202,11.33,1.883,2.175,1.199,1.239,0.1968,4.53,9.194,0.8368,1.268,1.326,11.31,5.136,4.168,20.49,21.1,21.35,3.891
21135,3.87,8.079,,,,,3.865,8.234,0.8201,0.6929,0.4408,0.3218,1.053,1.122,1.049,1.158,1.211,1.398,1.242,1.427,1.035,1.067,1.014,1.027,0.9937,0.9937,4.18,5.223,1.833,2.1,1.182,1.21,1.308,14.79,23.23,0.7899,1.227,1.226,18.63,9.075,7.512,21.79,22.1,22.37,12.43
21137,3.428,7.191,,,,,3.056,5.76,0.7946,0.6623,0.3855,0.254,1.047,1.13,1.041,1.129,1.237,1.469,1.26,1.517,1.039,1.071,1.009,1.019,0.9933,0.9943,3.855,4.791,1.686,1.914,1.144,1.149,1.533,14.68,24.17,1.363,1.994,2.101,13.46,6.617,5.747,22.99,23.19,23.42,14.17
21139,2.331,3.751,3.542,7.995,,,1.888,2.668,0.77,0.6235,,,1.064,1.152,1.047,1.143,1.247,1.454,1.32,1.552,1.046,1.075,1.016,1.033,0.9956,0.9963,2.362,2.659,1.576,1.743,1.112,1.106,7.397,37.25,48.35,1.75,2.345,2.421,12.27,5.16,4.194,26.33,26.75,27.21,34.55
21141,2.504,4.202,,,,,2.307,3.566,0.7902,0.6533,,,1.081,1.125,1.054,1.115,1.262,1.457,1.306,1.503,1.046,1.082,1.024,1.02,0.9967,0.9946,2.391,2.704,1.569,1.746,1.119,1.123,6.239,31.79,43.46,1.983,2.631,2.699,10.75,4.597,3.801,24.63,25.23,25.13,32.64
21143,2.192,3.411,3.236,7.107,,,1.827,2.563,0.7575,0.6105,,,1.067,1.144,1.054,1.132,1.236,1.419,1.303,1.564,1.044,1.075,1.008,1.048,0.9961,0.9965,2.177,2.417,1.553,1.712,1.09,1.096,9.335,43.39,54.85,1.819,2.447,2.467,9.793,3.619,2.904,24.94,25.15,26.14,41.21
21145,2.397,3.833,3.617,8.338,,,1.761,2.401,0.7676,0.6229,,,1.061,1.15,1.027,1.116,1.242,1.39,1.268,1.458,1.031,1.064,1.027,1.052,0.9981,0.9975,2.389,2.681,1.579,1.75,1.081,1.08,7.173,39.67,51.18,1.804,2.334,2.368,11.6,4.841,4.012,25.12,25.79,26.43,35.45
21147,4.046,9.236,,,,,5.095,12.06,0.8153,0.6908,0.4617,0.3459,1.06,1.107,1.031,1.108,1.289,1.433,1.334,1.51,1.042,1.057,1.017,1.029,0.9926,0.9912,4.209,5.436,1.718,1.963,1.136,1.148,1.02,11.21,19.24,1.355,2.044,2.118,11.02,5.349,4.519,21.68,22.06,22.32,11.55
21149,2.53,4.125,,,,,1.957,2.821,0.7637,0.6163,,,1.044,1.115,1.019,1.123,1.232,1.456,1.24,1.469,1.047,1.08,1.028,1.023,0.9951,0.9948,2.407,2.706,1.585,1.76,1.108,1.13,6.32,38.3,51.31,1.712,2.227,2.39,11.54,4.557,3.747,25.73,26.46,26.33,35.93
21151,3.166,6.262,,,,,2.325,3.809,0.7803,0.6418,,,1.046,1.129,1.031,1.142,1.229,1.444,1.254,1.485,1.035,1.074,1.017,1.025,0.9925,0.994,3.448,4.208,1.656,1.871,1.164,1.165,2.141,19.09,29.69,1.257,1.852,1.824,13.48,6.055,5.081,23.08,23.47,23.65,17.76
21153,4.201,9.513,,,,,3.407,7.125,0.8118,0.6772,0.5074,0.383,1.077,1.125,1.094,1.147,1.226,1.353,1.269,1.416,1.041,1.064,1.005,1.016,0.9943,0.9917,4.041,5.068,1.727,1.955,1.145,1.181,1.125,12.27,19.63,0.7972,1.184,1.275,13.31,6.131,5.091,21.67,21.78,22.02,12.5
21155,3.145,5.854,,,,,3.141,5.617,0.8017,0.6705,0.4189,0.2827,1.031,1.108,1.023,1.113,1.216,1.441,1.266,1.5,1.036,1.072,1.022,1.025,0.9923,0.993,3.104,3.699,1.671,1.902,1.138,1.149,2.883,23.88,36.31,1.522,2.065,2.022,12.55,5.382,4.542,23.58,24.1,24.17,22.19
21157,2.188,3.39,3.06,6.529,,,1.745,2.376,0.7531,0.6034,,,1.072,1.149,1.038,1.115,1.241,1.414,1.301,1.591,1.037,1.067,1.014,1.044,0.9968,0.997,2.189,2.428,1.544,1.698,1.08,1.078,9.306,42.62,53.73,1.874,2.52,2.571,9.752,3.839,3.058,24.58,24.93,25.67,40.67
21159,3.631,7.779,,,,,3.253,6.504,0.8086,0.6746,0.4896,0.3807,1.071,1.119,1.085,1.126,1.194,1.345,1.232,1.411,1.037,1.063,0.9956,1.018,0.9927,0.9896,3.438,4.273,1.671,1.888,1.166,1.223,1.738,15.24,23.14,0.4854,0.7001,0.7852,13.42,6.305,5.124,21.13,21.04,21.51,16.04
21161,3.735,7.667,,,,,3.561,7.168,0.8265,0.7039,0.3988,0.2748,1.063,1.13,1.064,1.169,1.239,1.422,1.313,1.507,1.039,1.074,1.025,1.036,0.9928,0.9919,3.937,4.961,1.776,2.031,1.177,1.198,1.271,13.73,21.61,0.8444,1.226,1.195,20.16,10.68,9.157,22.22,22.76,23.02,12.36
21163,3.109,5.608,,,,,2.465,4.029,0.7894,0.6526,0.3359,0.1895,1.057,1.134,1.035,1.165,1.259,1.493,1.31,1.586,1.034,1.067,1.018,1.018,0.9933,0.9952,2.917,3.458,1.624,1.822,1.105,1.137,3.411,22.86,34.13,1.161,1.463,1.612,14.1,6.283,5.275,24.01,24.43,24.44,23.06
21165,3.757,8.094,,,,,4.336,9.37,0.819,0.692,0.4777,0.3613,1.061,1.136,1.073,1.184,1.25,1.403,1.299,1.441,1.042,1.074,1.009,1.031,0.9943,0.9927,4.121,5.139,1.772,2.022,1.149,1.176,1.388,14.07,22.38,1.151,1.839,1.853,15.91,6.975,5.94,22.08,22.27,22.76,12.78
21167,3.156,6.061,,,,,2.466,4,0.7803,0.6404,,,1.027,1.128,1.004,1.11,1.218,1.446,1.243,1.548,1.037,1.074,1.012,1.022,0.9928,0.9937,3.42,4.193,1.659,1.882,1.144,1.143,2.313,20.2,31.3,1.445,2.096,2.084,14.14,6.429,5.495,23.32,23.61,23.84,18.2
21169,3.015,5.464,,,,,2.711,4.68,0.7962,0.6577,,,1.063,1.113,1.047,1.102,1.232,1.429,1.262,1.536,1.032,1.064,1.045,1.029,0.9958,0.9958,3.05,3.582,1.642,1.848,1.117,1.111,3.357,24.34,34.81,1.564,2.079,2.128,10.3,4.104,3.36,22.82,23.85,23.47,22.72
21171,2.962,5.269,,,,,2.59,4.425,0.7891,0.6484,,,1.076,1.122,1.062,1.11,1.269,1.432,1.303,1.564,1.038,1.063,1.035,1.034,0.9956,0.9954,2.86,3.32,1.622,1.816,1.121,1.13,3.873,26.35,37.1,1.832,2.32,2.42,8.895,3.625,3.022,22.66,23.45,23.43,25.66
21173,3.185,6.183,,,,,2.725,4.928,0.8025,0.6637,0.362,0.239,1.06,1.132,1.063,1.167,1.233,1.401,1.265,1.435,1.03,1.058,1.026,1.04,0.994,0.9937,3.544,4.318,1.73,1.961,1.127,1.157,2.119,19.8,29.59,0.9164,1.403,1.416,14.81,6.63,5.413,21.96,22.53,22.85,16.84
21175,3.961,8.522,,,,,3.745,7.956,0.8136,0.6824,0.501,0.3812,1.068,1.132,1.073,1.158,1.252,1.393,1.299,1.436,1.043,1.071,0.9928,1.022,0.9943,0.9914,3.855,4.782,1.752,1.993,1.164,1.194,1.43,14.34,22.77,0.872,1.477,1.472,14.82,6.28,5.176,22.21,22.05,22.71,14.06
21177,2.538,4.194,,,,,2.256,3.417,0.774,0.6279,,,1.066,1.134,1.057,1.157,1.228,1.478,1.248,1.489,1.043,1.078,1.027,1.025,0.9963,0.9958,2.526,2.854,1.616,1.796,1.118,1.13,5.663,35.21,47.22,1.997,2.471,2.597,10.89,4.259,3.456,24.56,25.21,25.18,32.54
21179,2.721,4.768,,,,,2.489,3.997,0.7776,0.6328,0.372,0.2394,1.026,1.117,0.9989,1.121,1.202,1.444,1.238,1.537,1.03,1.072,1.017,1.024,0.9919,0.9941,2.845,3.326,1.64,1.852,1.139,1.164,4.315,29.1,42.26,1.343,1.787,1.828,11.68,4.424,3.627,24.02,24.42,24.6,26.72
21181,3.124,6.002,,,,,3.244,6.26,0.8225,0.696,0.4269,0.3061,1.067,1.153,1.074,1.187,1.235,1.422,1.256,1.471,1.033,1.07,1.025,1.034,0.9926,0.9938,3.507,4.302,1.74,1.986,1.199,1.213,2.148,17.97,27.47,0.8576,1.264,1.267,17.41,8.539,7.098,22.38,22.94,23.14,16.25
21183,2.733,4.614,,,,,2.39,3.739,0.787,0.6472,,,1.047,1.109,1.022,1.111,1.214,1.443,1.265,1.441,1.039,1.075,1.022,1.021,0.9952,0.9953,2.684,3.06,1.629,1.816,1.119,1.143,4.897,32.57,44.64,1.815,2.285,2.39,12.05,5.143,4.284,24.48,25.01,25.01,29.52
21185,3.337,6.234,,,,,2.459,4.052,0.7932,0.6488,0.2937,0.1545,1.064,1.15,1.071,1.191,1.224,1.444,1.257,1.646,1.022,1.065,1.006,1.021,0.9928,0.9968,3.548,4.336,1.707,1.941,1.097,1.104,2.255,20.35,31.13,0.9815,1.318,1.434,15.8,6.659,5.367,24.25,24.38,24.76,17.34
21187,3.433,6.784,,,,,3.216,5.808,0.8097,0.6808,0.3844,0.2537,1.061,1.131,1.063,1.161,1.216,1.422,1.272,1.651,1.046,1.078,1.017,1.032,0.9906,0.9909,3.701,4.639,1.717,1.971,1.145,1.163,1.826,16.28,26.05,1.106,1.461,1.58,17.59,8.045,6.741,23.96,24.37,24.74,14.65
21189,4.128,8.913,,,,,4.157,8.166,0.8224,0.694,0.5406,0.4279,1.067,1.131,1.06,1.15,1.262,1.436,1.296,1.489,1.047,1.075,1.009,1.022,0.9944,0.9927,4.427,5.531,1.786,2.037,1.178,1.196,1.068,14.55,23.65,0.9976,1.554,1.687,12.15,5.317,4.349,21.99,22.2,22.48,12.35
21191,3.185,6.109,,,,,3.077,5.604,0.8205,0.6931,0.4293,0.308,1.057,1.122,1.063,1.163,1.19,1.384,1.255,1.491,1.039,1.078,1.033,1.049,0.9924,0.9919,3.377,4.175,1.707,1.949,1.154,1.165,2.202,16.66,25.68,1.109,1.484,1.515,17.92,9.153,7.672,23.61,24.4,24.76,16.25
21193,,,,,,,6.231,14.38,0.8293,0.71,0.5317,0.4203,1.068,1.132,1.058,1.136,1.232,1.377,1.276,1.425,1.044,1.064,1.028,1.033,0.9946,0.9917,5.509,7.168,1.83,2.103,1.18,1.216,0.4608,9.32,16.62,0.8126,1.252,1.378,13.09,5.833,5.044,20.71,21.3,21.4,8.106
21195,4.271,9.914,,,,,4.336,9.436,0.8156,0.6865,0.5121,0.4091,1.069,1.113,1.078,1.12,1.196,1.33,1.217,1.37,1.038,1.058,1.001,1.029,0.9946,0.9913,3.967,4.983,1.694,1.916,1.194,1.26,1.077,11.24,17.88,0.5672,0.866,0.9367,11.83,5.525,4.509,20.58,20.59,21.18,12.13
21197,3.585,7.345,,,,,3.453,6.626,0.8117,0.6802,0.4545,0.3411,1.065,1.128,1.073,1.161,1.27,1.413,1.323,1.437,1.042,1.07,1.026,1.027,0.9934,0.9928,3.888,4.784,1.741,1.979,1.122,1.145,1.63,16.77,26.23,1.307,1.909,1.955,14.22,6.188,5.133,22.59,23.19,23.19,14.65
21199,3.661,7.809,,,,,2.945,5.528,0.7994,0.6645,0.4591,0.3339,1.062,1.111,1.065,1.115,1.263,1.45,1.287,1.501,1.036,1.063,1.023,1.036,0.9934,0.9947,3.843,4.789,1.676,1.901,1.123,1.137,1.428,14.81,24.32,1.236,1.739,1.821,10.94,5.371,4.598,21.66,22.16,22.45,14.36
21201,3.276,6.375,,,,,3.461,6.755,0.8271,0.7035,0.4277,0.315,1.067,1.152,1.074,1.194,1.217,1.429,1.266,1.561,1.036,1.077,1.02,1.024,0.9917,0.9918,3.579,4.43,1.749,1.998,1.212,1.222,1.877,16.23,24.99,0.8888,1.325,1.299,18.7,9.668,8.133,22.75,23.21,23.29,15.03
21203,3.372,7.188,,,,,2.823,5.272,0.793,0.6575,0.425,0.3077,1.041,1.111,1.035,1.107,1.235,1.454,1.263,1.507,1.034,1.07,1.02,1.026,0.9931,0.994,4.011,5.038,1.696,1.926,1.134,1.145,1.328,14.02,23.22,1.244,1.754,1.828,13,6.454,5.462,21.97,22.4,22.55,13.36
21205,3.462,7.18,,,,,3.91,8.414,0.8209,0.6954,0.4871,0.3732,1.066,1.139,1.057,1.167,1.273,1.419,1.318,1.433,1.045,1.07,1.005,1.035,0.9945,0.9934,3.799,4.662,1.785,2.037,1.16,1.184,1.814,15.76,24.25,0.8825,1.45,1.481,17.22,7.717,6.503,21.88,21.98,22.64,14.5
21207,3.498,7.01,,,,,3.1,5.959,0.7976,0.6639,,,1.063,1.119,1.058,1.112,1.255,1.454,1.27,1.528,1.04,1.065,1.033,1.017,0.9937,0.9933,3.283,3.987,1.652,1.877,1.133,1.134,2.05,18.67,28.97,1.759,2.456,2.621,11.58,5.144,4.286,21.98,22.71,22.35,18.47
21209,3.279,6.435,,,,,3.107,5.59,0.8128,0.684,0.3903,0.2723,1.046,1.128,1.056,1.166,1.21,1.429,1.233,1.608,1.034,1.069,1.03,1.035,0.9935,0.9942,3.696,4.589,1.726,1.978,1.165,1.167,1.933,16.76,26.55,1.003,1.298,1.391,17.73,8.498,7.192,23.82,24.54,24.66,14.89
21211,3.173,5.967,,,,,2.795,4.86,0.8105,0.6778,0.3891,0.2621,1.049,1.139,1.046,1.181,1.238,1.467,1.278,1.755,1.031,1.066,1.007,1.043,0.9915,0.9935,3.592,4.36,1.751,1.999,1.153,1.17,2.396,19.87,30.64,1.074,1.44,1.541,16.73,7.212,5.867,23.64,23.8,24.64,16.88
21213,2.75,4.763,,,,,2.07,3.069,0.7813,0.6388,,,1.074,1.118,1.04,1.099,1.259,1.442,1.315,1.549,1.042,1.077,1.034,1.032,0.9957,0.9937,2.49,2.866,1.551,1.731,1.131,1.136,5.077,28.84,40.39,1.794,2.435,2.51,10.3,4.398,3.732,24.36,25.2,25.15,29.74
21215,2.903,5.198,,,,,2.574,4.248,0.7892,0.6465,0.3618,0.2337,1.037,1.132,1.016,1.151,1.233,1.446,1.252,1.659,1.029,1.068,1.014,1.031,0.9925,0.994,3.131,3.714,1.689,1.914,1.139,1.14,3.334,25.41,37.78,1.3,1.782,1.877,13.8,5.316,4.3,24.52,24.85,25.28,22.35
21217,3.428,6.498,,,,,3.058,5.46,0.8027,0.6708,0.39,0.2526,1.042,1.113,1.033,1.103,1.207,1.424,1.245,1.505,1.035,1.064,1.028,1.034,0.9926,0.9931,3.27,3.917,1.681,1.907,1.135,1.145,2.283,23.19,34.93,1.594,2.134,2.158,12.23,5.2,4.291,22.83,23.47,23.61,20.59
21219,2.458,4.102,,,,,2.393,3.754,0.7896,0.6516,,,1.064,1.124,1.03,1.103,1.253,1.48,1.287,1.531,1.043,1.075,1.009,1.017,0.9968,0.9959,2.39,2.696,1.579,1.755,1.113,1.13,6.207,32.59,44.24,1.895,2.486,2.599,10.58,4.174,3.425,24.87,25.1,25.3,33.16
21221,2.356,3.762,3.341,7.462,,,1.993,2.916,0.7781,0.6377,,,1.065,1.144,1.035,1.114,1.26,1.471,1.313,1.575,1.047,1.078,1.013,1.034,0.9959,0.9949,2.315,2.592,1.571,1.735,1.091,1.094,7.541,38.34,49.54,2.091,2.765,2.85,9.986,3.938,3.221,24.24,24.56,25.06,36.61
21223,3.32,6.251,,,,,2.585,4.356,0.8026,0.6609,0.2881,0.1364,1.059,1.12,1.059,1.151,1.258,1.447,1.304,1.733,1.037,1.069,1.013,1.042,0.9906,0.9945,3.574,4.412,1.717,1.961,1.116,1.139,2.1,18.98,29.08,0.8147,1.127,1.226,16.86,7.909,6.304,23.84,24.15,24.84,16.08
21225,2.617,4.423,,,,,1.94,2.791,0.7654,0.621,,,1.064,1.146,1.052,1.157,1.232,1.452,1.268,1.489,1.051,1.087,1.031,1.023,0.9952,0.9946,2.405,2.741,1.566,1.739,1.132,1.139,5.956,33.06,45.45,1.265,1.72,1.813,14.64,6.136,5.006,25.53,26.34,26.11,33
21227,2.475,4.086,,,,,2.16,3.228,0.778,0.6326,,,1.063,1.124,1.048,1.138,1.228,1.416,1.269,1.481,1.03,1.062,1.05,1.051,0.9958,0.9944,2.477,2.815,1.598,1.785,1.103,1.114,6.343,35.27,46.69,1.478,1.84,1.88,10.26,3.937,3.165,22.03,23.13,23.16,32.56
21229,2.957,5.464,,,,,2.88,4.955,0.7887,0.6503,0.3683,0.2313,1.023,1.113,1.01,1.11,1.218,1.451,1.254,1.486,1.038,1.075,1.009,1.02,0.9919,0.9929,3.13,3.752,1.663,1.889,1.145,1.156,3.077,23.87,36.21,1.387,1.953,1.933,12.85,5.338,4.516,24.23,24.46,24.71,21.92
21231,3.606,7.565,,,,,3.393,6.71,0.7988,0.6639,,,1.068,1.111,1.058,1.106,1.288,1.451,1.304,1.523,1.048,1.064,1.022,1.022,0.9939,0.9936,3.869,4.804,1.685,1.915,1.132,1.153,1.52,15.21,24.54,1.443,2.227,2.315,10.85,4.903,4.035,22.12,22.59,22.6,14.41
21233,2.389,3.894,3.696,8.83,,,1.919,2.742,0.7653,0.6207,,,1.062,1.132,1.044,1.141,1.25,1.466,1.296,1.485,1.046,1.077,1.035,1.036,0.995,0.9949,2.305,2.587,1.561,1.727,1.118,1.128,6.925,37.52,50.03,1.724,2.287,2.419,12.39,5.026,4.056,25.66,26.57,26.58,37.15
21235,4.091,9.125,,,,,5.208,12.08,0.8228,0.7027,0.4913,0.3833,1.061,1.106,1.033,1.104,1.288,1.407,1.321,1.472,1.041,1.056,1.014,1.025,0.9924,0.9912,4.278,5.422,1.756,2.002,1.14,1.155,1.148,13.98,22.53,1.116,1.743,1.798,9.911,4.823,4.127,21.6,21.9,22.13,12.35
21237,4.079,8.995,,,,,3.951,8.14,0.8172,0.6853,0.4983,0.3788,1.075,1.135,1.089,1.17,1.268,1.413,1.323,1.465,1.042,1.071,1.007,1.018,0.9941,0.9921,4.297,5.337,1.764,2.005,1.158,1.193,1.195,14.05,22.66,0.809,1.305,1.406,13.62,6.142,5.153,21.58,21.73,21.97,12.52
21239,3.365,6.543,,,,,2.465,3.983,0.7897,0.6483,,,1.037,1.133,1.018,1.13,1.226,1.457,1.253,1.738,1.031,1.072,1.026,1.034,0.9921,0.9927,3.726,4.601,1.713,1.952,1.154,1.145,2.003,18.86,29.39,1.132,1.538,1.589,16.7,7.811,6.392,22.77,23.37,23.54,15.57
22001,2.535,3.74,,,,,1.235,1.402,0.6106,0.4447,,,1.049,1.049,1.034,1.052,1.091,1.131,1.206,1.152,1.012,1.016,1.026,1.03,1.006,1.005,1.688,1.823,1.359,1.455,1.006,1.026,10.79,59.04,72.84,4.356,4.538,4.548,0.2946,0.07631,0.05325,27.78,28.51,28.6,73.48
22003,2.159,3.038,5.228,12.06,,,1.325,1.55,0.6435,0.479,,,1.038,1.049,1.03,1.025,1.091,1.158,1.163,1.153,1.014,1.027,1.027,1.038,1.006,1.004,1.593,1.717,1.368,1.474,1.017,1.025,15.74,66.43,80.22,4.794,5.063,5.151,0.4299,0.108,0.06518,27.83,28.58,28.88,78.92
22005,2.896,4.576,,,,,1.25,1.424,0.5702,0.3826,,,1.075,1.074,1.082,1.086,1.129,1.149,1.211,1.227,1.01,1.005,0.989,1.007,0.9991,1,1.803,1.94,1.364,1.459,1.004,1.01,7.425,53.37,66.78,4.215,4.515,4.354,0.1434,0.04477,0.02099,26.05,25.76,26.23,68.64
22007,3.014,5.06,,,,,1.228,1.391,0.5963,0.4243,,,1.078,1.078,1.101,1.087,1.122,1.137,1.152,1.165,1.003,0.9999,0.9977,1.011,0.9987,1,1.856,2.013,1.342,1.433,0.9889,1.002,6.734,45.53,59.52,4.343,4.543,4.361,0.09836,0.03331,0.01602,26.34,26.28,26.62,64.44
22009,2.182,3.059,5.631,12.35,,,1.325,1.547,0.6206,0.4457,,,1.061,1.079,1.041,1.066,1.133,1.215,1.239,1.242,1.023,1.039,1.016,1.016,1.002,1.002,1.606,1.735,1.385,1.494,1.034,1.039,15.8,67.1,81.16,4.838,5.214,5.184,0.5637,0.1266,0.1063,28.47,28.94,28.92,78.3
22011,2.186,3.073,4.824,11.32,,,1.35,1.586,0.6394,0.4763,,,1.057,1.058,1.04,1.041,1.121,1.174,1.237,1.176,1.006,1.022,1.04,1.04,1.006,1.006,1.634,1.764,1.404,1.52,1.017,1.018,14.24,70.41,84.83,4.17,4.403,4.441,0.3906,0.09535,0.06167,28.26,29.4,29.4,78.49
22013,1.807,2.404,3.037,5.48,,,1.518,1.855,0.6789,0.5124,,,1.035,1.097,1.029,1.107,1.097,1.229,1.114,1.241,1.017,1.03,1.037,1.049,1.001,1.002,1.598,1.734,1.443,1.571,1.027,1.026,22.16,72.53,85.21,3.257,3.527,3.635,1.001,0.2668,0.1647,27.63,28.65,28.98,75.42
22015,1.716,2.253,2.657,4.587,,,1.414,1.698,0.6845,0.5194,,,0.9822,1.101,0.9441,1.103,1.062,1.244,1.125,1.287,1.006,1.037,1.04,1.041,1.001,1.001,1.578,1.703,1.432,1.554,1.053,1.047,25.55,73.47,86.01,2.639,3.141,3.154,1.063,0.3226,0.1853,30.14,31.34,31.39,76.96
22017,1.721,2.248,2.61,4.481,,,1.357,1.603,0.6551,0.4887,,,0.9967,1.095,0.9607,1.105,1.078,1.23,1.143,1.28,1.004,1.03,1.04,1.045,1.003,1.002,1.573,1.7,1.441,1.567,1.047,1.052,26.41,77.42,90.63,2.471,2.956,2.959,1.014,0.2708,0.1711,30.28,31.48,31.64,79.48
22019,2.959,4.69,,,,,1.222,1.378,0.5956,0.4447,,,1.023,1.034,0.9717,1.016,1.091,1.125,1.176,1.147,0.9994,1.001,1.042,1.046,1.008,1.009,1.781,1.945,1.353,1.457,0.9994,1.009,7.45,52.18,67.79,4.394,4.525,4.608,0.1754,0.03357,0.02234,27.09,28.22,28.33,67.42
22021,1.868,2.477,3.462,6.471,,,1.459,1.765,0.6812,0.5182,,,1.073,1.098,1.078,1.121,1.165,1.262,1.248,1.308,1.024,1.038,1.04,1.047,1.001,1.001,1.583,1.71,1.428,1.549,1.04,1.033,22.35,75.65,88.89,3.842,4.231,4.226,0.9512,0.1965,0.134,28.97,30.12,30.33,80.02
22023,3.364,6.086,,,,,1.177,1.308,0.6393,0.5054,,,1.036,1.041,0.9875,1.035,1.082,1.109,1.149,1.141,0.9969,0.9963,1.031,1.034,1.007,1.01,1.935,2.125,1.325,1.418,0.9923,0.993,4.36,35.25,50.16,4.239,4.372,4.396,0.2101,0.04849,0.03607,27.03,27.86,27.95,57.3
22025,2.009,2.713,4.518,9.029,,,1.354,1.592,0.6509,0.4782,,,1.081,1.111,1.077,1.149,1.151,1.234,1.272,1.311,1.026,1.043,1.015,1.039,1.002,1.001,1.592,1.716,1.405,1.519,1.032,1.031,18.99,72.98,86.79,4.294,4.694,4.651,0.8184,0.1935,0.1303,28.15,28.56,29.24,79.32
22027,1.89,2.577,3.376,6.201,,,1.547,1.916,0.6971,0.5363,,,1,1.09,0.9758,1.072,1.078,1.239,1.139,1.282,1.013,1.035,1.039,1.041,1,1.001,1.696,1.84,1.45,1.575,1.035,1.034,18.12,64.14,76.66,3.206,3.652,3.687,1.339,0.4222,0.264,28.19,29.29,29.36,66.88
22029,2.265,3.177,6.3,13.8,,,1.327,1.547,0.6298,0.4515,,,1.079,1.107,1.081,1.127,1.141,1.236,1.221,1.309,1.026,1.041,1.022,1.047,1.002,1.002,1.651,1.785,1.395,1.506,1.038,1.038,14.14,67.56,82.15,4.416,4.796,4.771,0.6475,0.1591,0.1257,27.41,28,28.7,75.85
22031,1.755,2.296,2.81,4.96,,,1.436,1.73,0.6762,0.509,,,1.022,1.101,0.9903,1.116,1.09,1.211,1.137,1.297,1.009,1.021,1.057,1.06,1.004,1.005,1.562,1.695,1.439,1.569,1.031,1.028,24.64,78.42,91.54,2.985,3.262,3.237,0.8862,0.2612,0.1695,30.62,32.36,32.45,80.44
22033,3.193,5.011,,,,,1.294,1.493,0.6003,0.4203,,,1.071,1.056,1.078,1.061,1.145,1.156,1.309,1.315,1.016,1.008,1.003,1.025,1.001,1.002,1.757,1.908,1.382,1.487,1.025,1.027,6.51,56.87,71.91,4.128,4.394,4.31,0.2275,0.06612,0.04112,26.43,26.5,27.09,70.97
22035,2.022,2.756,3.873,7.536,,,1.362,1.609,0.6807,0.5119,,,1.057,1.106,1.027,1.08,1.165,1.294,1.229,1.386,1.021,1.04,1.03,1.053,0.9976,0.9982,1.643,1.768,1.411,1.523,1.059,1.039,18.29,68.6,81.14,3.775,4.242,4.201,1.971,0.596,0.4007,29.45,30.34,31.02,72.96
22037,2.929,4.542,,,,,1.476,1.789,0.64,0.4594,,,1.063,1.073,1.1,1.089,1.152,1.177,1.288,1.27,1.019,1.019,1.012,1.03,1.001,1.002,1.761,1.912,1.395,1.507,1.026,1.021,8.069,54.23,68.97,4.461,4.728,4.646,0.2955,0.08925,0.06995,27.11,27.42,27.92,67.6
22039,2.118,2.953,5.311,11.89,,,1.311,1.529,0.6271,0.4585,,,1.036,1.044,1.025,1.02,1.091,1.158,1.168,1.157,1.016,1.025,1.035,1.035,1.006,1.004,1.561,1.682,1.363,1.467,1.022,1.031,17.48,67.37,81.36,4.508,4.725,4.813,0.449,0.1031,0.06475,27.21,28.16,28.17,81.6
22041,1.878,2.491,3.289,6.148,,,1.385,1.648,0.6809,0.5184,,,1.083,1.135,1.091,1.195,1.158,1.272,1.293,1.402,1.023,1.041,1.024,1.039,1,1,1.539,1.649,1.402,1.514,1.043,1.042,23.12,75.62,88.53,3.997,4.379,4.391,1.086,0.2726,0.209,29.22,29.91,30.37,82.36
22043,1.957,2.646,4.394,8.811,,,1.382,1.639,0.6305,0.4514,,,1.078,1.087,1.045,1.088,1.175,1.232,1.245,1.262,1.027,1.035,1.025,1.039,1.004,1.004,1.583,1.716,1.407,1.526,1.033,1.033,19.59,72.39,86.37,3.516,3.856,3.862,0.6251,0.1311,0.0876,26.75,27.42,27.79,79.09
22045,4.053,7.401,,,,,1.221,1.391,0.6468,0.4812,,,1.05,1.048,1.059,1.053,1.083,1.108,1.251,1.176,1,0.9962,1.003,1.022,1.004,1.006,2.062,2.284,1.35,1.448,1.017,1.014,3.11,35.54,50.02,3.394,3.727,3.561,0.1624,0.04588,0.03297,25.2,25.26,25.76,54.64
22047,3.113,4.945,,,,,1.267,1.456,0.6125,0.4355,,,1.065,1.059,1.083,1.063,1.13,1.138,1.254,1.252,1.009,1.004,1.003,1.029,1.002,1.003,1.812,1.965,1.374,1.474,1.022,1.027,6.249,52.58,66.73,3.973,4.312,4.132,0.1837,0.05916,0.02644,26.42,26.51,27.18,67.9
22049,1.804,2.403,3.029,5.457,,,1.564,1.946,0.6884,0.5228,,,1.051,1.08,1.047,1.079,1.112,1.239,1.134,1.242,1.019,1.032,1.049,1.043,1.002,1.001,1.578,1.711,1.432,1.555,1.039,1.028,22.59,72.36,84.96,3.525,3.979,3.963,1.043,0.2419,0.1562,28.43,29.81,29.64,77.15
22051,3.235,5.93,,,,,1.182,1.306,0.5754,0.4215,,,1.056,1.061,1.03,1.046,1.101,1.091,1.151,1.118,0.9975,0.9906,0.9886,1.01,0.9958,1.001,2.07,2.281,1.343,1.433,1.002,0.9955,4.028,35.88,49.12,4.11,4.2,4.185,0.1225,0.02907,0.01839,26.99,26.68,27.27,54.2
22053,2.806,4.293,,,,,1.226,1.387,0.6162,0.4556,,,1.037,1.043,1.019,1.033,1.085,1.135,1.2,1.151,1.007,1.012,1.038,1.038,1.007,1.007,1.752,1.897,1.357,1.456,1.004,1.018,8.58,55.61,70.16,4.213,4.469,4.494,0.234,0.06851,0.04182,27.02,28.06,28.06,69.72
22055,3.225,5.093,,,,,1.23,1.392,0.6051,0.4419,,,1.051,1.059,1.053,1.048,1.097,1.137,1.21,1.173,1.003,1.009,1.03,1.033,1.006,1.005,1.832,1.99,1.362,1.459,1.033,1.044,6.383,52.01,66.32,3.655,3.924,3.817,0.2509,0.06286,0.04599,25.01,25.77,25.83,66.99
22057,3.611,6.799,,,,,1.202,1.345,0.6633,0.5197,,,1.072,1.044,1.065,1.029,1.123,1.101,1.198,1.145,1.003,0.9939,0.9918,1.019,0.9969,1.001,2.087,2.298,1.329,1.417,0.9813,0.9771,3.112,31.52,44.48,4.497,4.555,4.513,0.0962,0.02694,0.0202,27.29,27.07,27.81,52.7
22059,1.917,2.556,4.024,7.76,,,1.436,1.719,0.6675,0.4997,,,1.08,1.1,1.06,1.118,1.169,1.232,1.264,1.293,1.03,1.036,1.016,1.026,1.003,1.002,1.611,1.743,1.434,1.556,1.025,1.031,20.97,75.87,89.77,4.154,4.519,4.494,0.8058,0.1851,0.1225,28.02,28.48,28.75,79
22061,1.803,2.413,2.997,5.402,,,1.498,1.838,0.6825,0.5133,,,1.031,1.084,1.001,1.07,1.109,1.235,1.146,1.268,1.017,1.034,1.044,1.033,1,0.9999,1.575,1.704,1.419,1.536,1.042,1.035,21.53,68.47,80.96,3.334,3.812,3.854,1.181,0.3487,0.2341,28.07,29.3,29,74.81
22063,2.632,3.989,,,,,1.316,1.528,0.6224,0.4472,,,1.071,1.065,1.094,1.097,1.143,1.151,1.239,1.285,1.014,1.011,0.9955,1.023,1,1.001,1.68,1.807,1.366,1.466,1.02,1.014,9.91,59.19,72.26,4.699,4.917,4.802,0.1724,0.05461,0.02539,26.53,26.41,27.14,73.93
22065,2.201,3.075,5.594,12.14,,,1.411,1.691,0.6912,0.527,,,1.077,1.106,1.068,1.109,1.168,1.27,1.262,1.348,1.017,1.031,1.032,1.054,0.9993,0.9996,1.676,1.814,1.418,1.538,1.05,1.034,15.07,66.67,81.03,3.533,3.964,3.962,1.373,0.3811,0.2676,28.67,29.6,30.21,72.25
22067,1.81,2.397,3.201,5.743,,,1.42,1.711,0.6739,0.5138,,,1.046,1.108,0.9908,1.081,1.135,1.291,1.239,1.386,1.025,1.044,1.028,1.046,0.999,0.9986,1.593,1.717,1.429,1.547,1.048,1.043,23.52,73.49,85.57,3.385,3.83,3.866,1.342,0.2951,0.1948,28.5,29.28,29.81,77.18
22069,1.765,2.304,3.242,5.873,,,1.408,1.686,0.6575,0.4772,,,1.058,1.083,1.022,1.072,1.125,1.219,1.151,1.22,1.024,1.03,1.028,1.052,1.003,1.004,1.541,1.662,1.418,1.537,1.035,1.029,24.79,78,90.44,3.508,3.833,3.9,0.6704,0.1901,0.1101,29,29.81,30.5,82.75
22071,2.91,5.124,,,,,1.203,1.339,0.5969,0.4514,,,1.048,1.08,1.004,1.055,1.098,1.108,1.14,1.149,0.9977,1.002,0.9964,1.01,0.994,0.9972,1.928,2.109,1.358,1.452,1.014,1.006,4.882,43.31,57.18,4.133,4.345,4.232,0.1016,0.0251,0.00914,27.59,27.49,27.86,60.71
22073,1.808,2.382,3.136,5.684,,,1.407,1.686,0.6616,0.4948,,,1.04,1.078,1.016,1.057,1.118,1.237,1.165,1.241,1.019,1.031,1.031,1.041,1,1,1.567,1.689,1.426,1.544,1.053,1.045,23.48,75.09,87.58,3.17,3.637,3.67,1.137,0.2321,0.1665,27.53,28.4,28.67,79.55
22075,4.095,9.296,,,,,1.16,1.276,0.6007,0.4503,,,1.053,1.077,1.026,1.076,1.11,1.119,1.187,1.199,1.01,1.002,0.977,1.009,0.9952,0.9991,2.639,3,1.316,1.407,1.014,1.01,1.466,18.81,30.29,4.728,4.894,4.796,0.1143,0.03667,0.02659,27.51,26.88,27.76,36.81
22077,2.856,4.289,,,,,1.3,1.499,0.6156,0.4369,,,1.06,1.076,1.071,1.078,1.123,1.178,1.223,1.213,1.014,1.02,1.019,1.038,1.003,1.004,1.813,1.964,1.41,1.519,1.034,1.041,8.1,61.59,77.04,3.846,4.091,4.046,0.2912,0.0914,0.07322,26.66,27.15,27.67,69.44
22079,2.005,2.74,4.557,9.491,,,1.35,1.591,0.6267,0.453,,,1.066,1.063,1.037,1.022,1.151,1.213,1.258,1.266,1.022,1.035,1.028,1.031,1.004,1.004,1.579,1.709,1.388,1.501,1.035,1.031,18.62,69.39,83.07,4.187,4.551,4.604,0.6321,0.1275,0.0884,27.39,28.16,28.23,79.09
22081,1.742,2.253,2.909,5.097,,,1.457,1.748,0.6767,0.5051,,,1.04,1.106,1.033,1.107,1.075,1.209,1.124,1.268,1.018,1.027,1.041,1.05,1.003,1.003,1.565,1.687,1.45,1.574,1.038,1.029,24.34,79.29,91.24,3.216,3.495,3.562,0.8872,0.2715,0.165,30.33,31.57,31.85,80.08
22083,1.881,2.497,3.532,6.66,,,1.368,1.622,0.657,0.4907,,,1.058,1.11,1.042,1.114,1.155,1.275,1.248,1.326,1.021,1.035,1.039,1.05,0.9997,1.001,1.573,1.694,1.419,1.535,1.05,1.048,22.19,74.54,87.43,2.93,3.369,3.434,1.093,0.2147,0.1631,26.78,27.83,28.12,79.45
22085,1.867,2.523,3.31,6.283,,,1.553,1.935,0.6947,0.5255,,,1.051,1.097,1.033,1.09,1.113,1.22,1.169,1.254,1.011,1.025,1.038,1.055,1.004,1.004,1.597,1.734,1.433,1.563,1.022,1.03,20.5,72.51,86.16,3.546,3.885,3.919,0.8178,0.2463,0.1474,30.12,31.26,31.76,77.74
22087,3.209,6.282,,,,,1.197,1.333,0.6236,0.487,,,1.039,1.087,1.006,1.074,1.114,1.128,1.193,1.196,1.008,1.009,0.9901,1.005,0.9935,0.9972,2.2,2.461,1.341,1.436,1.01,1.008,3.264,29.38,41.64,3.943,4.215,4.11,0.08365,0.02468,0.01256,26.37,26.11,26.5,47.57
22089,3.232,5.58,,,,,1.203,1.34,0.5589,0.3834,,,1.077,1.064,1.066,1.059,1.125,1.112,1.162,1.132,1.008,0.9987,0.9827,1.002,0.9956,1.001,1.942,2.121,1.355,1.45,1.003,0.9986,4.512,43.08,57.09,3.79,4.003,3.915,0.1206,0.02828,0.01526,26.47,26.01,26.53,60.65
22091,2.578,3.893,,,,,1.522,1.864,0.6492,0.4743,,,1.061,1.072,1.098,1.089,1.153,1.178,1.294,1.261,1.015,1.02,0.9956,1.031,0.9997,1.001,1.675,1.816,1.382,1.494,1.036,1.02,10.84,58.09,72.16,4.234,4.582,4.459,0.2909,0.08151,0.06262,26.38,26.26,27.19,72.34
22093,2.941,4.749,,,,,1.237,1.405,0.5816,0.3965,,,1.091,1.086,1.114,1.091,1.134,1.141,1.177,1.179,1.013,1.003,0.9933,1.018,0.9961,0.9999,1.821,1.966,1.352,1.447,0.995,1,6.983,48.79,62.32,4.059,4.285,4.176,0.1226,0.03828,0.01801,25.9,25.73,26.36,66.69
22095,2.886,4.67,,,,,1.229,1.391,0.5817,0.3938,,,1.083,1.078,1.088,1.098,1.142,1.139,1.199,1.192,1.015,1.002,0.9793,1.003,0.9959,0.9996,1.853,2.011,1.362,1.459,1.01,1.006,6.759,48.09,61.54,3.771,4.011,3.913,0.1301,0.03737,0.01696,26.17,25.63,26.24,64.13
22097,2.633,3.928,,,,,1.28,1.473,0.6015,0.4306,,,1.043,1.055,1.051,1.056,1.11,1.159,1.231,1.188,1.01,1.019,1.026,1.034,1.005,1.004,1.707,1.847,1.375,1.477,1.031,1.04,10.48,59.86,75.14,3.914,4.114,4.125,0.2973,0.07383,0.04776,26.15,26.84,27.03,74.01
22099,3.543,5.94,,,,,1.235,1.404,0.5972,0.4232,,,1.063,1.061,1.069,1.061,1.106,1.123,1.24,1.194,1.003,0.9985,1.01,1.031,1.004,1.005,1.929,2.111,1.359,1.457,1.031,1.033,4.972,45.22,59.85,3.466,3.76,3.632,0.1668,0.04644,0.02769,25.07,25.32,25.86,61.85
22101,4.067,8.112,,,,,1.211,1.37,0.6606,0.5065,,,1.069,1.053,1.07,1.031,1.086,1.104,1.155,1.151,0.9965,0.9881,0.9966,1.014,1.003,1.006,2.166,2.4,1.336,1.429,1.016,1.004,2.527,31.21,45.63,3.836,4.029,3.91,0.1033,0.03328,0.02672,26,25.91,26.37,51.18
22103,2.644,4.234,,,,,1.348,1.574,0.6476,0.4902,,,1.078,1.068,1.073,1.079,1.137,1.131,1.143,1.155,1.015,1.021,0.9884,1.002,0.994,0.9964,1.785,1.937,1.364,1.464,1.039,1.022,8.016,50.67,63.88,4.174,4.52,4.373,0.1168,0.03974,0.0177,26.68,26.37,26.75,66.76
22105,2.293,3.377,,,,,1.445,1.733,0.6642,0.5026,,,1.068,1.077,1.098,1.115,1.136,1.161,1.175,1.2,1.016,1.021,0.9994,1.023,0.9989,1.001,1.623,1.75,1.371,1.475,1.035,1.022,13.36,62.27,74.9,4.502,4.813,4.692,0.2008,0.06586,0.03043,26.73,26.72,27.35,76.3
22107,2.137,2.949,5.227,11.14,,,1.393,1.663,0.6711,0.5046,,,1.093,1.122,1.106,1.144,1.156,1.241,1.301,1.381,1.02,1.029,1.036,1.047,1.001,1,1.624,1.752,1.414,1.53,1.035,1.035,16.14,70.01,84.25,3.968,4.316,4.358,0.9826,0.2755,0.2073,28.26,29.29,29.59,77.12
22109,3.453,6.64,,,,,1.209,1.359,0.6872,0.5498,,,1.079,1.046,1.071,1.016,1.118,1.102,1.204,1.151,1.008,0.9978,0.9879,1.018,0.9984,1.002,1.982,2.176,1.321,1.407,0.9888,0.9958,3.274,32.38,46.25,3.998,4.137,4.042,0.08483,0.02294,0.01686,26.07,25.76,26.54,56.5
22111,1.786,2.364,3.065,5.434,,,1.434,1.73,0.6728,0.5082,,,1.027,1.079,1.005,1.062,1.099,1.254,1.15,1.294,1.016,1.04,1.036,1.044,1,1,1.581,1.705,1.423,1.54,1.042,1.03,23.02,71.6,83.64,3.428,3.865,3.86,1.165,0.3036,0.2038,28.77,29.81,30.04,76.47
22113,3.656,6.486,,,,,1.203,1.355,0.6582,0.5071,,,1.056,1.05,1.058,1.043,1.101,1.12,1.233,1.188,1.004,1.004,1.007,1.028,1.004,1.006,2.013,2.219,1.347,1.443,0.9906,0.9886,3.866,36.14,50.88,4.063,4.317,4.187,0.2297,0.0585,0.04801,27.32,27.51,28.08,55.35
22115,2.125,2.965,4.228,9.008,,,1.538,1.895,0.6775,0.5106,,,1.082,1.063,1.072,1.03,1.147,1.193,1.201,1.226,1.022,1.029,1.022,1.039,1.006,1.005,1.685,1.83,1.434,1.559,1.03,1.03,14.35,67.66,81.85,3.969,4.261,4.285,0.7088,0.1702,0.1084,28.35,28.98,29.47,72.93
22117,2.282,3.347,,,,,1.517,1.841,0.6588,0.4975,,,1.071,1.079,1.101,1.093,1.167,1.193,1.194,1.233,1.018,1.028,0.9911,1.008,0.9976,0.9984,1.654,1.793,1.386,1.497,1.045,1.026,13.2,62.53,75.95,4.394,4.632,4.53,0.2986,0.0913,0.07489,26.16,25.92,26.36,74.06
22119,1.776,2.371,2.879,5.025,,,1.453,1.763,0.7018,0.538,,,0.9887,1.106,0.9557,1.106,1.07,1.248,1.144,1.294,1.013,1.042,1.037,1.044,0.9997,1,1.62,1.753,1.429,1.551,1.046,1.037,22.54,68.25,80.57,3.065,3.553,3.509,1.157,0.3868,0.2305,29.9,31.02,31.23,72.29
22121,3.082,4.759,,,,,1.289,1.489,0.6233,0.4451,,,1.068,1.061,1.079,1.064,1.137,1.157,1.262,1.311,1.014,1.008,1.004,1.024,1,1.002,1.782,1.938,1.387,1.493,1.025,1.036,6.921,58.06,72.93,4.014,4.376,4.262,0.2181,0.07357,0.04553,26.7,26.81,27.34,70.14
22123,1.934,2.604,3.67,6.89,,,1.37,1.623,0.6776,0.51,,,1.057,1.117,1.01,1.089,1.159,1.295,1.254,1.386,1.023,1.042,1.036,1.051,0.9981,0.998,1.627,1.75,1.419,1.531,1.053,1.045,20.07,70.91,83.1,3.509,3.998,3.97,1.686,0.46,0.313,28.89,29.94,30.36,74.67
22125,2.825,4.252,,,,,1.376,1.618,0.6377,0.4589,,,1.071,1.082,1.089,1.091,1.144,1.194,1.242,1.247,1.021,1.021,1.027,1.034,1.003,1.005,1.814,1.966,1.411,1.522,1.031,1.036,8.472,59.69,74.57,4.081,4.332,4.263,0.3414,0.1116,0.09927,26.94,27.67,27.84,67.84
22127,1.88,2.507,3.329,6.075,,,1.5,1.826,0.6725,0.5029,,,1.071,1.086,1.042,1.096,1.14,1.225,1.166,1.223,1.025,1.033,1.036,1.046,1.003,1.002,1.602,1.737,1.444,1.57,1.038,1.031,21.99,76.08,89.68,3.855,4.24,4.227,0.7094,0.154,0.0872,28.45,29.48,29.74,79.6
23001,,,,,,,,,0.8532,0.7417,0.1769,0,1.076,1.142,1.027,1.119,1.252,1.404,1.315,1.501,1.066,1.096,0.9871,1.008,0.9923,0.9949,5.517,7.92,2.241,2.724,1.208,1.228,0.1269,2.67,4.439,1.498,2.263,2.447,55.59,31.71,23.99,20.99,20.72,21.17,2.316
23003,,,,,,,,,0.8875,0.8003,0.5533,0.3023,1.102,1.145,1.102,1.161,1.331,1.528,1.402,1.59,1.085,1.13,0.9712,0.9688,0.9863,0.9851,,,3.107,4.158,1.356,1.412,0.00897,0.7597,1.614,0.4283,0.7525,0.7552,95.72,71.62,62.73,19.42,18.86,18.81,0.5865
23005,,,,,,,,,0.8541,0.7441,0.2898,0.04635,1.071,1.132,1.037,1.112,1.27,1.421,1.303,1.47,1.059,1.088,0.9912,1.017,0.9948,0.9979,5.507,7.793,2.357,2.87,1.182,1.209,0.1544,2.867,4.723,1.569,2.186,2.405,48.24,25.81,18.91,21.66,21.46,22.03,2.365
23007,,,,,,,,,0.8928,0.8075,0.5436,0.3093,1.089,1.136,1.083,1.128,1.269,1.498,1.304,1.561,1.075,1.114,0.9713,0.9875,0.9885,0.9886,,,3.324,4.518,1.265,1.303,0.008309,0.5778,1.195,0.9258,1.497,1.624,90.24,66.08,57.75,19.34,18.79,19.1,0.4134
23009,,,,,,,,,0.8547,0.7444,0.2357,0,1.104,1.133,1.104,1.132,1.322,1.422,1.345,1.436,1.072,1.081,0.9781,1.009,0.9982,1.001,,,2.572,3.18,1.175,1.199,0.04292,1.524,2.858,1.229,1.934,2.055,50.61,27.59,21.44,20.15,19.71,20.32,1.318
23011,,,,,,,,,0.8623,0.7576,0.2867,0.02947,1.084,1.134,1.056,1.121,1.28,1.418,1.327,1.492,1.074,1.094,0.9913,1,0.9921,0.9938,5.818,8.447,2.387,2.94,1.19,1.215,0.121,3.144,5.356,1.055,1.682,1.87,55,30.97,23.48,20.52,20.34,20.52,2.442
23013,,,,,,,,,0.8465,0.7318,0.1093,0,1.083,1.121,1.076,1.117,1.28,1.404,1.295,1.45,1.069,1.077,0.9983,1.034,0.9987,1.001,,,2.724,3.38,1.156,1.165,0.02367,1,1.929,1.588,2.453,2.536,44.28,23.21,17.47,20.73,20.7,21.44,0.7281
23015,,,,,,,,,0.8427,0.7253,0.1659,0,1.087,1.14,1.062,1.11,1.296,1.444,1.314,1.491,1.068,1.086,0.9978,1.029,0.9962,0.9991,,,2.5,3.054,1.16,1.174,0.04505,1.511,2.733,1.319,2.059,2.292,47.71,24.95,18.49,20.66,20.61,21.25,1.226
23017,,,,,,,,,0.8802,0.7867,0.46,0.2103,1.089,1.146,1.068,1.146,1.266,1.457,1.312,1.522,1.068,1.102,0.964,0.9812,0.9887,0.9902,,,2.848,3.618,1.24,1.268,0.02791,1.354,2.411,0.9629,1.527,1.686,73.4,49.51,41.56,20.2,19.48,19.82,0.9327
23019,,,,,,,,,0.8758,0.7793,0.4294,0.1817,1.085,1.141,1.096,1.16,1.301,1.482,1.321,1.502,1.077,1.109,0.9664,0.9788,0.992,0.9923,,,2.666,3.37,1.25,1.288,0.08277,2.201,3.913,0.7488,1.179,1.255,71.84,47.42,39.31,20,19.32,19.57,1.663
23021,,,,,,,,,0.8899,0.8027,0.5278,0.2834,1.08,1.131,1.084,1.136,1.268,1.499,1.3,1.533,1.075,1.12,0.9606,0.9666,0.9884,0.9875,,,3.219,4.287,1.299,1.344,0.01172,0.7295,1.589,0.5558,0.9516,0.9913,90.48,66.81,58.14,19.55,18.78,18.9,0.4599
23023,,,,,,,3.089,7.017,0.8421,0.7246,0.2105,0,1.072,1.126,1.041,1.102,1.262,1.379,1.308,1.422,1.057,1.078,0.9905,1.012,0.9952,0.9982,,,2.37,2.885,1.173,1.201,0.0785,2.005,3.562,1.439,2.075,2.264,48.66,25.32,18.57,20.93,20.73,21.19,1.616
23025,,,,,,,,,0.8867,0.7963,0.5152,0.2693,1.085,1.129,1.09,1.134,1.271,1.502,1.309,1.552,1.073,1.118,0.9663,0.9734,0.9879,0.9869,,,3.29,4.382,1.314,1.367,0.01653,0.8397,1.686,0.5757,0.9691,1.017,89.45,65.53,57.16,19.53,18.87,19.01,0.5013
23027,,,,,,,,,0.8624,0.7578,0.2924,0.04555,1.087,1.129,1.092,1.14,1.28,1.394,1.338,1.476,1.072,1.087,0.9866,1.001,0.9948,0.9959,,,2.611,3.275,1.178,1.194,0.05011,1.747,3.096,1.309,2.02,2.12,51.97,29.19,22.22,20.66,20.38,20.68,1.374
23029,,,,,,,,,0.8688,0.7664,0.3567,0.109,1.086,1.123,1.083,1.131,1.338,1.418,1.359,1.426,1.081,1.083,0.9794,1.004,0.9976,1,,,2.935,3.779,1.191,1.235,0.0483,1.523,2.844,1.153,1.707,1.784,57.74,34.77,27.8,19.7,19.3,19.77,1.118
23031,,,,,,,,,0.8566,0.7498,0.3783,0.1647,1.084,1.132,1.043,1.106,1.295,1.442,1.299,1.469,1.061,1.089,0.9928,1.032,0.9943,0.9969,4.429,6.007,2.193,2.657,1.179,1.21,0.2809,3.883,6.227,1.647,2.324,2.503,42.37,21.25,15.31,21.52,21.36,22.2,3.845
24001,3.632,7.666,,,,,3.515,8.499,0.8136,0.6792,0.3995,0.3062,1.056,1.133,1.064,1.177,1.203,1.348,1.235,1.379,1.057,1.067,0.997,0.9958,0.9894,0.9891,3.886,4.985,1.945,2.261,1.251,1.269,1.293,12.69,18.78,0.5939,0.9285,0.9745,23.05,11.67,9.063,22.9,22.84,22.81,10.57
24003,2.654,4.916,,,,,1.956,2.819,0.7299,0.5675,,,1.058,1.107,1.072,1.139,1.197,1.33,1.309,1.454,1.059,1.069,0.9874,0.9906,0.9862,0.984,2.691,3.19,1.626,1.828,1.209,1.233,4.039,24.85,34.08,1.066,1.52,1.575,8.966,2.26,1.432,24.05,23.75,23.83,23.49
24005,2.728,5.409,,,,,2.071,3.24,0.735,0.568,,,1.064,1.134,1.066,1.164,1.167,1.372,1.246,1.493,1.054,1.075,0.9898,0.9888,0.9867,0.9861,3.03,3.707,1.685,1.914,1.192,1.211,2.801,17.94,25.63,1.37,2.006,2.048,13.46,3.827,2.411,23.16,22.93,22.9,17.23
24009,2.884,5.937,,,,,1.872,2.672,0.726,0.5626,,,1.065,1.111,1.078,1.12,1.204,1.296,1.308,1.357,1.065,1.071,1.003,0.9897,0.9889,0.9845,2.882,3.542,1.572,1.766,1.235,1.244,2.539,16,23.11,1.26,1.757,1.879,7.646,2.157,1.353,24.01,24.08,23.76,17.7
24011,2.754,5.323,,,,,1.945,2.888,0.7181,0.5399,,,1.052,1.112,1.052,1.116,1.204,1.363,1.243,1.395,1.059,1.07,0.9919,0.9921,0.9882,0.9849,2.861,3.414,1.614,1.811,1.239,1.251,3.337,20.86,29.57,1.276,1.809,1.911,8.694,2.152,1.392,23.18,23,23,21.13
24013,3.207,6.896,,,,,2.833,5.298,0.7746,0.6244,,,1.088,1.145,1.092,1.159,1.186,1.39,1.237,1.475,1.059,1.073,1.005,1,0.9877,0.9874,3.569,4.519,1.791,2.067,1.193,1.197,1.645,14,21.13,1.14,1.673,1.817,17.17,5.842,3.904,22.75,22.86,22.75,12.63
24015,2.662,5.403,,,,,2.363,3.925,0.7515,0.5893,,,1.062,1.133,1.065,1.135,1.181,1.354,1.234,1.36,1.057,1.078,0.9901,0.9897,0.9866,0.9842,2.861,3.462,1.629,1.84,1.214,1.241,2.677,15.54,22.1,1.274,1.712,1.793,13.28,3.938,2.524,22.96,22.73,22.72,17.22
24017,2.717,5.109,,,,,2.004,2.904,0.7251,0.563,,,1.06,1.114,1.082,1.132,1.218,1.306,1.474,1.466,1.062,1.067,0.9913,0.9981,0.9882,0.9846,2.721,3.26,1.613,1.814,1.257,1.279,3.398,22.23,30.69,0.9967,1.46,1.575,6.68,1.648,0.9843,24.22,24.01,24.17,22.21
24019,2.88,5.74,,,,,1.726,2.379,0.6894,0.5069,,,1.051,1.111,1.055,1.123,1.197,1.323,1.261,1.37,1.058,1.065,1.001,1.005,0.9897,0.9853,2.853,3.44,1.551,1.73,1.256,1.266,2.812,19,27.08,1.292,1.803,1.902,6.681,1.591,0.9817,22.82,22.84,22.93,20.65
24021,3.033,6.271,,,,,2.621,4.609,0.7606,0.6086,,,1.076,1.13,1.057,1.136,1.194,1.383,1.231,1.418,1.059,1.069,1.007,1.004,0.987,0.9867,3.311,4.159,1.743,2.003,1.188,1.213,1.974,15.12,22.35,0.9525,1.495,1.567,15.83,5.113,3.416,23.21,23.38,23.31,14.27
24023,,,,,,,,,0.8524,0.7418,0.4271,0.2879,1.047,1.101,1.048,1.124,1.178,1.313,1.19,1.328,1.04,1.051,1.007,1.022,0.9912,0.989,,,2.917,3.615,1.219,1.252,0.01228,1.082,2.077,0.623,0.9117,1.003,42.01,26.63,23.1,18.67,18.81,19.09,0.5117
24025,2.787,5.729,,,,,2.289,3.741,0.7453,0.5835,,,1.065,1.117,1.075,1.14,1.157,1.334,1.216,1.385,1.056,1.073,0.9908,0.9846,0.9875,0.986,2.962,3.627,1.637,1.851,1.211,1.225,2.474,14.56,20.9,1.413,1.958,2.027,13.39,3.932,2.521,23.26,23.05,22.9,15.94
24027,2.63,5.093,,,,,2.237,3.637,0.7464,0.5865,,,1.07,1.134,1.076,1.161,1.205,1.407,1.311,1.481,1.064,1.079,0.9883,0.9995,0.9863,0.9857,3.006,3.659,1.719,1.962,1.182,1.195,2.965,20.13,28.37,1.469,2.006,2.054,12.84,3.425,2.146,23.82,23.55,23.81,18.51
24029,2.611,5.002,,,,,1.992,2.969,0.7177,0.5475,,,1.052,1.12,1.059,1.138,1.162,1.352,1.216,1.403,1.05,1.069,1.004,0.9982,0.988,0.9863,2.643,3.152,1.592,1.787,1.228,1.241,3.507,20.43,28.46,1.128,1.579,1.636,10.48,2.815,1.773,23.16,23.25,23.12,21.66
24031,2.75,5.484,,,,,2.321,3.727,0.7354,0.5707,,,1.074,1.123,1.089,1.143,1.217,1.381,1.31,1.431,1.065,1.07,0.9986,0.9977,0.9875,0.986,3.124,3.851,1.68,1.919,1.182,1.196,2.508,18.76,27.21,1.251,1.749,1.813,11.78,3.321,2.102,24.04,24.01,23.98,17.59
24033,2.651,5.002,,,,,2.057,3.062,0.7406,0.5821,,,1.063,1.121,1.091,1.149,1.196,1.342,1.343,1.473,1.063,1.069,1.008,0.9949,0.987,0.9839,2.707,3.24,1.624,1.837,1.206,1.235,3.887,23.29,32.52,1.045,1.479,1.552,9.276,2.503,1.634,23.52,23.7,23.4,22.84
24035,2.82,5.478,,,,,1.929,2.843,0.7128,0.5361,,,1.063,1.127,1.076,1.149,1.198,1.368,1.247,1.436,1.052,1.07,1.002,0.9892,0.9877,0.9849,2.779,3.323,1.603,1.801,1.222,1.24,3.084,20.82,29.56,1.053,1.494,1.584,9.399,2.404,1.52,23.29,23.33,23.04,21.35
24037,2.691,5.454,,,,,1.749,2.421,0.6982,0.5258,,,1.07,1.119,1.099,1.149,1.2,1.307,1.356,1.41,1.062,1.073,1.005,0.9946,0.9887,0.9833,2.691,3.252,1.525,1.703,1.239,1.253,2.791,17.33,24.7,1.22,1.62,1.753,6.199,1.615,0.9749,23.56,23.69,23.44,20.37
24039,3.086,6.357,,,,,1.787,2.49,0.7092,0.5331,,,1.07,1.122,1.107,1.169,1.219,1.307,1.356,1.35,1.061,1.065,0.9785,0.9902,0.9906,0.9866,3.163,3.833,1.572,1.746,1.218,1.239,1.84,16.21,23.09,1.145,1.661,1.76,5.389,1.266,0.8178,23.24,22.74,23.02,17.48
24041,3.034,6.212,,,,,1.748,2.416,0.6875,0.5045,,,1.048,1.106,1.069,1.106,1.198,1.334,1.305,1.409,1.059,1.071,0.9939,0.9854,0.9887,0.9852,2.906,3.518,1.577,1.767,1.244,1.257,2.763,20.01,29.04,1.32,1.943,2.042,7.607,1.682,1.038,23.63,23.49,23.28,20.71
24043,3.145,6.386,,,,,2.793,5.279,0.772,0.6199,,,1.059,1.117,1.051,1.137,1.183,1.349,1.22,1.377,1.059,1.07,1.007,0.995,0.9869,0.9855,3.449,4.33,1.79,2.059,1.205,1.237,2.04,15.67,22.87,0.8371,1.184,1.226,17.19,6.13,4.118,23.24,23.4,23.13,13.96
24045,2.766,5.355,,,,,1.827,2.591,0.7102,0.5329,,,1.071,1.127,1.087,1.153,1.215,1.327,1.263,1.341,1.053,1.06,0.9934,1.002,0.9907,0.9869,2.915,3.503,1.596,1.779,1.229,1.247,2.698,20.01,27.89,1.358,1.931,2.059,6.398,1.522,0.9971,22.74,22.59,22.77,20.46
24047,2.816,5.622,,,,,1.887,2.726,0.724,0.5541,,,1.072,1.129,1.098,1.152,1.222,1.309,1.276,1.324,1.055,1.061,0.9898,0.9966,0.9902,0.9881,2.908,3.555,1.59,1.767,1.201,1.219,2.257,15.48,21.21,1.414,1.961,2.035,5.899,1.532,1.066,22.64,22.41,22.56,17.01
24510,2.228,3.865,,,,,1.597,2.09,0.6599,0.475,,,1.054,1.113,1.061,1.138,1.177,1.349,1.236,1.457,1.051,1.074,0.9756,0.9851,0.9869,0.9864,2.394,2.797,1.548,1.726,1.166,1.188,5.797,26.07,34.39,1.749,2.466,2.445,10.25,2.48,1.485,24.86,24.25,24.49,26.25
25001,,,,,,,2.444,4.095,0.7587,0.5922,,,1.03,1.104,1.03,1.096,1.158,1.316,1.184,1.34,1.032,1.035,1.021,1.046,1.004,1.007,,,2.09,2.464,1.155,1.168,0.05906,0.7604,1.214,1.314,1.816,1.86,17.14,6.914,4.954,22.86,23.34,23.92,0.8041
25003,,,,,,,,,0.8603,0.7539,0.3561,0.1718,1.04,1.125,1.055,1.121,1.169,1.395,1.152,1.374,1.054,1.09,0.9986,0.9968,0.9893,0.99,,,2.813,3.56,1.171,1.208,0.01086,1.216,2.706,1.081,1.527,1.623,57.56,32.34,25.87,19.99,19.96,19.93,0.6737
25005,,,,,,,2.14,3.597,0.775,0.6182,,,1.052,1.135,1.039,1.121,1.186,1.425,1.174,1.442,1.056,1.078,1.029,1.03,0.9975,0.9977,3.775,5.193,1.786,2.077,1.174,1.203,0.6354,4.068,6.263,1.528,2.209,2.325,20.94,7.735,5.193,21.45,22.07,22.09,4.88
25007,,,,,,,2.172,3.502,0.7699,0.6132,,,1.041,1.12,1.046,1.112,1.151,1.348,1.182,1.378,1.038,1.044,1.03,1.036,1.004,1.005,,,1.958,2.281,1.153,1.171,0.06814,0.7746,1.304,1.307,1.784,1.759,16.33,6.845,5.107,21.85,22.51,22.63,1.049
25009,,,,,,,2.46,4.425,0.8004,0.6571,,,1.083,1.155,1.065,1.143,1.27,1.441,1.289,1.445,1.06,1.08,1.004,1.027,0.9955,0.9968,4.059,5.386,1.949,2.277,1.159,1.177,0.662,6.346,9.694,1.521,2.112,2.233,26.41,10.44,6.959,22.29,22.38,22.89,5.799
25011,,,,,,,,,0.8626,0.7589,0.3725,0.182,1.043,1.119,1.047,1.125,1.175,1.403,1.146,1.362,1.062,1.096,0.987,0.9841,0.9893,0.9898,5.427,7.72,2.297,2.817,1.153,1.196,0.2526,4.403,7.437,1.326,1.784,1.979,47.54,26.05,20.41,20.56,20.3,20.24,3.542
25013,,,,,,,3.216,6.945,0.841,0.7265,0.291,0.1143,1.06,1.128,1.111,1.151,1.174,1.384,1.161,1.364,1.062,1.096,1.001,1.003,0.9901,0.9905,4.783,6.606,2.102,2.511,1.167,1.191,0.4175,4.932,7.903,1.227,1.647,1.863,38.76,19.19,14.64,21.39,21.42,21.45,4.368
25015,,,,,,,,,0.8532,0.7439,0.3185,0.1323,1.05,1.129,1.075,1.151,1.166,1.389,1.147,1.359,1.061,1.099,1.004,0.9945,0.99,0.9908,5,7.123,2.149,2.609,1.166,1.194,0.296,4.165,6.969,1.347,1.811,2.015,43.21,22.79,17.5,21.37,21.46,21.25,3.742
25017,3.741,8.106,,,,,2.85,5.52,0.8277,0.7019,0.2066,0.04171,1.067,1.149,1.051,1.139,1.234,1.451,1.226,1.421,1.066,1.09,1.003,1.024,0.9938,0.9947,3.848,5.05,1.973,2.326,1.156,1.181,0.9959,8.523,13.16,1.341,1.846,2.048,30.31,13.06,9.245,22.05,22.13,22.59,7.556
25019,,,,,,,2.374,3.902,0.7241,0.5382,,,1.027,1.1,0.9813,1.107,1.102,1.217,1.156,1.284,1.034,1.031,1.019,1.047,1.002,1.003,,,2.267,2.68,1.149,1.177,0.01385,0.2478,0.357,1.153,1.514,1.478,15.66,6.521,4.814,23.94,24.4,25.06,0.229
25021,,,,,,,2.497,4.498,0.8062,0.6665,0.1902,0.04489,1.057,1.142,1.039,1.126,1.21,1.448,1.217,1.435,1.061,1.09,1.015,1.034,0.9952,0.996,3.899,5.159,1.914,2.24,1.15,1.169,0.8958,7.12,10.97,1.747,2.342,2.544,25.87,10.62,7.237,22.21,22.55,22.95,6.639
25023,,,,,,,2.387,4.122,0.7883,0.6368,,,1.041,1.13,1.03,1.114,1.186,1.413,1.221,1.431,1.051,1.07,1.025,1.044,0.9996,1.001,3.831,5.145,1.888,2.209,1.152,1.175,0.6702,4.849,7.331,1.77,2.445,2.59,20.75,7.851,5.255,21.87,22.42,22.84,5.004
25025,3.064,6.466,,,,,2.349,3.957,0.7745,0.6122,,,1.051,1.155,1.034,1.129,1.214,1.434,1.214,1.392,1.059,1.083,1.016,1.039,0.9954,0.9963,3.551,4.601,1.828,2.127,1.14,1.176,1.244,8.66,13.07,1.414,1.951,2.098,24.92,10.04,6.808,22.12,22.47,22.99,7.739
25027,,,,,,,3.397,7.309,0.8428,0.7265,0.3382,0.1629,1.063,1.126,1.073,1.13,1.202,1.422,1.175,1.399,1.065,1.097,1.002,1.008,0.9915,0.9919,5.827,8.214,2.245,2.691,1.158,1.189,0.2195,3.955,6.633,1.228,1.682,1.866,40.1,19.92,14.97,21.41,21.46,21.57,3.15
26001,,,,,,,,,0.8423,0.7129,0.2132,0.005628,1.088,1.157,1.097,1.208,1.247,1.362,1.26,1.467,1.046,1.075,0.9704,0.9744,0.9896,0.9933,,,2.716,3.343,1.414,1.444,0.1824,3.282,5.343,0.1485,0.2764,0.3128,65.77,33.3,24.09,26.28,25.5,25.61,1.987
26003,,,,,,,,,0.8608,0.7294,0.2107,0,1.065,1.11,1.086,1.156,1.198,1.307,1.251,1.341,1.047,1.057,0.9488,0.9913,0.9871,0.9894,,,3.033,3.832,1.279,1.33,0.1349,2.187,4.005,0.2065,0.2922,0.2981,82.4,47.96,39.07,23.63,22.42,23.42,1.435
26005,,,,,,,2.831,5.418,0.8078,0.6554,0.1087,0,1.096,1.177,1.15,1.185,1.23,1.408,1.263,1.535,1.029,1.073,1.04,1.026,0.9921,0.9949,5.794,7.633,2.118,2.472,1.176,1.219,0.3068,8.253,12.64,0.5328,0.7596,0.8192,45.29,22.13,17.05,22.72,23.63,23.31,5.245
26007,,,,,,,,,0.8335,0.696,0.09866,0,1.076,1.14,1.109,1.198,1.18,1.302,1.172,1.341,1.03,1.047,0.9794,0.9985,0.9931,0.9972,5.991,8.299,2.682,3.326,1.322,1.296,0.2829,3.669,6.057,0.1348,0.2652,0.3091,70.24,36.5,26.44,26.07,25.53,26.03,2.335
26009,,,,,,,,,0.8271,0.6856,0.1984,0,1.067,1.139,1.062,1.156,1.199,1.34,1.219,1.365,1.042,1.06,0.9721,0.9946,0.9902,0.9922,7.277,9.815,2.685,3.283,1.394,1.38,0.1654,5.353,8.879,0.2185,0.4511,0.4874,67.54,36.12,27.64,23.53,22.87,23.4,2.944
26011,,,,,,,,,0.8418,0.7157,0.2485,0.07078,1.093,1.163,1.085,1.229,1.283,1.393,1.264,1.446,1.05,1.083,0.9715,0.9797,0.9915,0.9956,6.083,8.175,2.501,3.016,1.357,1.381,0.3835,5.94,9.183,0.2153,0.4128,0.438,59.15,28.79,21.03,27.03,26.26,26.48,3.733
26013,,,,,,,,,0.8892,0.7903,0.4649,0.1969,1.088,1.089,1.101,1.082,1.228,1.317,1.218,1.308,1.044,1.051,0.9474,0.9793,0.9892,0.9901,,,2.854,3.528,1.246,1.267,0.1345,2.765,4.87,0.3429,0.5873,0.598,91.86,61.62,52.72,25.27,23.94,24.74,1.603
26015,4.882,10.57,,,,,3.322,6.771,0.8228,0.6839,0.2029,0.07091,1.094,1.16,1.132,1.168,1.23,1.41,1.282,1.552,1.034,1.077,1.013,1.007,0.9908,0.9952,5.657,7.318,2.174,2.557,1.207,1.23,0.5642,11.23,16.87,0.4117,0.6518,0.7088,49.39,24.64,19.23,24.29,24.61,24.45,6.372
26017,,,,,,,2.765,5.561,0.8154,0.6708,0.114,0,1.107,1.162,1.101,1.189,1.251,1.355,1.276,1.463,1.035,1.058,0.9837,0.9936,0.9931,0.9979,4.51,5.908,2.06,2.437,1.31,1.301,0.6774,7.328,11.04,0.2078,0.3694,0.3997,57.5,27.49,19.66,26.93,26.49,26.76,5.629
26019,,,,,,,,,0.8035,0.6416,0,0,1.074,1.126,1.038,1.114,1.193,1.318,1.233,1.36,1.034,1.051,1.002,1.034,0.9935,0.9984,,,2.681,3.274,1.358,1.342,0.08625,2.617,4.77,0.3762,0.6463,0.642,63.67,33.06,25.07,23.14,23.19,23.93,1.329
26021,4.024,8.074,,,,,2.496,4.382,0.7952,0.6381,0.06025,0,1.039,1.123,1.065,1.154,1.128,1.31,1.165,1.404,1.005,1.041,1.029,1.031,0.9948,0.9992,4.309,5.565,1.931,2.244,1.14,1.158,0.962,11.95,17.94,0.557,0.7515,0.8332,42.11,20.64,15.87,22.61,23.26,23.3,8.694
26023,,,,,,,3.329,6.714,0.8252,0.6895,0.2194,0.07961,1.07,1.155,1.099,1.209,1.152,1.344,1.174,1.392,1.02,1.056,1.019,1.005,0.9922,0.9957,5.427,7.367,2.093,2.483,1.175,1.217,0.4799,8.419,13.13,0.4412,0.5901,0.6777,49.63,25.78,20.75,23.43,23.88,23.54,5.338
26025,,,,,,,3.331,6.804,0.8234,0.6828,0.1809,0.04213,1.09,1.165,1.132,1.215,1.222,1.42,1.256,1.517,1.028,1.065,1.01,1.002,0.9908,0.9949,5.327,7.033,2.102,2.488,1.177,1.202,0.5802,10,15.11,0.419,0.5807,0.6664,48.97,25.23,19.59,24.09,24.33,24.15,6.115
26027,4.703,9.755,,,,,3.297,6.539,0.8153,0.6744,0.1238,0,1.044,1.129,1.079,1.164,1.119,1.328,1.145,1.383,1.015,1.056,1.032,1.026,0.9901,0.9947,4.691,6.128,2.021,2.375,1.184,1.206,0.7189,11.1,17.34,0.4888,0.7252,0.8075,45.21,22.81,18.21,22.54,23.25,23.13,7.838
26029,,,,,,,,,0.8164,0.663,0.06598,0,1.057,1.126,1.076,1.146,1.169,1.305,1.188,1.324,1.042,1.055,0.9886,0.9986,0.9905,0.9928,,,2.829,3.528,1.329,1.336,0.06022,2.486,4.573,0.2363,0.4815,0.4872,68.06,34.78,25.94,25.15,24.86,25.11,1.353
26031,,,,,,,,,0.8386,0.703,0.2768,0.054,1.062,1.127,1.075,1.162,1.195,1.327,1.204,1.348,1.05,1.064,0.9575,0.9717,0.9904,0.9929,6.367,8.928,2.698,3.373,1.38,1.369,0.1931,3.718,6.318,0.1972,0.3881,0.396,71.74,38.66,29.12,26,24.89,25.26,2.401
26033,,,,,,,,,0.8543,0.7275,0.2912,0.04323,1.062,1.114,1.067,1.139,1.171,1.315,1.203,1.341,1.048,1.067,0.9738,0.9893,0.9878,0.9887,,,3.455,4.477,1.352,1.384,0.02252,0.7031,1.741,0.197,0.3252,0.3383,83.97,51.58,42.12,23.54,22.92,23.29,0.4153
26035,,,,,,,,,0.8541,0.7353,0.2923,0.1025,1.122,1.151,1.12,1.181,1.266,1.371,1.291,1.453,1.047,1.073,0.9894,1.005,0.9918,0.9947,6.525,8.669,2.574,3.109,1.355,1.395,0.359,5.892,9.084,0.2862,0.4639,0.5235,67.07,36.59,27.77,25.23,24.96,25.35,3.463
26037,4.402,9.639,,,,,3.186,6.41,0.8199,0.6831,0.2066,0.07336,1.101,1.14,1.112,1.145,1.238,1.365,1.249,1.461,1.04,1.072,0.9823,0.9979,0.9896,0.9939,5.379,6.905,2.159,2.54,1.252,1.25,0.5933,10.4,15.22,0.3602,0.5528,0.5576,52.76,27.37,21.58,25.62,25.17,25.56,6.258
26039,,,,,,,,,0.8575,0.7357,0.3593,0.1458,1.08,1.136,1.057,1.137,1.236,1.367,1.268,1.45,1.045,1.064,0.9736,0.986,0.9908,0.993,7.406,10.03,2.807,3.454,1.411,1.455,0.2539,5.3,8.349,0.2127,0.4367,0.4948,76.35,43.53,32.79,23.96,23.33,23.63,2.727
26041,,,,,,,,,0.8589,0.7325,0.2226,0,1.061,1.114,1.082,1.164,1.176,1.304,1.214,1.356,1.038,1.052,0.9663,0.9671,0.9912,0.9928,,,3.404,4.245,1.245,1.283,0.0288,1.306,2.367,0.2101,0.28,0.2987,76.9,42.39,33.23,27.31,26.39,26.41,0.5176
26043,,,,,,,,,0.894,0.7986,0.5061,0.2606,1.075,1.105,1.102,1.145,1.198,1.296,1.205,1.302,1.037,1.051,0.9542,0.9433,0.9916,0.9928,7.515,10.54,2.944,3.68,1.212,1.26,0.1643,3.731,6.224,0.2073,0.2944,0.3831,87,56.79,46.94,29.28,27.94,27.62,2.105
26045,4.69,10.2,,,,,4.192,9.122,0.8273,0.694,0.2702,0.1406,1.112,1.163,1.156,1.187,1.235,1.394,1.234,1.454,1.043,1.073,1.006,1.011,0.9906,0.9943,5.615,7.34,2.267,2.705,1.248,1.258,0.5801,10.82,16.29,0.3435,0.5335,0.5732,53.34,27.17,21.64,24.62,24.76,24.9,5.959
26047,,,,,,,,,0.8258,0.6804,0.2002,0,1.07,1.123,1.083,1.149,1.185,1.303,1.195,1.312,1.044,1.055,0.9637,0.9734,0.9899,0.9922,,,2.651,3.349,1.359,1.369,0.03338,0.9652,2.171,0.1673,0.3159,0.3117,73.44,39.54,29.92,25.5,24.58,24.82,0.8593
26049,,,,,,,3.119,6.273,0.8154,0.6724,0.1831,0.06404,1.096,1.139,1.103,1.146,1.219,1.325,1.184,1.431,1.037,1.063,0.9889,0.9995,0.9916,0.9951,5.881,7.771,2.261,2.696,1.24,1.213,0.5079,8.921,13.31,0.3261,0.4547,0.4428,54.97,28.98,22.3,25.6,25.32,25.59,4.994
26051,,,,,,,,,0.8446,0.7197,0.2608,0.08074,1.103,1.15,1.102,1.197,1.275,1.404,1.309,1.479,1.043,1.073,0.9854,0.9924,0.9931,0.9977,5.533,7.264,2.436,2.932,1.328,1.375,0.4586,7.155,11.02,0.2823,0.4816,0.5288,61.9,31.79,23.36,26.4,26.02,26.2,4.617
26053,,,,,,,,,0.9004,0.8107,0.5609,0.3201,1.072,1.111,1.08,1.119,1.194,1.282,1.16,1.247,1.035,1.04,0.9596,0.9794,0.9904,0.9927,,,3.04,3.824,1.296,1.351,0.06622,2.244,4.174,0.3176,0.5336,0.5945,95.75,68.84,60.34,25.69,24.65,25.16,1.261
26055,,,,,,,,,0.8274,0.6866,0.1516,0,1.09,1.135,1.062,1.13,1.21,1.325,1.226,1.349,1.039,1.055,0.9673,0.9868,0.9909,0.9941,6.195,8.304,2.593,3.164,1.368,1.359,0.2611,5.321,8.482,0.229,0.4462,0.4957,69.52,37.77,29.27,24.13,23.34,23.81,3.21
26057,4.111,8.919,,,,,3.315,6.936,0.8239,0.6897,0.1404,0,1.085,1.129,1.079,1.126,1.232,1.357,1.279,1.555,1.042,1.073,0.9959,1.006,0.9909,0.9947,4.939,6.281,2.155,2.529,1.294,1.287,0.7146,10.91,15.99,0.4102,0.6342,0.6548,54.32,27.22,21.17,26.16,26.05,26.32,7.011
26059,,,,,,,3.791,8.103,0.8372,0.7147,0.2464,0.09665,1.079,1.143,1.096,1.191,1.216,1.364,1.237,1.409,1.034,1.063,1.024,1.007,0.9913,0.9944,5.85,7.832,2.145,2.546,1.265,1.268,0.3406,8.316,12.91,0.3744,0.5837,0.65,50.14,27.41,22.7,23.38,23.95,23.56,5.096
26061,,,,,,,,,0.8816,0.7764,0.3616,0.06362,1.089,1.102,1.085,1.081,1.239,1.341,1.234,1.335,1.043,1.053,0.9372,0.9723,0.9866,0.9876,,,2.981,3.713,1.283,1.352,0.134,2.685,4.875,0.1873,0.3408,0.3764,90.44,59.63,50.8,26.52,24.85,25.79,1.473
26063,,,,,,,3.177,7.1,0.8157,0.6688,0.131,0.002958,1.074,1.138,1.07,1.177,1.227,1.354,1.183,1.391,1.046,1.075,0.9778,1.004,0.9902,0.9931,5.451,7.287,2.327,2.789,1.339,1.344,0.3561,5.519,8.523,0.1636,0.3159,0.3223,59.96,29.86,22.76,24.91,24.36,25.02,3.754
26065,,,,,,,3.318,6.845,0.8241,0.6899,0.177,0.04374,1.102,1.17,1.139,1.223,1.244,1.401,1.242,1.457,1.04,1.074,0.9842,0.9986,0.9899,0.9939,6.06,8.045,2.187,2.6,1.246,1.258,0.4146,8.538,13.15,0.2924,0.4671,0.4995,54.55,28.93,23.2,25.24,24.84,25.21,4.855
26067,4.533,10.03,,,,,3.738,8.059,0.8242,0.6891,0.223,0.08615,1.103,1.149,1.126,1.148,1.251,1.388,1.325,1.584,1.037,1.074,1.002,1.015,0.9916,0.9956,4.839,6.31,2.166,2.577,1.233,1.24,0.6892,11.1,16.62,0.4856,0.7124,0.7634,52.36,27.03,21.29,24.4,24.45,24.77,7.094
26069,,,,,,,,,0.8459,0.7207,0.2918,0.1122,1.091,1.156,1.094,1.229,1.262,1.378,1.238,1.444,1.046,1.081,0.9781,0.9906,0.9912,0.9948,7.045,9.785,2.676,3.264,1.366,1.4,0.244,4.491,6.99,0.2034,0.4259,0.4756,59.62,29.68,21.59,26.19,25.61,25.94,2.547
26071,,,,,,,,,0.9028,0.8165,0.5628,0.3224,1.08,1.097,1.092,1.118,1.193,1.294,1.179,1.29,1.041,1.056,0.9595,0.9534,0.992,0.9932,,,3.214,4.104,1.252,1.291,0.06445,1.89,3.523,0.3209,0.496,0.5924,94.49,66.48,57.46,29.32,28.13,27.96,1.095
26073,,,,,,,3.144,6.713,0.8324,0.6994,0.1022,0,1.117,1.146,1.11,1.18,1.25,1.358,1.286,1.484,1.044,1.075,0.981,0.9991,0.9913,0.9945,5.255,6.736,2.226,2.617,1.332,1.332,0.6706,8.602,12.77,0.345,0.567,0.6174,58.77,29.31,22.04,26.53,26.02,26.5,5.675
26075,,,,,,,3.07,6.151,0.8223,0.6846,0.1454,0.001003,1.072,1.146,1.083,1.175,1.223,1.389,1.251,1.495,1.028,1.059,1.008,1.009,0.9915,0.9946,5.227,6.902,2.076,2.468,1.205,1.259,0.5318,9.061,13.81,0.2189,0.3282,0.3956,52.46,27.97,22.12,24.53,24.72,24.75,5.713
26077,4.172,8.531,,,,,2.896,5.616,0.8134,0.6663,0.08633,0,1.083,1.169,1.129,1.223,1.204,1.425,1.226,1.5,1.024,1.069,1.018,1.004,0.9915,0.995,4.576,5.912,2.005,2.34,1.147,1.179,0.8832,12.56,18.72,0.5969,0.852,0.9257,44.1,21.74,16.51,23.78,24.21,23.87,8.665
26079,,,,,,,,,0.851,0.7259,0.3142,0.1112,1.08,1.136,1.035,1.126,1.223,1.347,1.24,1.387,1.043,1.061,0.9598,0.9806,0.9898,0.9918,7.495,10.2,2.789,3.43,1.385,1.374,0.1966,4.273,6.879,0.2688,0.5498,0.5918,75.81,43.65,34.01,24.02,23.05,23.55,2.373
26081,,,,,,,3.14,6.428,0.8111,0.665,0.1438,0,1.104,1.147,1.13,1.11,1.266,1.412,1.34,1.62,1.036,1.073,1.009,1.013,0.9918,0.9949,5.707,7.486,2.181,2.588,1.243,1.279,0.4829,8.998,13.81,0.5363,0.7771,0.8568,52.78,25.86,19.48,23.72,23.93,24.03,5.41
26083,,,,,,,,,0.8708,0.7551,0.5083,0.2584,1.09,1.131,1.117,1.165,1.263,1.411,1.283,1.433,1.058,1.087,0.9502,0.9684,0.9851,0.9868,,,3.519,4.499,1.383,1.46,0.03821,0.7424,1.362,0.1729,0.3057,0.3502,93.61,60.95,51.38,27.71,26.33,26.84,0.412
26085,,,,,,,,,0.8427,0.7139,0.3059,0.1341,1.114,1.158,1.095,1.156,1.258,1.393,1.252,1.404,1.04,1.064,1.014,1.021,0.9938,0.9966,6.48,8.774,2.484,3.028,1.297,1.315,0.327,5.543,9.036,0.4043,0.6197,0.6631,59.85,30.08,22.93,24.01,24.35,24.5,3.521
26087,,,,,,,3.227,6.847,0.8204,0.6789,0.2054,0.09373,1.082,1.105,1.085,1.107,1.225,1.339,1.192,1.357,1.047,1.075,1,1.009,0.9908,0.995,6.065,8.003,2.367,2.833,1.31,1.277,0.4793,9.821,14.75,0.2672,0.3877,0.4168,55.79,28.78,22.48,25.46,25.46,25.68,5.155
26089,,,,,,,3.579,8.387,0.8055,0.6436,0.04032,0,1.067,1.121,1.049,1.124,1.191,1.342,1.206,1.356,1.037,1.06,0.9964,0.9979,0.9927,0.9959,7.029,9.948,2.557,3.152,1.386,1.363,0.1549,4.335,7.7,0.1857,0.3798,0.4141,62.78,31.12,23.27,24.02,23.93,23.97,2.554
26091,4.127,8.381,,,,,3.622,7.635,0.8248,0.69,0.2219,0.0964,1.069,1.13,1.081,1.16,1.22,1.359,1.256,1.403,1.032,1.058,1.014,1.014,0.9922,0.9951,4.239,5.437,2.03,2.39,1.217,1.244,0.8602,11.41,16.51,0.3459,0.4803,0.5225,45.59,23.1,18.15,24.24,24.59,24.57,8.242
26093,,,,,,,2.775,5.301,0.8233,0.6832,0.1183,0,1.085,1.144,1.11,1.177,1.21,1.361,1.19,1.407,1.035,1.066,0.9795,0.986,0.99,0.9934,6.153,8.173,2.171,2.561,1.207,1.199,0.3875,7.715,11.55,0.3223,0.4646,0.4915,55.41,30.4,23.72,25.39,24.87,25.03,4.384
26095,,,,,,,,,0.8568,0.7271,0.2085,0,1.056,1.09,1.051,1.111,1.179,1.31,1.224,1.353,1.043,1.065,0.9723,1.014,0.9892,0.9905,,,3.578,4.627,1.321,1.346,0.03262,1.087,2.577,0.2184,0.3109,0.3213,84.95,50.53,41.54,22.9,22.26,23.23,0.6245
26097,,,,,,,,,0.8464,0.7092,0.2042,0,1.071,1.116,1.072,1.141,1.169,1.299,1.194,1.325,1.047,1.065,0.9625,0.9608,0.989,0.9908,,,3.094,3.945,1.349,1.353,0.01662,0.6428,1.646,0.1882,0.3187,0.3042,77.09,43.61,34,25.63,24.67,24.63,0.4377
26099,,,,,,,2.48,4.533,0.7898,0.6327,0,0,1.069,1.108,1.044,1.079,1.247,1.382,1.28,1.471,1.038,1.066,0.9926,1.013,0.9909,0.994,4.604,6.077,1.945,2.284,1.284,1.298,0.6011,7.358,11.19,0.2313,0.3699,0.4069,48.15,23.97,18.24,24.47,24.29,24.79,5.666
26101,,,,,,,3.264,7.252,0.7994,0.6387,0,0,1.1,1.158,1.061,1.154,1.227,1.36,1.256,1.381,1.038,1.058,0.9867,1.016,0.9917,0.9965,,,2.539,3.079,1.309,1.324,0.0817,3.159,5.725,0.4385,0.6529,0.7083,59.48,29.08,21.59,24.02,23.7,24.4,1.599
26103,,,,,,,,,0.8817,0.7736,0.3624,0.07626,1.068,1.098,1.063,1.099,1.208,1.312,1.221,1.309,1.045,1.053,0.9406,0.9664,0.9891,0.9909,,,3.044,3.797,1.242,1.3,0.153,2.978,5.051,0.2638,0.3988,0.4336,89.41,56.81,47.21,26.16,24.6,25.28,1.596
26105,,,,,,,3.215,7.039,0.7969,0.639,0,0,1.12,1.157,1.131,1.151,1.255,1.401,1.259,1.439,1.037,1.063,1.002,1.004,0.9913,0.9952,,,2.447,2.978,1.263,1.266,0.08288,3.862,7.147,0.4339,0.6324,0.7507,53.68,24.71,18.06,24.78,24.83,24.87,1.906
26107,,,,,,,,,0.8494,0.7265,0.2619,0.08271,1.108,1.154,1.135,1.19,1.234,1.395,1.231,1.449,1.033,1.062,1.006,1.004,0.9951,0.9983,6.212,8.241,2.422,2.921,1.29,1.322,0.3865,6.46,10.18,0.3476,0.5027,0.5549,60.91,32,24.37,24.46,24.59,24.56,4.012
26109,,,,,,,,,0.8754,0.7647,0.3774,0.1286,1.057,1.093,1.068,1.142,1.176,1.274,1.231,1.336,1.031,1.044,0.9742,0.9745,0.9928,0.9952,6.844,9.439,2.702,3.311,1.241,1.27,0.2001,3.748,6.208,0.2414,0.3025,0.3305,74.97,43.66,34.6,28.28,27.55,27.56,2.294
26111,,,,,,,2.859,5.778,0.8167,0.6752,0.03097,0,1.112,1.151,1.112,1.18,1.25,1.363,1.298,1.517,1.036,1.059,0.9881,1.004,0.994,0.998,4.596,5.929,2.061,2.422,1.278,1.289,0.7187,8.576,12.72,0.2534,0.455,0.4957,55.89,27.02,19.67,26.24,25.93,26.35,6.301
26113,,,,,,,,,0.8582,0.7425,0.3566,0.1539,1.124,1.151,1.116,1.157,1.258,1.374,1.253,1.42,1.052,1.075,0.9751,0.9833,0.991,0.9937,7.713,10.4,2.812,3.439,1.31,1.323,0.2436,4.988,7.915,0.3297,0.5951,0.6466,72.8,41.83,33.03,26.04,25.39,25.6,2.621
26115,3.873,7.855,,,,,2.605,4.637,0.806,0.6621,0.2016,0.08546,1.074,1.139,1.051,1.155,1.233,1.379,1.238,1.444,1.04,1.069,1.007,1.011,0.9921,0.9955,4.19,5.375,1.943,2.255,1.256,1.289,1.019,12.66,18.31,0.2583,0.4142,0.5033,42.69,20.99,16.07,24.63,24.79,24.9,8.996
26117,,,,,,,3.558,7.901,0.8334,0.7002,0.179,0.01409,1.102,1.156,1.097,1.14,1.262,1.416,1.263,1.526,1.037,1.075,1.007,1.002,0.9922,0.9956,5.234,6.768,2.238,2.66,1.263,1.279,0.6484,10.26,15.3,0.4465,0.6565,0.7187,55.12,27.75,21.05,24.93,25.1,24.98,6.326
26119,,,,,,,,,0.8446,0.7165,0.2978,0.07999,1.085,1.149,1.119,1.2,1.226,1.341,1.232,1.389,1.044,1.06,0.9691,0.996,0.9915,0.9946,5.714,7.739,2.711,3.369,1.434,1.475,0.5005,6.661,10.52,0.1069,0.2966,0.3428,71.88,37.89,28.19,25.06,24.29,24.96,3.903
26121,,,,,,,3.06,6.083,0.7913,0.6325,0,0,1.11,1.145,1.123,1.11,1.245,1.414,1.255,1.533,1.033,1.065,1.026,1.009,0.9932,0.9959,,,2.352,2.802,1.26,1.292,0.0249,2.557,4.646,0.4358,0.6683,0.7747,50.8,24.98,18.42,23.75,24.37,23.96,1.203
26123,,,,,,,,,0.8384,0.708,0.2747,0.1131,1.108,1.128,1.125,1.098,1.238,1.397,1.235,1.466,1.036,1.061,1.012,0.9937,0.9935,0.9964,6.71,8.969,2.407,2.904,1.3,1.342,0.286,5.32,8.473,0.4038,0.6009,0.6329,56.82,28.35,21.34,24.07,24.36,23.92,3.395
26125,,,,,,,2.718,5.206,0.815,0.6701,0.09339,0,1.085,1.133,1.095,1.139,1.237,1.384,1.199,1.412,1.036,1.065,0.9898,0.9976,0.9905,0.9931,5.392,7.199,2.057,2.431,1.215,1.242,0.4682,7.727,11.57,0.32,0.4585,0.5056,53,28.19,21.71,25.09,24.83,25.02,5.037
26127,,,,,,,3.279,7.194,0.8122,0.665,0.07071,0,1.086,1.115,1.103,1.088,1.189,1.337,1.195,1.391,1.027,1.052,1.025,1.022,0.9933,0.9962,,,2.406,2.883,1.279,1.264,0.0919,3.644,6.273,0.4509,0.6318,0.7305,53.7,25.57,19.08,23.84,24.45,24.37,1.98
26129,,,,,,,,,0.8629,0.7506,0.3908,0.2007,1.095,1.168,1.114,1.225,1.282,1.4,1.301,1.504,1.048,1.08,0.9672,0.9734,0.9908,0.9942,6.745,8.94,2.954,3.636,1.377,1.43,0.3537,6.462,10.03,0.2446,0.4474,0.5072,68.09,37.89,28.88,26.94,26.06,26.23,3.444
26131,,,,,,,,,0.8932,0.7978,0.503,0.2418,1.089,1.115,1.092,1.109,1.214,1.301,1.191,1.265,1.04,1.043,0.9633,0.9862,0.9902,0.9919,,,2.943,3.685,1.318,1.38,0.1194,3.42,6.087,0.2662,0.4407,0.5061,87.12,59.88,51.1,24.48,23.59,24.15,1.983
26133,,,,,,,,,0.8588,0.7438,0.3341,0.1433,1.119,1.157,1.09,1.168,1.256,1.388,1.252,1.43,1.041,1.066,0.9901,0.9973,0.993,0.9965,7.257,9.806,2.657,3.24,1.303,1.318,0.2984,5.023,8.009,0.3567,0.5795,0.5903,68.39,38.1,30.04,24.85,24.61,24.78,2.875
26135,,,,,,,,,0.8592,0.7414,0.3671,0.1572,1.085,1.148,1.082,1.172,1.262,1.389,1.307,1.509,1.054,1.08,0.9598,0.979,0.9907,0.9936,7.348,9.842,2.953,3.654,1.456,1.547,0.2824,5.871,9.379,0.1561,0.2821,0.3445,71.11,39.11,29.61,26.57,25.5,26.01,2.971
26137,,,,,,,,,0.8542,0.7317,0.3289,0.1066,1.079,1.148,1.103,1.176,1.208,1.347,1.206,1.367,1.044,1.062,0.9803,1.01,0.9901,0.9929,7.248,9.92,2.832,3.518,1.389,1.407,0.2556,5.549,8.973,0.2278,0.4718,0.5198,77.76,45.09,35.08,22.68,22.23,22.89,2.856
26139,,,,,,,2.54,4.654,0.7799,0.6139,,,1.113,1.167,1.157,1.134,1.266,1.441,1.308,1.6,1.041,1.079,1.006,1.002,0.9914,0.994,8.82,12.19,2.11,2.463,1.241,1.278,0.07546,3.596,6.076,0.5542,0.7908,0.8885,46.88,21.95,16.42,23.92,24.05,23.95,2.274
26141,,,,,,,,,0.8334,0.6933,0.1574,0,1.065,1.129,1.083,1.172,1.198,1.314,1.197,1.347,1.047,1.063,0.9711,1,0.9918,0.9955,5.858,8.134,2.637,3.261,1.391,1.363,0.341,4.823,8.007,0.174,0.3861,0.4055,67.93,34.98,25.66,26.04,25.28,26.05,3.094
26143,,,,,,,,,0.8573,0.7401,0.3231,0.1147,1.105,1.155,1.122,1.187,1.243,1.353,1.298,1.463,1.038,1.06,0.9874,0.9931,0.9916,0.9951,8.836,12.21,2.846,3.503,1.352,1.413,0.1805,4.36,7.075,0.1768,0.3206,0.3625,72.86,41.35,31.33,24.97,24.66,24.8,2.079
26145,4.241,9.284,,,,,2.94,5.873,0.8105,0.6641,0.0583,0,1.091,1.139,1.076,1.14,1.219,1.332,1.222,1.419,1.037,1.066,0.989,1.012,0.992,0.9966,4.53,5.793,2.091,2.459,1.287,1.266,0.7951,10.27,14.86,0.348,0.5299,0.5452,54.28,27.24,20.06,26.2,25.91,26.51,6.985
26147,,,,,,,2.874,5.76,0.7956,0.638,0.08421,0.005656,1.082,1.11,1.081,1.096,1.259,1.387,1.249,1.431,1.048,1.077,0.9951,1.005,0.9902,0.9929,4.641,6.022,2.055,2.426,1.326,1.307,0.5927,7.416,11,0.1896,0.3036,0.3464,51.99,26.41,19.95,23.91,23.79,24.03,5.436
26149,4.819,9.864,,,,,3.362,6.783,0.8202,0.6841,0.2038,0.06426,1.065,1.148,1.107,1.185,1.148,1.356,1.167,1.399,1.025,1.07,1.033,1.003,0.9903,0.9938,4.657,6.08,2.006,2.356,1.194,1.205,0.7418,11.07,17.07,0.5698,0.8269,0.8922,45.71,23.14,18.59,24.16,24.94,24.22,7.951
26151,,,,,,,3.122,7.047,0.8175,0.6728,0.1494,0.03923,1.087,1.118,1.087,1.116,1.251,1.374,1.222,1.394,1.05,1.083,0.9837,0.9954,0.9902,0.9935,5.226,6.928,2.218,2.652,1.35,1.329,0.4226,6.412,9.852,0.1794,0.292,0.3194,57.64,29.62,22.97,25.18,24.77,25.06,4.418
26153,,,,,,,,,0.8536,0.7188,0.2656,0.04407,1.067,1.111,1.086,1.166,1.185,1.321,1.226,1.367,1.048,1.06,0.9542,0.9676,0.9887,0.9908,,,2.967,3.811,1.285,1.327,0.03694,0.5893,1.342,0.2198,0.307,0.3195,79.02,43.22,34.34,24.81,23.67,24.01,0.5036
26155,,,,,,,3.375,6.908,0.821,0.6833,0.1887,0.06128,1.098,1.147,1.111,1.152,1.227,1.35,1.244,1.417,1.04,1.074,0.9868,1.006,0.9904,0.9937,6.015,7.858,2.217,2.623,1.251,1.218,0.4071,8.513,12.79,0.3743,0.5605,0.5365,54.66,28.93,22.82,25.51,25.18,25.68,4.887
26157,3.857,8.675,,,,,2.931,6.306,0.816,0.6699,0.2141,0.1029,1.078,1.133,1.057,1.152,1.23,1.34,1.208,1.375,1.044,1.07,0.9938,1.01,0.9905,0.9948,4.756,6.134,2.17,2.575,1.247,1.244,0.7551,9.28,13.86,0.2365,0.3864,0.4331,55.61,27.46,20.42,25.92,25.76,26.18,6.52
26159,,,,,,,2.88,5.541,0.8076,0.6577,0.03333,0,1.067,1.153,1.124,1.193,1.178,1.394,1.184,1.486,1.025,1.066,1.044,1.03,0.9908,0.9943,5.412,7.167,2.11,2.474,1.195,1.228,0.4243,9.567,14.75,0.6578,0.8701,0.9783,44.08,21.42,16.57,22.34,23.32,23.02,5.985
26161,4.367,9.343,,,,,2.724,5.214,0.8121,0.6656,0.04052,0,1.073,1.142,1.067,1.154,1.219,1.382,1.237,1.472,1.031,1.059,0.9929,1.002,0.992,0.9946,4.893,6.345,2.025,2.372,1.213,1.247,0.6951,10.29,15.16,0.265,0.3934,0.45,47.93,24.7,18.87,24.67,24.5,24.71,6.828
26163,3.936,8.33,,,,,2.519,4.472,0.7958,0.643,0.09189,0,1.075,1.132,1.062,1.133,1.225,1.358,1.205,1.43,1.033,1.061,0.9945,1.011,0.992,0.9948,4.474,5.769,1.934,2.243,1.255,1.271,0.8719,11.19,16.24,0.2732,0.397,0.48,43.31,21.29,16.23,24.7,24.57,24.99,7.861
26165,,,,,,,,,0.8509,0.728,0.3242,0.1288,1.11,1.151,1.073,1.143,1.23,1.357,1.224,1.363,1.043,1.064,0.9785,1.003,0.991,0.9947,,,2.735,3.357,1.326,1.325,0.1321,3.516,5.811,0.4214,0.6581,0.6864,74.08,42.23,33.41,24.34,23.82,24.43,1.967
27001,,,,,,,,,0.9069,0.8243,0.6464,0.4494,1.037,1.091,1.043,1.167,1.134,1.234,1.16,1.233,1.026,1.034,0.9481,0.9464,0.9929,0.993,,,2.834,3.535,1.122,1.203,0.1309,4.023,7.697,0.4764,0.6745,0.7201,93.12,70.82,64.11,38.99,36.97,36.9,1.821
27003,4.518,10.69,,,,,3.519,7.381,0.8903,0.7954,0.5361,0.3272,1.089,1.153,1.111,1.194,1.204,1.329,1.223,1.328,1.018,1.048,0.9608,0.9604,0.9948,0.9954,5.389,7.234,2.222,2.662,1.163,1.206,0.8234,11.68,18.69,0.5995,0.8364,0.9587,77.64,54.99,48.25,35.95,34.54,34.53,6.312
27005,,,,,,,,,0.9149,0.8388,0.6754,0.4857,1.049,1.065,1.058,1.139,1.124,1.146,1.141,1.139,1.031,1.017,0.9615,0.967,0.9961,0.9962,7.517,10.63,2.684,3.327,1.14,1.16,0.2725,6.049,11.1,0.3704,0.4535,0.5045,98.88,78.12,72.13,43.16,41.5,41.74,2.988
27007,,,,,,,,,0.9146,0.8392,0.7026,0.514,1.11,1.075,1.141,1.112,1.262,1.205,1.241,1.207,1.05,1.035,0.9217,0.9252,0.9922,0.9937,,,2.96,3.75,1.109,1.195,0.1183,3.848,7.727,0.3976,0.4825,0.5563,103.7,82.71,76.21,44.27,40.8,40.96,1.841
27009,4.367,10.78,,,,,4.229,10.18,0.9027,0.8171,0.5837,0.3818,1.069,1.168,1.076,1.208,1.188,1.32,1.209,1.28,1.022,1.033,0.968,0.9591,0.9915,0.993,5.403,7.105,2.41,2.911,1.119,1.184,0.7197,10.93,17.25,0.4652,0.6084,0.6925,85.95,64.62,58.23,38.19,36.97,36.63,5.812
27011,3.313,6.842,,,,,3.703,8.446,0.8983,0.8099,0.6007,0.3889,1.041,1.063,1.018,1.077,1.153,1.184,1.19,1.243,1.022,1.026,0.965,0.9538,0.9942,0.9942,3.936,4.917,2.214,2.632,1.111,1.18,2.314,17.06,24.37,0.4179,0.5508,0.5887,81.99,62.24,56.56,44.91,43.34,42.83,10.4
27013,4.388,9.127,,,,,3.257,6.354,0.8846,0.7878,0.5335,0.3285,1.073,1.106,1.111,1.172,1.15,1.246,1.221,1.376,1.014,1.045,0.9512,0.9196,0.9944,0.9938,4.453,5.76,2.1,2.475,1.112,1.164,1.356,14.93,23.23,0.55,0.7461,0.8476,74.14,52.77,46.38,38.15,36.29,35.09,9.25
27015,3.954,7.938,,,,,3.198,6.298,0.8839,0.7872,0.542,0.3258,1.095,1.131,1.117,1.187,1.182,1.279,1.317,1.522,1.017,1.047,0.9538,0.9218,0.995,0.9938,4.204,5.335,2.133,2.519,1.142,1.194,1.937,17.78,26.67,0.5307,0.7526,0.832,75.68,54.05,47.84,39.84,38,36.73,10.78
27017,,,,,,,,,0.9061,0.8234,0.6325,0.4289,1.045,1.123,1.036,1.192,1.171,1.272,1.213,1.288,1.029,1.029,0.9596,0.9566,0.9936,0.9935,8.002,11.05,2.96,3.719,1.167,1.233,0.2296,5.094,8.817,0.584,0.7904,0.9259,92.49,70.19,63.02,37.2,35.69,35.59,2.398
27019,4.675,11.04,,,,,3.554,7.388,0.8905,0.796,0.5419,0.337,1.079,1.122,1.077,1.144,1.199,1.266,1.266,1.366,1.015,1.044,0.9542,0.9359,0.9919,0.9935,5.03,6.666,2.136,2.542,1.132,1.197,0.901,10.81,17.53,0.6825,0.8736,1.048,78.23,54.95,48.89,37.97,36.23,35.53,6.749
27021,,,,,,,,,0.9093,0.8277,0.6634,0.4695,1.056,1.07,1.043,1.104,1.15,1.189,1.187,1.211,1.031,1.03,0.9455,0.9365,0.9922,0.9928,8.009,11.15,2.737,3.37,1.164,1.227,0.1748,5.076,8.854,0.4709,0.6306,0.6806,95.73,74.56,68.01,40.73,38.51,38.14,2.473
27023,3.59,7.517,,,,,3.708,8.019,0.8977,0.8097,0.5805,0.3744,1.062,1.094,1.047,1.128,1.178,1.216,1.206,1.23,1.025,1.032,0.9768,0.9706,0.9954,0.9962,3.995,5.008,2.138,2.518,1.142,1.261,2.056,16.19,23.43,0.4357,0.5521,0.633,80.43,60.14,54.39,40.29,39.35,39.1,10.4
27025,,,,,,,3.81,8.743,0.897,0.8062,0.5776,0.378,1.083,1.163,1.102,1.202,1.213,1.345,1.225,1.329,1.016,1.048,0.9519,0.9391,0.9963,0.9967,5.63,7.618,2.344,2.825,1.148,1.196,0.6485,9.914,15.89,0.6479,0.885,0.9811,80.57,56.94,50.49,37.44,35.63,35.16,5.389
27027,3.896,9.245,,,,,4.449,11.72,0.911,0.8311,0.6466,0.4413,1.041,1.061,1.057,1.124,1.099,1.117,1.108,1.141,1.032,1.02,0.9413,0.939,0.9956,0.9939,4.582,5.974,2.34,2.845,1.122,1.122,1.238,13.3,20.67,0.4014,0.4653,0.4721,97.06,76.82,70.9,47.94,45.13,45.02,7.608
27029,,,,,,,,,0.9164,0.8412,0.6968,0.509,1.091,1.078,1.097,1.117,1.215,1.191,1.213,1.175,1.044,1.025,0.9362,0.9491,0.9941,0.9952,9.043,12.91,2.966,3.719,1.119,1.179,0.1848,4.906,9.125,0.3788,0.4092,0.4776,103.3,82.9,76.54,43.54,40.76,41.32,2.141
27031,,,,,,,,,0.9017,0.8159,0.5985,0.353,1.099,1.156,1.097,1.214,1.235,1.338,1.238,1.327,1.049,1.064,0.9554,0.9566,0.99,0.9908,,,4.451,6.025,1.287,1.291,0.01138,0.4428,0.9029,0.445,0.7062,0.7005,106,78.03,69.1,31.15,29.76,29.79,0.1968
27033,3.685,7.33,,,,,3.268,6.631,0.889,0.798,0.5565,0.3425,1.068,1.114,1.076,1.142,1.131,1.272,1.17,1.327,1.013,1.043,0.9439,0.9146,0.993,0.9918,4.227,5.331,2.157,2.529,1.142,1.181,1.886,16.45,24.29,0.5557,0.7507,0.7945,77.3,55.38,49.13,40.8,38.51,37.31,10.27
27035,,,,,,,,,0.9068,0.823,0.6523,0.4602,1.034,1.066,1.019,1.107,1.118,1.219,1.13,1.183,1.024,1.029,0.9631,0.9452,0.9916,0.9927,7.111,9.725,2.641,3.227,1.128,1.188,0.246,6.033,10.2,0.4998,0.7368,0.7881,91.6,69.78,63.11,39.07,37.63,36.93,3.118
27037,4.368,9.684,,,,,3.254,6.33,0.8838,0.7864,0.511,0.3008,1.072,1.105,1.085,1.088,1.159,1.214,1.151,1.262,1.014,1.044,0.965,0.941,0.9952,0.9946,4.922,6.502,2.136,2.534,1.131,1.165,0.9292,12.44,19.59,0.7095,0.9524,1.016,77,54.31,47.92,36.21,34.94,34.07,7.256
27039,,,,,,,3.699,8.089,0.8863,0.7925,0.5163,0.3119,1.058,1.074,1.058,1.095,1.116,1.166,1.119,1.19,1.008,1.037,0.9784,0.9364,0.9971,0.9975,5.653,7.581,2.251,2.682,1.118,1.149,0.6265,10.18,16.36,0.602,0.8381,0.8649,77.89,54.91,48.48,34.97,34.21,32.74,5.733
27041,,,,,,,4.494,11.3,0.9081,0.8269,0.612,0.4081,1.038,1.074,1.039,1.095,1.155,1.228,1.229,1.266,1.033,1.037,0.9479,0.9291,0.9929,0.9922,5.975,7.922,2.472,2.98,1.156,1.21,0.5534,9.668,15.55,0.3653,0.4373,0.4956,94.25,72.27,66.11,43.91,41.62,40.8,4.836
27043,5.018,10.75,,,,,3.372,6.639,0.8813,0.7833,0.5192,0.3167,1.074,1.122,1.123,1.211,1.101,1.24,1.154,1.321,1.008,1.049,0.967,0.9271,0.9941,0.9943,5.082,6.607,2.143,2.516,1.099,1.12,0.9178,12.97,20.7,0.8268,1.037,1.133,76.14,52.43,45.67,38.22,36.96,35.44,7.675
27045,,,,,,,4.469,10.16,0.883,0.788,0.51,0.3145,1.05,1.063,1.085,1.07,1.06,1.181,1.036,1.167,1.003,1.045,0.994,0.9416,0.9951,0.9965,6.494,8.905,2.351,2.808,1.099,1.112,0.4525,8.148,13.34,0.87,1.131,1.115,75.04,50.85,44.48,34.27,34.07,32.27,4.4
27047,4.606,9.957,,,,,3.661,7.538,0.8854,0.7908,0.5139,0.3125,1.086,1.113,1.131,1.184,1.092,1.212,1.106,1.245,1.003,1.042,0.9594,0.9268,0.9957,0.996,4.962,6.503,2.139,2.522,1.118,1.122,0.8425,11.33,18,0.6806,0.9217,0.9428,78,55.54,49.06,35.68,34.23,33.07,7.041
27049,4.406,9.716,,,,,3.454,7.15,0.8856,0.7898,0.523,0.3202,1.057,1.086,1.075,1.111,1.141,1.192,1.138,1.229,1.014,1.042,0.9762,0.9514,0.9961,0.9961,5.147,6.807,2.214,2.635,1.099,1.123,0.8385,11.82,18.65,0.859,1.162,1.22,75.09,52.02,45.94,35.5,34.65,33.77,6.85
27051,4.017,9.318,,,,,4.566,11.42,0.9048,0.8209,0.615,0.4153,1.041,1.066,1.044,1.078,1.152,1.179,1.209,1.233,1.031,1.03,0.9708,0.9539,0.9939,0.9937,4.831,6.168,2.35,2.8,1.169,1.217,1.02,13.61,20.56,0.3207,0.4072,0.4303,90.72,68.94,63.01,43.03,41.78,41.05,7.597
27053,4.271,9.758,,,,,3.02,5.804,0.8854,0.7876,0.5071,0.2914,1.07,1.119,1.074,1.146,1.198,1.249,1.249,1.316,1.016,1.039,0.9785,0.9523,0.9944,0.9947,4.99,6.551,2.095,2.479,1.152,1.203,1.011,12.15,19.21,0.6736,0.8767,1.045,77.61,54.33,47.89,36.34,35.56,34.61,7.144
27055,,,,,,,3.714,7.656,0.8729,0.7712,0.4637,0.2624,1.045,1.082,1.104,1.1,1.09,1.233,1.098,1.269,1.006,1.051,1.007,0.9535,0.9954,0.9966,6.251,8.444,2.195,2.588,1.124,1.124,0.4516,8.338,13.24,0.7376,1.028,1.004,70.28,46.26,40.03,33.41,33.64,31.85,4.606
27057,,,,,,,,,0.9147,0.8389,0.6894,0.5043,1.079,1.08,1.07,1.117,1.183,1.199,1.201,1.208,1.032,1.022,0.944,0.9538,0.995,0.9964,7.879,10.84,2.942,3.638,1.169,1.21,0.2604,6.37,10.88,0.3788,0.499,0.5638,99.49,79.33,73.07,41.53,39.2,39.61,2.798
27059,,,,,,,4.676,11.43,0.8993,0.8088,0.577,0.3751,1.094,1.193,1.125,1.256,1.22,1.355,1.261,1.361,1.015,1.045,0.948,0.9306,0.9934,0.9939,5.373,7.312,2.405,2.93,1.149,1.208,0.6015,9.935,15.88,0.6244,0.8453,0.9907,83.91,61.22,54.25,37.68,35.72,35.07,5.404
27061,,,,,,,,,0.9124,0.8345,0.6784,0.4829,1.073,1.075,1.067,1.097,1.213,1.204,1.245,1.252,1.04,1.036,0.9308,0.9319,0.993,0.9928,,,2.904,3.656,1.196,1.268,0.08652,3.263,6.707,0.4726,0.6197,0.6916,98.46,77.58,70.83,39.4,36.68,36.72,1.67
27063,3.927,7.831,,,,,3.387,6.803,0.889,0.7965,0.5404,0.3198,1.06,1.119,1.099,1.208,1.117,1.271,1.2,1.35,1.007,1.042,0.9511,0.9188,0.9937,0.9927,4.453,5.62,2.138,2.5,1.107,1.144,1.499,16.15,24.1,0.6565,0.8832,0.9197,75.2,53.98,47.63,40.54,38.56,37.24,9.766
27065,,,,,,,,,0.9036,0.8174,0.6163,0.4217,1.078,1.186,1.099,1.259,1.213,1.401,1.258,1.356,1.023,1.041,0.9526,0.9382,0.9934,0.9934,6.177,8.439,2.56,3.147,1.154,1.214,0.3524,7.068,11.7,0.6105,0.8758,0.9731,87.99,64.26,57.33,37.84,36.05,35.5,3.973
27067,3.877,8.591,,,,,3.361,7.093,0.8973,0.8092,0.5635,0.3555,1.062,1.095,1.06,1.124,1.179,1.257,1.225,1.277,1.022,1.031,0.9756,0.9484,0.9931,0.9937,4.705,6.022,2.19,2.574,1.125,1.216,1.25,13.25,19.69,0.5648,0.804,0.8887,84.17,62.27,56.15,39.43,38.47,37.39,7.785
27069,,,,,,,,,0.9187,0.8441,0.7072,0.506,1.119,1.092,1.166,1.156,1.245,1.224,1.332,1.325,1.04,1.028,0.9237,0.941,0.9958,0.9971,5.845,8.149,2.84,3.57,1.141,1.195,0.4237,7.442,12.98,0.4079,0.4934,0.5508,113,92.56,85.95,47.93,44.27,45.1,4.038
27071,,,,,,,,,0.914,0.8387,0.7152,0.5319,1.092,1.099,1.088,1.137,1.293,1.282,1.282,1.303,1.047,1.048,0.9427,0.9612,0.993,0.9937,,,3.001,3.841,1.173,1.255,0.1235,3.545,6.939,0.3635,0.4485,0.5182,103.7,84.42,77.92,38.58,36.37,37.08,1.982
27073,3.011,5.849,,,,,3.538,7.584,0.8947,0.8043,0.5797,0.3656,1.057,1.069,1.049,1.083,1.14,1.16,1.133,1.204,1.031,1.037,0.9698,0.9557,0.9945,0.9937,3.499,4.297,2.073,2.438,1.15,1.239,3.21,20.79,28.94,0.4327,0.5847,0.6614,75.31,55.57,50.02,42.84,41.55,40.94,13.8
27075,,,,,,,,,0.9077,0.8267,0.6349,0.4158,1.096,1.145,1.105,1.19,1.24,1.328,1.246,1.323,1.046,1.054,0.9457,0.9315,0.9915,0.9921,,,3.239,4.199,1.264,1.328,0.04647,1.362,2.869,0.3777,0.5849,0.6692,102.2,77.66,69.73,34.76,32.87,32.37,0.8059
27077,,,,,,,,,0.9159,0.8424,0.717,0.5271,1.09,1.113,1.124,1.186,1.226,1.282,1.187,1.255,1.045,1.048,0.939,0.9365,0.9922,0.9935,,,2.857,3.684,1.125,1.196,0.0544,2.775,5.91,0.3451,0.4386,0.4981,107.9,87.27,80.82,42.45,39.86,39.76,1.647
27079,4.591,10.22,,,,,3.569,7.328,0.8863,0.7905,0.5453,0.3446,1.063,1.086,1.063,1.113,1.144,1.201,1.247,1.474,1.01,1.041,0.9534,0.9284,0.9947,0.9938,4.741,6.246,2.15,2.552,1.096,1.127,1.038,11.76,18.77,0.6352,0.8334,0.8905,77.29,53.85,47.31,37.53,35.78,34.84,7.517
27081,3.588,7.521,,,,,4.182,9.376,0.8962,0.8088,0.5963,0.3901,1.068,1.114,1.03,1.174,1.143,1.228,1.155,1.268,1.025,1.051,0.9608,0.9333,0.9942,0.9934,4.26,5.377,2.236,2.641,1.147,1.216,1.687,14.16,20.83,0.411,0.5521,0.6256,82.55,60.53,53.88,43.21,41.52,40.33,8.887
27083,3.405,6.746,,,,,3.248,6.406,0.8883,0.7944,0.559,0.3365,1.08,1.125,1.052,1.182,1.149,1.251,1.18,1.282,1.031,1.055,0.9518,0.9201,0.9933,0.9928,4.119,5.076,2.143,2.499,1.139,1.215,2.277,18.01,25.73,0.4602,0.6034,0.6777,78.11,56.08,49.58,42.85,40.79,39.43,10.92
27085,3.897,8.546,,,,,3.182,6.54,0.8875,0.7914,0.5409,0.3333,1.073,1.101,1.082,1.115,1.185,1.253,1.207,1.316,1.017,1.038,0.9406,0.9217,0.9916,0.9931,4.277,5.481,2.063,2.42,1.119,1.185,1.403,13.12,20.03,0.609,0.78,0.9126,79.83,55.71,49.61,39.93,37.56,36.8,8.883
27087,,,,,,,,,0.9127,0.8348,0.6778,0.4869,1.068,1.076,1.087,1.145,1.172,1.155,1.183,1.165,1.035,1.017,0.9772,0.9813,0.9964,0.9963,7.595,10.59,2.701,3.367,1.181,1.203,0.3349,6.854,12.56,0.3956,0.4543,0.5224,101.2,79.45,73.6,41.82,40.87,41.04,3.17
27089,,,,,,,,,0.9156,0.8416,0.6976,0.4983,1.117,1.09,1.139,1.127,1.256,1.252,1.275,1.279,1.048,1.045,0.9407,0.9607,0.9941,0.9957,7.037,9.577,2.908,3.622,1.107,1.188,0.3897,7.921,13.79,0.4065,0.5127,0.5619,107.7,86.61,80.23,46.73,43.96,44.89,3.732
27091,4.911,10.4,,,,,3.738,7.518,0.8808,0.7835,0.5118,0.2939,1.069,1.133,1.14,1.264,1.12,1.265,1.199,1.346,1.01,1.05,0.959,0.9209,0.9921,0.9916,4.961,6.482,2.136,2.523,1.099,1.121,1.076,13.87,22.38,0.7374,0.95,0.9913,75.84,52.75,46.51,39.06,37.46,35.97,8.167
27093,3.772,8.355,,,,,3.076,6.325,0.8933,0.8012,0.5512,0.3446,1.058,1.11,1.048,1.118,1.194,1.289,1.217,1.327,1.024,1.041,0.9572,0.9474,0.9928,0.9942,4.344,5.582,2.1,2.478,1.137,1.242,1.371,13.59,20.61,0.5968,0.7621,0.8721,82.03,59.57,53.48,39.76,38.06,37.67,8.623
27095,,,,,,,,,0.905,0.8203,0.6047,0.4053,1.072,1.18,1.083,1.252,1.194,1.348,1.231,1.312,1.021,1.042,0.9682,0.9513,0.9924,0.9933,6.942,9.469,2.621,3.206,1.151,1.218,0.3008,7.223,12.22,0.6298,0.8295,0.9081,89.1,65.91,59.34,37.87,36.66,36.02,3.577
27097,,,,,,,3.915,9.426,0.9047,0.8213,0.6129,0.4124,1.065,1.148,1.073,1.211,1.192,1.335,1.172,1.268,1.027,1.039,0.964,0.957,0.9919,0.9937,5.336,6.889,2.346,2.8,1.153,1.227,0.604,9.381,14.61,0.4683,0.6544,0.6983,87.36,65.94,59.68,39.38,37.97,37.69,5.518
27099,,,,,,,4.607,10.67,0.8857,0.7915,0.509,0.307,1.071,1.079,1.132,1.1,1.09,1.199,1.065,1.183,1.007,1.039,0.9903,0.9495,0.9969,0.9983,6.464,9.015,2.292,2.75,1.085,1.119,0.4211,7.396,12.83,0.7499,0.982,1.012,80.61,57.02,50.14,34.57,34.23,32.82,4.257
27101,3.884,7.956,,,,,3.352,6.966,0.8924,0.8036,0.5741,0.3633,1.057,1.122,1.038,1.152,1.144,1.285,1.174,1.312,1.016,1.048,0.9561,0.9393,0.9953,0.9945,4.243,5.391,2.158,2.539,1.181,1.233,1.647,14.68,22,0.5129,0.7559,0.7826,80.03,58.12,51.62,41.38,39.57,38.87,9.39
27103,4.025,8.224,,,,,3.227,6.347,0.8849,0.7872,0.536,0.3279,1.09,1.109,1.127,1.157,1.179,1.257,1.303,1.609,1.014,1.045,0.9579,0.93,0.9946,0.9938,4.143,5.302,2.088,2.47,1.099,1.152,1.661,16.51,25.22,0.5643,0.7567,0.8498,74.72,53.36,47.19,38.41,36.79,35.72,10.41
27105,4.538,9.482,,,,,3.914,8.428,0.8921,0.7996,0.5697,0.3561,1.049,1.113,1.071,1.171,1.129,1.286,1.211,1.369,1.01,1.042,0.9466,0.92,0.9946,0.9927,4.608,5.925,2.203,2.606,1.125,1.154,1.27,14.46,22.32,0.6331,0.8879,0.9025,77.9,55.78,49.22,40.91,38.73,37.64,8.704
27107,3.906,9.371,,,,,,,0.9111,0.8302,0.6537,0.449,1.069,1.08,1.092,1.139,1.163,1.174,1.188,1.233,1.04,1.026,0.9566,0.9605,0.9952,0.9947,4.665,6.085,2.405,2.94,1.14,1.142,1.138,13.23,20.69,0.4433,0.5458,0.605,97.92,77.08,70.89,45.35,43.38,43.55,7.426
27109,,,,,,,4.244,9.689,0.8821,0.7858,0.4999,0.2956,1.035,1.06,1.037,1.077,1.072,1.134,1.088,1.17,1.003,1.031,0.9852,0.9405,0.9975,0.9981,6.298,8.628,2.336,2.792,1.083,1.118,0.5297,9.07,14.66,0.6636,0.8369,0.8482,77.4,52.94,46.53,34.74,34.23,32.67,4.721
27111,,,,,,,,,0.9099,0.8295,0.6421,0.4494,1.028,1.045,1.031,1.065,1.116,1.146,1.147,1.142,1.028,1.019,0.9484,0.9415,0.994,0.9931,5.888,7.913,2.535,3.07,1.145,1.172,0.4477,7.997,13.11,0.448,0.5937,0.5714,96.97,74.66,68.48,43.19,40.96,40.67,4.359
27113,,,,,,,,,0.9154,0.8405,0.6895,0.4922,1.118,1.091,1.143,1.111,1.267,1.23,1.279,1.222,1.054,1.039,0.9509,0.9702,0.9952,0.9968,7.29,9.958,2.758,3.424,1.079,1.151,0.3177,7.382,13.18,0.6228,0.7091,0.7614,105.8,85.35,79.77,46.83,44.53,45.44,3.481
27115,,,,,,,,,0.9032,0.8181,0.6218,0.4232,1.059,1.143,1.068,1.216,1.187,1.358,1.199,1.336,1.023,1.035,0.946,0.933,0.9923,0.9934,6.915,9.528,2.696,3.337,1.182,1.241,0.2497,5.462,9.209,0.5895,0.7902,0.8566,89.92,65.34,57.77,36.68,34.7,34.22,2.968
27117,3.864,8.097,,,,,4.136,9.378,0.8986,0.8122,0.6099,0.4126,1.052,1.106,1.03,1.141,1.129,1.229,1.15,1.256,1.006,1.042,0.962,0.9389,0.9961,0.9954,4.12,5.283,2.174,2.581,1.156,1.199,1.666,13.56,20.51,0.5274,0.713,0.7593,81.31,59.1,52.29,44.44,42.75,41.72,9.172
27119,,,,,,,,,0.9128,0.8344,0.6736,0.4707,1.083,1.075,1.096,1.118,1.218,1.202,1.235,1.227,1.039,1.025,0.9472,0.9557,0.9948,0.9954,5.598,7.529,2.539,3.132,1.12,1.183,0.6668,9.398,15.7,0.3598,0.4464,0.4854,103.3,82.18,76.16,47.2,44.71,45.11,5.087
27121,4.556,11.29,,,,,4.121,9.804,0.9055,0.8224,0.5936,0.3866,1.06,1.092,1.084,1.134,1.189,1.25,1.23,1.277,1.028,1.038,0.966,0.9422,0.9939,0.9942,5.577,7.24,2.326,2.769,1.179,1.26,0.7737,10.93,17.2,0.3926,0.5502,0.5733,87.97,65.65,59.52,44.09,42.59,41.54,5.885
27123,3.906,8.673,,,,,2.711,4.949,0.8816,0.7817,0.4878,0.2676,1.079,1.125,1.107,1.159,1.173,1.244,1.161,1.251,1.016,1.037,0.9762,0.961,0.9953,0.9957,4.556,5.887,2.001,2.346,1.165,1.205,1.141,12.57,19.4,0.6635,0.8898,0.9716,75.04,52.22,45.91,34.85,34.02,33.49,8.079
27125,,,,,,,,,0.9137,0.8357,0.6832,0.4842,1.079,1.069,1.091,1.104,1.225,1.188,1.215,1.21,1.048,1.026,0.9575,0.968,0.9953,0.9963,6.488,8.809,2.617,3.235,1.087,1.146,0.4451,8.043,13.89,0.5102,0.6047,0.6765,103.4,82.71,76.72,47.35,45.34,45.83,4.065
27127,3.363,6.552,,,,,3.07,6.041,0.8855,0.7899,0.5441,0.3245,1.089,1.113,1.079,1.129,1.187,1.275,1.255,1.388,1.026,1.046,0.9427,0.9241,0.9938,0.993,3.813,4.733,2.072,2.425,1.154,1.2,2.622,18.44,26.57,0.4982,0.6842,0.7238,76.54,54.25,48.06,40.77,38.43,37.67,12.03
27129,3.444,7,,,,,3.271,6.668,0.8902,0.7965,0.5494,0.3388,1.084,1.106,1.086,1.131,1.198,1.256,1.229,1.341,1.021,1.039,0.9461,0.929,0.9931,0.9933,3.833,4.822,2.06,2.419,1.13,1.204,2.275,15.76,23.01,0.46,0.6126,0.6938,80.04,57.4,51.38,39.87,37.73,37.05,10.77
27131,4.394,9.738,,,,,3.386,6.971,0.8856,0.7911,0.5396,0.3366,1.076,1.102,1.076,1.127,1.158,1.199,1.212,1.296,1.017,1.047,0.9559,0.9353,0.9952,0.9947,4.795,6.32,2.174,2.574,1.125,1.156,0.8924,11.22,17.61,0.7503,0.9952,1.078,77.89,54.52,47.86,36.03,34.44,33.7,7.065
27133,3.515,6.871,,,,,3.742,7.809,0.8941,0.802,0.5861,0.3766,1.049,1.096,1.054,1.125,1.14,1.289,1.173,1.321,1.008,1.04,0.9643,0.9495,0.9952,0.9944,3.833,4.755,2.065,2.425,1.141,1.165,2.31,17.2,25.46,0.5119,0.7442,0.7497,72.68,52.26,46.25,40.93,39.47,38.87,11.77
27135,,,,,,,,,0.9189,0.8464,0.7221,0.5308,1.098,1.11,1.106,1.177,1.249,1.298,1.286,1.286,1.043,1.038,0.9377,0.9434,0.9952,0.9964,,,2.953,3.796,1.143,1.202,0.08886,3.54,7.132,0.352,0.4252,0.5187,111.1,92.01,85.89,45.41,42.58,42.83,1.943
27137,,,,,,,,,0.9114,0.8344,0.6854,0.4919,1.077,1.117,1.086,1.168,1.214,1.266,1.219,1.249,1.039,1.04,0.946,0.943,0.9932,0.993,,,3.46,4.48,1.199,1.271,0.07305,2.731,5.488,0.3398,0.5166,0.5714,102.8,81.74,74.49,36.7,34.72,34.61,1.241
27139,4.602,10.37,,,,,3.471,6.872,0.8865,0.7902,0.536,0.3312,1.084,1.124,1.085,1.125,1.195,1.246,1.249,1.383,1.016,1.046,0.9581,0.9358,0.9938,0.9936,5.054,6.658,2.186,2.604,1.123,1.17,0.9538,12.02,19.06,0.7573,0.9837,1.11,77.27,54.29,48.15,37.62,36.05,35.21,6.986
27141,4.26,9.881,,,,,3.99,9.114,0.9013,0.8136,0.5747,0.3752,1.082,1.16,1.096,1.195,1.201,1.33,1.247,1.33,1.02,1.043,0.9621,0.9524,0.9923,0.9933,4.832,6.418,2.329,2.829,1.133,1.171,1.021,13,20.17,0.6253,0.8183,0.9316,82.07,61.24,55.01,38.44,36.98,36.61,7.086
27143,3.706,7.661,,,,,3.338,6.806,0.8851,0.7876,0.534,0.3244,1.1,1.129,1.102,1.146,1.196,1.271,1.247,1.461,1.02,1.051,0.944,0.9217,0.9935,0.9934,3.992,5.09,2.065,2.429,1.123,1.172,1.74,15.39,22.86,0.6139,0.8231,0.9665,77.74,54.31,48.07,38.82,36.64,35.78,10.21
27145,4.073,9.76,,,,,3.484,7.779,0.9017,0.8144,0.5724,0.3628,1.052,1.118,1.052,1.145,1.175,1.277,1.21,1.275,1.022,1.034,0.9683,0.956,0.9936,0.9944,4.938,6.39,2.197,2.609,1.132,1.209,0.9103,11.24,17.44,0.4655,0.6134,0.6895,84.9,64.43,58.29,40.58,39.29,38.8,6.703
27147,4.305,9.298,,,,,3.026,6.029,0.886,0.7921,0.5291,0.3256,1.074,1.092,1.092,1.138,1.104,1.174,1.135,1.215,1.009,1.041,0.9798,0.9352,0.9972,0.9962,4.717,6.158,2.13,2.513,1.125,1.131,0.9532,12.43,19.43,0.7866,1.057,1.094,77.54,54.79,48.33,36,35.28,33.67,7.769
27149,4.607,11.03,,,,,4.283,10.29,0.9011,0.8158,0.6048,0.3983,1.042,1.074,1.068,1.104,1.162,1.206,1.206,1.257,1.023,1.031,0.9747,0.9604,0.9943,0.9942,5.158,6.665,2.313,2.749,1.163,1.244,0.8203,11.54,17.81,0.4047,0.532,0.5351,89.28,67.32,61.06,43.87,42.76,42.14,6.522
27151,3.594,7.747,,,,,3.47,7.411,0.8999,0.8143,0.5846,0.3784,1.057,1.078,1.06,1.115,1.182,1.211,1.196,1.212,1.027,1.033,0.982,0.9738,0.9949,0.995,4.449,5.592,2.214,2.615,1.142,1.243,1.779,15.96,23.22,0.4823,0.6329,0.692,82.96,62.23,56.74,41.48,40.74,40.39,9.177
27153,,,,,,,3.979,9.887,0.9056,0.823,0.6163,0.4131,1.051,1.111,1.054,1.182,1.157,1.257,1.167,1.218,1.032,1.038,0.9552,0.9515,0.9924,0.9928,5.191,6.805,2.397,2.886,1.175,1.244,0.6507,9.333,14.71,0.4698,0.6132,0.6516,90.47,68.78,62.53,42.05,40.17,40.01,5.457
27155,2.846,5.683,,,,,3.699,8.986,0.896,0.8073,0.5944,0.3803,1.039,1.063,1.019,1.076,1.162,1.179,1.201,1.2,1.032,1.028,0.9618,0.9538,0.9937,0.9934,3.507,4.289,2.139,2.521,1.159,1.201,2.958,18.26,25.43,0.3005,0.4125,0.4116,83.64,61.92,56.27,45.5,43.76,43.4,12.34
27157,4.739,10.63,,,,,3.523,7.284,0.8825,0.7834,0.5073,0.3048,1.047,1.075,1.056,1.105,1.127,1.179,1.129,1.198,1.018,1.044,0.9801,0.9461,0.9958,0.9965,5.664,7.597,2.238,2.666,1.074,1.112,0.7039,10.88,17.49,0.8419,1.057,1.084,71.75,48.28,42.3,34.88,34.18,33,6.019
27159,,,,,,,,,0.9094,0.8295,0.6509,0.4597,1.049,1.064,1.039,1.094,1.15,1.207,1.18,1.179,1.028,1.017,0.9324,0.9273,0.9923,0.9931,7.05,9.638,2.702,3.292,1.152,1.18,0.2617,6.551,11.02,0.4457,0.632,0.6432,95.86,73.58,67.19,41.51,38.7,38.49,3.214
27161,4.487,9.797,,,,,2.934,5.698,0.884,0.7893,0.5451,0.3474,1.067,1.093,1.1,1.143,1.126,1.192,1.176,1.276,1.01,1.04,0.9711,0.9341,0.9965,0.9959,4.735,6.232,2.114,2.49,1.132,1.148,1.06,11.2,17.9,0.735,0.9236,1.01,78.89,54.63,47.83,37.17,36.09,34.72,7.361
27163,4.006,9.073,,,,,3.19,6.295,0.8855,0.7895,0.5108,0.2976,1.075,1.128,1.09,1.143,1.183,1.284,1.167,1.281,1.015,1.044,0.9622,0.9442,0.995,0.9961,4.883,6.444,2.096,2.474,1.163,1.192,1.008,11.46,17.9,0.7117,0.9687,0.9946,75.24,51.82,45.92,35.92,34.57,33.92,7.085
27165,4.039,8.115,,,,,3.52,7.048,0.883,0.7867,0.5253,0.3071,1.081,1.139,1.123,1.245,1.154,1.274,1.216,1.386,1.003,1.039,0.9503,0.9123,0.9943,0.9939,4.147,5.289,2.103,2.481,1.126,1.169,1.732,17.79,26.88,0.6039,0.8314,0.89,74.18,53.27,47.29,41.24,39.2,37.62,10.9
27167,3.49,7.683,,,,,3.788,9.027,0.9069,0.8249,0.6312,0.4322,1.019,1.04,1.017,1.077,1.088,1.091,1.106,1.106,1.019,1.012,0.9549,0.9459,0.9953,0.9938,4.106,5.198,2.226,2.655,1.133,1.144,1.725,15.55,22.87,0.3679,0.4777,0.4355,91.59,70.99,65.59,46.51,44.41,43.99,9.512
27169,,,,,,,4.233,9.27,0.8802,0.7827,0.4898,0.2895,1.047,1.068,1.058,1.081,1.095,1.208,1.108,1.22,1.011,1.042,0.9916,0.9553,0.9952,0.9964,6.291,8.59,2.253,2.678,1.11,1.128,0.4681,8.283,13.47,0.7603,0.9839,1.025,71.89,47.85,41.74,33.43,33.15,31.94,4.619
27171,4.461,10.41,,,,,3.619,7.875,0.8959,0.8032,0.5503,0.3407,1.066,1.127,1.069,1.156,1.195,1.308,1.246,1.348,1.017,1.041,0.9584,0.941,0.9927,0.9947,4.817,6.36,2.168,2.591,1.119,1.187,1.026,12.06,18.99,0.6436,0.8394,0.9722,80.98,59.34,53.09,38.35,36.76,36.09,7.11
27173,3.07,5.912,,,,,3.357,6.907,0.8916,0.7985,0.5583,0.338,1.071,1.097,1.037,1.131,1.17,1.225,1.203,1.29,1.028,1.041,0.9596,0.9436,0.9943,0.994,3.458,4.226,2.045,2.388,1.148,1.247,3.064,19.88,27.59,0.3678,0.5044,0.566,76.38,55.93,49.98,41.45,39.77,39.11,13.51
28001,2.706,4.036,,,,,1.407,1.677,0.642,0.4699,,,1.069,1.096,1.074,1.1,1.126,1.216,1.176,1.306,1.025,1.033,1.018,1.054,1.002,1.004,1.811,1.983,1.406,1.526,1.039,1.042,8.974,57.43,72.76,4.38,4.778,4.755,0.7029,0.1673,0.1446,27.34,27.84,28.81,65.75
28003,2.157,3.245,3.562,7.749,,,1.883,2.588,0.7597,0.62,,,1.095,1.164,1.071,1.181,1.283,1.431,1.312,1.495,1.04,1.057,1.017,1.046,0.9933,0.9921,1.858,2.066,1.451,1.601,1.088,1.094,11.1,45.56,56.86,2.622,3.141,3.168,3.871,1.419,1.115,25.22,25.64,26.37,50.85
28005,2.619,4.036,,,,,1.704,2.186,0.6754,0.5113,,,1.059,1.086,1.088,1.097,1.151,1.202,1.234,1.258,1.018,1.018,1.001,1.031,1.001,1.002,1.818,1.999,1.405,1.523,1.038,1.016,9.647,50.48,64.11,3.939,4.231,4.221,0.4667,0.1369,0.1034,25.86,25.9,26.68,63.28
28007,2.413,3.565,4.234,9.074,,,1.896,2.538,0.7247,0.5754,,,1.097,1.112,1.13,1.121,1.269,1.357,1.256,1.348,1.038,1.039,1.011,1.03,0.9957,0.9966,1.884,2.083,1.477,1.615,1.07,1.066,10.96,50.48,62.69,3.016,3.674,3.764,1.836,0.4898,0.3606,26.58,26.88,27.38,54.65
28009,2.284,3.463,3.519,7.613,,,2.007,2.791,0.7566,0.6206,,,1.092,1.163,1.083,1.161,1.264,1.444,1.328,1.608,1.045,1.068,1.001,1.026,0.994,0.993,2.064,2.293,1.525,1.682,1.066,1.082,9.342,46.33,57.67,3.102,3.645,3.72,4.291,1.441,1.088,25.99,26.01,26.66,45.85
28011,2.008,2.771,4.367,8.507,,,1.39,1.667,0.6872,0.5336,,,1.074,1.15,1.066,1.169,1.239,1.436,1.416,1.656,1.034,1.061,1.021,1.035,0.9973,0.9961,1.738,1.873,1.446,1.56,1.066,1.059,16.96,63.88,74.45,3.124,3.75,3.86,3.134,0.9989,0.6876,29.75,30.38,30.78,65.06
28013,2.309,3.463,4.039,8.345,,,1.86,2.528,0.7478,0.6105,,,1.088,1.167,1.106,1.211,1.282,1.402,1.321,1.511,1.04,1.056,1.021,1.021,0.9938,0.9937,1.889,2.109,1.458,1.607,1.057,1.051,11.38,46.19,57.85,3.264,3.867,4.06,2.245,0.646,0.4928,27.33,27.9,27.9,52.35
28015,2.365,3.52,4.416,9.052,,,1.616,2.069,0.7023,0.5508,,,1.066,1.118,1.069,1.147,1.222,1.332,1.235,1.375,1.023,1.035,1.025,1.034,0.9968,0.997,1.875,2.055,1.453,1.584,1.051,1.052,11.95,50.95,63.44,3.05,3.653,3.673,1.949,0.4506,0.349,27.2,27.89,28.12,56.07
28017,2.461,3.773,3.917,8.432,,,1.97,2.727,0.7483,0.6117,,,1.105,1.164,1.144,1.231,1.3,1.399,1.298,1.463,1.045,1.06,1.013,1.02,0.9926,0.9933,1.935,2.181,1.468,1.629,1.069,1.059,9.545,44.2,56.62,3.217,3.867,3.958,2.527,0.7488,0.5385,27.2,27.56,27.75,49.22
28019,2.318,3.458,3.492,7.171,,,1.939,2.627,0.7305,0.585,,,1.102,1.121,1.166,1.157,1.288,1.37,1.268,1.341,1.036,1.044,1.014,1.022,0.9961,0.9966,1.954,2.168,1.483,1.625,1.066,1.064,11.22,48.85,60.74,3.045,3.745,3.822,1.937,0.5382,0.3953,27.74,28.12,28.34,51.94
28021,2.539,3.698,6.07,13.28,,,1.621,2.038,0.6998,0.54,,,1.09,1.105,1.107,1.106,1.147,1.237,1.229,1.31,1.018,1.032,1.023,1.034,1,1,1.797,1.97,1.455,1.586,1.033,1.029,11.48,60.91,76.22,3.706,4.066,4.147,0.9639,0.2765,0.1902,28.06,28.7,29,66.27
28023,2.237,3.335,4.134,8.823,,,1.957,2.633,0.7081,0.5449,,,1.098,1.106,1.149,1.121,1.179,1.265,1.2,1.344,1.031,1.038,0.9906,1.005,0.9921,0.9937,1.801,1.975,1.444,1.582,1.072,1.044,13.99,56.63,70.7,3.307,3.898,3.742,0.4676,0.1082,0.08622,27.12,26.86,27.25,63.54
28025,2.214,3.227,3.68,7.538,,,1.732,2.246,0.7225,0.5739,,,1.096,1.135,1.146,1.19,1.335,1.403,1.382,1.455,1.046,1.056,0.9997,1.007,0.9917,0.992,1.837,2.035,1.449,1.593,1.074,1.076,12.33,52.4,64.26,3.063,3.617,3.798,1.809,0.4931,0.3819,27.06,27.05,27.25,56.12
28027,1.95,2.732,4.186,8.32,,,1.4,1.692,0.6901,0.5349,,,1.111,1.173,1.127,1.219,1.261,1.445,1.469,1.717,1.035,1.06,1.011,1.02,0.9968,0.9941,1.685,1.812,1.417,1.524,1.054,1.059,18.04,58.96,68.78,2.912,3.498,3.544,4.116,1.465,1.04,30.28,30.62,30.88,63.96
28029,2.27,3.236,4.168,8.775,,,1.58,1.956,0.6679,0.4982,,,1.071,1.09,1.098,1.111,1.154,1.255,1.169,1.28,1.022,1.033,1.01,1.029,0.9984,0.9994,1.758,1.917,1.445,1.567,1.037,1.025,13.16,63.32,77.06,3.27,3.725,3.723,0.6015,0.1894,0.1359,27.1,27.36,27.88,68.96
28031,2.622,3.994,,,,,1.679,2.143,0.6613,0.4901,,,1.088,1.077,1.138,1.096,1.169,1.254,1.157,1.255,1.033,1.032,1.005,0.9979,0.9941,0.9934,1.775,1.962,1.412,1.534,1.056,1.031,10.72,50.78,64.06,3.852,4.347,4.199,0.4767,0.1098,0.09149,27.89,28.04,27.84,61.87
28033,2.129,3.081,3.808,7.751,,,1.424,1.734,0.6986,0.5549,,,1.087,1.153,1.109,1.185,1.233,1.393,1.303,1.553,1.037,1.064,1.025,1.023,0.996,0.9926,1.919,2.085,1.474,1.596,1.061,1.09,12.2,55.36,65.43,2.817,3.275,3.382,4.276,1.384,1.034,27.74,28.42,28.37,53.27
28035,2.161,3.073,4.883,10.66,,,1.531,1.877,0.664,0.4864,,,1.086,1.069,1.089,1.084,1.17,1.225,1.19,1.275,1.028,1.035,0.9858,0.9851,0.9903,0.9927,1.585,1.706,1.38,1.489,1.065,1.036,15.73,64.38,78.26,3.909,4.561,4.361,0.2558,0.09392,0.06906,27.15,26.76,26.74,77.91
28037,2.51,3.794,,,,,1.631,2.043,0.6603,0.4865,,,1.069,1.092,1.092,1.104,1.156,1.245,1.191,1.293,1.022,1.021,0.9992,1.036,1.002,1.003,1.739,1.904,1.402,1.524,1.045,1.031,11.56,53.47,68.67,3.512,4.045,3.974,0.5398,0.151,0.0942,26.08,26.06,27.02,66.66
28039,2.263,3.332,,,,,1.57,1.945,0.6675,0.4979,,,1.065,1.064,1.062,1.085,1.153,1.164,1.158,1.221,1.024,1.038,0.9793,0.9971,0.9843,0.9897,1.675,1.824,1.403,1.524,1.058,1.032,13.76,59.44,74.14,3.867,4.482,4.29,0.203,0.05985,0.03362,26,25.46,25.93,73.39
28041,2.045,2.892,4.388,9.202,,,1.837,2.423,0.7194,0.5641,,,1.082,1.067,1.08,1.083,1.166,1.204,1.167,1.264,1.03,1.041,0.9788,0.9885,0.9854,0.9901,1.597,1.731,1.412,1.535,1.071,1.038,18.13,65.88,80.14,3.857,4.538,4.389,0.3108,0.08885,0.0716,27.17,26.59,26.86,79.17
28043,2.145,3.08,3.902,7.569,,,1.701,2.218,0.7294,0.5805,,,1.08,1.153,1.076,1.185,1.246,1.382,1.317,1.521,1.032,1.048,1.012,1.024,0.9968,0.9971,1.783,1.945,1.451,1.586,1.057,1.048,15.17,55.73,67.43,3.472,3.952,4.058,2.189,0.6177,0.4753,27.85,28.2,28.52,60.24
28045,2.778,4.557,,,,,1.3,1.495,0.6055,0.4353,,,1.067,1.07,1.033,1.036,1.146,1.154,1.16,1.19,1.018,1.018,1.001,1.013,0.9916,0.9955,1.978,2.184,1.364,1.466,1.036,1.021,6.413,41.52,53.28,4.569,4.969,4.851,0.0964,0.02838,0.01094,26.66,26.7,27.02,54.02
28047,3.222,5.634,,,,,1.263,1.433,0.5205,0.3169,,,1.062,1.049,1.056,1.021,1.143,1.138,1.175,1.21,1.017,1.023,0.9825,0.9998,0.9911,0.9955,2.097,2.328,1.352,1.458,1.029,1.021,5.023,36.99,51.19,4.731,5.119,5.004,0.08418,0.02215,0.008219,27.24,26.76,27.24,51.56
28049,2.19,3.067,3.68,7.332,,,1.555,1.919,0.6866,0.5301,,,1.066,1.091,1.085,1.113,1.149,1.24,1.176,1.257,1.019,1.023,1.026,1.04,0.9986,0.9994,1.747,1.895,1.459,1.584,1.052,1.029,14.81,67.1,81,2.867,3.323,3.27,0.8549,0.2487,0.1832,27.53,28.24,28.63,70.19
28051,2.354,3.427,4.331,9.001,,,1.657,2.119,0.7017,0.5536,,,1.062,1.086,1.049,1.074,1.207,1.302,1.2,1.314,1.027,1.036,1.013,1.028,0.9959,0.9967,1.824,1.99,1.456,1.588,1.074,1.058,12.36,56.31,69.34,2.931,3.521,3.561,1.631,0.4107,0.2983,27.84,28.2,28.63,60.79
28053,1.861,2.504,3.941,7.559,,,1.402,1.693,0.663,0.4936,,,1.052,1.093,1.019,1.055,1.18,1.307,1.227,1.395,1.024,1.04,1.026,1.041,0.995,0.9948,1.584,1.708,1.39,1.505,1.074,1.052,21.89,67.25,78.47,2.992,3.606,3.629,2.164,0.5934,0.408,28.8,29.54,29.96,74.38
28055,2.031,2.779,3.941,7.76,,,1.4,1.674,0.6784,0.5162,,,1.057,1.098,1.033,1.073,1.174,1.299,1.241,1.377,1.02,1.039,1.036,1.06,0.9977,0.9987,1.676,1.81,1.424,1.539,1.066,1.04,17.93,67.68,80.07,3.59,4.103,4.074,1.966,0.5407,0.3722,28.88,29.91,30.61,71.48
28057,2.006,2.902,3.236,6.515,,,1.934,2.657,0.7375,0.5893,,,1.099,1.152,1.102,1.166,1.314,1.452,1.343,1.494,1.046,1.065,1.009,1.032,0.9922,0.991,1.8,2.009,1.452,1.608,1.072,1.084,13.91,51.48,63.05,3.266,3.914,3.985,2.015,0.6207,0.47,26.2,26.42,27.03,56.14
28059,3.515,6.263,,,,,1.263,1.436,0.5483,0.35,,,1.048,1.055,1.055,1.045,1.131,1.135,1.175,1.203,1.02,1.025,0.9795,0.9961,0.9894,0.9948,2.118,2.373,1.342,1.448,1.044,1.033,4.706,32.86,47.15,4.341,4.827,4.636,0.07679,0.02366,0.009942,26.59,26.05,26.49,48.94
28061,2.382,3.598,4.72,10.37,,,1.897,2.53,0.7044,0.5412,,,1.084,1.105,1.132,1.13,1.167,1.269,1.156,1.287,1.027,1.035,0.9841,1.003,0.9934,0.9937,1.784,1.947,1.429,1.556,1.045,1.026,12.27,54.09,67.66,3.546,4.089,3.899,0.5132,0.1463,0.116,27.61,27.17,27.68,62.89
28063,2.618,3.899,,,,,1.548,1.912,0.665,0.497,,,1.085,1.11,1.107,1.118,1.141,1.237,1.199,1.297,1.019,1.027,1.012,1.031,1.001,1.002,1.818,1.992,1.437,1.565,1.037,1.036,10.18,57.14,72.61,3.577,3.969,3.957,0.8147,0.2122,0.1617,26.78,27.1,27.61,64.69
28065,2.449,3.657,5.091,11.18,,,1.778,2.292,0.6923,0.5335,,,1.091,1.087,1.14,1.117,1.201,1.294,1.2,1.296,1.044,1.042,1.008,1.012,0.9959,0.995,1.772,1.929,1.437,1.561,1.056,1.032,12.22,57.46,71.82,3.674,4.231,4.115,0.4451,0.1264,0.1043,27.76,27.99,28.09,66.05
28067,2.272,3.342,5.456,12,,,1.604,2.007,0.6724,0.498,,,1.097,1.09,1.138,1.097,1.176,1.271,1.199,1.35,1.031,1.037,0.9873,0.9985,0.9916,0.9927,1.687,1.83,1.393,1.508,1.057,1.034,13.61,56.06,69.38,3.436,4.03,3.907,0.4021,0.131,0.1001,27.39,27.04,27.35,68.62
28069,2.284,3.442,4.194,9.173,,,1.805,2.381,0.7135,0.5661,,,1.084,1.093,1.124,1.106,1.214,1.286,1.212,1.31,1.028,1.036,0.9843,1.013,0.9905,0.9928,1.835,2.034,1.454,1.594,1.093,1.058,12.16,52.74,66.48,2.59,3.09,2.996,0.8764,0.2174,0.1709,26.59,26.17,26.94,59.78
28071,2.275,3.398,4.128,8.804,,,1.77,2.363,0.7566,0.6253,,,1.088,1.17,1.069,1.2,1.244,1.423,1.292,1.578,1.039,1.061,1.02,1.027,0.9948,0.9939,1.927,2.139,1.48,1.628,1.057,1.059,11.15,48.72,60.48,3.506,4.12,4.218,3.546,1.207,0.8703,27.4,27.94,28.16,51.59
28073,2.362,3.468,5.382,12.42,,,1.531,1.872,0.645,0.4645,,,1.1,1.087,1.13,1.113,1.183,1.247,1.193,1.298,1.031,1.035,0.9839,0.9819,0.992,0.9931,1.656,1.795,1.388,1.501,1.054,1.031,12.5,59.76,73.93,4.237,4.864,4.575,0.2688,0.09311,0.06165,27.86,27.41,27.35,72.11
28075,2.247,3.421,4.427,9.88,,,1.77,2.317,0.6878,0.528,,,1.084,1.102,1.12,1.113,1.182,1.287,1.182,1.333,1.024,1.031,0.9909,1.01,0.9914,0.993,1.796,1.991,1.434,1.573,1.075,1.04,12.51,52.34,66.55,2.506,2.833,2.77,0.6662,0.1307,0.1082,26.46,26.22,26.74,61.6
28077,2.175,3.089,3.785,7.471,,,1.708,2.164,0.6984,0.5433,,,1.087,1.101,1.151,1.154,1.198,1.287,1.229,1.316,1.038,1.044,0.9992,1.02,0.9969,0.9971,1.669,1.791,1.441,1.558,1.059,1.034,16.65,66.56,80.83,3.626,4.182,4.05,0.4926,0.1634,0.1196,27.74,27.72,28.29,74.22
28079,2.241,3.248,4.182,8.767,,,1.906,2.564,0.7314,0.5788,,,1.086,1.115,1.122,1.133,1.245,1.323,1.24,1.339,1.035,1.038,0.9975,1.015,0.9944,0.9942,1.754,1.919,1.442,1.574,1.06,1.056,13.52,55.89,68.37,3.291,3.885,3.892,1.261,0.3562,0.2742,27.95,27.88,28.36,62.44
28081,2.008,2.903,3.511,7.126,,,1.704,2.238,0.7264,0.5812,,,1.092,1.163,1.104,1.221,1.281,1.412,1.315,1.523,1.037,1.059,0.9986,1.034,0.9917,0.9925,1.786,1.986,1.442,1.594,1.057,1.062,14.78,52.96,64.96,3.162,3.646,3.755,2.265,0.6238,0.493,26.59,26.55,27.5,57.61
28083,2.005,2.77,3.986,7.611,,,1.417,1.715,0.6677,0.5056,,,1.062,1.128,1.06,1.14,1.197,1.366,1.235,1.473,1.019,1.036,1.033,1.039,0.9974,0.9972,1.67,1.799,1.423,1.54,1.051,1.046,18.5,64.47,76.11,2.95,3.539,3.528,2.16,0.599,0.4213,27.85,28.77,28.93,69.29
28085,2.465,3.708,4.243,8.849,,,1.716,2.179,0.657,0.4916,,,1.072,1.095,1.117,1.118,1.175,1.257,1.226,1.304,1.022,1.027,0.9995,1.025,0.9987,0.9987,1.888,2.062,1.434,1.555,1.043,1.016,11.47,52.84,66.14,3.422,3.894,3.805,0.5734,0.1737,0.1116,26.84,26.83,27.52,60.15
28087,2.022,2.875,3.402,6.672,,,1.653,2.113,0.7135,0.5601,,,1.111,1.123,1.164,1.148,1.312,1.373,1.369,1.445,1.04,1.049,0.9884,1.002,0.9909,0.9925,1.717,1.883,1.426,1.556,1.081,1.086,15.73,56.53,67.69,3.041,3.583,3.734,1.537,0.41,0.3251,26.88,26.57,26.94,62.74
28089,2.188,3.113,4.091,8.359,,,1.646,2.096,0.7032,0.5554,,,1.07,1.091,1.085,1.108,1.207,1.269,1.259,1.306,1.03,1.032,1.008,1.016,0.9963,0.9961,1.697,1.842,1.442,1.568,1.059,1.048,15.41,61.53,74.88,2.796,3.279,3.255,1.184,0.304,0.2305,27.93,28.14,28.36,68.77
28091,2.278,3.288,5.072,11.59,,,1.542,1.881,0.6508,0.4821,,,1.085,1.096,1.138,1.148,1.17,1.247,1.189,1.306,1.025,1.038,0.9937,1.001,0.9955,0.9953,1.656,1.8,1.405,1.522,1.049,1.021,13.82,64.2,78.4,4.067,4.641,4.397,0.2984,0.09685,0.06656,27.44,27.26,27.46,73.91
28093,2.341,3.547,3.875,8.272,,,1.798,2.407,0.7545,0.6234,,,1.087,1.158,1.09,1.166,1.233,1.428,1.322,1.6,1.042,1.067,0.9968,1.029,0.9942,0.9934,2.093,2.313,1.521,1.668,1.066,1.088,9.194,46.04,57.01,3.266,3.746,3.879,4.72,1.679,1.275,27.39,27.3,28.17,45
28095,2.097,3.025,3.602,7.209,,,1.754,2.293,0.7213,0.5694,,,1.114,1.146,1.153,1.188,1.341,1.424,1.359,1.465,1.045,1.058,0.9955,1.015,0.9908,0.9909,1.809,2.01,1.46,1.611,1.076,1.082,13.67,54.33,66.18,3.005,3.624,3.718,1.759,0.4744,0.3656,26.4,26.28,26.8,57.06
28097,2.382,3.568,3.813,7.652,,,2.003,2.768,0.749,0.6069,,,1.076,1.134,1.087,1.177,1.257,1.388,1.281,1.433,1.037,1.047,1.017,1.031,0.9963,0.9969,1.986,2.197,1.496,1.642,1.055,1.055,11.09,47.04,58.64,3.416,4.017,4.149,2.201,0.6045,0.4426,27.45,27.93,28.3,49.72
28099,2.303,3.463,4.291,9.125,,,1.886,2.545,0.7246,0.5687,,,1.093,1.107,1.143,1.114,1.24,1.325,1.226,1.313,1.037,1.039,0.9896,1.022,0.9923,0.9935,1.871,2.055,1.449,1.584,1.071,1.041,12.11,51.39,64.14,3.352,3.867,3.818,1.132,0.3322,0.266,27.61,27.32,28.23,57.46
28101,2.361,3.584,4.311,9.347,,,2.088,2.901,0.7304,0.5793,,,1.08,1.092,1.109,1.105,1.213,1.297,1.199,1.289,1.029,1.03,1.003,1.022,0.9919,0.993,1.823,1.996,1.445,1.579,1.059,1.032,11.89,52.79,66.45,3.347,3.795,3.76,0.7749,0.2113,0.172,27.07,27.15,27.67,60.42
28103,2.086,3.011,3.501,6.982,,,1.612,2.049,0.7267,0.5807,,,1.099,1.098,1.143,1.109,1.262,1.302,1.301,1.348,1.036,1.048,0.9905,1.015,0.9912,0.9927,1.755,1.934,1.42,1.552,1.087,1.072,15.77,54.83,66.93,3.213,3.819,3.877,1.486,0.4614,0.369,27.48,27.22,27.89,61.96
28105,2.211,3.221,3.593,7.317,,,1.68,2.153,0.7252,0.5765,,,1.093,1.122,1.142,1.171,1.301,1.368,1.319,1.395,1.042,1.052,0.9971,1.015,0.9921,0.9934,1.839,2.03,1.443,1.577,1.084,1.086,12.71,52.67,64.32,2.982,3.522,3.722,1.948,0.5878,0.453,27.1,27.02,27.5,56.48
28107,2.229,3.258,4.06,8.306,,,1.708,2.252,0.7486,0.6137,,,1.088,1.176,1.082,1.208,1.234,1.442,1.331,1.607,1.034,1.067,1.017,1.016,0.9958,0.9932,1.853,2.019,1.479,1.615,1.047,1.056,12.56,53.51,64.7,3.421,3.998,4.156,3.886,1.416,1.067,28.53,29.01,29,55.72
28109,2.335,3.468,,,,,1.425,1.689,0.6039,0.4155,,,1.081,1.059,1.102,1.066,1.167,1.172,1.155,1.2,1.023,1.022,0.9938,1.006,0.993,0.996,1.696,1.838,1.379,1.484,1.044,1.019,11.4,57.93,70.95,4.142,4.608,4.369,0.2116,0.07391,0.05183,26.31,26.15,26.46,70
28111,2.025,2.846,4.301,8.894,,,1.745,2.256,0.7168,0.5608,,,1.079,1.078,1.075,1.09,1.167,1.22,1.171,1.269,1.031,1.039,0.984,0.9856,0.9874,0.9906,1.577,1.701,1.397,1.514,1.071,1.039,18.59,66.45,80.2,3.929,4.568,4.427,0.3086,0.09508,0.07384,27.1,26.67,26.71,79.95
28113,2.483,3.8,,,,,1.646,2.063,0.6237,0.451,,,1.054,1.066,1.095,1.093,1.135,1.18,1.153,1.227,1.012,1.012,1.006,1.022,1,1.001,1.786,1.96,1.416,1.537,1.048,1.029,11.04,54.24,68.13,3.4,3.697,3.7,0.4664,0.1024,0.08303,25.52,25.68,26.07,65.9
28115,2.277,3.453,3.88,8.361,,,1.806,2.42,0.7385,0.6,,,1.086,1.162,1.105,1.212,1.266,1.41,1.302,1.563,1.037,1.064,1.011,1.035,0.9925,0.9931,1.915,2.15,1.459,1.614,1.062,1.065,10.77,45.47,57.94,3.416,3.966,4.194,2.766,0.8395,0.6524,26.31,26.61,27.22,50.56
28117,2.296,3.528,4.076,9.039,,,1.801,2.419,0.7403,0.5943,,,1.1,1.173,1.094,1.221,1.311,1.448,1.369,1.559,1.048,1.064,1.011,1.04,0.9913,0.9909,1.927,2.175,1.446,1.602,1.078,1.071,9.869,41.98,53.79,3.236,3.791,3.874,3.68,1.346,1.033,26.57,26.85,27.64,47.08
28119,1.974,2.757,4.057,7.937,,,1.488,1.847,0.7088,0.5601,,,1.101,1.176,1.108,1.223,1.234,1.406,1.389,1.673,1.035,1.06,1.02,1.025,0.9973,0.9946,1.687,1.817,1.429,1.545,1.046,1.051,17.78,60.53,70.84,3.284,3.876,3.948,3.716,1.279,0.8836,29.67,30.26,30.42,64.87
28121,2.23,3.216,4.282,9.039,,,1.645,2.094,0.6882,0.5266,,,1.071,1.095,1.107,1.132,1.177,1.266,1.189,1.274,1.024,1.026,1.001,1.02,0.9962,0.9963,1.723,1.884,1.443,1.574,1.049,1.033,14.41,61.33,75.69,2.864,3.271,3.156,0.7607,0.1872,0.1439,26.78,26.82,27.31,68.94
28123,2.413,3.629,5.107,11.91,,,1.978,2.713,0.7215,0.572,,,1.079,1.117,1.121,1.157,1.232,1.335,1.238,1.348,1.033,1.034,0.9958,1.008,0.9929,0.9931,1.74,1.919,1.431,1.564,1.051,1.041,11.45,53.96,68.09,3.337,3.892,3.82,0.8757,0.227,0.2003,27.54,27.42,27.77,64.42
28125,1.869,2.494,3.899,7.531,,,1.405,1.69,0.6804,0.5189,,,1.047,1.089,1.011,1.061,1.151,1.284,1.225,1.346,1.023,1.044,1.029,1.057,0.9968,0.9976,1.601,1.722,1.413,1.526,1.067,1.044,21.64,70.59,81.92,3.65,4.228,4.185,2.15,0.6004,0.4048,29.58,30.46,31.26,75.62
28127,2.449,3.634,4.861,10.51,,,1.796,2.355,0.7222,0.5615,,,1.07,1.074,1.107,1.1,1.158,1.238,1.163,1.229,1.024,1.026,1.013,1.023,0.9969,0.9964,1.79,1.953,1.458,1.591,1.049,1.034,12.15,58.25,73.11,3.534,3.967,3.885,0.6587,0.2113,0.1584,26.87,27.22,27.48,65.45
28129,2.542,3.858,5.378,12.29,,,1.859,2.477,0.7006,0.5396,,,1.079,1.093,1.127,1.126,1.171,1.266,1.152,1.239,1.025,1.03,1.009,1.008,0.9952,0.9953,1.764,1.939,1.431,1.562,1.043,1.028,11.05,53.48,67.82,3.621,4.084,3.948,0.5771,0.1495,0.1282,27.16,27.4,27.36,63.88
28131,2.338,3.484,,,,,1.506,1.828,0.6316,0.4505,,,1.081,1.06,1.089,1.072,1.178,1.178,1.202,1.245,1.026,1.032,0.9844,0.9959,0.9882,0.9921,1.758,1.911,1.397,1.511,1.045,1.024,12.41,57.84,72.12,4.168,4.771,4.595,0.1927,0.05298,0.03258,26.38,25.96,26.27,69.63
28133,1.955,2.655,3.918,7.312,,,1.39,1.663,0.6706,0.5134,,,1.069,1.131,1.06,1.132,1.221,1.395,1.338,1.606,1.028,1.048,1.026,1.044,0.9966,0.9959,1.688,1.815,1.44,1.555,1.068,1.052,19.22,67.19,78.12,3.16,3.82,3.886,2.661,0.7741,0.5408,29.34,30.1,30.62,69.3
28135,1.962,2.721,3.725,7.029,,,1.546,1.947,0.7199,0.5713,,,1.09,1.162,1.09,1.201,1.226,1.413,1.358,1.602,1.03,1.053,1.027,1.025,0.9976,0.9966,1.671,1.8,1.425,1.547,1.05,1.039,18.61,61.76,72.8,3.32,3.8,3.885,2.976,0.9674,0.6722,29.21,29.99,29.93,66.28
28137,2.283,3.38,4.445,9.251,,,1.575,2,0.732,0.5993,,,1.093,1.163,1.106,1.19,1.227,1.435,1.303,1.607,1.037,1.063,1.023,1.025,0.9958,0.9928,1.97,2.153,1.481,1.611,1.06,1.08,10.76,49.91,60.19,3.238,3.766,3.852,4.629,1.69,1.302,28.17,28.81,28.87,49.35
28139,2.218,3.35,3.261,6.999,,,1.976,2.741,0.7608,0.6266,,,1.098,1.171,1.082,1.184,1.258,1.427,1.299,1.587,1.044,1.069,1.01,1.035,0.993,0.9919,1.941,2.163,1.483,1.639,1.074,1.08,10.27,45.04,56.21,2.869,3.416,3.523,4.33,1.531,1.191,26.17,26.44,27.09,47.45
28141,2.296,3.537,3.688,8.247,,,2.145,3.099,0.7591,0.6148,,,1.095,1.149,1.077,1.162,1.297,1.443,1.327,1.513,1.049,1.062,1.027,1.042,0.9919,0.9914,1.947,2.2,1.483,1.648,1.083,1.094,9.512,42.57,54.71,3.21,3.738,3.743,3.613,1.276,0.9489,25.21,25.89,26.27,47.17
28143,2.027,2.882,4.419,9.006,,,1.438,1.765,0.6993,0.5534,,,1.104,1.174,1.141,1.214,1.245,1.436,1.377,1.654,1.042,1.065,1.026,1.028,0.9955,0.9919,1.734,1.87,1.438,1.554,1.049,1.064,15.98,57.83,67.87,3.104,3.6,3.652,4.673,1.691,1.259,28.57,29.32,29.37,60.89
28145,2.174,3.244,3.644,7.676,,,1.867,2.519,0.747,0.6085,,,1.093,1.172,1.092,1.219,1.263,1.418,1.325,1.574,1.042,1.068,1,1.03,0.9917,0.9919,1.91,2.129,1.475,1.633,1.066,1.071,11.58,48.67,60.71,3.283,3.803,3.945,3.09,0.9706,0.7389,27.14,27.15,27.96,51.55
28147,2.39,3.55,4.601,10.8,,,1.639,2.04,0.6513,0.491,,,1.067,1.081,1.123,1.117,1.165,1.225,1.196,1.279,1.017,1.03,0.992,1.013,0.9985,0.9985,1.753,1.914,1.413,1.532,1.042,1.017,11.76,59.41,73.15,3.772,4.137,4.024,0.3434,0.1012,0.07148,26.77,26.55,27.11,68.46
28149,2.325,3.324,5.496,12.15,,,1.5,1.837,0.6852,0.5307,,,1.066,1.086,1.072,1.081,1.176,1.251,1.246,1.299,1.015,1.021,1.037,1.062,0.9994,1,1.77,1.936,1.446,1.574,1.05,1.038,13.11,64.05,79.02,3.017,3.414,3.383,1.203,0.3115,0.2338,27.4,28.42,29.1,68.47
28151,1.931,2.612,3.917,7.468,,,1.372,1.636,0.6758,0.5162,,,1.046,1.119,0.9977,1.098,1.148,1.324,1.262,1.491,1.022,1.048,1.021,1.022,0.9959,0.996,1.633,1.758,1.422,1.537,1.071,1.049,19.84,68.87,80.36,2.971,3.572,3.611,2.516,0.7366,0.4853,28.76,29.36,29.41,73.03
28153,2.162,3.147,4.535,9.8,,,1.858,2.476,0.7108,0.5516,,,1.114,1.086,1.151,1.099,1.201,1.258,1.198,1.301,1.038,1.041,0.9967,1.017,0.9881,0.9909,1.663,1.813,1.417,1.545,1.078,1.045,15.65,60.44,74.99,3.396,4.072,3.975,0.3552,0.09071,0.07599,26.73,26.64,27.17,72.51
28155,2.249,3.325,3.495,6.993,,,2.025,2.808,0.7416,0.6028,,,1.083,1.125,1.119,1.174,1.268,1.357,1.246,1.38,1.035,1.042,1.011,1.007,0.9944,0.9949,1.881,2.09,1.476,1.624,1.059,1.056,12.22,49.12,61.06,2.891,3.46,3.568,1.917,0.5088,0.3764,27.4,27.71,27.6,54.1
28157,2.707,4.092,,,,,1.464,1.768,0.6502,0.4743,,,1.07,1.09,1.087,1.095,1.151,1.222,1.242,1.328,1.019,1.021,1.017,1.041,1.003,1.005,1.77,1.924,1.39,1.5,1.037,1.031,9.347,55.65,69.96,4.23,4.608,4.581,0.4344,0.1221,0.1269,26.37,26.81,27.46,67.75
28159,2.327,3.479,3.794,7.959,,,1.738,2.252,0.7135,0.5608,,,1.108,1.119,1.173,1.135,1.284,1.358,1.266,1.338,1.038,1.044,0.9953,1.014,0.9934,0.9948,1.967,2.172,1.473,1.61,1.084,1.07,11.11,50.51,62.44,3.077,3.724,3.787,1.834,0.5375,0.4055,27.61,27.48,27.99,52.78
28161,2.208,3.231,3.868,7.665,,,1.765,2.353,0.7537,0.6136,,,1.084,1.169,1.083,1.198,1.263,1.418,1.338,1.598,1.036,1.061,1.008,1.023,0.9956,0.9952,1.841,2.026,1.454,1.591,1.053,1.043,13.2,50.4,61.66,3.841,4.315,4.482,2.82,0.9267,0.7007,28.11,28.34,28.75,55.18
28163,2.143,2.997,4.274,8.796,,,1.496,1.833,0.688,0.5369,,,1.059,1.078,1.053,1.087,1.185,1.268,1.221,1.302,1.022,1.032,1.019,1.029,0.9973,0.9968,1.701,1.844,1.44,1.563,1.054,1.047,15.89,65.04,78.22,2.87,3.335,3.379,1.481,0.3802,0.2704,27.89,28.43,28.7,69.89
29001,2.596,4.442,3.348,7.425,,,2.22,3.544,0.8347,0.7203,0.4228,0.2754,1.093,1.107,1.095,1.068,1.198,1.35,1.19,1.376,1.006,1.051,1.018,0.995,1.002,1.004,3.147,3.802,1.775,2.014,1.102,1.092,4.362,24.87,34.49,1.181,1.68,1.688,37.73,21.45,19.02,29.66,30.19,29.51,18.95
29003,2.44,3.911,3.434,7.387,,,2.092,3.123,0.8322,0.71,0.4625,0.3202,1.085,1.069,1.085,1.063,1.195,1.316,1.254,1.328,0.9993,1.045,1.005,0.9952,0.997,1.002,2.616,3.125,1.705,1.932,1.102,1.082,6.394,33.16,44.59,0.9837,1.364,1.377,33.49,19.22,16.24,32.84,33,32.69,26.42
29005,2.353,3.686,3.502,7.411,,,2.154,3.271,0.8525,0.7352,0.4834,0.3324,1.058,1.077,1.067,1.066,1.124,1.29,1.245,1.358,0.9972,1.046,0.9805,0.9779,0.9978,1.002,2.565,3.023,1.739,1.977,1.085,1.056,7.687,36.34,48.87,1.088,1.544,1.452,35.78,22.32,19.45,36.1,35.39,35.3,28.5
29007,2.19,3.455,2.83,5.652,,,2.121,3.243,0.8235,0.6996,0.4364,0.3107,1.08,1.102,1.128,1.115,1.192,1.332,1.258,1.399,1.017,1.057,1.016,1.007,0.9958,0.9972,2.581,3.02,1.707,1.926,1.129,1.135,7.422,33.86,44.65,1.398,1.768,1.771,28.68,15.3,13.36,28.58,29.03,28.78,27.88
29009,2.282,3.54,2.918,5.427,,,2.211,3.325,0.8072,0.674,0.4986,0.3909,1.06,1.121,1.081,1.169,1.165,1.367,1.196,1.444,0.9986,1.057,1.005,1.023,0.9989,0.9997,2.666,3.085,1.696,1.891,1.07,1.08,6.925,33.21,42.69,1.749,2.103,2.236,13.3,6.283,5.454,28.29,28.42,28.94,27.61
29011,2.005,2.909,2.61,4.602,,,1.805,2.478,0.8038,0.6664,0.5345,0.4108,1.048,1.122,1.054,1.208,1.151,1.346,1.13,1.337,0.9959,1.047,1.005,1.023,0.9968,0.9993,2.174,2.459,1.57,1.742,1.07,1.064,11.64,40.23,50.6,1.709,2.128,2.194,16.37,8.537,7.067,30.95,31.11,31.67,36.95
29013,1.934,2.764,2.473,4.355,,,1.908,2.699,0.8148,0.6901,0.5168,0.402,1.048,1.116,1.035,1.177,1.122,1.296,1.157,1.378,0.9829,1.034,1.016,1.01,0.9989,1.003,2.114,2.415,1.6,1.781,1.088,1.068,12.96,44.57,54.99,1.793,2.308,2.279,19.26,10.15,8.716,30.67,31.17,30.98,39.43
29015,2.008,2.933,2.567,4.613,,,2.098,3.145,0.8323,0.7071,0.4998,0.3811,1.063,1.094,1.068,1.102,1.2,1.314,1.206,1.373,1.004,1.053,1.007,1.005,0.9965,0.9981,2.269,2.609,1.674,1.873,1.115,1.092,10.49,41.04,51.06,1.626,2.255,2.258,19.27,10.72,9.27,28.88,29.08,29.03,34.43
29017,2.308,3.514,3.635,7.448,,,2.321,3.597,0.8068,0.6761,0.4733,0.3563,1.055,1.174,1.02,1.176,1.214,1.465,1.192,1.45,1.033,1.088,1.01,1.011,0.9965,0.9961,2.399,2.684,1.664,1.853,1.107,1.106,7.658,40.03,50,2.113,2.634,2.738,13.07,5.177,4.186,27.07,27.33,27.36,34.09
29019,2.25,3.556,2.909,5.84,,,1.955,2.889,0.8078,0.6801,0.4328,0.3167,1.075,1.091,1.121,1.102,1.201,1.303,1.222,1.312,1.008,1.044,1.012,0.9983,0.9979,0.9991,2.608,3.028,1.696,1.902,1.13,1.109,6.838,33.99,44.62,1.191,1.545,1.597,25.46,12.89,11.19,28.83,29.18,28.79,27.88
29021,2.248,3.46,3.378,6.825,,,1.921,2.733,0.828,0.7051,0.4806,0.3548,1.075,1.057,1.075,1.04,1.16,1.266,1.161,1.287,0.9905,1.036,1.002,0.9969,0.9975,1.002,2.547,2.993,1.714,1.937,1.102,1.09,7.757,37.87,49.62,1.096,1.536,1.453,28.71,16.38,13.92,32.27,32.34,32.17,29.53
29023,2.072,3.043,3.441,7.01,,,1.755,2.385,0.7805,0.645,,,1.075,1.169,1.058,1.185,1.273,1.439,1.262,1.443,1.037,1.08,1.019,1.03,0.9957,0.9951,1.937,2.13,1.517,1.674,1.062,1.059,12.72,48.71,59.62,2.421,3.014,3.093,9.923,3.628,3.062,27.16,27.69,27.97,47.32
29025,2.262,3.613,3.102,6.676,,,2.275,3.563,0.8433,0.7298,0.4933,0.3625,1.09,1.101,1.139,1.129,1.199,1.312,1.206,1.302,1.001,1.047,1.021,1.013,0.999,1.003,2.598,3.086,1.728,1.96,1.106,1.084,6.884,32.68,43.72,1.525,1.947,1.952,32.56,18.37,15.91,31.53,32.18,31.96,26.42
29027,2.174,3.36,2.811,5.412,,,2.12,3.248,0.8223,0.6988,0.449,0.3394,1.073,1.099,1.102,1.094,1.22,1.336,1.239,1.361,1.013,1.055,1.001,1.002,0.9969,0.9975,2.523,2.921,1.704,1.91,1.133,1.119,7.619,34.57,44.91,1.115,1.513,1.506,25.58,13.42,11.8,28.28,28.3,28.34,28.67
29029,2.012,2.998,2.65,4.863,,,2.007,2.989,0.8032,0.669,0.4486,0.3373,1.065,1.097,1.068,1.11,1.212,1.365,1.205,1.405,1.008,1.057,1.009,1.007,0.997,0.9976,2.245,2.57,1.63,1.822,1.093,1.095,10.75,40,50.86,1.379,1.814,1.818,15.95,7.401,6.262,27.37,27.61,27.58,35.83
29031,2.142,3.198,3.239,6.619,,,1.883,2.676,0.7883,0.6535,0.4321,0.3059,1.054,1.165,1.015,1.154,1.235,1.474,1.249,1.497,1.03,1.084,1.015,1.022,0.9962,0.9966,2.1,2.316,1.562,1.723,1.108,1.112,9.943,44.11,54.17,1.746,2.205,2.251,12.81,5.343,4.456,25.81,26.21,26.37,41.56
29033,2.202,3.396,3.128,6.42,,,1.983,2.907,0.8201,0.6956,0.4531,0.3213,1.075,1.108,1.127,1.134,1.204,1.312,1.238,1.324,1.001,1.046,1.014,1.006,0.9981,1.001,2.435,2.836,1.674,1.885,1.094,1.082,8.327,38.2,49.8,1.641,2.127,2.143,27.86,15.1,12.98,30.53,30.95,30.71,31.44
29035,1.995,2.981,2.696,5.215,,,2.563,4.33,0.8222,0.6948,0.4875,0.3717,1.057,1.155,1.046,1.173,1.223,1.447,1.207,1.408,1.028,1.071,1.006,1.026,0.9946,0.9952,2.013,2.245,1.574,1.76,1.086,1.085,11.72,41.76,52.69,1.816,2.233,2.363,10.06,3.958,3.257,26.18,26.32,26.85,43.19
29037,2.011,2.974,2.638,4.881,,,1.95,2.799,0.813,0.6876,0.4743,0.3573,1.066,1.087,1.077,1.116,1.148,1.281,1.177,1.293,0.988,1.027,1.014,0.9949,0.9978,1.002,2.268,2.625,1.634,1.831,1.107,1.069,10.9,40.63,51.25,1.545,2.003,1.95,22.61,12.26,10.63,30.63,31.07,30.47,34.61
29039,1.914,2.744,2.489,4.462,,,1.863,2.647,0.8155,0.6844,0.5276,0.4108,1.053,1.108,1.066,1.175,1.146,1.305,1.131,1.29,0.9891,1.042,1.01,1.029,0.9975,1.001,2.046,2.32,1.566,1.74,1.08,1.069,12.61,41.45,51.1,1.933,2.422,2.474,16.91,9.03,7.659,29.91,30.2,30.77,38.72
29041,2.296,3.582,3.309,6.934,,,1.972,2.873,0.8206,0.6945,0.46,0.3249,1.078,1.113,1.131,1.146,1.212,1.332,1.242,1.378,1.005,1.047,1.037,1.018,1,1.003,2.593,3.023,1.705,1.914,1.112,1.109,6.821,36.76,47.87,1.675,2.11,2.184,27.57,15.26,13.2,29.5,30.59,30.04,28.81
29043,2.223,3.41,2.825,5.276,,,2.527,4.026,0.815,0.6835,0.4517,0.3395,1.063,1.137,1.062,1.182,1.185,1.397,1.211,1.427,0.9992,1.062,1.023,1.039,0.9982,0.9986,2.564,2.96,1.731,1.947,1.083,1.079,7.39,36,46.34,1.847,2.274,2.309,14.81,6.911,5.845,28.85,29.52,29.97,29.37
29045,2.546,4.396,3.602,7.849,,,2.11,3.263,0.8218,0.7029,0.4168,0.2663,1.058,1.113,1.047,1.095,1.183,1.386,1.24,1.455,1.018,1.061,1.022,1.006,0.9989,1.001,3.009,3.635,1.725,1.957,1.112,1.128,4.94,26.1,36.13,1.308,1.849,1.842,35.47,19.52,16.83,29.18,29.82,29.36,20.52
29047,2.115,3.152,2.88,5.435,,,1.775,2.436,0.816,0.688,0.4711,0.3516,1.054,1.068,1.073,1.086,1.152,1.274,1.159,1.273,0.9839,1.025,0.9979,0.9807,0.9962,1.001,2.505,2.906,1.731,1.943,1.121,1.085,9.145,40.96,51.6,1.169,1.504,1.473,26.63,14.45,12.27,31.3,31.24,30.7,30.67
29049,2.256,3.554,3.268,6.811,,,2.221,3.424,0.8459,0.7308,0.5089,0.3851,1.081,1.077,1.103,1.092,1.191,1.28,1.195,1.261,0.9979,1.038,1.001,0.9991,0.9968,1.001,2.606,3.097,1.762,2,1.113,1.096,6.978,34.16,45.02,1.392,1.762,1.765,30.31,17.21,14.84,31.4,31.44,31.37,26.53
29051,2.034,3.017,2.72,5.086,,,1.957,2.877,0.8104,0.6764,0.4638,0.3617,1.076,1.107,1.1,1.097,1.219,1.342,1.216,1.346,1.008,1.051,0.9878,0.9888,0.9976,0.9982,2.245,2.561,1.635,1.828,1.104,1.1,10.53,41.65,52.99,1.102,1.53,1.534,19.67,9.989,8.461,29.18,28.83,28.86,36.36
29053,2.131,3.286,2.813,5.575,,,1.856,2.659,0.8103,0.679,0.4432,0.3161,1.072,1.087,1.115,1.086,1.191,1.284,1.241,1.276,1.007,1.053,0.9987,0.9943,0.9966,0.9985,2.39,2.77,1.64,1.832,1.108,1.095,7.832,35.97,46.71,1.534,1.979,2.013,24.75,13.34,11.41,29.77,29.73,29.6,31.18
29055,2.165,3.34,3.037,5.904,,,2.355,3.985,0.8241,0.6941,0.4297,0.3134,1.069,1.138,1.09,1.157,1.196,1.434,1.202,1.441,1.019,1.078,0.9937,1.009,0.9959,0.9964,2.514,2.894,1.73,1.947,1.148,1.145,7.613,35.46,46.03,1.241,1.768,1.696,17.32,7.866,6.479,26.59,26.42,26.83,30.87
29057,1.945,2.76,2.543,4.523,,,1.837,2.555,0.7982,0.6594,0.479,0.3645,1.048,1.123,1.06,1.203,1.165,1.357,1.14,1.358,0.9992,1.049,1.005,1.034,0.9978,0.9997,2.102,2.367,1.593,1.766,1.073,1.074,11.95,43.58,53.67,1.844,2.268,2.338,15.62,7.869,6.501,29.94,30.07,30.94,39.06
29059,2.074,3.097,2.527,4.689,,,2.003,2.953,0.8065,0.6792,0.4692,0.3533,1.064,1.094,1.067,1.12,1.21,1.358,1.179,1.379,1.006,1.051,1.018,1.018,0.9978,0.9987,2.349,2.687,1.672,1.866,1.097,1.075,8.876,38.8,49.07,1.707,2.134,2.269,16.41,7.922,6.877,28.24,28.75,28.74,32.77
29061,2.28,3.631,3.091,6.507,,,2.249,3.478,0.8392,0.724,0.4855,0.3449,1.086,1.09,1.113,1.081,1.198,1.339,1.257,1.413,1.002,1.053,1.02,1.009,0.999,1.004,2.68,3.169,1.748,1.979,1.121,1.095,6.703,33.53,44.71,1.356,1.792,1.813,33.35,19.18,16.78,31.79,32.43,32.07,25.82
29063,2.311,3.642,3.17,6.694,,,2.24,3.432,0.8417,0.7243,0.4915,0.3512,1.094,1.092,1.116,1.096,1.195,1.321,1.27,1.337,1.007,1.058,1.011,1.008,0.9976,1.002,2.655,3.148,1.776,2.014,1.111,1.102,6.496,34.6,45.54,1.362,1.756,1.753,33.55,19.74,17.04,32.5,32.86,32.77,25.89
29065,2.265,3.566,3.053,5.903,,,2.162,3.438,0.8078,0.6723,0.3827,0.2601,1.057,1.131,1.069,1.126,1.163,1.437,1.263,1.579,1.014,1.069,1.016,1.019,0.9967,0.9967,2.705,3.151,1.7,1.904,1.112,1.103,6.11,30.72,40.3,1.532,2.003,1.897,16.71,7.213,5.786,26.77,27.2,27.27,26.58
29067,2.068,3.165,2.578,4.662,,,2.273,3.575,0.8052,0.6713,0.4741,0.3514,1.064,1.124,1.063,1.123,1.198,1.412,1.233,1.416,1.004,1.066,1.022,1.04,0.9975,0.9982,2.321,2.654,1.624,1.82,1.089,1.075,8.912,35.31,45.41,1.698,2.16,2.146,12.88,5.809,4.968,27.29,27.88,28.37,32.62
29069,1.916,2.733,3.013,5.892,,,1.576,2.026,0.7327,0.5837,,,1.086,1.154,1.068,1.151,1.269,1.411,1.296,1.419,1.042,1.072,1.021,1.035,0.9973,0.9961,1.817,1.972,1.476,1.613,1.074,1.085,16.38,56.2,66.17,2.259,2.874,2.884,8.804,3.059,2.37,27.57,28.16,28.53,54.88
29071,2.096,3.181,2.69,5.12,,,2.135,3.369,0.8145,0.6856,0.4273,0.3225,1.068,1.145,1.09,1.179,1.2,1.419,1.192,1.409,1.02,1.084,1.003,1.014,0.9956,0.996,2.287,2.603,1.66,1.859,1.144,1.122,9.528,38.75,49.5,1.259,1.784,1.704,18.84,8.934,7.717,27.25,27.32,27.62,35.2
29073,2.088,3.168,2.716,5.207,,,2.131,3.334,0.8126,0.6844,0.4269,0.3178,1.071,1.145,1.095,1.187,1.217,1.42,1.211,1.41,1.018,1.071,1.003,1.014,0.9958,0.9965,2.306,2.666,1.668,1.871,1.149,1.131,9.203,36.46,46.81,1.213,1.69,1.624,20.38,10.08,8.665,26.77,26.87,27.14,32.69
29075,2.326,3.691,3.061,6.354,,,2.296,3.552,0.8393,0.7188,0.4728,0.3165,1.081,1.092,1.087,1.084,1.181,1.361,1.279,1.413,1.001,1.055,1.005,1.002,0.9969,1.001,2.748,3.226,1.761,1.991,1.11,1.091,6.808,34.29,45.7,1.245,1.617,1.644,35.38,20.54,17.66,32.79,32.95,32.85,25.55
29077,2.214,3.364,2.906,5.522,,,1.997,2.885,0.7971,0.6637,0.4389,0.3201,1.056,1.116,1.052,1.135,1.177,1.391,1.215,1.47,0.9939,1.042,1.022,1.033,0.9985,1.001,2.484,2.841,1.679,1.876,1.088,1.074,7.83,38.03,48.79,1.316,1.614,1.647,16.06,7.378,6.267,27.81,28.43,28.72,31
29079,2.263,3.564,3.002,6.169,,,2.23,3.42,0.8362,0.7218,0.4837,0.3398,1.083,1.091,1.128,1.088,1.192,1.382,1.232,1.464,1.009,1.063,1.014,1.01,0.9993,1.002,2.677,3.143,1.763,1.994,1.132,1.1,7.092,35.95,47.2,1.201,1.679,1.773,32.98,19.34,17.16,31.36,31.79,31.66,26.78
29081,2.319,3.759,2.918,6.057,,,2.308,3.619,0.8438,0.7281,0.4781,0.3225,1.068,1.087,1.08,1.084,1.193,1.383,1.238,1.437,0.9952,1.053,1.016,1.005,0.999,1.003,2.765,3.299,1.767,2.008,1.121,1.104,6.259,30.99,41.93,1.064,1.46,1.504,36.95,22.16,19.47,31.64,32.14,31.79,23.74
29083,2.014,2.956,2.768,5.041,,,2.03,2.95,0.8244,0.6941,0.5064,0.3876,1.054,1.095,1.047,1.103,1.167,1.307,1.212,1.417,0.9988,1.048,1.017,1.004,0.9988,1.002,2.28,2.616,1.656,1.853,1.101,1.071,11.07,43.04,53.95,1.894,2.434,2.443,20.34,11.22,9.377,29.89,30.39,30.01,35.61
29085,1.987,2.926,2.476,4.419,,,2.028,3.009,0.8216,0.6937,0.5089,0.396,1.06,1.096,1.051,1.115,1.212,1.347,1.222,1.389,1.009,1.057,1.024,1.035,0.9974,0.9986,2.292,2.604,1.654,1.842,1.091,1.08,10.64,40.05,49.82,1.829,2.448,2.457,17.24,8.858,7.653,29.02,29.72,30.03,34.66
29087,2.384,3.784,3.425,7.238,,,2.05,3.074,0.8336,0.7088,0.4527,0.3069,1.08,1.077,1.077,1.073,1.193,1.291,1.257,1.315,1.002,1.041,0.9941,0.994,0.9979,1.003,2.407,2.852,1.656,1.877,1.093,1.075,7.665,34.27,46.1,1.017,1.389,1.421,33.32,19.26,16.27,34.82,34.61,34.61,29.4
29089,2.211,3.488,2.874,5.849,,,1.908,2.776,0.8126,0.6841,0.4543,0.3247,1.083,1.113,1.13,1.164,1.2,1.307,1.242,1.293,1.009,1.047,1.003,0.9969,0.998,0.9996,2.529,2.944,1.66,1.861,1.109,1.097,7.026,34.37,45.38,1.496,1.905,1.957,25.79,13.91,12.04,30.02,30.1,29.93,29.05
29091,2.093,3.234,2.722,5.083,,,2.3,3.67,0.8122,0.6821,0.4727,0.3614,1.065,1.133,1.073,1.131,1.194,1.424,1.198,1.4,1.005,1.057,1.014,1.046,0.9977,0.9991,2.297,2.628,1.614,1.812,1.076,1.078,8.477,33.64,43.23,1.69,2.064,2.066,12.38,5.22,4.536,25.6,25.97,26.79,32.55
29093,2.351,3.811,3.063,6.184,,,2.574,4.469,0.8188,0.6891,0.3973,0.2768,1.061,1.141,1.056,1.13,1.193,1.454,1.205,1.523,1.027,1.086,1.014,1.016,0.995,0.9953,2.705,3.127,1.715,1.925,1.123,1.122,5.53,29.4,38.71,1.615,2.185,2.081,15.53,6.972,5.963,26.06,26.41,26.47,25.99
29095,2.086,3.105,2.801,5.303,,,1.776,2.448,0.8009,0.6687,0.4345,0.3169,1.064,1.071,1.078,1.087,1.142,1.266,1.134,1.247,0.983,1.023,1.014,0.9898,0.9978,1.002,2.339,2.723,1.669,1.873,1.104,1.065,10.05,40.74,51.44,1.362,1.703,1.622,24.82,13.38,11.31,30.81,31.25,30.5,33.08
29097,2.015,2.87,2.654,4.636,,,1.73,2.312,0.7878,0.6488,0.5007,0.3819,1.039,1.123,1.041,1.206,1.153,1.351,1.152,1.395,0.9938,1.044,1.014,1.033,0.9985,1,2.197,2.466,1.619,1.794,1.07,1.082,11.97,46.72,57.55,1.829,2.206,2.301,14.55,7.053,5.84,29.34,29.74,30.3,39.51
29099,2.209,3.41,3.043,6.044,,,2.122,3.251,0.8038,0.6704,0.4341,0.3277,1.057,1.148,1.064,1.173,1.182,1.42,1.194,1.396,1.017,1.081,1.012,1.01,0.9964,0.9972,2.429,2.753,1.68,1.881,1.143,1.117,8.474,39.84,50.77,1.164,1.632,1.571,18.55,8.898,7.774,26.43,26.75,26.7,33.64
29101,2.043,3.029,2.746,5.152,,,1.959,2.825,0.8202,0.6915,0.4786,0.3537,1.076,1.093,1.107,1.124,1.177,1.299,1.264,1.321,0.9981,1.039,1.022,1.006,0.9985,1.001,2.337,2.695,1.669,1.866,1.106,1.082,9.625,40.8,51.4,1.716,2.24,2.21,23.56,13.38,11.37,30.37,31.04,30.55,33.39
29103,2.533,4.281,3.396,7.447,,,2.207,3.459,0.8241,0.7023,0.4086,0.2563,1.09,1.113,1.104,1.083,1.199,1.37,1.263,1.508,1.018,1.063,1.015,1,0.9992,1.001,3.083,3.676,1.778,2.013,1.127,1.114,4.779,28.49,38.62,1.349,1.841,1.863,34.42,18.31,15.75,29.6,30.06,29.62,21.14
29105,2.143,3.336,2.603,5.035,,,2.019,3.041,0.8011,0.6695,0.4592,0.3534,1.075,1.109,1.102,1.134,1.215,1.408,1.186,1.437,1.007,1.054,1.022,1.003,0.9979,0.998,2.41,2.783,1.644,1.848,1.091,1.081,8.329,35.97,47.35,1.586,1.972,2.042,15.43,6.971,5.901,27.99,28.62,28.07,31.82
29107,2.097,3.158,2.873,5.579,,,1.906,2.732,0.8149,0.6852,0.4461,0.321,1.074,1.088,1.119,1.131,1.177,1.307,1.189,1.279,0.9994,1.043,1.013,1.001,0.997,0.9996,2.319,2.684,1.657,1.857,1.101,1.085,9.324,39.67,50.62,1.837,2.268,2.282,26.68,14.78,12.55,31.51,31.92,31.53,33.01
29109,2.132,3.169,2.714,4.878,,,2.041,2.95,0.8063,0.6707,0.493,0.3794,1.048,1.132,1.062,1.205,1.152,1.357,1.18,1.41,0.9968,1.053,1.017,1.038,0.9991,1,2.412,2.749,1.666,1.854,1.075,1.084,8.967,38.29,48.25,1.876,2.348,2.427,16.12,8.028,6.719,29.4,29.91,30.52,32.11
29111,2.539,4.367,3.395,7.384,,,2.039,3.076,0.8142,0.689,0.4006,0.2512,1.076,1.103,1.082,1.064,1.212,1.384,1.256,1.473,1.02,1.065,1.02,1.003,0.9975,0.999,2.902,3.503,1.702,1.932,1.122,1.104,5.326,26.95,37.6,1.348,1.834,1.859,32.41,17.25,14.79,29.71,30.32,29.81,22.01
29113,2.235,3.552,3.029,6.119,,,2.064,3.158,0.8082,0.6744,0.432,0.3081,1.066,1.127,1.051,1.148,1.205,1.376,1.248,1.495,1.024,1.065,0.9991,1.001,0.9965,0.9964,2.472,2.854,1.667,1.872,1.126,1.123,7.749,35.54,46.51,1.048,1.485,1.478,24.22,11.5,9.53,28.28,28.26,28.32,30.89
29115,2.288,3.579,3.164,6.581,,,2.036,3.036,0.8298,0.7099,0.45,0.3089,1.1,1.133,1.154,1.147,1.194,1.351,1.194,1.383,1.008,1.059,1.014,1.01,1.001,1.003,2.587,3.02,1.707,1.918,1.105,1.094,6.935,35.05,45.63,1.571,1.996,2.012,30.08,17.26,15.13,29.7,30.12,29.99,27.81
29117,2.111,3.193,2.84,5.552,,,1.991,2.919,0.8282,0.7095,0.4678,0.3297,1.093,1.11,1.155,1.129,1.202,1.312,1.222,1.34,0.9997,1.047,1.008,0.9947,1,1.004,2.479,2.855,1.718,1.926,1.121,1.104,8.836,39.99,50.93,1.442,1.831,1.845,30.37,17.13,14.92,30.24,30.48,30.08,30.98
29119,2.174,3.249,2.892,5.267,,,2.221,3.301,0.8082,0.6798,0.5477,0.4396,1.054,1.13,1.071,1.169,1.162,1.375,1.191,1.456,0.9978,1.053,1.017,1.024,0.9983,0.9997,2.4,2.72,1.67,1.86,1.058,1.065,9.541,41.15,51.58,1.85,2.213,2.425,10.17,4.628,3.958,28.49,28.96,29.17,34.48
29121,2.372,3.889,3.273,7.104,,,2.19,3.414,0.8351,0.7185,0.4375,0.2948,1.102,1.115,1.148,1.112,1.191,1.333,1.214,1.406,1.005,1.048,1.039,1.026,1,1.003,2.776,3.281,1.725,1.949,1.094,1.082,5.835,30.68,41.34,1.333,1.774,1.81,32.25,18.48,16.26,28.72,29.84,29.45,24.36
29123,2.257,3.492,3.091,6.109,,,2.594,4.37,0.8204,0.6892,0.4593,0.3436,1.054,1.165,1.029,1.156,1.209,1.487,1.186,1.471,1.032,1.094,1.018,1.012,0.9955,0.9949,2.487,2.816,1.699,1.896,1.122,1.114,7.079,34.87,44.27,1.906,2.451,2.425,14.6,6.372,5.208,26.87,27.35,27.19,30.82
29125,2.194,3.372,2.853,5.408,,,1.975,2.951,0.8058,0.6687,0.4483,0.3413,1.078,1.13,1.09,1.179,1.218,1.418,1.191,1.402,1.009,1.058,1.017,1.01,0.9955,0.9973,2.432,2.81,1.659,1.856,1.13,1.124,7.965,33.93,44.1,1.272,1.669,1.636,19.9,9.587,7.854,27.42,27.89,27.69,30.17
29127,2.361,3.849,3.295,6.993,,,2.027,3.022,0.8126,0.6855,0.3955,0.2565,1.089,1.114,1.126,1.118,1.225,1.381,1.262,1.384,1.022,1.063,1.018,1.02,0.9976,0.9989,2.669,3.164,1.699,1.917,1.13,1.129,6.178,30.99,41.55,1.358,1.738,1.788,31.5,16.86,14.49,29.58,30.11,30.17,25.54
29129,2.332,3.84,2.834,5.808,,,2.384,3.835,0.8435,0.7304,0.4791,0.3266,1.061,1.088,1.092,1.086,1.166,1.386,1.201,1.48,0.9989,1.065,1.003,0.9919,0.9982,1.001,2.853,3.437,1.788,2.042,1.116,1.107,6.22,29.84,40.86,1.216,1.683,1.753,36.16,21.06,18.61,31.72,31.82,31.46,22.56
29131,2.052,3.075,2.702,5.003,,,2.016,3.009,0.8075,0.6704,0.4452,0.3339,1.072,1.107,1.08,1.123,1.212,1.362,1.177,1.371,1.01,1.063,1,0.9908,0.9965,0.9965,2.236,2.561,1.625,1.817,1.1,1.103,10.12,38.55,49.34,1.526,1.908,1.899,17.77,8.747,7.34,29.22,29.22,28.95,35.23
29133,2.217,3.378,3.802,8.5,,,1.651,2.186,0.7456,0.5942,,,1.066,1.158,1.017,1.138,1.266,1.418,1.28,1.422,1.037,1.069,1.023,1.046,0.9955,0.9959,2.103,2.316,1.531,1.679,1.098,1.09,9.345,45.06,55.64,1.686,2.331,2.383,11.1,4.337,3.426,25.15,25.73,26.31,42.88
29135,2.059,3.093,2.76,5.264,,,1.809,2.551,0.7994,0.666,0.4189,0.3045,1.075,1.088,1.113,1.084,1.214,1.306,1.244,1.371,1.006,1.048,1.001,1.01,0.9978,0.9993,2.303,2.659,1.632,1.823,1.101,1.084,9.834,39.93,51.19,1.338,1.672,1.731,20.52,10.62,9.073,29.57,29.6,29.86,34.44
29137,2.218,3.54,2.954,6.175,,,2.12,3.254,0.8238,0.7008,0.4261,0.296,1.104,1.128,1.176,1.182,1.201,1.341,1.25,1.337,1.021,1.06,1.018,1.011,0.9959,0.9975,2.521,2.961,1.671,1.887,1.107,1.108,7.21,33.72,44.84,1.46,1.814,1.921,28.1,15.1,13.17,28.73,29.24,29.06,28.77
29139,2.187,3.429,2.753,5.384,,,2.026,3.064,0.8142,0.6865,0.4177,0.2999,1.064,1.118,1.081,1.126,1.207,1.369,1.249,1.525,1.017,1.062,1.016,1.019,0.9964,0.9965,2.483,2.892,1.669,1.87,1.155,1.141,7.985,34.06,44.81,0.9935,1.395,1.388,25.39,12.96,11.33,27.35,27.78,27.86,29.56
29141,2.104,3.173,2.672,5.08,,,1.945,2.856,0.8125,0.682,0.4499,0.3284,1.063,1.085,1.08,1.096,1.189,1.299,1.255,1.35,0.9978,1.046,0.9933,1.007,0.9973,0.9992,2.333,2.707,1.647,1.842,1.102,1.097,9.038,37.64,48.04,1.467,1.826,1.898,19.2,10.14,8.824,29,28.81,29.2,32.7
29143,2.122,3.191,3.716,7.899,,,1.613,2.103,0.7418,0.5954,,,1.081,1.159,1.05,1.155,1.288,1.433,1.325,1.466,1.045,1.076,1.021,1.033,0.9959,0.9954,1.953,2.136,1.491,1.632,1.097,1.09,11.8,46.32,56.61,2.293,3.061,2.989,11.37,4.323,3.478,26.9,27.46,27.78,46.38
29145,2.167,3.213,3.022,5.612,,,2.023,2.908,0.8072,0.6771,0.5301,0.4182,1.043,1.137,1.059,1.207,1.148,1.387,1.191,1.445,0.9973,1.054,1.002,1.014,0.9978,0.9996,2.33,2.656,1.65,1.838,1.064,1.085,9.298,40.95,51.41,1.819,2.242,2.384,12.75,6.191,5.281,28.95,29,29.35,35.09
29147,2.534,4.187,3.479,7.646,,,2.602,4.273,0.8503,0.7316,0.479,0.3236,1.082,1.091,1.097,1.091,1.175,1.324,1.263,1.402,1.004,1.053,1.013,0.9984,0.9985,1.002,2.788,3.338,1.755,2.002,1.1,1.071,5.79,29.53,40.89,1.2,1.592,1.649,38.67,22.65,19.13,34.49,34.93,34.43,23.04
29149,1.976,2.95,2.68,5.032,,,2.391,3.886,0.8138,0.6828,0.4663,0.355,1.072,1.149,1.073,1.171,1.203,1.427,1.174,1.376,1.015,1.064,1.009,1.029,0.9974,0.9984,2.08,2.33,1.578,1.764,1.094,1.087,11.39,39.78,49.82,1.818,2.249,2.299,9.32,3.706,3.113,26.59,26.82,27.36,40.08
29151,2.052,3.075,2.712,5.091,,,2.08,3.187,0.81,0.6803,0.4599,0.358,1.063,1.124,1.063,1.136,1.223,1.387,1.206,1.387,1.011,1.058,0.993,1.001,0.9963,0.9973,2.24,2.586,1.647,1.849,1.149,1.142,10.21,38.23,48.81,1.096,1.499,1.414,20.45,10.32,8.812,27.69,27.49,27.71,34.11
29153,2.021,3.023,2.542,4.498,,,2.216,3.415,0.8013,0.6618,0.5047,0.3942,1.068,1.137,1.062,1.124,1.195,1.436,1.234,1.407,1.005,1.064,1.027,1.042,0.9982,0.9992,2.196,2.486,1.593,1.783,1.092,1.077,11.09,39.64,50.34,1.75,2.175,2.197,10.24,4.354,3.603,27.28,28,28.43,37.28
29155,2.12,3.178,3.793,8.13,,,1.54,1.956,0.7229,0.5789,,,1.082,1.144,1.067,1.151,1.282,1.418,1.338,1.452,1.045,1.073,1.013,1.033,0.9948,0.9938,1.956,2.138,1.481,1.612,1.09,1.095,11.85,47.68,57.51,2.089,2.808,2.843,9.531,3.393,2.666,26.65,26.99,27.52,47.66
29157,2.115,3.182,3.111,6.111,,,2.055,3.065,0.8058,0.6718,0.4102,0.2777,1.054,1.153,1.009,1.135,1.221,1.506,1.203,1.538,1.038,1.093,1.01,0.9976,0.995,0.9947,2.181,2.435,1.601,1.776,1.128,1.118,10.23,40.9,50.87,1.735,2.23,2.25,15.93,7.42,6.261,28.01,28.29,27.94,37.78
29159,2.109,3.183,2.781,5.368,,,1.997,2.945,0.8256,0.6989,0.4831,0.3621,1.065,1.09,1.101,1.106,1.162,1.277,1.255,1.299,0.9971,1.045,1.009,0.9945,0.9972,0.9994,2.372,2.755,1.669,1.869,1.124,1.089,8.675,37.61,48.21,1.601,2.101,2.077,24.1,13.53,11.61,29.56,29.83,29.4,31.7
29161,2.185,3.342,2.92,5.579,,,1.916,2.809,0.8013,0.664,0.4184,0.3029,1.078,1.138,1.09,1.171,1.197,1.44,1.168,1.433,1.011,1.066,1.022,1.018,0.9966,0.9973,2.456,2.824,1.662,1.856,1.135,1.138,7.768,36.04,46.61,1.267,1.728,1.698,18.85,8.842,7.295,27,27.61,27.49,31.22
29163,2.248,3.616,2.941,6.022,,,2.09,3.247,0.819,0.6905,0.4354,0.3044,1.071,1.117,1.087,1.116,1.21,1.394,1.254,1.53,1.02,1.06,1.012,1.007,0.9957,0.9962,2.54,2.966,1.674,1.881,1.122,1.127,7.006,31.86,42.09,1.185,1.565,1.539,27.56,14.37,12.27,28.45,28.79,28.64,28
29165,2.118,3.14,2.956,5.563,,,1.773,2.424,0.8141,0.6842,0.4671,0.347,1.057,1.066,1.054,1.066,1.135,1.265,1.109,1.255,0.9814,1.026,1.008,0.9951,0.9958,1.001,2.48,2.863,1.724,1.938,1.107,1.075,9.625,42.74,54.15,1.172,1.621,1.533,26.43,14.55,12.34,32.2,32.44,32.04,32.08
29167,2.025,3,2.581,4.701,,,2.007,2.943,0.8159,0.6859,0.4909,0.3732,1.063,1.103,1.081,1.155,1.2,1.362,1.169,1.38,0.9988,1.048,1.024,1.021,0.9982,0.9997,2.27,2.581,1.64,1.824,1.079,1.068,9.74,39.31,49.31,1.707,2.092,2.207,16.7,8.438,7.2,28.76,29.44,29.37,34.45
29169,2.143,3.29,2.773,5.317,,,2.287,3.676,0.8199,0.6938,0.5032,0.4003,1.076,1.124,1.083,1.14,1.201,1.436,1.189,1.446,1.01,1.065,1.021,1.006,0.998,0.9979,2.344,2.728,1.655,1.867,1.111,1.119,8.375,35.05,46.25,1.468,1.904,1.936,14.89,6.766,5.584,27.55,28.13,27.71,32.43
29171,2.494,4.222,3.431,7.545,,,2.346,3.84,0.838,0.7208,0.4365,0.2831,1.08,1.097,1.099,1.068,1.191,1.371,1.225,1.424,1.015,1.074,0.9844,0.979,0.9973,0.9997,2.988,3.638,1.764,2.011,1.134,1.129,4.554,24.49,33.87,1.19,1.719,1.771,39.51,22.31,19.31,31.31,30.82,30.66,19.27
29173,2.195,3.449,2.898,5.884,,,2.006,2.983,0.8177,0.6898,0.3972,0.2684,1.095,1.125,1.143,1.135,1.223,1.386,1.298,1.465,1.025,1.066,1.015,1.016,0.9959,0.9969,2.535,2.957,1.694,1.902,1.132,1.128,7.332,34.33,44.63,1.341,1.731,1.77,29.67,16.34,14.21,28.83,29.25,29.3,28.15
29175,2.264,3.647,3.013,6.375,,,2.009,3.013,0.8165,0.693,0.4284,0.2944,1.093,1.129,1.156,1.213,1.209,1.338,1.239,1.354,1.007,1.043,1.054,1.027,0.9998,1.001,2.617,3.086,1.688,1.91,1.113,1.097,6.829,33.25,44.58,1.5,1.867,1.985,27.83,15.19,13.37,28.88,30.43,29.66,27.34
29177,2.16,3.306,3.074,6.171,,,1.954,2.838,0.8237,0.6977,0.4541,0.3271,1.081,1.087,1.137,1.126,1.186,1.296,1.199,1.268,1.001,1.041,1.016,1.008,0.9979,1.002,2.397,2.798,1.674,1.884,1.109,1.088,8.462,37.75,48.83,1.534,1.91,1.942,28.34,15.61,13.39,30.85,31.34,31.1,31.05
29179,2.149,3.366,2.805,5.396,,,2.459,4.22,0.8134,0.6838,0.3719,0.2503,1.058,1.14,1.057,1.13,1.198,1.46,1.217,1.501,1.028,1.078,1.011,1.022,0.9941,0.9948,2.449,2.791,1.662,1.859,1.097,1.094,7.748,33.41,43.3,1.891,2.369,2.326,13.48,5.616,4.794,26.57,26.86,27.16,31.4
29181,2.066,3.097,2.975,5.933,,,2.213,3.418,0.8148,0.6935,0.5317,0.4227,1.069,1.155,1.053,1.164,1.244,1.433,1.215,1.414,1.031,1.07,1.007,1.035,0.9948,0.995,1.968,2.178,1.536,1.711,1.065,1.075,11.76,43.39,54,2.192,2.735,2.856,8.626,3.199,2.721,26.74,26.91,27.68,44.66
29183,2.219,3.461,3.255,6.416,,,1.865,2.673,0.8032,0.6673,0.4033,0.2915,1.058,1.126,1.045,1.163,1.183,1.359,1.197,1.421,1.02,1.067,1.006,1.009,0.9957,0.9962,2.551,2.905,1.665,1.854,1.147,1.125,7.841,37.52,48.17,1.106,1.525,1.49,22.4,11.2,9.386,27.52,27.67,27.75,30.88
29185,1.946,2.796,2.61,4.688,,,1.918,2.767,0.8082,0.6749,0.5063,0.387,1.052,1.102,1.038,1.135,1.152,1.308,1.166,1.334,0.9961,1.045,1.012,1.024,0.9979,1.001,2.062,2.347,1.596,1.782,1.084,1.073,12.72,43.59,53.68,1.878,2.435,2.449,17.53,8.614,7.307,29.49,29.84,30.2,39.68
29186,2.209,3.353,3.038,5.884,,,2.205,3.379,0.8075,0.6738,0.4317,0.3111,1.069,1.159,1.046,1.154,1.219,1.496,1.204,1.485,1.032,1.092,1.02,1.002,0.9956,0.9956,2.46,2.74,1.695,1.881,1.143,1.124,8.414,41.07,51.15,1.317,1.829,1.847,16.5,7.586,6.408,26.94,27.46,27,33.74
29187,2.365,3.757,3.126,6.176,,,2.385,3.838,0.8132,0.68,0.4242,0.3081,1.062,1.154,1.055,1.142,1.198,1.47,1.178,1.477,1.027,1.092,1.02,1.006,0.9952,0.9952,2.912,3.294,1.774,1.979,1.142,1.126,5.635,34.78,44.29,1.303,1.844,1.745,16.75,7.59,6.493,26.11,26.63,26.27,26.21
29189,2.239,3.458,3.194,6.375,,,1.722,2.357,0.7937,0.657,0.4062,0.2948,1.058,1.134,1.043,1.168,1.179,1.368,1.189,1.386,1.019,1.07,1.011,1.017,0.9963,0.9972,2.525,2.855,1.651,1.83,1.14,1.119,7.682,38.98,49.5,1.062,1.451,1.412,21.8,10.86,9.176,26.98,27.29,27.43,31.76
29195,2.105,3.189,2.85,5.615,,,1.902,2.744,0.8155,0.6877,0.4545,0.324,1.068,1.104,1.113,1.156,1.194,1.314,1.211,1.307,0.9975,1.042,1.027,1.012,0.9983,1.001,2.306,2.666,1.648,1.845,1.115,1.098,9.314,39.93,51.02,1.508,2.021,1.978,25.75,14.21,12.29,29.74,30.53,30.09,33.73
29197,2.579,4.431,,,,,2.383,3.965,0.8368,0.723,0.4348,0.2866,1.079,1.125,1.064,1.1,1.195,1.412,1.218,1.478,1.016,1.067,1.003,0.9934,0.9995,1.002,3.115,3.782,1.79,2.041,1.128,1.131,4.288,24.92,34.51,1.134,1.665,1.689,39.51,22.7,19.92,29.8,29.9,29.6,18.92
29199,2.428,4.056,3.362,7.275,,,2.395,3.989,0.8362,0.7209,0.442,0.2924,1.078,1.136,1.071,1.133,1.167,1.404,1.172,1.478,1.02,1.073,1.008,1.006,0.9982,1,2.98,3.538,1.787,2.029,1.117,1.123,5.215,28.71,38.38,1.353,1.906,1.934,37.83,21.75,18.81,30.42,30.66,30.61,21.6
29201,2.196,3.263,3.597,7.714,,,1.69,2.263,0.7608,0.6145,,,1.066,1.167,1.033,1.175,1.238,1.437,1.245,1.442,1.024,1.071,1.018,1.029,0.9964,0.9969,2.089,2.299,1.559,1.714,1.098,1.096,9.543,46.65,56.55,1.59,2.079,2.202,12.48,4.963,4.05,25.23,25.69,25.97,42.78
29203,2.164,3.348,2.953,5.715,,,2.289,3.744,0.8053,0.6705,0.3834,0.2639,1.06,1.141,1.057,1.142,1.178,1.436,1.162,1.405,1.021,1.071,1.013,1.03,0.996,0.9969,2.365,2.697,1.627,1.822,1.096,1.091,7.974,34.35,44.51,1.793,2.296,2.273,12.53,5.148,4.304,26.3,26.63,27.08,32.95
29205,2.389,3.951,3.26,7.199,,,2.172,3.36,0.8245,0.702,0.4172,0.274,1.106,1.107,1.167,1.105,1.211,1.339,1.233,1.396,1.018,1.055,1.013,1.001,0.996,0.9977,2.758,3.268,1.711,1.934,1.112,1.113,5.63,30.51,41.19,1.441,1.821,1.907,30.29,15.81,13.66,29.48,29.86,29.49,24.96
29207,2.048,2.982,3.477,7.051,,,1.713,2.295,0.7655,0.6208,,,1.066,1.171,1.039,1.177,1.259,1.448,1.278,1.477,1.035,1.079,1.013,1.031,0.9966,0.9957,1.995,2.185,1.537,1.691,1.078,1.074,12.63,50.79,61.06,2.263,2.923,2.994,11,4.178,3.325,27,27.36,27.83,46.73
29209,2.174,3.273,2.777,5.044,,,2.534,3.996,0.8156,0.683,0.4965,0.3959,1.067,1.128,1.073,1.159,1.188,1.392,1.231,1.461,0.9998,1.063,1.013,1.029,0.9989,1,2.462,2.815,1.711,1.915,1.089,1.072,8.586,38.8,49.46,1.79,2.19,2.244,11.96,5.391,4.496,28.62,28.98,29.45,32.74
29211,2.41,3.967,3.2,6.86,,,2.313,3.706,0.8373,0.7213,0.4531,0.3037,1.083,1.096,1.105,1.083,1.191,1.37,1.19,1.408,1.012,1.068,0.9951,0.992,0.9986,1.001,2.856,3.427,1.759,1.997,1.12,1.111,5.401,28.33,38.38,1.244,1.747,1.767,36.06,20.57,18.12,30.4,30.25,30.16,22.07
29213,2.011,2.98,2.648,4.716,,,3.063,5.253,0.8176,0.6866,0.5071,0.3999,1.063,1.131,1.064,1.143,1.187,1.4,1.211,1.42,1.005,1.061,1.009,1.015,0.9974,0.9987,2.154,2.444,1.631,1.835,1.089,1.085,11.41,40.09,50.77,1.634,2.012,2.052,10.64,4.49,3.733,27.93,28.17,28.34,38.57
29215,2.242,3.571,3.085,5.949,,,2.292,3.647,0.817,0.6901,0.4576,0.344,1.064,1.129,1.062,1.129,1.189,1.421,1.203,1.458,1.006,1.064,1.015,1.039,0.9972,0.9989,2.611,3.04,1.672,1.881,1.111,1.095,6.317,29.88,39.59,1.717,2.129,2.071,16.2,7.645,6.613,26.62,27.01,27.66,26.73
29217,1.84,2.551,2.358,4.022,,,1.8,2.48,0.8075,0.6758,0.5323,0.4117,1.046,1.126,1.045,1.197,1.134,1.325,1.129,1.328,0.9895,1.044,1.016,1.021,0.9968,1.001,1.945,2.189,1.556,1.724,1.076,1.07,15.96,48.94,59.38,1.762,2.212,2.266,16.83,8.59,7.217,30.95,31.43,31.61,44.9
29219,2.163,3.358,2.829,5.515,,,1.997,3.016,0.8071,0.6755,0.4189,0.3051,1.052,1.127,1.036,1.142,1.206,1.373,1.225,1.489,1.018,1.068,1.01,1.018,0.9966,0.9961,2.396,2.78,1.663,1.866,1.159,1.14,8.517,35.94,46.68,1.031,1.482,1.452,22.68,10.99,9.468,27.67,27.95,28.16,31.48
29221,2.21,3.503,3.038,6.068,,,2.425,4.141,0.8147,0.6828,0.4161,0.3026,1.074,1.15,1.091,1.167,1.213,1.453,1.21,1.461,1.025,1.084,1.001,1.005,0.995,0.9956,2.521,2.916,1.707,1.924,1.15,1.138,7.037,32.53,42.7,1.226,1.761,1.687,17.39,7.918,6.82,26.38,26.42,26.52,29
29223,2.112,3.176,3.138,6.178,,,2.266,3.561,0.8142,0.6873,0.4749,0.3599,1.05,1.169,1.03,1.172,1.229,1.456,1.212,1.429,1.034,1.083,1.019,1.027,0.9958,0.9954,2.141,2.382,1.603,1.781,1.081,1.078,10.35,42.36,52.85,2.078,2.644,2.765,11.21,4.468,3.794,27.18,27.69,27.9,40.36
29225,2.247,3.588,2.815,5.474,,,2.058,3.11,0.8033,0.6749,0.4274,0.3045,1.067,1.11,1.055,1.13,1.2,1.376,1.234,1.449,1.005,1.06,1.027,1.02,0.9969,0.9973,2.554,2.979,1.649,1.85,1.091,1.071,6.435,31.11,41.36,1.817,2.245,2.325,17.09,8.111,7.187,28.22,28.99,28.79,27.48
29227,2.383,3.867,3.037,6.442,,,2.332,3.706,0.8362,0.7159,0.4411,0.2737,1.076,1.091,1.082,1.084,1.184,1.372,1.279,1.453,1.004,1.062,0.9987,0.9876,0.9978,1,2.771,3.314,1.784,2.034,1.103,1.088,6.348,31.62,42.91,1.23,1.58,1.579,37.6,21.97,19.01,33.92,33.88,33.5,23.87
29229,2.152,3.377,2.684,5.008,,,2.197,3.43,0.8121,0.6841,0.4604,0.3414,1.072,1.12,1.08,1.141,1.201,1.399,1.227,1.46,1.008,1.063,1.009,1.025,0.9972,0.9974,2.511,2.904,1.654,1.856,1.1,1.089,7.275,32.33,42.56,1.79,2.225,2.234,16.01,7.971,7.094,27.94,28.19,28.64,28.74
29510,2.113,3.208,3.045,5.896,,,1.577,2.056,0.7799,0.6368,0.3785,0.2553,1.059,1.144,1.032,1.184,1.189,1.392,1.202,1.399,1.019,1.069,1.022,1.026,0.9966,0.9974,2.409,2.694,1.603,1.765,1.121,1.108,9.118,41.66,52.18,1.082,1.478,1.505,20.57,10.42,8.767,27.24,27.85,27.95,34.6
30001,,,,,,,,,0.8951,0.8128,0.7405,0.5963,1.06,1.113,1.061,1.135,1.155,1.371,1.19,1.386,1.036,1.076,1.006,0.9796,0.993,0.9901,,,,,1.193,1.284,0.03434,1.225,2.982,0.05639,0.09134,0.1035,85.68,63.85,57.16,42.62,42.88,41.75,0.5936
30003,2.172,3.384,3.817,8.198,,,,,0.8888,0.7969,0.7443,0.6059,1.038,1.078,1.034,1.091,1.157,1.227,1.194,1.25,1.043,1.048,1.011,0.9978,0.9943,0.9939,2.372,2.787,2.449,3.034,1.172,1.195,7.16,30.82,39.97,0.1365,0.1729,0.2005,42.71,30.3,27.71,46,46.51,45.9,23.22
30005,2.902,5.561,,,,,,,0.8967,0.8126,0.7427,0.5972,1.077,1.132,1.073,1.193,1.191,1.257,1.196,1.245,1.052,1.032,0.9543,0.9476,0.9959,0.9958,3.134,3.982,2.831,3.705,1.164,1.217,2.927,19.15,28.31,0.1361,0.1728,0.1997,63.52,48.11,44.46,61.47,58.67,58.25,12.86
30007,,,,,,,,,0.871,0.7658,0.7304,0.5899,1.086,1.067,1.135,1.063,1.2,1.24,1.187,1.232,1.041,1.068,0.9597,0.9445,0.9927,0.992,4.605,6.638,3.493,4.978,,,0.5976,6.4,12,0.03115,0.055,0.06086,55.89,35.92,31.63,52.66,50.54,49.74,4.851
30009,3.182,6.089,,,,,,,0.8828,0.7883,0.7488,0.6167,1.065,1.104,1.052,1.14,1.201,1.32,1.24,1.297,1.046,1.057,1.006,0.9819,0.9914,0.9904,3.52,4.455,2.937,3.8,1.224,1.264,1.66,13.24,20.04,0.1868,0.2476,0.2675,59.77,43.53,39.47,46.8,47.07,45.95,9.026
30011,2.279,3.618,3.983,8.76,,,,,0.8993,0.8167,0.7053,0.5557,1.036,1.066,1.006,1.037,1.093,1.192,1.163,1.258,1.041,1.037,0.9323,0.9201,0.9953,0.9942,2.476,2.953,2.336,2.846,1.189,1.192,6.548,29.05,37.32,0.1096,0.1639,0.1547,52.31,38.05,34.93,58.34,54.39,53.68,21.08
30013,3.407,6.616,,,,,,,0.866,0.7589,0.7754,0.6315,1.074,1.051,1.121,1.077,1.136,1.164,1.118,1.168,1.032,1.033,0.982,0.981,0.9949,0.9956,4.014,5.218,3.291,4.345,1.23,1.243,1.365,13.08,19.94,0.1231,0.211,0.2213,45.45,34.07,31.8,47.64,46.78,46.74,7.818
30015,2.517,4.276,,,,,,,0.8786,0.781,0.7536,0.6014,1.072,1.092,1.097,1.147,1.138,1.171,1.164,1.221,1.038,1.03,0.9696,0.9798,0.996,0.997,2.662,3.269,2.659,3.397,1.207,1.25,4.802,23.88,33.29,0.1525,0.2207,0.2386,47.25,35.03,32.63,55.18,53.5,54.07,17.41
30017,1.899,2.774,3.036,5.639,,,,,0.8969,0.8132,0.7193,0.5659,1.019,1.051,0.9908,1.053,1.078,1.155,1.114,1.155,1.04,1.022,0.9627,0.9399,0.9975,0.9964,2.132,2.454,2.205,2.637,1.156,1.208,11.88,39.78,48.59,0.09449,0.1407,0.1273,52.7,39.38,36.73,60.14,57.9,56.53,29.46
30019,2.496,4.569,,,,,,,0.9116,0.837,0.721,0.5661,1.061,1.084,1.074,1.083,1.173,1.2,1.187,1.269,1.049,1.039,0.9697,0.9516,0.9973,0.9963,2.997,3.785,2.751,3.541,,,3.625,19.14,26.6,0.03564,0.07056,0.0904,83.83,68.31,63.72,61.05,59.2,58.09,12.59
30021,2.213,3.58,3.729,8.268,,,,,0.8988,0.8168,0.7118,0.5564,1.048,1.061,1.104,1.081,1.105,1.089,1.13,1.222,1.044,1.018,0.9389,0.9237,0.9966,0.996,2.427,2.891,2.326,2.841,1.235,1.265,7.183,30.26,39.07,0.1287,0.1457,0.1392,63.33,48.32,44.74,64.51,60.57,59.59,21.86
30023,,,,,,,,,0.8897,0.8025,0.7292,0.5819,1.088,1.099,1.108,1.103,1.194,1.339,1.229,1.368,1.031,1.065,0.9988,0.9922,0.9918,0.9904,,,,,1.16,1.255,0.07721,1.301,3.01,0.06546,0.09312,0.1128,77.44,57.2,51.7,39.12,39.08,38.82,0.9614
30025,2.247,3.588,3.926,8.696,,,,,0.8985,0.8149,0.7094,0.5507,1.025,1.048,0.9926,1.04,1.089,1.144,1.211,1.213,1.035,1.027,0.9514,0.9221,0.9964,0.9959,2.438,2.882,2.372,2.891,1.16,1.181,7.046,31.07,39.78,0.08763,0.1288,0.1304,57.47,42.09,38.93,61.49,58.5,56.7,22.2
30027,2.85,5.329,,,,,,,0.888,0.7948,0.7512,0.6032,1.073,1.08,1.083,1.117,1.159,1.168,1.167,1.18,1.039,1.014,0.9554,0.9451,0.9958,0.9964,3.066,3.86,2.867,3.71,1.179,1.188,3.076,17.95,25.86,0.1244,0.171,0.1923,47.78,35.7,33.07,52.27,49.94,49.4,12.42
30029,,,,,,,,,0.8714,0.7674,0.7424,0.5793,1.049,1.104,1.036,1.096,1.193,1.369,1.202,1.365,1.042,1.068,1.097,1.114,0.9947,0.9968,,,,,1.158,1.21,0.07252,1.596,3.606,0.3035,0.4012,0.4388,86.04,62.67,55.74,30.34,33.3,33.82,1.011
30031,,,,,,,,,0.8817,0.7892,0.7186,0.5728,1.061,1.09,1.075,1.105,1.184,1.322,1.206,1.341,1.042,1.069,0.9999,0.9938,0.9901,0.9882,4.711,6.829,3.777,5.423,1.176,1.184,0.4947,4.575,8.086,0.08011,0.1183,0.1212,75.05,52.89,47.33,35.37,35.37,35.15,3.356
30033,1.995,3.111,3.182,6.779,,,,,0.8958,0.8101,0.7276,0.5771,1.073,1.103,1.101,1.147,1.17,1.207,1.172,1.224,1.047,1.029,0.9496,0.9298,0.9983,0.9976,2.194,2.577,2.238,2.741,1.152,1.235,9.426,33.81,42.79,0.09835,0.1357,0.1438,52.04,38.91,36.33,64.84,61.57,60.29,26.04
30035,,,,,,,,,0.8786,0.7823,0.7763,0.6293,1.047,1.106,1.05,1.111,1.146,1.25,1.137,1.251,1.042,1.056,0.9764,0.9842,0.9919,0.9935,,,4.863,7.236,1.109,1.141,0.1332,3.049,6.661,0.5338,0.645,0.6985,67.44,50.3,46.33,44.65,43.59,43.94,1.453
30037,3.315,6.183,,,,,,,0.8777,0.7781,0.7286,0.5756,1.064,1.079,1.058,1.119,1.147,1.168,1.181,1.187,1.042,1.038,0.9614,0.9554,0.9946,0.9948,3.552,4.438,3.025,3.863,1.154,1.115,2.302,18.85,27.59,0.08842,0.1305,0.11,38.45,26.51,24.32,54.55,52.44,52.12,11.72
30039,,,,,,,,,0.8841,0.7933,0.7408,0.5963,1.07,1.099,1.089,1.09,1.158,1.337,1.179,1.337,1.033,1.072,1.038,1.033,0.9931,0.9923,,,,,1.189,1.244,0.1211,2.213,4.831,0.05664,0.09913,0.1019,74.86,53.5,47.94,36.5,37.9,37.72,1.259
30041,2.54,4.541,,,,,,,0.8964,0.813,0.7468,0.6021,1.069,1.122,1.052,1.182,1.154,1.199,1.197,1.213,1.046,1.019,0.9409,0.9329,0.995,0.9954,2.843,3.545,2.773,3.573,,,3.91,21.27,30.29,0.07418,0.1066,0.1133,62.84,47.23,43.99,65.41,61.55,61.02,14.98
30043,,,,,,,,,0.8828,0.7864,0.7445,0.613,1.079,1.087,1.122,1.089,1.187,1.284,1.185,1.302,1.028,1.065,0.9664,0.9564,0.9914,0.9906,6.337,9.735,4.382,6.571,,,0.2305,3.919,8.098,0.02185,0.0393,0.04682,64.65,43.75,38.8,46.17,44.62,44.16,2.565
30045,,,,,,,,,0.8856,0.7909,0.7634,0.6172,1.073,1.053,1.088,1.063,1.156,1.153,1.133,1.151,1.031,1.024,0.963,0.9563,0.9933,0.9943,5.046,7.041,3.43,4.651,1.236,1.242,0.6165,7.352,12.81,0.09655,0.1546,0.1545,49.85,37.07,33.96,45.7,44.01,43.7,4.435
30047,,,,,,,,,0.8204,0.6813,0.6607,0.4489,1.054,1.108,1.05,1.118,1.168,1.363,1.175,1.341,1.035,1.073,1.076,1.101,0.9965,0.9967,4.875,6.951,3.429,4.748,1.175,1.233,0.3752,5.598,10.23,0.1855,0.2639,0.2925,58.87,38.31,33.68,37.48,40.33,41.28,3.883
30049,,,,,,,,,0.8776,0.779,0.7658,0.6234,1.06,1.086,1.101,1.099,1.132,1.254,1.14,1.262,1.039,1.062,0.991,1.004,0.9911,0.9923,6.154,9.071,4.053,5.855,1.201,1.249,0.3177,4.826,9.058,0.1628,0.2177,0.2342,62.78,45.07,40.87,42.34,41.96,42.51,2.725
30051,3.36,6.766,,,,,,,0.8972,0.8089,0.7545,0.6028,1.058,1.065,1.042,1.089,1.159,1.142,1.141,1.117,1.048,1.013,0.9311,0.9415,0.9956,0.996,3.122,4.094,2.797,3.719,,,2.281,14.81,23.43,0.04999,0.08539,0.08924,55.42,41.58,38.61,66.79,62.19,62.88,11.36
30053,,,,,,,,,0.8556,0.7389,0.7062,0.5288,1.062,1.113,1.045,1.091,1.226,1.431,1.276,1.479,1.052,1.087,1.117,1.128,0.9955,0.9975,4.631,6.782,,,1.18,1.203,0.5338,5.144,9.155,0.2709,0.3712,0.4031,78.58,55.32,48.74,34.63,38.69,39.06,3.606
30055,2.141,3.454,3.507,7.535,,,,,0.8996,0.8178,0.7167,0.5586,1.072,1.08,1.102,1.101,1.17,1.131,1.23,1.186,1.059,1.024,0.9306,0.9098,0.9962,0.9947,2.474,2.95,2.387,2.922,1.158,1.204,7.521,30.86,39.85,0.1243,0.1538,0.1697,63.94,49.77,46.22,68.07,63.34,61.93,21.64
30057,,,,,,,,,0.8835,0.7899,0.7198,0.5754,1.056,1.092,1.061,1.104,1.157,1.319,1.207,1.352,1.041,1.072,0.9708,0.96,0.9911,0.9883,,,,,1.186,1.22,0.115,3.029,6.301,0.07172,0.09537,0.1052,72.9,52.8,47.23,41.45,40.24,39.8,1.566
30059,,,,,,,,,0.8925,0.8031,0.75,0.6051,1.089,1.061,1.133,1.052,1.196,1.224,1.202,1.233,1.038,1.048,0.9937,0.9802,0.993,0.9929,,,,,1.236,1.226,0.06003,1.836,4.54,0.07146,0.1242,0.1278,61.77,44.49,40.09,39.99,39.74,39.2,0.9771
30061,,,,,,,,,0.8573,0.7444,0.7109,0.5494,1.034,1.089,1.025,1.068,1.175,1.41,1.236,1.505,1.046,1.089,1.094,1.128,0.9975,1.001,6.372,9.061,,,1.161,1.193,0.3857,7.195,13.1,0.4992,0.7205,0.7651,73.51,48.56,42.35,32.91,36.01,37.11,3.599
30063,,,,,,,,,0.8692,0.765,0.7341,0.5783,1.055,1.102,1.064,1.094,1.161,1.388,1.197,1.441,1.038,1.081,1.078,1.102,0.9948,0.9955,5.846,8.527,,,1.192,1.25,0.3897,4.945,9.252,0.2364,0.3364,0.3656,74.36,52.74,47.15,34.45,37.13,37.97,3.052
30065,2.2,3.474,4.002,8.903,,,,,0.8786,0.7812,0.7351,0.5873,1.052,1.086,1.024,1.113,1.126,1.184,1.157,1.179,1.04,1.041,0.9662,0.9637,0.9963,0.9965,2.523,2.939,2.542,3.119,1.212,1.253,6.876,33.76,43.4,0.07598,0.1253,0.1197,37.72,27.69,26.1,56.51,54.6,54.46,23.13
30067,,,,,,,,,0.8862,0.7966,0.7335,0.5926,1.062,1.083,1.091,1.118,1.187,1.313,1.212,1.317,1.04,1.06,1.011,0.9993,0.9907,0.9878,,,,,1.204,1.206,0.1959,2.663,5.131,0.1245,0.1764,0.1791,81.14,60.59,54.74,33.89,34.26,33.87,1.646
30069,2.043,3.174,3.502,7.466,,,,,0.885,0.7914,0.7323,0.5785,1.07,1.107,1.066,1.146,1.132,1.179,1.155,1.194,1.04,1.026,0.932,0.9257,0.9962,0.9958,2.26,2.635,2.332,2.848,,,8.623,33.77,42.8,0.06944,0.101,0.1277,41.06,30.31,28.6,62.8,58.53,58.13,25.59
30071,2.412,4.151,4.479,10.92,,,,,0.9031,0.8218,0.7332,0.5874,1.088,1.114,1.099,1.148,1.217,1.223,1.205,1.199,1.051,1.023,0.9544,0.9371,0.9972,0.9969,2.691,3.296,2.56,3.232,1.142,1.241,5.225,25.95,35.27,0.1127,0.1157,0.1467,63.11,49.25,45.9,66.47,63.44,62.29,17.7
30073,,,,,,,,,0.8778,0.7801,0.7544,0.5952,1.039,1.079,1.041,1.096,1.112,1.183,1.134,1.223,1.04,1.035,0.9332,0.9405,0.9933,0.9938,4.501,6.274,3.302,4.528,1.157,1.218,0.6696,8.064,14.53,0.1023,0.1575,0.1862,53.13,38.34,35.54,60.67,56.62,57.06,5.481
30075,2.109,3.155,3.71,7.344,,,,,0.894,0.807,0.7184,0.5705,1.028,1.072,1.008,1.09,1.098,1.213,1.13,1.216,1.038,1.041,0.9456,0.9328,0.9957,0.9946,2.28,2.67,2.387,2.913,,,8.848,35.47,44.58,0.07666,0.1211,0.1366,43.88,31.53,29.06,54.78,51.8,51.1,25.89
30077,,,,,,,,,0.89,0.8014,0.7471,0.6018,1.064,1.097,1.096,1.09,1.156,1.328,1.171,1.329,1.036,1.067,1.014,1.025,0.9924,0.9927,,,,,1.184,1.247,0.1408,2.732,6.257,0.1745,0.2342,0.258,74.95,54.27,48.64,38.34,38.86,39.28,1.578
30079,2.173,3.503,3.814,8.371,,,,,0.8986,0.8179,0.7189,0.5664,1.032,1.052,1.048,1.076,1.107,1.088,1.148,1.204,1.044,1.014,0.932,0.9154,0.997,0.9957,2.311,2.73,2.264,2.758,1.13,1.168,7.951,30.11,38.37,0.107,0.1149,0.1181,59.63,43.94,40.35,65.91,61.42,60.33,22.97
30081,,,,,,,,,0.8729,0.7744,0.726,0.5836,1.055,1.122,1.044,1.11,1.145,1.424,1.201,1.493,1.043,1.087,1.079,1.07,0.9957,0.9955,5.535,8.449,,,1.177,1.231,0.2792,3.506,6.413,0.3234,0.4602,0.5001,74.15,52.16,46.56,35.31,38.08,37.79,2.312
30083,2.338,3.919,3.969,9.134,,,,,0.9047,0.8256,0.714,0.5584,1.048,1.067,1.086,1.103,1.115,1.119,1.156,1.206,1.044,1.019,0.9304,0.9237,0.997,0.9963,2.593,3.145,2.465,3.059,1.23,1.253,5.974,27.6,36.27,0.1259,0.174,0.1722,70.98,56.22,52.64,65.21,60.68,60.24,19.34
30085,2.189,3.625,3.332,7.363,,,,,0.9102,0.8339,0.7134,0.553,1.067,1.082,1.073,1.11,1.176,1.164,1.229,1.203,1.046,1.026,0.9227,0.9142,0.9965,0.996,2.576,3.129,2.458,3.04,1.209,1.229,6.395,27.19,35.51,0.09995,0.1486,0.1486,76.42,61.43,57.28,67.03,61.85,61.28,18.96
30087,2.041,3.079,3.583,7.298,,,,,0.8903,0.8011,0.7266,0.5736,1.039,1.084,1.031,1.104,1.13,1.232,1.183,1.259,1.045,1.039,0.9532,0.9441,0.997,0.9964,2.222,2.569,2.276,2.761,,,9.504,36.68,45.79,0.06559,0.1171,0.1142,45.6,33.46,31.31,57.13,54.45,53.94,27.26
30089,,,,,,,,,0.8399,0.7136,0.6871,0.4977,1.043,1.091,1.033,1.07,1.181,1.398,1.226,1.462,1.049,1.091,1.114,1.142,0.9967,0.9984,4.832,6.822,4.627,6.869,1.185,1.21,0.6315,7.665,13.46,0.3295,0.4638,0.4957,62.88,41,35.83,36.23,40.36,41.36,4.734
30091,2.512,4.598,,,,,,,0.9129,0.8385,0.7179,0.5562,1.05,1.074,1.051,1.11,1.137,1.167,1.142,1.21,1.036,1.032,0.9206,0.9125,0.9966,0.9962,2.918,3.662,2.57,3.249,1.152,1.129,4.024,19.6,27.25,0.08842,0.1382,0.1453,83.73,67.45,62.76,64.63,59.5,58.97,13.64
30093,,,,,,,,,0.8912,0.8037,0.7425,0.6085,1.076,1.095,1.097,1.1,1.163,1.287,1.196,1.329,1.035,1.073,0.9828,0.9717,0.9919,0.9901,,,,,,,0.04754,0.903,2.363,0.0314,0.05929,0.07791,74.31,52.32,46.24,43.33,42.59,42.11,0.7758
30095,2.961,5.357,,,,,,,0.8701,0.7676,0.7296,0.5862,1.062,1.083,1.056,1.121,1.199,1.254,1.222,1.228,1.054,1.06,0.9946,0.9895,0.9918,0.9913,3.147,3.931,2.908,3.742,1.204,1.216,2.465,16.89,24.44,0.1665,0.2361,0.2346,47.57,33.34,30.39,44.51,44.27,44.04,11.97
30097,,,,,,,,,0.8673,0.7654,0.7364,0.6004,1.068,1.073,1.077,1.118,1.197,1.237,1.222,1.229,1.051,1.051,0.9771,0.9593,0.9913,0.9897,4.595,6.195,3.621,4.894,1.187,1.164,0.7368,8.409,13.95,0.1621,0.1952,0.2,53.73,37.39,33.84,42.55,41.57,40.81,5.27
30099,,,,,,,,,0.872,0.7702,0.7621,0.6063,1.024,1.054,1.007,1.06,1.087,1.147,1.125,1.211,1.033,1.032,0.9561,0.9675,0.9924,0.9931,5.198,7.197,3.48,4.768,1.164,1.204,0.5405,7.747,13.85,0.1569,0.2274,0.2441,48.67,35.3,32.7,54.06,51.69,52.31,4.597
30101,4.074,8.63,,,,,,,0.8837,0.7886,0.7477,0.5854,1.053,1.083,1.06,1.101,1.146,1.185,1.124,1.186,1.047,1.03,0.9324,0.9345,0.9956,0.9953,3.658,4.919,2.994,4.005,1.162,1.184,1.37,12.38,20.55,0.06793,0.1207,0.1403,52.47,38.42,35.39,65.17,60.76,60.9,8.723
30103,2.11,3.228,3.834,8.163,,,,,0.8868,0.7926,0.7241,0.5694,1.033,1.075,1.018,1.099,1.152,1.235,1.208,1.243,1.044,1.043,0.9677,0.9559,0.9954,0.9947,2.193,2.525,2.24,2.728,1.219,1.263,9.007,35.64,44.86,0.05509,0.1009,0.1089,42.09,30.03,27.84,53.6,51.88,51.24,27.65
30105,2.324,4.02,3.938,9.453,,,,,0.9076,0.83,0.7204,0.5678,1.099,1.111,1.11,1.127,1.221,1.206,1.238,1.212,1.052,1.027,0.9539,0.9451,0.9973,0.9966,2.796,3.436,2.56,3.198,,,4.771,24.03,32.15,0.07794,0.1065,0.137,75.89,60.7,56.59,67.79,64.67,64.07,15.72
30107,,,,,,,,,0.8781,0.7796,0.7266,0.5714,1.086,1.059,1.081,1.082,1.194,1.187,1.237,1.236,1.045,1.041,0.9585,0.9358,0.9947,0.9945,5.636,7.738,4.03,5.508,1.206,1.149,0.5494,8.875,15.65,0.06501,0.1145,0.1046,42.91,29.2,26.29,51.76,49.61,48.43,4.895
30109,2.399,4.046,4.104,9.526,,,,,0.8944,0.8099,0.7104,0.5503,1.041,1.039,1.072,1.064,1.107,1.09,1.179,1.15,1.028,1.003,0.946,0.9349,0.9981,0.9978,2.517,3.041,2.382,2.96,1.253,1.226,6.228,26.67,35.29,0.09996,0.1328,0.1262,65.73,50.05,46.27,62.03,58.68,57.99,19.21
30111,2.366,3.766,4.968,11.52,,,,,0.8677,0.7618,0.7236,0.5706,1.039,1.069,1.029,1.098,1.155,1.212,1.183,1.176,1.047,1.048,0.9899,0.9836,0.9931,0.9928,2.526,2.966,2.437,2.991,1.181,1.25,5.948,32.39,42.52,0.07849,0.1133,0.1394,38.34,26.5,24.43,50.6,50.09,49.77,22.99
31001,2.073,3.075,3.232,6.25,,,2.868,4.938,0.8687,0.7551,0.5359,0.3853,1.023,1.089,1.008,1.086,1.139,1.286,1.161,1.373,0.9956,1.016,0.9742,0.964,0.9982,1.001,2.331,2.709,1.835,2.111,1.067,1.054,10.85,42.94,55.14,0.6297,0.7828,0.8392,35.28,23,20.03,44.9,43.74,43.28,32.65
31003,2.562,4.265,4.066,9.202,,,3.295,6.254,0.8809,0.7787,0.5992,0.4265,1.037,1.115,1.021,1.131,1.129,1.309,1.163,1.448,1.015,1.042,0.9457,0.9357,0.9958,0.996,2.718,3.298,1.919,2.234,1.059,1.092,5.968,28.75,39.48,0.5895,0.6653,0.7269,47.36,32.48,28.85,45.05,42.6,42.15,21.81
31005,2.436,3.841,4.643,10.31,,,,,0.8939,0.8006,0.6667,0.5335,1.003,1.095,1.013,1.134,1.018,1.22,1.063,1.219,0.9988,1.024,0.9478,0.9199,0.9969,0.9955,2.478,2.978,2.059,2.448,1.088,1.141,6.728,31.36,42.36,0.1346,0.1852,0.2152,35.51,24.32,21.68,55.24,52.36,50.82,24.6
31007,2.701,4.38,,,,,,,0.8872,0.7871,0.685,0.5679,1.037,1.118,1.037,1.139,1.093,1.265,1.111,1.184,1.008,1.024,0.9414,0.9242,0.9927,0.9938,2.638,3.144,2.194,2.632,1.312,1.252,4.939,28.44,39.89,0.04472,0.12,0.1319,28.68,18.52,16.57,52.65,49.57,48.66,22.59
31009,2.18,3.339,3.29,6.384,,,4.432,9.887,0.8922,0.7983,0.6467,0.498,1.059,1.097,1.125,1.117,1.116,1.313,1.134,1.354,1.009,1.04,0.9473,0.926,0.996,0.995,2.42,2.862,1.968,2.307,1.05,1.079,9.748,36.79,48.73,0.3517,0.4376,0.443,37.18,25.51,22.95,48.69,46.13,45.09,28.7
31011,2.688,4.608,,,,,3.834,7.478,0.8855,0.7832,0.5923,0.4257,1.038,1.123,1.033,1.152,1.15,1.328,1.228,1.401,1.012,1.044,0.9513,0.9366,0.9966,0.9974,2.867,3.504,1.946,2.269,1.083,1.117,5.3,27.85,38.69,0.5492,0.6771,0.7292,44.94,30.85,27.12,45.64,43.42,42.75,20.55
31013,2.617,4.128,,,,,,,0.8898,0.7909,0.6426,0.5017,1.034,1.084,1.051,1.12,1.085,1.209,1.158,1.255,1.009,1.023,0.9455,0.9082,0.9933,0.9931,2.552,3.047,2.126,2.552,1.239,1.26,5.705,30.28,41.83,0.08751,0.1442,0.1429,35.47,22.94,20.51,55.43,52.41,50.35,23.08
31015,2.071,3.125,3.152,5.996,,,2.916,5.36,0.8794,0.7752,0.6038,0.4184,1.036,1.063,1.048,1.082,1.104,1.179,1.178,1.306,1.028,1.041,0.9663,0.9266,0.9957,0.9952,2.314,2.684,1.872,2.162,1.072,1.123,10.73,38.33,48.72,0.4301,0.5083,0.5383,49.33,33.58,30.01,47.8,46.19,44.3,29.52
31017,2.204,3.366,3.433,6.622,,,3.459,7.193,0.8808,0.7796,0.6168,0.4415,1.052,1.097,1.104,1.137,1.124,1.268,1.135,1.326,1.022,1.039,0.9565,0.9292,0.996,0.9951,2.433,2.869,1.946,2.274,1.076,1.15,9.339,36.28,47.66,0.4317,0.5283,0.558,40.51,28.33,25.59,48.23,46.13,44.81,27.75
31019,2.296,3.582,3.885,8.27,,,3.288,6.127,0.8862,0.7823,0.5966,0.4493,1.014,1.123,0.986,1.168,1.142,1.368,1.192,1.478,0.9985,1.042,0.9647,0.9449,0.9953,0.9965,2.431,2.899,1.871,2.181,1.054,1.077,8.517,37.67,50.16,0.5719,0.6972,0.7293,36.74,25.07,21.75,47.74,46.06,45.11,28.69
31021,2.527,4.237,4.027,9.147,,,2.727,4.744,0.871,0.7592,0.53,0.3563,1.041,1.103,1.086,1.118,1.158,1.325,1.237,1.394,1.009,1.048,0.9676,0.9375,0.996,0.9981,2.731,3.29,1.812,2.098,1.048,1.095,6.219,30.82,43.47,0.7518,0.9394,1.088,47.81,32.1,28.18,40.94,39.61,38.38,24
31023,2.342,3.681,3.975,8.437,,,2.562,4.148,0.8713,0.7603,0.531,0.3724,1.015,1.103,0.9993,1.118,1.111,1.336,1.205,1.456,1,1.05,0.9802,0.9531,0.9976,0.9993,2.589,3.052,1.835,2.11,1.096,1.109,7.585,37.32,49.73,0.8692,1.058,1.113,43.17,29.12,25.76,41.59,40.77,39.64,27.24
31025,2.385,3.81,3.253,6.772,,,2.351,3.721,0.86,0.7457,0.5088,0.3626,1.032,1.082,1.036,1.079,1.095,1.289,1.2,1.388,1.012,1.061,0.9986,0.9794,0.9985,1.002,2.71,3.238,1.817,2.089,1.116,1.11,7.646,34.87,47.98,1.019,1.239,1.249,40.2,24.61,21.2,38.06,38.01,37.28,25.68
31027,2.507,4.185,4.263,9.588,,,2.999,5.471,0.8799,0.7788,0.5615,0.3625,1.046,1.088,1.073,1.124,1.169,1.268,1.214,1.446,1.018,1.039,0.9385,0.9122,0.9943,0.9945,2.771,3.339,1.923,2.227,1.047,1.102,6.161,29.76,40.41,0.6722,0.7665,0.8116,53.62,36.5,32.35,45.05,42.28,41.09,21.97
31029,1.925,2.697,3.12,5.532,,,4.85,11.07,0.8894,0.7887,0.6684,0.5521,1.02,1.087,0.9967,1.094,1.098,1.232,1.119,1.283,0.9925,1.013,0.9668,0.9563,0.997,0.9988,1.999,2.288,1.85,2.153,1.068,1.065,14.97,46.53,58.32,0.1994,0.268,0.2782,27.45,18.72,16.82,56.06,54.19,53.6,39.04
31031,2.25,3.411,3.593,7.081,,,,,0.8898,0.791,0.6536,0.4953,1.022,1.069,1.056,1.093,1.085,1.175,1.183,1.232,1.012,1.024,0.9488,0.9212,0.995,0.9936,2.452,2.891,2.054,2.424,1.131,1.177,8.216,34.55,45.54,0.1869,0.2677,0.2877,40.19,28.19,25.39,50.57,47.98,46.59,26.14
31033,2.29,3.455,4.14,8.719,,,,,0.8903,0.7882,0.6821,0.5659,1.022,1.078,1.022,1.111,1.067,1.191,1.051,1.19,1,1.013,0.9436,0.9219,0.9953,0.9968,2.299,2.687,2.086,2.48,1.147,1.155,8.482,36.99,48.34,0.1945,0.266,0.2762,28.64,19.65,17.57,53.23,50.23,49.08,29.06
31035,2.104,3.153,3.523,6.928,,,2.791,4.793,0.8735,0.762,0.529,0.3857,1.022,1.085,0.9973,1.051,1.111,1.291,1.219,1.358,0.9897,1.032,0.9734,0.9631,0.9969,0.9998,2.365,2.771,1.848,2.124,1.05,1.047,9.748,40.94,52.68,0.8675,1.01,1.089,37.17,24.55,21.6,45.21,44.01,43.54,30.99
31037,2.441,3.986,4.065,8.94,,,2.443,3.99,0.8719,0.7613,0.5355,0.3643,1.037,1.117,1.065,1.153,1.16,1.361,1.208,1.395,0.9985,1.046,0.9609,0.9405,0.9966,0.9977,2.712,3.235,1.841,2.119,1.064,1.096,6.801,33.23,45.13,0.8894,1.02,1.168,45.69,30.53,27.03,42.74,41.07,40.19,24.64
31039,2.484,4.184,3.873,8.651,,,2.602,4.503,0.8774,0.7701,0.5593,0.3874,1.05,1.121,1.114,1.165,1.169,1.337,1.195,1.352,1.015,1.049,0.9696,0.9432,0.9969,0.9984,2.727,3.301,1.826,2.109,1.067,1.089,6.405,28.54,39.86,0.7444,0.9087,1.051,49.55,33.55,29.42,41.94,40.67,39.56,22.47
31041,2.336,3.701,3.88,8.328,,,4.289,9.345,0.8908,0.7937,0.6386,0.496,1.028,1.111,1.036,1.14,1.112,1.329,1.147,1.404,1.006,1.038,0.9637,0.9375,0.9957,0.9959,2.493,3.013,1.95,2.295,1.08,1.094,7.789,32.03,43.24,0.3953,0.4865,0.4912,37.88,26.36,23.48,48.79,47.02,45.74,25.16
31043,2.81,4.831,,,,,2.811,4.899,0.8743,0.7681,0.5301,0.338,1.049,1.108,1.076,1.123,1.137,1.323,1.224,1.423,1.011,1.052,0.9767,0.9367,0.9962,0.997,3.137,3.763,1.921,2.214,1.034,1.11,4.757,29.05,40.45,0.516,0.6057,0.7167,52.43,34.7,30.29,43.67,42.65,40.9,20.18
31045,2.182,3.188,3.674,6.996,,,,,0.893,0.7978,0.6768,0.5396,1.044,1.083,1.071,1.119,1.112,1.242,1.153,1.283,1.009,1.023,0.9438,0.9125,0.9952,0.9946,2.319,2.716,2.175,2.606,1.201,1.24,9.016,38.51,50.01,0.1075,0.1748,0.1683,36.64,25.39,23.05,51.98,49.06,47.43,28.6
31047,2.236,3.432,3.715,7.52,,,3.707,7.541,0.8823,0.7756,0.6148,0.4782,1.006,1.093,0.9813,1.115,1.109,1.338,1.112,1.359,0.9977,1.033,0.9572,0.9401,0.9972,0.998,2.408,2.857,1.881,2.192,1.061,1.078,9.201,36.25,47.92,0.389,0.4426,0.4453,33.3,22.55,19.81,49.91,47.78,46.92,28.5
31049,1.936,2.728,3.23,5.927,,,,,0.8912,0.7879,0.6684,0.5494,1.029,1.093,1.018,1.126,1.113,1.245,1.114,1.27,1.022,1.042,0.9466,0.9145,0.9953,0.9949,2.006,2.307,1.917,2.235,1.11,1.153,14.12,45.77,56.91,0.1417,0.2477,0.2624,25.3,16.57,14.96,56.2,53.19,51.39,38.11
31051,2.585,4.373,4.425,10.16,,,2.975,5.361,0.8782,0.7758,0.559,0.3673,1.048,1.101,1.074,1.134,1.155,1.324,1.206,1.426,1.014,1.048,0.9564,0.9357,0.9952,0.9952,2.856,3.441,1.903,2.206,1.044,1.107,5.838,29.41,40.69,0.6332,0.7232,0.8182,51.74,34.75,30.49,43.65,41.75,40.84,21.89
31053,2.39,3.911,3.8,8.234,,,2.467,4.123,0.8675,0.7532,0.5258,0.359,1.039,1.119,1.075,1.145,1.179,1.377,1.249,1.44,1.005,1.056,0.9869,0.9608,0.9975,0.9997,2.601,3.095,1.781,2.046,1.065,1.09,7.344,32.49,44.77,0.9706,1.154,1.254,45.07,30.03,26.39,40.47,39.94,38.88,25.8
31055,2.565,4.235,3.675,8.055,,,2.184,3.363,0.8547,0.7368,0.481,0.3201,1.034,1.104,1.043,1.09,1.144,1.333,1.302,1.534,1.003,1.043,1,0.974,0.9994,1.002,2.953,3.533,1.835,2.107,1.089,1.103,6.138,31.87,44.75,0.8195,1.069,1.087,44.7,28.55,25.08,38.82,38.82,37.81,22.6
31057,1.746,2.344,2.525,4.148,,,4.285,8.955,0.8878,0.7867,0.6676,0.5585,1.035,1.101,1.021,1.117,1.127,1.235,1.109,1.261,0.9977,1.024,0.9763,0.9676,0.998,1.001,1.848,2.086,1.803,2.074,1.103,1.098,19.74,53.65,64.72,0.2074,0.3118,0.3157,24.68,16.06,14.29,53.36,52.09,51.63,45.77
31059,2.17,3.287,3.561,7.094,,,2.464,3.986,0.8559,0.7398,0.5064,0.362,1.044,1.113,1.049,1.098,1.133,1.333,1.169,1.337,0.9987,1.04,0.9848,0.9682,0.9984,1.001,2.333,2.736,1.765,2.018,1.087,1.087,9.563,39.11,50.88,0.8301,1.074,1.075,35.71,22.42,19.59,42.12,41.48,40.78,31.44
31061,1.834,2.58,2.562,4.443,,,2.531,4.213,0.8831,0.7805,0.5919,0.4569,1.046,1.115,1.036,1.135,1.17,1.334,1.167,1.4,0.9909,1.022,0.9771,0.9572,0.998,1,2.081,2.385,1.787,2.042,1.057,1.044,15.94,48.38,59.88,0.6409,0.7758,0.8671,32.18,21.51,18.74,48.36,47.25,46.29,38.42
31063,1.88,2.634,2.699,4.675,,,4.21,8.695,0.8913,0.7921,0.641,0.5184,1.002,1.081,0.9693,1.099,1.09,1.266,1.079,1.294,0.9921,1.02,0.9507,0.9433,0.9975,0.9987,2.067,2.378,1.892,2.195,1.036,1.022,15.73,49,61.04,0.3872,0.4529,0.4338,29.72,19.43,17.09,53.03,50.42,50.02,38.58
31065,1.713,2.295,2.254,3.642,4.243,9.743,2.897,5.227,0.877,0.772,0.6194,0.4939,1.026,1.098,1.009,1.118,1.133,1.291,1.115,1.427,0.9839,1.018,0.9694,0.9624,0.9984,1.001,1.809,2.045,1.714,1.964,1.061,1.072,23.1,59.04,71.74,0.4801,0.5468,0.578,25.9,16.11,14.05,49.8,48.27,47.93,50.73
31067,1.992,2.915,2.955,5.459,,,2.19,3.338,0.8596,0.7427,0.5097,0.3744,1.055,1.074,1.065,1.067,1.12,1.269,1.228,1.3,0.9942,1.039,1.004,0.9764,0.9986,1.002,2.215,2.574,1.723,1.961,1.103,1.086,12.33,42.53,54.75,0.9423,1.255,1.216,35.63,22.57,19.48,38.88,39.05,37.96,34.52
31069,2.404,3.723,4.358,9.504,,,,,0.8946,0.7971,0.6812,0.5519,1.019,1.09,1.029,1.125,1.059,1.239,1.065,1.233,1.011,1.04,0.9479,0.9204,0.9953,0.9941,2.38,2.829,2.05,2.453,1.106,1.148,7.72,34.14,46.22,0.1582,0.2342,0.2638,30.85,21.18,19.08,56.27,53.34,51.78,27.14
31071,2.443,3.965,3.82,8.505,,,4.349,9.322,0.8887,0.7909,0.6257,0.4642,1.048,1.103,1.069,1.115,1.189,1.295,1.295,1.405,1.01,1.046,0.9547,0.9196,0.9951,0.9943,2.607,3.161,1.984,2.339,1.088,1.106,7.036,31.67,42.83,0.3644,0.5,0.5289,45.26,32.17,28.72,48.9,46.68,44.97,23.45
31073,2.106,3.129,3.321,6.398,,,3.612,7.057,0.8795,0.7762,0.6194,0.492,1.011,1.083,0.9852,1.114,1.104,1.308,1.094,1.417,0.9916,1.027,0.9638,0.9488,0.9986,1,2.257,2.651,1.883,2.189,1.053,1.064,11.4,41.89,53.99,0.4397,0.525,0.5584,32.99,21.6,18.92,50.71,48.87,48.11,32.48
31075,2.505,3.982,4.489,10.08,,,,,0.8931,0.7977,0.66,0.5179,1.016,1.082,1.049,1.114,1.036,1.2,1.049,1.201,1.007,1.025,0.9268,0.9151,0.9947,0.993,2.596,3.114,2.091,2.499,1.125,1.208,6.328,30.22,41.72,0.1898,0.243,0.2578,36.42,26.01,23.35,52.43,48.59,47.98,23.19
31077,2.388,3.87,3.968,8.779,,,3.595,6.996,0.8855,0.7834,0.601,0.4374,1.043,1.11,1.028,1.127,1.182,1.315,1.283,1.407,1.014,1.044,0.9474,0.9166,0.9947,0.9948,2.643,3.16,1.937,2.249,1.117,1.129,6.972,33.48,44.91,0.5153,0.6557,0.6763,40.58,28.41,25.15,47.81,45.3,43.82,24.89
31079,2.16,3.281,3.42,6.752,,,2.708,4.58,0.8722,0.7612,0.5589,0.4033,1.012,1.078,0.9824,1.081,1.12,1.285,1.178,1.356,0.9901,1.019,0.9613,0.954,0.9965,1,2.463,2.893,1.87,2.156,1.088,1.089,9.409,40.06,52.28,0.5204,0.6023,0.6484,38.3,25.18,22.17,44.41,42.68,42.36,29.55
31081,2.199,3.347,3.636,7.264,,,2.501,4.083,0.8644,0.7504,0.5401,0.3888,1.018,1.097,1.008,1.112,1.11,1.309,1.119,1.282,0.9982,1.037,0.9818,0.9551,0.999,1.001,2.541,2.98,1.887,2.166,1.083,1.098,8.63,41.08,53.33,0.7547,0.9102,0.9638,38.74,25.39,22.35,43.75,42.95,41.79,29.2
31083,1.83,2.553,2.551,4.405,,,2.705,4.674,0.8768,0.7701,0.6017,0.4661,1.045,1.114,1.042,1.153,1.15,1.306,1.138,1.421,0.9883,1.019,0.972,0.9667,0.9986,1.001,1.985,2.274,1.754,2.013,1.068,1.087,17.48,50.32,62.41,0.5245,0.6028,0.668,30.21,19.72,17.08,50.69,49.28,49.01,41.28
31085,1.865,2.606,2.716,4.674,,,4.339,9.33,0.885,0.7805,0.6365,0.5144,1.008,1.099,0.975,1.084,1.098,1.28,1.088,1.289,0.9993,1.035,0.9668,0.9415,0.9979,0.999,2.026,2.336,1.876,2.175,1.054,1.039,15.68,46.13,57.22,0.324,0.4203,0.4117,30.53,20.33,17.87,53.59,51.81,50.46,37.5
31087,1.719,2.29,2.337,3.719,,,3.335,6.262,0.8866,0.7841,0.6503,0.5365,1.024,1.109,1.014,1.123,1.143,1.286,1.136,1.371,0.9974,1.032,0.9791,0.9487,0.9981,0.9997,1.897,2.138,1.83,2.094,1.04,1.016,21.01,56.13,67.32,0.3788,0.503,0.4467,27.96,18.15,15.92,53.1,51.99,50.38,45.52
31089,2.27,3.583,3.434,7.085,,,3.167,6.113,0.8806,0.7768,0.5997,0.4178,1.029,1.09,1.029,1.118,1.113,1.245,1.165,1.462,1.016,1.036,0.9476,0.915,0.9959,0.9953,2.535,3.007,1.925,2.241,1.076,1.12,7.988,33.06,43.85,0.3513,0.4154,0.4479,48.53,33.61,30.14,47.99,45.47,43.91,24.88
31091,2.323,3.558,3.993,8.186,,,,,0.8883,0.7886,0.6422,0.4911,1.041,1.098,1.108,1.146,1.066,1.272,1.108,1.22,1.003,1.025,0.9461,0.9153,0.9952,0.9949,2.477,2.93,2.033,2.399,1.153,1.207,7.735,34.17,45.7,0.2556,0.3469,0.3994,36.84,25.38,22.8,50.26,47.55,46,26.2
31093,2.313,3.688,3.8,8.05,,,2.808,4.921,0.8788,0.7707,0.582,0.4193,1.015,1.091,0.9862,1.102,1.13,1.308,1.197,1.378,0.9995,1.027,0.9514,0.9402,0.9957,0.9979,2.627,3.111,1.871,2.158,1.117,1.089,7.498,34.02,45.67,0.5134,0.6189,0.658,38.95,26.64,23.49,46.75,44.47,43.95,25.57
31095,1.921,2.771,2.746,4.865,,,2.257,3.498,0.8672,0.7522,0.5168,0.3829,1.051,1.1,1.03,1.093,1.14,1.298,1.284,1.426,1.002,1.05,0.9901,0.9612,0.9994,1.002,2.158,2.497,1.733,1.973,1.098,1.081,13.75,43.6,54.71,1.073,1.428,1.388,35.25,22.03,19.05,41.4,40.99,39.79,34.88
31097,2.117,3.166,3.034,5.814,,,2.373,3.765,0.8643,0.7486,0.529,0.3929,1.06,1.074,1.076,1.053,1.148,1.299,1.273,1.365,1.001,1.045,1.012,0.978,0.9983,1.002,2.257,2.629,1.741,1.99,1.117,1.092,10.95,40.71,53.32,1.128,1.466,1.448,36.58,23.12,19.9,37.89,38.34,37.06,32.88
31099,2.088,3.127,3.382,6.735,,,2.894,5.118,0.8768,0.7669,0.5718,0.427,1.025,1.118,1.003,1.152,1.15,1.334,1.16,1.401,0.9967,1.028,0.9839,0.9581,0.9977,0.9992,2.261,2.643,1.784,2.056,1.043,1.053,10.89,41.32,53.41,0.674,0.8427,0.925,34.37,23.4,20.34,47.8,47.03,45.8,33.04
31101,1.975,2.816,3.204,5.912,,,5.373,12.6,0.886,0.784,0.6371,0.5145,0.9967,1.098,0.973,1.133,1.061,1.245,1.048,1.232,1.001,1.029,0.9633,0.928,0.9967,0.9966,2.059,2.384,1.879,2.197,1.076,1.109,13.29,43.59,55.05,0.1352,0.1819,0.2251,30.05,20.22,18.27,54.56,52.56,50.63,35.65
31103,2.026,3.022,2.914,5.249,,,3.096,6.071,0.8751,0.77,0.5987,0.4102,1.029,1.074,1.042,1.099,1.106,1.183,1.131,1.295,1.03,1.033,0.9712,0.9241,0.9955,0.994,2.371,2.766,1.954,2.276,1.105,1.122,11.69,40.59,52,0.2754,0.3408,0.3868,45.86,31.03,27.96,49.56,48.13,45.8,29.74
31105,2.776,4.53,,,,,,,0.8873,0.79,0.6729,0.5586,1.004,1.071,0.9892,1.077,1.037,1.189,1.01,1.169,0.9947,1.014,0.938,0.915,0.9946,0.9958,2.714,3.244,2.306,2.795,1.231,1.179,4.343,28.28,39.7,0.07466,0.1598,0.164,28.78,19.22,17.11,53.82,50.48,49.24,21.77
31107,2.347,3.773,3.752,7.899,,,3.041,5.585,0.8832,0.7825,0.5879,0.3963,1.042,1.093,1.053,1.137,1.159,1.271,1.185,1.403,1.024,1.051,0.9428,0.9118,0.9938,0.9928,2.62,3.104,1.898,2.195,1.046,1.08,7.686,33.35,44.47,0.5886,0.6579,0.6872,50.96,35.86,32.05,45.54,42.93,41.53,24.88
31109,2.134,3.237,3.183,6.164,,,2.112,3.191,0.8574,0.7412,0.5038,0.36,1.023,1.08,1.001,1.081,1.082,1.265,1.297,1.335,0.997,1.045,1.012,0.9777,0.9986,1.001,2.42,2.836,1.759,2.008,1.111,1.111,9.884,38.85,51.29,0.8931,1.135,1.133,39.18,24.52,21.48,39.62,40.11,38.74,30.16
31111,2.134,3.154,3.418,6.501,,,5.093,11.69,0.8906,0.7912,0.6349,0.5082,1.003,1.081,0.9712,1.089,1.075,1.285,1.067,1.282,0.9988,1.026,0.9594,0.9333,0.9973,0.9981,2.294,2.7,1.967,2.314,1.118,1.135,10.9,39.85,51.9,0.2084,0.2615,0.2858,33.76,22.88,20.29,53.04,50.89,49.51,30.72
31113,2.105,3.12,3.234,6.2,,,4.847,11.53,0.8914,0.7958,0.6457,0.5059,1.034,1.088,1.065,1.103,1.089,1.309,1.098,1.31,1.003,1.028,0.9627,0.9284,0.9976,0.9964,2.229,2.643,1.939,2.28,1.148,1.144,10.6,36.71,47.92,0.2426,0.3477,0.353,36.77,25.75,23.03,49.83,47.97,46.26,30.04
31115,2.29,3.589,3.606,7.495,,,4.531,10.02,0.8913,0.7952,0.6317,0.473,1.053,1.107,1.093,1.128,1.173,1.297,1.189,1.321,1.012,1.044,0.9531,0.9369,0.9965,0.9962,2.524,3.014,1.982,2.325,1.069,1.104,8.155,34.03,45.31,0.3804,0.4875,0.5462,41.27,28.78,25.74,48.83,46.55,45.75,25.67
31117,2.274,3.452,4.079,8.359,,,,,0.8906,0.7944,0.6422,0.5027,1.026,1.089,1.047,1.127,1.049,1.263,1.061,1.178,1.008,1.029,0.9484,0.91,0.9965,0.9959,2.377,2.832,2.033,2.405,1.166,1.205,8.393,35.44,46.93,0.1547,0.2255,0.262,36.24,25.11,22.46,52.56,49.84,47.82,27.52
31119,2.604,4.33,4.367,9.843,,,3.005,5.377,0.88,0.7774,0.5753,0.4009,1.039,1.137,1.051,1.187,1.107,1.311,1.159,1.368,1.004,1.039,0.9542,0.9411,0.9962,0.9975,2.923,3.534,1.957,2.273,1.077,1.103,5.857,30.43,41.74,0.6883,0.789,0.8555,48.56,33.42,29.61,44.16,42.13,41.56,21.12
31121,2.208,3.387,3.631,7.327,,,2.35,3.759,0.8626,0.7492,0.5478,0.3892,1.01,1.096,0.9879,1.124,1.12,1.295,1.156,1.31,1.001,1.034,0.9616,0.9402,0.9976,0.9996,2.482,2.906,1.841,2.106,1.12,1.116,8.761,39.21,50.94,0.6486,0.7612,0.8193,38.29,24.77,21.91,44.52,42.81,41.86,29.35
31123,2.236,3.336,4.17,8.733,,,,,0.89,0.7903,0.6756,0.5479,1.025,1.087,1.028,1.113,1.09,1.225,1.121,1.214,1.011,1.022,0.9459,0.9254,0.993,0.9938,2.15,2.515,1.966,2.333,1.187,1.21,9.412,38.04,50.02,0.1034,0.1727,0.1747,27.67,18.23,16.6,54.77,51.8,50.68,31.94
31125,2.346,3.746,3.892,8.356,,,2.871,4.978,0.8744,0.7661,0.5729,0.4114,1.025,1.129,1.006,1.173,1.184,1.335,1.288,1.414,1.007,1.034,0.959,0.9476,0.9979,0.9997,2.595,3.076,1.86,2.139,1.128,1.129,7.509,34.51,45.84,0.5789,0.7248,0.7682,39.55,26.49,23.4,44.87,43.03,42.52,26.17
31127,2.226,3.374,3.12,6.212,,,2.144,3.229,0.8504,0.7322,0.5114,0.3679,1.057,1.085,1.066,1.078,1.118,1.3,1.226,1.37,0.9913,1.04,0.9898,0.9863,0.9993,1.004,2.453,2.854,1.747,1.982,1.1,1.072,9.366,40.3,53,1.082,1.516,1.474,35.19,21.37,18.57,36.76,36.38,36.25,31.2
31129,1.934,2.783,2.809,5.108,,,2.381,3.809,0.8702,0.7578,0.5201,0.3841,1.039,1.086,1.048,1.081,1.104,1.256,1.163,1.32,0.9877,1.024,0.9667,0.9612,0.9972,1,2.166,2.492,1.757,2,1.055,1.034,13.71,46.18,57.92,0.8711,1.064,1.082,33.25,20.91,18.17,44.2,42.73,42.49,36.53
31131,2.26,3.502,3.205,6.452,,,2.275,3.567,0.8619,0.7448,0.5007,0.3549,1.042,1.074,1.051,1.083,1.092,1.282,1.208,1.354,1.005,1.055,1.016,0.9914,0.9984,1.003,2.448,2.887,1.743,1.992,1.117,1.107,9.002,36.92,49.54,1.08,1.397,1.385,38.42,23.68,20.3,37.55,38.15,37.23,29.22
31133,1.978,2.871,2.73,4.9,,,2.136,3.185,0.8472,0.7279,0.4967,0.3579,1.065,1.086,1.071,1.099,1.163,1.299,1.245,1.347,1.003,1.046,1.02,0.9815,0.9996,1.003,2.26,2.599,1.73,1.962,1.099,1.077,13.33,46.23,59.5,1.144,1.532,1.5,33.08,20.01,17.46,37.91,38.66,37.21,36.38
31135,1.92,2.705,3.071,5.506,,,,,0.8889,0.7889,0.6629,0.5461,1.005,1.084,0.972,1.105,1.091,1.255,1.1,1.288,0.9967,1.015,0.9585,0.9336,0.9966,0.9972,1.989,2.288,1.866,2.182,1.054,1.089,15.1,46.4,58.23,0.1676,0.1911,0.2371,29.26,19.89,17.94,54.25,52,50.65,38.93
31137,2.132,3.205,3.348,6.668,,,3.075,5.716,0.8751,0.7666,0.573,0.4309,1.014,1.1,0.9921,1.143,1.102,1.291,1.079,1.423,0.9924,1.029,0.9701,0.9497,0.998,0.9995,2.247,2.645,1.828,2.121,1.054,1.076,10.81,40.2,52.09,0.5167,0.6432,0.6934,35.55,23.88,20.74,49.39,47.91,46.9,31.81
31139,2.436,4.006,4.072,9.256,,,3.052,5.591,0.8766,0.7728,0.5672,0.3816,1.044,1.112,1.062,1.142,1.151,1.319,1.172,1.436,1.01,1.041,0.9511,0.9361,0.9951,0.996,2.6,3.108,1.859,2.147,1.046,1.082,6.538,30.12,40.77,0.6208,0.7205,0.7395,49.52,33.38,29.49,43.67,41.54,40.88,23.77
31141,2.451,3.98,4.104,9.021,,,2.694,4.55,0.8747,0.7679,0.5551,0.3857,1.031,1.12,1.035,1.165,1.159,1.329,1.236,1.368,1.004,1.037,0.9517,0.9421,0.9967,0.9982,2.714,3.239,1.874,2.16,1.097,1.124,6.899,33.63,45.23,0.6474,0.7735,0.8416,44.23,29.74,26.41,43.72,41.61,41.19,24.59
31143,2.387,3.793,4.116,8.895,,,2.585,4.284,0.8662,0.756,0.547,0.3942,1.023,1.098,1.013,1.126,1.127,1.34,1.211,1.447,1.006,1.043,0.9798,0.9515,0.998,0.9989,2.514,2.982,1.798,2.069,1.103,1.116,7.48,35.34,47.46,0.9268,1.049,1.152,41.17,26.92,23.86,43.75,42.87,41.62,27.51
31145,1.799,2.455,2.545,4.286,,,3.274,6.129,0.8852,0.7823,0.6257,0.5024,1.006,1.093,0.9669,1.094,1.104,1.277,1.072,1.39,0.9839,1.02,0.984,0.9617,0.9986,0.9998,1.944,2.207,1.798,2.065,1.044,1.04,18.51,52.85,64.7,0.338,0.4187,0.4039,27.79,17.83,15.65,51.4,50.58,49.43,43.51
31147,2.113,3.159,2.901,5.66,,,2.073,3.079,0.8425,0.7207,0.4768,0.3315,1.071,1.088,1.074,1.09,1.139,1.262,1.213,1.314,0.9915,1.034,0.9898,0.9865,0.9989,1.003,2.282,2.646,1.694,1.916,1.076,1.048,10.61,41.95,54.46,0.9896,1.346,1.285,31.87,19.09,16.48,36.21,35.84,35.72,34.3
31149,2.214,3.457,3.453,6.801,,,3.316,6.78,0.8824,0.7803,0.6063,0.4282,1.042,1.098,1.078,1.131,1.12,1.252,1.137,1.388,1.026,1.046,0.9538,0.9129,0.9955,0.994,2.55,3.029,1.974,2.307,1.071,1.126,8.33,33.26,44.08,0.3609,0.4342,0.4876,46.36,31.87,28.49,48.34,46.11,44.13,24.81
31151,2.099,3.145,3.306,6.372,,,2.231,3.465,0.8493,0.7318,0.5013,0.3609,1.045,1.102,1.04,1.084,1.126,1.313,1.218,1.355,1.004,1.053,1.008,0.974,0.999,1.002,2.323,2.716,1.745,1.989,1.088,1.088,10.27,39.86,51.94,1.026,1.361,1.376,35.49,21.62,18.88,41.44,41.75,40.36,32.19
31153,2.412,3.883,3.258,6.891,,,2.251,3.511,0.861,0.7472,0.5064,0.3538,1.035,1.099,1.041,1.087,1.105,1.313,1.253,1.476,1.008,1.054,1.005,0.9758,0.9999,1.002,2.775,3.299,1.82,2.091,1.11,1.11,7.401,34.69,47.95,0.9201,1.166,1.149,42.23,26.57,23.23,38.78,38.98,37.84,25.07
31155,2.275,3.602,3.372,6.986,,,2.513,4.137,0.8688,0.7571,0.5244,0.372,1.023,1.103,1.022,1.12,1.13,1.33,1.249,1.49,0.9995,1.055,0.9951,0.9498,0.9988,1.001,2.513,2.975,1.795,2.068,1.099,1.102,8.584,36.29,49.33,0.95,1.238,1.22,42.11,27.84,24.51,40.46,40.26,38.43,27.95
31157,2.405,3.703,5.014,10.79,,,,,0.887,0.7855,0.6715,0.548,1.043,1.104,1.048,1.147,1.114,1.235,1.167,1.195,1.02,1.019,0.9402,0.9127,0.9926,0.9934,2.327,2.733,2.031,2.412,1.262,1.248,7.645,34.18,46.23,0.07608,0.1146,0.1165,27.42,17.22,15.6,57.34,53.91,52.33,28.4
31159,2.196,3.346,3.607,7.251,,,2.268,3.509,0.8588,0.7444,0.5156,0.375,1.022,1.096,1,1.102,1.106,1.338,1.223,1.388,1,1.05,1.018,0.9807,0.9987,1.001,2.43,2.852,1.793,2.051,1.085,1.097,8.853,39.5,51.72,0.8975,1.143,1.166,39.4,25.34,22.34,41.37,42.1,40.57,30.06
31161,2.363,3.617,4.352,9.412,,,,,0.8969,0.8033,0.6673,0.5239,1.024,1.056,1.063,1.081,1.059,1.155,1.121,1.259,1.008,1.019,0.9452,0.9222,0.9943,0.9937,2.359,2.797,2.083,2.489,1.134,1.175,6.933,32.26,43.11,0.1222,0.1826,0.1837,38.11,26.76,24.14,53.97,51.01,49.77,25.73
31163,2.376,3.796,4.082,8.891,,,3.384,6.457,0.8858,0.7853,0.5977,0.4433,1.024,1.149,1.005,1.196,1.146,1.382,1.244,1.525,1.004,1.04,0.965,0.9379,0.9952,0.996,2.585,3.099,1.925,2.243,1.091,1.105,7.536,35.06,47.22,0.5037,0.6506,0.7006,38.14,25.66,22.38,47.03,45.39,44.11,26.03
31165,2.553,4.01,,,,,,,0.9004,0.8125,0.6835,0.5536,1.054,1.112,1.079,1.152,1.11,1.236,1.121,1.237,1.019,1.034,0.9305,0.9009,0.9929,0.993,2.527,3.013,2.261,2.738,1.235,1.228,5.603,29.7,40.81,0.1032,0.185,0.1767,35.01,23.73,21.53,55.2,51.36,49.73,23.3
31167,2.574,4.325,4.173,9.434,,,2.764,4.806,0.871,0.7632,0.5503,0.3725,1.044,1.131,1.087,1.176,1.134,1.329,1.167,1.347,1.006,1.043,0.96,0.9422,0.9968,0.9987,2.788,3.366,1.869,2.164,1.068,1.101,6.159,29.48,40.89,0.7222,0.8706,0.9607,47.7,31.64,27.78,42.9,41.18,40.42,22.19
31169,1.906,2.743,2.763,4.886,,,2.2,3.371,0.8668,0.7507,0.5162,0.3795,1.059,1.105,1.063,1.095,1.135,1.279,1.364,1.548,0.9999,1.045,0.9776,0.9689,0.9987,1.001,2.162,2.502,1.732,1.97,1.079,1.06,14,44.28,55.47,0.9377,1.231,1.254,34.88,21.96,18.87,42.17,41.23,40.86,35.23
31171,2.234,3.397,3.661,7.254,,,4.883,11.68,0.8921,0.7973,0.6563,0.5135,1.054,1.101,1.131,1.133,1.106,1.321,1.174,1.333,0.9996,1.033,0.9591,0.9216,0.9975,0.9965,2.346,2.786,1.975,2.325,1.07,1.102,9.106,35.81,47.62,0.2308,0.3082,0.3489,36.45,25.38,22.89,48.42,46.44,44.63,28.69
31173,2.377,3.905,3.94,8.908,,,2.799,4.946,0.8768,0.7725,0.5502,0.3689,1.043,1.12,1.084,1.144,1.138,1.331,1.196,1.402,1.008,1.054,0.9706,0.9336,0.996,0.9968,2.634,3.146,1.841,2.125,1.039,1.102,6.71,31.66,42.97,0.6771,0.7566,0.8832,49.88,33.42,29.46,42.65,41.4,39.81,24.74
31175,2.527,4.156,4.25,9.656,,,3.957,8.155,0.887,0.7872,0.6144,0.4554,1.038,1.117,1.041,1.146,1.157,1.319,1.217,1.407,1.006,1.041,0.958,0.9232,0.9947,0.9946,2.699,3.286,1.965,2.303,1.114,1.136,6.365,31.52,42.9,0.4614,0.6166,0.6262,40.87,28.52,25.25,47.32,45.33,43.68,23.17
31177,2.851,5.009,,,,,2.444,3.989,0.8591,0.741,0.4981,0.3287,1.029,1.102,1.043,1.095,1.158,1.351,1.257,1.457,0.9997,1.045,0.9914,0.9597,0.9982,1,3.151,3.858,1.84,2.129,1.061,1.086,4.559,26.68,39.14,0.8092,0.9944,1.044,46.7,30.22,26.3,39.57,39.23,37.97,19.41
31179,2.756,4.804,,,,,3.246,6.082,0.8765,0.7731,0.5585,0.3727,1.043,1.122,1.086,1.165,1.116,1.335,1.155,1.418,1.004,1.045,0.9565,0.9234,0.9955,0.9968,2.949,3.611,1.912,2.227,1.046,1.089,4.998,25.88,36.82,0.6806,0.7851,0.86,51.93,34.7,30.29,44.66,42.71,41.24,19.46
31181,1.825,2.556,2.475,4.265,,,2.618,4.381,0.8831,0.7797,0.5826,0.4484,1.034,1.103,1.036,1.125,1.131,1.268,1.143,1.281,0.9889,1.02,0.9653,0.9511,0.9978,0.9997,2.07,2.364,1.804,2.062,1.064,1.031,16.23,50.33,61.86,0.7898,0.9604,0.9787,32.55,22.11,19.21,46.69,45.07,44.41,39.51
31183,2.45,3.999,3.883,8.714,,,3.659,7.3,0.8834,0.7828,0.5989,0.4322,1.038,1.094,1.03,1.104,1.139,1.27,1.241,1.385,1.005,1.038,0.9476,0.9208,0.9959,0.9958,2.616,3.16,1.938,2.271,1.078,1.092,6.757,31.67,43.11,0.4793,0.5693,0.5685,45.18,30.89,27.48,48.42,45.89,44.59,23.82
31185,2.165,3.299,3.553,7.142,,,2.405,3.85,0.8615,0.7491,0.5311,0.3866,1.029,1.125,1.016,1.174,1.128,1.348,1.245,1.349,1.004,1.051,0.9864,0.9555,0.998,0.9987,2.359,2.771,1.788,2.049,1.074,1.094,9.612,39.96,52.24,0.832,1.026,1.08,38.85,25.38,22.48,43.43,42.83,41.49,31.11
32001,1.897,2.528,3.323,5.647,,,,,0.8578,0.7362,0.6478,0.5271,1.082,1.141,1.124,1.214,1.167,1.361,1.294,1.412,1.033,1.065,1.064,1.009,0.9996,0.9981,1.868,2.097,2.055,2.465,,,15.28,47.21,58,0.008858,0.01101,0.01537,9.306,3.696,3.077,93.21,99.2,94.04,42.28
32003,1.276,1.448,1.444,1.74,1.822,2.437,1.456,1.81,0.7948,0.6585,,,1.021,1.081,1.058,1.103,1.083,1.245,1.105,1.338,0.9841,1.022,1.037,1.042,0.9996,0.9985,1.281,1.362,1.424,1.567,,,73.55,106.4,115.2,0.06703,0.07143,0.08406,1.05,0.3179,0.2412,117.9,122.3,122.8,105.2
32005,3.104,5.337,,,,,,,0.8679,0.7578,0.7228,0.5806,1.039,1.106,1.031,1.108,1.068,1.268,1.067,1.218,1.022,1.066,1.061,1.025,0.9996,0.9987,2.892,3.637,2.809,3.689,1.051,1.087,2.01,12.52,19.23,0.5772,0.6193,0.6603,13.17,5.374,4.472,84.03,89.13,86.16,13.27
32007,4.395,8.024,,,,,,,0.8756,0.7725,0.6454,0.4997,1.059,1.142,1.071,1.146,1.15,1.46,1.2,1.51,1.028,1.077,1.017,1.004,0.9948,0.9942,3.97,4.983,3.258,4.288,,,1.238,14.92,23.63,0.01917,0.02973,0.03213,34.09,16.85,13.88,64.67,65.74,64.91,10.68
32009,2.12,2.948,4.32,7.759,,,,,0.8618,0.7445,0.6823,0.5728,1.122,1.19,1.171,1.278,1.263,1.436,1.39,1.698,1.02,1.065,1.04,1.029,0.999,0.9976,1.929,2.212,1.907,2.272,,,11.39,39.34,50.42,0.02412,0.03613,0.03845,8.396,3.147,2.569,99.71,103.7,102.6,37.96
32011,3.248,5.439,,,,,,,0.8736,0.7672,0.6344,0.482,1.063,1.127,1.073,1.152,1.193,1.416,1.197,1.443,1.031,1.071,1.022,1,0.9948,0.9934,3.049,3.759,2.837,3.688,,,2.575,18.72,27.92,0.009006,0.01063,0.01322,24.39,11.23,9.256,69.65,71.15,69.67,15.7
32013,2.123,2.987,3.993,7.389,,,,,0.8609,0.7455,0.6712,0.5383,1.076,1.157,1.115,1.192,1.157,1.5,1.233,1.531,1.034,1.095,1.065,1.039,0.9955,0.9941,2.131,2.452,2.408,3.005,,,9.443,35.02,44.94,0.01631,0.02515,0.02892,19.66,9.518,7.907,81.8,87.1,85.01,30.19
32015,2.447,3.661,,,,,,,0.8609,0.7433,0.6473,0.5081,1.064,1.115,1.095,1.151,1.189,1.439,1.209,1.449,1.029,1.063,1.049,1.015,0.9958,0.9945,2.463,2.89,2.495,3.122,,,5.707,28.43,38.64,0.01272,0.01637,0.01831,18.32,8.233,6.757,73.78,77.37,74.92,24.33
32017,1.776,2.359,2.331,3.585,3.371,6.204,4.083,7.601,0.8469,0.7231,0.6596,0.5403,1.054,1.108,1.098,1.126,1.084,1.289,1.086,1.349,1.021,1.061,1.04,1.028,0.9967,0.9957,1.79,2.01,1.866,2.182,,,19.92,49.27,59.78,0.0385,0.04724,0.06313,7.255,2.508,2.074,82.79,86.08,85.14,46.51
32019,2.127,2.98,4.49,8.53,,,,,0.8601,0.7387,0.6981,0.5643,1.067,1.128,1.098,1.204,1.149,1.318,1.213,1.309,1.024,1.062,1.038,1.006,0.9989,0.9981,2.06,2.362,2.14,2.581,,,8.896,37,46.99,0.07289,0.08127,0.08542,8.589,3.309,2.695,93.29,96.85,93.84,33.22
32021,2.169,3.119,4.112,7.66,,,,,0.8708,0.7599,0.6831,0.5612,1.098,1.146,1.127,1.215,1.271,1.409,1.282,1.449,1.035,1.068,1.042,1.026,0.9992,0.9983,2.118,2.475,2.09,2.548,,,8.405,31.47,41.35,0.04531,0.06883,0.06798,10.93,4.423,3.617,90.69,94.53,93.01,29.34
32023,1.891,2.6,2.381,3.773,,,2.543,4.387,0.8606,0.7463,0.6513,0.529,1.096,1.145,1.159,1.197,1.196,1.381,1.214,1.442,1.022,1.064,1.035,1.024,0.9975,0.9963,1.957,2.258,1.921,2.284,,,14.27,38.35,48.35,0.04428,0.05444,0.06572,12.52,5.294,4.353,90.68,93.84,92.83,35.69
32027,1.973,2.683,3.574,6.368,,,,,0.8638,0.7489,0.678,0.5512,1.064,1.132,1.126,1.181,1.115,1.395,1.184,1.429,1.024,1.076,1.05,1.014,0.9971,0.9958,1.91,2.158,2.157,2.628,,,13.41,43.43,54.06,0.01344,0.02224,0.03136,14.53,6.284,5.213,87.97,92.39,89.21,39.31
32029,3.006,4.982,,,,,,,0.8417,0.7066,,,1.034,1.117,1.046,1.174,1.079,1.323,1.1,1.373,1.01,1.066,1.066,1.014,0.9995,0.9988,3.078,3.705,2.426,2.967,1.039,1.096,2.651,21.01,30.61,0.1576,0.1841,0.1984,11.52,4.622,3.86,86.99,92.76,88.17,16.85
32031,2.904,4.78,,,,,,,0.8555,0.7321,0.6464,0.4867,1.053,1.146,1.074,1.201,1.092,1.399,1.17,1.476,1.01,1.075,1.066,1.031,0.9978,0.9964,2.788,3.434,2.52,3.182,,,3.703,18.25,26.34,0.1082,0.1219,0.1327,17.97,8.2,6.646,83.64,89.14,86.26,16.19
32033,5.243,10.29,,,,,,,0.8865,0.7891,0.6543,0.509,1.087,1.149,1.128,1.175,1.175,1.384,1.163,1.411,1.026,1.077,1.042,1.024,0.9946,0.9937,4.485,5.802,3.092,3.994,,,0.6667,10.59,17.88,0.02097,0.03196,0.04242,29.51,13.95,11.29,64.52,67.22,66.04,8.141
32510,3.662,6.599,,,,,,,0.8523,0.7274,0.6744,0.5046,1.027,1.106,1.018,1.115,1.042,1.27,1.054,1.335,1.008,1.058,1.071,1.022,0.9999,0.9992,3.455,4.412,2.846,3.694,1.032,1.076,1.529,11.85,18.82,0.3676,0.3925,0.4315,12.63,5.239,4.441,88.67,94.98,90.59,10.38
33001,,,,,,,,,0.8695,0.7665,0.3057,0.09284,1.071,1.129,1.041,1.133,1.261,1.434,1.249,1.438,1.072,1.1,0.9841,0.9871,0.991,0.9914,5.76,8.056,2.355,2.87,1.215,1.27,0.2093,4.272,7.12,0.8304,1.294,1.374,55.66,32.57,26.24,21.26,20.92,20.98,3.237
33003,,,,,,,,,0.874,0.7745,0.3253,0.07224,1.084,1.145,1.046,1.151,1.296,1.477,1.309,1.5,1.079,1.109,0.9695,0.9799,0.9877,0.9888,,,2.64,3.296,1.216,1.256,0.09593,2.269,3.935,1.232,1.879,2.061,61.3,36.37,28.97,19.96,19.35,19.56,1.748
33005,,,,,,,,,0.8708,0.7722,0.41,0.2157,1.062,1.125,1.069,1.154,1.224,1.425,1.195,1.381,1.068,1.098,0.9933,1.006,0.9905,0.9909,6.259,8.871,2.507,3.091,1.156,1.21,0.1448,3.327,5.617,1.037,1.496,1.543,52.76,30.08,24.01,21.02,20.88,21.13,2.586
33007,,,,,,,,,0.8865,0.7979,0.5196,0.275,1.072,1.12,1.072,1.143,1.259,1.463,1.303,1.528,1.066,1.101,0.9622,0.9806,0.9866,0.9866,,,3.766,5.083,1.295,1.336,0.001208,0.2529,0.6281,0.5341,0.841,0.9143,89.9,63.67,54.89,17.86,17.19,17.52,0.1548
33009,,,,,,,,,0.8796,0.7858,0.4188,0.1758,1.065,1.137,1.058,1.158,1.251,1.459,1.264,1.457,1.069,1.104,0.9698,0.9794,0.987,0.9864,,,2.983,3.854,1.234,1.28,0.03322,1.457,2.795,0.883,1.346,1.521,74.15,47.82,39.58,19.87,19.27,19.46,1.007
33011,,,,,,,,,0.8564,0.7488,0.3067,0.1214,1.067,1.129,1.053,1.123,1.248,1.454,1.227,1.453,1.066,1.095,0.9959,1.003,0.9905,0.9914,5.281,7.356,2.294,2.792,1.175,1.218,0.2922,4.118,6.928,1.022,1.561,1.731,44.25,22.52,17.09,21.62,21.53,21.68,3.547
33013,,,,,,,,,0.8608,0.7541,0.3338,0.1299,1.07,1.127,1.046,1.115,1.255,1.428,1.252,1.446,1.068,1.096,0.9894,1.002,0.9902,0.9912,5.431,7.429,2.368,2.884,1.207,1.269,0.2798,4.146,6.753,0.8446,1.294,1.416,52.23,28.15,21.68,21.06,20.84,21.1,3.361
33015,,,,,,,2.934,6.28,0.8447,0.7268,0.3414,0.1727,1.087,1.151,1.06,1.135,1.308,1.453,1.3,1.448,1.065,1.089,1,1.022,0.9926,0.9941,4.125,5.504,2.092,2.501,1.172,1.204,0.6826,6.245,9.899,1.182,1.774,1.926,36.1,16.63,11.77,21.8,21.8,22.29,5.869
33017,,,,,,,2.754,6.021,0.8504,0.7368,0.3475,0.1598,1.085,1.141,1.05,1.126,1.3,1.437,1.277,1.425,1.065,1.091,0.997,1.023,0.9937,0.9956,4.42,5.844,2.184,2.624,1.182,1.22,0.5167,5.933,9.42,1.34,1.98,2.124,41.71,20.36,14.57,21.68,21.62,22.18,5.303
33019,,,,,,,,,0.8706,0.7722,0.3651,0.1452,1.054,1.121,1.044,1.136,1.219,1.4,1.189,1.371,1.064,1.096,0.9816,0.9972,0.9891,0.9893,,,2.782,3.484,1.193,1.256,0.04306,2.293,4.115,0.834,1.242,1.321,61.38,36.37,29.3,20.95,20.56,20.89,1.475
34001,2.635,5.513,,,,,1.816,2.723,0.7559,0.5909,,,1.051,1.116,1.065,1.12,1.161,1.362,1.213,1.401,1.04,1.066,1.001,0.991,0.9926,0.9913,3.113,3.871,1.644,1.851,1.167,1.205,1.773,10.38,14.36,1.395,1.86,1.915,11.43,3.92,2.696,22.31,22.34,22.11,11.31
34003,2.826,5.897,,,,,2.041,3.2,0.7581,0.5949,,,1.078,1.166,1.103,1.24,1.225,1.408,1.193,1.372,1.053,1.094,0.995,1.001,0.9906,0.9883,3.175,4.073,1.684,1.928,1.171,1.177,1.986,10.63,15.33,1.952,2.638,2.759,19.74,7.803,5.39,22.82,22.71,22.85,10.95
34005,2.409,4.796,,,,,2.146,3.53,0.7684,0.6068,,,1.084,1.146,1.104,1.168,1.219,1.406,1.238,1.396,1.056,1.086,1.001,0.9958,0.9922,0.9906,2.718,3.306,1.625,1.843,1.16,1.201,3.216,15.88,22.07,1.446,1.973,2.119,11.94,3.379,2.171,22.69,22.71,22.59,17.81
34007,2.511,5.031,,,,,2.101,3.323,0.7538,0.5858,,,1.07,1.142,1.088,1.159,1.2,1.397,1.224,1.393,1.058,1.089,1.008,1.001,0.9911,0.9881,2.864,3.454,1.64,1.857,1.152,1.203,3.068,17.81,25.13,1.383,1.961,2.116,13.04,4.014,2.614,22.29,22.46,22.32,18.14
34009,2.87,6.209,,,,,1.864,2.774,0.7439,0.5713,,,1.054,1.124,1.071,1.126,1.158,1.344,1.238,1.426,1.042,1.061,1,1,0.9921,0.991,3.353,4.172,1.618,1.806,1.195,1.224,1.27,9.336,13,1.365,1.782,1.817,8.974,2.759,1.852,22.68,22.69,22.69,10.44
34011,2.616,5.449,,,,,1.908,2.882,0.7502,0.5829,,,1.072,1.149,1.077,1.157,1.195,1.402,1.281,1.471,1.061,1.082,0.9956,0.9865,0.9897,0.987,3.169,3.862,1.629,1.823,1.186,1.233,2.129,14.27,20.13,1.242,1.623,1.75,11.53,3.678,2.42,22.9,22.8,22.6,14.83
34013,2.676,5.441,,,,,2.233,3.694,0.7803,0.6267,,,1.082,1.172,1.118,1.23,1.211,1.409,1.168,1.356,1.058,1.1,0.9946,0.9982,0.9892,0.9879,3.114,3.896,1.695,1.93,1.168,1.169,2.185,11.63,16.24,1.901,2.634,2.906,19.18,7.865,5.531,22.94,22.82,22.9,11.87
34015,2.765,5.621,,,,,1.871,2.708,0.7248,0.5459,,,1.069,1.143,1.074,1.155,1.194,1.389,1.245,1.406,1.06,1.085,1.011,0.9979,0.9903,0.9871,3.226,3.931,1.661,1.875,1.167,1.222,2.525,18.04,26.01,1.362,1.882,2.05,14.18,4.654,3.072,22.47,22.72,22.43,15.99
34017,2.806,5.494,,,,,1.768,2.434,0.6841,0.4922,,,1.095,1.216,1.111,1.278,1.222,1.451,1.203,1.397,1.041,1.081,1.012,1.016,0.9925,0.9893,3.071,3.831,1.639,1.852,1.156,1.156,2.234,13.02,17.89,1.906,2.407,2.492,17.85,5.841,3.84,23.16,23.43,23.54,12.03
34019,2.863,6.261,,,,,2.825,5.74,0.8143,0.6747,,,1.094,1.143,1.127,1.171,1.247,1.408,1.238,1.41,1.063,1.097,0.9988,0.9982,0.9884,0.9874,3.152,4.007,1.772,2.061,1.182,1.192,1.972,11.1,16.5,1.649,2.334,2.634,20.86,8.823,6.423,22.55,22.52,22.51,11.94
34021,2.857,6.012,,,,,2.193,3.657,0.7659,0.6027,,,1.092,1.14,1.119,1.148,1.238,1.416,1.2,1.398,1.056,1.09,0.9936,0.992,0.9898,0.988,3.146,3.89,1.687,1.921,1.177,1.205,2.234,13.74,19.81,1.647,2.223,2.45,17.08,6.207,4.341,22.63,22.48,22.45,14
34023,2.652,5.343,,,,,2.155,3.526,0.7661,0.6012,,,1.102,1.168,1.148,1.224,1.233,1.41,1.195,1.371,1.06,1.094,0.9874,1.002,0.9903,0.9893,3.088,3.822,1.692,1.923,1.177,1.187,2.498,14.42,20.09,1.509,2.1,2.404,16.44,6.162,4.364,22.98,22.69,23.03,14.17
34025,2.908,6.058,,,,,1.958,3.066,0.7554,0.5885,,,1.102,1.165,1.15,1.218,1.24,1.418,1.22,1.366,1.053,1.082,1.005,1.012,0.9913,0.9907,3.157,3.94,1.668,1.884,1.181,1.194,1.701,10.53,14.47,1.445,1.965,2.194,15.14,5.729,4.148,22.35,22.46,22.62,10.76
34027,,,,,,,3.197,6.764,0.8272,0.6982,0.3141,0.2022,1.073,1.144,1.094,1.181,1.212,1.398,1.197,1.387,1.062,1.101,0.9947,0.9933,0.9887,0.9878,3.873,5.187,1.898,2.227,1.16,1.164,0.9277,6.223,9.415,2.134,3.047,3.329,26.12,12.87,9.931,22.43,22.31,22.28,6.487
34029,2.562,5.246,,,,,1.965,3.13,0.7729,0.6159,,,1.079,1.139,1.123,1.19,1.219,1.389,1.235,1.371,1.047,1.069,1.009,1.007,0.9928,0.993,2.987,3.752,1.655,1.873,1.185,1.218,2.228,11.35,15.33,1.319,1.786,1.876,12.39,4.181,2.932,21.9,22.09,22.05,12.38
34031,3.044,6.752,,,,,2.75,5.285,0.8195,0.6897,0.3116,0.1957,1.064,1.153,1.091,1.21,1.193,1.385,1.163,1.355,1.064,1.107,0.9983,0.9984,0.9891,0.9883,3.417,4.556,1.784,2.085,1.156,1.168,1.252,6.661,9.914,2.363,3.276,3.531,26.92,13.46,10.36,22.92,22.88,22.89,7.52
34033,2.781,5.744,,,,,1.937,2.834,0.7197,0.5377,,,1.077,1.159,1.072,1.174,1.203,1.413,1.265,1.447,1.066,1.09,1.007,0.9958,0.9898,0.9863,3.264,3.991,1.649,1.857,1.185,1.233,2.354,16.98,24.5,1.206,1.556,1.7,12.91,4.006,2.523,23.11,23.28,23.02,15.63
34035,2.855,5.974,,,,,2.534,4.644,0.7988,0.648,,,1.089,1.149,1.123,1.18,1.238,1.419,1.22,1.409,1.062,1.095,0.9967,0.9993,0.989,0.9879,3.271,4.092,1.773,2.037,1.162,1.179,2.172,13.24,18.97,1.651,2.314,2.612,18.86,7.814,5.597,22.66,22.59,22.65,12.69
34037,,,,,,,,,0.8443,0.7245,0.3511,0.2189,1.052,1.135,1.072,1.196,1.177,1.368,1.152,1.378,1.055,1.097,1.004,0.9999,0.9889,0.9887,4.293,5.874,2.02,2.42,1.189,1.213,0.6769,5.997,9.345,1.428,2.101,2.342,32.37,16.44,12.81,21.89,21.98,21.88,5.61
34039,2.389,4.56,,,,,1.943,3.039,0.7594,0.5916,,,1.089,1.197,1.133,1.273,1.221,1.424,1.176,1.369,1.058,1.104,0.9909,1,0.9896,0.9874,2.84,3.438,1.668,1.888,1.173,1.176,2.92,15.08,20.33,1.757,2.451,2.683,16.12,5.266,3.506,22.9,22.69,22.91,15.2
34041,,,,,,,3.427,7.939,0.8352,0.7071,0.2822,0.1574,1.074,1.136,1.091,1.175,1.205,1.38,1.187,1.397,1.06,1.096,0.993,0.9937,0.9869,0.9862,4.126,5.631,1.99,2.371,1.204,1.211,0.9073,6.859,10.69,1.416,2.062,2.344,25.81,12.39,9.41,21.77,21.61,21.63,6.468
35001,2.376,3.553,,,,,,,0.8474,0.7081,,,1.017,1.052,1.026,1.053,1.007,1.109,1.101,1.184,0.9882,0.9721,1.029,1.054,1,1,2.2,2.52,1.874,2.146,,,8.193,40.43,50.72,0.0348,0.04614,0.05798,4.761,1.59,1.271,65.4,67.28,68.95,35.19
35003,,,,,,,,,0.8963,0.8042,0.6357,0.5073,1.021,1.051,1.021,1.042,1.062,1.168,1.117,1.203,0.9942,0.9989,1.049,1.079,1.001,1.002,4.918,6.506,3.766,4.837,,,0.5877,6.995,10.78,0.05805,0.07889,0.0942,4.371,1.521,1.174,65.78,69.02,70.96,5.97
35005,1.713,2.25,2.697,4.378,,,4.398,9.04,0.818,0.6701,,,1.029,1.043,1.014,1.074,1.015,1.045,1.046,1.15,0.9603,0.9542,1.048,1.082,1.004,1.006,1.637,1.828,1.648,1.861,1.038,1.024,29.63,72.41,85.47,0.1737,0.1936,0.2094,2.406,0.9977,0.8536,70.77,74.17,76.54,69.99
35006,3.591,6.826,,,,,,,0.891,0.7906,0.604,0.4774,1.019,1.057,1.006,1.059,1.05,1.155,1.139,1.277,0.9988,0.9979,1.045,1.057,0.9999,1,3.591,4.458,2.67,3.25,,,1.567,15.82,23.03,0.02286,0.03627,0.0383,7.212,2.625,2.088,67.35,70.37,71.21,13.3
35007,,,,,,,,,0.8967,0.8072,0.7033,0.5944,0.9889,1.036,0.9647,1.036,0.9989,1.067,1.018,1.091,0.9736,0.965,0.9926,1.015,0.9996,1.002,4.526,5.88,2.988,3.744,1.106,1.146,0.6085,8.073,12.26,0.09096,0.1106,0.1273,16.24,8.865,7.436,55.67,55.26,56.48,6.485
35009,1.935,2.642,3.271,6.099,,,4.873,11.35,0.8189,0.6788,,,0.9847,1.025,0.9696,1.027,0.9324,1.01,0.943,1.044,0.9362,0.9592,1.046,1.075,1.003,1.005,1.765,1.975,1.693,1.912,1.069,1.044,18.78,62.9,75.3,0.2478,0.2801,0.2889,4.819,2.388,1.943,61,63.83,65.6,58.93
35011,1.872,2.549,3.372,6.114,,,5.638,12.69,0.8203,0.6739,,,0.9998,1.053,0.9868,1.092,0.9443,1.034,0.9438,1.082,0.9342,0.9466,1.028,1.07,1.002,1.004,1.715,1.921,1.663,1.878,1.05,1.057,22.14,65.51,78.6,0.2566,0.2696,0.2686,3.485,1.64,1.316,71.16,73.15,76.13,62.9
35013,1.657,2.14,2.688,4.309,,,3.406,5.802,0.8202,0.672,,,1.053,1.035,1.018,1.024,1.1,1.081,1.149,1.142,0.9898,0.9649,1.035,1.056,1.001,1.004,1.52,1.671,1.572,1.764,,,34.54,82.38,96.02,0.05207,0.07274,0.06745,0.4421,0.1817,0.1291,90.91,94.07,96.02,82.02
35015,1.568,1.98,2.403,3.665,4.245,8.906,2.501,3.909,0.765,0.5899,,,1.055,1.006,1.061,1.047,1.064,1.002,1.036,1.054,0.9641,0.9471,1.06,1.083,1.003,1.005,1.504,1.656,1.537,1.719,1.023,1.007,40.95,86.46,100.3,0.2491,0.2945,0.3141,2.243,0.8165,0.6968,73.11,77.52,79.18,85.34
35017,2.024,2.983,3.034,5.65,,,,,0.8434,0.7131,,,1.057,1.075,1.091,1.095,1.106,1.183,1.122,1.168,0.9894,0.9894,1.068,1.088,1.002,1.004,2.087,2.428,1.92,2.225,1.11,1.181,11.96,41.21,52.25,0.08835,0.1214,0.1589,0.8206,0.233,0.1643,72.93,77.92,79.38,39.14
35019,2.22,3.273,4.597,9.687,,,,,0.8395,0.7042,,,0.9837,1.035,0.9577,1.04,0.9291,1.05,0.9579,1.081,0.9496,0.954,1.034,1.059,1.002,1.004,1.979,2.25,1.785,2.042,1.038,1.039,11.64,48.62,61.22,0.135,0.1543,0.1539,4.152,1.979,1.646,65.83,68.05,69.75,45.97
35021,2.179,3.175,3.825,7.367,,,,,0.8532,0.7291,0.5851,0.519,0.9759,1.014,0.9579,1.007,0.9639,1.047,0.9726,1.091,0.9558,0.9594,1,1.017,1.002,1.004,2.108,2.413,1.845,2.115,1.09,1.087,11.6,46.33,57.81,0.1313,0.1678,0.1658,7.229,3.943,3.289,65.05,65.07,66.14,40.33
35023,1.724,2.294,2.502,4.069,,,4.695,9.912,0.7976,0.634,,,1.074,1.088,1.134,1.155,1.104,1.153,1.166,1.184,0.9858,0.979,1.07,1.092,1.002,1.004,1.604,1.778,1.632,1.84,,,30.53,75,89.61,0.04067,0.0761,0.1017,0.18,0.0884,0.0544,85.17,91.16,92.97,75.55
35025,1.65,2.112,2.552,4.051,,,2.898,4.93,0.7902,0.6336,,,1.01,1.005,0.9958,1.024,1.024,1.025,1.037,1.055,0.9641,0.9603,1.053,1.07,1.003,1.005,1.546,1.709,1.556,1.74,1.008,1.03,36.23,83.9,97.81,0.2789,0.3049,0.3181,2.395,1.076,0.912,69.49,73.17,74.34,82.75
35027,2.51,4.005,,,,,,,0.8403,0.7057,,,0.9891,1.037,0.9774,1.102,0.9619,1.008,0.9689,1.082,0.9586,0.9489,1.05,1.079,1.003,1.005,2.394,2.825,1.988,2.319,1.033,1.032,6.721,31.12,40.77,0.0851,0.1038,0.09969,3.042,1.282,1.062,64.49,67.69,69.59,29.19
35028,,,,,,,,,0.863,0.7389,0.5022,0.3995,1.024,1.06,1.006,1.051,1.051,1.13,1.109,1.187,0.991,0.9906,1.029,1.035,0.998,0.9993,6.229,8.267,2.956,3.628,1.081,1.145,0.4076,7.557,11.92,0.1003,0.1423,0.1592,14.53,5.403,4.476,48.77,50.21,50.49,4.734
35029,1.634,2.105,2.478,3.888,,,3.513,6.318,0.7842,0.6064,,,1.067,1.061,1.108,1.112,1.082,1.141,1.125,1.153,0.9754,0.9595,1.071,1.087,1.002,1.004,1.496,1.641,1.558,1.749,,,37.23,83.97,98.42,0.04093,0.0732,0.0738,0.2627,0.1058,0.07304,89.14,95.47,96.93,85.33
35031,4.084,7.938,,,,,,,0.8887,0.7896,0.6204,0.5057,1.041,1.073,1.038,1.057,1.083,1.174,1.125,1.264,1.01,1.009,1.047,1.063,0.9985,0.9985,3.977,4.873,2.717,3.29,,,1.006,16.29,24.1,0.0159,0.02574,0.02862,9.335,3.066,2.495,67.34,70.51,71.55,12.71
35033,4.442,9.312,,,,,,,0.8926,0.7958,0.646,0.5453,0.9938,1.029,0.983,1.02,0.9726,1.047,1.004,1.067,0.9697,0.965,1.03,1.045,1.001,1.003,4.505,5.79,2.906,3.609,1.06,1.109,0.7559,10.3,15.53,0.132,0.1587,0.1607,11.39,5.823,4.915,54.02,55.66,56.47,7.561
35035,1.689,2.241,2.473,3.975,,,3.68,6.853,0.8058,0.6532,,,1.041,1.035,1.036,1.063,1.064,1.037,1.097,1.092,0.9716,0.9586,1.059,1.084,1.003,1.005,1.617,1.826,1.638,1.862,1.101,1.088,24.04,55.94,66.17,0.09711,0.1232,0.1365,1.657,0.6278,0.5162,74.99,79.42,81.26,56.58
35037,1.78,2.342,2.9,4.873,,,3.293,6.243,0.8213,0.6832,,,0.9865,1.01,0.9666,1.008,0.9409,1.038,0.9507,1.067,0.9531,0.9613,1.029,1.047,1.003,1.005,1.683,1.878,1.656,1.868,1.039,1.043,24.87,69.14,81.71,0.2384,0.2646,0.2757,5.266,2.717,2.242,62.19,63.98,65.09,64.36
35039,,,,,,,,,0.9012,0.8156,0.6413,0.4993,1.032,1.091,1.017,1.088,1.078,1.19,1.146,1.232,0.9912,0.9935,1.04,1.048,0.9983,0.9987,5.774,7.552,3.072,3.921,,,0.2314,6.408,10.73,0.03497,0.04482,0.05597,22.18,10.34,8.394,50.13,52.12,52.54,4.729
35041,1.909,2.576,3.212,5.79,,,4.594,10.02,0.8188,0.6758,,,0.9893,1.019,0.9726,1.025,0.945,0.9885,0.9892,1.088,0.9367,0.9446,1.045,1.07,1.004,1.006,1.711,1.917,1.639,1.843,0.9706,0.9632,21.32,65.5,77.9,0.2062,0.2302,0.2265,3.789,1.78,1.459,64.29,67.16,68.81,63.34
35043,3.193,5.417,,,,,,,0.8752,0.7642,0.5857,0.4746,1.027,1.067,1.025,1.061,1.032,1.122,1.102,1.172,0.9874,0.9783,1.041,1.058,0.9992,0.9998,2.92,3.493,2.21,2.625,,,2.812,22.02,30.09,0.02424,0.03536,0.04366,9.813,3.826,3.153,60.79,63.28,64.33,18.63
35045,2.451,3.708,,,,,,,0.8544,0.7305,0.5648,0.4754,1.054,1.087,1.067,1.101,1.116,1.227,1.207,1.34,1.01,1.017,1.038,1.052,0.9986,0.9978,2.259,2.571,1.961,2.297,,,6.837,38.55,49.91,0.01685,0.023,0.02616,10.96,3.523,2.826,73.37,76.19,77.22,33.93
35047,2.137,3.172,3.51,6.651,,,3.698,7.568,0.8659,0.7513,0.6162,0.5472,0.9784,1.012,0.9501,0.9938,0.9389,1.045,0.9638,1.056,0.9602,0.9564,1.023,1.057,1.003,1.004,2.196,2.563,1.91,2.207,1.071,1.063,9.29,34.27,43.14,0.1058,0.1273,0.1201,6.62,3.108,2.61,59.3,60.68,62.68,30.75
35049,4.682,9.15,,,,,,,0.879,0.7699,0.583,0.4991,0.996,1.034,0.9836,1.039,0.9654,1.08,1.009,1.089,0.9745,0.9668,1.028,1.059,1,1.001,3.815,4.715,2.439,2.925,,,0.9776,15.12,22.3,0.03526,0.04953,0.05353,9.403,3.852,3.158,58.17,59.77,61.59,12.33
35051,1.84,2.52,2.935,5.029,,,4.104,8.14,0.8345,0.696,,,1.041,1.044,1.029,1.042,1.08,1.147,1.131,1.171,0.9838,0.9716,1.056,1.074,1.002,1.003,1.794,2.022,1.721,1.957,,,19.05,55.5,66.95,0.06227,0.08349,0.08667,1.156,0.3591,0.2814,85.18,89.98,91.46,52.6
35053,2.052,2.996,3.373,6.394,,,,,0.8721,0.7548,,,1.034,1.055,1.032,1.076,1.042,1.111,1.1,1.157,0.9846,0.9687,1.043,1.07,1.001,1.002,2.044,2.341,1.938,2.237,,,11.8,41.87,51.94,0.03908,0.04969,0.0598,2.455,0.8579,0.6831,77.08,80.38,82.46,39.05
35055,,,,,,,,,0.9069,0.8287,0.7259,0.6005,1.019,1.067,1.01,1.074,1.022,1.149,1.051,1.157,0.9839,0.9849,1.021,1.022,0.9971,0.9985,,,,,,,0.0343,1.604,3.116,0.04507,0.05897,0.0642,31.72,18.27,15.46,48.39,49.43,49.47,1.326
35057,3.442,6.439,,,,,,,0.8715,0.7517,0.5728,0.5054,0.9948,1.046,0.9813,1.075,0.9825,1.071,1.028,1.085,0.9768,0.9615,1.052,1.082,1.003,1.003,3.206,3.897,2.335,2.792,0.9939,1.013,2.129,21.47,30.87,0.07539,0.09292,0.09716,6.511,2.829,2.323,60.88,64.03,65.89,18.62
35059,2.634,4.197,,,,,,,0.8644,0.7507,0.623,0.5264,0.9963,1.039,0.9925,1.065,0.9764,1.081,0.99,1.143,0.957,0.9633,0.9945,1.01,1.002,1.004,2.486,2.915,1.981,2.31,1.095,1.082,6.053,32.76,42.79,0.1222,0.1467,0.1594,10.74,5.853,5.003,62.9,62.55,63.53,27.83
35061,1.984,2.769,4.129,7.91,,,,,0.8735,0.7545,,,1.016,1.048,1.016,1.043,1.02,1.099,1.121,1.162,0.9899,0.9715,1.037,1.057,1,1.001,1.823,2.032,1.796,2.049,,,16.86,58.92,71.13,0.01016,0.01867,0.02058,1.857,0.5856,0.4227,75.43,78.2,79.73,54.6
36001,,,,,,,,,0.8546,0.7415,0.3356,0.1503,1.024,1.105,1.019,1.095,1.155,1.342,1.159,1.341,1.057,1.097,0.9945,1.003,0.9865,0.988,5.603,7.855,2.171,2.614,1.21,1.248,0.2291,3.7,6.158,0.6189,0.9892,1.071,50.72,29.28,23.05,21.76,21.64,21.84,2.98
36003,,,,,,,,,0.8533,0.7391,0.3998,0.2378,1.071,1.123,1.05,1.14,1.186,1.281,1.205,1.285,1.053,1.065,0.9673,0.9637,0.9861,0.9893,,,3.048,3.924,1.25,1.296,0.02404,1.365,2.868,0.4125,0.6614,0.7181,56.67,33.26,26.64,20.16,19.5,19.43,0.7422
36005,2.6,5.214,,,,,1.773,2.446,0.667,0.4657,,,1.069,1.18,1.095,1.247,1.215,1.439,1.234,1.411,1.049,1.09,0.9839,0.9887,0.9925,0.9887,3.165,3.973,1.647,1.864,1.168,1.157,2.459,13.13,18.26,2.146,2.741,2.72,17,5.382,3.285,23.76,23.38,23.49,12.15
36007,,,,,,,,,0.8286,0.7007,0.243,0.07386,1.071,1.107,1.103,1.096,1.169,1.304,1.167,1.311,1.052,1.073,0.9881,0.9852,0.9852,0.987,,,2.385,2.936,1.221,1.254,0.04984,2.284,4.447,0.4224,0.6484,0.689,54.16,30.26,23.44,20,19.76,19.7,1.423
36009,,,,,,,,,0.8495,0.7317,0.3881,0.2102,1.073,1.138,1.083,1.166,1.203,1.323,1.233,1.347,1.048,1.064,0.9837,1,0.9867,0.9895,,,2.891,3.683,1.234,1.274,0.00809,1.009,2.269,0.4284,0.652,0.7215,59.81,36.74,30.69,17.67,17.38,17.67,0.5378
36011,,,,,,,2.949,6.07,0.8119,0.6746,0.04407,0,1.063,1.096,1.053,1.081,1.196,1.326,1.199,1.316,1.056,1.079,0.9772,0.9745,0.987,0.9885,6.169,8.502,2.15,2.565,1.341,1.39,0.1692,4.414,7.358,0.3381,0.5703,0.6018,51.57,28.96,22.89,19.97,19.51,19.46,3.076
36013,,,,,,,2.649,5.772,0.8148,0.672,0.06594,0,1.083,1.155,1.083,1.191,1.196,1.342,1.206,1.355,1.045,1.065,1.001,1.01,0.9895,0.9914,,,2.363,2.863,1.235,1.267,0.02128,1.496,3.072,0.4264,0.6287,0.7298,52.73,30.59,24.88,18.07,18.1,18.25,0.8551
36015,,,,,,,,,0.8474,0.7315,0.3415,0.1952,1.085,1.114,1.085,1.097,1.198,1.337,1.245,1.355,1.05,1.067,0.976,0.9781,0.9872,0.9897,5.149,7.168,2.362,2.925,1.251,1.285,0.3808,4.944,8.198,0.4366,0.7246,0.7492,48.19,26.89,21.15,22.32,21.79,21.83,3.977
36017,,,,,,,,,0.8566,0.7444,0.3838,0.2108,1.074,1.111,1.096,1.116,1.188,1.327,1.196,1.332,1.052,1.081,0.9785,0.9747,0.9851,0.987,,,2.715,3.394,1.263,1.292,0.03229,2.147,4.131,0.4838,0.7718,0.8116,58.22,35.3,28.45,19.66,19.23,19.16,1.266
36019,,,,,,,,,0.8676,0.7621,0.3605,0.1101,1.074,1.131,1.098,1.158,1.194,1.383,1.194,1.423,1.056,1.085,0.9635,0.9715,0.9849,0.9875,,,2.364,2.939,1.303,1.344,0.1295,2.379,4.319,0.3254,0.5258,0.6055,72.03,48.95,41.27,21.64,20.85,21.03,1.858
36021,,,,,,,,,0.8449,0.7275,0.3526,0.1834,1.028,1.106,1.027,1.103,1.175,1.373,1.143,1.353,1.062,1.105,0.9957,1.001,0.987,0.9882,5.06,6.973,2.166,2.611,1.228,1.28,0.3846,5.746,9.339,0.7612,1.129,1.198,40.27,19.2,14.28,21.46,21.37,21.49,4.604
36023,,,,,,,,,0.8422,0.7211,0.2289,0.04805,1.065,1.108,1.067,1.1,1.191,1.322,1.198,1.327,1.052,1.077,0.9694,0.963,0.9852,0.9864,,,2.442,3.046,1.335,1.364,0.04004,1.691,3.456,0.4163,0.6559,0.7151,63.94,40.19,33.13,18.92,18.34,18.22,1.212
36025,,,,,,,,,0.8615,0.7551,0.3866,0.2031,1.055,1.112,1.058,1.115,1.16,1.325,1.151,1.317,1.053,1.083,0.9894,0.9878,0.9884,0.9902,,,3.019,3.873,1.196,1.217,0.01199,1.183,2.51,0.7566,1.113,1.233,59.53,34.8,28.34,19.66,19.45,19.42,0.6335
36027,,,,,,,3.497,7.543,0.8419,0.7255,0.3062,0.1472,1.043,1.126,1.065,1.158,1.178,1.368,1.167,1.369,1.061,1.096,1.003,1,0.9891,0.989,4.022,5.403,2.014,2.399,1.219,1.249,0.7998,7.046,10.86,1.092,1.54,1.63,31.7,14.45,10.5,21.46,21.53,21.47,6.515
36029,,,,,,,2.913,6.272,0.8107,0.6646,0.1925,0.03597,1.083,1.151,1.11,1.195,1.211,1.364,1.234,1.386,1.048,1.062,0.9911,1.01,0.9869,0.9885,,,2.206,2.684,1.31,1.343,0.02974,1.798,3.565,0.2675,0.4028,0.4712,51.27,28.94,22.95,18.44,18.28,18.63,1.104
36031,,,,,,,,,0.8802,0.7847,0.4456,0.2064,1.063,1.128,1.084,1.149,1.219,1.439,1.229,1.499,1.059,1.094,0.9657,0.9809,0.9854,0.9879,,,2.91,3.721,1.297,1.362,0.07384,1.727,3.251,0.5141,0.8702,1.011,76.29,50.36,41.73,19.98,19.3,19.6,1.124
36033,,,,,,,,,0.876,0.7762,0.4374,0.191,1.065,1.124,1.097,1.137,1.173,1.362,1.172,1.423,1.047,1.077,0.9687,0.9678,0.9849,0.9879,,,2.77,3.511,1.322,1.347,0.008723,0.8456,1.937,0.3317,0.5045,0.5665,80.4,55.32,46.92,18.19,17.62,17.6,0.5048
36035,,,,,,,,,0.8644,0.7616,0.3283,0.1065,1.047,1.112,1.057,1.119,1.2,1.352,1.203,1.37,1.052,1.085,0.9788,0.9831,0.9862,0.9887,,,2.646,3.28,1.249,1.284,0.01956,1.709,3.611,0.6193,1.016,1.113,63.72,39.63,32.61,19.17,18.77,18.85,0.9571
36037,,,,,,,2.838,6.031,0.7995,0.6462,0.1332,0.0006939,1.066,1.128,1.059,1.151,1.181,1.319,1.205,1.33,1.044,1.068,0.9753,0.9748,0.9875,0.9891,8.153,11.64,2.15,2.597,1.303,1.331,0.08982,3.69,7.007,0.2369,0.4222,0.4496,50.11,26.46,20.23,20.97,20.45,20.44,2.38
36039,,,,,,,,,0.863,0.7576,0.3883,0.2088,1.023,1.11,1.008,1.088,1.142,1.34,1.142,1.322,1.058,1.113,1,1,0.9882,0.99,5.256,7.498,2.395,2.981,1.193,1.208,0.2162,2.648,4.454,1.728,2.563,2.716,54.65,31.58,25.36,22.06,22.07,22.06,2.417
36041,,,,,,,,,0.8902,0.8026,0.4811,0.2454,1.062,1.135,1.09,1.148,1.221,1.401,1.225,1.422,1.053,1.088,0.9767,0.9823,0.9852,0.9876,,,3.727,5.058,1.262,1.301,0.0004987,0.2484,0.7728,0.6936,1.132,1.249,82.47,56.8,48.64,17.62,17.21,17.31,0.1116
36043,,,,,,,,,0.8757,0.7762,0.4456,0.218,1.063,1.132,1.073,1.137,1.216,1.374,1.217,1.383,1.049,1.076,0.991,0.9927,0.9853,0.9878,,,2.825,3.599,1.301,1.328,0.01547,1.02,2.238,0.4289,0.6937,0.781,72.82,47.98,40.14,17.07,16.91,16.94,0.6881
36045,,,,,,,3.234,7.272,0.8476,0.7281,0.33,0.1125,1.064,1.128,1.072,1.136,1.222,1.38,1.223,1.395,1.04,1.07,0.9801,0.9964,0.9865,0.9893,,,2.38,2.901,1.357,1.384,0.005239,1.395,3.06,0.261,0.4048,0.4001,60.76,36.39,29.2,18.49,18.12,18.42,0.7238
36047,2.645,5.618,,,,,1.732,2.337,0.6667,0.4689,,,1.083,1.2,1.095,1.239,1.231,1.426,1.233,1.392,1.045,1.078,0.9901,1.01,0.9934,0.99,3.364,4.297,1.617,1.83,1.152,1.151,1.798,10.97,15.6,1.957,2.432,2.48,16.13,5.027,3.138,23.67,23.43,23.9,10.25
36049,,,,,,,,,0.8751,0.7726,0.4174,0.1856,1.058,1.132,1.063,1.133,1.228,1.396,1.237,1.417,1.051,1.084,0.9805,0.9902,0.9853,0.9879,,,2.942,3.735,1.305,1.304,0.003968,0.7327,1.769,0.5794,0.8552,0.9486,74.18,49.55,41.84,17.22,16.89,17.05,0.347
36051,,,,,,,,,0.8262,0.6933,0.248,0.1039,1.061,1.118,1.042,1.129,1.178,1.342,1.185,1.338,1.053,1.075,0.9585,0.9522,0.9868,0.9888,6.998,9.795,2.292,2.775,1.324,1.345,0.1837,4.041,6.94,0.3125,0.4882,0.5072,52.42,29.2,22.7,22.9,21.95,21.81,2.64
36053,,,,,,,,,0.849,0.7312,0.3224,0.1339,1.062,1.105,1.057,1.091,1.204,1.315,1.236,1.319,1.055,1.076,0.9678,0.9848,0.9852,0.986,,,2.444,3.028,1.348,1.381,0.02844,1.792,3.684,0.3698,0.603,0.6523,61.91,38.39,31.5,18.08,17.49,17.8,1.228
36055,,,,,,,2.601,5.079,0.7853,0.625,0.02071,0,1.071,1.143,1.095,1.174,1.194,1.354,1.214,1.352,1.04,1.066,0.971,0.9788,0.9867,0.9877,4.9,6.587,2.051,2.442,1.352,1.388,0.3743,7.035,11.34,0.1673,0.2778,0.311,46.27,23.38,17,22,21.36,21.54,5.221
36057,,,,,,,3.423,7.624,0.8374,0.7162,0.2265,0.02168,1.048,1.104,1.058,1.107,1.201,1.34,1.204,1.345,1.053,1.08,0.9871,0.9916,0.9869,0.9884,7.817,10.93,2.317,2.78,1.292,1.336,0.07323,4.734,8.261,0.3375,0.5118,0.5621,51.28,27.47,21.14,20.43,20.17,20.26,2.748
36059,2.59,5.484,,,,,1.915,2.831,0.703,0.5107,,,1.068,1.199,1.076,1.26,1.196,1.419,1.197,1.396,1.045,1.089,0.9915,1.006,0.9933,0.9908,3.555,4.558,1.71,1.941,1.154,1.148,1.459,8.2,11.37,2.007,2.653,2.669,17.9,6.66,4.44,22.74,22.55,22.88,7.796
36061,2.706,5.551,,,,,1.713,2.293,0.6553,0.4665,,,1.08,1.199,1.103,1.256,1.191,1.426,1.233,1.417,1.045,1.086,0.9971,1.003,0.9935,0.9899,3.089,3.862,1.621,1.829,1.157,1.154,2.378,13.12,18.1,2.226,2.747,2.73,17.62,5.656,3.62,24.3,24.22,24.37,12.16
36063,,,,,,,2.498,4.713,0.7879,0.6285,0,0,1.066,1.111,1.083,1.144,1.2,1.334,1.195,1.337,1.042,1.061,0.9979,0.9985,0.9882,0.9898,6.119,8.535,1.982,2.34,1.304,1.341,0.1861,4.062,6.788,0.1677,0.3135,0.3193,45.63,23.43,17.54,21.12,21.08,21.09,3.155
36065,,,,,,,,,0.8536,0.7391,0.3035,0.08516,1.058,1.121,1.076,1.13,1.223,1.359,1.236,1.363,1.051,1.072,0.9822,0.9996,0.984,0.9861,,,2.384,2.92,1.328,1.353,0.0438,2.059,4.021,0.4461,0.6686,0.7421,63.02,40.9,34.01,17.37,17.06,17.36,1.418
36067,,,,,,,3.126,6.871,0.8171,0.6782,0.1284,0,1.054,1.094,1.05,1.094,1.197,1.304,1.21,1.296,1.052,1.074,0.9745,0.9819,0.9862,0.9875,6.968,9.783,2.235,2.696,1.335,1.398,0.102,3.804,6.644,0.311,0.4556,0.5014,54.43,30.98,24.2,18.1,17.64,17.77,2.508
36069,,,,,,,3.208,6.829,0.8151,0.677,0.1245,0,1.053,1.105,1.039,1.105,1.183,1.341,1.187,1.35,1.055,1.076,0.9661,0.9643,0.9873,0.9884,6.637,9.192,2.192,2.623,1.337,1.364,0.1784,4.336,7.281,0.345,0.5512,0.5569,50.71,28.03,21.84,22.59,21.82,21.78,2.877
36071,,,,,,,3.043,6.125,0.8232,0.6921,0.2279,0.08356,1.043,1.132,1.056,1.173,1.178,1.366,1.148,1.36,1.064,1.099,0.9906,0.9914,0.9881,0.9885,4.225,5.696,1.934,2.275,1.213,1.243,0.8698,7.766,11.9,1.32,1.972,2.16,30.28,13.82,10.19,22.12,21.91,21.93,6.793
36073,,,,,,,2.579,4.944,0.7782,0.6136,0.1074,0,1.063,1.12,1.083,1.153,1.193,1.32,1.189,1.333,1.039,1.063,1.001,0.997,0.9895,0.9918,5.447,7.518,1.996,2.378,1.315,1.35,0.2426,4.954,8.499,0.2563,0.4136,0.4644,46.88,23.02,16.82,21.49,21.51,21.43,4.08
36075,,,,,,,2.777,5.992,0.8222,0.6845,0.196,0,1.048,1.107,1.065,1.141,1.2,1.337,1.206,1.327,1.047,1.069,1.001,1.021,0.9886,0.9906,,,2.248,2.732,1.321,1.368,0.03434,2.208,4.434,0.3731,0.5698,0.6103,54.88,32.54,25.52,17.45,17.47,17.82,1.507
36077,,,,,,,,,0.8566,0.746,0.3599,0.1739,1.065,1.111,1.064,1.097,1.192,1.334,1.191,1.332,1.051,1.08,0.981,0.9845,0.9871,0.9889,,,2.7,3.414,1.26,1.277,0.00877,1.231,2.703,0.4644,0.7366,0.8087,60.37,36.22,29.43,19.57,19.2,19.27,0.792
36079,,,,,,,3.4,6.966,0.8254,0.6977,0.2487,0.1087,1.044,1.129,1.06,1.181,1.17,1.373,1.172,1.38,1.062,1.103,0.9957,0.9923,0.9903,0.99,4.279,5.724,1.98,2.333,1.189,1.203,0.7437,7.336,11.23,1.604,2.361,2.525,30.15,14.33,10.62,21.78,21.69,21.62,6.461
36081,2.688,5.589,,,,,1.698,2.284,0.6585,0.4555,,,1.065,1.185,1.075,1.217,1.19,1.43,1.229,1.433,1.045,1.086,0.9937,1.008,0.9935,0.9903,3.31,4.239,1.621,1.831,1.16,1.151,1.934,10.64,14.8,1.983,2.479,2.502,16.68,5.579,3.52,23.51,23.36,23.7,9.909
36083,,,,,,,3.574,8.112,0.841,0.7206,0.264,0.0616,1.017,1.096,1.011,1.08,1.156,1.358,1.149,1.366,1.054,1.085,0.9773,0.9935,0.9879,0.9889,7.155,10.22,2.263,2.717,1.223,1.273,0.137,3.35,5.895,0.568,0.8535,0.8713,51.33,27.69,21.61,20.48,20.01,20.35,2.345
36085,2.683,5.292,,,,,1.944,2.851,0.7086,0.521,,,1.09,1.233,1.124,1.304,1.216,1.481,1.192,1.4,1.048,1.091,0.9975,1.004,0.9916,0.9885,3.022,3.736,1.628,1.842,1.18,1.186,2.242,13.21,18.37,1.679,2.124,2.314,15.55,4.722,3.051,22.17,22.12,22.26,12.96
36087,3.258,7.215,,,,,2.66,4.896,0.7893,0.6407,,,1.063,1.151,1.077,1.198,1.204,1.393,1.168,1.369,1.062,1.103,0.9975,0.995,0.9873,0.9863,3.751,4.932,1.812,2.101,1.192,1.205,1.176,8.469,12.77,1.614,2.338,2.536,23.72,9.765,6.886,21.42,21.37,21.31,8.225
36089,,,,,,,,,0.8712,0.7692,0.4385,0.2033,1.064,1.125,1.074,1.119,1.181,1.367,1.183,1.408,1.049,1.079,0.9709,0.9738,0.9845,0.9876,,,2.403,2.987,1.333,1.336,0.01954,1.193,2.609,0.311,0.4984,0.5464,71.29,47.91,39.95,18.74,18.2,18.25,0.8728
36091,,,,,,,,,0.8619,0.7554,0.3597,0.1426,1.04,1.103,1.047,1.104,1.202,1.379,1.194,1.397,1.058,1.093,0.9762,0.9891,0.9874,0.9889,6.491,9.084,2.283,2.78,1.24,1.284,0.2049,4.595,8.054,0.5685,0.9051,1.02,51.85,30.7,24.49,20.62,20.13,20.39,3.074
36093,,,,,,,3.625,8.125,0.8454,0.728,0.2268,0.01657,1.04,1.108,1.042,1.11,1.18,1.337,1.187,1.34,1.059,1.085,0.9778,0.9901,0.9868,0.9881,6.925,9.542,2.297,2.745,1.237,1.28,0.1338,5.148,8.584,0.3323,0.5011,0.5638,50.77,27.97,21.81,20.82,20.36,20.62,3.121
36095,,,,,,,,,0.8552,0.7457,0.3145,0.1249,1.04,1.108,1.047,1.095,1.158,1.314,1.162,1.304,1.051,1.086,0.995,0.9837,0.9881,0.989,,,2.632,3.277,1.241,1.257,0.01834,2.07,3.999,0.6543,1.06,1.129,59.79,34.74,27.95,21.15,21.04,20.81,1.232
36097,,,,,,,,,0.8471,0.7307,0.2982,0.1522,1.064,1.102,1.061,1.112,1.181,1.296,1.213,1.318,1.049,1.065,0.9724,0.9679,0.9869,0.9896,7.093,10.05,2.454,3.025,1.313,1.333,0.1402,3.241,5.679,0.3954,0.6212,0.6536,53.03,30.03,23.88,22.08,21.47,21.37,2.252
36099,,,,,,,3.161,6.279,0.8079,0.6708,0.0759,0,1.057,1.094,1.055,1.089,1.186,1.317,1.192,1.316,1.056,1.076,0.9753,0.9693,0.9869,0.9885,5.196,6.987,2.068,2.436,1.349,1.403,0.3501,6.682,10.29,0.3267,0.5371,0.5533,46.94,24.84,19.11,22.14,21.59,21.46,4.678
36101,,,,,,,,,0.8527,0.7382,0.3502,0.197,1.077,1.115,1.067,1.132,1.181,1.287,1.201,1.304,1.05,1.063,0.9705,0.9623,0.9878,0.9902,,,2.72,3.384,1.245,1.281,0.0959,2.607,4.761,0.4758,0.7568,0.816,53.53,30.67,24.46,22.85,22.18,21.99,1.641
36103,,,,,,,1.975,3.095,0.7408,0.5681,,,1.063,1.168,1.061,1.191,1.167,1.372,1.165,1.378,1.045,1.073,0.993,1.011,0.9952,0.995,4.195,5.656,1.756,2.009,1.151,1.161,0.5259,3.508,5.03,1.86,2.367,2.526,16.89,6.32,4.328,23.15,22.99,23.41,3.843
36105,,,,,,,,,0.8448,0.7282,0.2855,0.09782,1.031,1.111,1.029,1.132,1.15,1.346,1.13,1.342,1.053,1.085,0.9976,0.9899,0.9906,0.9918,,,2.47,3.084,1.186,1.204,0.1179,2.391,4.339,1.197,1.841,1.977,48.96,25.26,19.87,20.5,20.45,20.29,1.62
36107,,,,,,,,,0.8342,0.7114,0.3008,0.1554,1.081,1.109,1.117,1.101,1.191,1.33,1.215,1.345,1.053,1.07,0.9807,0.9756,0.9858,0.9881,7.15,10.1,2.397,2.949,1.275,1.313,0.143,3.251,5.807,0.4172,0.6819,0.7091,52.43,28.8,22.32,21.22,20.81,20.7,2.281
36109,,,,,,,,,0.8346,0.7124,0.2693,0.1264,1.074,1.107,1.074,1.09,1.181,1.312,1.208,1.313,1.053,1.073,0.9801,0.9788,0.987,0.9891,7.001,9.956,2.307,2.814,1.343,1.385,0.1334,3.023,5.379,0.4671,0.7712,0.7803,56.49,32.43,26.12,21.05,20.63,20.6,2.181
36111,,,,,,,2.658,5.203,0.8327,0.7105,0.237,0.04303,1.039,1.12,1.029,1.137,1.175,1.368,1.153,1.35,1.064,1.102,0.9962,0.9997,0.9895,0.9904,4.865,6.708,2.138,2.564,1.189,1.2,0.4162,4.478,7.094,1.667,2.439,2.638,44.47,22.87,17.96,21.02,20.94,21.02,3.737
36113,,,,,,,,,0.8806,0.7861,0.3983,0.1659,1.058,1.119,1.086,1.135,1.207,1.41,1.228,1.458,1.061,1.1,0.9797,0.9855,0.9869,0.9883,,,2.564,3.27,1.251,1.313,0.04868,1.402,2.911,0.6225,1.068,1.216,66.49,42.93,35.26,20.19,19.78,19.9,1.152
36115,,,,,,,,,0.8593,0.7518,0.3632,0.1486,1.043,1.108,1.06,1.107,1.195,1.392,1.178,1.39,1.055,1.087,0.9714,0.9775,0.9871,0.989,6.039,8.655,2.231,2.725,1.228,1.304,0.2123,3.786,6.896,0.5175,0.7896,0.8793,52.17,28.69,22.26,20.76,20.16,20.29,3.087
36117,,,,,,,2.845,5.909,0.7866,0.6343,0,0,1.065,1.11,1.056,1.108,1.206,1.35,1.23,1.352,1.054,1.077,0.9836,0.9928,0.9881,0.9884,4.657,6.304,1.989,2.373,1.333,1.344,0.3175,5.725,9.679,0.2935,0.5156,0.5227,44.13,22.13,16.5,20.47,20.13,20.32,5.017
36119,3.268,7.278,,,,,2.47,4.356,0.7737,0.6171,,,1.052,1.146,1.069,1.205,1.189,1.397,1.178,1.393,1.06,1.105,0.9928,0.982,0.989,0.9872,3.752,4.945,1.793,2.075,1.185,1.197,1.168,7.966,12.02,1.663,2.393,2.554,22.7,8.862,6.015,22.13,21.97,21.73,7.999
36121,,,,,,,,,0.8351,0.7089,0.2607,0.09005,1.078,1.137,1.084,1.161,1.178,1.331,1.193,1.339,1.051,1.07,0.967,0.9834,0.9847,0.9877,,,2.538,3.144,1.278,1.301,0.02179,1.451,2.965,0.385,0.5721,0.5937,61.21,36.54,30.35,19.15,18.51,18.83,0.8063
36123,,,,,,,3.514,7.529,0.8188,0.6854,0.1209,0,1.04,1.099,1.022,1.111,1.158,1.296,1.196,1.339,1.047,1.064,0.9656,0.964,0.9866,0.9881,5.76,7.904,2.199,2.626,1.347,1.371,0.303,5.159,8.11,0.4089,0.6269,0.6371,50.11,26.65,20.67,22.35,21.58,21.55,3.492
37001,2.317,3.925,,,,,2.109,3.07,0.7371,0.5867,,,1.097,1.077,1.11,1.072,1.24,1.336,1.289,1.393,1.055,1.06,0.9886,0.9903,0.9853,0.9834,2.24,2.587,1.533,1.715,1.173,1.219,6.131,30.71,42.02,1.192,1.641,1.948,2.293,0.665,0.4184,23.96,23.69,23.73,33.87
37003,3.017,5.863,,,,,3.523,6.445,0.7901,0.659,,,1.082,1.09,1.089,1.096,1.219,1.281,1.336,1.38,1.044,1.062,0.9776,1.004,0.9836,0.9821,3.106,3.76,1.644,1.862,1.169,1.17,2.462,20.01,28.87,1.447,2.118,2.297,2.359,0.7009,0.4514,23.26,22.74,23.36,19.77
37005,,,,,,,,,0.841,0.7321,0.4756,0.3874,1.085,1.112,1.076,1.094,1.193,1.308,1.23,1.357,1.052,1.075,0.9818,0.9996,0.9849,0.9829,,,2.406,2.956,1.156,1.203,0.02238,0.7594,1.826,2.36,3.17,3.419,13.05,5.839,4.654,22.33,21.92,22.32,0.6811
37007,2.192,3.512,3.694,7.914,,,1.689,2.2,0.6995,0.539,,,1.092,1.051,1.101,1.067,1.243,1.28,1.309,1.299,1.057,1.065,0.9933,1.009,0.9833,0.9811,2.068,2.347,1.466,1.62,1.187,1.189,9.925,38.94,50.99,1.34,1.913,2.061,0.9734,0.2878,0.1637,24.63,24.46,24.85,43.9
37009,,,,,,,,,0.8441,0.7341,0.4577,0.3453,1.08,1.104,1.089,1.091,1.186,1.295,1.27,1.382,1.051,1.073,0.9903,1.011,0.9868,0.984,,,2.736,3.438,1.152,1.203,0.002871,0.2539,0.6351,2.09,2.845,3.049,16.01,8.486,7.103,21.6,21.39,21.83,0.205
37011,,,,,,,,,0.8214,0.7058,0.4443,0.3157,1.072,1.105,1.066,1.099,1.201,1.3,1.259,1.341,1.047,1.066,0.9957,1.009,0.9863,0.9848,,,2.736,3.431,1.165,1.186,0.002471,0.1758,0.4648,1.828,2.581,2.689,15.28,9.116,8.052,20.17,20.08,20.35,0.1279
37013,2.751,5.174,,,,,1.516,1.904,0.6553,0.4866,,,1.074,1.127,1.063,1.208,1.147,1.243,1.264,1.282,1.052,1.057,0.9859,0.9877,0.9898,0.9862,2.504,2.927,1.453,1.586,1.138,1.178,3.802,22.26,30.69,1.794,2.412,2.454,0.9617,0.2192,0.1306,22.95,22.63,22.67,28.47
37015,2.638,4.855,,,,,1.766,2.41,0.6806,0.5141,,,1.038,1.084,1.002,1.101,1.169,1.254,1.266,1.222,1.052,1.055,1.004,0.993,0.9891,0.9839,2.349,2.703,1.502,1.653,1.161,1.221,4.619,27.5,37.04,1.419,1.947,2.079,1.053,0.2556,0.1555,22.4,22.5,22.25,32.9
37017,2.414,4.193,,,,,1.638,2.112,0.6994,0.5466,,,1.064,1.068,1.062,1.067,1.159,1.214,1.248,1.279,1.059,1.065,0.9837,0.9869,0.9855,0.9833,2.188,2.508,1.44,1.583,1.177,1.188,6.041,30.24,41.41,1.55,2.052,2.061,0.6731,0.183,0.113,24.34,23.94,24.02,39.27
37019,3.013,6.061,,,,,1.428,1.763,0.6936,0.5403,,,1.035,1.08,1.02,1.071,1.083,1.196,1.125,1.219,1.043,1.052,0.9807,1.006,0.9872,0.9879,2.644,3.145,1.394,1.522,1.139,1.123,2.913,16.79,25.89,2.52,3.199,3.171,0.4284,0.1151,0.06739,23.22,22.77,23.35,26.64
37021,,,,,,,,,0.811,0.6907,,,1.087,1.098,1.091,1.072,1.221,1.313,1.246,1.353,1.049,1.073,0.9973,1.009,0.9871,0.9836,9.851,14.41,2.103,2.469,1.185,1.205,0.06201,2.593,5.283,1.232,1.738,1.823,8.042,3.594,2.857,23,22.94,23.21,2.043
37023,3.139,6.215,,,,,3.202,6.194,0.7753,0.6411,,,1.082,1.092,1.092,1.076,1.215,1.298,1.309,1.373,1.048,1.068,0.9827,1.015,0.9855,0.9826,3.088,3.816,1.65,1.874,1.153,1.163,2.21,15.54,22.58,1.765,2.454,2.664,2.683,1.094,0.8009,23.07,22.67,23.42,17
37025,2.185,3.59,,,,,1.94,2.713,0.7487,0.5891,,,1.074,1.062,1.07,1.046,1.227,1.298,1.271,1.322,1.042,1.06,0.9851,0.9945,0.9837,0.9828,2.102,2.414,1.492,1.667,1.217,1.204,9.061,36.19,47.93,1.3,2.028,2.069,1.482,0.4978,0.3041,24.94,24.57,24.8,40.09
37027,3.513,7.439,,,,,2.996,5.581,0.7667,0.6225,,,1.079,1.091,1.083,1.085,1.204,1.293,1.277,1.357,1.051,1.074,0.9909,1.013,0.9864,0.9838,3.625,4.533,1.68,1.904,1.164,1.186,1.597,13.15,19.66,1.795,2.556,2.763,3.239,1.411,0.9964,23.11,22.9,23.41,13.26
37029,2.897,5.529,,,,,1.506,1.922,0.6646,0.49,,,1.033,1.104,1.006,1.128,1.172,1.256,1.232,1.261,1.043,1.04,1.006,1.007,0.9925,0.9895,2.5,2.939,1.448,1.58,1.147,1.192,2.846,18.41,24.25,1.401,2.052,2.17,1.438,0.2914,0.188,21.75,21.87,21.9,24.08
37031,3.457,7.973,,,,,1.336,1.598,0.6586,0.4989,,,1.089,1.126,1.064,1.121,1.239,1.308,1.302,1.345,1.043,1.048,1.016,0.9979,0.9928,0.9919,3.087,3.798,1.381,1.496,1.096,1.111,1.545,10.21,15.76,3.004,3.937,3.947,0.4097,0.0973,0.07889,22.15,22.5,22.11,18.14
37033,2.316,3.998,,,,,2.289,3.519,0.7486,0.5966,,,1.11,1.1,1.14,1.097,1.291,1.35,1.371,1.456,1.057,1.061,0.9688,0.9884,0.984,0.983,2.302,2.683,1.532,1.719,1.181,1.233,6.008,28.31,39.23,1.186,1.643,1.936,2.834,0.6619,0.3913,24.14,23.39,23.86,32.23
37035,2.729,5.011,,,,,2.428,3.747,0.7363,0.5832,,,1.088,1.089,1.091,1.081,1.23,1.302,1.341,1.413,1.041,1.057,0.9616,0.9942,0.9827,0.9811,2.855,3.403,1.602,1.801,1.161,1.158,3.673,24.3,33.73,1.214,1.735,1.886,1.467,0.2637,0.1664,23.82,22.91,23.68,24.03
37037,2.38,4.068,,,,,2.164,3.155,0.7598,0.6188,,,1.083,1.06,1.07,1.068,1.212,1.276,1.259,1.27,1.055,1.067,0.9859,0.9899,0.9849,0.9829,2.366,2.73,1.566,1.752,1.206,1.24,6.324,31.85,43.05,1.36,1.932,2.138,1.807,0.5169,0.3259,23.96,23.62,23.72,33.38
37039,,,,,,,,,0.8444,0.7361,,,1.125,1.167,1.117,1.165,1.311,1.417,1.396,1.539,1.052,1.07,1.005,1.015,0.991,0.9864,6.451,8.683,1.973,2.305,1.079,1.098,0.2416,6.495,11.8,2.542,3.131,3.392,6.371,2.639,2.027,21.18,21.28,21.49,5.479
37041,3.381,6.841,,,,,1.57,2.047,0.6564,0.4866,,,1.051,1.133,1.039,1.177,1.177,1.263,1.273,1.302,1.054,1.058,0.993,0.9932,0.9911,0.9879,2.59,3.083,1.479,1.63,1.151,1.199,2.624,20.49,29.28,1.585,2.209,2.335,0.9517,0.2212,0.1314,23.1,22.94,22.94,26.05
37043,,,,,,,,,0.8519,0.7492,,,1.119,1.165,1.098,1.156,1.3,1.425,1.345,1.543,1.053,1.074,0.9959,1.01,0.9885,0.9847,10.08,14.92,2.293,2.759,1.087,1.104,0.04687,2.732,5.78,2.872,3.509,3.789,6.217,2.573,1.929,21.2,21.12,21.41,2.015
37045,2.541,4.474,,,,,2.941,4.815,0.7698,0.6262,,,1.088,1.085,1.093,1.064,1.263,1.34,1.367,1.439,1.049,1.064,0.9889,1.017,0.9877,0.9851,2.623,3.092,1.575,1.768,1.171,1.175,5.547,27.9,38.21,1.723,2.548,2.67,1.108,0.2618,0.166,24.19,23.92,24.6,28.63
37047,2.494,4.422,,,,,1.596,2.051,0.6941,0.5391,,,1.038,1.07,1.043,1.063,1.115,1.234,1.175,1.266,1.048,1.068,0.9911,0.9881,0.9861,0.9844,2.154,2.466,1.416,1.553,1.169,1.17,5.828,27.67,38.84,1.879,2.557,2.586,0.5654,0.1807,0.09681,24.18,23.96,23.89,39.36
37049,2.74,5.175,,,,,1.498,1.865,0.6666,0.5015,,,1.104,1.141,1.098,1.182,1.192,1.284,1.288,1.327,1.052,1.065,0.9936,0.9886,0.9902,0.9865,2.552,2.977,1.456,1.591,1.13,1.161,3.913,24.09,34.13,2.05,2.892,2.85,0.6395,0.1439,0.07189,22.68,22.54,22.43,30.2
37051,2.361,3.969,,,,,1.593,2.033,0.723,0.5775,,,1.066,1.062,1.05,1.065,1.203,1.262,1.286,1.264,1.06,1.062,0.9914,0.9912,0.9845,0.9811,2.117,2.427,1.452,1.602,1.174,1.194,7.226,32.02,42.98,1.331,1.877,1.966,1.202,0.3678,0.2273,23.76,23.56,23.55,39.23
37053,2.937,5.687,,,,,1.436,1.786,0.6463,0.4691,,,1.044,1.106,1.027,1.121,1.187,1.259,1.232,1.251,1.044,1.04,1.002,1.003,0.9929,0.9903,2.521,2.976,1.427,1.551,1.143,1.18,2.311,15.31,20.17,1.245,1.799,1.959,1.37,0.2939,0.2023,21.27,21.31,21.34,21.45
37055,3.769,8.58,,,,,1.334,1.597,0.5973,0.415,,,1.067,1.119,1.069,1.182,1.262,1.276,1.31,1.33,1.051,1.035,1.002,1.008,0.9952,0.9947,3.311,4.191,1.421,1.549,1.087,1.1,1.178,8.957,12.95,2.673,3.426,3.498,0.7684,0.1751,0.1279,22.07,22.11,22.26,13.38
37057,2.409,4.237,,,,,2.096,3.118,0.7116,0.5533,,,1.076,1.088,1.076,1.102,1.207,1.305,1.255,1.325,1.042,1.056,0.9736,1.004,0.9847,0.9835,2.319,2.714,1.527,1.715,1.187,1.204,5.953,30.01,41.82,1.245,1.723,1.875,1.524,0.2658,0.1761,24.48,23.83,24.58,34.11
37059,2.413,4.395,,,,,2.427,4.008,0.7669,0.6206,,,1.077,1.094,1.082,1.099,1.213,1.301,1.268,1.313,1.044,1.051,0.9826,1.001,0.9857,0.9844,2.338,2.744,1.527,1.722,1.192,1.196,5.773,26.86,38.6,1.24,1.806,1.96,1.514,0.4428,0.2896,23.81,23.39,23.84,32.32
37061,2.408,4.179,,,,,1.699,2.249,0.6988,0.5501,,,1.079,1.101,1.056,1.124,1.184,1.255,1.304,1.296,1.057,1.059,0.9841,0.9897,0.9885,0.9833,2.128,2.445,1.449,1.592,1.143,1.178,5.718,29.63,39.96,1.867,2.545,2.634,0.8537,0.1814,0.1081,23.45,23.08,23.21,38.85
37063,2.483,4.312,,,,,2.026,2.935,0.7376,0.5873,,,1.098,1.098,1.115,1.102,1.244,1.36,1.302,1.452,1.059,1.072,0.9817,0.9902,0.9844,0.9821,2.399,2.795,1.57,1.764,1.172,1.223,5.78,31.12,42.83,1.138,1.613,1.798,2.104,0.5634,0.381,23.63,23.2,23.4,32.25
37065,2.333,4.104,,,,,1.745,2.369,0.7091,0.5561,,,1.056,1.062,1.032,1.073,1.159,1.247,1.276,1.217,1.052,1.055,0.9795,0.9832,0.9878,0.9828,2.132,2.436,1.471,1.62,1.16,1.225,6.875,29.54,39.14,1.53,2.009,2.163,1.37,0.4179,0.2585,23.47,22.99,23.08,37.28
37067,2.763,5.289,,,,,2.502,4.047,0.7475,0.5995,,,1.078,1.093,1.063,1.107,1.194,1.295,1.264,1.351,1.039,1.051,0.9699,1.021,0.9823,0.9824,2.654,3.183,1.573,1.778,1.168,1.189,3.534,22.01,32.36,1.213,1.608,1.779,2.34,0.5342,0.3446,23.65,22.94,24.15,25.13
37069,2.326,4.001,,,,,2.177,3.276,0.7715,0.6311,,,1.073,1.075,1.055,1.068,1.239,1.329,1.301,1.421,1.064,1.071,0.9849,0.9979,0.9875,0.9826,2.258,2.587,1.565,1.749,1.174,1.228,7.456,32.72,44.1,1.163,1.666,1.935,2.268,0.6438,0.4191,24.06,23.7,24.01,36.02
37071,2.419,4.232,,,,,2.068,2.976,0.7068,0.5421,,,1.075,1.071,1.091,1.053,1.223,1.311,1.301,1.405,1.041,1.057,0.9986,1.005,0.985,0.9838,2.388,2.811,1.531,1.711,1.159,1.136,6.04,28.9,39.21,1.363,1.897,1.964,1.106,0.2043,0.1349,25.17,25.13,25.28,31.91
37073,2.734,5.151,,,,,1.886,2.68,0.7269,0.5775,,,1.021,1.077,0.9824,1.098,1.145,1.246,1.205,1.274,1.052,1.053,1.001,0.9888,0.9904,0.9829,2.482,2.893,1.512,1.664,1.167,1.222,4.079,22.23,29.45,1.217,1.735,1.838,2.095,0.5156,0.3175,21.63,21.65,21.39,27.2
37075,,,,,,,,,0.8533,0.7517,0.5394,0.4342,1.125,1.155,1.109,1.15,1.297,1.408,1.343,1.494,1.046,1.066,0.999,1.012,0.9898,0.9856,,,2.505,3.023,1.08,1.099,0.01892,1.286,2.917,2.806,3.41,3.694,9.789,4.407,3.538,20.27,20.25,20.51,1.08
37077,2.392,4.287,,,,,2.143,3.302,0.7555,0.605,,,1.098,1.109,1.119,1.12,1.256,1.343,1.339,1.466,1.059,1.066,0.9661,0.9817,0.9853,0.9822,2.332,2.716,1.54,1.73,1.176,1.234,6.028,28.8,40.3,1.054,1.522,1.68,2.269,0.6143,0.3628,24.07,23.25,23.63,32.58
37079,2.417,4.175,,,,,1.637,2.126,0.6689,0.5068,,,1.072,1.114,1.049,1.167,1.162,1.276,1.241,1.196,1.052,1.067,0.958,0.9697,0.9861,0.9812,2.128,2.432,1.474,1.622,1.141,1.208,6.672,33.02,44.36,1.494,1.914,2.015,1.108,0.2218,0.1168,22.89,21.93,22.2,40.38
37081,2.914,5.404,,,,,2.124,3.103,0.7148,0.5605,,,1.08,1.096,1.065,1.115,1.211,1.317,1.278,1.354,1.051,1.055,0.9753,1.005,0.9824,0.9814,2.652,3.158,1.577,1.778,1.183,1.232,3.213,25.11,36.06,1.132,1.466,1.624,2.578,0.4618,0.2652,23.94,23.35,24.05,26.25
37083,2.383,4.147,,,,,1.948,2.787,0.7213,0.5696,,,1.05,1.056,1.03,1.042,1.176,1.259,1.272,1.32,1.057,1.058,0.9956,0.99,0.9885,0.9835,2.199,2.504,1.52,1.681,1.16,1.229,6.72,31.97,42.14,1.43,1.918,2.085,2.166,0.5611,0.3423,23.9,23.79,23.66,36.33
37085,2.356,3.957,,,,,1.794,2.394,0.7219,0.5731,,,1.074,1.063,1.054,1.082,1.222,1.276,1.261,1.26,1.058,1.063,0.9899,0.991,0.9852,0.9816,2.263,2.601,1.515,1.683,1.186,1.226,7.106,33.91,45.47,1.239,1.8,1.975,0.9553,0.2316,0.1337,23.84,23.6,23.63,37.26
37087,,,,,,,,,0.8559,0.7572,0.5536,0.4455,1.095,1.112,1.102,1.096,1.268,1.344,1.298,1.426,1.045,1.064,1.004,1.023,0.9889,0.9859,,,3.046,3.861,1.133,1.163,0.002115,0.3108,0.9352,1.693,2.191,2.353,12.73,6.321,5.185,20.91,20.99,21.39,0.2044
37089,,,,,,,,,0.8096,0.6912,,,1.094,1.115,1.09,1.08,1.252,1.352,1.303,1.41,1.061,1.085,0.992,1.001,0.9852,0.9816,8.853,12.49,2.107,2.455,1.146,1.158,0.1045,3.962,7.413,2.724,3.629,3.806,5.022,1.809,1.274,22.02,21.85,22.05,2.83
37091,2.369,4.321,,,,,1.973,2.879,0.7308,0.5832,,,1.034,1.071,0.9895,1.066,1.168,1.245,1.235,1.24,1.055,1.059,0.9983,0.9832,0.9899,0.9827,2.238,2.578,1.489,1.636,1.19,1.236,5.767,23.7,31.02,1.239,1.803,1.906,1.932,0.5418,0.3734,22.25,22.21,21.88,31.1
37093,2.181,3.543,3.558,8.123,,,1.703,2.245,0.7133,0.557,,,1.074,1.068,1.051,1.071,1.22,1.291,1.345,1.316,1.055,1.064,0.9835,0.9932,0.9831,0.9807,1.965,2.24,1.445,1.599,1.166,1.196,9.372,37,49.29,1.249,1.739,1.881,0.9055,0.2454,0.1396,23.92,23.53,23.76,45.18
37095,3.824,8.481,,,,,1.396,1.7,0.6288,0.4554,,,1.056,1.116,1.031,1.176,1.164,1.247,1.224,1.302,1.049,1.044,1.001,0.9971,0.993,0.9895,3.118,3.845,1.416,1.542,1.107,1.13,1.479,10.6,15.91,2.364,2.988,3.07,0.6227,0.1233,0.07794,22.23,22.25,22.17,17
37097,2.559,4.704,,,,,2.666,4.534,0.7804,0.6412,,,1.089,1.102,1.093,1.094,1.236,1.326,1.342,1.405,1.042,1.06,0.9815,0.995,0.9853,0.9838,2.462,2.936,1.547,1.749,1.19,1.185,4.686,24.28,34.67,1.217,1.793,1.909,1.65,0.4793,0.3072,23.87,23.43,23.75,28.29
37099,,,,,,,,,0.8447,0.7412,0.5495,0.4391,1.102,1.13,1.101,1.102,1.274,1.373,1.324,1.485,1.052,1.073,1.006,1.027,0.9881,0.9844,,,2.413,2.95,1.12,1.133,0.03651,0.8845,2.121,2.979,3.719,3.957,6.964,3.097,2.394,20.73,20.84,21.28,0.8442
37101,2.252,3.794,,,,,1.853,2.531,0.7041,0.5468,,,1.072,1.068,1.05,1.07,1.205,1.259,1.219,1.231,1.056,1.063,0.9861,0.982,0.9839,0.9793,2.125,2.432,1.483,1.641,1.17,1.211,8.042,32.87,43.9,1.397,1.882,2.057,1.218,0.3389,0.226,23.39,23.07,22.97,39.12
37103,2.609,4.863,,,,,1.642,2.155,0.6963,0.5395,,,1.093,1.128,1.084,1.158,1.196,1.298,1.268,1.332,1.053,1.064,0.9889,0.9883,0.9899,0.9854,2.292,2.665,1.451,1.592,1.141,1.171,4.735,25.25,35.7,2.107,2.898,2.991,0.891,0.1991,0.09061,22.79,22.54,22.52,34.76
37105,2.225,3.681,,,,,2.034,2.883,0.7561,0.6137,,,1.075,1.054,1.064,1.085,1.226,1.276,1.284,1.262,1.06,1.067,0.9835,0.9894,0.9858,0.9839,2.2,2.527,1.533,1.712,1.189,1.219,8.065,35.15,46.82,1.579,2.26,2.414,1.041,0.2518,0.1435,24.65,24.24,24.39,38.61
37107,2.435,4.289,,,,,1.67,2.2,0.6816,0.5229,,,1.087,1.139,1.074,1.195,1.193,1.335,1.284,1.313,1.059,1.073,0.9585,0.9794,0.9874,0.9832,2.122,2.435,1.461,1.606,1.11,1.169,6.256,30.31,41.57,1.895,2.45,2.598,1.216,0.241,0.125,24.15,23.15,23.66,39.96
37109,2.591,4.647,,,,,2.321,3.493,0.7208,0.5597,,,1.074,1.074,1.073,1.052,1.224,1.314,1.328,1.419,1.041,1.058,0.9802,0.995,0.9843,0.9822,2.692,3.203,1.583,1.778,1.156,1.148,4.635,26.58,36.68,1.393,1.96,2.088,1.222,0.1884,0.1261,24.68,24.19,24.56,27.19
37111,3.794,8.037,,,,,2.988,6.219,0.7977,0.6714,,,1.09,1.1,1.116,1.089,1.241,1.305,1.31,1.368,1.053,1.075,1,1.01,0.9852,0.9822,3.779,4.875,1.749,2.005,1.135,1.145,1.118,8.951,13.52,1.987,2.792,2.979,3.612,1.615,1.209,22.2,22.2,22.42,9.66
37113,,,,,,,,,0.8437,0.7385,,,1.11,1.15,1.1,1.136,1.298,1.414,1.375,1.568,1.053,1.076,0.9986,1.027,0.9869,0.9849,,,2.313,2.801,1.106,1.116,0.05204,1.212,2.696,3.455,4.24,4.464,5.909,2.566,1.984,20.85,20.82,21.4,1.238
37115,,,,,,,,,0.8365,0.7244,,,1.082,1.11,1.083,1.112,1.251,1.348,1.287,1.386,1.043,1.059,0.9935,1.018,0.9893,0.9863,7.639,11.25,2.124,2.522,1.19,1.238,0.1356,3.301,6.517,0.8455,1.18,1.37,11.1,5.958,4.969,22.04,21.9,22.43,2.917
37117,2.463,4.464,,,,,1.72,2.31,0.6746,0.5053,,,1.034,1.072,0.9898,1.087,1.149,1.255,1.294,1.225,1.052,1.054,0.9986,0.9931,0.9881,0.9832,2.352,2.696,1.49,1.636,1.141,1.204,5.505,27.31,36.8,1.649,2.143,2.286,1.197,0.2861,0.167,22.72,22.68,22.56,33.02
37119,2.353,3.983,,,,,1.851,2.516,0.6995,0.5333,,,1.077,1.071,1.069,1.044,1.207,1.31,1.282,1.374,1.038,1.059,0.9903,0.9914,0.9836,0.9828,2.354,2.727,1.533,1.708,1.172,1.153,6.756,33.06,44.3,1.087,1.631,1.658,1.15,0.2392,0.1483,25.03,24.79,24.82,34.71
37121,,,,,,,,,0.8382,0.7251,0.5051,0.3948,1.085,1.115,1.091,1.115,1.238,1.333,1.28,1.381,1.045,1.066,0.9908,1.015,0.9863,0.9851,,,2.539,3.134,1.169,1.201,0.007522,0.3281,0.8407,1.291,1.833,1.943,13.55,7.637,6.517,20.83,20.64,21.15,0.2714
37123,2.389,4.066,,,,,1.941,2.704,0.6995,0.5386,,,1.077,1.05,1.087,1.08,1.235,1.301,1.316,1.315,1.047,1.055,0.9795,0.9977,0.9836,0.9815,2.257,2.608,1.501,1.67,1.179,1.183,7.023,32.32,43.88,1.201,1.719,1.828,1.156,0.2964,0.1686,23.88,23.39,23.83,36.25
37125,2.249,3.74,,,,,1.872,2.586,0.7005,0.539,,,1.076,1.054,1.075,1.08,1.216,1.293,1.293,1.285,1.054,1.062,0.9896,1.003,0.9856,0.9833,2.092,2.395,1.478,1.643,1.186,1.192,8.382,34.99,47.27,1.54,2.234,2.439,1.128,0.2975,0.1776,24.53,24.28,24.6,40.95
37127,2.462,4.327,,,,,1.919,2.718,0.7287,0.5799,,,1.06,1.06,1.033,1.054,1.202,1.283,1.315,1.35,1.054,1.059,0.9791,0.9862,0.9879,0.9829,2.215,2.533,1.511,1.673,1.183,1.252,6.234,30.19,40.44,1.194,1.679,1.847,1.75,0.5235,0.3484,23.01,22.53,22.69,35.83
37129,2.687,5.016,,,,,1.394,1.69,0.6795,0.53,,,1.035,1.104,1.003,1.115,1.099,1.202,1.146,1.235,1.043,1.058,0.9736,1.003,0.9877,0.9878,2.557,2.986,1.416,1.54,1.112,1.113,3.992,22.35,32.08,2.788,3.418,3.368,0.3967,0.07057,0.04822,23.54,22.92,23.6,29.95
37131,2.226,3.912,,,,,1.934,2.798,0.7192,0.5658,,,1.036,1.05,1.012,1.05,1.171,1.238,1.247,1.305,1.059,1.055,0.9992,0.9861,0.9886,0.9828,2.097,2.396,1.486,1.639,1.176,1.228,7.585,28.51,37.6,1.396,1.959,2.082,2.245,0.5932,0.3815,23.38,23.36,23.06,36.03
37133,2.719,5.141,,,,,1.602,2.086,0.7187,0.5768,,,1.083,1.138,1.051,1.158,1.183,1.299,1.232,1.345,1.048,1.061,0.9895,0.9951,0.9909,0.9875,2.354,2.746,1.438,1.573,1.132,1.154,4.116,23.42,33.69,2.302,3.161,3.169,0.4727,0.1031,0.05773,22.64,22.4,22.53,33.58
37135,2.518,4.501,,,,,2.342,3.615,0.7625,0.6203,,,1.092,1.086,1.108,1.08,1.248,1.357,1.298,1.44,1.056,1.068,0.9774,0.9823,0.9848,0.9826,2.46,2.888,1.568,1.767,1.176,1.215,5.015,27.23,38.34,1.27,1.784,2.066,2.582,0.7593,0.5235,24.14,23.59,23.71,29.34
37137,2.77,5.395,,,,,1.443,1.77,0.6607,0.4994,,,1.085,1.14,1.089,1.223,1.173,1.257,1.258,1.313,1.049,1.058,1.011,0.9885,0.9914,0.9873,2.596,3.059,1.433,1.558,1.128,1.15,3.253,18.91,26.61,2.089,2.969,2.941,0.5464,0.1312,0.07258,22.19,22.43,21.93,26.59
37139,2.945,5.629,,,,,1.507,1.922,0.6576,0.4823,,,1.04,1.116,1.021,1.149,1.178,1.265,1.232,1.286,1.043,1.042,1.005,1.009,0.9925,0.9901,2.484,2.916,1.448,1.581,1.156,1.201,2.994,19.32,25.67,1.523,2.224,2.317,1.291,0.2558,0.1561,22.07,22.18,22.27,25.07
37141,2.528,4.515,,,,,1.544,1.949,0.6851,0.5342,,,1.06,1.101,1.02,1.096,1.145,1.239,1.216,1.277,1.047,1.063,0.9806,0.996,0.9877,0.985,2.411,2.771,1.446,1.578,1.15,1.161,4.941,27.71,38.56,2,2.734,2.692,0.3929,0.06857,0.04946,22.82,22.37,22.73,35.02
37143,3.285,6.552,,,,,1.534,1.974,0.6501,0.4749,,,1.043,1.132,1.025,1.176,1.19,1.276,1.27,1.313,1.048,1.05,0.9993,1.005,0.9911,0.9884,2.589,3.076,1.468,1.61,1.163,1.207,2.69,19.59,27.1,1.367,2.025,2.184,1.08,0.2191,0.1246,21.82,21.8,21.94,24.91
37145,2.477,4.527,,,,,2.411,3.944,0.7628,0.6157,,,1.094,1.088,1.117,1.093,1.27,1.34,1.35,1.453,1.056,1.062,0.9713,0.9812,0.9867,0.9839,2.427,2.85,1.552,1.745,1.182,1.247,4.963,25.13,35.71,1.105,1.614,1.913,2.972,0.7547,0.4582,23.92,23.24,23.47,29.4
37147,2.594,4.577,,,,,1.639,2.138,0.6782,0.5152,,,1.067,1.111,1.055,1.176,1.158,1.269,1.364,1.265,1.053,1.06,0.9742,0.986,0.988,0.9832,2.211,2.531,1.485,1.636,1.135,1.199,5.508,31.88,43.07,1.747,2.17,2.325,1.168,0.2473,0.1266,23.32,22.72,23,37.99
37149,2.507,4.477,,,,,3.195,5.499,0.741,0.5973,,,1.1,1.11,1.102,1.075,1.285,1.374,1.378,1.443,1.061,1.084,0.9895,1.012,0.9873,0.9847,2.623,3.112,1.598,1.79,1.146,1.147,4.336,23.51,32.17,3.109,4.155,4.346,1.393,0.3906,0.238,23.21,22.97,23.48,25.42
37151,2.498,4.395,,,,,1.979,2.78,0.6857,0.5234,,,1.068,1.074,1.055,1.089,1.215,1.312,1.302,1.349,1.05,1.062,0.9777,0.9985,0.9825,0.9823,2.54,2.968,1.562,1.748,1.203,1.23,4.956,30.14,41.59,1.237,1.727,1.866,1.533,0.2426,0.142,23.96,23.42,23.92,30.82
37153,2.124,3.357,3.568,7.864,,,1.802,2.419,0.7103,0.5525,,,1.083,1.065,1.079,1.091,1.235,1.322,1.321,1.36,1.048,1.066,0.9913,1.006,0.9838,0.9813,2.027,2.283,1.484,1.642,1.175,1.199,10.66,42.63,55.74,1.191,1.75,1.907,0.8697,0.2122,0.121,23.82,23.61,23.95,46.96
37155,2.326,3.916,,,,,1.688,2.205,0.7167,0.5675,,,1.057,1.048,1.045,1.023,1.172,1.235,1.27,1.266,1.057,1.069,0.9844,0.9842,0.9828,0.9807,2.024,2.3,1.434,1.585,1.17,1.195,8.286,34.62,47.36,1.366,1.85,1.96,0.8677,0.238,0.1357,24.22,23.84,23.84,44.95
37157,2.846,5.341,,,,,2.487,3.956,0.7541,0.6076,,,1.091,1.087,1.076,1.089,1.23,1.301,1.275,1.349,1.058,1.06,0.9779,1.003,0.983,0.9815,2.65,3.167,1.575,1.781,1.199,1.25,3.557,22.33,32.67,1.194,1.668,1.895,3.199,0.8463,0.475,23.85,23.32,23.92,24.82
37159,2.475,4.417,,,,,2.195,3.328,0.7476,0.5892,,,1.081,1.082,1.07,1.061,1.224,1.321,1.269,1.329,1.042,1.058,0.9819,0.9948,0.9856,0.9845,2.37,2.779,1.525,1.715,1.199,1.193,5.854,28.47,40.03,1.148,1.749,1.877,1.52,0.3556,0.1996,24.75,24.31,24.63,32.34
37161,2.464,4.284,,,,,3.425,6.15,0.7841,0.6481,,,1.091,1.094,1.107,1.064,1.258,1.341,1.324,1.398,1.052,1.074,0.9913,1.011,0.9867,0.9832,2.507,2.937,1.584,1.774,1.162,1.162,5.402,26.55,35.57,2.147,3.032,3.195,1.307,0.4006,0.2328,23.38,23.18,23.64,28.61
37163,2.473,4.306,,,,,1.682,2.206,0.706,0.5561,,,1.072,1.08,1.07,1.094,1.174,1.238,1.26,1.274,1.056,1.061,0.9806,0.989,0.9846,0.9809,2.142,2.463,1.445,1.592,1.161,1.192,5.858,29.8,40.53,1.473,1.991,2.108,1.013,0.2707,0.167,23.54,23.08,23.28,38.4
37165,2.011,3.128,3.103,6.621,,,1.743,2.3,0.6892,0.5232,,,1.07,1.065,1.049,1.065,1.222,1.287,1.301,1.33,1.052,1.067,0.9851,0.9873,0.984,0.9815,1.915,2.141,1.454,1.604,1.162,1.203,12.59,45.03,58.48,1.328,1.918,1.966,0.559,0.1177,0.06312,24.25,23.89,23.94,52.34
37167,2.337,3.893,,,,,1.975,2.765,0.7258,0.5713,,,1.075,1.055,1.098,1.084,1.22,1.284,1.283,1.315,1.042,1.052,0.9878,1.002,0.9853,0.9834,2.207,2.557,1.498,1.67,1.174,1.16,7.689,33.24,44.19,1.462,2.039,2.088,1.021,0.3109,0.186,24.91,24.61,24.97,36.83
37169,3.243,6.601,,,,,3.294,6.136,0.7861,0.6482,,,1.078,1.082,1.066,1.073,1.219,1.284,1.291,1.347,1.053,1.063,0.9821,1.022,0.9825,0.9816,3.16,3.897,1.644,1.871,1.184,1.202,2.09,16.81,25.37,1.551,2.203,2.405,3.351,1.209,0.7796,23.18,22.76,23.68,17.95
37171,3.165,6.807,,,,,4.348,10.17,0.7966,0.6594,,,1.085,1.092,1.084,1.084,1.214,1.305,1.27,1.346,1.049,1.065,0.9735,1.01,0.9833,0.9813,3.314,4.126,1.653,1.888,1.198,1.221,1.987,14.63,22.34,1.643,2.362,2.568,3.718,1.239,0.8373,23.24,22.62,23.48,16.24
37173,,,,,,,,,0.8526,0.7525,0.5648,0.4533,1.11,1.13,1.1,1.12,1.309,1.403,1.337,1.461,1.045,1.065,1.013,1.018,0.99,0.9856,,,2.469,3.028,1.109,1.142,0.03229,1.118,2.405,1.984,2.536,2.73,10.66,5.197,4.213,19.68,19.94,20.03,1.071
37175,,,,,,,,,0.8308,0.7176,,,1.095,1.125,1.104,1.102,1.263,1.378,1.301,1.455,1.062,1.089,1.011,1.018,0.9866,0.9819,,,2.178,2.594,1.114,1.117,0.04724,1.448,2.981,5.158,6.424,6.617,4.758,1.882,1.384,20.62,20.85,20.99,1.334
37177,2.977,5.936,,,,,1.491,1.885,0.6463,0.4794,,,1.059,1.15,1.04,1.217,1.225,1.319,1.257,1.346,1.053,1.053,0.9927,0.9848,0.9917,0.9885,2.57,3.078,1.45,1.587,1.125,1.152,2.653,17.16,23.93,1.786,2.338,2.54,0.9003,0.173,0.09659,21.77,21.61,21.44,24.06
37179,2.271,3.785,,,,,1.865,2.563,0.706,0.5504,,,1.082,1.066,1.07,1.055,1.231,1.312,1.296,1.331,1.051,1.057,0.9987,1.015,0.9842,0.9827,2.168,2.503,1.491,1.656,1.186,1.182,7.799,32.82,43.67,1.17,1.919,1.999,0.9916,0.2496,0.1502,24.64,24.6,25,38.05
37181,2.37,4.175,,,,,2.044,3.051,0.7771,0.6348,,,1.081,1.098,1.073,1.1,1.252,1.34,1.358,1.479,1.064,1.065,0.9633,0.977,0.9853,0.9817,2.236,2.572,1.534,1.72,1.179,1.235,6.726,31.87,43.63,1.119,1.688,1.838,2.548,0.7311,0.4876,24.58,23.68,24.01,34.94
37183,2.47,4.289,,,,,1.787,2.415,0.6841,0.5227,,,1.083,1.068,1.07,1.074,1.22,1.282,1.244,1.303,1.06,1.067,0.9835,0.9912,0.9858,0.9817,2.547,2.934,1.563,1.736,1.178,1.235,5.821,31.82,43.09,1.264,1.819,2.016,1.513,0.3084,0.1852,23.74,23.35,23.53,31.75
37185,2.422,4.209,,,,,2.096,3.115,0.7616,0.6179,,,1.062,1.075,1.042,1.063,1.234,1.323,1.326,1.457,1.062,1.065,0.9764,0.9905,0.9871,0.9821,2.282,2.606,1.553,1.729,1.176,1.25,6.385,32.83,43.74,1.152,1.699,1.854,2.802,0.7397,0.4838,24,23.44,23.77,34.84
37187,2.853,5.446,,,,,1.586,2.07,0.659,0.4902,,,1.065,1.14,1.044,1.207,1.167,1.264,1.209,1.263,1.058,1.062,0.9908,0.9855,0.9904,0.9877,2.409,2.843,1.476,1.623,1.14,1.186,3.563,23.16,32.14,1.647,2.248,2.424,0.9269,0.2056,0.111,22.77,22.56,22.44,29.64
37189,,,,,,,,,0.8167,0.6961,0.4471,0.3189,1.077,1.108,1.085,1.1,1.19,1.302,1.241,1.335,1.055,1.075,0.996,1.004,0.987,0.9846,,,2.669,3.266,1.173,1.206,0.005503,0.318,0.7493,1.942,2.764,2.944,15.66,8.911,7.72,20.77,20.69,20.85,0.2057
37191,2.199,3.684,,,,,1.613,2.076,0.6859,0.5313,,,1.071,1.099,1.044,1.107,1.192,1.291,1.228,1.234,1.053,1.068,0.9648,0.9846,0.9854,0.9811,2.093,2.388,1.463,1.611,1.132,1.182,8.139,33.92,45.03,1.534,2.011,2.178,1.314,0.3212,0.1866,23.36,22.53,23,40.72
37193,3.815,8.425,,,,,5,11.56,0.8109,0.6831,,,1.081,1.107,1.078,1.11,1.206,1.32,1.252,1.364,1.062,1.079,0.9868,1.002,0.9843,0.9826,3.913,4.958,1.759,2.019,1.174,1.207,1.121,11.76,18.3,1.856,2.708,2.93,4.718,1.846,1.307,22.85,22.55,22.9,11.6
37195,2.289,3.941,,,,,1.767,2.393,0.6872,0.5283,,,1.054,1.067,1.016,1.086,1.175,1.274,1.243,1.246,1.053,1.059,0.9774,0.9771,0.9872,0.9833,2.051,2.348,1.467,1.62,1.178,1.233,7.419,31.02,41.47,1.522,2.018,2.158,1.428,0.3991,0.2405,23.57,23.04,23.03,39.66
37197,2.555,4.888,,,,,3.446,6.834,0.7916,0.6553,,,1.079,1.096,1.067,1.099,1.203,1.296,1.28,1.344,1.043,1.058,0.9772,1.01,0.9849,0.9837,2.639,3.165,1.581,1.793,1.177,1.184,3.885,20.81,30.32,1.51,2.141,2.31,2.253,0.674,0.4629,23.7,23.16,23.93,24.41
37199,,,,,,,,,0.8442,0.7335,0.5236,0.4149,1.093,1.116,1.112,1.113,1.255,1.336,1.288,1.374,1.048,1.069,0.9863,1.008,0.9871,0.9851,,,2.565,3.181,1.171,1.207,0.005136,0.3027,0.8003,1.757,2.368,2.488,12.13,6.912,5.796,21.21,20.92,21.39,0.2753
38001,2.486,4.219,3.948,9.35,,,,,0.8985,0.8174,0.6935,0.53,1.043,1.063,1.045,1.042,1.111,1.161,1.15,1.165,1.022,1.03,0.9381,0.9341,0.9955,0.9956,2.646,3.224,2.296,2.806,1.141,1.129,5.084,24.06,31.99,0.1407,0.2284,0.2377,66.84,52.35,48.41,61.45,57.65,57.4,17.42
38003,3.669,8.178,,,,,,,0.9101,0.8335,0.6645,0.4731,1.046,1.061,1.049,1.126,1.117,1.106,1.144,1.128,1.018,1.01,0.9335,0.9177,0.9962,0.9953,4.476,5.756,2.642,3.262,1.097,1.118,1.612,14.33,21.64,0.2995,0.3785,0.3909,95.47,74.83,69.28,52.82,49.31,48.47,7.986
38005,3.303,7.282,,,,,,,0.9155,0.8412,0.6913,0.5048,1.075,1.095,1.085,1.149,1.11,1.148,1.189,1.158,1.02,1.017,0.9339,0.9363,0.998,0.9972,3.946,5.113,2.603,3.217,1.176,1.172,1.781,12.91,19,0.1679,0.2932,0.3063,101.6,81.6,76.08,56.11,52.4,52.53,7.993
38007,2.345,4.11,3.8,9.148,,,,,0.9002,0.8196,0.7091,0.5457,1.036,1.075,1.058,1.115,1.094,1.138,1.137,1.153,1.017,1.018,0.9317,0.9336,0.996,0.9961,2.53,3.076,2.312,2.84,1.185,1.173,5.556,22.29,29.42,0.13,0.166,0.1591,68.7,53.77,49.79,62.65,58.37,58.49,17.23
38009,3.581,7.857,,,,,,,0.9201,0.8466,0.7201,0.5463,1.049,1.066,1.035,1.077,1.124,1.162,1.192,1.221,1.019,1.022,0.9371,0.9437,0.9976,0.9978,4.223,5.547,2.783,3.506,1.145,1.207,1.491,11.94,17.96,0.2578,0.3253,0.3529,104.3,85.45,79.63,54.27,50.86,51.22,7.021
38011,2.488,4.206,,,,,,,0.8961,0.8116,0.6949,0.5313,1.039,1.061,1.025,1.05,1.12,1.169,1.299,1.253,1.036,1.04,0.9408,0.9319,0.9956,0.9946,2.723,3.293,2.399,2.928,1.163,1.164,4.985,24.84,32.71,0.1412,0.1983,0.1961,63.02,47.59,43.38,61.94,58.27,57.72,17.21
38013,3.352,7.205,,,,,,,0.9163,0.8415,0.7182,0.5503,1.035,1.065,1.021,1.099,1.086,1.132,1.12,1.25,1.022,1.026,0.941,0.9273,0.9968,0.9963,4.186,5.569,3.027,3.897,1.155,1.199,1.439,11.96,18.11,0.08592,0.1148,0.1318,99.88,79.87,74.41,58.38,54.94,54.14,6.822
38015,2.831,5.427,,,,,,,0.9079,0.8322,0.6831,0.5034,1.068,1.082,1.143,1.137,1.122,1.146,1.168,1.133,1.028,1.02,0.9322,0.9217,0.9966,0.9954,3.435,4.282,2.511,3.08,1.224,1.253,3.242,19.51,27.4,0.1964,0.2664,0.2654,85.66,68.05,63.16,58.67,54.69,54.07,11.99
38017,3.559,7.64,,,,,,,0.9075,0.8266,0.644,0.4393,1.043,1.06,1.057,1.11,1.098,1.122,1.126,1.182,1.027,1.018,0.937,0.9291,0.9955,0.9935,4.207,5.304,2.437,2.955,1.091,1.099,1.801,16.65,24.42,0.367,0.4276,0.4445,94.61,73.84,67.9,51.53,48.29,47.88,9.485
38019,,,,,,,,,0.9226,0.8522,0.7114,0.5261,1.062,1.074,1.078,1.128,1.179,1.206,1.248,1.29,1.026,1.032,0.9281,0.9363,0.9963,0.9964,5.451,7.608,3.146,4.039,1.066,1.148,0.5586,6.469,10.89,0.2194,0.3097,0.3403,115.8,95.98,90,52.57,48.79,49.22,3.637
38021,2.914,5.786,,,,,,,0.907,0.8296,0.6559,0.4643,1.037,1.054,1.045,1.12,1.083,1.087,1.133,1.129,1.029,1.036,0.9429,0.927,0.9957,0.9941,3.407,4.239,2.303,2.776,1.106,1.113,3.019,17.64,24.81,0.431,0.532,0.5387,86.45,66.31,60.48,51.85,48.89,48.06,11.88
38023,2.979,5.977,,,,,,,0.9131,0.8361,0.7078,0.5404,1.04,1.061,1.029,1.076,1.097,1.133,1.092,1.197,1.032,1.032,0.9263,0.9242,0.9966,0.997,3.58,4.657,2.738,3.49,1.16,1.158,2.391,14.7,21.65,0.1229,0.1836,0.1909,94.84,75.43,69.67,60.55,56.08,55.95,9.196
38025,2.45,4.414,,,,,,,0.9002,0.8174,0.6932,0.5157,1.042,1.064,1.062,1.088,1.089,1.103,1.147,1.157,1.019,1.014,0.9191,0.9324,0.9941,0.9943,2.677,3.283,2.352,2.885,1.159,1.153,4.616,21.58,28.79,0.147,0.1886,0.1771,76.13,58.07,53.49,60.1,55.24,56.03,15.86
38027,3.738,8.599,,,,,,,0.9135,0.8372,0.6803,0.4875,1.113,1.117,1.155,1.207,1.175,1.175,1.224,1.167,1.022,1.007,0.9391,0.9286,0.9981,0.9977,4.372,5.704,2.603,3.225,1.217,1.193,1.487,12.42,18.86,0.2103,0.3087,0.3251,99.88,79.94,74.07,57.85,54.33,53.72,7.27
38029,2.537,4.522,3.634,8.724,,,,,0.9093,0.8352,0.6875,0.5156,1.04,1.06,1.065,1.087,1.142,1.118,1.169,1.113,1.024,1.017,0.9233,0.9242,0.9976,0.9971,2.929,3.568,2.274,2.762,1.133,1.112,4.946,23.9,32.32,0.1952,0.2686,0.2872,79.62,62.6,57.78,58.91,54.39,54.45,16.2
38031,3.89,8.921,,,,,,,0.9111,0.8348,0.6783,0.4874,1.1,1.111,1.148,1.208,1.166,1.177,1.234,1.192,1.024,1.007,0.9388,0.9392,0.9979,0.9973,4.405,5.79,2.629,3.272,1.142,1.162,1.513,12.51,19.17,0.263,0.3896,0.4176,97.03,77,71.08,56.55,53.09,53.11,7.359
38033,2.485,4.301,4.078,9.856,,,,,0.8954,0.8125,0.7086,0.5472,1.041,1.06,1.054,1.093,1.102,1.136,1.143,1.168,1.019,1.01,0.945,0.9347,0.9976,0.9978,2.585,3.143,2.4,2.984,1.268,1.192,5.418,24.46,32.76,0.09315,0.1328,0.1327,67.22,51.12,47.19,63.3,59.82,59.17,17.8
38035,4.241,10.05,,,,,,,0.9132,0.8358,0.6648,0.4535,1.088,1.086,1.112,1.119,1.199,1.212,1.228,1.234,1.027,1.02,0.9343,0.9383,0.996,0.9956,4.707,6.238,2.57,3.18,1.138,1.19,1.037,11.4,18.09,0.2897,0.3253,0.3687,104.3,83.92,77.68,49.89,46.61,46.81,6.499
38037,2.547,4.451,,,,,,,0.9029,0.8239,0.6936,0.5219,1.047,1.069,1.062,1.094,1.129,1.194,1.143,1.212,1.025,1.036,0.9061,0.9052,0.9938,0.9944,2.702,3.3,2.236,2.72,1.174,1.176,4.828,22.51,30.24,0.1717,0.2254,0.2549,73.54,57.36,52.98,61.54,55.76,55.7,16.51
38039,3.694,8.404,,,,,,,0.9129,0.8387,0.6798,0.4895,1.094,1.117,1.125,1.202,1.169,1.201,1.206,1.232,1.026,1.017,0.9146,0.9225,0.9972,0.9958,4.361,5.679,2.62,3.281,1.125,1.144,1.553,13.52,20.75,0.3245,0.3877,0.4337,101,81.73,76.27,54.02,49.4,49.83,7.592
38041,2.535,4.412,,,,,,,0.9017,0.8235,0.705,0.5413,1.046,1.079,1.052,1.093,1.13,1.194,1.178,1.251,1.022,1.032,0.9199,0.9199,0.9942,0.9941,2.822,3.435,2.405,2.944,1.19,1.151,4.337,22.63,30.31,0.1307,0.2029,0.2034,69.35,54.18,50.5,62.39,57.39,57.39,15.78
38043,2.797,5.488,,,,,,,0.9109,0.8358,0.6824,0.4987,1.082,1.098,1.138,1.139,1.146,1.159,1.254,1.221,1.026,1.02,0.9294,0.9298,0.9964,0.9956,3.579,4.444,2.544,3.11,1.16,1.188,3.004,19.33,27.01,0.258,0.3674,0.4091,89.44,71.62,66.04,57.69,53.61,53.64,11.43
38045,3.284,6.912,,,,,,,0.9062,0.8284,0.656,0.4621,1.049,1.052,1.055,1.11,1.084,1.082,1.178,1.173,1.027,1.024,0.9374,0.9239,0.9962,0.9944,3.761,4.781,2.36,2.869,1.11,1.104,2.277,15.7,22.82,0.4046,0.523,0.5263,89.32,68.66,62.64,53.89,50.52,49.79,10.02
38047,3.069,6.232,,,,,,,0.9067,0.8304,0.6764,0.4936,1.05,1.068,1.052,1.085,1.12,1.12,1.203,1.186,1.025,1.024,0.9315,0.9287,0.996,0.9952,3.691,4.632,2.482,3.041,1.13,1.125,2.674,17.1,24.3,0.3107,0.4599,0.474,90.45,70.08,63.82,56.18,52.33,52.18,10.39
38049,2.934,5.987,,,,,,,0.9153,0.8405,0.7076,0.5292,1.064,1.108,1.065,1.15,1.139,1.211,1.239,1.263,1.024,1.035,0.946,0.9359,0.9976,0.9969,3.381,4.338,2.487,3.083,1.146,1.196,2.757,15.11,21.75,0.2239,0.3314,0.3267,94.43,75.81,70.63,57.04,53.96,53.38,10.18
38051,3.163,6.438,,,,,,,0.9089,0.8354,0.682,0.5033,1.031,1.044,1.028,1.08,1.099,1.081,1.146,1.11,1.023,1.025,0.9466,0.9381,0.9971,0.9954,3.693,4.688,2.52,3.099,1.075,1.076,2.383,15.17,21.9,0.2865,0.348,0.3661,90.35,69.94,63.86,55.92,52.93,52.46,9.6
38053,2.357,4.058,3.677,8.739,,,,,0.904,0.8234,0.7026,0.5342,1.045,1.069,1.071,1.113,1.091,1.094,1.123,1.17,1.03,1.013,0.9108,0.9165,0.996,0.9958,2.574,3.14,2.352,2.898,1.18,1.166,5.555,24.37,32.32,0.1405,0.1968,0.1802,74.89,59.16,55.37,62.67,57.08,57.44,17.91
38055,2.927,5.741,,,,,,,0.9106,0.8329,0.7014,0.5216,1.061,1.091,1.089,1.146,1.1,1.166,1.19,1.193,1.02,1.024,0.9247,0.9283,0.9968,0.9959,3.356,4.193,2.519,3.087,1.19,1.193,2.856,17.14,24.11,0.1697,0.2363,0.241,89.55,71.62,66.64,59.85,55.34,55.56,11.16
38057,2.655,4.877,,,,,,,0.9082,0.8285,0.7048,0.5278,1.044,1.08,1.059,1.135,1.097,1.126,1.161,1.141,1.013,1.02,0.9213,0.938,0.9959,0.9962,2.933,3.603,2.455,2.999,1.139,1.152,3.806,19.82,26.64,0.1709,0.2182,0.208,82.85,65.9,61.07,62.89,57.94,59,13.82
38059,2.688,4.918,,,,,,,0.9069,0.8299,0.6966,0.5239,1.044,1.065,1.076,1.11,1.133,1.148,1.152,1.135,1.027,1.024,0.9116,0.9125,0.9949,0.9941,2.942,3.632,2.374,2.91,1.204,1.183,4.213,20.79,28.47,0.1906,0.2325,0.2596,79.49,63.33,58.71,61.42,55.99,56.04,14.43
38061,3.006,6.061,,,,,,,0.9149,0.8388,0.7203,0.5485,1.034,1.071,1.02,1.099,1.092,1.125,1.129,1.24,1.026,1.018,0.9292,0.9241,0.9966,0.9963,3.59,4.626,2.799,3.547,1.183,1.166,2.299,15.25,22.11,0.1331,0.1566,0.1734,94.11,76.14,71.54,59.42,55.21,54.91,9.384
38063,3.788,9.099,,,,,,,0.914,0.841,0.6816,0.4882,1.092,1.1,1.121,1.146,1.169,1.204,1.188,1.22,1.023,1.016,0.9398,0.948,0.9976,0.9975,4.597,6.087,2.696,3.343,1.153,1.143,1.075,10.29,15.9,0.2376,0.2726,0.3084,108.3,85.97,79.69,51.83,48.71,49.13,5.959
38065,2.765,5.217,,,,,,,0.9078,0.8305,0.7044,0.5337,1.054,1.091,1.103,1.189,1.125,1.169,1.185,1.16,1.019,1.026,0.9139,0.9089,0.9943,0.9944,3.166,3.949,2.508,3.096,1.213,1.228,3.689,19.45,26.87,0.1475,0.2234,0.2053,82.39,66.36,61.67,59.2,54.1,53.8,12.85
38067,4.306,10.75,,,,,,,0.9155,0.8389,0.6901,0.4856,1.104,1.092,1.154,1.158,1.221,1.236,1.261,1.312,1.04,1.039,0.9084,0.9236,0.9959,0.9964,4.612,6.295,2.73,3.427,1.115,1.17,0.8239,8.672,14.2,0.3417,0.444,0.5157,110.5,90.27,83.93,50.58,45.95,46.72,5.4
38069,3.111,6.691,,,,,,,0.9174,0.8438,0.7028,0.521,1.057,1.075,1.06,1.118,1.111,1.145,1.195,1.186,1.02,1.019,0.9389,0.9419,0.9971,0.996,3.742,4.829,2.574,3.192,1.134,1.157,2.192,13.98,20.47,0.1999,0.2806,0.2798,99.32,80.7,75.4,55.67,52.26,52.43,8.873
38071,3.977,9.527,,,,,,,0.9186,0.8445,0.6976,0.5111,1.069,1.076,1.071,1.124,1.145,1.177,1.18,1.216,1.017,1.02,0.932,0.9352,0.998,0.9977,4.551,6.042,2.758,3.436,1.143,1.175,1.099,9.87,15.22,0.11,0.2211,0.2355,108.8,88.86,82.89,56.23,52.4,52.58,5.745
38073,3.386,7.143,,,,,,,0.906,0.8284,0.6492,0.4531,1.023,1.032,1.017,1.071,1.066,1.047,1.118,1.112,1.019,1.013,0.9263,0.9267,0.9956,0.9944,3.94,4.943,2.377,2.875,1.079,1.097,2.162,17.96,25.98,0.4278,0.4994,0.4756,88.38,67.51,61.52,52.22,48.37,48.39,10.7
38075,3.219,6.617,,,,,,,0.9142,0.8368,0.7024,0.5182,1.054,1.072,1.038,1.082,1.121,1.169,1.177,1.252,1.022,1.029,0.9291,0.9243,0.9968,0.9959,3.864,4.996,2.817,3.544,1.137,1.181,1.937,14.31,20.9,0.2127,0.2671,0.2865,96.05,76.5,70.81,57.07,53.03,52.75,8.525
38077,3.386,7.208,,,,,4.252,10.93,0.9046,0.8229,0.637,0.4374,1.015,1.034,1.003,1.064,1.086,1.075,1.12,1.113,1.019,1.01,0.9375,0.9351,0.994,0.9931,4.079,5.081,2.257,2.686,1.112,1.124,2.025,16.89,24.49,0.3584,0.4481,0.4195,88.74,68.35,62.78,48.71,45.66,45.55,10.19
38079,,,,,,,,,0.9183,0.8439,0.7072,0.5217,1.011,1.041,1.003,1.08,1.088,1.118,1.126,1.171,1.014,1.016,0.9309,0.9313,0.9967,0.9964,5.369,7.446,3.074,3.931,1.079,1.123,0.5634,6.497,10.76,0.337,0.3979,0.4255,109,88.6,81.96,55.57,51.73,51.75,3.702
38081,2.988,6.063,,,,,3.9,9.843,0.9019,0.8211,0.6418,0.4462,1.013,1.035,1.018,1.077,1.057,1.027,1.123,1.073,1.02,1.009,0.9333,0.9216,0.9961,0.9943,3.644,4.512,2.24,2.663,1.088,1.119,2.723,17.38,24.48,0.2833,0.377,0.3517,87.92,65.96,59.87,50.34,46.98,46.39,11.29
38083,2.922,5.693,,,,,,,0.9113,0.835,0.6823,0.4918,1.089,1.108,1.129,1.187,1.145,1.2,1.448,1.221,1.028,1.027,0.9622,0.9525,0.9978,0.9967,3.598,4.464,2.567,3.138,1.171,1.233,2.9,19.74,27.84,0.1882,0.271,0.279,91.82,73.35,68.36,56.97,54.82,54.26,11.53
38085,2.396,4.039,3.668,8.272,,,,,0.9058,0.8296,0.6876,0.5171,1.047,1.06,1.055,1.073,1.124,1.155,1.15,1.178,1.03,1.038,0.9087,0.9106,0.9953,0.9951,2.67,3.233,2.193,2.651,1.142,1.148,5.973,26.33,35.05,0.1858,0.2129,0.2519,72.35,57,52.85,60.81,55.26,55.37,18.73
38087,2.495,4.288,,,,,,,0.8968,0.8127,0.6991,0.5364,1.044,1.069,1.047,1.088,1.129,1.179,1.268,1.271,1.024,1.031,0.9302,0.9202,0.9955,0.9951,2.6,3.149,2.334,2.846,1.202,1.19,4.68,23.38,30.78,0.1062,0.1596,0.1525,66.22,50.03,45.62,62.41,58.05,57.42,17.21
38089,2.741,4.972,,,,,,,0.901,0.8218,0.7021,0.5331,1.044,1.084,1.059,1.122,1.137,1.193,1.192,1.221,1.011,1.022,0.9176,0.9282,0.9946,0.9947,3.021,3.727,2.473,3.048,1.189,1.151,3.694,20.94,28.67,0.1786,0.2335,0.2313,72.75,56.89,53,61.13,56.09,56.74,13.89
38091,3.85,8.854,,,,,,,0.9116,0.8353,0.6692,0.47,1.075,1.1,1.092,1.169,1.184,1.205,1.22,1.212,1.022,1.015,0.9222,0.9333,0.9961,0.9952,4.349,5.665,2.58,3.213,1.127,1.164,1.446,12.95,19.97,0.3243,0.3625,0.4187,101.3,82.13,76.66,51.9,47.87,48.44,7.478
38093,3.105,6.45,,,,,,,0.9098,0.8339,0.6694,0.4803,1.064,1.091,1.076,1.147,1.124,1.136,1.173,1.195,1.018,1.014,0.9414,0.9388,0.9974,0.9972,3.64,4.627,2.476,3.057,1.114,1.131,2.465,16.48,23.97,0.3105,0.409,0.4741,93.06,75.23,69.93,58.13,54.72,54.58,10.24
38095,,,,,,,,,0.9179,0.8429,0.6971,0.5066,1.028,1.059,1.04,1.106,1.105,1.145,1.114,1.183,1.02,1.028,0.9363,0.9427,0.9973,0.9971,4.75,6.499,2.917,3.705,1.082,1.13,0.8598,8.135,13.01,0.237,0.3119,0.3223,108.1,87.04,80.61,53.5,50.09,50.43,4.855
38097,3.488,7.724,,,,,,,0.9077,0.8257,0.6453,0.4322,1.061,1.086,1.075,1.15,1.147,1.167,1.194,1.188,1.028,1.024,0.9336,0.942,0.9949,0.9949,4.104,5.242,2.429,2.951,1.113,1.127,1.687,14.35,21.28,0.3883,0.4334,0.4944,99.47,78.92,72.82,50.1,46.77,47.2,8.662
38099,3.575,8.326,,,,,,,0.9146,0.8388,0.6751,0.4699,1.087,1.082,1.108,1.141,1.211,1.191,1.228,1.244,1.036,1.029,0.9134,0.9232,0.9951,0.9953,4.177,5.468,2.548,3.155,1.103,1.147,1.306,11.97,18.44,0.2661,0.3637,0.4157,106.2,85.13,78.9,51.84,47.35,47.86,7.367
38101,3.487,7.393,,,,,,,0.9126,0.8347,0.7047,0.5231,1.05,1.091,1.044,1.112,1.113,1.181,1.172,1.261,1.027,1.031,0.9383,0.936,0.9962,0.9955,4.076,5.331,2.814,3.538,1.147,1.202,1.637,13.46,20.01,0.1794,0.2497,0.2576,95.7,76.9,71.6,56.93,53.42,53.29,7.695
38103,3.044,6.428,,,,,,,0.9136,0.839,0.6804,0.4882,1.098,1.116,1.132,1.201,1.153,1.189,1.358,1.183,1.025,1.019,0.9561,0.9459,0.9981,0.997,3.772,4.811,2.589,3.188,1.156,1.187,2.306,15.28,22.4,0.2219,0.3141,0.3652,94.38,75.65,70.3,56.46,53.98,53.4,9.553
38105,2.796,5.221,,,,,,,0.9107,0.833,0.7124,0.5464,1.046,1.073,1.059,1.126,1.098,1.125,1.105,1.155,1.032,1.025,0.9099,0.9018,0.9964,0.996,3.198,4.034,2.601,3.258,1.196,1.16,3.107,18.79,26.3,0.09702,0.1658,0.1726,87.99,70.16,65.1,61.83,56.26,55.76,12.06
39001,4.15,8.786,,,,,3.448,6.888,0.815,0.6857,0.3746,0.2514,1.053,1.127,1.04,1.158,1.205,1.406,1.255,1.449,1.045,1.074,1.014,1.035,0.9948,0.9943,4.513,5.73,1.832,2.097,1.184,1.206,0.9373,13.38,21.01,0.8266,1.244,1.251,20.67,10.39,8.667,22.55,22.87,23.33,10.58
39003,4.576,9.393,,,,,2.914,5.239,0.8109,0.6678,0.2421,0.09662,1.035,1.094,1.046,1.125,1.135,1.293,1.148,1.31,1.025,1.062,1.01,1.021,0.994,0.9971,4.517,5.747,1.924,2.224,1.199,1.201,0.9278,14.03,20.54,0.3821,0.5265,0.5967,38.93,21.49,17.76,23.58,23.81,24.07,9.457
39005,,,,,,,3.705,8.355,0.8264,0.6919,0.2501,0.1092,1.056,1.094,1.064,1.089,1.177,1.334,1.181,1.329,1.034,1.064,1.021,1.019,0.9919,0.9938,6.605,8.951,2.079,2.459,1.248,1.274,0.2422,7.185,11.61,0.3412,0.5121,0.5703,41.31,22.83,18.37,21.99,22.46,22.4,4.385
39007,,,,,,,3.348,7.383,0.8089,0.6619,0.2816,0.1377,1.055,1.093,1.019,1.073,1.204,1.311,1.244,1.317,1.04,1.062,1.022,1.018,0.9911,0.9948,7.314,10.59,2.089,2.501,1.261,1.3,0.1197,3.823,6.878,0.4259,0.6119,0.7288,44.7,23.78,18.72,19.05,19.48,19.39,2.777
39009,4.052,9.067,,,,,3.977,9.049,0.8361,0.7125,0.46,0.3381,1.051,1.118,1.044,1.139,1.151,1.349,1.165,1.358,1.032,1.064,1.012,1.014,0.992,0.9916,4.356,5.726,1.871,2.188,1.265,1.282,0.9838,10.89,17.51,0.4367,0.71,0.7971,23.12,12.37,10.01,22.18,22.44,22.48,9.537
39011,4.905,10.36,,,,,2.93,5.361,0.8137,0.6739,0.2374,0.08607,1.042,1.1,1.048,1.106,1.162,1.319,1.153,1.291,1.036,1.07,1.012,1.016,0.9936,0.9959,4.497,5.832,1.872,2.168,1.216,1.208,0.874,12.49,18.86,0.414,0.6612,0.7351,37.48,20.68,17.27,23.44,23.72,23.82,9.047
39013,,,,,,,3.884,8.822,0.8242,0.6941,0.3758,0.2417,1.048,1.099,1.065,1.097,1.151,1.341,1.137,1.333,1.043,1.069,1.021,1.012,0.9903,0.9908,5.798,7.816,1.954,2.275,1.328,1.336,0.3358,7.118,11.46,0.3916,0.6733,0.7593,30.77,16.87,14,21.27,21.7,21.51,5.304
39015,4.044,8.469,,,,,3.477,6.997,0.8196,0.6933,0.3545,0.2223,1.067,1.134,1.057,1.157,1.218,1.423,1.304,1.513,1.046,1.081,1.014,1.024,0.9939,0.9931,4.255,5.452,1.801,2.065,1.173,1.19,0.9982,12.02,19.08,0.8896,1.241,1.282,22.98,12.12,10.38,22.71,23.03,23.27,10.49
39017,3.2,6.028,,,,,3.099,5.552,0.8103,0.671,0.3188,0.1804,1.047,1.114,1.035,1.122,1.212,1.412,1.222,1.472,1.044,1.078,0.9986,1.016,0.9919,0.9949,3.606,4.374,1.791,2.051,1.177,1.205,2.105,20.4,29.84,0.7351,0.9963,1.149,24.91,12.02,9.687,24.35,24.31,24.74,16.17
39019,,,,,,,3.808,9.3,0.8213,0.687,0.3228,0.1898,1.034,1.088,1.045,1.073,1.132,1.341,1.128,1.33,1.041,1.071,1.009,0.9944,0.9887,0.991,5.207,6.97,2.001,2.356,1.26,1.269,0.4329,8.289,13.17,0.3571,0.5489,0.5745,33.41,17.79,14.34,21.95,22.15,21.83,6.216
39021,4.656,10.08,,,,,4.502,9.486,0.8319,0.708,0.3354,0.1915,1.022,1.102,0.994,1.078,1.177,1.374,1.165,1.417,1.041,1.074,1.026,1.033,0.9949,0.9973,4.711,6.222,1.873,2.183,1.191,1.195,0.7461,8.805,13.77,0.6471,1.028,1.074,36.56,21.01,18.14,23.01,23.6,23.76,7.337
39023,4.769,10.19,,,,,3.6,7.088,0.8236,0.6964,0.3417,0.2039,1.025,1.102,0.997,1.083,1.181,1.363,1.197,1.438,1.047,1.077,1.025,1.027,0.9941,0.9963,4.66,6.136,1.858,2.157,1.192,1.191,0.758,9.438,14.6,0.73,1.14,1.169,34.79,19.32,16.56,23.44,24.01,24.06,7.644
39025,3.652,7.262,,,,,3.137,5.789,0.8093,0.6787,0.3467,0.2187,1.067,1.129,1.077,1.165,1.213,1.403,1.307,1.504,1.042,1.077,1.005,1.036,0.9933,0.9941,3.726,4.679,1.762,2.017,1.153,1.176,1.574,14.75,22.65,0.6976,0.8903,1.003,23.11,11.96,10.15,23.01,23.12,23.83,13.27
39027,4.656,10.11,,,,,3.565,6.941,0.8141,0.6807,0.3307,0.1954,1.043,1.123,1.049,1.147,1.167,1.377,1.18,1.445,1.041,1.067,0.9917,1.026,0.9936,0.9951,5.174,6.729,1.878,2.168,1.209,1.22,0.6798,10.2,16.14,0.5322,0.7562,0.8527,29.31,15.49,13.11,22.48,22.3,23.06,7.521
39029,,,,,,,3.737,8.967,0.8186,0.6849,0.3748,0.2451,1.056,1.095,1.071,1.088,1.158,1.328,1.153,1.312,1.043,1.063,1.004,0.9836,0.9896,0.991,5.278,6.889,2.054,2.413,1.274,1.271,0.4318,7.846,12.15,0.35,0.5542,0.592,33.33,17.76,14.22,21.82,21.91,21.46,5.936
39031,,,,,,,3.665,8.144,0.822,0.6888,0.2864,0.1474,1.056,1.113,1.065,1.13,1.193,1.381,1.191,1.386,1.047,1.069,1.032,1.028,0.9907,0.9928,5.478,7.34,1.957,2.286,1.241,1.257,0.5072,8.441,13.44,0.4435,0.7429,0.7824,32.41,16.99,13.7,21.94,22.65,22.55,5.962
39033,,,,,,,3.582,7.569,0.8239,0.6912,0.2783,0.14,1.055,1.099,1.067,1.094,1.207,1.345,1.219,1.355,1.037,1.071,1.003,1.012,0.99,0.9934,5.063,6.732,2,2.352,1.258,1.29,0.5182,9.56,14.56,0.4562,0.6666,0.8203,41.95,23.1,19.45,23.13,23.21,23.42,6.59
39035,,,,,,,2.896,5.459,0.7921,0.6409,0.2432,0.1209,1.027,1.073,1.013,1.067,1.146,1.278,1.173,1.309,1.03,1.039,1.028,1.024,0.9948,0.9967,5.535,7.303,1.997,2.332,1.157,1.192,0.4047,7.458,11.45,0.3528,0.4982,0.5341,39.81,20.95,16.45,20.7,21.28,21.19,5.205
39037,4.839,10.23,,,,,3.603,7.15,0.8267,0.6972,0.3368,0.1782,1.036,1.102,1.009,1.068,1.178,1.365,1.191,1.412,1.041,1.079,1.011,1.008,0.9935,0.9957,4.887,6.469,1.969,2.303,1.209,1.2,0.8534,12.04,18.77,0.7006,1.035,1.109,38.24,21.26,17.99,23.97,24.22,24.17,8.234
39039,4.23,8.357,,,,,3.624,7.176,0.8299,0.703,0.3072,0.1711,1.062,1.122,1.071,1.163,1.183,1.339,1.227,1.399,1.037,1.073,1.022,1.009,0.992,0.9934,4.054,5.219,1.942,2.261,1.302,1.285,1.154,14.43,20.87,0.4271,0.6973,0.735,42.83,22.98,19.25,24.55,25.08,24.76,10.45
39041,4.65,9.932,,,,,3.674,7.168,0.8138,0.6786,0.3236,0.1883,1.021,1.079,0.9963,1.065,1.156,1.34,1.156,1.346,1.043,1.072,1.038,1.018,0.9928,0.9948,4.695,6.062,1.921,2.235,1.208,1.212,0.8012,12.13,18.66,0.5361,0.7883,0.8398,33.31,17.01,13.76,22.82,23.69,23.22,8.973
39043,4.373,9.198,,,,,2.315,3.903,0.7939,0.6465,0.1905,0.07023,1.085,1.122,1.078,1.121,1.231,1.347,1.261,1.407,1.047,1.07,1.006,1.005,0.9933,0.9963,4.051,5.279,1.843,2.13,1.271,1.317,0.7364,9.285,13.29,0.4166,0.6702,0.7862,40.94,20.21,16.2,23.32,23.46,23.44,7.562
39045,4.398,9.429,,,,,3.639,7.482,0.8167,0.6851,0.3187,0.191,1.026,1.094,1.017,1.094,1.107,1.33,1.106,1.369,1.029,1.049,1.038,1.036,0.9951,0.9953,4.356,5.682,1.839,2.132,1.232,1.219,0.8331,10.68,16.56,0.4069,0.6101,0.616,29.96,15.49,12.77,22.31,23.16,23.11,9.071
39047,,,,,,,2.98,5.551,0.8115,0.6766,0.2717,0.1297,1.033,1.106,1.016,1.122,1.118,1.333,1.13,1.387,1.046,1.069,1.023,1.026,0.9948,0.996,5.495,7.178,1.857,2.132,1.231,1.247,0.565,9.284,14.74,0.5203,0.8036,0.8426,28.85,15.75,13.27,23.34,23.87,23.95,6.801
39049,4.035,8.185,,,,,2.855,4.963,0.8029,0.6604,0.2635,0.1257,1.012,1.08,0.992,1.07,1.117,1.327,1.116,1.344,1.026,1.05,1.016,1.026,0.9955,0.997,4.206,5.266,1.84,2.109,1.157,1.128,1.111,14.99,22.24,0.3966,0.5692,0.5979,28.64,15.21,12.28,22.53,22.9,23.11,11.35
39051,4.172,8.265,,,,,3.512,7.057,0.8234,0.6899,0.2788,0.1541,1.075,1.124,1.096,1.149,1.189,1.345,1.223,1.374,1.04,1.073,1.016,1.013,0.9904,0.9932,4.153,5.282,1.971,2.298,1.292,1.27,0.9761,13.02,18.54,0.4042,0.6647,0.7255,43.44,23.37,19.4,24.09,24.48,24.41,9.34
39053,3.271,6.675,,,,,3.287,6.377,0.8203,0.6916,0.4459,0.3422,1.045,1.101,1.027,1.085,1.16,1.362,1.182,1.386,1.03,1.06,1.01,1.016,0.9933,0.9932,3.866,4.726,1.779,2.011,1.251,1.283,1.905,17.26,25.12,0.5013,0.9047,0.9099,17.46,7.996,6.468,21.79,22,22.14,14.59
39055,,,,,,,4.253,10.22,0.8187,0.6794,0.2699,0.119,1.052,1.094,1.032,1.092,1.182,1.311,1.222,1.356,1.038,1.055,1.022,1.029,0.9927,0.9959,9.671,13.93,2.244,2.699,1.26,1.29,0.07738,3.636,6.572,0.4188,0.6087,0.6985,47.41,25.71,20.71,18.82,19.23,19.37,2.041
39057,4.595,9.646,,,,,2.908,5.148,0.8002,0.6611,0.2935,0.1595,1.031,1.112,1.014,1.113,1.176,1.375,1.198,1.475,1.039,1.07,1.016,1.013,0.9937,0.9957,4.982,6.406,1.862,2.139,1.197,1.211,0.7811,12.03,18.51,0.4993,0.7816,0.8618,29.83,15.45,12.8,22.92,23.28,23.22,8.42
39059,4.847,10.99,,,,,3.515,7.489,0.8121,0.6748,0.3506,0.2172,1.045,1.108,1.059,1.115,1.166,1.372,1.162,1.357,1.042,1.067,1.023,1.012,0.9902,0.9917,5.685,7.514,1.986,2.309,1.299,1.335,0.5368,10.77,16.97,0.3766,0.6567,0.705,27.63,13.57,10.44,22.3,22.81,22.56,7.008
39061,3.201,6.075,,,,,2.449,4.045,0.7903,0.6489,0.2631,0.1279,1.05,1.117,1.051,1.142,1.202,1.375,1.273,1.487,1.03,1.062,1.011,1.031,0.9935,0.9961,3.467,4.251,1.715,1.954,1.114,1.152,2.257,19.55,29.07,0.6055,0.7812,0.9181,22.13,10.87,8.861,23.69,23.94,24.42,16.68
39063,4.588,9.295,,,,,2.887,5.154,0.8056,0.6633,0.2692,0.1347,1.053,1.095,1.088,1.127,1.116,1.264,1.098,1.278,1.014,1.043,1.02,1.008,0.9948,0.998,4.835,6.128,2.026,2.341,1.161,1.153,0.7857,13.42,19.1,0.4098,0.5503,0.6075,42.49,22.93,18.62,24.29,24.78,24.48,8.257
39065,4.193,8.728,,,,,3.165,6.018,0.8173,0.6822,0.2783,0.135,1.041,1.1,1.044,1.118,1.166,1.331,1.156,1.321,1.032,1.065,1.014,1.01,0.9935,0.997,4.404,5.621,1.907,2.214,1.238,1.27,0.9821,12.6,18.75,0.2982,0.4833,0.5587,39.75,21.94,18.39,23.32,23.65,23.55,9.189
39067,,,,,,,3.261,7.232,0.8137,0.6749,0.247,0.1044,1.045,1.108,1.065,1.113,1.144,1.367,1.128,1.335,1.042,1.07,1.011,1.001,0.9892,0.9901,5.471,7.468,1.91,2.23,1.279,1.316,0.4138,7.936,12.94,0.4164,0.6555,0.6954,31.13,16.86,13.74,21.83,22.06,21.86,5.923
39069,3.992,7.82,,,,,3.401,6.533,0.8221,0.6869,0.2838,0.1546,1.083,1.133,1.122,1.185,1.197,1.35,1.247,1.411,1.044,1.082,1.013,0.9997,0.9914,0.9932,4.035,5.159,1.936,2.253,1.331,1.316,1.181,14.84,21.3,0.4202,0.6829,0.7417,41.63,22.49,18.57,24.51,24.83,24.5,10.51
39071,4.808,10.72,,,,,3.197,6.181,0.8073,0.6711,0.3032,0.1629,1.057,1.127,1.04,1.158,1.186,1.396,1.233,1.461,1.045,1.073,1.002,1.02,0.9951,0.9952,5.413,7.119,1.864,2.143,1.201,1.213,0.5894,9.686,15.89,0.6863,1.055,1.067,26.33,13.66,11.45,22.64,22.68,23.1,7.142
39073,4.195,9.346,,,,,4.584,10.64,0.8321,0.7078,0.4034,0.2804,1.035,1.097,1.022,1.123,1.13,1.337,1.128,1.351,1.033,1.055,1.026,1.018,0.9947,0.9948,4.436,5.835,1.865,2.177,1.244,1.248,0.8074,9.81,15.66,0.4766,0.6974,0.7144,27.04,14.01,11.49,22.29,22.86,22.69,8.748
39075,,,,,,,,,0.8321,0.7074,0.2734,0.1347,1.057,1.111,1.07,1.133,1.19,1.371,1.202,1.374,1.043,1.071,1.024,1.02,0.9904,0.9925,7.168,9.925,2.103,2.492,1.239,1.237,0.2228,5.496,9.406,0.4254,0.6933,0.7861,37.94,21.23,17.61,22.14,22.68,22.59,3.587
39077,,,,,,,2.952,5.774,0.8139,0.6749,0.2828,0.1558,1.087,1.113,1.087,1.113,1.234,1.339,1.251,1.359,1.04,1.064,1.011,1.014,0.9926,0.9951,4.607,6.005,1.964,2.306,1.286,1.315,0.5256,9.641,14.43,0.3568,0.5471,0.6697,41.87,21.93,17.82,22.05,22.29,22.36,7.034
39079,3.562,7.451,,,,,3.855,8.106,0.8303,0.7096,0.441,0.3219,1.044,1.106,1.02,1.11,1.153,1.365,1.192,1.385,1.034,1.063,1.016,1.023,0.9939,0.9937,4.32,5.476,1.873,2.155,1.221,1.231,1.429,14.17,21.73,0.5331,0.9138,0.9383,21.41,10.91,9.193,22.01,22.35,22.52,11.3
39081,,,,,,,3.366,7.466,0.8091,0.6667,0.2714,0.1415,1.046,1.103,1.061,1.117,1.14,1.321,1.127,1.295,1.036,1.061,1.014,1.01,0.9899,0.991,5.726,7.714,1.937,2.262,1.279,1.276,0.4057,7.604,12.36,0.3318,0.5249,0.555,29.88,15.8,12.82,21.32,21.61,21.53,5.555
39083,,,,,,,,,0.8381,0.7154,0.3783,0.243,1.034,1.097,1.026,1.101,1.161,1.353,1.145,1.363,1.044,1.075,1.021,1.025,0.9922,0.9929,5.816,7.957,2.04,2.422,1.216,1.248,0.3642,6.755,11.11,0.4452,0.6739,0.758,38.34,21.03,17.68,21.91,22.37,22.45,4.952
39085,,,,,,,2.69,5.103,0.7717,0.6048,0.07292,0,1.036,1.077,1.019,1.08,1.165,1.266,1.21,1.358,1.036,1.046,1.027,1.041,0.9942,0.9986,7.715,11.31,2.007,2.37,1.195,1.211,0.07322,3.584,6.593,0.4535,0.642,0.6861,39.04,18.07,13.38,20.18,20.73,21,2.547
39087,3.235,6.579,,,,,3.154,5.998,0.8068,0.6722,0.3986,0.2956,1.056,1.112,1.047,1.121,1.188,1.371,1.208,1.39,1.033,1.057,1.012,1.02,0.9958,0.9941,3.725,4.553,1.767,1.994,1.238,1.273,1.95,18.2,26.91,0.5914,0.9664,1.001,16.38,6.71,5.247,21.7,21.96,22.14,15.8
39089,4.611,10.01,,,,,3.704,7.897,0.8206,0.6893,0.3099,0.1749,1.04,1.1,1.026,1.098,1.15,1.365,1.137,1.379,1.042,1.068,1.028,1.03,0.9926,0.9939,4.972,6.467,1.962,2.292,1.209,1.224,0.6117,10.42,16.23,0.4406,0.7213,0.7683,33.1,17.99,14.88,22.12,22.74,22.79,7.513
39091,4.693,10.08,,,,,3.397,6.631,0.82,0.686,0.2791,0.1287,1.029,1.099,1.017,1.091,1.176,1.353,1.156,1.35,1.039,1.07,1.026,1.031,0.9945,0.9974,5.051,6.635,1.922,2.233,1.234,1.243,0.6991,9.639,14.9,0.4217,0.7732,0.8337,38.72,21.37,18.14,22.89,23.48,23.6,6.978
39093,4.001,8.477,,,,,2.716,5.167,0.8005,0.6511,0.2631,0.1406,1.057,1.093,1.027,1.064,1.221,1.338,1.231,1.342,1.036,1.053,1.018,1.019,0.9941,0.9957,4.105,5.23,1.917,2.236,1.221,1.284,0.8695,11.58,16.83,0.3453,0.548,0.5857,36.4,18.62,14.45,21.95,22.34,22.35,9.083
39095,3.475,6.634,,,,,2.332,3.947,0.8068,0.6636,0.1803,0.05335,1.054,1.109,1.068,1.124,1.157,1.31,1.162,1.303,1.033,1.058,1.001,1.005,0.9906,0.994,3.461,4.301,1.81,2.073,1.245,1.258,1.626,14.35,20.14,0.2978,0.498,0.5387,41.66,21.48,17.19,24.6,24.62,24.73,11.85
39097,4.339,9.122,,,,,3.442,6.767,0.8159,0.6821,0.3049,0.1629,1.016,1.094,0.9932,1.084,1.129,1.333,1.124,1.413,1.04,1.065,1.036,1.035,0.9957,0.9974,4.419,5.643,1.829,2.108,1.222,1.205,0.8541,11.07,16.92,0.5167,0.8364,0.8445,31.25,16.76,13.81,23.07,23.9,23.88,9.292
39099,,,,,,,,,0.8241,0.6917,0.3196,0.183,1.075,1.11,1.092,1.117,1.185,1.322,1.186,1.312,1.04,1.056,1.007,1.002,0.9913,0.995,5.593,7.431,2.077,2.465,1.275,1.305,0.3479,7.955,12.82,0.3066,0.4825,0.5155,36.13,20,16.16,21.5,21.66,21.54,5.693
39101,3.867,7.718,,,,,3.49,6.936,0.8198,0.6874,0.2889,0.1491,1.032,1.085,1.001,1.068,1.202,1.36,1.206,1.377,1.039,1.067,1.013,1.007,0.9909,0.9934,3.85,4.91,1.918,2.235,1.222,1.263,1.221,14.07,20.39,0.4005,0.6014,0.7432,38.48,20.76,17.29,23.66,23.97,23.82,10.71
39103,,,,,,,3.538,7.542,0.8154,0.6775,0.292,0.1693,1.059,1.094,1.056,1.085,1.216,1.327,1.223,1.324,1.041,1.065,1.009,1.01,0.9913,0.9931,5.13,6.802,2.006,2.368,1.3,1.359,0.4745,7.979,12.38,0.2376,0.3797,0.4422,40,22.75,18.7,21.64,21.84,21.85,5.943
39105,3.381,7,,,,,3.216,6.298,0.8207,0.6887,0.4382,0.329,1.05,1.104,1.04,1.092,1.168,1.342,1.185,1.367,1.034,1.063,1.013,1.02,0.9918,0.9924,4.095,5.067,1.797,2.043,1.24,1.269,1.559,15.04,22.46,0.475,0.8517,0.9173,18.7,9.072,7.266,21.85,22.12,22.29,12.8
39107,4.547,9.388,,,,,2.587,4.531,0.8107,0.6701,0.2366,0.07781,1.042,1.099,1.044,1.095,1.182,1.339,1.193,1.373,1.03,1.061,1.018,1.02,0.993,0.9947,4.233,5.453,1.848,2.138,1.238,1.201,0.9617,13.59,20.46,0.4459,0.6935,0.764,37.03,19.76,16.43,23.17,23.6,23.64,10.14
39109,4.309,8.815,,,,,2.804,4.879,0.8137,0.6778,0.2727,0.1247,1.041,1.108,1.019,1.077,1.211,1.374,1.214,1.434,1.051,1.079,1.024,1.017,0.9939,0.9959,4.591,5.865,1.876,2.158,1.181,1.183,1.017,14.13,21.13,0.7151,1.116,1.199,34.35,18.84,15.8,23.67,24.24,24.09,9.675
39111,,,,,,,4.532,10.7,0.8284,0.7044,0.3969,0.2656,1.046,1.092,1.062,1.07,1.159,1.33,1.154,1.339,1.042,1.067,1.007,1.012,0.9913,0.9902,5.545,7.353,1.966,2.271,1.301,1.295,0.4461,8.237,12.7,0.4498,0.7512,0.7725,27.03,14.49,11.97,20.57,20.71,20.82,6.177
39113,3.598,7.025,,,,,2.511,4.144,0.8071,0.6695,0.2615,0.1156,1.044,1.116,1.022,1.111,1.211,1.402,1.213,1.47,1.047,1.08,1.013,1.018,0.9924,0.9942,4.012,4.957,1.803,2.055,1.194,1.197,1.4,16.77,24.74,0.6198,0.9057,1.012,31.27,16.54,13.9,23.62,23.92,24.05,12.64
39115,4.385,9.786,,,,,4.366,9.976,0.8381,0.715,0.4304,0.2993,1.029,1.079,1.031,1.083,1.135,1.328,1.133,1.341,1.034,1.063,1.02,1.017,0.9928,0.9922,4.535,6.056,1.915,2.254,1.258,1.279,0.8401,10.65,16.92,0.5199,0.7443,0.7969,25.09,13.98,11.53,22.01,22.44,22.4,8.549
39117,,,,,,,4.895,11.37,0.8319,0.705,0.3337,0.1957,1.037,1.09,1.029,1.095,1.172,1.348,1.171,1.343,1.032,1.065,1.032,1.028,0.9916,0.9932,5.896,8.021,2.068,2.452,1.225,1.256,0.3798,7.595,12.17,0.3691,0.5563,0.6385,40.9,22.72,18.9,21.66,22.36,22.26,5.056
39119,4.816,10.55,,,,,3.355,6.739,0.8111,0.6726,0.293,0.1582,1.034,1.087,1.041,1.091,1.134,1.327,1.143,1.346,1.033,1.056,1.015,1.02,0.9914,0.9928,5.66,7.37,2.029,2.361,1.249,1.27,0.6232,12.07,18.84,0.3645,0.558,0.6047,27.71,14.99,11.9,21.51,21.83,21.94,7.263
39121,5.042,11.67,,,,,4.012,8.853,0.8205,0.6904,0.3671,0.2357,1.038,1.099,1.05,1.095,1.122,1.328,1.118,1.331,1.038,1.069,1.018,1.017,0.9912,0.9917,5.984,7.921,2.008,2.331,1.281,1.3,0.4848,10.09,15.96,0.4434,0.6827,0.7029,26.01,13.49,10.69,21.64,22.03,22.02,6.522
39123,4.128,8.31,,,,,2.283,3.693,0.7965,0.6502,0.1781,0.05069,1.065,1.113,1.079,1.126,1.231,1.376,1.226,1.404,1.048,1.073,1.006,0.9969,0.9917,0.9955,4.144,5.264,1.855,2.121,1.279,1.309,1.09,11.75,16.48,0.2818,0.5237,0.6289,40.73,20.72,16.65,24.13,24.29,24.05,8.685
39125,4.071,7.999,,,,,3.923,7.769,0.8353,0.7112,0.333,0.1923,1.051,1.102,1.057,1.129,1.198,1.331,1.248,1.417,1.046,1.073,1.03,1.016,0.9928,0.9945,4.128,5.284,1.982,2.311,1.303,1.28,1.389,16.35,23.68,0.467,0.7431,0.8442,41.79,23.41,19.98,25.29,26.05,25.7,11.03
39127,4.381,9.696,,,,,4.811,11.5,0.8299,0.7029,0.391,0.2615,1.028,1.098,1.018,1.103,1.103,1.34,1.115,1.362,1.033,1.058,1.028,1.029,0.9939,0.994,4.962,6.485,1.977,2.317,1.259,1.261,0.6811,10.35,16.28,0.5061,0.7168,0.7405,27.33,14.47,11.66,22.09,22.71,22.72,7.849
39129,3.964,8.173,,,,,2.945,5.311,0.804,0.6649,0.2828,0.153,1.019,1.098,0.9932,1.112,1.106,1.329,1.106,1.36,1.037,1.06,1.03,1.014,0.9958,0.9969,4,4.991,1.767,2.017,1.264,1.261,1.206,13.6,20.44,0.4777,0.724,0.728,26.44,13.58,11.02,22.81,23.5,23.12,11.73
39131,3.879,8.157,,,,,3.767,7.564,0.8277,0.7063,0.3952,0.2724,1.045,1.119,1.018,1.147,1.186,1.4,1.234,1.423,1.041,1.068,1.017,1.019,0.9939,0.9934,4.725,5.96,1.893,2.171,1.186,1.2,0.9224,13.51,20.71,0.5723,0.9057,0.9132,22.08,11.12,9.378,22.42,22.81,22.85,10.09
39133,,,,,,,3.529,8.004,0.8137,0.673,0.2088,0.06166,1.061,1.101,1.065,1.106,1.182,1.311,1.18,1.306,1.041,1.062,1.017,1.013,0.9906,0.993,6.512,8.846,2.087,2.47,1.251,1.313,0.274,6.64,10.84,0.3333,0.4859,0.5561,40.76,22.94,18.58,20.59,20.94,20.85,4.235
39135,4.329,8.967,,,,,4.134,8.447,0.8324,0.7066,0.363,0.2069,1.043,1.111,1.027,1.101,1.192,1.402,1.184,1.47,1.047,1.084,1.011,1.024,0.9928,0.9953,4.674,5.94,1.927,2.23,1.188,1.199,1.004,13.43,20.95,0.7213,1.074,1.173,32.94,17.91,15.28,24.05,24.31,24.63,9.787
39137,4.431,8.808,,,,,3.07,5.62,0.8136,0.6737,0.2909,0.1565,1.056,1.106,1.085,1.147,1.16,1.3,1.188,1.362,1.027,1.055,1.025,1.018,0.9924,0.9955,4.48,5.654,1.978,2.288,1.292,1.292,0.9911,15.29,21.96,0.3027,0.4537,0.5098,40.68,21.67,17.71,23.93,24.54,24.36,9.854
39139,,,,,,,3.458,7.484,0.8249,0.6899,0.2722,0.1264,1.048,1.097,1.064,1.107,1.15,1.318,1.155,1.301,1.029,1.059,1.022,1.019,0.9923,0.9942,8.029,10.86,2.176,2.576,1.189,1.193,0.1868,7.152,11.65,0.327,0.5101,0.6118,42.34,23.92,19.16,21.67,22.15,22.07,3.611
39141,3.747,7.898,,,,,3.472,6.869,0.821,0.6953,0.3445,0.2187,1.04,1.114,1.006,1.14,1.152,1.355,1.211,1.401,1.041,1.065,1.025,1.02,0.9956,0.996,4.159,5.265,1.817,2.087,1.218,1.229,1.138,13,20,0.4975,0.8179,0.8515,24.94,12.91,10.91,22.58,23.15,23.03,11.03
39143,3.682,7.207,,,,,2.784,4.92,0.8056,0.6659,0.2854,0.1684,1.079,1.117,1.116,1.145,1.219,1.357,1.24,1.422,1.047,1.076,1.007,1.006,0.991,0.9944,3.805,4.824,1.898,2.194,1.281,1.292,1.423,14.21,19.94,0.3655,0.6165,0.7306,41.41,21.55,17.7,23.84,24,23.97,10.58
39145,3.838,8.178,,,,,3.202,6.243,0.8154,0.6842,0.3475,0.2304,1.045,1.109,1.036,1.131,1.187,1.385,1.209,1.393,1.038,1.069,1.011,1.026,0.9946,0.9942,4.178,5.266,1.785,2.035,1.182,1.203,1.282,14.28,22.16,0.8122,1.21,1.253,19.06,9.168,7.51,22.56,22.8,23.16,12.23
39147,4.291,8.769,,,,,2.9,5.351,0.8081,0.6689,0.2378,0.1051,1.074,1.097,1.104,1.111,1.207,1.326,1.242,1.373,1.038,1.066,1.003,0.9979,0.9916,0.9943,4.436,5.702,1.95,2.265,1.273,1.268,0.8979,12.83,18.47,0.4132,0.5825,0.7161,41.56,22.52,18.86,23.14,23.21,23.09,8.798
39149,4.697,9.901,,,,,3.464,6.776,0.825,0.6951,0.3025,0.1492,1.047,1.101,1.025,1.077,1.194,1.349,1.207,1.385,1.048,1.078,1.023,1.025,0.9949,0.9969,4.598,6.02,1.899,2.208,1.187,1.174,0.9461,11.05,16.95,0.6465,1.025,1.102,38.5,20.97,17.98,23.34,23.87,23.93,8.311
39151,,,,,,,3.394,7.27,0.8152,0.6778,0.2443,0.1065,1.03,1.074,1.031,1.055,1.15,1.315,1.149,1.331,1.038,1.062,1.018,1.001,0.9889,0.9911,6.206,8.301,2.098,2.459,1.232,1.244,0.3344,8.796,13.85,0.337,0.5106,0.5064,37.93,21.77,17.71,21.69,22.08,21.71,5.146
39153,,,,,,,3.036,6.021,0.8033,0.6591,0.1802,0.04615,1.039,1.082,1.044,1.083,1.171,1.293,1.177,1.284,1.033,1.052,1.023,1.018,0.9915,0.994,5.909,7.819,2.012,2.34,1.19,1.202,0.3499,7.711,11.83,0.2564,0.3528,0.3932,40.22,23.07,18.9,21.16,21.65,21.54,4.971
39155,,,,,,,3.503,8.241,0.8127,0.6713,0.2144,0.06491,1.068,1.106,1.076,1.116,1.181,1.292,1.212,1.31,1.041,1.054,1.026,1.012,0.9917,0.9951,5.633,7.584,2.12,2.517,1.294,1.346,0.3894,8.186,13.04,0.2881,0.4117,0.4773,38.74,21.38,16.98,20.29,20.81,20.54,5.5
39157,,,,,,,3.704,8.661,0.8266,0.6976,0.319,0.1798,1.04,1.098,1.056,1.111,1.156,1.379,1.149,1.371,1.039,1.069,1.015,1.009,0.9879,0.9908,4.856,6.553,1.952,2.294,1.248,1.266,0.5343,8.713,13.94,0.4023,0.6397,0.6971,34.02,18.12,14.96,22.03,22.36,22.22,6.911
39159,4.535,9.418,,,,,3.44,6.522,0.8143,0.6799,0.2939,0.1536,1.023,1.081,0.9888,1.061,1.177,1.343,1.168,1.36,1.043,1.07,1.037,1.026,0.9937,0.9959,4.801,6.057,1.97,2.276,1.224,1.233,0.7634,13.95,20.71,0.4959,0.7827,0.8535,34.93,18.62,15.25,23.25,24.11,23.87,9.313
39161,3.978,7.792,,,,,3.023,5.56,0.8185,0.6829,0.2585,0.1073,1.051,1.097,1.049,1.103,1.203,1.355,1.243,1.441,1.044,1.07,1.021,1.024,0.9925,0.9956,3.921,4.929,1.898,2.197,1.269,1.261,1.284,17.1,24.76,0.5162,0.7913,0.8874,38.92,21.25,17.86,24.35,24.86,24.94,12.09
39163,3.776,8.208,,,,,4.042,8.92,0.8342,0.7118,0.4345,0.3141,1.054,1.117,1.043,1.142,1.149,1.355,1.17,1.356,1.035,1.063,1.021,1.019,0.9932,0.9936,4.521,5.809,1.87,2.166,1.241,1.256,1.047,11.88,18.73,0.4699,0.7852,0.8373,22.69,11.75,9.783,22.13,22.61,22.56,9.877
39165,3.874,7.727,,,,,3.412,6.217,0.8094,0.6751,0.3504,0.2233,1.049,1.123,1.047,1.139,1.21,1.422,1.214,1.538,1.046,1.077,1.009,1.032,0.9925,0.9948,4.356,5.441,1.845,2.117,1.186,1.211,1.213,15.13,22.88,0.6644,0.927,1.047,27.5,13.56,11.24,23.46,23.66,24.2,11.22
39167,4.172,9.224,,,,,3.067,5.92,0.8099,0.6767,0.2969,0.1705,1.039,1.084,1.05,1.076,1.131,1.3,1.139,1.309,1.027,1.054,1.015,1.034,0.9926,0.992,4.819,6.188,1.855,2.124,1.266,1.284,0.8325,12.3,18.88,0.3608,0.5613,0.558,22.69,11.72,9.376,20.4,20.7,21.09,9.223
39169,,,,,,,3.764,8.326,0.823,0.6888,0.2507,0.1144,1.047,1.097,1.047,1.091,1.174,1.346,1.183,1.355,1.038,1.069,1.025,1.011,0.991,0.9927,6.953,9.314,2.156,2.537,1.255,1.269,0.2834,7.252,11.5,0.3351,0.5335,0.5807,40.33,23.55,19.62,22.2,22.75,22.44,4.15
39171,4.3,8.575,,,,,3.59,7.29,0.8326,0.708,0.2787,0.1384,1.058,1.121,1.06,1.168,1.18,1.33,1.212,1.378,1.04,1.076,1.032,1.012,0.9924,0.994,4.372,5.59,1.995,2.325,1.276,1.244,0.8934,13.08,19.04,0.5933,0.9193,0.9401,43.87,23.65,19.86,24.73,25.51,25.01,9.129
39173,3.637,6.974,,,,,2.833,5.048,0.8081,0.6663,0.2613,0.1403,1.077,1.115,1.128,1.161,1.184,1.326,1.194,1.342,1.041,1.075,1.01,1.006,0.9916,0.9944,3.918,4.908,1.918,2.213,1.297,1.293,1.598,16.14,22.72,0.3605,0.6171,0.6602,40.67,21.11,16.95,24.92,25.16,25.08,11.44
39175,4.163,8.442,,,,,2.959,5.508,0.8054,0.6653,0.2276,0.08452,1.061,1.099,1.088,1.116,1.218,1.346,1.22,1.338,1.038,1.068,1.005,1.007,0.993,0.9948,4.28,5.467,1.921,2.228,1.255,1.29,1.006,13.95,20.3,0.3379,0.4899,0.5821,39.1,20.32,16.71,23.36,23.48,23.51,9.905
40001,1.877,2.697,2.544,4.392,,,1.858,2.565,0.7722,0.6311,,,1.061,1.144,1.05,1.164,1.174,1.331,1.258,1.423,0.9954,1.046,1.033,1.033,0.9988,1,2.052,2.288,1.561,1.723,1.044,1.043,15.19,47.06,57.23,2.209,2.66,2.844,7.033,2.733,2.26,29.1,30.06,30.07,43.22
40003,1.439,1.716,1.798,2.424,2.85,4.742,1.59,1.992,0.798,0.663,0.5072,0.4204,1.023,1.119,1.041,1.19,1,1.208,1.036,1.294,0.9584,1.003,1.019,1.035,1.003,1.005,1.465,1.584,1.497,1.647,1.02,1.009,46.17,86.61,96.85,1.227,1.36,1.396,11.43,6.141,4.939,42.68,43.51,44.17,80.05
40005,1.566,2.019,2.043,3.112,3.181,5.956,1.534,1.915,0.7542,0.6091,,,1.103,1.124,1.087,1.138,1.247,1.258,1.388,1.379,1.007,1.031,1.083,1.066,1.003,1.004,1.657,1.784,1.513,1.649,1.018,1.02,30.35,73.71,84.04,2.377,2.815,3.016,4.165,1.675,1.322,32.43,35.11,34.58,68.44
40007,1.51,1.831,2.052,2.898,3.671,6.624,2.18,3.112,0.8408,0.7226,0.6536,0.5633,1.05,1.076,1.091,1.092,1.033,1.128,1.056,1.257,0.9527,0.9965,1.008,1.008,1.003,1.005,1.511,1.651,1.574,1.749,1.029,0.9882,40.66,81.74,92.85,0.4235,0.4982,0.4885,12.73,7.396,6.203,51.68,52.09,52.12,75.1
40009,1.473,1.78,1.909,2.668,3.209,5.612,1.809,2.399,0.7771,0.6418,,,1.073,1.049,1.056,1.056,1.12,1.041,1.198,1.125,0.9685,0.9837,1.039,1.031,1.002,1.003,1.472,1.609,1.512,1.671,1.033,1.021,43.97,85.19,96.76,1.067,1.194,1.268,7.452,3.599,2.859,47.78,49.64,49.25,81.48
40011,1.487,1.811,1.947,2.751,3.292,5.873,1.568,1.967,0.7681,0.6285,,,1.025,1.099,1.053,1.129,1.023,1.17,1.084,1.233,0.9622,1.006,1.017,1.024,1.002,1.004,1.507,1.638,1.495,1.643,1.024,1.015,40.34,81.03,91.45,1.123,1.43,1.386,9.078,4.683,3.724,43.29,44.02,44.32,76.08
40013,1.541,1.964,2.117,3.248,3.457,6.82,1.454,1.78,0.719,0.5682,,,1.102,1.135,1.076,1.17,1.256,1.263,1.51,1.435,1.006,1.019,1.069,1.057,1.003,1.004,1.577,1.686,1.467,1.594,1.042,1.057,33.15,76.24,86.2,1.992,2.34,2.511,3.454,1.121,0.8347,33.79,36.13,35.7,73.96
40015,1.493,1.836,1.963,2.831,3.275,6.064,1.574,1.984,0.7665,0.6292,,,1.041,1.111,1.048,1.15,1.094,1.19,1.118,1.22,0.9791,1.02,1.044,1.031,1.003,1.003,1.509,1.636,1.479,1.624,1.04,1.046,39.98,80.41,91.04,1.21,1.486,1.557,7.447,3.544,2.781,41.85,43.7,43.16,77.29
40017,1.571,1.977,2.169,3.241,3.531,6.738,1.546,1.93,0.7568,0.6163,,,1.033,1.12,1.069,1.156,1.056,1.212,1.096,1.221,0.9734,1.016,1.037,1.039,1.002,1.003,1.595,1.742,1.506,1.658,1.031,1.025,32.85,74.06,84.99,1.425,1.75,1.773,8.507,4.295,3.465,39.87,41.36,41.44,69.25
40019,1.478,1.828,1.974,2.884,3.206,5.932,1.439,1.754,0.7195,0.5764,,,1.063,1.154,1.054,1.217,1.211,1.292,1.26,1.306,0.9997,1.023,1.053,1.041,1.002,1.002,1.513,1.629,1.459,1.589,1.013,1.04,40.07,82.4,92.41,1.748,1.981,2.185,4.184,1.553,1.153,36.74,38.7,38.25,80.91
40021,1.796,2.471,2.384,3.914,,,1.651,2.151,0.7679,0.6276,,,1.067,1.141,1.065,1.176,1.151,1.304,1.227,1.373,0.9944,1.036,1.043,1.053,1.001,1.002,1.906,2.106,1.55,1.706,1.047,1.049,19.25,57.31,68.48,1.861,2.276,2.495,6.809,2.778,2.313,28.76,29.99,30.3,51.4
40023,1.565,2.007,2.065,3.198,3.471,6.662,1.506,1.862,0.707,0.5542,,,1.096,1.104,1.065,1.122,1.259,1.268,1.475,1.487,1.002,1.022,1.068,1.058,1.003,1.004,1.622,1.742,1.486,1.615,1.031,1.034,30.46,74.82,85.06,2.576,3.059,3.21,2.487,0.7418,0.549,31.92,34.07,33.77,71.53
40025,1.741,2.27,2.903,4.77,,,5.112,10.65,0.8507,0.7324,0.6611,0.5672,1.001,1.061,1.008,1.082,0.9645,1.112,0.9674,1.164,0.9367,0.9693,0.9891,1.014,1.001,1.004,1.628,1.812,1.641,1.862,1.1,1.095,26.47,65.68,77.38,0.1493,0.1782,0.2051,9.621,5.497,4.754,59.69,59.04,60.53,62.45
40027,1.567,1.992,2.144,3.247,3.546,6.954,1.542,1.925,0.7504,0.606,,,1.052,1.138,1.069,1.212,1.119,1.27,1.168,1.277,0.9874,1.027,1.059,1.05,1.003,1.002,1.627,1.777,1.501,1.647,1.037,1.057,32.13,73.5,84.39,1.459,1.74,1.828,6.862,3.164,2.494,35.65,37.76,37.43,69.06
40029,1.556,1.999,2.062,3.129,3.216,6.047,1.482,1.829,0.7451,0.5976,,,1.095,1.137,1.077,1.165,1.218,1.262,1.417,1.402,1.007,1.03,1.092,1.075,1.004,1.005,1.628,1.755,1.495,1.629,1.015,1.032,31.76,74.79,84.98,1.956,2.336,2.517,4.293,1.783,1.398,32.23,35.19,34.64,70.2
40031,1.447,1.746,1.893,2.671,2.941,5.23,1.537,1.906,0.7621,0.6262,,,1.062,1.131,1.047,1.217,1.151,1.226,1.187,1.245,0.9893,1.016,1.059,1.039,1.003,1.004,1.472,1.584,1.48,1.621,1.025,1.047,45,87.38,97.31,1.266,1.48,1.607,5.718,2.719,2.136,41.49,43.92,43.09,83.05
40033,1.367,1.6,1.695,2.263,2.53,4.119,1.443,1.743,0.7384,0.5938,,,1.067,1.164,1.069,1.29,1.174,1.281,1.227,1.306,0.9955,1.018,1.071,1.05,1.004,1.005,1.395,1.495,1.451,1.58,1.027,1.05,56.07,98.27,107.8,1.298,1.563,1.673,4.106,1.758,1.377,41.39,44.32,43.44,94.77
40035,1.774,2.378,2.326,3.736,3.661,7.199,1.697,2.231,0.7889,0.6573,0.5555,0.4676,1.044,1.142,1.063,1.219,1.119,1.324,1.178,1.315,0.9917,1.049,1.015,1.036,0.9995,1.002,1.898,2.09,1.563,1.722,1.055,1.069,20.73,59.1,69.99,2.072,2.425,2.606,10.01,4.703,3.903,31.65,32.14,32.8,51.87
40037,1.611,2.094,2.117,3.248,3.38,6.354,1.612,2.08,0.7688,0.6308,,,1.033,1.102,1.043,1.118,1.103,1.274,1.15,1.266,0.9928,1.031,1.027,1.031,1.001,1.002,1.7,1.869,1.517,1.67,1.042,1.062,29.41,69.26,80.57,1.746,2.034,2.214,7.166,3.199,2.672,33.89,34.8,34.95,64.32
40039,1.477,1.793,1.929,2.731,3.387,6.098,1.686,2.18,0.7817,0.6447,,,1.074,1.089,1.095,1.121,1.087,1.135,1.113,1.16,0.9747,0.9993,1.022,1.018,1.002,1.004,1.483,1.61,1.495,1.65,1.034,1.008,42.01,82.22,93.03,1.004,1.222,1.217,8.631,4.284,3.388,44.39,45.35,45.17,78.02
40041,1.875,2.622,2.438,4.063,,,1.747,2.338,0.7787,0.6415,,,1.067,1.159,1.082,1.202,1.181,1.372,1.225,1.446,0.999,1.05,1.015,1.025,0.9987,0.9999,2.026,2.249,1.573,1.737,1.031,1.04,16.86,53.24,64.24,2.076,2.416,2.622,7.888,3.491,2.903,29.76,30.21,30.51,46.71
40043,1.507,1.842,1.954,2.775,3.446,6.166,1.85,2.469,0.8068,0.6794,0.6135,0.5276,1.057,1.098,1.078,1.152,1.049,1.159,1.096,1.184,0.9633,1.002,1.016,1.028,1.002,1.005,1.542,1.681,1.556,1.721,1.049,1.02,38.2,79.87,90.15,0.9562,1.195,1.198,10.23,5.309,4.339,45.01,45.74,46.25,72.61
40045,1.606,2.02,2.33,3.525,4.639,9.138,2.021,2.831,0.8193,0.6939,0.617,0.5304,1.061,1.066,1.097,1.09,1.057,1.107,1.067,1.112,0.9594,0.988,1.023,1.035,1.003,1.005,1.6,1.768,1.56,1.74,1.026,0.991,32.29,72.97,84.5,0.5145,0.6612,0.7013,11.72,6.032,5.089,46.68,47.77,48.33,67.14
40047,1.496,1.817,1.945,2.737,3.134,5.543,1.528,1.882,0.7667,0.6283,,,1.016,1.124,1.06,1.212,1.011,1.255,1.044,1.266,0.9678,1.021,1.024,1.03,1.002,1.004,1.506,1.63,1.489,1.632,1.055,1.041,39.62,80.96,91,1.385,1.74,1.677,10.87,5.786,4.658,39.14,40.08,40.32,75.36
40049,1.496,1.86,1.969,2.891,3.117,5.761,1.533,1.912,0.7629,0.6261,,,1.072,1.15,1.099,1.231,1.209,1.288,1.236,1.308,1.003,1.03,1.062,1.047,1.001,1.002,1.556,1.678,1.489,1.625,1.049,1.062,38.74,81.39,91.65,1.622,1.929,2.12,5.255,2.316,1.805,36.07,38.31,37.77,77.49
40051,1.54,1.921,2.096,3.092,3.326,6.227,1.564,1.953,0.7681,0.6306,,,1.041,1.119,1.058,1.179,1.107,1.213,1.166,1.246,0.9827,1.016,1.057,1.042,1.002,1.002,1.578,1.705,1.494,1.632,1.033,1.039,34.81,77.55,87.93,1.415,1.668,1.735,6.412,3.167,2.521,39.04,41.26,40.7,73.52
40053,1.468,1.769,1.836,2.516,2.958,5.019,1.58,1.986,0.7892,0.6533,0.524,0.4445,1.017,1.119,1.062,1.22,1.003,1.201,1.039,1.243,0.9604,1.003,1.007,1.021,1.001,1.004,1.487,1.614,1.49,1.639,1.053,1.026,42.71,82.6,93.09,1.092,1.275,1.256,11.08,5.786,4.681,39.88,40.15,40.72,76.93
40055,1.387,1.628,1.731,2.302,2.681,4.412,1.571,1.961,0.76,0.6179,,,1.079,1.074,1.056,1.112,1.129,1.089,1.148,1.127,0.9798,0.9898,1.046,1.039,1.002,1.004,1.383,1.492,1.463,1.606,1.019,1.025,54.87,95.55,106.2,1.162,1.286,1.384,5.864,2.763,2.124,46.66,48.8,48.49,93.09
40057,1.35,1.563,1.667,2.158,2.519,3.972,1.578,1.973,0.7662,0.6214,,,1.099,1.093,1.113,1.158,1.155,1.124,1.165,1.149,0.9758,0.9965,1.076,1.058,1.004,1.005,1.344,1.444,1.447,1.583,1.024,1.025,61.14,100.6,111,1.041,1.115,1.195,5.203,2.389,1.818,48.13,51.78,50.92,99.41
40059,1.452,1.743,1.864,2.547,3.045,5.324,1.773,2.359,0.8242,0.6975,0.5978,0.5028,1.058,1.089,1.082,1.107,1.061,1.184,1.082,1.29,0.9574,0.9985,1.009,1.002,1.002,1.004,1.46,1.596,1.505,1.673,1.011,0.9817,47.79,87.17,98.96,0.6176,0.7365,0.8081,10.64,5.775,4.83,47.84,48.28,47.94,82.13
40061,1.592,2.104,1.962,3.017,3.201,6.127,1.507,1.918,0.7313,0.5705,,,1.074,1.139,1.054,1.177,1.19,1.314,1.231,1.381,1.005,1.054,1.054,1.043,1.001,1.001,1.668,1.813,1.486,1.624,1.035,1.027,28.56,67.47,78.02,2.588,2.916,3.156,5.07,1.698,1.181,30.13,31.75,31.44,65.13
40063,1.565,2.027,2.012,3.061,3.083,5.72,1.528,1.914,0.7359,0.5964,,,1.078,1.149,1.062,1.185,1.228,1.341,1.257,1.402,1.001,1.037,1.072,1.056,1.003,1.003,1.638,1.776,1.489,1.625,1.032,1.055,30.81,71.72,82.03,2.12,2.473,2.635,5.337,2.125,1.8,33.39,35.78,35.27,68.46
40065,1.342,1.556,1.671,2.181,2.556,4.115,1.453,1.754,0.7508,0.6014,,,1.088,1.102,1.09,1.182,1.155,1.164,1.148,1.182,0.9892,1.002,1.058,1.044,1.004,1.005,1.347,1.444,1.439,1.571,1.009,1.033,62.05,102.8,112.7,1.005,1.092,1.201,4.84,2.262,1.694,45.99,48.66,48,100.6
40067,1.394,1.663,1.768,2.423,2.682,4.512,1.43,1.736,0.7255,0.5806,,,1.063,1.154,1.061,1.242,1.202,1.276,1.286,1.288,1,1.021,1.055,1.043,1.003,1.004,1.436,1.541,1.446,1.568,1.017,1.041,51.18,93.57,103.2,1.484,1.813,1.907,3.551,1.346,1.01,38.9,41.04,40.56,91.6
40069,1.533,1.944,2.048,3.107,3.204,6.158,1.454,1.783,0.7411,0.5987,,,1.085,1.139,1.061,1.17,1.248,1.275,1.349,1.357,1.002,1.018,1.07,1.058,1.003,1.004,1.584,1.701,1.471,1.598,1.045,1.067,32.97,75.08,84.64,1.802,2.102,2.27,4.15,1.554,1.155,33.92,36.3,35.89,72.51
40071,1.579,1.978,2.055,3.036,3.477,6.387,1.538,1.926,0.7754,0.6395,0.5258,0.444,1.012,1.095,1.019,1.134,1.028,1.24,1.092,1.289,0.9576,1.008,1.014,1.026,1.002,1.004,1.619,1.78,1.522,1.683,1.04,1.046,32.74,73.63,85.09,1.522,1.887,1.947,12.12,6.135,4.991,37.34,37.85,38.33,66.67
40073,1.458,1.757,1.864,2.563,2.868,4.91,1.514,1.865,0.7671,0.6314,,,1.019,1.114,1.071,1.172,1.012,1.218,1.029,1.194,0.9674,1.012,1.035,1.04,1.003,1.004,1.473,1.596,1.478,1.622,1.037,1.019,43.84,84.15,94.2,1.368,1.734,1.655,9.233,4.885,3.909,40.31,41.73,41.92,79.28
40075,1.424,1.7,1.817,2.505,2.906,5.025,1.477,1.806,0.7555,0.6159,,,1.064,1.096,1.049,1.154,1.14,1.154,1.16,1.178,0.9851,0.9994,1.046,1.027,1.003,1.003,1.437,1.551,1.473,1.616,1.01,1.023,48.2,89.65,99.77,1.081,1.162,1.305,6.407,3.086,2.415,43.39,45.38,44.56,85.35
40077,1.581,2.094,1.938,2.972,3.058,5.717,1.701,2.273,0.7705,0.6387,,,1.066,1.12,1.066,1.15,1.17,1.257,1.197,1.283,1,1.036,1.058,1.04,1.003,1.004,1.747,1.896,1.533,1.673,1.034,1.026,25.93,64.47,73.78,2.818,3.162,3.315,4.773,1.65,1.274,28.48,30.14,29.62,60.36
40079,1.642,2.207,2.057,3.227,3.183,6.207,1.72,2.321,0.7596,0.6164,,,1.071,1.125,1.054,1.152,1.183,1.311,1.255,1.354,1.003,1.042,1.053,1.051,1.002,1.002,1.774,1.926,1.531,1.669,1.031,1.023,23.37,60.75,69.81,3.235,3.705,3.8,4.384,1.368,1.048,28.57,30.09,30.02,57.78
40081,1.581,2.024,2.142,3.249,3.512,6.534,1.534,1.927,0.7629,0.624,,,1.05,1.122,1.069,1.155,1.1,1.256,1.127,1.234,0.9938,1.034,1.047,1.038,1.002,1.003,1.659,1.811,1.496,1.64,1.041,1.061,30.37,70.4,80.78,1.727,1.986,2.167,7.563,3.447,2.8,35.85,37.55,37.2,65.68
40083,1.502,1.857,1.951,2.788,2.901,5.161,1.498,1.844,0.7609,0.6219,,,1.01,1.118,1.041,1.17,1.037,1.245,1.075,1.197,0.9741,1.024,1.023,1.025,1.003,1.004,1.56,1.698,1.494,1.641,1.05,1.03,38.22,80.02,90.79,1.527,1.834,1.814,8.637,4.095,3.175,38.15,39.02,39.1,74.14
40085,1.468,1.811,1.971,2.864,3.384,6.298,1.401,1.691,0.7081,0.5636,,,1.062,1.155,1.021,1.198,1.231,1.308,1.401,1.44,1.004,1.027,1.07,1.056,1.003,1.003,1.5,1.614,1.452,1.579,1.035,1.06,40.34,81.63,91.19,1.441,1.788,1.906,3.735,1.241,0.9221,35.98,38.51,37.98,80.94
40087,1.53,1.917,2.035,3.002,3.21,6.01,1.552,1.937,0.761,0.6206,,,1.052,1.138,1.069,1.224,1.145,1.264,1.181,1.26,0.9937,1.029,1.06,1.045,1.002,1.002,1.584,1.719,1.495,1.637,1.028,1.046,35.47,77.41,87.98,1.451,1.712,1.815,6.375,3.109,2.474,36.39,38.57,38.03,73.03
40089,1.676,2.249,2.244,3.682,,,1.847,2.502,0.7525,0.6046,,,1.076,1.091,1.075,1.112,1.175,1.242,1.386,1.398,0.9992,1.025,1.061,1.052,1.004,1.004,1.774,1.919,1.535,1.673,1.028,1.037,22.42,63.6,73.28,3.275,3.853,3.936,2.303,0.7425,0.5767,28.85,30.6,30.34,59.68
40091,1.623,2.136,2.105,3.293,3.533,6.944,1.503,1.882,0.7394,0.5878,,,1.081,1.15,1.074,1.205,1.154,1.276,1.136,1.294,1.003,1.044,1.045,1.044,1.001,1.002,1.708,1.858,1.504,1.649,1.036,1.04,27.43,68.76,79.81,2.36,2.719,2.873,5.731,2.275,1.789,32.21,33.66,33.63,63.81
40093,1.442,1.723,1.821,2.479,3.035,5.149,1.59,1.998,0.7916,0.6569,0.5622,0.4799,1.031,1.111,1.065,1.197,1.01,1.186,1.073,1.253,0.9569,1.003,1.016,1.035,1.002,1.004,1.457,1.578,1.488,1.635,1.044,1.017,45.69,86.18,96.37,0.9926,1.229,1.251,9.507,5.109,4.161,42.79,43.46,44.3,80.8
40095,1.485,1.862,1.964,2.925,3.13,5.956,1.385,1.669,0.7026,0.5511,,,1.086,1.133,1.05,1.133,1.232,1.242,1.484,1.437,1.006,1.019,1.067,1.058,1.002,1.003,1.525,1.629,1.448,1.566,1.055,1.078,36.69,78.41,87.44,1.955,2.319,2.371,3.846,1.227,0.9412,35.32,37.69,37.37,77.6
40097,1.766,2.387,2.449,3.969,,,1.562,1.995,0.7778,0.6366,,,1.059,1.164,1.079,1.225,1.149,1.338,1.209,1.363,0.9968,1.046,1.013,1.02,0.9998,1.002,1.87,2.062,1.538,1.691,1.034,1.054,20.71,59.38,70.43,1.978,2.328,2.541,8.08,3.566,2.864,31.1,31.51,31.72,53.56
40099,1.534,1.94,2.036,3.077,3.149,5.939,1.484,1.835,0.7643,0.6282,,,1.072,1.164,1.081,1.233,1.226,1.297,1.22,1.286,0.9999,1.028,1.059,1.037,1.002,1.003,1.587,1.713,1.478,1.61,1.053,1.063,33.65,75.08,84.98,1.717,2.061,2.245,4.767,2.082,1.56,35.14,37.22,36.45,72.49
40101,1.666,2.211,2.133,3.339,3.638,7.059,1.508,1.896,0.753,0.5961,,,1.061,1.128,1.05,1.165,1.12,1.27,1.131,1.303,0.9982,1.043,1.049,1.048,1.002,1.001,1.745,1.905,1.516,1.663,1.031,1.044,25.53,66.25,77.43,2.074,2.381,2.591,6.428,2.632,1.998,31.15,32.69,32.63,61.06
40103,1.56,1.939,2.059,3,3.319,6.01,1.514,1.863,0.7705,0.6349,,,0.9958,1.113,0.9884,1.126,1.009,1.279,1.019,1.265,0.9693,1.026,1.015,1.026,1.001,1.003,1.591,1.731,1.511,1.661,1.057,1.061,33.95,77.82,88.74,1.639,1.983,1.977,10.1,4.948,4.018,37.84,38.4,38.82,70.6
40105,1.691,2.229,2.172,3.401,3.354,6.342,1.671,2.195,0.7919,0.66,0.5582,0.4746,1.035,1.135,1.041,1.182,1.084,1.308,1.149,1.29,0.9889,1.042,1.006,1.042,0.9998,1.002,1.781,1.961,1.529,1.685,1.055,1.054,24.32,62.66,73.67,1.874,2.319,2.38,10.31,4.93,3.994,32.54,32.74,33.9,57.09
40107,1.572,2.042,2.072,3.186,3.383,6.441,1.542,1.953,0.7282,0.584,,,1.068,1.131,1.071,1.166,1.153,1.296,1.157,1.303,1.001,1.032,1.051,1.042,1.002,1.002,1.638,1.786,1.478,1.616,1.045,1.056,30.62,69,79.84,2.031,2.343,2.543,6.081,2.531,2.181,33.79,35.52,35.21,67.45
40109,1.602,2.054,2.174,3.308,3.571,6.87,1.514,1.876,0.7452,0.603,,,1.017,1.112,1.03,1.157,1.066,1.228,1.102,1.225,0.9728,1.006,1.043,1.041,1.003,1.004,1.672,1.835,1.518,1.671,1.041,1.045,29.96,71.6,82.87,1.177,1.403,1.471,7.944,3.54,2.791,35.57,37.12,37.04,65.83
40111,1.639,2.15,2.19,3.43,3.672,7.072,1.595,2.05,0.7671,0.6268,,,1.054,1.125,1.059,1.15,1.131,1.272,1.136,1.293,0.9966,1.027,1.045,1.044,1.003,1.003,1.743,1.905,1.521,1.669,1.032,1.057,26.62,67.04,77.84,1.772,2.057,2.246,6.393,2.872,2.396,33.04,34.53,34.48,62.07
40113,1.665,2.167,2.175,3.355,3.642,7.004,1.638,2.124,0.7947,0.6633,0.5702,0.4876,1.018,1.109,1.019,1.144,1.066,1.282,1.142,1.3,0.9781,1.024,1.022,1.038,1.001,1.003,1.758,1.944,1.544,1.708,1.038,1.037,26.16,67.11,78.84,1.733,2.058,2.219,9.936,4.825,3.881,34.95,35.71,36.26,60.07
40115,1.87,2.577,2.462,4.083,,,1.764,2.36,0.7864,0.651,0.5494,0.4431,1.057,1.15,1.08,1.222,1.154,1.376,1.202,1.426,0.9903,1.049,1.015,1.026,0.9982,1,2.04,2.265,1.602,1.772,1.057,1.072,17.05,55.48,66.89,2.065,2.4,2.581,10.14,4.658,3.873,30.48,30.95,31.26,47.01
40117,1.62,2.071,2.113,3.184,3.488,6.442,1.604,2.042,0.7783,0.6431,,,1.017,1.122,1.037,1.156,1.07,1.341,1.119,1.343,0.9829,1.035,1.021,1.036,1,1.003,1.688,1.855,1.532,1.692,1.033,1.045,29.88,73.12,84.82,1.852,2.208,2.402,8.456,3.723,3.011,35.95,36.7,37.25,65.55
40119,1.603,2.042,2.14,3.201,3.411,6.238,1.528,1.899,0.7829,0.6396,,,1.005,1.1,1.019,1.119,1.04,1.275,1.088,1.226,0.9775,1.027,1.042,1.044,1.001,1.003,1.664,1.816,1.505,1.652,1.026,1.043,29.96,71.84,82.53,1.856,2.159,2.302,8.817,4.552,3.657,36.68,38.21,38.3,65.24
40121,1.598,2.097,2.054,3.185,3.249,6.222,1.482,1.839,0.7427,0.6043,,,1.082,1.134,1.071,1.171,1.19,1.275,1.221,1.361,1.001,1.028,1.061,1.045,1.003,1.005,1.725,1.871,1.516,1.656,1.012,1.016,27.61,69.6,80.01,2.276,2.52,2.702,5.263,2.008,1.624,30.24,32.08,31.62,63.46
40123,1.583,2.052,2.112,3.262,3.383,6.502,1.51,1.889,0.7431,0.602,,,1.085,1.163,1.087,1.241,1.225,1.31,1.268,1.372,1.004,1.034,1.069,1.061,1.002,1.003,1.64,1.781,1.488,1.623,1.043,1.07,30,70.48,80.76,1.736,2.14,2.307,4.76,2.005,1.561,33.48,35.78,35.51,68.18
40125,1.563,2,2.119,3.227,3.59,6.9,1.569,1.986,0.756,0.6162,,,1.075,1.15,1.085,1.209,1.159,1.302,1.25,1.337,1.002,1.033,1.062,1.053,1.003,1.003,1.632,1.777,1.499,1.644,1.04,1.057,32.34,73.32,84.07,1.77,2.092,2.3,6.102,2.691,2.158,34.88,37.04,36.72,69.42
40127,1.613,2.133,2.024,3.146,3.354,6.416,1.746,2.313,0.7713,0.6384,,,1.082,1.097,1.077,1.115,1.212,1.247,1.338,1.338,1,1.026,1.055,1.041,1.003,1.005,1.768,1.913,1.536,1.672,1.022,1.017,24.21,64.27,73.39,3.205,3.771,3.901,3.522,1.186,0.9514,29.78,31.42,31.01,59.38
40129,1.56,1.942,2.167,3.205,4.461,8.534,1.957,2.697,0.8057,0.6791,0.6305,0.5442,1.058,1.05,1.078,1.07,1.081,1.101,1.125,1.147,0.9663,0.994,1.029,1.027,1.003,1.003,1.534,1.692,1.523,1.695,1.048,1.021,36.52,76.69,88.61,0.8421,1.015,1.038,9.129,4.86,4.049,47.26,48.62,48.54,73.11
40131,1.722,2.304,2.319,3.723,3.93,7.687,1.574,2.029,0.7866,0.6483,,,1.049,1.143,1.071,1.191,1.122,1.304,1.156,1.283,0.9958,1.04,1.023,1.044,1.001,1.003,1.782,1.964,1.511,1.662,1.039,1.054,22.76,59.85,70.64,1.575,1.891,2,9.344,4.276,3.536,31.94,32.67,33.33,55.82
40133,1.547,1.984,2.069,3.144,3.436,6.547,1.54,1.94,0.7417,0.6007,,,1.072,1.157,1.083,1.203,1.178,1.327,1.194,1.361,0.9981,1.034,1.061,1.051,1.001,1.003,1.604,1.741,1.486,1.627,1.047,1.059,33.19,74.38,85.27,1.968,2.331,2.523,5.604,2.344,1.93,34.47,36.57,36.24,71.65
40135,1.689,2.3,2.194,3.533,,,1.563,2.023,0.7366,0.5756,,,1.064,1.14,1.024,1.156,1.172,1.334,1.218,1.357,0.9979,1.052,1.056,1.051,0.9998,1,1.759,1.923,1.503,1.648,1.034,1.04,23.75,61.5,72.5,2.28,2.647,2.874,5.505,1.776,1.305,29.34,30.99,30.84,59.24
40137,1.491,1.833,2.03,2.961,3.308,6.102,1.499,1.837,0.7421,0.597,,,1.054,1.143,1.057,1.243,1.158,1.261,1.272,1.338,0.9949,1.028,1.067,1.044,1.003,1.003,1.532,1.648,1.479,1.613,1.038,1.052,39.56,82.82,92.73,1.736,2.018,2.085,5.048,2.252,1.704,39.07,41.68,40.8,78.66
40139,1.569,1.943,2.275,3.354,4.921,9.736,2.86,4.596,0.8403,0.7185,0.657,0.5571,1.039,1.068,1.096,1.099,1.014,1.111,1.067,1.197,0.9457,0.979,0.986,1.001,1.002,1.005,1.51,1.665,1.563,1.758,1.072,1.043,37.68,76.51,88.27,0.2999,0.3497,0.3308,11.65,6.487,5.557,57.12,56.32,57.16,73.05
40141,1.345,1.559,1.655,2.168,2.526,4.09,1.437,1.724,0.7464,0.6028,,,1.076,1.128,1.07,1.233,1.159,1.225,1.177,1.238,0.9961,1.025,1.059,1.037,1.004,1.004,1.361,1.454,1.447,1.576,1.008,1.048,61.42,103.1,112.4,1.148,1.336,1.499,4.507,2.207,1.75,44.54,47.19,46.18,99.47
40143,1.679,2.204,2.212,3.453,3.811,7.404,1.501,1.874,0.7715,0.6319,,,1.024,1.097,1.036,1.121,1.08,1.238,1.118,1.243,0.9817,1.015,1.031,1.042,1.002,1.003,1.76,1.933,1.53,1.681,1.018,1.024,25.3,66.11,77.13,1.684,1.878,2.066,8.642,4.063,3.386,32.95,33.97,34.34,59.78
40145,1.694,2.227,2.217,3.492,3.618,6.948,1.48,1.837,0.7577,0.613,,,1.046,1.138,1.051,1.178,1.126,1.29,1.178,1.32,0.9936,1.035,1.045,1.045,1.003,1.003,1.757,1.922,1.528,1.676,1.029,1.057,24.77,67.28,78.39,1.645,1.881,2.12,7.11,3.109,2.552,31.24,32.66,32.65,60.7
40147,1.64,2.131,2.099,3.236,3.406,6.48,1.623,2.111,0.7932,0.6608,0.5466,0.4675,1.026,1.118,1.028,1.137,1.08,1.307,1.147,1.305,0.9854,1.036,1.018,1.043,1,1.002,1.714,1.889,1.515,1.67,1.049,1.047,27.5,67.28,78.78,1.733,2.078,2.198,9.562,4.509,3.621,33.39,34.01,34.84,62.04
40149,1.448,1.746,1.856,2.582,3.115,5.485,1.58,1.989,0.7627,0.6209,,,1.068,1.096,1.064,1.115,1.117,1.138,1.136,1.162,0.9807,0.998,1.04,1.031,1.003,1.004,1.465,1.585,1.484,1.633,1.02,1.012,45.01,85.16,95.8,1.154,1.324,1.388,7.627,3.605,2.814,43.43,45.16,44.78,81.09
40151,1.454,1.749,1.821,2.497,2.916,4.96,1.69,2.203,0.8206,0.6946,0.5624,0.4722,1.033,1.103,1.04,1.153,1.014,1.189,1.099,1.243,0.9627,1.004,1.001,1.021,1.001,1.004,1.474,1.609,1.504,1.665,1.041,1.016,45.93,86.02,97.27,0.8584,0.94,1.037,11.21,5.887,4.843,44.83,44.87,45.77,80.43
40153,1.518,1.859,1.989,2.838,3.473,6.222,1.822,2.433,0.8268,0.7015,0.6075,0.5175,1.065,1.088,1.085,1.122,1.053,1.147,1.119,1.162,0.9643,0.9926,1.016,1.029,1.002,1.005,1.536,1.682,1.534,1.701,1.061,1.02,38.34,78.72,89.62,0.7874,0.9341,1.03,11.73,6.428,5.41,46.24,46.98,47.58,72.59
41001,2.866,4.744,,,,,,,0.8745,0.768,0.6801,0.528,1.063,1.147,1.072,1.153,1.228,1.521,1.257,1.591,1.04,1.089,1.069,1.069,0.9969,0.9972,3.156,3.942,3.17,4.22,1.259,1.343,2.757,17.55,25.43,0.07176,0.1086,0.1274,44.3,26.14,22.7,52.3,55.93,55.91,12.39
41003,2.791,5.575,,,,,,,0.6853,0.506,,,1.022,1.114,1.007,1.128,1.147,1.359,1.153,1.354,1.024,1.052,1.158,1.188,1.013,1.018,3.374,4.703,3.426,4.683,1.086,1.098,1.1,6.237,9.766,2.448,2.97,2.983,2.672,0.8138,0.5193,54.12,62.69,64.3,5.428
41005,,,,,,,,,0.7806,0.6297,,,1.037,1.121,1.049,1.134,1.192,1.429,1.22,1.465,1.022,1.045,1.135,1.196,1.02,1.026,3.554,5.015,3.198,4.373,1.074,1.081,0.8079,3.846,5.891,2.531,3.125,3.22,16.56,7.7,6.202,39.1,44.39,46.74,3.168
41007,,,,,,,,,0.6606,0.4615,,,1.053,1.096,1.067,1.118,1.133,1.338,1.123,1.334,1.022,1.047,1.145,1.207,1.026,1.034,,,,,1.043,1.05,0.0339,0.2046,0.3276,7.604,8.731,8.864,2.31,0.8155,0.561,33.11,37.92,39.96,0.2838
41009,,,,,,,,,0.7009,0.5229,,,1.049,1.101,1.06,1.123,1.12,1.332,1.108,1.336,1.025,1.05,1.161,1.22,1.016,1.024,2.925,4.043,3.115,4.46,1.134,1.145,0.8047,3.035,4.49,1.242,1.717,1.697,4.203,1.529,1.033,43.22,50.19,52.75,3.233
41011,,,,,,,,,0.7048,0.5231,,,1.04,1.13,1.028,1.166,1.165,1.35,1.165,1.367,1.018,1.039,1.144,1.169,1.019,1.023,,,,,1.059,1.072,0.02164,0.1401,0.2116,3.236,3.907,3.926,0.5208,0.1683,0.1199,52.96,60.57,61.91,0.2289
41013,3.382,6.321,,,,,,,0.8622,0.7512,0.6716,0.5265,1.049,1.144,1.059,1.197,1.202,1.505,1.242,1.513,1.041,1.093,1.071,1.063,0.9956,0.9955,3.358,4.374,4.006,5.779,,,1.66,12.18,19.52,0.02907,0.04775,0.06542,21.11,11.22,9.86,62.17,66.6,66.08,9.981
41015,,,,,,,,,0.7216,0.5415,,,1.052,1.117,1.069,1.152,1.185,1.351,1.209,1.381,1.019,1.041,1.133,1.136,1.017,1.021,,,,,1.018,1.02,0.1463,0.3781,0.4979,11.78,12.77,12.99,0.8349,0.1887,0.1256,54.38,61.62,61.76,0.8443
41017,,,,,,,,,0.8544,0.7399,0.6704,0.5109,1.063,1.138,1.075,1.199,1.21,1.448,1.23,1.513,1.046,1.097,1.079,1.065,0.9982,0.9977,3.957,5.463,3.926,5.709,1.16,1.172,0.8856,7.148,12.29,0.4716,0.615,0.6167,26.42,13.02,11.11,64.21,69.29,68.38,5.808
41019,2.751,5.452,,,,,,,0.7658,0.6136,,,1.04,1.12,1.029,1.152,1.156,1.336,1.164,1.336,1.021,1.041,1.131,1.146,1.012,1.015,3.388,4.568,3.542,4.821,1.084,1.091,1.206,6.732,10.32,1.733,2.159,2.143,7.488,3.043,2.293,54.42,61.54,62.37,6.043
41021,2.257,3.506,3.342,6.458,,,,,0.7514,0.5784,,,1.049,1.095,1.057,1.097,1.18,1.398,1.393,1.582,1.031,1.064,1.126,1.121,0.997,0.9971,2.379,2.926,2.161,2.694,,,6.853,24.76,34.47,0.01009,0.01836,0.01928,16.33,8.991,7.895,72.67,81.82,81.47,20.05
41023,3.151,5.783,,,,,,,0.8768,0.7759,0.6918,0.5541,1.07,1.162,1.074,1.182,1.243,1.565,1.272,1.621,1.04,1.084,1.073,1.08,0.9945,0.9952,3.842,5.097,4.468,6.514,,,1.622,11.77,18.67,0.01625,0.03052,0.04647,33.75,19.25,16.78,53.05,56.93,57.3,8.02
41025,3.549,6.157,,,,,,,0.8616,0.7468,0.6306,0.4836,1.075,1.167,1.115,1.208,1.194,1.547,1.274,1.661,1.042,1.114,1.071,1.043,0.9944,0.9928,3.351,4.186,3.183,4.217,,,1.984,16.69,25.45,0.01353,0.02267,0.03236,23.96,11.73,9.941,69.02,73.89,72.01,12.81
41027,,,,,,,,,0.8098,0.6711,,,1.041,1.112,1.048,1.136,1.162,1.377,1.193,1.434,1.025,1.054,1.136,1.19,1.012,1.017,3.816,5.671,3.395,4.955,1.063,1.072,0.4581,2.733,4.52,3.275,3.938,4.057,36.71,18.43,15.4,47.26,53.68,56.22,2.192
41029,2.143,3.455,,,,,,,0.8099,0.6681,,,1.032,1.09,1.027,1.126,1.091,1.269,1.083,1.261,1.018,1.035,1.104,1.099,1.006,1.007,2.426,2.98,2.681,3.444,1.097,1.104,5.177,18.53,25.41,0.8813,1.054,1.053,7.762,3.127,2.318,61.61,68.02,67.69,17.12
41031,2.307,3.759,,,,,,,0.8211,0.6827,0.6489,0.483,1.057,1.133,1.079,1.188,1.203,1.425,1.267,1.535,1.039,1.07,1.104,1.107,0.9993,1.001,2.508,3.121,2.834,3.758,1.173,1.188,4.204,16.84,23.7,0.2522,0.3358,0.3527,20.77,10.63,9.01,65.43,72.21,72.43,14.67
41033,1.901,3.04,,,,,,,0.7388,0.5665,,,1.038,1.096,1.022,1.117,1.13,1.294,1.116,1.291,1.021,1.043,1.132,1.138,1.011,1.012,2.36,2.847,2.428,2.99,1.047,1.051,4.846,16.38,21.68,4.08,4.663,4.681,3.702,0.9424,0.618,64.07,72.51,72.91,16.08
41035,,,,,,,,,0.8554,0.7397,0.6535,0.4591,1.054,1.116,1.062,1.163,1.165,1.372,1.197,1.448,1.037,1.064,1.067,1.048,0.9997,0.9984,4.229,5.866,3.96,5.682,1.138,1.155,0.5863,5.753,10.37,0.4318,0.5291,0.5442,22.93,10.47,8.54,64.57,68.92,67.68,5.341
41037,3.836,7.3,,,,,,,0.8547,0.7369,0.6327,0.4631,1.066,1.154,1.102,1.205,1.162,1.468,1.247,1.643,1.036,1.11,1.051,1.032,0.9954,0.9933,3.81,4.896,3.642,4.942,,,1.249,11.87,19.21,0.06625,0.08957,0.1027,20.34,9.908,8.421,69.76,73.28,72,9.244
41039,,,,,,,,,0.7947,0.6571,,,1.05,1.133,1.045,1.163,1.187,1.395,1.192,1.423,1.023,1.042,1.136,1.169,1.016,1.02,3.488,4.919,3.576,5.072,1.072,1.076,0.7112,3.704,5.761,2.559,3.153,3.163,11.54,4.958,3.834,45.83,52.04,53.55,3.656
41041,,,,,,,,,0.6576,0.4585,,,1.022,1.113,1.008,1.134,1.152,1.376,1.167,1.402,1.019,1.047,1.148,1.185,1.025,1.031,,,,,1.075,1.081,0.09463,0.5344,0.859,4.485,5.486,5.529,1.178,0.4138,0.2611,40.01,45.92,47.43,0.53
41043,,,,,,,,,0.7967,0.6583,,,1.041,1.118,1.036,1.133,1.202,1.429,1.203,1.471,1.021,1.039,1.152,1.197,1.016,1.022,3.642,5.161,3.578,5,1.066,1.063,0.8808,5.049,8.032,2.816,3.441,3.484,14,5.922,4.568,42.96,49.48,51.43,4.368
41045,2.369,3.467,4.679,9.161,,,,,0.8562,0.7333,0.6446,0.5011,1.077,1.146,1.102,1.157,1.215,1.512,1.282,1.618,1.04,1.106,1.069,1.042,0.9953,0.9945,2.333,2.73,2.542,3.227,,,7.405,32.55,43.16,0.01541,0.0254,0.03082,24.92,11.94,9.91,69.12,73.87,72.06,26
41047,2.473,4.55,,,,,,,0.7675,0.6152,,,1.031,1.118,1.035,1.134,1.186,1.429,1.22,1.467,1.021,1.044,1.134,1.189,1.016,1.022,3.082,4.212,2.988,3.96,1.082,1.085,1.548,6.528,9.83,1.905,2.382,2.443,10.15,4.313,3.287,44.76,50.75,53.22,5.865
41049,2.34,3.672,3.738,7.161,,,,,0.7978,0.6525,0.6517,0.4875,1.055,1.096,1.046,1.086,1.198,1.429,1.32,1.618,1.032,1.064,1.118,1.132,0.9978,0.9981,2.469,3.086,2.273,2.867,,,6.081,22.09,30.95,0.006481,0.01463,0.0217,20.54,11.59,10.13,65.7,73.45,74.38,17.66
41051,2.568,4.762,,,,,,,0.7077,0.5344,,,1.036,1.116,1.05,1.143,1.159,1.398,1.168,1.412,1.019,1.043,1.141,1.208,1.018,1.023,2.988,4.093,2.713,3.546,1.073,1.071,1.45,6.159,9.145,2.221,2.719,2.783,7.7,3.137,2.356,39.86,45.49,48.16,5.593
41053,2.118,3.625,,,,,,,0.6864,0.497,,,1.015,1.106,1.015,1.102,1.123,1.376,1.144,1.378,1.022,1.054,1.155,1.18,1.014,1.018,2.716,3.59,2.903,3.803,1.062,1.069,2.192,7.814,11.24,4.435,5.188,5.26,3.033,1.121,0.7629,50.66,58.51,59.8,7.304
41055,2.251,3.483,3.324,6.496,,,,,0.7443,0.5713,,,1.059,1.117,1.072,1.125,1.199,1.444,1.316,1.611,1.035,1.083,1.132,1.151,0.9975,0.9982,2.38,2.941,2.271,2.853,,,6.542,24.29,33.54,0.003202,0.01352,0.01611,16.77,9.304,8.098,74.95,84.84,86.24,19.41
41057,,,,,,,,,0.7089,0.5312,,,1.038,1.105,1.051,1.122,1.144,1.365,1.152,1.379,1.022,1.051,1.138,1.171,1.028,1.036,,,,,1.045,1.046,0.05191,0.2055,0.3136,9.285,10.65,10.81,2.841,1.051,0.7356,34.17,38.9,40.01,0.3017
41059,2.285,3.574,3.506,6.628,,,,,0.8091,0.6677,0.661,0.4915,1.067,1.124,1.07,1.128,1.217,1.46,1.26,1.549,1.038,1.068,1.133,1.16,0.9992,1,2.409,2.995,2.318,2.936,1.278,1.365,5.99,20.86,28.94,0.0574,0.09518,0.1087,27,15.37,13.25,56,63.48,64.98,17.07
41061,3.546,6.829,,,,,,,0.8551,0.7367,0.6681,0.4994,1.067,1.158,1.077,1.167,1.238,1.537,1.276,1.659,1.034,1.069,1.107,1.136,1.001,1.002,3.867,5.339,3.913,5.662,1.257,1.345,1.237,9.693,16.07,0.09473,0.1539,0.1728,43.5,26.46,23.21,44.57,49.32,50.65,6.583
41063,3.45,6.601,,,,,,,0.8618,0.7493,0.6881,0.5233,1.063,1.142,1.077,1.19,1.206,1.465,1.237,1.499,1.035,1.069,1.096,1.123,0.9996,1.001,4.138,5.607,4.549,6.679,1.264,1.326,1.289,10.49,17.23,0.06885,0.1128,0.13,47.31,27.92,24.82,42,46.01,47.15,6.72
41065,2.258,3.6,,,,,,,0.7864,0.6307,,,1.056,1.127,1.074,1.145,1.209,1.433,1.307,1.565,1.032,1.069,1.116,1.126,0.9993,1,2.472,3.089,2.488,3.191,1.23,1.268,4.705,17.93,24.98,0.1255,0.1998,0.2123,18.75,9.726,8.38,69.3,77.34,78.03,15
41067,2.253,4.008,,,,,,,0.6969,0.5211,,,1.031,1.102,1.038,1.108,1.118,1.357,1.129,1.373,1.021,1.052,1.145,1.188,1.014,1.018,2.803,3.743,2.646,3.45,1.126,1.136,2.11,8.072,11.91,1.381,1.877,1.88,4.242,1.479,1.014,48.62,55.66,57.78,7.623
41069,2.6,4.326,,,,,,,0.8395,0.7148,0.6584,0.5113,1.049,1.121,1.058,1.14,1.189,1.447,1.226,1.492,1.025,1.065,1.107,1.097,0.9971,0.9975,2.919,3.709,3.137,4.255,,,3.554,18.27,26.69,0.03084,0.0375,0.04869,19.59,11.14,9.888,57.73,63.89,63.34,13.4
41071,2.259,3.92,,,,,,,0.6759,0.4926,,,1.026,1.104,1.042,1.109,1.124,1.362,1.147,1.385,1.024,1.055,1.149,1.181,1.013,1.017,2.786,3.71,2.854,3.748,1.09,1.099,2.21,8.339,12.23,2.596,3.233,3.294,3.085,1.12,0.7743,51.24,58.86,60.51,7.543
42001,3.166,6.736,,,,,2.912,5.529,0.8004,0.6603,,,1.069,1.129,1.061,1.122,1.217,1.405,1.241,1.474,1.066,1.082,0.9973,0.9886,0.9862,0.9866,3.607,4.572,1.791,2.062,1.166,1.182,1.742,12.99,19.5,1.183,1.691,1.871,20.69,8.818,6.453,23.2,23.13,22.93,11.69
42003,,,,,,,3.255,6.812,0.7998,0.6522,0.257,0.1204,1.057,1.105,1.088,1.122,1.174,1.336,1.161,1.329,1.04,1.063,1.01,1.002,0.9902,0.9907,5.427,7.352,1.919,2.238,1.347,1.344,0.3771,8.205,13.62,0.2609,0.4149,0.4137,29.71,15.22,11.91,20.8,21,20.85,6.156
42005,,,,,,,,,0.8384,0.7131,0.4161,0.2756,1.078,1.111,1.109,1.119,1.194,1.332,1.188,1.313,1.049,1.059,1.017,1.01,0.9899,0.9898,5.822,8.052,2.139,2.548,1.302,1.312,0.2229,5.404,8.919,0.4187,0.6289,0.7281,36.35,19.83,15.84,19.83,20.17,20.02,4.32
42007,,,,,,,3.604,8.212,0.8088,0.6662,0.2962,0.166,1.06,1.101,1.084,1.104,1.172,1.351,1.156,1.314,1.043,1.066,0.998,0.9934,0.9894,0.9908,5.835,7.835,1.974,2.305,1.332,1.332,0.2984,6.463,10.46,0.3098,0.5287,0.5157,31.25,15.98,12.57,21.55,21.5,21.41,4.904
42009,,,,,,,,,0.827,0.6963,0.3834,0.2823,1.072,1.136,1.091,1.162,1.189,1.347,1.185,1.333,1.055,1.072,1,0.9877,0.9882,0.9877,5.413,7.534,2.12,2.531,1.275,1.284,0.3703,5.766,9.277,0.5733,0.8437,0.8792,31.32,16.29,12.74,22.58,22.59,22.3,4.645
42011,3.991,9.557,,,,,3.788,8.309,0.8078,0.6671,0.4184,0.331,1.059,1.119,1.045,1.109,1.168,1.368,1.149,1.394,1.052,1.084,1.001,0.9994,0.9878,0.9873,4.268,5.699,1.873,2.197,1.198,1.209,1.004,8.828,13.86,1.253,1.798,1.975,23.45,10.07,7.16,22.5,22.51,22.48,7.709
42013,,,,,,,,,0.8255,0.6969,0.3812,0.2678,1.087,1.146,1.145,1.185,1.21,1.371,1.203,1.356,1.056,1.071,0.9968,0.9822,0.9898,0.989,6.925,9.8,2.293,2.754,1.26,1.283,0.2003,4.93,8.078,0.6036,0.9192,0.9637,38.69,21.36,17.33,21.36,21.3,20.98,3.089
42015,,,,,,,,,0.8408,0.7208,0.3228,0.1719,1.087,1.122,1.126,1.118,1.195,1.347,1.217,1.37,1.056,1.077,0.9659,0.9759,0.9885,0.9907,6.447,9.206,2.412,2.975,1.237,1.272,0.224,3.595,6.006,0.5167,0.9062,0.9486,46.97,25.38,19.91,23.19,22.4,22.63,2.574
42017,2.884,6.297,,,,,2.667,5.067,0.7917,0.6439,,,1.091,1.137,1.115,1.151,1.239,1.407,1.237,1.43,1.062,1.094,0.9998,0.9927,0.9879,0.9862,3.159,3.979,1.714,1.98,1.194,1.223,2.001,12.06,17.75,1.571,2.115,2.391,18.46,6.673,4.63,22.66,22.65,22.49,12.68
42019,,,,,,,,,0.8364,0.7067,0.38,0.2422,1.068,1.11,1.069,1.098,1.194,1.34,1.214,1.337,1.042,1.061,1.013,1.002,0.9891,0.9898,6.412,8.831,2.195,2.618,1.314,1.309,0.2704,6.34,10.64,0.2861,0.4936,0.5295,35.57,19.44,15.43,19.69,19.96,19.74,4.389
42021,,,,,,,,,0.8423,0.7234,0.3938,0.2617,1.085,1.136,1.13,1.162,1.202,1.344,1.201,1.333,1.043,1.054,1.017,1.006,0.9915,0.9924,,,2.469,3.048,1.294,1.288,0.09434,2.711,5.007,0.5139,0.7948,0.846,42.3,24.58,20.49,19.05,19.38,19.16,1.687
42023,,,,,,,,,0.8591,0.7507,0.4393,0.289,1.082,1.159,1.082,1.209,1.252,1.359,1.322,1.4,1.058,1.067,0.9912,0.9989,0.9906,0.9918,,,2.879,3.584,1.248,1.275,0.06222,2.119,4.056,0.6569,0.9743,1.058,48.96,31.53,26.31,20.16,19.98,20.14,1.17
42025,,,,,,,,,0.8382,0.7142,0.2954,0.1579,1.052,1.122,1.051,1.111,1.164,1.407,1.154,1.397,1.058,1.1,0.9936,0.9878,0.9873,0.9892,6.364,9.144,2.311,2.8,1.217,1.228,0.2661,4.1,6.743,1.719,2.516,2.737,39.02,19.61,15.52,21.36,21.22,21.1,2.936
42027,,,,,,,,,0.8346,0.7127,0.3646,0.2486,1.092,1.164,1.158,1.216,1.22,1.39,1.224,1.367,1.055,1.075,0.9953,0.9933,0.99,0.9902,6.288,8.989,2.238,2.703,1.243,1.259,0.1908,3.934,6.523,0.7328,1.166,1.259,41.69,23.4,19.02,21.1,21,20.96,2.946
42029,3.351,7.603,,,,,2.985,5.709,0.7891,0.6373,,,1.079,1.135,1.092,1.147,1.181,1.361,1.165,1.381,1.059,1.081,0.9875,0.9914,0.9857,0.9837,3.617,4.662,1.755,2.025,1.176,1.204,1.427,11.23,16.87,1.412,1.928,2.046,18.43,6.982,4.669,22.4,22.12,22.2,10.67
42031,,,,,,,,,0.8509,0.7336,0.4195,0.2751,1.08,1.122,1.075,1.127,1.213,1.331,1.234,1.309,1.051,1.062,1.001,1.001,0.9905,0.9909,6.662,9.357,2.418,2.966,1.306,1.323,0.2028,4.11,7.077,0.4679,0.7442,0.8411,43.36,25.56,21.17,19.12,19.14,19.13,2.973
42033,,,,,,,,,0.8428,0.7247,0.3911,0.2515,1.073,1.129,1.091,1.16,1.22,1.338,1.258,1.348,1.047,1.055,0.9968,0.994,0.9891,0.9903,,,2.616,3.225,1.275,1.295,0.07649,2.289,4.179,0.5113,0.7749,0.8327,45.97,26.71,21.9,19.63,19.57,19.52,1.293
42035,,,,,,,,,0.8534,0.7412,0.4119,0.2765,1.091,1.162,1.124,1.205,1.243,1.407,1.268,1.413,1.058,1.075,0.9877,0.9842,0.9901,0.9917,5.492,7.61,2.323,2.819,1.245,1.265,0.3121,4.19,6.741,0.7237,1.174,1.243,43.01,26.23,21.68,21.23,20.97,20.89,3.494
42037,,,,,,,,,0.8245,0.6887,0.3067,0.1884,1.069,1.133,1.094,1.126,1.181,1.379,1.184,1.379,1.06,1.085,0.9958,0.9981,0.9876,0.9897,5.168,7.278,2.118,2.546,1.246,1.286,0.4171,5.68,9.134,0.8596,1.277,1.36,36.11,17.99,13.7,21.2,21.11,21.16,4.447
42039,,,,,,,,,0.8346,0.7069,0.3478,0.2006,1.069,1.112,1.056,1.106,1.202,1.319,1.231,1.313,1.042,1.063,1.021,1.013,0.9897,0.9924,,,2.396,2.956,1.275,1.311,0.0559,2.346,4.684,0.4938,0.7156,0.8918,49.66,28.52,23.24,18.21,18.59,18.44,1.356
42041,3.065,6.317,,,,,2.979,5.477,0.7761,0.6214,,,1.07,1.127,1.08,1.127,1.207,1.387,1.222,1.421,1.057,1.078,1.012,0.9951,0.9861,0.9851,3.774,4.769,1.877,2.159,1.2,1.231,1.77,15.17,21.9,0.8833,1.273,1.402,23.05,8.6,5.758,22.47,22.75,22.36,11.59
42043,3.262,7.149,,,,,2.912,5.475,0.7916,0.6419,0.3635,0.2808,1.085,1.145,1.118,1.146,1.197,1.41,1.176,1.445,1.057,1.087,0.9974,0.9946,0.987,0.9871,4.242,5.528,1.918,2.231,1.203,1.225,1.222,11.52,17.21,0.9993,1.507,1.659,25.57,10.25,6.939,21.38,21.32,21.26,8.679
42045,2.93,6.072,,,,,2.019,3.002,0.7257,0.547,,,1.085,1.141,1.101,1.154,1.208,1.386,1.21,1.446,1.063,1.086,0.9915,0.9893,0.9889,0.9862,3.458,4.301,1.692,1.923,1.174,1.211,2.004,16.1,23.39,1.498,2.035,2.174,16.45,5.47,3.468,23.02,22.82,22.77,13.48
42047,,,,,,,,,0.8591,0.7491,0.4519,0.2862,1.079,1.136,1.061,1.158,1.249,1.358,1.296,1.387,1.055,1.065,0.9887,0.9979,0.9896,0.9911,,,3.204,4.075,1.297,1.332,0.03181,1.561,3.106,0.4967,0.8076,0.8704,52.78,33.17,27.47,19.22,19.01,19.18,0.7309
42049,,,,,,,2.513,5.194,0.797,0.6455,0.02749,0,1.07,1.126,1.057,1.14,1.197,1.327,1.219,1.347,1.037,1.054,1.032,1.024,0.9922,0.9967,,,2.193,2.618,1.229,1.289,0.03698,1.768,3.375,0.3217,0.4601,0.5748,48.3,26.67,21.11,17.71,18.26,18.13,1.174
42051,,,,,,,3.76,9.3,0.8301,0.706,0.425,0.295,1.047,1.104,1.04,1.124,1.159,1.342,1.17,1.336,1.041,1.064,1.011,1.024,0.9903,0.9896,7.579,10.79,2.178,2.597,1.288,1.299,0.164,4.705,8.185,0.4626,0.7674,0.834,32.35,18.36,15.29,19.29,19.49,19.74,3.088
42053,,,,,,,,,0.8582,0.7458,0.4481,0.2923,1.097,1.134,1.096,1.149,1.242,1.337,1.27,1.349,1.056,1.066,0.9978,1.003,0.9889,0.9901,,,2.859,3.563,1.265,1.297,0.03075,2.211,4.562,0.5423,0.8787,1.005,50.31,31.67,26.6,18.8,18.75,18.85,0.9991
42055,3.264,6.772,,,,,3.114,6.151,0.7974,0.6511,0.3925,0.3095,1.065,1.118,1.079,1.141,1.197,1.368,1.208,1.378,1.055,1.074,1.009,1.002,0.9877,0.986,4.087,5.197,1.956,2.263,1.191,1.231,1.351,13.9,20.08,0.7889,1.088,1.15,23.61,9.512,6.552,22.56,22.76,22.61,10.19
42057,4.487,10.32,,,,,,,0.825,0.6932,0.431,0.3445,1.071,1.138,1.097,1.163,1.197,1.373,1.2,1.379,1.058,1.076,1.006,0.9912,0.9865,0.9849,4.6,6.151,2.039,2.399,1.242,1.281,0.6995,8.417,12.66,0.6082,0.8565,0.9017,25.99,12.57,9.373,22.36,22.49,22.16,6.8
42059,,,,,,,,,0.8312,0.7065,0.4254,0.2982,1.051,1.111,1.063,1.137,1.186,1.381,1.183,1.399,1.042,1.073,1.012,1.013,0.9902,0.9891,6.139,8.492,2.075,2.451,1.366,1.372,0.2955,6.912,11.36,0.3737,0.6698,0.6841,28.38,14.89,12.01,20.55,20.8,20.81,4.959
42061,,,,,,,4.043,9.962,0.8171,0.6827,0.387,0.2935,1.088,1.151,1.164,1.184,1.217,1.403,1.208,1.39,1.065,1.082,1.003,0.9869,0.9889,0.9877,4.545,6.236,2.016,2.392,1.283,1.318,0.6092,7.779,11.99,0.6109,0.9147,0.9851,30.22,15.33,11.99,22.66,22.73,22.36,6.271
42063,,,,,,,,,0.8266,0.6967,0.3536,0.2188,1.084,1.132,1.125,1.166,1.193,1.357,1.182,1.343,1.047,1.061,1.006,1.003,0.9912,0.9915,8.593,12.31,2.288,2.743,1.321,1.322,0.1032,3.709,6.349,0.5542,0.8321,0.913,37.45,20.92,16.96,18.89,18.99,18.95,2.31
42065,,,,,,,,,0.843,0.7198,0.3842,0.2314,1.081,1.106,1.074,1.111,1.221,1.329,1.245,1.337,1.044,1.054,0.9957,0.9965,0.9886,0.9895,,,2.66,3.281,1.3,1.305,0.07988,2.46,4.378,0.3696,0.5695,0.6484,45.84,26.8,21.89,18.59,18.51,18.52,1.274
42067,4.126,9.586,,,,,4.975,11.41,0.8221,0.6892,0.4147,0.3279,1.081,1.136,1.133,1.147,1.201,1.406,1.18,1.392,1.063,1.083,1.019,0.9997,0.9871,0.9871,4.127,5.541,1.972,2.329,1.258,1.308,0.9538,9.808,15.07,0.7792,1.192,1.336,26.97,13.57,10.28,21.55,21.95,21.54,8.125
42069,,,,,,,,,0.8289,0.7021,0.2339,0.06891,1.065,1.13,1.091,1.129,1.14,1.35,1.149,1.347,1.049,1.073,1,0.9932,0.9882,0.9906,,,2.418,2.995,1.201,1.247,0.08802,2.601,4.679,0.7855,1.216,1.319,48.23,24.98,19.54,20.09,20.1,19.96,1.726
42071,3.388,7.541,,,,,3.035,5.664,0.775,0.6149,,,1.071,1.132,1.091,1.152,1.169,1.369,1.17,1.407,1.056,1.082,0.9913,0.9877,0.9867,0.9849,4.15,5.389,1.832,2.119,1.2,1.222,1.28,12,18.07,1.101,1.544,1.626,19.83,6.84,4.367,22.71,22.52,22.44,9.664
42073,,,,,,,,,0.8252,0.6899,0.3379,0.2096,1.076,1.124,1.095,1.143,1.195,1.379,1.201,1.367,1.042,1.068,1.015,0.998,0.9893,0.9916,5.683,7.489,2.141,2.532,1.335,1.335,0.3947,8.84,14.2,0.3005,0.5062,0.5361,34.07,17.95,13.93,20.79,21.09,20.75,5.995
42075,3.533,7.979,,,,,3.51,7.178,0.7892,0.6372,,,1.083,1.145,1.119,1.178,1.201,1.435,1.192,1.486,1.059,1.095,0.9895,0.9816,0.9878,0.9871,4.391,5.746,1.954,2.295,1.176,1.197,1.11,11.59,17.69,1.175,1.667,1.869,23.52,8.841,5.875,22.06,21.83,21.65,8.453
42077,3.932,9.056,,,,,3.358,7.185,0.8022,0.6592,0.2916,0.1981,1.066,1.119,1.068,1.115,1.182,1.375,1.171,1.406,1.053,1.084,1.006,1.005,0.9871,0.987,4.434,5.754,1.943,2.279,1.212,1.23,1.01,10.38,15.98,1.191,1.755,1.933,25.13,9.978,7.053,21.86,22,21.97,7.972
42079,,,,,,,,,0.8216,0.6873,0.227,0.08336,1.061,1.117,1.078,1.104,1.158,1.361,1.169,1.352,1.057,1.084,0.9896,0.9912,0.9879,0.9906,6.801,9.809,2.281,2.753,1.222,1.249,0.1978,4.047,6.704,1.08,1.59,1.702,41.8,20.74,16.18,21.25,21.03,21.06,2.691
42081,,,,,,,,,0.8405,0.7184,0.3429,0.1964,1.071,1.146,1.091,1.161,1.213,1.415,1.239,1.432,1.05,1.073,0.9929,0.9976,0.9886,0.9905,5.581,7.881,2.263,2.758,1.252,1.284,0.319,3.934,6.426,0.6777,1.054,1.09,43.3,23.18,18.01,21.01,20.86,20.96,3.104
42083,,,,,,,,,0.8535,0.7409,0.3933,0.2167,1.08,1.136,1.07,1.163,1.241,1.328,1.278,1.361,1.052,1.064,0.9945,0.9987,0.9878,0.9897,,,3.223,4.196,1.245,1.292,0.003869,0.8273,1.911,0.4416,0.6883,0.7413,59.25,36.19,30.33,17.78,17.69,17.76,0.357
42085,,,,,,,,,0.8275,0.6952,0.3061,0.1614,1.064,1.099,1.056,1.094,1.19,1.308,1.229,1.318,1.04,1.059,1.014,1.005,0.9896,0.9915,6.742,9.193,2.294,2.746,1.277,1.306,0.2858,6.365,10.5,0.3479,0.4997,0.5727,39.13,20.78,16.23,19.81,20.08,19.91,4.025
42087,,,,,,,,,0.8305,0.7033,0.3873,0.29,1.096,1.154,1.164,1.175,1.225,1.416,1.207,1.403,1.065,1.085,1.01,0.994,0.9882,0.9875,4.448,6.106,2.042,2.437,1.257,1.296,0.6268,8.013,12.6,0.7841,1.209,1.349,31.24,16.92,13.53,22.13,22.36,22,6.547
42089,,,,,,,,,0.8392,0.7177,0.3057,0.1491,1.065,1.141,1.085,1.161,1.174,1.382,1.167,1.398,1.061,1.095,0.9894,0.9927,0.9881,0.9896,4.984,7.088,2.228,2.738,1.186,1.205,0.4491,4.444,7.294,1.847,2.541,2.859,38.8,19.21,14.95,21.13,20.9,20.98,3.882
42091,3.102,6.741,,,,,2.86,5.266,0.7876,0.6389,,,1.093,1.138,1.117,1.148,1.205,1.373,1.179,1.389,1.055,1.083,0.9845,0.9926,0.9874,0.9858,3.399,4.327,1.764,2.043,1.177,1.198,1.949,13.71,20.54,1.476,1.991,2.183,18.23,6.711,4.657,22.91,22.55,22.74,12.62
42093,,,,,,,3.635,8.538,0.8136,0.6739,0.3198,0.2168,1.071,1.142,1.109,1.156,1.206,1.412,1.205,1.402,1.062,1.086,1.004,1.011,0.9877,0.9893,4.62,6.318,2.027,2.407,1.245,1.296,0.7035,7.973,12.25,0.8763,1.236,1.346,31.06,14.31,10.3,21.82,21.9,22.06,6.292
42095,3.533,8.181,,,,,3.068,6.678,0.8123,0.672,0.2038,0.08971,1.083,1.139,1.105,1.167,1.202,1.391,1.181,1.417,1.058,1.096,0.992,0.9965,0.986,0.9853,3.991,5.285,1.901,2.241,1.225,1.244,1.121,9.08,13.86,1.182,1.693,1.938,24.33,10.07,7.202,21.48,21.31,21.4,8.019
42097,3.649,8.569,,,,,3.656,8.466,0.8184,0.6827,0.3679,0.2692,1.074,1.137,1.104,1.15,1.203,1.409,1.193,1.409,1.06,1.085,0.9953,1.007,0.9874,0.9896,4.449,6.061,2.015,2.389,1.24,1.293,0.8597,8.304,12.57,0.8839,1.344,1.449,30.46,14.35,10.59,21.58,21.48,21.73,6.671
42099,3.776,8.578,,,,,4.144,8.761,0.8098,0.6701,0.4288,0.3511,1.069,1.125,1.101,1.125,1.187,1.393,1.182,1.413,1.059,1.081,1.019,1.004,0.9865,0.9864,4.224,5.599,1.95,2.28,1.227,1.274,1.098,10.62,16.12,0.9043,1.373,1.504,25.89,11.74,8.425,21.83,22.26,21.92,8.287
42101,2.497,4.879,,,,,1.944,2.873,0.7214,0.5423,,,1.086,1.129,1.1,1.121,1.226,1.379,1.267,1.464,1.063,1.087,0.9838,0.9916,0.9888,0.9861,2.959,3.558,1.641,1.852,1.168,1.223,3.277,19.04,26.58,1.471,2.012,2.191,14.23,3.885,2.418,22.96,22.59,22.77,17.96
42103,,,,,,,,,0.8518,0.7388,0.3392,0.1688,1.051,1.14,1.093,1.195,1.148,1.358,1.144,1.375,1.055,1.093,0.9968,0.9978,0.9891,0.9904,6.095,9.003,2.347,2.924,1.196,1.222,0.2564,3.261,5.464,1.196,1.795,1.979,41.37,21.39,16.76,21.23,21.16,21.19,2.55
42105,,,,,,,,,0.8582,0.748,0.3777,0.2137,1.089,1.148,1.081,1.183,1.247,1.337,1.289,1.366,1.056,1.066,0.9833,0.9918,0.9888,0.9911,,,2.97,3.797,1.244,1.282,0.02804,1.005,2.178,0.5513,0.8767,0.9819,56.88,35.45,28.82,19.86,19.53,19.69,0.6059
42107,,,,,,,,,0.834,0.7078,0.3501,0.2394,1.063,1.124,1.059,1.107,1.186,1.415,1.186,1.434,1.058,1.095,0.9968,0.9935,0.9882,0.9894,5.333,7.548,2.107,2.539,1.194,1.204,0.443,5.142,8.453,1.568,2.333,2.561,32.6,15.84,12.15,21.46,21.39,21.32,4.176
42109,3.574,8.153,,,,,4.046,9.326,0.8242,0.6925,0.4141,0.3238,1.072,1.134,1.115,1.161,1.191,1.39,1.167,1.382,1.055,1.081,0.9985,1.001,0.9874,0.9898,3.927,5.245,1.936,2.285,1.233,1.284,1.014,9.011,13.43,0.9153,1.388,1.489,28.38,13.57,10.04,21.55,21.52,21.57,8.129
42111,,,,,,,,,0.85,0.7369,0.3912,0.2513,1.058,1.121,1.072,1.157,1.172,1.335,1.177,1.34,1.042,1.056,1.003,1.005,0.9901,0.9897,,,2.654,3.255,1.274,1.282,0.04591,2.15,3.871,0.5376,0.8218,0.8947,42.11,25.48,21.58,19.33,19.38,19.43,1.176
42113,,,,,,,,,0.8482,0.7288,0.2958,0.1289,1.093,1.143,1.136,1.163,1.192,1.381,1.22,1.405,1.059,1.084,0.9786,0.9806,0.9882,0.9906,,,2.495,3.14,1.226,1.253,0.02093,1.04,2.098,0.9002,1.396,1.465,55.44,32.65,26.77,21.33,20.87,20.92,0.735
42115,,,,,,,,,0.8474,0.7327,0.3559,0.1918,1.076,1.108,1.114,1.091,1.158,1.309,1.164,1.31,1.05,1.071,0.9852,0.9809,0.9881,0.9901,,,2.483,3.106,1.189,1.219,0.03258,1.573,3.213,0.6799,1.067,1.11,54.27,32.58,26.79,20.31,20.01,19.92,1.048
42117,,,,,,,,,0.8576,0.7474,0.3627,0.197,1.092,1.139,1.092,1.153,1.24,1.361,1.261,1.382,1.06,1.076,0.9758,0.9821,0.9889,0.9918,,,2.688,3.364,1.274,1.306,0.06198,1.684,3.253,0.6166,0.9899,1.074,54.46,32.68,26.53,22.56,22.01,22.15,1.13
42119,3.517,8.025,,,,,3.656,8.708,0.8237,0.6923,0.3582,0.2501,1.072,1.142,1.113,1.166,1.202,1.404,1.193,1.392,1.053,1.078,1.005,1.006,0.988,0.9899,4.004,5.346,1.983,2.354,1.232,1.268,0.9424,8.439,12.65,0.9342,1.353,1.447,30.85,13.71,9.947,20.95,21.06,21.07,7.555
42121,,,,,,,,,0.8485,0.7315,0.3912,0.2445,1.074,1.124,1.077,1.138,1.211,1.322,1.235,1.326,1.048,1.065,1.011,1.005,0.9901,0.9909,9.936,14.38,2.543,3.108,1.284,1.287,0.08896,3.686,6.928,0.4257,0.6459,0.7703,45.16,27.01,22.46,18.93,19.13,19.03,2.026
42123,,,,,,,,,0.8427,0.7198,0.3401,0.1747,1.092,1.136,1.095,1.153,1.23,1.336,1.247,1.335,1.049,1.064,0.9972,1.006,0.9878,0.9898,,,2.689,3.375,1.267,1.289,0.05493,2.232,4.478,0.5067,0.7536,0.8646,53.25,32.01,26.61,17.95,17.9,18.06,1.223
42125,,,,,,,4.057,9.851,0.8187,0.688,0.395,0.2689,1.05,1.112,1.07,1.151,1.173,1.356,1.164,1.364,1.041,1.07,1.012,1,0.9899,0.9902,5.713,7.915,1.993,2.358,1.368,1.361,0.3547,7,11.8,0.3066,0.5141,0.5109,30.72,16.37,13.36,21.11,21.36,21.12,5.287
42127,,,,,,,,,0.8502,0.7383,0.3588,0.1779,1.059,1.127,1.084,1.14,1.143,1.326,1.135,1.329,1.052,1.079,0.9953,0.9832,0.9891,0.9917,,,2.656,3.367,1.182,1.194,0.02592,1.451,2.937,0.9922,1.495,1.625,51.86,29.32,23.81,20.76,20.66,20.41,0.8925
42129,,,,,,,3.988,9.633,0.8155,0.6798,0.4011,0.282,1.064,1.123,1.098,1.157,1.175,1.365,1.164,1.346,1.04,1.059,1.01,1.005,0.9901,0.9915,6.417,8.993,2.095,2.48,1.288,1.288,0.2229,5.916,10.02,0.4069,0.6416,0.7031,32.5,16.69,13.05,19.07,19.25,19.17,4.238
42131,,,,,,,,,0.8272,0.6966,0.232,0.08219,1.088,1.139,1.134,1.129,1.175,1.374,1.184,1.365,1.054,1.078,0.99,0.9904,0.9879,0.99,7.207,10.57,2.289,2.803,1.232,1.273,0.1257,2.975,5.211,0.6116,0.9899,1.046,46.23,24.46,19.13,20.39,20.19,20.2,2.069
42133,3.157,6.696,,,,,2.821,5.143,0.7777,0.6234,,,1.073,1.138,1.084,1.161,1.178,1.377,1.211,1.47,1.057,1.079,1.004,0.9863,0.9872,0.9855,3.918,4.942,1.842,2.121,1.211,1.233,1.576,14.81,21.98,1.041,1.461,1.601,19,6.326,4.082,22.83,22.91,22.51,11.8
44001,,,,,,,2.243,3.794,0.7429,0.57,,,1.07,1.139,1.063,1.081,1.233,1.486,1.176,1.479,1.054,1.075,1.033,1.04,0.9965,0.996,3.974,5.374,1.79,2.075,1.161,1.19,0.6605,4.675,7.048,1.731,2.504,2.636,20.64,7.221,4.666,22.18,22.91,23.08,5.071
44003,,,,,,,2.376,4.259,0.7858,0.6341,,,1.063,1.141,1.044,1.095,1.21,1.462,1.185,1.455,1.062,1.092,1.022,1.032,0.9954,0.9943,4.442,6.225,1.917,2.248,1.176,1.193,0.3922,3.59,5.553,1.766,2.548,2.675,24.1,9.264,6.048,22.29,22.78,23.02,3.743
44005,,,,,,,2.453,4.251,0.7534,0.5864,,,1.058,1.116,1.061,1.086,1.196,1.435,1.161,1.464,1.053,1.078,1.046,1.049,0.9982,0.9976,5.15,7.255,1.918,2.243,1.171,1.193,0.2579,2.658,4.444,1.733,2.503,2.626,17.72,6.204,4.194,22.66,23.7,23.77,2.681
44007,,,,,,,2.709,5.106,0.8037,0.6623,0.243,0.1126,1.065,1.148,1.036,1.107,1.212,1.474,1.185,1.463,1.065,1.097,1.018,1.031,0.9939,0.9937,4.227,5.964,1.963,2.313,1.176,1.197,0.459,4.406,6.764,1.593,2.304,2.472,27.55,11.39,7.813,21.62,22.02,22.29,4.396
44009,,,,,,,2.403,4.238,0.7818,0.6266,,,1.064,1.126,1.052,1.083,1.192,1.443,1.178,1.477,1.059,1.091,1.024,1.033,0.9956,0.995,5.739,8.255,2.027,2.382,1.172,1.189,0.1824,2.123,3.572,1.708,2.476,2.587,18.63,6.954,4.603,22.73,23.28,23.47,2.15
45001,2.043,3.137,3.466,6.893,,,1.966,2.72,0.742,0.5988,,,1.09,1.117,1.1,1.08,1.271,1.416,1.292,1.431,1.053,1.071,0.9716,0.9808,0.9862,0.9852,1.878,2.125,1.417,1.567,1.162,1.157,11.83,37.83,48.83,1.492,2.228,2.237,0.6684,0.1403,0.06898,26.47,25.72,25.97,47.38
45003,1.87,2.717,3.004,5.645,,,1.723,2.275,0.6993,0.5456,,,1.051,1.095,1.034,1.063,1.203,1.41,1.28,1.534,1.047,1.081,0.969,0.966,0.9834,0.9792,1.731,1.922,1.431,1.563,1.183,1.191,17.51,53.14,64.75,1.176,1.758,1.735,0.3354,0.07537,0.04665,26.78,25.95,25.87,62.43
45005,1.916,2.821,3.119,6.024,,,1.616,2.063,0.693,0.5231,,,1.056,1.075,1.063,1.018,1.168,1.329,1.22,1.43,1.051,1.073,0.9755,0.9605,0.9852,0.9802,1.75,1.928,1.416,1.54,1.155,1.163,16.01,54.84,67.2,1.476,2.082,2.102,0.1988,0.06058,0.04377,26.71,26.06,25.66,64.82
45007,2.116,3.359,3.62,7.774,,,2.019,2.797,0.7168,0.5625,,,1.095,1.116,1.124,1.1,1.3,1.421,1.316,1.448,1.055,1.068,0.9709,0.9926,0.983,0.9825,2.059,2.368,1.474,1.634,1.153,1.144,9.561,36.15,47.3,1.561,2.281,2.295,0.4808,0.1047,0.04696,25.04,24.31,24.85,41.75
45009,1.977,2.95,3.318,6.615,,,1.589,2.015,0.661,0.4887,,,1.055,1.067,1.072,1.034,1.116,1.276,1.162,1.394,1.055,1.086,0.9723,0.957,0.9827,0.9768,1.804,2.003,1.434,1.557,1.15,1.172,14.34,50.3,61.77,1.655,2.224,2.274,0.2333,0.06198,0.04267,26.97,26.22,25.81,59.5
45011,1.93,2.85,3.246,6.259,,,1.701,2.224,0.684,0.5203,,,1.049,1.079,1.051,1.031,1.16,1.367,1.253,1.483,1.049,1.08,0.9712,0.964,0.9815,0.9773,1.776,1.973,1.433,1.564,1.186,1.209,15.58,52.71,64.82,1.093,1.553,1.597,0.252,0.06805,0.05026,26.34,25.58,25.39,61.95
45013,2.224,3.674,,,,,1.336,1.587,0.6789,0.5239,,,1.016,1.053,1.037,1.068,1.059,1.159,1.136,1.22,1.042,1.05,0.953,0.9599,0.9883,0.987,2.026,2.287,1.365,1.47,1.108,1.116,8.654,33.4,43.75,2.223,2.83,2.778,0.073,0.02074,0.01543,28.51,27.17,27.37,45.81
45015,2.571,4.359,,,,,1.391,1.681,0.6475,0.4844,,,1.03,1.055,1.046,1.031,1.1,1.238,1.182,1.321,1.051,1.068,0.9656,0.9683,0.9849,0.9816,2,2.287,1.375,1.493,1.147,1.17,6.998,30.29,41.41,1.467,2.01,1.994,0.1761,0.04892,0.02754,25.6,24.72,24.79,44.51
45017,1.99,2.977,3.059,6.093,,,1.58,1.999,0.6498,0.4815,,,1.046,1.082,1.047,1.042,1.147,1.323,1.218,1.442,1.05,1.08,0.9694,0.9756,0.983,0.9779,1.766,1.961,1.44,1.573,1.176,1.189,15.2,51.95,64.36,1.329,1.913,1.991,0.2772,0.05065,0.03744,26.41,25.6,25.77,61.61
45019,3.008,5.607,,,,,1.255,1.443,0.5994,0.4204,,,1.016,1.054,1.043,1.035,1.069,1.182,1.114,1.263,1.046,1.056,0.9642,0.9762,0.9863,0.9851,2.444,2.846,1.363,1.469,1.131,1.149,3.933,20.97,30.12,2.007,2.562,2.572,0.08327,0.01676,0.01353,26.76,25.8,26.12,31.48
45021,2.42,4.135,,,,,2.968,4.778,0.7939,0.6608,,,1.097,1.094,1.1,1.056,1.275,1.348,1.34,1.418,1.05,1.063,1.005,1.019,0.9872,0.984,2.361,2.721,1.542,1.726,1.184,1.161,6.832,30.75,41.43,1.592,2.393,2.437,0.8253,0.1936,0.1278,24.49,24.62,24.96,33.89
45023,2.114,3.336,3.584,7.501,,,1.9,2.602,0.7421,0.5836,,,1.084,1.083,1.056,1.035,1.272,1.354,1.324,1.433,1.051,1.065,0.99,0.996,0.9857,0.984,2.028,2.294,1.463,1.617,1.203,1.17,10.61,38.79,50.07,1.404,2.178,2.25,0.7333,0.2161,0.1072,26.16,25.9,26.06,44.67
45025,2.221,3.59,3.706,8.045,,,1.747,2.315,0.7089,0.5558,,,1.078,1.057,1.069,1.042,1.237,1.303,1.292,1.344,1.054,1.07,0.9881,1.006,0.9836,0.9804,2.031,2.314,1.457,1.61,1.19,1.2,9.578,37.78,49.67,1.255,1.804,1.982,0.7856,0.1939,0.1161,24.74,24.45,24.89,44.69
45027,2.001,3.051,2.944,6.022,,,1.625,2.1,0.6927,0.5302,,,1.027,1.067,1.018,1.023,1.143,1.308,1.299,1.453,1.048,1.075,0.987,0.9918,0.9849,0.9801,1.663,1.853,1.386,1.512,1.159,1.176,14.12,45.74,57.91,1.45,2.066,2.145,0.3096,0.1011,0.0545,25.22,24.89,25.01,62.27
45029,2.107,3.314,3.894,8.636,,,1.508,1.882,0.6783,0.5185,,,1.03,1.056,1.032,1.04,1.122,1.225,1.206,1.32,1.053,1.063,0.9637,0.9505,0.9854,0.9812,1.824,2.031,1.39,1.501,1.128,1.152,11.45,41.51,52.9,1.647,2.236,2.232,0.1084,0.03208,0.02175,26.67,25.7,25.35,55.74
45031,2.189,3.449,3.585,7.692,,,1.589,2.016,0.6879,0.5227,,,1.06,1.067,1.056,1.051,1.189,1.269,1.251,1.344,1.057,1.073,0.9855,0.9997,0.9835,0.9803,1.916,2.15,1.432,1.571,1.168,1.178,10.62,41.54,53.93,1.366,1.871,2.027,0.4964,0.1149,0.06847,25.18,24.81,25.17,50.78
45033,2.198,3.509,3.572,7.838,,,1.613,2.056,0.7011,0.5422,,,1.04,1.055,1.049,1.053,1.143,1.251,1.223,1.289,1.05,1.075,0.9775,0.9873,0.9837,0.9812,1.901,2.138,1.433,1.58,1.157,1.178,10.68,41.59,54.83,1.505,2.047,2.142,0.6112,0.1671,0.08477,25.34,24.77,25.02,51.35
45035,2.29,3.703,,,,,1.439,1.754,0.653,0.488,,,1.042,1.063,1.061,1.058,1.11,1.234,1.213,1.331,1.057,1.073,0.9712,0.9643,0.9853,0.9812,1.944,2.189,1.4,1.516,1.142,1.171,9.326,37.14,48.27,1.536,2.043,2.056,0.1342,0.03649,0.02235,25.8,25.06,24.88,49.64
45037,1.851,2.679,2.767,5.119,,,1.953,2.714,0.7418,0.5979,,,1.054,1.089,1.027,1.04,1.221,1.395,1.254,1.456,1.049,1.078,0.9563,0.949,0.984,0.9813,1.682,1.857,1.419,1.552,1.141,1.141,17.21,51.25,62.21,1.923,2.695,2.626,0.6509,0.1672,0.1012,27.51,26.31,26.11,61.27
45039,2.082,3.171,3.412,6.981,,,1.769,2.345,0.7323,0.578,,,1.076,1.095,1.054,1.055,1.223,1.346,1.261,1.416,1.056,1.068,0.9707,0.9802,0.9845,0.9823,1.882,2.107,1.441,1.584,1.199,1.172,12.08,43.99,55.39,1.281,1.933,1.983,0.6149,0.1785,0.09347,26.59,25.81,26.06,50.7
45041,2.156,3.372,3.866,8.663,,,1.516,1.884,0.6643,0.4933,,,1.042,1.068,1.057,1.047,1.154,1.269,1.217,1.356,1.051,1.075,0.9741,0.9793,0.9837,0.9807,1.884,2.111,1.429,1.566,1.172,1.173,11.49,43.87,57.16,1.372,1.883,1.96,0.3783,0.08341,0.05181,25.39,24.73,24.86,53.75
45043,2.541,4.408,,,,,1.382,1.667,0.6417,0.4743,,,1.015,1.056,1.009,1.038,1.056,1.192,1.108,1.256,1.043,1.061,0.9624,0.9832,0.9857,0.9848,2.205,2.532,1.399,1.518,1.153,1.168,5.831,27.68,38.4,2.232,2.874,2.905,0.1752,0.04022,0.02598,25.24,24.29,24.81,38.98
45045,2.375,4.056,,,,,2.248,3.273,0.708,0.5585,,,1.098,1.113,1.116,1.078,1.286,1.399,1.333,1.45,1.054,1.075,0.9918,1.006,0.9857,0.9832,2.525,2.958,1.56,1.735,1.127,1.13,5.533,26.78,35.92,2.539,3.55,3.652,0.8907,0.2062,0.1043,23.39,23.2,23.54,28.57
45047,2.009,3.018,3.381,6.545,,,2.008,2.793,0.7547,0.6138,,,1.082,1.108,1.069,1.056,1.239,1.386,1.287,1.436,1.048,1.065,0.9673,0.9694,0.9857,0.9839,1.857,2.076,1.439,1.584,1.162,1.153,13.04,42.92,53.88,1.559,2.327,2.318,0.7391,0.185,0.09143,26.65,25.78,25.83,50.69
45049,1.92,2.874,3.372,6.932,,,1.571,1.986,0.6903,0.5306,,,1.034,1.068,1.027,1.037,1.136,1.281,1.209,1.391,1.051,1.067,0.9897,0.9637,0.9867,0.9816,1.73,1.905,1.404,1.521,1.137,1.145,15.3,52.49,65.04,1.617,2.241,2.282,0.1433,0.03839,0.0259,26.93,26.65,25.95,65.19
45051,2.33,4.027,,,,,1.469,1.819,0.6903,0.534,,,1.011,1.062,1.012,1.055,1.071,1.207,1.113,1.23,1.035,1.057,0.9842,0.9915,0.9854,0.9843,2.04,2.347,1.384,1.514,1.157,1.155,7.397,28.7,40.07,1.726,2.37,2.357,0.3866,0.1267,0.07506,24.3,23.92,24.1,41.86
45053,2.031,3.152,3.938,8.488,,,1.465,1.799,0.6823,0.5241,,,1.021,1.077,1.029,1.079,1.079,1.207,1.151,1.252,1.048,1.058,0.9619,0.9696,0.9862,0.9831,1.852,2.065,1.402,1.515,1.127,1.14,12.28,44.24,56.03,1.836,2.445,2.447,0.09692,0.02668,0.01631,27.79,26.73,26.95,56.61
45055,2.224,3.495,3.699,7.727,,,1.748,2.279,0.7381,0.5911,,,1.066,1.08,1.076,1.064,1.216,1.316,1.201,1.327,1.054,1.069,0.9898,0.9926,0.9829,0.9785,2.088,2.351,1.473,1.619,1.197,1.201,9.876,41.11,52.31,0.9864,1.476,1.574,0.7396,0.2399,0.1419,25.28,25.02,25.09,44.36
45057,2.256,3.706,,,,,1.855,2.532,0.7094,0.5499,,,1.083,1.072,1.06,1.037,1.242,1.332,1.266,1.355,1.051,1.063,0.9948,1.005,0.9843,0.9816,2.16,2.466,1.475,1.635,1.203,1.186,8.337,35.18,46.4,1.15,1.749,1.866,0.8165,0.2024,0.111,24.87,24.74,24.99,40.08
45059,2.016,3.059,3.561,7.197,,,2.214,3.184,0.7703,0.6374,,,1.089,1.11,1.087,1.071,1.246,1.386,1.271,1.439,1.053,1.07,0.9962,0.999,0.9867,0.9849,1.95,2.201,1.476,1.631,1.158,1.149,12.22,41.42,52.16,1.599,2.341,2.382,0.7045,0.1658,0.08416,25.45,25.36,25.43,46.95
45061,2.142,3.366,3.257,6.66,,,1.709,2.218,0.723,0.5704,,,1.044,1.069,1.046,1.057,1.201,1.286,1.226,1.352,1.057,1.072,0.989,0.9817,0.985,0.9801,1.92,2.149,1.435,1.571,1.172,1.176,10.95,40.88,52.41,1.346,1.992,2.091,0.66,0.1886,0.1146,25.93,25.64,25.45,49.66
45063,1.94,2.876,3.042,5.903,,,1.618,2.075,0.6684,0.4994,,,1.056,1.086,1.054,1.049,1.199,1.357,1.266,1.448,1.048,1.075,0.9648,0.9648,0.9845,0.9807,1.804,2.002,1.449,1.586,1.177,1.181,16.09,52.21,64.93,1.391,1.964,2.02,0.4026,0.08278,0.0496,26.96,26.01,26.01,59.66
45065,1.947,2.922,3.121,6.084,,,1.903,2.66,0.7506,0.6052,,,1.079,1.107,1.054,1.075,1.226,1.364,1.288,1.458,1.052,1.069,0.9615,0.9714,0.9857,0.984,1.717,1.912,1.4,1.54,1.141,1.141,14.87,45.3,57.36,1.771,2.546,2.498,0.6014,0.1476,0.08388,27.46,26.4,26.67,57.08
45067,2.153,3.428,3.502,7.864,,,1.523,1.905,0.6742,0.5053,,,1.029,1.065,1.038,1.04,1.11,1.244,1.15,1.266,1.049,1.075,0.9828,0.9818,0.984,0.9812,1.866,2.103,1.417,1.556,1.164,1.174,11.28,41.88,55.46,1.454,1.974,2.028,0.3385,0.09342,0.05598,24.75,24.32,24.3,53.56
45069,2.133,3.329,3.49,7.591,,,1.668,2.146,0.6891,0.5281,,,1.069,1.066,1.06,1.067,1.221,1.297,1.274,1.355,1.054,1.072,0.986,0.996,0.9834,0.9804,1.936,2.172,1.453,1.603,1.171,1.204,11.41,44.24,57.37,1.266,1.814,1.975,0.5923,0.1342,0.07139,24.53,24.18,24.43,50.95
45071,1.959,2.924,3.152,6.159,,,1.841,2.494,0.7143,0.5558,,,1.076,1.096,1.062,1.057,1.229,1.367,1.266,1.423,1.051,1.067,0.9612,0.9693,0.9852,0.983,1.814,2.019,1.441,1.582,1.159,1.143,14.81,46.8,58.48,1.609,2.323,2.353,0.4508,0.1078,0.04874,27.14,26.09,26.31,55.13
45073,2.552,4.449,,,,,2.755,4.45,0.7571,0.6159,,,1.096,1.131,1.118,1.107,1.295,1.392,1.391,1.519,1.06,1.08,0.993,1.016,0.9858,0.9841,2.548,3.021,1.561,1.749,1.134,1.12,4.547,24.36,33.56,2.883,3.908,3.912,0.7048,0.2091,0.1466,23.47,23.31,23.85,26.82
45075,2.095,3.202,3.53,7.289,,,1.591,2.023,0.6538,0.4886,,,1.044,1.072,1.042,1.034,1.115,1.284,1.207,1.407,1.053,1.082,0.966,0.9666,0.9835,0.978,1.808,2.017,1.436,1.564,1.153,1.182,12.92,47.42,59.52,1.495,2.071,2.131,0.2819,0.05631,0.04013,26.8,25.89,25.9,58.31
45077,2.448,4.285,,,,,2.262,3.39,0.7164,0.562,,,1.093,1.129,1.101,1.105,1.315,1.415,1.374,1.49,1.06,1.078,1.001,1.013,0.986,0.9837,2.561,3.016,1.539,1.714,1.128,1.13,4.943,25.34,34.74,2.593,3.643,3.721,0.6863,0.1747,0.1119,23.14,23.17,23.43,27.88
45079,1.867,2.688,2.633,4.85,,,1.535,1.903,0.6571,0.4823,,,1.056,1.084,1.069,1.056,1.191,1.323,1.226,1.391,1.056,1.078,0.9782,0.9836,0.9827,0.9795,1.76,1.935,1.44,1.57,1.183,1.184,18.06,57.04,69.4,1.22,1.786,1.853,0.3419,0.08154,0.04902,26.04,25.47,25.61,62.67
45081,1.853,2.698,2.779,5.19,,,1.877,2.578,0.7374,0.5875,,,1.067,1.093,1.045,1.049,1.239,1.37,1.281,1.436,1.051,1.074,0.9681,0.9571,0.9852,0.9813,1.701,1.88,1.421,1.553,1.154,1.145,17.27,49.87,60.75,1.808,2.618,2.554,0.636,0.1772,0.1078,27.39,26.52,26.22,60.28
45083,2.219,3.614,,,,,2.594,3.936,0.7554,0.6171,,,1.099,1.098,1.112,1.064,1.27,1.371,1.326,1.428,1.052,1.068,0.9976,1.02,0.9863,0.984,2.226,2.543,1.526,1.694,1.145,1.141,8.237,35.1,45.53,1.978,2.825,2.942,0.6959,0.1581,0.07023,24.36,24.3,24.85,38.12
45085,1.957,2.984,2.94,5.869,,,1.641,2.111,0.6939,0.5299,,,1.038,1.075,1.054,1.055,1.167,1.306,1.211,1.393,1.05,1.075,0.9696,0.9758,0.9845,0.9804,1.769,1.973,1.407,1.535,1.186,1.195,14.18,44.97,56.43,1.445,2.129,2.126,0.3844,0.106,0.06063,26.03,25.24,25.4,56.97
45087,2.107,3.235,3.676,7.579,,,2.212,3.178,0.7652,0.6195,,,1.103,1.104,1.098,1.078,1.271,1.362,1.315,1.459,1.053,1.064,0.9876,0.998,0.9859,0.9834,2.029,2.281,1.501,1.659,1.171,1.146,11.06,41.91,52.59,1.588,2.403,2.469,0.6138,0.1579,0.08521,25.99,25.67,25.94,44.97
45089,2.227,3.523,,,,,1.55,1.956,0.697,0.5452,,,1.032,1.059,1.046,1.029,1.129,1.27,1.217,1.345,1.047,1.07,0.9735,0.9738,0.9846,0.9812,1.812,2.04,1.397,1.524,1.148,1.163,10.45,39.86,52.39,1.617,2.192,2.193,0.3313,0.09719,0.0554,25.41,24.74,24.75,53.93
45091,2.292,3.795,,,,,1.93,2.671,0.7172,0.5562,,,1.093,1.078,1.085,1.045,1.249,1.321,1.322,1.383,1.042,1.057,1.001,1.006,0.9861,0.9839,2.27,2.613,1.512,1.68,1.188,1.153,7.73,33.87,44.8,1.272,1.913,2.012,0.8611,0.1805,0.1058,24.99,25.02,25.13,36.96
46003,2.046,3.166,2.921,5.629,,,2.984,5.977,0.8867,0.7895,0.6046,0.3961,1.044,1.079,1.076,1.139,1.121,1.175,1.166,1.278,1.029,1.045,0.9583,0.9416,0.9967,0.9948,2.309,2.693,1.858,2.157,1.087,1.087,10.28,35.35,44.99,0.3381,0.4628,0.4927,58.8,41.87,37.91,49.72,47.65,46.82,27.78
46005,2.36,3.903,3.437,7.251,,,3.112,6.237,0.8923,0.8011,0.6143,0.4033,1.038,1.087,1.024,1.102,1.113,1.185,1.194,1.293,1.019,1.04,0.9567,0.9464,0.9958,0.9943,2.767,3.284,2.037,2.388,1.154,1.147,7.178,30.84,40.36,0.2978,0.4228,0.3992,67.84,50.71,45.62,49.59,47.44,46.93,21.04
46007,2.062,3.034,3.067,5.638,,,,,0.8946,0.8004,0.6818,0.5327,1.035,1.048,1.036,1.051,1.086,1.126,1.135,1.194,1.033,1.029,0.9506,0.9179,0.9934,0.9917,2.223,2.605,1.988,2.359,1.132,1.181,10.47,35.86,47.04,0.1708,0.2566,0.2712,42.49,31.39,28.91,52.46,49.87,48.16,28.81
46009,2.249,3.564,3.43,7.024,,,2.759,4.968,0.8834,0.7816,0.5826,0.3809,1.055,1.088,1.049,1.124,1.171,1.255,1.24,1.372,1.028,1.062,0.9367,0.9055,0.9933,0.9925,2.478,2.899,1.857,2.144,1.081,1.136,8.918,35.46,46.46,0.4794,0.6469,0.6155,53.02,37.96,33.96,46.76,43.8,42.34,27.08
46011,3.656,7.57,,,,,4.123,9.314,0.8966,0.8106,0.6152,0.4163,1.05,1.068,1.023,1.068,1.127,1.174,1.131,1.237,1.016,1.03,0.9414,0.9238,0.9947,0.9939,4.424,5.582,2.32,2.748,1.132,1.185,1.592,13.88,20.37,0.4696,0.6068,0.6575,81.03,59.33,52.87,47.61,44.82,43.98,8.353
46013,2.698,5.054,,,,,3.687,8.817,0.9047,0.8262,0.6518,0.4653,1.02,1.029,1.002,1.06,1.075,1.062,1.102,1.142,1.026,1.022,0.945,0.933,0.9953,0.9944,3.308,4.051,2.193,2.611,1.143,1.163,4.042,21.2,29.01,0.2606,0.3334,0.3231,80.78,61.94,56.62,51.92,49.07,48.44,13.88
46015,1.93,2.865,2.568,4.556,,,2.93,5.919,0.8893,0.7929,0.6226,0.4233,1.018,1.061,1.031,1.112,1.094,1.158,1.134,1.207,1.022,1.047,0.9501,0.9241,0.9946,0.993,2.187,2.519,1.881,2.186,1.052,1.074,13.02,39.73,49.57,0.2702,0.3479,0.3318,56.61,40.15,36.18,50.99,48.45,47.13,31.16
46017,1.972,2.98,2.646,4.811,,,2.989,6.202,0.8966,0.8048,0.6423,0.4507,1.019,1.048,1.016,1.078,1.09,1.127,1.133,1.2,1.021,1.041,0.9498,0.929,0.994,0.9926,2.254,2.607,1.905,2.214,1.107,1.087,11.28,36.57,45.65,0.1948,0.293,0.2451,60.76,43.35,39.06,54.9,52.14,51,28.53
46019,2.107,3.194,3.542,6.95,,,,,0.8897,0.7995,0.6804,0.5276,1.075,1.057,1.065,1.06,1.172,1.156,1.277,1.215,1.035,1.03,0.9553,0.9332,0.9957,0.9947,2.269,2.669,2.117,2.54,1.118,1.114,9.039,33.49,42.7,0.1227,0.185,0.2081,48.95,35.17,32.27,55.85,53.36,52.12,25.83
46021,2.411,4.145,3.531,7.959,,,4.148,10.76,0.9058,0.83,0.6763,0.4982,1.02,1.051,1.006,1.071,1.128,1.115,1.14,1.104,1.024,1.027,0.9466,0.9394,0.9966,0.9974,2.894,3.494,2.227,2.669,1.108,1.111,5.603,26.49,35.33,0.2266,0.2818,0.2864,76.22,60.88,56.01,58.51,55.38,54.96,17.66
46023,2.002,2.986,2.846,5.219,,,2.721,4.93,0.8794,0.7765,0.589,0.3835,1.05,1.067,1.062,1.103,1.131,1.196,1.177,1.285,1.03,1.048,0.9634,0.9397,0.9956,0.995,2.233,2.569,1.843,2.127,1.08,1.123,12.64,41.17,51.81,0.4207,0.5247,0.5404,50.69,35.62,31.84,46.94,45.22,44.11,31.99
46025,2.885,5.463,,,,,3.378,7.477,0.8969,0.8118,0.6155,0.4112,1.042,1.065,1.033,1.076,1.13,1.141,1.236,1.249,1.024,1.029,0.9606,0.9385,0.9953,0.9936,3.683,4.544,2.245,2.651,1.103,1.129,3.072,19.44,26.85,0.3532,0.4369,0.4376,79.85,58.73,53.02,48.49,46.58,45.51,11.73
46027,2.419,3.945,3.97,8.426,,,2.688,4.678,0.8854,0.7872,0.5806,0.3795,1.047,1.076,1.055,1.111,1.165,1.252,1.22,1.402,1.011,1.037,0.9291,0.9003,0.9936,0.992,2.85,3.378,1.962,2.265,1.063,1.093,6.753,33.66,44.94,0.5778,0.715,0.7855,55.01,38.87,34.61,45.58,42.35,41.04,23.15
46029,3.425,7.217,,,,,4.031,9.642,0.9037,0.8241,0.6195,0.423,1.07,1.067,1.043,1.053,1.149,1.158,1.247,1.277,1.033,1.025,0.9667,0.9453,0.9957,0.9939,4.291,5.416,2.361,2.827,1.136,1.189,1.786,15.73,22.75,0.3436,0.4558,0.4445,85.69,65.42,59.87,45.69,44.17,43.19,8.841
46031,2.193,3.524,3.277,6.749,,,3.828,9.88,0.8994,0.8184,0.6784,0.5024,1.038,1.05,1.036,1.053,1.111,1.126,1.122,1.145,1.024,1.029,0.9142,0.906,0.9943,0.9942,2.563,3.066,2.13,2.55,1.091,1.105,7.491,29.87,38.91,0.1888,0.2396,0.248,68.15,53.65,49.6,59.17,54.09,53.6,21.12
46033,2.321,3.759,3.498,7.443,,,,,0.8868,0.7897,0.6419,0.4863,1.076,1.089,1.094,1.112,1.163,1.175,1.189,1.235,1.031,1.03,0.9366,0.9353,0.9926,0.9924,2.527,3.105,2.107,2.552,1.121,1.172,5.598,23.24,32.08,0.1075,0.1407,0.176,35.34,24.63,22.4,50.04,46.87,46.8,18.49
46035,2.243,3.562,3.404,6.833,,,2.817,5.224,0.8881,0.7916,0.6038,0.3919,1.025,1.05,1.021,1.075,1.113,1.15,1.189,1.275,1.013,1.032,0.9713,0.9471,0.9973,0.9962,2.721,3.186,1.949,2.255,1.101,1.104,7.819,33.98,44.05,0.3625,0.4919,0.4712,60.3,43.63,39.2,48.57,47.18,46,23.52
46037,2.883,5.793,,,,,3.736,8.466,0.9029,0.8224,0.6307,0.4321,1.054,1.062,1.036,1.074,1.118,1.126,1.177,1.198,1.029,1.027,0.9714,0.944,0.9957,0.9942,3.993,4.968,2.335,2.795,1.129,1.167,2.757,18.93,26.95,0.3394,0.4683,0.4515,83.83,64.94,59.45,47.6,46.24,44.93,10.6
46039,3.347,7.141,,,,,4.253,10.24,0.8968,0.8105,0.5963,0.3916,1.068,1.061,1.054,1.053,1.145,1.17,1.136,1.254,1.029,1.033,0.9488,0.9402,0.9943,0.9932,3.789,4.79,2.151,2.563,1.125,1.195,1.903,13.56,19.8,0.3765,0.5444,0.5725,82.54,61.63,55.52,44.1,41.84,41.46,9.482
46041,2.082,3.244,2.849,5.5,,,3.478,8.216,0.8956,0.8111,0.6627,0.4813,1.031,1.044,1.024,1.069,1.117,1.111,1.128,1.156,1.029,1.033,0.9305,0.9307,0.9949,0.9948,2.457,2.901,2.066,2.446,1.105,1.135,9.033,33.43,42.9,0.1666,0.2287,0.2461,64.98,50.86,46.64,55.89,52.01,52.02,23.83
46043,2.032,3.104,3.002,5.74,,,2.81,5.271,0.8825,0.7801,0.5897,0.374,1.066,1.085,1.095,1.129,1.154,1.225,1.235,1.383,1.033,1.049,0.9688,0.9429,0.9966,0.9957,2.25,2.608,1.821,2.1,1.111,1.152,11.1,37.08,46.87,0.3849,0.5431,0.547,53.51,38.05,33.81,48.15,46.65,45.4,29.77
46045,2.456,4.297,3.397,7.787,,,,,0.9041,0.8269,0.6579,0.4717,1.026,1.032,1.005,1.052,1.105,1.046,1.146,1.137,1.031,1.026,0.9418,0.9364,0.9969,0.9958,2.904,3.519,2.264,2.713,1.131,1.132,5.326,25.31,33.62,0.2617,0.3162,0.349,77.99,60.74,55.73,54.18,51.03,50.73,17.05
46047,1.902,2.665,2.814,4.97,,,,,0.8894,0.7941,0.6767,0.5386,1.074,1.096,1.128,1.107,1.156,1.243,1.167,1.281,1.019,1.03,0.9587,0.945,0.995,0.9946,1.944,2.241,1.996,2.376,1.204,1.248,13.71,42.15,52.91,0.1155,0.1643,0.1929,34.66,23.25,20.99,51.25,49.14,48.43,35.89
46049,2.238,3.767,2.851,6.113,,,3.55,8.605,0.8978,0.8163,0.6471,0.4559,1.038,1.048,1.037,1.074,1.092,1.039,1.107,1.089,1.03,1.026,0.9406,0.9345,0.9956,0.9951,2.633,3.146,2.072,2.459,1.076,1.105,7.247,28.18,37.03,0.3625,0.4125,0.4463,73.02,54.7,49.81,54.2,50.98,50.65,20.66
46051,3.226,6.581,,,,,3.954,9.245,0.898,0.8115,0.6069,0.3993,1.054,1.065,1.028,1.065,1.153,1.175,1.197,1.272,1.027,1.034,0.9659,0.9414,0.9941,0.9932,4.051,5.047,2.298,2.744,1.114,1.168,2.218,18.11,25.94,0.3693,0.545,0.592,82.24,62.16,56.26,45.37,43.83,42.71,10.53
46053,2.007,3.016,2.843,5.233,,,3.129,6.165,0.8796,0.7786,0.6162,0.4241,1.037,1.068,1.043,1.098,1.115,1.167,1.154,1.242,1.029,1.043,0.9599,0.9295,0.9951,0.9934,2.228,2.587,1.869,2.173,1.088,1.107,12.21,38.96,49.41,0.3952,0.4693,0.5378,49.39,33.9,30.63,47.92,46,44.55,30.8
46055,1.824,2.574,2.27,3.752,3.518,7.545,3.11,7.179,0.892,0.8012,0.6871,0.5277,1.063,1.055,1.099,1.104,1.112,1.077,1.148,1.128,1.046,1.035,0.9402,0.9549,0.9945,0.9935,2.014,2.307,1.934,2.271,1.092,1.151,15.4,43.86,54.02,0.1848,0.3046,0.2942,51.62,38.07,35.02,54.7,51.43,52.23,34.67
46057,3.116,6.192,,,,,4.003,9.354,0.9022,0.8203,0.6143,0.4178,1.053,1.053,1.03,1.037,1.138,1.153,1.198,1.264,1.026,1.02,0.957,0.9424,0.9958,0.9935,3.828,4.759,2.267,2.692,1.094,1.148,2.315,17.13,24.1,0.3542,0.5135,0.5119,80.96,60.69,55.03,45.75,43.78,43.11,10.51
46059,2.183,3.525,2.877,5.809,,,3.238,7.214,0.8934,0.8038,0.6302,0.4261,1.034,1.07,1.003,1.094,1.099,1.134,1.185,1.241,1.022,1.033,0.9554,0.9442,0.9949,0.9939,2.516,2.977,2.016,2.376,1.152,1.14,8.543,31.91,41.29,0.2476,0.3238,0.3099,67,49.61,44.56,52.36,50.02,49.44,23.29
46061,2.326,3.804,3.613,7.62,,,2.674,4.887,0.8849,0.7854,0.5881,0.3671,1.026,1.061,1.023,1.096,1.132,1.179,1.249,1.319,1.017,1.038,0.968,0.9414,0.9961,0.9954,2.7,3.184,1.884,2.176,1.102,1.125,7.158,31.05,40.92,0.3981,0.5854,0.5421,60,43.61,38.94,48.62,47.06,45.77,22.81
46063,2.169,3.389,3.46,7.067,,,,,0.8961,0.8122,0.7027,0.5486,1.05,1.053,1.041,1.057,1.13,1.155,1.31,1.214,1.043,1.035,0.9567,0.9368,0.9955,0.9948,2.477,2.954,2.401,2.952,1.107,1.085,7.589,30.84,39.86,0.1422,0.2084,0.2154,57.23,43.37,40.2,58.92,56.37,55.2,21.71
46065,1.881,2.741,2.372,4.091,3.482,7.893,3.056,6.609,0.8948,0.8069,0.6459,0.4608,1.031,1.037,1.028,1.084,1.095,1.059,1.164,1.127,1.029,1.03,0.9557,0.9537,0.9953,0.9947,2.167,2.49,1.946,2.272,1.092,1.102,14.01,42.57,52.76,0.1953,0.2579,0.2441,59.71,44.05,39.72,53.56,51.19,51.08,32.14
46067,2.23,3.562,3.455,7.088,,,2.846,5.263,0.8872,0.7874,0.5925,0.3827,1.053,1.088,1.049,1.116,1.173,1.263,1.245,1.374,1.024,1.053,0.9598,0.9335,0.995,0.995,2.52,2.956,1.876,2.168,1.101,1.154,8.503,34.23,44.57,0.4075,0.5796,0.5543,56.8,41.5,36.96,46.63,44.75,43.53,25.9
46069,2.011,3.121,2.602,4.922,,,3.507,8.225,0.8983,0.8127,0.6507,0.4616,1.024,1.053,0.9847,1.094,1.108,1.1,1.146,1.142,1.026,1.031,0.963,0.9584,0.9954,0.9949,2.308,2.721,2.012,2.384,1.059,1.07,10.7,35.31,45.2,0.2497,0.3353,0.3136,65.59,49.6,44.77,53.75,51.76,51.51,26.77
46071,1.814,2.52,2.427,3.971,3.821,8.401,3.277,7.342,0.8871,0.7887,0.6767,0.5174,1.066,1.059,1.091,1.093,1.1,1.107,1.115,1.167,1.048,1.036,0.9319,0.9156,0.9929,0.991,1.923,2.203,1.861,2.185,1.134,1.184,16.97,45.94,56.91,0.1743,0.2932,0.3128,42.44,30.33,27.83,53.78,50.12,49.24,37.99
46073,2.136,3.427,2.95,5.857,,,2.966,5.987,0.8874,0.7904,0.6061,0.3941,1.039,1.1,1.03,1.138,1.12,1.203,1.18,1.278,1.026,1.05,0.9551,0.9443,0.995,0.9927,2.492,2.92,1.894,2.191,1.117,1.098,8.205,30.1,38.5,0.3693,0.5289,0.5181,64.37,46.7,42.25,49.16,46.95,46.42,23.21
46075,1.806,2.515,2.301,3.768,3.432,7.232,3.009,6.431,0.8888,0.7937,0.6578,0.4803,1.044,1.054,1.053,1.096,1.085,1.067,1.168,1.131,1.042,1.04,0.9446,0.9276,0.9939,0.9922,1.959,2.233,1.872,2.185,1.155,1.188,17.14,47.47,57.93,0.1493,0.2392,0.2398,49.09,36.54,33.59,54.63,51.6,50.67,37.99
46077,2.856,5.274,,,,,3.644,7.719,0.8945,0.8032,0.5933,0.3755,1.028,1.066,1.008,1.052,1.111,1.158,1.204,1.299,1.013,1.028,0.9536,0.9268,0.9945,0.9923,3.509,4.32,2.156,2.549,1.129,1.141,3.5,21.83,30.52,0.3766,0.5447,0.5129,73.99,54.08,48.08,46.81,44.63,43.38,13.58
46079,3.33,6.392,,,,,3.785,8.007,0.8952,0.8031,0.6098,0.403,1.049,1.084,1.039,1.082,1.128,1.209,1.162,1.285,1.009,1.035,0.9564,0.9384,0.9961,0.9942,4.022,5.005,2.234,2.642,1.195,1.232,2.48,19.05,27.42,0.3544,0.5201,0.5824,73.9,54.68,48.66,46.03,44.03,43.2,11.21
46081,2.988,5.743,,,,,,,0.8888,0.7978,0.6715,0.5158,1.096,1.108,1.101,1.142,1.22,1.216,1.202,1.217,1.026,1.022,0.9784,0.9745,0.9959,0.995,3.505,4.651,2.568,3.237,1.126,1.188,1.883,11.01,16.23,0.4226,0.5657,0.6211,52.51,38.65,35.08,36.82,36.02,35.88,7.691
46083,2.767,4.917,,,,,3.077,5.715,0.8911,0.7954,0.5991,0.3928,1.052,1.085,1.051,1.13,1.174,1.266,1.275,1.451,1.017,1.044,0.9441,0.9212,0.995,0.9937,3.344,4.051,2.017,2.347,1.082,1.131,4.44,25.76,35.73,0.5549,0.6492,0.7239,62.83,45.9,40.82,44.68,42.18,41.16,16.88
46085,1.841,2.62,2.339,3.927,3.559,7.835,2.909,5.927,0.896,0.8058,0.6624,0.483,1.034,1.07,1.038,1.128,1.096,1.111,1.192,1.185,1.031,1.036,0.9521,0.9391,0.9944,0.9933,1.997,2.28,1.846,2.146,1.105,1.115,16.34,45.66,56.17,0.2098,0.3058,0.2753,52.23,39.5,36.24,53.34,50.79,50.09,37
46087,2.535,4.346,4.057,9.083,,,3.317,6.519,0.8899,0.7929,0.5929,0.3806,1.036,1.076,1.041,1.102,1.138,1.211,1.197,1.286,1.015,1.049,0.9285,0.906,0.9949,0.9931,2.996,3.614,2.009,2.349,1.126,1.181,5.502,27.21,36.76,0.4098,0.5662,0.5837,65.78,47.5,42.01,48.29,44.83,43.75,18.5
46089,2.674,4.956,,,,,,,0.9069,0.8323,0.6632,0.4751,1.019,1.034,1.002,1.067,1.098,1.063,1.121,1.101,1.021,1.022,0.943,0.9303,0.9961,0.995,3.235,3.979,2.352,2.838,1.114,1.108,3.798,20.6,28.28,0.2722,0.3162,0.328,83.05,65.55,60.43,54.83,51.7,51,13.47
46091,2.839,5.714,,,,,3.567,8.294,0.902,0.8211,0.6395,0.4454,1.028,1.031,1.007,1.03,1.096,1.068,1.16,1.123,1.025,1.02,0.9539,0.9378,0.9965,0.995,3.796,4.712,2.283,2.734,1.129,1.148,2.925,19.27,27.35,0.3542,0.453,0.4254,85.6,65.09,59.54,49.4,47.12,46.33,11.4
46093,1.987,2.95,2.776,5.038,,,3.604,9.686,0.8868,0.7917,0.6746,0.513,1.075,1.072,1.087,1.099,1.171,1.162,1.179,1.189,1.034,1.031,0.9525,0.94,0.9957,0.9956,2.172,2.542,2.021,2.407,1.142,1.18,11.06,36.47,46.4,0.1612,0.2525,0.2777,48.62,35.25,32.26,55.4,52.77,52.07,28.45
46095,1.794,2.492,2.395,3.918,3.642,7.977,2.78,5.821,0.8804,0.7807,0.6347,0.4536,1.038,1.062,1.056,1.116,1.065,1.084,1.14,1.171,1.04,1.041,0.9505,0.9153,0.9925,0.9902,1.911,2.174,1.806,2.095,1.105,1.125,17.18,45.54,55.49,0.2208,0.3143,0.3148,44.09,30.82,28.01,52.47,49.87,48.02,38.35
46097,2.536,4.306,3.806,8.472,,,3.587,7.353,0.8976,0.8046,0.6121,0.4061,1.027,1.058,1.022,1.078,1.113,1.143,1.194,1.242,1.008,1.018,0.9829,0.9695,0.9964,0.9944,3.031,3.62,2.06,2.414,1.169,1.184,5.407,27.26,36.69,0.2779,0.3964,0.3996,67.72,50.8,45.32,46.84,46.04,45.41,18.09
46099,3.09,5.84,,,,,3.265,6.49,0.8941,0.8006,0.5966,0.3881,1.048,1.088,1.047,1.082,1.158,1.253,1.19,1.325,1.015,1.04,0.9526,0.9412,0.9956,0.9941,3.539,4.396,2.058,2.422,1.146,1.18,3.252,19.73,28.09,0.4394,0.5657,0.6253,70.94,51.62,46.05,44.5,42.39,41.88,13.14
46101,3.499,6.934,,,,,3.933,8.61,0.8972,0.8087,0.6146,0.4148,1.052,1.091,1.034,1.084,1.125,1.225,1.141,1.27,1.008,1.041,0.9367,0.9245,0.995,0.9934,3.943,4.981,2.217,2.625,1.167,1.202,2.153,15.4,22.41,0.4259,0.5496,0.6363,77.87,56.39,49.92,45.76,42.86,42.31,9.931
46102,1.844,2.55,2.64,4.459,,,,,0.8902,0.7963,0.6852,0.5474,1.065,1.065,1.108,1.084,1.116,1.16,1.176,1.232,1.025,1.02,0.9565,0.9328,0.9949,0.9943,1.979,2.269,1.967,2.311,1.227,1.255,14.64,44.73,55.17,0.1283,0.2007,0.2272,37.44,26.44,24.2,52.34,50.06,48.82,36.46
46103,1.951,2.891,2.62,4.644,,,,,0.8926,0.8004,0.6898,0.54,1.08,1.089,1.106,1.136,1.156,1.16,1.148,1.178,1.036,1.036,0.9372,0.927,0.9935,0.9926,2.146,2.546,2.028,2.433,1.132,1.184,10.2,31.44,40.37,0.1495,0.232,0.2897,45.76,33.53,30.54,51.68,48.43,47.91,25.34
46105,2.068,3.179,3.052,5.949,,,,,0.8962,0.8123,0.6873,0.5241,1.05,1.053,1.054,1.063,1.103,1.135,1.179,1.136,1.025,1.027,0.9337,0.9123,0.9943,0.9942,2.366,2.801,2.186,2.633,1.12,1.111,8.738,32.75,41.63,0.09836,0.1935,0.1821,60.19,46.48,42.86,60.17,56.18,54.89,23.87
46107,2.123,3.441,2.794,5.647,,,3.731,9.612,0.8949,0.8101,0.6291,0.4304,1.024,1.04,1.002,1.058,1.12,1.08,1.08,1.143,1.034,1.02,0.9295,0.9402,0.996,0.9958,2.501,2.972,2.056,2.442,1.11,1.124,8.25,29.84,38.83,0.258,0.2835,0.2948,70.64,52.55,47.33,54.89,51.02,51.61,22.04
46109,3,6.08,,,,,3.868,9.414,0.8973,0.811,0.6063,0.3943,1.041,1.06,1.008,1.062,1.146,1.161,1.181,1.213,1.029,1.03,0.9683,0.9552,0.9945,0.9941,3.834,4.756,2.273,2.704,1.115,1.143,2.567,17.99,25.3,0.3876,0.5124,0.5215,83.26,62.44,56.7,45.47,44.03,43.43,10.91
46111,2.375,3.883,3.469,7.245,,,3.307,6.61,0.8907,0.7963,0.6119,0.4048,1.032,1.068,1.027,1.091,1.121,1.172,1.202,1.29,1.015,1.039,0.9825,0.9731,0.9967,0.9949,2.729,3.232,1.991,2.33,1.109,1.094,7.381,32.43,42.47,0.3397,0.5051,0.4697,62.91,46.33,41.66,47.21,46.38,45.94,22.45
46115,2.376,4.07,3.272,7.277,,,3.523,7.965,0.897,0.8126,0.6388,0.4455,1.047,1.06,1.044,1.101,1.096,1.09,1.154,1.172,1.022,1.025,0.9582,0.9357,0.9952,0.9937,2.862,3.425,2.089,2.458,1.117,1.119,6.261,26.69,34.88,0.3702,0.4755,0.4549,74.86,54.64,48.82,50.64,48.52,47.38,18.45
46117,1.84,2.636,2.33,3.95,3.691,8.158,3.101,6.817,0.891,0.8009,0.653,0.4756,1.048,1.047,1.073,1.092,1.091,1.079,1.132,1.151,1.042,1.037,0.9549,0.9568,0.995,0.9941,2.079,2.384,1.918,2.239,1.11,1.149,14.67,42.83,52.86,0.1435,0.2181,0.2176,55.97,41.24,37.57,55.12,52.63,52.73,33.32
46119,1.925,2.904,2.424,4.37,,,3.375,7.903,0.8986,0.813,0.6452,0.4519,1.048,1.047,1.043,1.074,1.12,1.073,1.115,1.146,1.03,1.019,0.9553,0.9539,0.9956,0.9955,2.202,2.564,1.931,2.272,1.099,1.096,12.36,37.58,47.76,0.2049,0.2444,0.2518,62.98,48.95,44.39,54.77,52.33,52.25,29.31
46121,2.031,2.987,2.954,5.294,,,3.928,9.295,0.8879,0.7899,0.6596,0.4929,1.017,1.06,1.028,1.098,1.061,1.109,1.127,1.194,1.025,1.024,0.9589,0.925,0.9942,0.9934,2.293,2.663,2.012,2.357,1.095,1.108,10.9,37.78,48.02,0.1805,0.2641,0.274,46.38,33.28,29.72,49.94,47.89,46.2,28.62
46123,1.9,2.741,2.576,4.445,,,2.941,5.845,0.8809,0.7812,0.62,0.4274,1.03,1.069,1.036,1.111,1.112,1.135,1.182,1.229,1.034,1.027,0.9556,0.9276,0.9938,0.9921,2.072,2.379,1.827,2.122,1.118,1.146,14.95,43.69,54.72,0.2671,0.3552,0.3889,45.6,32.69,29.92,49.64,47.43,46.05,35.36
46125,2.557,4.356,4.173,9.161,,,3.127,5.82,0.8915,0.7953,0.5961,0.3899,1.055,1.098,1.059,1.136,1.174,1.289,1.218,1.396,1.019,1.056,0.9269,0.8959,0.9948,0.9929,3.115,3.743,2.024,2.351,1.127,1.165,5.448,29,39.02,0.5171,0.678,0.735,62.33,45.72,40.69,46.06,42.69,41.26,18.87
46127,2.647,4.529,4.524,10.3,,,2.714,4.744,0.8841,0.7841,0.5698,0.371,1.042,1.085,1.043,1.104,1.139,1.264,1.199,1.39,1.01,1.042,0.9529,0.9229,0.9948,0.9939,3.062,3.686,1.937,2.244,1.06,1.092,5.355,28.97,40.39,0.6493,0.7447,0.7766,55.72,39.16,34.72,44.21,42.12,40.8,20.33
46129,2.433,4.215,3.484,7.897,,,4.039,10.14,0.8989,0.8184,0.6553,0.4715,1.013,1.044,0.9976,1.05,1.13,1.123,1.167,1.171,1.026,1.026,0.9239,0.9265,0.9952,0.9955,2.871,3.479,2.176,2.601,1.139,1.159,5.539,25.7,34.35,0.1892,0.25,0.2591,75.64,57.87,52.32,56.76,52.44,52.59,17.41
46135,2.464,4.083,4.162,8.988,,,3.067,5.672,0.8886,0.7894,0.583,0.378,1.049,1.091,1.063,1.139,1.175,1.251,1.245,1.402,1.013,1.043,0.9423,0.9169,0.9937,0.9932,2.951,3.5,1.99,2.302,1.099,1.134,6.272,31.52,42.45,0.5175,0.6914,0.7184,57.13,40.66,36.04,46.05,43.39,42.22,21.41
46137,1.891,2.763,2.412,4.24,,,3.261,7.856,0.8896,0.801,0.6663,0.4921,1.045,1.052,1.058,1.091,1.111,1.104,1.14,1.138,1.034,1.034,0.9416,0.9363,0.9947,0.9946,2.147,2.489,1.974,2.33,1.092,1.122,12.83,39.2,49.06,0.197,0.3044,0.3068,58.4,43.87,40.26,56.42,53.13,52.83,30.02
47001,3.535,7.264,,,,,3.35,6.127,0.812,0.6828,,,1.087,1.136,1.074,1.14,1.331,1.446,1.372,1.6,1.049,1.069,1.002,1.009,0.9936,0.9903,3.597,4.393,1.66,1.874,1.127,1.151,1.758,15.36,23.4,2.115,2.758,2.842,6.571,2.657,2.146,22.72,22.78,22.94,15.19
47003,2.543,4.204,3.652,8.359,,,2.346,3.592,0.7708,0.627,,,1.07,1.127,1.05,1.112,1.323,1.419,1.365,1.477,1.049,1.067,0.9857,1.011,0.9934,0.9915,2.577,2.94,1.582,1.761,1.082,1.104,5.639,35.55,47.07,2.527,3.121,3.195,4.962,1.774,1.42,23.64,23.31,23.91,32.72
47005,2.443,4.02,3.507,7.557,,,2.143,3.294,0.7893,0.6512,,,1.076,1.118,1.059,1.088,1.3,1.456,1.346,1.555,1.054,1.077,0.9951,1.018,0.9967,0.9958,2.182,2.483,1.522,1.693,1.113,1.116,7.928,34.38,45.87,2.048,2.687,2.729,8.09,3.267,2.635,25.63,25.5,26.08,37.69
47007,3.39,7.268,,,,,5.091,11.22,0.8128,0.6891,,,1.102,1.147,1.06,1.166,1.343,1.456,1.367,1.544,1.053,1.079,1.012,1.022,0.9936,0.991,4.525,5.763,1.745,1.99,1.096,1.13,1.107,10.61,17.32,2.494,3.203,3.288,6.712,2.579,2.13,23.05,23.34,23.57,10.06
47009,3.652,7.339,,,,,2.889,4.882,0.7898,0.654,,,1.101,1.119,1.083,1.099,1.292,1.393,1.347,1.5,1.041,1.063,1.005,1.02,0.9918,0.9882,3.661,4.452,1.686,1.896,1.119,1.162,1.538,15.72,23.32,1.401,1.846,1.976,5.921,2.27,1.721,20.74,20.83,21.14,14.59
47011,2.874,5.073,,,,,2.839,4.535,0.7752,0.6293,,,1.144,1.166,1.132,1.163,1.336,1.451,1.434,1.694,1.053,1.07,1.021,1.026,0.9928,0.9893,2.788,3.233,1.6,1.785,1.135,1.157,3.785,28.91,39.08,1.97,2.533,2.648,3.156,0.8954,0.6415,23.3,23.8,23.91,27.31
47013,,,,,,,,,0.8357,0.7209,,,1.078,1.129,1.072,1.136,1.323,1.438,1.358,1.543,1.051,1.07,1.009,1.021,0.993,0.9906,5.255,6.945,1.809,2.082,1.143,1.17,0.7486,8.704,15.36,1.72,2.536,2.656,9.818,4.685,3.908,22.04,22.24,22.5,7.87
47015,2.77,4.937,,,,,3.654,6.982,0.8096,0.6815,,,1.073,1.112,1.045,1.089,1.295,1.408,1.338,1.495,1.04,1.056,0.9947,1.012,0.9943,0.993,2.774,3.252,1.631,1.847,1.085,1.092,4.217,27.64,38.94,2.268,3.015,3.021,5.914,2.482,2.093,23.82,23.69,24.1,27.08
47017,2.353,3.777,3.453,7.582,,,1.919,2.785,0.7732,0.6317,,,1.085,1.121,1.068,1.088,1.323,1.451,1.357,1.54,1.061,1.077,1.004,1.021,0.9963,0.9955,2.037,2.291,1.497,1.659,1.095,1.11,9.115,37.92,49.58,2.56,3.175,3.187,8.388,3.263,2.599,26.76,26.86,27.33,41.92
47019,,,,,,,,,0.8195,0.6976,0.4968,0.3861,1.078,1.106,1.083,1.096,1.214,1.331,1.257,1.403,1.035,1.053,0.9899,0.9985,0.9885,0.9861,,,2.272,2.691,1.157,1.199,0.09077,3.225,5.854,0.5373,0.8017,0.9209,13.51,6.852,5.731,20.62,20.41,20.59,1.991
47021,2.335,3.791,3.682,8.126,,,2.424,3.833,0.7931,0.6611,,,1.088,1.116,1.044,1.07,1.295,1.46,1.339,1.537,1.048,1.075,0.9952,1.022,0.9951,0.9942,2.228,2.521,1.563,1.743,1.125,1.13,7.779,35.42,47,2.114,2.695,2.697,7.841,2.907,2.37,25.8,25.68,26.36,37
47023,2.35,3.664,3.669,8.221,,,1.843,2.536,0.7577,0.6149,,,1.078,1.158,1.046,1.157,1.29,1.455,1.332,1.574,1.044,1.063,1.019,1.019,0.9945,0.9938,2.112,2.352,1.515,1.664,1.077,1.1,8.254,42.77,53.52,2.051,2.6,2.604,5.858,2.184,1.792,24.12,24.57,24.58,43.27
47025,4.584,10.9,,,,,5.372,13.08,0.8343,0.7183,0.5406,0.4352,1.089,1.126,1.075,1.123,1.345,1.46,1.417,1.589,1.057,1.074,1.017,1.017,0.9929,0.9904,4.771,6.092,1.768,2.016,1.159,1.188,0.8075,10.28,17.51,1.636,2.344,2.482,9.623,4.568,3.803,22.05,22.42,22.43,10.06
47027,3.274,6.074,,,,,3.291,6.167,0.7951,0.6607,,,1.08,1.117,1.058,1.092,1.274,1.409,1.314,1.57,1.043,1.062,1.028,1.027,0.9949,0.9942,2.92,3.439,1.63,1.839,1.12,1.123,3.327,24.44,36.46,1.966,2.612,2.703,8.214,3.271,2.702,22.96,23.6,23.56,25.24
47029,4.786,10.75,,,,,5.621,11.83,0.8,0.6722,,,1.092,1.095,1.105,1.101,1.256,1.33,1.318,1.407,1.025,1.047,1.018,1.018,0.9924,0.9904,4.726,6.043,1.825,2.08,1.132,1.179,0.8105,11.78,19.01,0.6693,0.9391,1.102,6.938,2.862,2.175,20.49,20.87,20.86,10.22
47031,3.232,6.144,,,,,2.67,4.604,0.7691,0.6239,,,1.093,1.139,1.083,1.155,1.324,1.412,1.366,1.484,1.041,1.06,0.9969,1.012,0.9934,0.9921,3.278,3.924,1.611,1.812,1.08,1.083,2.702,21.68,31.98,2.159,2.856,2.871,5.693,2.298,1.939,22.86,22.79,23.13,20.51
47033,2.249,3.432,3.745,8.549,,,1.597,2.061,0.7208,0.5672,,,1.066,1.131,1.019,1.098,1.288,1.401,1.35,1.529,1.041,1.061,1.01,1.022,0.9972,0.9953,2.064,2.277,1.512,1.654,1.087,1.108,9.276,48,59.05,1.815,2.359,2.42,6.546,2.325,1.737,24.51,24.76,25.06,46.4
47035,,,,,,,5.197,13.49,0.8057,0.6817,,,1.084,1.115,1.045,1.098,1.346,1.434,1.359,1.525,1.047,1.065,1.002,1.005,0.9928,0.9914,5.964,8.113,1.809,2.083,1.102,1.13,0.5119,5.288,9.995,1.825,2.52,2.533,11.19,4.896,4.166,21.13,21.18,21.23,5.157
47037,2.441,3.994,3.615,8.131,,,1.898,2.67,0.7634,0.6155,,,1.079,1.113,1.047,1.1,1.276,1.416,1.285,1.489,1.035,1.055,0.9887,1.022,0.9953,0.9943,2.305,2.61,1.54,1.708,1.104,1.121,6.997,36.99,48.9,1.544,2.031,2.069,7.232,2.652,2.132,23.47,23.2,23.98,36.85
47039,2.409,3.813,3.902,8.546,,,2.2,3.328,0.7849,0.65,,,1.085,1.149,1.083,1.142,1.298,1.469,1.325,1.47,1.051,1.071,0.9902,1.01,0.9961,0.9948,2.024,2.28,1.489,1.647,1.078,1.103,8.711,38.51,49.6,2.405,2.989,2.984,5.648,2.08,1.67,25.06,24.81,25.32,43.18
47041,3.128,5.865,,,,,3.48,6.536,0.8078,0.6805,,,1.074,1.095,1.023,1.043,1.31,1.416,1.343,1.539,1.043,1.066,0.9998,1.015,0.9939,0.9927,2.828,3.352,1.586,1.794,1.112,1.121,3.776,23.19,34.06,2.053,2.78,2.852,7.871,3.576,3.029,23.44,23.43,23.79,24.8
47043,2.452,4.069,3.538,7.929,,,2.519,4.038,0.7828,0.6411,,,1.07,1.11,1.03,1.078,1.257,1.415,1.293,1.531,1.034,1.057,0.9991,1.027,0.996,0.9953,2.512,2.869,1.62,1.811,1.123,1.134,6.462,35.09,46.78,2.078,2.646,2.567,6.905,2.472,1.979,24.35,24.33,25.01,32.66
47045,2.301,3.527,4.167,9.559,,,1.537,1.95,0.7186,0.565,,,1.089,1.142,1.061,1.112,1.299,1.42,1.334,1.496,1.042,1.063,1.018,1.026,0.9966,0.9954,2.121,2.338,1.512,1.652,1.076,1.082,9.169,46.82,57.31,2.185,2.826,2.968,8.195,2.987,2.281,26.34,26.82,27.03,43.89
47047,2.314,3.516,3.849,8.52,,,1.725,2.281,0.7318,0.5936,,,1.084,1.155,1.074,1.163,1.226,1.393,1.302,1.569,1.037,1.068,1.009,1.028,0.9961,0.994,2.124,2.339,1.531,1.675,1.065,1.097,8.533,46.9,57.44,2.638,3.069,3.198,5.17,1.689,1.262,26.47,26.7,27.21,44.82
47049,,,,,,,4.165,10.4,0.7948,0.6634,,,1.059,1.094,1.027,1.069,1.306,1.422,1.348,1.519,1.039,1.054,1.005,1.02,0.9934,0.9925,5.134,6.977,1.703,1.955,1.107,1.132,0.7623,6.269,11.66,1.473,2.114,2.11,10.53,5.004,4.232,21.4,21.52,21.84,6.636
47051,3.348,6.464,,,,,2.638,4.476,0.7655,0.6218,,,1.103,1.14,1.089,1.148,1.319,1.412,1.37,1.489,1.046,1.064,0.9967,1.017,0.9926,0.9926,3.425,4.141,1.611,1.815,1.09,1.102,2.337,19.18,28.92,2.514,3.139,3.247,5.558,2.244,1.871,22.39,22.32,22.78,18.37
47053,2.295,3.562,3.855,8.756,,,1.774,2.432,0.7599,0.619,,,1.083,1.128,1.053,1.101,1.296,1.408,1.315,1.502,1.053,1.07,1.009,1.015,0.997,0.9957,2.059,2.272,1.511,1.658,1.085,1.096,9.221,43.61,54.67,2.555,3.155,3.228,8.301,3.199,2.453,26.21,26.43,26.59,44.15
47055,2.585,4.335,,,,,2.575,4.195,0.7839,0.6438,,,1.081,1.145,1.059,1.141,1.324,1.467,1.329,1.483,1.05,1.074,0.9851,1.014,0.992,0.9914,2.309,2.668,1.538,1.722,1.087,1.104,5.742,32.07,43.33,2.648,3.407,3.362,4.643,1.737,1.389,24.29,23.93,24.64,34.4
47057,4.207,9.184,,,,,4.471,9.415,0.8091,0.6816,,,1.093,1.128,1.087,1.134,1.336,1.446,1.411,1.567,1.045,1.066,1.017,1.018,0.9916,0.989,3.948,4.922,1.677,1.896,1.152,1.202,1.17,13.64,21.74,0.8946,1.434,1.552,6.783,2.747,2.175,22.11,22.48,22.51,14.11
47059,4.222,9.284,,,,,5.692,12.37,0.8079,0.6802,,,1.087,1.111,1.091,1.124,1.263,1.372,1.303,1.418,1.04,1.052,1.017,1.036,0.991,0.9875,4.238,5.289,1.758,2.005,1.158,1.217,1.016,14.34,22.87,0.5794,0.8235,0.9505,6.943,3.043,2.353,21.76,22.14,22.54,13.17
47061,,,,,,,3.585,7.984,0.7873,0.6514,,,1.094,1.148,1.059,1.165,1.329,1.439,1.394,1.523,1.051,1.071,0.9953,1.021,0.9937,0.9922,5.507,7.359,1.731,1.978,1.093,1.11,0.6017,7.435,13.54,2.591,3.326,3.502,8.653,3.925,3.302,22.82,22.71,23.29,6.903
47063,4.105,8.82,,,,,4.205,8.296,0.7934,0.6589,,,1.093,1.115,1.088,1.109,1.308,1.412,1.355,1.505,1.038,1.057,1.024,1.022,0.9915,0.9889,3.685,4.55,1.641,1.846,1.13,1.18,1.342,14.56,22.86,0.7686,1.216,1.299,6.032,2.278,1.735,22.36,22.9,22.86,15.93
47065,2.547,4.392,,,,,2.376,3.61,0.7673,0.6241,,,1.117,1.156,1.095,1.18,1.317,1.454,1.358,1.577,1.049,1.073,1.012,1.032,0.9921,0.9902,2.755,3.204,1.588,1.771,1.109,1.137,4.552,27.96,37.87,2.312,2.961,3.086,3.698,1.121,0.8847,22.77,23.03,23.5,26.76
47067,,,,,,,,,0.8278,0.7105,,,1.096,1.141,1.101,1.157,1.327,1.451,1.397,1.58,1.046,1.064,1.016,1.02,0.9913,0.9888,5.54,7.391,1.799,2.065,1.162,1.192,0.4162,7.938,14.69,0.8916,1.311,1.429,8.814,3.807,3.151,21.22,21.55,21.65,7.734
47069,2.235,3.421,3.518,7.743,,,1.823,2.485,0.7494,0.6086,,,1.08,1.157,1.047,1.144,1.24,1.401,1.267,1.526,1.037,1.063,1.02,1.033,0.9956,0.9944,2.071,2.293,1.511,1.658,1.068,1.096,8.849,44.31,54.87,2.457,2.892,2.98,5.564,1.942,1.505,25.92,26.45,26.77,44.91
47071,2.178,3.281,3.285,6.898,,,2.154,3.191,0.7739,0.6348,,,1.09,1.162,1.06,1.156,1.3,1.462,1.349,1.553,1.047,1.063,1.008,1.019,0.9936,0.9922,1.931,2.155,1.499,1.656,1.067,1.094,10.96,45.76,56.76,2.396,3.077,3.055,4.025,1.376,1.081,25.19,25.39,25.67,48.79
47073,4.582,10.52,,,,,5.369,12.12,0.7982,0.6666,,,1.088,1.121,1.089,1.136,1.256,1.359,1.318,1.446,1.038,1.05,1.018,1.02,0.9918,0.9884,4.661,5.957,1.725,1.958,1.137,1.187,0.8532,11.99,19.94,0.9096,1.192,1.27,6.609,2.467,1.96,22.92,23.32,23.38,11.53
47075,2.137,3.185,3.482,7.714,,,1.569,2.006,0.7178,0.5666,,,1.068,1.14,1.027,1.115,1.256,1.374,1.325,1.539,1.041,1.066,1.012,1.025,0.9959,0.9935,1.984,2.19,1.5,1.641,1.068,1.1,10.36,50,60.67,2.358,2.903,2.965,6.278,2.279,1.707,26.39,26.69,27.05,49.01
47077,2.315,3.659,3.7,8.28,,,1.819,2.558,0.7666,0.6249,,,1.078,1.148,1.063,1.133,1.276,1.449,1.305,1.485,1.055,1.072,1.002,1.01,0.9968,0.9956,2.009,2.255,1.472,1.619,1.082,1.104,8.847,38.39,49.22,2.659,3.203,3.183,6.784,2.679,2.167,26.5,26.55,26.77,43.28
47079,2.476,4.013,3.464,7.478,,,2.048,3.026,0.7796,0.6411,,,1.072,1.117,1.052,1.108,1.306,1.446,1.399,1.577,1.052,1.077,1.01,1.036,0.9969,0.9958,2.253,2.551,1.548,1.718,1.095,1.1,7.481,35.58,46.54,2.523,3.286,3.322,9.543,3.99,3.278,25.53,25.78,26.44,35.76
47081,2.57,4.308,3.633,8.256,,,2.754,4.608,0.7958,0.6595,,,1.065,1.119,1.036,1.101,1.244,1.418,1.27,1.486,1.037,1.062,1.002,1.024,0.9954,0.9951,2.453,2.809,1.595,1.784,1.093,1.111,6.089,34.9,47.09,2.324,2.879,2.823,5.449,1.978,1.549,24.61,24.66,25.2,34.66
47083,2.535,4.279,3.332,7.139,,,2.375,3.738,0.7893,0.6515,,,1.066,1.105,1.017,1.066,1.286,1.452,1.35,1.615,1.043,1.069,0.994,1.018,0.9954,0.9942,2.471,2.833,1.576,1.755,1.103,1.115,6.336,31.45,42.82,2.019,2.624,2.646,7.765,3.052,2.498,24.09,23.94,24.51,32.01
47085,2.42,3.986,3.489,7.499,,,2.385,3.804,0.793,0.6573,,,1.072,1.117,1.034,1.078,1.292,1.448,1.358,1.611,1.047,1.067,0.9999,1.018,0.9956,0.9953,2.306,2.636,1.566,1.745,1.115,1.121,7.289,34.16,45.48,2.093,2.663,2.661,6.866,2.563,2.03,24.8,24.8,25.24,35.82
47087,3.159,5.748,,,,,3.002,5.298,0.7898,0.6512,,,1.068,1.099,1.037,1.069,1.28,1.405,1.318,1.574,1.042,1.064,1.012,1.031,0.9941,0.993,2.862,3.353,1.602,1.801,1.122,1.119,3.722,25.14,36.83,2.156,2.884,2.934,7.66,3.156,2.538,23.36,23.64,24.08,25.96
47089,3.709,7.566,,,,,4.057,7.586,0.7941,0.6594,,,1.094,1.12,1.098,1.124,1.295,1.397,1.337,1.476,1.037,1.061,1.019,1.012,0.9927,0.9902,3.694,4.473,1.664,1.874,1.132,1.177,1.759,18.79,28.45,0.7135,1.182,1.259,5.484,1.979,1.561,22.12,22.53,22.38,17.81
47091,,,,,,,,,0.8342,0.7167,0.5153,0.4043,1.069,1.099,1.074,1.088,1.216,1.318,1.313,1.457,1.035,1.051,0.9824,1.013,0.9901,0.9869,,,2.462,3.011,1.182,1.254,0.01746,0.8043,1.966,0.6779,0.9817,1.085,14.53,7.381,6.051,20.64,20.28,20.92,0.5209
47093,3.565,7.083,,,,,2.877,4.722,0.783,0.6407,,,1.085,1.121,1.067,1.112,1.32,1.446,1.363,1.582,1.05,1.071,1.008,1.016,0.9931,0.9896,3.411,4.1,1.606,1.799,1.148,1.197,2.028,20.1,29.85,1.269,1.754,1.855,5.041,1.883,1.391,22.44,22.61,22.8,19.22
47095,2.31,3.61,4.196,9.531,,,1.631,2.144,0.7387,0.5961,,,1.084,1.139,1.068,1.139,1.294,1.421,1.345,1.487,1.05,1.07,1.005,1.019,0.9948,0.9946,2.001,2.2,1.475,1.61,1.106,1.087,9.277,40.99,51.08,2.155,2.948,2.954,10.08,3.785,2.997,26.88,27.03,27.39,43.69
47097,2.13,3.192,3.858,8.489,,,1.522,1.929,0.7085,0.5573,,,1.089,1.149,1.071,1.113,1.278,1.426,1.317,1.527,1.038,1.069,1.019,1.04,0.9961,0.9938,1.932,2.122,1.477,1.611,1.075,1.105,11.17,48.45,58.84,2.181,2.816,2.97,7.523,2.58,1.89,25.93,26.43,26.96,49.11
47099,2.749,4.683,,,,,2.739,4.545,0.7806,0.6399,,,1.102,1.159,1.087,1.171,1.32,1.448,1.304,1.465,1.046,1.067,0.9957,1.026,0.9926,0.9923,2.661,3.068,1.603,1.791,1.076,1.092,4.408,30.19,40.76,2.589,3.197,3.128,4.605,1.715,1.342,24.15,24.04,24.77,29.29
47101,2.689,4.726,,,,,2.831,4.904,0.8,0.6679,,,1.076,1.134,1.056,1.133,1.293,1.45,1.319,1.49,1.042,1.062,0.9956,1.009,0.9943,0.993,2.652,3.079,1.585,1.775,1.081,1.102,4.838,27.72,38.74,2.493,3.063,3.068,5.818,2.237,1.805,23.85,23.74,24.05,28.95
47103,2.643,4.411,,,,,2.615,4.159,0.7815,0.6458,,,1.095,1.143,1.091,1.147,1.314,1.429,1.334,1.477,1.048,1.071,0.9994,1.013,0.9924,0.9919,2.613,3.017,1.597,1.789,1.095,1.11,5.345,33.25,45.18,2.816,3.47,3.492,4.899,1.682,1.35,23.32,23.3,23.61,31.43
47105,3.162,5.994,,,,,2.709,4.284,0.7766,0.6349,,,1.103,1.125,1.079,1.097,1.336,1.441,1.408,1.615,1.056,1.073,1.006,1.015,0.9927,0.9891,3.176,3.725,1.603,1.791,1.118,1.159,2.913,23.38,33.56,2.035,2.642,2.832,4.993,1.866,1.389,23.5,23.63,23.84,22.45
47107,2.927,5.44,,,,,3.22,5.588,0.7853,0.645,,,1.129,1.166,1.121,1.165,1.347,1.475,1.412,1.63,1.057,1.077,1.012,1.002,0.9929,0.9898,2.994,3.51,1.606,1.799,1.13,1.158,3.507,24.83,35.07,1.982,2.616,2.808,4.14,1.462,1.056,23.12,23.39,23.17,24.52
47109,2.196,3.32,3.424,7.334,,,2,2.839,0.7729,0.6388,,,1.089,1.167,1.059,1.168,1.285,1.457,1.334,1.571,1.045,1.067,1.021,1.037,0.9937,0.993,1.99,2.204,1.511,1.664,1.072,1.09,10.29,46.69,57.87,2.679,3.301,3.285,4.788,1.798,1.487,25.83,26.37,26.8,47.96
47111,2.652,4.498,,,,,2.199,3.381,0.7797,0.634,,,1.075,1.121,1.038,1.084,1.285,1.421,1.32,1.551,1.046,1.068,1.021,1.018,0.9945,0.9939,2.781,3.177,1.61,1.788,1.118,1.121,4.876,32.8,43.9,2.145,2.835,2.827,7.924,3.579,3.036,24.73,25.26,25.18,28.96
47113,2.346,3.656,3.701,8.365,,,1.698,2.255,0.7391,0.5897,,,1.072,1.134,1.041,1.131,1.267,1.382,1.319,1.516,1.041,1.054,1.02,1.026,0.9963,0.9952,2.164,2.398,1.523,1.668,1.076,1.102,8.171,44.1,54.92,2.075,2.53,2.513,6.624,2.307,1.781,24.45,24.94,25.09,42.85
47115,3.481,6.984,,,,,3.145,5.661,0.7782,0.6395,,,1.101,1.143,1.064,1.147,1.328,1.453,1.374,1.533,1.052,1.071,1,1.018,0.9917,0.9903,3.491,4.364,1.62,1.833,1.099,1.121,1.663,14.62,22.74,2.453,3.225,3.397,6.03,2.555,2.14,22.57,22.58,22.98,14.9
47117,2.458,3.994,3.784,8.68,,,2.547,4.057,0.7917,0.6606,,,1.071,1.141,1.056,1.138,1.293,1.458,1.313,1.479,1.049,1.074,0.9843,1.005,0.993,0.9916,2.395,2.739,1.59,1.777,1.094,1.107,6.093,36.12,47.36,2.85,3.434,3.429,6.402,2.289,1.864,24.54,24.15,24.65,34.15
47119,2.542,4.287,3.347,7.591,,,2.304,3.634,0.7815,0.64,,,1.069,1.119,1.063,1.118,1.266,1.405,1.275,1.414,1.04,1.057,0.9866,1.019,0.9947,0.9935,2.368,2.727,1.559,1.743,1.09,1.098,6.11,32.37,44.24,2.575,3.171,3.133,6.524,2.484,2,24.83,24.5,25.29,34.09
47121,2.831,5.102,,,,,3.051,5.16,0.776,0.6296,,,1.121,1.162,1.093,1.168,1.381,1.503,1.394,1.624,1.057,1.081,1.004,1.017,0.9916,0.9892,2.799,3.264,1.575,1.76,1.13,1.163,4.004,26.26,36.58,2.253,2.965,3.169,3.526,1.183,0.8748,23.19,23.28,23.59,26.63
47123,3.715,7.663,,,,,4.304,8.471,0.8048,0.6785,,,1.132,1.159,1.127,1.15,1.327,1.435,1.41,1.569,1.049,1.067,1.013,1.016,0.9921,0.988,3.765,4.595,1.719,1.946,1.108,1.134,1.499,15.59,23.63,1.935,2.477,2.655,5.275,2.024,1.519,21.22,21.49,21.56,14.68
47125,2.433,3.967,3.449,7.631,,,2.259,3.446,0.7842,0.643,,,1.076,1.118,1.021,1.084,1.271,1.428,1.309,1.486,1.036,1.061,1.012,1.026,0.9969,0.9948,2.252,2.53,1.566,1.739,1.101,1.121,7.234,37.53,49.85,1.595,2.118,2.17,8.007,2.888,2.284,23.68,23.95,24.29,37.92
47127,2.94,5.274,,,,,2.633,4.271,0.7691,0.6285,,,1.097,1.143,1.094,1.153,1.338,1.435,1.377,1.5,1.053,1.073,1.001,1.017,0.9925,0.9917,3.006,3.515,1.607,1.8,1.085,1.102,3.677,26.65,37.8,2.802,3.405,3.475,5.235,1.978,1.598,22.88,22.9,23.28,24.81
47129,4.143,9.704,,,,,4.752,11.57,0.8032,0.6753,,,1.071,1.121,1.03,1.1,1.344,1.457,1.374,1.573,1.05,1.067,0.9976,1.008,0.9921,0.9893,4.895,6.454,1.73,1.98,1.119,1.158,0.7752,7.456,13.16,1.731,2.442,2.472,9.091,3.869,3.127,21.45,21.39,21.62,7.688
47131,2.439,3.91,,,,,1.819,2.524,0.7678,0.6302,,,1.084,1.139,1.051,1.128,1.306,1.424,1.34,1.496,1.052,1.069,1.011,1.024,0.995,0.9951,2.144,2.375,1.506,1.654,1.103,1.09,7.716,38.6,49.23,2.623,3.361,3.46,10.03,4.02,3.198,26.89,27.18,27.54,39.8
47133,3.666,7.681,,,,,3.858,8.117,0.7992,0.6708,,,1.059,1.096,1.034,1.06,1.285,1.412,1.349,1.565,1.042,1.059,1.007,1.023,0.9952,0.9936,3.815,4.777,1.668,1.895,1.111,1.12,1.625,13.09,21.69,1.989,2.686,2.694,9.752,4.368,3.643,22.22,22.38,22.72,13.95
47135,2.55,4.217,3.985,8.854,,,2.788,4.64,0.8047,0.6776,,,1.086,1.142,1.073,1.14,1.307,1.474,1.335,1.489,1.049,1.075,0.9832,1.019,0.9951,0.9945,2.297,2.62,1.543,1.72,1.076,1.106,6.81,33.11,44.05,2.642,3.147,3.266,5.947,2.186,1.764,25.25,24.83,25.74,35.61
47137,3.672,7.902,,,,,4.022,8.79,0.7982,0.6659,,,1.064,1.103,1.054,1.088,1.298,1.43,1.339,1.553,1.041,1.057,1.007,1.013,0.9945,0.9926,3.838,4.879,1.656,1.888,1.133,1.14,1.513,12.02,20.32,1.411,2.061,2.099,9.455,4.273,3.513,21.85,22.01,22.13,13.16
47139,3.676,7.474,,,,,4.375,8.937,0.812,0.6833,,,1.145,1.175,1.146,1.167,1.352,1.451,1.445,1.606,1.056,1.072,1.016,1.02,0.992,0.989,3.634,4.438,1.679,1.901,1.134,1.155,1.703,17.11,25.8,1.803,2.338,2.488,4.615,1.578,1.142,21.76,22.11,22.2,16.36
47141,3.425,6.746,,,,,3.279,6.187,0.7984,0.6679,,,1.057,1.084,1.026,1.041,1.302,1.403,1.339,1.516,1.047,1.067,1.01,1.023,0.9946,0.993,3.396,4.109,1.651,1.863,1.116,1.122,2.28,17.31,26.55,2.302,3.035,3.08,10,4.531,3.801,22.83,23.06,23.35,17.6
47143,3.003,5.713,,,,,3.492,6.427,0.7933,0.6554,,,1.111,1.148,1.08,1.158,1.384,1.506,1.386,1.597,1.057,1.082,1.006,1.017,0.9921,0.9901,3.153,3.799,1.621,1.827,1.116,1.148,2.849,19.56,28.72,2.562,3.431,3.551,4.797,1.744,1.378,23.03,23.18,23.41,19.69
47145,3.327,6.416,,,,,3.066,5.244,0.7907,0.6539,,,1.093,1.128,1.063,1.114,1.373,1.468,1.409,1.627,1.06,1.076,0.9985,1.005,0.9924,0.9899,3.203,3.811,1.616,1.814,1.122,1.151,2.586,21.26,31.14,2.242,3.038,3.134,5.034,1.893,1.468,23.63,23.6,23.74,21.06
47147,2.51,4.248,,,,,2.234,3.431,0.7811,0.6444,,,1.071,1.109,1.022,1.06,1.26,1.428,1.293,1.506,1.043,1.075,1.001,1.031,0.9951,0.9935,2.336,2.671,1.546,1.724,1.142,1.149,6.181,29.86,41.27,1.866,2.499,2.553,10.66,4.186,3.488,25.19,25.21,25.96,32.39
47149,2.613,4.42,3.466,8.097,,,2.408,3.76,0.7864,0.6469,,,1.073,1.113,1.068,1.09,1.292,1.413,1.313,1.472,1.041,1.057,0.9953,1.01,0.9953,0.9935,2.394,2.738,1.553,1.74,1.092,1.101,5.957,34.43,47,1.953,2.606,2.606,5.782,2.343,1.893,23.98,23.87,24.21,35.1
47151,,,,,,,,,0.8253,0.7073,0.4853,0.3719,1.065,1.106,1.043,1.096,1.305,1.415,1.352,1.516,1.045,1.059,1.009,1.015,0.9916,0.9892,5.398,7.305,1.793,2.071,1.119,1.148,0.5944,6.919,13.19,1.531,2.254,2.359,11.41,5.755,4.824,21.16,21.36,21.47,6.922
47153,3.409,7.258,,,,,4.076,8.48,0.7996,0.6701,,,1.099,1.154,1.063,1.181,1.329,1.452,1.362,1.528,1.056,1.081,0.9965,1.024,0.9929,0.9913,4.323,5.515,1.719,1.957,1.1,1.127,1.144,11.06,18.02,2.685,3.449,3.531,7.003,2.838,2.35,22.59,22.51,23.14,10.54
47155,4.121,8.702,,,,,5.318,11.04,0.8216,0.705,0.5686,0.4665,1.089,1.108,1.07,1.089,1.285,1.377,1.342,1.48,1.039,1.063,1.007,1.018,0.9912,0.9885,4.159,5.177,1.822,2.084,1.138,1.18,0.8962,10.09,15.42,1.279,1.736,1.871,9.031,4.106,3.327,20.26,20.41,20.64,9.49
47157,2.103,3.082,3.798,8.009,,,1.411,1.713,0.6987,0.5555,,,1.091,1.139,1.107,1.162,1.243,1.376,1.289,1.514,1.031,1.062,1.034,1.029,0.9953,0.9923,1.978,2.162,1.487,1.616,1.05,1.085,11.79,53.03,63.77,2.269,2.668,2.819,5.242,1.659,1.206,26.48,27.38,27.26,50.96
47159,2.831,4.974,,,,,2.496,4.027,0.7888,0.6494,,,1.058,1.09,1.017,1.051,1.291,1.42,1.327,1.56,1.044,1.069,1.016,1.031,0.9947,0.9937,2.588,3.005,1.564,1.752,1.111,1.106,5.041,28.26,39.91,1.996,2.72,2.81,7.271,3.151,2.57,23.73,24.1,24.46,29.81
47161,2.495,4.18,3.252,6.957,,,2.135,3.238,0.7949,0.6613,,,1.063,1.121,1.019,1.085,1.297,1.474,1.372,1.591,1.047,1.079,1.004,1.021,0.9951,0.9943,2.383,2.716,1.547,1.714,1.102,1.11,6.577,30.57,41.33,2.197,2.882,3.003,9.224,3.994,3.417,24.59,24.68,25.11,32.44
47163,,,,,,,4.722,11.17,0.7931,0.6534,,,1.074,1.1,1.074,1.093,1.215,1.314,1.281,1.377,1.031,1.047,0.9935,1.014,0.9899,0.9861,6.377,8.261,1.853,2.12,1.157,1.22,0.4238,9.779,16.68,0.3883,0.5567,0.6229,8.716,3.544,2.683,21.34,21.21,21.65,7.21
47165,2.591,4.432,,,,,2.015,2.964,0.7772,0.635,,,1.072,1.1,1.036,1.063,1.269,1.41,1.305,1.517,1.044,1.07,1.01,1.015,0.9956,0.9938,2.392,2.752,1.529,1.703,1.13,1.13,5.666,29.29,40.67,1.846,2.555,2.563,9.092,3.996,3.491,24.85,25.09,25.23,31.67
47167,2.072,3.035,3.843,8.315,,,1.536,1.954,0.717,0.5776,,,1.099,1.148,1.105,1.134,1.276,1.437,1.318,1.549,1.044,1.071,1.015,1.034,0.9959,0.9928,1.9,2.086,1.492,1.629,1.066,1.104,11.9,51.24,61.64,2.322,2.814,3.029,7.081,2.419,1.793,27.3,27.7,28.22,50.75
47169,2.514,4.173,,,,,2.14,3.193,0.7764,0.6316,,,1.072,1.101,1.028,1.056,1.273,1.409,1.322,1.541,1.042,1.064,1.004,1.018,0.9954,0.9945,2.415,2.741,1.547,1.718,1.111,1.108,6.387,35.4,46.96,1.828,2.502,2.506,7.015,3.01,2.541,23.65,23.73,24.08,35.13
47171,,,,,,,,,0.8368,0.7216,0.575,0.48,1.073,1.1,1.071,1.107,1.238,1.333,1.267,1.373,1.036,1.055,0.9933,1.029,0.9891,0.9866,,,2.258,2.675,1.13,1.176,0.05795,1.981,4.033,1.077,1.473,1.654,12.44,6.524,5.394,20.5,20.37,21.1,1.701
47173,4.176,9.187,,,,,4.694,9.937,0.8184,0.6916,,,1.092,1.147,1.094,1.154,1.352,1.475,1.399,1.592,1.054,1.077,1.018,1.019,0.9925,0.9895,4.263,5.326,1.699,1.929,1.176,1.213,1.219,14.51,23.37,1.339,1.979,2.081,6.525,2.752,2.17,22.44,22.85,22.86,13.33
47175,3.829,8.548,,,,,4.894,11.35,0.8077,0.6853,,,1.088,1.135,1.042,1.143,1.34,1.435,1.379,1.536,1.049,1.068,1.003,1.012,0.9932,0.9915,4.445,5.719,1.725,1.972,1.1,1.116,1.022,10.19,17.21,2.04,2.687,2.696,8.296,3.489,2.968,22.77,22.85,23.05,10.35
47177,3.403,6.666,,,,,2.863,5.209,0.7799,0.6383,,,1.097,1.141,1.078,1.167,1.313,1.413,1.367,1.534,1.043,1.064,1.002,1.008,0.9937,0.9918,3.355,4.067,1.626,1.837,1.085,1.093,2.361,19.9,30.26,2.041,2.708,2.733,6.198,2.646,2.286,23.48,23.53,23.67,19.57
47179,,,,,,,6.068,15.57,0.7915,0.6524,,,1.075,1.102,1.073,1.104,1.24,1.342,1.276,1.37,1.033,1.052,0.9996,1.022,0.9883,0.9855,6.529,8.377,1.855,2.112,1.159,1.228,0.381,9.518,16.32,0.389,0.596,0.6837,7.475,3.063,2.292,20.78,20.78,21.24,7.224
47181,2.719,4.606,,,,,3.112,5.452,0.8084,0.6835,,,1.094,1.15,1.081,1.159,1.324,1.485,1.33,1.55,1.049,1.068,0.9934,1.017,0.993,0.9922,2.37,2.723,1.556,1.739,1.071,1.095,5.508,29.73,40.1,2.658,3.259,3.223,5.531,2.023,1.607,23.98,23.82,24.39,32.63
47183,2.412,3.796,3.932,8.934,,,1.925,2.714,0.7721,0.6322,,,1.081,1.128,1.049,1.122,1.305,1.424,1.335,1.499,1.052,1.076,0.9968,1.021,0.9967,0.9958,2.122,2.357,1.53,1.683,1.087,1.094,7.946,41.34,52.7,2.802,3.625,3.62,9.324,3.835,2.973,26.25,26.17,26.81,41.34
47185,3.631,7.353,,,,,3.727,7.501,0.7978,0.6713,,,1.072,1.101,1.04,1.081,1.312,1.408,1.333,1.506,1.047,1.065,1.008,1.012,0.9949,0.9928,3.374,4.126,1.65,1.868,1.096,1.118,1.895,15.88,24.52,2.336,3.076,3.094,9.332,4.046,3.466,22.99,23.19,23.26,16.91
47187,2.592,4.332,3.642,8.539,,,2.521,4.052,0.7845,0.644,,,1.083,1.114,1.062,1.096,1.29,1.433,1.293,1.504,1.04,1.063,0.9853,1.011,0.9946,0.9932,2.488,2.847,1.605,1.795,1.101,1.111,5.664,34.64,46.5,1.972,2.621,2.676,6.758,2.437,1.939,24.64,24.28,24.9,32.94
47189,2.471,4.18,3.579,8.333,,,2.28,3.554,0.789,0.6535,,,1.068,1.094,1.033,1.061,1.254,1.379,1.28,1.484,1.035,1.06,1.002,1.018,0.9952,0.9933,2.274,2.605,1.526,1.706,1.103,1.107,6.758,32.01,43.74,1.84,2.427,2.455,7.087,2.948,2.415,23.57,23.61,23.99,35.55
48001,1.579,1.989,2.323,3.642,,,1.357,1.595,0.6383,0.4798,,,1.043,1.114,0.9956,1.119,1.087,1.179,1.166,1.217,0.9991,1.015,1.099,1.103,1.008,1.007,1.467,1.577,1.404,1.521,1.026,1.044,35.68,84.63,96.02,2.226,2.558,2.709,0.9671,0.2827,0.2141,33.04,36.3,36.43,88.65
48003,1.539,1.91,2.554,3.923,4.999,10.86,2.205,3.127,0.7359,0.5642,,,1.012,0.9941,1.027,1.012,1.026,1.002,1.018,0.9947,0.9669,0.9563,1.063,1.077,1.002,1.005,1.415,1.547,1.462,1.618,1.038,1.042,47.8,97.6,111.9,0.2638,0.304,0.3343,1.752,0.736,0.672,66.68,70.86,71.8,99.88
48005,1.679,2.174,2.908,5.072,,,1.326,1.547,0.6352,0.474,,,1.047,1.087,1.05,1.085,1.09,1.205,1.127,1.23,0.9956,1.01,1.038,1.063,1.009,1.008,1.499,1.617,1.392,1.506,1.02,1.025,29.26,83.29,96.11,2.369,2.662,2.706,0.5537,0.1303,0.1121,29.63,30.77,31.51,89.48
48007,2.337,3.54,,,,,1.136,1.242,0.6115,0.4536,,,1.055,1.003,1.074,1.047,1.109,1.009,1.211,1.105,0.9967,0.9538,1.081,1.11,1.008,1.01,1.627,1.761,1.305,1.394,1.003,1.001,14.65,64.94,82.42,2.631,2.828,2.856,0.1313,0.03119,0.01932,44.14,47.72,49,82.77
48009,1.371,1.615,1.743,2.355,3.059,5.186,1.378,1.635,0.7313,0.5822,,,1.062,1.126,1.051,1.247,1.144,1.208,1.27,1.289,0.9898,1.002,1.054,1.049,1.003,1.004,1.39,1.493,1.418,1.541,1.018,1.035,57.27,99.37,109.4,1.038,1.163,1.229,3.556,1.47,1.122,43.45,45.8,45.58,98.09
48011,1.703,2.185,2.658,4.177,,,2.694,4.105,0.8055,0.674,,,1.107,1.101,1.167,1.175,1.173,1.147,1.21,1.183,0.9707,0.988,1.03,1.045,1.004,1.005,1.609,1.786,1.572,1.761,1.005,1.036,30.02,73.27,85.86,0.4022,0.4802,0.5786,6.848,3.622,2.924,51.94,53.48,54.28,69.38
48013,1.368,1.626,2.004,2.815,6.912,15.62,1.256,1.431,0.6156,0.4643,,,1.004,1.061,1.007,1.07,1.075,1.148,1.132,1.209,0.9806,0.98,1.077,1.099,1.008,1.009,1.32,1.41,1.336,1.44,1.019,1.034,72.14,122.5,134.9,1.414,1.55,1.528,0.1803,0.05414,0.03811,49.71,53.56,54.65,131.3
48015,1.476,1.821,2.227,3.476,,,1.298,1.501,0.579,0.4242,,,1.035,1.068,1.029,1.095,1.073,1.136,1.119,1.206,0.9869,0.983,1.097,1.103,1.01,1.009,1.388,1.488,1.363,1.468,0.976,0.9995,49.19,100.7,112.6,2.173,2.398,2.452,0.4478,0.132,0.0844,35.17,38.57,38.8,108.7
48017,1.888,2.493,3.497,6.176,,,5.206,11.04,0.8291,0.6938,,,0.999,1.021,0.9783,1.042,0.986,1.038,0.9916,1.072,0.9443,0.9719,1.07,1.083,1.004,1.006,1.682,1.866,1.635,1.833,1.023,1.033,23.18,70.69,82.84,0.2663,0.2936,0.314,4.319,2.084,1.654,59.24,63.41,64.17,67.38
48019,1.835,2.473,4.789,8.847,,,1.978,2.612,0.7077,0.5602,,,1.05,1.12,1.012,1.118,1.152,1.263,1.193,1.412,1.004,1.012,1.057,1.065,1.006,1.006,1.617,1.774,1.45,1.598,1.023,1.076,27.51,76.06,91.14,1.748,1.895,2.039,0.6029,0.2245,0.1993,45.03,47.61,47.94,79.96
48021,1.474,1.812,2.427,3.693,,,1.295,1.49,0.6235,0.4807,,,1.014,1.095,0.9816,1.105,1.049,1.184,1.106,1.48,0.9822,1.001,1.091,1.134,1.009,1.009,1.388,1.488,1.376,1.486,1.002,1.035,47.01,99.06,110.2,1.846,2.01,2.097,0.5137,0.1775,0.1273,43.63,47.59,49.47,104.8
48023,1.364,1.602,1.758,2.358,3.28,5.614,1.405,1.679,0.7539,0.61,,,1.071,1.095,1.092,1.199,1.142,1.159,1.205,1.186,0.9934,1.009,1.049,1.033,1.004,1.004,1.362,1.462,1.411,1.534,1.052,1.06,60.47,102.2,112.5,0.9028,1.047,1.145,3.697,1.586,1.231,45.48,47.72,46.98,101.8
48025,1.536,1.942,2.735,4.482,,,1.237,1.402,0.6102,0.4717,,,1.037,1.04,1.084,1.072,1.115,1.085,1.29,1.19,0.9915,0.9645,1.09,1.13,1.01,1.011,1.422,1.535,1.352,1.456,1.049,1.078,47.2,99.45,113,1.242,1.422,1.477,0.2356,0.06735,0.04273,43.79,47.72,49.49,111.1
48027,1.489,1.831,2.356,3.512,,,1.346,1.576,0.6394,0.4806,,,1.087,1.105,1.134,1.173,1.154,1.191,1.152,1.246,0.9983,1.001,1.063,1.09,1.006,1.006,1.445,1.548,1.413,1.531,1.021,1.051,45.62,95.04,106.3,1.551,1.78,1.871,0.9819,0.4043,0.284,41.94,44.59,45.72,97.35
48029,1.504,1.866,2.64,4.096,,,1.29,1.483,0.6245,0.47,,,1.015,1.098,1.008,1.165,1.075,1.219,1.081,1.225,0.9877,0.9933,1.091,1.108,1.009,1.009,1.408,1.514,1.377,1.492,1.002,1.036,50.28,102.1,114.8,1.596,1.728,1.749,0.4036,0.1488,0.1032,44.68,48.76,49.49,107.9
48031,1.584,2.034,3.005,4.871,,,1.585,1.966,0.6844,0.5376,,,1.069,1.148,1.068,1.218,1.17,1.26,1.195,1.364,1.01,1.016,1.084,1.1,1.008,1.008,1.472,1.588,1.402,1.529,1.022,1.073,38.24,83.99,96.5,1.534,1.843,1.895,0.9168,0.3317,0.2766,45.71,49.55,50.29,90.45
48033,1.506,1.847,2.377,3.544,4.664,9.696,1.754,2.291,0.7319,0.5845,,,1.052,1.05,1.092,1.103,1.115,1.13,1.204,1.215,0.9844,0.9798,1.049,1.047,1.002,1.004,1.43,1.562,1.456,1.607,1.044,1.071,48.86,95.82,109.2,0.588,0.611,0.6457,2.565,1.085,0.8648,58.56,61.45,61.33,96.7
48035,1.425,1.713,1.969,2.776,4.186,8.231,1.41,1.683,0.7172,0.5851,,,1.103,1.12,1.136,1.17,1.218,1.247,1.298,1.286,1.01,1.024,1.079,1.088,1.005,1.005,1.387,1.486,1.4,1.518,1.031,1.068,50.58,95.16,106,1.485,1.823,1.96,1.504,0.5144,0.422,39.93,43.07,43.44,98.58
48037,1.703,2.25,2.441,4.084,,,1.43,1.731,0.6595,0.4955,,,1.05,1.076,1.053,1.073,1.106,1.21,1.243,1.269,0.9977,1.023,1.039,1.05,1.001,1.003,1.663,1.804,1.469,1.6,1.04,1.062,25.78,72.04,84.26,2.663,3.125,3.261,1.545,0.3815,0.2551,31.66,32.89,33.26,71.42
48039,3.09,5.113,,,,,1.185,1.322,0.6158,0.4749,,,1.043,1.049,1.01,1.057,1.108,1.093,1.15,1.146,0.9973,0.9859,1.066,1.096,1.011,1.011,1.804,1.968,1.34,1.442,0.992,1.011,6.399,47.83,64.2,3.153,3.272,3.465,0.1879,0.04668,0.03852,30.39,32.41,33.3,66.05
48041,1.507,1.868,2.435,3.782,,,1.27,1.457,0.5961,0.4528,,,1.058,1.061,1.03,1.057,1.08,1.129,1.163,1.215,0.9813,0.9711,1.093,1.118,1.011,1.012,1.405,1.511,1.361,1.471,0.9962,1.009,43.8,92.39,103.7,1.903,2.035,2.13,0.5911,0.1681,0.1432,35.62,38.94,39.83,99.23
48043,1.614,2.087,2.403,3.748,4.533,9.304,1.738,2.403,0.6654,0.4651,,,1.044,1.092,1.11,1.18,1.123,1.173,1.172,1.354,0.9678,0.9856,1.054,1.076,1.001,1.003,1.511,1.667,1.462,1.622,1.103,1.023,43.89,92.28,109.1,0.0946,0.1415,0.1216,0.4129,0.1731,0.1448,74.47,78.5,80.12,96.32
48045,1.6,1.992,2.35,3.499,4.701,9.15,2.368,3.466,0.7988,0.6623,,,1.12,1.096,1.188,1.174,1.231,1.147,1.354,1.29,0.9796,0.9893,1.047,1.053,1.004,1.005,1.529,1.688,1.542,1.715,1.028,1.04,37.27,80.57,92.56,0.5014,0.5618,0.642,6.319,3.388,2.648,52.05,54.5,54.79,77.15
48047,1.362,1.616,2.038,2.91,6.115,15.41,1.208,1.354,0.6066,0.4641,,,1.012,0.9923,0.9958,0.9963,1.064,1.007,1.229,1.146,0.9798,0.948,1.063,1.107,1.007,1.009,1.298,1.384,1.302,1.404,1.036,1.023,83.22,134.6,149.6,0.9182,1.033,1.009,0.1263,0.05267,0.03232,53.61,56.99,59.34,148.3
48049,1.443,1.734,2.084,2.971,4.425,8.782,1.489,1.803,0.7073,0.553,,,1.065,1.099,1.056,1.141,1.169,1.184,1.243,1.296,1.01,1.019,1.069,1.062,1.004,1.004,1.396,1.503,1.422,1.547,1.074,1.104,51.53,99.91,111.6,1.166,1.357,1.406,2.125,0.8699,0.6807,44.55,47.63,47.31,101.4
48051,1.515,1.878,2.537,3.928,,,1.264,1.443,0.5819,0.421,,,1.059,1.076,1.051,1.084,1.071,1.141,1.113,1.218,0.9909,0.9844,1.059,1.09,1.009,1.009,1.417,1.519,1.375,1.485,0.982,1.01,43.13,94.24,105.6,1.778,1.957,2.006,0.5745,0.1832,0.1333,38.18,40.41,41.62,99.55
48053,1.544,1.935,2.715,4.2,,,1.463,1.755,0.7068,0.5628,,,1.09,1.128,1.119,1.208,1.194,1.221,1.209,1.35,1.006,1.007,1.073,1.098,1.007,1.008,1.47,1.575,1.412,1.528,1.023,1.079,39.31,88.12,99.66,1.189,1.382,1.501,1.106,0.4601,0.3571,43.48,46.66,47.74,91.61
48055,1.484,1.856,2.507,3.918,,,1.311,1.526,0.6288,0.4679,,,1.017,1.098,0.979,1.096,1.068,1.188,1.084,1.426,0.9793,0.9937,1.098,1.129,1.01,1.009,1.393,1.501,1.359,1.475,1.005,1.038,47.91,95.43,107.7,1.729,1.862,1.911,0.5244,0.1925,0.1307,43,47.2,48.54,104
48057,2.534,4.069,,,,,1.142,1.253,0.5868,0.4441,,,1.048,1.004,1.072,1.037,1.111,1.064,1.19,1.161,1,0.9636,1.072,1.121,1.009,1.012,1.645,1.789,1.293,1.383,0.9967,1.003,12.26,51.8,69.14,3.068,3.295,3.237,0.1588,0.03798,0.02355,39.83,42.71,44.64,76.31
48059,1.521,1.881,2.363,3.563,,,1.564,1.936,0.7251,0.5791,,,1.053,1.111,1.065,1.192,1.124,1.171,1.223,1.276,1.007,1.014,1.05,1.051,1.003,1.003,1.451,1.578,1.437,1.571,1.054,1.07,42.14,87.58,99.34,0.9399,1.071,1.136,2.691,1.089,0.8481,44.62,46.87,46.87,89.25
48061,1.615,2.045,4.752,9.86,,,1.154,1.268,0.6179,0.5064,,,1.026,0.9941,0.9954,1.01,1.053,0.9529,1.158,1.014,0.9857,0.9157,1.063,1.093,1.006,1.009,1.359,1.463,1.265,1.354,1.01,0.9788,47.39,106.5,123.2,1.349,1.331,1.236,0.06927,0.0286,0.02465,53.24,56.62,58.17,127.6
48063,1.605,2.047,2.221,3.585,,,1.394,1.666,0.6948,0.5378,,,1.042,1.088,1.028,1.076,1.117,1.222,1.296,1.24,1.005,1.019,1.056,1.054,1.003,1.004,1.548,1.665,1.447,1.57,1.045,1.058,31.51,80.46,92.11,2.507,3.123,3.272,1.383,0.3892,0.256,34.05,35.96,35.9,81.01
48065,1.857,2.471,3.329,5.61,,,3.249,5.346,0.813,0.6824,0.6323,0.5595,1.077,1.069,1.142,1.117,1.114,1.136,1.128,1.153,0.9536,0.9857,1.017,1.038,1.004,1.005,1.709,1.91,1.594,1.791,1.015,1.027,22.42,63.04,75.58,0.3245,0.4579,0.4865,8.26,4.242,3.53,51.44,52.34,53.41,60.44
48067,1.659,2.142,2.398,3.98,,,1.368,1.62,0.6608,0.4968,,,1.038,1.106,1.029,1.127,1.118,1.248,1.232,1.301,1.004,1.029,1.036,1.044,1.001,1.003,1.594,1.717,1.457,1.582,1.046,1.061,28.41,78.15,90.28,2.498,3.004,3.129,1.139,0.32,0.2028,31.99,33.13,33.4,77.66
48069,2.04,2.761,3.869,7.062,,,7.628,16.01,0.8335,0.7061,0.6647,0.6177,1.015,1.055,1,1.093,1.022,1.108,1.005,1.088,0.9402,0.9751,1.066,1.075,1.004,1.005,1.785,1.995,1.694,1.911,1.019,1.028,18.07,63.86,76.24,0.3392,0.3798,0.4004,8.159,4.421,3.553,56.42,60.17,60.63,59.16
48071,2.622,4.263,,,,,1.182,1.32,0.6213,0.4842,,,1.052,1.037,1.047,1.024,1.107,1.085,1.149,1.14,1.001,0.9909,1.049,1.063,1.01,1.013,1.679,1.846,1.31,1.409,0.9854,0.993,8.426,43.84,58.77,3.876,4.022,4.126,0.2189,0.05501,0.03932,29.34,30.78,31.18,68.2
48073,1.638,2.114,2.439,3.966,,,1.334,1.566,0.6053,0.4392,,,1.04,1.114,1.011,1.147,1.08,1.183,1.158,1.219,0.9982,1.023,1.054,1.062,1.005,1.004,1.487,1.609,1.391,1.505,1.029,1.039,31.27,78.83,90.94,2.466,2.843,2.952,0.8842,0.266,0.2039,32.75,34.52,34.77,85.38
48075,1.393,1.634,1.8,2.409,3.028,5.034,1.519,1.875,0.7337,0.5739,,,1.103,1.082,1.141,1.164,1.192,1.117,1.284,1.199,0.9779,0.9921,1.046,1.061,1.003,1.006,1.376,1.49,1.449,1.592,1.031,1.064,56.07,97.05,108.4,0.6673,0.7099,0.784,5.006,2.27,1.725,47.79,50,50.69,95.26
48077,1.39,1.647,1.752,2.392,2.945,5.004,1.386,1.655,0.7298,0.5804,,,1.064,1.138,1.054,1.225,1.167,1.237,1.268,1.282,0.9966,1.016,1.071,1.052,1.003,1.004,1.414,1.519,1.429,1.551,1.023,1.046,53.36,95.44,105.2,1.138,1.331,1.401,3.535,1.474,1.123,39.94,42.75,42.03,93.71
48079,1.88,2.507,3.384,6.011,,,5.41,11.15,0.808,0.6635,,,0.9965,1,0.9763,1.011,1.011,1.016,1.061,1.04,0.95,0.964,1.058,1.075,1.004,1.005,1.667,1.856,1.604,1.802,0.9892,0.999,24.81,71.11,84.3,0.3029,0.3569,0.3786,3.93,1.932,1.514,59.57,63.04,64.05,69.51
48081,1.486,1.814,2.353,3.479,5.145,11.14,1.652,2.092,0.7549,0.6055,,,1.027,1.082,1.007,1.121,1.083,1.188,1.187,1.274,0.9828,1.007,1.045,1.055,1.003,1.004,1.411,1.532,1.434,1.57,1.031,1.036,49.17,97.24,109.9,0.6972,0.8093,0.8228,2.337,1.021,0.8483,52.57,54.95,55.43,99.17
48083,1.471,1.782,2.189,3.194,4.717,9.646,1.582,1.963,0.6986,0.5412,,,1.041,1.1,1.032,1.16,1.139,1.201,1.268,1.318,0.9971,1.011,1.08,1.062,1.004,1.004,1.414,1.528,1.434,1.564,1.047,1.066,49.79,97.4,109.7,1.176,1.28,1.391,2.067,0.8475,0.6878,45.75,49.4,48.6,99.19
48085,1.515,1.893,2.21,3.413,4.013,8.532,1.347,1.594,0.7062,0.5678,,,1.109,1.153,1.126,1.235,1.258,1.291,1.326,1.296,1,1.02,1.084,1.057,1.003,1.003,1.467,1.568,1.404,1.521,1.023,1.042,38.51,81.33,91.6,2.04,2.42,2.586,2.469,0.8325,0.7045,36.19,39.21,38.24,83.99
48087,1.459,1.743,1.93,2.673,3.318,5.703,1.788,2.342,0.7648,0.6169,,,1.101,1.07,1.13,1.106,1.17,1.094,1.279,1.221,0.9682,0.9845,1.047,1.062,1.004,1.005,1.438,1.57,1.499,1.652,1.042,1.034,46.3,88.72,100.1,0.8258,0.8888,0.9512,5.961,2.955,2.33,48.76,51.07,51.8,85.47
48089,1.502,1.872,2.341,3.751,,,1.328,1.545,0.615,0.475,,,1.028,1.061,1.02,1.102,1.093,1.134,1.171,1.234,0.9899,0.9864,1.096,1.127,1.012,1.011,1.405,1.505,1.372,1.476,0.9943,1.022,46.47,100.8,113.1,1.933,2.199,2.298,0.3524,0.09659,0.06357,35.98,39.45,40.54,109.1
48091,1.569,1.997,3.024,4.897,,,1.383,1.629,0.6402,0.488,,,1.035,1.121,1.019,1.159,1.099,1.233,1.17,1.283,0.9904,0.9953,1.069,1.097,1.008,1.008,1.461,1.569,1.394,1.513,1.004,1.048,40.93,89.57,101.6,1.746,1.966,2.024,0.704,0.2873,0.2057,44.48,47.54,48.8,95.12
48093,1.493,1.826,2.215,3.236,5.077,10.52,1.49,1.8,0.7062,0.5503,,,1.107,1.124,1.142,1.166,1.205,1.203,1.301,1.267,1.013,1.02,1.069,1.08,1.003,1.004,1.461,1.575,1.44,1.569,1.068,1.102,43.87,91.31,102.9,1.298,1.564,1.611,2.501,1.005,0.7675,43.57,46.57,47.06,91.42
48095,1.461,1.772,2.107,3.037,4.201,8.375,1.711,2.178,0.7161,0.5545,,,1.036,1.084,1.044,1.159,1.129,1.183,1.263,1.342,1.005,1.002,1.063,1.055,1.004,1.005,1.397,1.513,1.42,1.547,1.062,1.087,51.12,97.68,109.7,0.9813,1.083,1.191,1.621,0.6888,0.5456,47.18,50.16,49.77,101.8
48097,1.481,1.825,1.986,2.869,3.247,5.95,1.384,1.657,0.721,0.5746,,,1.083,1.168,1.042,1.223,1.239,1.341,1.374,1.435,1.005,1.031,1.071,1.044,1.003,1.002,1.52,1.635,1.47,1.597,1.04,1.059,39.51,82.12,91.44,1.803,2.248,2.374,3.662,1.314,0.9579,36.79,39.42,38.42,79.51
48099,1.481,1.819,2.187,3.2,5.064,10.7,1.431,1.705,0.6947,0.5525,,,1.105,1.111,1.182,1.213,1.206,1.232,1.22,1.263,1.002,1.013,1.06,1.083,1.005,1.006,1.442,1.546,1.415,1.537,1.016,1.066,45.43,91.95,103.4,1.375,1.628,1.735,1.167,0.4731,0.3545,42.38,44.92,45.88,94.43
48101,1.402,1.656,1.848,2.495,3.31,5.598,1.535,1.904,0.7388,0.5821,,,1.097,1.083,1.141,1.176,1.197,1.124,1.264,1.188,0.9905,0.9912,1.043,1.044,1.003,1.005,1.379,1.494,1.445,1.588,1.036,1.083,57.01,99.15,110.9,0.6429,0.715,0.8233,4.465,2.023,1.526,49.45,51.58,51.61,98.01
48103,1.406,1.684,2.104,2.969,4.572,9.128,1.512,1.854,0.7127,0.5409,,,1.019,1.019,1.05,1.048,1.001,1.074,0.9876,1.002,0.9622,0.955,1.047,1.079,1.002,1.005,1.338,1.44,1.41,1.547,1.021,0.9861,66.38,115.7,130.2,0.2264,0.2364,0.2451,1.022,0.3674,0.3288,70.73,74.02,76.29,118.5
48105,1.54,1.904,2.772,4.371,,,1.734,2.214,0.741,0.5829,,,1.046,1.086,1.046,1.124,1.097,1.176,1.143,1.217,0.9866,0.9883,1.033,1.048,1.003,1.004,1.417,1.535,1.429,1.568,1.076,1.098,47.33,98.51,112.3,0.5292,0.5845,0.6404,1.246,0.4397,0.3829,58.46,60.37,61.29,101.7
48107,1.655,2.076,2.772,4.309,,,2.311,3.304,0.7836,0.6407,,,1.056,1.063,1.07,1.121,1.142,1.102,1.299,1.242,0.9746,0.9834,1.054,1.048,1.003,1.005,1.544,1.696,1.542,1.712,1.029,1.026,35.39,82.11,94.68,0.5295,0.6112,0.6735,5.606,2.727,2.168,53.64,56.55,56.24,78.74
48109,1.696,2.221,2.704,4.459,,,2.646,4.295,0.7255,0.5337,,,1.047,0.9853,1.097,1.013,1.09,0.9648,1.018,1.024,0.9688,0.9523,1.061,1.089,1.003,1.005,1.551,1.721,1.531,1.715,1.106,1.038,34.59,81.57,96.79,0.1252,0.1486,0.161,1.247,0.4702,0.4166,76.56,81.25,83.39,83.07
48111,1.929,2.599,3.54,6.216,,,5.391,11.67,0.8403,0.7149,0.6201,0.544,1.004,1.033,1.002,1.054,0.9628,1.085,1.013,1.106,0.9493,0.963,0.9961,1.021,1.001,1.003,1.788,2.001,1.711,1.946,1.063,1.013,18.77,59.32,71.05,0.1478,0.1806,0.1509,8.795,4.538,3.859,62.04,61.79,63.37,53.75
48113,1.442,1.743,2.029,2.95,3.715,7.414,1.288,1.492,0.6969,0.5613,,,1.093,1.119,1.081,1.131,1.22,1.223,1.308,1.221,0.9972,1.014,1.071,1.067,1.003,1.004,1.409,1.508,1.403,1.517,1.027,1.065,47.09,91.24,100.9,1.602,1.868,1.999,2.104,0.6845,0.5565,37.22,39.86,39.7,92.32
48115,1.559,1.945,2.529,3.843,4.806,10.42,2.857,4.326,0.766,0.6097,,,1.039,1.035,1.056,1.062,1.057,1.066,1.118,1.13,0.9803,0.976,1.045,1.079,1.002,1.004,1.475,1.615,1.501,1.667,1.099,1.088,45.31,91.85,105.1,0.3333,0.3678,0.4222,3.452,1.505,1.179,59.82,62.51,64.54,91.14
48117,2.083,2.87,4.082,7.705,,,5.649,12.1,0.8327,0.7026,0.615,0.5663,1.001,1.053,0.9676,1.076,0.9905,1.078,0.9996,1.084,0.9403,0.9756,1.032,1.048,1.005,1.006,1.796,2.02,1.671,1.893,1.052,1.042,16.94,59.52,72.31,0.3016,0.3361,0.3715,7.431,3.912,3.134,56.9,58.71,59.61,56.09
48119,1.571,2.002,2.218,3.51,3.847,7.866,1.368,1.624,0.7117,0.5625,,,1.086,1.112,1.085,1.122,1.232,1.251,1.512,1.289,1.005,1.019,1.062,1.081,1.004,1.005,1.544,1.655,1.441,1.565,1.024,1.052,33.15,77.95,88.71,2.481,2.998,3.228,2.51,0.7725,0.5673,33.14,35.18,35.8,77.15
48121,1.46,1.773,2.029,2.955,3.576,6.809,1.308,1.527,0.6942,0.5491,,,1.096,1.158,1.082,1.24,1.248,1.335,1.329,1.376,0.9993,1.019,1.068,1.044,1.003,1.003,1.452,1.554,1.426,1.543,1.039,1.061,43.82,88.9,98.51,1.686,2.003,2.109,2.55,0.8119,0.64,37.43,39.97,39.07,88.37
48123,1.494,1.856,2.393,3.759,,,1.279,1.467,0.6168,0.4819,,,1.004,1.054,0.9965,1.083,1.088,1.146,1.217,1.384,0.9886,0.9813,1.081,1.123,1.011,1.011,1.375,1.477,1.354,1.462,1.002,1.022,51.36,105,117.7,1.688,1.85,1.925,0.2909,0.08191,0.05241,39.65,42.87,44.54,113.9
48125,1.505,1.826,2.229,3.22,4.722,9.224,2.052,2.821,0.7924,0.6575,,,1.093,1.081,1.133,1.17,1.215,1.137,1.282,1.212,0.9916,0.9828,1.065,1.037,1.003,1.004,1.444,1.571,1.489,1.642,1.051,1.071,47.18,91.58,103.6,0.6373,0.7632,0.8817,5.512,2.733,2.088,51.84,55.19,53.77,89.96
48127,1.301,1.5,1.7,2.205,4.252,8.07,1.227,1.385,0.5629,0.391,,,1.044,1.056,1.098,1.073,1.111,1.174,1.18,1.361,0.9786,0.9844,1.046,1.084,1.005,1.006,1.275,1.355,1.335,1.445,1.054,1.049,94.84,140.8,154.1,0.9974,1.105,1.102,0.1098,0.02355,0.02183,60.56,63.33,65.66,147.5
48129,1.537,1.881,2.068,2.952,3.732,6.711,2.246,3.197,0.7976,0.6593,,,1.113,1.08,1.172,1.142,1.21,1.126,1.35,1.258,0.9704,0.9889,1.044,1.062,1.004,1.005,1.508,1.658,1.553,1.721,1.02,1.03,40.32,84.16,95.7,0.7574,0.7738,0.8548,6.774,3.664,2.898,51.35,53.63,54.55,78.98
48131,1.379,1.645,2.179,3.152,6.271,15.17,1.241,1.408,0.6136,0.4702,,,1.006,0.9893,0.9797,0.9411,1.057,1.019,1.157,1.113,0.9766,0.9446,1.067,1.1,1.007,1.009,1.327,1.417,1.33,1.437,1.02,1.007,74.89,127.3,141.9,0.9182,0.9685,0.9537,0.1462,0.04596,0.02901,56.17,59.94,61.79,138.3
48133,1.483,1.811,2.12,3.1,4.282,8.661,1.602,2.001,0.7335,0.5846,,,1.072,1.13,1.099,1.224,1.164,1.193,1.293,1.288,1.015,1.023,1.067,1.057,1.004,1.003,1.46,1.577,1.453,1.585,1.062,1.101,45.32,91.37,102.7,1.041,1.21,1.283,3.391,1.35,1.025,42.44,45.29,44.86,90.96
48135,1.541,1.911,2.681,4.143,,,1.881,2.498,0.7346,0.5672,,,0.9991,0.9936,1.022,1.019,0.9917,1.001,0.9748,1.006,0.9591,0.9566,1.059,1.073,1.003,1.005,1.397,1.525,1.443,1.593,1.016,1.003,47.74,98.3,112.4,0.2311,0.2349,0.2558,1.505,0.5715,0.523,68.71,72.73,73.71,101.2
48137,1.759,2.321,3.548,6.428,,,1.952,2.58,0.688,0.5263,,,1.062,1.093,1.05,1.154,1.164,1.257,1.206,1.324,0.9908,0.9949,1.03,1.039,1.005,1.005,1.544,1.694,1.429,1.569,1.045,1.059,30.26,78.11,92.6,0.8742,0.9767,0.9946,0.5484,0.1914,0.1657,51.25,52.8,53.23,84.23
48139,1.441,1.735,2.056,2.965,4.083,8.325,1.306,1.513,0.7032,0.5628,,,1.102,1.131,1.121,1.167,1.204,1.212,1.319,1.254,1.003,1.017,1.066,1.081,1.003,1.004,1.409,1.501,1.405,1.518,1.024,1.063,47.47,93.04,102.7,1.873,2.254,2.453,1.897,0.6236,0.4914,39.3,41.91,42.47,93.74
48141,1.526,1.892,2.25,3.368,3.825,7.989,2.252,3.244,0.7298,0.5375,,,1.051,1.002,1.043,0.9621,1.1,0.9947,1.122,1.055,0.9842,0.9285,1.054,1.069,1.001,1.003,1.403,1.526,1.471,1.632,,,49.14,96.95,110.8,0.04837,0.06831,0.06319,0.39,0.1353,0.1164,94.54,99.6,101.1,99.07
48143,1.495,1.837,2.123,3.089,4.678,9.475,1.51,1.84,0.7172,0.572,,,1.118,1.131,1.184,1.197,1.217,1.22,1.281,1.23,1.008,1.013,1.081,1.094,1.004,1.004,1.466,1.583,1.443,1.573,1.038,1.05,42.71,88.35,99.62,1.36,1.583,1.672,2.585,0.9462,0.7032,42.12,45.54,46.07,88.85
48145,1.479,1.814,2.266,3.352,,,1.3,1.504,0.6492,0.4971,,,1.05,1.08,1.061,1.084,1.1,1.15,1.131,1.184,0.988,0.9971,1.085,1.111,1.007,1.007,1.436,1.536,1.4,1.515,1.02,1.037,44.41,92.94,103.6,1.836,2.14,2.151,0.9802,0.3346,0.265,40,43.39,44.42,96.32
48147,1.56,1.972,2.2,3.417,3.794,7.705,1.395,1.669,0.715,0.5709,,,1.076,1.124,1.059,1.155,1.223,1.247,1.352,1.321,0.99,1.009,1.062,1.061,1.005,1.005,1.561,1.666,1.456,1.58,1.025,1.038,33.14,77.92,87.95,2.12,2.504,2.667,2.956,0.9628,0.7407,34.53,36.67,36.63,75.68
48149,1.49,1.851,2.415,3.724,,,1.274,1.457,0.6132,0.472,,,1.008,1.087,0.9771,1.113,1.058,1.187,1.148,1.353,0.9838,0.9952,1.098,1.124,1.01,1.008,1.4,1.498,1.353,1.456,0.9779,1.015,45.51,95.48,107.2,2.088,2.24,2.339,0.4101,0.1452,0.0972,40.08,43.99,45.06,103.4
48151,1.453,1.748,2.104,2.994,4.101,8.096,1.526,1.877,0.7224,0.56,,,1.059,1.097,1.075,1.224,1.116,1.164,1.228,1.29,0.9907,1.01,1.063,1.072,1.003,1.005,1.383,1.497,1.421,1.555,1.073,1.096,53.04,97.75,108.9,0.6317,0.7662,0.8138,3.331,1.563,1.195,49.74,52.87,53.34,98.58
48153,1.744,2.253,3.211,5.281,,,2.673,4.073,0.8043,0.6653,,,1.091,1.076,1.145,1.141,1.198,1.123,1.352,1.263,0.9877,0.9878,1.044,1.042,1.003,1.005,1.586,1.76,1.538,1.713,1.031,1.04,29.33,71.75,83.81,0.482,0.5553,0.6117,7.018,3.806,3.055,53.37,55.74,55.59,70.6
48155,1.352,1.577,1.72,2.256,2.906,4.736,1.431,1.72,0.7426,0.5891,,,1.092,1.081,1.159,1.168,1.153,1.112,1.192,1.169,0.9914,1.002,1.054,1.04,1.003,1.004,1.353,1.457,1.431,1.564,1.032,1.053,62.95,104,115,0.825,1.001,1.168,4.091,1.827,1.384,48.03,50.61,49.98,102.7
48157,2.108,2.977,5.47,12.51,,,1.216,1.371,0.5606,0.4099,,,1.026,1.05,1.01,1.053,1.082,1.115,1.133,1.167,0.9935,0.9909,1.061,1.081,1.011,1.011,1.596,1.726,1.36,1.466,0.9833,1.004,17.19,70.12,85.07,2.537,2.675,2.847,0.2206,0.05304,0.04221,32.06,34.03,34.64,82.65
48159,1.656,2.149,2.374,3.911,,,1.472,1.791,0.722,0.5715,,,1.064,1.075,1.048,1.047,1.166,1.205,1.408,1.255,1.008,1.023,1.051,1.062,1.001,1.003,1.614,1.741,1.474,1.607,1.032,1.042,28.07,75.56,87.61,2.921,3.448,3.616,1.853,0.513,0.3374,34.27,36.04,36.4,74.43
48161,1.509,1.864,2.223,3.35,,,1.353,1.585,0.6765,0.5275,,,1.04,1.087,0.9947,1.08,1.091,1.141,1.139,1.169,0.9927,1.007,1.096,1.09,1.006,1.006,1.44,1.543,1.403,1.521,1.018,1.032,41.46,90.05,101.1,2.211,2.566,2.643,1.169,0.3421,0.273,35.04,38.42,38.2,92.64
48163,1.363,1.609,1.924,2.625,7.006,15.08,1.334,1.549,0.5662,0.3988,,,1.031,1.079,1.06,1.066,1.133,1.223,1.164,1.278,0.9877,0.9959,1.069,1.085,1.005,1.006,1.329,1.42,1.364,1.479,1.048,1.057,76.77,127.4,140.4,1.3,1.465,1.489,0.1771,0.04719,0.03266,52.11,55.73,56.54,132.9
48165,1.612,2.041,2.706,4.261,,,3.109,4.863,0.7641,0.6025,,,1.021,0.9923,1.026,0.9986,1.048,1.016,1.078,1.032,0.9746,0.9698,1.056,1.077,1.003,1.005,1.51,1.658,1.523,1.695,1.046,1.057,40.68,90.14,104.6,0.3741,0.4248,0.4357,2.545,1.139,0.9429,62.63,66.11,67.45,89.46
48167,4.145,7.85,,,,,1.158,1.279,0.5412,0.3872,,,1.059,1.021,1.031,0.9956,1.091,1.057,1.163,1.124,0.9911,0.9806,1.04,1.073,1.009,1.012,2.42,2.718,1.334,1.43,1.001,1.011,2.861,28.85,43.15,3.137,3.299,3.37,0.1559,0.03593,0.02701,30.51,31.74,32.75,42.2
48169,1.524,1.868,2.416,3.575,5.076,10.38,1.781,2.332,0.7522,0.6018,,,1.074,1.063,1.094,1.125,1.161,1.129,1.25,1.194,0.9904,0.9801,1.049,1.05,1.003,1.005,1.455,1.587,1.48,1.634,1.057,1.061,46.36,93.47,106.4,0.5666,0.6707,0.7287,3.193,1.45,1.17,55.18,57.87,57.95,92.08
48171,1.777,2.389,3.606,6.304,,,2.113,2.872,0.7254,0.5838,,,1.064,1.127,1.075,1.192,1.175,1.252,1.158,1.42,1.01,1.009,1.075,1.079,1.007,1.006,1.608,1.757,1.441,1.579,1.021,1.064,27.6,72.57,86.61,1.369,1.516,1.652,1.048,0.3839,0.3309,44.39,47.73,47.92,77.85
48173,1.55,1.925,2.651,4.095,,,1.915,2.547,0.7543,0.6047,,,1.046,1.053,1.041,1.084,1.1,1.158,1.225,1.265,0.9976,0.9875,1.044,1.068,1.002,1.004,1.444,1.568,1.469,1.614,1.085,1.057,45.52,95.75,109.1,0.3936,0.4309,0.4397,2.555,1.058,0.8881,58.7,61.28,62.7,95.98
48175,1.499,1.876,2.384,3.888,,,1.235,1.397,0.6374,0.516,,,1.038,1.042,1.084,1.079,1.11,1.099,1.311,1.306,0.985,0.9662,1.101,1.135,1.011,1.012,1.39,1.493,1.334,1.432,1.015,1.029,50.88,102.5,115.2,1.614,1.803,1.887,0.1731,0.04561,0.03053,42.12,46.37,47.79,115.4
48177,1.496,1.862,2.543,3.996,,,1.277,1.468,0.5949,0.4336,,,1.013,1.083,0.9829,1.095,1.07,1.164,1.151,1.373,0.9895,0.9912,1.086,1.123,1.01,1.009,1.389,1.491,1.364,1.476,0.9994,1.028,48.58,100.7,113.1,1.747,1.89,1.949,0.4223,0.1446,0.08873,42.13,45.74,47.33,108.4
48179,1.758,2.29,2.878,4.599,,,2.802,4.356,0.8119,0.681,0.6432,0.5594,1.094,1.068,1.142,1.094,1.165,1.151,1.247,1.263,0.9562,0.9977,1.024,1.044,1.003,1.005,1.678,1.868,1.609,1.801,1.043,1.031,25.79,67.58,80,0.484,0.6275,0.6657,9.154,4.933,4.018,49.58,50.78,51.74,62.66
48181,1.52,1.906,2.101,3.183,3.558,7.095,1.358,1.618,0.7004,0.5482,,,1.096,1.153,1.087,1.226,1.239,1.289,1.393,1.427,0.9999,1.01,1.085,1.049,1.003,1.003,1.536,1.64,1.447,1.566,1.036,1.053,35.08,77.69,87.02,1.625,2.021,2.13,3.374,1.159,0.8864,34.5,37.43,36.18,76.85
48183,1.68,2.186,2.604,4.327,,,1.377,1.633,0.7077,0.5506,,,1.047,1.128,1.065,1.158,1.114,1.23,1.188,1.261,1.008,1.035,1.042,1.049,1.003,1.003,1.566,1.691,1.433,1.551,1.036,1.047,27.83,76.38,88.71,2.262,2.738,2.823,1.432,0.459,0.3167,32.73,34.1,34.33,79.6
48185,1.54,1.923,2.692,4.306,,,1.294,1.497,0.6036,0.4541,,,1.059,1.078,1.049,1.075,1.075,1.142,1.166,1.207,0.9876,0.9862,1.085,1.104,1.012,1.012,1.423,1.532,1.374,1.486,0.9938,0.9916,40.71,90.82,102.6,1.974,2.124,2.184,0.5539,0.1533,0.1198,33.2,36.03,36.66,97.86
48187,1.489,1.856,2.563,3.982,,,1.295,1.501,0.627,0.4624,,,1.008,1.085,0.9823,1.112,1.049,1.152,1.071,1.308,0.9823,0.9754,1.094,1.107,1.011,1.01,1.397,1.502,1.365,1.479,1.007,1.038,49.23,98.04,110.2,1.648,1.882,1.848,0.5105,0.1954,0.1207,42.69,46.68,47.24,105.5
48189,1.876,2.477,3.756,6.557,,,3.233,5.255,0.7986,0.6567,,,1.032,1.043,1.028,1.071,1.109,1.082,1.125,1.104,0.9617,0.9734,1.054,1.072,1.003,1.006,1.67,1.858,1.581,1.769,1.042,1.044,23.81,68.83,81.14,0.3745,0.4434,0.484,5.938,3.032,2.417,55.63,58.66,59.62,66.05
48191,1.434,1.694,1.887,2.555,3.334,5.611,1.645,2.088,0.7531,0.5923,,,1.124,1.084,1.19,1.157,1.23,1.135,1.406,1.314,0.9825,0.9934,1.052,1.051,1.003,1.004,1.407,1.531,1.478,1.627,1.027,1.042,52.07,94.99,106.6,0.6248,0.6617,0.7195,5.241,2.578,1.923,51,53.66,53.62,91.82
48193,1.505,1.863,2.252,3.327,,,1.479,1.787,0.7013,0.554,,,1.101,1.087,1.149,1.129,1.194,1.21,1.211,1.212,1.006,1.009,1.067,1.083,1.005,1.005,1.452,1.566,1.414,1.538,1.045,1.074,41.65,86.44,97.82,1.19,1.422,1.557,1.737,0.6711,0.5014,41.35,44.1,44.8,89.52
48195,1.595,1.975,2.464,3.669,5.74,11.62,3.127,5.035,0.8323,0.7077,0.6621,0.5704,1.044,1.062,1.117,1.093,1.018,1.098,1.134,1.297,0.9407,0.9919,0.9907,1.012,1.002,1.005,1.537,1.7,1.595,1.795,1.05,0.9872,36.47,78.92,91.18,0.3328,0.4088,0.3693,10.33,5.566,4.681,55.48,54.97,56.15,73.89
48197,1.351,1.57,1.702,2.224,2.72,4.375,1.439,1.732,0.7537,0.6034,,,1.117,1.109,1.168,1.207,1.196,1.162,1.188,1.195,0.9967,1.014,1.058,1.048,1.004,1.006,1.357,1.461,1.443,1.577,1.022,1.046,61.1,102.2,112.7,0.8769,1.055,1.13,4.634,2.132,1.573,47.04,49.75,49.28,100
48199,2.088,2.935,5.64,13.33,,,1.291,1.49,0.6239,0.4672,,,1.062,1.063,1.036,1.06,1.112,1.129,1.207,1.213,1.001,1.003,1.043,1.059,1.009,1.011,1.569,1.695,1.363,1.473,0.9996,1.005,18.04,69.07,83.95,3.889,4.082,4.138,0.3301,0.08851,0.05727,28.02,29.23,29.67,82.84
48201,1.993,2.767,4.753,10.46,,,1.206,1.355,0.5814,0.4411,,,1.053,1.048,1.058,1.056,1.071,1.084,1.129,1.149,0.9855,0.9826,1.051,1.065,1.011,1.011,1.569,1.703,1.354,1.46,0.9762,0.9865,19.03,71.27,85.47,3.033,3.139,3.269,0.2593,0.05272,0.04816,30.72,32.3,32.71,83.1
48203,1.714,2.232,2.68,4.547,,,1.355,1.6,0.686,0.5222,,,1.032,1.128,1.017,1.164,1.119,1.261,1.176,1.282,1.01,1.034,1.043,1.047,1.003,1.003,1.572,1.693,1.435,1.556,1.042,1.046,26.49,75.45,87.8,2.71,3.241,3.244,1.235,0.3812,0.2482,33.22,34.65,34.77,78.2
48205,1.881,2.494,3.483,6.028,,,4.575,9.028,0.8407,0.7135,0.613,0.5423,1.015,1.035,1.014,1.049,0.9912,1.094,0.9734,1.119,0.9516,0.9751,1.004,1.015,1.002,1.004,1.725,1.929,1.672,1.896,1.083,1.079,21.18,63.41,75.5,0.1534,0.2248,0.2169,7.647,3.989,3.396,61.41,61.63,62.32,58.24
48207,1.374,1.617,1.836,2.483,3.533,6.321,1.414,1.699,0.7427,0.5921,,,1.063,1.101,1.122,1.24,1.123,1.121,1.192,1.2,0.9977,1.013,1.056,1.057,1.004,1.005,1.34,1.44,1.392,1.518,1.066,1.109,62.99,103.8,115.5,0.6915,0.7853,0.8874,4.194,1.88,1.409,46.98,49.63,49.67,105.6
48209,1.539,1.94,2.722,4.277,,,1.386,1.634,0.6379,0.4858,,,1.042,1.113,1.025,1.136,1.111,1.219,1.155,1.363,0.991,0.999,1.092,1.122,1.009,1.009,1.441,1.551,1.401,1.523,1.007,1.054,42.33,91.97,103.7,1.629,1.831,1.876,0.6447,0.2349,0.1904,45.52,49.71,51.06,96.65
48211,1.608,2.022,2.398,3.642,5.406,10.93,2.381,3.514,0.8262,0.7033,0.648,0.5674,1.052,1.047,1.101,1.075,1.068,1.087,1.083,1.143,0.9528,0.9952,1.015,1.028,1.003,1.004,1.561,1.73,1.559,1.747,1.023,0.9929,34.42,75.85,88.74,0.4657,0.5845,0.6004,9.61,5.209,4.276,48.95,49.67,50.33,71.61
48213,1.541,1.928,2.2,3.394,4.382,9.137,1.359,1.598,0.6715,0.523,,,1.063,1.107,1.044,1.108,1.118,1.166,1.247,1.265,0.9996,1.012,1.086,1.092,1.005,1.006,1.471,1.576,1.413,1.532,1.023,1.054,37.98,85.87,96.75,2.056,2.527,2.694,1.431,0.4114,0.3192,36.48,39.62,39.84,87.7
48215,1.386,1.651,2.427,3.646,,,1.182,1.311,0.6011,0.4837,,,1.044,1.023,1.047,1.037,1.061,0.9949,1.159,1.062,0.9835,0.9398,1.055,1.091,1.005,1.008,1.308,1.39,1.28,1.375,1.022,0.9921,79.74,133,148.4,0.9664,1.006,0.9571,0.06468,0.03053,0.02681,56.03,59.14,61.14,149.7
48217,1.445,1.743,2.07,2.953,4.433,8.924,1.306,1.514,0.6977,0.5601,,,1.091,1.127,1.102,1.161,1.189,1.211,1.244,1.243,1.01,1.022,1.083,1.095,1.005,1.006,1.423,1.517,1.408,1.521,1.028,1.071,46.99,93.61,103.6,1.675,2.108,2.224,1.669,0.548,0.4383,39.95,43.29,43.76,94.73
48219,1.791,2.335,3.16,5.368,,,4.296,7.554,0.7997,0.6556,,,1.014,1.01,0.9905,1.028,1.07,1.028,1.107,1.053,0.9707,0.971,1.032,1.055,1.003,1.005,1.62,1.789,1.573,1.759,1.01,1.029,29.41,76.35,89.36,0.3799,0.4663,0.5201,4.689,2.367,1.893,57.39,59.22,60.56,73.75
48221,1.399,1.672,1.933,2.697,3.808,7.179,1.413,1.698,0.7391,0.6053,,,1.101,1.142,1.13,1.212,1.231,1.272,1.295,1.29,1.01,1.019,1.079,1.079,1.005,1.005,1.388,1.493,1.403,1.521,1.032,1.045,52.85,95.05,105.4,1.462,1.762,1.915,1.803,0.5979,0.5072,39.96,43.11,43.1,97.75
48223,1.608,2.073,2.288,3.706,4.039,8.322,1.437,1.731,0.723,0.5755,,,1.078,1.087,1.082,1.066,1.21,1.228,1.526,1.364,1.007,1.025,1.055,1.063,1.003,1.004,1.571,1.689,1.455,1.585,1.029,1.053,31.32,76.96,88.36,2.477,2.959,3.203,2.518,0.7817,0.5658,33.29,35.13,35.39,76.16
48225,1.58,1.979,2.494,3.907,,,1.373,1.612,0.6388,0.4753,,,1.048,1.108,1.012,1.101,1.079,1.188,1.16,1.231,0.995,1.011,1.056,1.079,1.007,1.007,1.495,1.602,1.422,1.538,1.01,1.022,35.86,89.43,100.7,2.289,2.626,2.654,0.7814,0.2302,0.1604,32.22,34.01,34.76,90.91
48227,1.505,1.849,2.388,3.573,4.564,9.881,1.569,1.962,0.7362,0.5856,,,1.047,1.068,1.038,1.121,1.095,1.149,1.236,1.255,0.9906,0.9863,1.049,1.066,1.003,1.004,1.421,1.544,1.443,1.584,1.093,1.045,49.86,98.01,110.9,0.534,0.5646,0.5796,2.72,1.155,0.9488,58.68,61.57,62.53,98.32
48229,1.57,1.991,2.204,3.364,3.625,7.625,3.312,6.13,0.7851,0.6163,,,1.063,1.007,1.112,1.002,1.103,0.9954,1.11,1.088,0.9692,0.9414,1.066,1.102,1.002,1.005,1.456,1.603,1.529,1.714,,,44.87,90.83,105.4,0.06563,0.08666,0.0903,0.4769,0.1945,0.1592,86.15,91.81,94.96,93.36
48231,1.544,1.95,2.197,3.417,3.846,7.909,1.378,1.639,0.7264,0.5825,,,1.09,1.116,1.11,1.142,1.227,1.244,1.354,1.271,0.9982,1.019,1.061,1.072,1.005,1.005,1.493,1.594,1.413,1.534,1.024,1.043,36.21,79.19,89.64,2.281,2.721,2.963,2.785,0.9882,0.7901,33.99,36.05,36.44,80.66
48233,1.674,2.107,2.811,4.388,,,2.638,3.968,0.8112,0.6785,0.6548,0.5725,1.064,1.045,1.134,1.062,1.057,1.103,1.123,1.199,0.9464,0.9851,1.01,1.037,1.004,1.005,1.579,1.745,1.563,1.748,1.045,1.034,31.33,74.23,86.59,0.3042,0.4041,0.3924,8.206,4.399,3.668,52.57,53.09,54.51,70.76
48235,1.503,1.836,2.436,3.639,5.039,11.53,1.951,2.592,0.7411,0.5797,,,1.04,1.077,1.005,1.12,1.075,1.17,1.17,1.218,0.9855,0.9871,1.018,1.02,1.002,1.003,1.415,1.528,1.469,1.611,1.069,1.084,49.27,100.8,113.7,0.4827,0.5517,0.5643,2.198,0.9223,0.7422,54.73,55.74,55.81,101.1
48237,1.419,1.69,1.89,2.622,3.26,5.808,1.393,1.651,0.7223,0.5752,,,1.072,1.157,1.064,1.28,1.193,1.288,1.364,1.399,1.013,1.031,1.065,1.056,1.003,1.003,1.424,1.527,1.44,1.563,1.046,1.074,50.88,95.96,106.1,1.144,1.36,1.435,3.132,1.272,0.9002,40.69,43.33,42.98,93.63
48239,1.832,2.488,3.622,7.564,,,1.186,1.324,0.566,0.4211,,,1.037,1.023,1.072,1.046,1.123,1.1,1.171,1.159,0.996,0.9697,1.067,1.108,1.013,1.013,1.468,1.579,1.325,1.423,0.995,1.023,27.15,80.21,94.35,2.541,2.765,2.786,0.2483,0.06836,0.05438,35.89,38.31,39.75,95.66
48241,2.008,2.761,4.084,8.661,,,1.39,1.645,0.6266,0.4563,,,1.067,1.084,1.067,1.085,1.103,1.159,1.163,1.218,1.001,1.014,1.046,1.051,1.006,1.006,1.571,1.688,1.389,1.506,0.9988,0.9932,18.32,73.2,87.62,4.14,4.392,4.39,0.3948,0.09473,0.06791,29.63,31,31.13,82.42
48243,2.151,3.187,3.649,7.095,,,4.043,8.522,0.692,0.4888,,,1.021,1.015,1.055,1.045,1.07,1.023,1.037,1.047,0.9666,0.9672,1.052,1.082,1.002,1.005,1.945,2.255,1.632,1.858,1.165,1.06,15.37,52.5,67.76,0.1031,0.1621,0.1533,1.016,0.4225,0.3912,72.98,76.74,78.96,54.04
48245,2.418,3.685,,,,,1.197,1.34,0.639,0.4954,,,1.042,1.035,1.01,1.003,1.084,1.083,1.144,1.131,0.9989,0.9964,1.04,1.057,1.01,1.014,1.622,1.766,1.33,1.43,1.001,1.011,11.18,55.42,71.1,3.747,3.884,3.965,0.2662,0.06971,0.05294,27.28,28.39,28.83,75.43
48247,1.363,1.615,2.138,3.064,,,1.223,1.376,0.6149,0.474,,,1.002,0.9673,0.9964,0.9358,1.031,0.9868,1.153,1.097,0.9736,0.9345,1.075,1.109,1.007,1.01,1.309,1.395,1.318,1.426,1.02,0.9994,80.56,133.1,148.4,0.8599,0.9253,0.8568,0.08585,0.03428,0.02574,56.03,60.23,62.12,144.5
48249,1.436,1.747,2.579,4.022,,,1.204,1.349,0.5713,0.4257,,,1.038,1.016,1.023,0.9959,1.083,1.057,1.162,1.127,0.9873,0.9654,1.077,1.112,1.008,1.01,1.339,1.437,1.309,1.411,1.054,1.073,65.32,118.9,133.5,1.154,1.34,1.384,0.135,0.0433,0.03004,49.91,53.76,55.5,132.8
48251,1.401,1.673,1.922,2.699,3.727,7.212,1.336,1.571,0.7127,0.5787,,,1.098,1.132,1.117,1.198,1.241,1.254,1.311,1.259,1.008,1.022,1.093,1.095,1.005,1.005,1.383,1.479,1.39,1.502,1.034,1.059,52.29,94.16,104.1,1.744,2.146,2.267,1.878,0.6192,0.5518,40.28,44.04,44.1,97.19
48253,1.415,1.692,1.987,2.774,3.842,7.279,1.403,1.681,0.6989,0.5392,,,1.044,1.111,1.079,1.244,1.103,1.158,1.196,1.365,0.9933,1.011,1.058,1.058,1.004,1.005,1.362,1.474,1.405,1.537,1.055,1.105,56.98,100.7,112.4,0.8541,0.9837,1.076,2.971,1.277,0.8766,48.48,51.3,51.3,102.6
48255,1.445,1.762,2.356,3.582,,,1.258,1.435,0.6293,0.4881,,,0.9933,1.047,0.9623,1.057,1.068,1.1,1.172,1.272,0.9825,0.9742,1.062,1.091,1.009,1.008,1.358,1.453,1.343,1.445,0.9956,1.025,56.75,108.7,120.4,1.44,1.511,1.556,0.2782,0.1107,0.06543,45.53,48.34,49.66,118.1
48257,1.463,1.784,2.085,3.07,4.09,8.167,1.327,1.549,0.7031,0.5595,,,1.104,1.134,1.114,1.175,1.236,1.244,1.351,1.246,1.005,1.025,1.084,1.084,1.004,1.005,1.437,1.532,1.414,1.532,1.03,1.052,44.05,89.33,99.24,2.176,2.608,2.868,2.239,0.7569,0.5987,38.12,41.31,41.31,89.52
48259,1.8,2.434,4.502,8.205,,,1.841,2.391,0.6888,0.5427,,,1.036,1.121,0.995,1.134,1.145,1.259,1.142,1.329,1.007,1.012,1.073,1.084,1.007,1.006,1.593,1.736,1.429,1.567,1.023,1.068,27.75,73.61,88.24,1.87,2.092,2.155,0.859,0.3131,0.2561,44.43,47.66,48.16,79.98
48261,1.433,1.745,2.276,3.572,,,1.174,1.297,0.6143,0.4907,,,1.022,0.9951,1.003,1.014,1.04,0.982,1.152,1.046,0.9818,0.9318,1.068,1.112,1.006,1.008,1.312,1.399,1.275,1.365,1.021,1.025,70.18,121.9,136.7,1.138,1.205,1.174,0.08455,0.03685,0.03066,51.38,54.86,57.12,140.1
48263,1.458,1.749,2.093,2.948,4.266,8.106,1.738,2.248,0.773,0.6292,,,1.091,1.086,1.138,1.191,1.2,1.138,1.278,1.168,0.9971,0.9885,1.067,1.059,1.003,1.005,1.402,1.515,1.454,1.596,1.071,1.091,53.85,98.19,110.1,0.5747,0.7266,0.8122,4.262,2.049,1.566,51.8,55.25,54.84,97.29
48265,1.917,2.647,4.441,8.348,,,2.507,3.615,0.7287,0.5817,,,1.043,1.105,1.014,1.134,1.137,1.205,1.129,1.373,0.9995,1.008,1.062,1.063,1.006,1.006,1.676,1.847,1.467,1.616,1.027,1.059,22.95,67.99,82.75,1.469,1.629,1.77,0.9979,0.3391,0.3117,45.62,48.46,48.5,73.24
48267,1.606,2.046,2.597,4.151,,,2.365,3.374,0.7421,0.5949,,,1.06,1.114,1.064,1.222,1.116,1.241,1.189,1.35,0.9913,0.9989,1.064,1.076,1.005,1.006,1.47,1.602,1.425,1.556,1.022,1.066,38.22,84.47,97.09,0.837,0.8983,0.9833,1.197,0.4134,0.3557,47.9,50.96,51.53,91.41
48269,1.38,1.623,1.815,2.422,3.435,5.945,1.619,2.05,0.7753,0.6342,,,1.084,1.083,1.157,1.181,1.163,1.1,1.212,1.199,0.9843,0.9882,1.059,1.044,1.004,1.005,1.355,1.461,1.432,1.568,1.028,1.054,62.56,103.5,115.1,0.7077,0.7881,0.9124,4.489,2.059,1.55,50.67,53.65,52.91,103.5
48271,1.462,1.779,2.319,3.436,,,1.321,1.529,0.6188,0.4423,,,1.064,1.08,1.114,1.109,1.168,1.237,1.274,1.378,0.9778,0.9858,1.034,1.048,1.005,1.006,1.351,1.455,1.355,1.476,1.081,1.053,59.34,107.9,122.5,0.9224,1.1,1.057,0.1272,0.05043,0.02939,56.53,58.48,59.27,116.7
48273,1.588,2.003,2.904,5.097,,,1.173,1.296,0.6041,0.4794,,,1.038,1.002,1.03,1.007,1.055,1.001,1.152,1.103,0.996,0.9524,1.076,1.107,1.008,1.01,1.377,1.478,1.298,1.392,1.012,1.032,47.73,104.5,119.5,1.397,1.454,1.491,0.09365,0.03284,0.02051,50.07,53.89,55.44,121
48275,1.347,1.57,1.731,2.281,3.22,5.439,1.424,1.712,0.7466,0.5956,,,1.093,1.097,1.178,1.216,1.118,1.097,1.164,1.159,0.9868,0.9933,1.069,1.059,1.004,1.005,1.327,1.423,1.396,1.522,1.035,1.055,67.07,107.1,118.2,0.7973,0.9042,1.013,3.787,1.671,1.283,47.77,51.05,50.6,108
48277,1.601,2.065,2.221,3.539,3.834,7.807,1.374,1.637,0.6932,0.538,,,1.091,1.109,1.082,1.13,1.246,1.246,1.496,1.35,1.003,1.018,1.063,1.068,1.004,1.005,1.603,1.724,1.459,1.584,1.029,1.045,29.69,73.96,84.86,2.581,3.029,3.22,2.378,0.6626,0.483,32.8,34.88,35.04,72.33
48279,1.945,2.595,3.734,6.663,,,5.492,10.66,0.8198,0.6846,,,1.003,1.026,0.9757,1.054,1.032,1.071,1.051,1.119,0.9523,0.9719,1.058,1.078,1.004,1.006,1.72,1.911,1.636,1.836,1.018,1.036,21.75,68.79,81.3,0.3394,0.3963,0.3944,6.141,3.156,2.53,57.13,60.44,61.57,64.88
48281,1.555,1.957,2.679,4.124,,,1.539,1.882,0.7139,0.5634,,,1.073,1.117,1.109,1.198,1.173,1.219,1.172,1.264,0.9995,0.9996,1.062,1.093,1.005,1.007,1.495,1.61,1.423,1.549,1.026,1.064,38.57,84.68,97.01,1.173,1.342,1.519,1.354,0.5739,0.4367,45.01,47.82,49.19,87.94
48283,1.296,1.496,1.674,2.166,4.246,7.944,1.24,1.407,0.5839,0.419,,,1.01,1.032,1.011,1.014,1.111,1.131,1.221,1.239,0.9858,0.9762,1.065,1.104,1.005,1.006,1.272,1.35,1.327,1.433,1.056,1.073,92.94,138.5,151.1,0.9351,1.052,1.059,0.1469,0.04675,0.02909,55.7,59.33,61.47,146.8
48285,1.526,1.91,2.532,4.11,,,1.266,1.445,0.5789,0.4328,,,1.027,1.085,1.021,1.111,1.103,1.156,1.232,1.356,0.9909,0.9844,1.079,1.122,1.011,1.011,1.398,1.498,1.354,1.458,0.9944,1.032,45.13,98.86,111.2,1.978,2.188,2.274,0.2975,0.08256,0.05761,37.06,40,41.57,107.5
48287,1.521,1.876,2.568,3.93,,,1.283,1.464,0.6128,0.4501,,,1.031,1.089,1.019,1.098,1.075,1.18,1.149,1.301,0.9901,0.9944,1.07,1.1,1.008,1.008,1.436,1.533,1.399,1.509,0.985,1.018,42.16,96.93,108.2,1.828,1.971,2.112,0.5908,0.2375,0.137,40.65,43.5,44.71,99.34
48289,1.539,1.915,2.42,3.734,,,1.393,1.652,0.6811,0.5304,,,1.042,1.077,0.993,1.065,1.081,1.167,1.186,1.235,0.991,1.01,1.085,1.107,1.007,1.008,1.452,1.554,1.4,1.516,1.009,1.018,39.18,88.53,99.52,2.302,2.564,2.663,0.9838,0.3182,0.2439,35.05,38.04,38.81,92.38
48291,1.997,2.784,4.496,9.9,,,1.258,1.435,0.6516,0.5109,,,1.072,1.069,1.079,1.089,1.093,1.102,1.156,1.166,0.9995,0.9952,1.06,1.067,1.012,1.013,1.566,1.694,1.366,1.476,0.9856,0.994,20.04,70.5,84.94,3.812,3.971,4.002,0.3189,0.09074,0.05055,30.09,31.91,32.09,83.34
48293,1.484,1.822,2.226,3.297,,,1.336,1.558,0.6697,0.5184,,,1.037,1.095,1.012,1.108,1.096,1.162,1.146,1.188,0.9893,1.009,1.083,1.091,1.006,1.007,1.448,1.55,1.414,1.533,1.032,1.036,42.24,90.95,101.6,2.173,2.528,2.619,1.277,0.3999,0.2972,38.44,41.62,41.93,92.49
48295,1.593,1.98,2.242,3.312,4.247,7.981,2.369,3.48,0.8351,0.7163,0.6374,0.5468,1.053,1.055,1.106,1.082,1.044,1.087,1.036,1.142,0.9535,0.9901,1.015,1.03,1.002,1.004,1.592,1.752,1.595,1.781,1.009,0.9585,33.75,75.26,86.79,0.5339,0.632,0.6567,12.39,6.603,5.462,49.99,50.77,51.48,68.36
48297,1.421,1.734,2.258,3.403,,,1.223,1.382,0.6012,0.4524,,,1.028,1.048,1.018,1.041,1.146,1.143,1.296,1.215,1.003,0.9818,1.073,1.114,1.008,1.009,1.347,1.448,1.325,1.428,1.05,1.069,62.96,113.7,126.8,1.158,1.386,1.405,0.2168,0.06183,0.04469,47.87,51.34,53.32,125.3
48299,1.479,1.825,2.284,3.369,,,1.47,1.78,0.72,0.5674,,,1.091,1.138,1.121,1.246,1.194,1.215,1.162,1.299,1.012,1.011,1.069,1.077,1.007,1.007,1.417,1.523,1.396,1.513,1.038,1.082,47.85,95.18,107.3,0.9538,1.161,1.256,1.115,0.4244,0.3425,44.16,47.2,47.55,99.97
48301,1.386,1.656,2.004,2.774,3.786,7.082,1.858,2.468,0.7501,0.5686,,,1.021,0.9915,1.045,1.038,1.039,0.9575,0.9779,0.9326,0.9648,0.9466,1.036,1.066,1.001,1.004,1.344,1.454,1.442,1.592,1.06,1.033,67.14,114.8,129.2,0.1578,0.1963,0.2194,0.9853,0.3794,0.3507,77.91,80.71,83.04,116
48303,1.769,2.283,3.055,5.065,,,2.443,3.558,0.7686,0.6194,,,1.053,1.025,1.056,1.043,1.146,1.068,1.183,1.116,0.981,0.9827,1.027,1.03,1.003,1.005,1.596,1.761,1.55,1.727,1.008,1.023,28.99,77.43,90.61,0.3992,0.4645,0.5009,4.453,1.97,1.6,55.39,56.86,57.02,74.27
48305,1.654,2.097,2.834,4.503,,,2.646,3.912,0.7748,0.6251,,,1.057,1.032,1.064,1.047,1.125,1.096,1.201,1.149,0.9909,0.9841,1.052,1.057,1.003,1.005,1.535,1.688,1.532,1.704,1.053,1.065,36.41,84.64,97.91,0.4989,0.5285,0.596,3.708,1.712,1.386,56.78,59.74,59.99,82.61
48307,1.483,1.818,2.307,3.405,,,1.622,2.021,0.6977,0.5309,,,1.046,1.093,1.052,1.175,1.14,1.184,1.178,1.252,1.003,1.003,1.052,1.054,1.004,1.004,1.433,1.548,1.43,1.559,1.062,1.108,48.26,95.48,108.2,0.9311,1.064,1.15,1.684,0.6913,0.5561,45.41,47.78,47.88,98.6
48309,1.448,1.751,2.147,3.093,5.044,10.54,1.28,1.469,0.6698,0.5207,,,1.074,1.105,1.084,1.139,1.155,1.19,1.189,1.2,0.9925,1.01,1.092,1.103,1.007,1.008,1.421,1.513,1.406,1.521,1.028,1.06,47.47,95.82,106,1.509,1.792,1.848,1.277,0.4956,0.3492,39.61,43.25,43.7,96.83
48311,1.319,1.549,1.8,2.423,4.865,10.24,1.231,1.397,0.6138,0.4635,,,1.032,1.041,1.035,1.031,1.137,1.118,1.247,1.176,0.998,0.9669,1.056,1.096,1.006,1.007,1.292,1.376,1.314,1.416,1.049,1.057,84.71,131,143.6,0.8677,1.063,1.023,0.1658,0.0466,0.03517,52.18,55.12,57.16,141.5
48313,1.5,1.851,2.441,3.745,,,1.325,1.547,0.6309,0.489,,,1.063,1.089,1.038,1.087,1.095,1.19,1.184,1.27,0.9961,1.004,1.082,1.11,1.009,1.01,1.413,1.521,1.379,1.493,0.9952,1.012,43.91,93.31,104.7,2.312,2.492,2.638,0.6388,0.1591,0.1335,34.2,37.02,37.96,99.19
48315,1.64,2.094,2.442,4.04,,,1.348,1.587,0.6816,0.5161,,,1.034,1.117,1.01,1.137,1.139,1.272,1.208,1.301,1.01,1.033,1.035,1.043,1.002,1.004,1.555,1.67,1.445,1.565,1.046,1.053,29.73,80.48,92.4,2.577,3.091,3.172,1.123,0.3333,0.2227,32.38,33.53,33.76,80.99
48317,1.514,1.867,2.537,3.863,4.829,10.78,1.841,2.435,0.7278,0.5659,,,1.036,1.021,1.054,1.037,1.059,1.097,1.103,1.131,0.9857,0.964,1.069,1.077,1.002,1.005,1.405,1.531,1.44,1.587,1.091,1.08,50.26,98.18,111.8,0.3674,0.406,0.4681,1.961,0.7901,0.6892,61.49,65.72,66.21,100.2
48319,1.538,1.921,2.524,3.897,,,1.83,2.377,0.721,0.5679,,,1.064,1.126,1.1,1.237,1.151,1.247,1.184,1.375,1.007,1.013,1.065,1.069,1.006,1.006,1.46,1.574,1.435,1.564,1.031,1.064,42.85,92.66,105.5,1.036,1.185,1.262,1.276,0.4769,0.3926,46.74,49.79,49.97,96.11
48321,2.78,4.541,,,,,1.165,1.291,0.5933,0.4537,,,1.039,1.008,1.059,1.027,1.105,1.074,1.1,1.1,0.9948,0.9719,1.075,1.111,1.011,1.011,1.671,1.826,1.304,1.4,0.9934,1.004,8.025,48.3,64.72,2.703,2.906,2.927,0.2261,0.06257,0.04183,34.08,36.63,37.87,72.52
48323,1.327,1.539,1.738,2.283,4.07,7.733,1.224,1.383,0.5239,0.3473,,,1.072,1.081,1.136,1.125,1.147,1.195,1.201,1.357,0.9705,0.9778,1.044,1.078,1.005,1.007,1.276,1.359,1.335,1.445,1.068,1.038,89.28,135.8,149.3,0.9565,1.09,1.114,0.0723,0.01308,0.0111,58.89,61.51,63.51,142.3
48325,1.475,1.806,2.424,3.622,,,1.416,1.668,0.6297,0.4684,,,1.037,1.101,1.026,1.102,1.123,1.251,1.119,1.311,0.989,1.003,1.078,1.073,1.006,1.006,1.395,1.502,1.385,1.508,1.014,1.051,56.04,107.4,120.5,1.553,1.692,1.711,0.2957,0.1071,0.06729,48.51,52.28,52.07,112
48327,1.565,1.959,2.405,3.701,,,2.242,3.093,0.7385,0.5866,,,1.051,1.094,1.06,1.194,1.1,1.19,1.165,1.264,0.9981,0.9997,1.046,1.039,1.004,1.004,1.453,1.584,1.441,1.573,1.062,1.081,40.49,87.33,99.58,1.086,1.233,1.274,1.558,0.5791,0.4738,48,50.22,49.86,92.37
48329,1.517,1.869,2.626,4.047,4.768,10.87,1.746,2.255,0.719,0.5557,,,1.028,1.011,1.061,1.036,1.034,1.054,1.026,1.024,0.9773,0.9535,1.063,1.069,1.002,1.004,1.387,1.509,1.432,1.578,1.058,1.035,49.99,99.49,113.2,0.3073,0.3455,0.3551,1.542,0.5853,0.5272,65.8,69.96,70.32,102.3
48331,1.506,1.853,2.467,3.74,,,1.293,1.487,0.6159,0.4567,,,1.056,1.083,1.063,1.079,1.099,1.165,1.177,1.324,0.9917,0.9856,1.083,1.123,1.008,1.008,1.426,1.522,1.387,1.496,1.003,1.039,42.85,93.81,104.2,1.574,1.816,1.896,0.7041,0.2561,0.1933,42.49,46.03,47.7,97.78
48333,1.537,1.918,2.478,3.769,,,1.482,1.796,0.6814,0.5205,,,1.088,1.101,1.099,1.134,1.185,1.191,1.222,1.281,1.006,1.007,1.085,1.098,1.004,1.005,1.473,1.594,1.412,1.539,1.062,1.092,39.79,84.99,97.33,1.161,1.407,1.462,1.776,0.7013,0.5309,44.85,48.64,49.25,88.92
48335,1.449,1.738,2.141,3.06,4.333,8.71,1.537,1.89,0.7531,0.5969,,,1.05,1.089,1.025,1.16,1.096,1.196,1.223,1.295,0.9912,1.003,1.041,1.039,1.002,1.004,1.368,1.475,1.42,1.55,1.062,1.046,55.69,103.7,115.6,0.5237,0.5958,0.6125,2.59,1.217,0.9996,54.45,56.66,56.56,104.6
48337,1.436,1.732,1.863,2.603,3.062,5.39,1.387,1.656,0.7122,0.565,,,1.072,1.152,1.038,1.207,1.197,1.29,1.351,1.359,1,1.021,1.081,1.054,1.004,1.004,1.453,1.562,1.445,1.569,1.018,1.047,46.12,89.3,98.95,1.523,1.803,1.923,3.483,1.314,0.9732,38.62,41.75,40.72,87.32
48339,1.686,2.172,3.331,5.87,,,1.267,1.449,0.6167,0.4632,,,1.081,1.091,1.127,1.14,1.094,1.13,1.135,1.209,0.9887,0.9935,1.072,1.085,1.012,1.011,1.491,1.605,1.379,1.487,0.9754,0.9954,30.4,84.78,96.82,2.603,2.742,2.746,0.47,0.1502,0.1004,30.68,32.87,33.27,91.64
48341,1.778,2.296,3.187,5.203,,,3.088,4.977,0.8362,0.7075,0.6322,0.5517,1.031,1.05,1.074,1.058,1.01,1.111,1.037,1.167,0.9443,0.9883,1.013,1.023,1.003,1.004,1.647,1.828,1.595,1.791,1.066,1.053,25.71,66.12,77.64,0.2609,0.3477,0.3326,9.82,5.519,4.682,57.75,58.51,59.08,62.18
48343,1.593,2.029,2.205,3.581,,,1.361,1.614,0.6748,0.5149,,,1.036,1.077,1.021,1.065,1.117,1.229,1.232,1.254,1.001,1.015,1.061,1.073,1.003,1.005,1.542,1.659,1.44,1.562,1.035,1.039,32.08,81.04,92.79,2.477,3.056,3.188,1.305,0.3626,0.2355,31.69,33.63,34.01,81.66
48345,1.513,1.836,2.187,3.147,4.457,8.353,1.725,2.244,0.7626,0.6102,,,1.097,1.087,1.158,1.182,1.216,1.129,1.32,1.284,0.9875,0.9972,1.046,1.037,1.003,1.005,1.443,1.58,1.476,1.631,1.058,1.067,45.44,89.29,101.6,0.6548,0.7517,0.8791,5.718,2.841,2.166,51.37,53.75,53.27,87.76
48347,1.711,2.238,2.834,4.881,,,1.348,1.584,0.6492,0.4862,,,1.036,1.095,1.031,1.1,1.108,1.224,1.17,1.259,1.006,1.023,1.045,1.058,1.005,1.004,1.542,1.664,1.404,1.521,1.028,1.027,26.74,77.8,90.67,3.08,3.357,3.408,0.7286,0.2009,0.1582,31.79,33.24,33.62,82.83
48349,1.467,1.777,2.09,3.022,4.195,8.463,1.306,1.508,0.6813,0.5297,,,1.059,1.119,1.054,1.136,1.12,1.171,1.218,1.198,0.9981,1.02,1.077,1.089,1.004,1.005,1.432,1.526,1.42,1.537,1.027,1.055,45.12,94.04,104.2,2.065,2.499,2.624,1.744,0.564,0.4048,38.31,41.25,41.72,93.45
48351,2.103,2.93,4.465,9.928,,,1.434,1.716,0.6485,0.478,,,1.07,1.072,1.067,1.057,1.101,1.17,1.173,1.214,1.004,1.018,1.046,1.043,1.006,1.007,1.625,1.752,1.409,1.529,1.006,1.003,15.09,70.59,85.05,4.214,4.426,4.434,0.4639,0.1266,0.08289,29.23,30.58,30.48,78.17
48353,1.577,1.971,2.574,4.002,,,1.682,2.143,0.7451,0.5942,,,1.036,1.096,1.012,1.175,1.106,1.206,1.18,1.29,0.9865,1.011,1.06,1.064,1.003,1.003,1.442,1.576,1.43,1.569,1.082,1.089,39.73,85.86,97.52,0.695,0.8203,0.8706,3.028,1.389,1.095,50.28,53.32,53.49,88.69
48355,1.875,2.504,5.083,10.51,,,1.159,1.275,0.585,0.456,,,1.044,1.006,1.056,1.004,1.078,1.015,1.146,1.071,0.996,0.9466,1.078,1.112,1.008,1.01,1.469,1.587,1.298,1.39,1.011,1.027,28.21,85.25,101.1,1.955,2.049,2.128,0.1227,0.03883,0.0259,49.36,53.21,54.89,102
48357,1.631,2.038,2.491,3.767,5.527,10.99,3.114,4.988,0.842,0.7248,0.6589,0.569,1.044,1.054,1.092,1.071,1.035,1.082,1.098,1.262,0.944,0.9875,1.012,1.023,1.003,1.004,1.595,1.764,1.619,1.817,1.036,0.9919,32.51,74.66,86.67,0.4261,0.4874,0.4665,11.9,6.593,5.479,52.49,53.13,53.68,68.19
48359,1.808,2.357,3.279,5.52,,,4.08,7.373,0.8279,0.6957,0.6187,0.562,1.011,1.047,0.9871,1.058,1.006,1.107,1.005,1.133,0.9501,0.9795,1.019,1.031,1.003,1.004,1.661,1.852,1.623,1.833,1.06,1.065,25.47,69.53,82.24,0.2342,0.3059,0.3388,5.849,3.073,2.517,58.83,59.97,60.65,65.39
48361,2.437,3.642,,,,,1.215,1.366,0.5715,0.4074,,,1.047,1.049,1.011,1.032,1.104,1.111,1.173,1.144,1.003,1.001,1.038,1.039,1.007,1.01,1.614,1.747,1.346,1.449,1.001,1.013,12.36,60.92,76.61,4.509,4.59,4.653,0.2415,0.05302,0.04164,27.72,28.77,28.82,77.66
48363,1.405,1.673,1.889,2.628,3.479,6.272,1.39,1.653,0.7105,0.5632,,,1.084,1.136,1.12,1.235,1.198,1.258,1.297,1.355,1.007,1.016,1.056,1.049,1.004,1.004,1.398,1.503,1.423,1.546,1.032,1.048,53.84,97.99,108.4,1.089,1.244,1.349,2.704,0.9735,0.6883,41.06,43.36,43.08,97.63
48365,1.694,2.193,2.583,4.37,,,1.396,1.668,0.6782,0.5131,,,1.021,1.12,1,1.133,1.097,1.238,1.142,1.27,0.9999,1.028,1.071,1.065,1.005,1.005,1.52,1.64,1.42,1.54,1.037,1.043,27.74,77.64,90.08,2.549,2.97,2.917,0.9836,0.3336,0.2252,31.35,33.58,33.39,82.3
48367,1.425,1.708,1.931,2.713,3.673,6.809,1.411,1.688,0.7371,0.6016,,,1.092,1.142,1.115,1.228,1.22,1.293,1.263,1.3,1.01,1.026,1.077,1.064,1.004,1.003,1.421,1.524,1.431,1.553,1.04,1.054,48.59,92.45,102.4,1.331,1.684,1.779,2.502,0.9206,0.6915,38.73,41.7,41.19,91.94
48369,2.113,2.902,4.019,7.627,,,6.673,15.26,0.8297,0.695,,,0.9924,1.032,0.9632,1.037,0.9656,1.058,0.9628,1.091,0.9373,0.979,1.047,1.071,1.004,1.006,1.806,2.024,1.697,1.919,1.043,1.045,16.59,61.62,74.36,0.2595,0.2812,0.2807,7.173,3.745,2.974,57.91,60.66,62.03,57.44
48371,1.556,1.957,2.461,3.806,4.643,10.12,1.894,2.594,0.7174,0.5433,,,1.025,1.05,1.04,1.091,1.059,1.126,1.097,1.133,0.9665,0.96,1.052,1.082,1.002,1.005,1.431,1.563,1.451,1.607,1.074,1.006,48.47,99.2,115.1,0.2262,0.2645,0.2388,1.152,0.3758,0.3275,68.26,71.83,73.82,102.6
48373,1.758,2.308,3.45,6.236,,,1.401,1.664,0.6692,0.5132,,,1.073,1.097,1.121,1.13,1.103,1.159,1.173,1.227,1,1.002,1.065,1.075,1.01,1.01,1.538,1.657,1.405,1.524,0.9972,0.9931,27.5,80.83,93.43,2.724,2.947,2.95,0.5268,0.1548,0.08981,29.36,31.28,31.56,86.26
48375,1.831,2.391,3.423,5.75,,,3.157,5.041,0.8121,0.6777,0.6252,0.5635,1.047,1.061,1.077,1.107,1.043,1.096,1.045,1.08,0.9505,0.9784,1.016,1.03,1.004,1.005,1.675,1.863,1.594,1.792,1.032,1.034,24.36,67.92,80.61,0.2688,0.3104,0.3277,7.065,3.528,2.867,54.43,55.33,56.08,64.13
48377,1.616,2.095,2.184,3.352,3.333,6.382,2.062,3.164,0.7404,0.566,,,1.03,1.067,1.062,1.126,1.097,1.087,1.139,1.217,0.9795,0.9849,1.058,1.082,1.002,1.004,1.515,1.679,1.493,1.667,1.192,1.104,42.49,88.38,105.1,0.1285,0.1866,0.191,0.3193,0.1325,0.1057,79.93,84.6,86.46,92.87
48379,1.572,1.992,2.285,3.625,4.016,8.132,1.405,1.672,0.7125,0.557,,,1.071,1.093,1.106,1.101,1.193,1.2,1.398,1.3,1.005,1.028,1.078,1.084,1.003,1.004,1.534,1.645,1.448,1.576,1.029,1.057,34.79,81.66,92.92,2.695,3.146,3.447,2.623,0.8683,0.6447,35.29,38.04,38.27,80.39
48381,1.912,2.565,3.428,6.017,,,3.469,5.89,0.8197,0.6941,0.6455,0.602,1.041,1.07,1.058,1.136,1.033,1.079,1.041,1.066,0.9476,0.979,1.021,1.033,1.003,1.004,1.705,1.905,1.593,1.789,1.008,1.023,21.09,64.11,76.6,0.4231,0.4449,0.5022,6.371,3.356,2.769,55.46,56.61,57.28,62.03
48383,1.54,1.901,2.656,4.095,,,2.056,2.786,0.7412,0.579,,,1.037,1.062,1.002,1.086,1.079,1.146,1.18,1.189,0.9909,0.978,1.034,1.04,1.002,1.003,1.421,1.537,1.461,1.602,1.061,1.09,46.39,97.31,110.4,0.4052,0.4466,0.4724,2.192,0.8684,0.7122,59.34,61.36,61.72,99.11
48385,1.842,2.479,4.145,7.658,,,2.245,3.1,0.7396,0.5964,,,1.056,1.095,1.038,1.13,1.149,1.252,1.212,1.34,0.9945,1.006,1.039,1.036,1.005,1.005,1.614,1.772,1.45,1.598,1.024,1.044,26.53,73.42,88.01,1.436,1.502,1.567,0.6058,0.236,0.1979,47.59,49.45,49.31,78.09
48387,1.666,2.202,2.4,3.991,,,1.49,1.837,0.7068,0.5448,,,1.069,1.079,1.056,1.078,1.188,1.238,1.482,1.332,1.003,1.019,1.052,1.065,1.003,1.005,1.639,1.775,1.467,1.602,1.029,1.041,26.24,69.64,81.3,2.782,3.271,3.375,1.977,0.5765,0.362,31.68,33.34,33.72,69.51
48389,1.412,1.707,2.064,2.931,3.894,7.574,1.962,2.688,0.7176,0.524,,,1.02,0.9993,1.057,1.051,1.052,1.003,1.013,1.038,0.9613,0.9429,1.04,1.074,1.002,1.004,1.349,1.46,1.436,1.586,1.065,1,65.87,114.9,129.7,0.1433,0.1837,0.1884,0.8516,0.3568,0.3279,77.14,80.19,82.81,118.2
48391,1.814,2.444,3.482,7.192,,,1.172,1.296,0.6186,0.4869,,,1.072,1.036,1.134,1.087,1.133,1.077,1.283,1.156,1,0.9609,1.079,1.121,1.009,1.011,1.496,1.612,1.326,1.421,1.011,1.026,29.35,82.86,98.21,2.291,2.551,2.592,0.137,0.02745,0.02073,42.37,45.73,47.49,97.59
48393,1.672,2.113,2.648,4.103,,,2.668,4.056,0.8294,0.7051,0.6596,0.5776,1.059,1.051,1.105,1.078,1.075,1.089,1.115,1.184,0.9469,0.9918,1.015,1.037,1.003,1.004,1.6,1.771,1.588,1.775,1.032,1.003,30.89,73.21,85.67,0.3716,0.5046,0.4852,10.01,5.527,4.574,50.08,50.84,51.93,68.23
48395,1.488,1.839,2.241,3.361,,,1.316,1.532,0.6473,0.5016,,,1.045,1.062,1.035,1.052,1.082,1.146,1.148,1.237,0.9832,0.984,1.091,1.11,1.009,1.009,1.422,1.525,1.374,1.485,1.007,1.016,43.09,89.76,100.4,1.886,2.137,2.166,0.7596,0.2519,0.2317,38.07,41.52,42.26,95.55
48397,1.511,1.889,2.269,3.498,,,1.342,1.583,0.7156,0.5767,,,1.102,1.126,1.131,1.138,1.22,1.237,1.323,1.248,1.005,1.029,1.095,1.085,1.003,1.003,1.456,1.555,1.397,1.513,1.017,1.053,38.94,81.36,91.85,2.474,2.898,3.101,2.52,0.8848,0.7042,37.59,41.15,40.77,84.87
48399,1.468,1.782,2.239,3.258,4.851,10.16,1.567,1.941,0.7174,0.5624,,,1.035,1.097,1.017,1.166,1.089,1.179,1.23,1.307,0.9887,1.005,1.077,1.062,1.004,1.003,1.41,1.53,1.426,1.559,1.039,1.067,50.82,97.84,110.7,0.8851,0.9561,1.053,2.076,0.8375,0.6988,47.9,51.58,50.88,100.6
48401,1.733,2.271,2.657,4.448,,,1.388,1.64,0.6801,0.5195,,,1.027,1.118,1.011,1.157,1.098,1.207,1.165,1.249,1.006,1.027,1.058,1.058,1.005,1.004,1.616,1.748,1.444,1.563,1.042,1.054,24.48,73.42,85.53,2.261,2.685,2.723,1.251,0.4127,0.2915,32.53,34.41,34.42,74.93
48403,1.834,2.462,3.222,6.053,,,1.538,1.9,0.6905,0.5246,,,1.07,1.107,1.075,1.111,1.116,1.22,1.169,1.257,1.006,1.016,1.033,1.05,1.005,1.005,1.6,1.73,1.436,1.565,1.003,1.008,21.4,74.44,87.99,3.379,3.587,3.598,0.7362,0.2103,0.1162,30.56,31.55,32.08,78.74
48405,1.72,2.26,2.851,5.003,,,1.4,1.673,0.6623,0.4938,,,1.053,1.106,1.045,1.117,1.107,1.222,1.155,1.259,1.004,1.016,1.037,1.053,1.005,1.005,1.542,1.663,1.409,1.531,1.012,1.012,26.36,78.11,91.21,3.438,3.7,3.664,0.6674,0.1582,0.1042,31.28,32.45,32.94,83.16
48407,1.724,2.237,3.29,5.718,,,1.333,1.557,0.6526,0.4993,,,1.082,1.091,1.131,1.143,1.103,1.128,1.195,1.215,0.9992,0.9988,1.064,1.083,1.01,1.009,1.529,1.643,1.397,1.51,0.9878,0.9954,29.42,82.75,94.94,2.937,3.14,3.148,0.5852,0.2079,0.1209,30.26,32.2,32.76,88.01
48409,1.895,2.586,4.67,9.622,,,1.166,1.285,0.5894,0.4583,,,1.066,1.031,1.127,1.059,1.113,1.067,1.191,1.112,0.9989,0.9537,1.08,1.115,1.008,1.01,1.502,1.627,1.315,1.411,1.039,1.052,25.94,81.85,97.7,1.845,2.062,2.127,0.1348,0.03742,0.02063,44.84,48.42,50,97.73
48411,1.514,1.884,2.499,3.781,,,1.524,1.865,0.7058,0.5471,,,1.079,1.128,1.105,1.222,1.181,1.211,1.213,1.305,0.9997,1.004,1.076,1.084,1.005,1.006,1.463,1.578,1.417,1.543,1.046,1.079,42.91,89.68,102.2,1.154,1.344,1.419,1.45,0.5734,0.4522,45.05,48.48,48.81,93.38
48413,1.614,2.046,2.771,4.476,,,2.122,2.893,0.7365,0.5807,,,1.048,1.093,1.034,1.166,1.106,1.2,1.161,1.253,0.9911,0.9935,1.024,1.032,1.003,1.004,1.481,1.621,1.454,1.597,1.087,1.08,37.73,86.23,99.5,0.6072,0.6999,0.7415,1.65,0.5973,0.4996,52.56,53.83,54.27,89.78
48415,1.501,1.83,2.327,3.431,4.838,10.13,1.705,2.185,0.7624,0.615,,,1.052,1.074,1.064,1.178,1.126,1.148,1.237,1.263,0.9942,0.999,1.049,1.047,1.002,1.004,1.408,1.531,1.441,1.581,1.053,1.069,48.74,95.58,107.4,0.6098,0.7344,0.745,2.992,1.368,1.067,53.31,55.93,55.83,96.39
48417,1.425,1.714,1.97,2.769,3.862,7.224,1.51,1.86,0.7376,0.5961,,,1.059,1.124,1.079,1.232,1.115,1.186,1.213,1.309,1.002,1.019,1.05,1.05,1.003,1.004,1.397,1.508,1.421,1.551,1.053,1.094,52.69,96.01,107.1,0.8899,0.9922,1.096,3.372,1.389,1.068,44.41,46.62,46.62,97.52
48419,1.68,2.18,2.535,4.242,,,1.47,1.79,0.698,0.5318,,,1.029,1.098,0.9973,1.105,1.106,1.232,1.145,1.267,1.006,1.024,1.049,1.054,1.005,1.005,1.529,1.652,1.421,1.546,1.024,1.026,28.72,78.08,90.85,3.196,3.499,3.492,0.8789,0.2773,0.1694,30.22,31.71,31.86,82.43
48421,1.721,2.199,2.975,4.775,,,4.214,7.501,0.8425,0.7191,0.6527,0.562,1.035,1.05,1.082,1.078,1.009,1.098,1.08,1.154,0.9492,0.9833,0.9926,1.008,1.003,1.005,1.603,1.782,1.615,1.826,1.104,1.014,28.57,69.16,81.1,0.2025,0.2591,0.2294,10.43,5.501,4.68,58.19,57.76,58.66,65.25
48423,1.667,2.175,2.447,4.01,,,1.423,1.701,0.6913,0.5407,,,1.067,1.114,1.081,1.121,1.134,1.207,1.224,1.241,1.012,1.024,1.066,1.067,1.004,1.005,1.571,1.698,1.435,1.558,1.033,1.043,28.4,75.44,87.41,2.249,2.698,2.783,1.397,0.3953,0.2822,34.12,36.38,36.41,77.85
48425,1.388,1.654,1.874,2.599,3.42,6.304,1.458,1.784,0.7541,0.6324,,,1.108,1.121,1.13,1.18,1.185,1.224,1.258,1.205,1.011,1.022,1.079,1.08,1.004,1.004,1.36,1.464,1.39,1.509,1.031,1.058,55.81,97.25,108.3,1.642,1.969,2.135,1.718,0.5351,0.4677,41.33,44.59,44.62,102.3
48427,1.328,1.55,1.89,2.568,4.855,10.18,1.196,1.332,0.6167,0.4825,,,1.014,0.9888,1.028,0.978,1.024,1.007,1.115,1.102,0.9632,0.9376,1.064,1.098,1.007,1.01,1.294,1.367,1.31,1.411,1.025,0.9914,91.7,143.9,158.6,0.6214,0.7333,0.6724,0.02689,0.01193,0.008593,57.31,60.96,62.93,154.8
48429,1.405,1.684,1.908,2.693,3.676,6.873,1.435,1.739,0.7355,0.5923,,,1.061,1.121,1.069,1.23,1.135,1.194,1.227,1.271,1.007,1.015,1.034,1.04,1.004,1.004,1.378,1.486,1.395,1.518,1.05,1.085,54.02,95.91,106.8,0.7865,0.8806,0.9569,3.179,1.184,0.9061,41.99,43.41,43.67,98.56
48431,1.513,1.858,2.441,3.662,4.788,10.83,1.944,2.582,0.7737,0.6274,,,1.031,1.065,0.9949,1.088,1.06,1.15,1.155,1.292,0.9818,0.9845,1.032,1.041,1.002,1.003,1.426,1.541,1.471,1.611,1.061,1.048,47.94,98.63,111.4,0.4619,0.534,0.5297,2.777,1.239,1.007,56.05,57.85,58.36,98.28
48433,1.39,1.637,1.855,2.503,3.427,6.059,1.561,1.941,0.7579,0.6118,,,1.075,1.095,1.126,1.227,1.161,1.12,1.212,1.186,0.9951,0.9995,1.056,1.059,1.004,1.005,1.361,1.463,1.433,1.565,1.053,1.085,61.79,104.2,115.5,0.7089,0.8122,0.8721,4.199,1.946,1.465,48.64,51.36,51.49,103.6
48435,1.655,2.13,3.043,5.152,,,2.078,2.824,0.7387,0.5872,,,1.049,1.099,1.046,1.17,1.143,1.262,1.19,1.3,0.9845,0.993,1.027,1.048,1.003,1.004,1.491,1.633,1.431,1.568,1.065,1.067,35.7,83.37,97.13,0.7376,0.816,0.8637,0.9192,0.3151,0.2803,53.79,55.23,56.35,89.18
48437,1.888,2.501,3.58,6.228,,,4.419,7.877,0.8217,0.6935,,,1.063,1.067,1.082,1.107,1.128,1.117,1.151,1.14,0.9593,0.9767,1.054,1.062,1.004,1.006,1.689,1.881,1.612,1.809,1.056,1.093,22.51,68.22,80.57,0.3608,0.436,0.4993,6.403,3.545,2.867,54.59,57.53,57.99,64.84
48439,1.422,1.702,1.938,2.743,3.69,6.97,1.303,1.515,0.7067,0.5671,,,1.091,1.143,1.072,1.191,1.247,1.309,1.321,1.324,1.005,1.024,1.075,1.063,1.003,1.003,1.415,1.512,1.412,1.526,1.051,1.09,49.34,92.86,102.4,1.507,1.853,1.93,2.392,0.8794,0.7004,38.5,41.41,40.91,92.98
48441,1.56,1.948,2.57,3.948,,,1.515,1.859,0.7199,0.5702,,,1.034,1.119,1.031,1.216,1.109,1.21,1.211,1.359,0.9872,1.011,1.049,1.063,1.003,1.004,1.456,1.593,1.429,1.567,1.05,1.082,39.75,85.1,97.13,0.7616,0.8757,0.952,2.806,1.203,0.914,47.53,49.84,50.52,87.48
48443,1.463,1.767,2.439,3.63,5.256,11.7,1.504,1.819,0.6919,0.5183,,,1.04,1.082,1.059,1.144,1.118,1.179,1.151,1.25,0.9783,0.9843,1.033,1.06,1.003,1.004,1.368,1.471,1.414,1.548,1.122,1.099,59.33,111.8,125.9,0.3693,0.4525,0.4371,0.6678,0.2179,0.1754,67.9,70.14,71.98,114.6
48445,1.702,2.178,3.009,4.888,,,3.929,6.474,0.7949,0.6462,,,1.024,1.01,1.015,1.005,1.088,1.064,1.127,1.086,0.975,0.9808,1.046,1.056,1.002,1.004,1.577,1.73,1.573,1.755,1.021,1.052,34.1,83.73,97.3,0.4245,0.4979,0.5605,4.559,2.255,1.833,60.28,63.03,63.63,80.42
48447,1.386,1.642,1.854,2.549,3.653,6.589,1.424,1.714,0.7466,0.6044,,,1.07,1.112,1.097,1.238,1.16,1.188,1.291,1.293,1.002,1.021,1.061,1.055,1.003,1.005,1.36,1.463,1.394,1.516,1.068,1.1,58.34,99.9,110.8,0.7572,0.9082,0.9896,3.537,1.47,1.137,44.73,47.44,47.21,101.9
48449,1.643,2.124,2.329,3.832,,,1.472,1.803,0.7179,0.5644,,,1.056,1.084,1.033,1.064,1.141,1.209,1.355,1.257,1.006,1.023,1.062,1.059,1.002,1.004,1.586,1.712,1.462,1.594,1.034,1.049,28.9,76.54,88.81,2.595,3.177,3.376,1.575,0.4131,0.2627,32.33,34.33,34.25,76.81
48451,1.484,1.813,2.318,3.413,5.204,11.24,1.65,2.087,0.7227,0.5607,,,1.042,1.094,1.028,1.154,1.094,1.202,1.205,1.277,0.9907,0.9987,1.041,1.034,1.003,1.004,1.412,1.533,1.438,1.572,1.08,1.094,49.47,98.37,111.2,0.5077,0.6279,0.6791,1.92,0.7963,0.6471,51.72,53.82,53.48,100.7
48453,1.476,1.805,2.384,3.564,,,1.273,1.46,0.5867,0.4283,,,1.05,1.105,1.044,1.135,1.101,1.193,1.092,1.348,0.9797,0.9922,1.099,1.132,1.009,1.01,1.384,1.485,1.389,1.505,1.028,1.065,48.09,100.2,111.3,1.489,1.714,1.829,0.613,0.1942,0.1568,43,47.27,48.67,103.8
48455,1.594,2.021,2.751,4.52,,,1.355,1.592,0.6284,0.468,,,1.071,1.092,1.091,1.104,1.105,1.185,1.145,1.198,0.9993,1.002,1.051,1.074,1.009,1.009,1.48,1.594,1.398,1.513,1.022,1.019,35.46,88.1,100.2,2.102,2.454,2.458,0.5699,0.1517,0.1039,30.21,31.77,32.46,93.25
48457,1.871,2.516,3.911,7.869,,,1.429,1.711,0.6507,0.4906,,,1.076,1.097,1.099,1.111,1.109,1.174,1.173,1.269,1.001,1.015,1.046,1.055,1.008,1.008,1.545,1.663,1.393,1.512,0.9923,0.993,22.65,76.94,90.45,3.461,3.637,3.69,0.4092,0.1005,0.06232,29.17,30.52,30.76,84.85
48459,1.645,2.124,2.352,3.827,,,1.404,1.682,0.697,0.5411,,,1.048,1.105,1.048,1.094,1.144,1.24,1.269,1.27,1.013,1.031,1.051,1.055,1.003,1.004,1.57,1.693,1.451,1.577,1.053,1.054,29.57,78.02,89.94,2.497,3.015,3.098,1.597,0.4359,0.2979,33.61,35.33,35.46,78.67
48461,1.501,1.845,2.547,3.877,4.838,11.15,1.584,1.972,0.7168,0.554,,,1.022,1.035,1.017,1.056,1.029,1.125,1.045,1.094,0.9743,0.9601,1.056,1.071,1.003,1.005,1.385,1.503,1.417,1.557,1.06,1.022,52.97,102.7,116.9,0.2714,0.3007,0.2945,1.314,0.4868,0.4182,65.24,68.92,69.87,106.3
48463,1.484,1.807,2.457,3.669,,,1.433,1.692,0.6602,0.4996,,,1.054,1.088,1.074,1.11,1.154,1.264,1.23,1.378,0.9869,1.009,1.056,1.045,1.005,1.005,1.383,1.491,1.386,1.51,1.044,1.066,55.52,106.9,120.3,1.202,1.361,1.392,0.2335,0.08801,0.05873,50.83,53.66,53.11,112.2
48465,1.471,1.791,2.441,3.647,,,1.345,1.563,0.6771,0.5148,,,1.053,1.085,1.091,1.147,1.151,1.226,1.232,1.361,0.9684,0.9784,1.025,1.063,1.004,1.004,1.374,1.482,1.381,1.502,1.056,1.066,56.26,105.6,119.8,0.732,0.7889,0.7982,0.3195,0.1072,0.07497,60.89,62.41,64.7,111.4
48467,1.557,1.963,2.264,3.551,4.333,8.969,1.379,1.63,0.6936,0.5418,,,1.081,1.115,1.1,1.133,1.166,1.205,1.332,1.276,1.001,1.021,1.086,1.084,1.004,1.005,1.516,1.624,1.434,1.558,1.039,1.061,35.61,82.46,93.45,2.179,2.654,2.818,2.035,0.6252,0.4903,35.78,38.86,38.8,82.14
48469,1.59,2.031,2.562,4.518,,,1.192,1.332,0.5833,0.4468,,,1.032,1.025,1.074,1.048,1.112,1.101,1.232,1.245,0.9851,0.9556,1.076,1.114,1.012,1.014,1.401,1.504,1.326,1.424,1.004,1.015,43.41,97.14,110.4,2.049,2.268,2.279,0.1665,0.03431,0.02994,37.85,40.72,42.15,109.7
48471,1.56,1.953,2.723,4.391,,,1.284,1.485,0.5893,0.4237,,,1.081,1.101,1.12,1.135,1.092,1.156,1.183,1.207,0.9931,0.9965,1.064,1.082,1.01,1.01,1.442,1.544,1.377,1.484,0.994,0.9958,38.3,90.18,101.4,2.267,2.43,2.507,0.7052,0.2587,0.1668,31.34,33.35,33.93,96.37
48473,1.544,1.937,2.666,4.404,,,1.278,1.471,0.5784,0.4213,,,1.038,1.071,1.027,1.089,1.054,1.113,1.138,1.219,0.9839,0.9899,1.071,1.08,1.01,1.01,1.414,1.522,1.365,1.474,0.9794,0.9876,41.71,94.15,106.4,2.571,2.776,2.763,0.4328,0.1139,0.08711,33.19,35.54,35.83,102.5
48475,1.352,1.598,1.887,2.573,3.634,6.63,1.698,2.173,0.7446,0.5644,,,1.003,1,1.033,1.054,0.9992,0.9845,0.9765,0.9594,0.95,0.9431,1.05,1.083,1.002,1.005,1.304,1.399,1.404,1.543,1.007,0.9386,75.85,122.8,136.8,0.2042,0.2034,0.2008,0.921,0.3273,0.2975,74.36,78.05,80.57,126.1
48477,1.484,1.832,2.288,3.53,,,1.283,1.478,0.5858,0.4267,,,1.051,1.099,1.04,1.122,1.065,1.166,1.127,1.232,0.995,0.9987,1.078,1.091,1.008,1.008,1.395,1.496,1.365,1.473,0.9706,0.9911,47.27,97.03,109,2.131,2.274,2.338,0.561,0.1878,0.1303,36.97,39.87,40.33,104.5
48479,1.303,1.507,1.71,2.236,4.053,7.695,1.224,1.379,0.5727,0.4159,,,1.018,1.018,1.034,1.018,1.083,1.093,1.113,1.194,0.9802,0.9649,1.049,1.094,1.006,1.008,1.274,1.35,1.329,1.438,1.048,1.045,95.47,142.9,156.8,0.7937,0.9147,0.9145,0.07935,0.02466,0.01543,57.86,60.66,63.27,150.5
48481,1.743,2.292,3.857,7.698,,,1.233,1.399,0.5942,0.4529,,,1.03,1.038,1.018,1.048,1.112,1.104,1.155,1.166,0.9988,0.9813,1.072,1.095,1.012,1.012,1.439,1.544,1.345,1.446,0.9917,1.024,30.26,86.32,99.57,2.103,2.317,2.389,0.289,0.07057,0.05904,33.84,36.26,37.07,99.29
48483,1.606,2.016,2.334,3.509,5.069,9.948,2.157,3.066,0.7906,0.6572,,,1.074,1.05,1.104,1.081,1.131,1.085,1.234,1.2,0.9639,0.9932,1.026,1.036,1.002,1.004,1.563,1.735,1.556,1.738,1.05,1.029,33.78,75.75,88.35,0.6718,0.8199,0.8741,8.217,4.238,3.433,48.83,50.08,50.6,71.69
48485,1.353,1.577,1.679,2.223,2.689,4.372,1.383,1.64,0.7285,0.5804,,,1.072,1.132,1.063,1.231,1.161,1.233,1.21,1.265,0.9957,1.008,1.066,1.051,1.003,1.004,1.379,1.478,1.436,1.562,1.035,1.056,59.53,101.6,110.9,1.078,1.281,1.387,3.82,1.658,1.294,43.1,45.96,45.32,98.49
48487,1.34,1.552,1.67,2.175,2.619,4.202,1.394,1.653,0.7404,0.5944,,,1.094,1.113,1.111,1.203,1.166,1.182,1.197,1.198,1.002,1.019,1.058,1.04,1.004,1.005,1.357,1.453,1.444,1.571,1.036,1.065,62.71,104.9,114.2,0.9945,1.215,1.344,4.242,1.977,1.521,45.26,47.89,47.07,101.4
48489,1.457,1.783,2.883,4.922,,,1.166,1.284,0.6321,0.5099,,,1.031,0.9947,1.011,1.007,1.051,0.9527,1.175,1.004,0.9847,0.9146,1.064,1.104,1.006,1.008,1.312,1.4,1.259,1.346,1.008,1.01,67.29,120.5,135.8,1.3,1.279,1.258,0.07483,0.03114,0.03172,54.74,58.23,60.43,141.3
48491,1.478,1.804,2.428,3.644,,,1.338,1.558,0.6297,0.4775,,,1.083,1.117,1.116,1.185,1.139,1.223,1.201,1.353,0.9917,0.9971,1.079,1.115,1.007,1.007,1.401,1.495,1.402,1.517,1.02,1.054,46.29,98.09,108.6,1.601,1.905,2.011,0.8072,0.3071,0.2204,42.48,45.85,47.35,101.1
48493,1.443,1.751,2.301,3.423,,,1.269,1.452,0.6322,0.4813,,,1.006,1.071,1.012,1.102,1.069,1.157,1.11,1.232,0.9938,0.9869,1.079,1.1,1.01,1.009,1.373,1.47,1.377,1.485,1.007,1.038,56.95,111.3,123.2,1.417,1.543,1.545,0.3281,0.1251,0.07124,46.69,50.37,51.35,116.9
48495,1.402,1.682,2.08,2.936,3.896,7.434,1.77,2.303,0.7493,0.5753,,,0.9953,0.9796,1.011,1.023,1.011,0.9706,0.9951,0.9636,0.9504,0.9483,1.046,1.069,1.003,1.004,1.342,1.452,1.429,1.574,1.012,0.9767,65.07,113.6,128,0.1958,0.1808,0.2023,1.109,0.4497,0.3909,73.35,76.71,78.38,115.9
48497,1.395,1.665,1.754,2.398,2.781,4.728,1.423,1.72,0.7336,0.5932,,,1.092,1.167,1.073,1.254,1.232,1.343,1.348,1.418,1.01,1.031,1.083,1.061,1.004,1.003,1.405,1.507,1.421,1.543,1.053,1.061,51.84,93.44,103.1,1.553,1.936,1.998,2.951,1.068,0.814,39.24,42.52,41.65,93.28
48499,1.635,2.111,2.328,3.775,3.952,8.137,1.455,1.756,0.7132,0.5603,,,1.058,1.087,1.064,1.067,1.149,1.203,1.437,1.298,1.011,1.031,1.051,1.068,1.003,1.004,1.586,1.709,1.464,1.593,1.048,1.05,30.09,77.64,89.44,2.362,2.9,3.037,1.981,0.5639,0.4125,36.01,37.85,38.45,76.97
48501,1.793,2.366,3.172,5.48,,,4.791,8.948,0.7986,0.6514,,,1.01,1.001,1.019,0.9882,1.067,1.044,1.107,1.028,0.9639,0.9721,1.055,1.075,1.003,1.005,1.625,1.803,1.583,1.779,1.009,1.029,28.72,76.79,90.95,0.3555,0.423,0.4367,3.501,1.669,1.332,61.62,65.02,66.26,75.59
48503,1.395,1.656,1.83,2.505,3.312,5.782,1.41,1.681,0.7471,0.6059,,,1.064,1.116,1.071,1.235,1.171,1.221,1.385,1.362,1.003,1.024,1.042,1.038,1.003,1.003,1.406,1.513,1.432,1.558,1.036,1.052,55.53,99.19,109.7,0.9362,1.086,1.182,3.444,1.336,1.028,42.67,44.49,44.3,97.58
48505,1.292,1.489,1.713,2.228,4.183,7.993,1.189,1.321,0.5493,0.4005,,,0.9994,0.9834,0.9998,0.9297,1.043,1.057,1.111,1.172,0.9677,0.9339,1.067,1.105,1.007,1.01,1.267,1.336,1.309,1.411,1.016,1.012,101.1,148.5,162.7,0.549,0.6547,0.6293,0.01037,0.01147,0.003721,59.01,62.98,65.19,157.8
48507,1.336,1.554,1.871,2.487,6.003,12.53,1.237,1.397,0.5419,0.3654,,,1.076,1.085,1.171,1.123,1.19,1.227,1.24,1.26,0.9842,0.9921,1.045,1.065,1.005,1.005,1.294,1.38,1.344,1.45,1.053,1.059,83.45,131.4,144,1.167,1.319,1.322,0.1132,0.02342,0.02449,56.79,59.34,60.49,137.8
49001,2.805,4.398,,,,,,,0.8872,0.7899,0.7021,0.572,1.05,1.094,1.074,1.135,1.072,1.217,1.142,1.309,1.033,1.07,1.044,1.049,0.9944,0.9921,2.571,3.052,2.431,3.008,,,4.638,24.94,34.01,0.03807,0.06123,0.07656,24.5,11.31,9.226,59.4,62.03,62.29,21.74
49003,2.39,3.437,5.626,11.62,,,,,0.843,0.7062,0.5631,0.4083,1.064,1.119,1.064,1.137,1.17,1.422,1.261,1.574,1.033,1.087,1.026,1.024,0.9953,0.9933,2.248,2.587,2.112,2.534,,,7.477,35.61,45.7,0.04053,0.05899,0.06177,30.73,13.59,10.81,62.7,64.31,64.19,28.85
49005,3.949,7.209,,,,,,,0.8704,0.7584,0.6664,0.5062,1.057,1.124,1.057,1.16,1.117,1.401,1.215,1.483,1.018,1.061,1.036,1.027,0.9951,0.9928,3.995,5.277,3.067,4.01,1.196,1.253,0.8922,10.88,16.67,0.2101,0.2876,0.3222,68.23,43.68,37.53,46.72,48.41,47.99,7.228
49007,,,,,,,,,0.8939,0.8025,0.66,0.505,1.085,1.117,1.144,1.162,1.257,1.393,1.297,1.472,1.04,1.067,1.051,1.061,0.9952,0.9941,4.766,6.457,3.009,3.92,,,0.302,6.45,10.81,0.05163,0.0677,0.07873,54.06,32.29,27.53,53.24,55.95,56.5,4.839
49009,,,,,,,,,0.8936,0.8044,0.6725,0.5045,1.055,1.099,1.076,1.152,1.101,1.219,1.086,1.2,1.022,1.031,1.022,1.001,0.9956,0.9932,6.047,8.219,4.189,5.718,,,0.331,6.378,11.02,0.07342,0.1205,0.1238,60.48,39.19,34.23,48.83,49.92,48.87,3.849
49011,2.356,3.335,,,,,3.465,6.804,0.8093,0.6452,0.549,0.3675,1.051,1.108,1.036,1.134,1.203,1.388,1.232,1.496,1.035,1.068,1.016,1.017,0.9949,0.9937,2.022,2.312,1.807,2.109,1.275,1.322,8.528,38.98,49.41,0.06444,0.1258,0.1326,27.11,12.13,9.766,53.97,54.83,54.89,33.94
49013,,,,,,,,,0.8991,0.8178,0.7046,0.547,1.07,1.107,1.085,1.148,1.196,1.331,1.231,1.418,1.035,1.074,1.037,1.032,0.994,0.992,5.489,7.455,3.559,4.725,1.176,1.319,0.2827,5.47,9.065,0.08677,0.1211,0.1302,76.52,51.32,44.83,49.24,51.04,50.81,3.525
49015,2.161,3.095,3.485,6.297,,,,,0.8695,0.7572,0.6324,0.5022,1.062,1.097,1.119,1.123,1.193,1.308,1.256,1.428,1.033,1.068,1.038,1.051,0.9959,0.9945,2.225,2.56,2.04,2.409,,,9.499,35.51,44.75,0.02449,0.02876,0.03116,25.54,12.02,10.04,71.64,74.33,75.3,29.87
49017,2.018,2.896,3.196,5.632,,,2.817,4.805,0.8749,0.7695,0.6559,0.5233,1.032,1.091,1.069,1.11,1.155,1.292,1.233,1.442,1.032,1.069,1.039,1.049,0.9956,0.9939,2.225,2.622,1.967,2.333,,,7.336,24.91,31.48,0.09612,0.09959,0.1248,24.13,10.57,8.513,66.04,68.62,69.3,21.66
49019,1.708,2.22,2.865,4.476,,,3.663,6.69,0.8548,0.7278,0.6472,0.5162,1.045,1.071,1.088,1.085,1.19,1.29,1.222,1.382,1.027,1.05,1.034,1.042,0.9939,0.9925,1.776,1.99,1.799,2.074,,,18.7,50.51,59.38,0.02234,0.03271,0.0363,26.38,13.92,11.61,63.14,65.31,65.81,45.23
49021,3.121,4.971,,,,,,,0.875,0.7661,0.6565,0.5273,1.042,1.084,1.068,1.108,1.102,1.243,1.118,1.288,1.029,1.049,1.049,1.057,0.9958,0.9943,2.789,3.327,2.397,2.936,,,3.273,21.84,30.58,0.05105,0.06809,0.07754,19.48,8.154,6.592,59.74,62.65,63.12,18.63
49023,2.12,2.921,4.417,8.362,,,,,0.8618,0.741,0.6655,0.5318,1.081,1.123,1.125,1.165,1.18,1.357,1.267,1.477,1.024,1.065,1.048,1.049,0.9962,0.9948,2.006,2.276,2.001,2.369,,,10.17,40.5,50.6,0.02166,0.03686,0.04035,27.18,12.49,10,62.59,65.59,65.65,35.83
49025,1.88,2.569,2.759,4.545,,,2.489,4.062,0.8465,0.7135,0.6093,0.4958,1.043,1.103,1.068,1.115,1.179,1.32,1.276,1.478,1.028,1.058,1.046,1.054,0.9964,0.9944,1.977,2.239,1.864,2.162,,,14.39,43.89,53.65,0.04198,0.05077,0.06224,8.625,2.814,2.315,72.26,75.55,76.14,38.6
49027,2.027,2.751,4.196,7.551,,,,,0.866,0.7489,0.662,0.5303,1.07,1.126,1.1,1.16,1.105,1.287,1.231,1.405,1.025,1.077,1.055,1.045,0.9955,0.9939,1.925,2.161,2.002,2.361,,,12.92,46.03,56.36,0.02133,0.03255,0.03523,20.56,9.376,7.557,65.99,69.6,68.96,41.06
49029,,,,,,,,,0.8812,0.7787,0.6815,0.5351,1.063,1.125,1.076,1.154,1.154,1.417,1.186,1.479,1.022,1.06,1.01,1.01,0.9953,0.9934,7.57,10.71,4.793,6.749,1.263,1.319,0.2391,6.345,11.99,0.1009,0.1811,0.2033,58.51,33.44,27.98,45.38,45.83,45.82,3.569
49031,,,,,,,,,0.9041,0.8232,0.7087,0.5769,1.043,1.081,1.086,1.128,1.133,1.28,1.164,1.323,1.024,1.058,1.054,1.047,0.9956,0.9933,5.111,7.058,4.035,5.642,,,0.3409,5.304,9.495,0.08211,0.08582,0.112,34.99,17.43,14.31,52.21,55.02,54.65,4.294
49033,,,,,,,,,0.8918,0.8016,0.6893,0.517,1.05,1.116,1.051,1.14,1.139,1.378,1.185,1.448,1.033,1.076,1.026,0.9999,0.9958,0.9922,,,,,,,0.00138,0.9885,3.124,0.05184,0.08279,0.09791,69.34,44.64,38.14,48.88,50.15,48.87,0.35
49035,2.268,3.273,,,,,2.706,4.572,0.8142,0.6612,0.602,0.4406,1.061,1.105,1.099,1.155,1.156,1.381,1.163,1.457,1.027,1.06,1.016,1.014,0.994,0.9929,2.247,2.614,1.888,2.204,1.192,1.237,6.493,29.49,37.81,0.06905,0.1213,0.125,35.93,19,15.75,48.62,49.41,49.32,24.31
49037,1.781,2.372,2.934,4.801,,,2.77,4.578,0.83,0.6874,0.6059,0.5169,1.033,1.088,1.039,1.105,1.169,1.296,1.213,1.405,1.02,1.046,1.049,1.066,0.9977,0.9964,1.801,2.016,1.741,1.998,,,17.78,50.51,60.38,0.02543,0.03147,0.03833,13.78,5.307,4.325,72.07,75.64,76.81,45.98
49039,3.881,7.161,,,,,,,0.8889,0.7954,0.6749,0.5301,1.091,1.14,1.163,1.222,1.238,1.454,1.31,1.539,1.024,1.065,1.041,1.034,0.9934,0.9913,3.553,4.485,2.915,3.801,1.27,1.38,1.108,10.22,15.88,0.05254,0.08213,0.08832,56.03,33.22,28.56,47.06,48.99,48.65,8.492
49041,,,,,,,,,0.8965,0.8071,0.7096,0.5765,1.076,1.115,1.149,1.188,1.184,1.351,1.219,1.399,1.022,1.055,1.04,1.032,0.9954,0.9928,4.042,5.349,3.305,4.392,,,0.7684,7.267,11.68,0.04187,0.06952,0.08351,45.11,25.43,21.51,49.89,51.87,51.48,6.039
49043,,,,,,,,,0.8984,0.8192,0.7221,0.5604,1.053,1.105,1.071,1.144,1.129,1.328,1.198,1.418,1.018,1.053,1.03,1.024,0.9944,0.9924,,,,,1.234,1.296,0.02093,1.718,3.601,0.1018,0.1444,0.1587,83.22,59.45,53.14,37.67,38.82,38.57,0.7545
49045,1.886,2.465,3.547,6.008,,,3.03,5.511,0.8274,0.6794,0.6205,0.4819,1.072,1.108,1.092,1.146,1.153,1.314,1.2,1.439,1.026,1.07,1.03,1.027,0.9967,0.9951,1.872,2.082,1.845,2.134,,,15.02,49.51,59.31,0.01287,0.02313,0.02406,21.52,8.363,6.598,67.84,69.89,69.69,42.17
49047,2.469,3.684,,,,,,,0.8908,0.7993,0.6846,0.528,1.048,1.083,1.075,1.113,1.177,1.25,1.174,1.287,1.039,1.048,1.021,1.016,0.9949,0.9931,2.601,3.014,2.569,3.128,,,4.606,30.06,39.09,0.02375,0.04073,0.03825,57.97,36.24,31.23,59.35,60.59,60.3,22.68
49049,2.66,4.119,,,,,,,0.8589,0.7399,0.6489,0.4992,1.092,1.134,1.138,1.183,1.23,1.48,1.323,1.628,1.03,1.072,1.035,1.035,0.9942,0.9924,2.659,3.207,2.273,2.774,1.26,1.36,3.425,20.18,27.22,0.07553,0.1252,0.1369,43,24.14,20.19,46.76,48.38,48.41,16.86
49051,,,,,,,,,0.9003,0.8195,0.6915,0.5352,1.085,1.134,1.111,1.178,1.249,1.495,1.341,1.653,1.024,1.068,1.04,1.037,0.9942,0.9923,,,,,1.249,1.389,0.03514,1.036,2.16,0.1513,0.2093,0.2315,75.57,50.38,43.64,39.26,40.82,40.71,0.6965
49053,1.612,2.047,2.125,3.057,3.612,6.418,3.029,5.023,0.8337,0.7049,,,1.056,1.108,1.099,1.144,1.179,1.343,1.177,1.444,1.018,1.042,1.041,1.042,0.9963,0.9951,1.675,1.854,1.757,2.014,1.088,1.198,26.34,58.65,68.66,0.1039,0.1268,0.1536,6.986,2.386,1.96,70.95,73.88,73.93,54.14
49055,1.711,2.236,2.551,3.996,,,3.165,5.379,0.8624,0.7467,0.6728,0.5522,1.034,1.075,1.065,1.098,1.151,1.242,1.191,1.373,1.03,1.053,1.04,1.053,0.9968,0.9958,1.759,1.983,1.78,2.062,,,16.2,42,49.46,0.04099,0.04079,0.05021,22.5,9.25,7.415,73.05,75.98,76.95,38.54
49057,2.581,3.984,,,,,,,0.8541,0.7302,0.6554,0.5038,1.064,1.131,1.063,1.173,1.164,1.406,1.203,1.466,1.025,1.059,1.029,1.026,0.996,0.9946,2.573,3.135,2.134,2.61,1.189,1.257,4.395,23.4,31.73,0.212,0.3216,0.3515,47.65,26.18,21.8,50.71,52.17,52.02,18.75
50001,,,,,,,,,0.8657,0.7641,0.3834,0.1475,1.058,1.116,1.064,1.129,1.232,1.442,1.227,1.452,1.059,1.095,0.9684,0.9909,0.9855,0.9876,5.761,8.076,2.333,2.831,1.293,1.357,0.1946,3.008,5.065,0.4299,0.741,0.9035,64.65,39.48,31.94,20.9,20.24,20.71,2.497
50003,,,,,,,,,0.8759,0.7798,0.4155,0.2094,1.044,1.115,1.044,1.121,1.2,1.405,1.18,1.368,1.058,1.089,0.977,0.9819,0.9872,0.9883,,,3.314,4.336,1.177,1.215,0.0031,0.6731,1.561,1.363,1.979,2.123,70.43,42.43,34.73,18.28,17.86,17.95,0.3772
50005,,,,,,,,,0.8878,0.7987,0.5188,0.2803,1.062,1.114,1.058,1.142,1.234,1.436,1.246,1.459,1.069,1.101,0.95,0.9667,0.9823,0.9827,,,2.743,3.574,1.309,1.37,0.01835,0.7717,1.723,0.4522,0.6821,0.7711,80.77,57.78,49.09,19.71,18.73,19.06,0.7473
50007,,,,,,,,,0.8574,0.7467,0.3263,0.07838,1.064,1.107,1.059,1.108,1.216,1.417,1.208,1.46,1.054,1.081,0.9609,0.9798,0.9845,0.9869,6.891,9.78,2.442,2.972,1.321,1.399,0.1389,3.346,5.707,0.2506,0.4518,0.539,69.29,43.92,35.59,20.3,19.5,19.89,2.113
50009,,,,,,,,,0.8916,0.8059,0.5512,0.3199,1.066,1.108,1.079,1.145,1.254,1.458,1.273,1.497,1.069,1.105,0.9601,0.9787,0.9857,0.986,,,3.408,4.614,1.304,1.347,0.0009873,0.4098,1.083,0.4237,0.6435,0.7413,87.69,64.16,55.82,18.5,17.76,18.1,0.2886
50011,,,,,,,,,0.8629,0.7554,0.4195,0.1783,1.041,1.124,1.008,1.143,1.21,1.447,1.195,1.511,1.05,1.089,0.969,0.9792,0.9832,0.9864,,,2.4,2.974,1.303,1.349,0.05044,1.8,3.428,0.3086,0.5644,0.5985,70.02,45.63,37.98,18.37,17.8,17.99,1.287
50013,,,,,,,3.909,9.084,0.8646,0.7555,0.3406,0.1103,1.086,1.129,1.089,1.14,1.24,1.385,1.311,1.415,1.054,1.084,0.9725,0.982,0.9842,0.9871,5.461,7.736,2.115,2.553,1.276,1.315,0.2863,4.253,7.198,0.178,0.3671,0.4369,61.6,38.45,30.98,22.31,21.69,21.91,3.252
50015,,,,,,,,,0.8719,0.7689,0.4053,0.1426,1.052,1.113,1.053,1.14,1.209,1.444,1.191,1.504,1.054,1.086,0.9622,0.977,0.9812,0.9823,,,2.898,3.685,1.317,1.371,0.005769,0.6427,1.457,0.3764,0.5801,0.6675,78.65,53.81,45.31,17.37,16.71,16.97,0.4132
50017,,,,,,,,,0.8831,0.791,0.4749,0.2427,1.045,1.11,1.046,1.138,1.23,1.451,1.256,1.47,1.071,1.111,0.9641,0.9769,0.9853,0.9853,,,3.082,3.997,1.302,1.379,0.02189,1.412,2.816,0.4773,0.7659,0.8622,71.96,46.91,38.38,21.16,20.4,20.67,0.9513
50019,,,,,,,,,0.887,0.7953,0.4969,0.2543,1.065,1.116,1.076,1.158,1.236,1.465,1.252,1.523,1.059,1.097,0.9661,0.985,0.9809,0.9818,,,2.972,3.886,1.351,1.417,0.003061,0.547,1.329,0.2978,0.4418,0.503,84.74,60.91,52.99,16.87,16.3,16.62,0.3759
50021,,,,,,,,,0.8704,0.7706,0.3772,0.1471,1.046,1.103,1.062,1.119,1.24,1.438,1.223,1.417,1.059,1.093,0.9693,0.9781,0.9867,0.9875,,,2.456,3.053,1.225,1.284,0.09181,1.864,3.532,0.7167,1.128,1.281,63.45,38.35,31.07,19.32,18.73,18.9,1.638
50023,,,,,,,,,0.8774,0.7809,0.4139,0.1587,1.054,1.118,1.057,1.149,1.225,1.447,1.216,1.459,1.059,1.094,0.9666,0.9753,0.9835,0.9846,,,3.07,3.934,1.262,1.336,0.007537,0.8638,1.915,0.4549,0.7249,0.8442,76.96,53.52,45.09,19.31,18.67,18.84,0.529
50025,,,,,,,,,0.8791,0.786,0.431,0.2283,1.045,1.114,1.041,1.121,1.196,1.412,1.171,1.371,1.065,1.099,0.9886,0.9917,0.9885,0.989,,,2.833,3.596,1.157,1.207,0.07732,2.155,3.86,1.43,1.973,2.13,63.01,38.29,31.55,19.79,19.56,19.63,1.533
50027,,,,,,,,,0.8793,0.786,0.4524,0.2308,1.045,1.107,1.048,1.128,1.214,1.419,1.196,1.402,1.06,1.101,0.9692,0.9855,0.9869,0.9878,,,3.045,3.854,1.207,1.271,0.04934,2.428,4.458,0.8029,1.183,1.341,65.35,40.72,33.55,20.4,19.77,20.1,1.461
51001,3.331,7.122,,,,,1.656,2.216,0.6933,0.5194,,,1.07,1.131,1.097,1.181,1.21,1.326,1.277,1.359,1.059,1.064,0.9972,0.9972,0.9907,0.9881,3.352,4.13,1.551,1.716,1.204,1.214,1.321,12.25,17.71,1.3,1.849,1.926,5.023,1.258,0.8434,23.22,23.16,23.16,13.58
51003,2.506,4.635,,,,,2.117,3.301,0.7387,0.5835,,,1.084,1.105,1.124,1.14,1.214,1.297,1.287,1.335,1.067,1.061,0.9983,0.9869,0.9849,0.9797,2.934,3.505,1.652,1.852,1.187,1.222,3.635,22.46,30.89,1.416,2.004,2.107,7.136,2.267,1.578,23.81,23.77,23.5,20.64
51005,,,,,,,,,0.8339,0.714,0.5132,0.414,1.061,1.081,1.09,1.072,1.182,1.257,1.278,1.277,1.05,1.056,0.9921,1.017,0.9875,0.9856,5.615,7.491,2.014,2.351,1.235,1.29,0.3124,6.758,11.17,0.9151,1.405,1.42,14.32,6.65,5.24,23.24,23.06,23.64,6.006
51007,2.407,4.336,,,,,2.482,3.986,0.764,0.6207,,,1.048,1.1,1.058,1.13,1.2,1.283,1.262,1.32,1.061,1.056,1.006,0.9965,0.9878,0.9819,2.418,2.805,1.599,1.789,1.189,1.23,5.51,26.54,36.08,1.432,2.005,2.098,4.01,1.183,0.7513,23.92,24.05,23.83,29.06
51009,2.752,5.51,,,,,2.783,5.22,0.7819,0.6444,,,1.077,1.092,1.107,1.096,1.226,1.301,1.238,1.32,1.063,1.06,0.9907,0.9841,0.9845,0.9812,3.059,3.747,1.704,1.934,1.194,1.231,2.3,15.87,22.82,1.462,2.096,2.251,6.802,1.919,1.324,24,23.78,23.62,16.58
51011,2.457,4.605,,,,,2.604,4.498,0.75,0.5989,,,1.066,1.073,1.086,1.073,1.246,1.297,1.255,1.326,1.068,1.055,0.9935,0.9953,0.9857,0.9825,2.782,3.307,1.657,1.863,1.204,1.246,3.706,22.16,30.93,1.199,1.683,1.779,5.212,1.405,0.8976,24.31,24.16,24.2,22.79
51013,2.598,4.795,,,,,1.699,2.253,0.6743,0.4971,,,1.065,1.123,1.082,1.116,1.215,1.368,1.404,1.486,1.058,1.068,1.007,1.016,0.9875,0.9843,2.798,3.311,1.605,1.803,1.182,1.21,3.962,25.58,35.63,1.304,1.791,1.766,8.733,1.934,1.137,24.23,24.39,24.61,23.29
51015,,,,,,,3.54,8.699,0.8259,0.704,0.4273,0.3181,1.077,1.097,1.11,1.104,1.2,1.294,1.253,1.308,1.063,1.061,1.014,1.004,0.9863,0.9828,4.693,6.294,1.934,2.247,1.189,1.234,0.548,7.236,11.18,1.076,1.589,1.625,14.97,6.409,4.975,24.42,24.75,24.52,6.388
51017,,,,,,,,,0.8426,0.7221,0.4885,0.3678,1.074,1.101,1.113,1.095,1.193,1.31,1.251,1.345,1.055,1.059,1.004,1.011,0.9866,0.9845,7.666,10.44,2.199,2.568,1.232,1.288,0.1168,4.467,7.344,0.8036,1.296,1.298,18.43,10.34,8.371,22.96,23.05,23.21,3.265
51019,3.023,6.116,,,,,2.923,5.355,0.7429,0.596,,,1.076,1.071,1.097,1.067,1.216,1.265,1.276,1.291,1.062,1.063,0.9798,0.9911,0.9838,0.9807,3.24,3.988,1.712,1.944,1.205,1.257,2.192,17.64,25.18,1.205,1.72,1.887,6.046,1.343,0.9135,24.38,23.89,24.16,16.74
51021,,,,,,,,,0.8181,0.6927,0.4939,0.391,1.077,1.083,1.108,1.072,1.215,1.265,1.248,1.281,1.041,1.052,0.9847,1.016,0.9903,0.9871,,,2.477,2.99,1.226,1.319,0.01978,1.053,2.258,0.4486,0.6923,0.7602,18.71,10.23,8.702,21.8,21.47,22.14,0.5354
51023,3.63,8.095,,,,,4.132,9.269,0.7864,0.6552,,,1.068,1.071,1.098,1.064,1.188,1.25,1.316,1.308,1.059,1.062,0.9789,1.004,0.9853,0.9823,3.83,4.81,1.799,2.059,1.196,1.258,1.217,13.12,19.67,1.174,1.629,1.745,8.949,2.641,1.929,23.81,23.31,23.9,12.35
51025,2.357,4.291,,,,,2.239,3.469,0.7536,0.6063,,,1.043,1.08,1.019,1.08,1.198,1.281,1.288,1.385,1.061,1.053,0.9856,0.9969,0.9842,0.9789,2.32,2.696,1.559,1.741,1.215,1.262,5.844,27.04,36.47,0.9483,1.366,1.455,3.027,0.7709,0.5369,22.95,22.62,22.88,31.2
51027,,,,,,,,,0.8431,0.7283,0.5317,0.4244,1.064,1.104,1.089,1.11,1.196,1.3,1.241,1.354,1.046,1.058,1.008,1.025,0.9931,0.9887,5.403,7.259,1.843,2.13,1.195,1.261,0.3158,5.016,8.964,0.5576,0.8269,0.8922,14.48,7.46,6.271,20.36,20.52,20.88,5.613
51029,2.586,4.705,,,,,2.659,4.447,0.7767,0.6381,,,1.064,1.092,1.082,1.11,1.239,1.29,1.261,1.298,1.066,1.056,0.9966,0.9923,0.9871,0.9819,2.724,3.214,1.674,1.891,1.19,1.234,4.083,26.63,37.03,1.277,1.845,1.98,4.055,0.9803,0.6349,23.89,23.81,23.71,25.56
51031,2.633,5.123,,,,,2.549,4.353,0.7461,0.5933,,,1.062,1.077,1.066,1.064,1.246,1.311,1.302,1.363,1.062,1.058,0.992,0.9929,0.9843,0.9809,2.984,3.561,1.674,1.889,1.196,1.253,3.055,21.12,29.67,1.068,1.502,1.652,5.333,1.091,0.7573,24.56,24.37,24.39,20.54
51033,2.606,4.671,,,,,2.182,3.3,0.7575,0.6082,,,1.053,1.099,1.065,1.117,1.23,1.278,1.385,1.408,1.061,1.067,0.9989,0.9979,0.9874,0.9824,2.675,3.14,1.655,1.858,1.22,1.273,4.532,27.4,36.76,0.9977,1.513,1.644,5.861,1.301,0.7692,23.42,23.39,23.37,25.23
51035,,,,,,,,,0.823,0.7014,0.4875,0.4102,1.08,1.088,1.08,1.067,1.204,1.28,1.244,1.339,1.056,1.071,0.9793,1.01,0.9846,0.9815,8.232,12.53,2.125,2.535,1.182,1.242,0.1335,2.333,4.528,1.669,2.271,2.549,11.84,4.963,3.863,23.54,23.05,23.79,2.075
51036,2.21,3.789,,,,,1.813,2.474,0.6992,0.5392,,,1.03,1.105,1.021,1.126,1.163,1.312,1.254,1.382,1.058,1.072,1.011,0.9999,0.9879,0.9818,2.219,2.539,1.547,1.717,1.19,1.264,7.711,33.42,43.64,1.263,1.752,1.939,3.134,0.6141,0.372,22.67,22.92,22.67,35.8
51037,2.234,4.025,,,,,2.5,4.134,0.7776,0.6332,,,1.053,1.083,1.057,1.083,1.246,1.311,1.267,1.367,1.062,1.054,0.9855,0.9862,0.9865,0.983,2.439,2.845,1.58,1.776,1.18,1.226,5.402,25.96,35.79,1.273,1.867,2.084,4.177,1.205,0.7913,23.99,23.64,23.66,28.17
51041,2.382,4.216,,,,,2.049,2.981,0.724,0.5669,,,1.04,1.096,1.034,1.104,1.18,1.282,1.26,1.342,1.058,1.063,1.006,0.9951,0.9867,0.9797,2.379,2.756,1.583,1.762,1.212,1.273,6.091,29.32,38.88,1.212,1.722,1.867,3.802,0.8765,0.5219,22.81,22.94,22.69,30.66
51043,2.877,5.805,,,,,2.394,4.174,0.7623,0.6108,,,1.066,1.133,1.064,1.149,1.205,1.325,1.249,1.37,1.063,1.063,1.004,0.9939,0.9875,0.9869,3.261,4.037,1.749,1.987,1.214,1.273,2.348,17.68,25.51,0.978,1.367,1.46,15.06,4.873,3.276,24.36,24.45,24.21,15.71
51045,,,,,,,,,0.8189,0.6973,0.4742,0.3811,1.07,1.069,1.091,1.059,1.19,1.247,1.258,1.263,1.056,1.061,0.972,1.013,0.985,0.9821,7.156,10.13,2.058,2.42,1.214,1.27,0.2044,4.385,7.572,0.9575,1.407,1.526,15.54,7.118,5.759,23.11,22.46,23.4,3.4
51047,2.713,5.154,,,,,2.518,4.293,0.7664,0.6151,,,1.091,1.12,1.1,1.144,1.233,1.303,1.435,1.41,1.068,1.065,0.9749,0.9761,0.9859,0.9821,2.778,3.347,1.666,1.885,1.21,1.237,3.632,22.77,32.27,1.141,1.678,1.769,6.987,1.897,1.196,24.53,23.91,23.94,22.5
51049,2.421,4.243,,,,,2.656,4.385,0.7818,0.6462,,,1.059,1.1,1.069,1.125,1.235,1.291,1.305,1.308,1.064,1.055,0.9983,0.9924,0.987,0.9815,2.498,2.916,1.646,1.858,1.195,1.231,5.606,29.7,40.49,1.262,1.8,1.941,3.894,1.005,0.6437,23.63,23.59,23.45,29.52
51051,,,,,,,,,0.8126,0.6843,0.4962,0.3903,1.065,1.106,1.069,1.103,1.203,1.325,1.246,1.359,1.044,1.06,1.023,1.031,0.9931,0.9894,8.112,11.31,1.912,2.203,1.211,1.254,0.181,3.552,6.772,0.5706,0.8639,0.8856,12.55,5.915,4.693,20.2,20.65,20.83,3.139
51053,2.324,4.173,,,,,2.174,3.278,0.745,0.5948,,,1.042,1.095,1.02,1.1,1.167,1.288,1.231,1.375,1.061,1.061,0.9878,0.9899,0.9846,0.9786,2.272,2.636,1.545,1.723,1.193,1.251,6.378,28.02,37.73,1.196,1.654,1.762,3.501,0.8931,0.5582,23.38,23.09,23.14,31.79
51057,2.387,4.133,,,,,1.942,2.775,0.715,0.5527,,,1.072,1.131,1.094,1.169,1.232,1.306,1.36,1.406,1.067,1.076,1.006,1.014,0.9894,0.9844,2.414,2.78,1.592,1.774,1.234,1.277,6.023,31.48,41.58,1.165,1.64,1.848,4.596,0.7936,0.4398,23.28,23.43,23.61,31.04
51059,2.57,4.822,,,,,2.076,3.073,0.7343,0.5771,,,1.072,1.116,1.093,1.122,1.244,1.369,1.375,1.452,1.065,1.066,1.002,1.007,0.9884,0.9852,2.885,3.441,1.669,1.892,1.207,1.232,3.379,24.49,34.27,1.133,1.592,1.599,9.647,2.429,1.46,24.04,24.1,24.21,22.11
51061,3.059,6.307,,,,,2.723,4.773,0.7718,0.6239,,,1.071,1.135,1.079,1.176,1.207,1.324,1.408,1.473,1.063,1.064,0.9942,0.9874,0.9864,0.9838,3.149,3.929,1.701,1.94,1.202,1.241,2.244,17.09,25.1,1.046,1.458,1.558,11.1,3.798,2.55,24.15,24.01,23.84,16.18
51063,,,,,,,,,0.8251,0.7049,0.4681,0.3952,1.082,1.065,1.1,1.033,1.201,1.261,1.265,1.358,1.054,1.063,0.9777,1.001,0.9866,0.9838,,,2.204,2.644,1.173,1.232,0.06984,1.956,3.934,1.696,2.307,2.543,13.13,5.596,4.383,23.67,23.14,23.69,1.471
51065,2.6,4.65,,,,,2.394,3.806,0.7695,0.628,,,1.066,1.121,1.076,1.154,1.228,1.314,1.322,1.33,1.067,1.066,0.9948,0.9831,0.9862,0.9803,2.829,3.332,1.696,1.913,1.181,1.221,4.213,29.02,39.64,1.182,1.701,1.785,4.798,1.144,0.7425,24.41,24.28,24,25.23
51067,3.172,6.654,,,,,2.963,5.723,0.7725,0.629,,,1.083,1.058,1.097,1.04,1.216,1.256,1.285,1.343,1.061,1.066,0.9742,0.9836,0.9844,0.9815,3.511,4.282,1.74,1.979,1.201,1.26,1.856,16.89,25.27,1.278,1.868,2.053,5.567,1.571,1.008,23.79,23.17,23.4,16.05
51069,2.949,6.093,,,,,3.058,6.512,0.7966,0.66,,,1.062,1.125,1.064,1.146,1.184,1.308,1.222,1.358,1.061,1.063,1.008,0.9902,0.9881,0.9871,3.454,4.361,1.829,2.103,1.219,1.283,1.975,15.22,22.2,0.8509,1.191,1.268,17.08,6.303,4.377,23.76,23.96,23.53,13.5
51071,,,,,,,,,0.8312,0.7166,0.4923,0.3881,1.073,1.083,1.098,1.074,1.21,1.287,1.253,1.341,1.049,1.061,0.9906,1.021,0.9887,0.9851,,,2.178,2.59,1.208,1.269,0.1049,2.234,3.844,0.6505,0.9586,1.065,18.26,9.871,8.413,23.07,22.85,23.55,1.806
51073,2.614,4.974,,,,,1.76,2.394,0.7031,0.5418,,,1.036,1.116,1.035,1.163,1.151,1.3,1.237,1.297,1.055,1.061,0.9959,0.989,0.9895,0.9847,2.535,2.986,1.535,1.698,1.174,1.235,4.231,22.99,30.84,1.298,1.902,2.091,3.529,0.6716,0.4229,22.79,22.69,22.53,25.38
51075,2.551,4.618,,,,,2.51,4.087,0.7821,0.6437,,,1.05,1.104,1.056,1.121,1.208,1.293,1.315,1.331,1.062,1.06,0.9901,0.9903,0.986,0.9798,2.549,2.974,1.629,1.833,1.205,1.234,4.796,26.52,36.19,1.174,1.674,1.771,4.774,1.324,0.8192,23.91,23.67,23.68,27.1
51077,,,,,,,,,0.846,0.7364,0.4861,0.3787,1.083,1.103,1.091,1.087,1.2,1.287,1.231,1.326,1.048,1.066,0.9943,1.01,0.9879,0.9847,,,2.501,3.08,1.162,1.234,0.02253,0.7152,1.675,1.418,1.909,2.124,16.91,8.523,7.09,22.39,22.26,22.61,0.5728
51079,3.035,6.234,,,,,2.284,3.877,0.7667,0.6227,,,1.099,1.112,1.146,1.163,1.228,1.297,1.292,1.317,1.071,1.06,0.9836,0.9755,0.9849,0.9812,3.633,4.582,1.761,2.003,1.194,1.221,1.547,13.4,19.4,1.593,2.244,2.316,11.76,4.241,3.022,23.64,23.25,23.06,11.74
51081,2.285,4.084,,,,,2.113,3.2,0.7376,0.5876,,,1.035,1.064,1.008,1.066,1.186,1.263,1.255,1.342,1.065,1.051,0.9882,0.9873,0.9867,0.9812,2.17,2.5,1.514,1.684,1.181,1.235,7.134,28.54,38.09,1.257,1.709,1.856,2.587,0.6758,0.4642,23.79,23.51,23.49,34.57
51083,2.331,4.243,,,,,2.533,4.192,0.7836,0.6422,,,1.061,1.081,1.065,1.075,1.246,1.313,1.312,1.386,1.061,1.057,0.9819,0.9872,0.9867,0.9838,2.381,2.797,1.572,1.778,1.189,1.251,5.469,25.95,36.87,1.357,1.872,2.198,4.034,1.085,0.7088,24.35,23.91,24.04,29.13
51085,2.629,4.803,,,,,2.153,3.255,0.7537,0.6051,,,1.042,1.098,1.031,1.114,1.188,1.27,1.279,1.332,1.056,1.068,1.002,0.9889,0.9886,0.9824,2.562,3.027,1.618,1.816,1.197,1.238,4.737,25.43,34.15,1.276,1.806,1.94,5.022,1.059,0.6581,23.71,23.77,23.45,25.61
51087,2.379,4.175,,,,,1.922,2.724,0.715,0.555,,,1.045,1.106,1.021,1.113,1.176,1.288,1.257,1.35,1.057,1.074,1.013,0.9969,0.9887,0.9825,2.367,2.765,1.587,1.771,1.18,1.237,6.527,29.68,38.85,1.398,1.903,2.079,4.555,0.9387,0.5526,23.53,23.84,23.46,30.18
51089,3.482,7.178,,,,,3.552,7.101,0.7934,0.6605,,,1.092,1.065,1.115,1.057,1.214,1.257,1.261,1.318,1.053,1.062,0.9692,0.9977,0.9825,0.9804,3.163,3.817,1.697,1.942,1.196,1.238,2.143,19.09,29.36,1.366,2.033,2.213,4.264,1.161,0.7135,23.79,23.06,23.74,19.7
51091,,,,,,,,,0.8552,0.7446,0.4548,0.3085,1.076,1.099,1.108,1.096,1.207,1.337,1.258,1.38,1.052,1.057,1.003,1.014,0.9866,0.9862,,,2.485,3.072,1.235,1.274,0.008139,0.9392,1.841,0.6521,1.118,1.159,26.91,16.57,13.99,21.42,21.49,21.72,0.6246
51093,2.865,5.479,,,,,1.699,2.275,0.6936,0.5327,,,1.003,1.084,0.9574,1.134,1.122,1.25,1.215,1.275,1.053,1.055,0.9901,0.9779,0.9878,0.9824,2.63,3.072,1.536,1.692,1.173,1.237,3.635,22.86,30.54,1.434,1.987,2.108,2.667,0.5536,0.3541,22.68,22.45,22.17,25.05
51095,2.495,4.624,,,,,1.868,2.596,0.7134,0.5603,,,1.029,1.111,1.028,1.164,1.15,1.311,1.25,1.348,1.056,1.067,0.9874,0.9825,0.99,0.9849,2.421,2.826,1.547,1.716,1.158,1.232,5.23,26.54,35.41,1.546,2.206,2.416,3.202,0.6287,0.4148,23.56,23.26,23.15,29.16
51097,2.446,4.288,,,,,1.935,2.762,0.7287,0.5713,,,1.061,1.122,1.075,1.174,1.213,1.298,1.305,1.358,1.064,1.074,1.013,1.004,0.99,0.9845,2.476,2.856,1.602,1.785,1.216,1.265,5.91,31.33,41.5,1.464,2.064,2.28,4.239,0.7537,0.4345,23.65,23.95,23.73,30.59
51099,2.599,4.701,,,,,2.1,3.074,0.7328,0.575,,,1.067,1.11,1.098,1.121,1.251,1.302,1.463,1.481,1.063,1.064,1.002,1.014,0.9869,0.9826,2.596,3.04,1.604,1.798,1.241,1.296,4.182,26.45,35.93,0.7394,1.13,1.239,5.882,1.305,0.7296,23.73,23.78,24.08,25.85
51101,2.533,4.448,,,,,1.95,2.791,0.7332,0.5768,,,1.055,1.113,1.055,1.157,1.218,1.289,1.296,1.366,1.063,1.077,1.017,1.007,0.99,0.9842,2.494,2.886,1.616,1.806,1.216,1.268,5.874,31.75,42.22,1.397,1.919,2.127,4.244,0.742,0.4388,23.55,23.95,23.72,30.43
51103,2.499,4.651,,,,,1.778,2.416,0.6918,0.5214,,,1.074,1.133,1.107,1.178,1.2,1.319,1.299,1.326,1.064,1.068,1.001,0.9968,0.9879,0.9835,2.66,3.116,1.547,1.711,1.213,1.24,4.138,24,32.24,1.134,1.72,1.87,3.993,0.7542,0.4172,22.66,22.69,22.59,24.88
51105,,,,,,,,,0.8452,0.7349,0.5741,0.4704,1.09,1.149,1.093,1.174,1.306,1.435,1.387,1.534,1.049,1.073,1.028,1.028,0.9925,0.9893,7.423,10.47,1.951,2.282,1.167,1.193,0.1923,4.779,9.885,1.236,1.822,1.949,12,5.973,5.026,20.26,20.83,20.83,4.333
51107,2.629,5.062,,,,,2.391,3.978,0.7504,0.5967,,,1.072,1.133,1.075,1.165,1.214,1.353,1.246,1.41,1.062,1.062,1.007,1.002,0.9866,0.9847,2.949,3.569,1.695,1.924,1.216,1.253,2.913,20.55,29.11,0.9735,1.43,1.504,11.78,3.309,2.16,23.6,23.76,23.65,19.24
51109,2.735,5.044,,,,,2.336,3.833,0.7734,0.6275,,,1.074,1.118,1.089,1.164,1.246,1.319,1.386,1.374,1.066,1.066,0.989,0.9815,0.9856,0.98,2.698,3.197,1.659,1.867,1.214,1.248,3.702,24.71,33.73,1.23,1.788,1.917,5.399,1.244,0.7769,23.93,23.67,23.49,24.23
51111,2.301,4.215,,,,,2.386,3.796,0.7793,0.6362,,,1.054,1.092,1.046,1.094,1.234,1.313,1.309,1.402,1.061,1.055,0.9875,0.9937,0.9835,0.9797,2.49,2.925,1.573,1.766,1.201,1.241,5.373,25,34.26,1.039,1.561,1.711,4.244,1.298,0.8799,23.26,22.97,23.11,27
51113,3.03,6.091,,,,,2.389,4.044,0.7682,0.624,,,1.101,1.123,1.126,1.177,1.231,1.304,1.305,1.312,1.075,1.066,0.9772,0.9738,0.9859,0.9828,3.372,4.194,1.749,1.99,1.186,1.216,1.924,16.17,23.35,1.589,2.264,2.331,10.66,3.752,2.647,24.28,23.73,23.65,14.46
51115,2.75,5.4,,,,,1.662,2.203,0.6955,0.5353,,,1.044,1.107,1.061,1.142,1.163,1.271,1.212,1.275,1.051,1.051,0.999,0.9966,0.9888,0.9844,2.665,3.191,1.513,1.67,1.174,1.211,3.083,18.23,24.94,1.319,1.934,2.109,3.815,0.7531,0.451,22.68,22.66,22.6,21.17
51117,2.183,3.774,,,,,2.024,3.013,0.7734,0.6281,,,1.064,1.083,1.052,1.086,1.256,1.334,1.372,1.478,1.062,1.06,0.9613,0.9811,0.9853,0.9819,2.204,2.532,1.519,1.696,1.187,1.248,7.101,30.52,41.08,1.1,1.58,1.801,3.198,0.9709,0.6309,24.59,23.64,24.12,34.31
51119,2.486,4.512,,,,,1.83,2.516,0.7061,0.5415,,,1.069,1.123,1.099,1.167,1.191,1.301,1.272,1.298,1.063,1.067,1.005,0.9954,0.989,0.984,2.548,2.966,1.559,1.726,1.21,1.25,4.764,26.33,34.85,1.219,1.874,2.038,3.955,0.7484,0.4206,22.96,23.07,22.85,27.1
51121,,,,,,,,,0.813,0.685,,,1.081,1.071,1.108,1.046,1.202,1.26,1.256,1.315,1.054,1.064,0.9884,1.01,0.9872,0.9842,7.354,10.56,2.036,2.39,1.222,1.297,0.2087,4.186,7.426,0.828,1.119,1.291,13.46,6.355,4.986,24.3,24.02,24.53,3.362
51125,2.609,5.05,,,,,2.584,4.615,0.7897,0.6509,,,1.08,1.095,1.14,1.121,1.228,1.304,1.235,1.319,1.064,1.058,0.9996,0.9888,0.986,0.981,2.958,3.596,1.687,1.911,1.181,1.216,2.661,17.42,24.67,1.786,2.512,2.631,7.264,2.578,1.87,23.86,23.85,23.59,17.62
51127,2.356,4.109,,,,,1.9,2.671,0.7163,0.5563,,,1.046,1.113,1.042,1.157,1.188,1.315,1.279,1.395,1.06,1.074,1.018,1.002,0.9891,0.983,2.344,2.7,1.579,1.758,1.199,1.264,6.784,32.3,42.51,1.312,1.84,2.065,3.873,0.749,0.4403,22.92,23.33,22.96,32.91
51131,2.896,5.851,,,,,1.524,1.954,0.668,0.4958,,,1.069,1.107,1.086,1.082,1.175,1.281,1.216,1.301,1.053,1.055,0.988,0.9894,0.9901,0.9866,2.733,3.316,1.492,1.643,1.19,1.211,2.239,14.88,20.7,1.211,1.819,1.954,4.088,0.9324,0.6086,23.33,23.05,23.08,18.18
51133,2.677,5.13,,,,,1.694,2.277,0.6773,0.4972,,,1.08,1.137,1.109,1.188,1.219,1.336,1.326,1.361,1.067,1.073,1.001,0.9944,0.9876,0.9828,2.772,3.268,1.533,1.696,1.221,1.237,3.302,21.55,29.45,1.114,1.539,1.678,4.336,0.874,0.4897,22.65,22.68,22.53,22.71
51135,2.442,4.542,,,,,2.418,3.859,0.7706,0.6263,,,1.048,1.097,1.035,1.123,1.202,1.282,1.301,1.343,1.063,1.058,0.9972,0.9902,0.985,0.9802,2.496,2.945,1.588,1.782,1.177,1.216,4.885,23.25,32.24,1.401,2.006,2.093,4.329,1.219,0.8108,24.2,24.14,23.97,25.99
51137,2.749,5.149,,,,,2.344,3.846,0.7721,0.6241,,,1.086,1.119,1.106,1.16,1.249,1.292,1.409,1.333,1.07,1.066,0.9837,0.9842,0.9845,0.9805,2.801,3.349,1.669,1.876,1.198,1.219,3.236,22.47,30.88,1.253,1.834,1.929,7.073,2.084,1.356,24.35,23.96,23.97,21.63
51139,3.083,6.58,,,,,3.433,7.963,0.7959,0.6623,,,1.094,1.124,1.117,1.179,1.22,1.294,1.243,1.296,1.078,1.067,1.001,0.9873,0.9873,0.9846,3.9,4.996,1.894,2.186,1.2,1.239,1.379,12.79,18.95,1.353,1.906,1.986,13.21,4.86,3.454,24.33,24.35,24.02,10.95
51141,3.893,9.206,,,,,3.271,7.237,0.7852,0.6417,,,1.076,1.061,1.082,1.022,1.206,1.276,1.261,1.346,1.058,1.071,0.9689,1.008,0.9843,0.9823,4.2,5.438,1.771,2.041,1.164,1.204,0.944,10.5,17.08,2.349,3.299,3.551,6.118,2.103,1.393,23.26,22.54,23.45,10.17
51143,2.756,5.377,,,,,3.188,5.898,0.7928,0.6569,,,1.086,1.078,1.105,1.066,1.248,1.281,1.321,1.372,1.06,1.057,0.994,1.007,0.9857,0.9832,2.728,3.296,1.636,1.864,1.2,1.264,3.238,19.95,29.03,1.217,1.742,1.967,4.607,1.172,0.731,24.17,24.02,24.32,22.2
51145,2.51,4.567,,,,,2.625,4.308,0.7812,0.6438,,,1.052,1.106,1.059,1.122,1.206,1.293,1.294,1.32,1.058,1.055,1.002,0.9955,0.9882,0.9823,2.499,2.907,1.618,1.817,1.201,1.235,4.943,25.94,35.33,1.319,1.832,1.946,4.612,1.368,0.8272,24.11,24.15,24,27.51
51147,2.309,4.16,,,,,2.665,4.513,0.7725,0.6297,,,1.052,1.091,1.062,1.114,1.24,1.289,1.277,1.327,1.062,1.052,0.9999,0.9901,0.9848,0.9808,2.446,2.887,1.599,1.801,1.199,1.238,5.277,25.08,34.62,1.189,1.749,1.873,4.045,1.115,0.73,23.57,23.56,23.33,27.55
51149,2.168,3.679,,,,,1.828,2.508,0.7043,0.5448,,,1.024,1.09,1.018,1.095,1.147,1.283,1.208,1.331,1.057,1.064,0.9971,0.9943,0.9874,0.9809,2.155,2.449,1.531,1.698,1.19,1.26,8.219,34.73,45.13,1.358,1.898,2.003,2.821,0.5751,0.3695,23.08,23.01,22.95,37.67
51153,2.703,5.123,,,,,2.305,3.601,0.7495,0.594,,,1.07,1.114,1.095,1.127,1.232,1.339,1.402,1.468,1.061,1.06,0.9996,0.9988,0.9878,0.9843,2.864,3.444,1.672,1.897,1.219,1.255,3.084,23.34,32.67,0.9132,1.283,1.355,8.756,2.368,1.449,23.91,23.9,23.88,21.5
51155,,,,,,,,,0.8128,0.6854,0.5149,0.4284,1.073,1.09,1.089,1.076,1.208,1.269,1.268,1.324,1.048,1.06,0.9885,1.017,0.9881,0.9847,8.087,12.07,2.085,2.462,1.209,1.273,0.1314,3.137,5.672,0.8092,1.091,1.231,13.24,6.226,4.988,24.55,24.27,24.97,2.56
51157,2.802,5.656,,,,,3.338,6.925,0.8004,0.6658,,,1.085,1.123,1.084,1.154,1.222,1.325,1.31,1.349,1.073,1.07,0.9961,0.978,0.986,0.9822,3.392,4.184,1.81,2.072,1.196,1.233,2.282,17.76,25.74,1.478,2.132,2.236,10.89,3.866,2.659,24.04,23.95,23.51,15.69
51159,2.224,3.808,,,,,1.842,2.587,0.6984,0.5276,,,1.079,1.136,1.107,1.183,1.221,1.313,1.319,1.362,1.067,1.078,1.001,1,0.9897,0.9854,2.375,2.723,1.572,1.744,1.215,1.248,6.654,31.01,40.48,1.424,1.926,2.121,4.713,0.8593,0.4667,24.09,24.12,24.1,31.27
51161,3.617,8.18,,,,,2.802,5.548,0.7679,0.6312,,,1.077,1.065,1.106,1.048,1.197,1.239,1.325,1.337,1.055,1.063,0.9815,1.007,0.9839,0.9817,4.177,5.328,1.833,2.101,1.186,1.244,1.077,11.58,17.44,1.122,1.524,1.673,10.25,3.306,2.537,23.7,23.27,23.87,9.888
51163,3.502,7.969,,,,,4.315,10.61,0.8162,0.6946,,,1.08,1.096,1.121,1.093,1.207,1.3,1.294,1.34,1.065,1.069,0.9982,1.004,0.9869,0.9831,3.949,5.067,1.831,2.101,1.187,1.241,0.9885,10.16,15.43,1.351,1.94,2.048,9.615,2.992,2.185,24.19,24.15,24.28,10.3
51165,3.361,7.532,,,,,3.372,8.353,0.8078,0.6828,0.4285,0.3305,1.094,1.105,1.14,1.13,1.225,1.294,1.277,1.328,1.066,1.056,1.001,1.004,0.9862,0.9843,4.009,5.196,1.904,2.212,1.203,1.242,1.007,9.737,14.65,0.8205,1.247,1.288,15.92,5.838,4.198,24.59,24.61,24.68,8.919
51167,,,,,,,,,0.8327,0.7141,0.4961,0.3853,1.073,1.103,1.095,1.105,1.229,1.32,1.285,1.382,1.04,1.051,1.005,1.022,0.992,0.9873,10.27,14.87,2.071,2.419,1.191,1.275,0.1271,2.958,5.961,0.6271,0.7955,0.864,13.83,6.972,5.699,20.57,20.67,21.02,2.242
51169,,,,,,,,,0.8064,0.6741,,,1.083,1.13,1.101,1.159,1.244,1.358,1.292,1.396,1.043,1.061,1.019,1.026,0.9906,0.9867,7.558,10.31,1.881,2.165,1.189,1.241,0.2336,5.756,11.2,0.5878,0.8697,0.9032,9.699,4.416,3.489,20.54,20.93,21.08,4.682
51171,3.013,6.274,,,,,,,0.8131,0.6856,0.435,0.347,1.087,1.121,1.108,1.159,1.21,1.299,1.269,1.336,1.069,1.065,1.001,0.9885,0.9864,0.9845,3.513,4.452,1.898,2.202,1.198,1.247,1.808,14.01,20.23,0.8379,1.2,1.217,14.82,5.289,3.715,24.55,24.57,24.27,12.65
51173,,,,,,,,,0.8509,0.7404,0.4993,0.3918,1.072,1.097,1.098,1.087,1.209,1.285,1.26,1.332,1.038,1.048,0.9867,1.009,0.991,0.9868,,,2.456,2.968,1.18,1.255,0.05129,1.577,3.288,0.8588,1.116,1.201,17.44,9.514,8.001,20.91,20.63,21.1,1.079
51175,2.433,4.417,,,,,1.974,2.862,0.7328,0.5812,,,1.018,1.061,0.9796,1.08,1.133,1.249,1.211,1.297,1.058,1.057,0.9929,0.9877,0.9883,0.9818,2.258,2.594,1.51,1.669,1.184,1.253,6.171,26.83,35.58,1.185,1.745,1.86,2.224,0.5635,0.3588,22.43,22.27,22.15,32.37
51177,2.584,4.699,,,,,2.405,3.972,0.7812,0.6356,,,1.068,1.099,1.077,1.124,1.251,1.274,1.399,1.35,1.064,1.063,0.9939,0.9888,0.9861,0.9814,2.628,3.109,1.664,1.876,1.224,1.257,4.206,25.27,34.38,1.127,1.657,1.815,6.09,1.564,0.9641,23.68,23.53,23.41,24.57
51179,2.518,4.62,,,,,2.339,3.679,0.7686,0.6189,,,1.069,1.103,1.092,1.12,1.234,1.27,1.393,1.382,1.062,1.062,1.007,1.008,0.9873,0.9834,2.709,3.213,1.65,1.862,1.238,1.283,4.24,25.04,34.4,0.9445,1.37,1.465,6.815,1.96,1.222,23.87,24.04,24.05,23.82
51181,2.518,4.62,,,,,1.798,2.466,0.7154,0.5599,,,1.008,1.094,0.9859,1.147,1.123,1.283,1.228,1.332,1.054,1.065,0.9936,0.9881,0.9887,0.9828,2.381,2.759,1.536,1.701,1.175,1.253,5.386,27.34,36.49,1.527,2.022,2.174,2.859,0.5992,0.394,22.81,22.67,22.54,30.18
51183,2.3,4.051,,,,,2.001,2.918,0.7427,0.5917,,,1.023,1.074,0.9925,1.09,1.146,1.28,1.196,1.329,1.059,1.062,0.9894,0.9889,0.9868,0.981,2.158,2.474,1.514,1.683,1.17,1.239,7.378,30.99,41.16,1.327,1.821,1.965,2.838,0.6988,0.4588,23.28,23.03,23.02,35.7
51185,,,,,,,,,0.8471,0.736,0.4982,0.3869,1.071,1.091,1.097,1.09,1.199,1.273,1.237,1.311,1.039,1.048,0.9982,1.022,0.9924,0.9882,,,2.578,3.116,1.208,1.302,0.02055,1.054,2.293,0.5444,0.7468,0.8323,20.66,11.76,10.14,20.31,20.27,20.75,0.545
51187,2.875,5.884,,,,,3.374,7.353,0.799,0.6655,,,1.07,1.134,1.068,1.158,1.213,1.326,1.288,1.357,1.06,1.064,1.003,0.987,0.987,0.9852,3.414,4.284,1.838,2.109,1.183,1.244,2.03,15.17,21.86,1.058,1.474,1.536,14.58,5.322,3.746,24.01,24.08,23.7,13.59
51191,,,,,,,,,0.8309,0.7107,0.4976,0.3947,1.077,1.104,1.101,1.097,1.242,1.328,1.329,1.422,1.034,1.045,0.993,1.022,0.9911,0.9872,8.279,11.55,2.029,2.375,1.171,1.248,0.1793,4.224,8.183,0.6017,0.7594,0.8321,12.37,5.964,4.783,20.98,20.84,21.44,3.482
51193,2.342,4.13,,,,,1.89,2.678,0.6985,0.5279,,,1.078,1.131,1.112,1.166,1.226,1.321,1.324,1.394,1.066,1.073,0.9989,1.01,0.9889,0.9842,2.322,2.685,1.545,1.72,1.236,1.265,5.551,28.08,37.23,1.102,1.548,1.73,4.886,0.9122,0.5055,23.77,23.75,24.02,30.14
51195,,,,,,,,,0.8183,0.6939,0.5152,0.4049,1.072,1.12,1.075,1.119,1.209,1.336,1.245,1.365,1.042,1.063,1.024,1.039,0.9925,0.9893,,,2.092,2.447,1.196,1.222,0.0616,1.475,3.365,0.9877,1.414,1.42,14.42,7.283,5.886,19.8,20.27,20.58,1.11
51197,,,,,,,,,0.827,0.7022,0.5014,0.4104,1.078,1.091,1.1,1.081,1.207,1.261,1.231,1.274,1.045,1.058,0.9879,1.007,0.9881,0.9851,,,2.255,2.687,1.197,1.29,0.06993,2.553,4.973,0.7,0.9392,1.082,13.93,7.042,5.777,23.9,23.61,24.06,1.764
51199,2.616,5.008,,,,,1.684,2.235,0.6919,0.5358,,,1.025,1.11,1.018,1.162,1.137,1.301,1.217,1.307,1.054,1.063,0.9801,0.98,0.9895,0.9859,2.496,2.955,1.523,1.684,1.15,1.212,4.147,22.06,29.71,1.791,2.463,2.646,3.279,0.6305,0.4181,23.78,23.31,23.3,25.07
51510,4.733,4.733,,,,,2.232,2.232,0.4867,0.4867,,,1.077,1.077,1.113,1.113,1.202,1.202,1.435,1.487,,,1.008,1.021,0.9872,0.9849,2.798,3.311,1.605,1.803,1.216,1.245,3.962,25.58,35.63,1.145,1.589,1.614,8.733,1.934,1.137,23.96,24.15,24.47,23.29
51520,,,,,,,,,0.669,0.669,,,1.052,1.052,1.069,1.069,1.124,1.124,1.295,1.372,,,0.9948,1.017,0.9883,0.9846,8.037,10.84,1.913,2.203,1.189,1.256,0.1887,6.315,11.95,0.4317,0.4986,0.5794,9.166,3.838,2.918,21.29,21.18,21.64,4.747
51530,7.422,7.422,,,,,11.95,11.95,0.6904,0.6904,,,1.05,1.05,1.081,1.081,1.147,1.147,1.231,1.313,,,0.9922,0.9748,0.9886,0.9847,3.78,4.836,1.787,2.046,1.193,1.239,1.151,10.72,16.18,1.709,2.297,2.467,7.958,1.91,1.31,25.65,25.45,25.01,11.39
51540,2.262,3.913,,,,,1.827,2.611,0.6933,0.5236,,,1.079,1.093,1.107,1.114,1.217,1.303,1.41,1.457,1.067,1.063,1.003,0.987,0.9868,0.9817,2.631,3.059,1.6,1.778,1.171,1.217,5.769,28.59,38.11,1.605,2.162,2.285,6.295,1.946,1.394,24.85,24.93,24.53,26.3
51550,2.893,5.517,,,,,1.534,1.962,0.6535,0.4781,,,1.024,1.084,0.996,1.112,1.138,1.246,1.209,1.268,1.048,1.049,0.9962,0.9912,0.9899,0.9852,2.607,3.06,1.504,1.646,1.164,1.21,2.813,19.14,25.29,1.207,1.761,1.891,2.596,0.5136,0.3217,21.68,21.6,21.49,22.34
51570,3.444,3.444,,,,,2.409,2.409,0.5142,0.5142,,,1.036,1.036,1.033,1.033,1.1,1.1,1.247,1.327,,,0.9901,0.9943,0.9877,0.9815,2.155,2.442,1.544,1.71,1.185,1.253,8.892,36.9,47.43,1.491,2.148,2.301,2.692,0.5073,0.3131,23.44,23.21,23.31,38.65
51580,5.992,5.992,,,,,,,0.6912,0.6912,0.5867,0.5867,1.037,1.037,1.073,1.073,1.135,1.135,1.288,1.266,,,0.9953,1.026,0.9892,0.9877,4.14,5.195,1.864,2.152,1.232,1.282,0.937,13.12,20.06,0.9395,1.458,1.404,9.888,3.654,2.642,24.32,24.21,24.95,12.31
51590,2.163,3.605,,,,,2.218,3.399,0.7633,0.6197,,,1.093,1.091,1.13,1.083,1.231,1.293,1.292,1.397,1.055,1.056,0.9851,1.002,0.9855,0.9835,2.205,2.539,1.547,1.733,1.185,1.258,7.315,31.4,42.1,1.446,1.882,2.134,3.998,1.055,0.6461,24.59,24.22,24.63,34.84
51595,3.975,3.975,,,,,3.163,3.163,0.5871,0.5871,,,1.037,1.037,1.035,1.035,1.087,1.087,1.195,1.306,,,1.001,0.9806,0.9885,0.9841,2.106,2.418,1.503,1.671,1.145,1.192,7.748,28.96,38.41,1.884,2.369,2.539,2.495,0.6799,0.4607,26.08,26.11,25.57,35.86
51600,2.559,4.904,,,,,2.306,3.541,0.7432,0.5897,,,1.067,1.105,1.083,1.098,1.248,1.357,1.343,1.445,1.069,1.065,0.9982,0.9959,0.9899,0.9866,2.978,3.579,1.69,1.921,1.207,1.229,3.051,23.19,32.68,1.35,1.928,1.855,10.23,2.58,1.529,25.08,25.04,24.98,20.86
51610,5.007,5.007,,,,,2.933,2.933,0.5746,0.5746,,,1.07,1.07,1.102,1.102,1.201,1.201,1.287,1.402,,,1.011,1.017,0.9887,0.9842,2.774,3.3,1.623,1.836,1.169,1.205,3.401,23.43,33.63,1.391,1.93,1.879,9.182,2.507,1.584,24.21,24.48,24.62,23.21
51620,5.004,5.004,,,,,2.814,2.814,0.5755,0.5755,,,1.021,1.021,0.9776,0.9776,1.066,1.066,1.176,1.28,,,0.9865,0.9726,0.9874,0.9815,2.441,2.818,1.528,1.683,1.181,1.248,4.654,24.42,32.38,1.192,1.704,1.78,2.094,0.5133,0.317,21.89,21.59,21.29,28.83
51630,2.161,3.715,,,,,2.263,3.545,0.7796,0.6327,,,1.072,1.1,1.081,1.126,1.23,1.257,1.369,1.372,1.064,1.063,1.028,1,0.9891,0.9857,2.368,2.739,1.6,1.795,1.198,1.236,7.041,30.2,39.93,1.295,1.891,1.999,5.722,1.691,1.027,25.57,26.27,25.58,30.14
51640,,,,,,,,,0.7002,0.7002,0.6267,0.6267,1.063,1.063,1.073,1.073,1.112,1.112,1.199,1.263,,,0.9904,1.023,0.9898,0.9877,,,2.176,2.603,1.13,1.19,0.07196,1.648,3.713,1.789,2.513,2.716,12.8,5.126,4.102,24.72,24.49,25.3,1.387
51650,2.735,5.286,,,,,1.433,1.758,0.6277,0.4464,,,1.02,1.095,0.9802,1.122,1.118,1.253,1.182,1.279,1.046,1.057,0.9873,0.9799,0.989,0.9879,2.523,3.008,1.496,1.644,1.162,1.2,3.407,18.86,25.15,2.01,2.725,2.828,3.425,0.7001,0.4401,24.51,24.2,24.02,21.41
51660,2.695,5.43,,,,,2.86,6.453,0.7888,0.6578,,,1.09,1.088,1.154,1.102,1.213,1.286,1.246,1.317,1.058,1.052,0.9985,1.012,0.9891,0.9875,3.145,3.854,1.765,2.014,1.203,1.251,2.318,15.52,22.01,0.7298,1.129,1.173,12.33,3.959,2.589,26.84,26.8,27.15,15.38
51670,1.932,3.074,3.066,7.025,,,1.653,2.17,0.6788,0.5103,,,1.017,1.084,1.007,1.055,1.136,1.261,1.175,1.304,1.061,1.071,1.008,0.9922,0.9889,0.9837,1.992,2.223,1.51,1.668,1.181,1.236,11.22,41.1,51.55,1.906,2.621,2.695,2.396,0.4724,0.2984,24.87,25.07,24.67,44.48
51678,4.642,4.642,,,,,6.102,6.102,0.6694,0.6694,,,1.051,1.051,1.087,1.087,1.145,1.145,1.335,1.409,1.061,1.068,0.9988,1.012,0.9882,0.9861,3.044,3.702,1.704,1.929,1.196,1.274,2.217,16.46,23.98,1.214,1.631,1.701,6.266,1.446,1.008,25.81,25.78,26.11,18.21
51680,2.861,5.653,,,,,2.333,3.853,0.7165,0.5545,,,1.052,1.065,1.029,1.039,1.183,1.294,1.246,1.333,1.046,1.054,0.9865,1.002,0.9839,0.9824,3.098,3.743,1.679,1.892,1.212,1.247,2.546,20.17,28.26,0.8784,1.277,1.41,5.689,0.9424,0.6823,24.07,23.75,24.13,19.15
51683,4.104,4.104,,,,,3.679,3.679,0.6027,0.6027,,,1.067,1.067,1.102,1.102,1.208,1.208,1.5,1.57,,,1.003,0.9987,0.9891,0.9853,2.554,3.016,1.643,1.864,1.201,1.233,4.575,27.31,37.3,0.9234,1.322,1.365,8.464,2.169,1.298,24.59,24.66,24.55,26.37
51685,2.38,4.287,,,,,2.313,3.653,0.7505,0.5969,,,1.077,1.109,1.105,1.117,1.264,1.375,1.41,1.514,1.062,1.056,1.01,0.9928,0.99,0.986,2.554,3.016,1.643,1.864,1.207,1.239,4.575,27.31,37.3,1.029,1.441,1.48,8.464,2.169,1.298,24.59,24.85,24.41,26.37
51690,3.264,6.427,,,,,3.398,6.648,0.7967,0.672,,,1.1,1.074,1.148,1.082,1.224,1.266,1.214,1.261,1.049,1.06,0.9711,1.007,0.9841,0.9822,2.826,3.372,1.676,1.918,1.162,1.19,2.674,21.02,31.65,1.576,2.36,2.538,3.902,0.8687,0.5291,25.37,24.64,25.56,23.3
51700,2.59,4.867,,,,,1.515,1.907,0.6451,0.4711,,,1.025,1.103,1.01,1.149,1.129,1.281,1.191,1.294,1.051,1.063,0.9792,0.9782,0.9888,0.9861,2.495,2.957,1.506,1.657,1.172,1.221,4.057,21.94,29.02,1.796,2.504,2.611,3.122,0.5781,0.3797,23.83,23.33,23.31,24.21
51710,2.567,4.672,,,,,1.448,1.77,0.6353,0.4598,,,1.034,1.085,1.015,1.131,1.128,1.233,1.207,1.261,1.047,1.055,0.9977,1.001,0.9891,0.988,2.417,2.835,1.512,1.656,1.17,1.191,3.879,21.42,27.62,1.9,2.499,2.634,3.316,0.6369,0.3916,23.5,23.45,23.53,23.37
51720,,,,,,,,,0.7181,0.7181,0.7314,0.7314,1.057,1.057,1.081,1.081,1.126,1.126,1.232,1.364,,,1.023,1.032,0.992,0.9895,,,2.403,2.875,1.171,1.185,0.01045,0.516,1.316,1.389,1.93,1.957,17.29,9.35,7.703,19.58,20.02,20.2,0.3184
51730,2.206,3.729,,,,,1.845,2.547,0.696,0.5311,,,1.031,1.074,1.031,1.093,1.179,1.248,1.209,1.323,1.057,1.058,0.9936,0.9939,0.9882,0.9824,2.197,2.502,1.548,1.718,1.176,1.241,7.916,34.91,45.38,1.667,2.284,2.413,2.887,0.5497,0.3417,23.67,23.52,23.52,36.85
51735,2.815,5.617,,,,,1.454,1.79,0.6433,0.4673,,,1.02,1.103,0.9561,1.115,1.138,1.278,1.19,1.295,1.044,1.054,0.9812,0.9868,0.9884,0.9872,2.572,3.095,1.497,1.649,1.151,1.193,3.19,18.21,24.61,1.992,2.727,2.897,3.525,0.6997,0.4545,24.15,23.69,23.83,20.77
51740,2.696,5.011,,,,,1.466,1.802,0.6359,0.4672,,,1.029,1.084,0.998,1.123,1.127,1.229,1.192,1.26,1.049,1.055,0.9834,0.9979,0.9888,0.9868,2.517,2.969,1.513,1.658,1.183,1.227,3.406,20.7,27.11,1.627,2.275,2.372,3.109,0.5781,0.3534,23.03,22.65,22.98,22.74
51750,,,,,,,,,0.6698,0.6698,,,1.05,1.05,1.062,1.062,1.131,1.131,1.241,1.296,,,0.993,1.013,0.9876,0.9839,7.788,11.26,1.981,2.317,1.257,1.334,0.2161,4.122,7.415,0.6838,0.9495,1.07,11.59,5.207,4.016,24.63,24.46,24.94,3.359
51760,2.377,4.17,,,,,1.926,2.727,0.7076,0.5449,,,1.05,1.11,1.024,1.112,1.177,1.3,1.273,1.353,1.057,1.075,1.013,0.9957,0.9869,0.9799,2.366,2.763,1.583,1.764,1.188,1.254,6.452,29.87,39.01,1.186,1.672,1.87,4.361,0.8631,0.5084,22.7,22.98,22.6,30.39
51770,2.813,5.273,,,,,2.118,3.332,0.6947,0.5328,,,1.073,1.062,1.089,1.053,1.16,1.2,1.348,1.382,1.043,1.056,0.9768,1.004,0.984,0.9825,2.902,3.427,1.681,1.89,1.18,1.229,3.409,25.51,35.15,1.284,1.659,1.803,6.466,1.259,0.8765,24.55,23.98,24.64,22.97
51775,3.051,5.977,,,,,2.213,3.611,0.7041,0.5455,,,1.076,1.062,1.106,1.054,1.173,1.212,1.347,1.381,1.05,1.06,0.9807,1.018,0.9826,0.9813,3.108,3.709,1.692,1.905,1.225,1.293,2.694,22.93,32.08,0.9243,1.219,1.317,6.53,1.249,0.8754,23.54,23.09,23.97,20.4
51790,3.111,6.759,,,,,2.9,5.982,0.8089,0.6772,,,1.071,1.085,1.107,1.092,1.183,1.266,1.242,1.256,1.064,1.059,1.016,1.003,0.9874,0.9843,3.835,4.962,1.783,2.044,1.202,1.246,1.242,12.34,18.2,1.117,1.573,1.552,11.25,4.385,3.412,26.97,27.4,27.05,11.17
51800,2.909,5.523,,,,,1.736,2.355,0.6972,0.5369,,,1.012,1.078,0.9677,1.114,1.132,1.247,1.236,1.284,1.052,1.051,0.9894,0.9777,0.9885,0.9828,2.628,3.057,1.542,1.697,1.161,1.216,3.492,22.54,29.76,1.479,2.039,2.163,2.749,0.6079,0.3769,22.59,22.35,22.09,24.93
51810,2.584,4.734,,,,,1.416,1.736,0.6392,0.4597,,,1.044,1.087,1.029,1.131,1.175,1.246,1.242,1.295,1.051,1.05,0.9986,0.9925,0.9903,0.9885,2.415,2.814,1.457,1.582,1.153,1.182,2.862,16.51,21.2,1.547,2.064,2.302,2.438,0.5403,0.3428,23.58,23.54,23.4,21.21
51820,2.938,6.228,,,,,3.04,6.222,0.7943,0.6577,,,1.077,1.092,1.11,1.12,1.183,1.261,1.224,1.234,1.068,1.061,1.013,0.9841,0.9858,0.9808,3.689,4.706,1.77,2.018,1.163,1.221,1.366,13.34,19.47,1.423,1.975,2.024,10.33,3.64,2.677,25.2,25.53,24.8,12.17
51830,2.591,4.893,,,,,1.87,2.628,0.7145,0.5635,,,1.021,1.108,1.024,1.165,1.122,1.296,1.21,1.304,1.055,1.066,0.9779,0.9679,0.991,0.9864,2.434,2.869,1.539,1.709,1.13,1.199,4.715,24.2,32.68,2.032,2.742,2.95,3.268,0.6523,0.4347,24.78,24.23,23.99,27.61
51840,5.347,5.347,,,,,4.564,4.564,0.6191,0.6191,,,1.063,1.063,1.084,1.084,1.163,1.163,1.228,1.38,,,0.9989,0.984,0.989,0.9892,3.244,4.016,1.777,2.022,1.233,1.287,2.618,18.38,26.37,1.031,1.384,1.495,15.68,5.307,3.5,25.01,24.98,24.61,16.21
53001,2.116,3.171,3.325,6.134,,,,,0.7401,0.5566,0.5108,0.3061,1.048,1.136,1.046,1.16,1.179,1.532,1.264,1.697,1.038,1.087,1.127,1.159,0.9958,0.9955,2.164,2.605,2.214,2.775,,,10.37,32.98,44.48,0.0000008654,0.0003841,0.0006559,24.65,12.98,10.6,70.74,79.76,81.97,26.58
53003,2.523,4.005,4.047,8.001,,,,,0.7572,0.5826,0.5853,0.3495,1.062,1.125,1.064,1.165,1.186,1.399,1.176,1.387,1.038,1.073,1.131,1.174,0.9972,0.9992,2.681,3.338,2.516,3.214,,,4.847,20.98,29.52,0.02963,0.0497,0.05215,24.7,12.83,10.93,47.36,53.58,55.6,15.42
53005,2.111,3.104,3.379,6.086,,,,,0.7484,0.5882,,,1.052,1.102,1.041,1.123,1.181,1.401,1.278,1.515,1.039,1.08,1.122,1.147,0.9959,0.9957,2.057,2.458,1.961,2.375,,,11.13,33.4,44.27,0.001676,0.005312,0.00733,20.5,10.82,9.315,81.69,91.66,93.71,28.48
53007,,,,,,,,,0.871,0.7634,0.6963,0.5321,1.07,1.108,1.091,1.132,1.149,1.336,1.196,1.394,1.032,1.076,1.136,1.187,1.002,1.005,3.536,5.094,2.902,4.086,1.126,1.118,0.726,5.004,8.289,1.463,1.913,1.904,85.45,58.8,52.81,48.46,55.06,57.51,3.718
53009,,,,,,,,,0.7241,0.5521,,,1.067,1.108,1.09,1.123,1.211,1.346,1.246,1.399,1.035,1.06,1.156,1.212,1.017,1.024,,,,,1.075,1.081,0.0221,0.2179,0.3841,5.63,6.641,6.752,13.46,5.531,4.15,32.75,37.84,39.69,0.254
53011,2.717,5.365,,,,,,,0.7226,0.5564,,,1.035,1.118,1.047,1.144,1.149,1.385,1.167,1.421,1.016,1.042,1.159,1.212,1.019,1.026,3.308,4.622,3.023,4.083,1.064,1.067,1.382,6.395,9.991,2.747,3.295,3.28,4.807,2.042,1.434,38.12,44.19,46.22,5.486
53013,2.281,3.592,3.441,6.571,,,,,0.7892,0.639,0.6121,0.4181,1.054,1.133,1.059,1.146,1.218,1.51,1.238,1.596,1.034,1.079,1.154,1.195,0.9994,1.002,2.38,3.017,2.419,3.142,1.23,1.293,5.421,18.77,26.22,0.1643,0.2869,0.32,33.77,19.44,16.65,49.41,57.02,59.07,15.16
53015,,,,,,,,,0.7285,0.5611,,,1.061,1.118,1.089,1.157,1.129,1.344,1.131,1.389,1.018,1.039,1.157,1.229,1.023,1.033,3.844,5.634,3.612,5.247,1.064,1.066,0.4206,2.451,3.969,2.794,3.413,3.442,7.797,2.839,1.969,34.83,40.3,42.8,2.213
53017,2.788,4.599,,,,,,,0.8102,0.6558,0.5367,0.3373,1.041,1.102,1.028,1.129,1.113,1.324,1.195,1.44,1.018,1.061,1.102,1.136,0.998,0.9978,2.598,3.342,2.295,2.924,,,4.128,19.7,28.43,0.007383,0.0134,0.01142,45.96,25.42,21.14,69.78,76.9,79.28,15.33
53019,3.208,5.547,,,,,,,0.8415,0.7098,0.6257,0.4224,1.052,1.105,1.041,1.101,1.185,1.416,1.292,1.606,1.023,1.059,1.121,1.159,0.9996,1.001,3.279,4.393,3.144,4.382,,,1.956,11.87,18.25,0.02276,0.03699,0.03915,65.14,42.6,36.94,43.41,48.65,50.31,8.483
53021,2.016,2.899,2.96,5.164,,,,,0.7099,0.5284,0.5188,0.332,1.049,1.121,1.044,1.141,1.194,1.429,1.241,1.498,1.043,1.079,1.122,1.138,0.9963,0.9955,2.016,2.379,1.994,2.414,,,13.25,37.42,49.06,0,0.000138,0.0004777,20,9.586,7.96,78.79,88.38,89.64,31.58
53023,2.306,3.656,3.53,6.874,,,,,0.7731,0.6165,0.5778,0.3718,1.054,1.128,1.05,1.136,1.194,1.463,1.209,1.505,1.037,1.077,1.152,1.194,0.9983,1,2.431,3.056,2.495,3.255,,,5.729,20.74,29.24,0.04385,0.08425,0.08951,29.24,15.7,13.51,50.35,57.98,60.12,16.53
53025,2.104,3.094,3.252,5.763,,,,,0.774,0.6095,0.5149,0.3243,1.04,1.102,1.027,1.119,1.109,1.359,1.187,1.444,1.023,1.068,1.113,1.134,0.9977,0.9974,2.131,2.566,2.033,2.473,,,11.15,34.55,45.74,0.001664,0.003975,0.003263,28.21,14.47,11.62,81.54,90.73,92.44,27.72
53027,,,,,,,,,0.6224,0.416,,,1.07,1.103,1.094,1.117,1.202,1.358,1.231,1.384,1.03,1.049,1.149,1.216,1.026,1.034,,,,,1.058,1.062,0.1206,0.7839,1.284,7.035,8.263,8.428,2.599,0.6883,0.42,30.68,35.24,37.31,0.8175
53029,,,,,,,,,0.5257,0.2828,,,1.031,1.071,1.02,1.056,1.07,1.189,1.116,1.291,1.014,1.024,1.224,1.293,1.006,1.011,,,,,,,0.002671,0.1296,0.3463,0.01656,0.0266,0.02881,3.022,0.8054,0.4385,41.14,50.35,53.17,0.1396
53031,,,,,,,,,0.7751,0.6248,,,1.072,1.099,1.093,1.101,1.215,1.347,1.23,1.361,1.032,1.054,1.167,1.212,1.02,1.027,,,,,1.043,1.044,0.02233,0.376,0.7212,10.45,11.75,11.88,24.79,11.5,9.048,29.96,34.97,36.32,0.2989
53033,,,,,,,,,0.72,0.5463,,,1.073,1.087,1.105,1.102,1.129,1.331,1.149,1.368,1.023,1.045,1.199,1.26,1.021,1.029,,,3.84,5.641,1.073,1.068,0.0985,1.072,2.134,2.96,3.583,3.593,21.34,9.922,8.039,31.74,38.06,39.98,0.8325
53035,,,,,,,,,0.5087,0.2805,,,1.078,1.086,1.099,1.094,1.179,1.37,1.187,1.405,1.036,1.064,1.188,1.268,1.011,1.017,,,4.041,5.821,1.196,1.213,0.1088,1.593,3.417,0.6609,0.9832,1.02,2.624,0.6291,0.3274,41.16,48.89,52.2,1.044
53037,3.213,5.716,,,,,,,0.845,0.7194,0.6632,0.4859,1.057,1.098,1.069,1.122,1.115,1.296,1.17,1.345,1.027,1.065,1.117,1.162,1.004,1.006,3.205,4.315,2.832,3.775,1.103,1.104,1.496,8.269,12.44,1.196,1.432,1.46,56.89,34.02,29.46,58.37,65.18,67.83,6.073
53039,2.337,3.762,,,,,,,0.7881,0.6366,0.6018,0.4277,1.036,1.106,1.037,1.107,1.149,1.403,1.235,1.471,1.033,1.08,1.107,1.133,0.9984,0.9988,2.54,3.218,2.39,3.038,1.238,1.253,4.538,17.63,24.86,0.2459,0.3803,0.372,22.75,12.2,10.56,72.22,79.95,81.81,14.35
53041,,,,,,,,,0.7675,0.6133,,,1.072,1.109,1.108,1.151,1.136,1.339,1.149,1.374,1.028,1.047,1.156,1.226,1.02,1.028,3.601,5.271,3.486,5.036,1.084,1.088,0.383,2.176,3.524,2.04,2.596,2.627,15.53,7.214,5.657,35.98,41.61,44.11,2.154
53043,2.422,3.853,4.357,8.884,,,,,0.7699,0.5917,0.4738,0.2435,1.046,1.126,1.029,1.129,1.165,1.464,1.265,1.629,1.032,1.075,1.138,1.162,0.9979,0.9976,2.445,3.056,2.482,3.212,,,5.833,24.1,33.86,0.0002994,0.004218,0.003023,33.66,18.36,15,62.08,70.62,72.15,18.8
53045,,,,,,,,,0.6851,0.5001,,,1.066,1.087,1.068,1.093,1.21,1.377,1.212,1.397,1.033,1.055,1.191,1.251,1.021,1.027,,,4.078,5.916,1.055,1.053,0.232,1.865,3.293,7.94,9.132,9.254,8.294,2.855,1.987,35.75,42.57,44.72,1.487
53047,3.377,6.12,,,,,,,0.87,0.7611,0.6957,0.5288,1.048,1.092,1.025,1.099,1.17,1.344,1.252,1.487,1.022,1.057,1.13,1.162,1.001,1.001,3.148,4.319,2.733,3.737,1.203,1.211,1.442,7.95,12.52,0.2256,0.3215,0.33,82.7,59.99,54.18,48.18,54.43,55.97,6.19
53049,,,,,,,,,0.6487,0.4495,,,1.065,1.096,1.08,1.115,1.162,1.356,1.196,1.364,1.026,1.05,1.155,1.226,1.027,1.035,,,,,1.069,1.074,0.07623,0.3748,0.6255,5.121,6.204,6.326,2.086,0.5664,0.3454,31.42,36.29,38.51,0.5729
53051,3.902,7.511,,,,,,,0.8378,0.7024,0.6239,0.4003,1.062,1.114,1.049,1.12,1.206,1.486,1.297,1.644,1.048,1.085,1.141,1.169,0.9994,1.002,3.728,5.209,4.117,6.191,1.272,1.343,0.8856,7.752,12.8,0.09362,0.1635,0.1886,72.79,47.43,40.66,35.46,40.45,41.45,5.648
53053,,,,,,,,,0.7664,0.6129,,,1.076,1.097,1.109,1.124,1.132,1.335,1.141,1.364,1.028,1.048,1.185,1.246,1.017,1.023,,,3.608,5.353,1.111,1.11,0.1069,1.041,2.206,1.464,1.87,1.893,25.78,14.15,11.98,34.71,41.13,43.26,0.9131
53055,,,,,,,,,0.5049,0.2713,,,1.056,1.125,1.076,1.134,1.145,1.295,1.168,1.369,1.032,1.058,1.187,1.269,1.005,1.008,,,,,1.242,1.233,0.0014,0.04509,0.1406,0.09718,0.1519,0.167,3.827,1.28,0.8465,42,49.85,53.29,0.05188
53057,,,,,,,,,0.7856,0.6418,,,1.05,1.089,1.058,1.086,1.149,1.334,1.162,1.372,1.023,1.05,1.178,1.228,1.015,1.022,,,,,1.048,1.045,0.02448,0.3974,0.8689,4.65,5.455,5.479,43.19,27.43,23.47,30.25,35.64,37.14,0.2536
53059,,,,,,,,,0.8146,0.6804,,,1.048,1.113,1.068,1.138,1.136,1.375,1.165,1.434,1.024,1.051,1.158,1.215,1.019,1.026,4.577,6.915,,,1.038,1.045,0.3969,3.192,5.524,6.765,7.869,7.946,35.76,16.39,13.27,38.83,44.98,47.2,2.187
53061,,,,,,,,,0.7772,0.6331,,,1.057,1.081,1.078,1.091,1.149,1.335,1.167,1.366,1.021,1.042,1.19,1.248,1.021,1.03,,,,,1.053,1.05,0.03992,0.5137,1.155,4.436,5.267,5.262,31.9,17.6,14.83,29.14,34.67,36.37,0.3633
53063,2.775,4.693,,,,,,,0.727,0.5377,0.4595,0.1914,1.042,1.118,1.029,1.129,1.17,1.497,1.238,1.612,1.039,1.079,1.142,1.183,0.9981,0.9984,2.898,3.705,2.652,3.43,,,3.475,19.19,28.44,0.01345,0.02292,0.02918,33.04,16.57,13.66,48.96,55.92,57.92,13.92
53065,2.893,4.773,,,,,,,0.8115,0.6624,0.5735,0.3393,1.051,1.107,1.026,1.1,1.194,1.458,1.298,1.656,1.041,1.078,1.138,1.171,0.9984,0.999,2.873,3.704,3.035,4.144,,,3.005,15.95,23.42,0.02783,0.05403,0.05601,53.42,31.17,25.81,42.17,47.98,49.39,12.04
53067,,,,,,,,,0.6731,0.4974,,,1.086,1.109,1.113,1.121,1.163,1.376,1.182,1.399,1.031,1.05,1.164,1.25,1.016,1.021,3.663,5.344,3.585,5.043,1.125,1.132,0.6474,3.246,5.21,1.041,1.356,1.455,3.069,0.8848,0.5292,38.81,45.18,48.51,3.063
53069,,,,,,,,,0.6742,0.4896,,,1.054,1.084,1.072,1.096,1.123,1.341,1.11,1.365,1.017,1.043,1.153,1.221,1.026,1.035,,,,,1.061,1.063,0.1866,0.8919,1.393,4.782,5.657,5.809,2.76,0.839,0.5365,31.76,36.61,38.77,0.9655
53071,2.004,2.887,2.89,5.027,,,,,0.7047,0.5292,0.5459,0.348,1.051,1.119,1.056,1.135,1.192,1.434,1.22,1.521,1.032,1.066,1.139,1.165,0.998,0.9989,2.008,2.367,1.996,2.419,,,12.72,35.14,45.84,0.0282,0.0482,0.05729,19.99,9.912,8.342,62.55,71.26,72.89,29.89
53073,,,,,,,,,0.8039,0.6618,0.5884,0.379,1.06,1.096,1.064,1.095,1.174,1.352,1.192,1.386,1.026,1.055,1.162,1.223,1.012,1.02,,,,,1.057,1.053,0.01512,0.2567,0.6129,4.603,5.326,5.372,58.23,36.81,31.24,29.17,33.89,35.68,0.1758
53075,2.289,3.57,3.631,7.09,,,,,0.7171,0.5315,0.5368,0.2961,1.051,1.138,1.045,1.16,1.196,1.517,1.218,1.606,1.039,1.085,1.144,1.187,0.9976,0.9985,2.424,2.976,2.581,3.338,,,6.896,26.47,36.77,0.001305,0.006958,0.009069,21.64,10.88,9.207,53.57,61.28,63.6,20.28
53077,2.506,4.132,,,,,,,0.841,0.7164,0.6326,0.4559,1.046,1.096,1.046,1.109,1.11,1.328,1.176,1.386,1.024,1.067,1.107,1.145,1,1.002,2.425,3.108,2.233,2.863,1.139,1.151,3.769,13.52,19.27,0.4491,0.6066,0.6017,42.73,24.15,20.68,67.64,74.88,77.45,11.74
54001,,,,,,,,,0.8321,0.7057,0.5018,0.3762,1.038,1.077,1.043,1.069,1.143,1.253,1.154,1.286,1.038,1.048,0.9921,0.9974,0.9907,0.9888,9.002,12.83,2.209,2.606,1.244,1.306,0.1181,4.37,7.481,0.5215,0.7656,0.731,26.04,14.28,11.56,18.11,17.96,18.06,2.749
54003,2.848,5.637,,,,,2.804,5.446,0.7757,0.6278,,,1.052,1.114,1.042,1.135,1.173,1.319,1.212,1.34,1.058,1.06,1.017,1.003,0.9881,0.987,3.3,4.069,1.809,2.075,1.205,1.252,2.574,18.01,25.83,0.6251,0.9219,0.9939,16.12,5.024,3.33,22.66,23.04,22.73,15.71
54005,,,,,,,5.834,13.17,0.83,0.7114,0.5354,0.4303,1.055,1.101,1.075,1.132,1.163,1.306,1.189,1.33,1.04,1.057,1.009,1.024,0.9938,0.9891,5.574,7.221,1.949,2.242,1.194,1.277,0.4372,10.45,17.1,0.5107,0.8081,0.8842,18.58,9.015,7.494,19.96,20.15,20.45,7.715
54007,,,,,,,,,0.8176,0.6895,0.5014,0.3963,1.042,1.062,1.073,1.069,1.146,1.246,1.202,1.323,1.034,1.045,1.006,1.018,0.9934,0.9914,5.93,7.802,1.993,2.298,1.232,1.272,0.4577,9.493,15.37,0.475,0.7585,0.8042,18.15,8.177,6.331,18.69,18.81,19.04,7.076
54009,,,,,,,3.528,7.698,0.8127,0.6743,0.3239,0.1951,1.041,1.101,1.053,1.125,1.148,1.318,1.126,1.299,1.032,1.062,1.019,1.011,0.9896,0.9909,5.654,7.55,1.963,2.294,1.274,1.276,0.4212,8.182,13.36,0.3753,0.5602,0.5435,28.37,14.9,11.98,21.12,21.53,21.34,5.969
54011,3.372,6.888,,,,,3.535,6.755,0.8189,0.6892,0.5051,0.4063,1.058,1.113,1.059,1.117,1.173,1.339,1.222,1.397,1.033,1.059,1.008,1.025,0.9939,0.9913,3.826,4.653,1.77,1.999,1.247,1.302,1.775,18.14,26.59,0.4161,0.7475,0.7959,15.68,7.066,5.621,21.57,21.73,22.1,15.37
54013,4.169,9.54,,,,,,,0.8341,0.7128,0.4925,0.3782,1.043,1.068,1.048,1.054,1.198,1.286,1.249,1.365,1.038,1.052,1.009,1.015,0.9931,0.9919,4.434,5.693,1.852,2.131,1.271,1.305,0.8689,11.57,17.74,0.5091,0.9879,0.9157,19.41,8.914,6.976,19.94,20.11,20.23,10.25
54015,,,,,,,,,0.8188,0.6934,0.5048,0.3972,1.046,1.071,1.075,1.09,1.16,1.271,1.187,1.289,1.043,1.053,1.004,1.014,0.9944,0.9911,6.216,8.297,1.966,2.263,1.224,1.288,0.3421,8.39,13.86,0.442,0.7806,0.7939,17.81,8.535,6.823,19.1,19.18,19.37,6.161
54017,,,,,,,,,0.8426,0.7227,0.4839,0.3593,1.043,1.063,1.022,1.016,1.149,1.29,1.165,1.352,1.036,1.052,1.003,1.016,0.9924,0.9901,6.012,8.065,2.022,2.353,1.286,1.305,0.3446,8.615,13.73,0.4723,0.7977,0.8062,23.54,12.44,9.904,19.14,19.19,19.44,6.146
54019,,,,,,,,,0.8294,0.7115,0.4978,0.3727,1.04,1.063,1.072,1.087,1.13,1.221,1.164,1.26,1.042,1.05,1.011,1.018,0.9946,0.9908,8.807,12.68,2.184,2.56,1.229,1.317,0.09221,3.349,6.047,0.4677,0.7323,0.7407,22.33,12.85,11,19.09,19.29,19.42,2.32
54021,4.639,10.99,,,,,,,0.8324,0.7106,0.4803,0.366,1.04,1.07,1.045,1.046,1.189,1.283,1.261,1.395,1.037,1.05,1.007,1.012,0.9936,0.9914,5.036,6.578,1.918,2.207,1.285,1.321,0.6452,10.14,15.77,0.5525,0.912,0.9017,19.97,9.304,7.319,19.73,19.87,19.97,8.427
54023,,,,,,,,,0.832,0.7142,0.4718,0.3461,1.058,1.096,1.06,1.134,1.161,1.252,1.178,1.287,1.048,1.046,1.002,1,0.9902,0.9872,5.015,6.859,2.185,2.632,1.224,1.276,0.3835,5.172,8.423,0.4488,0.686,0.7521,27.88,15.01,12.37,21.21,21.24,21.22,4.499
54025,,,,,,,,,0.8534,0.7447,0.5034,0.3748,1.062,1.084,1.1,1.082,1.179,1.282,1.224,1.298,1.043,1.05,0.9936,1.021,0.9907,0.9879,,,2.363,2.834,1.247,1.296,0.0605,2.183,4.066,0.6321,1.03,1.061,24.71,14.86,12.74,20.43,20.3,20.86,1.586
54027,3.598,7.842,,,,,,,0.8288,0.7074,0.4556,0.3653,1.062,1.116,1.074,1.152,1.173,1.298,1.201,1.36,1.065,1.064,0.993,0.9863,0.9879,0.9865,3.72,4.836,1.908,2.23,1.231,1.273,1.39,11.92,18.16,0.7218,1.08,1.117,19.55,9.027,6.785,24.11,23.94,23.78,11.23
54029,,,,,,,3.171,6.854,0.8091,0.6671,0.3055,0.1828,1.048,1.091,1.067,1.109,1.136,1.297,1.126,1.264,1.034,1.06,1,0.999,0.9904,0.9917,5.152,6.883,1.921,2.25,1.259,1.253,0.5001,8.434,13.59,0.3726,0.5753,0.564,28.93,14.86,11.94,21.76,21.77,21.74,6.488
54031,4.177,9.837,,,,,,,0.8387,0.7248,0.4798,0.3764,1.078,1.114,1.105,1.159,1.188,1.284,1.212,1.315,1.065,1.062,0.9907,0.9904,0.9869,0.9849,4.306,5.771,2.099,2.505,1.17,1.212,0.7556,8.307,12.87,0.8901,1.243,1.323,21.82,9.345,6.97,24.48,24.26,24.25,7.334
54033,,,,,,,,,0.8306,0.7023,0.4383,0.3109,1.042,1.072,1.023,1.043,1.17,1.298,1.177,1.345,1.037,1.052,1.009,1.024,0.991,0.9897,5.381,7.075,1.971,2.276,1.262,1.319,0.4495,9.257,14.39,0.3627,0.5731,0.5864,23.75,12.32,9.784,18.77,18.94,19.22,7.199
54035,3.232,6.634,,,,,3.979,8.138,0.815,0.6845,0.454,0.3493,1.05,1.085,1.05,1.075,1.175,1.306,1.189,1.343,1.033,1.052,1.029,1.034,0.9926,0.9929,4.026,4.934,1.808,2.047,1.253,1.278,1.723,15.87,23.31,0.5604,0.9663,0.9783,16.89,7.356,5.661,20.49,21.08,21.19,13.53
54037,2.833,5.601,,,,,2.78,5.138,0.7688,0.6173,,,1.055,1.121,1.049,1.142,1.169,1.313,1.209,1.342,1.059,1.062,1.02,1.002,0.9864,0.9854,3.364,4.093,1.797,2.048,1.238,1.281,2.541,19.55,28.02,0.7189,1.054,1.101,14.44,4.071,2.683,22.99,23.44,23.03,16.48
54039,4.667,10.64,,,,,3.874,7.666,0.8111,0.681,0.4567,0.3546,1.044,1.077,1.054,1.093,1.136,1.275,1.165,1.312,1.035,1.053,1.01,1.024,0.9939,0.9912,5.208,6.589,1.87,2.127,1.235,1.293,0.6651,12.46,19.46,0.3352,0.564,0.5857,16.42,7.85,6.416,19.55,19.74,20.01,9.036
54041,,,,,,,,,0.8264,0.6986,0.4599,0.3534,1.042,1.068,1.044,1.037,1.174,1.279,1.201,1.332,1.036,1.049,1.004,1.01,0.9919,0.99,5.043,6.594,1.929,2.225,1.245,1.308,0.5201,9.555,14.9,0.4649,0.7148,0.7377,22.34,11.02,8.814,18.82,18.91,19.02,8.104
54043,3.691,7.707,,,,,4.293,8.582,0.8289,0.7063,0.5629,0.46,1.06,1.108,1.073,1.126,1.151,1.327,1.199,1.402,1.035,1.059,1.006,1.02,0.9948,0.9912,3.868,4.725,1.814,2.058,1.198,1.267,1.445,17.81,26.37,0.5787,0.9784,1.059,16.18,7.538,6.119,21.5,21.63,21.93,15.11
54045,4.237,9.599,,,,,4.87,10.47,0.8212,0.6976,0.5262,0.4212,1.065,1.108,1.083,1.125,1.194,1.313,1.22,1.322,1.04,1.056,1.007,1.031,0.9932,0.9893,4.565,5.814,1.885,2.156,1.16,1.232,0.8601,13.54,21.31,0.5728,0.8605,0.9794,18.38,8.995,7.476,20.06,20.21,20.68,10.79
54047,,,,,,,,,0.8406,0.726,0.5335,0.4249,1.064,1.09,1.094,1.096,1.186,1.276,1.225,1.318,1.041,1.05,0.9957,1.022,0.9931,0.989,7.971,11.26,2.015,2.346,1.221,1.309,0.1829,4.15,7.715,0.365,0.5869,0.6343,18,10.04,8.809,20.66,20.58,21.13,3.375
54049,,,,,,,4.414,10.31,0.8143,0.6844,0.4693,0.3498,1.037,1.078,1.018,1.064,1.159,1.312,1.179,1.343,1.034,1.055,1.009,1.02,0.9898,0.989,6.569,8.51,2.119,2.453,1.212,1.241,0.397,10.52,16.75,0.4084,0.5952,0.6051,23.89,11.95,9.338,18.72,18.88,19.1,6.302
54051,,,,,,,4.357,10.51,0.8315,0.7061,0.4164,0.2887,1.054,1.088,1.075,1.078,1.158,1.334,1.142,1.342,1.042,1.067,1.015,1.011,0.9904,0.9902,5.529,7.325,1.981,2.304,1.316,1.3,0.3985,8.463,13.3,0.3359,0.6531,0.6934,27.16,14.72,12.12,20.43,20.75,20.66,6.277
54053,3.279,6.654,,,,,3.47,6.751,0.8175,0.6878,0.4595,0.3591,1.048,1.096,1.028,1.064,1.158,1.335,1.18,1.365,1.032,1.059,1.013,1.018,0.9922,0.9927,3.818,4.633,1.769,1.993,1.258,1.289,1.857,17.05,24.55,0.5659,0.9777,1.003,16.76,7.558,6.082,21.56,21.83,21.96,14.74
54055,,,,,,,,,0.7982,0.6686,0.4635,0.349,1.066,1.081,1.096,1.088,1.187,1.282,1.25,1.324,1.037,1.048,0.9982,1.015,0.992,0.9883,,,2.325,2.723,1.229,1.304,0.02244,1.581,3.3,0.2821,0.4114,0.4297,19.45,10.19,8.767,21.67,21.63,22,0.6959
54057,4.25,9.171,,,,,,,0.8243,0.6974,0.4558,0.3519,1.062,1.125,1.079,1.173,1.191,1.314,1.215,1.347,1.057,1.061,1,1,0.9896,0.9876,4.001,5.198,1.99,2.331,1.242,1.294,1.069,10.28,15.57,0.5308,0.8112,0.8785,24.05,13.16,10.66,22.59,22.6,22.59,8.94
54059,4.052,9.172,,,,,4.425,9.376,0.8224,0.6987,0.5321,0.4303,1.068,1.112,1.081,1.122,1.207,1.331,1.255,1.368,1.039,1.057,1,1.027,0.9935,0.9902,4.023,5.098,1.775,2.022,1.165,1.235,1.172,13.28,20.8,0.4965,0.7995,0.8647,16.25,7.978,6.74,20.35,20.35,20.9,12.44
54061,,,,,,,4.306,10.14,0.8079,0.6726,0.3811,0.2575,1.032,1.068,1.016,1.056,1.148,1.311,1.167,1.332,1.034,1.059,1.011,1.034,0.9893,0.988,7.462,10.17,2.133,2.49,1.289,1.314,0.2705,7.528,12.36,0.29,0.44,0.4499,25.64,13.3,10.45,18.37,18.57,18.99,4.329
54063,,,,,,,,,0.8399,0.7275,0.4874,0.3842,1.064,1.073,1.084,1.064,1.181,1.263,1.231,1.306,1.045,1.053,0.98,1.012,0.9885,0.9854,9.735,14.39,2.169,2.571,1.249,1.308,0.09306,2.771,5.07,0.4786,0.7443,0.8265,18.93,10.23,8.63,23.04,22.58,23.31,2.018
54065,3.471,7.424,,,,,3.066,6.928,0.8082,0.6786,0.4566,0.3787,1.047,1.118,1.035,1.153,1.174,1.316,1.202,1.357,1.059,1.066,1.012,0.9953,0.9882,0.9879,3.555,4.609,1.841,2.138,1.224,1.251,1.588,11.88,17.58,0.8018,1.157,1.24,19.58,8.927,6.665,23.94,24.23,23.82,11.47
54067,,,,,,,,,0.8362,0.7206,0.5304,0.4075,1.049,1.071,1.093,1.092,1.137,1.243,1.158,1.263,1.034,1.041,1.009,1.018,0.9942,0.9909,,,2.32,2.76,1.214,1.277,0.09238,2.872,5.277,0.5955,0.9399,0.9503,25.29,14.88,12.78,18.12,18.29,18.44,1.782
54069,,,,,,,3.818,8.747,0.8224,0.691,0.3566,0.2251,1.055,1.102,1.073,1.115,1.151,1.326,1.12,1.308,1.041,1.067,1.014,0.9949,0.9895,0.9905,6.675,9.169,2,2.342,1.35,1.357,0.2674,6.202,10.37,0.3222,0.5808,0.5901,30.58,17.09,14.13,21.49,21.79,21.38,4.296
54071,,,,,,,,,0.8397,0.7278,0.454,0.3293,1.064,1.097,1.062,1.111,1.174,1.286,1.22,1.346,1.053,1.051,1.003,0.9988,0.9885,0.9872,,,2.369,2.912,1.216,1.253,0.08814,2.261,3.82,0.4995,0.8695,0.9278,25.02,13.23,11.03,22.53,22.6,22.5,1.778
54073,4.659,10.64,,,,,3.521,7.42,0.817,0.6872,0.3849,0.2601,1.043,1.07,1.05,1.04,1.138,1.284,1.15,1.325,1.029,1.054,1.013,1.029,0.9936,0.9931,5.176,6.784,1.935,2.228,1.255,1.265,0.6531,11.17,17.13,0.4506,0.7767,0.7145,23.49,12.12,9.669,20.08,20.35,20.67,8.014
54075,,,,,,,,,0.8729,0.7764,0.531,0.3813,1.066,1.102,1.086,1.095,1.211,1.346,1.263,1.389,1.044,1.05,1.003,1.013,0.9895,0.9871,,,3.195,4.07,1.21,1.257,0.002405,0.428,0.9296,0.8835,1.42,1.468,35.28,23.45,20.35,19.16,19.22,19.4,0.2527
54077,,,,,,,,,0.8358,0.7137,0.4146,0.2758,1.044,1.084,1.039,1.096,1.159,1.31,1.174,1.322,1.034,1.048,1.008,1.019,0.9922,0.9892,,,2.423,2.914,1.2,1.241,0.05274,2.183,3.847,0.5207,0.7051,0.7562,34.24,20.62,17.53,17.41,17.54,17.75,1.146
54079,3.782,8.099,,,,,3.633,7.237,0.8162,0.6875,0.4574,0.3609,1.057,1.094,1.061,1.106,1.154,1.309,1.191,1.361,1.031,1.052,0.9992,1.012,0.9929,0.992,3.76,4.647,1.73,1.958,1.259,1.294,1.332,13.88,20.71,0.4623,0.8737,0.9049,16.86,8.024,6.545,22.09,22.07,22.36,13.3
54081,,,,,,,,,0.8253,0.7077,0.4978,0.3769,1.053,1.076,1.08,1.095,1.168,1.252,1.209,1.294,1.042,1.053,1.01,1.027,0.9927,0.9888,,,2.457,2.908,1.201,1.281,0.02436,1.755,3.591,0.3917,0.629,0.6348,23.24,12.93,11.1,19.63,19.82,20.15,0.8471
54083,,,,,,,,,0.8613,0.7564,0.5334,0.386,1.045,1.077,1.055,1.085,1.151,1.251,1.183,1.3,1.031,1.034,1.009,1.014,0.9905,0.9883,,,3.442,4.407,1.195,1.229,0.0005477,0.4576,1.156,0.5693,0.8738,0.9067,36.11,23.61,20.41,16.71,16.86,16.94,0.1556
54085,4.976,11.68,,,,,4.491,10.65,0.8329,0.7115,0.4592,0.3356,1.043,1.073,1.039,1.034,1.177,1.324,1.194,1.388,1.032,1.054,1.006,1.018,0.9929,0.9911,5.203,6.784,1.947,2.252,1.258,1.279,0.5851,11.01,17.24,0.4175,0.8218,0.7425,21.32,10.43,8.293,19.78,19.89,20.14,8.264
54087,4.073,9.124,,,,,4.436,10.13,0.8201,0.6941,0.4681,0.3611,1.045,1.068,1.049,1.06,1.175,1.267,1.215,1.317,1.042,1.055,1.005,1.015,0.992,0.9912,4.889,6.211,1.879,2.149,1.269,1.319,0.9168,12.4,19.33,0.4279,0.8643,0.8295,17.99,7.616,5.808,20.18,20.28,20.48,9.89
54089,,,,,,,,,0.8344,0.7198,0.5016,0.3879,1.063,1.083,1.103,1.108,1.167,1.263,1.236,1.322,1.043,1.056,0.9926,1.013,0.9914,0.9889,,,2.234,2.618,1.254,1.315,0.07854,2.642,4.953,0.3102,0.5105,0.5452,20.78,11.86,10.32,22.34,22.18,22.64,1.675
54091,,,,,,,,,0.8013,0.6626,0.4038,0.2852,1.045,1.098,1.028,1.082,1.178,1.355,1.196,1.386,1.037,1.056,0.9978,1.019,0.9893,0.9881,7.526,10.23,2.113,2.455,1.206,1.28,0.2564,7.132,11.67,0.3469,0.5224,0.5512,25.17,12.81,9.936,18.25,18.21,18.61,4.38
54093,,,,,,,,,0.8578,0.7518,0.4906,0.3425,1.05,1.084,1.058,1.107,1.159,1.251,1.159,1.265,1.034,1.039,0.9956,1.006,0.9914,0.9896,,,2.878,3.593,1.192,1.236,0.005305,0.7553,1.598,0.6466,0.8665,0.9299,38.11,24.12,21.01,17.12,17.04,17.22,0.4184
54095,,,,,,,4.359,9.981,0.8303,0.7093,0.4641,0.3441,1.043,1.055,1.025,1.008,1.144,1.279,1.155,1.331,1.033,1.054,0.9994,1.015,0.9925,0.9905,5.681,7.531,1.983,2.299,1.266,1.251,0.4493,9.317,14.73,0.5398,0.8907,0.8918,24.18,12.81,10.28,20.07,20.06,20.38,6.697
54097,,,,,,,,,0.8233,0.6948,0.5081,0.3915,1.036,1.07,1.045,1.052,1.136,1.251,1.148,1.298,1.032,1.044,1.01,1.024,0.9907,0.989,8.824,12.69,2.264,2.691,1.195,1.254,0.1158,4.232,7.395,0.4796,0.7563,0.7852,25.83,13.89,11.33,17.72,17.9,18.15,2.686
54099,3.49,7.263,,,,,3.155,5.911,0.8099,0.6767,0.4988,0.3964,1.059,1.111,1.07,1.125,1.169,1.334,1.225,1.404,1.032,1.056,1.011,1.03,0.9951,0.9919,3.883,4.757,1.769,2,1.19,1.241,1.604,17.63,26.33,0.481,0.785,0.837,15.18,6.57,5.123,21.34,21.57,21.99,14.95
54101,,,,,,,,,0.8461,0.7326,0.5372,0.4051,1.039,1.067,1.072,1.084,1.142,1.262,1.183,1.296,1.033,1.036,1.008,1.014,0.9936,0.9906,,,2.622,3.169,1.17,1.216,0.04929,1.758,3.37,0.8346,1.209,1.29,27.09,17.13,14.79,16.84,16.97,17.08,0.9831
54103,,,,,,,,,0.8423,0.7252,0.4818,0.356,1.038,1.064,1.032,1.023,1.163,1.3,1.166,1.347,1.034,1.055,1.018,1.016,0.9907,0.9895,6.321,8.32,2.08,2.408,1.283,1.269,0.354,8.528,13.43,0.4311,0.7066,0.7367,24.7,13.82,11.48,18.56,18.89,18.85,5.735
54105,3.973,8.867,,,,,4.142,9.301,0.826,0.7032,0.4536,0.3394,1.037,1.062,1.031,1.027,1.17,1.289,1.178,1.327,1.034,1.052,1.006,1.019,0.9928,0.9928,4.393,5.575,1.844,2.118,1.269,1.297,1.042,13.19,20.3,0.4515,0.9108,0.8472,19.78,9.078,7.112,20.46,20.59,20.86,11.03
54107,3.907,8.421,,,,,2.931,5.343,0.7967,0.6605,0.2895,0.1687,1.045,1.084,1.059,1.073,1.144,1.281,1.15,1.296,1.026,1.052,1.009,1.031,0.9936,0.9936,4.827,6.079,1.843,2.094,1.22,1.252,0.967,14.12,21.5,0.4101,0.6554,0.6395,21.24,10.67,8.505,20.75,20.95,21.4,10.14
54109,,,,,,,,,0.8371,0.7226,0.529,0.4162,1.056,1.084,1.077,1.084,1.169,1.257,1.194,1.284,1.041,1.053,0.9971,1.029,0.9927,0.9882,8.385,11.86,2.125,2.478,1.195,1.296,0.1884,4.302,7.685,0.4652,0.7488,0.7761,20.67,11.33,9.829,19.79,19.73,20.36,3.015
55001,4.252,9.374,,,,,3.574,7.782,0.8804,0.7829,0.4809,0.2727,1.08,1.109,1.108,1.087,1.155,1.31,1.15,1.334,1.012,1.051,0.9958,0.9754,0.9944,0.9961,5.114,6.821,2.284,2.729,1.196,1.208,0.7357,10.32,15.05,0.5496,0.8129,0.8698,68.48,43.65,36.83,30.7,30.57,29.95,6.122
55003,,,,,,,,,0.8957,0.8015,0.5105,0.2525,1.08,1.139,1.105,1.164,1.2,1.286,1.19,1.268,1.031,1.041,0.9445,0.9537,0.9909,0.9921,,,2.856,3.571,1.285,1.316,0.1253,2.602,4.825,0.4813,0.6844,0.7366,88.33,61.31,53.44,30.06,28.4,28.67,1.514
55005,,,,,,,,,0.8996,0.8103,0.5725,0.3646,1.084,1.14,1.088,1.154,1.21,1.369,1.218,1.324,1.018,1.052,0.9579,0.9419,0.9947,0.9953,6.946,9.658,2.507,3.052,1.167,1.18,0.3699,6.902,11.23,0.6751,0.9641,0.9936,85.71,60.78,53.69,34.22,32.77,32.23,3.436
55007,,,,,,,,,0.8956,0.8018,0.5367,0.2943,1.066,1.152,1.087,1.2,1.175,1.297,1.175,1.263,1.03,1.039,0.941,0.9442,0.9913,0.9916,,,2.853,3.583,1.216,1.25,0.1713,2.889,5.106,0.572,0.7555,0.8206,89.9,62.83,54.48,32.43,30.51,30.62,1.7
55009,,,,,,,2.93,6.192,0.857,0.7458,0.342,0.1323,1.098,1.107,1.11,1.114,1.209,1.303,1.235,1.358,1.02,1.038,0.9896,0.9793,0.9967,0.9997,6.215,8.427,2.359,2.831,1.307,1.277,0.2654,4.397,6.863,0.2169,0.3844,0.3772,73.32,44.66,37.51,29.29,28.99,28.69,2.797
55011,,,,,,,3.371,6.973,0.8822,0.7833,0.5002,0.2921,1.063,1.085,1.081,1.092,1.122,1.236,1.113,1.197,1.017,1.045,0.9812,0.9406,0.9962,0.9966,5.857,7.934,2.195,2.61,1.116,1.14,0.5869,9.913,15.82,0.7237,0.9312,0.9663,69.33,47.76,41.41,34.65,34,32.59,5.505
55013,,,,,,,,,0.9006,0.8125,0.6001,0.3971,1.079,1.158,1.093,1.214,1.211,1.36,1.204,1.323,1.021,1.039,0.9562,0.9401,0.9936,0.995,6.796,9.283,2.525,3.071,1.173,1.226,0.3047,7.176,11.83,0.6676,0.8779,0.9269,84.42,59.21,52.17,35.07,33.54,32.97,3.642
55015,,,,,,,2.805,5.497,0.8583,0.7485,0.3129,0.1023,1.096,1.119,1.111,1.119,1.199,1.318,1.214,1.366,1.026,1.047,0.9893,0.9746,0.9962,0.9997,5.297,7.206,2.216,2.635,1.246,1.211,0.5247,7.724,11.97,0.4441,0.6662,0.6569,69.81,43.13,36.61,30.03,29.71,29.27,4.915
55017,,,,,,,,,0.8956,0.8036,0.5422,0.326,1.073,1.12,1.083,1.145,1.197,1.338,1.208,1.307,1.022,1.045,0.9544,0.9214,0.9933,0.9931,6.912,9.408,2.531,3.064,1.141,1.148,0.3887,8.187,12.84,0.5334,0.7517,0.7635,81.3,56.42,49.33,34.33,32.76,31.63,3.899
55019,,,,,,,,,0.8952,0.8044,0.5569,0.3495,1.057,1.096,1.057,1.097,1.137,1.286,1.098,1.247,1.022,1.049,0.9748,0.9388,0.993,0.9936,7.948,11.25,2.651,3.268,1.13,1.13,0.2239,5.599,9.303,0.6722,0.9095,0.8702,82.1,57.32,50.13,32.23,31.42,30.26,2.712
55021,4.331,9.304,,,,,3.256,6.629,0.8654,0.7592,0.3935,0.1927,1.092,1.112,1.174,1.124,1.115,1.262,1.123,1.321,1.016,1.059,1.012,0.9875,0.9964,0.9966,5.495,7.206,2.223,2.614,1.16,1.145,0.6896,10.37,15.39,0.6641,1.034,1.029,63.98,39.76,33.76,29.92,30.27,29.55,6.01
55023,4.849,10.72,,,,,3.631,7.175,0.8687,0.7659,0.4505,0.2582,1.053,1.104,1.135,1.141,1.092,1.257,1.075,1.338,1.001,1.056,1.01,0.9617,0.9965,0.9983,5.55,7.369,2.149,2.519,1.118,1.113,0.6959,10.29,15.72,0.8274,1.19,1.162,63.74,40.8,35.24,32.15,32.48,30.92,6.018
55025,,,,,,,3.341,6.82,0.8601,0.752,0.3764,0.189,1.078,1.126,1.177,1.171,1.111,1.294,1.124,1.329,1.008,1.054,1.015,0.9898,0.9983,0.9991,5.51,7.291,2.164,2.545,1.148,1.174,0.5499,8.766,13.34,0.6958,1.007,0.999,64.29,38.42,32.35,29.67,30.11,29.37,5.453
55027,,,,,,,3.101,6.278,0.8545,0.7444,0.367,0.1813,1.118,1.13,1.217,1.165,1.155,1.294,1.167,1.381,1.022,1.066,0.9973,0.9863,0.9967,0.9976,5.549,7.248,2.204,2.596,1.187,1.194,0.5599,9.282,14.01,0.7045,0.9957,0.9964,64.91,39.12,33.22,29.86,29.78,29.46,5.588
55029,,,,,,,3.282,7.438,0.8493,0.7279,0.2594,0.04683,1.079,1.11,1.099,1.132,1.162,1.245,1.215,1.336,1.028,1.049,0.9845,0.9985,0.9949,0.9979,,,2.414,2.912,1.285,1.274,0.1605,2.333,3.828,0.2649,0.3742,0.391,67.94,37.53,29.7,27.69,27.26,27.64,1.656
55031,,,,,,,,,0.9018,0.8138,0.6085,0.3973,1.049,1.141,1.055,1.181,1.165,1.291,1.183,1.258,1.027,1.029,0.952,0.9511,0.9923,0.9931,6.758,9.246,2.983,3.733,1.173,1.221,0.2657,4.985,8.266,0.5925,0.7575,0.823,89.9,64.82,56.86,34.16,32.52,32.49,2.66
55033,,,,,,,3.588,8.068,0.8888,0.7955,0.5218,0.3079,1.085,1.117,1.087,1.132,1.227,1.373,1.241,1.364,1.02,1.05,0.9628,0.9284,0.9932,0.9925,5.548,7.57,2.337,2.825,1.181,1.205,0.6343,10.26,16.32,0.6488,0.9264,0.9292,76.59,51.81,45.27,34.12,32.85,31.68,5.572
55035,,,,,,,3.964,9.274,0.8918,0.7991,0.5277,0.3119,1.071,1.103,1.083,1.107,1.159,1.288,1.133,1.251,1.014,1.036,0.9707,0.9303,0.9949,0.9947,5.726,7.772,2.413,2.909,1.161,1.163,0.6006,9.878,15.28,0.5048,0.7133,0.71,78.14,53.87,46.99,33.48,32.5,31.14,5.203
55037,,,,,,,,,0.9005,0.812,0.5509,0.3131,1.06,1.084,1.077,1.118,1.167,1.255,1.177,1.266,1.029,1.044,0.9579,0.9445,0.9929,0.9944,,,3.059,3.851,1.202,1.228,0.111,2.939,5.001,0.2604,0.3629,0.4345,89.36,61.63,52.26,30.3,29.02,28.61,1.73
55039,,,,,,,2.963,5.983,0.8628,0.7546,0.355,0.1607,1.099,1.101,1.172,1.121,1.154,1.275,1.155,1.315,1.02,1.055,0.9976,0.9801,0.9955,0.9983,5.974,8.03,2.202,2.617,1.226,1.2,0.3759,6.246,9.925,0.5355,0.7493,0.7783,70.14,44.54,38.07,30.89,30.81,30.27,3.936
55041,,,,,,,,,0.9018,0.8149,0.5527,0.3175,1.061,1.077,1.074,1.113,1.146,1.211,1.154,1.224,1.028,1.037,0.9478,0.951,0.993,0.9954,,,2.944,3.758,1.2,1.212,0.03327,1.275,2.429,0.3249,0.4354,0.4842,91.19,64.53,55.88,30.38,28.8,28.89,0.8587
55043,4.394,9.603,,,,,3.217,6.083,0.8584,0.7502,0.4186,0.2279,1.052,1.107,1.11,1.145,1.117,1.295,1.116,1.306,1.007,1.058,1.007,0.9621,0.9965,0.9984,5.168,6.848,2.052,2.397,1.127,1.134,0.7592,9.845,15,0.8517,1.254,1.215,62.3,39.33,33.98,30.99,31.19,29.82,6.389
55045,4.529,9.717,,,,,3.834,7.815,0.8598,0.7524,0.4136,0.2346,1.047,1.146,1.097,1.194,1.129,1.334,1.155,1.376,1.005,1.056,0.9971,0.972,0.9963,0.9976,5.589,7.394,2.168,2.55,1.138,1.148,0.7116,9.687,14.64,0.8889,1.327,1.307,61.51,36.13,30.67,30.11,30.02,29.27,5.887
55047,4.287,9.311,,,,,3.118,6.326,0.8663,0.7617,0.3971,0.1929,1.088,1.115,1.131,1.123,1.162,1.312,1.165,1.354,1.023,1.065,1.009,0.9869,0.996,0.9972,5.058,6.708,2.19,2.588,1.231,1.204,0.6989,9.851,14.35,0.5755,0.9075,0.9599,65.7,40.29,33.96,30.49,30.78,30.09,6.125
55049,,,,,,,3.857,8.142,0.8671,0.7617,0.4167,0.2266,1.056,1.112,1.133,1.134,1.11,1.294,1.107,1.297,1.007,1.052,1.02,0.9805,0.9965,0.998,5.735,7.632,2.195,2.588,1.139,1.14,0.573,8.6,13.16,0.8101,1.198,1.162,65.09,39.66,33.6,30.12,30.72,29.54,5.176
55051,,,,,,,,,0.901,0.8113,0.5709,0.3375,1.077,1.129,1.1,1.156,1.198,1.281,1.171,1.239,1.03,1.038,0.9488,0.9682,0.9921,0.9944,,,3.018,3.808,1.246,1.279,0.07702,2.077,4.006,0.4624,0.705,0.7759,96.49,71.01,63.04,27.64,26.23,26.76,1.119
55053,,,,,,,,,0.8895,0.7969,0.5424,0.3398,1.069,1.096,1.076,1.076,1.146,1.293,1.128,1.256,1.019,1.054,0.9877,0.9426,0.995,0.9959,6.18,8.317,2.474,2.99,1.135,1.147,0.5522,9.32,14.43,0.7429,0.9985,1.041,72.14,48.89,42.51,32,31.61,30.16,4.85
55055,4.16,8.477,,,,,2.727,5.096,0.8467,0.7326,0.3693,0.1916,1.09,1.132,1.189,1.189,1.125,1.324,1.153,1.378,1.007,1.061,0.9993,0.988,0.9977,0.9984,4.526,5.798,2.042,2.384,1.148,1.18,0.8881,12.04,17.41,0.7475,1.062,1.058,59.42,35.5,30.03,29.53,29.51,29.18,7.958
55057,4.339,9.689,,,,,3.606,8.035,0.8816,0.7843,0.4885,0.2819,1.079,1.106,1.116,1.096,1.136,1.269,1.128,1.291,1.013,1.054,0.9827,0.9496,0.9945,0.9959,5.026,6.734,2.263,2.715,1.151,1.172,0.7812,9.769,14.5,0.7099,0.9803,1.046,67.19,43,36.32,31.45,30.9,29.86,6.045
55059,,,,,,,2.686,5.029,0.829,0.7081,0.3204,0.1513,1.07,1.127,1.119,1.149,1.117,1.308,1.15,1.344,1.006,1.054,1.006,0.985,0.9958,0.9984,4.733,6.26,2.105,2.482,1.159,1.182,0.7069,6.946,10.51,0.5489,0.813,0.8831,53.95,29.86,24.92,27.4,27.57,26.98,4.922
55061,,,,,,,3.171,6.997,0.843,0.7215,0.2412,0.02685,1.1,1.114,1.108,1.104,1.208,1.304,1.23,1.369,1.026,1.049,0.9957,0.9951,0.998,1.001,,,2.485,3.014,1.304,1.289,0.1423,1.905,2.908,0.301,0.5295,0.5081,68.49,39.08,32.31,28.69,28.56,28.54,1.361
55063,4.199,8.907,,,,,3.192,6.18,0.8715,0.7696,0.4595,0.2524,1.055,1.076,1.097,1.065,1.093,1.211,1.12,1.227,1.004,1.035,1,0.9524,0.9957,0.9973,5.158,6.834,2.169,2.547,1.194,1.202,0.937,11.82,17.76,0.4992,0.7,0.7259,69.37,46.03,39.84,31.64,31.64,30.14,6.623
55065,,,,,,,3.454,6.957,0.8605,0.7513,0.4049,0.2172,1.048,1.121,1.097,1.164,1.113,1.323,1.14,1.362,1.002,1.053,1.015,0.9748,0.9964,0.998,5.509,7.338,2.098,2.461,1.13,1.138,0.6879,9.375,14.49,0.878,1.279,1.282,59.68,36.6,31.13,29.89,30.33,29.13,5.872
55067,,,,,,,,,0.8967,0.807,0.5402,0.3143,1.065,1.083,1.063,1.087,1.19,1.232,1.19,1.225,1.035,1.047,0.9714,0.9445,0.9926,0.9935,,,2.774,3.435,1.191,1.212,0.05018,2.394,4.171,0.3791,0.4989,0.5299,89.74,62.91,54.89,31.14,30.24,29.41,1.296
55069,,,,,,,,,0.9013,0.8152,0.5766,0.3597,1.077,1.115,1.103,1.155,1.191,1.262,1.188,1.271,1.037,1.056,0.9472,0.9247,0.9915,0.9916,,,2.827,3.485,1.124,1.142,0.05239,2.596,4.818,0.51,0.6747,0.7075,88.87,63.95,56.1,31.81,30.13,29.41,1.209
55071,,,,,,,3.153,6.828,0.8384,0.7164,0.2385,0.03371,1.12,1.137,1.136,1.137,1.234,1.353,1.241,1.395,1.026,1.046,0.9943,0.9825,0.9965,1,,,2.291,2.749,1.258,1.24,0.2013,2.293,3.578,0.3658,0.5644,0.5909,64.63,37.87,31.63,28.9,28.73,28.39,1.785
55073,,,,,,,,,0.8938,0.8028,0.5158,0.2933,1.071,1.101,1.063,1.089,1.158,1.254,1.135,1.259,1.024,1.05,0.9778,0.9552,0.9939,0.9943,8.752,12.17,2.625,3.198,1.198,1.21,0.1263,4.568,7.496,0.3618,0.5412,0.5353,84.92,59.17,51.59,30.81,30.13,29.43,2.163
55075,,,,,,,,,0.8852,0.7836,0.4538,0.2075,1.057,1.084,1.064,1.119,1.156,1.238,1.201,1.307,1.032,1.047,0.971,0.9633,0.9936,0.9958,5.656,7.522,2.477,3.005,1.208,1.216,0.3629,5.315,8.477,0.3068,0.378,0.4193,75.17,46.59,38.02,29.74,28.88,28.65,3.632
55077,4.237,9.112,,,,,3.354,6.96,0.8718,0.7689,0.426,0.2178,1.09,1.117,1.138,1.107,1.159,1.322,1.153,1.325,1.015,1.062,1.007,0.9925,0.9964,0.9975,5.077,6.742,2.25,2.667,1.189,1.158,0.7986,10.95,15.94,0.5822,0.924,0.9603,66.16,40.72,34.07,30.33,30.54,30.1,6.441
55078,,,,,,,,,0.8886,0.7935,0.5001,0.2734,1.075,1.107,1.065,1.11,1.188,1.277,1.183,1.307,1.037,1.058,0.9725,0.9664,0.9943,0.9967,5.834,7.799,2.471,3.02,1.24,1.248,0.3011,5.867,9.299,0.3364,0.473,0.5067,78.88,51.76,44.34,30.27,29.44,29.26,3.742
55079,2.976,5.757,,,,,2.268,3.804,0.8115,0.6826,0.2419,0.06658,1.095,1.138,1.162,1.159,1.153,1.317,1.182,1.438,1.014,1.057,1.019,0.9908,0.9977,0.9997,4.255,5.31,2.087,2.42,1.179,1.192,1.38,11.98,16.74,0.5188,0.7872,0.8952,53.82,29.06,23.89,28.35,28.88,28.09,7.712
55081,,,,,,,3.927,8.807,0.8804,0.7834,0.4955,0.2915,1.069,1.097,1.102,1.076,1.143,1.266,1.159,1.281,1.012,1.047,0.9952,0.9614,0.9971,0.9986,5.695,7.672,2.353,2.821,1.161,1.173,0.6188,9.496,14.53,0.6396,0.8718,0.9253,71.2,46.76,40.23,31.55,31.4,30.34,5.262
55083,,,,,,,2.801,6.253,0.8798,0.7791,0.4454,0.2086,1.065,1.098,1.054,1.1,1.183,1.256,1.204,1.295,1.033,1.049,0.9694,0.9749,0.9941,0.9971,5.459,7.23,2.387,2.885,1.228,1.235,0.3997,5.806,8.979,0.3646,0.51,0.5291,73.39,44.93,37.27,29.81,28.89,29.06,3.939
55085,,,,,,,,,0.9044,0.8201,0.5977,0.3792,1.072,1.111,1.107,1.172,1.172,1.209,1.158,1.192,1.035,1.043,0.9492,0.938,0.9925,0.9936,,,2.972,3.72,1.145,1.173,0.04666,1.495,3.007,0.5064,0.6306,0.6717,92.48,67.4,59.36,31.06,29.48,29.13,0.8432
55087,,,,,,,2.875,5.893,0.8671,0.7622,0.3743,0.1512,1.076,1.113,1.077,1.114,1.207,1.342,1.232,1.386,1.021,1.047,0.9915,0.9827,0.9952,0.9978,5.451,7.364,2.206,2.634,1.251,1.241,0.5203,7.533,11.63,0.2987,0.5134,0.5172,71.04,44.42,37.66,30.11,29.85,29.59,4.768
55089,,,,,,,2.834,5.594,0.832,0.7109,0.2548,0.07645,1.121,1.136,1.206,1.144,1.165,1.355,1.138,1.431,1.022,1.064,1.005,0.985,0.9963,0.9982,4.546,6.189,2.147,2.566,1.186,1.19,0.6757,5.326,8.406,0.5345,0.755,0.7957,57.75,32.06,26.63,29.05,29.2,28.61,4.213
55091,5.129,11.75,,,,,3.384,7.074,0.8827,0.7838,0.4979,0.2858,1.068,1.093,1.08,1.101,1.154,1.269,1.154,1.265,1.02,1.044,0.9744,0.9355,0.9963,0.9963,5.592,7.6,2.186,2.608,1.11,1.139,0.6021,10.34,16.8,0.5764,0.817,0.8055,71.05,48.79,42.48,34.48,33.6,32.26,5.914
55093,,,,,,,3.36,7.008,0.8855,0.7883,0.5084,0.2985,1.073,1.109,1.09,1.131,1.186,1.292,1.191,1.301,1.014,1.045,0.9839,0.9497,0.9961,0.9966,5.68,7.821,2.232,2.672,1.138,1.152,0.6119,8.937,14.65,0.7776,1.099,1.103,77.49,54.03,47.52,34.52,33.96,32.78,5.2
55095,,,,,,,3.802,8.911,0.8998,0.8107,0.5796,0.3776,1.082,1.148,1.084,1.169,1.211,1.348,1.216,1.305,1.019,1.05,0.9678,0.949,0.9955,0.9964,6.597,9.093,2.437,2.941,1.15,1.185,0.3754,7.526,12.41,0.7118,0.9619,1.048,84.09,59.95,53.13,35.42,34.28,33.61,3.902
55097,,,,,,,3.829,8.834,0.8864,0.7911,0.4842,0.2621,1.064,1.108,1.073,1.104,1.181,1.319,1.189,1.359,1.019,1.054,0.9861,0.9557,0.9938,0.9953,7.493,10.32,2.46,2.97,1.245,1.256,0.2638,6.235,9.625,0.4321,0.6419,0.6336,76.46,51.04,43.68,31.42,30.99,30.03,3.071
55099,,,,,,,,,0.9047,0.8185,0.5873,0.3721,1.076,1.142,1.105,1.195,1.207,1.293,1.198,1.275,1.032,1.047,0.9497,0.935,0.9923,0.993,,,2.968,3.699,1.181,1.217,0.02128,1.603,3.353,0.4588,0.6549,0.709,93.27,69.71,62.36,31.88,30.28,29.81,0.6985
55101,,,,,,,2.668,4.958,0.8295,0.7082,0.3086,0.1371,1.079,1.136,1.132,1.16,1.122,1.317,1.136,1.355,1.008,1.058,1.014,0.9993,0.9962,0.9989,4.726,6.183,2.113,2.492,1.156,1.17,0.6957,7.744,11.52,0.51,0.7501,0.8486,56.92,31.98,26.79,27.52,27.91,27.5,5.25
55103,4.538,10.12,,,,,4.728,10.41,0.8763,0.7773,0.4837,0.2981,1.057,1.1,1.133,1.107,1.094,1.274,1.079,1.307,1.004,1.053,1.01,0.9568,0.9972,0.9979,5.515,7.284,2.273,2.696,1.141,1.134,0.7175,9.975,15.05,0.6917,1.056,1.038,63.83,39.63,33.79,31.2,31.5,29.85,5.876
55105,3.869,7.787,,,,,3.029,5.787,0.8479,0.7364,0.3844,0.2098,1.063,1.14,1.132,1.183,1.125,1.317,1.155,1.37,1.006,1.055,1.009,0.9856,0.9973,0.9986,4.425,5.671,2.025,2.366,1.148,1.179,1.069,12.3,17.99,0.7537,1.094,1.083,58.4,34.63,29.49,29.87,30.14,29.44,8.479
55107,,,,,,,,,0.9042,0.8176,0.5893,0.3845,1.084,1.14,1.101,1.168,1.225,1.346,1.219,1.312,1.029,1.046,0.9479,0.9323,0.9944,0.9957,8.63,12.47,2.725,3.409,1.151,1.18,0.1619,4.393,7.561,0.5254,0.7354,0.7971,83.1,59.82,53.07,33.86,32.1,31.57,2.153
55109,,,,,,,3.425,7.39,0.8917,0.7989,0.5325,0.3227,1.076,1.121,1.084,1.143,1.218,1.348,1.22,1.333,1.016,1.05,0.9689,0.9411,0.9954,0.996,5.593,7.62,2.299,2.754,1.15,1.164,0.6197,9.034,14.38,0.7688,1.089,1.106,79.32,55.48,49.1,35.34,34.24,33.26,5.16
55111,,,,,,,3.651,7.739,0.8758,0.7772,0.4653,0.2777,1.077,1.106,1.16,1.105,1.099,1.271,1.11,1.29,1.009,1.057,1.012,0.9706,0.9968,0.9975,5.503,7.344,2.255,2.672,1.155,1.143,0.6729,9.243,13.87,0.6515,0.9841,0.9731,64.83,40.69,35.03,30.74,31.11,29.84,5.486
55113,,,,,,,,,0.9046,0.8202,0.6175,0.4161,1.06,1.132,1.077,1.176,1.184,1.287,1.169,1.256,1.016,1.028,0.9454,0.9354,0.9936,0.9951,,,2.919,3.704,1.185,1.225,0.06675,2.342,4.771,0.6411,0.8159,0.8748,91.04,65.83,58.56,33.63,31.8,31.46,1.085
55115,,,,,,,,,0.8837,0.787,0.4761,0.253,1.082,1.114,1.069,1.112,1.207,1.321,1.207,1.362,1.029,1.059,0.9879,0.9734,0.9948,0.9973,5.767,7.759,2.413,2.929,1.266,1.265,0.3911,6.843,10.7,0.31,0.5134,0.5111,75.98,49.1,41.87,30.31,29.95,29.51,4.171
55117,,,,,,,2.77,5.454,0.8366,0.7153,0.2202,0.01948,1.096,1.121,1.14,1.121,1.167,1.321,1.153,1.36,1.022,1.055,0.9991,0.9811,0.9946,0.9983,4.992,6.824,2.148,2.555,1.203,1.193,0.6111,5.435,8.55,0.548,0.8419,0.8498,62.02,35.63,29.73,28.19,28.17,27.66,4.006
55119,,,,,,,,,0.9008,0.8119,0.5651,0.3516,1.075,1.121,1.088,1.137,1.194,1.316,1.168,1.324,1.031,1.049,0.9631,0.9421,0.9937,0.9942,,,2.728,3.397,1.142,1.17,0.06333,2.606,4.96,0.5262,0.7274,0.7693,88.49,64.3,56.35,32.31,31.12,30.44,1.191
55121,4.53,10.07,,,,,3.648,7.739,0.8853,0.7897,0.5218,0.3179,1.068,1.093,1.095,1.089,1.129,1.275,1.161,1.27,1.018,1.055,0.9886,0.946,0.9953,0.9959,5.861,7.819,2.287,2.715,1.136,1.166,0.6711,10.25,15.83,0.7416,0.9863,1.049,69.13,46.8,40.4,33.81,33.42,31.98,5.541
55123,,,,,,,3.682,7.613,0.8728,0.7712,0.4538,0.2513,1.063,1.096,1.13,1.089,1.104,1.252,1.1,1.319,1.005,1.047,1.011,0.9591,0.9977,0.9992,6.406,8.776,2.225,2.638,1.125,1.126,0.4356,7.651,12.26,0.792,1.076,1.064,69.27,45.55,39.36,32.31,32.65,30.99,4.27
55125,,,,,,,,,0.9058,0.8222,0.5903,0.3665,1.076,1.109,1.101,1.161,1.175,1.235,1.146,1.212,1.036,1.043,0.9429,0.9484,0.9918,0.9943,,,3.086,3.901,1.201,1.236,0.04162,1.449,2.951,0.4667,0.6627,0.7188,96.07,70.02,61.77,30.07,28.35,28.52,0.864
55127,4.02,8.31,,,,,2.916,5.535,0.845,0.7317,0.3297,0.1521,1.075,1.135,1.143,1.18,1.111,1.31,1.142,1.323,1.007,1.056,1.012,0.9924,0.9965,0.9981,4.367,5.65,1.988,2.339,1.191,1.207,1.027,11.28,16.92,0.6793,0.9115,1.021,57.83,34.05,28.8,27.98,28.33,27.77,7.981
55129,,,,,,,,,0.9018,0.8137,0.6046,0.4008,1.067,1.143,1.085,1.175,1.181,1.325,1.176,1.283,1.017,1.026,0.9614,0.9612,0.995,0.9961,6.962,9.69,2.517,3.1,1.165,1.217,0.3178,5.962,10.01,0.7309,0.9322,0.9991,85.33,59.74,52.62,33.98,32.67,32.67,3.158
55131,,,,,,,2.965,5.881,0.8485,0.7356,0.3395,0.156,1.118,1.135,1.197,1.172,1.153,1.319,1.168,1.43,1.02,1.062,0.9945,0.9734,0.9962,0.9984,5.979,8.026,2.287,2.721,1.223,1.21,0.4629,6.708,10.68,0.5434,0.8261,0.8237,65.51,38.27,32.57,29.58,29.41,28.79,4.151
55133,3.958,8.159,,,,,2.679,4.936,0.8364,0.7183,0.2953,0.1109,1.109,1.149,1.195,1.188,1.151,1.339,1.173,1.401,1.013,1.058,1.002,0.9925,0.9969,0.9989,4.99,6.391,2.136,2.495,1.18,1.191,0.8183,10.32,15.13,0.6274,0.9748,1.031,60.62,34.69,29.21,28.47,28.53,28.26,6.423
55135,,,,,,,3.455,7.775,0.8787,0.7788,0.4381,0.2146,1.078,1.124,1.076,1.125,1.223,1.366,1.241,1.398,1.027,1.063,0.9938,0.9746,0.9953,0.9965,5.015,6.708,2.272,2.726,1.217,1.224,0.5774,8.547,12.61,0.4647,0.7486,0.7661,71.24,45.46,38.45,30.77,30.58,29.99,5.445
55137,4.073,8.789,,,,,3.233,6.743,0.8751,0.773,0.4499,0.2345,1.087,1.125,1.088,1.114,1.213,1.367,1.226,1.394,1.025,1.061,0.9861,0.9723,0.9937,0.9963,4.992,6.602,2.285,2.724,1.227,1.216,0.7366,10.79,15.53,0.5208,0.7979,0.8493,70.08,44.27,37.39,31.05,30.62,30.19,6.296
55139,,,,,,,2.774,5.357,0.8646,0.7577,0.3594,0.151,1.083,1.112,1.101,1.124,1.178,1.279,1.21,1.352,1.022,1.05,0.9865,0.9724,0.9953,0.9985,5.401,7.21,2.168,2.557,1.266,1.24,0.5366,8.403,12.47,0.4578,0.6876,0.7065,69.05,42.81,36.09,31.2,30.78,30.34,5.104
55141,,,,,,,,,0.8882,0.7942,0.5142,0.3009,1.056,1.093,1.077,1.089,1.139,1.291,1.118,1.303,1.016,1.052,0.9687,0.9414,0.993,0.9939,6.528,8.845,2.526,3.061,1.195,1.187,0.4155,8.164,12.27,0.4865,0.677,0.6841,76.17,51.47,44.3,31.11,30.14,29.29,4.053
56001,,,,,,,,,0.8938,0.804,0.6827,0.5509,1.088,1.131,1.114,1.164,1.221,1.343,1.193,1.308,1.032,1.057,0.9684,0.9621,0.9907,0.9903,,,,,,,0.02354,1.267,3.233,0.04672,0.09699,0.09808,57.94,39.2,34.62,45.27,43.84,43.55,0.6945
56003,2.596,4.217,,,,,,,0.9062,0.8302,0.7548,0.633,1.063,1.097,1.071,1.116,1.151,1.285,1.151,1.286,1.041,1.059,0.9636,0.9547,0.9945,0.9933,2.636,3.118,2.429,2.998,,,3.61,22.2,30.21,0.04775,0.06496,0.07469,64.29,46.23,41.47,65.07,62.7,62.12,16.67
56005,2.37,3.712,4.281,9.626,,,,,0.8915,0.8003,0.698,0.556,1.052,1.128,1.052,1.169,1.125,1.242,1.133,1.249,1.031,1.05,0.9539,0.9424,0.9944,0.994,2.501,2.947,2.408,2.933,,,5.863,29.62,38.85,0.05567,0.123,0.1613,43.76,30.02,26.98,52.96,50.52,49.91,21.84
56007,,,,,,,,,0.885,0.7904,0.6706,0.5278,1.085,1.15,1.112,1.187,1.222,1.396,1.24,1.391,1.034,1.073,0.9666,0.9602,0.9891,0.987,,,4.458,5.973,,,0.07102,2.834,6.038,0.04276,0.07092,0.07128,62.13,39.96,34.88,47.84,46.24,45.94,1.443
56009,2.723,4.489,,,,,,,0.8863,0.7882,0.6855,0.5574,1.09,1.178,1.128,1.238,1.181,1.306,1.178,1.284,1.038,1.064,0.9514,0.9241,0.993,0.9918,2.72,3.271,2.393,2.932,,,3.707,23.54,32.54,0.06017,0.1261,0.1425,40.98,27.91,24.86,53.92,51.3,49.83,18.31
56011,2.605,4.384,,,,,,,0.8954,0.8098,0.6866,0.5418,1.073,1.098,1.058,1.083,1.163,1.215,1.187,1.266,1.025,1.025,0.9593,0.956,0.9954,0.9943,2.778,3.377,2.457,3.038,1.203,1.239,4.378,22.63,30.92,0.1229,0.1935,0.2309,46.98,32.62,29.46,45.9,44.03,43.88,16.75
56013,4.42,8.693,,,,,,,0.896,0.8149,0.7236,0.5886,1.049,1.127,1.039,1.177,1.118,1.322,1.129,1.342,1.034,1.072,0.9565,0.919,0.992,0.9895,4.322,5.606,2.871,3.658,,,0.7381,8.817,13.77,0.07591,0.09889,0.1113,70.23,49.55,44.43,60.8,58.15,55.87,5.976
56015,2.349,3.597,4.713,10.55,,,,,0.8857,0.7877,0.6799,0.5602,1.073,1.132,1.106,1.16,1.148,1.293,1.118,1.251,1.021,1.042,0.9302,0.9038,0.992,0.9923,2.284,2.68,2.183,2.625,1.298,1.241,6.817,32.47,43.3,0.08383,0.184,0.167,26.83,17.06,15.4,57.03,53.04,51.54,27.73
56017,2.924,5.077,,,,,,,0.8973,0.8134,0.7189,0.5894,1.066,1.11,1.066,1.156,1.159,1.336,1.136,1.296,1.045,1.075,0.9533,0.9267,0.9925,0.9901,3.418,4.18,2.729,3.378,,,1.972,16.03,22.66,0.0574,0.07815,0.09478,49.88,33.69,29.71,57.06,54.39,52.88,11.13
56019,2.631,4.287,,,,,,,0.896,0.8102,0.7529,0.6315,1.057,1.136,1.076,1.191,1.127,1.249,1.126,1.246,1.027,1.05,0.9661,0.947,0.994,0.9932,2.671,3.195,2.487,3.062,,,3.531,20.49,27.69,0.05137,0.09215,0.1183,52.6,37.13,33.42,52.03,50.26,49.27,15.78
56021,3.776,7.377,,,,,,,0.8809,0.7768,0.6736,0.5557,1.056,1.09,1.049,1.098,1.152,1.25,1.106,1.201,1.017,1.033,0.9377,0.9278,0.9922,0.9925,3.751,4.838,2.717,3.407,1.401,1.313,1.4,13.56,21.47,0.06979,0.15,0.1479,32.58,21.19,18.73,50.85,47.68,47.18,10.28
56023,,,,,,,,,0.9014,0.8257,0.7315,0.5676,1.05,1.118,1.041,1.124,1.157,1.39,1.207,1.448,1.038,1.081,1.015,0.9807,0.9939,0.9893,,,,,,,0.003261,1.247,3.443,0.02672,0.04627,0.05586,87.29,62.16,55.11,47.29,47.99,46.38,0.3911
56025,3.866,7.339,,,,,,,0.8847,0.7894,0.6758,0.552,1.057,1.158,1.051,1.201,1.138,1.296,1.166,1.299,1.028,1.062,0.9626,0.9446,0.993,0.9918,3.564,4.447,2.592,3.223,,,1.592,14.52,22.04,0.05402,0.09338,0.1076,50.42,33.18,29.38,56.3,54.19,53.18,11.36
56027,2.172,3.228,3.891,7.893,,,,,0.8923,0.8013,0.6647,0.5356,1.069,1.121,1.119,1.125,1.151,1.256,1.11,1.264,1.023,1.033,0.9316,0.9173,0.9937,0.9933,2.23,2.622,2.138,2.573,1.25,1.281,8.172,33.06,43.32,0.07925,0.1194,0.13,37.03,24.87,22.38,54.3,50.59,49.81,27.09
56029,,,,,,,,,0.8981,0.8194,0.7621,0.6292,1.066,1.115,1.062,1.149,1.219,1.41,1.225,1.385,1.047,1.072,0.9723,0.9536,0.9888,0.9858,4.831,6.645,3.31,4.416,1.184,1.243,0.3142,3.643,5.975,0.1035,0.1434,0.1556,86.42,65.65,59.55,43.28,42.08,41.27,2.353
56031,2.753,4.589,,,,,,,0.8733,0.7663,0.6659,0.5446,1.09,1.14,1.13,1.16,1.198,1.322,1.154,1.277,1.031,1.059,0.9389,0.92,0.9914,0.9915,2.708,3.256,2.39,2.912,1.377,1.302,3.882,24.95,34.78,0.08563,0.2181,0.194,28.54,17.78,15.85,53.89,50.59,49.58,20.3
56033,2.355,3.723,,,,,,,0.9012,0.8199,0.752,0.624,1.048,1.101,1.057,1.124,1.156,1.262,1.16,1.284,1.032,1.048,1.003,0.9895,0.9944,0.9936,2.562,3.054,2.522,3.136,1.198,1.248,4.746,22.39,29.78,0.08574,0.1344,0.1459,57.32,42.14,38.58,43.08,43.21,42.62,16.22
56035,,,,,,,,,0.9074,0.8396,0.7681,0.6156,1.055,1.124,1.036,1.128,1.164,1.409,1.175,1.415,1.033,1.085,0.9957,0.9634,0.9919,0.9882,,,,,,,0.0002243,0.3705,1.295,0.04571,0.06635,0.08167,97.53,72.32,65.07,48.94,48.73,47.15,0.106
56037,,,,,,,,,0.8904,0.7995,0.6484,0.4783,1.054,1.125,1.058,1.156,1.113,1.282,1.134,1.312,1.034,1.064,0.9737,0.9478,0.995,0.9925,11.95,16.71,4.573,6.056,,,0.07817,5.131,10.73,0.007587,0.0113,0.01544,59.13,37.56,32.29,66.89,65.13,63.39,2.318
56039,,,,,,,,,0.9048,0.8328,0.7705,0.6234,1.07,1.121,1.067,1.138,1.282,1.525,1.307,1.578,1.043,1.076,1.016,0.9997,0.9867,0.9825,,,,,1.21,1.319,0.0008414,0.1305,0.4373,0.09962,0.1533,0.1866,110.9,86.62,78.33,32.05,32.57,32.04,0.06325
56041,,,,,,,,,0.8937,0.8056,0.6426,0.4587,1.054,1.101,1.055,1.111,1.128,1.241,1.138,1.313,1.027,1.058,1.022,0.9874,0.9967,0.9941,,,,,,,0.00662,1.371,3.787,0.007954,0.01059,0.01763,62.98,41.43,35.77,52.91,54.07,52.24,0.5352
56043,2.745,4.473,,,,,,,0.9007,0.8185,0.7268,0.6064,1.076,1.119,1.096,1.152,1.159,1.294,1.137,1.278,1.042,1.066,0.9693,0.9532,0.9931,0.9918,2.754,3.271,2.436,2.994,,,3.616,24.4,33.31,0.03469,0.04076,0.06054,50.64,33.07,28.99,58.05,56.26,55.33,18.1
56045,2.213,3.361,3.994,8.402,,,,,0.8985,0.8102,0.6649,0.5165,1.027,1.085,1.026,1.111,1.112,1.179,1.101,1.195,1.017,1.03,0.9414,0.9256,0.9935,0.9933,2.361,2.775,2.166,2.594,,,6.913,31.14,40.7,0.03485,0.06124,0.08509,42.82,29.99,26.79,55.32,52.08,51.21,23.93
60010,,,,,,,,,,,,,,,,,,,,,,,,,1.017,1.016,,,1.122,1.168,1.025,1.056,0,0,0,3.54,3.87,4.31,0,0,0,,,,0
60020,,,,,,,,,,,,,,,,,,,,,,,,,1.017,1.016,,,1.122,1.168,1.025,1.056,0,0,0,3.54,3.87,4.31,0,0,0,,,,0
60050,,,,,,,,,,,,,,,,,,,,,,,,,1.017,1.016,,,1.122,1.168,1.025,1.056,0,0,0,3.54,3.87,4.31,0,0,0,,,,0
66010,,,,,,,,,,,,,,,,,,,,,,,,,0.9499,0.9231,,,1.132,1.179,1.075,1.124,0,0,0,2.25,2.5,2.84,0,0,0,,,,0
69100,,,,,,,,,,,,,,,,,,,,,,,,,0.9517,0.9445,,,1.139,1.187,1.079,1.133,0,0,0,1.95,2.17,2.43,0,0,0,,,,0
69110,,,,,,,,,,,,,,,,,,,,,,,,,0.9517,0.9445,,,1.139,1.187,1.079,1.133,0,0,0,1.95,2.17,2.43,0,0,0,,,,0
69120,,,,,,,,,,,,,,,,,,,,,,,,,0.9517,0.9445,,,1.139,1.187,1.079,1.133,0,0,0,1.95,2.17,2.43,0,0,0,,,,0
72001,,,,,,,,,,,,,,,,,,,,,,,,,1.054,1.078,,,1.158,1.217,0.9145,0.9145,0,0,0.02,0.14,0.14,0.14,0,0,0,,,,0.07
72003,,,,,,,,,,,,,,,,,,,,,,,,,1.054,1.078,,,1.158,1.217,0.9145,0.9145,0,0,0.02,0.14,0.14,0.14,0,0,0,,,,0.07
72005,,,,,,,,,,,,,,,,,,,,,,,,,1.054,1.078,,,1.158,1.217,0.9145,0.9145,0,0,0.02,0.14,0.14,0.14,0,0,0,,,,0.07
72007,,,,,,,,,,,,,,,,,,,,,,,,,1.052,1.073,,,1.162,1.225,0.9009,0.9189,0,0,0.02,0.13,0.13,0.14,0,0,0,,,,0.07
72009,,,,,,,,,,,,,,,,,,,,,,,,,1.052,1.073,,,1.162,1.225,0.9009,0.9189,0,0,0.02,0.13,0.13,0.14,0,0,0,,,,0.07
72011,,,,,,,,,,,,,,,,,,,,,,,,,1.054,1.078,,,1.158,1.217,0.9145,0.9145,0,0,0.02,0.14,0.14,0.14,0,0,0,,,,0.07
72013,,,,,,,,,,,,,,,,,,,,,,,,,1.054,1.078,,,1.158,1.217,0.9145,0.9145,0,0,0.02,0.14,0.14,0.14,0,0,0,,,,0.07
72015,,,,,,,,,,,,,,,,,,,,,,,,,1.052,1.073,,,1.162,1.225,0.9009,0.9189,0,0,0.02,0.13,0.13,0.14,0,0,0,,,,0.07
72017,,,,,,,,,,,,,,,,,,,,,,,,,1.054,1.078,,,1.158,1.217,0.9145,0.9145,0,0,0.02,0.14,0.14,0.14,0,0,0,,,,0.07
72019,,,,,,,,,,,,,,,,,,,,,,,,,1.052,1.073,,,1.162,1.225,0.9009,0.9189,0,0,0.02,0.13,0.13,0.14,0,0,0,,,,0.07
72021,,,,,,,,,,,,,,,,,,,,,,,,,1.052,1.073,,,1.162,1.225,0.9009,0.9189,0,0,0.02,0.13,0.13,0.14,0,0,0,,,,0.07
72023,,,,,,,,,,,,,,,,,,,,,,,,,1.054,1.078,,,1.158,1.217,0.9145,0.9145,0,0,0.02,0.14,0.14,0.14,0,0,0,,,,0.07
72025,,,,,,,,,,,,,,,,,,,,,,,,,1.052,1.073,,,1.162,1.225,0.9009,0.9189,0,0,0.02,0.13,0.13,0.14,0,0,0,,,,0.07
72027,,,,,,,,,,,,,,,,,,,,,,,,,1.054,1.078,,,1.158,1.217,0.9145,0.9145,0,0,0.02,0.14,0.14,0.14,0,0,0,,,,0.07
72029,,,,,,,,,,,,,,,,,,,,,,,,,1.052,1.073,,,1.162,1.225,0.9009,0.9189,0,0,0.02,0.13,0.13,0.14,0,0,0,,,,0.07
72031,,,,,,,,,,,,,,,,,,,,,,,,,1.052,1.073,,,1.162,1.225,0.9009,0.9189,0,0,0.02,0.13,0.13,0.14,0,0,0,,,,0.07
72033,,,,,,,,,,,,,,,,,,,,,,,,,1.052,1.073,,,1.162,1.225,0.9009,0.9189,0,0,0.02,0.13,0.13,0.14,0,0,0,,,,0.07
72035,,,,,,,,,,,,,,,,,,,,,,,,,1.052,1.073,,,1.162,1.225,0.9009,0.9189,0,0,0.02,0.13,0.13,0.14,0,0,0,,,,0.07
72037,,,,,,,,,,,,,,,,,,,,,,,,,1.052,1.073,,,1.162,1.225,0.9009,0.9189,0,0,0.02,0.13,0.13,0.14,0,0,0,,,,0.07
72039,,,,,,,,,,,,,,,,,,,,,,,,,1.052,1.073,,,1.162,1.225,0.9009,0.9189,0,0,0.02,0.13,0.13,0.14,0,0,0,,,,0.07
72041,,,,,,,,,,,,,,,,,,,,,,,,,1.052,1.073,,,1.162,1.225,0.9009,0.9189,0,0,0.02,0.13,0.13,0.14,0,0,0,,,,0.07
72043,,,,,,,,,,,,,,,,,,,,,,,,,1.052,1.073,,,1.162,1.225,0.9009,0.9189,0,0,0.02,0.13,0.13,0.14,0,0,0,,,,0.07
72045,,,,,,,,,,,,,,,,,,,,,,,,,1.052,1.073,,,1.162,1.225,0.9009,0.9189,0,0,0.02,0.13,0.13,0.14,0,0,0,,,,0.07
72047,,,,,,,,,,,,,,,,,,,,,,,,,1.052,1.073,,,1.162,1.225,0.9009,0.9189,0,0,0.02,0.13,0.13,0.14,0,0,0,,,,0.07
72049,,,,,,,,,,,,,,,,,,,,,,,,,1.052,1.073,,,1.162,1.225,0.9009,0.9189,0,0,0.02,0.13,0.13,0.14,0,0,0,,,,0.07
72051,,,,,,,,,,,,,,,,,,,,,,,,,1.052,1.073,,,1.162,1.225,0.9009,0.9189,0,0,0.02,0.13,0.13,0.14,0,0,0,,,,0.07
72053,,,,,,,,,,,,,,,,,,,,,,,,,1.052,1.073,,,1.162,1.225,0.9009,0.9189,0,0,0.02,0.13,0.13,0.14,0,0,0,,,,0.07
72054,,,,,,,,,,,,,,,,,,,,,,,,,1.054,1.078,,,1.158,1.217,0.9145,0.9145,0,0,0.02,0.14,0.14,0.14,0,0,0,,,,0.07
72055,,,,,,,,,,,,,,,,,,,,,,,,,1.054,1.078,,,1.158,1.217,0.9145,0.9145,0,0,0.02,0.14,0.14,0.14,0,0,0,,,,0.07
72057,,,,,,,,,,,,,,,,,,,,,,,,,1.052,1.073,,,1.162,1.225,0.9009,0.9189,0,0,0.02,0.13,0.13,0.14,0,0,0,,,,0.07
72059,,,,,,,,,,,,,,,,,,,,,,,,,1.054,1.078,,,1.158,1.217,0.9145,0.9145,0,0,0.02,0.14,0.14,0.14,0,0,0,,,,0.07
72061,,,,,,,,,,,,,,,,,,,,,,,,,1.052,1.073,,,1.162,1.225,0.9009,0.9189,0,0,0.02,0.13,0.13,0.14,0,0,0,,,,0.07
72063,,,,,,,,,,,,,,,,,,,,,,,,,1.052,1.073,,,1.162,1.225,0.9009,0.9189,0,0,0.02,0.13,0.13,0.14,0,0,0,,,,0.07
72065,,,,,,,,,,,,,,,,,,,,,,,,,1.054,1.078,,,1.158,1.217,0.9145,0.9145,0,0,0.02,0.14,0.14,0.14,0,0,0,,,,0.07
72067,,,,,,,,,,,,,,,,,,,,,,,,,1.054,1.078,,,1.158,1.217,0.9145,0.9145,0,0,0.02,0.14,0.14,0.14,0,0,0,,,,0.07
72069,,,,,,,,,,,,,,,,,,,,,,,,,1.052,1.073,,,1.162,1.225,0.9009,0.9189,0,0,0.02,0.13,0.13,0.14,0,0,0,,,,0.07
72071,,,,,,,,,,,,,,,,,,,,,,,,,1.054,1.078,,,1.158,1.217,0.9145,0.9145,0,0,0.02,0.14,0.14,0.14,0,0,0,,,,0.07
72073,,,,,,,,,,,,,,,,,,,,,,,,,1.054,1.078,,,1.158,1.217,0.9145,0.9145,0,0,0.02,0.14,0.14,0.14,0,0,0,,,,0.07
72075,,,,,,,,,,,,,,,,,,,,,,,,,1.052,1.073,,,1.162,1.225,0.9009,0.9189,0,0,0.02,0.13,0.13,0.14,0,0,0,,,,0.07
72077,,,,,,,,,,,,,,,,,,,,,,,,,1.052,1.073,,,1.162,1.225,0.9009,0.9189,0,0,0.02,0.13,0.13,0.14,0,0,0,,,,0.07
72079,,,,,,,,,,,,,,,,,,,,,,,,,1.054,1.078,,,1.158,1.217,0.9145,0.9145,0,0,0.02,0.14,0.14,0.14,0,0,0,,,,0.07
72081,,,,,,,,,,,,,,,,,,,,,,,,,1.054,1.078,,,1.158,1.217,0.9145,0.9145,0,0,0.02,0.14,0.14,0.14,0,0,0,,,,0.07
72083,,,,,,,,,,,,,,,,,,,,,,,,,1.054,1.078,,,1.158,1.217,0.9145,0.9145,0,0,0.02,0.14,0.14,0.14,0,0,0,,,,0.07
72085,,,,,,,,,,,,,,,,,,,,,,,,,1.052,1.073,,,1.162,1.225,0.9009,0.9189,0,0,0.02,0.13,0.13,0.14,0,0,0,,,,0.07
72087,,,,,,,,,,,,,,,,,,,,,,,,,1.052,1.073,,,1.162,1.225,0.9009,0.9189,0,0,0.02,0.13,0.13,0.14,0,0,0,,,,0.07
72089,,,,,,,,,,,,,,,,,,,,,,,,,1.052,1.073,,,1.162,1.225,0.9009,0.9189,0,0,0.02,0.13,0.13,0.14,0,0,0,,,,0.07
72091,,,,,,,,,,,,,,,,,,,,,,,,,1.052,1.073,,,1.162,1.225,0.9009,0.9189,0,0,0.02,0.13,0.13,0.14,0,0,0,,,,0.07
72093,,,,,,,,,,,,,,,,,,,,,,,,,1.054,1.078,,,1.158,1.217,0.9145,0.9145,0,0,0.02,0.14,0.14,0.14,0,0,0,,,,0.07
72095,,,,,,,,,,,,,,,,,,,,,,,,,1.052,1.073,,,1.162,1.225,0.9009,0.9189,0,0,0.02,0.13,0.13,0.14,0,0,0,,,,0.07
72097,,,,,,,,,,,,,,,,,,,,,,,,,1.054,1.078,,,1.158,1.217,0.9145,0.9145,0,0,0.02,0.14,0.14,0.14,0,0,0,,,,0.07
72099,,,,,,,,,,,,,,,,,,,,,,,,,1.054,1.078,,,1.158,1.217,0.9145,0.9145,0,0,0.02,0.14,0.14,0.14,0,0,0,,,,0.07
72101,,,,,,,,,,,,,,,,,,,,,,,,,1.052,1.073,,,1.162,1.225,0.9009,0.9189,0,0,0.02,0.13,0.13,0.14,0,0,0,,,,0.07
72103,,,,,,,,,,,,,,,,,,,,,,,,,1.052,1.073,,,1.162,1.225,0.9009,0.9189,0,0,0.02,0.13,0.13,0.14,0,0,0,,,,0.07
72105,,,,,,,,,,,,,,,,,,,,,,,,,1.052,1.073,,,1.162,1.225,0.9009,0.9189,0,0,0.02,0.13,0.13,0.14,0,0,0,,,,0.07
72107,,,,,,,,,,,,,,,,,,,,,,,,,1.052,1.073,,,1.162,1.225,0.9009,0.9189,0,0,0.02,0.13,0.13,0.14,0,0,0,,,,0.07
72109,,,,,,,,,,,,,,,,,,,,,,,,,1.052,1.073,,,1.162,1.225,0.9009,0.9189,0,0,0.02,0.13,0.13,0.14,0,0,0,,,,0.07
72111,,,,,,,,,,,,,,,,,,,,,,,,,1.054,1.078,,,1.158,1.217,0.9145,0.9145,0,0,0.02,0.14,0.14,0.14,0,0,0,,,,0.07
72113,,,,,,,,,,,,,,,,,,,,,,,,,1.054,1.078,,,1.158,1.217,0.9145,0.9145,0,0,0.02,0.14,0.14,0.14,0,0,0,,,,0.07
72115,,,,,,,,,,,,,,,,,,,,,,,,,1.054,1.078,,,1.158,1.217,0.9145,0.9145,0,0,0.02,0.14,0.14,0.14,0,0,0,,,,0.07
72117,,,,,,,,,,,,,,,,,,,,,,,,,1.054,1.078,,,1.158,1.217,0.9145,0.9145,0,0,0.02,0.14,0.14,0.14,0,0,0,,,,0.07
72119,,,,,,,,,,,,,,,,,,,,,,,,,1.052,1.073,,,1.162,1.225,0.9009,0.9189,0,0,0.02,0.13,0.13,0.14,0,0,0,,,,0.07
72121,,,,,,,,,,,,,,,,,,,,,,,,,1.054,1.078,,,1.158,1.217,0.9145,0.9145,0,0,0.02,0.14,0.14,0.14,0,0,0,,,,0.07
72123,,,,,,,,,,,,,,,,,,,,,,,,,1.052,1.073,,,1.162,1.225,0.9009,0.9189,0,0,0.02,0.13,0.13,0.14,0,0,0,,,,0.07
72125,,,,,,,,,,,,,,,,,,,,,,,,,1.054,1.078,,,1.158,1.217,0.9145,0.9145,0,0,0.02,0.14,0.14,0.14,0,0,0,,,,0.07
72127,,,,,,,,,,,,,,,,,,,,,,,,,1.052,1.073,,,1.162,1.225,0.9009,0.9189,0,0,0.02,0.13,0.13,0.14,0,0,0,,,,0.07
72129,,,,,,,,,,,,,,,,,,,,,,,,,1.052,1.073,,,1.162,1.225,0.9009,0.9189,0,0,0.02,0.13,0.13,0.14,0,0,0,,,,0.07
72131,,,,,,,,,,,,,,,,,,,,,,,,,1.054,1.078,,,1.158,1.217,0.9145,0.9145,0,0,0.02,0.14,0.14,0.14,0,0,0,,,,0.07
72133,,,,,,,,,,,,,,,,,,,,,,,,,1.052,1.073,,,1.162,1.225,0.9009,0.9189,0,0,0.02,0.13,0.13,0.14,0,0,0,,,,0.07
72135,,,,,,,,,,,,,,,,,,,,,,,,,1.052,1.073,,,1.162,1.225,0.9009,0.9189,0,0,0.02,0.13,0.13,0.14,0,0,0,,,,0.07
72137,,,,,,,,,,,,,,,,,,,,,,,,,1.052,1.073,,,1.162,1.225,0.9009,0.9189,0,0,0.02,0.13,0.13,0.14,0,0,0,,,,0.07
72139,,,,,,,,,,,,,,,,,,,,,,,,,1.052,1.073,,,1.162,1.225,0.9009,0.9189,0,0,0.02,0.13,0.13,0.14,0,0,0,,,,0.07
72141,,,,,,,,,,,,,,,,,,,,,,,,,1.054,1.078,,,1.158,1.217,0.9145,0.9145,0,0,0.02,0.14,0.14,0.14,0,0,0,,,,0.07
72143,,,,,,,,,,,,,,,,,,,,,,,,,1.052,1.073,,,1.162,1.225,0.9009,0.9189,0,0,0.02,0.13,0.13,0.14,0,0,0,,,,0.07
72145,,,,,,,,,,,,,,,,,,,,,,,,,1.052,1.073,,,1.162,1.225,0.9009,0.9189,0,0,0.02,0.13,0.13,0.14,0,0,0,,,,0.07
72147,,,,,,,,,,,,,,,,,,,,,,,,,1.052,1.073,,,1.162,1.225,0.9009,0.9189,0,0,0.02,0.13,0.13,0.14,0,0,0,,,,0.07
72149,,,,,,,,,,,,,,,,,,,,,,,,,1.052,1.073,,,1.162,1.225,0.9009,0.9189,0,0,0.02,0.13,0.13,0.14,0,0,0,,,,0.07
72151,,,,,,,,,,,,,,,,,,,,,,,,,1.052,1.073,,,1.162,1.225,0.9009,0.9189,0,0,0.02,0.13,0.13,0.14,0,0,0,,,,0.07
72153,,,,,,,,,,,,,,,,,,,,,,,,,1.054,1.078,,,1.158,1.217,0.9145,0.9145,0,0,0.02,0.14,0.14,0.14,0,0,0,,,,0.07
78010,,,,,,,,,,,,,,,,,,,,,,,,,1.05,1.073,,,1.158,1.218,0.9259,0.9167,0,0,0.02,0.14,0.14,0.13,0,0,0,,,,0.07
78020,,,,,,,,,,,,,,,,,,,,,,,,,1.05,1.073,,,1.158,1.218,0.9259,0.9167,0,0,0.02,0.14,0.14,0.13,0,0,0,,,,0.07
78030,,,,,,,,,,,,,,,,,,,,,,,,,1.05,1.073,,,1.158,1.218,0.9259,0.9167,0,0,0.02,0.14,0.14,0.13,0,0,0,,,,0.07
