fips,name,name_full,state_abbr,state_name,lat,lon,land_sqmi,nca_region
01001,Autauga,Autauga County,AL,Alabama,32.5322,-86.6464,594.5,southeast
01003,Baldwin,Baldwin County,AL,Alabama,30.6592,-87.7461,1590,southeast
01005,Barbour,Barbour County,AL,Alabama,31.8703,-85.4051,885,southeast
01007,Bibb,Bibb County,AL,Alabama,33.0159,-87.1271,622.5,southeast
01009,Blount,Blount County,AL,Alabama,33.9774,-86.5664,644.9,southeast
01011,Bullock,Bullock County,AL,Alabama,32.1018,-85.7173,622.8,southeast
01013,Butler,Butler County,AL,Alabama,31.7517,-86.682,776.8,southeast
01015,Calhoun,Calhoun County,AL,Alabama,33.7705,-85.8279,605.9,southeast
01017,Chambers,Chambers County,AL,Alabama,32.9155,-85.394,596.6,southeast
01019,Cherokee,Cherokee County,AL,Alabama,34.0695,-85.6542,553.5,southeast
01021,Chilton,Chilton County,AL,Alabama,32.8541,-86.7266,692.8,southeast
01023,Choctaw,Choctaw County,AL,Alabama,31.991,-88.2489,913.5,southeast
01025,Clarke,Clarke County,AL,Alabama,31.6855,-87.8186,1238,southeast
01027,Clay,Clay County,AL,Alabama,33.2704,-85.8635,604,southeast
01029,Cleburne,Cleburne County,AL,Alabama,33.672,-85.5161,560.1,southeast
01031,Coffee,Coffee County,AL,Alabama,31.4023,-85.9896,679,southeast
01033,Colbert,Colbert County,AL,Alabama,34.7031,-87.8015,593,southeast
01035,Conecuh,Conecuh County,AL,Alabama,31.4309,-86.9887,850.3,southeast
01037,Coosa,Coosa County,AL,Alabama,32.9314,-86.2435,650.9,southeast
01039,Covington,Covington County,AL,Alabama,31.244,-86.4487,1031,southeast
01041,Crenshaw,Crenshaw County,AL,Alabama,31.7303,-86.32,608.9,southeast
01043,Cullman,Cullman County,AL,Alabama,34.1319,-86.8693,734.7,southeast
01045,Dale,Dale County,AL,Alabama,31.4307,-85.6095,561.1,southeast
01047,Dallas,Dallas County,AL,Alabama,32.3335,-87.1144,978.7,southeast
01049,DeKalb,DeKalb County,AL,Alabama,34.4609,-85.804,777.1,southeast
01051,Elmore,Elmore County,AL,Alabama,32.5972,-86.1427,618.5,southeast
01053,Escambia,Escambia County,AL,Alabama,31.1223,-87.1684,945.4,southeast
01055,Etowah,Etowah County,AL,Alabama,34.0476,-86.0343,535.1,southeast
01057,Fayette,Fayette County,AL,Alabama,33.7162,-87.7643,627.7,southeast
01059,Franklin,Franklin County,AL,Alabama,34.442,-87.8428,634,southeast
01061,Geneva,Geneva County,AL,Alabama,31.0924,-85.821,574.5,southeast
01063,Greene,Greene County,AL,Alabama,32.8445,-87.9642,647,southeast
01065,Hale,Hale County,AL,Alabama,32.7528,-87.6231,644,southeast
01067,Henry,Henry County,AL,Alabama,31.517,-85.24,561.9,southeast
01069,Houston,Houston County,AL,Alabama,31.1582,-85.2964,579.8,southeast
01071,Jackson,Jackson County,AL,Alabama,34.7641,-85.9801,1078,southeast
01073,Jefferson,Jefferson County,AL,Alabama,33.5534,-86.8965,1112,southeast
01075,Lamar,Lamar County,AL,Alabama,33.7871,-88.0874,604.8,southeast
01077,Lauderdale,Lauderdale County,AL,Alabama,34.9042,-87.6511,668,southeast
01079,Lawrence,Lawrence County,AL,Alabama,34.5298,-87.3219,690.7,southeast
01081,Lee,Lee County,AL,Alabama,32.6041,-85.353,607.6,southeast
01083,Limestone,Limestone County,AL,Alabama,34.8102,-86.9814,563.4,southeast
01085,Lowndes,Lowndes County,AL,Alabama,32.1479,-86.6506,716.1,southeast
01087,Macon,Macon County,AL,Alabama,32.387,-85.6929,608.7,southeast
01089,Madison,Madison County,AL,Alabama,34.7642,-86.5511,801.6,southeast
01091,Marengo,Marengo County,AL,Alabama,32.2476,-87.7911,976.9,southeast
01093,Marion,Marion County,AL,Alabama,34.1382,-87.8816,742.3,southeast
01095,Marshall,Marshall County,AL,Alabama,34.3096,-86.3217,565.9,southeast
01097,Mobile,Mobile County,AL,Alabama,30.6846,-88.1966,1229,southeast
01099,Monroe,Monroe County,AL,Alabama,31.5804,-87.3833,1026,southeast
01101,Montgomery,Montgomery County,AL,Alabama,32.2029,-86.2045,785.4,southeast
01103,Morgan,Morgan County,AL,Alabama,34.4545,-86.8464,579.7,southeast
01105,Perry,Perry County,AL,Alabama,32.639,-87.2938,719.7,southeast
01107,Pickens,Pickens County,AL,Alabama,33.2968,-88.0969,881.4,southeast
01109,Pike,Pike County,AL,Alabama,31.7987,-85.9416,672.1,southeast
01111,Randolph,Randolph County,AL,Alabama,33.2965,-85.4641,580.5,southeast
01113,Russell,Russell County,AL,Alabama,32.2898,-85.187,641.2,southeast
01115,St. Clair,St. Clair County,AL,Alabama,33.7195,-86.3113,631.6,southeast
01117,Shelby,Shelby County,AL,Alabama,33.2669,-86.661,785.5,southeast
01119,Sumter,Sumter County,AL,Alabama,32.5975,-88.2001,903.8,southeast
01121,Talladega,Talladega County,AL,Alabama,33.3693,-86.1759,736.8,southeast
01123,Tallapoosa,Tallapoosa County,AL,Alabama,32.8633,-85.7996,716.5,southeast
01125,Tuscaloosa,Tuscaloosa County,AL,Alabama,33.2902,-87.5228,1321,southeast
01127,Walker,Walker County,AL,Alabama,33.7916,-87.3011,791,southeast
01129,Washington,Washington County,AL,Alabama,31.4085,-88.2124,1080,southeast
01131,Wilcox,Wilcox County,AL,Alabama,31.9901,-87.3049,887.9,southeast
01133,Winston,Winston County,AL,Alabama,34.1546,-87.3653,613,southeast
02013,Aleutians East,Aleutians East Borough,AK,Alaska,55.245,-161.9975,6986,alaska
02016,Aleutians West,Aleutians West Census Area,AK,Alaska,51.949,179.6212,4393,alaska
02020,Anchorage,Anchorage Municipality,AK,Alaska,61.1743,-149.2843,1707,alaska
02050,Bethel,Bethel Census Area,AK,Alaska,60.9291,-160.1526,40660,alaska
02060,Bristol Bay,Bristol Bay Borough,AK,Alaska,58.7305,-156.9945,481.4,alaska
02063,Chugach,Chugach Census Area,AK,Alaska,60.4885,-146.2031,9575,alaska
02066,Copper River,Copper River Census Area,AK,Alaska,62.0345,-143.9222,24650,alaska
02068,Denali,Denali Borough,AK,Alaska,63.682,-150.027,12640,alaska
02070,Dillingham,Dillingham Census Area,AK,Alaska,59.5433,-158.2671,18340,alaska
02090,Fairbanks North Star,Fairbanks North Star Borough,AK,Alaska,64.6705,-146.4961,7335,alaska
02100,Haines,Haines Borough,AK,Alaska,59.0984,-135.5758,2335,alaska
02105,Hoonah-Angoon,Hoonah-Angoon Census Area,AK,Alaska,58.4033,-135.8849,6560,alaska
02110,Juneau,Juneau City and Borough,AK,Alaska,58.3729,-134.1784,2703,alaska
02122,Kenai Peninsula,Kenai Peninsula Borough,AK,Alaska,60.3667,-152.3223,16020,alaska
02130,Ketchikan Gateway,Ketchikan Gateway Borough,AK,Alaska,55.4499,-131.1067,4857,alaska
02150,Kodiak Island,Kodiak Island Borough,AK,Alaska,57.7044,-153.9184,6689,alaska
02158,Kusilvak,Kusilvak Census Area,AK,Alaska,62.2836,-163.1902,17080,alaska
02164,Lake and Peninsula,Lake and Peninsula Borough,AK,Alaska,58.1085,-156.4134,23830,alaska
02170,Matanuska-Susitna,Matanuska-Susitna Borough,AK,Alaska,62.2656,-149.504,24710,alaska
02180,Nome,Nome Census Area,AK,Alaska,64.7837,-164.1889,22970,alaska
02185,North Slope,North Slope Borough,AK,Alaska,69.4493,-153.4728,88790,alaska
02188,Northwest Arctic,Northwest Arctic Borough,AK,Alaska,67.0051,-160.0211,35670,alaska
02195,Petersburg,Petersburg Borough,AK,Alaska,57.1125,-133.0086,2901,alaska
02198,Prince of Wales-Hyder,Prince of Wales-Hyder Census Area,AK,Alaska,55.6828,-133.1624,5268,alaska
02220,Sitka,Sitka City and Borough,AK,Alaska,57.1932,-135.3674,2870,alaska
02230,Skagway,Skagway Municipality,AK,Alaska,59.5604,-135.3383,442.9,alaska
02240,Southeast Fairbanks,Southeast Fairbanks Census Area,AK,Alaska,63.865,-143.2186,24830,alaska
02275,Wrangell,Wrangell City and Borough,AK,Alaska,56.1808,-132.0268,2556,alaska
02282,Yakutat,Yakutat City and Borough,AK,Alaska,60.0175,-140.4168,7628,alaska
02290,Yukon-Koyukuk,Yukon-Koyukuk Census Area,AK,Alaska,65.3757,-151.5782,145800,alaska
04001,Apache,Apache County,AZ,Arizona,35.3851,-109.4902,11200,southwest
04003,Cochise,Cochise County,AZ,Arizona,31.8401,-109.7752,6210,southwest
04005,Coconino,Coconino County,AZ,Arizona,35.8297,-111.7737,18620,southwest
04007,Gila,Gila County,AZ,Arizona,33.7896,-110.8119,4758,southwest
04009,Graham,Graham County,AZ,Arizona,32.9318,-109.8783,4622,southwest
04011,Greenlee,Greenlee County,AZ,Arizona,33.2389,-109.2423,1843,southwest
04012,La Paz,La Paz County,AZ,Arizona,33.7276,-114.0388,4497,southwest
04013,Maricopa,Maricopa County,AZ,Arizona,33.3452,-112.4989,9202,southwest
04015,Mohave,Mohave County,AZ,Arizona,35.7177,-113.7497,13330,southwest
04017,Navajo,Navajo County,AZ,Arizona,35.3908,-110.321,9949,southwest
04019,Pima,Pima County,AZ,Arizona,32.128,-111.7837,9189,southwest
04021,Pinal,Pinal County,AZ,Arizona,32.9185,-111.3663,5367,southwest
04023,Santa Cruz,Santa Cruz County,AZ,Arizona,31.5257,-110.8452,1236,southwest
04025,Yavapai,Yavapai County,AZ,Arizona,34.6311,-112.5772,8123,southwest
04027,Yuma,Yuma County,AZ,Arizona,32.7739,-113.9109,5514,southwest
05001,Arkansas,Arkansas County,AR,Arkansas,34.2896,-91.3765,992.1,southeast
05003,Ashley,Ashley County,AR,Arkansas,33.1908,-91.7723,925.5,southeast
05005,Baxter,Baxter County,AR,Arkansas,36.2803,-92.3299,553.9,southeast
05007,Benton,Benton County,AR,Arkansas,36.3378,-94.2563,847.7,southeast
05009,Boone,Boone County,AR,Arkansas,36.3043,-93.0792,589.7,southeast
05011,Bradley,Bradley County,AR,Arkansas,33.4665,-92.1692,649.2,southeast
05013,Calhoun,Calhoun County,AR,Arkansas,33.5605,-92.5139,628.6,southeast
05015,Carroll,Carroll County,AR,Arkansas,36.3374,-93.541,629.9,southeast
05017,Chicot,Chicot County,AR,Arkansas,33.2671,-91.2972,637,southeast
05019,Clark,Clark County,AR,Arkansas,34.0533,-93.1762,866,southeast
05021,Clay,Clay County,AR,Arkansas,36.3673,-90.4187,639.2,southeast
05023,Cleburne,Cleburne County,AR,Arkansas,35.5936,-92.0089,554,southeast
05025,Cleveland,Cleveland County,AR,Arkansas,33.8932,-92.1887,597.9,southeast
05027,Columbia,Columbia County,AR,Arkansas,33.223,-93.2328,766.1,southeast
05029,Conway,Conway County,AR,Arkansas,35.2657,-92.6892,551.9,southeast
05031,Craighead,Craighead County,AR,Arkansas,35.8277,-90.6314,707.2,southeast
05033,Crawford,Crawford County,AR,Arkansas,35.583,-94.2362,595.3,southeast
05035,Crittenden,Crittenden County,AR,Arkansas,35.1976,-90.3051,611.8,southeast
05037,Cross,Cross County,AR,Arkansas,35.2857,-90.764,616.3,southeast
05039,Dallas,Dallas County,AR,Arkansas,33.9678,-92.654,667.3,southeast
05041,Desha,Desha County,AR,Arkansas,33.8288,-91.2441,741.2,southeast
05043,Drew,Drew County,AR,Arkansas,33.5872,-91.7228,828.7,southeast
05045,Faulkner,Faulkner County,AR,Arkansas,35.1465,-92.3369,647.2,southeast
05047,Franklin,Franklin County,AR,Arkansas,35.5086,-93.8877,609,southeast
05049,Fulton,Fulton County,AR,Arkansas,36.3813,-91.8193,618,southeast
05051,Garland,Garland County,AR,Arkansas,34.5789,-93.1469,677.6,southeast
05053,Grant,Grant County,AR,Arkansas,34.2856,-92.423,631.9,southeast
05055,Greene,Greene County,AR,Arkansas,36.1206,-90.5663,577.3,southeast
05057,Hempstead,Hempstead County,AR,Arkansas,33.736,-93.6644,727.2,southeast
05059,Hot Spring,Hot Spring County,AR,Arkansas,34.3152,-92.9441,614.9,southeast
05061,Howard,Howard County,AR,Arkansas,34.0831,-93.9909,587.3,southeast
05063,Independence,Independence County,AR,Arkansas,35.7375,-91.5599,763.7,southeast
05065,Izard,Izard County,AR,Arkansas,36.0949,-91.9136,580.2,southeast
05067,Jackson,Jackson County,AR,Arkansas,35.5965,-91.2232,633.6,southeast
05069,Jefferson,Jefferson County,AR,Arkansas,34.2772,-91.9297,872.3,southeast
05071,Johnson,Johnson County,AR,Arkansas,35.5734,-93.4663,661,southeast
05073,Lafayette,Lafayette County,AR,Arkansas,33.2406,-93.6115,529.5,southeast
05075,Lawrence,Lawrence County,AR,Arkansas,36.0411,-91.1012,587.5,southeast
05077,Lee,Lee County,AR,Arkansas,34.7795,-90.7797,599.8,southeast
05079,Lincoln,Lincoln County,AR,Arkansas,33.9564,-91.7424,559.5,southeast
05081,Little River,Little River County,AR,Arkansas,33.7019,-94.2363,531.3,southeast
05083,Logan,Logan County,AR,Arkansas,35.2187,-93.7209,709.1,southeast
05085,Lonoke,Lonoke County,AR,Arkansas,34.7551,-91.8941,771.7,southeast
05087,Madison,Madison County,AR,Arkansas,36.0125,-93.7241,834.2,southeast
05089,Marion,Marion County,AR,Arkansas,36.2667,-92.6786,596.6,southeast
05091,Miller,Miller County,AR,Arkansas,33.3055,-93.9015,624,southeast
05093,Mississippi,Mississippi County,AR,Arkansas,35.7669,-90.0522,902.1,southeast
05095,Monroe,Monroe County,AR,Arkansas,34.6795,-91.2033,607.5,southeast
05097,Montgomery,Montgomery County,AR,Arkansas,34.5457,-93.6642,780.5,southeast
05099,Nevada,Nevada County,AR,Arkansas,33.6667,-93.3051,617.8,southeast
05101,Newton,Newton County,AR,Arkansas,35.9107,-93.2159,821.1,southeast
05103,Ouachita,Ouachita County,AR,Arkansas,33.5912,-92.8784,732.7,southeast
05105,Perry,Perry County,AR,Arkansas,34.9464,-92.9269,551.3,southeast
05107,Phillips,Phillips County,AR,Arkansas,34.4237,-90.8556,690.4,southeast
05109,Pike,Pike County,AR,Arkansas,34.1582,-93.6587,600.3,southeast
05111,Poinsett,Poinsett County,AR,Arkansas,35.5689,-90.6811,758.3,southeast
05113,Polk,Polk County,AR,Arkansas,34.491,-94.2309,856.8,southeast
05115,Pope,Pope County,AR,Arkansas,35.4566,-93.0268,811,southeast
05117,Prairie,Prairie County,AR,Arkansas,34.8311,-91.5536,647.5,southeast
05119,Pulaski,Pulaski County,AR,Arkansas,34.7703,-92.313,758.4,southeast
05121,Randolph,Randolph County,AR,Arkansas,36.3413,-91.0284,651.9,southeast
05123,St. Francis,St. Francis County,AR,Arkansas,35.0228,-90.7515,634.8,southeast
05125,Saline,Saline County,AR,Arkansas,34.6485,-92.6745,723.5,southeast
05127,Scott,Scott County,AR,Arkansas,34.8589,-94.0636,892.9,southeast
05129,Searcy,Searcy County,AR,Arkansas,35.8964,-92.6959,665.9,southeast
05131,Sebastian,Sebastian County,AR,Arkansas,35.197,-94.275,531.2,southeast
05133,Sevier,Sevier County,AR,Arkansas,33.9949,-94.2433,563.6,southeast
05135,Sharp,Sharp County,AR,Arkansas,36.1734,-91.4711,604.6,southeast
05137,Stone,Stone County,AR,Arkansas,35.857,-92.1405,606.4,southeast
05139,Union,Union County,AR,Arkansas,33.1682,-92.5981,1039,southeast
05141,Van Buren,Van Buren County,AR,Arkansas,35.583,-92.516,709.6,southeast
05143,Washington,Washington County,AR,Arkansas,35.978,-94.2173,941.5,southeast
05145,White,White County,AR,Arkansas,35.2551,-91.753,1034,southeast
05147,Woodruff,Woodruff County,AR,Arkansas,35.1928,-91.2445,586,southeast
05149,Yell,Yell County,AR,Arkansas,34.9977,-93.4083,930.4,southeast
06001,Alameda,Alameda County,CA,California,37.6471,-121.9125,737.5,southwest
06003,Alpine,Alpine County,CA,California,38.6218,-119.7984,738.3,southwest
06005,Amador,Amador County,CA,California,38.4435,-120.6539,594.6,southwest
06007,Butte,Butte County,CA,California,39.6653,-121.6032,1637,southwest
06009,Calaveras,Calaveras County,CA,California,38.1911,-120.5541,1020,southwest
06011,Colusa,Colusa County,CA,California,39.1777,-122.2376,1151,southwest
06013,Contra Costa,Contra Costa County,CA,California,37.9195,-121.9515,716.9,southwest
06015,Del Norte,Del Norte County,CA,California,41.7499,-123.981,1006,southwest
06017,El Dorado,El Dorado County,CA,California,38.7856,-120.5342,1708,southwest
06019,Fresno,Fresno County,CA,California,36.761,-119.655,5959,southwest
06021,Glenn,Glenn County,CA,California,39.6025,-122.4017,1314,southwest
06023,Humboldt,Humboldt County,CA,California,40.7067,-123.9262,3568,southwest
06025,Imperial,Imperial County,CA,California,33.0408,-115.3554,4176,southwest
06027,Inyo,Inyo County,CA,California,36.5622,-117.4042,10200,southwest
06029,Kern,Kern County,CA,California,35.3466,-118.7295,8135,southwest
06031,Kings,Kings County,CA,California,36.0725,-119.8155,1391,southwest
06033,Lake,Lake County,CA,California,39.108,-122.7452,1255,southwest
06035,Lassen,Lassen County,CA,California,40.7153,-120.6212,4541,southwest
06037,Los Angeles,Los Angeles County,CA,California,34.1964,-118.2619,4060,southwest
06039,Madera,Madera County,CA,California,37.2098,-119.7498,2137,southwest
06041,Marin,Marin County,CA,California,38.0514,-122.7464,520.1,southwest
06043,Mariposa,Mariposa County,CA,California,37.5743,-119.9117,1449,southwest
06045,Mendocino,Mendocino County,CA,California,39.4324,-123.4429,3507,southwest
06047,Merced,Merced County,CA,California,37.1948,-120.7228,1938,southwest
06049,Modoc,Modoc County,CA,California,41.5929,-120.7184,3948,southwest
06051,Mono,Mono County,CA,California,37.9158,-118.8752,3049,southwest
06053,Monterey,Monterey County,CA,California,36.2401,-121.3156,3282,southwest
06055,Napa,Napa County,CA,California,38.5071,-122.3259,752,southwest
06057,Nevada,Nevada County,CA,California,39.2975,-120.7713,957.8,southwest
06059,Orange,Orange County,CA,California,33.6757,-117.7772,792.9,southwest
06061,Placer,Placer County,CA,California,39.062,-120.7227,1407,southwest
06063,Plumas,Plumas County,CA,California,39.9923,-120.8244,2553,southwest
06065,Riverside,Riverside County,CA,California,33.7298,-116.0022,7209,southwest
06067,Sacramento,Sacramento County,CA,California,38.4501,-121.3443,965.3,southwest
06069,San Benito,San Benito County,CA,California,36.6117,-121.0858,1389,southwest
06071,San Bernardino,San Bernardino County,CA,California,34.8567,-116.1816,20070,southwest
06073,San Diego,San Diego County,CA,California,33.0236,-116.7761,4210,southwest
06075,San Francisco,San Francisco County,CA,California,37.7272,-123.0322,46.69,southwest
06077,San Joaquin,San Joaquin County,CA,California,37.935,-121.2722,1392,southwest
06079,San Luis Obispo,San Luis Obispo County,CA,California,35.3882,-120.4489,3301,southwest
06081,San Mateo,San Mateo County,CA,California,37.4147,-122.3715,448.6,southwest
06083,Santa Barbara,Santa Barbara County,CA,California,34.5367,-120.0384,2734,southwest
06085,Santa Clara,Santa Clara County,CA,California,37.2216,-121.6895,1291,southwest
06087,Santa Cruz,Santa Cruz County,CA,California,37.0123,-122.0078,445.1,southwest
06089,Shasta,Shasta County,CA,California,40.7605,-122.0436,3776,southwest
06091,Sierra,Sierra County,CA,California,39.5769,-120.522,953.2,southwest
06093,Siskiyou,Siskiyou County,CA,California,41.588,-122.5333,6279,southwest
06095,Solano,Solano County,CA,California,38.2672,-121.9396,821.7,southwest
06097,Sonoma,Sonoma County,CA,California,38.5252,-122.9261,1575,southwest
06099,Stanislaus,Stanislaus County,CA,California,37.5623,-121.0028,1496,southwest
06101,Sutter,Sutter County,CA,California,39.0362,-121.7039,602.7,southwest
06103,Tehama,Tehama County,CA,California,40.1262,-122.2323,2949,southwest
06105,Trinity,Trinity County,CA,California,40.6479,-123.1147,3179,southwest
06107,Tulare,Tulare County,CA,California,36.2288,-118.7811,4824,southwest
06109,Tuolumne,Tuolumne County,CA,California,38.0214,-119.9647,2221,southwest
06111,Ventura,Ventura County,CA,California,34.3587,-119.1331,1841,southwest
06113,Yolo,Yolo County,CA,California,38.6796,-121.9027,1013,southwest
06115,Yuba,Yuba County,CA,California,39.2701,-121.3443,632,southwest
08001,Adams,Adams County,CO,Colorado,39.8743,-104.3319,1167,southwest
08003,Alamosa,Alamosa County,CO,Colorado,37.5684,-105.788,722.6,southwest
08005,Arapahoe,Arapahoe County,CO,Colorado,39.6446,-104.3317,797.9,southwest
08007,Archuleta,Archuleta County,CO,Colorado,37.2024,-107.0509,1350,southwest
08009,Baca,Baca County,CO,Colorado,37.3098,-102.5437,2555,southwest
08011,Bent,Bent County,CO,Colorado,37.9319,-103.0776,1513,southwest
08013,Boulder,Boulder County,CO,Colorado,40.095,-105.3977,726.4,southwest
08014,Broomfield,Broomfield County,CO,Colorado,39.9536,-105.0508,32.97,southwest
08015,Chaffee,Chaffee County,CO,Colorado,38.7346,-106.3,1013,southwest
08017,Cheyenne,Cheyenne County,CO,Colorado,38.8356,-102.6018,1778,southwest
08019,Clear Creek,Clear Creek County,CO,Colorado,39.6894,-105.6708,395.1,southwest
08021,Conejos,Conejos County,CO,Colorado,37.2134,-106.1764,1287,southwest
08023,Costilla,Costilla County,CO,Colorado,37.2775,-105.4289,1228,southwest
08025,Crowley,Crowley County,CO,Colorado,38.3062,-103.7727,787.4,southwest
08027,Custer,Custer County,CO,Colorado,38.102,-105.3735,738.6,southwest
08029,Delta,Delta County,CO,Colorado,38.8614,-107.865,1142,southwest
08031,Denver,Denver County,CO,Colorado,39.7619,-104.8811,153.1,southwest
08033,Dolores,Dolores County,CO,Colorado,37.7338,-108.5062,1067,southwest
08035,Douglas,Douglas County,CO,Colorado,39.3254,-104.926,840.9,southwest
08037,Eagle,Eagle County,CO,Colorado,39.627,-106.6952,1684,southwest
08039,Elbert,Elbert County,CO,Colorado,39.3152,-104.1141,1850,southwest
08041,El Paso,El Paso County,CO,Colorado,38.8274,-104.5275,2126,southwest
08043,Fremont,Fremont County,CO,Colorado,38.4552,-105.425,1534,southwest
08045,Garfield,Garfield County,CO,Colorado,39.5994,-107.9098,2947,southwest
08047,Gilpin,Gilpin County,CO,Colorado,39.8612,-105.5289,150,southwest
08049,Grand,Grand County,CO,Colorado,40.1131,-106.1108,1846,southwest
08051,Gunnison,Gunnison County,CO,Colorado,38.6705,-107.0569,3239,southwest
08053,Hinsdale,Hinsdale County,CO,Colorado,37.8115,-107.384,1117,southwest
08055,Huerfano,Huerfano County,CO,Colorado,37.6878,-104.9599,1591,southwest
08057,Jackson,Jackson County,CO,Colorado,40.6634,-106.3292,1614,southwest
08059,Jefferson,Jefferson County,CO,Colorado,39.5795,-105.2455,764.4,southwest
08061,Kiowa,Kiowa County,CO,Colorado,38.3877,-102.7568,1768,southwest
08063,Kit Carson,Kit Carson County,CO,Colorado,39.3053,-102.603,2161,southwest
08065,Lake,Lake County,CO,Colorado,39.2053,-106.3501,376.9,southwest
08067,La Plata,La Plata County,CO,Colorado,37.2874,-107.8397,1690,southwest
08069,Larimer,Larimer County,CO,Colorado,40.6581,-105.4868,2596,southwest
08071,Las Animas,Las Animas County,CO,Colorado,37.3188,-104.0441,4773,southwest
08073,Lincoln,Lincoln County,CO,Colorado,38.9937,-103.5076,2578,southwest
08075,Logan,Logan County,CO,Colorado,40.7281,-103.0905,1839,southwest
08077,Mesa,Mesa County,CO,Colorado,39.0195,-108.4606,3329,southwest
08079,Mineral,Mineral County,CO,Colorado,37.5491,-107.0032,875.8,southwest
08081,Moffat,Moffat County,CO,Colorado,40.6109,-108.2172,4743,southwest
08083,Montezuma,Montezuma County,CO,Colorado,37.338,-108.5958,2029,southwest
08085,Montrose,Montrose County,CO,Colorado,38.4075,-108.2663,2241,southwest
08087,Morgan,Morgan County,CO,Colorado,40.2632,-103.8122,1280,southwest
08089,Otero,Otero County,CO,Colorado,37.8842,-103.7213,1262,southwest
08091,Ouray,Ouray County,CO,Colorado,38.1547,-107.7885,540.7,southwest
08093,Park,Park County,CO,Colorado,39.1189,-105.7176,2194,southwest
08095,Phillips,Phillips County,CO,Colorado,40.5947,-102.3451,687.9,southwest
08097,Pitkin,Pitkin County,CO,Colorado,39.2175,-106.9162,970.7,southwest
08099,Prowers,Prowers County,CO,Colorado,37.9584,-102.3918,1638,southwest
08101,Pueblo,Pueblo County,CO,Colorado,38.1628,-104.4847,2387,southwest
08103,Rio Blanco,Rio Blanco County,CO,Colorado,39.9726,-108.2007,3221,southwest
08105,Rio Grande,Rio Grande County,CO,Colorado,37.4859,-106.4531,912,southwest
08107,Routt,Routt County,CO,Colorado,40.4837,-106.9877,2362,southwest
08109,Saguache,Saguache County,CO,Colorado,38.0317,-106.2347,3169,southwest
08111,San Juan,San Juan County,CO,Colorado,37.781,-107.6703,387.5,southwest
08113,San Miguel,San Miguel County,CO,Colorado,38.0093,-108.4273,1287,southwest
08115,Sedgwick,Sedgwick County,CO,Colorado,40.8716,-102.3554,548,southwest
08117,Summit,Summit County,CO,Colorado,39.621,-106.1376,608.3,southwest
08119,Teller,Teller County,CO,Colorado,38.87,-105.1874,557.1,southwest
08121,Washington,Washington County,CO,Colorado,39.9658,-103.2097,2518,southwest
08123,Weld,Weld County,CO,Colorado,40.556,-104.3837,3985,southwest
08125,Yuma,Yuma County,CO,Colorado,40.0008,-102.4216,2364,southwest
09110,Capitol,Capitol Planning Region,CT,Connecticut,41.817,-72.5759,1027,northeast
09120,Greater Bridgeport,Greater Bridgeport Planning Region,CT,Connecticut,41.1846,-73.2094,140.2,northeast
09130,Lower Connecticut River Valley,Lower Connecticut River Valley Planning Region,CT,Connecticut,41.4203,-72.4935,424.1,northeast
09140,Naugatuck Valley,Naugatuck Valley Planning Region,CT,Connecticut,41.5189,-73.0879,412.8,northeast
09150,Northeastern Connecticut,Northeastern Connecticut Planning Region,CT,Connecticut,41.8424,-71.9727,553.9,northeast
09160,Northwest Hills,Northwest Hills Planning Region,CT,Connecticut,41.8548,-73.2215,786.6,northeast
09170,South Central Connecticut,South Central Connecticut Planning Region,CT,Connecticut,41.2902,-72.837,367.3,northeast
09180,Southeastern Connecticut,Southeastern Connecticut Planning Region,CT,Connecticut,41.4848,-72.1017,598.1,northeast
09190,Western Connecticut,Western Connecticut Planning Region,CT,Connecticut,41.2791,-73.4466,532.1,northeast
10001,Kent,Kent County,DE,Delaware,39.0971,-75.503,586.1,northeast
10003,New Castle,New Castle County,DE,Delaware,39.5759,-75.6441,426.3,northeast
10005,Sussex,Sussex County,DE,Delaware,38.6732,-75.337,936.1,northeast
11001,District of Columbia,District of Columbia,DC,District of Columbia,38.9042,-77.0165,61.13,northeast
12001,Alachua,Alachua County,FL,Florida,29.6757,-82.3572,875.6,southeast
12003,Baker,Baker County,FL,Florida,30.3244,-82.3023,585.2,southeast
12005,Bay,Bay County,FL,Florida,30.1591,-85.5344,758.6,southeast
12007,Bradford,Bradford County,FL,Florida,29.9524,-82.1667,294,southeast
12009,Brevard,Brevard County,FL,Florida,28.2983,-80.7003,1015,southeast
12011,Broward,Broward County,FL,Florida,26.1935,-80.4767,1203,southeast
12013,Calhoun,Calhoun County,FL,Florida,30.3888,-85.1979,567.3,southeast
12015,Charlotte,Charlotte County,FL,Florida,26.9064,-82.0037,681.1,southeast
12017,Citrus,Citrus County,FL,Florida,28.8503,-82.5956,581.9,southeast
12019,Clay,Clay County,FL,Florida,29.9866,-81.865,604.6,southeast
12021,Collier,Collier County,FL,Florida,26.1188,-81.401,1997,southeast
12023,Columbia,Columbia County,FL,Florida,30.2217,-82.6234,797.4,southeast
12027,DeSoto,DeSoto County,FL,Florida,27.1906,-81.8063,636.7,southeast
12029,Dixie,Dixie County,FL,Florida,29.5527,-83.2362,705,southeast
12031,Duval,Duval County,FL,Florida,30.3352,-81.6481,762.6,southeast
12033,Escambia,Escambia County,FL,Florida,30.53,-87.3203,657,southeast
12035,Flagler,Flagler County,FL,Florida,29.4749,-81.2863,486.2,southeast
12037,Franklin,Franklin County,FL,Florida,29.6778,-84.8152,545,southeast
12039,Gadsden,Gadsden County,FL,Florida,30.5787,-84.6126,516.4,southeast
12041,Gilchrist,Gilchrist County,FL,Florida,29.7235,-82.7958,349.7,southeast
12043,Glades,Glades County,FL,Florida,26.9548,-81.1908,806.8,southeast
12045,Gulf,Gulf County,FL,Florida,29.8592,-85.272,553.5,southeast
12047,Hamilton,Hamilton County,FL,Florida,30.4984,-82.9511,514.3,southeast
12049,Hardee,Hardee County,FL,Florida,27.4928,-81.8216,637.6,southeast
12051,Hendry,Hendry County,FL,Florida,26.54,-81.1521,1156,southeast
12053,Hernando,Hernando County,FL,Florida,28.556,-82.526,473,southeast
12055,Highlands,Highlands County,FL,Florida,27.3411,-81.3424,1018,southeast
12057,Hillsborough,Hillsborough County,FL,Florida,27.8932,-82.38,1023,southeast
12059,Holmes,Holmes County,FL,Florida,30.862,-85.8159,478.9,southeast
12061,Indian River,Indian River County,FL,Florida,27.7005,-80.5748,502.6,southeast
12063,Jackson,Jackson County,FL,Florida,30.7892,-85.2088,918.2,southeast
12065,Jefferson,Jefferson County,FL,Florida,30.3969,-83.9218,598.1,southeast
12067,Lafayette,Lafayette County,FL,Florida,29.9901,-83.1785,543.3,southeast
12069,Lake,Lake County,FL,Florida,28.7641,-81.7123,952.1,southeast
12071,Lee,Lee County,FL,Florida,26.5633,-81.9842,781.2,southeast
12073,Leon,Leon County,FL,Florida,30.4593,-84.2778,668.4,southeast
12075,Levy,Levy County,FL,Florida,29.2719,-82.8312,1118,southeast
12077,Liberty,Liberty County,FL,Florida,30.2598,-84.8686,835.6,southeast
12079,Madison,Madison County,FL,Florida,30.4472,-83.4704,696.5,southeast
12081,Manatee,Manatee County,FL,Florida,27.4756,-82.3931,742.8,southeast
12083,Marion,Marion County,FL,Florida,29.2028,-82.0431,1588,southeast
12085,Martin,Martin County,FL,Florida,27.0836,-80.3982,543.8,southeast
12086,Miami-Dade,Miami-Dade County,FL,Florida,25.616,-80.5037,1900,southeast
12087,Monroe,Monroe County,FL,Florida,25.5861,-81.0226,983,southeast
12089,Nassau,Nassau County,FL,Florida,30.606,-81.7651,648.7,southeast
12091,Okaloosa,Okaloosa County,FL,Florida,30.6143,-86.5911,929.8,southeast
12093,Okeechobee,Okeechobee County,FL,Florida,27.3856,-80.8874,769.3,southeast
12095,Orange,Orange County,FL,Florida,28.5144,-81.3233,903,southeast
12097,Osceola,Osceola County,FL,Florida,28.059,-81.1393,1328,southeast
12099,Palm Beach,Palm Beach County,FL,Florida,26.6491,-80.4484,1964,southeast
12101,Pasco,Pasco County,FL,Florida,28.3098,-82.511,746.6,southeast
12103,Pinellas,Pinellas County,FL,Florida,27.9053,-82.7981,273.8,southeast
12105,Polk,Polk County,FL,Florida,27.9537,-81.6935,1798,southeast
12107,Putnam,Putnam County,FL,Florida,29.5939,-81.732,728.4,southeast
12109,St. Johns,St. Johns County,FL,Florida,29.8905,-81.4,600.6,southeast
12111,St. Lucie,St. Lucie County,FL,Florida,27.3798,-80.4435,571.9,southeast
12113,Santa Rosa,Santa Rosa County,FL,Florida,30.6753,-87.0189,1012,southeast
12115,Sarasota,Sarasota County,FL,Florida,27.2253,-82.4237,556,southeast
12117,Seminole,Seminole County,FL,Florida,28.6901,-81.132,309.4,southeast
12119,Sumter,Sumter County,FL,Florida,28.7133,-82.0695,557.1,southeast
12121,Suwannee,Suwannee County,FL,Florida,30.1892,-82.9928,688.6,southeast
12123,Taylor,Taylor County,FL,Florida,29.9671,-83.6396,1043,southeast
12125,Union,Union County,FL,Florida,30.0543,-82.3669,243.6,southeast
12127,Volusia,Volusia County,FL,Florida,29.0578,-81.1618,1101,southeast
12129,Wakulla,Wakulla County,FL,Florida,30.0913,-84.3591,606.4,southeast
12131,Walton,Walton County,FL,Florida,30.5712,-86.1628,1038,southeast
12133,Washington,Washington County,FL,Florida,30.6021,-85.6558,584.7,southeast
13001,Appling,Appling County,GA,Georgia,31.7397,-82.2901,508.3,southeast
13003,Atkinson,Atkinson County,GA,Georgia,31.2968,-82.8782,342.7,southeast
13005,Bacon,Bacon County,GA,Georgia,31.5502,-82.4514,284.1,southeast
13007,Baker,Baker County,GA,Georgia,31.3196,-84.4549,342,southeast
13009,Baldwin,Baldwin County,GA,Georgia,33.0595,-83.2555,258.7,southeast
13011,Banks,Banks County,GA,Georgia,34.3519,-83.4984,232.7,southeast
13013,Barrow,Barrow County,GA,Georgia,33.992,-83.7123,161.1,southeast
13015,Bartow,Bartow County,GA,Georgia,34.2409,-84.8382,458.9,southeast
13017,Ben Hill,Ben Hill County,GA,Georgia,31.7408,-83.1472,250.1,southeast
13019,Berrien,Berrien County,GA,Georgia,31.2887,-83.2279,453.4,southeast
13021,Bibb,Bibb County,GA,Georgia,32.809,-83.6941,249.4,southeast
13023,Bleckley,Bleckley County,GA,Georgia,32.4354,-83.3317,215.9,southeast
13025,Brantley,Brantley County,GA,Georgia,31.1973,-81.983,443.2,southeast
13027,Brooks,Brooks County,GA,Georgia,30.8229,-83.5819,493.2,southeast
13029,Bryan,Bryan County,GA,Georgia,32.018,-81.4385,437.6,southeast
13031,Bulloch,Bulloch County,GA,Georgia,32.3945,-81.7414,676,southeast
13033,Burke,Burke County,GA,Georgia,33.0602,-82.0002,827,southeast
13035,Butts,Butts County,GA,Georgia,33.2904,-83.9582,183.7,southeast
13037,Calhoun,Calhoun County,GA,Georgia,31.5213,-84.6263,280.4,southeast
13039,Camden,Camden County,GA,Georgia,30.9134,-81.642,630.3,southeast
13043,Candler,Candler County,GA,Georgia,32.404,-82.0713,243.1,southeast
13045,Carroll,Carroll County,GA,Georgia,33.5822,-85.0805,499.1,southeast
13047,Catoosa,Catoosa County,GA,Georgia,34.9002,-85.1394,162.2,southeast
13049,Charlton,Charlton County,GA,Georgia,30.7799,-82.1396,780.1,southeast
13051,Chatham,Chatham County,GA,Georgia,31.9804,-81.0852,432.7,southeast
13053,Chattahoochee,Chattahoochee County,GA,Georgia,32.3474,-84.788,248.7,southeast
13055,Chattooga,Chattooga County,GA,Georgia,34.4742,-85.3453,313.3,southeast
13057,Cherokee,Cherokee County,GA,Georgia,34.2443,-84.4751,421,southeast
13059,Clarke,Clarke County,GA,Georgia,33.9522,-83.3672,119.3,southeast
13061,Clay,Clay County,GA,Georgia,31.6198,-84.9926,195.4,southeast
13063,Clayton,Clayton County,GA,Georgia,33.5522,-84.413,141.7,southeast
13065,Clinch,Clinch County,GA,Georgia,30.9177,-82.7026,815,southeast
13067,Cobb,Cobb County,GA,Georgia,33.9399,-84.5741,339.7,southeast
13069,Coffee,Coffee County,GA,Georgia,31.5492,-82.8449,592.2,southeast
13071,Colquitt,Colquitt County,GA,Georgia,31.1897,-83.7698,547.1,southeast
13073,Columbia,Columbia County,GA,Georgia,33.5521,-82.2496,290.2,southeast
13075,Cook,Cook County,GA,Georgia,31.1525,-83.4294,228.5,southeast
13077,Coweta,Coweta County,GA,Georgia,33.3529,-84.7621,441,southeast
13079,Crawford,Crawford County,GA,Georgia,32.7094,-83.9792,324.9,southeast
13081,Crisp,Crisp County,GA,Georgia,31.9203,-83.7565,272.7,southeast
13083,Dade,Dade County,GA,Georgia,34.8524,-85.5062,174.1,southeast
13085,Dawson,Dawson County,GA,Georgia,34.4426,-84.1733,210.8,southeast
13087,Decatur,Decatur County,GA,Georgia,30.8806,-84.5839,597.2,southeast
13089,DeKalb,DeKalb County,GA,Georgia,33.7707,-84.2263,267.7,southeast
13091,Dodge,Dodge County,GA,Georgia,32.1644,-83.1679,496,southeast
13093,Dooly,Dooly County,GA,Georgia,32.152,-83.8072,392.6,southeast
13095,Dougherty,Dougherty County,GA,Georgia,31.5326,-84.209,328.6,southeast
13097,Douglas,Douglas County,GA,Georgia,33.7012,-84.7673,200.1,southeast
13099,Early,Early County,GA,Georgia,31.3242,-84.9067,512.6,southeast
13101,Echols,Echols County,GA,Georgia,30.714,-82.8974,420.4,southeast
13103,Effingham,Effingham County,GA,Georgia,32.3617,-81.3434,478.8,southeast
13105,Elbert,Elbert County,GA,Georgia,34.1164,-82.8419,351.1,southeast
13107,Emanuel,Emanuel County,GA,Georgia,32.5912,-82.3002,680.6,southeast
13109,Evans,Evans County,GA,Georgia,32.1531,-81.8902,182.9,southeast
13111,Fannin,Fannin County,GA,Georgia,34.8665,-84.3173,387.1,southeast
13113,Fayette,Fayette County,GA,Georgia,33.4127,-84.4939,194.7,southeast
13115,Floyd,Floyd County,GA,Georgia,34.2637,-85.2137,509.8,southeast
13117,Forsyth,Forsyth County,GA,Georgia,34.2251,-84.1274,224.6,southeast
13119,Franklin,Franklin County,GA,Georgia,34.3753,-83.2275,261.3,southeast
13121,Fulton,Fulton County,GA,Georgia,33.79,-84.4682,526.8,southeast
13123,Gilmer,Gilmer County,GA,Georgia,34.6905,-84.4548,426.2,southeast
13125,Glascock,Glascock County,GA,Georgia,33.2275,-82.6069,143.7,southeast
13127,Glynn,Glynn County,GA,Georgia,31.2127,-81.4964,419.6,southeast
13129,Gordon,Gordon County,GA,Georgia,34.5097,-84.8739,356.5,southeast
13131,Grady,Grady County,GA,Georgia,30.8759,-84.245,454.5,southeast
13133,Greene,Greene County,GA,Georgia,33.5767,-83.1666,387.5,southeast
13135,Gwinnett,Gwinnett County,GA,Georgia,33.9588,-84.0257,431.1,southeast
13137,Habersham,Habersham County,GA,Georgia,34.6344,-83.5259,276.9,southeast
13139,Hall,Hall County,GA,Georgia,34.3176,-83.8185,392.5,southeast
13141,Hancock,Hancock County,GA,Georgia,33.2692,-83.0005,471.1,southeast
13143,Haralson,Haralson County,GA,Georgia,33.7952,-85.2201,282.2,southeast
13145,Harris,Harris County,GA,Georgia,32.7315,-84.9124,463.8,southeast
13147,Hart,Hart County,GA,Georgia,34.3487,-82.9633,232.4,southeast
13149,Heard,Heard County,GA,Georgia,33.2913,-85.1379,296,southeast
13151,Henry,Henry County,GA,Georgia,33.4529,-84.154,318.7,southeast
13153,Houston,Houston County,GA,Georgia,32.4581,-83.6623,376.2,southeast
13155,Irwin,Irwin County,GA,Georgia,31.6043,-83.277,354.4,southeast
13157,Jackson,Jackson County,GA,Georgia,34.1309,-83.5626,339.7,southeast
13159,Jasper,Jasper County,GA,Georgia,33.317,-83.6892,368.4,southeast
13161,Jeff Davis,Jeff Davis County,GA,Georgia,31.8116,-82.6368,330.9,southeast
13163,Jefferson,Jefferson County,GA,Georgia,33.0582,-82.42,526.6,southeast
13165,Jenkins,Jenkins County,GA,Georgia,32.7946,-81.9715,347.4,southeast
13167,Johnson,Johnson County,GA,Georgia,32.6946,-82.664,303,southeast
13169,Jones,Jones County,GA,Georgia,33.0217,-83.5622,393.9,southeast
13171,Lamar,Lamar County,GA,Georgia,33.0744,-84.1467,183.5,southeast
13173,Lanier,Lanier County,GA,Georgia,31.0382,-83.0632,196.5,southeast
13175,Laurens,Laurens County,GA,Georgia,32.3932,-82.9263,807.3,southeast
13177,Lee,Lee County,GA,Georgia,31.8184,-84.1467,355.8,southeast
13179,Liberty,Liberty County,GA,Georgia,31.8075,-81.4579,516.5,southeast
13181,Lincoln,Lincoln County,GA,Georgia,33.7922,-82.4483,210.4,southeast
13183,Long,Long County,GA,Georgia,31.7496,-81.7429,400.4,southeast
13185,Lowndes,Lowndes County,GA,Georgia,30.8331,-83.269,497.2,southeast
13187,Lumpkin,Lumpkin County,GA,Georgia,34.5681,-83.9989,282.9,southeast
13189,McDuffie,McDuffie County,GA,Georgia,33.4806,-82.4796,257.4,southeast
13191,McIntosh,McIntosh County,GA,Georgia,31.4856,-81.3721,431.3,southeast
13193,Macon,Macon County,GA,Georgia,32.3627,-84.0512,400.7,southeast
13195,Madison,Madison County,GA,Georgia,34.1275,-83.2087,282.3,southeast
13197,Marion,Marion County,GA,Georgia,32.3593,-84.5287,365.7,southeast
13199,Meriwether,Meriwether County,GA,Georgia,33.0293,-84.6671,500.9,southeast
13201,Miller,Miller County,GA,Georgia,31.1629,-84.7304,282.4,southeast
13205,Mitchell,Mitchell County,GA,Georgia,31.229,-84.192,512.2,southeast
13207,Monroe,Monroe County,GA,Georgia,33.0188,-83.9218,396.1,southeast
13209,Montgomery,Montgomery County,GA,Georgia,32.1721,-82.5333,241.1,southeast
13211,Morgan,Morgan County,GA,Georgia,33.5986,-83.4994,347.4,southeast
13213,Murray,Murray County,GA,Georgia,34.7971,-84.738,344.5,southeast
13215,Muscogee,Muscogee County,GA,Georgia,32.5102,-84.8749,216.5,southeast
13217,Newton,Newton County,GA,Georgia,33.5528,-83.8514,273.8,southeast
13219,Oconee,Oconee County,GA,Georgia,33.8341,-83.4377,184.3,southeast
13221,Oglethorpe,Oglethorpe County,GA,Georgia,33.8668,-83.0741,439.1,southeast
13223,Paulding,Paulding County,GA,Georgia,33.921,-84.8672,312.4,southeast
13225,Peach,Peach County,GA,Georgia,32.5713,-83.832,150.3,southeast
13227,Pickens,Pickens County,GA,Georgia,34.4568,-84.4904,232.1,southeast
13229,Pierce,Pierce County,GA,Georgia,31.354,-82.2104,340.5,southeast
13231,Pike,Pike County,GA,Georgia,33.0811,-84.3895,216.1,southeast
13233,Polk,Polk County,GA,Georgia,33.996,-85.1883,310.3,southeast
13235,Pulaski,Pulaski County,GA,Georgia,32.2388,-83.4818,249.3,southeast
13237,Putnam,Putnam County,GA,Georgia,33.3211,-83.3718,344.7,southeast
13239,Quitman,Quitman County,GA,Georgia,31.8629,-85.0048,151.2,southeast
13241,Rabun,Rabun County,GA,Georgia,34.8839,-83.4049,370.1,southeast
13243,Randolph,Randolph County,GA,Georgia,31.7627,-84.7523,428.2,southeast
13245,Richmond,Richmond County,GA,Georgia,33.3615,-82.075,324.3,southeast
13247,Rockdale,Rockdale County,GA,Georgia,33.6521,-84.0264,129.8,southeast
13249,Schley,Schley County,GA,Georgia,32.2634,-84.3227,166.9,southeast
13251,Screven,Screven County,GA,Georgia,32.7448,-81.6176,645.8,southeast
13253,Seminole,Seminole County,GA,Georgia,30.934,-84.8677,237.6,southeast
13255,Spalding,Spalding County,GA,Georgia,33.2623,-84.2849,196,southeast
13257,Stephens,Stephens County,GA,Georgia,34.5536,-83.2906,178.9,southeast
13259,Stewart,Stewart County,GA,Georgia,32.0732,-84.8349,458.8,southeast
13261,Sumter,Sumter County,GA,Georgia,32.0423,-84.2043,482.9,southeast
13263,Talbot,Talbot County,GA,Georgia,32.7046,-84.53,391.4,southeast
13265,Taliaferro,Taliaferro County,GA,Georgia,33.5593,-82.8753,194.6,southeast
13267,Tattnall,Tattnall County,GA,Georgia,32.0438,-82.0592,480.8,southeast
13269,Taylor,Taylor County,GA,Georgia,32.5547,-84.2514,376.7,southeast
13271,Telfair,Telfair County,GA,Georgia,31.9136,-82.9311,437.3,southeast
13273,Terrell,Terrell County,GA,Georgia,31.7772,-84.4394,335.8,southeast
13275,Thomas,Thomas County,GA,Georgia,30.8646,-83.9198,544.6,southeast
13277,Tift,Tift County,GA,Georgia,31.457,-83.5259,260.9,southeast
13279,Toombs,Toombs County,GA,Georgia,32.1178,-82.3306,364,southeast
13281,Towns,Towns County,GA,Georgia,34.9025,-83.7323,166.5,southeast
13283,Treutlen,Treutlen County,GA,Georgia,32.4096,-82.5709,199.4,southeast
13285,Troup,Troup County,GA,Georgia,33.0345,-85.0284,414,southeast
13287,Turner,Turner County,GA,Georgia,31.7248,-83.6203,285.4,southeast
13289,Twiggs,Twiggs County,GA,Georgia,32.6658,-83.4259,359.3,southeast
13291,Union,Union County,GA,Georgia,34.8333,-83.9893,322.1,southeast
13293,Upson,Upson County,GA,Georgia,32.8818,-84.2923,323.5,southeast
13295,Walker,Walker County,GA,Georgia,34.7358,-85.3055,446.3,southeast
13297,Walton,Walton County,GA,Georgia,33.7839,-83.7318,326.8,southeast
13299,Ware,Ware County,GA,Georgia,31.0509,-82.4215,899.2,southeast
13301,Warren,Warren County,GA,Georgia,33.4084,-82.6757,284.4,southeast
13303,Washington,Washington County,GA,Georgia,32.9718,-82.7981,678.5,southeast
13305,Wayne,Wayne County,GA,Georgia,31.5478,-81.9124,641.8,southeast
13307,Webster,Webster County,GA,Georgia,32.0467,-84.5538,209.7,southeast
13309,Wheeler,Wheeler County,GA,Georgia,32.1053,-82.7338,295.5,southeast
13311,White,White County,GA,Georgia,34.6442,-83.743,240.8,southeast
13313,Whitfield,Whitfield County,GA,Georgia,34.8017,-84.9685,290.4,southeast
13315,Wilcox,Wilcox County,GA,Georgia,31.9627,-83.4383,377.8,southeast
13317,Wilkes,Wilkes County,GA,Georgia,33.779,-82.7479,469.5,southeast
13319,Wilkinson,Wilkinson County,GA,Georgia,32.8043,-83.1755,449.2,southeast
13321,Worth,Worth County,GA,Georgia,31.5518,-83.85,570.7,southeast
15001,Hawaii,Hawaii County,HI,Hawaii,19.5978,-155.5024,4028,hawaii_pacific
15003,Honolulu,Honolulu County,HI,Hawaii,21.4614,-158.202,600.8,hawaii_pacific
15005,Kalawao,Kalawao County,HI,Hawaii,21.2188,-156.974,11.99,hawaii_pacific
15007,Kauai,Kauai County,HI,Hawaii,22.012,-159.706,619.8,hawaii_pacific
15009,Maui,Maui County,HI,Hawaii,20.8559,-156.6016,1162,hawaii_pacific
16001,Ada,Ada County,ID,Idaho,43.4515,-116.2444,1052,northwest
16003,Adams,Adams County,ID,Idaho,44.877,-116.4616,1363,northwest
16005,Bannock,Bannock County,ID,Idaho,42.6929,-112.229,1112,northwest
16007,Bear Lake,Bear Lake County,ID,Idaho,42.2859,-111.3275,975.7,northwest
16009,Benewah,Benewah County,ID,Idaho,47.2185,-116.6335,776.9,northwest
16011,Bingham,Bingham County,ID,Idaho,43.2164,-112.3992,2094,northwest
16013,Blaine,Blaine County,ID,Idaho,43.3942,-113.9554,2638,northwest
16015,Boise,Boise County,ID,Idaho,43.9873,-115.7151,1899,northwest
16017,Bonner,Bonner County,ID,Idaho,48.3246,-116.6274,1733,northwest
16019,Bonneville,Bonneville County,ID,Idaho,43.3952,-111.6219,1866,northwest
16021,Boundary,Boundary County,ID,Idaho,48.7731,-116.5247,1269,northwest
16023,Butte,Butte County,ID,Idaho,43.6851,-113.1776,2236,northwest
16025,Camas,Camas County,ID,Idaho,43.5026,-114.7721,1074,northwest
16027,Canyon,Canyon County,ID,Idaho,43.6258,-116.7091,587,northwest
16029,Caribou,Caribou County,ID,Idaho,42.7861,-111.5443,1764,northwest
16031,Cassia,Cassia County,ID,Idaho,42.2823,-113.6263,2566,northwest
16033,Clark,Clark County,ID,Idaho,44.2902,-112.3546,1763,northwest
16035,Clearwater,Clearwater County,ID,Idaho,46.6726,-115.6535,2457,northwest
16037,Custer,Custer County,ID,Idaho,44.2734,-114.2523,4922,northwest
16039,Elmore,Elmore County,ID,Idaho,43.3947,-115.4712,3075,northwest
16041,Franklin,Franklin County,ID,Idaho,42.1736,-111.823,663,northwest
16043,Fremont,Fremont County,ID,Idaho,44.2181,-111.4844,1864,northwest
16045,Gem,Gem County,ID,Idaho,44.0615,-116.3988,559.8,northwest
16047,Gooding,Gooding County,ID,Idaho,42.9732,-114.8214,729.3,northwest
16049,Idaho,Idaho County,ID,Idaho,45.8496,-115.4673,8477,northwest
16051,Jefferson,Jefferson County,ID,Idaho,43.797,-112.3186,1094,northwest
16053,Jerome,Jerome County,ID,Idaho,42.6914,-114.2621,597.5,northwest
16055,Kootenai,Kootenai County,ID,Idaho,47.676,-116.6959,1238,northwest
16057,Latah,Latah County,ID,Idaho,46.8189,-116.731,1076,northwest
16059,Lemhi,Lemhi County,ID,Idaho,44.9285,-113.887,4564,northwest
16061,Lewis,Lewis County,ID,Idaho,46.2363,-116.4238,478.8,northwest
16063,Lincoln,Lincoln County,ID,Idaho,42.9908,-114.1531,1201,northwest
16065,Madison,Madison County,ID,Idaho,43.7886,-111.657,469.3,northwest
16067,Minidoka,Minidoka County,ID,Idaho,42.8572,-113.6398,757.2,northwest
16069,Nez Perce,Nez Perce County,ID,Idaho,46.3338,-116.7609,848.3,northwest
16071,Oneida,Oneida County,ID,Idaho,42.1839,-112.5204,1199,northwest
16073,Owyhee,Owyhee County,ID,Idaho,42.5729,-116.1897,7668,northwest
16075,Payette,Payette County,ID,Idaho,44.0024,-116.7502,406.9,northwest
16077,Power,Power County,ID,Idaho,42.6941,-112.8444,1404,northwest
16079,Shoshone,Shoshone County,ID,Idaho,47.3477,-115.8851,2637,northwest
16081,Teton,Teton County,ID,Idaho,43.761,-111.2118,449.1,northwest
16083,Twin Falls,Twin Falls County,ID,Idaho,42.3523,-114.6656,1922,northwest
16085,Valley,Valley County,ID,Idaho,44.856,-115.6181,3665,northwest
16087,Washington,Washington County,ID,Idaho,44.4482,-116.7978,1453,northwest
17001,Adams,Adams County,IL,Illinois,39.9861,-91.195,855.2,midwest
17003,Alexander,Alexander County,IL,Illinois,37.1837,-89.3495,235.4,midwest
17005,Bond,Bond County,IL,Illinois,38.8859,-89.4366,380.3,midwest
17007,Boone,Boone County,IL,Illinois,42.319,-88.8243,280.7,midwest
17009,Brown,Brown County,IL,Illinois,39.9621,-90.7503,305.7,midwest
17011,Bureau,Bureau County,IL,Illinois,41.4013,-89.5284,869.1,midwest
17013,Calhoun,Calhoun County,IL,Illinois,39.1643,-90.6663,253.8,midwest
17015,Carroll,Carroll County,IL,Illinois,42.0709,-89.9242,445.4,midwest
17017,Cass,Cass County,IL,Illinois,39.9692,-90.2457,375.8,midwest
17019,Champaign,Champaign County,IL,Illinois,40.139,-88.197,996.1,midwest
17021,Christian,Christian County,IL,Illinois,39.5455,-89.2796,709.5,midwest
17023,Clark,Clark County,IL,Illinois,39.3323,-87.7917,501.4,midwest
17025,Clay,Clay County,IL,Illinois,38.7468,-88.4823,468.4,midwest
17027,Clinton,Clinton County,IL,Illinois,38.6063,-89.4262,473.9,midwest
17029,Coles,Coles County,IL,Illinois,39.5137,-88.2208,508.3,midwest
17031,Cook,Cook County,IL,Illinois,41.8943,-87.6455,944.9,midwest
17033,Crawford,Crawford County,IL,Illinois,39.0028,-87.7606,443.6,midwest
17035,Cumberland,Cumberland County,IL,Illinois,39.2731,-88.2406,345.9,midwest
17037,DeKalb,DeKalb County,IL,Illinois,41.8946,-88.769,631.3,midwest
17039,De Witt,De Witt County,IL,Illinois,40.1815,-88.9019,397.6,midwest
17041,Douglas,Douglas County,IL,Illinois,39.7661,-88.2229,416.6,midwest
17043,DuPage,DuPage County,IL,Illinois,41.8521,-88.086,327.8,midwest
17045,Edgar,Edgar County,IL,Illinois,39.679,-87.7471,623.3,midwest
17047,Edwards,Edwards County,IL,Illinois,38.4171,-88.0479,222.4,midwest
17049,Effingham,Effingham County,IL,Illinois,39.0479,-88.5928,478.8,midwest
17051,Fayette,Fayette County,IL,Illinois,39.0011,-89.0179,716.4,midwest
17053,Ford,Ford County,IL,Illinois,40.5965,-88.2246,485.6,midwest
17055,Franklin,Franklin County,IL,Illinois,37.9919,-88.9263,408.9,midwest
17057,Fulton,Fulton County,IL,Illinois,40.4652,-90.2023,865.7,midwest
17059,Gallatin,Gallatin County,IL,Illinois,37.7687,-88.228,322.9,midwest
17061,Greene,Greene County,IL,Illinois,39.3554,-90.3877,543.1,midwest
17063,Grundy,Grundy County,IL,Illinois,41.2924,-88.4011,418.1,midwest
17065,Hamilton,Hamilton County,IL,Illinois,38.0852,-88.539,434.6,midwest
17067,Hancock,Hancock County,IL,Illinois,40.4013,-91.1688,793.7,midwest
17069,Hardin,Hardin County,IL,Illinois,37.5179,-88.2661,177.4,midwest
17071,Henderson,Henderson County,IL,Illinois,40.8145,-90.9412,378.8,midwest
17073,Henry,Henry County,IL,Illinois,41.35,-90.1308,823.1,midwest
17075,Iroquois,Iroquois County,IL,Illinois,40.7489,-87.8336,1117,midwest
17077,Jackson,Jackson County,IL,Illinois,37.7861,-89.3812,583.6,midwest
17079,Jasper,Jasper County,IL,Illinois,39.0049,-88.1507,494.6,midwest
17081,Jefferson,Jefferson County,IL,Illinois,38.3008,-88.9242,571.2,midwest
17083,Jersey,Jersey County,IL,Illinois,39.0802,-90.3614,369.6,midwest
17085,Jo Daviess,Jo Daviess County,IL,Illinois,42.3624,-90.2115,600.9,midwest
17087,Johnson,Johnson County,IL,Illinois,37.4607,-88.8821,343.7,midwest
17089,Kane,Kane County,IL,Illinois,41.9396,-88.428,519.3,midwest
17091,Kankakee,Kankakee County,IL,Illinois,41.1395,-87.8611,676.5,midwest
17093,Kendall,Kendall County,IL,Illinois,41.5881,-88.4306,320.2,midwest
17095,Knox,Knox County,IL,Illinois,40.9309,-90.2138,716.4,midwest
17097,Lake,Lake County,IL,Illinois,42.186,-87.8059,443.7,midwest
17099,LaSalle,LaSalle County,IL,Illinois,41.3433,-88.8859,1135,midwest
17101,Lawrence,Lawrence County,IL,Illinois,38.719,-87.7302,372.2,midwest
17103,Lee,Lee County,IL,Illinois,41.7474,-89.2994,724.8,midwest
17105,Livingston,Livingston County,IL,Illinois,40.8944,-88.5529,1044,midwest
17107,Logan,Logan County,IL,Illinois,40.1293,-89.3653,618.1,midwest
17109,McDonough,McDonough County,IL,Illinois,40.4558,-90.679,589.3,midwest
17111,McHenry,McHenry County,IL,Illinois,42.3243,-88.4522,603.4,midwest
17113,McLean,McLean County,IL,Illinois,40.4946,-88.8445,1183,midwest
17115,Macon,Macon County,IL,Illinois,39.8602,-88.9615,580.5,midwest
17117,Macoupin,Macoupin County,IL,Illinois,39.2659,-89.9263,863,midwest
17119,Madison,Madison County,IL,Illinois,38.8271,-89.9002,715.5,midwest
17121,Marion,Marion County,IL,Illinois,38.6482,-88.9204,572.5,midwest
17123,Marshall,Marshall County,IL,Illinois,41.0311,-89.3424,386.8,midwest
17125,Mason,Mason County,IL,Illinois,40.237,-89.9136,539.4,midwest
17127,Massac,Massac County,IL,Illinois,37.2161,-88.7057,237.2,midwest
17129,Menard,Menard County,IL,Illinois,40.0226,-89.7941,314.4,midwest
17131,Mercer,Mercer County,IL,Illinois,41.2056,-90.7418,561.2,midwest
17133,Monroe,Monroe County,IL,Illinois,38.278,-90.1791,385.3,midwest
17135,Montgomery,Montgomery County,IL,Illinois,39.2281,-89.4781,703.8,midwest
17137,Morgan,Morgan County,IL,Illinois,39.7177,-90.205,569,midwest
17139,Moultrie,Moultrie County,IL,Illinois,39.6369,-88.6257,336,midwest
17141,Ogle,Ogle County,IL,Illinois,42.0419,-89.3202,758.7,midwest
17143,Peoria,Peoria County,IL,Illinois,40.786,-89.767,618.7,midwest
17145,Perry,Perry County,IL,Illinois,38.0844,-89.3685,441.9,midwest
17147,Piatt,Piatt County,IL,Illinois,40.009,-88.5924,439.2,midwest
17149,Pike,Pike County,IL,Illinois,39.6251,-90.889,831.4,midwest
17151,Pope,Pope County,IL,Illinois,37.4172,-88.5424,368.9,midwest
17153,Pulaski,Pulaski County,IL,Illinois,37.2156,-89.1278,199.3,midwest
17155,Putnam,Putnam County,IL,Illinois,41.199,-89.2983,160.1,midwest
17157,Randolph,Randolph County,IL,Illinois,38.0565,-89.8212,575.4,midwest
17159,Richland,Richland County,IL,Illinois,38.7122,-88.0855,360,midwest
17161,Rock Island,Rock Island County,IL,Illinois,41.4684,-90.5721,427.5,midwest
17163,St. Clair,St. Clair County,IL,Illinois,38.4702,-89.9285,657.7,midwest
17165,Saline,Saline County,IL,Illinois,37.7515,-88.545,380,midwest
17167,Sangamon,Sangamon County,IL,Illinois,39.7569,-89.6624,868.2,midwest
17169,Schuyler,Schuyler County,IL,Illinois,40.1569,-90.6135,437.3,midwest
17171,Scott,Scott County,IL,Illinois,39.637,-90.4778,250.8,midwest
17173,Shelby,Shelby County,IL,Illinois,39.3849,-88.7989,758.5,midwest
17175,Stark,Stark County,IL,Illinois,41.0969,-89.7974,288.1,midwest
17177,Stephenson,Stephenson County,IL,Illinois,42.3497,-89.666,564.2,midwest
17179,Tazewell,Tazewell County,IL,Illinois,40.5081,-89.5163,646.5,midwest
17181,Union,Union County,IL,Illinois,37.4857,-89.2446,413.4,midwest
17183,Vermilion,Vermilion County,IL,Illinois,40.1868,-87.7268,898.3,midwest
17185,Wabash,Wabash County,IL,Illinois,38.4458,-87.8392,223.3,midwest
17187,Warren,Warren County,IL,Illinois,40.8504,-90.6202,542.3,midwest
17189,Washington,Washington County,IL,Illinois,38.3531,-89.4172,562.6,midwest
17191,Wayne,Wayne County,IL,Illinois,38.4319,-88.4324,713.8,midwest
17193,White,White County,IL,Illinois,38.0873,-88.1786,495,midwest
17195,Whiteside,Whiteside County,IL,Illinois,41.7507,-89.911,684.1,midwest
17197,Will,Will County,IL,Illinois,41.4485,-87.9785,835.9,midwest
17199,Williamson,Williamson County,IL,Illinois,37.7304,-88.93,420.2,midwest
17201,Winnebago,Winnebago County,IL,Illinois,42.3374,-89.1612,513,midwest
17203,Woodford,Woodford County,IL,Illinois,40.7898,-89.2106,527.6,midwest
18001,Adams,Adams County,IN,Indiana,40.7457,-84.9361,338.9,midwest
18003,Allen,Allen County,IN,Indiana,41.0919,-85.0718,657.1,midwest
18005,Bartholomew,Bartholomew County,IN,Indiana,39.2058,-85.898,406.9,midwest
18007,Benton,Benton County,IN,Indiana,40.6009,-87.3148,406.4,midwest
18009,Blackford,Blackford County,IN,Indiana,40.4727,-85.3237,165.1,midwest
18011,Boone,Boone County,IN,Indiana,40.0509,-86.469,422.9,midwest
18013,Brown,Brown County,IN,Indiana,39.1951,-86.2301,312,midwest
18015,Carroll,Carroll County,IN,Indiana,40.585,-86.5651,372.2,midwest
18017,Cass,Cass County,IN,Indiana,40.7538,-86.3552,412.1,midwest
18019,Clark,Clark County,IN,Indiana,38.4762,-85.7111,372.5,midwest
18021,Clay,Clay County,IN,Indiana,39.3939,-87.1159,357.6,midwest
18023,Clinton,Clinton County,IN,Indiana,40.3059,-86.4776,405.1,midwest
18025,Crawford,Crawford County,IN,Indiana,38.2894,-86.4409,305.6,midwest
18027,Daviess,Daviess County,IN,Indiana,38.6961,-87.0769,429.5,midwest
18029,Dearborn,Dearborn County,IN,Indiana,39.1409,-84.9759,305.1,midwest
18031,Decatur,Decatur County,IN,Indiana,39.306,-85.4998,372.6,midwest
18033,DeKalb,DeKalb County,IN,Indiana,41.3968,-85.0027,362.8,midwest
18035,Delaware,Delaware County,IN,Indiana,40.2275,-85.3993,392.1,midwest
18037,Dubois,Dubois County,IN,Indiana,38.3733,-86.8734,427.3,midwest
18039,Elkhart,Elkhart County,IN,Indiana,41.6007,-85.864,463.2,midwest
18041,Fayette,Fayette County,IN,Indiana,39.6397,-85.185,215,midwest
18043,Floyd,Floyd County,IN,Indiana,38.3181,-85.9118,148.5,midwest
18045,Fountain,Fountain County,IN,Indiana,40.1212,-87.2349,395.7,midwest
18047,Franklin,Franklin County,IN,Indiana,39.4098,-85.067,384.4,midwest
18049,Fulton,Fulton County,IN,Indiana,41.0504,-86.265,368.4,midwest
18051,Gibson,Gibson County,IN,Indiana,38.3174,-87.5805,487.4,midwest
18053,Grant,Grant County,IN,Indiana,40.5158,-85.6549,414.1,midwest
18055,Greene,Greene County,IN,Indiana,39.0471,-87.0048,542.5,midwest
18057,Hamilton,Hamilton County,IN,Indiana,40.0535,-86.0217,394.4,midwest
18059,Hancock,Hancock County,IN,Indiana,39.8225,-85.7732,306,midwest
18061,Harrison,Harrison County,IN,Indiana,38.1865,-86.1038,484.1,midwest
18063,Hendricks,Hendricks County,IN,Indiana,39.769,-86.5099,406.9,midwest
18065,Henry,Henry County,IN,Indiana,39.9296,-85.3974,391.9,midwest
18067,Howard,Howard County,IN,Indiana,40.4835,-86.1141,293.1,midwest
18069,Huntington,Huntington County,IN,Indiana,40.8264,-85.4786,382.6,midwest
18071,Jackson,Jackson County,IN,Indiana,38.912,-86.0425,510,midwest
18073,Jasper,Jasper County,IN,Indiana,41.0177,-87.1188,559.7,midwest
18075,Jay,Jay County,IN,Indiana,40.435,-85.0023,383.9,midwest
18077,Jefferson,Jefferson County,IN,Indiana,38.7836,-85.4401,360.7,midwest
18079,Jennings,Jennings County,IN,Indiana,38.9962,-85.6281,376.6,midwest
18081,Johnson,Johnson County,IN,Indiana,39.4961,-86.0943,320.4,midwest
18083,Knox,Knox County,IN,Indiana,38.6884,-87.4204,515.8,midwest
18085,Kosciusko,Kosciusko County,IN,Indiana,41.2443,-85.8616,531.4,midwest
18087,LaGrange,LaGrange County,IN,Indiana,41.6425,-85.4278,379.6,midwest
18089,Lake,Lake County,IN,Indiana,41.4722,-87.3743,498.9,midwest
18091,LaPorte,LaPorte County,IN,Indiana,41.549,-86.7447,598.3,midwest
18093,Lawrence,Lawrence County,IN,Indiana,38.8398,-86.4878,449.1,midwest
18095,Madison,Madison County,IN,Indiana,40.1662,-85.7225,451.9,midwest
18097,Marion,Marion County,IN,Indiana,39.783,-86.1358,396,midwest
18099,Marshall,Marshall County,IN,Indiana,41.325,-86.269,443.6,midwest
18101,Martin,Martin County,IN,Indiana,38.7053,-86.8018,335.8,midwest
18103,Miami,Miami County,IN,Indiana,40.7729,-86.0443,373.8,midwest
18105,Monroe,Monroe County,IN,Indiana,39.1607,-86.5233,394.5,midwest
18107,Montgomery,Montgomery County,IN,Indiana,40.0403,-86.8927,504.7,midwest
18109,Morgan,Morgan County,IN,Indiana,39.4826,-86.4475,403.8,midwest
18111,Newton,Newton County,IN,Indiana,40.9624,-87.4022,401.8,midwest
18113,Noble,Noble County,IN,Indiana,41.4047,-85.4173,410.8,midwest
18115,Ohio,Ohio County,IN,Indiana,38.9405,-84.9643,86.15,midwest
18117,Orange,Orange County,IN,Indiana,38.5474,-86.4893,398.4,midwest
18119,Owen,Owen County,IN,Indiana,39.3173,-86.8388,385.3,midwest
18121,Parke,Parke County,IN,Indiana,39.7743,-87.197,444.7,midwest
18123,Perry,Perry County,IN,Indiana,38.0814,-86.6265,381.7,midwest
18125,Pike,Pike County,IN,Indiana,38.398,-87.2325,334.4,midwest
18127,Porter,Porter County,IN,Indiana,41.5099,-87.0713,418.1,midwest
18129,Posey,Posey County,IN,Indiana,38.0276,-87.8687,409.4,midwest
18131,Pulaski,Pulaski County,IN,Indiana,41.0453,-86.6925,433.7,midwest
18133,Putnam,Putnam County,IN,Indiana,39.6655,-86.8534,480.5,midwest
18135,Randolph,Randolph County,IN,Indiana,40.1641,-85.0058,452.4,midwest
18137,Ripley,Ripley County,IN,Indiana,39.1002,-85.2605,446.4,midwest
18139,Rush,Rush County,IN,Indiana,39.6224,-85.4665,408.1,midwest
18141,St. Joseph,St. Joseph County,IN,Indiana,41.6177,-86.288,457.8,midwest
18143,Scott,Scott County,IN,Indiana,38.6794,-85.7519,190.4,midwest
18145,Shelby,Shelby County,IN,Indiana,39.5241,-85.7922,411.1,midwest
18147,Spencer,Spencer County,IN,Indiana,38.0097,-87.0104,396.9,midwest
18149,Starke,Starke County,IN,Indiana,41.2845,-86.6446,309.1,midwest
18151,Steuben,Steuben County,IN,Indiana,41.6435,-85.0024,308.8,midwest
18153,Sullivan,Sullivan County,IN,Indiana,39.0892,-87.4158,447.2,midwest
18155,Switzerland,Switzerland County,IN,Indiana,38.8259,-85.0297,220.7,midwest
18157,Tippecanoe,Tippecanoe County,IN,Indiana,40.3891,-86.8936,498.9,midwest
18159,Tipton,Tipton County,IN,Indiana,40.3102,-86.0562,260.5,midwest
18161,Union,Union County,IN,Indiana,39.6231,-84.9251,161.2,midwest
18163,Vanderburgh,Vanderburgh County,IN,Indiana,38.0201,-87.5862,233.4,midwest
18165,Vermillion,Vermillion County,IN,Indiana,39.854,-87.4621,256.9,midwest
18167,Vigo,Vigo County,IN,Indiana,39.4309,-87.391,403.6,midwest
18169,Wabash,Wabash County,IN,Indiana,40.8437,-85.7952,412.5,midwest
18171,Warren,Warren County,IN,Indiana,40.3525,-87.3752,364.7,midwest
18173,Warrick,Warrick County,IN,Indiana,38.0977,-87.272,384.6,midwest
18175,Washington,Washington County,IN,Indiana,38.6006,-86.1048,513.7,midwest
18177,Wayne,Wayne County,IN,Indiana,39.8631,-85.0067,401.8,midwest
18179,Wells,Wells County,IN,Indiana,40.7355,-85.2133,368.1,midwest
18181,White,White County,IN,Indiana,40.751,-86.8643,505.1,midwest
18183,Whitley,Whitley County,IN,Indiana,41.1364,-85.5019,335.6,midwest
19001,Adair,Adair County,IA,Iowa,41.3285,-94.4782,569.3,midwest
19003,Adams,Adams County,IA,Iowa,41.0217,-94.6969,423.4,midwest
19005,Allamakee,Allamakee County,IA,Iowa,43.275,-91.3828,639.1,midwest
19007,Appanoose,Appanoose County,IA,Iowa,40.7442,-92.8731,497.3,midwest
19009,Audubon,Audubon County,IA,Iowa,41.6792,-94.9043,443,midwest
19011,Benton,Benton County,IA,Iowa,42.0925,-92.0576,716.1,midwest
19013,Black Hawk,Black Hawk County,IA,Iowa,42.4711,-92.3076,565.8,midwest
19015,Boone,Boone County,IA,Iowa,42.0386,-93.9386,570.5,midwest
19017,Bremer,Bremer County,IA,Iowa,42.7809,-92.3274,435.5,midwest
19019,Buchanan,Buchanan County,IA,Iowa,42.4703,-91.8387,571.1,midwest
19021,Buena Vista,Buena Vista County,IA,Iowa,42.7415,-95.1414,574.9,midwest
19023,Butler,Butler County,IA,Iowa,42.7348,-92.7802,580.1,midwest
19025,Calhoun,Calhoun County,IA,Iowa,42.3861,-94.6436,569.8,midwest
19027,Carroll,Carroll County,IA,Iowa,42.0395,-94.8676,569.5,midwest
19029,Cass,Cass County,IA,Iowa,41.3338,-94.9333,564.3,midwest
19031,Cedar,Cedar County,IA,Iowa,41.7724,-91.1326,579.5,midwest
19033,Cerro Gordo,Cerro Gordo County,IA,Iowa,43.075,-93.251,568.3,midwest
19035,Cherokee,Cherokee County,IA,Iowa,42.7427,-95.6333,576.9,midwest
19037,Chickasaw,Chickasaw County,IA,Iowa,43.0597,-92.3172,504.3,midwest
19039,Clarke,Clarke County,IA,Iowa,41.0297,-93.7853,431.1,midwest
19041,Clay,Clay County,IA,Iowa,43.0812,-95.1499,567.2,midwest
19043,Clayton,Clayton County,IA,Iowa,42.841,-91.3236,778.5,midwest
19045,Clinton,Clinton County,IA,Iowa,41.8981,-90.5342,695,midwest
19047,Crawford,Crawford County,IA,Iowa,42.0431,-95.3891,714.2,midwest
19049,Dallas,Dallas County,IA,Iowa,41.6853,-94.0407,588.2,midwest
19051,Davis,Davis County,IA,Iowa,40.7481,-92.4103,502.2,midwest
19053,Decatur,Decatur County,IA,Iowa,40.7364,-93.7846,531.9,midwest
19055,Delaware,Delaware County,IA,Iowa,42.473,-91.3668,577.7,midwest
19057,Des Moines,Des Moines County,IA,Iowa,40.9153,-91.1869,416.1,midwest
19059,Dickinson,Dickinson County,IA,Iowa,43.3896,-95.1961,380.5,midwest
19061,Dubuque,Dubuque County,IA,Iowa,42.4635,-90.8788,608.3,midwest
19063,Emmet,Emmet County,IA,Iowa,43.378,-94.6694,395.9,midwest
19065,Fayette,Fayette County,IA,Iowa,42.8641,-91.8404,730.8,midwest
19067,Floyd,Floyd County,IA,Iowa,43.0527,-92.7874,500.6,midwest
19069,Franklin,Franklin County,IA,Iowa,42.7365,-93.2714,582,midwest
19071,Fremont,Fremont County,IA,Iowa,40.7426,-95.5992,511.2,midwest
19073,Greene,Greene County,IA,Iowa,42.0425,-94.3887,569.6,midwest
19075,Grundy,Grundy County,IA,Iowa,42.4033,-92.7902,501.9,midwest
19077,Guthrie,Guthrie County,IA,Iowa,41.6836,-94.5013,590.6,midwest
19079,Hamilton,Hamilton County,IA,Iowa,42.3908,-93.7091,576.7,midwest
19081,Hancock,Hancock County,IA,Iowa,43.0754,-93.7437,571,midwest
19083,Hardin,Hardin County,IA,Iowa,42.3902,-93.2417,569.3,midwest
19085,Harrison,Harrison County,IA,Iowa,41.6886,-95.8271,696.9,midwest
19087,Henry,Henry County,IA,Iowa,40.9848,-91.5473,434.3,midwest
19089,Howard,Howard County,IA,Iowa,43.3653,-92.3219,473.2,midwest
19091,Humboldt,Humboldt County,IA,Iowa,42.7822,-94.2028,434.4,midwest
19093,Ida,Ida County,IA,Iowa,42.3919,-95.5074,431.5,midwest
19095,Iowa,Iowa County,IA,Iowa,41.6839,-92.0591,586.5,midwest
19097,Jackson,Jackson County,IA,Iowa,42.1642,-90.5746,636,midwest
19099,Jasper,Jasper County,IA,Iowa,41.6856,-93.0541,730.4,midwest
19101,Jefferson,Jefferson County,IA,Iowa,41.0064,-91.9666,435.5,midwest
19103,Johnson,Johnson County,IA,Iowa,41.6707,-91.5905,613,midwest
19105,Jones,Jones County,IA,Iowa,42.1251,-91.1169,575.6,midwest
19107,Keokuk,Keokuk County,IA,Iowa,41.3312,-92.1677,579.2,midwest
19109,Kossuth,Kossuth County,IA,Iowa,43.2123,-94.214,972.7,midwest
19111,Lee,Lee County,IA,Iowa,40.6476,-91.4772,517.5,midwest
19113,Linn,Linn County,IA,Iowa,42.078,-91.5977,717,midwest
19115,Louisa,Louisa County,IA,Iowa,41.2182,-91.257,401.8,midwest
19117,Lucas,Lucas County,IA,Iowa,41.0333,-93.3315,430.7,midwest
19119,Lyon,Lyon County,IA,Iowa,43.3836,-96.2072,587.6,midwest
19121,Madison,Madison County,IA,Iowa,41.3306,-94.0152,561,midwest
19123,Mahaska,Mahaska County,IA,Iowa,41.3308,-92.6364,570.9,midwest
19125,Marion,Marion County,IA,Iowa,41.3314,-93.0939,554.5,midwest
19127,Marshall,Marshall County,IA,Iowa,42.0417,-92.9814,572.5,midwest
19129,Mills,Mills County,IA,Iowa,41.0337,-95.6191,437.4,midwest
19131,Mitchell,Mitchell County,IA,Iowa,43.3486,-92.7845,469.3,midwest
19133,Monona,Monona County,IA,Iowa,42.0494,-95.9566,694.1,midwest
19135,Monroe,Monroe County,IA,Iowa,41.0288,-92.8696,433.7,midwest
19137,Montgomery,Montgomery County,IA,Iowa,41.0217,-95.1578,424.1,midwest
19139,Muscatine,Muscatine County,IA,Iowa,41.4838,-91.1187,437.4,midwest
19141,O'Brien,O'Brien County,IA,Iowa,43.0837,-95.6256,573,midwest
19143,Osceola,Osceola County,IA,Iowa,43.3785,-95.6338,398.7,midwest
19145,Page,Page County,IA,Iowa,40.7391,-95.1443,534.9,midwest
19147,Palo Alto,Palo Alto County,IA,Iowa,43.0753,-94.6691,563.9,midwest
19149,Plymouth,Plymouth County,IA,Iowa,42.7376,-96.216,862.8,midwest
19151,Pocahontas,Pocahontas County,IA,Iowa,42.734,-94.6783,577.2,midwest
19153,Polk,Polk County,IA,Iowa,41.6848,-93.569,572.7,midwest
19155,Pottawattamie,Pottawattamie County,IA,Iowa,41.3402,-95.5449,951.3,midwest
19157,Poweshiek,Poweshiek County,IA,Iowa,41.6846,-92.5229,584.9,midwest
19159,Ringgold,Ringgold County,IA,Iowa,40.7353,-94.2443,535.5,midwest
19161,Sac,Sac County,IA,Iowa,42.3875,-95.1052,575,midwest
19163,Scott,Scott County,IA,Iowa,41.6421,-90.6223,458.1,midwest
19165,Shelby,Shelby County,IA,Iowa,41.679,-95.3089,590.8,midwest
19167,Sioux,Sioux County,IA,Iowa,43.0826,-96.178,767.9,midwest
19169,Story,Story County,IA,Iowa,42.0375,-93.4661,572.5,midwest
19171,Tama,Tama County,IA,Iowa,42.0748,-92.5294,721,midwest
19173,Taylor,Taylor County,IA,Iowa,40.7379,-94.6971,531.9,midwest
19175,Union,Union County,IA,Iowa,41.0286,-94.2451,423.6,midwest
19177,Van Buren,Van Buren County,IA,Iowa,40.7541,-91.9529,484.8,midwest
19179,Wapello,Wapello County,IA,Iowa,41.0313,-92.4095,431.8,midwest
19181,Warren,Warren County,IA,Iowa,41.3324,-93.5688,569.7,midwest
19183,Washington,Washington County,IA,Iowa,41.3294,-91.7251,568.8,midwest
19185,Wayne,Wayne County,IA,Iowa,40.74,-93.3326,525.5,midwest
19187,Webster,Webster County,IA,Iowa,42.4336,-94.1758,715.7,midwest
19189,Winnebago,Winnebago County,IA,Iowa,43.3781,-93.7435,400.5,midwest
19191,Winneshiek,Winneshiek County,IA,Iowa,43.293,-91.8508,689.8,midwest
19193,Woodbury,Woodbury County,IA,Iowa,42.3932,-96.0533,872.9,midwest
19195,Worth,Worth County,IA,Iowa,43.3735,-93.2485,400.1,midwest
19197,Wright,Wright County,IA,Iowa,42.733,-93.7347,580.4,midwest
20001,Allen,Allen County,KS,Kansas,37.8842,-95.3009,500.3,southern_great_plains
20003,Anderson,Anderson County,KS,Kansas,38.2151,-95.292,579.6,southern_great_plains
20005,Atchison,Atchison County,KS,Kansas,39.5325,-95.3134,431.2,southern_great_plains
20007,Barber,Barber County,KS,Kansas,37.2229,-98.6851,1134,southern_great_plains
20009,Barton,Barton County,KS,Kansas,38.4812,-98.7678,895.3,southern_great_plains
20011,Bourbon,Bourbon County,KS,Kansas,37.8561,-94.8509,635.5,southern_great_plains
20013,Brown,Brown County,KS,Kansas,39.8259,-95.5699,570.9,southern_great_plains
20015,Butler,Butler County,KS,Kansas,37.7736,-96.8388,1430,southern_great_plains
20017,Chase,Chase County,KS,Kansas,38.2995,-96.594,773.1,southern_great_plains
20019,Chautauqua,Chautauqua County,KS,Kansas,37.1543,-96.2454,638.9,southern_great_plains
20021,Cherokee,Cherokee County,KS,Kansas,37.1694,-94.8457,587.6,southern_great_plains
20023,Cheyenne,Cheyenne County,KS,Kansas,39.7899,-101.7273,1020,southern_great_plains
20025,Clark,Clark County,KS,Kansas,37.2338,-99.8139,974.6,southern_great_plains
20027,Clay,Clay County,KS,Kansas,39.345,-97.1689,645.3,southern_great_plains
20029,Cloud,Cloud County,KS,Kansas,39.4873,-97.6414,715.3,southern_great_plains
20031,Coffey,Coffey County,KS,Kansas,38.2364,-95.7291,626.9,southern_great_plains
20033,Comanche,Comanche County,KS,Kansas,37.1814,-99.2513,788.3,southern_great_plains
20035,Cowley,Cowley County,KS,Kansas,37.2345,-96.8372,1126,southern_great_plains
20037,Crawford,Crawford County,KS,Kansas,37.5058,-94.8539,589.8,southern_great_plains
20039,Decatur,Decatur County,KS,Kansas,39.7835,-100.4597,893.5,southern_great_plains
20041,Dickinson,Dickinson County,KS,Kansas,38.8677,-97.1579,847.1,southern_great_plains
20043,Doniphan,Doniphan County,KS,Kansas,39.7885,-95.1472,393.5,southern_great_plains
20045,Douglas,Douglas County,KS,Kansas,38.8964,-95.2909,455.8,southern_great_plains
20047,Edwards,Edwards County,KS,Kansas,37.8836,-99.3047,621.9,southern_great_plains
20049,Elk,Elk County,KS,Kansas,37.456,-96.2446,644.3,southern_great_plains
20051,Ellis,Ellis County,KS,Kansas,38.9146,-99.3173,899.9,southern_great_plains
20053,Ellsworth,Ellsworth County,KS,Kansas,38.7008,-98.2054,715.6,southern_great_plains
20055,Finney,Finney County,KS,Kansas,38.0498,-100.74,1302,southern_great_plains
20057,Ford,Ford County,KS,Kansas,37.6885,-99.8847,1098,southern_great_plains
20059,Franklin,Franklin County,KS,Kansas,38.558,-95.279,571.8,southern_great_plains
20061,Geary,Geary County,KS,Kansas,39.0021,-96.7681,384.7,southern_great_plains
20063,Gove,Gove County,KS,Kansas,38.9172,-100.4874,1072,southern_great_plains
20065,Graham,Graham County,KS,Kansas,39.355,-99.8799,898.5,southern_great_plains
20067,Grant,Grant County,KS,Kansas,37.5475,-101.2994,574.8,southern_great_plains
20069,Gray,Gray County,KS,Kansas,37.7445,-100.4517,868.9,southern_great_plains
20071,Greeley,Greeley County,KS,Kansas,38.4804,-101.806,778.4,southern_great_plains
20073,Greenwood,Greenwood County,KS,Kansas,37.8793,-96.2417,1143,southern_great_plains
20075,Hamilton,Hamilton County,KS,Kansas,37.9952,-101.7937,996.5,southern_great_plains
20077,Harper,Harper County,KS,Kansas,37.1882,-98.0666,801.3,southern_great_plains
20079,Harvey,Harvey County,KS,Kansas,38.0501,-97.4367,539.8,southern_great_plains
20081,Haskell,Haskell County,KS,Kansas,37.555,-100.88,577.5,southern_great_plains
20083,Hodgeman,Hodgeman County,KS,Kansas,38.0875,-99.8984,860,southern_great_plains
20085,Jackson,Jackson County,KS,Kansas,39.4111,-95.7945,656.2,southern_great_plains
20087,Jefferson,Jefferson County,KS,Kansas,39.2396,-95.3753,532.6,southern_great_plains
20089,Jewell,Jewell County,KS,Kansas,39.777,-98.2226,910,southern_great_plains
20091,Johnson,Johnson County,KS,Kansas,38.8839,-94.8223,473.6,southern_great_plains
20093,Kearny,Kearny County,KS,Kansas,37.9945,-101.3081,870.5,southern_great_plains
20095,Kingman,Kingman County,KS,Kansas,37.553,-98.1445,863.4,southern_great_plains
20097,Kiowa,Kiowa County,KS,Kansas,37.5612,-99.2865,722.6,southern_great_plains
20099,Labette,Labette County,KS,Kansas,37.1915,-95.2975,645.4,southern_great_plains
20101,Lane,Lane County,KS,Kansas,38.4813,-100.4662,717.4,southern_great_plains
20103,Leavenworth,Leavenworth County,KS,Kansas,39.1895,-95.039,463.4,southern_great_plains
20105,Lincoln,Lincoln County,KS,Kansas,39.0473,-98.2143,719.4,southern_great_plains
20107,Linn,Linn County,KS,Kansas,38.2165,-94.8449,594.1,southern_great_plains
20109,Logan,Logan County,KS,Kansas,38.9133,-101.1574,1073,southern_great_plains
20111,Lyon,Lyon County,KS,Kansas,38.4554,-96.1616,847.5,southern_great_plains
20113,McPherson,McPherson County,KS,Kansas,38.3958,-97.6475,898.3,southern_great_plains
20115,Marion,Marion County,KS,Kansas,38.3596,-97.1028,944.3,southern_great_plains
20117,Marshall,Marshall County,KS,Kansas,39.7827,-96.5212,900.2,southern_great_plains
20119,Meade,Meade County,KS,Kansas,37.2439,-100.3601,978.1,southern_great_plains
20121,Miami,Miami County,KS,Kansas,38.5668,-94.833,575.9,southern_great_plains
20123,Mitchell,Mitchell County,KS,Kansas,39.393,-98.2074,701.8,southern_great_plains
20125,Montgomery,Montgomery County,KS,Kansas,37.1895,-95.7424,643.6,southern_great_plains
20127,Morris,Morris County,KS,Kansas,38.6882,-96.6514,695.3,southern_great_plains
20129,Morton,Morton County,KS,Kansas,37.1852,-101.8095,729.7,southern_great_plains
20131,Nemaha,Nemaha County,KS,Kansas,39.791,-96.0054,717.4,southern_great_plains
20133,Neosho,Neosho County,KS,Kansas,37.5643,-95.3157,571.5,southern_great_plains
20135,Ness,Ness County,KS,Kansas,38.4804,-99.9087,1075,southern_great_plains
20137,Norton,Norton County,KS,Kansas,39.7839,-99.8992,878,southern_great_plains
20139,Osage,Osage County,KS,Kansas,38.6502,-95.7083,705.5,southern_great_plains
20141,Osborne,Osborne County,KS,Kansas,39.3483,-98.7679,892.5,southern_great_plains
20143,Ottawa,Ottawa County,KS,Kansas,39.138,-97.6548,720.7,southern_great_plains
20145,Pawnee,Pawnee County,KS,Kansas,38.1815,-99.2348,754.3,southern_great_plains
20147,Phillips,Phillips County,KS,Kansas,39.7845,-99.3422,885.9,southern_great_plains
20149,Pottawatomie,Pottawatomie County,KS,Kansas,39.3822,-96.3371,840.7,southern_great_plains
20151,Pratt,Pratt County,KS,Kansas,37.6476,-98.7401,735,southern_great_plains
20153,Rawlins,Rawlins County,KS,Kansas,39.7862,-101.0767,1069,southern_great_plains
20155,Reno,Reno County,KS,Kansas,37.9482,-98.0783,1255,southern_great_plains
20157,Republic,Republic County,KS,Kansas,39.8289,-97.6509,717.4,southern_great_plains
20159,Rice,Rice County,KS,Kansas,38.3472,-98.2014,726.2,southern_great_plains
20161,Riley,Riley County,KS,Kansas,39.2912,-96.7275,609.7,southern_great_plains
20163,Rooks,Rooks County,KS,Kansas,39.346,-99.3245,890.5,southern_great_plains
20165,Rush,Rush County,KS,Kansas,38.5236,-99.3092,717.8,southern_great_plains
20167,Russell,Russell County,KS,Kansas,38.916,-98.7709,886.3,southern_great_plains
20169,Saline,Saline County,KS,Kansas,38.7918,-97.6515,720.2,southern_great_plains
20171,Scott,Scott County,KS,Kansas,38.4819,-100.9064,717.6,southern_great_plains
20173,Sedgwick,Sedgwick County,KS,Kansas,37.681,-97.4611,997,southern_great_plains
20175,Seward,Seward County,KS,Kansas,37.181,-100.8553,639.7,southern_great_plains
20177,Shawnee,Shawnee County,KS,Kansas,39.0418,-95.7557,544,southern_great_plains
20179,Sheridan,Sheridan County,KS,Kansas,39.3505,-100.4412,896,southern_great_plains
20181,Sherman,Sherman County,KS,Kansas,39.3514,-101.7199,1056,southern_great_plains
20183,Smith,Smith County,KS,Kansas,39.7847,-98.7854,895.5,southern_great_plains
20185,Stafford,Stafford County,KS,Kansas,38.0356,-98.7199,792,southern_great_plains
20187,Stanton,Stanton County,KS,Kansas,37.5659,-101.7894,680.4,southern_great_plains
20189,Stevens,Stevens County,KS,Kansas,37.2017,-101.3173,727.3,southern_great_plains
20191,Sumner,Sumner County,KS,Kansas,37.2367,-97.4934,1182,southern_great_plains
20193,Thomas,Thomas County,KS,Kansas,39.3577,-101.0834,1075,southern_great_plains
20195,Trego,Trego County,KS,Kansas,38.9213,-99.8654,889.5,southern_great_plains
20197,Wabaunsee,Wabaunsee County,KS,Kansas,38.9552,-96.2013,794.3,southern_great_plains
20199,Wallace,Wallace County,KS,Kansas,38.9266,-101.7711,913.7,southern_great_plains
20201,Washington,Washington County,KS,Kansas,39.7767,-97.0956,894.8,southern_great_plains
20203,Wichita,Wichita County,KS,Kansas,38.4819,-101.3474,718.6,southern_great_plains
20205,Wilson,Wilson County,KS,Kansas,37.5585,-95.7452,570.4,southern_great_plains
20207,Woodson,Woodson County,KS,Kansas,37.8882,-95.7585,497.8,southern_great_plains
20209,Wyandotte,Wyandotte County,KS,Kansas,39.1154,-94.7631,151.6,southern_great_plains
21001,Adair,Adair County,KY,Kentucky,37.1056,-85.2814,405.3,southeast
21003,Allen,Allen County,KY,Kentucky,36.7508,-86.1925,343.7,southeast
21005,Anderson,Anderson County,KY,Kentucky,38.0054,-84.9864,202.3,southeast
21007,Ballard,Ballard County,KY,Kentucky,37.0513,-89.0104,247.1,southeast
21009,Barren,Barren County,KY,Kentucky,36.9628,-85.9321,487.4,southeast
21011,Bath,Bath County,KY,Kentucky,38.1522,-83.7376,278,southeast
21013,Bell,Bell County,KY,Kentucky,36.7289,-83.6807,359,southeast
21015,Boone,Boone County,KY,Kentucky,38.9589,-84.7364,246.3,southeast
21017,Bourbon,Bourbon County,KY,Kentucky,38.2026,-84.2099,289.8,southeast
21019,Boyd,Boyd County,KY,Kentucky,38.36,-82.6814,159.9,southeast
21021,Boyle,Boyle County,KY,Kentucky,37.6181,-84.8684,180.3,southeast
21023,Bracken,Bracken County,KY,Kentucky,38.6804,-84.1152,202.7,southeast
21025,Breathitt,Breathitt County,KY,Kentucky,37.5178,-83.3172,492.4,southeast
21027,Breckinridge,Breckinridge County,KY,Kentucky,37.778,-86.4329,569.7,southeast
21029,Bullitt,Bullitt County,KY,Kentucky,37.9699,-85.7026,297.1,southeast
21031,Butler,Butler County,KY,Kentucky,37.207,-86.6825,426.1,southeast
21033,Caldwell,Caldwell County,KY,Kentucky,37.1486,-87.8705,344.8,southeast
21035,Calloway,Calloway County,KY,Kentucky,36.621,-88.2741,384.9,southeast
21037,Campbell,Campbell County,KY,Kentucky,38.947,-84.3796,151.3,southeast
21039,Carlisle,Carlisle County,KY,Kentucky,36.8572,-88.9766,189.5,southeast
21041,Carroll,Carroll County,KY,Kentucky,38.6684,-85.124,128.7,southeast
21043,Carter,Carter County,KY,Kentucky,38.3141,-83.039,409.5,southeast
21045,Casey,Casey County,KY,Kentucky,37.322,-84.9282,444.3,southeast
21047,Christian,Christian County,KY,Kentucky,36.8921,-87.493,717.7,southeast
21049,Clark,Clark County,KY,Kentucky,37.9703,-84.1451,252.5,southeast
21051,Clay,Clay County,KY,Kentucky,37.1643,-83.7155,469.3,southeast
21053,Clinton,Clinton County,KY,Kentucky,36.7273,-85.1361,197.1,southeast
21055,Crittenden,Crittenden County,KY,Kentucky,37.3581,-88.105,359.6,southeast
21057,Cumberland,Cumberland County,KY,Kentucky,36.7824,-85.3885,305.1,southeast
21059,Daviess,Daviess County,KY,Kentucky,37.7317,-87.0871,458.4,southeast
21061,Edmonson,Edmonson County,KY,Kentucky,37.2275,-86.218,302.8,southeast
21063,Elliott,Elliott County,KY,Kentucky,38.1169,-83.0961,234.3,southeast
21065,Estill,Estill County,KY,Kentucky,37.6924,-83.964,253.1,southeast
21067,Fayette,Fayette County,KY,Kentucky,38.0407,-84.4583,283.9,southeast
21069,Fleming,Fleming County,KY,Kentucky,38.3678,-83.6992,348.7,southeast
21071,Floyd,Floyd County,KY,Kentucky,37.5525,-82.7397,393.3,southeast
21073,Franklin,Franklin County,KY,Kentucky,38.2349,-84.8688,207.9,southeast
21075,Fulton,Fulton County,KY,Kentucky,36.5525,-89.1877,205.9,southeast
21077,Gallatin,Gallatin County,KY,Kentucky,38.7557,-84.8651,98.28,southeast
21079,Garrard,Garrard County,KY,Kentucky,37.6302,-84.5459,229.9,southeast
21081,Grant,Grant County,KY,Kentucky,38.6492,-84.6259,258,southeast
21083,Graves,Graves County,KY,Kentucky,36.7233,-88.6499,551.8,southeast
21085,Grayson,Grayson County,KY,Kentucky,37.4586,-86.344,499.5,southeast
21087,Green,Green County,KY,Kentucky,37.2781,-85.5379,286,southeast
21089,Greenup,Greenup County,KY,Kentucky,38.5636,-82.9338,344.5,southeast
21091,Hancock,Hancock County,KY,Kentucky,37.8433,-86.7928,187.7,southeast
21093,Hardin,Hardin County,KY,Kentucky,37.6958,-85.9632,623.9,southeast
21095,Harlan,Harlan County,KY,Kentucky,36.8592,-83.2215,465.8,southeast
21097,Harrison,Harrison County,KY,Kentucky,38.4446,-84.3341,306.5,southeast
21099,Hart,Hart County,KY,Kentucky,37.3058,-85.8784,412.7,southeast
21101,Henderson,Henderson County,KY,Kentucky,37.7925,-87.5726,436.4,southeast
21103,Henry,Henry County,KY,Kentucky,38.4514,-85.1196,286.3,southeast
21105,Hickman,Hickman County,KY,Kentucky,36.6759,-88.9721,242.3,southeast
21107,Hopkins,Hopkins County,KY,Kentucky,37.3111,-87.5422,542.2,southeast
21109,Jackson,Jackson County,KY,Kentucky,37.4035,-84.0206,345.2,southeast
21111,Jefferson,Jefferson County,KY,Kentucky,38.1895,-85.6576,380.8,southeast
21113,Jessamine,Jessamine County,KY,Kentucky,37.8733,-84.584,172.1,southeast
21115,Johnson,Johnson County,KY,Kentucky,37.8478,-82.8301,262,southeast
21117,Kenton,Kenton County,KY,Kentucky,38.9305,-84.5334,160.4,southeast
21119,Knott,Knott County,KY,Kentucky,37.3544,-82.9525,351.5,southeast
21121,Knox,Knox County,KY,Kentucky,36.8885,-83.8556,386.3,southeast
21123,Larue,Larue County,KY,Kentucky,37.5445,-85.6968,261,southeast
21125,Laurel,Laurel County,KY,Kentucky,37.1133,-84.1194,433.7,southeast
21127,Lawrence,Lawrence County,KY,Kentucky,38.0745,-82.7383,415.6,southeast
21129,Lee,Lee County,KY,Kentucky,37.6081,-83.7192,208.8,southeast
21131,Leslie,Leslie County,KY,Kentucky,37.0878,-83.3886,400.9,southeast
21133,Letcher,Letcher County,KY,Kentucky,37.1185,-82.8613,337.9,southeast
21135,Lewis,Lewis County,KY,Kentucky,38.535,-83.3701,482.9,southeast
21137,Lincoln,Lincoln County,KY,Kentucky,37.4572,-84.6583,332.9,southeast
21139,Livingston,Livingston County,KY,Kentucky,37.2095,-88.3634,313,southeast
21141,Logan,Logan County,KY,Kentucky,36.8596,-86.8813,552.2,southeast
21143,Lyon,Lyon County,KY,Kentucky,37.024,-88.0834,213.8,southeast
21145,McCracken,McCracken County,KY,Kentucky,37.0541,-88.7125,248.8,southeast
21147,McCreary,McCreary County,KY,Kentucky,36.7311,-84.4911,426.7,southeast
21149,McLean,McLean County,KY,Kentucky,37.5267,-87.2656,252.5,southeast
21151,Madison,Madison County,KY,Kentucky,37.7255,-84.2784,437.9,southeast
21153,Magoffin,Magoffin County,KY,Kentucky,37.699,-83.0697,308.4,southeast
21155,Marion,Marion County,KY,Kentucky,37.5526,-85.269,343.6,southeast
21157,Marshall,Marshall County,KY,Kentucky,36.882,-88.3328,302.1,southeast
21159,Martin,Martin County,KY,Kentucky,37.7968,-82.5066,229.6,southeast
21161,Mason,Mason County,KY,Kentucky,38.5941,-83.8281,240.1,southeast
21163,Meade,Meade County,KY,Kentucky,37.9675,-86.2009,305.5,southeast
21165,Menifee,Menifee County,KY,Kentucky,37.9355,-83.5894,203.5,southeast
21167,Mercer,Mercer County,KY,Kentucky,37.8121,-84.8797,249.4,southeast
21169,Metcalfe,Metcalfe County,KY,Kentucky,36.9924,-85.6335,289.7,southeast
21171,Monroe,Monroe County,KY,Kentucky,36.7141,-85.7135,329.5,southeast
21173,Montgomery,Montgomery County,KY,Kentucky,38.0381,-83.9124,197.4,southeast
21175,Morgan,Morgan County,KY,Kentucky,37.9229,-83.2589,381.1,southeast
21177,Muhlenberg,Muhlenberg County,KY,Kentucky,37.2138,-87.1341,467.3,southeast
21179,Nelson,Nelson County,KY,Kentucky,37.8031,-85.4659,418.7,southeast
21181,Nicholas,Nicholas County,KY,Kentucky,38.338,-84.0262,195.3,southeast
21183,Ohio,Ohio County,KY,Kentucky,37.4779,-86.8449,587.1,southeast
21185,Oldham,Oldham County,KY,Kentucky,38.4001,-85.4561,187.3,southeast
21187,Owen,Owen County,KY,Kentucky,38.4994,-84.8416,350.5,southeast
21189,Owsley,Owsley County,KY,Kentucky,37.4236,-83.6916,197.4,southeast
21191,Pendleton,Pendleton County,KY,Kentucky,38.6963,-84.3519,277.1,southeast
21193,Perry,Perry County,KY,Kentucky,37.2413,-83.2178,339.7,southeast
21195,Pike,Pike County,KY,Kentucky,37.486,-82.4109,786.2,southeast
21197,Powell,Powell County,KY,Kentucky,37.8096,-83.8312,179,southeast
21199,Pulaski,Pulaski County,KY,Kentucky,37.1074,-84.577,658.1,southeast
21201,Robertson,Robertson County,KY,Kentucky,38.5135,-84.0642,99.59,southeast
21203,Rockcastle,Rockcastle County,KY,Kentucky,37.361,-84.3144,316.6,southeast
21205,Rowan,Rowan County,KY,Kentucky,38.2043,-83.4281,279.9,southeast
21207,Russell,Russell County,KY,Kentucky,36.9906,-85.055,253.3,southeast
21209,Scott,Scott County,KY,Kentucky,38.2857,-84.5783,282.2,southeast
21211,Shelby,Shelby County,KY,Kentucky,38.239,-85.2282,379.8,southeast
21213,Simpson,Simpson County,KY,Kentucky,36.7409,-86.5818,234.2,southeast
21215,Spencer,Spencer County,KY,Kentucky,38.0253,-85.3173,186.7,southeast
21217,Taylor,Taylor County,KY,Kentucky,37.3662,-85.3281,266.4,southeast
21219,Todd,Todd County,KY,Kentucky,36.8403,-87.1836,374.5,southeast
21221,Trigg,Trigg County,KY,Kentucky,36.8077,-87.8587,441.4,southeast
21223,Trimble,Trimble County,KY,Kentucky,38.62,-85.3512,147.8,southeast
21225,Union,Union County,KY,Kentucky,37.658,-87.9517,342.9,southeast
21227,Warren,Warren County,KY,Kentucky,36.9956,-86.4236,541.7,southeast
21229,Washington,Washington County,KY,Kentucky,37.7542,-85.1754,297.3,southeast
21231,Wayne,Wayne County,KY,Kentucky,36.8008,-84.8266,458,southeast
21233,Webster,Webster County,KY,Kentucky,37.5204,-87.6852,332,southeast
21235,Whitley,Whitley County,KY,Kentucky,36.758,-84.1446,437.9,southeast
21237,Wolfe,Wolfe County,KY,Kentucky,37.7439,-83.4951,222.2,southeast
21239,Woodford,Woodford County,KY,Kentucky,38.0431,-84.7489,189.6,southeast
22001,Acadia,Acadia Parish,LA,Louisiana,30.2915,-92.411,655.2,southeast
22003,Allen,Allen Parish,LA,Louisiana,30.6527,-92.8196,762.1,southeast
22005,Ascension,Ascension Parish,LA,Louisiana,30.2064,-90.9125,290,southeast
22007,Assumption,Assumption Parish,LA,Louisiana,29.9033,-91.0652,344,southeast
22009,Avoyelles,Avoyelles Parish,LA,Louisiana,31.0885,-91.9833,831.4,southeast
22011,Beauregard,Beauregard Parish,LA,Louisiana,30.645,-93.3403,1157,southeast
22013,Bienville,Bienville Parish,LA,Louisiana,32.341,-93.0412,811.3,southeast
22015,Bossier,Bossier Parish,LA,Louisiana,32.6985,-93.6266,839.6,southeast
22017,Caddo,Caddo Parish,LA,Louisiana,32.5801,-93.885,879.5,southeast
22019,Calcasieu,Calcasieu Parish,LA,Louisiana,30.2296,-93.358,1064,southeast
22021,Caldwell,Caldwell Parish,LA,Louisiana,32.1012,-92.1142,529.8,southeast
22023,Cameron,Cameron Parish,LA,Louisiana,29.8718,-93.1649,1285,southeast
22025,Catahoula,Catahoula Parish,LA,Louisiana,31.6665,-91.8467,709.3,southeast
22027,Claiborne,Claiborne Parish,LA,Louisiana,32.8272,-92.9897,754.8,southeast
22029,Concordia,Concordia Parish,LA,Louisiana,31.4698,-91.6263,695.7,southeast
22031,De Soto,De Soto Parish,LA,Louisiana,32.0592,-93.7408,876.4,southeast
22033,East Baton Rouge,East Baton Rouge Parish,LA,Louisiana,30.5439,-91.0931,455.5,southeast
22035,East Carroll,East Carroll Parish,LA,Louisiana,32.7302,-91.2341,420.9,southeast
22037,East Feliciana,East Feliciana Parish,LA,Louisiana,30.8398,-91.0434,453.3,southeast
22039,Evangeline,Evangeline Parish,LA,Louisiana,30.7207,-92.4041,662.4,southeast
22041,Franklin,Franklin Parish,LA,Louisiana,32.1391,-91.6724,624.3,southeast
22043,Grant,Grant Parish,LA,Louisiana,31.5978,-92.5617,643.8,southeast
22045,Iberia,Iberia Parish,LA,Louisiana,29.606,-91.8427,574.7,southeast
22047,Iberville,Iberville Parish,LA,Louisiana,30.2707,-91.3659,617.3,southeast
22049,Jackson,Jackson Parish,LA,Louisiana,32.3043,-92.5617,569.5,southeast
22051,Jefferson,Jefferson Parish,LA,Louisiana,29.5033,-90.0362,300.9,southeast
22053,Jefferson Davis,Jefferson Davis Parish,LA,Louisiana,30.2695,-92.8162,651.5,southeast
22055,Lafayette,Lafayette Parish,LA,Louisiana,30.2065,-92.0642,268.8,southeast
22057,Lafourche,Lafourche Parish,LA,Louisiana,29.492,-90.3948,1068,southeast
22059,LaSalle,LaSalle Parish,LA,Louisiana,31.6801,-92.1616,624.9,southeast
22061,Lincoln,Lincoln Parish,LA,Louisiana,32.6018,-92.6623,471.6,southeast
22063,Livingston,Livingston Parish,LA,Louisiana,30.4404,-90.7275,648.1,southeast
22065,Madison,Madison Parish,LA,Louisiana,32.3469,-91.2319,623.9,southeast
22067,Morehouse,Morehouse Parish,LA,Louisiana,32.82,-91.8004,795,southeast
22069,Natchitoches,Natchitoches Parish,LA,Louisiana,31.7325,-93.0825,1253,southeast
22071,Orleans,Orleans Parish,LA,Louisiana,30.0534,-89.9345,169.5,southeast
22073,Ouachita,Ouachita Parish,LA,Louisiana,32.4809,-92.1516,610.4,southeast
22075,Plaquemines,Plaquemines Parish,LA,Louisiana,29.2824,-89.5761,780.6,southeast
22077,Pointe Coupee,Pointe Coupee Parish,LA,Louisiana,30.7083,-91.6046,555.5,southeast
22079,Rapides,Rapides Parish,LA,Louisiana,31.1932,-92.536,1324,southeast
22081,Red River,Red River Parish,LA,Louisiana,32.1012,-93.3491,389,southeast
22083,Richland,Richland Parish,LA,Louisiana,32.4132,-91.7484,555.6,southeast
22085,Sabine,Sabine Parish,LA,Louisiana,31.5604,-93.5596,866.6,southeast
22087,St. Bernard,St. Bernard Parish,LA,Louisiana,29.9181,-89.2635,377.5,southeast
22089,St. Charles,St. Charles Parish,LA,Louisiana,29.9057,-90.3579,277.7,southeast
22091,St. Helena,St. Helena Parish,LA,Louisiana,30.8225,-90.7083,408.5,southeast
22093,St. James,St. James Parish,LA,Louisiana,30.0248,-90.794,237.9,southeast
22095,St. John the Baptist,St. John the Baptist Parish,LA,Louisiana,30.1441,-90.491,214.5,southeast
22097,St. Landry,St. Landry Parish,LA,Louisiana,30.5834,-91.9893,923.4,southeast
22099,St. Martin,St. Martin Parish,LA,Louisiana,30.1214,-91.6115,737.5,southeast
22101,St. Mary,St. Mary Parish,LA,Louisiana,29.6293,-91.4638,558.5,southeast
22103,St. Tammany,St. Tammany Parish,LA,Louisiana,30.41,-89.952,845.3,southeast
22105,Tangipahoa,Tangipahoa Parish,LA,Louisiana,30.6213,-90.4065,791.2,southeast
22107,Tensas,Tensas Parish,LA,Louisiana,32.0015,-91.3426,603.3,southeast
22109,Terrebonne,Terrebonne Parish,LA,Louisiana,29.3341,-90.8437,1230,southeast
22111,Union,Union Parish,LA,Louisiana,32.8293,-92.3756,876.9,southeast
22113,Vermilion,Vermilion Parish,LA,Louisiana,29.8066,-92.3214,1172,southeast
22115,Vernon,Vernon Parish,LA,Louisiana,31.1028,-93.1883,1327,southeast
22117,Washington,Washington Parish,LA,Louisiana,30.8521,-90.0463,669.6,southeast
22119,Webster,Webster Parish,LA,Louisiana,32.7322,-93.3398,593.3,southeast
22121,West Baton Rouge,West Baton Rouge Parish,LA,Louisiana,30.4641,-91.3098,192.3,southeast
22123,West Carroll,West Carroll Parish,LA,Louisiana,32.7925,-91.452,359.7,southeast
22125,West Feliciana,West Feliciana Parish,LA,Louisiana,30.8734,-91.4218,403.2,southeast
22127,Winn,Winn Parish,LA,Louisiana,31.9412,-92.6413,950,southeast
23001,Androscoggin,Androscoggin County,ME,Maine,44.1677,-70.2074,468,northeast
23003,Aroostook,Aroostook County,ME,Maine,46.7092,-68.6124,6671,northeast
23005,Cumberland,Cumberland County,ME,Maine,43.8083,-70.3304,836.2,northeast
23007,Franklin,Franklin County,ME,Maine,44.9767,-70.4149,1697,northeast
23009,Hancock,Hancock County,ME,Maine,44.5649,-68.3707,1587,northeast
23011,Kennebec,Kennebec County,ME,Maine,44.417,-69.7658,867.5,northeast
23013,Knox,Knox County,ME,Maine,44.042,-69.0385,364.9,northeast
23015,Lincoln,Lincoln County,ME,Maine,43.9948,-69.5136,455.9,northeast
23017,Oxford,Oxford County,ME,Maine,44.4945,-70.7344,2077,northeast
23019,Penobscot,Penobscot County,ME,Maine,45.4093,-68.6666,3397,northeast
23021,Piscataquis,Piscataquis County,ME,Maine,45.9156,-69.1022,3961,northeast
23023,Sagadahoc,Sagadahoc County,ME,Maine,43.9168,-69.8442,254,northeast
23025,Somerset,Somerset County,ME,Maine,45.5036,-69.9561,3924,northeast
23027,Waldo,Waldo County,ME,Maine,44.475,-69.1174,730.2,northeast
23029,Washington,Washington County,ME,Maine,44.967,-67.6094,2563,northeast
23031,York,York County,ME,Maine,43.426,-70.6684,991.2,northeast
24001,Allegany,Allegany County,MD,Maryland,39.6123,-78.7031,422.2,northeast
24003,Anne Arundel,Anne Arundel County,MD,Maryland,38.9916,-76.5609,414.8,northeast
24005,Baltimore,Baltimore County,MD,Maryland,39.4432,-76.6166,598.4,northeast
24009,Calvert,Calvert County,MD,Maryland,38.5227,-76.5298,213.2,northeast
24011,Caroline,Caroline County,MD,Maryland,38.8715,-75.8317,319.4,northeast
24013,Carroll,Carroll County,MD,Maryland,39.5633,-77.0153,447.6,northeast
24015,Cecil,Cecil County,MD,Maryland,39.5624,-75.9416,346.3,northeast
24017,Charles,Charles County,MD,Maryland,38.4729,-77.0154,457.8,northeast
24019,Dorchester,Dorchester County,MD,Maryland,38.4292,-76.0474,540.8,northeast
24021,Frederick,Frederick County,MD,Maryland,39.4702,-77.3976,660.6,northeast
24023,Garrett,Garrett County,MD,Maryland,39.5473,-79.2746,649.1,northeast
24025,Harford,Harford County,MD,Maryland,39.5374,-76.2998,437.1,northeast
24027,Howard,Howard County,MD,Maryland,39.2523,-76.9244,250.9,northeast
24029,Kent,Kent County,MD,Maryland,39.2413,-76.126,276.9,northeast
24031,Montgomery,Montgomery County,MD,Maryland,39.1374,-77.2031,493.1,northeast
24033,Prince George's,Prince George's County,MD,Maryland,38.8293,-76.8482,482.6,northeast
24035,Queen Anne's,Queen Anne's County,MD,Maryland,39.0407,-76.0824,371.7,northeast
24037,St. Mary's,St. Mary's County,MD,Maryland,38.2231,-76.5345,358.6,northeast
24039,Somerset,Somerset County,MD,Maryland,38.0744,-75.8533,319.7,northeast
24041,Talbot,Talbot County,MD,Maryland,38.7483,-76.1785,268.6,northeast
24043,Washington,Washington County,MD,Maryland,39.6036,-77.8147,457.8,northeast
24045,Wicomico,Wicomico County,MD,Maryland,38.3674,-75.6321,374.4,northeast
24047,Worcester,Worcester County,MD,Maryland,38.2221,-75.3099,468.3,northeast
24510,Baltimore,Baltimore city,MD,Maryland,39.3,-76.6105,80.95,northeast
25001,Barnstable,Barnstable County,MA,Massachusetts,41.7061,-70.1648,394.2,northeast
25003,Berkshire,Berkshire County,MA,Massachusetts,42.3715,-73.2179,926.9,northeast
25005,Bristol,Bristol County,MA,Massachusetts,41.7486,-71.0889,553.1,northeast
25007,Dukes,Dukes County,MA,Massachusetts,41.381,-70.7015,103.2,northeast
25009,Essex,Essex County,MA,Massachusetts,42.6427,-70.8649,492.5,northeast
25011,Franklin,Franklin County,MA,Massachusetts,42.5845,-72.5918,699.2,northeast
25013,Hampden,Hampden County,MA,Massachusetts,42.1362,-72.6356,617,northeast
25015,Hampshire,Hampshire County,MA,Massachusetts,42.3395,-72.6637,527.2,northeast
25017,Middlesex,Middlesex County,MA,Massachusetts,42.4817,-71.3949,817.9,northeast
25019,Nantucket,Nantucket County,MA,Massachusetts,41.2934,-70.1022,46.19,northeast
25021,Norfolk,Norfolk County,MA,Massachusetts,42.1717,-71.1811,396.1,northeast
25023,Plymouth,Plymouth County,MA,Massachusetts,41.9872,-70.7419,658.5,northeast
25025,Suffolk,Suffolk County,MA,Massachusetts,42.3386,-71.0183,58.26,northeast
25027,Worcester,Worcester County,MA,Massachusetts,42.3117,-71.9403,1511,northeast
26001,Alcona,Alcona County,MI,Michigan,44.6575,-83.2946,674.7,midwest
26003,Alger,Alger County,MI,Michigan,46.5217,-86.6571,915,midwest
26005,Allegan,Allegan County,MI,Michigan,42.4213,-86.2614,825.3,midwest
26007,Alpena,Alpena County,MI,Michigan,44.895,-83.4266,571.9,midwest
26009,Antrim,Antrim County,MI,Michigan,45.0055,-85.1756,475.7,midwest
26011,Arenac,Arenac County,MI,Michigan,44.0368,-83.7407,363.2,midwest
26013,Baraga,Baraga County,MI,Michigan,46.6959,-88.3618,898.4,midwest
26015,Barry,Barry County,MI,Michigan,42.5828,-85.3145,553.1,midwest
26017,Bay,Bay County,MI,Michigan,43.6997,-83.9787,442.4,midwest
26019,Benzie,Benzie County,MI,Michigan,44.6368,-86.232,319.7,midwest
26021,Berrien,Berrien County,MI,Michigan,41.7914,-86.7425,567.8,midwest
26023,Branch,Branch County,MI,Michigan,41.9185,-85.0669,506.4,midwest
26025,Calhoun,Calhoun County,MI,Michigan,42.243,-85.0124,706.3,midwest
26027,Cass,Cass County,MI,Michigan,41.9172,-86.0001,490.1,midwest
26029,Charlevoix,Charlevoix County,MI,Michigan,45.6186,-85.5437,416.3,midwest
26031,Cheboygan,Cheboygan County,MI,Michigan,45.476,-84.4954,715.3,midwest
26033,Chippewa,Chippewa County,MI,Michigan,46.3218,-84.5206,1559,midwest
26035,Clare,Clare County,MI,Michigan,43.9911,-84.8383,564.4,midwest
26037,Clinton,Clinton County,MI,Michigan,42.9505,-84.5917,567.3,midwest
26039,Crawford,Crawford County,MI,Michigan,44.6802,-84.6113,556.4,midwest
26041,Delta,Delta County,MI,Michigan,45.8052,-86.9019,1171,midwest
26043,Dickinson,Dickinson County,MI,Michigan,46.0128,-87.8661,761,midwest
26045,Eaton,Eaton County,MI,Michigan,42.5895,-84.8465,575.2,midwest
26047,Emmet,Emmet County,MI,Michigan,45.5901,-84.9868,467.5,midwest
26049,Genesee,Genesee County,MI,Michigan,43.0211,-83.7064,636.9,midwest
26051,Gladwin,Gladwin County,MI,Michigan,43.9898,-84.3898,501.8,midwest
26053,Gogebic,Gogebic County,MI,Michigan,46.4881,-89.7883,1102,midwest
26055,Grand Traverse,Grand Traverse County,MI,Michigan,44.7187,-85.5538,464.3,midwest
26057,Gratiot,Gratiot County,MI,Michigan,43.2923,-84.6047,568.4,midwest
26059,Hillsdale,Hillsdale County,MI,Michigan,41.9275,-84.6375,598.2,midwest
26061,Houghton,Houghton County,MI,Michigan,46.9984,-88.6519,1009,midwest
26063,Huron,Huron County,MI,Michigan,43.9076,-82.857,836,midwest
26065,Ingham,Ingham County,MI,Michigan,42.6035,-84.3738,556.1,midwest
26067,Ionia,Ionia County,MI,Michigan,42.9447,-85.0738,571.3,midwest
26069,Iosco,Iosco County,MI,Michigan,44.3869,-83.3801,549.5,midwest
26071,Iron,Iron County,MI,Michigan,46.1703,-88.5405,1166,midwest
26073,Isabella,Isabella County,MI,Michigan,43.6452,-84.8394,572.7,midwest
26075,Jackson,Jackson County,MI,Michigan,42.2485,-84.4209,701.9,midwest
26077,Kalamazoo,Kalamazoo County,MI,Michigan,42.2463,-85.5329,562,midwest
26079,Kalkaska,Kalkaska County,MI,Michigan,44.6789,-85.089,559.7,midwest
26081,Kent,Kent County,MI,Michigan,43.0325,-85.5474,848.9,midwest
26083,Keweenaw,Keweenaw County,MI,Michigan,47.3673,-88.3513,540.1,midwest
26085,Lake,Lake County,MI,Michigan,43.9952,-85.8114,567.6,midwest
26087,Lapeer,Lapeer County,MI,Michigan,43.0886,-83.2243,647,midwest
26089,Leelanau,Leelanau County,MI,Michigan,45.1462,-86.0516,347.2,midwest
26091,Lenawee,Lenawee County,MI,Michigan,41.896,-84.0744,749.6,midwest
26093,Livingston,Livingston County,MI,Michigan,42.6025,-83.9117,565.3,midwest
26095,Luce,Luce County,MI,Michigan,46.511,-85.5176,899.1,midwest
26097,Mackinac,Mackinac County,MI,Michigan,46.1679,-85.3038,1022,midwest
26099,Macomb,Macomb County,MI,Michigan,42.6716,-82.9115,479.4,midwest
26101,Manistee,Manistee County,MI,Michigan,44.2453,-86.3275,542.3,midwest
26103,Marquette,Marquette County,MI,Michigan,46.6566,-87.584,1809,midwest
26105,Mason,Mason County,MI,Michigan,43.9572,-86.4429,495,midwest
26107,Mecosta,Mecosta County,MI,Michigan,43.6353,-85.3328,555.2,midwest
26109,Menominee,Menominee County,MI,Michigan,45.5356,-87.5015,1044,midwest
26111,Midland,Midland County,MI,Michigan,43.6482,-84.3794,518.4,midwest
26113,Missaukee,Missaukee County,MI,Michigan,44.3254,-85.0855,564.8,midwest
26115,Monroe,Monroe County,MI,Michigan,41.9161,-83.4871,549.4,midwest
26117,Montcalm,Montcalm County,MI,Michigan,43.3128,-85.1495,705.3,midwest
26119,Montmorency,Montmorency County,MI,Michigan,45.0241,-84.1301,546.7,midwest
26121,Muskegon,Muskegon County,MI,Michigan,43.4287,-86.4209,503.9,midwest
26123,Newaygo,Newaygo County,MI,Michigan,43.5627,-85.7914,838.9,midwest
26125,Oakland,Oakland County,MI,Michigan,42.6605,-83.3842,867.4,midwest
26127,Oceana,Oceana County,MI,Michigan,43.604,-86.4672,538.1,midwest
26129,Ogemaw,Ogemaw County,MI,Michigan,44.3333,-84.1281,563.5,midwest
26131,Ontonagon,Ontonagon County,MI,Michigan,46.8352,-89.2769,1311,midwest
26133,Osceola,Osceola County,MI,Michigan,43.9976,-85.3223,566.3,midwest
26135,Oscoda,Oscoda County,MI,Michigan,44.6873,-84.1269,565.7,midwest
26137,Otsego,Otsego County,MI,Michigan,45.0218,-84.5766,515,midwest
26139,Ottawa,Ottawa County,MI,Michigan,43.055,-86.2193,563.5,midwest
26141,Presque Isle,Presque Isle County,MI,Michigan,45.2524,-83.4323,658.7,midwest
26143,Roscommon,Roscommon County,MI,Michigan,44.3395,-84.6113,519.9,midwest
26145,Saginaw,Saginaw County,MI,Michigan,43.3283,-84.0554,800.8,midwest
26147,St. Clair,St. Clair County,MI,Michigan,42.9288,-82.6689,721.5,midwest
26149,St. Joseph,St. Joseph County,MI,Michigan,41.9115,-85.5229,500.6,midwest
26151,Sanilac,Sanilac County,MI,Michigan,43.4492,-82.6428,962.6,midwest
26153,Schoolcraft,Schoolcraft County,MI,Michigan,46.0211,-86.197,1172,midwest
26155,Shiawassee,Shiawassee County,MI,Michigan,42.9515,-84.1464,531,midwest
26157,Tuscola,Tuscola County,MI,Michigan,43.4879,-83.4366,804.8,midwest
26159,Van Buren,Van Buren County,MI,Michigan,42.2822,-86.3061,607.8,midwest
26161,Washtenaw,Washtenaw County,MI,Michigan,42.2522,-83.8434,706,midwest
26163,Wayne,Wayne County,MI,Michigan,42.2847,-83.262,611.8,midwest
26165,Wexford,Wexford County,MI,Michigan,44.3314,-85.57,564.9,midwest
27001,Aitkin,Aitkin County,MN,Minnesota,46.6024,-93.4197,1821,midwest
27003,Anoka,Anoka County,MN,Minnesota,45.2741,-93.2427,422,midwest
27005,Becker,Becker County,MN,Minnesota,46.9376,-95.7418,1315,midwest
27007,Beltrami,Beltrami County,MN,Minnesota,47.8795,-95.005,2505,midwest
27009,Benton,Benton County,MN,Minnesota,45.7012,-94.0014,408.3,midwest
27011,Big Stone,Big Stone County,MN,Minnesota,45.4199,-96.4022,499.1,midwest
27013,Blue Earth,Blue Earth County,MN,Minnesota,44.0337,-94.064,747.8,midwest
27015,Brown,Brown County,MN,Minnesota,44.2465,-94.7336,611.1,midwest
27017,Carlton,Carlton County,MN,Minnesota,46.6038,-92.671,861.2,midwest
27019,Carver,Carver County,MN,Minnesota,44.8213,-93.8001,353.9,midwest
27021,Cass,Cass County,MN,Minnesota,46.9517,-94.3337,2021,midwest
27023,Chippewa,Chippewa County,MN,Minnesota,45.0286,-95.5641,581.2,midwest
27025,Chisago,Chisago County,MN,Minnesota,45.5054,-92.9038,414.9,midwest
27027,Clay,Clay County,MN,Minnesota,46.8984,-96.4949,1045,midwest
27029,Clearwater,Clearwater County,MN,Minnesota,47.5759,-95.3711,999,midwest
27031,Cook,Cook County,MN,Minnesota,47.7586,-90.3443,1453,midwest
27033,Cottonwood,Cottonwood County,MN,Minnesota,44.0106,-95.1832,640,midwest
27035,Crow Wing,Crow Wing County,MN,Minnesota,46.4917,-94.0707,998.4,midwest
27037,Dakota,Dakota County,MN,Minnesota,44.6709,-93.0625,562.6,midwest
27039,Dodge,Dodge County,MN,Minnesota,44.0207,-92.8694,439.4,midwest
27041,Douglas,Douglas County,MN,Minnesota,45.9368,-95.4622,636.9,midwest
27043,Faribault,Faribault County,MN,Minnesota,43.6765,-93.9472,712.5,midwest
27045,Fillmore,Fillmore County,MN,Minnesota,43.6792,-92.0939,861.3,midwest
27047,Freeborn,Freeborn County,MN,Minnesota,43.6742,-93.3503,707.2,midwest
27049,Goodhue,Goodhue County,MN,Minnesota,44.4062,-92.716,756.7,midwest
27051,Grant,Grant County,MN,Minnesota,45.9307,-96.0107,547.8,midwest
27053,Hennepin,Hennepin County,MN,Minnesota,45.0061,-93.4752,554,midwest
27055,Houston,Houston County,MN,Minnesota,43.667,-91.5016,552.1,midwest
27057,Hubbard,Hubbard County,MN,Minnesota,47.0956,-94.9133,926,midwest
27059,Isanti,Isanti County,MN,Minnesota,45.5624,-93.2963,435.8,midwest
27061,Itasca,Itasca County,MN,Minnesota,47.4908,-93.6111,2668,midwest
27063,Jackson,Jackson County,MN,Minnesota,43.6711,-95.1497,703,midwest
27065,Kanabec,Kanabec County,MN,Minnesota,45.9478,-93.2978,521.6,midwest
27067,Kandiyohi,Kandiyohi County,MN,Minnesota,45.1527,-95.005,797.4,midwest
27069,Kittson,Kittson County,MN,Minnesota,48.776,-96.7803,1099,midwest
27071,Koochiching,Koochiching County,MN,Minnesota,48.2454,-93.7829,3105,midwest
27073,Lac qui Parle,Lac qui Parle County,MN,Minnesota,44.9998,-96.1769,765,midwest
27075,Lake,Lake County,MN,Minnesota,47.5171,-91.4117,2109,midwest
27077,Lake of the Woods,Lake of the Woods County,MN,Minnesota,48.7681,-94.9046,1298,midwest
27079,Le Sueur,Le Sueur County,MN,Minnesota,44.3734,-93.7301,448.8,midwest
27081,Lincoln,Lincoln County,MN,Minnesota,44.4082,-96.272,536.8,midwest
27083,Lyon,Lyon County,MN,Minnesota,44.4092,-95.8473,714.4,midwest
27085,McLeod,McLeod County,MN,Minnesota,44.8217,-94.2723,491.5,midwest
27087,Mahnomen,Mahnomen County,MN,Minnesota,47.3284,-95.8111,557.9,midwest
27089,Marshall,Marshall County,MN,Minnesota,48.3627,-96.3578,1775,midwest
27091,Martin,Martin County,MN,Minnesota,43.6772,-94.5471,712.3,midwest
27093,Meeker,Meeker County,MN,Minnesota,45.1232,-94.5273,608,midwest
27095,Mille Lacs,Mille Lacs County,MN,Minnesota,45.9293,-93.6327,572.3,midwest
27097,Morrison,Morrison County,MN,Minnesota,46.0205,-94.2666,1125,midwest
27099,Mower,Mower County,MN,Minnesota,43.6662,-92.7595,711.3,midwest
27101,Murray,Murray County,MN,Minnesota,44.0156,-95.7616,704.7,midwest
27103,Nicollet,Nicollet County,MN,Minnesota,44.3588,-94.2457,448.5,midwest
27105,Nobles,Nobles County,MN,Minnesota,43.6777,-95.7631,715.1,midwest
27107,Norman,Norman County,MN,Minnesota,47.3295,-96.4638,872.8,midwest
27109,Olmsted,Olmsted County,MN,Minnesota,43.9995,-92.4101,653.5,midwest
27111,Otter Tail,Otter Tail County,MN,Minnesota,46.4057,-95.7146,1972,midwest
27113,Pennington,Pennington County,MN,Minnesota,48.0692,-96.0377,616.5,midwest
27115,Pine,Pine County,MN,Minnesota,46.1009,-92.7631,1411,midwest
27117,Pipestone,Pipestone County,MN,Minnesota,44.0154,-96.257,465.1,midwest
27119,Polk,Polk County,MN,Minnesota,47.7743,-96.4,1971,midwest
27121,Pope,Pope County,MN,Minnesota,45.5896,-95.4467,674.6,midwest
27123,Ramsey,Ramsey County,MN,Minnesota,45.0152,-93.1,152.3,midwest
27125,Red Lake,Red Lake County,MN,Minnesota,47.8655,-96.0872,432.4,midwest
27127,Redwood,Redwood County,MN,Minnesota,44.4035,-95.2542,878.6,midwest
27129,Renville,Renville County,MN,Minnesota,44.7237,-94.9556,982.9,midwest
27131,Rice,Rice County,MN,Minnesota,44.3508,-93.2985,495.8,midwest
27133,Rock,Rock County,MN,Minnesota,43.6696,-96.2632,482.5,midwest
27135,Roseau,Roseau County,MN,Minnesota,48.7611,-95.8215,1672,midwest
27137,St. Louis,St. Louis County,MN,Minnesota,47.5786,-92.5146,6248,midwest
27139,Scott,Scott County,MN,Minnesota,44.6518,-93.5337,356.1,midwest
27141,Sherburne,Sherburne County,MN,Minnesota,45.4532,-93.7692,432.9,midwest
27143,Sibley,Sibley County,MN,Minnesota,44.5757,-94.2301,588.8,midwest
27145,Stearns,Stearns County,MN,Minnesota,45.5552,-94.6105,1343,midwest
27147,Steele,Steele County,MN,Minnesota,44.0153,-93.2205,429.5,midwest
27149,Stevens,Stevens County,MN,Minnesota,45.5935,-95.9923,563.7,midwest
27151,Swift,Swift County,MN,Minnesota,45.2758,-95.6901,742,midwest
27153,Todd,Todd County,MN,Minnesota,46.0666,-94.9006,945.1,midwest
27155,Traverse,Traverse County,MN,Minnesota,45.7699,-96.4748,573.9,midwest
27157,Wabasha,Wabasha County,MN,Minnesota,44.2896,-92.2335,522.9,midwest
27159,Wadena,Wadena County,MN,Minnesota,46.587,-94.9886,536.3,midwest
27161,Waseca,Waseca County,MN,Minnesota,44.0185,-93.5898,423.4,midwest
27163,Washington,Washington County,MN,Minnesota,45.0379,-92.8901,384.8,midwest
27165,Watonwan,Watonwan County,MN,Minnesota,43.9781,-94.6138,434.9,midwest
27167,Wilkin,Wilkin County,MN,Minnesota,46.3623,-96.4767,751,midwest
27169,Winona,Winona County,MN,Minnesota,43.9814,-91.777,626.2,midwest
27171,Wright,Wright County,MN,Minnesota,45.1751,-93.9664,661.1,midwest
27173,Yellow Medicine,Yellow Medicine County,MN,Minnesota,44.7157,-95.8628,759.1,midwest
28001,Adams,Adams County,MS,Mississippi,31.4862,-91.3518,462.3,southeast
28003,Alcorn,Alcorn County,MS,Mississippi,34.8866,-88.5811,400,southeast
28005,Amite,Amite County,MS,Mississippi,31.2039,-90.7955,730.1,southeast
28007,Attala,Attala County,MS,Mississippi,33.0905,-89.5886,735,southeast
28009,Benton,Benton County,MS,Mississippi,34.8096,-89.2002,406.6,southeast
28011,Bolivar,Bolivar County,MS,Mississippi,33.7991,-90.8841,876.5,southeast
28013,Calhoun,Calhoun County,MS,Mississippi,33.9366,-89.3371,586.6,southeast
28015,Carroll,Carroll County,MS,Mississippi,33.4408,-89.9189,628.4,southeast
28017,Chickasaw,Chickasaw County,MS,Mississippi,33.9333,-88.9476,501.8,southeast
28019,Choctaw,Choctaw County,MS,Mississippi,33.346,-89.2513,418.2,southeast
28021,Claiborne,Claiborne County,MS,Mississippi,31.9728,-90.9154,487.4,southeast
28023,Clarke,Clarke County,MS,Mississippi,32.0454,-88.688,691.6,southeast
28025,Clay,Clay County,MS,Mississippi,33.6597,-88.7825,410.1,southeast
28027,Coahoma,Coahoma County,MS,Mississippi,34.2303,-90.604,553.1,southeast
28029,Copiah,Copiah County,MS,Mississippi,31.8669,-90.4488,777.3,southeast
28031,Covington,Covington County,MS,Mississippi,31.6333,-89.5489,413.8,southeast
28033,DeSoto,DeSoto County,MS,Mississippi,34.8749,-89.9912,476.4,southeast
28035,Forrest,Forrest County,MS,Mississippi,31.1886,-89.2594,466,southeast
28037,Franklin,Franklin County,MS,Mississippi,31.4778,-90.8955,564,southeast
28039,George,George County,MS,Mississippi,30.8554,-88.6423,478.7,southeast
28041,Greene,Greene County,MS,Mississippi,31.2128,-88.6348,712.7,southeast
28043,Grenada,Grenada County,MS,Mississippi,33.77,-89.8027,422.1,southeast
28045,Hancock,Hancock County,MS,Mississippi,30.3916,-89.4828,474,southeast
28047,Harrison,Harrison County,MS,Mississippi,30.4165,-89.0834,573.6,southeast
28049,Hinds,Hinds County,MS,Mississippi,32.2678,-90.466,869.8,southeast
28051,Holmes,Holmes County,MS,Mississippi,33.1259,-90.0912,756.7,southeast
28053,Humphreys,Humphreys County,MS,Mississippi,33.131,-90.5234,418.7,southeast
28055,Issaquena,Issaquena County,MS,Mississippi,32.7555,-91.0035,413,southeast
28057,Itawamba,Itawamba County,MS,Mississippi,34.2811,-88.3631,532.8,southeast
28059,Jackson,Jackson County,MS,Mississippi,30.456,-88.6251,722.8,southeast
28061,Jasper,Jasper County,MS,Mississippi,32.0167,-89.1192,676.3,southeast
28063,Jefferson,Jefferson County,MS,Mississippi,31.7336,-91.0439,519.9,southeast
28065,Jefferson Davis,Jefferson Davis County,MS,Mississippi,31.5648,-89.8271,408.4,southeast
28067,Jones,Jones County,MS,Mississippi,31.6166,-89.1685,694.8,southeast
28069,Kemper,Kemper County,MS,Mississippi,32.7501,-88.6256,766.2,southeast
28071,Lafayette,Lafayette County,MS,Mississippi,34.3531,-89.4854,631.7,southeast
28073,Lamar,Lamar County,MS,Mississippi,31.1976,-89.5064,496.6,southeast
28075,Lauderdale,Lauderdale County,MS,Mississippi,32.404,-88.6605,703.7,southeast
28077,Lawrence,Lawrence County,MS,Mississippi,31.55,-90.1075,430.6,southeast
28079,Leake,Leake County,MS,Mississippi,32.7606,-89.5222,582.9,southeast
28081,Lee,Lee County,MS,Mississippi,34.2924,-88.6824,450,southeast
28083,Leflore,Leflore County,MS,Mississippi,33.5498,-90.2949,594.1,southeast
28085,Lincoln,Lincoln County,MS,Mississippi,31.5352,-90.4536,586.2,southeast
28087,Lowndes,Lowndes County,MS,Mississippi,33.4714,-88.4397,505.5,southeast
28089,Madison,Madison County,MS,Mississippi,32.6344,-90.0342,714.2,southeast
28091,Marion,Marion County,MS,Mississippi,31.2315,-89.8223,542.4,southeast
28093,Marshall,Marshall County,MS,Mississippi,34.7662,-89.5042,706.2,southeast
28095,Monroe,Monroe County,MS,Mississippi,33.89,-88.485,765.2,southeast
28097,Montgomery,Montgomery County,MS,Mississippi,33.5007,-89.6396,407,southeast
28099,Neshoba,Neshoba County,MS,Mississippi,32.7525,-89.1193,570.1,southeast
28101,Newton,Newton County,MS,Mississippi,32.402,-89.1184,577.8,southeast
28103,Noxubee,Noxubee County,MS,Mississippi,33.1066,-88.5662,695.2,southeast
28105,Oktibbeha,Oktibbeha County,MS,Mississippi,33.4223,-88.8762,458.2,southeast
28107,Panola,Panola County,MS,Mississippi,34.3652,-89.9631,685.2,southeast
28109,Pearl River,Pearl River County,MS,Mississippi,30.7748,-89.5869,811.3,southeast
28111,Perry,Perry County,MS,Mississippi,31.1693,-88.9888,647.3,southeast
28113,Pike,Pike County,MS,Mississippi,31.1775,-90.3977,409.2,southeast
28115,Pontotoc,Pontotoc County,MS,Mississippi,34.2271,-89.0372,497.8,southeast
28117,Prentiss,Prentiss County,MS,Mississippi,34.6206,-88.5222,415,southeast
28119,Quitman,Quitman County,MS,Mississippi,34.2528,-90.2902,405,southeast
28121,Rankin,Rankin County,MS,Mississippi,32.2671,-89.9461,775.5,southeast
28123,Scott,Scott County,MS,Mississippi,32.412,-89.5335,609.2,southeast
28125,Sharkey,Sharkey County,MS,Mississippi,32.8924,-90.8276,431.7,southeast
28127,Simpson,Simpson County,MS,Mississippi,31.9025,-89.9177,589.2,southeast
28129,Smith,Smith County,MS,Mississippi,32.019,-89.4949,636.3,southeast
28131,Stone,Stone County,MS,Mississippi,30.7902,-89.1123,445.5,southeast
28133,Sunflower,Sunflower County,MS,Mississippi,33.6055,-90.5951,697.8,southeast
28135,Tallahatchie,Tallahatchie County,MS,Mississippi,33.9545,-90.1722,645.6,southeast
28137,Tate,Tate County,MS,Mississippi,34.6496,-89.9431,404.8,southeast
28139,Tippah,Tippah County,MS,Mississippi,34.7636,-88.9188,457.8,southeast
28141,Tishomingo,Tishomingo County,MS,Mississippi,34.7388,-88.2348,424.3,southeast
28143,Tunica,Tunica County,MS,Mississippi,34.6522,-90.3718,454.1,southeast
28145,Union,Union County,MS,Mississippi,34.4895,-89.0023,415.6,southeast
28147,Walthall,Walthall County,MS,Mississippi,31.1645,-90.1034,403.9,southeast
28149,Warren,Warren County,MS,Mississippi,32.3561,-90.8524,588.5,southeast
28151,Washington,Washington County,MS,Mississippi,33.2732,-90.9444,724.1,southeast
28153,Wayne,Wayne County,MS,Mississippi,31.6425,-88.6782,810.7,southeast
28155,Webster,Webster County,MS,Mississippi,33.6121,-89.284,421.2,southeast
28157,Wilkinson,Wilkinson County,MS,Mississippi,31.1611,-91.3246,678,southeast
28159,Winston,Winston County,MS,Mississippi,33.0787,-89.0374,607.3,southeast
28161,Yalobusha,Yalobusha County,MS,Mississippi,34.0307,-89.7038,467.2,southeast
28163,Yazoo,Yazoo County,MS,Mississippi,32.7657,-90.3879,922.3,southeast
29001,Adair,Adair County,MO,Missouri,40.1907,-92.6036,567.3,midwest
29003,Andrew,Andrew County,MO,Missouri,39.9889,-94.8036,432.6,midwest
29005,Atchison,Atchison County,MO,Missouri,40.4318,-95.4376,547.3,midwest
29007,Audrain,Audrain County,MO,Missouri,39.2145,-91.8434,692.2,midwest
29009,Barry,Barry County,MO,Missouri,36.6994,-93.8343,778.1,midwest
29011,Barton,Barton County,MO,Missouri,37.5008,-94.3441,592,midwest
29013,Bates,Bates County,MO,Missouri,38.2572,-94.3392,836.7,midwest
29015,Benton,Benton County,MO,Missouri,38.301,-93.2879,704,midwest
29017,Bollinger,Bollinger County,MO,Missouri,37.3184,-90.0246,617.9,midwest
29019,Boone,Boone County,MO,Missouri,38.9899,-92.3102,685.6,midwest
29021,Buchanan,Buchanan County,MO,Missouri,39.6604,-94.8082,408.2,midwest
29023,Butler,Butler County,MO,Missouri,36.7152,-90.4031,694.8,midwest
29025,Caldwell,Caldwell County,MO,Missouri,39.659,-93.9792,426.4,midwest
29027,Callaway,Callaway County,MO,Missouri,38.8355,-91.9234,834.6,midwest
29029,Camden,Camden County,MO,Missouri,38.0265,-92.7653,656,midwest
29031,Cape Girardeau,Cape Girardeau County,MO,Missouri,37.3841,-89.6857,578.5,midwest
29033,Carroll,Carroll County,MO,Missouri,39.4274,-93.5002,694.6,midwest
29035,Carter,Carter County,MO,Missouri,36.9449,-90.9457,507.4,midwest
29037,Cass,Cass County,MO,Missouri,38.6465,-94.3545,696.6,midwest
29039,Cedar,Cedar County,MO,Missouri,37.7337,-93.85,474.5,midwest
29041,Chariton,Chariton County,MO,Missouri,39.518,-92.9616,751.2,midwest
29043,Christian,Christian County,MO,Missouri,36.9697,-93.1876,562.6,midwest
29045,Clark,Clark County,MO,Missouri,40.4073,-91.7295,504.6,midwest
29047,Clay,Clay County,MO,Missouri,39.3156,-94.4215,397.7,midwest
29049,Clinton,Clinton County,MO,Missouri,39.6087,-94.3958,418.9,midwest
29051,Cole,Cole County,MO,Missouri,38.5032,-92.28,391.5,midwest
29053,Cooper,Cooper County,MO,Missouri,38.8471,-92.8101,564.7,midwest
29055,Crawford,Crawford County,MO,Missouri,37.9666,-91.3139,742.5,midwest
29057,Dade,Dade County,MO,Missouri,37.4323,-93.8549,490,midwest
29059,Dallas,Dallas County,MO,Missouri,37.6836,-93.0338,541,midwest
29061,Daviess,Daviess County,MO,Missouri,39.9628,-93.9701,563.3,midwest
29063,DeKalb,DeKalb County,MO,Missouri,39.8947,-94.4072,421.4,midwest
29065,Dent,Dent County,MO,Missouri,37.6031,-91.4897,752.8,midwest
29067,Douglas,Douglas County,MO,Missouri,36.9465,-92.5159,813.6,midwest
29069,Dunklin,Dunklin County,MO,Missouri,36.153,-90.0623,541.9,midwest
29071,Franklin,Franklin County,MO,Missouri,38.413,-91.0728,922.7,midwest
29073,Gasconade,Gasconade County,MO,Missouri,38.4412,-91.5058,519,midwest
29075,Gentry,Gentry County,MO,Missouri,40.2081,-94.4053,491.4,midwest
29077,Greene,Greene County,MO,Missouri,37.2582,-93.3406,675.3,midwest
29079,Grundy,Grundy County,MO,Missouri,40.1125,-93.5651,435.3,midwest
29081,Harrison,Harrison County,MO,Missouri,40.3456,-93.9926,722.5,midwest
29083,Henry,Henry County,MO,Missouri,38.3865,-93.7926,696.9,midwest
29085,Hickory,Hickory County,MO,Missouri,37.9369,-93.323,398.8,midwest
29087,Holt,Holt County,MO,Missouri,40.0957,-95.2191,462.7,midwest
29089,Howard,Howard County,MO,Missouri,39.1434,-92.6959,463.8,midwest
29091,Howell,Howell County,MO,Missouri,36.7744,-91.8874,927.2,midwest
29093,Iron,Iron County,MO,Missouri,37.626,-90.6996,550.3,midwest
29095,Jackson,Jackson County,MO,Missouri,39.0054,-94.3432,604.5,midwest
29097,Jasper,Jasper County,MO,Missouri,37.2052,-94.3373,638.5,midwest
29099,Jefferson,Jefferson County,MO,Missouri,38.2576,-90.5437,656.3,midwest
29101,Johnson,Johnson County,MO,Missouri,38.7415,-93.8119,829.3,midwest
29103,Knox,Knox County,MO,Missouri,40.1369,-92.1468,504,midwest
29105,Laclede,Laclede County,MO,Missouri,37.6597,-92.5948,764.6,midwest
29107,Lafayette,Lafayette County,MO,Missouri,39.0687,-93.8026,628.3,midwest
29109,Lawrence,Lawrence County,MO,Missouri,37.1066,-93.8305,611.8,midwest
29111,Lewis,Lewis County,MO,Missouri,40.0846,-91.7288,505,midwest
29113,Lincoln,Lincoln County,MO,Missouri,39.0623,-90.9629,626.6,midwest
29115,Linn,Linn County,MO,Missouri,39.8644,-93.108,615.6,midwest
29117,Livingston,Livingston County,MO,Missouri,39.7786,-93.5482,532.3,midwest
29119,McDonald,McDonald County,MO,Missouri,36.628,-94.3437,539.4,midwest
29121,Macon,Macon County,MO,Missouri,39.8298,-92.5643,801.2,midwest
29123,Madison,Madison County,MO,Missouri,37.4745,-90.3434,494.4,midwest
29125,Maries,Maries County,MO,Missouri,38.1626,-91.9236,527,midwest
29127,Marion,Marion County,MO,Missouri,39.8075,-91.6354,436.9,midwest
29129,Mercer,Mercer County,MO,Missouri,40.4214,-93.5676,453.8,midwest
29131,Miller,Miller County,MO,Missouri,38.2167,-92.4299,592.6,midwest
29133,Mississippi,Mississippi County,MO,Missouri,36.8263,-89.2959,411.6,midwest
29135,Moniteau,Moniteau County,MO,Missouri,38.633,-92.5836,415,midwest
29137,Monroe,Monroe County,MO,Missouri,39.4983,-92.0065,647.6,midwest
29139,Montgomery,Montgomery County,MO,Missouri,38.9352,-91.4654,535,midwest
29141,Morgan,Morgan County,MO,Missouri,38.4208,-92.8748,597.6,midwest
29143,New Madrid,New Madrid County,MO,Missouri,36.5943,-89.6559,674.9,midwest
29145,Newton,Newton County,MO,Missouri,36.9084,-94.335,624.8,midwest
29147,Nodaway,Nodaway County,MO,Missouri,40.3611,-94.8831,877,midwest
29149,Oregon,Oregon County,MO,Missouri,36.6853,-91.4018,789.8,midwest
29151,Osage,Osage County,MO,Missouri,38.4643,-91.8595,606.6,midwest
29153,Ozark,Ozark County,MO,Missouri,36.6496,-92.4585,745,midwest
29155,Pemiscot,Pemiscot County,MO,Missouri,36.2099,-89.7859,492.6,midwest
29157,Perry,Perry County,MO,Missouri,37.7111,-89.8021,474.4,midwest
29159,Pettis,Pettis County,MO,Missouri,38.7274,-93.2852,682.2,midwest
29161,Phelps,Phelps County,MO,Missouri,37.8663,-91.7903,671.8,midwest
29163,Pike,Pike County,MO,Missouri,39.34,-91.1716,670.4,midwest
29165,Platte,Platte County,MO,Missouri,39.3787,-94.7615,419.8,midwest
29167,Polk,Polk County,MO,Missouri,37.6168,-93.4008,635.5,midwest
29169,Pulaski,Pulaski County,MO,Missouri,37.8248,-92.207,547.1,midwest
29171,Putnam,Putnam County,MO,Missouri,40.4786,-93.0145,517.3,midwest
29173,Ralls,Ralls County,MO,Missouri,39.5535,-91.5248,469.8,midwest
29175,Randolph,Randolph County,MO,Missouri,39.4392,-92.493,482.7,midwest
29177,Ray,Ray County,MO,Missouri,39.3084,-93.9957,569,midwest
29179,Reynolds,Reynolds County,MO,Missouri,37.3665,-90.9723,808.5,midwest
29181,Ripley,Ripley County,MO,Missouri,36.6502,-90.8748,629.5,midwest
29183,St. Charles,St. Charles County,MO,Missouri,38.7811,-90.6749,560.5,midwest
29185,St. Clair,St. Clair County,MO,Missouri,38.0422,-93.7766,675,midwest
29186,Ste. Genevieve,Ste. Genevieve County,MO,Missouri,37.8858,-90.1615,499.2,midwest
29187,St. Francois,St. Francois County,MO,Missouri,37.8107,-90.4739,451.9,midwest
29189,St. Louis,St. Louis County,MO,Missouri,38.6407,-90.4461,508,midwest
29195,Saline,Saline County,MO,Missouri,39.1358,-93.2042,755.5,midwest
29197,Schuyler,Schuyler County,MO,Missouri,40.4694,-92.519,307.3,midwest
29199,Scotland,Scotland County,MO,Missouri,40.4477,-92.1428,436.5,midwest
29201,Scott,Scott County,MO,Missouri,37.0478,-89.5681,420,midwest
29203,Shannon,Shannon County,MO,Missouri,37.1525,-91.3913,1004,midwest
29205,Shelby,Shelby County,MO,Missouri,39.7975,-92.0887,500.9,midwest
29207,Stoddard,Stoddard County,MO,Missouri,36.8516,-89.9475,823.1,midwest
29209,Stone,Stone County,MO,Missouri,36.7458,-93.4578,463.8,midwest
29211,Sullivan,Sullivan County,MO,Missouri,40.2096,-93.1098,648,midwest
29213,Taney,Taney County,MO,Missouri,36.6498,-93.0428,632.3,midwest
29215,Texas,Texas County,MO,Missouri,37.3143,-91.9645,1177,midwest
29217,Vernon,Vernon County,MO,Missouri,37.8502,-94.3416,826.4,midwest
29219,Warren,Warren County,MO,Missouri,38.7619,-91.1593,428.6,midwest
29221,Washington,Washington County,MO,Missouri,37.9426,-90.897,759.9,midwest
29223,Wayne,Wayne County,MO,Missouri,37.1111,-90.4539,759.2,midwest
29225,Webster,Webster County,MO,Missouri,37.2808,-92.8761,592.6,midwest
29227,Worth,Worth County,MO,Missouri,40.4805,-94.4192,266.6,midwest
29229,Wright,Wright County,MO,Missouri,37.2676,-92.48,681.8,midwest
29510,St. Louis,St. Louis city,MO,Missouri,38.6357,-90.2446,61.72,midwest
30001,Beaverhead,Beaverhead County,MT,Montana,45.1339,-112.8929,5543,northern_great_plains
30003,Big Horn,Big Horn County,MT,Montana,45.4079,-107.5182,4998,northern_great_plains
30005,Blaine,Blaine County,MT,Montana,48.4283,-108.9676,4228,northern_great_plains
30007,Broadwater,Broadwater County,MT,Montana,46.3298,-111.4979,1192,northern_great_plains
30009,Carbon,Carbon County,MT,Montana,45.2245,-109.0286,2048,northern_great_plains
30011,Carter,Carter County,MT,Montana,45.5168,-104.5153,3340,northern_great_plains
30013,Cascade,Cascade County,MT,Montana,47.3166,-111.3503,2698,northern_great_plains
30015,Chouteau,Chouteau County,MT,Montana,47.8868,-110.4362,3973,northern_great_plains
30017,Custer,Custer County,MT,Montana,46.2614,-105.5504,3783,northern_great_plains
30019,Daniels,Daniels County,MT,Montana,48.7944,-105.5417,1426,northern_great_plains
30021,Dawson,Dawson County,MT,Montana,47.2661,-104.8983,2372,northern_great_plains
30023,Deer Lodge,Deer Lodge County,MT,Montana,46.0947,-113.1416,736.7,northern_great_plains
30025,Fallon,Fallon County,MT,Montana,46.3182,-104.4057,1621,northern_great_plains
30027,Fergus,Fergus County,MT,Montana,47.2218,-109.233,4339,northern_great_plains
30029,Flathead,Flathead County,MT,Montana,48.2954,-114.0521,5087,northern_great_plains
30031,Gallatin,Gallatin County,MT,Montana,45.5181,-111.1639,2605,northern_great_plains
30033,Garfield,Garfield County,MT,Montana,47.2672,-106.996,4677,northern_great_plains
30035,Glacier,Glacier County,MT,Montana,48.7057,-112.9905,2995,northern_great_plains
30037,Golden Valley,Golden Valley County,MT,Montana,46.3806,-109.1746,1174,northern_great_plains
30039,Granite,Granite County,MT,Montana,46.396,-113.4274,1727,northern_great_plains
30041,Hill,Hill County,MT,Montana,48.632,-110.1063,2899,northern_great_plains
30043,Jefferson,Jefferson County,MT,Montana,46.1242,-112.0594,1657,northern_great_plains
30045,Judith Basin,Judith Basin County,MT,Montana,47.0326,-110.3053,1870,northern_great_plains
30047,Lake,Lake County,MT,Montana,47.6429,-114.0837,1490,northern_great_plains
30049,Lewis and Clark,Lewis and Clark County,MT,Montana,47.1221,-112.3829,3458,northern_great_plains
30051,Liberty,Liberty County,MT,Montana,48.5597,-111.0369,1430,northern_great_plains
30053,Lincoln,Lincoln County,MT,Montana,48.5524,-115.4632,3613,northern_great_plains
30055,McCone,McCone County,MT,Montana,47.6296,-105.7572,2642,northern_great_plains
30057,Madison,Madison County,MT,Montana,45.3253,-111.9138,3588,northern_great_plains
30059,Meagher,Meagher County,MT,Montana,46.5857,-110.9217,2392,northern_great_plains
30061,Mineral,Mineral County,MT,Montana,47.1297,-115.0854,1220,northern_great_plains
30063,Missoula,Missoula County,MT,Montana,47.0273,-113.8927,2593,northern_great_plains
30065,Musselshell,Musselshell County,MT,Montana,46.5053,-108.4398,1869,northern_great_plains
30067,Park,Park County,MT,Montana,45.4631,-110.5349,2802,northern_great_plains
30069,Petroleum,Petroleum County,MT,Montana,47.1419,-108.2266,1656,northern_great_plains
30071,Phillips,Phillips County,MT,Montana,48.2501,-107.9289,5140,northern_great_plains
30073,Pondera,Pondera County,MT,Montana,48.2286,-112.2208,1625,northern_great_plains
30075,Powder River,Powder River County,MT,Montana,45.4089,-105.5553,3298,northern_great_plains
30077,Powell,Powell County,MT,Montana,46.8442,-112.9311,2326,northern_great_plains
30079,Prairie,Prairie County,MT,Montana,46.8124,-105.5039,1737,northern_great_plains
30081,Ravalli,Ravalli County,MT,Montana,46.0777,-114.1058,2391,northern_great_plains
30083,Richland,Richland County,MT,Montana,47.7856,-104.5634,2085,northern_great_plains
30085,Roosevelt,Roosevelt County,MT,Montana,48.2827,-104.9952,2355,northern_great_plains
30087,Rosebud,Rosebud County,MT,Montana,46.1732,-106.6668,5008,northern_great_plains
30089,Sanders,Sanders County,MT,Montana,47.7565,-115.1803,2760,northern_great_plains
30091,Sheridan,Sheridan County,MT,Montana,48.7056,-104.5339,1677,northern_great_plains
30093,Silver Bow,Silver Bow County,MT,Montana,45.8962,-112.6601,718,northern_great_plains
30095,Stillwater,Stillwater County,MT,Montana,45.6585,-109.3816,1797,northern_great_plains
30097,Sweet Grass,Sweet Grass County,MT,Montana,45.8113,-109.9448,1856,northern_great_plains
30099,Teton,Teton County,MT,Montana,47.819,-112.2817,2272,northern_great_plains
30101,Toole,Toole County,MT,Montana,48.6451,-111.7335,1915,northern_great_plains
30103,Treasure,Treasure County,MT,Montana,46.2271,-107.2753,977.8,northern_great_plains
30105,Valley,Valley County,MT,Montana,48.3499,-106.6704,4926,northern_great_plains
30107,Wheatland,Wheatland County,MT,Montana,46.497,-109.8577,1422,northern_great_plains
30109,Wibaux,Wibaux County,MT,Montana,46.963,-104.2745,889.6,northern_great_plains
30111,Yellowstone,Yellowstone County,MT,Montana,45.937,-108.2767,2633,northern_great_plains
31001,Adams,Adams County,NE,Nebraska,40.5206,-98.5,563.3,northern_great_plains
31003,Antelope,Antelope County,NE,Nebraska,42.1832,-98.058,857.2,northern_great_plains
31005,Arthur,Arthur County,NE,Nebraska,41.5719,-101.6959,715.2,northern_great_plains
31007,Banner,Banner County,NE,Nebraska,41.5397,-103.7263,746,northern_great_plains
31009,Blaine,Blaine County,NE,Nebraska,41.9319,-99.9964,710.7,northern_great_plains
31011,Boone,Boone County,NE,Nebraska,41.7039,-98.0705,686.5,northern_great_plains
31013,Box Butte,Box Butte County,NE,Nebraska,42.2104,-103.0818,1075,northern_great_plains
31015,Boyd,Boyd County,NE,Nebraska,42.8944,-98.773,539.4,northern_great_plains
31017,Brown,Brown County,NE,Nebraska,42.3596,-99.9239,1221,northern_great_plains
31019,Buffalo,Buffalo County,NE,Nebraska,40.8553,-99.075,968.2,northern_great_plains
31021,Burt,Burt County,NE,Nebraska,41.8542,-96.3377,491.6,northern_great_plains
31023,Butler,Butler County,NE,Nebraska,41.2261,-97.132,584.8,northern_great_plains
31025,Cass,Cass County,NE,Nebraska,40.9099,-96.1406,556.9,northern_great_plains
31027,Cedar,Cedar County,NE,Nebraska,42.6046,-97.2569,740.2,northern_great_plains
31029,Chase,Chase County,NE,Nebraska,40.5304,-101.6942,894.4,northern_great_plains
31031,Cherry,Cherry County,NE,Nebraska,42.5713,-101.0477,5960,northern_great_plains
31033,Cheyenne,Cheyenne County,NE,Nebraska,41.2142,-103.0119,1196,northern_great_plains
31035,Clay,Clay County,NE,Nebraska,40.5237,-98.0509,572.3,northern_great_plains
31037,Colfax,Colfax County,NE,Nebraska,41.575,-97.0889,411.5,northern_great_plains
31039,Cuming,Cuming County,NE,Nebraska,41.9159,-96.7885,570.5,northern_great_plains
31041,Custer,Custer County,NE,Nebraska,41.3939,-99.7269,2575,northern_great_plains
31043,Dakota,Dakota County,NE,Nebraska,42.3916,-96.5613,264.3,northern_great_plains
31045,Dawes,Dawes County,NE,Nebraska,42.713,-103.1354,1396,northern_great_plains
31047,Dawson,Dawson County,NE,Nebraska,40.8678,-99.8156,1014,northern_great_plains
31049,Deuel,Deuel County,NE,Nebraska,41.1119,-102.3326,439.8,northern_great_plains
31051,Dixon,Dixon County,NE,Nebraska,42.4851,-96.8558,475.6,northern_great_plains
31053,Dodge,Dodge County,NE,Nebraska,41.577,-96.6459,528.8,northern_great_plains
31055,Douglas,Douglas County,NE,Nebraska,41.2971,-96.1541,326.5,northern_great_plains
31057,Dundy,Dundy County,NE,Nebraska,40.1802,-101.6811,919.7,northern_great_plains
31059,Fillmore,Fillmore County,NE,Nebraska,40.525,-97.5967,575.4,northern_great_plains
31061,Franklin,Franklin County,NE,Nebraska,40.1832,-98.9621,575.8,northern_great_plains
31063,Frontier,Frontier County,NE,Nebraska,40.5309,-100.4067,974.7,northern_great_plains
31065,Furnas,Furnas County,NE,Nebraska,40.1923,-99.9086,719.2,northern_great_plains
31067,Gage,Gage County,NE,Nebraska,40.2552,-96.6835,851.5,northern_great_plains
31069,Garden,Garden County,NE,Nebraska,41.6334,-102.303,1705,northern_great_plains
31071,Garfield,Garfield County,NE,Nebraska,41.9069,-98.9513,569.4,northern_great_plains
31073,Gosper,Gosper County,NE,Nebraska,40.5091,-99.8232,458.2,northern_great_plains
31075,Grant,Grant County,NE,Nebraska,41.914,-101.756,776.7,northern_great_plains
31077,Greeley,Greeley County,NE,Nebraska,41.5676,-98.5306,569.8,northern_great_plains
31079,Hall,Hall County,NE,Nebraska,40.866,-98.5027,546.5,northern_great_plains
31081,Hamilton,Hamilton County,NE,Nebraska,40.8728,-98.0223,542,northern_great_plains
31083,Harlan,Harlan County,NE,Nebraska,40.1788,-99.4034,553.5,northern_great_plains
31085,Hayes,Hayes County,NE,Nebraska,40.5372,-101.048,713.1,northern_great_plains
31087,Hitchcock,Hitchcock County,NE,Nebraska,40.1769,-101.0442,710,northern_great_plains
31089,Holt,Holt County,NE,Nebraska,42.4593,-98.7848,2412,northern_great_plains
31091,Hooker,Hooker County,NE,Nebraska,41.9203,-101.1173,721,northern_great_plains
31093,Howard,Howard County,NE,Nebraska,41.2169,-98.5133,569.3,northern_great_plains
31095,Jefferson,Jefferson County,NE,Nebraska,40.1757,-97.1431,570.2,northern_great_plains
31097,Johnson,Johnson County,NE,Nebraska,40.395,-96.2653,376.1,northern_great_plains
31099,Kearney,Kearney County,NE,Nebraska,40.5091,-98.9476,516.2,northern_great_plains
31101,Keith,Keith County,NE,Nebraska,41.1942,-101.6444,1062,northern_great_plains
31103,Keya Paha,Keya Paha County,NE,Nebraska,42.8755,-99.7184,772.9,northern_great_plains
31105,Kimball,Kimball County,NE,Nebraska,41.1993,-103.7032,951.9,northern_great_plains
31107,Knox,Knox County,NE,Nebraska,42.6344,-97.8913,1108,northern_great_plains
31109,Lancaster,Lancaster County,NE,Nebraska,40.7835,-96.6887,837.6,northern_great_plains
31111,Lincoln,Lincoln County,NE,Nebraska,41.0503,-100.7445,2564,northern_great_plains
31113,Logan,Logan County,NE,Nebraska,41.5422,-100.4437,570.7,northern_great_plains
31115,Loup,Loup County,NE,Nebraska,41.8982,-99.5145,563.3,northern_great_plains
31117,McPherson,McPherson County,NE,Nebraska,41.6484,-101.1209,859.3,northern_great_plains
31119,Madison,Madison County,NE,Nebraska,41.9099,-97.6069,572.6,northern_great_plains
31121,Merrick,Merrick County,NE,Nebraska,41.1698,-98.0311,487.8,northern_great_plains
31123,Morrill,Morrill County,NE,Nebraska,41.7322,-102.9906,1424,northern_great_plains
31125,Nance,Nance County,NE,Nebraska,41.4024,-97.9914,441.6,northern_great_plains
31127,Nemaha,Nemaha County,NE,Nebraska,40.3872,-95.8525,407.3,northern_great_plains
31129,Nuckolls,Nuckolls County,NE,Nebraska,40.1765,-98.0468,575.2,northern_great_plains
31131,Otoe,Otoe County,NE,Nebraska,40.638,-96.131,615.6,northern_great_plains
31133,Pawnee,Pawnee County,NE,Nebraska,40.1378,-96.2452,431.1,northern_great_plains
31135,Perkins,Perkins County,NE,Nebraska,40.8576,-101.6275,883.3,northern_great_plains
31137,Phelps,Phelps County,NE,Nebraska,40.5164,-99.4066,539.8,northern_great_plains
31139,Pierce,Pierce County,NE,Nebraska,42.2714,-97.611,573.2,northern_great_plains
31141,Platte,Platte County,NE,Nebraska,41.5769,-97.5135,675.1,northern_great_plains
31143,Polk,Polk County,NE,Nebraska,41.1879,-97.5707,438.8,northern_great_plains
31145,Red Willow,Red Willow County,NE,Nebraska,40.1694,-100.4686,717.2,northern_great_plains
31147,Richardson,Richardson County,NE,Nebraska,40.1237,-95.7186,551.8,northern_great_plains
31149,Rock,Rock County,NE,Nebraska,42.3947,-99.4209,1008,northern_great_plains
31151,Saline,Saline County,NE,Nebraska,40.5168,-97.1318,574.1,northern_great_plains
31153,Sarpy,Sarpy County,NE,Nebraska,41.1151,-96.1091,238,northern_great_plains
31155,Saunders,Saunders County,NE,Nebraska,41.223,-96.6427,748.7,northern_great_plains
31157,Scotts Bluff,Scotts Bluff County,NE,Nebraska,41.8505,-103.703,739.6,northern_great_plains
31159,Seward,Seward County,NE,Nebraska,40.8719,-97.1404,571.4,northern_great_plains
31161,Sheridan,Sheridan County,NE,Nebraska,42.5123,-102.3683,2440,northern_great_plains
31163,Sherman,Sherman County,NE,Nebraska,41.2187,-98.9728,565.9,northern_great_plains
31165,Sioux,Sioux County,NE,Nebraska,42.4707,-103.7322,2067,northern_great_plains
31167,Stanton,Stanton County,NE,Nebraska,41.905,-97.1771,427.6,northern_great_plains
31169,Thayer,Thayer County,NE,Nebraska,40.1734,-97.5963,573.8,northern_great_plains
31171,Thomas,Thomas County,NE,Nebraska,41.8557,-100.5247,712.6,northern_great_plains
31173,Thurston,Thurston County,NE,Nebraska,42.1541,-96.5339,393.6,northern_great_plains
31175,Valley,Valley County,NE,Nebraska,41.5641,-98.9835,568.1,northern_great_plains
31177,Washington,Washington County,NE,Nebraska,41.534,-96.2246,389.9,northern_great_plains
31179,Wayne,Wayne County,NE,Nebraska,42.2107,-97.1262,442.9,northern_great_plains
31181,Webster,Webster County,NE,Nebraska,40.1806,-98.4986,574.9,northern_great_plains
31183,Wheeler,Wheeler County,NE,Nebraska,41.9226,-98.5209,575.2,northern_great_plains
31185,York,York County,NE,Nebraska,40.8731,-97.5967,572.5,northern_great_plains
32001,Churchill,Churchill County,NV,Nevada,39.5377,-118.2642,4950,southwest
32003,Clark,Clark County,NV,Nevada,36.2141,-115.0144,7892,southwest
32005,Douglas,Douglas County,NV,Nevada,38.9051,-119.609,710.5,southwest
32007,Elko,Elko County,NV,Nevada,41.1411,-115.3514,17170,southwest
32009,Esmeralda,Esmeralda County,NV,Nevada,37.779,-117.6324,3582,southwest
32011,Eureka,Eureka County,NV,Nevada,39.9778,-116.2722,4176,southwest
32013,Humboldt,Humboldt County,NV,Nevada,41.4079,-118.1276,9641,southwest
32015,Lander,Lander County,NV,Nevada,39.9002,-117.0472,5519,southwest
32017,Lincoln,Lincoln County,NV,Nevada,37.6346,-114.863,10630,southwest
32019,Lyon,Lyon County,NV,Nevada,39.0222,-119.1974,2003,southwest
32021,Mineral,Mineral County,NV,Nevada,38.5166,-118.4163,3751,southwest
32023,Nye,Nye County,NV,Nevada,37.9659,-116.459,18180,southwest
32027,Pershing,Pershing County,NV,Nevada,40.4396,-118.4095,6037,southwest
32029,Storey,Storey County,NV,Nevada,39.4384,-119.5246,263.8,southwest
32031,Washoe,Washoe County,NV,Nevada,40.7313,-119.6633,6316,southwest
32033,White Pine,White Pine County,NV,Nevada,39.4182,-114.9006,8887,southwest
32510,Carson City,Carson City,NV,Nevada,39.1531,-119.7474,144.5,southwest
33001,Belknap,Belknap County,NH,New Hampshire,43.5191,-71.4254,401.9,northeast
33003,Carroll,Carroll County,NH,New Hampshire,43.8678,-71.2016,931.9,northeast
33005,Cheshire,Cheshire County,NH,New Hampshire,42.9255,-72.2482,706.7,northeast
33007,Coos,Coos County,NH,New Hampshire,44.6525,-71.2894,1795,northeast
33009,Grafton,Grafton County,NH,New Hampshire,43.9264,-71.8424,1709,northeast
33011,Hillsborough,Hillsborough County,NH,New Hampshire,42.9115,-71.7231,876.5,northeast
33013,Merrimack,Merrimack County,NH,New Hampshire,43.2996,-71.68,932.9,northeast
33015,Rockingham,Rockingham County,NH,New Hampshire,42.9887,-71.0991,695.4,northeast
33017,Strafford,Strafford County,NH,New Hampshire,43.2933,-71.0356,367.5,northeast
33019,Sullivan,Sullivan County,NH,New Hampshire,43.3612,-72.2221,537.9,northeast
34001,Atlantic,Atlantic County,NJ,New Jersey,39.4694,-74.6338,555.6,northeast
34003,Bergen,Bergen County,NJ,New Jersey,40.9597,-74.0747,232.8,northeast
34005,Burlington,Burlington County,NJ,New Jersey,39.8758,-74.663,799.3,northeast
34007,Camden,Camden County,NJ,New Jersey,39.8024,-74.9612,221.4,northeast
34009,Cape May,Cape May County,NJ,New Jersey,39.0858,-74.8464,251.5,northeast
34011,Cumberland,Cumberland County,NJ,New Jersey,39.3284,-75.1216,483.4,northeast
34013,Essex,Essex County,NJ,New Jersey,40.7874,-74.2463,126.1,northeast
34015,Gloucester,Gloucester County,NJ,New Jersey,39.7229,-75.1457,322,northeast
34017,Hudson,Hudson County,NJ,New Jersey,40.7314,-74.0786,46.19,northeast
34019,Hunterdon,Hunterdon County,NJ,New Jersey,40.5653,-74.912,427.8,northeast
34021,Mercer,Mercer County,NJ,New Jersey,40.2825,-74.7037,224.5,northeast
34023,Middlesex,Middlesex County,NJ,New Jersey,40.4396,-74.4074,309.3,northeast
34025,Monmouth,Monmouth County,NJ,New Jersey,40.287,-74.1524,468.2,northeast
34027,Morris,Morris County,NJ,New Jersey,40.8589,-74.5473,461,northeast
34029,Ocean,Ocean County,NJ,New Jersey,39.8657,-74.2589,628.3,northeast
34031,Passaic,Passaic County,NJ,New Jersey,41.0367,-74.2994,186.1,northeast
34033,Salem,Salem County,NJ,New Jersey,39.5738,-75.3574,331.9,northeast
34035,Somerset,Somerset County,NJ,New Jersey,40.5655,-74.6199,301.9,northeast
34037,Sussex,Sussex County,NJ,New Jersey,41.1375,-74.6919,518.5,northeast
34039,Union,Union County,NJ,New Jersey,40.6599,-74.3087,102.8,northeast
34041,Warren,Warren County,NJ,New Jersey,40.8535,-75.0095,356.5,northeast
35001,Bernalillo,Bernalillo County,NM,New Mexico,35.0536,-106.6691,1161,southwest
35003,Catron,Catron County,NM,New Mexico,33.9016,-108.3919,6924,southwest
35005,Chaves,Chaves County,NM,New Mexico,33.3616,-104.4698,6067,southwest
35006,Cibola,Cibola County,NM,New Mexico,34.9283,-107.9927,4540,southwest
35007,Colfax,Colfax County,NM,New Mexico,36.613,-104.6401,3758,southwest
35009,Curry,Curry County,NM,New Mexico,34.573,-103.3461,1406,southwest
35011,De Baca,De Baca County,NM,New Mexico,34.3593,-104.3687,2323,southwest
35013,Doña Ana,Doña Ana County,NM,New Mexico,32.3499,-106.835,3808,southwest
35015,Eddy,Eddy County,NM,New Mexico,32.4578,-104.3064,4176,southwest
35017,Grant,Grant County,NM,New Mexico,32.7321,-108.3815,3961,southwest
35019,Guadalupe,Guadalupe County,NM,New Mexico,34.8697,-104.7849,3030,southwest
35021,Harding,Harding County,NM,New Mexico,35.8594,-103.8534,2125,southwest
35023,Hidalgo,Hidalgo County,NM,New Mexico,31.8981,-108.7519,3439,southwest
35025,Lea,Lea County,NM,New Mexico,32.7957,-103.4133,4392,southwest
35027,Lincoln,Lincoln County,NM,New Mexico,33.7408,-105.4498,4831,southwest
35028,Los Alamos,Los Alamos County,NM,New Mexico,35.87,-106.308,109.1,southwest
35029,Luna,Luna County,NM,New Mexico,32.1845,-107.7472,2965,southwest
35031,McKinley,McKinley County,NM,New Mexico,35.5841,-108.2533,5451,southwest
35033,Mora,Mora County,NM,New Mexico,35.9828,-104.9219,1926,southwest
35035,Otero,Otero County,NM,New Mexico,32.6156,-105.7513,6613,southwest
35037,Quay,Quay County,NM,New Mexico,35.107,-103.5481,2874,southwest
35039,Rio Arriba,Rio Arriba County,NM,New Mexico,36.5097,-106.694,5861,southwest
35041,Roosevelt,Roosevelt County,NM,New Mexico,34.0212,-103.483,2446,southwest
35043,Sandoval,Sandoval County,NM,New Mexico,35.6851,-106.8831,3710,southwest
35045,San Juan,San Juan County,NM,New Mexico,36.5116,-108.3246,5517,southwest
35047,San Miguel,San Miguel County,NM,New Mexico,35.4769,-104.8035,4722,southwest
35049,Santa Fe,Santa Fe County,NM,New Mexico,35.5145,-105.964,1910,southwest
35051,Sierra,Sierra County,NM,New Mexico,33.1195,-107.1882,4181,southwest
35053,Socorro,Socorro County,NM,New Mexico,33.9917,-106.9391,6646,southwest
35055,Taos,Taos County,NM,New Mexico,36.5772,-105.6389,2202,southwest
35057,Torrance,Torrance County,NM,New Mexico,34.555,-105.8906,3345,southwest
35059,Union,Union County,NM,New Mexico,36.4881,-103.4757,3825,southwest
35061,Valencia,Valencia County,NM,New Mexico,34.7168,-106.8066,1067,southwest
36001,Albany,Albany County,NY,New York,42.5882,-73.974,522.9,northeast
36003,Allegany,Allegany County,NY,New York,42.2479,-78.0262,1030,northeast
36005,Bronx,Bronx County,NY,New York,40.8487,-73.8529,42.18,northeast
36007,Broome,Broome County,NY,New York,42.162,-75.8303,705.7,northeast
36009,Cattaraugus,Cattaraugus County,NY,New York,42.2391,-78.6623,1308,northeast
36011,Cayuga,Cayuga County,NY,New York,43.0085,-76.5746,691.6,northeast
36013,Chautauqua,Chautauqua County,NY,New York,42.3042,-79.4076,1060,northeast
36015,Chemung,Chemung County,NY,New York,42.1487,-76.7525,407.3,northeast
36017,Chenango,Chenango County,NY,New York,42.478,-75.6022,893.4,northeast
36019,Clinton,Clinton County,NY,New York,44.7527,-73.7056,1038,northeast
36021,Columbia,Columbia County,NY,New York,42.2477,-73.6267,634.7,northeast
36023,Cortland,Cortland County,NY,New York,42.594,-76.0762,498.8,northeast
36025,Delaware,Delaware County,NY,New York,42.194,-74.9667,1443,northeast
36027,Dutchess,Dutchess County,NY,New York,41.7548,-73.74,795.6,northeast
36029,Erie,Erie County,NY,New York,42.7528,-78.7782,1043,northeast
36031,Essex,Essex County,NY,New York,44.1096,-73.7784,1794,northeast
36033,Franklin,Franklin County,NY,New York,44.5944,-74.3107,1629,northeast
36035,Fulton,Fulton County,NY,New York,43.1156,-74.4237,495.5,northeast
36037,Genesee,Genesee County,NY,New York,43.0009,-78.1928,493,northeast
36039,Greene,Greene County,NY,New York,42.287,-74.1495,647.2,northeast
36041,Hamilton,Hamilton County,NY,New York,43.6579,-74.5025,1717,northeast
36043,Herkimer,Herkimer County,NY,New York,43.571,-74.8411,1411,northeast
36045,Jefferson,Jefferson County,NY,New York,43.9964,-76.053,1268,northeast
36047,Kings,Kings County,NY,New York,40.635,-73.9506,69.38,northeast
36049,Lewis,Lewis County,NY,New York,43.7827,-75.4441,1276,northeast
36051,Livingston,Livingston County,NY,New York,42.729,-77.7785,631.7,northeast
36053,Madison,Madison County,NY,New York,42.91,-75.6636,654.9,northeast
36055,Monroe,Monroe County,NY,New York,43.2503,-77.7005,656.9,northeast
36057,Montgomery,Montgomery County,NY,New York,42.9009,-74.4354,403.1,northeast
36059,Nassau,Nassau County,NY,New York,40.7296,-73.5894,284.5,northeast
36061,New York,New York County,NY,New York,40.7766,-73.9702,22.66,northeast
36063,Niagara,Niagara County,NY,New York,43.2727,-78.8129,522.3,northeast
36065,Oneida,Oneida County,NY,New York,43.2427,-75.4343,1212,northeast
36067,Onondaga,Onondaga County,NY,New York,43.0065,-76.1961,778.4,northeast
36069,Ontario,Ontario County,NY,New York,42.8564,-77.3035,644.1,northeast
36071,Orange,Orange County,NY,New York,41.4024,-74.3063,812.1,northeast
36073,Orleans,Orleans County,NY,New York,43.3399,-78.207,391.3,northeast
36075,Oswego,Oswego County,NY,New York,43.4614,-76.2093,951.6,northeast
36077,Otsego,Otsego County,NY,New York,42.6298,-75.0288,1002,northeast
36079,Putnam,Putnam County,NY,New York,41.4279,-73.7439,230.3,northeast
36081,Queens,Queens County,NY,New York,40.6547,-73.8412,108.7,northeast
36083,Rensselaer,Rensselaer County,NY,New York,42.7104,-73.5138,652.5,northeast
36085,Richmond,Richmond County,NY,New York,40.5613,-74.1399,57.52,northeast
36087,Rockland,Rockland County,NY,New York,41.1546,-74.0247,173.7,northeast
36089,St. Lawrence,St. Lawrence County,NY,New York,44.4881,-75.0743,2680,northeast
36091,Saratoga,Saratoga County,NY,New York,43.1061,-73.8554,810,northeast
36093,Schenectady,Schenectady County,NY,New York,42.8176,-74.0436,204.7,northeast
36095,Schoharie,Schoharie County,NY,New York,42.5913,-74.4382,621.8,northeast
36097,Schuyler,Schuyler County,NY,New York,42.4198,-76.9386,328.3,northeast
36099,Seneca,Seneca County,NY,New York,42.7823,-76.8271,323.7,northeast
36101,Steuben,Steuben County,NY,New York,42.2667,-77.3855,1391,northeast
36103,Suffolk,Suffolk County,NY,New York,40.9436,-72.6922,910.9,northeast
36105,Sullivan,Sullivan County,NY,New York,41.72,-74.7716,968.1,northeast
36107,Tioga,Tioga County,NY,New York,42.1781,-76.2975,518.8,northeast
36109,Tompkins,Tompkins County,NY,New York,42.453,-76.4735,474.6,northeast
36111,Ulster,Ulster County,NY,New York,41.9472,-74.2655,1124,northeast
36113,Warren,Warren County,NY,New York,43.5551,-73.8381,867.2,northeast
36115,Washington,Washington County,NY,New York,43.3124,-73.4394,831.2,northeast
36117,Wayne,Wayne County,NY,New York,43.2181,-77.0494,603.8,northeast
36119,Westchester,Westchester County,NY,New York,41.1527,-73.7458,430.8,northeast
36121,Wyoming,Wyoming County,NY,New York,42.7014,-78.2286,592.7,northeast
36123,Yates,Yates County,NY,New York,42.6382,-77.1043,338.1,northeast
37001,Alamance,Alamance County,NC,North Carolina,36.044,-79.4006,423.5,southeast
37003,Alexander,Alexander County,NC,North Carolina,35.921,-81.1775,260,southeast
37005,Alleghany,Alleghany County,NC,North Carolina,36.4894,-81.1323,234.8,southeast
37007,Anson,Anson County,NC,North Carolina,34.975,-80.1098,531.5,southeast
37009,Ashe,Ashe County,NC,North Carolina,36.4435,-81.4993,426.3,southeast
37011,Avery,Avery County,NC,North Carolina,36.0721,-81.9203,247.3,southeast
37013,Beaufort,Beaufort County,NC,North Carolina,35.4823,-76.842,832.7,southeast
37015,Bertie,Bertie County,NC,North Carolina,36.059,-76.9624,699.2,southeast
37017,Bladen,Bladen County,NC,North Carolina,34.5919,-78.5395,875,southeast
37019,Brunswick,Brunswick County,NC,North Carolina,34.0388,-78.2278,850.1,southeast
37021,Buncombe,Buncombe County,NC,North Carolina,35.6094,-82.5304,656.5,southeast
37023,Burke,Burke County,NC,North Carolina,35.7462,-81.7062,506.2,southeast
37025,Cabarrus,Cabarrus County,NC,North Carolina,35.3883,-80.5527,361.2,southeast
37027,Caldwell,Caldwell County,NC,North Carolina,35.9664,-81.5125,471.9,southeast
37029,Camden,Camden County,NC,North Carolina,36.3423,-76.1625,240.3,southeast
37031,Carteret,Carteret County,NC,North Carolina,34.8583,-76.5359,507.6,southeast
37033,Caswell,Caswell County,NC,North Carolina,36.3943,-79.3396,425.5,southeast
37035,Catawba,Catawba County,NC,North Carolina,35.6619,-81.2149,401.4,southeast
37037,Chatham,Chatham County,NC,North Carolina,35.705,-79.2515,681.5,southeast
37039,Cherokee,Cherokee County,NC,North Carolina,35.1371,-84.0614,455.5,southeast
37041,Chowan,Chowan County,NC,North Carolina,36.129,-76.6028,172.7,southeast
37043,Clay,Clay County,NC,North Carolina,35.053,-83.7523,215,southeast
37045,Cleveland,Cleveland County,NC,North Carolina,35.3346,-81.5571,464.3,southeast
37047,Columbus,Columbus County,NC,North Carolina,34.2616,-78.6393,938.2,southeast
37049,Craven,Craven County,NC,North Carolina,35.1168,-77.0813,706.5,southeast
37051,Cumberland,Cumberland County,NC,North Carolina,35.0502,-78.8287,652.6,southeast
37053,Currituck,Currituck County,NC,North Carolina,36.3722,-75.9412,261.9,southeast
37055,Dare,Dare County,NC,North Carolina,35.6063,-75.7675,383.2,southeast
37057,Davidson,Davidson County,NC,North Carolina,35.7951,-80.2071,553,southeast
37059,Davie,Davie County,NC,North Carolina,35.9294,-80.5426,263.7,southeast
37061,Duplin,Duplin County,NC,North Carolina,34.9344,-77.9335,814.7,southeast
37063,Durham,Durham County,NC,North Carolina,36.0338,-78.8781,287.5,southeast
37065,Edgecombe,Edgecombe County,NC,North Carolina,35.9171,-77.6027,505.4,southeast
37067,Forsyth,Forsyth County,NC,North Carolina,36.1325,-80.257,408,southeast
37069,Franklin,Franklin County,NC,North Carolina,36.0882,-78.2831,491.8,southeast
37071,Gaston,Gaston County,NC,North Carolina,35.2928,-81.1774,355.8,southeast
37073,Gates,Gates County,NC,North Carolina,36.4421,-76.7024,340.6,southeast
37075,Graham,Graham County,NC,North Carolina,35.3484,-83.8309,292,southeast
37077,Granville,Granville County,NC,North Carolina,36.2999,-78.6576,532,southeast
37079,Greene,Greene County,NC,North Carolina,35.482,-77.6817,266.7,southeast
37081,Guilford,Guilford County,NC,North Carolina,36.0791,-79.7887,646,southeast
37083,Halifax,Halifax County,NC,North Carolina,36.2514,-77.6448,723.7,southeast
37085,Harnett,Harnett County,NC,North Carolina,35.3687,-78.8717,595.1,southeast
37087,Haywood,Haywood County,NC,North Carolina,35.5589,-82.9813,553.6,southeast
37089,Henderson,Henderson County,NC,North Carolina,35.3364,-82.4796,372.9,southeast
37091,Hertford,Hertford County,NC,North Carolina,36.3635,-76.9816,353.2,southeast
37093,Hoke,Hoke County,NC,North Carolina,35.0172,-79.242,390.2,southeast
37095,Hyde,Hyde County,NC,North Carolina,35.4082,-76.1537,612.3,southeast
37097,Iredell,Iredell County,NC,North Carolina,35.8063,-80.8745,574.4,southeast
37099,Jackson,Jackson County,NC,North Carolina,35.2855,-83.124,491.1,southeast
37101,Johnston,Johnston County,NC,North Carolina,35.5134,-78.3673,792,southeast
37103,Jones,Jones County,NC,North Carolina,35.0323,-77.3562,471.4,southeast
37105,Lee,Lee County,NC,North Carolina,35.4763,-79.1721,255.1,southeast
37107,Lenoir,Lenoir County,NC,North Carolina,35.2401,-77.6355,399.1,southeast
37109,Lincoln,Lincoln County,NC,North Carolina,35.4885,-81.2269,295.9,southeast
37111,McDowell,McDowell County,NC,North Carolina,35.6823,-82.048,440,southeast
37113,Macon,Macon County,NC,North Carolina,35.153,-83.4219,515.6,southeast
37115,Madison,Madison County,NC,North Carolina,35.8642,-82.7126,449.6,southeast
37117,Martin,Martin County,NC,North Carolina,35.8473,-77.1196,456.4,southeast
37119,Mecklenburg,Mecklenburg County,NC,North Carolina,35.2469,-80.8338,523.6,southeast
37121,Mitchell,Mitchell County,NC,North Carolina,36.0131,-82.1636,221.3,southeast
37123,Montgomery,Montgomery County,NC,North Carolina,35.3275,-79.9108,491.5,southeast
37125,Moore,Moore County,NC,North Carolina,35.3083,-79.4927,697.6,southeast
37127,Nash,Nash County,NC,North Carolina,35.9659,-77.9876,540.4,southeast
37129,New Hanover,New Hanover County,NC,North Carolina,34.1834,-77.8642,192.2,southeast
37131,Northampton,Northampton County,NC,North Carolina,36.4218,-77.3984,536.7,southeast
37133,Onslow,Onslow County,NC,North Carolina,34.7631,-77.4995,762.1,southeast
37135,Orange,Orange County,NC,North Carolina,36.0625,-79.12,397.5,southeast
37137,Pamlico,Pamlico County,NC,North Carolina,35.1476,-76.6653,336.5,southeast
37139,Pasquotank,Pasquotank County,NC,North Carolina,36.2652,-76.2607,226.9,southeast
37141,Pender,Pender County,NC,North Carolina,34.5126,-77.8881,871.3,southeast
37143,Perquimans,Perquimans County,NC,North Carolina,36.1809,-76.4032,247.2,southeast
37145,Person,Person County,NC,North Carolina,36.3864,-78.9656,392.3,southeast
37147,Pitt,Pitt County,NC,North Carolina,35.5925,-77.3727,652.4,southeast
37149,Polk,Polk County,NC,North Carolina,35.2779,-82.1676,237.7,southeast
37151,Randolph,Randolph County,NC,North Carolina,35.7099,-79.8062,782.3,southeast
37153,Richmond,Richmond County,NC,North Carolina,35.0046,-79.7557,473.7,southeast
37155,Robeson,Robeson County,NC,North Carolina,34.6392,-79.1009,947.3,southeast
37157,Rockingham,Rockingham County,NC,North Carolina,36.3818,-79.7828,565.6,southeast
37159,Rowan,Rowan County,NC,North Carolina,35.6414,-80.5217,511.6,southeast
37161,Rutherford,Rutherford County,NC,North Carolina,35.4027,-81.9196,565.4,southeast
37163,Sampson,Sampson County,NC,North Carolina,34.9893,-78.3713,945.9,southeast
37165,Scotland,Scotland County,NC,North Carolina,34.84,-79.4773,319.1,southeast
37167,Stanly,Stanly County,NC,North Carolina,35.3104,-80.2544,395.1,southeast
37169,Stokes,Stokes County,NC,North Carolina,36.3938,-80.2699,449.3,southeast
37171,Surry,Surry County,NC,North Carolina,36.4154,-80.6865,532.6,southeast
37173,Swain,Swain County,NC,North Carolina,35.5688,-83.4656,527.7,southeast
37175,Transylvania,Transylvania County,NC,North Carolina,35.2101,-82.8167,378.4,southeast
37177,Tyrrell,Tyrrell County,NC,North Carolina,35.8704,-76.1653,390.8,southeast
37179,Union,Union County,NC,North Carolina,34.9918,-80.5304,632.7,southeast
37181,Vance,Vance County,NC,North Carolina,36.3655,-78.4054,252.4,southeast
37183,Wake,Wake County,NC,North Carolina,35.7898,-78.6506,834.6,southeast
37185,Warren,Warren County,NC,North Carolina,36.3981,-78.0999,429.4,southeast
37187,Washington,Washington County,NC,North Carolina,35.8447,-76.5723,346.5,southeast
37189,Watauga,Watauga County,NC,North Carolina,36.2354,-81.7099,312.4,southeast
37191,Wayne,Wayne County,NC,North Carolina,35.3542,-78.0087,553.9,southeast
37193,Wilkes,Wilkes County,NC,North Carolina,36.2089,-81.1661,753.7,southeast
37195,Wilson,Wilson County,NC,North Carolina,35.7004,-77.9216,367.6,southeast
37197,Yadkin,Yadkin County,NC,North Carolina,36.1588,-80.6652,334.9,southeast
37199,Yancey,Yancey County,NC,North Carolina,35.8893,-82.304,312.6,southeast
38001,Adams,Adams County,ND,North Dakota,46.0968,-102.5332,987.5,northern_great_plains
38003,Barnes,Barnes County,ND,North Dakota,46.9425,-98.0702,1492,northern_great_plains
38005,Benson,Benson County,ND,North Dakota,48.0717,-99.3512,1389,northern_great_plains
38007,Billings,Billings County,ND,North Dakota,47.007,-103.364,1148,northern_great_plains
38009,Bottineau,Bottineau County,ND,North Dakota,48.7944,-100.8313,1669,northern_great_plains
38011,Bowman,Bowman County,ND,North Dakota,46.1101,-103.5059,1162,northern_great_plains
38013,Burke,Burke County,ND,North Dakota,48.7865,-102.5201,1104,northern_great_plains
38015,Burleigh,Burleigh County,ND,North Dakota,46.9788,-100.4695,1633,northern_great_plains
38017,Cass,Cass County,ND,North Dakota,46.927,-97.2524,1765,northern_great_plains
38019,Cavalier,Cavalier County,ND,North Dakota,48.7684,-98.4638,1489,northern_great_plains
38021,Dickey,Dickey County,ND,North Dakota,46.1078,-98.4965,1131,northern_great_plains
38023,Divide,Divide County,ND,North Dakota,48.8148,-103.5093,1261,northern_great_plains
38025,Dunn,Dunn County,ND,North Dakota,47.3546,-102.6123,2008,northern_great_plains
38027,Eddy,Eddy County,ND,North Dakota,47.7234,-98.9005,630.2,northern_great_plains
38029,Emmons,Emmons County,ND,North Dakota,46.2843,-100.2378,1508,northern_great_plains
38031,Foster,Foster County,ND,North Dakota,47.4714,-98.8729,634.1,northern_great_plains
38033,Golden Valley,Golden Valley County,ND,North Dakota,46.9389,-103.8446,1001,northern_great_plains
38035,Grand Forks,Grand Forks County,ND,North Dakota,47.926,-97.4509,1436,northern_great_plains
38037,Grant,Grant County,ND,North Dakota,46.3578,-101.639,1659,northern_great_plains
38039,Griggs,Griggs County,ND,North Dakota,47.4563,-98.2323,708.7,northern_great_plains
38041,Hettinger,Hettinger County,ND,North Dakota,46.4357,-102.4542,1132,northern_great_plains
38043,Kidder,Kidder County,ND,North Dakota,46.9383,-99.7312,1351,northern_great_plains
38045,LaMoure,LaMoure County,ND,North Dakota,46.4642,-98.5261,1146,northern_great_plains
38047,Logan,Logan County,ND,North Dakota,46.4693,-99.5046,992.6,northern_great_plains
38049,McHenry,McHenry County,ND,North Dakota,48.2338,-100.6333,1874,northern_great_plains
38051,McIntosh,McIntosh County,ND,North Dakota,46.1087,-99.4165,974.6,northern_great_plains
38053,McKenzie,McKenzie County,ND,North Dakota,47.7425,-103.4032,2760,northern_great_plains
38055,McLean,McLean County,ND,North Dakota,47.6532,-101.4219,2110,northern_great_plains
38057,Mercer,Mercer County,ND,North Dakota,47.3071,-101.8333,1043,northern_great_plains
38059,Morton,Morton County,ND,North Dakota,46.71,-101.31,1926,northern_great_plains
38061,Mountrail,Mountrail County,ND,North Dakota,48.2101,-102.3649,1825,northern_great_plains
38063,Nelson,Nelson County,ND,North Dakota,47.9187,-98.2044,981.8,northern_great_plains
38065,Oliver,Oliver County,ND,North Dakota,47.1181,-101.3314,722.4,northern_great_plains
38067,Pembina,Pembina County,ND,North Dakota,48.7669,-97.5454,1119,northern_great_plains
38069,Pierce,Pierce County,ND,North Dakota,48.2389,-99.9665,1018,northern_great_plains
38071,Ramsey,Ramsey County,ND,North Dakota,48.2662,-98.739,1185,northern_great_plains
38073,Ransom,Ransom County,ND,North Dakota,46.4493,-97.6476,862.5,northern_great_plains
38075,Renville,Renville County,ND,North Dakota,48.7128,-101.6582,877.2,northern_great_plains
38077,Richland,Richland County,ND,North Dakota,46.2652,-96.938,1436,northern_great_plains
38079,Rolette,Rolette County,ND,North Dakota,48.7683,-99.8405,903,northern_great_plains
38081,Sargent,Sargent County,ND,North Dakota,46.1082,-97.6301,858.5,northern_great_plains
38083,Sheridan,Sheridan County,ND,North Dakota,47.5814,-100.331,972.2,northern_great_plains
38085,Sioux,Sioux County,ND,North Dakota,46.1106,-101.0613,1094,northern_great_plains
38087,Slope,Slope County,ND,North Dakota,46.4458,-103.4625,1215,northern_great_plains
38089,Stark,Stark County,ND,North Dakota,46.817,-102.662,1335,northern_great_plains
38091,Steele,Steele County,ND,North Dakota,47.4511,-97.7189,712.1,northern_great_plains
38093,Stutsman,Stutsman County,ND,North Dakota,46.9722,-98.9561,2222,northern_great_plains
38095,Towner,Towner County,ND,North Dakota,48.6822,-99.2482,1025,northern_great_plains
38097,Traill,Traill County,ND,North Dakota,47.4463,-97.1646,861.9,northern_great_plains
38099,Walsh,Walsh County,ND,North Dakota,48.377,-97.7222,1282,northern_great_plains
38101,Ward,Ward County,ND,North Dakota,48.2167,-101.5405,2013,northern_great_plains
38103,Wells,Wells County,ND,North Dakota,47.5809,-99.6822,1271,northern_great_plains
38105,Williams,Williams County,ND,North Dakota,48.3558,-103.5013,2078,northern_great_plains
39001,Adams,Adams County,OH,Ohio,38.8345,-83.4781,583.9,midwest
39003,Allen,Allen County,OH,Ohio,40.7716,-84.1061,402.5,midwest
39005,Ashland,Ashland County,OH,Ohio,40.8433,-82.2701,423,midwest
39007,Ashtabula,Ashtabula County,OH,Ohio,41.9066,-80.7456,702.4,midwest
39009,Athens,Athens County,OH,Ohio,39.3328,-82.0459,503.6,midwest
39011,Auglaize,Auglaize County,OH,Ohio,40.5613,-84.224,401.4,midwest
39013,Belmont,Belmont County,OH,Ohio,40.0177,-80.9677,532.1,midwest
39015,Brown,Brown County,OH,Ohio,38.9314,-83.8668,489.5,midwest
39017,Butler,Butler County,OH,Ohio,39.4397,-84.5657,466.5,midwest
39019,Carroll,Carroll County,OH,Ohio,40.5799,-81.0908,394.6,midwest
39021,Champaign,Champaign County,OH,Ohio,40.1328,-83.7676,429,midwest
39023,Clark,Clark County,OH,Ohio,39.917,-83.7837,395.9,midwest
39025,Clermont,Clermont County,OH,Ohio,39.0521,-84.1495,452.6,midwest
39027,Clinton,Clinton County,OH,Ohio,39.4167,-83.8046,408.7,midwest
39029,Columbiana,Columbiana County,OH,Ohio,40.7701,-80.7785,531.9,midwest
39031,Coshocton,Coshocton County,OH,Ohio,40.2967,-81.9301,563.9,midwest
39033,Crawford,Crawford County,OH,Ohio,40.8485,-82.9248,401.8,midwest
39035,Cuyahoga,Cuyahoga County,OH,Ohio,41.555,-81.605,457.2,midwest
39037,Darke,Darke County,OH,Ohio,40.1315,-84.6212,598.1,midwest
39039,Defiance,Defiance County,OH,Ohio,41.3217,-84.4864,411.4,midwest
39041,Delaware,Delaware County,OH,Ohio,40.2789,-83.0075,443.1,midwest
39043,Erie,Erie County,OH,Ohio,41.3941,-82.5868,251.3,midwest
39045,Fairfield,Fairfield County,OH,Ohio,39.7477,-82.6267,504.4,midwest
39047,Fayette,Fayette County,OH,Ohio,39.5552,-83.4619,406.4,midwest
39049,Franklin,Franklin County,OH,Ohio,39.9699,-83.0091,532.4,midwest
39051,Fulton,Fulton County,OH,Ohio,41.5973,-84.1243,405.4,midwest
39053,Gallia,Gallia County,OH,Ohio,38.817,-82.3017,466.5,midwest
39055,Geauga,Geauga County,OH,Ohio,41.4993,-81.1735,400.4,midwest
39057,Greene,Greene County,OH,Ohio,39.6875,-83.8949,413.6,midwest
39059,Guernsey,Guernsey County,OH,Ohio,40.0567,-81.4979,522.2,midwest
39061,Hamilton,Hamilton County,OH,Ohio,39.1969,-84.5442,405.5,midwest
39063,Hancock,Hancock County,OH,Ohio,41.0002,-83.6659,531.3,midwest
39065,Hardin,Hardin County,OH,Ohio,40.6604,-83.6641,470.3,midwest
39067,Harrison,Harrison County,OH,Ohio,40.2923,-81.0916,402.3,midwest
39069,Henry,Henry County,OH,Ohio,41.3316,-84.0689,416,midwest
39071,Highland,Highland County,OH,Ohio,39.1844,-83.6014,553.1,midwest
39073,Hocking,Hocking County,OH,Ohio,39.4903,-82.4834,421.3,midwest
39075,Holmes,Holmes County,OH,Ohio,40.5656,-81.93,422.6,midwest
39077,Huron,Huron County,OH,Ohio,41.1451,-82.5946,492.2,midwest
39079,Jackson,Jackson County,OH,Ohio,39.0135,-82.6141,420.3,midwest
39081,Jefferson,Jefferson County,OH,Ohio,40.3994,-80.7635,408.1,midwest
39083,Knox,Knox County,OH,Ohio,40.4036,-82.4224,525.5,midwest
39085,Lake,Lake County,OH,Ohio,41.7781,-81.1973,229.4,midwest
39087,Lawrence,Lawrence County,OH,Ohio,38.6039,-82.5172,453.4,midwest
39089,Licking,Licking County,OH,Ohio,40.0915,-82.4834,682.4,midwest
39091,Logan,Logan County,OH,Ohio,40.3876,-83.7663,458.5,midwest
39093,Lorain,Lorain County,OH,Ohio,41.4388,-82.1797,490.5,midwest
39095,Lucas,Lucas County,OH,Ohio,41.6823,-83.4689,339.7,midwest
39097,Madison,Madison County,OH,Ohio,39.8966,-83.4009,466.7,midwest
39099,Mahoning,Mahoning County,OH,Ohio,41.0109,-80.7704,411.5,midwest
39101,Marion,Marion County,OH,Ohio,40.588,-83.1688,403.8,midwest
39103,Medina,Medina County,OH,Ohio,41.1162,-81.8998,421.5,midwest
39105,Meigs,Meigs County,OH,Ohio,39.0898,-82.0284,430.1,midwest
39107,Mercer,Mercer County,OH,Ohio,40.5353,-84.6321,462.4,midwest
39109,Miami,Miami County,OH,Ohio,40.0533,-84.2284,406.6,midwest
39111,Monroe,Monroe County,OH,Ohio,39.7263,-81.091,455.7,midwest
39113,Montgomery,Montgomery County,OH,Ohio,39.7537,-84.2906,461.4,midwest
39115,Morgan,Morgan County,OH,Ohio,39.6249,-81.8617,416.4,midwest
39117,Morrow,Morrow County,OH,Ohio,40.5253,-82.7977,406.1,midwest
39119,Muskingum,Muskingum County,OH,Ohio,39.966,-81.9435,664.5,midwest
39121,Noble,Noble County,OH,Ohio,39.7672,-81.4525,398,midwest
39123,Ottawa,Ottawa County,OH,Ohio,41.5455,-83.0126,254.7,midwest
39125,Paulding,Paulding County,OH,Ohio,41.1189,-84.5821,416.4,midwest
39127,Perry,Perry County,OH,Ohio,39.7432,-82.238,407.9,midwest
39129,Pickaway,Pickaway County,OH,Ohio,39.6489,-83.0528,501.3,midwest
39131,Pike,Pike County,OH,Ohio,39.0713,-83.0529,440.3,midwest
39133,Portage,Portage County,OH,Ohio,41.169,-81.197,487.4,midwest
39135,Preble,Preble County,OH,Ohio,39.7388,-84.6448,424.2,midwest
39137,Putnam,Putnam County,OH,Ohio,41.0245,-84.1299,482.5,midwest
39139,Richland,Richland County,OH,Ohio,40.7742,-82.5428,495.2,midwest
39141,Ross,Ross County,OH,Ohio,39.3239,-83.0595,689.2,midwest
39143,Sandusky,Sandusky County,OH,Ohio,41.3553,-83.1428,408.2,midwest
39145,Scioto,Scioto County,OH,Ohio,38.8149,-82.9987,610.2,midwest
39147,Seneca,Seneca County,OH,Ohio,41.12,-83.1275,551,midwest
39149,Shelby,Shelby County,OH,Ohio,40.3367,-84.2041,407.7,midwest
39151,Stark,Stark County,OH,Ohio,40.8141,-81.3657,575.2,midwest
39153,Summit,Summit County,OH,Ohio,41.1218,-81.5349,412.8,midwest
39155,Trumbull,Trumbull County,OH,Ohio,41.3064,-80.7704,617.6,midwest
39157,Tuscarawas,Tuscarawas County,OH,Ohio,40.4474,-81.4712,567.6,midwest
39159,Union,Union County,OH,Ohio,40.2959,-83.367,431.7,midwest
39161,Van Wert,Van Wert County,OH,Ohio,40.8555,-84.5858,409.1,midwest
39163,Vinton,Vinton County,OH,Ohio,39.252,-82.486,412.4,midwest
39165,Warren,Warren County,OH,Ohio,39.4257,-84.1699,401.4,midwest
39167,Washington,Washington County,OH,Ohio,39.4507,-81.4906,632,midwest
39169,Wayne,Wayne County,OH,Ohio,40.8297,-81.8872,554.8,midwest
39171,Williams,Williams County,OH,Ohio,41.565,-84.5843,420.7,midwest
39173,Wood,Wood County,OH,Ohio,41.3602,-83.6227,617.2,midwest
39175,Wyandot,Wyandot County,OH,Ohio,40.8398,-83.3137,406.9,midwest
40001,Adair,Adair County,OK,Oklahoma,35.898,-94.651,573.9,southern_great_plains
40003,Alfalfa,Alfalfa County,OK,Oklahoma,36.7297,-98.3234,866.6,southern_great_plains
40005,Atoka,Atoka County,OK,Oklahoma,34.3925,-96.0366,975.5,southern_great_plains
40007,Beaver,Beaver County,OK,Oklahoma,36.7483,-100.4831,1815,southern_great_plains
40009,Beckham,Beckham County,OK,Oklahoma,35.2706,-99.6901,901.7,southern_great_plains
40011,Blaine,Blaine County,OK,Oklahoma,35.8778,-98.429,928.5,southern_great_plains
40013,Bryan,Bryan County,OK,Oklahoma,33.964,-96.2651,904.3,southern_great_plains
40015,Caddo,Caddo County,OK,Oklahoma,35.1679,-98.381,1278,southern_great_plains
40017,Canadian,Canadian County,OK,Oklahoma,35.5434,-97.9799,896.6,southern_great_plains
40019,Carter,Carter County,OK,Oklahoma,34.2518,-97.2879,822.3,southern_great_plains
40021,Cherokee,Cherokee County,OK,Oklahoma,35.9044,-94.9968,749.1,southern_great_plains
40023,Choctaw,Choctaw County,OK,Oklahoma,34.0277,-95.5541,770.4,southern_great_plains
40025,Cimarron,Cimarron County,OK,Oklahoma,36.7484,-102.5177,1835,southern_great_plains
40027,Cleveland,Cleveland County,OK,Oklahoma,35.2064,-97.3231,538.9,southern_great_plains
40029,Coal,Coal County,OK,Oklahoma,34.5829,-96.288,516.8,southern_great_plains
40031,Comanche,Comanche County,OK,Oklahoma,34.6626,-98.4766,1069,southern_great_plains
40033,Cotton,Cotton County,OK,Oklahoma,34.2907,-98.3734,632.6,southern_great_plains
40035,Craig,Craig County,OK,Oklahoma,36.7639,-95.2016,761.3,southern_great_plains
40037,Creek,Creek County,OK,Oklahoma,35.9074,-96.3802,949.9,southern_great_plains
40039,Custer,Custer County,OK,Oklahoma,35.6456,-98.9974,988.8,southern_great_plains
40041,Delaware,Delaware County,OK,Oklahoma,36.3934,-94.8082,737.8,southern_great_plains
40043,Dewey,Dewey County,OK,Oklahoma,35.978,-99.0144,999.6,southern_great_plains
40045,Ellis,Ellis County,OK,Oklahoma,36.2243,-99.7501,1231,southern_great_plains
40047,Garfield,Garfield County,OK,Oklahoma,36.3781,-97.7887,1059,southern_great_plains
40049,Garvin,Garvin County,OK,Oklahoma,34.7094,-97.3127,802.1,southern_great_plains
40051,Grady,Grady County,OK,Oklahoma,35.0211,-97.8869,1101,southern_great_plains
40053,Grant,Grant County,OK,Oklahoma,36.7883,-97.7882,1001,southern_great_plains
40055,Greer,Greer County,OK,Oklahoma,34.9339,-99.553,639.3,southern_great_plains
40057,Harmon,Harmon County,OK,Oklahoma,34.746,-99.8442,537.3,southern_great_plains
40059,Harper,Harper County,OK,Oklahoma,36.8004,-99.6628,1039,southern_great_plains
40061,Haskell,Haskell County,OK,Oklahoma,35.2324,-95.1096,576.7,southern_great_plains
40063,Hughes,Hughes County,OK,Oklahoma,35.0529,-96.2512,804.5,southern_great_plains
40065,Jackson,Jackson County,OK,Oklahoma,34.594,-99.4122,802.7,southern_great_plains
40067,Jefferson,Jefferson County,OK,Oklahoma,34.1051,-97.8389,759,southern_great_plains
40069,Johnston,Johnston County,OK,Oklahoma,34.3135,-96.6543,643,southern_great_plains
40071,Kay,Kay County,OK,Oklahoma,36.8149,-97.1439,919.6,southern_great_plains
40073,Kingfisher,Kingfisher County,OK,Oklahoma,35.9494,-97.9346,898.1,southern_great_plains
40075,Kiowa,Kiowa County,OK,Oklahoma,34.9215,-98.9816,1015,southern_great_plains
40077,Latimer,Latimer County,OK,Oklahoma,34.8751,-95.2723,722.1,southern_great_plains
40079,Le Flore,Le Flore County,OK,Oklahoma,34.8974,-94.6951,1589,southern_great_plains
40081,Lincoln,Lincoln County,OK,Oklahoma,35.7031,-96.8814,952.4,southern_great_plains
40083,Logan,Logan County,OK,Oklahoma,35.9143,-97.451,743.7,southern_great_plains
40085,Love,Love County,OK,Oklahoma,33.9578,-97.2451,513.9,southern_great_plains
40087,McClain,McClain County,OK,Oklahoma,35.0164,-97.4498,570.7,southern_great_plains
40089,McCurtain,McCurtain County,OK,Oklahoma,34.1171,-94.7661,1851,southern_great_plains
40091,McIntosh,McIntosh County,OK,Oklahoma,35.3691,-95.6718,618.3,southern_great_plains
40093,Major,Major County,OK,Oklahoma,36.3131,-98.542,955,southern_great_plains
40095,Marshall,Marshall County,OK,Oklahoma,34.027,-96.7705,371.5,southern_great_plains
40097,Mayes,Mayes County,OK,Oklahoma,36.3038,-95.2356,655.3,southern_great_plains
40099,Murray,Murray County,OK,Oklahoma,34.4858,-97.0716,416.4,southern_great_plains
40101,Muskogee,Muskogee County,OK,Oklahoma,35.6176,-95.3839,810.6,southern_great_plains
40103,Noble,Noble County,OK,Oklahoma,36.3849,-97.2363,731.7,southern_great_plains
40105,Nowata,Nowata County,OK,Oklahoma,36.7896,-95.6133,565.8,southern_great_plains
40107,Okfuskee,Okfuskee County,OK,Oklahoma,35.4668,-96.3278,618.5,southern_great_plains
40109,Oklahoma,Oklahoma County,OK,Oklahoma,35.5546,-97.4094,708.9,southern_great_plains
40111,Okmulgee,Okmulgee County,OK,Oklahoma,35.6435,-95.9659,697.4,southern_great_plains
40113,Osage,Osage County,OK,Oklahoma,36.6243,-96.4081,2247,southern_great_plains
40115,Ottawa,Ottawa County,OK,Oklahoma,36.8358,-94.8027,470.8,southern_great_plains
40117,Pawnee,Pawnee County,OK,Oklahoma,36.3137,-96.6967,568.4,southern_great_plains
40119,Payne,Payne County,OK,Oklahoma,36.0792,-96.9753,684.9,southern_great_plains
40121,Pittsburg,Pittsburg County,OK,Oklahoma,34.9255,-95.7481,1306,southern_great_plains
40123,Pontotoc,Pontotoc County,OK,Oklahoma,34.7214,-96.6918,720.4,southern_great_plains
40125,Pottawatomie,Pottawatomie County,OK,Oklahoma,35.2114,-96.957,787.8,southern_great_plains
40127,Pushmataha,Pushmataha County,OK,Oklahoma,34.3779,-95.4081,1396,southern_great_plains
40129,Roger Mills,Roger Mills County,OK,Oklahoma,35.7086,-99.7416,1141,southern_great_plains
40131,Rogers,Rogers County,OK,Oklahoma,36.3778,-95.6014,675.7,southern_great_plains
40133,Seminole,Seminole County,OK,Oklahoma,35.1584,-96.6029,632.8,southern_great_plains
40135,Sequoyah,Sequoyah County,OK,Oklahoma,35.5024,-94.7508,673.6,southern_great_plains
40137,Stephens,Stephens County,OK,Oklahoma,34.4814,-97.8556,870.2,southern_great_plains
40139,Texas,Texas County,OK,Oklahoma,36.7463,-101.4839,2041,southern_great_plains
40141,Tillman,Tillman County,OK,Oklahoma,34.3711,-98.9317,871.1,southern_great_plains
40143,Tulsa,Tulsa County,OK,Oklahoma,36.1203,-95.9418,570.2,southern_great_plains
40145,Wagoner,Wagoner County,OK,Oklahoma,35.9634,-95.5142,561.9,southern_great_plains
40147,Washington,Washington County,OK,Oklahoma,36.7044,-95.9063,415.5,southern_great_plains
40149,Washita,Washita County,OK,Oklahoma,35.2899,-98.9923,1003,southern_great_plains
40151,Woods,Woods County,OK,Oklahoma,36.727,-98.8636,1286,southern_great_plains
40153,Woodward,Woodward County,OK,Oklahoma,36.4256,-99.2737,1243,southern_great_plains
41001,Baker,Baker County,OR,Oregon,44.7034,-117.6919,3068,northwest
41003,Benton,Benton County,OR,Oregon,44.4939,-123.4247,675.2,northwest
41005,Clackamas,Clackamas County,OR,Oregon,45.1605,-122.1951,1871,northwest
41007,Clatsop,Clatsop County,OR,Oregon,46.0245,-123.705,828.2,northwest
41009,Columbia,Columbia County,OR,Oregon,45.9419,-123.0811,658.7,northwest
41011,Coos,Coos County,OR,Oregon,43.1859,-124.0941,1596,northwest
41013,Crook,Crook County,OR,Oregon,44.1631,-120.3716,2979,northwest
41015,Curry,Curry County,OR,Oregon,42.4664,-124.2109,1628,northwest
41017,Deschutes,Deschutes County,OR,Oregon,43.9151,-121.2256,3018,northwest
41019,Douglas,Douglas County,OR,Oregon,43.2863,-123.1545,5036,northwest
41021,Gilliam,Gilliam County,OR,Oregon,45.383,-120.2762,1205,northwest
41023,Grant,Grant County,OR,Oregon,44.4963,-119.0141,4528,northwest
41025,Harney,Harney County,OR,Oregon,43.0644,-118.9872,10130,northwest
41027,Hood River,Hood River County,OR,Oregon,45.5118,-121.656,522.2,northwest
41029,Jackson,Jackson County,OR,Oregon,42.4116,-122.6756,2783,northwest
41031,Jefferson,Jefferson County,OR,Oregon,44.6452,-121.1786,1782,northwest
41033,Josephine,Josephine County,OR,Oregon,42.387,-123.5716,1639,northwest
41035,Klamath,Klamath County,OR,Oregon,42.6838,-121.6462,5950,northwest
41037,Lake,Lake County,OR,Oregon,42.7884,-120.3898,8139,northwest
41039,Lane,Lane County,OR,Oregon,43.9283,-122.8976,4554,northwest
41041,Lincoln,Lincoln County,OR,Oregon,44.6411,-123.9112,981,northwest
41043,Linn,Linn County,OR,Oregon,44.4889,-122.5372,2290,northwest
41045,Malheur,Malheur County,OR,Oregon,43.1886,-117.6032,9888,northwest
41047,Marion,Marion County,OR,Oregon,44.9009,-122.5763,1181,northwest
41049,Morrow,Morrow County,OR,Oregon,45.4255,-119.6023,2031,northwest
41051,Multnomah,Multnomah County,OR,Oregon,45.5477,-122.4174,431,northwest
41053,Polk,Polk County,OR,Oregon,44.9004,-123.3986,740.9,northwest
41055,Sherman,Sherman County,OR,Oregon,45.3992,-120.6785,823.6,northwest
41057,Tillamook,Tillamook County,OR,Oregon,45.4559,-123.7593,1103,northwest
41059,Umatilla,Umatilla County,OR,Oregon,45.5912,-118.7339,3215,northwest
41061,Union,Union County,OR,Oregon,45.3041,-117.9991,2037,northwest
41063,Wallowa,Wallowa County,OR,Oregon,45.5938,-117.1856,3146,northwest
41065,Wasco,Wasco County,OR,Oregon,45.1645,-121.1651,2381,northwest
41067,Washington,Washington County,OR,Oregon,45.5535,-123.0976,724.3,northwest
41069,Wheeler,Wheeler County,OR,Oregon,44.7364,-120.0269,1716,northwest
41071,Yamhill,Yamhill County,OR,Oregon,45.2478,-123.3164,715.9,northwest
42001,Adams,Adams County,PA,Pennsylvania,39.8694,-77.2177,518.6,northeast
42003,Allegheny,Allegheny County,PA,Pennsylvania,40.4698,-79.9805,730,northeast
42005,Armstrong,Armstrong County,PA,Pennsylvania,40.8124,-79.4641,653.3,northeast
42007,Beaver,Beaver County,PA,Pennsylvania,40.6841,-80.3507,434.7,northeast
42009,Bedford,Bedford County,PA,Pennsylvania,39.9986,-78.4947,1012,northeast
42011,Berks,Berks County,PA,Pennsylvania,40.414,-75.9269,856.4,northeast
42013,Blair,Blair County,PA,Pennsylvania,40.4987,-78.3096,525.1,northeast
42015,Bradford,Bradford County,PA,Pennsylvania,41.7915,-76.5021,1147,northeast
42017,Bucks,Bucks County,PA,Pennsylvania,40.3369,-75.1071,604.4,northeast
42019,Butler,Butler County,PA,Pennsylvania,40.9138,-79.919,789.5,northeast
42021,Cambria,Cambria County,PA,Pennsylvania,40.5102,-78.7105,688,northeast
42023,Cameron,Cameron County,PA,Pennsylvania,41.4383,-78.1983,396.2,northeast
42025,Carbon,Carbon County,PA,Pennsylvania,40.9184,-75.705,381.4,northeast
42027,Centre,Centre County,PA,Pennsylvania,40.9093,-77.8477,1107,northeast
42029,Chester,Chester County,PA,Pennsylvania,39.974,-75.7498,750.6,northeast
42031,Clarion,Clarion County,PA,Pennsylvania,41.1982,-79.4204,600.8,northeast
42033,Clearfield,Clearfield County,PA,Pennsylvania,41.0069,-78.4777,1145,northeast
42035,Clinton,Clinton County,PA,Pennsylvania,41.2395,-77.629,889.6,northeast
42037,Columbia,Columbia County,PA,Pennsylvania,41.0455,-76.4043,483.3,northeast
42039,Crawford,Crawford County,PA,Pennsylvania,41.6879,-80.1078,1012,northeast
42041,Cumberland,Cumberland County,PA,Pennsylvania,40.1648,-77.2634,545.5,northeast
42043,Dauphin,Dauphin County,PA,Pennsylvania,40.4126,-76.7926,524.9,northeast
42045,Delaware,Delaware County,PA,Pennsylvania,39.9167,-75.3988,183.8,northeast
42047,Elk,Elk County,PA,Pennsylvania,41.4273,-78.6539,826.9,northeast
42049,Erie,Erie County,PA,Pennsylvania,42.118,-80.0964,798.9,northeast
42051,Fayette,Fayette County,PA,Pennsylvania,39.9189,-79.6403,790.8,northeast
42053,Forest,Forest County,PA,Pennsylvania,41.5133,-79.2497,427.3,northeast
42055,Franklin,Franklin County,PA,Pennsylvania,39.9268,-77.7245,772.3,northeast
42057,Fulton,Fulton County,PA,Pennsylvania,39.9108,-78.1226,437.6,northeast
42059,Greene,Greene County,PA,Pennsylvania,39.8477,-80.2257,575.9,northeast
42061,Huntingdon,Huntingdon County,PA,Pennsylvania,40.4223,-77.9686,874.6,northeast
42063,Indiana,Indiana County,PA,Pennsylvania,40.6514,-79.0875,827.4,northeast
42065,Jefferson,Jefferson County,PA,Pennsylvania,41.138,-79.0124,652.4,northeast
42067,Juniata,Juniata County,PA,Pennsylvania,40.5307,-77.4004,391.4,northeast
42069,Lackawanna,Lackawanna County,PA,Pennsylvania,41.4366,-75.6088,458.9,northeast
42071,Lancaster,Lancaster County,PA,Pennsylvania,40.042,-76.2502,943.9,northeast
42073,Lawrence,Lawrence County,PA,Pennsylvania,40.9927,-80.3344,357.4,northeast
42075,Lebanon,Lebanon County,PA,Pennsylvania,40.3714,-76.4648,361.8,northeast
42077,Lehigh,Lehigh County,PA,Pennsylvania,40.6142,-75.5906,345.3,northeast
42079,Luzerne,Luzerne County,PA,Pennsylvania,41.1731,-75.9761,889.8,northeast
42081,Lycoming,Lycoming County,PA,Pennsylvania,41.3439,-77.0553,1229,northeast
42083,McKean,McKean County,PA,Pennsylvania,41.8146,-78.5725,979.7,northeast
42085,Mercer,Mercer County,PA,Pennsylvania,41.3,-80.2528,672.5,northeast
42087,Mifflin,Mifflin County,PA,Pennsylvania,40.6016,-77.6518,411,northeast
42089,Monroe,Monroe County,PA,Pennsylvania,41.0562,-75.3291,608.4,northeast
42091,Montgomery,Montgomery County,PA,Pennsylvania,40.21,-75.3702,482.9,northeast
42093,Montour,Montour County,PA,Pennsylvania,41.0293,-76.6652,130.3,northeast
42095,Northampton,Northampton County,PA,Pennsylvania,40.7528,-75.3074,369.8,northeast
42097,Northumberland,Northumberland County,PA,Pennsylvania,40.8515,-76.7099,457.7,northeast
42099,Perry,Perry County,PA,Pennsylvania,40.3978,-77.2663,551.4,northeast
42101,Philadelphia,Philadelphia County,PA,Pennsylvania,40.0094,-75.1333,134.3,northeast
42103,Pike,Pike County,PA,Pennsylvania,41.3259,-75.0315,544.9,northeast
42105,Potter,Potter County,PA,Pennsylvania,41.7486,-77.8944,1081,northeast
42107,Schuylkill,Schuylkill County,PA,Pennsylvania,40.7037,-76.2178,778.6,northeast
42109,Snyder,Snyder County,PA,Pennsylvania,40.7554,-77.073,328.8,northeast
42111,Somerset,Somerset County,PA,Pennsylvania,39.9813,-79.0285,1075,northeast
42113,Sullivan,Sullivan County,PA,Pennsylvania,41.4393,-76.5117,449.9,northeast
42115,Susquehanna,Susquehanna County,PA,Pennsylvania,41.8197,-75.801,823.5,northeast
42117,Tioga,Tioga County,PA,Pennsylvania,41.7669,-77.2573,1134,northeast
42119,Union,Union County,PA,Pennsylvania,40.9622,-77.0555,316,northeast
42121,Venango,Venango County,PA,Pennsylvania,41.4007,-79.7658,674.3,northeast
42123,Warren,Warren County,PA,Pennsylvania,41.8343,-79.2982,884.3,northeast
42125,Washington,Washington County,PA,Pennsylvania,40.2,-80.2521,857,northeast
42127,Wayne,Wayne County,PA,Pennsylvania,41.6466,-75.2925,725.8,northeast
42129,Westmoreland,Westmoreland County,PA,Pennsylvania,40.3111,-79.4667,1028,northeast
42131,Wyoming,Wyoming County,PA,Pennsylvania,41.5252,-76.0087,397.3,northeast
42133,York,York County,PA,Pennsylvania,39.9218,-76.7289,904.4,northeast
44001,Bristol,Bristol County,RI,Rhode Island,41.7068,-71.2867,24.13,northeast
44003,Kent,Kent County,RI,Rhode Island,41.6751,-71.5803,168.6,northeast
44005,Newport,Newport County,RI,Rhode Island,41.501,-71.2831,102.4,northeast
44007,Providence,Providence County,RI,Rhode Island,41.8698,-71.5786,409.5,northeast
44009,Washington,Washington County,RI,Rhode Island,41.3968,-71.6203,329.3,northeast
45001,Abbeville,Abbeville County,SC,South Carolina,34.229,-82.4541,491.2,southeast
45003,Aiken,Aiken County,SC,South Carolina,33.55,-81.633,1071,southeast
45005,Allendale,Allendale County,SC,South Carolina,32.9798,-81.3633,408.1,southeast
45007,Anderson,Anderson County,SC,South Carolina,34.5212,-82.6386,713.9,southeast
45009,Bamberg,Bamberg County,SC,South Carolina,33.203,-81.0532,393.4,southeast
45011,Barnwell,Barnwell County,SC,South Carolina,33.2606,-81.4342,548.4,southeast
45013,Beaufort,Beaufort County,SC,South Carolina,32.3581,-80.6894,576,southeast
45015,Berkeley,Berkeley County,SC,South Carolina,33.2077,-79.9537,1104,southeast
45017,Calhoun,Calhoun County,SC,South Carolina,33.6748,-80.7803,381.1,southeast
45019,Charleston,Charleston County,SC,South Carolina,32.8005,-79.9425,918.2,southeast
45021,Cherokee,Cherokee County,SC,South Carolina,35.0498,-81.6076,393,southeast
45023,Chester,Chester County,SC,South Carolina,34.6893,-81.1612,580.9,southeast
45025,Chesterfield,Chesterfield County,SC,South Carolina,34.637,-80.1592,799,southeast
45027,Clarendon,Clarendon County,SC,South Carolina,33.6647,-80.2179,607.2,southeast
45029,Colleton,Colleton County,SC,South Carolina,32.8494,-80.6564,1056,southeast
45031,Darlington,Darlington County,SC,South Carolina,34.3322,-79.9621,560.6,southeast
45033,Dillon,Dillon County,SC,South Carolina,34.3902,-79.3752,405.1,southeast
45035,Dorchester,Dorchester County,SC,South Carolina,33.0822,-80.4047,568.4,southeast
45037,Edgefield,Edgefield County,SC,South Carolina,33.7795,-81.9596,500.7,southeast
45039,Fairfield,Fairfield County,SC,South Carolina,34.3957,-81.127,686.3,southeast
45041,Florence,Florence County,SC,South Carolina,34.0285,-79.7102,800.5,southeast
45043,Georgetown,Georgetown County,SC,South Carolina,33.4175,-79.2963,813.7,southeast
45045,Greenville,Greenville County,SC,South Carolina,34.8926,-82.3721,785.9,southeast
45047,Greenwood,Greenwood County,SC,South Carolina,34.1558,-82.1279,455.6,southeast
45049,Hampton,Hampton County,SC,South Carolina,32.7783,-81.1438,560,southeast
45051,Horry,Horry County,SC,South Carolina,33.9093,-78.9767,1133,southeast
45053,Jasper,Jasper County,SC,South Carolina,32.4306,-81.0216,655.1,southeast
45055,Kershaw,Kershaw County,SC,South Carolina,34.3384,-80.5909,726.6,southeast
45057,Lancaster,Lancaster County,SC,South Carolina,34.6868,-80.7037,549.2,southeast
45059,Laurens,Laurens County,SC,South Carolina,34.4837,-82.0055,712.9,southeast
45061,Lee,Lee County,SC,South Carolina,34.1586,-80.2512,410.2,southeast
45063,Lexington,Lexington County,SC,South Carolina,33.8923,-81.273,698.6,southeast
45065,McCormick,McCormick County,SC,South Carolina,33.8976,-82.3162,358.9,southeast
45067,Marion,Marion County,SC,South Carolina,34.0836,-79.354,489.4,southeast
45069,Marlboro,Marlboro County,SC,South Carolina,34.6017,-79.6794,479.9,southeast
45071,Newberry,Newberry County,SC,South Carolina,34.2899,-81.5997,630.3,southeast
45073,Oconee,Oconee County,SC,South Carolina,34.7488,-83.0615,626.6,southeast
45075,Orangeburg,Orangeburg County,SC,South Carolina,33.4361,-80.8029,1106,southeast
45077,Pickens,Pickens County,SC,South Carolina,34.8854,-82.7234,496.9,southeast
45079,Richland,Richland County,SC,South Carolina,34.0291,-80.898,757.3,southeast
45081,Saluda,Saluda County,SC,South Carolina,34.0053,-81.7279,453.2,southeast
45083,Spartanburg,Spartanburg County,SC,South Carolina,34.932,-81.9916,808.4,southeast
45085,Sumter,Sumter County,SC,South Carolina,33.9161,-80.3824,665.1,southeast
45087,Union,Union County,SC,South Carolina,34.6904,-81.6159,513.6,southeast
45089,Williamsburg,Williamsburg County,SC,South Carolina,33.6265,-79.7165,934.2,southeast
45091,York,York County,SC,South Carolina,34.9702,-81.1832,680.6,southeast
46003,Aurora,Aurora County,SD,South Dakota,43.7247,-98.5776,708.5,northern_great_plains
46005,Beadle,Beadle County,SD,South Dakota,44.4183,-98.2794,1259,northern_great_plains
46007,Bennett,Bennett County,SD,South Dakota,43.1869,-101.6772,1185,northern_great_plains
46009,Bon Homme,Bon Homme County,SD,South Dakota,42.9857,-97.8842,563.5,northern_great_plains
46011,Brookings,Brookings County,SD,South Dakota,44.3767,-96.7978,792.2,northern_great_plains
46013,Brown,Brown County,SD,South Dakota,45.5893,-98.3522,1713,northern_great_plains
46015,Brule,Brule County,SD,South Dakota,43.7299,-99.0929,817.2,northern_great_plains
46017,Buffalo,Buffalo County,SD,South Dakota,44.0443,-99.204,471.4,northern_great_plains
46019,Butte,Butte County,SD,South Dakota,44.8962,-103.5014,2250,northern_great_plains
46021,Campbell,Campbell County,SD,South Dakota,45.7856,-100.0021,733.7,northern_great_plains
46023,Charles Mix,Charles Mix County,SD,South Dakota,43.2062,-98.5951,1097,northern_great_plains
46025,Clark,Clark County,SD,South Dakota,44.8552,-97.7249,957.5,northern_great_plains
46027,Clay,Clay County,SD,South Dakota,42.9162,-96.9805,412,northern_great_plains
46029,Codington,Codington County,SD,South Dakota,44.9663,-97.1988,687.6,northern_great_plains
46031,Corson,Corson County,SD,South Dakota,45.6857,-101.1797,2470,northern_great_plains
46033,Custer,Custer County,SD,South Dakota,43.6849,-103.4622,1557,northern_great_plains
46035,Davison,Davison County,SD,South Dakota,43.6804,-98.1559,435.6,northern_great_plains
46037,Day,Day County,SD,South Dakota,45.3552,-97.5814,1028,northern_great_plains
46039,Deuel,Deuel County,SD,South Dakota,44.7563,-96.6902,622.7,northern_great_plains
46041,Dewey,Dewey County,SD,South Dakota,45.148,-100.838,2302,northern_great_plains
46043,Douglas,Douglas County,SD,South Dakota,43.3915,-98.3584,431.8,northern_great_plains
46045,Edmunds,Edmunds County,SD,South Dakota,45.4117,-99.2054,1126,northern_great_plains
46047,Fall River,Fall River County,SD,South Dakota,43.2216,-103.5126,1740,northern_great_plains
46049,Faulk,Faulk County,SD,South Dakota,45.0655,-99.1536,981.7,northern_great_plains
46051,Grant,Grant County,SD,South Dakota,45.1726,-96.7723,681.4,northern_great_plains
46053,Gregory,Gregory County,SD,South Dakota,43.1751,-99.2066,1015,northern_great_plains
46055,Haakon,Haakon County,SD,South Dakota,44.2881,-101.5409,1811,northern_great_plains
46057,Hamlin,Hamlin County,SD,South Dakota,44.6806,-97.1786,507.1,northern_great_plains
46059,Hand,Hand County,SD,South Dakota,44.5467,-99.0046,1437,northern_great_plains
46061,Hanson,Hanson County,SD,South Dakota,43.6806,-97.7968,434.6,northern_great_plains
46063,Harding,Harding County,SD,South Dakota,45.5966,-103.4739,2672,northern_great_plains
46065,Hughes,Hughes County,SD,South Dakota,44.3845,-99.9757,741.5,northern_great_plains
46067,Hutchinson,Hutchinson County,SD,South Dakota,43.3367,-97.7494,813,northern_great_plains
46069,Hyde,Hyde County,SD,South Dakota,44.5372,-99.4727,860.6,northern_great_plains
46071,Jackson,Jackson County,SD,South Dakota,43.6775,-101.6263,1864,northern_great_plains
46073,Jerauld,Jerauld County,SD,South Dakota,44.0634,-98.6232,526.1,northern_great_plains
46075,Jones,Jones County,SD,South Dakota,43.952,-100.6861,969.7,northern_great_plains
46077,Kingsbury,Kingsbury County,SD,South Dakota,44.363,-97.4993,832.2,northern_great_plains
46079,Lake,Lake County,SD,South Dakota,44.0284,-97.1232,562.9,northern_great_plains
46081,Lawrence,Lawrence County,SD,South Dakota,44.3485,-103.8064,800.1,northern_great_plains
46083,Lincoln,Lincoln County,SD,South Dakota,43.2794,-96.7223,577.3,northern_great_plains
46085,Lyman,Lyman County,SD,South Dakota,43.8948,-99.8419,1642,northern_great_plains
46087,McCook,McCook County,SD,South Dakota,43.6804,-97.358,574.2,northern_great_plains
46089,McPherson,McPherson County,SD,South Dakota,45.7842,-99.2114,1137,northern_great_plains
46091,Marshall,Marshall County,SD,South Dakota,45.737,-97.5809,838.1,northern_great_plains
46093,Meade,Meade County,SD,South Dakota,44.6053,-102.7142,3471,northern_great_plains
46095,Mellette,Mellette County,SD,South Dakota,43.5813,-100.7552,1307,northern_great_plains
46097,Miner,Miner County,SD,South Dakota,44.0215,-97.6081,570.2,northern_great_plains
46099,Minnehaha,Minnehaha County,SD,South Dakota,43.6675,-96.7957,806.8,northern_great_plains
46101,Moody,Moody County,SD,South Dakota,44.0124,-96.6761,519.4,northern_great_plains
46102,Oglala Lakota,Oglala Lakota County,SD,South Dakota,43.3334,-102.5615,2094,northern_great_plains
46103,Pennington,Pennington County,SD,South Dakota,44.0023,-102.8238,2777,northern_great_plains
46105,Perkins,Perkins County,SD,South Dakota,45.4834,-102.468,2870,northern_great_plains
46107,Potter,Potter County,SD,South Dakota,45.0527,-99.962,861.1,northern_great_plains
46109,Roberts,Roberts County,SD,South Dakota,45.6234,-96.9476,1101,northern_great_plains
46111,Sanborn,Sanborn County,SD,South Dakota,44.0189,-98.0917,569.2,northern_great_plains
46115,Spink,Spink County,SD,South Dakota,44.9238,-98.3396,1503,northern_great_plains
46117,Stanley,Stanley County,SD,South Dakota,44.414,-100.7478,1444,northern_great_plains
46119,Sully,Sully County,SD,South Dakota,44.7223,-100.1314,1007,northern_great_plains
46121,Todd,Todd County,SD,South Dakota,43.2088,-100.7077,1389,northern_great_plains
46123,Tripp,Tripp County,SD,South Dakota,43.3497,-99.8762,1612,northern_great_plains
46125,Turner,Turner County,SD,South Dakota,43.3087,-97.1502,617.1,northern_great_plains
46127,Union,Union County,SD,South Dakota,42.8311,-96.6508,460.8,northern_great_plains
46129,Walworth,Walworth County,SD,South Dakota,45.4276,-100.0279,707.5,northern_great_plains
46135,Yankton,Yankton County,SD,South Dakota,43.0066,-97.3884,521.2,northern_great_plains
46137,Ziebach,Ziebach County,SD,South Dakota,44.9898,-101.6608,1961,northern_great_plains
47001,Anderson,Anderson County,TN,Tennessee,36.1167,-84.1954,337.2,southeast
47003,Bedford,Bedford County,TN,Tennessee,35.5137,-86.4583,473.6,southeast
47005,Benton,Benton County,TN,Tennessee,36.0709,-88.0712,394.3,southeast
47007,Bledsoe,Bledsoe County,TN,Tennessee,35.5936,-85.2059,406.6,southeast
47009,Blount,Blount County,TN,Tennessee,35.6882,-83.923,558.8,southeast
47011,Bradley,Bradley County,TN,Tennessee,35.1539,-84.8594,328.8,southeast
47013,Campbell,Campbell County,TN,Tennessee,36.4016,-84.1592,480.2,southeast
47015,Cannon,Cannon County,TN,Tennessee,35.8084,-86.0624,265.6,southeast
47017,Carroll,Carroll County,TN,Tennessee,35.9657,-88.4524,597.7,southeast
47019,Carter,Carter County,TN,Tennessee,36.2847,-82.1266,341.3,southeast
47021,Cheatham,Cheatham County,TN,Tennessee,36.2552,-87.1008,302.5,southeast
47023,Chester,Chester County,TN,Tennessee,35.4203,-88.6114,285.7,southeast
47025,Claiborne,Claiborne County,TN,Tennessee,36.5016,-83.6607,434.6,southeast
47027,Clay,Clay County,TN,Tennessee,36.5457,-85.5457,236.5,southeast
47029,Cocke,Cocke County,TN,Tennessee,35.9162,-83.1192,436.1,southeast
47031,Coffee,Coffee County,TN,Tennessee,35.4888,-86.0782,429,southeast
47033,Crockett,Crockett County,TN,Tennessee,35.8188,-89.1325,265.5,southeast
47035,Cumberland,Cumberland County,TN,Tennessee,35.9524,-84.9948,681.3,southeast
47037,Davidson,Davidson County,TN,Tennessee,36.1691,-86.7848,503.5,southeast
47039,Decatur,Decatur County,TN,Tennessee,35.6031,-88.1103,333.9,southeast
47041,DeKalb,DeKalb County,TN,Tennessee,35.9822,-85.8336,304.4,southeast
47043,Dickson,Dickson County,TN,Tennessee,36.1455,-87.3642,489.9,southeast
47045,Dyer,Dyer County,TN,Tennessee,36.0542,-89.3983,512.4,southeast
47047,Fayette,Fayette County,TN,Tennessee,35.197,-89.4138,704.1,southeast
47049,Fentress,Fentress County,TN,Tennessee,36.3699,-84.9378,498.6,southeast
47051,Franklin,Franklin County,TN,Tennessee,35.1559,-86.0992,550.6,southeast
47053,Gibson,Gibson County,TN,Tennessee,35.9916,-88.9338,602.7,southeast
47055,Giles,Giles County,TN,Tennessee,35.2027,-87.0353,610.9,southeast
47057,Grainger,Grainger County,TN,Tennessee,36.2775,-83.5095,280.6,southeast
47059,Greene,Greene County,TN,Tennessee,36.1795,-82.8475,622.2,southeast
47061,Grundy,Grundy County,TN,Tennessee,35.3934,-85.7104,360.4,southeast
47063,Hamblen,Hamblen County,TN,Tennessee,36.2184,-83.2661,161.2,southeast
47065,Hamilton,Hamilton County,TN,Tennessee,35.1635,-85.2018,542.2,southeast
47067,Hancock,Hancock County,TN,Tennessee,36.5214,-83.2275,222.3,southeast
47069,Hardeman,Hardeman County,TN,Tennessee,35.2188,-88.9887,667.8,southeast
47071,Hardin,Hardin County,TN,Tennessee,35.2019,-88.1857,577.5,southeast
47073,Hawkins,Hawkins County,TN,Tennessee,36.4521,-82.9315,487.1,southeast
47075,Haywood,Haywood County,TN,Tennessee,35.5867,-89.2827,533.1,southeast
47077,Henderson,Henderson County,TN,Tennessee,35.654,-88.3877,520,southeast
47079,Henry,Henry County,TN,Tennessee,36.3253,-88.3003,561.9,southeast
47081,Hickman,Hickman County,TN,Tennessee,35.8023,-87.4671,612.5,southeast
47083,Houston,Houston County,TN,Tennessee,36.2858,-87.7056,200.3,southeast
47085,Humphreys,Humphreys County,TN,Tennessee,36.0408,-87.7905,530.8,southeast
47087,Jackson,Jackson County,TN,Tennessee,36.3543,-85.6741,308.8,southeast
47089,Jefferson,Jefferson County,TN,Tennessee,36.0485,-83.4412,275.2,southeast
47091,Johnson,Johnson County,TN,Tennessee,36.4532,-81.8612,298.4,southeast
47093,Knox,Knox County,TN,Tennessee,35.9927,-83.9377,508.3,southeast
47095,Lake,Lake County,TN,Tennessee,36.3339,-89.4855,165.8,southeast
47097,Lauderdale,Lauderdale County,TN,Tennessee,35.763,-89.6277,471.9,southeast
47099,Lawrence,Lawrence County,TN,Tennessee,35.2205,-87.3965,617.1,southeast
47101,Lewis,Lewis County,TN,Tennessee,35.5232,-87.497,282.1,southeast
47103,Lincoln,Lincoln County,TN,Tennessee,35.1428,-86.5934,570.3,southeast
47105,Loudon,Loudon County,TN,Tennessee,35.7351,-84.3141,229.3,southeast
47107,McMinn,McMinn County,TN,Tennessee,35.4245,-84.6199,430.1,southeast
47109,McNairy,McNairy County,TN,Tennessee,35.1754,-88.5637,562.8,southeast
47111,Macon,Macon County,TN,Tennessee,36.5378,-86.001,307.1,southeast
47113,Madison,Madison County,TN,Tennessee,35.6061,-88.8334,557.2,southeast
47115,Marion,Marion County,TN,Tennessee,35.1276,-85.6074,502.2,southeast
47117,Marshall,Marshall County,TN,Tennessee,35.4683,-86.7659,375.5,southeast
47119,Maury,Maury County,TN,Tennessee,35.6157,-87.0778,613.1,southeast
47121,Meigs,Meigs County,TN,Tennessee,35.5122,-84.8161,195.1,southeast
47123,Monroe,Monroe County,TN,Tennessee,35.4478,-84.2497,635.8,southeast
47125,Montgomery,Montgomery County,TN,Tennessee,36.5004,-87.3809,539.2,southeast
47127,Moore,Moore County,TN,Tennessee,35.2889,-86.3587,129.2,southeast
47129,Morgan,Morgan County,TN,Tennessee,36.1387,-84.6393,522.2,southeast
47131,Obion,Obion County,TN,Tennessee,36.3619,-89.1481,544.8,southeast
47133,Overton,Overton County,TN,Tennessee,36.3449,-85.2831,433.5,southeast
47135,Perry,Perry County,TN,Tennessee,35.6638,-87.8693,414.8,southeast
47137,Pickett,Pickett County,TN,Tennessee,36.5594,-85.0757,163,southeast
47139,Polk,Polk County,TN,Tennessee,35.1094,-84.5411,434.6,southeast
47141,Putnam,Putnam County,TN,Tennessee,36.1409,-85.4962,401.1,southeast
47143,Rhea,Rhea County,TN,Tennessee,35.6006,-84.9495,315.5,southeast
47145,Roane,Roane County,TN,Tennessee,35.8473,-84.5239,360.8,southeast
47147,Robertson,Robertson County,TN,Tennessee,36.5244,-86.8726,476.3,southeast
47149,Rutherford,Rutherford County,TN,Tennessee,35.8434,-86.4172,619.3,southeast
47151,Scott,Scott County,TN,Tennessee,36.4306,-84.5041,532.3,southeast
47153,Sequatchie,Sequatchie County,TN,Tennessee,35.3723,-85.4101,265.9,southeast
47155,Sevier,Sevier County,TN,Tennessee,35.7878,-83.5249,592.5,southeast
47157,Shelby,Shelby County,TN,Tennessee,35.1846,-89.8946,752.8,southeast
47159,Smith,Smith County,TN,Tennessee,36.2566,-85.9419,314.3,southeast
47161,Stewart,Stewart County,TN,Tennessee,36.4585,-87.8119,459.8,southeast
47163,Sullivan,Sullivan County,TN,Tennessee,36.5097,-82.3013,413.5,southeast
47165,Sumner,Sumner County,TN,Tennessee,36.4724,-86.4584,529.5,southeast
47167,Tipton,Tipton County,TN,Tennessee,35.4988,-89.7471,455.6,southeast
47169,Trousdale,Trousdale County,TN,Tennessee,36.393,-86.1567,114.3,southeast
47171,Unicoi,Unicoi County,TN,Tennessee,36.1001,-82.4182,186.1,southeast
47173,Union,Union County,TN,Tennessee,36.2841,-83.8361,223.6,southeast
47175,Van Buren,Van Buren County,TN,Tennessee,35.6992,-85.4584,273.4,southeast
47177,Warren,Warren County,TN,Tennessee,35.6782,-85.7773,432.7,southeast
47179,Washington,Washington County,TN,Tennessee,36.2957,-82.495,326.5,southeast
47181,Wayne,Wayne County,TN,Tennessee,35.2428,-87.8198,734.1,southeast
47183,Weakley,Weakley County,TN,Tennessee,36.3036,-88.7212,580.4,southeast
47185,White,White County,TN,Tennessee,35.927,-85.4558,376.7,southeast
47187,Williamson,Williamson County,TN,Tennessee,35.8948,-86.8979,582.9,southeast
47189,Wilson,Wilson County,TN,Tennessee,36.1494,-86.2912,571.1,southeast
48001,Anderson,Anderson County,TX,Texas,31.8413,-95.6617,1063,southern_great_plains
48003,Andrews,Andrews County,TX,Texas,32.3123,-102.6402,1501,southern_great_plains
48005,Angelina,Angelina County,TX,Texas,31.2519,-94.6111,797.9,southern_great_plains
48007,Aransas,Aransas County,TX,Texas,28.1226,-96.9675,252.1,southern_great_plains
48009,Archer,Archer County,TX,Texas,33.6163,-98.6873,903.3,southern_great_plains
48011,Armstrong,Armstrong County,TX,Texas,34.9642,-101.3566,909.1,southern_great_plains
48013,Atascosa,Atascosa County,TX,Texas,28.8915,-98.5354,1220,southern_great_plains
48015,Austin,Austin County,TX,Texas,29.8919,-96.2702,646.5,southern_great_plains
48017,Bailey,Bailey County,TX,Texas,34.0675,-102.8303,827,southern_great_plains
48019,Bandera,Bandera County,TX,Texas,29.7564,-99.2483,791,southern_great_plains
48021,Bastrop,Bastrop County,TX,Texas,30.1008,-97.3106,888.2,southern_great_plains
48023,Baylor,Baylor County,TX,Texas,33.6188,-99.2082,867.5,southern_great_plains
48025,Bee,Bee County,TX,Texas,28.4161,-97.7426,880.2,southern_great_plains
48027,Bell,Bell County,TX,Texas,31.0427,-97.4813,1054,southern_great_plains
48029,Bexar,Bexar County,TX,Texas,29.4487,-98.5201,1240,southern_great_plains
48031,Blanco,Blanco County,TX,Texas,30.2662,-98.3993,709.3,southern_great_plains
48033,Borden,Borden County,TX,Texas,32.7386,-101.4392,897.4,southern_great_plains
48035,Bosque,Bosque County,TX,Texas,31.9008,-97.6376,983,southern_great_plains
48037,Bowie,Bowie County,TX,Texas,33.4461,-94.4224,884.9,southern_great_plains
48039,Brazoria,Brazoria County,TX,Texas,29.1678,-95.4346,1363,southern_great_plains
48041,Brazos,Brazos County,TX,Texas,30.6567,-96.3024,586.1,southern_great_plains
48043,Brewster,Brewster County,TX,Texas,29.809,-103.2525,6184,southern_great_plains
48045,Briscoe,Briscoe County,TX,Texas,34.5252,-101.2059,900,southern_great_plains
48047,Brooks,Brooks County,TX,Texas,27.035,-98.2153,943.4,southern_great_plains
48049,Brown,Brown County,TX,Texas,31.7641,-98.9985,944.5,southern_great_plains
48051,Burleson,Burleson County,TX,Texas,30.4935,-96.6221,659.1,southern_great_plains
48053,Burnet,Burnet County,TX,Texas,30.7896,-98.2012,994.8,southern_great_plains
48055,Caldwell,Caldwell County,TX,Texas,29.8324,-97.6281,544.5,southern_great_plains
48057,Calhoun,Calhoun County,TX,Texas,28.4417,-96.5796,506.9,southern_great_plains
48059,Callahan,Callahan County,TX,Texas,32.2931,-99.3722,899.4,southern_great_plains
48061,Cameron,Cameron County,TX,Texas,26.1029,-97.479,891.7,southern_great_plains
48063,Camp,Camp County,TX,Texas,32.9746,-94.9791,195.8,southern_great_plains
48065,Carson,Carson County,TX,Texas,35.4055,-101.3554,920.2,southern_great_plains
48067,Cass,Cass County,TX,Texas,33.0837,-94.3576,936.9,southern_great_plains
48069,Castro,Castro County,TX,Texas,34.5336,-102.2588,894.4,southern_great_plains
48071,Chambers,Chambers County,TX,Texas,29.6964,-94.6694,597.2,southern_great_plains
48073,Cherokee,Cherokee County,TX,Texas,31.8439,-95.1563,1053,southern_great_plains
48075,Childress,Childress County,TX,Texas,34.5246,-100.2082,696.5,southern_great_plains
48077,Clay,Clay County,TX,Texas,33.7859,-98.2129,1089,southern_great_plains
48079,Cochran,Cochran County,TX,Texas,33.6084,-102.8304,775.1,southern_great_plains
48081,Coke,Coke County,TX,Texas,31.8771,-100.6352,911.6,southern_great_plains
48083,Coleman,Coleman County,TX,Texas,31.9142,-99.3466,1263,southern_great_plains
48085,Collin,Collin County,TX,Texas,33.1945,-96.5794,841.4,southern_great_plains
48087,Collingsworth,Collingsworth County,TX,Texas,34.9634,-100.2721,918.4,southern_great_plains
48089,Colorado,Colorado County,TX,Texas,29.5963,-96.5089,960.3,southern_great_plains
48091,Comal,Comal County,TX,Texas,29.8124,-98.2581,559.5,southern_great_plains
48093,Comanche,Comanche County,TX,Texas,31.9516,-98.5496,937.8,southern_great_plains
48095,Concho,Concho County,TX,Texas,31.3189,-99.8636,983.8,southern_great_plains
48097,Cooke,Cooke County,TX,Texas,33.6392,-97.2103,874.8,southern_great_plains
48099,Coryell,Coryell County,TX,Texas,31.3912,-97.798,1052,southern_great_plains
48101,Cottle,Cottle County,TX,Texas,34.0919,-100.2764,900.6,southern_great_plains
48103,Crane,Crane County,TX,Texas,31.4228,-102.4878,785.1,southern_great_plains
48105,Crockett,Crockett County,TX,Texas,30.7175,-101.4042,2807,southern_great_plains
48107,Crosby,Crosby County,TX,Texas,33.6091,-101.2987,900.2,southern_great_plains
48109,Culberson,Culberson County,TX,Texas,31.4459,-104.5269,3812,southern_great_plains
48111,Dallam,Dallam County,TX,Texas,36.2864,-102.594,1503,southern_great_plains
48113,Dallas,Dallas County,TX,Texas,32.767,-96.7784,873.2,southern_great_plains
48115,Dawson,Dawson County,TX,Texas,32.7425,-101.9488,900.3,southern_great_plains
48117,Deaf Smith,Deaf Smith County,TX,Texas,34.9408,-102.6076,1497,southern_great_plains
48119,Delta,Delta County,TX,Texas,33.3859,-95.6733,256.8,southern_great_plains
48121,Denton,Denton County,TX,Texas,33.2051,-97.1211,878.8,southern_great_plains
48123,DeWitt,DeWitt County,TX,Texas,29.0823,-97.3617,909,southern_great_plains
48125,Dickens,Dickens County,TX,Texas,33.6154,-100.7876,901.7,southern_great_plains
48127,Dimmit,Dimmit County,TX,Texas,28.4236,-99.7659,1329,southern_great_plains
48129,Donley,Donley County,TX,Texas,34.955,-100.8158,927,southern_great_plains
48131,Duval,Duval County,TX,Texas,27.6811,-98.4974,1793,southern_great_plains
48133,Eastland,Eastland County,TX,Texas,32.3246,-98.8366,926.5,southern_great_plains
48135,Ector,Ector County,TX,Texas,31.8653,-102.5425,897.9,southern_great_plains
48137,Edwards,Edwards County,TX,Texas,29.9859,-100.3074,2118,southern_great_plains
48139,Ellis,Ellis County,TX,Texas,32.3469,-96.7969,935.8,southern_great_plains
48141,El Paso,El Paso County,TX,Texas,31.7665,-106.2415,1014,southern_great_plains
48143,Erath,Erath County,TX,Texas,32.2367,-98.2205,1083,southern_great_plains
48145,Falls,Falls County,TX,Texas,31.2519,-96.9341,765.5,southern_great_plains
48147,Fannin,Fannin County,TX,Texas,33.5912,-96.105,877.9,southern_great_plains
48149,Fayette,Fayette County,TX,Texas,29.8779,-96.9212,949.9,southern_great_plains
48151,Fisher,Fisher County,TX,Texas,32.7405,-100.4031,899,southern_great_plains
48153,Floyd,Floyd County,TX,Texas,34.0737,-101.3033,992.1,southern_great_plains
48155,Foard,Foard County,TX,Texas,33.9633,-99.8168,704.4,southern_great_plains
48157,Fort Bend,Fort Bend County,TX,Texas,29.5266,-95.771,861.8,southern_great_plains
48159,Franklin,Franklin County,TX,Texas,33.1758,-95.2191,284.4,southern_great_plains
48161,Freestone,Freestone County,TX,Texas,31.7017,-96.145,877.7,southern_great_plains
48163,Frio,Frio County,TX,Texas,28.8694,-99.109,1134,southern_great_plains
48165,Gaines,Gaines County,TX,Texas,32.7439,-102.6316,1502,southern_great_plains
48167,Galveston,Galveston County,TX,Texas,29.2339,-94.8882,379.4,southern_great_plains
48169,Garza,Garza County,TX,Texas,33.1838,-101.3011,893.4,southern_great_plains
48171,Gillespie,Gillespie County,TX,Texas,30.3251,-98.9419,1058,southern_great_plains
48173,Glasscock,Glasscock County,TX,Texas,31.868,-101.5215,900.2,southern_great_plains
48175,Goliad,Goliad County,TX,Texas,28.6607,-97.4304,852,southern_great_plains
48177,Gonzales,Gonzales County,TX,Texas,29.4619,-97.4919,1067,southern_great_plains
48179,Gray,Gray County,TX,Texas,35.4025,-100.8124,926,southern_great_plains
48181,Grayson,Grayson County,TX,Texas,33.6245,-96.6758,932.8,southern_great_plains
48183,Gregg,Gregg County,TX,Texas,32.4864,-94.8163,273.4,southern_great_plains
48185,Grimes,Grimes County,TX,Texas,30.5432,-95.9881,787.5,southern_great_plains
48187,Guadalupe,Guadalupe County,TX,Texas,29.5827,-97.949,711.3,southern_great_plains
48189,Hale,Hale County,TX,Texas,34.0684,-101.8229,1005,southern_great_plains
48191,Hall,Hall County,TX,Texas,34.4532,-100.5763,883.5,southern_great_plains
48193,Hamilton,Hamilton County,TX,Texas,31.7073,-98.1118,835.9,southern_great_plains
48195,Hansford,Hansford County,TX,Texas,36.2728,-101.3569,919.8,southern_great_plains
48197,Hardeman,Hardeman County,TX,Texas,34.2899,-99.7457,695.1,southern_great_plains
48199,Hardin,Hardin County,TX,Texas,30.3296,-94.3932,890.6,southern_great_plains
48201,Harris,Harris County,TX,Texas,29.8573,-95.393,1707,southern_great_plains
48203,Harrison,Harrison County,TX,Texas,32.548,-94.3744,900.1,southern_great_plains
48205,Hartley,Hartley County,TX,Texas,35.8402,-102.61,1462,southern_great_plains
48207,Haskell,Haskell County,TX,Texas,33.176,-99.7308,903.1,southern_great_plains
48209,Hays,Hays County,TX,Texas,30.0612,-98.0293,676.9,southern_great_plains
48211,Hemphill,Hemphill County,TX,Texas,35.816,-100.2792,906.3,southern_great_plains
48213,Henderson,Henderson County,TX,Texas,32.2116,-95.8534,873.8,southern_great_plains
48215,Hidalgo,Hidalgo County,TX,Texas,26.3964,-98.181,1571,southern_great_plains
48217,Hill,Hill County,TX,Texas,31.9826,-97.1306,958.9,southern_great_plains
48219,Hockley,Hockley County,TX,Texas,33.6059,-102.3434,908.4,southern_great_plains
48221,Hood,Hood County,TX,Texas,32.4301,-97.8317,420.7,southern_great_plains
48223,Hopkins,Hopkins County,TX,Texas,33.149,-95.5654,767.4,southern_great_plains
48225,Houston,Houston County,TX,Texas,31.323,-95.4216,1231,southern_great_plains
48227,Howard,Howard County,TX,Texas,32.3034,-101.4387,900.8,southern_great_plains
48229,Hudspeth,Hudspeth County,TX,Texas,31.4509,-105.3775,4571,southern_great_plains
48231,Hunt,Hunt County,TX,Texas,33.1233,-96.0842,840.4,southern_great_plains
48233,Hutchinson,Hutchinson County,TX,Texas,35.837,-101.3627,887.4,southern_great_plains
48235,Irion,Irion County,TX,Texas,31.3034,-100.9813,1052,southern_great_plains
48237,Jack,Jack County,TX,Texas,33.2322,-98.1712,911,southern_great_plains
48239,Jackson,Jackson County,TX,Texas,28.9598,-96.5891,829.4,southern_great_plains
48241,Jasper,Jasper County,TX,Texas,30.7529,-94.0223,938.7,southern_great_plains
48243,Jeff Davis,Jeff Davis County,TX,Texas,30.6254,-104.1919,2265,southern_great_plains
48245,Jefferson,Jefferson County,TX,Texas,29.854,-94.1493,876.7,southern_great_plains
48247,Jim Hogg,Jim Hogg County,TX,Texas,27.0532,-98.7476,1136,southern_great_plains
48249,Jim Wells,Jim Wells County,TX,Texas,27.7335,-98.0908,865.2,southern_great_plains
48251,Johnson,Johnson County,TX,Texas,32.3797,-97.3649,725.1,southern_great_plains
48253,Jones,Jones County,TX,Texas,32.7437,-99.8744,928.6,southern_great_plains
48255,Karnes,Karnes County,TX,Texas,28.909,-97.8522,747.8,southern_great_plains
48257,Kaufman,Kaufman County,TX,Texas,32.5989,-96.2884,780.7,southern_great_plains
48259,Kendall,Kendall County,TX,Texas,29.9435,-98.7093,662.5,southern_great_plains
48261,Kenedy,Kenedy County,TX,Texas,26.8902,-97.5911,1459,southern_great_plains
48263,Kent,Kent County,TX,Texas,33.1848,-100.7697,902.5,southern_great_plains
48265,Kerr,Kerr County,TX,Texas,30.06,-99.3533,1103,southern_great_plains
48267,Kimble,Kimble County,TX,Texas,30.4795,-99.7464,1251,southern_great_plains
48269,King,King County,TX,Texas,33.6143,-100.2453,910.9,southern_great_plains
48271,Kinney,Kinney County,TX,Texas,29.3471,-100.4177,1361,southern_great_plains
48273,Kleberg,Kleberg County,TX,Texas,27.4387,-97.6606,881.3,southern_great_plains
48275,Knox,Knox County,TX,Texas,33.6119,-99.7304,850.6,southern_great_plains
48277,Lamar,Lamar County,TX,Texas,33.6673,-95.5703,907.3,southern_great_plains
48279,Lamb,Lamb County,TX,Texas,34.0689,-102.348,1016,southern_great_plains
48281,Lampasas,Lampasas County,TX,Texas,31.1967,-98.2409,712.5,southern_great_plains
48283,La Salle,La Salle County,TX,Texas,28.3511,-99.0968,1487,southern_great_plains
48285,Lavaca,Lavaca County,TX,Texas,29.3826,-96.9236,969.7,southern_great_plains
48287,Lee,Lee County,TX,Texas,30.3215,-96.9768,629,southern_great_plains
48289,Leon,Leon County,TX,Texas,31.3005,-95.9956,1073,southern_great_plains
48291,Liberty,Liberty County,TX,Texas,30.1585,-94.8441,1158,southern_great_plains
48293,Limestone,Limestone County,TX,Texas,31.5475,-96.5936,905.4,southern_great_plains
48295,Lipscomb,Lipscomb County,TX,Texas,36.2802,-100.2727,932.2,southern_great_plains
48297,Live Oak,Live Oak County,TX,Texas,28.3515,-98.127,1040,southern_great_plains
48299,Llano,Llano County,TX,Texas,30.7076,-98.6847,934.1,southern_great_plains
48301,Loving,Loving County,TX,Texas,31.8449,-103.5612,668.8,southern_great_plains
48303,Lubbock,Lubbock County,TX,Texas,33.6115,-101.8199,895.6,southern_great_plains
48305,Lynn,Lynn County,TX,Texas,33.1784,-101.8185,891.9,southern_great_plains
48307,McCulloch,McCulloch County,TX,Texas,31.2055,-99.3599,1066,southern_great_plains
48309,McLennan,McLennan County,TX,Texas,31.5496,-97.2015,1037,southern_great_plains
48311,McMullen,McMullen County,TX,Texas,28.3849,-98.5789,1140,southern_great_plains
48313,Madison,Madison County,TX,Texas,30.9669,-95.9304,466.1,southern_great_plains
48315,Marion,Marion County,TX,Texas,32.7982,-94.3569,380.9,southern_great_plains
48317,Martin,Martin County,TX,Texas,32.3098,-101.9618,915,southern_great_plains
48319,Mason,Mason County,TX,Texas,30.7039,-99.2373,928.8,southern_great_plains
48321,Matagorda,Matagorda County,TX,Texas,28.7748,-96.0015,1093,southern_great_plains
48323,Maverick,Maverick County,TX,Texas,28.7298,-100.3167,1279,southern_great_plains
48325,Medina,Medina County,TX,Texas,29.3537,-99.1111,1325,southern_great_plains
48327,Menard,Menard County,TX,Texas,30.8853,-99.8589,902,southern_great_plains
48329,Midland,Midland County,TX,Texas,31.8143,-102.0025,900.4,southern_great_plains
48331,Milam,Milam County,TX,Texas,30.7912,-96.9844,1016,southern_great_plains
48333,Mills,Mills County,TX,Texas,31.4949,-98.5946,748.2,southern_great_plains
48335,Mitchell,Mitchell County,TX,Texas,32.3041,-100.9244,911.1,southern_great_plains
48337,Montague,Montague County,TX,Texas,33.6784,-97.725,930.9,southern_great_plains
48339,Montgomery,Montgomery County,TX,Texas,30.2988,-95.5029,1042,southern_great_plains
48341,Moore,Moore County,TX,Texas,35.8357,-101.8905,899.7,southern_great_plains
48343,Morris,Morris County,TX,Texas,33.1165,-94.7313,252,southern_great_plains
48345,Motley,Motley County,TX,Texas,34.0579,-100.7932,989.6,southern_great_plains
48347,Nacogdoches,Nacogdoches County,TX,Texas,31.6206,-94.6202,946.3,southern_great_plains
48349,Navarro,Navarro County,TX,Texas,32.0484,-96.4769,1010,southern_great_plains
48351,Newton,Newton County,TX,Texas,30.7867,-93.7392,933.7,southern_great_plains
48353,Nolan,Nolan County,TX,Texas,32.3123,-100.4181,912,southern_great_plains
48355,Nueces,Nueces County,TX,Texas,27.74,-97.5162,839.3,southern_great_plains
48357,Ochiltree,Ochiltree County,TX,Texas,36.2787,-100.8159,917.7,southern_great_plains
48359,Oldham,Oldham County,TX,Texas,35.4019,-102.5976,1501,southern_great_plains
48361,Orange,Orange County,TX,Texas,30.1223,-93.8941,333.8,southern_great_plains
48363,Palo Pinto,Palo Pinto County,TX,Texas,32.7522,-98.318,952.5,southern_great_plains
48365,Panola,Panola County,TX,Texas,32.164,-94.3052,811.4,southern_great_plains
48367,Parker,Parker County,TX,Texas,32.7771,-97.8059,903.7,southern_great_plains
48369,Parmer,Parmer County,TX,Texas,34.5322,-102.7849,880.8,southern_great_plains
48371,Pecos,Pecos County,TX,Texas,30.7733,-102.7182,4764,southern_great_plains
48373,Polk,Polk County,TX,Texas,30.7846,-94.8373,1057,southern_great_plains
48375,Potter,Potter County,TX,Texas,35.3987,-101.8938,908.4,southern_great_plains
48377,Presidio,Presidio County,TX,Texas,30.0059,-104.2616,3855,southern_great_plains
48379,Rains,Rains County,TX,Texas,32.8705,-95.7956,229.5,southern_great_plains
48381,Randall,Randall County,TX,Texas,34.9625,-101.8955,912.7,southern_great_plains
48383,Reagan,Reagan County,TX,Texas,31.3752,-101.5144,1175,southern_great_plains
48385,Real,Real County,TX,Texas,29.8301,-99.8125,699.2,southern_great_plains
48387,Red River,Red River County,TX,Texas,33.6196,-95.0484,1044,southern_great_plains
48389,Reeves,Reeves County,TX,Texas,31.3084,-103.7127,2635,southern_great_plains
48391,Refugio,Refugio County,TX,Texas,28.3221,-97.1625,770.5,southern_great_plains
48393,Roberts,Roberts County,TX,Texas,35.8386,-100.8367,924.1,southern_great_plains
48395,Robertson,Robertson County,TX,Texas,31.0255,-96.5149,855.2,southern_great_plains
48397,Rockwall,Rockwall County,TX,Texas,32.8999,-96.412,127.2,southern_great_plains
48399,Runnels,Runnels County,TX,Texas,31.8451,-99.9827,1051,southern_great_plains
48401,Rusk,Rusk County,TX,Texas,32.1094,-94.7564,924.2,southern_great_plains
48403,Sabine,Sabine County,TX,Texas,31.3433,-93.8519,491.7,southern_great_plains
48405,San Augustine,San Augustine County,TX,Texas,31.3824,-94.1632,530.7,southern_great_plains
48407,San Jacinto,San Jacinto County,TX,Texas,30.5744,-95.1631,569.2,southern_great_plains
48409,San Patricio,San Patricio County,TX,Texas,28.0118,-97.5172,693.3,southern_great_plains
48411,San Saba,San Saba County,TX,Texas,31.1551,-98.8193,1135,southern_great_plains
48413,Schleicher,Schleicher County,TX,Texas,30.8962,-100.5272,1311,southern_great_plains
48415,Scurry,Scurry County,TX,Texas,32.7444,-100.9133,905.4,southern_great_plains
48417,Shackelford,Shackelford County,TX,Texas,32.7438,-99.347,914.3,southern_great_plains
48419,Shelby,Shelby County,TX,Texas,31.7901,-94.1426,795.6,southern_great_plains
48421,Sherman,Sherman County,TX,Texas,36.2786,-101.8993,922.9,southern_great_plains
48423,Smith,Smith County,TX,Texas,32.3751,-95.2689,921.5,southern_great_plains
48425,Somervell,Somervell County,TX,Texas,32.2181,-97.7692,186.2,southern_great_plains
48427,Starr,Starr County,TX,Texas,26.5309,-98.7402,1223,southern_great_plains
48429,Stephens,Stephens County,TX,Texas,32.7381,-98.8393,896.7,southern_great_plains
48431,Sterling,Sterling County,TX,Texas,31.8358,-101.0549,923.4,southern_great_plains
48433,Stonewall,Stonewall County,TX,Texas,33.1796,-100.2538,916.3,southern_great_plains
48435,Sutton,Sutton County,TX,Texas,30.5222,-100.5134,1454,southern_great_plains
48437,Swisher,Swisher County,TX,Texas,34.5263,-101.7439,890.2,southern_great_plains
48439,Tarrant,Tarrant County,TX,Texas,32.7721,-97.2912,865.4,southern_great_plains
48441,Taylor,Taylor County,TX,Texas,32.2971,-99.8904,915.5,southern_great_plains
48443,Terrell,Terrell County,TX,Texas,30.2323,-102.0725,2358,southern_great_plains
48445,Terry,Terry County,TX,Texas,33.1712,-102.3393,888.9,southern_great_plains
48447,Throckmorton,Throckmorton County,TX,Texas,33.1707,-99.2058,912.6,southern_great_plains
48449,Titus,Titus County,TX,Texas,33.2146,-94.9668,406.3,southern_great_plains
48451,Tom Green,Tom Green County,TX,Texas,31.3983,-100.4638,1522,southern_great_plains
48453,Travis,Travis County,TX,Texas,30.2395,-97.6913,994.3,southern_great_plains
48455,Trinity,Trinity County,TX,Texas,31.0967,-95.1517,693.8,southern_great_plains
48457,Tyler,Tyler County,TX,Texas,30.7693,-94.3757,924.4,southern_great_plains
48459,Upshur,Upshur County,TX,Texas,32.7353,-94.9412,583,southern_great_plains
48461,Upton,Upton County,TX,Texas,31.3538,-102.0415,1241,southern_great_plains
48463,Uvalde,Uvalde County,TX,Texas,29.3503,-99.7684,1552,southern_great_plains
48465,Val Verde,Val Verde County,TX,Texas,29.8753,-101.1433,3145,southern_great_plains
48467,Van Zandt,Van Zandt County,TX,Texas,32.5588,-95.8369,842.6,southern_great_plains
48469,Victoria,Victoria County,TX,Texas,28.7964,-96.9712,882.1,southern_great_plains
48471,Walker,Walker County,TX,Texas,30.7432,-95.5698,784.2,southern_great_plains
48473,Waller,Waller County,TX,Texas,30.0136,-95.9821,513.3,southern_great_plains
48475,Ward,Ward County,TX,Texas,31.5131,-103.1051,835.6,southern_great_plains
48477,Washington,Washington County,TX,Texas,30.2151,-96.4103,604.2,southern_great_plains
48479,Webb,Webb County,TX,Texas,27.7608,-99.3408,3361,southern_great_plains
48481,Wharton,Wharton County,TX,Texas,29.2785,-96.2297,1086,southern_great_plains
48483,Wheeler,Wheeler County,TX,Texas,35.3926,-100.2531,914.5,southern_great_plains
48485,Wichita,Wichita County,TX,Texas,33.9882,-98.708,627.6,southern_great_plains
48487,Wilbarger,Wilbarger County,TX,Texas,34.0849,-99.2424,970.9,southern_great_plains
48489,Willacy,Willacy County,TX,Texas,26.4819,-97.5947,590.6,southern_great_plains
48491,Williamson,Williamson County,TX,Texas,30.6491,-97.6051,1116,southern_great_plains
48493,Wilson,Wilson County,TX,Texas,29.1739,-98.0867,803.7,southern_great_plains
48495,Winkler,Winkler County,TX,Texas,31.8329,-103.0549,841.3,southern_great_plains
48497,Wise,Wise County,TX,Texas,33.2193,-97.653,904.5,southern_great_plains
48499,Wood,Wood County,TX,Texas,32.7836,-95.3822,645.2,southern_great_plains
48501,Yoakum,Yoakum County,TX,Texas,33.1623,-102.8322,799.7,southern_great_plains
48503,Young,Young County,TX,Texas,33.1588,-98.6784,914.5,southern_great_plains
48505,Zapata,Zapata County,TX,Texas,26.997,-99.1826,998.4,southern_great_plains
48507,Zavala,Zavala County,TX,Texas,28.8647,-99.7598,1297,southern_great_plains
49001,Beaver,Beaver County,UT,Utah,38.3575,-113.2389,2583,southwest
49003,Box Elder,Box Elder County,UT,Utah,41.6226,-113.0603,5781,southwest
49005,Cache,Cache County,UT,Utah,41.7341,-111.7454,1165,southwest
49007,Carbon,Carbon County,UT,Utah,39.6733,-110.5885,1479,southwest
49009,Daggett,Daggett County,UT,Utah,40.8901,-109.5058,696.5,southwest
49011,Davis,Davis County,UT,Utah,41.0376,-112.2019,324.8,southwest
49013,Duchesne,Duchesne County,UT,Utah,40.2894,-110.4296,3236,southwest
49015,Emery,Emery County,UT,Utah,39.009,-110.7211,4463,southwest
49017,Garfield,Garfield County,UT,Utah,37.8317,-111.4509,5180,southwest
49019,Grand,Grand County,UT,Utah,38.9743,-109.5734,3673,southwest
49021,Iron,Iron County,UT,Utah,37.9093,-113.3067,3296,southwest
49023,Juab,Juab County,UT,Utah,39.7141,-112.7905,3392,southwest
49025,Kane,Kane County,UT,Utah,37.2751,-111.8153,3994,southwest
49027,Millard,Millard County,UT,Utah,38.9567,-113.1331,6785,southwest
49029,Morgan,Morgan County,UT,Utah,41.091,-111.5779,609.2,southwest
49031,Piute,Piute County,UT,Utah,38.3359,-112.1294,758.2,southwest
49033,Rich,Rich County,UT,Utah,41.6276,-111.2402,1029,southwest
49035,Salt Lake,Salt Lake County,UT,Utah,40.6679,-111.9242,752.9,southwest
49037,San Juan,San Juan County,UT,Utah,37.6026,-109.7916,7824,southwest
49039,Sanpete,Sanpete County,UT,Utah,39.3734,-111.5769,1590,southwest
49041,Sevier,Sevier County,UT,Utah,38.7468,-111.8119,1910,southwest
49043,Summit,Summit County,UT,Utah,40.8721,-110.9685,1871,southwest
49045,Tooele,Tooele County,UT,Utah,40.4678,-113.124,7040,southwest
49047,Uintah,Uintah County,UT,Utah,40.1259,-109.5177,4483,southwest
49049,Utah,Utah County,UT,Utah,40.1204,-111.6686,2004,southwest
49051,Wasatch,Wasatch County,UT,Utah,40.3349,-111.1616,1177,southwest
49053,Washington,Washington County,UT,Utah,37.2625,-113.4878,2428,southwest
49055,Wayne,Wayne County,UT,Utah,38.2599,-110.9909,2461,southwest
49057,Weber,Weber County,UT,Utah,41.2703,-111.8769,611,southwest
50001,Addison,Addison County,VT,Vermont,44.0312,-73.1416,766.3,northeast
50003,Bennington,Bennington County,VT,Vermont,43.0353,-73.1115,674.2,northeast
50005,Caledonia,Caledonia County,VT,Vermont,44.4688,-72.1122,649.2,northeast
50007,Chittenden,Chittenden County,VT,Vermont,44.4633,-73.0694,536.8,northeast
50009,Essex,Essex County,VT,Vermont,44.724,-71.7327,662.4,northeast
50011,Franklin,Franklin County,VT,Vermont,44.859,-72.9094,631,northeast
50013,Grand Isle,Grand Isle County,VT,Vermont,44.8018,-73.3008,81.77,northeast
50015,Lamoille,Lamoille County,VT,Vermont,44.6112,-72.6327,461.3,northeast
50017,Orange,Orange County,VT,Vermont,44.0034,-72.3696,687,northeast
50019,Orleans,Orleans County,VT,Vermont,44.8284,-72.2516,694.6,northeast
50021,Rutland,Rutland County,VT,Vermont,43.6124,-73.0603,930.6,northeast
50023,Washington,Washington County,VT,Vermont,44.275,-72.6094,687.1,northeast
50025,Windham,Windham County,VT,Vermont,42.9953,-72.7219,786,northeast
50027,Windsor,Windsor County,VT,Vermont,43.5724,-72.5988,969.1,northeast
51001,Accomack,Accomack County,VA,Virginia,37.7659,-75.7578,449.3,southeast
51003,Albemarle,Albemarle County,VA,Virginia,38.0242,-78.5535,720.5,southeast
51005,Alleghany,Alleghany County,VA,Virginia,37.7879,-80.0087,446.6,southeast
51007,Amelia,Amelia County,VA,Virginia,37.3319,-77.9775,355.4,southeast
51009,Amherst,Amherst County,VA,Virginia,37.6293,-79.1548,474,southeast
51011,Appomattox,Appomattox County,VA,Virginia,37.3707,-78.8109,334.2,southeast
51013,Arlington,Arlington County,VA,Virginia,38.8783,-77.1007,26,southeast
51015,Augusta,Augusta County,VA,Virginia,38.1726,-79.141,967.1,southeast
51017,Bath,Bath County,VA,Virginia,38.0684,-79.7312,529.2,southeast
51019,Bedford,Bedford County,VA,Virginia,37.3123,-79.5272,760.1,southeast
51021,Bland,Bland County,VA,Virginia,37.1306,-81.1259,357.6,southeast
51023,Botetourt,Botetourt County,VA,Virginia,37.5655,-79.7975,541.3,southeast
51025,Brunswick,Brunswick County,VA,Virginia,36.7642,-77.8615,566.4,southeast
51027,Buchanan,Buchanan County,VA,Virginia,37.2681,-82.0382,502.9,southeast
51029,Buckingham,Buckingham County,VA,Virginia,37.5739,-78.5292,579.6,southeast
51031,Campbell,Campbell County,VA,Virginia,37.2102,-79.0954,503.3,southeast
51033,Caroline,Caroline County,VA,Virginia,38.028,-77.3537,527.4,southeast
51035,Carroll,Carroll County,VA,Virginia,36.732,-80.7278,474.7,southeast
51036,Charles City,Charles City County,VA,Virginia,37.3611,-77.0542,182.9,southeast
51037,Charlotte,Charlotte County,VA,Virginia,37.009,-78.6586,475.3,southeast
51041,Chesterfield,Chesterfield County,VA,Virginia,37.3784,-77.5858,423.5,southeast
51043,Clarke,Clarke County,VA,Virginia,39.1153,-77.9907,176,southeast
51045,Craig,Craig County,VA,Virginia,37.4736,-80.2311,328.1,southeast
51047,Culpeper,Culpeper County,VA,Virginia,38.4859,-77.9565,379.2,southeast
51049,Cumberland,Cumberland County,VA,Virginia,37.5202,-78.2528,297.5,southeast
51051,Dickenson,Dickenson County,VA,Virginia,37.1367,-82.3492,330.4,southeast
51053,Dinwiddie,Dinwiddie County,VA,Virginia,37.0735,-77.6355,503.8,southeast
51057,Essex,Essex County,VA,Virginia,37.9364,-76.9337,257.4,southeast
51059,Fairfax,Fairfax County,VA,Virginia,38.8295,-77.2733,391,southeast
51061,Fauquier,Fauquier County,VA,Virginia,38.7441,-77.8215,648,southeast
51063,Floyd,Floyd County,VA,Virginia,36.9314,-80.3503,380.9,southeast
51065,Fluvanna,Fluvanna County,VA,Virginia,37.8306,-78.2835,287.1,southeast
51067,Franklin,Franklin County,VA,Virginia,36.9912,-79.8827,690.6,southeast
51069,Frederick,Frederick County,VA,Virginia,39.2037,-78.2638,413.1,southeast
51071,Giles,Giles County,VA,Virginia,37.3181,-80.6983,357.2,southeast
51073,Gloucester,Gloucester County,VA,Virginia,37.4035,-76.5235,217.8,southeast
51075,Goochland,Goochland County,VA,Virginia,37.7188,-77.9176,282.1,southeast
51077,Grayson,Grayson County,VA,Virginia,36.6522,-81.2153,441.8,southeast
51079,Greene,Greene County,VA,Virginia,38.298,-78.4702,155.9,southeast
51081,Greensville,Greensville County,VA,Virginia,36.6803,-77.5603,295.4,southeast
51083,Halifax,Halifax County,VA,Virginia,36.7665,-78.9396,817.7,southeast
51085,Hanover,Hanover County,VA,Virginia,37.7602,-77.4913,467.6,southeast
51087,Henrico,Henrico County,VA,Virginia,37.4375,-77.3003,233.7,southeast
51089,Henry,Henry County,VA,Virginia,36.6206,-79.9807,382.4,southeast
51091,Highland,Highland County,VA,Virginia,38.3662,-79.5645,415.2,southeast
51093,Isle of Wight,Isle of Wight County,VA,Virginia,36.9014,-76.7076,315.7,southeast
51095,James City,James City County,VA,Virginia,37.3248,-76.7779,142.3,southeast
51097,King and Queen,King and Queen County,VA,Virginia,37.7178,-76.9056,315.1,southeast
51099,King George,King George County,VA,Virginia,38.2772,-77.1626,179.6,southeast
51101,King William,King William County,VA,Virginia,37.7083,-77.0911,273.9,southeast
51103,Lancaster,Lancaster County,VA,Virginia,37.7048,-76.4127,133.3,southeast
51105,Lee,Lee County,VA,Virginia,36.7017,-83.1301,435.4,southeast
51107,Loudoun,Loudoun County,VA,Virginia,39.0812,-77.6389,515.7,southeast
51109,Louisa,Louisa County,VA,Virginia,37.9727,-77.9598,495,southeast
51111,Lunenburg,Lunenburg County,VA,Virginia,36.9456,-78.2405,431.7,southeast
51113,Madison,Madison County,VA,Virginia,38.4121,-78.277,320.6,southeast
51115,Mathews,Mathews County,VA,Virginia,37.4253,-76.2688,85.91,southeast
51117,Mecklenburg,Mecklenburg County,VA,Virginia,36.6873,-78.369,625.3,southeast
51119,Middlesex,Middlesex County,VA,Virginia,37.607,-76.5281,130.3,southeast
51121,Montgomery,Montgomery County,VA,Virginia,37.1755,-80.3878,386.8,southeast
51125,Nelson,Nelson County,VA,Virginia,37.7891,-78.8834,470.7,southeast
51127,New Kent,New Kent County,VA,Virginia,37.5102,-76.9993,210,southeast
51131,Northampton,Northampton County,VA,Virginia,37.3028,-75.924,211.7,southeast
51133,Northumberland,Northumberland County,VA,Virginia,37.857,-76.3797,191.4,southeast
51135,Nottoway,Nottoway County,VA,Virginia,37.1412,-78.0539,314.4,southeast
51137,Orange,Orange County,VA,Virginia,38.2493,-78.0111,340.5,southeast
51139,Page,Page County,VA,Virginia,38.6232,-78.4919,310,southeast
51141,Patrick,Patrick County,VA,Virginia,36.6671,-80.2864,483,southeast
51143,Pittsylvania,Pittsylvania County,VA,Virginia,36.8217,-79.3985,969,southeast
51145,Powhatan,Powhatan County,VA,Virginia,37.5494,-77.9129,260.2,southeast
51147,Prince Edward,Prince Edward County,VA,Virginia,37.2249,-78.433,349.9,southeast
51149,Prince George,Prince George County,VA,Virginia,37.1873,-77.221,265.3,southeast
51153,Prince William,Prince William County,VA,Virginia,38.7011,-77.4796,335.3,southeast
51155,Pulaski,Pulaski County,VA,Virginia,37.0634,-80.7134,319.8,southeast
51157,Rappahannock,Rappahannock County,VA,Virginia,38.6845,-78.1688,266.4,southeast
51159,Richmond,Richmond County,VA,Virginia,37.9429,-76.7306,191.5,southeast
51161,Roanoke,Roanoke County,VA,Virginia,37.3308,-80.1912,250.5,southeast
51163,Rockbridge,Rockbridge County,VA,Virginia,37.8145,-79.4478,596.5,southeast
51165,Rockingham,Rockingham County,VA,Virginia,38.5076,-78.8853,849.8,southeast
51167,Russell,Russell County,VA,Virginia,36.9334,-82.0959,473.5,southeast
51169,Scott,Scott County,VA,Virginia,36.7128,-82.6136,535.8,southeast
51171,Shenandoah,Shenandoah County,VA,Virginia,38.8562,-78.574,508.1,southeast
51173,Smyth,Smyth County,VA,Virginia,36.8423,-81.5398,451.4,southeast
51175,Southampton,Southampton County,VA,Virginia,36.7201,-77.1038,599.2,southeast
51177,Spotsylvania,Spotsylvania County,VA,Virginia,38.1824,-77.6572,402,southeast
51179,Stafford,Stafford County,VA,Virginia,38.4231,-77.458,268.5,southeast
51181,Surry,Surry County,VA,Virginia,37.1198,-76.8802,278.9,southeast
51183,Sussex,Sussex County,VA,Virginia,36.9266,-77.2597,490.2,southeast
51185,Tazewell,Tazewell County,VA,Virginia,37.1254,-81.5629,518.8,southeast
51187,Warren,Warren County,VA,Virginia,38.9082,-78.2076,214.6,southeast
51191,Washington,Washington County,VA,Virginia,36.7478,-81.9503,561.2,southeast
51193,Westmoreland,Westmoreland County,VA,Virginia,38.1093,-76.8039,229.3,southeast
51195,Wise,Wise County,VA,Virginia,36.9746,-82.6216,403.4,southeast
51197,Wythe,Wythe County,VA,Virginia,36.8999,-81.083,462,southeast
51199,York,York County,VA,Virginia,37.2209,-76.3955,104.7,southeast
51510,Alexandria,Alexandria city,VA,Virginia,38.8193,-77.0837,14.94,southeast
51520,Bristol,Bristol city,VA,Virginia,36.617,-82.1576,12.87,southeast
51530,Buena Vista,Buena Vista city,VA,Virginia,37.7293,-79.3581,6.438,southeast
51540,Charlottesville,Charlottesville city,VA,Virginia,38.0377,-78.4854,10.24,southeast
51550,Chesapeake,Chesapeake city,VA,Virginia,36.6794,-76.3018,338.5,southeast
51570,Colonial Heights,Colonial Heights city,VA,Virginia,37.2617,-77.3968,7.519,southeast
51580,Covington,Covington city,VA,Virginia,37.7811,-79.9854,5.469,southeast
51590,Danville,Danville city,VA,Virginia,36.5833,-79.4081,42.8,southeast
51595,Emporia,Emporia city,VA,Virginia,36.6962,-77.536,6.629,southeast
51600,Fairfax,Fairfax city,VA,Virginia,38.8532,-77.299,6.241,southeast
51610,Falls Church,Falls Church city,VA,Virginia,38.8847,-77.1756,2.046,southeast
51620,Franklin,Franklin city,VA,Virginia,36.684,-76.9414,8.277,southeast
51630,Fredericksburg,Fredericksburg city,VA,Virginia,38.2993,-77.4867,10.45,southeast
51640,Galax,Galax city,VA,Virginia,36.6656,-80.9143,8.236,southeast
51650,Hampton,Hampton city,VA,Virginia,37.048,-76.2973,51.46,southeast
51660,Harrisonburg,Harrisonburg city,VA,Virginia,38.4363,-78.8733,17.34,southeast
51670,Hopewell,Hopewell city,VA,Virginia,37.291,-77.2989,10.35,southeast
51678,Lexington,Lexington city,VA,Virginia,37.7823,-79.4443,2.499,southeast
51680,Lynchburg,Lynchburg city,VA,Virginia,37.399,-79.1955,48.92,southeast
51683,Manassas,Manassas city,VA,Virginia,38.7468,-77.4826,9.843,southeast
51685,Manassas Park,Manassas Park city,VA,Virginia,38.7694,-77.4423,3.034,southeast
51690,Martinsville,Martinsville city,VA,Virginia,36.6835,-79.8636,10.96,southeast
51700,Newport News,Newport News city,VA,Virginia,37.0761,-76.522,69,southeast
51710,Norfolk,Norfolk city,VA,Virginia,36.923,-76.2446,53.27,southeast
51720,Norton,Norton city,VA,Virginia,36.9315,-82.626,7.477,southeast
51730,Petersburg,Petersburg city,VA,Virginia,37.2047,-77.3924,22.72,southeast
51735,Poquoson,Poquoson city,VA,Virginia,37.1284,-76.3035,15.36,southeast
51740,Portsmouth,Portsmouth city,VA,Virginia,36.8593,-76.357,33.3,southeast
51750,Radford,Radford city,VA,Virginia,37.1201,-80.5591,9.676,southeast
51760,Richmond,Richmond city,VA,Virginia,37.5314,-77.476,59.92,southeast
51770,Roanoke,Roanoke city,VA,Virginia,37.2785,-79.9582,42.52,southeast
51775,Salem,Salem city,VA,Virginia,37.2853,-80.0552,14.52,southeast
51790,Staunton,Staunton city,VA,Virginia,38.158,-79.0619,19.92,southeast
51800,Suffolk,Suffolk city,VA,Virginia,36.6972,-76.6348,399.2,southeast
51810,Virginia Beach,Virginia Beach city,VA,Virginia,36.7795,-76.0291,244.7,southeast
51820,Waynesboro,Waynesboro city,VA,Virginia,38.0672,-78.9014,14.97,southeast
51830,Williamsburg,Williamsburg city,VA,Virginia,37.2695,-76.7082,8.938,southeast
51840,Winchester,Winchester city,VA,Virginia,39.1739,-78.1764,9.193,southeast
53001,Adams,Adams County,WA,Washington,47.0112,-118.5129,1925,northwest
53003,Asotin,Asotin County,WA,Washington,46.1819,-117.2278,636.1,northwest
53005,Benton,Benton County,WA,Washington,46.2281,-119.5167,1700,northwest
53007,Chelan,Chelan County,WA,Washington,47.861,-120.619,2921,northwest
53009,Clallam,Clallam County,WA,Washington,48.1109,-123.8899,1739,northwest
53011,Clark,Clark County,WA,Washington,45.7717,-122.486,628.5,northwest
53013,Columbia,Columbia County,WA,Washington,46.2929,-117.9116,868.6,northwest
53015,Cowlitz,Cowlitz County,WA,Washington,46.1968,-122.6785,1141,northwest
53017,Douglas,Douglas County,WA,Washington,47.7418,-119.6946,1819,northwest
53019,Ferry,Ferry County,WA,Washington,48.4733,-118.5336,2203,northwest
53021,Franklin,Franklin County,WA,Washington,46.5375,-118.9039,1242,northwest
53023,Garfield,Garfield County,WA,Washington,46.4293,-117.5367,710.8,northwest
53025,Grant,Grant County,WA,Washington,47.2136,-119.4678,2680,northwest
53027,Grays Harbor,Grays Harbor County,WA,Washington,47.1137,-123.8267,1901,northwest
53029,Island,Island County,WA,Washington,48.1586,-122.6706,208.5,northwest
53031,Jefferson,Jefferson County,WA,Washington,47.8057,-123.5271,1804,northwest
53033,King,King County,WA,Washington,47.4906,-121.834,2116,northwest
53035,Kitsap,Kitsap County,WA,Washington,47.6397,-122.6496,395.1,northwest
53037,Kittitas,Kittitas County,WA,Washington,47.1244,-120.6767,2297,northwest
53039,Klickitat,Klickitat County,WA,Washington,45.8704,-120.7793,1872,northwest
53041,Lewis,Lewis County,WA,Washington,46.5801,-122.3774,2403,northwest
53043,Lincoln,Lincoln County,WA,Washington,47.5827,-118.4177,2311,northwest
53045,Mason,Mason County,WA,Washington,47.3508,-123.1731,959.6,northwest
53047,Okanogan,Okanogan County,WA,Washington,48.5485,-119.7422,5266,northwest
53049,Pacific,Pacific County,WA,Washington,46.5566,-123.7824,933.4,northwest
53051,Pend Oreille,Pend Oreille County,WA,Washington,48.5438,-117.2322,1400,northwest
53053,Pierce,Pierce County,WA,Washington,47.0514,-122.1532,1668,northwest
53055,San Juan,San Juan County,WA,Washington,48.5072,-123.1038,173.9,northwest
53057,Skagit,Skagit County,WA,Washington,48.4933,-121.8158,1730,northwest
53059,Skamania,Skamania County,WA,Washington,46.0248,-121.9532,1658,northwest
53061,Snohomish,Snohomish County,WA,Washington,48.0549,-121.765,2087,northwest
53063,Spokane,Spokane County,WA,Washington,47.6204,-117.4034,1764,northwest
53065,Stevens,Stevens County,WA,Washington,48.3887,-117.8545,2477,northwest
53067,Thurston,Thurston County,WA,Washington,46.9358,-122.8302,722.5,northwest
53069,Wahkiakum,Wahkiakum County,WA,Washington,46.2946,-123.4245,262.9,northwest
53071,Walla Walla,Walla Walla County,WA,Washington,46.2546,-118.4804,1270,northwest
53073,Whatcom,Whatcom County,WA,Washington,48.8427,-121.8364,2108,northwest
53075,Whitman,Whitman County,WA,Washington,46.9059,-117.5354,2159,northwest
53077,Yakima,Yakima County,WA,Washington,46.4566,-120.7401,4295,northwest
54001,Barbour,Barbour County,WV,West Virginia,39.1397,-79.9969,341.1,northeast
54003,Berkeley,Berkeley County,WV,West Virginia,39.4479,-78.0378,321.1,northeast
54005,Boone,Boone County,WV,West Virginia,38.0228,-81.7135,502.4,northeast
54007,Braxton,Braxton County,WV,West Virginia,38.6993,-80.7317,510.7,northeast
54009,Brooke,Brooke County,WV,West Virginia,40.2726,-80.5787,89.2,northeast
54011,Cabell,Cabell County,WV,West Virginia,38.4196,-82.2434,281,northeast
54013,Calhoun,Calhoun County,WV,West Virginia,38.8442,-81.1155,279.3,northeast
54015,Clay,Clay County,WV,West Virginia,38.4598,-81.0819,341.9,northeast
54017,Doddridge,Doddridge County,WV,West Virginia,39.2643,-80.7115,319.7,northeast
54019,Fayette,Fayette County,WV,West Virginia,38.031,-81.0861,662,northeast
54021,Gilmer,Gilmer County,WV,West Virginia,38.9159,-80.8494,338.5,northeast
54023,Grant,Grant County,WV,West Virginia,39.106,-79.1951,477.4,northeast
54025,Greenbrier,Greenbrier County,WV,West Virginia,37.9244,-80.4506,1020,northeast
54027,Hampshire,Hampshire County,WV,West Virginia,39.3121,-78.612,640.4,northeast
54029,Hancock,Hancock County,WV,West Virginia,40.517,-80.5702,82.61,northeast
54031,Hardy,Hardy County,WV,West Virginia,39.0114,-78.8417,582.3,northeast
54033,Harrison,Harrison County,WV,West Virginia,39.2792,-80.3865,416,northeast
54035,Jackson,Jackson County,WV,West Virginia,38.8342,-81.6777,464.4,northeast
54037,Jefferson,Jefferson County,WV,West Virginia,39.3074,-77.8632,209.3,northeast
54039,Kanawha,Kanawha County,WV,West Virginia,38.3281,-81.5235,901.7,northeast
54041,Lewis,Lewis County,WV,West Virginia,38.9889,-80.4955,386.9,northeast
54043,Lincoln,Lincoln County,WV,West Virginia,38.1718,-82.0776,437.1,northeast
54045,Logan,Logan County,WV,West Virginia,37.8306,-81.9409,452.9,northeast
54047,McDowell,McDowell County,WV,West Virginia,37.3828,-81.6582,533.5,northeast
54049,Marion,Marion County,WV,West Virginia,39.5058,-80.2434,308.8,northeast
54051,Marshall,Marshall County,WV,West Virginia,39.8544,-80.6718,305.4,northeast
54053,Mason,Mason County,WV,West Virginia,38.7709,-82.029,430.8,northeast
54055,Mercer,Mercer County,WV,West Virginia,37.4034,-81.1065,419,northeast
54057,Mineral,Mineral County,WV,West Virginia,39.4048,-78.9567,327.9,northeast
54059,Mingo,Mingo County,WV,West Virginia,37.7212,-82.159,423.1,northeast
54061,Monongalia,Monongalia County,WV,West Virginia,39.6336,-80.0591,360.1,northeast
54063,Monroe,Monroe County,WV,West Virginia,37.5541,-80.5503,472.8,northeast
54065,Morgan,Morgan County,WV,West Virginia,39.5573,-78.2565,229.1,northeast
54067,Nicholas,Nicholas County,WV,West Virginia,38.2914,-80.7975,646.8,northeast
54069,Ohio,Ohio County,WV,West Virginia,40.1003,-80.6199,105.8,northeast
54071,Pendleton,Pendleton County,WV,West Virginia,38.6745,-79.3406,696,northeast
54073,Pleasants,Pleasants County,WV,West Virginia,39.3681,-81.1612,130.1,northeast
54075,Pocahontas,Pocahontas County,WV,West Virginia,38.3326,-80.0101,940.2,northeast
54077,Preston,Preston County,WV,West Virginia,39.469,-79.6689,648.8,northeast
54079,Putnam,Putnam County,WV,West Virginia,38.5105,-81.9061,345.7,northeast
54081,Raleigh,Raleigh County,WV,West Virginia,37.7625,-81.2647,605,northeast
54083,Randolph,Randolph County,WV,West Virginia,38.7811,-79.8678,1040,northeast
54085,Ritchie,Ritchie County,WV,West Virginia,39.1771,-81.0663,452,northeast
54087,Roane,Roane County,WV,West Virginia,38.743,-81.3545,483.6,northeast
54089,Summers,Summers County,WV,West Virginia,37.656,-80.8563,360.6,northeast
54091,Taylor,Taylor County,WV,West Virginia,39.3325,-80.0466,172.8,northeast
54093,Tucker,Tucker County,WV,West Virginia,39.1112,-79.56,419,northeast
54095,Tyler,Tyler County,WV,West Virginia,39.4656,-80.8772,256.3,northeast
54097,Upshur,Upshur County,WV,West Virginia,38.9025,-80.2316,354.6,northeast
54099,Wayne,Wayne County,WV,West Virginia,38.1436,-82.4227,506,northeast
54101,Webster,Webster County,WV,West Virginia,38.4835,-80.4491,553.5,northeast
54103,Wetzel,Wetzel County,WV,West Virginia,39.5982,-80.6354,358.1,northeast
54105,Wirt,Wirt County,WV,West Virginia,39.02,-81.383,232.5,northeast
54107,Wood,Wood County,WV,West Virginia,39.2116,-81.5162,366.5,northeast
54109,Wyoming,Wyoming County,WV,West Virginia,37.6037,-81.549,499.5,northeast
55001,Adams,Adams County,WI,Wisconsin,43.9738,-89.7672,645.6,midwest
55003,Ashland,Ashland County,WI,Wisconsin,46.5444,-90.6797,1045,midwest
55005,Barron,Barron County,WI,Wisconsin,45.4372,-91.8529,863.1,midwest
55007,Bayfield,Bayfield County,WI,Wisconsin,46.6342,-91.1773,1478,midwest
55009,Brown,Brown County,WI,Wisconsin,44.474,-87.9961,530.1,midwest
55011,Buffalo,Buffalo County,WI,Wisconsin,44.3856,-91.7613,675.8,midwest
55013,Burnett,Burnett County,WI,Wisconsin,45.8669,-92.3757,821.6,midwest
55015,Calumet,Calumet County,WI,Wisconsin,44.0784,-88.2121,318.2,midwest
55017,Chippewa,Chippewa County,WI,Wisconsin,45.0691,-91.2835,1008,midwest
55019,Clark,Clark County,WI,Wisconsin,44.7392,-90.6099,1210,midwest
55021,Columbia,Columbia County,WI,Wisconsin,43.4719,-89.3305,765.6,midwest
55023,Crawford,Crawford County,WI,Wisconsin,43.2428,-90.9352,570.8,midwest
55025,Dane,Dane County,WI,Wisconsin,43.0675,-89.4179,1196,midwest
55027,Dodge,Dodge County,WI,Wisconsin,43.4296,-88.7019,875.7,midwest
55029,Door,Door County,WI,Wisconsin,45.0934,-87.0487,481.9,midwest
55031,Douglas,Douglas County,WI,Wisconsin,46.4632,-91.8925,1304,midwest
55033,Dunn,Dunn County,WI,Wisconsin,44.9478,-91.8976,850.2,midwest
55035,Eau Claire,Eau Claire County,WI,Wisconsin,44.7264,-91.2864,637.9,midwest
55037,Florence,Florence County,WI,Wisconsin,45.8718,-88.407,488,midwest
55039,Fond du Lac,Fond du Lac County,WI,Wisconsin,43.7547,-88.4933,719.6,midwest
55041,Forest,Forest County,WI,Wisconsin,45.6669,-88.7733,1014,midwest
55043,Grant,Grant County,WI,Wisconsin,42.87,-90.6942,1148,midwest
55045,Green,Green County,WI,Wisconsin,42.6755,-89.6051,584,midwest
55047,Green Lake,Green Lake County,WI,Wisconsin,43.7802,-88.9704,349.5,midwest
55049,Iowa,Iowa County,WI,Wisconsin,43.001,-90.1337,762.7,midwest
55051,Iron,Iron County,WI,Wisconsin,46.3265,-90.2613,758.2,midwest
55053,Jackson,Jackson County,WI,Wisconsin,44.3246,-90.7995,987.9,midwest
55055,Jefferson,Jefferson County,WI,Wisconsin,43.0138,-88.774,556.5,midwest
55057,Juneau,Juneau County,WI,Wisconsin,43.9328,-90.114,767.1,midwest
55059,Kenosha,Kenosha County,WI,Wisconsin,42.5875,-87.88,271.8,midwest
55061,Kewaunee,Kewaunee County,WI,Wisconsin,44.6057,-87.448,342.5,midwest
55063,La Crosse,La Crosse County,WI,Wisconsin,43.9082,-91.1118,451.8,midwest
55065,Lafayette,Lafayette County,WI,Wisconsin,42.6556,-90.1303,633.6,midwest
55067,Langlade,Langlade County,WI,Wisconsin,45.2549,-89.0671,870.7,midwest
55069,Lincoln,Lincoln County,WI,Wisconsin,45.3331,-89.7322,878.7,midwest
55071,Manitowoc,Manitowoc County,WI,Wisconsin,44.1561,-87.5774,589.3,midwest
55073,Marathon,Marathon County,WI,Wisconsin,44.898,-89.7578,1545,midwest
55075,Marinette,Marinette County,WI,Wisconsin,45.3469,-87.9912,1399,midwest
55077,Marquette,Marquette County,WI,Wisconsin,43.8261,-89.4091,455.7,midwest
55078,Menominee,Menominee County,WI,Wisconsin,44.9913,-88.6693,357.6,midwest
55079,Milwaukee,Milwaukee County,WI,Wisconsin,42.9126,-87.8623,241.5,midwest
55081,Monroe,Monroe County,WI,Wisconsin,43.9452,-90.62,900.9,midwest
55083,Oconto,Oconto County,WI,Wisconsin,44.9966,-88.2065,997.5,midwest
55085,Oneida,Oneida County,WI,Wisconsin,45.7162,-89.5345,1114,midwest
55087,Outagamie,Outagamie County,WI,Wisconsin,44.4182,-88.465,637.6,midwest
55089,Ozaukee,Ozaukee County,WI,Wisconsin,43.5018,-87.8476,233,midwest
55091,Pepin,Pepin County,WI,Wisconsin,44.6274,-91.8349,232,midwest
55093,Pierce,Pierce County,WI,Wisconsin,44.7253,-92.4263,574,midwest
55095,Polk,Polk County,WI,Wisconsin,45.462,-92.4471,914.3,midwest
55097,Portage,Portage County,WI,Wisconsin,44.4762,-89.4981,800.9,midwest
55099,Price,Price County,WI,Wisconsin,45.6791,-90.3597,1254,midwest
55101,Racine,Racine County,WI,Wisconsin,42.7804,-87.7716,332.6,midwest
55103,Richland,Richland County,WI,Wisconsin,43.3762,-90.4357,586.1,midwest
55105,Rock,Rock County,WI,Wisconsin,42.6699,-89.0753,718.2,midwest
55107,Rusk,Rusk County,WI,Wisconsin,45.4727,-91.1367,913.5,midwest
55109,St. Croix,St. Croix County,WI,Wisconsin,45.029,-92.4473,722.2,midwest
55111,Sauk,Sauk County,WI,Wisconsin,43.428,-89.9433,831.6,midwest
55113,Sawyer,Sawyer County,WI,Wisconsin,45.865,-91.1471,1258,midwest
55115,Shawano,Shawano County,WI,Wisconsin,44.7896,-88.7558,893.2,midwest
55117,Sheboygan,Sheboygan County,WI,Wisconsin,43.7387,-87.7315,511.5,midwest
55119,Taylor,Taylor County,WI,Wisconsin,45.2117,-90.5049,975.1,midwest
55121,Trempealeau,Trempealeau County,WI,Wisconsin,44.303,-91.3589,733,midwest
55123,Vernon,Vernon County,WI,Wisconsin,43.5994,-90.822,791.6,midwest
55125,Vilas,Vilas County,WI,Wisconsin,46.0498,-89.5013,857.7,midwest
55127,Walworth,Walworth County,WI,Wisconsin,42.6681,-88.5417,555.4,midwest
55129,Washburn,Washburn County,WI,Wisconsin,45.8925,-91.7964,797.1,midwest
55131,Washington,Washington County,WI,Wisconsin,43.3912,-88.2329,430.6,midwest
55133,Waukesha,Waukesha County,WI,Wisconsin,43.0184,-88.3042,549.7,midwest
55135,Waupaca,Waupaca County,WI,Wisconsin,44.478,-88.967,747.7,midwest
55137,Waushara,Waushara County,WI,Wisconsin,44.1128,-89.2398,626.2,midwest
55139,Winnebago,Winnebago County,WI,Wisconsin,44.0857,-88.6681,434.7,midwest
55141,Wood,Wood County,WI,Wisconsin,44.4614,-90.0388,793,midwest
56001,Albany,Albany County,WY,Wyoming,41.6655,-105.7219,4274,northern_great_plains
56003,Big Horn,Big Horn County,WY,Wyoming,44.5251,-107.9948,3137,northern_great_plains
56005,Campbell,Campbell County,WY,Wyoming,44.192,-105.517,4802,northern_great_plains
56007,Carbon,Carbon County,WY,Wyoming,41.7036,-106.9332,7898,northern_great_plains
56009,Converse,Converse County,WY,Wyoming,42.9846,-105.5248,4255,northern_great_plains
56011,Crook,Crook County,WY,Wyoming,44.5893,-104.5673,2854,northern_great_plains
56013,Fremont,Fremont County,WY,Wyoming,43.0548,-108.6089,9184,northern_great_plains
56015,Goshen,Goshen County,WY,Wyoming,42.0895,-104.3535,2226,northern_great_plains
56017,Hot Springs,Hot Springs County,WY,Wyoming,43.7202,-108.4351,2004,northern_great_plains
56019,Johnson,Johnson County,WY,Wyoming,44.044,-106.5885,4154,northern_great_plains
56021,Laramie,Laramie County,WY,Wyoming,41.2928,-104.6604,2686,northern_great_plains
56023,Lincoln,Lincoln County,WY,Wyoming,42.23,-110.683,4075,northern_great_plains
56025,Natrona,Natrona County,WY,Wyoming,42.9776,-106.7682,5341,northern_great_plains
56027,Niobrara,Niobrara County,WY,Wyoming,43.0622,-104.4684,2626,northern_great_plains
56029,Park,Park County,WY,Wyoming,44.4924,-109.5936,6939,northern_great_plains
56031,Platte,Platte County,WY,Wyoming,42.1316,-104.954,2081,northern_great_plains
56033,Sheridan,Sheridan County,WY,Wyoming,44.7814,-106.8812,2523,northern_great_plains
56035,Sublette,Sublette County,WY,Wyoming,42.7679,-109.9162,4886,northern_great_plains
56037,Sweetwater,Sweetwater County,WY,Wyoming,41.6603,-108.8757,10430,northern_great_plains
56039,Teton,Teton County,WY,Wyoming,44.0487,-110.4261,3997,northern_great_plains
56041,Uinta,Uinta County,WY,Wyoming,41.2847,-110.5589,2082,northern_great_plains
56043,Washakie,Washakie County,WY,Wyoming,43.8788,-107.6691,2239,northern_great_plains
56045,Weston,Weston County,WY,Wyoming,43.8462,-104.57,2398,northern_great_plains
60010,Eastern,Eastern District,AS,American Samoa,-14.2743,-170.6587,25.14,hawaii_pacific
60020,Manu'a,Manu'a District,AS,American Samoa,-14.2218,-169.506,22.25,hawaii_pacific
60050,Western,Western District,AS,American Samoa,-14.3235,-170.7682,27.99,hawaii_pacific
66010,Guam,Guam,GU,Guam,13.4438,144.7743,209.9,hawaii_pacific
69100,Rota,Rota Municipality,MP,Commonwealth of the Northern Mariana Islands,14.1573,145.2145,32.86,hawaii_pacific
69110,Saipan,Saipan Municipality,MP,Commonwealth of the Northern Mariana Islands,15.1888,145.7535,45.9,hawaii_pacific
69120,Tinian,Tinian Municipality,MP,Commonwealth of the Northern Mariana Islands,15.0032,145.6269,41.79,hawaii_pacific
72001,Adjuntas,Adjuntas Municipio,PR,Puerto Rico,18.1816,-66.7582,66.68,caribbean
72003,Aguada,Aguada Municipio,PR,Puerto Rico,18.3757,-67.1857,30.86,caribbean
72005,Aguadilla,Aguadilla Municipio,PR,Puerto Rico,18.4802,-67.1438,36.54,caribbean
72007,Aguas Buenas,Aguas Buenas Municipio,PR,Puerto Rico,18.2565,-66.1285,30.09,caribbean
72009,Aibonito,Aibonito Municipio,PR,Puerto Rico,18.1307,-66.2645,31.31,caribbean
72011,Añasco,Añasco Municipio,PR,Puerto Rico,18.2869,-67.1313,39.29,caribbean
72013,Arecibo,Arecibo Municipio,PR,Puerto Rico,18.434,-66.675,126,caribbean
72015,Arroyo,Arroyo Municipio,PR,Puerto Rico,17.9721,-66.0419,15.01,caribbean
72017,Barceloneta,Barceloneta Municipio,PR,Puerto Rico,18.47,-66.5582,18.68,caribbean
72019,Barranquitas,Barranquitas Municipio,PR,Puerto Rico,18.2,-66.3093,34.25,caribbean
72021,Bayamón,Bayamón Municipio,PR,Puerto Rico,18.3494,-66.1686,44.44,caribbean
72023,Cabo Rojo,Cabo Rojo Municipio,PR,Puerto Rico,17.9971,-67.1809,70.37,caribbean
72025,Caguas,Caguas Municipio,PR,Puerto Rico,18.2111,-66.051,58.6,caribbean
72027,Camuy,Camuy Municipio,PR,Puerto Rico,18.4455,-66.8631,46.43,caribbean
72029,Canóvanas,Canóvanas Municipio,PR,Puerto Rico,18.33,-65.886,32.87,caribbean
72031,Carolina,Carolina Municipio,PR,Puerto Rico,18.3968,-65.9688,45.38,caribbean
72033,Cataño,Cataño Municipio,PR,Puerto Rico,18.4446,-66.1488,4.832,caribbean
72035,Cayey,Cayey Municipio,PR,Puerto Rico,18.1036,-66.1517,51.94,caribbean
72037,Ceiba,Ceiba Municipio,PR,Puerto Rico,18.2533,-65.6208,29.04,caribbean
72039,Ciales,Ciales Municipio,PR,Puerto Rico,18.2959,-66.5156,66.53,caribbean
72041,Cidra,Cidra Municipio,PR,Puerto Rico,18.1744,-66.1616,36.02,caribbean
72043,Coamo,Coamo Municipio,PR,Puerto Rico,18.1038,-66.3576,78.01,caribbean
72045,Comerío,Comerío Municipio,PR,Puerto Rico,18.225,-66.2195,28.4,caribbean
72047,Corozal,Corozal Municipio,PR,Puerto Rico,18.3039,-66.3262,42.56,caribbean
72049,Culebra,Culebra Municipio,PR,Puerto Rico,18.3266,-65.3078,11.65,caribbean
72051,Dorado,Dorado Municipio,PR,Puerto Rico,18.4744,-66.262,23.12,caribbean
72053,Fajardo,Fajardo Municipio,PR,Puerto Rico,18.3864,-65.5885,29.91,caribbean
72054,Florida,Florida Municipio,PR,Puerto Rico,18.3687,-66.5627,15.22,caribbean
72055,Guánica,Guánica Municipio,PR,Puerto Rico,17.9482,-66.9229,37.08,caribbean
72057,Guayama,Guayama Municipio,PR,Puerto Rico,17.9739,-66.1375,65.04,caribbean
72059,Guayanilla,Guayanilla Municipio,PR,Puerto Rico,18.0053,-66.7983,42.25,caribbean
72061,Guaynabo,Guaynabo Municipio,PR,Puerto Rico,18.3444,-66.1141,27.59,caribbean
72063,Gurabo,Gurabo Municipio,PR,Puerto Rico,18.2726,-65.9812,27.89,caribbean
72065,Hatillo,Hatillo Municipio,PR,Puerto Rico,18.4411,-66.7982,41.74,caribbean
72067,Hormigueros,Hormigueros Municipio,PR,Puerto Rico,18.1347,-67.1162,11.35,caribbean
72069,Humacao,Humacao Municipio,PR,Puerto Rico,18.1354,-65.7862,44.72,caribbean
72071,Isabela,Isabela Municipio,PR,Puerto Rico,18.484,-67.014,55.31,caribbean
72073,Jayuya,Jayuya Municipio,PR,Puerto Rico,18.2112,-66.5869,44.53,caribbean
72075,Juana Díaz,Juana Díaz Municipio,PR,Puerto Rico,17.998,-66.4905,60.35,caribbean
72077,Juncos,Juncos Municipio,PR,Puerto Rico,18.2241,-65.9085,26.49,caribbean
72079,Lajas,Lajas Municipio,PR,Puerto Rico,17.9785,-67.0401,59.96,caribbean
72081,Lares,Lares Municipio,PR,Puerto Rico,18.2769,-66.8696,61.45,caribbean
72083,Las Marías,Las Marías Municipio,PR,Puerto Rico,18.2276,-66.9776,46.36,caribbean
72085,Las Piedras,Las Piedras Municipio,PR,Puerto Rico,18.1871,-65.8712,33.88,caribbean
72087,Loíza,Loíza Municipio,PR,Puerto Rico,18.4455,-65.9426,19.37,caribbean
72089,Luquillo,Luquillo Municipio,PR,Puerto Rico,18.368,-65.7099,25.81,caribbean
72091,Manatí,Manatí Municipio,PR,Puerto Rico,18.4448,-66.4931,45.14,caribbean
72093,Maricao,Maricao Municipio,PR,Puerto Rico,18.174,-66.9355,36.62,caribbean
72095,Maunabo,Maunabo Municipio,PR,Puerto Rico,17.9998,-65.8964,21.16,caribbean
72097,Mayagüez,Mayagüez Municipio,PR,Puerto Rico,18.0839,-67.8863,77.59,caribbean
72099,Moca,Moca Municipio,PR,Puerto Rico,18.3776,-67.0796,50.34,caribbean
72101,Morovis,Morovis Municipio,PR,Puerto Rico,18.318,-66.4204,38.87,caribbean
72103,Naguabo,Naguabo Municipio,PR,Puerto Rico,18.2111,-65.7357,51.66,caribbean
72105,Naranjito,Naranjito Municipio,PR,Puerto Rico,18.2899,-66.2534,27.4,caribbean
72107,Orocovis,Orocovis Municipio,PR,Puerto Rico,18.2187,-66.4369,63.62,caribbean
72109,Patillas,Patillas Municipio,PR,Puerto Rico,18.0003,-65.9866,46.6,caribbean
72111,Peñuelas,Peñuelas Municipio,PR,Puerto Rico,18.0266,-66.7281,44.65,caribbean
72113,Ponce,Ponce Municipio,PR,Puerto Rico,18.0017,-66.6067,114.9,caribbean
72115,Quebradillas,Quebradillas Municipio,PR,Puerto Rico,18.4664,-66.9276,22.67,caribbean
72117,Rincón,Rincón Municipio,PR,Puerto Rico,18.339,-67.2508,14.29,caribbean
72119,Río Grande,Río Grande Municipio,PR,Puerto Rico,18.3764,-65.7984,60.62,caribbean
72121,Sabana Grande,Sabana Grande Municipio,PR,Puerto Rico,18.0845,-66.9476,36.3,caribbean
72123,Salinas,Salinas Municipio,PR,Puerto Rico,17.9715,-66.2623,69.4,caribbean
72125,San Germán,San Germán Municipio,PR,Puerto Rico,18.1078,-67.0373,54.5,caribbean
72127,San Juan,San Juan Municipio,PR,Puerto Rico,18.4222,-66.0691,47.89,caribbean
72129,San Lorenzo,San Lorenzo Municipio,PR,Puerto Rico,18.1471,-65.9762,53.11,caribbean
72131,San Sebastián,San Sebastián Municipio,PR,Puerto Rico,18.3311,-66.9691,70.43,caribbean
72133,Santa Isabel,Santa Isabel Municipio,PR,Puerto Rico,17.9529,-66.3876,34.05,caribbean
72135,Toa Alta,Toa Alta Municipio,PR,Puerto Rico,18.3646,-66.2447,27.02,caribbean
72137,Toa Baja,Toa Baja Municipio,PR,Puerto Rico,18.4569,-66.1932,23.24,caribbean
72139,Trujillo Alto,Trujillo Alto Municipio,PR,Puerto Rico,18.3354,-66.0038,20.76,caribbean
72141,Utuado,Utuado Municipio,PR,Puerto Rico,18.2709,-66.703,113.5,caribbean
72143,Vega Alta,Vega Alta Municipio,PR,Puerto Rico,18.4362,-66.3364,27.73,caribbean
72145,Vega Baja,Vega Baja Municipio,PR,Puerto Rico,18.4551,-66.3979,45.85,caribbean
72147,Vieques,Vieques Municipio,PR,Puerto Rico,18.1254,-65.4325,50.79,caribbean
72149,Villalba,Villalba Municipio,PR,Puerto Rico,18.1307,-66.4722,35.6,caribbean
72151,Yabucoa,Yabucoa Municipio,PR,Puerto Rico,18.0599,-65.8599,55.22,caribbean
72153,Yauco,Yauco Municipio,PR,Puerto Rico,18.0857,-66.8579,67.74,caribbean
78010,St. Croix,St. Croix Island,VI,United States Virgin Islands,17.7333,-64.768,83.37,caribbean
78020,St. John,St. John Island,VI,United States Virgin Islands,18.3389,-64.7392,19.69,caribbean
78030,St. Thomas,St. Thomas Island,VI,United States Virgin Islands,18.3448,-64.9297,31.32,caribbean
