fips,sfha_home_share,claims_per_1000_policies_year,mean_paid_usd,residential_structures,residential_structures_sfha,policies_in_force,sfha_policy_share,claims_per_year,sfha_share_basis
01001,0.03021,7.387,15260,20790,628,185,0.2197,1.367,structures
01003,0.1072,58.5,43750,97390,10440,9007,0.6362,526.9,structures
01005,0.01492,14.44,59640,10460,156,30,0.1346,0.4333,structures
01007,0.03198,13.73,1480,7693,246,17,0.05285,0.2333,structures
01009,0.008501,13.04,10780,22590,192,23,0.08854,0.3,structures
01011,0.03788,22.22,30730,3986,151,3,0.01325,0.06667,structures
01013,0.008917,11.11,,8411,75,3,0.02667,0.03333,structures
01015,0.03374,7.648,15180,46410,1566,292,0.1603,2.233,structures
01017,0.008798,22.22,26910,14660,129,24,0.1318,0.5333,structures
01019,0.07252,4.51,21980,13330,967,170,0.1448,0.7667,structures
01021,0.01316,2.667,2344,17020,224,25,0.05357,0.06667,structures
01023,0.06877,25.93,22330,7576,521,27,0.03839,0.7,structures
01025,0.01208,20.24,47230,9602,116,28,0.1983,0.5667,structures
01027,0.009194,,,6200,57,0,0,0,structures
01029,0.02003,0,,6341,127,3,0.02362,0,structures
01031,0.01878,75.06,25600,24860,467,151,0.2013,11.33,structures
01033,0.01858,28.4,19720,24010,446,81,0.1143,2.3,structures
01035,0.007321,11.11,,5737,42,3,0.02381,0.03333,structures
01037,0.02352,16.67,31010,5569,131,18,0.08397,0.3,structures
01039,0.03299,13.04,17990,18640,615,92,0.1382,1.2,structures
01041,0.00921,11.11,,6732,62,3,0.03226,0.03333,structures
01043,0.008323,10.39,24390,35680,297,77,0.1852,0.8,structures
01045,0.006289,28.86,25210,20040,126,67,0.2619,1.933,structures
01047,0.1364,8.333,15820,16960,2312,192,0.07742,1.6,structures
01049,0.01581,10.46,46990,32260,510,51,0.07255,0.5333,structures
01051,0.02488,4.93,15980,28940,720,311,0.325,1.533,structures
01053,0.03403,48.06,20280,16280,554,86,0.1011,4.133,structures
01055,0.0165,11.48,9557,42120,695,212,0.2518,2.433,structures
01057,0.01812,0,,8170,148,15,0.08784,0,structures
01059,0.01244,8.889,17360,12940,161,15,0.06832,0.1333,structures
01061,0.01987,57.58,20130,13080,260,55,0.1231,3.167,structures
01063,0.1329,20.29,21370,3867,514,69,0.1304,1.4,structures
01065,0.1275,29.63,12110,6511,830,63,0.07108,1.867,structures
01067,0.01982,15.48,47400,8778,174,28,0.1034,0.4333,structures
01069,0.01666,15.38,27390,42860,714,312,0.2773,4.8,structures
01071,0.03784,13.39,10700,23650,895,117,0.1073,1.567,structures
01073,0.02311,51.4,18940,241900,5592,1129,0.1309,58.03,structures
01075,0.03477,4.762,1731,6068,211,14,0.05213,0.06667,structures
01077,0.02079,28.39,12420,39630,824,128,0.09951,3.633,structures
01079,0.02419,17.82,21610,14380,348,58,0.1437,1.033,structures
01081,0.01916,6.133,16470,51560,988,250,0.1387,1.533,structures
01083,0.01235,6.422,16820,36520,451,218,0.1907,1.4,structures
01085,0.08218,2.151,5304,3845,316,62,0.1804,0.1333,structures
01087,0.03085,10.42,18650,8687,268,16,0.01866,0.1667,structures
01089,0.0334,6.354,17600,137500,4593,3053,0.3841,19.4,structures
01091,0.05496,5.556,9439,8461,465,66,0.1247,0.3667,structures
01093,0.01275,12.12,21050,12950,165,22,0.07879,0.2667,structures
01095,0.009458,18.31,31030,38380,363,71,0.1129,1.3,structures
01097,0.06313,57.32,34140,150000,9472,5422,0.4515,310.8,structures
01099,0.02045,25,10820,9194,188,8,0.03723,0.2,structures
01101,0.03538,12.64,26940,82950,2935,725,0.1274,9.167,structures
01103,0.02144,9.703,18450,44880,962,426,0.316,4.133,structures
01105,0.02276,0,,4393,100,2,0.01,0,structures
01107,0.05523,32.18,15530,6717,371,58,0.1456,1.867,structures
01109,0.005305,0,,13200,70,12,0.05714,0,structures
01111,0.00846,2.222,15830,12060,102,15,0.08824,0.03333,structures
01113,0.01245,24.44,30740,20640,257,60,0.1323,1.467,structures
01115,0.01946,7.752,17560,33510,652,301,0.388,2.333,structures
01117,0.01242,31.3,28450,76020,944,491,0.3072,15.37,structures
01119,0.07067,9.009,22310,6368,450,37,0.05778,0.3333,structures
01121,0.05245,7.849,25020,33520,1758,310,0.1416,2.433,structures
01123,0.0169,2.381,19180,19700,333,84,0.1471,0.2,structures
01125,0.0206,10.64,19080,65480,1349,539,0.301,5.733,structures
01127,0.01954,21.43,15980,29430,575,70,0.09565,1.5,structures
01129,0.03473,40.74,9319,8178,284,9,0.02817,0.3667,structures
01131,0.1156,2.632,10250,4707,544,38,0.0625,0.1,structures
01133,0.008831,11.11,28210,12460,110,30,0.2364,0.3333,structures
02013,0,,,623,0,0,,0,structures
02016,0,,,949,0,0,,0,structures
02020,0.00199,5.027,9639,77880,0,305,,1.533,policies_lower_bound
02050,0.02359,5.975,8774,4409,0,106,,0.6333,policies_lower_bound
02060,0,,,846,0,0,,0,structures
02063,0.0067,2.976,16590,2388,0,28,,0.08333,policies_lower_bound
02066,0,,16590,1774,0,0,,0.08333,structures
02068,0,,,1227,0,0,,0,structures
02070,0,,,1804,0,0,,0,structures
02090,0.05635,8.999,16050,30290,1707,563,0.2601,5.067,structures
02100,0.001574,0,,1271,0,9,,0,policies_lower_bound
02105,0,,,1268,0,0,,0,structures
02110,0.01908,3.21,64300,9118,174,945,0.8793,3.033,structures
02122,0.00928,6.25,14150,34160,317,288,0.612,1.8,structures
02130,0.01208,5,10600,4138,0,60,,0.3,policies_lower_bound
02150,0,,,4032,0,0,,0,structures
02158,0.006145,6.061,13410,1790,0,11,,0.06667,policies_lower_bound
02164,0.0008361,,,1196,1,0,0,0,structures
02170,0.01203,11.28,27260,44210,532,195,0.2256,2.2,structures
02180,0.007584,12,39290,2769,0,25,,0.3,policies_lower_bound
02185,0.0007479,33.33,55780,1337,0,1,,0.03333,policies_lower_bound
02188,0.009272,15.15,13910,1510,0,22,,0.3333,policies_lower_bound
02195,0.01833,0.6944,,1200,0,24,,0.01667,policies_lower_bound
02198,0,,,2669,0,0,,0,structures
02220,0.0416,1.818,20130,2644,110,55,0.3182,0.1,structures
02230,0,0,,420,0,3,,0,structures
02240,0,,,2907,0,0,,0,structures
02275,0,,,1016,0,0,,0.01667,structures
02282,0,,,321,0,0,,0,structures
02290,0.02062,18.41,54650,2764,0,67,,1.233,policies_lower_bound
04001,0.006079,6.897,3682,26480,161,29,0.1118,0.2,structures
04003,0.09459,3.709,12900,58070,5493,728,0.1116,2.7,structures
04005,0.0204,7.594,25950,52610,1073,733,0.2964,5.567,structures
04007,0.07428,10.07,29340,29880,2220,268,0.1059,2.7,structures
04009,0.08824,3.349,20190,13250,1169,209,0.1565,0.7,structures
04011,0.06281,12.82,19750,3773,237,13,0.02954,0.1667,structures
04012,0.2,2.516,17650,13900,2781,212,0.0676,0.5333,structures
04013,0.01383,3.311,28520,1511000,20900,8889,0.2912,29.43,structures
04015,0.02096,4.108,24510,117500,2464,568,0.1838,2.333,structures
04017,0.03792,3.963,9902,55330,2098,328,0.1397,1.3,structures
04019,0.02112,4.02,25200,383300,8094,2620,0.211,10.53,structures
04021,0.01695,3.298,40830,173000,2932,839,0.207,2.767,structures
04023,0.1345,5.882,13440,15570,2094,272,0.118,1.6,structures
04025,0.03667,6.113,25040,114800,4210,1396,0.2447,8.533,structures
04027,0.0239,2.599,27260,79150,1892,372,0.1649,0.9667,structures
05001,0.1688,24.54,22290,9712,1639,91,0.04942,2.233,structures
05003,0.06684,24.85,21140,9456,632,55,0.07911,1.367,structures
05005,0.0426,34.63,42180,23050,982,77,0.0723,2.667,structures
05007,0.01141,18.75,34310,102100,1165,439,0.2403,8.233,structures
05009,0.01369,24.24,5806,15630,214,11,0.03738,0.2667,structures
05011,0.003202,90.2,34050,5309,0,17,,1.533,policies_lower_bound
05013,0.001126,75,21200,2665,0,4,,0.3,policies_lower_bound
05015,0.008302,0,,15060,125,2,0.008,0,structures
05017,0.0751,25.27,36390,5140,386,153,0.1528,3.867,structures
05019,0.04988,13.33,28690,8239,411,45,0.1022,0.6,structures
05021,0.1487,49.4,26980,8939,1329,112,0.07825,5.533,structures
05023,0.0543,8.706,49110,16080,873,134,0.1203,1.167,structures
05025,0.005892,,,2546,15,0,0,0,structures
05027,0.01185,33.33,25930,6330,75,5,0.02667,0.1667,structures
05029,0.02503,19.75,15200,10350,259,27,0.08494,0.5333,structures
05031,0.01796,12,16160,35700,0,725,,8.7,policies_lower_bound
05033,0.01935,13.65,26860,25110,486,105,0.1646,1.433,structures
05035,0.04278,31.87,27940,16950,725,364,0.2,11.6,structures
05037,0.009935,12.2,47560,7650,0,82,,1,policies_lower_bound
05039,0.03378,11.11,7084,3493,118,3,0.01695,0.03333,structures
05041,0.1877,26.17,26480,4762,894,200,0.1857,5.233,structures
05043,0.05702,36.46,20270,5630,321,32,0.09657,1.167,structures
05045,0.04041,22.86,31390,42960,1736,420,0.1791,9.6,structures
05047,0.01221,60.61,21220,8680,106,11,0.08491,0.6667,structures
05049,0.0001625,146.2,32430,6155,1,13,9,1.9,structures
05051,0.03946,6.69,19280,45080,1779,573,0.2625,3.833,structures
05053,0.01819,25.49,7985,4453,81,17,0.1605,0.4333,structures
05055,0.1253,13.33,7578,17840,2236,320,0.1342,4.267,structures
05057,0.01276,27.78,16650,9249,118,6,0.0339,0.1667,structures
05059,0.02683,8.805,20030,13460,361,53,0.133,0.4667,structures
05061,0.02103,31.37,5703,7133,150,17,0.09333,0.5333,structures
05063,0.05364,73.33,19310,11320,607,60,0.08731,4.4,structures
05065,0.005241,39.01,44880,7060,0,47,,1.833,policies_lower_bound
05067,0.1823,31.37,23490,7206,1314,136,0.09056,4.267,structures
05069,0.07002,44.08,39580,28910,2024,273,0.1166,12.03,structures
05071,0.03322,3.623,11370,10680,355,46,0.1155,0.1667,structures
05073,0.0003152,100,40710,3173,0,1,,0.1,policies_lower_bound
05075,0.1132,14.68,26710,5671,642,84,0.1075,1.233,structures
05077,0.01848,23.66,33350,2652,0,62,,1.467,policies_lower_bound
05079,0.1333,17.46,29880,3278,437,42,0.08009,0.7333,structures
05081,0.0006465,25,40750,6187,0,4,,0.1,policies_lower_bound
05083,0.0191,12.82,13140,11310,216,13,0.05556,0.1667,structures
05085,0.05795,13.15,15470,27580,1598,180,0.08135,2.367,structures
05087,0.0003681,40,18850,8149,0,5,,0.2,policies_lower_bound
05089,0.001146,21.21,28090,6982,0,11,,0.2333,policies_lower_bound
05091,0.05949,23.65,30270,17360,1033,148,0.1065,3.5,structures
05093,0.04112,22.64,25390,15560,640,106,0.1187,2.4,structures
05095,0.02444,45.83,34690,3887,0,104,,4.767,policies_lower_bound
05097,0.001937,34.88,33590,5679,0,43,,1.5,policies_lower_bound
05099,0.001267,6.667,5209,3947,0,5,,0.03333,policies_lower_bound
05101,0,,19470,2910,0,0,,0.2,structures
05103,0.04513,48.67,21220,8730,394,50,0.1091,2.433,structures
05105,0.004988,29.89,43700,5212,0,29,,0.8667,policies_lower_bound
05107,0.1621,27.37,23340,6895,1118,123,0.09571,3.367,structures
05109,0.003393,7.576,39350,6189,0,22,,0.1667,policies_lower_bound
05111,0.06958,28.57,36840,9298,647,63,0.08037,1.8,structures
05113,0.0004547,27.27,9244,11000,0,11,,0.3,policies_lower_bound
05115,0.02304,15.28,8447,22520,519,72,0.1156,1.1,structures
05117,0.006995,77.14,39740,4289,0,35,,2.7,policies_lower_bound
05119,0.03575,18.5,28210,144400,5163,1526,0.2227,28.23,structures
05121,0.04602,81.75,40340,8691,400,84,0.0875,6.867,structures
05123,0.009443,6.173,18300,6989,0,81,,0.5,policies_lower_bound
05125,0.01363,22.78,36900,47770,651,237,0.2197,5.4,structures
05127,0.00165,3.704,,5454,0,9,,0.03333,policies_lower_bound
05129,0,,,4301,0,0,,0,structures
05131,0.02187,26.44,77330,47500,1039,290,0.1809,7.667,structures
05133,0.002664,20,50850,7133,0,20,,0.4,policies_lower_bound
05135,0.04875,55.56,38370,10750,524,57,0.08969,3.167,structures
05137,0.0005302,50,65010,7545,0,4,,0.2,policies_lower_bound
05139,0.04317,24.07,23000,14240,615,72,0.09268,1.733,structures
05141,0.0009484,22.22,32380,9490,0,18,,0.4,policies_lower_bound
05143,0.01877,23.49,38460,74760,1403,525,0.2466,12.33,structures
05145,0.05014,29.44,27670,31690,1589,137,0.07048,4.033,structures
05147,0.0076,71.26,26730,3421,0,29,,2.067,policies_lower_bound
05149,0.04034,14.58,17590,6965,281,16,0.05338,0.2333,structures
06001,0.01687,2.973,20320,405500,6841,3420,0.3597,10.17,structures
06003,0.009585,10.26,8788,939,0,13,,0.1333,policies_lower_bound
06005,0.01969,18.18,27380,16000,315,99,0.2476,1.8,structures
06007,0.05609,6.214,25970,71780,4026,1384,0.2231,8.6,structures
06009,0.006962,19.14,46050,24700,172,108,0.3663,2.067,structures
06011,0.07109,6.048,19320,6907,491,474,0.721,2.867,structures
06013,0.02292,7.82,20590,310900,7128,2681,0.2802,20.97,structures
06015,0.03298,7.059,21050,9977,329,85,0.1581,0.6,structures
06017,0.005437,18.17,24500,81840,445,244,0.2404,4.433,structures
06019,0.01105,3.728,14960,267400,2954,921,0.196,3.433,structures
06021,0.1231,14,18130,9569,1178,319,0.2309,4.467,structures
06023,0.05042,10.62,25770,50420,2542,342,0.09795,3.633,structures
06025,0.014,5.051,20820,42920,601,33,0.0416,0.1667,structures
06027,0.009772,0.7752,4062,8494,83,43,0.1446,0.03333,structures
06029,0.0495,2.132,13190,259600,12850,2955,0.1966,6.3,structures
06031,0.03361,1.376,4115,40590,1364,218,0.1166,0.3,structures
06033,0.1468,28.09,14320,36230,5319,871,0.1513,24.47,structures
06035,0.04463,15.34,42560,12190,544,63,0.09375,0.9667,structures
06037,0.005247,11.67,19990,2285000,11990,10580,0.3274,123.5,structures
06039,0.05891,2.141,6097,45540,2683,467,0.1539,1,structures
06041,0.1161,8.975,31680,84610,9823,4542,0.3801,40.77,structures
06043,0.005842,,,8388,49,0,0,0,structures
06045,0.04775,11.7,34740,33030,1577,339,0.1737,3.967,structures
06047,0.2045,3.963,41250,74380,15210,3886,0.2432,15.4,structures
06049,0.07203,0,,5734,413,58,0.1356,0,structures
06051,0.04333,5.346,17200,9462,410,106,0.1878,0.5667,structures
06053,0.02767,16.44,25740,110700,3063,1190,0.2282,19.57,structures
06055,0.04008,18.09,26150,45740,1833,868,0.3622,15.7,structures
06057,0.00588,13.91,23940,49660,292,115,0.226,1.6,structures
06059,0.02827,6.976,11960,791900,22390,7994,0.1865,55.77,structures
06061,0.006051,6.425,18890,149600,905,939,0.4298,6.033,structures
06063,0.03468,17.75,31300,14910,517,77,0.1103,1.367,structures
06065,0.01932,4.377,45210,728200,14070,3343,0.1555,14.63,structures
06067,0.08047,1.4,18160,443200,35670,42330,0.8113,59.27,structures
06069,0.02528,38.14,45940,16100,407,97,0.1744,3.7,structures
06071,0.01486,8.616,23410,624200,9277,1919,0.148,16.53,structures
06073,0.01454,6.094,39030,890600,12950,6088,0.2422,37.1,structures
06075,0.000005123,2.451,80280,195200,0,204,,0.5,policies_lower_bound
06077,0.03664,2.561,31420,210700,7720,3840,0.2469,9.833,structures
06079,0.02703,8.65,28810,105900,2861,1183,0.2244,10.23,structures
06081,0.03866,5.678,27160,182400,7052,3346,0.3088,19,structures
06083,0.03594,8.575,63110,123000,4422,2383,0.2743,20.43,structures
06085,0.06656,3.963,30250,486400,32370,8141,0.2158,32.27,structures
06087,0.06406,14.21,29840,83750,5365,2095,0.3297,29.77,structures
06089,0.0299,11.19,29160,68760,2056,551,0.1911,6.167,structures
06091,0.09995,18.02,18610,2011,201,37,0.1592,0.6667,structures
06093,0.07958,9.024,13790,22880,1821,181,0.08567,1.633,structures
06095,0.03913,6.014,27940,133200,5211,1696,0.2531,10.2,structures
06097,0.02377,45.57,22610,167100,3971,1790,0.3133,81.57,structures
06099,0.01438,6.453,28390,162300,2334,718,0.2266,4.633,structures
06101,0.02549,1.137,33800,27620,0,3166,,3.6,policies_lower_bound
06103,0.1106,13.7,27500,25210,2788,523,0.1654,7.167,structures
06105,0.03518,10.3,1674,7647,269,55,0.1487,0.5667,structures
06107,0.1407,2.463,23510,132100,18580,3871,0.1957,9.533,structures
06109,0.002029,14.81,19860,26610,54,36,0.2407,0.5333,structures
06111,0.03187,5.684,26140,230100,7333,3771,0.3087,21.43,structures
06113,0.05789,1.816,15900,52450,3036,2606,0.2813,4.733,structures
06115,0.05667,5.481,45320,25890,1467,1271,0.2849,6.967,structures
08001,0.003274,8.952,5468,146000,478,283,0.2134,2.533,structures
08003,0.003577,4.167,,6989,0,40,,0.1667,policies_lower_bound
08005,0.001995,8.173,10670,199000,397,677,0.4836,5.533,structures
08007,0.02505,3.463,2581,8622,216,77,0.2824,0.2667,structures
08009,0,,,2028,0,0,,0,structures
08011,0,0,,2012,0,2,,0,structures
08013,0.02577,19.32,32800,111400,2870,2543,0.4446,49.13,structures
08014,0.00008973,4.889,3504,22290,0,75,,0.3667,policies_lower_bound
08015,0.02621,1.778,1007,11180,293,75,0.1706,0.1333,structures
08017,0,,,1313,0,0,,0,structures
08019,0.05595,5.479,4050,5094,285,73,0.1895,0.4,structures
08021,0.001024,13.33,,4882,0,10,,0.1333,policies_lower_bound
08023,0.003534,6.667,10320,2264,0,10,,0.06667,policies_lower_bound
08025,0,,,1441,0,0,,0.03333,structures
08027,0,,768.7,4137,0,0,,0.03333,structures
08029,0.01383,6.25,5839,15480,214,32,0.09346,0.2,structures
08031,0.001362,5.882,3655,204800,0,765,,4.5,policies_lower_bound
08033,0.001652,0,,1211,0,4,,0,policies_lower_bound
08035,0.0006388,5.038,9498,111200,71,311,0.1972,1.567,structures
08037,0.01584,2.817,20370,19510,309,213,0.2945,0.6,structures
08039,0.004362,3.922,,10540,46,17,0.1087,0.06667,structures
08041,0.007009,18.1,12530,231300,1621,1208,0.2733,21.87,structures
08043,0.07245,9.783,9853,20830,1509,184,0.1093,1.8,structures
08045,0.002628,3.236,6048,22830,0,103,,0.3333,policies_lower_bound
08047,0.002654,0,,3391,0,11,,0,policies_lower_bound
08049,0.005679,1.01,,13740,78,33,0.1026,0.03333,structures
08051,0.05623,4.233,2568,12430,699,126,0.1187,0.5333,structures
08053,0.004013,0,,1246,0,9,,0,policies_lower_bound
08055,0.006104,2.941,1116,3932,0,34,,0.1,policies_lower_bound
08057,0,,,1212,0,0,,0,structures
08059,0.008648,6.522,11710,205600,1778,1293,0.4094,8.433,structures
08061,0,,,749,0,0,,0,structures
08063,0,,,3662,0,0,,0,structures
08065,0.0004999,4.167,2582,4001,0,8,,0.03333,policies_lower_bound
08067,0.04035,5.357,28070,25480,1028,336,0.1654,1.8,structures
08069,0.008674,14.86,35790,132400,1148,794,0.1786,11.8,structures
08071,0.02152,14.29,2004,6923,149,7,0.03356,0.1,structures
08073,0.001185,26.67,4362,2531,0,5,,0.1333,policies_lower_bound
08075,0.291,6.166,10510,9306,2708,173,0.06315,1.067,structures
08077,0.01001,3.317,7531,62720,628,201,0.2245,0.6667,structures
08079,0,,,1426,0,0,,0,structures
08081,0.002522,0,,5947,0,20,,0,policies_lower_bound
08083,0.02944,2.646,9294,14440,425,63,0.1082,0.1667,structures
08085,0.03043,1.778,12790,19550,595,75,0.08571,0.1333,structures
08087,0.1153,5.983,13430,10820,1248,78,0.0601,0.4667,structures
08089,0.004179,98.33,15930,9093,0,40,,3.933,policies_lower_bound
08091,0.002904,0,,3444,0,24,,0,policies_lower_bound
08093,0.0104,2.667,342.9,13170,137,25,0.1387,0.06667,structures
08095,0.002486,13.33,3701,2011,0,5,,0.06667,policies_lower_bound
08097,0.02838,1.996,10350,10570,300,167,0.22,0.3333,structures
08099,0.02502,15.69,3163,5675,142,17,0.07746,0.2667,structures
08101,0.005658,13.84,8820,63100,357,106,0.1204,1.467,structures
08103,0.00314,13.33,5928,3822,0,15,,0.2,policies_lower_bound
08105,0.08833,1.754,10290,6317,558,95,0.1434,0.1667,structures
08107,0.03445,3.753,25100,13930,480,151,0.2687,0.5667,structures
08109,0,0,,4219,0,2,,0,structures
08111,0,0,,538,0,2,,0,structures
08113,0.02063,3.628,14730,5525,0,147,,0.5333,policies_lower_bound
08115,0.0006109,0,,1637,0,1,,0,policies_lower_bound
08117,0.009559,4.828,2172,15800,151,145,0.4305,0.7,structures
08119,0.006522,7.207,3006,12270,80,37,0.2375,0.2667,structures
08121,0,0,,2226,0,1,,0,structures
08123,0.01565,15.28,38980,106800,1671,325,0.1209,4.967,structures
08125,0.001322,11.11,20690,6053,0,9,,0.1,policies_lower_bound
09110,0.007948,21.21,10530,258600,2055,1280,0.3178,27.15,structures
09120,0.08724,14.79,32230,79300,6918,3901,0.5072,57.69,structures
09130,0.07877,19.01,28490,60010,4727,2463,0.4208,46.83,structures
09140,0.007631,149.7,30060,121300,926,548,0.3812,82.01,structures
09150,0.0003804,53.07,24310,34170,13,81,3.077,4.299,structures
09160,0.0007817,25.63,12880,43500,34,313,5.029,8.022,structures
09170,0.04869,21.55,30100,152500,7427,4848,0.5219,104.5,structures
09180,0.03367,17.58,24090,81020,2728,2137,0.6067,37.57,structures
09190,0.0386,34.53,32190,167200,6453,5431,0.5721,187.5,structures
10001,0.02168,7.705,13710,64900,1407,822,0.3603,6.333,structures
10003,0.01103,21.16,25340,181900,2006,1599,0.4452,33.83,structures
10005,0.146,6.618,11550,119500,17440,15130,0.614,100.1,structures
11001,0.002106,9.24,10270,125800,0,1443,,13.33,policies_lower_bound
12001,0.04787,3.754,46570,84600,4050,2149,0.1837,8.067,structures
12003,0.04611,20.55,35820,9954,459,146,0.2092,3,structures
12005,0.1321,12.29,51750,74930,9900,13380,0.6746,164.4,structures
12007,0.1211,13.3,32980,10880,1317,436,0.2688,5.8,structures
12009,0.06849,5.298,24410,249200,17070,29360,0.4698,155.6,structures
12011,0.1892,7.192,26610,652400,123400,125200,0.7613,900.4,structures
12013,0.0944,36.67,17170,6430,607,80,0.112,2.933,structures
12015,0.4871,10.38,66100,100700,49040,32250,0.5793,334.6,structures
12017,0.1534,28.49,75050,78840,12090,5549,0.3926,158.1,structures
12019,0.04416,13.13,58590,78160,3451,4005,0.4848,52.6,structures
12021,0.0008727,8.209,114200,174200,152,51470,253.7,422.5,structures
12023,0.06489,14.07,35830,28110,1824,654,0.2736,9.2,structures
12027,0.06574,26.8,53750,13370,879,434,0.3163,11.63,structures
12029,0.3954,41.31,32160,9564,3782,556,0.1423,22.97,structures
12031,0.02963,7.869,49880,328000,9721,20680,0.6027,162.7,structures
12033,0.06539,38.41,65510,120900,7909,10070,0.6201,386.7,structures
12035,0.05002,9.05,51100,49620,2482,7540,1.154,68.23,structures
12037,0.5499,30.29,25040,7893,4340,1984,0.427,60.1,structures
12039,0.01703,8.017,19740,18320,312,79,0.109,0.6333,structures
12041,0.1048,30.37,14500,7707,808,180,0.1757,5.467,structures
12043,0.08546,9.55,12900,7161,612,185,0.1748,1.767,structures
12045,0.4091,25.67,71460,8319,3403,1610,0.3876,41.33,structures
12047,0.05607,35.26,27130,5243,294,52,0.1429,1.833,structures
12049,0.05259,32.49,60130,9203,484,118,0.1488,3.833,structures
12051,0.0871,5.277,15900,14940,1301,657,0.3397,3.467,structures
12053,0.05635,17.8,60500,84650,4770,4089,0.5392,72.77,structures
12055,0.04265,6.432,24080,50390,2149,964,0.2099,6.2,structures
12057,0.1268,9.087,94020,448200,56830,54180,0.6136,492.3,structures
12059,0.11,33,19840,8793,967,99,0.07859,3.267,structures
12061,0.1336,7.302,37910,72130,9634,12860,0.5174,93.9,structures
12063,0.02416,18.91,20600,18670,451,104,0.1375,1.967,structures
12065,0.04702,4,2100,6317,297,75,0.1246,0.3,structures
12067,0.2249,23.06,14900,3659,823,146,0.1689,3.367,structures
12069,0.04516,3.902,26800,151900,6862,3776,0.2368,14.73,structures
12071,0.4185,17.31,110200,347000,145200,84120,0.4747,1456,structures
12073,0.03132,7.425,17210,92560,2899,2487,0.3994,18.47,structures
12075,0.137,35.12,60230,19340,2650,840,0.2891,29.5,structures
12077,0.05458,12.82,43580,2968,162,13,0.04938,0.1667,structures
12079,0.05476,21.59,28320,7670,420,88,0.1119,1.9,structures
12081,0.2294,10.17,86910,164500,37750,28440,0.4332,289.1,structures
12083,0.04604,1.825,49200,171500,7895,3398,0.2189,6.2,structures
12085,0.05771,6.643,26110,67660,3905,9539,0.7777,63.37,structures
12086,0.4048,9.005,18740,492200,199200,164200,0.7447,1478,structures
12087,0.8937,35.39,34700,38080,34030,22180,0.6128,785,structures
12089,0.08504,3.08,27330,39000,3317,6287,0.6069,19.37,structures
12091,0.06355,19.14,46440,79910,5078,8128,0.7393,155.6,structures
12093,0.2345,7.556,11190,19320,4529,1244,0.2193,9.4,structures
12095,0.02318,5.023,56460,397300,9209,13110,0.4416,65.87,structures
12097,0.1096,4.099,41720,131100,14370,7888,0.359,32.33,structures
12099,0.08207,3.43,16820,531000,43580,69150,0.4345,237.2,structures
12101,0.1553,14.1,72950,229200,35600,23600,0.4693,332.7,structures
12103,0.01227,15.73,114800,391700,4807,76020,11.81,1196,structures
12105,0.03928,7.013,39280,272500,10710,7144,0.3675,50.1,structures
12107,0.108,18.88,23620,39320,4247,1038,0.1994,19.6,structures
12109,0.02875,9.871,42100,96800,2783,22490,3.423,222,structures
12111,0.04874,10.35,31420,126100,6144,10960,0.4398,113.5,structures
12113,0.08023,27.35,70970,69720,5594,9799,0.6693,268,structures
12115,0.1986,9.312,98590,210400,41800,37770,0.422,351.7,structures
12117,0.02781,7.099,55010,155500,4324,6283,0.4711,44.6,structures
12119,0.03529,1.293,20130,70280,2480,2912,0.3863,3.767,structures
12121,0.07219,19.8,33620,20580,1486,436,0.2005,8.633,structures
12123,0.2743,26.66,63780,9758,2677,669,0.2361,17.83,structures
12125,0.03368,12.82,17580,4602,155,65,0.2903,0.8333,structures
12127,0.08442,14.39,61340,226100,19090,25180,0.574,362.5,structures
12129,0.2399,29.83,33210,13720,3291,1131,0.2984,33.73,structures
12131,0.1088,7.66,33360,42370,4608,8647,0.7031,66.23,structures
12133,0.0699,29.91,37240,11900,832,117,0.08774,3.5,structures
13001,0.05832,8.503,28650,8711,508,98,0.1417,0.8333,structures
13003,0.01998,0,,3553,71,6,0.05634,0,structures
13005,0.005982,4.762,,5182,31,7,0.1613,0.03333,structures
13007,0.09982,82.05,18430,1132,113,13,0.07965,1.067,structures
13009,0.01122,5.556,13890,17560,197,30,0.06599,0.1667,structures
13011,0.008853,8.333,53460,8585,76,8,0.06579,0.06667,structures
13013,0.01027,9.091,917.4,27950,287,33,0.0453,0.3,structures
13015,0.01139,7.263,28880,38100,434,179,0.3018,1.3,structures
13017,0.01891,29.82,10670,7244,137,19,0.1241,0.5667,structures
13019,0.03358,7.778,29750,8725,293,30,0.07509,0.2333,structures
13021,0.003725,14.8,19590,54500,203,214,0.4778,3.167,structures
13023,0.01164,0,,5411,63,15,0.127,0,structures
13025,0.0537,11.11,21280,8584,461,69,0.1193,0.7667,structures
13027,0.01639,31.37,44320,7931,130,17,0.08462,0.5333,structures
13029,0.09819,2.593,32790,14680,1441,3060,0.9292,7.933,structures
13031,0.0407,11.35,41640,25060,1020,417,0.2598,4.733,structures
13033,0.008798,4.762,30910,11370,100,14,0.1,0.06667,structures
13035,0.02842,15.03,38280,9253,263,102,0.3156,1.533,structures
13037,0.07105,33.33,20140,2435,173,5,0.02312,0.1667,structures
13039,0.08795,3.619,26170,19600,1724,2920,0.7506,10.57,structures
13043,0.02538,12.5,24810,4964,126,16,0.07937,0.2,structures
13045,0.009919,9.903,36260,42850,425,138,0.1812,1.367,structures
13047,0.03364,32.63,17970,25630,862,237,0.2227,7.733,structures
13049,0.02187,46.43,35740,4572,100,28,0.13,1.3,structures
13051,0.1352,6.667,22960,95820,12960,19760,0.8147,131.8,structures
13053,0.01014,,,2072,21,0,0,0,structures
13055,0.03292,75.93,20540,9994,329,18,0.04863,1.367,structures
13057,0.002119,8.176,13540,88260,187,212,0.3422,1.733,structures
13059,0.00773,5.696,8477,35700,276,158,0.279,0.9,structures
13061,0.002938,0,,2042,6,2,0,0,structures
13063,0.01055,22.76,19280,84300,889,312,0.2238,7.1,structures
13065,0.1592,2.424,1100,2896,461,55,0.1085,0.1333,structures
13067,0.006032,22.73,50660,223500,1348,2144,0.8501,48.73,structures
13069,0.01625,33.33,22100,16800,273,36,0.08059,1.2,structures
13071,0.02373,22.22,16540,19010,451,66,0.1109,1.467,structures
13073,0.002661,9.256,22280,54490,145,515,1.186,4.767,structures
13075,0.1118,4.054,29240,7833,876,74,0.06164,0.3,structures
13077,0.002886,6.786,20870,50580,146,167,0.2808,1.133,structures
13079,0.005916,0,,6254,37,6,0.08108,0,structures
13081,0.07343,10.73,45510,9124,670,174,0.2164,1.867,structures
13083,0.03009,7.692,29640,6980,210,26,0.09048,0.2,structures
13085,0.004083,3.03,4141,11760,48,33,0.2917,0.1,structures
13087,0.04928,16.24,23390,12870,634,197,0.2555,3.2,structures
13089,0.008749,20.96,21670,220200,1927,2331,0.7244,48.87,structures
13091,0.007495,4.762,,8939,67,7,0.07463,0.03333,structures
13093,0.04956,19.44,27350,4197,208,24,0.09135,0.4667,structures
13095,0.1012,25.39,13540,30200,3056,827,0.2238,21,structures
13097,0.002651,26.92,48130,46020,122,182,0.623,4.9,structures
13099,0.03223,40,32030,5430,175,25,0.1371,1,structures
13101,0.0007924,16.67,50710,1262,0,2,,0.03333,policies_lower_bound
13103,0.03344,3.022,22070,24220,810,717,0.3975,2.167,structures
13105,0.00324,0,,10180,33,6,0.0303,0,structures
13107,0.01397,10.53,1592,10660,149,19,0.09396,0.2,structures
13109,0.0259,11.67,55510,4671,121,20,0.1488,0.2333,structures
13111,0.05428,8.935,12660,17260,937,291,0.2487,2.6,structures
13113,0.01535,11.08,19020,40080,615,421,0.2862,4.667,structures
13115,0.0286,10.9,10720,36740,1051,208,0.1522,2.267,structures
13117,0.001171,9.292,28290,82860,97,226,0.6289,2.1,structures
13119,0.002408,6.667,12220,11630,28,5,0,0.03333,structures
13121,0.008455,32.38,47870,303000,2562,2308,0.402,74.73,structures
13123,0.04058,25.44,34920,17400,706,207,0.2266,5.267,structures
13125,0.004289,,,1399,6,0,0,0,structures
13127,0.1762,5.592,32510,32220,5676,10030,0.905,56.1,structures
13129,0.0371,8.414,28900,22050,818,103,0.1039,0.8667,structures
13131,0.009385,28.21,20640,11830,111,13,0.08108,0.3667,structures
13133,0.002336,2.564,5839,10270,24,26,0.125,0.06667,structures
13135,0.002871,14.39,30720,259500,745,989,0.6309,14.23,structures
13137,0.00601,13.68,120500,16800,101,39,0.2178,0.5333,structures
13139,0.00618,13.62,6569,67640,418,93,0.04545,1.267,structures
13141,0.02237,0,,5409,121,6,0.01653,0,structures
13143,0.009503,4.167,46840,12630,120,8,0.03333,0.03333,structures
13145,0.01023,4.701,23600,14570,149,78,0.2215,0.3667,structures
13147,0.002964,3.704,,13830,41,9,0.07317,0.03333,structures
13149,0.01401,16.67,1931,5425,76,2,0.01316,0.03333,structures
13151,0.003314,6.903,25550,78450,260,338,0.6423,2.333,structures
13153,0.009983,6.452,16490,56700,566,403,0.2951,2.6,structures
13155,0.02389,5.556,1432,4604,110,6,0.03636,0.03333,structures
13157,0.002762,4.762,15570,26790,74,42,0.1622,0.2,structures
13159,0.01476,8.108,18350,6912,102,37,0.3137,0.3,structures
13161,0.01919,18.52,8421,6671,128,18,0.125,0.3333,structures
13163,0.007788,4.167,5721,7961,62,16,0.1774,0.06667,structures
13165,0.05961,14.29,3914,4311,257,21,0.07393,0.3,structures
13167,0.007841,33.33,18470,4081,32,2,0.0625,0.06667,structures
13169,0.009156,10,19500,12010,110,30,0.1364,0.3,structures
13171,0.005813,13.89,39130,7397,43,12,0,0.1667,structures
13173,0.0263,7.937,8961,4259,112,21,0.1607,0.1667,structures
13175,0.009308,31.01,26950,22130,206,43,0.1165,1.333,structures
13177,0.02406,73.09,22100,11260,271,218,0.4465,15.93,structures
13179,0.1036,3.598,29750,22110,2291,1473,0.4038,5.3,structures
13181,0.001974,0,,5065,10,3,0.1,0,structures
13183,0.05644,2.711,54710,5617,317,209,0.47,0.5667,structures
13185,0.01239,10.64,51510,40270,499,329,0.2224,3.5,structures
13187,0.009371,21.74,13350,13450,126,23,0.1111,0.5,structures
13189,0.0008985,3.704,,10020,9,9,0.3333,0.03333,structures
13191,0.1082,3.222,28670,7212,780,569,0.3641,1.833,structures
13193,0.0117,11.11,17170,5811,68,9,0.07353,0.1,structures
13195,0.004165,5.556,1448,13920,58,12,0.1034,0.06667,structures
13197,0.00366,0,,3825,14,1,0.07143,0,structures
13199,0.006992,0,,10300,72,9,0.08333,0,structures
13201,0.04603,24.56,25360,3020,139,19,0.09353,0.4667,structures
13205,0.09796,13.85,23910,9402,921,142,0.1325,1.967,structures
13207,0.0136,17.2,28580,11110,151,62,0.2649,1.067,structures
13209,0.03724,79.49,17720,4216,157,13,0.0828,1.033,structures
13211,0.03485,4.762,,10240,357,7,0.008403,0.03333,structures
13213,0.0106,28.07,18850,16130,171,19,0.07018,0.5333,structures
13215,0.004745,9.322,25070,60480,0,472,,4.4,policies_lower_bound
13217,0.003884,12.03,16940,37840,147,97,0.381,1.167,structures
13219,0.004047,3.175,17420,15570,63,42,0.1429,0.1333,structures
13221,0.005259,0,,7416,39,7,0.1282,0,structures
13223,0.003274,11.79,28590,55280,181,147,0.3425,1.733,structures
13225,0.005127,8.772,59340,10730,55,19,0.1091,0.1667,structures
13227,0.01547,9.402,14960,14610,226,39,0.1018,0.3667,structures
13229,0.02124,7.292,66350,9841,209,32,0.11,0.2333,structures
13231,0.002096,22.22,6720,7632,16,6,0.3125,0.1333,structures
13233,0.03995,11.22,12380,16850,673,104,0.1322,1.167,structures
13235,0.03923,14.67,20540,4486,176,25,0.1193,0.3667,structures
13237,0.09402,3.704,10930,13800,1297,45,0.01157,0.1667,structures
13239,0.0209,0,,1962,41,1,0,0,structures
13241,0.04777,8.025,17470,10240,489,108,0.135,0.8667,structures
13243,0.00377,33.33,1035,3714,14,1,0,0.03333,structures
13245,0.01545,16.72,12150,72540,1121,672,0.3443,11.23,structures
13247,0.001694,19.71,36730,30110,51,93,0.5294,1.833,structures
13249,0,,,2050,0,0,,0,structures
13251,0.02905,6.173,45570,7400,215,27,0.1023,0.1667,structures
13253,0.205,19.09,26930,4960,1017,110,0.09833,2.1,structures
13255,0.009159,7.527,11770,28500,261,93,0.1877,0.7,structures
13257,0.01616,11.11,16830,11880,192,33,0.1198,0.3667,structures
13259,0.00598,,,2341,14,0,0,0,structures
13261,0.0308,4.869,16600,12690,391,89,0.1714,0.4333,structures
13263,0.009869,26.67,22340,3445,34,5,0.08824,0.1333,structures
13265,0.004119,0,,1214,5,1,0.2,0,structures
13267,0.02299,21.05,19370,9919,228,38,0.136,0.8,structures
13269,0.006604,66.67,3502,4391,29,2,0.06897,0.1333,structures
13271,0.01318,26.67,15820,5919,78,5,0.0641,0.1333,structures
13273,0.003802,20,14460,4734,18,10,0.2222,0.2,structures
13275,0.02238,9.946,24750,19660,440,124,0.1545,1.233,structures
13277,0.03695,14.01,19960,15780,583,119,0.1475,1.667,structures
13279,0.02214,16.96,12540,11790,261,57,0.1801,0.9667,structures
13281,0.02963,13.13,8258,8405,249,66,0.1647,0.8667,structures
13283,0.006625,0,,3170,21,3,0.09524,0,structures
13285,0.01212,30.82,29800,25660,311,53,0.119,1.633,structures
13287,0.01015,4.167,,3053,31,8,0.2258,0.03333,structures
13289,0.007008,33.33,1563,4709,33,1,0,0.03333,structures
13291,0.05171,9.453,8917,15180,785,134,0.1363,1.267,structures
13293,0.006922,33.33,12660,12140,84,18,0.1548,0.6,structures
13295,0.0266,21.63,14990,27900,742,131,0.1442,2.833,structures
13297,0.01435,12.44,14640,32470,466,75,0.0515,0.9333,structures
13299,0.04418,7.843,12970,15480,684,119,0.1374,0.9333,structures
13301,0.0009833,,,3051,3,0,0,0,structures
13303,0.01782,13.98,16550,9371,167,31,0.1257,0.4333,structures
13305,0.01714,3.763,11240,12140,208,62,0.1971,0.2333,structures
13307,0.002075,0,,964,2,1,0.5,0,structures
13309,0.03228,27.78,10260,2602,84,12,0.1071,0.3333,structures
13311,0.01459,12.86,15320,13440,196,70,0.2959,0.9,structures
13313,0.01626,13.79,10810,31610,514,116,0.1887,1.6,structures
13315,0.0202,0,,3763,76,6,0.05263,0,structures
13317,0.0007287,0,,5489,4,2,0,0,structures
13319,0.006012,,,4657,28,0,0,0,structures
13321,0.03484,19.5,20750,7348,256,53,0.1523,1.033,structures
15001,0.008572,6.968,43320,69410,0,1215,,8.467,policies_lower_bound
15003,0.04921,6.557,42690,169000,8317,6934,0.5399,45.47,structures
15005,0,,,54,0,0,,0,structures
15007,0.04802,8.885,32500,23490,0,1647,,14.63,policies_lower_bound
15009,0.02599,6.362,54670,42180,0,2033,,12.93,policies_lower_bound
16001,0.02353,2.228,9277,163200,3840,1541,0.2521,3.433,structures
16003,0.001524,13.33,4694,3280,0,10,,0.1333,policies_lower_bound
16005,0.02149,13.43,5167,27730,596,72,0.09899,0.9667,structures
16007,0,0,,3763,0,1,,0,structures
16009,0.08828,20.41,23120,5188,458,49,0.107,1,structures
16011,0.004663,9.848,4983,16730,0,88,,0.8667,policies_lower_bound
16013,0.04921,24.23,17230,13530,666,377,0.2718,9.133,structures
16015,0.002328,1.389,35640,5584,0,24,,0.03333,policies_lower_bound
16017,0.04632,7.16,3901,26360,1221,135,0.09173,0.9667,structures
16019,0.0008729,6.667,9715,40100,0,70,,0.4667,policies_lower_bound
16021,0.0009968,10,8395,6019,0,10,,0.1,policies_lower_bound
16023,0.003249,0,,1539,0,6,,0,policies_lower_bound
16025,0.003749,0,,1067,0,5,,0,policies_lower_bound
16027,0.0267,0.9524,8690,77370,2066,350,0.1505,0.3333,structures
16029,0.0002608,16.67,8023,3835,0,2,,0.03333,policies_lower_bound
16031,0.001444,3.922,31720,8308,0,17,,0.06667,policies_lower_bound
16033,0,,,566,0,0,,0,structures
16035,0.001563,18.52,2313,5117,0,9,,0.1667,policies_lower_bound
16037,0.001657,1.961,1902,4224,0,17,,0.03333,policies_lower_bound
16039,0.00832,3.819,15430,11300,0,96,,0.3667,policies_lower_bound
16041,0.0004016,8.333,2525,4980,0,4,,0.03333,policies_lower_bound
16043,0.001176,12.5,17760,10200,0,16,,0.2,policies_lower_bound
16045,0.002293,4.598,4805,8724,0,29,,0.1333,policies_lower_bound
16047,0.005565,2.222,9872,5391,0,30,,0.06667,policies_lower_bound
16049,0.000941,13.33,2597,10630,0,10,,0.1333,policies_lower_bound
16051,0.03284,17.14,9639,12120,398,35,0.05779,0.6,structures
16053,0,,,8674,0,0,,0,structures
16055,0.02116,10.21,13280,67100,1420,209,0.1092,2.133,structures
16057,0.008101,14.12,12670,12710,0,118,,1.667,policies_lower_bound
16059,0.005279,18.28,19690,5304,0,31,,0.5667,policies_lower_bound
16061,0.008621,0,,1856,0,16,,0,policies_lower_bound
16063,0.001747,25,17760,2290,0,4,,0.1,policies_lower_bound
16065,0.001436,3.175,7271,9051,0,21,,0.06667,policies_lower_bound
16067,0.0006263,16.67,46820,7983,0,10,,0.1667,policies_lower_bound
16069,0.0009754,2.469,13980,16400,0,27,,0.06667,policies_lower_bound
16071,0,,,2277,0,0,,0.03333,structures
16073,0.0003624,0,,5519,0,3,,0,policies_lower_bound
16075,0.001751,30.67,12050,10280,0,25,,0.7667,policies_lower_bound
16077,0,,,3040,0,0,,0,structures
16079,0.2618,19.61,14590,7663,2006,119,0.05334,2.333,structures
16081,0.004123,3.175,6366,4366,0,42,,0.1333,policies_lower_bound
16083,0.008112,3.98,2388,32420,263,67,0.2053,0.2667,structures
16085,0.02684,1.754,,12180,327,19,0.02141,0.03333,structures
16087,0.1046,9.259,23810,5162,540,54,0.09259,0.5,structures
17001,0.01026,64.41,33960,23680,243,74,0.2305,4.767,structures
17003,0.4706,52.08,17830,3251,1530,112,0.06863,5.833,structures
17005,0.0001293,6.667,,7735,0,5,,0.03333,policies_lower_bound
17007,0.009173,13.98,11110,19080,175,62,0.2571,0.8667,structures
17009,0.00698,108.3,22430,2149,15,4,0.1333,0.4333,structures
17011,0.01427,25.85,4944,13100,187,49,0.2406,1.267,structures
17013,0.1025,136.4,19790,2507,257,77,0.214,10.5,structures
17015,0.01339,95.56,21130,10750,144,15,0.0625,1.433,structures
17017,0.06393,8.73,12270,5037,322,126,0.1863,1.1,structures
17019,0.008203,18.47,14530,56320,462,157,0.1688,2.9,structures
17021,0.006101,20.37,18950,14260,87,18,0.1149,0.3667,structures
17023,0.01128,100,13030,7444,84,6,0.05952,0.6,structures
17025,0.0003821,16.67,9527,10470,0,8,,0.1333,policies_lower_bound
17027,0.05334,18.8,29100,18520,988,39,0.02429,0.7333,structures
17029,0.01562,29.82,15580,18250,285,57,0.1579,1.7,structures
17031,0.01011,54.53,12950,1242000,12560,6353,0.3198,346.4,structures
17033,0.01562,30,19110,8259,129,20,0.1085,0.6,structures
17035,0.007401,33.33,6305,4864,36,2,0.02778,0.06667,structures
17037,0.01693,55.92,15110,30780,521,152,0.2054,8.5,structures
17039,0.01873,11.59,4911,6622,124,23,0.1613,0.2667,structures
17041,0.08467,43.51,8603,7795,660,95,0.1273,4.133,structures
17043,0.008343,32.86,25570,297900,2485,1772,0.408,58.23,structures
17045,0.004535,11.11,4143,7057,32,9,0.1875,0.1,structures
17047,0,,,2937,0,0,,0,structures
17049,0.0004866,6.061,3257,14390,0,11,,0.06667,policies_lower_bound
17051,0.0000985,16.67,3461,10150,0,2,,0.03333,policies_lower_bound
17053,0,11.11,1769,6493,0,6,,0.06667,structures
17055,0.01971,22.92,21880,17200,339,48,0.1003,1.1,structures
17057,0.01142,60,15240,14090,161,25,0.118,1.5,structures
17059,0.1145,46.67,27100,2988,342,25,0.06725,1.167,structures
17061,0.02532,23.33,8097,4977,126,10,0.07143,0.2333,structures
17063,0.03526,43.89,27250,20510,723,161,0.166,7.067,structures
17065,0,,,2808,0,0,,0,structures
17067,0.03264,98.61,22320,6526,213,48,0.1972,4.733,structures
17069,0.02569,60,20330,2258,58,5,0.03448,0.3,structures
17071,0.05165,136,38300,3543,183,75,0.3279,10.2,structures
17073,0.0256,41.21,8958,25710,658,110,0.1459,4.533,structures
17075,0.1126,97.39,24460,12590,1417,255,0.1673,24.83,structures
17077,0.04343,20.83,7634,19740,857,112,0.09802,2.333,structures
17079,0.0005099,50,28240,5884,0,4,,0.2,policies_lower_bound
17081,0.01048,16.67,17240,12020,126,20,0.127,0.3333,structures
17083,0.02637,196.3,24260,8152,215,72,0.2837,14.13,structures
17085,0.007403,158,14750,16890,125,46,0.176,7.267,structures
17087,0.000537,20,6607,5587,0,5,,0.1,policies_lower_bound
17089,0.01006,32.81,16910,145600,1465,634,0.2799,20.8,structures
17091,0.04575,46.56,25680,38710,1771,300,0.1434,13.97,structures
17093,0.006224,46.2,23890,42420,264,101,0.2159,4.667,structures
17095,0.006766,20.69,20400,20690,140,29,0.1143,0.6,structures
17097,0.02025,25.04,18900,226100,4579,1857,0.2433,46.5,structures
17099,0.01612,60.51,22510,41450,668,222,0.2021,13.43,structures
17101,0.1018,58.33,15230,5951,606,12,0.01815,0.7,structures
17103,0.03604,12.54,8372,16180,583,93,0.1407,1.167,structures
17105,0.07558,39.28,10270,13440,1016,157,0.1437,6.167,structures
17107,0.02041,10.57,8757,11760,240,41,0.1542,0.4333,structures
17109,0.0002031,25,15410,9845,0,8,,0.2,policies_lower_bound
17111,0.02853,23.21,13840,112800,3218,764,0.1942,17.73,structures
17113,0.005947,19.35,21550,53810,320,112,0.1344,2.167,structures
17115,0.008196,26.05,12330,42340,347,87,0.1902,2.267,structures
17117,0.0003316,18.18,10380,18090,0,11,,0.2,policies_lower_bound
17119,0.004916,13.35,13680,105200,0,824,,11,policies_lower_bound
17121,0.0107,14.81,16570,15890,170,18,0.08824,0.2667,structures
17123,0.01574,45.45,12570,5782,91,22,0.2088,1,structures
17125,0.04797,92.86,18300,7546,362,42,0.1022,3.9,structures
17127,0.01743,16.67,15300,6254,0,134,,2.233,policies_lower_bound
17129,0.01167,48.15,4939,4371,51,9,0.07843,0.4333,structures
17131,0.01361,44.44,19500,6099,83,15,0.1325,0.6667,structures
17133,0.008124,5.432,15290,14160,0,135,,0.7333,policies_lower_bound
17135,0.00007318,122.2,27730,13660,0,3,,0.3667,policies_lower_bound
17137,0.04649,17.32,9939,12070,561,77,0.1248,1.333,structures
17139,0.02517,12.38,5135,6158,155,35,0.2065,0.4333,structures
17141,0.02423,48.57,16440,18740,454,140,0.2577,6.8,structures
17143,0.003268,77.26,16620,70680,0,302,,23.33,policies_lower_bound
17145,0.02042,26.67,6835,7249,148,10,0.06081,0.2667,structures
17147,0.01405,19.23,26070,6832,96,26,0.2083,0.5,structures
17149,0.02947,25,21290,7296,215,88,0.09767,2.2,structures
17151,0,,,2292,0,0,,0,structures
17153,0.01039,23.19,10070,1732,0,23,,0.5333,policies_lower_bound
17155,0.01788,103.3,24330,3299,59,10,0.1356,1.033,structures
17157,0.03405,7.436,16580,10570,360,130,0.3083,0.9667,structures
17159,0.000392,0,,7654,0,6,,0,policies_lower_bound
17161,0.04912,60.18,13350,52630,2585,668,0.2371,40.2,structures
17163,0.006719,26.42,9536,102000,0,1007,,26.6,policies_lower_bound
17165,0.05272,7.724,18660,9939,524,82,0.1107,0.6333,structures
17167,0.00492,26.35,22060,73770,363,167,0.1873,4.4,structures
17169,0.009201,20.83,19070,2717,25,8,0.16,0.1667,structures
17171,0.1138,21.43,3842,1871,213,14,0.06103,0.3,structures
17173,0.00009315,66.67,21640,10740,0,1,,0.06667,policies_lower_bound
17175,0.0008535,5.556,,3515,0,6,,0.03333,policies_lower_bound
17177,0.01782,88.19,17170,17290,308,48,0.09416,4.233,structures
17179,0.005733,13.33,15870,53720,308,115,0.1656,1.533,structures
17181,0.07713,33.33,9939,5173,399,46,0.1103,1.533,structures
17183,0.01177,48.06,27800,28290,333,43,0.1081,2.067,structures
17185,0.01517,0,,4614,70,8,0.01429,0,structures
17187,0.002346,16.67,13680,6395,0,26,,0.4333,policies_lower_bound
17189,0.0004682,5.556,2608,8543,0,6,,0.03333,policies_lower_bound
17191,0.001803,14.29,6162,7210,0,14,,0.2,policies_lower_bound
17193,0.07038,34.52,28460,7232,509,56,0.09234,1.933,structures
17195,0.02507,31.65,12730,21900,549,158,0.2423,5,structures
17197,0.01493,39.34,14260,220500,3291,1026,0.227,40.37,structures
17199,0.02422,25.06,8544,29520,715,141,0.1483,3.533,structures
17201,0.01975,65.24,22140,102300,2020,585,0.252,38.17,structures
17203,0.02657,59.55,21820,16520,439,103,0.2118,6.133,structures
18001,0.01777,69.7,14080,13730,244,44,0.1434,3.067,structures
18003,0.01628,33.27,19110,133400,2172,507,0.1598,16.87,structures
18005,0.04937,37.46,27170,30060,1484,388,0.184,14.53,structures
18007,0.001266,,,3950,5,0,0,0,structures
18009,0.004763,8.333,,6298,30,4,0.1,0.03333,structures
18011,0.02407,16.67,10470,24850,598,162,0.199,2.7,structures
18013,0.05011,53.52,28560,8740,438,71,0.1256,3.8,structures
18015,0.0816,67.46,43190,10940,893,209,0.2083,14.1,structures
18017,0.02498,18.01,13580,16210,405,87,0.1802,1.567,structures
18019,0.0419,45.46,27800,45870,1922,481,0.205,21.87,structures
18021,0.01687,23.66,31590,12860,217,31,0.1244,0.7333,structures
18023,0.008711,15.91,21370,13200,115,44,0.2783,0.7,structures
18025,0.04965,73.68,21460,6606,328,19,0.05183,1.4,structures
18027,0.0004902,15.56,50430,14280,0,15,,0.2333,policies_lower_bound
18029,0.01605,57.02,17960,20630,331,38,0.08157,2.167,structures
18031,0.01412,31.94,31070,11970,169,24,0.09467,0.7667,structures
18033,0.01438,21.43,21570,18360,264,56,0.1629,1.2,structures
18035,0.02537,15.48,17740,44380,1126,323,0.2416,5,structures
18037,0.0113,9.524,33300,18590,210,35,0.1286,0.3333,structures
18039,0.01748,19.51,15470,71910,1257,340,0.2267,6.633,structures
18041,0.02874,7.19,11960,10260,295,51,0.1661,0.3667,structures
18043,0.01536,33.76,26930,29810,458,155,0.2293,5.233,structures
18045,0.006735,16.67,10970,8166,55,8,0.1091,0.1333,structures
18047,0.02825,40.23,20670,11150,315,29,0.07302,1.167,structures
18049,0.01835,80.95,20010,9647,177,35,0.1412,2.833,structures
18051,0.02606,44.87,15570,14080,367,26,0.05177,1.167,structures
18053,0.01405,35.86,10210,27620,388,66,0.1134,2.367,structures
18055,0.0184,5.926,22680,14290,263,45,0.1407,0.2667,structures
18057,0.0114,18.55,15100,115800,1320,523,0.1621,9.7,structures
18059,0.02193,12.72,17400,29680,651,186,0.2058,2.367,structures
18061,0.02138,78.14,23470,17680,378,61,0.1111,4.767,structures
18063,0.006605,14.47,15920,58440,386,152,0.1762,2.2,structures
18065,0.01078,10.42,7017,20590,222,48,0.1847,0.5,structures
18067,0.01003,82.16,21920,34690,348,142,0.2471,11.67,structures
18069,0.006843,52.27,16550,15640,107,44,0.2897,2.3,structures
18071,0.06122,17.91,17220,18260,1118,147,0.1011,2.633,structures
18073,0.03791,30.53,15350,14400,546,107,0.1667,3.267,structures
18075,0.01618,76.92,9486,10070,163,13,0.06748,1,structures
18077,0.03732,78.95,27750,13960,521,76,0.1228,6,structures
18079,0.01265,11.11,11910,12570,159,21,0.1069,0.2333,structures
18081,0.02693,34.54,34900,54800,1476,360,0.1755,12.43,structures
18083,0.002943,31.64,18050,15970,0,59,,1.867,policies_lower_bound
18085,0.0499,19.27,17290,39140,1953,474,0.2074,9.133,structures
18087,0.06105,8.333,16210,20980,1281,172,0.1226,1.433,structures
18089,0.01128,78.37,23100,178900,2019,857,0.262,67.17,structures
18091,0.01161,13.81,8576,45670,530,140,0.1962,1.933,structures
18093,0.01135,32.29,27960,19300,219,32,0.105,1.033,structures
18095,0.02268,22.17,14930,56080,1272,206,0.1399,4.567,structures
18097,0.03285,22.54,11430,306700,10080,2066,0.16,46.57,structures
18099,0.01269,31.16,21820,20320,258,46,0.1163,1.433,structures
18101,0.05112,57.14,21170,4773,244,7,0.02459,0.4,structures
18103,0.02002,16.03,11760,15890,318,52,0.1069,0.8333,structures
18105,0.0114,15.58,29710,44400,506,169,0.164,2.633,structures
18107,0.008359,15.62,15010,15670,131,32,0.1679,0.5,structures
18109,0.01818,24.01,45390,29820,542,218,0.2731,5.233,structures
18111,0.03509,20.14,12240,6783,238,48,0.1513,0.9667,structures
18113,0.04676,26.74,19440,21170,990,192,0.1798,5.133,structures
18115,0.04821,16.09,9593,2676,129,29,0.1628,0.4667,structures
18117,0.02341,27.59,8888,9996,234,29,0.1111,0.8,structures
18119,0.02116,86.52,28510,11340,240,47,0.1583,4.067,structures
18121,0.02391,31.25,23460,7903,189,16,0.07407,0.5,structures
18123,0.03804,18.25,13590,8674,330,42,0.09697,0.7667,structures
18125,0.005233,8.333,44000,5924,31,4,0.06452,0.03333,structures
18127,0.004388,19.77,20130,61300,269,118,0.197,2.333,structures
18129,0.05733,37.11,21890,11430,655,106,0.1481,3.933,structures
18131,0.04851,93.46,21530,7091,344,51,0.1366,4.767,structures
18133,0.01521,17.14,33760,15450,235,35,0.1191,0.6,structures
18135,0.02454,9.14,8920,12260,301,62,0.186,0.5667,structures
18137,0.00777,54.55,11290,12740,99,11,0.07071,0.6,structures
18139,0.01818,11.11,6900,7755,141,33,0.227,0.3667,structures
18141,0.006284,14.51,15430,97230,611,232,0.1817,3.367,structures
18143,0.01144,10,10170,10750,123,20,0.1382,0.2,structures
18145,0.0455,27.12,18550,17870,813,204,0.2189,5.533,structures
18147,0.05518,16.67,11450,10460,577,84,0.1386,1.4,structures
18149,0.02468,14.97,23810,11830,292,49,0.1404,0.7333,structures
18151,0.03721,9.524,5193,21820,812,105,0.1133,1,structures
18153,0.0003191,8.333,42210,9402,0,4,,0.03333,policies_lower_bound
18155,0.09167,51.19,21020,5378,493,56,0.1034,2.867,structures
18157,0.01176,31.07,20740,53750,632,177,0.1804,5.5,structures
18159,0.06914,21.69,21540,7290,504,126,0.2163,2.733,structures
18161,0.005478,66.67,24570,4016,22,1,0.04545,0.06667,structures
18163,0.04158,32.03,16370,66670,2772,461,0.09957,14.77,structures
18165,0.04015,19.86,12180,7572,304,47,0.148,0.9333,structures
18167,0.04246,38.99,28500,39480,1676,489,0.2399,19.07,structures
18169,0.01663,18.91,14280,14070,234,67,0.2137,1.267,structures
18171,0.01042,33.33,1983,4318,45,2,0.04444,0.06667,structures
18173,0.03402,15.9,12200,23510,800,130,0.1,2.067,structures
18175,0.01584,140.7,17830,13450,213,9,0.02817,1.267,structures
18177,0.0156,23.5,7325,28200,440,78,0.1545,1.833,structures
18179,0.008177,34.23,23200,11860,97,37,0.1649,1.267,structures
18181,0.06067,48.46,31440,13570,823,119,0.1276,5.767,structures
18183,0.01435,7.619,10780,15260,219,70,0.242,0.5333,structures
19001,0.0006867,,,7281,5,0,0,0,structures
19003,0.0157,66.67,13580,2420,38,2,0.02632,0.1333,structures
19005,0.03456,16.09,9306,8101,280,29,0.07857,0.4667,structures
19007,0.02158,66.67,20410,11400,246,3,0.004065,0.2,structures
19009,0.007451,,2632,3221,24,0,0,0.1,structures
19011,0.03065,40.95,24830,12400,380,70,0.1316,2.867,structures
19013,0.03004,74.85,25860,46110,1385,448,0.2231,33.53,structures
19015,0.0267,17.33,17670,11460,306,25,0.06536,0.4333,structures
19017,0.02812,174.5,26420,9816,276,107,0.1775,18.67,structures
19019,0.03105,134.9,11830,8309,258,65,0.1977,8.767,structures
19021,0.001239,0,,8072,0,11,,0,policies_lower_bound
19023,0.08416,79.94,28570,7890,664,113,0.1355,9.033,structures
19025,0.005504,0,,5996,33,3,0.0303,0,structures
19027,0.003292,4.762,3013,8506,28,14,0.2857,0.06667,structures
19029,0.01274,68.42,8456,6277,80,19,0.2,1.3,structures
19031,0.02536,18.52,54640,8361,212,27,0.09906,0.5,structures
19033,0.01834,61.25,26070,22740,417,80,0.1175,4.9,structures
19035,0.007262,89.92,14830,5233,0,43,,3.867,policies_lower_bound
19037,0.03257,42.53,16440,5220,170,29,0.1471,1.233,structures
19039,0.001307,,,4591,6,0,0,0,structures
19041,0.01627,14.79,69710,7377,0,133,,1.967,policies_lower_bound
19043,0.06639,51.37,22210,9008,598,85,0.1321,4.367,structures
19045,0.03787,38.58,10170,21730,823,108,0.09964,4.167,structures
19047,0.00005032,100,4452,19870,0,2,,0.2,policies_lower_bound
19049,0.003666,8.772,9147,34100,125,76,0.088,0.6667,structures
19051,0.004617,,,6714,31,0,0,0,structures
19053,0.003377,,4610,3553,12,0,0,0.06667,structures
19055,0.09054,32.83,12500,9951,901,66,0.06437,2.167,structures
19057,0.02368,42.89,37110,21080,499,129,0.1323,5.533,structures
19059,0.001017,16.13,28280,17690,0,31,,0.5,policies_lower_bound
19061,0.009834,91.67,12140,34880,343,76,0.1487,6.967,structures
19063,0.001674,27.78,9867,7170,0,12,,0.3333,policies_lower_bound
19065,0.02688,41.88,10710,10270,276,39,0.1014,1.633,structures
19067,0.04635,91.95,24960,8069,374,87,0.1898,8,structures
19069,0.009308,4.167,2903,4727,44,8,0.1136,0.03333,structures
19071,0.005515,85.25,54220,4714,0,61,,5.2,policies_lower_bound
19073,0.004439,50,5505,4956,22,2,0,0.1,structures
19075,0.001793,100,3670,5576,10,3,0.2,0.3,structures
19077,0.01022,15.69,23300,7729,79,17,0.1139,0.2667,structures
19079,0.01026,133.3,11020,11020,113,6,0.0177,0.8,structures
19081,0.003855,0,,5188,20,6,0.05,0,structures
19083,0.02927,13.79,18510,8405,246,29,0.1179,0.4,structures
19085,0.1281,22.98,28170,8748,1121,177,0.1418,4.067,structures
19087,0,,,8670,0,0,,0.03333,structures
19089,0.02721,14.29,6051,4741,129,14,0.1008,0.2,structures
19091,0.03618,66.67,10790,4920,178,15,0.0618,1,structures
19093,0.001748,38.1,4458,3433,0,7,,0.2667,policies_lower_bound
19095,0.02028,6.463,7932,12130,246,98,0.2642,0.6333,structures
19097,0.02622,37.68,15490,10410,273,23,0.05861,0.8667,structures
19099,0.003787,45.83,40810,15840,60,24,0.1333,1.1,structures
19101,0.004399,0,,7956,35,4,0,0,structures
19103,0.03422,16.3,73610,54680,1871,360,0.09514,5.867,structures
19105,0.04397,70.63,16010,12170,535,42,0.05421,2.967,structures
19107,0.09439,16.67,9779,13720,1295,4,0.002317,0.06667,structures
19109,0.00186,11.11,21560,7527,14,3,0,0.03333,structures
19111,0.05279,33.33,12010,25950,1370,38,0.009489,1.267,structures
19113,0.01169,43.46,51990,90750,1061,655,0.2375,28.47,structures
19115,0.07856,27.49,54210,6237,490,97,0.08776,2.667,structures
19117,0.002372,,,3794,9,0,0,0,structures
19119,0.006287,44.44,32760,5408,0,39,,1.733,policies_lower_bound
19121,0.005909,26.67,46080,7446,44,5,0.09091,0.1333,structures
19123,0.009072,27.78,16800,10690,97,12,0.07216,0.3333,structures
19125,0.01727,88.89,20920,16900,292,9,0.01712,0.8,structures
19127,0.02613,23.46,11060,17980,470,27,0.0383,0.6333,structures
19129,0.04486,46.97,92790,8292,372,44,0.03495,2.067,structures
19131,0.01653,77.78,23150,5264,87,9,0.05747,0.7,structures
19133,0.004852,32.18,33530,4740,0,29,,0.9333,policies_lower_bound
19135,0.007032,,,4266,30,0,0,0,structures
19137,0.1533,26.5,4378,5931,909,78,0.08251,2.067,structures
19139,0.02753,57.18,20740,17290,476,130,0.208,7.433,structures
19141,0.002382,26.67,36120,7137,17,5,0.2353,0.1333,structures
19143,0.003802,5.556,10680,2893,0,12,,0.06667,policies_lower_bound
19145,0.005957,33.33,3417,7219,43,2,0,0.06667,structures
19147,0.001112,16.67,18850,5396,0,8,,0.1333,policies_lower_bound
19149,0.001283,31.67,35060,10140,0,20,,0.6333,policies_lower_bound
19151,0.008534,0,,6328,54,1,0.01852,0,structures
19153,0.009808,25.67,26000,163900,1607,670,0.2278,17.2,structures
19155,0.05484,36.45,20560,41680,2286,557,0.1763,20.3,structures
19157,0.001948,0,,8214,16,7,0.25,0,structures
19159,0.002469,,,3645,9,0,0,0,structures
19161,0.0003255,0,,6145,0,4,,0,policies_lower_bound
19163,0.02969,69.74,12500,61160,1816,553,0.2434,38.57,structures
19165,0.02021,1.754,,5889,119,19,0.1176,0.03333,structures
19167,0.01045,7.947,98950,12150,0,151,,1.2,policies_lower_bound
19169,0.01664,38.6,38480,34140,568,95,0.0757,3.667,structures
19171,0.02279,81.9,13370,10090,230,35,0.1174,2.867,structures
19173,0.01054,,,5788,61,0,0,0,structures
19175,0.01517,23.81,14500,6063,92,14,0.1304,0.3333,structures
19177,0.1392,26.67,14000,4669,650,30,0.04,0.8,structures
19179,0.01513,137.7,28210,20230,306,23,0.02614,3.167,structures
19181,0.008974,23.81,22530,21950,197,28,0.06599,0.6667,structures
19183,0.03041,5.556,12050,9766,297,84,0.2559,0.4667,structures
19185,0.0008197,,,3660,3,0,0,0,structures
19187,0.01426,72.46,56190,15570,222,23,0.07658,1.667,structures
19189,0.002817,0,,4970,14,1,0,0,structures
19191,0.002779,11.67,14260,10080,0,60,,0.7,policies_lower_bound
19193,0.02455,14.45,16940,35680,876,173,0.1598,2.5,structures
19195,0.01034,41.67,3674,3482,36,4,0.02778,0.1667,structures
19197,0.01751,4.167,2369,5540,97,16,0.1237,0.06667,structures
20001,0.05593,41.51,31770,5954,333,53,0.1381,2.2,structures
20003,0.0005556,20,71850,3600,0,5,,0.1,policies_lower_bound
20005,0.007064,2.778,16000,7644,54,12,0.1852,0.03333,structures
20007,0,33.33,1219,3283,0,2,,0.06667,structures
20009,0.06765,10.84,7632,13560,917,83,0.07306,0.9,structures
20011,0.02318,30.3,26480,6947,161,11,0.0559,0.3333,structures
20013,0.000182,0,,5495,0,1,,0,policies_lower_bound
20015,0.0213,58.94,32210,28170,600,151,0.165,8.9,structures
20017,0.005598,38.46,15660,1965,0,13,,0.5,policies_lower_bound
20019,0,,,2580,0,0,,0,structures
20021,0.05937,36.84,29020,10190,605,38,0.05785,1.4,structures
20023,0.0004284,0,,2334,0,2,,0,policies_lower_bound
20025,0,,,1326,0,0,,0,structures
20027,0.03349,5.556,10750,5016,168,30,0.1607,0.1667,structures
20029,0.06552,4.762,35000,5250,344,14,0.02907,0.06667,structures
20031,0.001741,13.33,67310,4595,0,10,,0.1333,policies_lower_bound
20033,0.001527,0,,1310,0,2,,0,policies_lower_bound
20035,0.02738,63.64,18550,16470,451,44,0.07539,2.8,structures
20037,0.03497,31.88,12000,16960,593,69,0.086,2.2,structures
20039,0,0,,2388,0,1,,0,structures
20041,0.005435,11.11,5658,11040,60,57,0.7667,0.6333,structures
20043,0.0004808,42.62,4131,4160,0,61,,2.6,policies_lower_bound
20045,0.008878,13.97,19200,36160,321,260,0.3676,3.633,structures
20047,0.342,2.222,,2000,684,45,0.06579,0.1,structures
20049,0.0008666,16.67,25000,2308,0,2,,0.03333,policies_lower_bound
20051,0.00812,6.854,4281,12190,0,107,,0.7333,policies_lower_bound
20053,0.0454,0,,3921,178,17,0.07865,0,structures
20055,0.0009177,11.11,5132,11990,0,21,,0.2333,policies_lower_bound
20057,0.0369,30.16,7565,11520,425,42,0.08941,1.267,structures
20059,0.0161,25.29,38130,10620,171,29,0.1287,0.7333,structures
20061,0.035,14.91,6345,10970,384,38,0.05729,0.5667,structures
20063,0,,,1296,0,0,,0,structures
20065,0,,,1402,0,0,,0,structures
20067,0,,,2962,0,0,,0,structures
20069,0.0007366,0,,2715,0,2,,0,policies_lower_bound
20071,0,,,944,0,0,,0,structures
20073,0.000406,83.33,6095,4926,0,2,,0.1667,policies_lower_bound
20075,0.0009479,0,,1055,0,3,,0,policies_lower_bound
20077,0.00238,0,,3781,0,13,,0,policies_lower_bound
20079,0.05624,26.76,9161,14530,817,142,0.1395,3.8,structures
20081,0,0,,1520,0,1,,0,structures
20083,0,,,1551,0,0,,0,structures
20085,0.01072,13.33,51800,6250,67,10,0.07463,0.1333,structures
20087,0.02866,11.81,38020,8933,256,48,0.1367,0.5667,structures
20089,0,,,3247,0,0,,0,structures
20091,0.004082,22,21170,196000,800,544,0.2512,11.97,structures
20093,0.003761,3.704,,1861,0,9,,0.03333,policies_lower_bound
20095,0.005602,4.444,20540,4998,0,30,,0.1333,policies_lower_bound
20097,0.001391,0,,1438,0,2,,0,policies_lower_bound
20099,0.06185,13.68,36630,10480,648,78,0.1049,1.067,structures
20101,0,,,1334,0,0,,0,structures
20103,0.008308,25.9,24650,27320,227,130,0.2555,3.367,structures
20105,0.001157,16.67,2285,2593,0,4,,0.06667,policies_lower_bound
20107,0.02453,2.564,9184,6646,163,13,0.04908,0.03333,structures
20109,0,,,1816,0,0,,0,structures
20111,0.0273,32.38,10910,12890,352,35,0.05114,1.133,structures
20113,0.06755,9.524,12920,13120,886,84,0.07788,0.8,structures
20115,0.03491,38.89,14590,7878,275,12,0.02909,0.4667,structures
20117,0.01337,,5552,6730,90,0,0,0.1,structures
20119,0,,,2371,0,0,,0,structures
20121,0.008792,22.5,44750,14100,124,40,0.1935,0.9,structures
20123,0.0009572,16.67,3382,4179,0,6,,0.1,policies_lower_bound
20125,0.02342,52.94,29470,14350,336,85,0.1935,4.5,structures
20127,0,,,2718,0,0,,0,structures
20129,0,,,1571,0,0,,0,structures
20131,0.0001345,16.67,26040,7436,0,2,,0.03333,policies_lower_bound
20133,0.04389,35.06,19420,7929,348,58,0.1351,2.033,structures
20135,0.0004008,66.67,,2495,0,1,,0.06667,policies_lower_bound
20137,0.001795,0,,2228,0,6,,0,policies_lower_bound
20139,0.03498,14.04,17030,7490,262,19,0.04962,0.2667,structures
20141,0,,,3133,0,0,,0,structures
20143,0.1694,8.772,13040,2520,427,38,0.08197,0.3333,structures
20145,0.005238,4.762,1202,3627,0,21,,0.1,policies_lower_bound
20147,0,,,4013,0,0,,0,structures
20149,0.03462,5.882,14590,11060,383,85,0.1149,0.5,structures
20151,0.001817,2.778,,4402,0,12,,0.03333,policies_lower_bound
20153,0.0003821,0,,2617,0,2,,0,policies_lower_bound
20155,0.04929,15.5,17820,27790,1370,185,0.119,2.867,structures
20157,0.0382,20,15920,4005,153,15,0.07843,0.3,structures
20159,0.004325,23.66,18650,5318,0,31,,0.7333,policies_lower_bound
20161,0.02336,16.77,40940,20720,484,314,0.3244,5.267,structures
20163,0.0002959,0,,3380,0,3,,0,policies_lower_bound
20165,0.00153,16.67,6571,2614,0,6,,0.1,policies_lower_bound
20167,0.0002675,0,,3739,0,2,,0,policies_lower_bound
20169,0.04972,26.59,15090,22310,1109,178,0.1362,4.733,structures
20171,0,0,,2723,0,2,,0,structures
20173,0.01814,22.75,25090,190500,3456,850,0.1551,19.33,structures
20175,0.05664,18.18,8087,7751,439,33,0.05467,0.6,structures
20177,0.03535,11.3,13870,67040,2370,714,0.2401,8.067,structures
20179,0,,,1176,0,0,,0,structures
20181,0.00111,0,,3605,0,5,,0,policies_lower_bound
20183,0,,,3513,0,0,,0,structures
20185,0,,,2915,0,0,,0,structures
20187,0,,,902,0,0,,0,structures
20189,0,,,2196,0,0,,0,structures
20191,0.05104,43.93,24740,11620,593,107,0.1653,4.7,structures
20193,0.003633,5.882,,4129,0,17,,0.1,policies_lower_bound
20195,0,,,2278,0,0,,0,structures
20197,0.06516,5,4030,4113,268,20,0.0709,0.1,structures
20199,0,,,1153,0,0,,0,structures
20201,0.01707,8.333,,4804,82,4,0.04878,0.03333,structures
20203,0,,,1313,0,0,,0,structures
20205,0.03064,58.97,22030,4765,146,26,0.1507,1.533,structures
20207,0.0004537,0,,2204,0,2,,0,policies_lower_bound
20209,0.003422,67.78,16030,53190,182,60,0.1538,4.067,structures
21001,0.01562,2.083,37190,10430,163,16,0.06748,0.03333,structures
21003,0.01154,2.083,,7279,84,16,0.1429,0.03333,structures
21005,0.01471,43.09,31760,10940,161,41,0.1863,1.767,structures
21007,0.03465,25.93,35490,4560,158,18,0.1076,0.4667,structures
21009,0.00962,7.937,14120,22140,213,21,0.0939,0.1667,structures
21011,0.04866,55.04,20030,6247,304,43,0.1283,2.367,structures
21013,0.1308,42.11,13050,10310,1349,171,0.109,7.2,structures
21015,0.00673,17.9,17870,43690,294,54,0.05442,0.9667,structures
21017,0.02601,117.7,19750,9226,240,81,0.2583,9.533,structures
21019,0.04865,54.43,12840,23640,1150,207,0.1548,11.27,structures
21021,0.01464,4.583,8478,10590,155,80,0.4,0.3667,structures
21023,0.06436,57.04,20760,4273,275,45,0.1527,2.567,structures
21025,0.1735,41.6,43600,7764,1347,117,0.07647,4.867,structures
21027,0.0227,27.27,21810,14270,324,22,0.05864,0.6,structures
21029,0.07501,15.65,20120,31350,2352,575,0.227,9,structures
21031,0.01434,33.33,31720,5789,83,17,0.1807,0.5667,structures
21033,0.01484,10.42,11480,5928,88,16,0.125,0.1667,structures
21035,0.009969,9.357,29220,13340,133,57,0.2707,0.5333,structures
21037,0.02908,29.15,11840,27310,794,335,0.3741,9.767,structures
21039,0.03867,7.407,12820,2974,115,9,0.03478,0.06667,structures
21041,0.08146,20.09,37040,4358,355,73,0.1746,1.467,structures
21043,0.07743,80.95,24100,11650,902,147,0.1208,11.9,structures
21045,0.0425,22.22,22320,7835,333,6,0.01802,0.1333,structures
21047,0.02486,47.09,37910,24900,619,327,0.4572,15.4,structures
21049,0.02005,59.12,23650,14810,297,106,0.2694,6.267,structures
21051,0.116,20.13,17170,7843,910,53,0.05385,1.067,structures
21053,0.01161,0,,4736,55,6,0.07273,0,structures
21055,0.03104,38.46,28420,6412,199,13,0.06533,0.5,structures
21057,0.02028,,109100,3451,70,0,0,0.03333,structures
21059,0.1077,11.78,18200,38030,4096,662,0.1211,7.8,structures
21061,0.01809,0,,7958,144,6,0.02778,0,structures
21063,0.03661,11.11,10000,3087,113,6,0.0354,0.06667,structures
21065,0.06212,28.15,32190,6101,379,45,0.1055,1.267,structures
21067,0.002089,21.28,15200,103400,0,365,,7.767,policies_lower_bound
21069,0.02629,57.41,20690,7837,206,18,0.07767,1.033,structures
21071,0.1949,83.54,18230,17220,3355,577,0.1455,48.2,structures
21073,0.02895,73.03,38010,18130,525,262,0.419,19.13,structures
21075,0.04399,19.05,22270,3114,137,14,0.09489,0.2667,structures
21077,0.06115,15.09,19490,3107,190,53,0.2474,0.8,structures
21079,0.01304,21.21,54350,6443,84,22,0.2024,0.4667,structures
21081,0.006767,0,,8719,59,12,0.1525,0,structures
21083,0.02059,40.52,15500,18020,371,51,0.1159,2.067,structures
21085,0.005264,11.9,51140,12350,65,14,0.1385,0.1667,structures
21087,0.01184,20,68360,5827,69,5,0.07246,0.1,structures
21089,0.09343,59.38,17640,15240,1424,320,0.2079,19,structures
21091,0.07457,6.061,10530,4211,314,55,0.1624,0.3333,structures
21093,0.02359,45.35,26150,37390,882,308,0.2472,13.97,structures
21095,0.2089,21.45,9759,11250,2350,275,0.1085,5.9,structures
21097,0.04437,41.86,25640,6265,278,86,0.2734,3.6,structures
21099,0.02217,15,36930,10020,222,20,0.08559,0.3,structures
21101,0.06534,44.4,19010,17430,1139,250,0.2072,11.1,structures
21103,0.0141,26.19,21710,5957,84,28,0.2857,0.7333,structures
21105,0.02399,0,,2334,56,3,0.05357,0,structures
21107,0.0355,16.67,15300,22820,810,92,0.0963,1.533,structures
21109,0.03025,26.19,10450,5984,181,14,0.04972,0.3667,structures
21111,0.01886,47.73,20960,243600,4595,2982,0.5284,142.3,structures
21113,0.01368,38.14,34970,17680,242,97,0.3099,3.7,structures
21115,0.1555,26.86,25990,9151,1423,211,0.1356,5.667,structures
21117,0.009095,35.98,10220,54540,496,189,0.3125,6.8,structures
21119,0.07653,50.21,33010,6925,530,79,0.1245,3.967,structures
21121,0.05595,23.38,11960,10190,570,77,0.114,1.8,structures
21123,0.01227,37.04,19690,5624,69,9,0.08696,0.3333,structures
21125,0.008444,5.556,36700,27360,231,30,0.08658,0.1667,structures
21127,0.08793,27.08,17030,7597,668,32,0.04192,0.8667,structures
21129,0.04966,27.45,47310,2960,147,17,0.102,0.4667,structures
21131,0.09376,19.3,8783,4938,463,38,0.07775,0.7333,structures
21133,0.1234,24.79,49300,11820,1459,160,0.09459,3.967,structures
21135,0.08125,55.74,21440,6695,544,61,0.07353,3.4,structures
21137,0.01014,54.17,27780,11540,117,8,0.05983,0.4333,structures
21139,0.04815,11.32,29980,4673,225,53,0.2044,0.6,structures
21141,0.02619,14.88,24780,12830,336,56,0.1458,0.8333,structures
21143,0.01178,,,5008,59,0,0,0,structures
21145,0.02081,40.34,36330,27340,569,195,0.2337,7.867,structures
21147,0.004134,16.67,1569,7983,33,2,0.0303,0.03333,structures
21149,0.0954,27.64,18660,4025,384,117,0.2969,3.233,structures
21151,0.01976,14.92,31090,29960,592,219,0.2855,3.267,structures
21153,0.1377,59.02,17280,3930,541,61,0.09612,3.6,structures
21155,0.0223,15,26430,8208,183,20,0.07104,0.3,structures
21157,0.02823,23.61,20670,12540,354,72,0.1667,1.7,structures
21159,0.2257,35,16160,4041,912,200,0.17,7,structures
21161,0.0163,28.21,16040,9328,152,13,0.05263,0.3667,structures
21163,0.006739,16.67,62940,10830,73,26,0.2055,0.4333,structures
21165,0.03772,11.11,21470,3340,126,27,0.1746,0.3,structures
21167,0.04459,47.95,38790,10470,467,73,0.1392,3.5,structures
21169,0.01834,0,,4417,81,10,0.1235,0,structures
21171,0.01139,11.11,1872,5444,62,6,0.08065,0.06667,structures
21173,0.0169,29.29,22690,13780,233,33,0.1116,0.9667,structures
21175,0.0723,56.94,31950,6183,447,24,0.04251,1.367,structures
21177,0.008454,9.333,3667,13600,115,25,0.1565,0.2333,structures
21179,0.01373,39.55,35880,20750,285,59,0.1789,2.333,structures
21181,0.04124,58.33,20720,4074,168,16,0.07143,0.9333,structures
21183,0.02975,15.15,22050,9781,291,22,0.06186,0.3333,structures
21185,0.01699,118.4,33870,21300,362,241,0.5801,28.53,structures
21187,0.03019,34,26350,4969,150,50,0.32,1.7,structures
21189,0.0878,33.33,32480,2016,177,6,0.02825,0.2,structures
21191,0.07215,38.89,29890,6847,494,132,0.2591,5.133,structures
21193,0.1185,24.11,25270,12080,1431,235,0.1565,5.667,structures
21195,0.1306,38.66,32970,26490,3461,927,0.2141,35.83,structures
21197,0.1389,32.29,16200,4854,674,96,0.1291,3.1,structures
21199,0.005545,33.33,27010,39670,220,16,0.01818,0.5333,structures
21201,0.03685,0,,1384,51,2,0.01961,0,structures
21203,0.02539,31.37,35400,7130,181,17,0.06077,0.5333,structures
21205,0.09476,41.75,16990,10350,981,198,0.1682,8.267,structures
21207,0.003895,10,34570,11810,46,10,0.1739,0.1,structures
21209,0.008842,20.27,24610,15830,140,97,0.5,1.967,structures
21211,0.004567,23.68,18640,17080,78,38,0.2179,0.9,structures
21213,0.008602,21.88,59840,7440,64,32,0.3594,0.7,structures
21215,0.01325,54.32,18580,5734,76,27,0.2237,1.467,structures
21217,0.01821,4.545,76230,11260,205,22,0.06341,0.1,structures
21219,0.02323,11.49,15520,6803,158,29,0.1203,0.3333,structures
21221,0.01487,3.03,,9479,141,11,0.07092,0.03333,structures
21223,0.04087,31.03,29510,3964,162,29,0.1481,0.9,structures
21225,0.02219,30.77,43510,6175,137,13,0.05839,0.4,structures
21227,0.004757,25.56,23070,40160,191,120,0.2932,3.067,structures
21229,0.01825,81.82,35520,6028,110,11,0.04545,0.9,structures
21231,0.01102,4.167,3107,11260,124,8,0.05645,0.03333,structures
21233,0.07814,4.575,40050,5541,433,51,0.1132,0.2333,structures
21235,0.03507,7.5,11260,14200,498,40,0.07028,0.3,structures
21237,0.03616,,,3374,122,0,0,0,structures
21239,0.02772,80.65,42110,11000,305,124,0.3607,10,structures
22001,0.2697,17.84,37430,23850,6432,2184,0.2509,38.97,structures
22003,0.1393,24.77,36200,8757,1220,292,0.1475,7.233,structures
22005,0.3368,13.5,71830,45720,15400,13200,0.454,178.2,structures
22007,0.3159,12.4,10960,8423,2661,995,0.2882,12.33,structures
22009,0.03291,25.13,17530,16260,0,752,,18.9,policies_lower_bound
22011,0.03856,32.19,27810,15560,600,291,0.2433,9.367,structures
22013,0.00857,76.19,21520,5834,50,7,0.1,0.5333,structures
22015,0.1516,6.374,37220,44670,6770,4142,0.4838,26.4,structures
22017,0.07764,10.63,28800,95090,7383,4088,0.4401,43.47,structures
22019,0.1878,22.35,45570,68840,12930,11640,0.4269,260.2,structures
22021,0.2427,13.06,23430,4145,1006,342,0.3171,4.467,structures
22023,0.8573,102.7,61050,3021,2590,910,0.329,93.5,structures
22025,0.1152,27.6,21640,4252,0,564,,15.57,policies_lower_bound
22027,0.009704,22.63,36360,6389,0,81,,1.833,policies_lower_bound
22029,0.01968,17.85,22670,7878,0,693,,12.37,policies_lower_bound
22031,0.03119,13.76,23370,9682,302,63,0.1358,0.8667,structures
22033,0.191,14.79,85320,149900,28630,35990,0.5705,532.1,structures
22035,0.01916,16.91,33930,2401,0,138,,2.333,policies_lower_bound
22037,0.03218,14.21,48700,7614,245,129,0.2327,1.833,structures
22039,0.155,15.04,32410,12000,1861,472,0.1811,7.1,structures
22041,0.06742,21.31,29210,8232,555,255,0.227,5.433,structures
22043,0.08476,43.64,22430,8034,681,152,0.1512,6.633,structures
22045,0.1697,24.8,38890,24370,4136,2827,0.3926,70.1,structures
22047,0.1853,9.253,43170,11420,2117,1160,0.214,10.73,structures
22049,0.007886,3.448,8269,7101,56,29,0.3214,0.1,structures
22051,0.3151,36.56,50680,116400,36690,75560,1.131,2763,structures
22053,0.1672,9.474,31270,12190,2039,862,0.28,8.167,structures
22055,0.1953,9.404,62080,84460,16500,16020,0.4691,150.7,structures
22057,0.1472,15.47,27330,34590,0,7963,,123.2,policies_lower_bound
22059,0.009837,65.7,22550,4981,0,69,,4.533,policies_lower_bound
22061,0.01062,8,17760,16480,175,100,0.2857,0.8,structures
22063,0.4939,27.04,74850,51510,25440,13710,0.3858,370.7,structures
22065,0.1518,16.53,24890,3525,535,242,0.2187,4,structures
22067,0.03608,36.34,40000,11470,414,155,0.1449,5.633,structures
22069,0.136,19.88,30110,16340,2223,540,0.1871,10.73,structures
22071,0.1424,50.82,91330,108400,15430,56110,1.152,2851,structures
22073,0.1086,24.67,42020,57150,6209,4265,0.4667,105.2,structures
22075,0.5453,42.09,78550,7449,4062,3808,0.5286,160.3,structures
22077,0.0593,23.87,26280,10930,0,1229,,29.33,policies_lower_bound
22079,0.03029,25.38,26840,52260,0,2688,,68.23,policies_lower_bound
22081,0.007805,6.452,62320,3331,0,31,,0.2,policies_lower_bound
22083,0.1415,23.41,35280,7858,1112,460,0.2761,10.77,structures
22085,0.005924,10.07,34270,12830,0,96,,0.9667,policies_lower_bound
22087,0.1306,72.92,123800,14710,1922,8351,1.137,608.9,structures
22089,0.4012,13.85,33750,17780,0,9907,,137.2,policies_lower_bound
22091,0.04986,18.72,67620,4954,247,73,0.166,1.367,structures
22093,0.07163,9.189,31240,9032,647,1023,0.306,9.4,structures
22095,0.235,51.91,86070,15940,3747,5448,0.7977,282.8,structures
22097,0.1929,10.41,33940,35130,6777,2223,0.2359,23.13,structures
22099,0.2389,15.55,26800,21850,5221,2157,0.248,33.53,structures
22101,0.2814,18.5,23920,20440,5751,2543,0.2631,47.03,structures
22103,0.185,27.44,68600,92440,0,37390,,1026,policies_lower_bound
22105,0.1899,18.2,53810,45240,8591,6827,0.3409,124.3,structures
22107,0.04167,10.05,36010,3240,0,262,,2.633,policies_lower_bound
22109,0.215,26.54,32350,33600,0,10800,,286.7,policies_lower_bound
22111,0.06691,38.15,31140,9520,637,256,0.3438,9.767,structures
22113,0.3612,32.81,47240,16400,5924,4149,0.4884,136.1,structures
22115,0.04029,35.75,36670,14890,600,248,0.2217,8.867,structures
22117,0.09264,28.92,37300,19660,1821,498,0.2103,14.4,structures
22119,0.01826,52.38,39680,18290,334,112,0.2425,5.867,structures
22121,0.05908,4.017,51440,10100,597,1228,0.4288,4.933,structures
22123,0.03398,18.88,37060,4562,155,83,0.1677,1.567,structures
22125,0.0051,39.02,37990,4314,0,88,,3.433,policies_lower_bound
22127,0.04287,48.33,31000,5691,244,40,0.09016,1.933,structures
23001,0.01014,9.35,11080,34900,354,164,0.3503,1.533,structures
23003,0.000407,45.65,22540,29480,12,92,4.333,4.2,structures
23005,0.005956,6.49,15450,100400,0,1320,,8.567,policies_lower_bound
23007,0.00543,17.95,36890,13440,0,91,,1.633,policies_lower_bound
23009,0.02274,5.282,28960,27260,620,284,0.1339,1.5,structures
23011,0.02819,9.237,29050,48520,1368,249,0.1308,2.3,structures
23013,0.02525,5.263,29960,19730,498,304,0.3032,1.6,structures
23015,0.01997,7.788,41860,19630,392,321,0.4031,2.5,structures
23017,0.04661,17.21,29880,25120,1171,275,0.1896,4.733,structures
23019,0.002369,13.92,10050,55290,0,194,,2.7,policies_lower_bound
23021,0.002414,7.143,16850,10360,0,42,,0.3,policies_lower_bound
23023,0.01668,6.576,25490,15460,258,147,0.2907,0.9667,structures
23025,0.00492,10.19,40350,24800,0,144,,1.467,policies_lower_bound
23027,0.01218,6.516,41330,16420,200,133,0.29,0.8667,structures
23029,0.02009,3.86,12620,14240,286,95,0.1399,0.3667,structures
23031,0.02364,17.31,25900,82950,0,2796,,48.4,policies_lower_bound
24001,0.0135,65.68,10600,28070,379,135,0.2427,8.867,structures
24003,0.008499,18.14,24740,176400,1499,4442,1.133,80.57,structures
24005,0.007529,25.63,31150,259500,0,3097,,79.37,policies_lower_bound
24009,0.01599,22.46,22100,35010,560,699,0.6321,15.7,structures
24011,0.02193,13.92,27210,14050,308,158,0.3766,2.2,structures
24013,0.004195,15.44,13220,59120,248,177,0.2581,2.733,structures
24015,0.024,29.33,24990,38660,928,533,0.4073,15.63,structures
24017,0.005946,18.53,22280,58530,348,547,0.454,10.13,structures
24019,0.152,26.1,23130,15620,2374,1382,0.4857,36.07,structures
24021,0.008818,11.58,12280,88570,781,501,0.1933,5.8,structures
24023,0.0146,29.63,14160,18840,275,72,0.1709,2.133,structures
24025,0.006313,15.73,18270,92510,584,534,0.4572,8.4,structures
24027,0.002484,10.17,25200,99020,246,816,0.9431,8.3,structures
24029,0.04948,20.51,31400,10210,505,460,0.6059,9.433,structures
24031,0.001183,9.857,10490,257800,305,2029,0.5115,20,structures
24033,0.003523,14.78,9708,256900,905,2249,1.021,33.23,structures
24035,0.03406,18.81,18380,21260,724,1675,1.055,31.5,structures
24037,0.02282,18.28,24110,41940,957,990,0.5517,18.1,structures
24039,0.4493,21.95,15640,10390,4667,1649,0.3381,36.2,structures
24041,0.03709,10.62,22510,18230,676,1771,0.9867,18.8,structures
24043,0.008852,24.17,13640,52530,465,280,0.4366,6.767,structures
24045,0.01925,12.09,25830,36410,701,488,0.3452,5.9,structures
24047,0.125,5.798,10130,32990,4123,7870,1.063,45.63,structures
24510,0.001281,21.78,21930,203000,0,678,,14.77,policies_lower_bound
25001,0.09813,4.502,23650,137800,13520,7485,0.403,33.7,structures
25003,0.00594,18.2,13500,44780,0,414,,7.533,policies_lower_bound
25005,0.02848,8.057,9983,133600,3805,2598,0.5561,20.93,structures
25007,0.05001,1.443,17340,13500,675,716,0.5319,1.033,structures
25009,0.03841,15.37,20760,196300,7538,5537,0.5808,85.1,structures
25011,0.001961,20.09,52620,21930,0,146,,2.933,policies_lower_bound
25013,0.009736,7.124,15580,116100,1130,496,0.2602,3.533,structures
25015,0.003915,11.11,13520,42140,0,339,,3.767,policies_lower_bound
25017,0.01033,18.97,9956,390600,4035,4000,0.5351,75.87,structures
25019,0.05602,11.16,45810,9533,534,714,0.5618,7.967,structures
25021,0.02241,17.7,13090,206600,4629,3015,0.4323,53.37,structures
25023,0.07191,17.35,18930,165700,11910,7128,0.5192,123.7,structures
25025,0.03791,14.1,8217,132100,5006,3270,0.5328,46.1,structures
25027,0.004829,12.86,17310,209100,1010,1081,0.6485,13.9,structures
26001,0.06028,7.843,6741,14570,878,34,0.02278,0.2667,structures
26003,0.001291,7.018,7208,7743,0,19,,0.1333,policies_lower_bound
26005,0.001216,9.04,30390,58390,0,118,,1.067,policies_lower_bound
26007,0.03885,7.092,7586,13820,537,47,0.04469,0.3333,structures
26009,0.0005391,4.545,2593,16690,0,22,,0.1,policies_lower_bound
26011,0.1021,21,36580,10380,1060,100,0.05849,2.1,structures
26013,0.0008809,0,,4541,0,7,,0,policies_lower_bound
26015,0.03835,29.83,19030,36690,1407,181,0.1066,5.4,structures
26017,0.0761,13.09,13550,41050,3124,377,0.08131,4.933,structures
26019,0.01476,14.29,23240,11040,163,21,0.1104,0.3,structures
26021,0.0156,12.61,28300,69410,1083,304,0.1514,3.833,structures
26023,0.04194,14.16,21830,18170,762,73,0.08136,1.033,structures
26025,0.01494,11.37,6103,52150,779,129,0.1322,1.467,structures
26027,0.009947,8.844,15840,23320,232,49,0.09914,0.4333,structures
26029,0.008416,5.833,21680,16400,138,40,0.1304,0.2333,structures
26031,0.0352,1.515,759.5,22560,794,66,0.06171,0.1,structures
26033,0.1312,1.826,122600,18110,2376,73,0.02399,0.1333,structures
26035,0.0158,5.208,12010,17280,273,32,0.09158,0.1667,structures
26037,0.01653,8.547,11200,29710,491,78,0.1039,0.6667,structures
26039,0.04821,0,,10020,483,23,0.03106,0,structures
26041,0.001747,10.32,20570,17740,0,42,,0.4333,policies_lower_bound
26043,0.01801,6.944,3179,12940,233,24,0.09013,0.1667,structures
26045,0.0171,10.42,9261,39940,683,192,0.2064,2,structures
26047,0.002044,1.639,13550,18600,0,61,,0.1,policies_lower_bound
26049,0.006781,23.33,10390,156000,1058,330,0.2032,7.7,structures
26051,0.009209,27.03,46580,18570,171,37,0.1287,1,structures
26053,0.000507,25,7669,9862,0,12,,0.3,policies_lower_bound
26055,0.008735,8.466,13280,43160,377,126,0.2255,1.067,structures
26057,0.01631,9.804,5382,13790,225,51,0.2089,0.5,structures
26059,0.007045,17.46,17690,29380,207,21,0.08696,0.3667,structures
26061,0.00006129,22.22,23420,16320,0,9,,0.2,policies_lower_bound
26063,0.08857,3.945,14630,18270,1618,169,0.08405,0.6667,structures
26065,0.0185,8.333,9322,85960,1590,608,0.2987,5.067,structures
26067,0.01969,12.26,12300,28800,567,87,0.134,1.067,structures
26069,0.06089,7.104,28240,17570,1070,183,0.1234,1.3,structures
26071,0.00011,33.33,,9087,0,1,,0.03333,policies_lower_bound
26073,0.02328,9.697,22190,21780,507,110,0.1677,1.067,structures
26075,0.02679,5.593,15240,63490,1701,149,0.0729,0.8333,structures
26077,0.006788,30.04,14650,85880,583,172,0.1681,5.167,structures
26079,0.0003404,0,,11750,0,5,,0,policies_lower_bound
26081,0.001824,26.25,15580,206200,0,555,,14.57,policies_lower_bound
26083,0,,,2238,0,0,,0,structures
26085,0.00007809,66.67,42400,12800,0,13,,0.8667,policies_lower_bound
26087,0.008886,13.48,14970,42760,380,47,0.08421,0.6333,structures
26089,0.0165,2.655,26020,15580,257,113,0.3152,0.3,structures
26091,0.005707,18.64,11460,42930,245,59,0.1796,1.1,structures
26093,0.01482,15.5,13790,78090,1157,228,0.1487,3.533,structures
26095,0,,5511,5281,0,0,,0.03333,structures
26097,0.00253,3.509,6641,9485,0,38,,0.1333,policies_lower_bound
26099,0.01162,12.4,20330,296700,3449,1360,0.2981,16.87,structures
26101,0.001419,14.41,20730,14090,0,37,,0.5333,policies_lower_bound
26103,0.006392,13.16,20770,26120,167,38,0.1078,0.5,structures
26105,0.01646,4.965,30920,14950,246,47,0.09756,0.2333,structures
26107,0.01071,24.53,33820,18390,197,53,0.1929,1.3,structures
26109,0.08878,12.78,14370,12110,1075,60,0.03628,0.7667,structures
26111,0.01568,49.71,58310,34180,536,289,0.2892,14.37,structures
26113,0,,,8611,0,0,,0,structures
26115,0.06412,19.63,15820,58700,3764,822,0.1931,16.13,structures
26117,0.0002986,11.11,7097,26790,0,12,,0.1333,policies_lower_bound
26119,0,,,12030,0,0,,0,structures
26121,0.01191,25.21,15380,64840,772,78,0.05052,1.967,structures
26123,0.01276,33.7,33130,23830,304,91,0.2171,3.067,structures
26125,0.004217,10.46,20870,429000,1809,1096,0.209,11.47,structures
26127,0.0142,7.407,11320,15840,225,45,0.1556,0.3333,structures
26129,0,,,14350,0,0,,0,structures
26131,0.001172,2.778,,5118,0,12,,0.03333,policies_lower_bound
26133,0.00287,37.61,30270,9757,0,39,,1.467,policies_lower_bound
26135,0,,,9839,0,0,,0,structures
26137,0,,,13400,0,0,,0,structures
26139,0.01064,22.64,14310,104700,1114,318,0.1499,7.2,structures
26141,0,,,13180,0,0,,0.03333,structures
26143,0.005043,4.762,16140,22800,115,7,0.008696,0.03333,structures
26145,0.01022,17.12,24790,73560,0,841,,14.4,policies_lower_bound
26147,0.1053,10.71,11630,62460,6574,1248,0.1755,13.37,structures
26149,0.0137,21.43,23330,26570,364,84,0.1648,1.8,structures
26151,0.007646,1.149,2576,19750,151,29,0.1258,0.03333,structures
26153,0,33.33,5010,5499,0,2,,0.06667,structures
26155,0.03869,4.186,3548,18760,726,215,0.281,0.9,structures
26157,0.03185,12.71,12880,25150,801,97,0.1124,1.233,structures
26159,0.02035,8.333,12450,33660,685,68,0.06277,0.5667,structures
26161,0.007166,8.574,15200,111500,799,416,0.2453,3.567,structures
26163,0.01956,17.75,8963,650800,12730,3357,0.2153,59.6,structures
26165,0.001203,5.833,4020,15800,0,40,,0.2333,policies_lower_bound
27001,0.003993,26.4,12000,18530,0,101,,2.667,policies_lower_bound
27003,0.01525,9.42,5240,124000,1891,230,0.07351,2.167,structures
27005,0.00003971,593.3,15980,25180,0,5,,2.967,policies_lower_bound
27007,0,33.33,5604,25370,0,3,,0.1,structures
27009,0.02997,18.42,5584,15910,477,76,0.1468,1.4,structures
27011,0.05709,98.89,11010,3013,172,30,0.157,2.967,structures
27013,0.0004142,44.67,17950,24140,0,50,,2.233,policies_lower_bound
27015,0.009177,26.44,5743,15800,145,29,0.09655,0.7667,structures
27017,0.0004173,14.94,46730,14380,0,29,,0.4333,policies_lower_bound
27019,0.003201,9.848,7936,38740,124,88,0.2097,0.8667,structures
27021,0,45.83,8175,24430,0,8,,0.3667,structures
27023,0.0005186,711.1,14770,5785,0,6,,4.267,policies_lower_bound
27025,0.009913,10.81,39550,26230,260,37,0.09615,0.4,structures
27027,0.03302,199.6,12820,24110,796,177,0.1043,35.33,structures
27029,0,,23450,4142,0,0,,0.5,structures
27031,0,13.89,20430,5340,0,12,,0.1667,structures
27033,0.007938,22.6,11910,7181,0,59,,1.333,policies_lower_bound
27035,0.01603,4.924,10250,41220,661,88,0.1014,0.4333,structures
27037,0.003344,19.25,9071,145900,488,161,0.06557,3.1,structures
27039,0.002052,25.56,22260,9746,0,30,,0.7667,policies_lower_bound
27041,0.004445,39.39,24260,23400,104,11,0.06731,0.4333,structures
27043,0.0008734,40.74,8410,8015,0,9,,0.3667,policies_lower_bound
27045,0.0217,31.6,10770,15720,341,77,0.1613,2.433,structures
27047,0.003529,35.9,12980,17000,60,13,0.08333,0.4667,structures
27049,0.01699,64.1,16440,18070,307,78,0.1726,5,structures
27051,0.0002597,100,31210,3850,0,1,,0.1,policies_lower_bound
27053,0.00518,12.21,11500,384600,1992,882,0.1486,10.77,structures
27055,0.02496,47.37,19720,11100,277,38,0.08664,1.8,structures
27057,0,311.1,19450,17690,0,3,,0.9333,structures
27059,0.04541,11.64,11080,19140,869,63,0.05178,0.7333,structures
27061,0.0001988,15.69,23180,30180,0,17,,0.2667,policies_lower_bound
27063,0.002499,19.7,19970,8402,0,22,,0.4333,policies_lower_bound
27065,0.0006182,59.26,13700,9705,0,9,,0.5333,policies_lower_bound
27067,0.004386,10.42,4288,21890,96,16,0.1042,0.1667,structures
27069,0.1006,160.8,13510,2345,236,17,0.05932,2.733,structures
27071,0.002292,20.29,31450,8291,0,23,,0.4667,policies_lower_bound
27073,0.01061,266.7,7375,3110,33,4,0.09091,1.067,structures
27075,0,20.83,8728,8079,0,8,,0.1667,structures
27077,0.005249,6.944,32150,3810,0,24,,0.1667,policies_lower_bound
27079,0.005551,23.48,41780,12250,0,88,,2.067,policies_lower_bound
27081,0,50,7496,6417,0,2,,0.1,structures
27083,0.0114,25.29,4456,9473,108,29,0.1111,0.7333,structures
27085,0.007419,16.67,8598,14560,108,34,0.1759,0.5667,structures
27087,0.003705,166.7,18700,2159,8,2,0,0.3333,structures
27089,0.05331,1023,6235,4708,251,23,0.07968,23.53,structures
27091,0,,,11700,0,0,,0,structures
27093,0.03002,5.128,18310,9895,297,26,0.07744,0.1333,structures
27095,0.03621,8.772,8106,14470,524,57,0.07824,0.5,structures
27097,0.001345,30.61,16970,22310,0,49,,1.5,policies_lower_bound
27099,0.01231,105.8,21800,20560,253,75,0.166,7.933,structures
27101,0.002573,21.74,16570,8161,0,23,,0.5,policies_lower_bound
27103,0.0002821,44.44,17230,14180,0,33,,1.467,policies_lower_bound
27105,0.008643,107.4,4274,8099,70,18,0.2429,1.933,structures
27107,0.0731,121.5,12690,3160,231,45,0.1429,5.467,structures
27109,0.004356,12.34,16930,51880,226,154,0.1637,1.9,structures
27111,0,466.7,19550,45210,0,7,,3.267,structures
27113,0.0004802,100,2494,8329,0,7,,0.7,policies_lower_bound
27115,0.03599,18.24,32910,21870,787,106,0.1118,1.933,structures
27117,0.001097,66.67,6217,4556,0,6,,0.4,policies_lower_bound
27119,0.002601,371.2,30650,19220,0,102,,37.87,policies_lower_bound
27121,0.0006497,25.93,7620,9235,0,9,,0.2333,policies_lower_bound
27123,0.004592,13.78,8529,154000,707,179,0.05658,2.467,structures
27125,0.002452,,5486,1631,4,0,0,0.03333,structures
27127,0.003697,25,47820,6491,24,4,0.08333,0.1,structures
27129,0.0004522,66.67,13940,13270,6,3,0,0.2,structures
27131,0.01138,19.81,19370,26900,306,69,0.1209,1.367,structures
27133,0.001985,33.33,11220,4030,0,14,,0.4667,policies_lower_bound
27135,0.05789,185.6,10450,9863,571,44,0.0648,8.167,structures
27137,0.001783,12.18,18950,102600,0,290,,3.533,policies_lower_bound
27139,0.006716,16.81,12020,51070,343,117,0.1924,1.967,structures
27141,0.007995,15.26,13430,31020,248,107,0.3145,1.633,structures
27143,0,66.67,8962,13120,0,5,,0.3333,structures
27145,0.01157,17.43,6164,67750,784,153,0.1492,2.667,structures
27147,0.00946,30.81,16720,17760,168,66,0.2798,2.033,structures
27149,0.0005362,6.667,7426,3730,0,5,,0.03333,policies_lower_bound
27151,0.01359,61.11,20570,6917,94,6,0.03191,0.3667,structures
27153,0.03432,7.071,7751,12380,425,33,0.07529,0.2333,structures
27155,0.007661,150,9018,2219,0,22,,3.3,policies_lower_bound
27157,0.001939,55.73,30560,13930,0,64,,3.567,policies_lower_bound
27159,0.001608,15.38,5411,6220,0,13,,0.2,policies_lower_bound
27161,0.0001041,23.33,18530,9602,0,10,,0.2333,policies_lower_bound
27163,0.00643,46.83,14140,90210,580,247,0.2241,11.57,structures
27165,0.0002735,33.33,79880,7313,0,3,,0.1,policies_lower_bound
27167,0.06928,409.5,16050,3695,256,35,0.05859,14.33,structures
27169,0.003072,20.94,37730,21160,0,113,,2.367,policies_lower_bound
27171,0.001624,19.62,5920,54810,0,124,,2.433,policies_lower_bound
27173,0.0008148,333.3,10840,4909,0,11,,3.667,policies_lower_bound
28001,0.009114,32.32,37220,11630,106,33,0.1226,1.067,structures
28003,0.01283,18.08,22930,15200,195,59,0.08718,1.067,structures
28005,0.04106,25,12980,10810,444,4,0.004505,0.1,structures
28007,0.01734,26.67,15020,8016,139,20,0.1367,0.5333,structures
28009,0.01254,0,,4627,58,6,0.08621,0,structures
28011,0.1213,46.96,39930,15660,1899,384,0.1469,18.03,structures
28013,0.06038,22.22,34200,5979,361,33,0.08033,0.7333,structures
28015,0.01158,16.67,28110,4837,56,16,0.1964,0.2667,structures
28017,0.01305,7.407,5002,7434,97,9,0.06186,0.06667,structures
28019,0.02465,18.18,9558,3042,75,11,0.1067,0.2,structures
28021,0.04002,214.8,17800,3798,152,18,0.1053,3.867,structures
28023,0.06521,26.94,26210,6686,436,73,0.1422,1.967,structures
28025,0.06659,18.93,13570,7494,499,118,0.2265,2.233,structures
28027,0.02338,45.79,39170,8555,200,107,0.345,4.9,structures
28029,0.03556,12.5,14370,13100,466,40,0.06438,0.5,structures
28031,0.07953,12.35,26820,7645,608,54,0.07566,0.6667,structures
28033,0.01387,12.49,33740,59210,821,467,0.3423,5.833,structures
28035,0.07944,33.83,18310,25940,2061,469,0.1713,15.87,structures
28037,0.0374,22.22,30000,4385,164,6,0.03049,0.1333,structures
28039,0.06274,16.23,12740,10010,628,76,0.1035,1.233,structures
28041,0.1291,28.12,29250,7767,1003,32,0.03091,0.9,structures
28043,0.09589,16.13,11540,9229,885,155,0.165,2.5,structures
28045,0.3833,42.86,90270,20310,7785,6730,0.6378,288.4,structures
28047,0.1424,37.9,105600,73380,10450,10600,0.6249,401.8,structures
28049,0.09484,20.99,25890,81700,7748,2255,0.2468,47.33,structures
28051,0.05958,58.97,16160,6697,399,26,0.04762,1.533,structures
28053,0.1185,40.07,24060,3215,381,99,0.1549,3.967,structures
28055,0.6283,26.1,28990,791,497,83,0.1449,2.167,structures
28057,0.01404,6.25,25820,8478,119,16,0.05042,0.1,structures
28059,0.2505,31.01,80830,55750,13970,10400,0.5527,322.4,structures
28061,0.01096,11.11,13930,7753,85,21,0.1882,0.2333,structures
28063,0.01144,250,21520,3060,35,4,0,1,structures
28065,0.01558,6.667,1807,5392,84,5,0.03571,0.03333,structures
28067,0.05295,21.39,20280,24630,1304,187,0.09509,4,structures
28069,0.01371,0,,3647,50,2,0.04,0,structures
28071,0.02459,4.792,29800,21760,535,160,0.1327,0.7667,structures
28073,0.0145,44.75,18110,21450,311,251,0.4823,11.23,structures
28075,0.04773,10.83,18690,31450,1501,354,0.1865,3.833,structures
28077,0.05848,13.33,48640,5746,336,40,0.08929,0.5333,structures
28079,0.01525,12.12,86920,5771,88,22,0.1705,0.2667,structures
28081,0.03686,17.15,30420,30460,1123,241,0.1612,4.133,structures
28083,0.1604,8.838,25430,10320,1656,528,0.157,4.667,structures
28085,0.01262,12.38,6942,14580,184,35,0.163,0.4333,structures
28087,0.126,11.73,13840,23370,2945,594,0.1745,6.967,structures
28089,0.03781,15.44,22740,33830,1279,650,0.276,10.03,structures
28091,0.06991,41.84,18060,10780,754,141,0.1393,5.9,structures
28093,0.01268,9.091,33380,19800,251,22,0.05578,0.2,structures
28095,0.05647,8.593,18560,10820,611,225,0.3322,1.933,structures
28097,0.02688,0,,4613,124,10,0.08065,0,structures
28099,0.01597,5.556,13760,12710,203,36,0.1281,0.2,structures
28101,0.02301,12.82,11060,9126,210,13,0.0381,0.1667,structures
28103,0.0262,33.33,16410,4236,111,10,0.08108,0.3333,structures
28105,0.05409,2.882,49040,15700,849,266,0.2379,0.7667,structures
28107,0.0394,10.32,16150,13020,513,84,0.1384,0.8667,structures
28109,0.07906,28.56,32210,24360,1926,642,0.1771,18.33,structures
28111,0.1163,58.33,29580,5582,649,36,0.04931,2.1,structures
28113,0.0205,21.79,18850,22430,460,78,0.1152,1.7,structures
28115,0.01006,8.333,16050,14020,141,12,0.04255,0.1,structures
28117,0.01444,7.407,23010,14620,211,9,0.01422,0.06667,structures
28119,0.4537,34.01,17320,3112,1412,98,0.05241,3.333,structures
28121,0.04487,12.95,36360,52110,2338,1202,0.3323,15.57,structures
28123,0.0222,9.524,35490,10670,237,49,0.1519,0.4667,structures
28125,0.4313,22.02,31560,1804,778,109,0.1067,2.4,structures
28127,0.05065,23.53,17990,12020,609,68,0.08867,1.6,structures
28129,0.01522,18.52,6870,7358,112,9,0.0625,0.1667,structures
28131,0.01149,32.05,23120,7222,83,26,0.1687,0.8333,structures
28133,0.06153,19.83,19230,8533,525,116,0.141,2.3,structures
28135,0.1853,19.3,18410,4959,919,57,0.04897,1.1,structures
28137,0.01453,17.54,54570,10670,155,38,0.1613,0.6667,structures
28139,0.00741,13.33,3389,9177,68,5,0.02941,0.06667,structures
28141,0.02145,27.08,17560,9371,201,16,0.04975,0.4333,structures
28143,0.1252,65.26,25710,2972,372,71,0.1667,4.633,structures
28145,0.01269,28.89,22470,11820,150,15,0.06667,0.4333,structures
28147,0.04143,50,23360,6734,279,42,0.1183,2.1,structures
28149,0.08938,70.2,28840,19260,1722,321,0.1731,22.53,structures
28151,0.2431,31.12,28800,19160,4658,1236,0.2102,38.47,structures
28153,0.0591,19.23,42300,7766,459,26,0.03704,0.5,structures
28155,0.005371,0,,4282,23,3,0.08696,0,structures
28157,0.07725,255.6,28770,5476,423,57,0.1111,14.57,structures
28159,0.01547,23.81,39460,7496,116,21,0.08621,0.5,structures
28161,0.01975,9.091,29140,6077,120,11,0.075,0.1,structures
28163,0.1373,29.4,36290,9415,1293,271,0.1802,7.967,structures
29001,0.0002878,73.33,49920,10420,0,5,,0.3667,policies_lower_bound
29003,0.03857,155.2,31910,9101,351,29,0.07692,4.5,structures
29005,0.001627,257.1,62110,3688,0,7,,1.8,policies_lower_bound
29007,0.01287,12.5,7523,12200,157,32,0.1911,0.4,structures
29009,0.04046,16.67,18090,19060,771,6,0.007782,0.1,structures
29011,0.02679,10,17260,5934,159,20,0.1006,0.2,structures
29013,0.01027,62.96,31140,9448,97,9,0.05155,0.5667,structures
29015,0.01443,11.11,3226,14000,202,15,0.0495,0.1667,structures
29017,0.00144,178.6,20400,6944,0,14,,2.5,policies_lower_bound
29019,0.01168,13.18,14180,62520,730,129,0.08904,1.7,structures
29021,0.004713,46.2,52340,32460,0,215,,9.933,policies_lower_bound
29023,0.1893,47.89,22030,19260,3645,261,0.06722,12.5,structures
29025,0.003748,33.33,271,5870,22,1,0.04545,0.03333,structures
29027,0.02637,41.67,6669,24420,644,28,0.03416,1.167,structures
29029,0.03367,9.97,28480,36950,1244,224,0.1359,2.233,structures
29031,0.0183,102.5,14080,29300,536,54,0.06903,5.533,structures
29033,0.0541,126.7,21580,5786,313,15,0.04473,1.9,structures
29035,0.008502,77.48,54400,3058,0,37,,2.867,policies_lower_bound
29037,0.005332,58.82,23530,39580,211,102,0.2844,6,structures
29039,0.005208,0,,8065,42,2,0.04762,0,structures
29041,0.05886,50,20330,6031,355,22,0.05352,1.1,structures
29043,0.007477,25.71,26800,32500,243,70,0.1934,1.8,structures
29045,0.03853,23.81,13440,4775,184,28,0.05435,0.6667,structures
29047,0.006758,36.05,14380,82860,560,258,0.2661,9.3,structures
29049,0.005268,13.33,11360,12910,68,15,0.1765,0.2,structures
29051,0.01439,56.22,18440,28700,413,83,0.1622,4.667,structures
29053,0.01597,13.33,40460,9015,144,5,0.03472,0.06667,structures
29055,0.02105,44.44,29830,12160,256,21,0.07031,0.9333,structures
29057,0.003328,,,6010,20,0,0,0,structures
29059,0.005619,16.67,13970,9077,51,6,0.03922,0.1,structures
29061,0.01236,,12920,6066,75,0,0,0.1333,structures
29063,0.0214,133.3,44400,4860,104,1,0.009615,0.1333,structures
29065,0.01154,7.407,,7539,87,9,0.06897,0.06667,structures
29067,0.0001363,0,,7335,0,1,,0,policies_lower_bound
29069,0.01739,5.487,15080,13000,0,243,,1.333,policies_lower_bound
29071,0.0177,118.8,32370,45430,804,156,0.1393,18.53,structures
29073,0.04181,129.6,28590,8873,371,36,0.08086,4.667,structures
29075,0.0106,,17780,4716,50,0,0,0.06667,structures
29077,0.00643,24.58,15580,103100,663,179,0.1161,4.4,structures
29079,0.005693,16.67,745.1,5445,31,2,0.03226,0.03333,structures
29081,0.0001739,66.67,35380,5752,0,2,,0.1333,policies_lower_bound
29083,0.01013,0,,11750,119,17,0.09244,0,structures
29085,0,,,7047,0,0,,0,structures
29087,0.05172,165.5,38770,3809,0,199,,32.93,policies_lower_bound
29089,0.02358,51.85,37840,5428,128,9,0.05469,0.4667,structures
29091,0.01635,59.72,18600,14990,245,24,0.07755,1.433,structures
29093,0.1428,40.54,10650,7611,1087,37,0.02944,1.5,structures
29095,0.004346,29.22,15210,245700,1068,527,0.3109,15.4,structures
29097,0.01561,28.1,25570,49710,776,121,0.1198,3.4,structures
29099,0.02744,72.93,26860,87270,2395,591,0.1946,43.1,structures
29101,0.01144,18.63,13320,20810,238,68,0.2143,1.267,structures
29103,0.03518,,,4804,169,0,0,0,structures
29105,0.008239,40.74,34380,15780,130,18,0.06923,0.7333,structures
29107,0.005064,60,23250,15990,81,5,0.02469,0.3,structures
29109,0.01516,13.21,22860,17810,270,53,0.1667,0.7,structures
29111,0.01776,97.53,15710,5519,98,27,0.05102,2.633,structures
29113,0.04734,201.8,20620,27650,1309,167,0.1146,33.7,structures
29115,0.01041,111.1,9993,7587,79,6,0.01266,0.6667,structures
29117,0.007141,300,13400,7422,53,2,0,0.6,structures
29119,0.05358,101.3,42990,12450,667,53,0.05847,5.367,structures
29121,0.01491,16.67,8285,9993,149,4,0.02013,0.06667,structures
29123,0.06555,158.7,18850,6880,451,25,0.05543,3.967,structures
29125,0.001561,219.4,35350,5764,0,12,,2.633,policies_lower_bound
29127,0.03759,80,21080,12740,479,50,0.07307,4,structures
29129,0.0135,,,3112,42,0,0,0,structures
29131,0.01893,20.83,20320,14210,269,16,0.03717,0.3333,structures
29133,0.03037,13.67,37620,6157,0,217,,2.967,policies_lower_bound
29135,0.01333,14.29,17030,6976,93,7,0.07527,0.1,structures
29137,0.02276,66.67,34030,6064,138,3,0.01449,0.2,structures
29139,0.01717,60,10620,7164,123,5,0.02439,0.3,structures
29141,0.03173,6.944,17990,17960,570,72,0.1,0.5,structures
29143,0.03359,16.23,23340,7591,0,306,,4.967,policies_lower_bound
29145,0.0347,41.49,33400,23400,812,143,0.1367,5.933,structures
29147,0.01782,14.29,34930,14650,261,7,0.01533,0.1,structures
29149,0.02537,16.67,43250,7803,198,6,0.0303,0.1,structures
29151,0.04708,81.37,31860,8326,392,34,0.07653,2.767,structures
29153,0.03223,33.33,51790,5429,175,2,0.01143,0.06667,structures
29155,0.04313,5.952,7472,6538,0,308,,1.833,policies_lower_bound
29157,0.02018,15.69,18150,9413,190,17,0.07368,0.2667,structures
29159,0.001182,26.13,16900,21160,0,37,,0.9667,policies_lower_bound
29161,0.02059,100.9,50160,17140,353,76,0.1388,7.667,structures
29163,0.0398,337.9,11610,9145,364,58,0.1538,19.6,structures
29165,0.005631,34.86,37830,33740,190,109,0.2684,3.8,structures
29167,0.007924,77.78,30050,15270,121,3,0.008264,0.2333,structures
29169,0.01621,86.36,41450,16040,260,66,0.1423,5.7,structures
29171,0.0121,33.33,3122,2892,35,1,0,0.03333,structures
29173,0.0136,82.22,23740,6101,83,15,0.09639,1.233,structures
29175,0.007834,12.5,1988,11490,90,8,0.06667,0.1,structures
29177,0.04318,19.63,11190,10580,457,73,0.1247,1.433,structures
29179,0.002978,116.7,15570,4701,0,16,,1.867,policies_lower_bound
29181,0.06108,63.98,63640,7269,444,87,0.1532,5.567,structures
29183,0.01579,67.94,27860,139200,2198,1076,0.3471,73.1,structures
29185,0,,,6076,0,0,,0,structures
29186,0.0202,22.48,18120,9652,195,43,0.1231,0.9667,structures
29187,0.01148,43.79,30210,26220,301,51,0.1096,2.233,structures
29189,0.009613,42.42,31750,361000,3470,2070,0.3395,87.8,structures
29195,0.01417,14.81,40070,7059,100,9,0.07,0.1333,structures
29197,0,,,2527,0,0,,0,structures
29199,0.003526,,,3403,12,0,0,0,structures
29201,0.1576,13.73,14130,16170,2549,665,0.255,9.133,structures
29203,0.0008951,50,8641,4469,0,4,,0.2,policies_lower_bound
29205,0.006803,66.67,40290,4116,28,1,0.03571,0.06667,structures
29207,0.009736,19.81,14200,13760,0,138,,2.733,policies_lower_bound
29209,0.01357,37.33,37410,20260,275,50,0.1091,1.867,structures
29211,0,,,2819,0,0,,0,structures
29213,0.03049,77.78,57400,24860,758,141,0.153,10.97,structures
29215,0.002018,7.143,1739,5451,0,14,,0.1,policies_lower_bound
29217,0.01012,4.762,13930,10380,105,7,0.0381,0.03333,structures
29219,0.0124,3.968,11180,18150,225,42,0.12,0.1667,structures
29221,0.02111,16.67,14920,11280,238,10,0.03782,0.1667,structures
29223,0.1127,44.44,21140,5916,667,57,0.07196,2.533,structures
29225,0.004635,44.44,33970,16830,78,9,0.01282,0.4,structures
29227,0.01789,,,1174,21,0,0,0,structures
29229,0.007395,55.56,7504,8925,66,3,0.0303,0.1667,structures
29510,0.0005519,21.98,32720,97840,0,135,,2.967,policies_lower_bound
30001,0.003431,2.02,764.8,6413,0,33,,0.06667,policies_lower_bound
30003,0.0006104,22.22,13970,4915,0,6,,0.1333,policies_lower_bound
30005,0.1198,35.9,3293,3857,462,13,0.02165,0.4667,structures
30007,0.02007,11.11,6500,4035,81,6,0.02469,0.06667,structures
30009,0.07769,25.64,54020,7890,613,65,0.06362,1.667,structures
30011,0,,,1883,0,0,,0,structures
30013,0.04094,16.12,8446,35880,1469,246,0.1219,3.967,structures
30015,0,0,,5962,0,4,,0,structures
30017,0.5134,3.542,3343,5878,3018,687,0.222,2.433,structures
30019,0,,,2115,0,0,,0,structures
30021,0.0003717,41.67,35460,5381,0,4,,0.1667,policies_lower_bound
30023,0.002286,5.556,2761,5249,0,18,,0.1,policies_lower_bound
30025,0.0008783,0,,2277,0,2,,0,policies_lower_bound
30027,0.01438,21.88,18110,8762,126,32,0.127,0.7,structures
30029,0.03595,9.767,9803,47290,1700,372,0.1341,3.633,structures
30031,0.02303,4.541,9970,42330,975,323,0.1969,1.467,structures
30033,0.003584,9.524,,1953,0,7,,0.06667,policies_lower_bound
30035,0.000205,33.33,11450,4878,0,1,,0.03333,policies_lower_bound
30037,0.001093,0,,915,0,1,,0,policies_lower_bound
30039,0.06433,13.33,8361,3078,198,15,0.05556,0.2,structures
30041,0.0004709,37.04,5793,8495,0,9,,0.3333,policies_lower_bound
30043,0.002081,7.576,1741,6728,0,22,,0.1667,policies_lower_bound
30045,0,,,3000,0,0,,0,structures
30047,0.01146,13.33,2028,15710,180,30,0.07222,0.4,structures
30049,0.02999,13.07,5981,29910,897,176,0.1371,2.3,structures
30051,0.002454,33.33,2358,1630,0,4,,0.1333,policies_lower_bound
30053,0.002624,22.22,10920,11430,0,51,,1.133,policies_lower_bound
30055,0,,,2119,0,0,,0,structures
30057,0.001952,2.899,9750,8198,0,46,,0.1333,policies_lower_bound
30059,0.0004876,12.12,25250,2051,0,11,,0.1333,policies_lower_bound
30061,0.004884,8.333,3470,2662,0,16,,0.1333,policies_lower_bound
30063,0.02103,22.95,8203,44880,944,215,0.1419,4.933,structures
30065,0.06144,73.33,30140,3174,195,15,0.06667,1.1,structures
30067,0.04604,44.21,28470,11290,520,95,0.1077,4.2,structures
30069,0.003145,0,,636,2,1,0.5,0,structures
30071,0.002808,25,16070,3561,0,12,,0.3,policies_lower_bound
30073,0,,,4006,0,0,,0,structures
30075,0.0009443,16.67,1783,2118,0,2,,0.03333,policies_lower_bound
30077,0.003683,10.53,20970,4344,0,19,,0.2,policies_lower_bound
30079,0,,,1321,0,0,,0,structures
30081,0.01624,12.82,4258,21920,356,91,0.1433,1.167,structures
30083,0.02906,16.67,23210,6400,186,12,0.04839,0.2,structures
30085,0.00147,42.86,13020,4762,0,7,,0.3,policies_lower_bound
30087,0.0004509,58.33,3011,4436,2,4,0.5,0.2333,structures
30089,0.04111,11.54,44610,7321,301,26,0.05316,0.3,structures
30091,0,,,3259,0,0,,0,structures
30093,0.009545,12.35,1649,15920,152,27,0.1118,0.3333,structures
30095,0.05525,27.16,45170,6027,333,54,0.1051,1.467,structures
30097,0.05076,9.524,163000,3093,157,14,0.03822,0.1333,structures
30099,0.002179,5.556,10010,5049,0,18,,0.1,policies_lower_bound
30101,0,,,3448,0,0,,0,structures
30103,0,,,614,0,0,,0,structures
30105,0.002349,188.2,13160,5960,0,17,,3.2,policies_lower_bound
30107,0.001554,66.67,3979,1930,0,4,,0.2667,policies_lower_bound
30109,0.003976,8.333,72250,1006,0,4,,0.03333,policies_lower_bound
30111,0.01364,24.75,13940,64240,876,233,0.1678,5.767,structures
31001,0.02678,5.634,43840,13030,349,71,0.1805,0.4,structures
31003,0.001743,23.81,42950,5737,0,14,,0.3333,policies_lower_bound
31005,0,,,489,0,0,,0,structures
31007,0,,,795,0,0,,0,structures
31009,0.001653,0,,605,0,1,,0,policies_lower_bound
31011,0.002397,30.77,6281,5006,0,13,,0.4,policies_lower_bound
31013,0.0003517,13.33,,5687,0,5,,0.06667,policies_lower_bound
31015,0.1014,44.44,33000,2387,242,9,0.03719,0.4,structures
31017,0,,,2452,0,0,,0,structures
31019,0.03729,9.804,31710,19120,713,119,0.1318,1.167,structures
31021,0.01559,87.88,45000,5324,83,22,0.1807,1.933,structures
31023,0.05573,10.61,35100,6316,352,22,0.05682,0.2333,structures
31025,0.0677,20.26,28370,13260,898,403,0.2929,8.167,structures
31027,0.003361,4.938,7909,7438,0,27,,0.1333,policies_lower_bound
31029,0.001896,0,,2637,5,1,0,0,structures
31031,0,,,4894,0,0,,0,structures
31033,0.001248,58.33,5745,5607,0,8,,0.4667,policies_lower_bound
31035,0.02351,4.167,1561,4636,109,8,0.04587,0.03333,structures
31037,0.1889,15.24,11150,6221,1175,245,0.2051,3.733,structures
31039,0.001931,35,22820,7769,0,20,,0.7,policies_lower_bound
31041,0.0036,8.547,16690,8888,0,39,,0.3333,policies_lower_bound
31043,0.02288,104,24100,7211,165,25,0.09091,2.6,structures
31045,0.03131,0,,4919,154,12,0.07143,0,structures
31047,0.03573,22.42,8235,11030,394,110,0.231,2.467,structures
31049,0.004689,8.333,12040,1493,0,8,,0.06667,policies_lower_bound
31051,0.002714,2.083,29880,4422,0,16,,0.03333,policies_lower_bound
31053,0.2095,23.35,23710,17210,3605,708,0.1828,16.53,structures
31055,0.02107,17.9,26400,179100,3772,875,0.1747,15.67,structures
31057,0.06979,,,2049,143,0,0,0,structures
31059,0.02892,0,,4392,127,5,0.02362,0,structures
31061,0.03087,0,,2559,79,3,0.03797,0,structures
31063,0.01281,,,2499,32,0,0,0,structures
31065,0.02118,22.22,4118,3352,71,3,0.02817,0.06667,structures
31067,0.03731,10.12,32990,12920,482,56,0.1058,0.5667,structures
31069,0.1231,2.564,4926,1884,232,13,0.05603,0.03333,structures
31071,0.02699,,,1556,42,0,0,0,structures
31073,0.02593,0,,1851,48,3,0.0625,0,structures
31075,0,,,581,0,0,,0,structures
31077,0.01457,,,2196,32,0,0,0,structures
31079,0.05328,50.33,16590,22470,1197,51,0.03008,2.567,structures
31081,0.0434,3.333,247.8,6268,272,20,0.05515,0.06667,structures
31083,0.009709,0,,2987,29,2,0,0,structures
31085,0.01369,0,,1169,16,2,0.0625,0,structures
31087,0.02369,,,2448,58,0,0,0,structures
31089,0.001208,25,2449,4966,0,8,,0.2,policies_lower_bound
31091,0,,,488,0,0,,0,structures
31093,0.1064,12.38,22130,4428,471,35,0.07219,0.4333,structures
31095,0.01567,33.33,1066,5678,89,3,0.03371,0.1,structures
31097,0.0498,4.167,,3534,176,16,0.07386,0.06667,structures
31099,0.07505,3.922,6349,4264,320,34,0.1031,0.1333,structures
31101,0.02883,9.804,27080,5932,171,17,0.07602,0.1667,structures
31103,0,,,1001,0,0,,0,structures
31105,0,0,,2649,0,2,,0,structures
31107,0.06797,11.28,47060,8886,604,65,0.07616,0.7333,structures
31109,0.02652,9.031,7609,97300,2580,753,0.2477,6.8,structures
31111,0.05628,11.48,10770,17130,964,122,0.09544,1.4,structures
31113,0,,,643,0,0,,0,structures
31115,0.01897,,,738,14,0,0,0,structures
31117,0,,,559,0,0,,0,structures
31119,0.03355,20.58,13940,16220,544,81,0.1048,1.667,structures
31121,0.2618,4.938,5014,5417,1418,54,0.03456,0.2667,structures
31123,0,0,,3072,0,2,,0,structures
31125,0.08066,16.67,14480,2901,234,8,0.02564,0.1333,structures
31127,0.000924,42.86,4833,4329,0,7,,0.3,policies_lower_bound
31129,0.0318,22.22,2357,3868,123,6,0.02439,0.1333,structures
31131,0.0237,24.44,4893,9324,221,15,0.04977,0.3667,structures
31133,0.03763,,,2764,104,0,0,0,structures
31135,0.004965,0,,2417,12,3,0,0,structures
31137,0.02624,33.33,13230,4955,130,6,0.04615,0.2,structures
31139,0.002237,14.04,26020,5811,0,19,,0.2667,policies_lower_bound
31141,0.03303,11.4,28750,16590,548,114,0.06569,1.3,structures
31143,0.146,2.083,,4170,609,16,0.02299,0.03333,structures
31145,0.01976,61.9,7477,5769,114,7,0.03509,0.4333,structures
31147,0.002724,127.1,26130,5873,0,16,,2.033,policies_lower_bound
31149,0,0,,1578,0,1,,0,structures
31151,0.1233,66.67,12250,8044,992,47,0.04637,3.133,structures
31153,0.01791,21.9,52730,60090,1076,551,0.3625,12.07,structures
31155,0.07777,10.35,34640,12690,987,364,0.2958,3.767,structures
31157,0.005612,11.65,6432,16040,0,103,,1.2,policies_lower_bound
31159,0.02196,23.53,9740,9152,201,17,0.06468,0.4,structures
31161,0.001271,5.556,1192,4719,0,6,,0.03333,policies_lower_bound
31163,0.0461,0,,2885,133,4,0.03008,0,structures
31165,0,,,1607,0,0,,0,structures
31167,0.05764,4.545,3405,4077,235,22,0.08936,0.1,structures
31169,0.06107,31.37,13520,4356,266,17,0.04511,0.5333,structures
31171,0,,,581,0,0,,0,structures
31173,0.03765,,41650,3426,129,0,0,0.03333,structures
31175,0.022,53.33,13830,3272,72,5,0.02778,0.2667,structures
31177,0.0245,93.16,26270,10820,265,39,0.1132,3.633,structures
31179,0.003544,50,2722,5361,19,2,0,0.1,structures
31181,0.02355,16.67,6663,2803,66,6,0.0303,0.1,structures
31183,0.05243,66.67,7763,1068,56,1,0,0.06667,structures
31185,0.0415,4.938,15290,8192,340,54,0.1441,0.2667,structures
32001,0.05383,0.7576,14820,12170,655,176,0.2397,0.1333,structures
32003,0.001339,7.853,25710,719700,964,1197,0.3019,9.4,structures
32005,0.06837,9.981,26750,22980,1571,688,0.3151,6.867,structures
32007,0.04682,6.873,9726,21400,1002,97,0.08283,0.6667,structures
32009,0,,,942,0,0,,0,structures
32011,0.1034,2.564,587.7,1673,173,13,0.06936,0.03333,structures
32013,0.008381,26.67,6351,9426,79,5,0.06329,0.1333,structures
32015,0.2548,0.3145,,3556,906,106,0.1137,0.03333,structures
32017,0.1458,1.058,,2813,410,63,0.1463,0.06667,structures
32019,0.05205,2.256,39870,27170,1414,325,0.1789,0.7333,structures
32021,0.4394,0.2874,2663,2765,1215,116,0.093,0.03333,structures
32023,0.3192,1.204,23700,25450,8124,3377,0.4092,4.067,structures
32027,0.003436,0,,2037,7,3,0,0,structures
32029,0.1549,0.9363,8726,2330,361,178,0.4792,0.1667,structures
32031,0.01685,9.089,25170,161100,2714,1357,0.3088,12.33,structures
32033,0.1191,1.732,1121,5373,640,77,0.1172,0.1333,structures
32510,0.005842,6.81,5962,17800,0,186,,1.267,policies_lower_bound
33001,0.003348,14.96,12250,26880,0,156,,2.333,policies_lower_bound
33003,0.052,19.85,17490,30920,1608,272,0.1063,5.4,structures
33005,0.03038,17.03,19690,25080,762,227,0.2087,3.867,structures
33007,0.04452,21.43,11950,14280,636,84,0.1116,1.8,structures
33009,0.042,16.77,14360,29760,1250,330,0.18,5.533,structures
33011,0.01196,19.53,21510,106400,1273,751,0.3449,14.67,structures
33013,0.02691,21.72,25870,39720,1069,333,0.2011,7.233,structures
33015,0.0427,22.41,22290,92450,3948,2047,0.3749,45.87,structures
33017,0.01839,19.7,23640,34530,635,198,0.1449,3.9,structures
33019,0.02624,9.783,11010,14210,373,92,0.1716,0.9,structures
34001,0.1401,34.32,35390,86670,12140,12520,0.945,429.8,structures
34003,0.03997,63.36,26020,254600,10180,5724,0.413,362.7,structures
34005,0.03043,19.06,20710,132900,4044,2859,0.549,54.5,structures
34007,0.01799,19.99,8304,154200,2774,1406,0.3446,28.1,structures
34009,0.4996,18.56,23080,64830,32390,25980,0.744,482,structures
34011,0.02417,37.56,30230,42210,1020,371,0.2686,13.93,structures
34013,0.02533,46.6,24360,146500,3710,2803,0.5049,130.6,structures
34015,0.01269,19.3,11040,90490,1148,836,0.5,16.13,structures
34017,0.1534,45.72,32500,85700,13150,2990,0.1802,136.7,structures
34019,0.01477,67.92,27820,41290,610,637,0.6639,43.27,structures
34021,0.01706,41.58,17370,107000,1826,1294,0.4168,53.8,structures
34023,0.01126,57.59,33080,212400,2391,2496,0.5353,143.7,structures
34025,0.07434,30.62,68480,196500,14600,14530,0.7044,444.9,structures
34027,0.009776,94.15,26710,151500,0,2195,,206.7,policies_lower_bound
34029,0.2192,38.74,65640,214800,47070,35620,0.7081,1380,structures
34031,0.03732,151.2,23380,99650,3719,2164,0.4821,327.1,structures
34033,0.1713,12.27,22720,21740,3723,1518,0.3879,18.63,structures
34035,0.01269,124.9,35640,104200,1323,1407,0.5306,175.8,structures
34037,0.002748,26.12,16900,53850,148,171,0.3649,4.467,structures
34039,0.03929,56.58,24030,124100,4874,3566,0.4924,201.8,structures
34041,0.01845,98.04,31630,34800,642,374,0.4704,36.67,structures
35001,0.009366,2.9,26300,226700,2123,1069,0.2859,3.1,structures
35003,0,66.67,45000,3120,0,1,,0.06667,structures
35005,0.04406,12.88,103600,25120,1107,282,0.2051,3.633,structures
35006,0.07877,11.29,25480,10510,828,62,0.07126,0.7,structures
35007,0.02689,7.937,4350,7809,210,21,0.06667,0.1667,structures
35009,0.04832,2.667,1771,17690,855,175,0.1696,0.4667,structures
35011,0.0009434,0,,1060,0,1,,0,policies_lower_bound
35013,0.05553,5.28,45860,76670,4258,947,0.1588,5,structures
35015,0.08048,5.39,11410,22390,1802,235,0.1115,1.267,structures
35017,0.04149,5.556,22820,16510,685,42,0.04234,0.2333,structures
35019,0,0,,2058,0,1,,0,structures
35021,0,,,1012,0,0,,0,structures
35023,0,50,9276,1564,0,2,,0.1,structures
35025,0.1104,1.865,6673,26000,2870,715,0.2411,1.333,structures
35027,0.02948,29.59,81240,12790,377,267,0.4138,7.9,structures
35028,0.0004041,15.79,6174,7423,3,19,0.6667,0.3,structures
35029,0.0307,5.797,50340,10490,322,23,0.04658,0.1333,structures
35031,0.02117,7.619,5848,20260,429,35,0.0373,0.2667,structures
35033,0.1016,1.49,19130,3119,0,1029,,1.533,policies_lower_bound
35035,0.1854,4.844,19650,28120,5212,757,0.132,3.667,structures
35037,0.0006197,41.67,10120,4841,0,4,,0.1667,policies_lower_bound
35039,0.07215,5.215,24330,20250,1461,147,0.08077,0.7667,structures
35041,0.1956,7.477,18400,8251,1614,107,0.05514,0.8,structures
35043,0.03749,1.792,28880,51640,1936,558,0.1916,1,structures
35045,0.03163,8.148,22340,46340,1466,135,0.06207,1.1,structures
35047,0.08722,2.159,14690,13640,1190,1791,0.2689,3.867,structures
35049,0.008966,3.866,38330,67920,609,388,0.1741,1.5,structures
35051,0.002664,13.58,14160,7884,0,27,,0.3667,policies_lower_bound
35053,0.2112,5.093,42270,6871,1451,144,0.0827,0.7333,structures
35055,0.04682,2.778,3409,16440,770,96,0.07792,0.2667,structures
35057,0.01331,0.2778,4797,8637,0,120,,0.03333,policies_lower_bound
35059,0,,,2057,0,0,,0,structures
35061,0.4586,1.681,17340,32100,14720,2142,0.1434,3.6,structures
36001,0.01169,14.16,19400,95870,1121,591,0.3417,8.367,structures
36003,0.007884,19.51,6860,23080,0,205,,4,policies_lower_bound
36005,0.01558,22.87,19300,81520,0,1844,,42.17,policies_lower_bound
36007,0.005654,60.85,42100,70400,0,1233,,75.03,policies_lower_bound
36009,0.008179,28.74,12710,38630,0,392,,11.27,policies_lower_bound
36011,0.04322,16.37,10760,31560,1364,279,0.1723,4.567,structures
36013,0.004176,33.52,12800,59140,0,365,,12.23,policies_lower_bound
36015,0.00894,13.41,13410,32440,0,415,,5.567,policies_lower_bound
36017,0.06229,52.77,18340,24080,1500,331,0.1987,17.47,structures
36019,0.02461,47.43,24010,31090,765,149,0.1007,7.067,structures
36021,0.002775,25.63,15480,29540,0,173,,4.433,policies_lower_bound
36023,0.05554,37.6,7133,17100,950,219,0.2116,8.233,structures
36025,0.06183,64.92,25320,28660,1772,534,0.2291,34.67,structures
36027,0.02533,18.74,17710,96910,2455,1124,0.3128,21.07,structures
36029,0.01042,15.76,13540,316400,3298,1364,0.2841,21.5,structures
36031,0.002969,47.4,31950,23240,0,154,,7.3,policies_lower_bound
36033,0.00209,9.402,9036,21540,0,78,,0.7333,policies_lower_bound
36035,0.00232,32.42,5972,24560,0,73,,2.367,policies_lower_bound
36037,0.008692,10.26,8597,21170,0,208,,2.133,policies_lower_bound
36039,0.03137,39.27,38300,26810,841,292,0.2235,11.47,structures
36041,0.004364,13.45,33640,6874,0,57,,0.7667,policies_lower_bound
36043,0.008526,34.66,17710,28740,0,326,,11.3,policies_lower_bound
36045,0.0000665,16.86,12750,45110,3,253,55.67,4.267,structures
36047,0.01002,18.48,62060,274700,0,8029,,148.4,policies_lower_bound
36049,0.002525,12.43,17810,14260,0,59,,0.7333,policies_lower_bound
36051,0.006799,9.967,10350,24270,0,204,,2.033,policies_lower_bound
36053,0.008668,26.82,19540,27690,0,297,,7.967,policies_lower_bound
36055,0.009613,16.27,13170,243500,2341,963,0.2636,15.67,structures
36057,0.02563,45.56,25200,18370,471,139,0.2335,6.333,structures
36059,0.09598,37.85,57740,371300,35640,35820,0.7621,1356,structures
36061,0.006047,13.57,145400,126500,0,1854,,25.17,policies_lower_bound
36063,0.02259,7.506,9550,81200,1834,453,0.2039,3.4,structures
36065,0.01819,50.82,14350,83050,1511,465,0.2012,23.63,structures
36067,0.01938,10.67,11990,153700,2978,1056,0.2754,11.27,structures
36069,0.004892,17.28,16710,42320,0,297,,5.133,policies_lower_bound
36071,0.01827,40.05,19660,115800,2115,1082,0.3139,43.33,structures
36073,0.002084,11.31,10630,16310,0,56,,0.6333,policies_lower_bound
36075,0.02076,12.13,14880,50820,1055,272,0.1915,3.3,structures
36077,0.03809,45.7,19920,27380,1043,256,0.1793,11.7,structures
36079,0.003883,30.78,31610,35800,139,222,0.6331,6.833,structures
36081,0.01959,31.4,63150,322300,0,11980,,376.1,policies_lower_bound
36083,0.002806,19.44,15610,50960,143,571,3.364,11.1,structures
36085,0.03003,39.31,43690,119900,0,5301,,208.4,policies_lower_bound
36087,0.01007,47.17,25710,78750,793,990,0.4981,46.7,structures
36089,0.001355,20.49,12940,43530,0,109,,2.233,policies_lower_bound
36091,0.004484,30.12,16280,85420,0,518,,15.6,policies_lower_bound
36093,0.006064,45.92,27870,50300,305,196,0.3902,9,structures
36095,0.03695,58.91,58880,15890,587,262,0.2862,15.43,structures
36097,0.001964,8.333,7768,9675,0,36,,0.3,policies_lower_bound
36099,0.005965,11.65,21600,13750,0,123,,1.433,policies_lower_bound
36101,0.00774,14.69,10860,43800,0,472,,6.933,policies_lower_bound
36103,0.04331,27.58,51330,487600,21120,26160,0.6574,721.5,structures
36105,0.0312,66.29,18110,47400,1479,354,0.1346,23.47,structures
36107,0.07966,72.84,40560,21200,1689,556,0.2795,40.5,structures
36109,0.008266,9.016,11010,29640,0,366,,3.3,policies_lower_bound
36111,0.03093,35.71,30150,71020,2197,897,0.2635,32.03,structures
36113,0.002195,16.44,24840,32800,0,144,,2.367,policies_lower_bound
36115,0.002648,20.91,16970,26060,0,110,,2.3,policies_lower_bound
36117,0.003077,31.05,22770,34130,0,146,,4.533,policies_lower_bound
36119,0.0177,34.39,32390,206600,3657,6276,0.6385,215.8,structures
36121,0.00381,32.43,12280,16010,0,74,,2.4,policies_lower_bound
36123,0.008079,13.33,25000,11880,0,175,,2.333,policies_lower_bound
37001,0.005671,12.43,33040,61540,349,338,0.533,4.2,structures
37003,0.002063,7.843,2455,17450,36,17,0.08333,0.1333,structures
37005,0.005634,18.33,48950,9939,56,20,0.1607,0.3667,structures
37007,0.002691,13.33,8796,11150,30,5,0.03333,0.06667,structures
37009,0.037,18.32,69240,17840,660,191,0.2227,3.5,structures
37011,0.02763,27.25,60020,16070,444,274,0.3333,7.467,structures
37013,0.1742,97.98,15240,21660,3774,2915,0.5559,285.6,structures
37015,0.03338,96.84,27990,10700,357,95,0.1429,9.2,structures
37017,0.0449,31.07,52520,19580,879,177,0.09784,5.5,structures
37019,0.153,11.98,19500,84690,12960,18200,0.7798,218.1,structures
37021,0.01198,20.08,81010,107100,1283,1026,0.4147,20.6,structures
37023,0.004845,23.81,67710,36120,175,112,0.4,2.667,structures
37025,0.01359,14.82,24670,88460,1202,434,0.1988,6.433,structures
37027,0.0132,12.9,33030,37050,489,137,0.1902,1.767,structures
37029,0.1995,13.73,15350,4467,891,612,0.5084,8.4,structures
37031,0.2831,29.5,19660,42850,12130,9202,0.5219,271.4,structures
37033,0.002264,0,,13250,30,3,0.03333,0,structures
37035,0.004597,30.27,30500,63740,293,207,0.314,6.267,structures
37037,0.002485,5.371,68560,29380,73,211,0.4521,1.133,structures
37039,0.02117,7.971,26050,17010,360,138,0.2778,1.1,structures
37041,0.02956,34.82,24710,7308,216,246,0.5185,8.567,structures
37043,0.04025,8.706,6258,6733,271,134,0.4317,1.167,structures
37045,0.001999,36.36,23450,40510,81,33,0.2346,1.2,structures
37047,0.03343,39.25,36980,21270,711,473,0.3263,18.57,structures
37049,0.1335,37.68,44370,43970,5869,5154,0.6056,194.2,structures
37051,0.00851,16.2,37190,121600,1035,1440,0.3314,23.33,structures
37053,0.1024,20.97,15160,15810,1618,3032,0.5933,63.57,structures
37055,0.274,34.4,15860,31280,8571,12410,0.8397,426.9,structures
37057,0.005078,12.19,24300,74240,377,216,0.3263,2.633,structures
37059,0.002266,5.357,24580,18970,43,56,0.4419,0.3,structures
37061,0.01152,31,104200,20310,234,528,0.2991,16.37,structures
37063,0.00778,10.4,31900,97170,756,1257,0.6442,13.07,structures
37065,0.05579,36.65,33960,18980,1059,663,0.3201,24.3,structures
37067,0.003489,18.85,14620,135900,474,541,0.4451,10.2,structures
37069,0.002375,7.364,17880,28210,67,86,0.2985,0.6333,structures
37071,0.004801,8.839,24100,85410,410,313,0.4585,2.767,structures
37073,0.03198,8.333,8659,5941,190,68,0.2,0.5667,structures
37075,0.06484,3.968,4354,5182,336,42,0.119,0.1667,structures
37077,0.002308,9.402,23510,24260,56,39,0.08929,0.3667,structures
37079,0.009456,37.95,32540,8989,85,65,0.1882,2.467,structures
37081,0.004936,20.79,23630,170800,843,707,0.4033,14.7,structures
37083,0.012,16.85,15930,29160,350,93,0.09714,1.567,structures
37085,0.004591,10.75,29700,48790,224,341,0.4866,3.667,structures
37087,0.06459,28.01,52140,34280,2214,695,0.2656,19.47,structures
37089,0.01087,16.48,69950,51710,562,532,0.4377,8.767,structures
37091,0.01756,97.22,17980,9622,169,48,0.1302,4.667,structures
37093,0.001888,11.97,29310,19060,36,103,0.4167,1.233,structures
37095,0.7649,48.4,25880,3029,2317,989,0.3971,47.87,structures
37097,0.002068,10.19,16080,76890,159,157,0.1824,1.6,structures
37099,0.04392,9.722,15780,21270,934,264,0.1842,2.567,structures
37101,0.006554,17.11,37140,74160,486,489,0.356,8.367,structures
37103,0.04249,30.57,91950,4872,207,205,0.285,6.267,structures
37105,0.01029,13.49,24600,24100,248,126,0.2863,1.7,structures
37107,0.04795,61,36050,24780,1188,365,0.1843,22.27,structures
37109,0.003577,5.376,20540,40260,144,93,0.1528,0.5,structures
37111,0.02228,16.43,79470,20780,463,138,0.2354,2.267,structures
37113,0.01624,12.01,29110,25060,407,211,0.2727,2.533,structures
37115,0.03483,11.11,114800,10650,371,108,0.1995,1.2,structures
37117,0.02428,13.42,15600,16430,399,77,0.1053,1.033,structures
37119,0.003803,26.66,28540,310800,1182,2468,0.8604,65.8,structures
37121,0.01771,13.77,55900,8075,143,46,0.2168,0.6333,structures
37123,0.002281,9.524,16130,14900,34,21,0.1765,0.2,structures
37125,0.01175,10.21,28220,36930,434,483,0.5115,4.933,structures
37127,0.01959,36.63,46770,37820,741,525,0.4939,19.23,structures
37129,0.1088,25.6,21890,87140,9484,12810,0.7479,327.9,structures
37131,0.007027,34.57,10480,10960,77,27,0.07792,0.9333,structures
37133,0.05001,31.01,22100,69810,3491,4401,0.7339,136.5,structures
37135,0.009639,21.69,74850,42430,409,621,0.5012,13.47,structures
37137,0.3034,75.22,24180,6889,2090,1805,0.6287,135.8,structures
37139,0.1454,8.45,12680,15550,2261,1712,0.5409,14.47,structures
37141,0.1687,35.53,29320,30720,5184,4933,0.6761,175.3,structures
37143,0.04132,13.05,11470,6631,274,396,0.7482,5.167,structures
37145,0.001839,13.33,8102,16860,31,20,0.129,0.2667,structures
37147,0.03742,25.05,32690,61820,2313,1428,0.3437,35.77,structures
37149,0.0103,23.75,71520,9998,103,80,0.3883,1.9,structures
37151,0.003067,15.12,10950,61960,190,108,0.3526,1.633,structures
37153,0.004372,13.73,19380,19210,84,34,0.1905,0.4667,structures
37155,0.0592,42.59,34440,39060,2312,998,0.2431,42.5,structures
37157,0.007931,23.46,10130,50180,398,54,0.07538,1.267,structures
37159,0.007527,9.574,27040,56330,424,188,0.309,1.8,structures
37161,0.006737,26.14,56220,29090,196,102,0.3827,2.667,structures
37163,0.00831,27.42,46640,26590,221,141,0.1448,3.867,structures
37165,0.008731,10.92,29320,14660,128,58,0.125,0.6333,structures
37167,0.002736,20.83,6946,28140,77,48,0.3117,1,structures
37169,0.001977,15.28,18900,21240,42,24,0.1429,0.3667,structures
37171,0.002655,5.263,8634,29760,79,19,0.1013,0.1,structures
37173,0.06848,4.825,10540,8879,608,76,0.1086,0.3667,structures
37175,0.02908,12.79,61920,17780,517,284,0.2843,3.633,structures
37177,0.7777,42.08,15470,2551,1984,423,0.189,17.8,structures
37179,0.002378,5.744,28290,82420,196,354,0.5867,2.033,structures
37181,0.001169,14.81,10980,19680,23,18,0.1739,0.2667,structures
37183,0.004957,13.2,20080,338900,1680,2790,0.4583,36.83,structures
37185,0.002074,4.762,,11570,24,28,0.08333,0.1333,structures
37187,0.09414,23.95,16020,5768,543,199,0.2265,4.767,structures
37189,0.02736,19.66,44640,24600,673,485,0.4428,9.533,structures
37191,0.04033,39.27,37370,66350,2676,848,0.1562,33.3,structures
37193,0.01231,16.67,13620,45650,562,26,0.02135,0.4333,structures
37195,0.01704,28.65,22460,32460,553,427,0.5081,12.23,structures
37197,0.001615,11.11,2755,16710,27,12,0.07407,0.1333,structures
37199,0.04175,22.16,80320,11570,483,188,0.2609,4.167,structures
38001,0,,,1027,0,0,,0,structures
38003,0.08453,59.06,11900,5229,442,114,0.2127,6.733,structures
38005,0.0003982,943.3,68290,2511,1,10,1,9.433,structures
38007,0.001089,50,20010,918,0,2,,0.1,policies_lower_bound
38009,0.01041,8.333,,4706,49,8,0.1429,0.06667,structures
38011,0.004005,0,,1498,6,3,0.3333,0,structures
38013,0.001158,16.67,4219,1727,0,2,,0.03333,policies_lower_bound
38015,0.02892,36.54,28590,33890,980,583,0.4153,21.3,structures
38017,0.05687,39.85,9216,47320,2691,2113,0.4902,84.2,structures
38019,0,,43330,2358,0,0,,0.2333,structures
38021,0,,20330,2654,0,0,,0.1,structures
38023,0,,,1797,0,0,,0,structures
38025,0.006041,0,,2814,0,18,,0,policies_lower_bound
38027,0.01163,108.3,15370,1204,14,4,0.2143,0.4333,structures
38029,0.004272,126.2,18530,2575,0,14,,1.767,policies_lower_bound
38031,0.0007225,116.7,11370,1384,0,2,,0.2333,policies_lower_bound
38033,0,,,896,0,0,,0,structures
38035,0.01679,270.8,28030,18710,314,301,0.2325,81.5,structures
38037,0.001984,33.33,15600,1512,0,3,,0.1,policies_lower_bound
38039,0,166.7,4609,1111,0,1,,0.1667,structures
38041,0.0123,122.2,7150,1382,17,3,0.1176,0.3667,structures
38043,0,,,1536,0,0,,0,structures
38045,0.004094,22.22,10890,1710,0,12,,0.2667,policies_lower_bound
38047,0,66.67,130000,1050,0,1,,0.06667,structures
38049,0.01025,17.78,35670,4000,41,30,0.07317,0.5333,structures
38051,0.000602,0,,1661,0,2,,0,policies_lower_bound
38053,0.02486,6.061,,3621,90,11,0.1222,0.06667,structures
38055,0.002619,100,12580,6491,17,2,0,0.2,structures
38057,0.09137,38.97,11640,3787,346,65,0.1705,2.533,structures
38059,0.06926,25.23,33310,11320,784,144,0.08163,3.633,structures
38061,0,,1063,4718,0,0,,0.03333,structures
38063,0.0005907,,35310,1693,1,0,0,0.8667,structures
38065,0.004779,20,21000,837,0,5,,0.1,policies_lower_bound
38067,0.1348,152.9,7521,3249,438,75,0.1256,11.47,structures
38069,0.0004773,166.7,10000,2095,0,1,,0.1667,policies_lower_bound
38071,0,916,78170,4840,0,25,,22.9,structures
38073,0.08317,94.87,11580,2092,174,26,0.07471,2.467,structures
38075,0.002568,26.67,22970,1168,0,5,,0.1333,policies_lower_bound
38077,0.04098,132.1,8982,7125,292,52,0.1062,6.867,structures
38079,0.005265,50,35500,5318,28,2,0.03571,0.1,structures
38081,0,66.67,43860,1692,0,2,,0.1333,structures
38083,0,,,1054,0,0,,0,structures
38085,0.003643,11.11,,1098,4,3,0,0.03333,structures
38087,0,0,,422,0,1,,0,structures
38089,0.04322,6.024,9375,12400,536,83,0.1287,0.5,structures
38091,0.0008375,100,37060,1194,0,1,,0.1,policies_lower_bound
38093,0.006962,54.04,7702,7900,55,66,0.6,3.567,structures
38095,0,,34520,1120,0,0,,0.1667,structures
38097,0.03037,114.1,14200,3227,98,26,0.2143,2.967,structures
38099,0.2515,155.8,6627,4780,1202,46,0.03245,7.167,structures
38101,0.002773,23.85,102600,23080,0,1030,,24.57,policies_lower_bound
38103,0,,80100,2035,0,0,,0.03333,structures
38105,0.001981,17.86,22610,11110,0,28,,0.5,policies_lower_bound
39001,0.03969,72.67,11760,14870,590,50,0.06441,3.633,structures
39003,0.01627,33.74,18320,38720,630,163,0.1714,5.5,structures
39005,0.01209,17.7,16950,20270,245,81,0.2571,1.433,structures
39007,0.005636,37.95,26550,42940,242,65,0.1488,2.467,structures
39009,0.1242,59.24,16880,19570,2430,166,0.05926,9.833,structures
39011,0.004734,23.85,24910,18380,0,116,,2.767,policies_lower_bound
39013,0.04776,84.14,12400,32600,1557,145,0.07836,12.2,structures
39015,0.03091,33.33,16450,22360,691,91,0.1216,3.033,structures
39017,0.01403,14.44,14740,124600,1748,607,0.2592,8.767,structures
39019,0.02637,12.64,8098,13800,364,58,0.1291,0.7333,structures
39021,0.01882,11.59,6223,17270,325,69,0.1723,0.8,structures
39023,0.01872,10.3,50470,51280,960,275,0.2229,2.833,structures
39025,0.01658,52.35,20370,70330,1166,270,0.169,14.13,structures
39027,0.02035,7.353,14670,15620,318,68,0.1635,0.5,structures
39029,0.01103,23.7,11280,43770,483,90,0.1511,2.133,structures
39031,0.02604,23.61,7593,17400,453,48,0.07947,1.133,structures
39033,0.007267,71.74,21670,19820,144,46,0.2083,3.3,structures
39035,0.001818,25.84,18920,441200,802,858,0.3753,22.17,structures
39037,0.01332,10.63,12590,20580,274,69,0.2007,0.7333,structures
39039,0.01422,79.84,12030,17090,243,43,0.1358,3.433,structures
39041,0.004052,11.11,14270,71070,288,201,0.1562,2.233,structures
39043,0.05575,29.79,11870,34150,1904,414,0.1833,12.33,structures
39045,0.0345,16.91,10210,54640,1885,414,0.1804,7,structures
39047,0.001592,13.73,3351,15080,0,34,,0.4667,policies_lower_bound
39049,0.01083,15.37,11640,388700,4209,1221,0.168,18.77,structures
39051,0.00926,18.87,6842,15550,144,53,0.3056,1,structures
39053,0.08364,26.88,12590,12800,1071,124,0.1046,3.333,structures
39055,0.002024,13.86,45080,35580,72,89,0.3056,1.233,structures
39057,0.01227,6.266,6906,56130,689,383,0.2671,2.4,structures
39059,0.02892,78.29,12940,21680,627,86,0.1212,6.733,structures
39061,0.01012,31.24,14970,249700,2527,876,0.2366,27.37,structures
39063,0.0607,125,20170,27140,1647,387,0.1779,48.37,structures
39065,0.003928,7.65,18580,13490,0,61,,0.4667,policies_lower_bound
39067,0.02256,56.32,10090,8068,182,29,0.1209,1.633,structures
39069,0.002653,60.47,13550,12060,0,43,,2.6,policies_lower_bound
39071,0.003534,0,,24340,86,4,0.02326,0,structures
39073,0.07213,35.65,13840,14100,1017,115,0.1003,4.1,structures
39075,0.01969,25.68,11760,18490,364,61,0.1374,1.567,structures
39077,0.008126,21.11,11090,22770,185,60,0.1838,1.267,structures
39079,0.02035,83.33,15920,15280,311,58,0.1061,4.833,structures
39081,0.04331,69.36,12130,28260,1224,136,0.09641,9.433,structures
39083,0.03631,16.95,6666,25310,919,118,0.1088,2,structures
39085,0.008382,26.45,27250,90200,756,407,0.3188,10.77,structures
39087,0.07921,45.36,14440,28400,2250,255,0.09067,11.57,structures
39089,0.03019,15.26,24220,71160,2148,402,0.1271,6.133,structures
39091,0.007263,13.69,15410,24780,0,224,,3.067,policies_lower_bound
39093,0.01096,21.27,19090,115300,1264,627,0.2991,13.33,structures
39095,0.02241,22.86,13100,154500,3463,888,0.1889,20.3,structures
39097,0.008619,14.91,10710,13340,115,38,0.1565,0.5667,structures
39099,0.0007683,20.28,11770,92420,71,143,0.4366,2.9,structures
39101,0.02861,33.7,21110,25940,742,183,0.2278,6.167,structures
39103,0.004193,25.94,21520,68210,286,221,0.2622,5.733,structures
39105,0.1619,35.22,12580,9585,1552,106,0.06186,3.733,structures
39107,0.01873,29.76,19740,15960,299,56,0.107,1.667,structures
39109,0.01735,12.31,21970,40530,703,268,0.2447,3.3,structures
39111,0.03119,120.3,13340,8177,255,23,0.07843,2.767,structures
39113,0.01339,6.66,13220,198200,2655,946,0.2542,6.3,structures
39115,0.08575,103.8,14310,9213,790,44,0.04937,4.567,structures
39117,0.008573,9.877,10200,17380,149,27,0.1141,0.2667,structures
39119,0.01922,41.67,21100,34440,662,96,0.09063,4,structures
39121,0.01849,129,18110,4543,84,31,0.2381,4,structures
39123,0.2206,25.77,14000,28430,6271,608,0.07511,15.67,structures
39125,0.004671,12.93,12870,7921,0,49,,0.6333,policies_lower_bound
39127,0.03901,32.2,19600,15540,606,88,0.1337,2.833,structures
39129,0.01639,14.76,14410,22390,367,70,0.1253,1.033,structures
39131,0.06135,35.11,14530,12840,788,75,0.08249,2.633,structures
39133,0.01044,10.43,18990,52880,552,195,0.1993,2.033,structures
39135,0.02389,14.94,14150,18460,441,87,0.1474,1.3,structures
39137,0.03032,97.58,28300,14340,435,110,0.2046,10.73,structures
39139,0.006272,66.67,22820,45760,287,87,0.1986,5.8,structures
39141,0.02145,36.25,13170,31850,683,80,0.08785,2.9,structures
39143,0.01783,21.29,9248,25690,458,119,0.2052,2.533,structures
39145,0.05345,38.46,11760,31060,1660,221,0.09819,8.5,structures
39147,0.0129,49.74,14470,22950,296,65,0.1588,3.233,structures
39149,0.03016,15.36,10220,17670,533,115,0.1951,1.767,structures
39151,0.005478,27.5,12290,149300,818,337,0.2579,9.267,structures
39153,0.005633,24.63,15940,201300,1134,724,0.2857,17.83,structures
39155,0.0136,32.89,11370,73870,1005,298,0.205,9.8,structures
39157,0.03173,28.9,8709,35960,1141,173,0.1306,5,structures
39159,0.007634,23.56,10350,22010,168,58,0.1548,1.367,structures
39161,0.002438,13.18,16640,12720,0,43,,0.5667,policies_lower_bound
39163,0.0001616,58.33,16840,6190,0,8,,0.4667,policies_lower_bound
39165,0.01619,11.06,15440,78460,1270,434,0.2118,4.8,structures
39167,0.1015,79.62,12220,23520,2387,278,0.1064,22.13,structures
39169,0.01353,16.14,8576,45540,616,126,0.151,2.033,structures
39171,0.001842,19.17,8337,16830,0,40,,0.7667,policies_lower_bound
39173,0.01556,23.95,12610,51740,805,135,0.1155,3.233,structures
39175,0.01047,38.31,16600,7924,0,87,,3.333,policies_lower_bound
40001,0.03266,56.41,52660,7838,256,13,0.04688,0.7333,structures
40003,0.006944,26.09,13350,3312,0,23,,0.6,policies_lower_bound
40005,0.0001661,100,,6019,0,1,,0.1,policies_lower_bound
40007,0.0005999,16.67,,3334,0,2,,0.03333,policies_lower_bound
40009,0.0006588,14.29,10320,9107,0,7,,0.1,policies_lower_bound
40011,0.001145,33.33,23910,5241,0,6,,0.2,policies_lower_bound
40013,0.01594,19.54,61610,19640,313,29,0.05431,0.5667,structures
40015,0.02395,29.41,44950,11650,279,34,0.08602,1,structures
40017,0.0185,19.18,28810,54640,1011,219,0.1147,4.2,structures
40019,0.01345,34.17,43840,21180,285,40,0.1053,1.367,structures
40021,0.03618,18.82,36180,17080,618,85,0.1052,1.6,structures
40023,0.0007598,12.12,76340,6581,0,11,,0.1333,policies_lower_bound
40025,0,,,1693,0,0,,0,structures
40027,0.01638,12.86,27510,96070,1574,609,0.1747,7.833,structures
40029,0.001012,8.333,8467,2964,0,4,,0.03333,policies_lower_bound
40031,0.03125,37.24,49340,41950,1311,435,0.2014,16.2,structures
40033,0.001342,54.17,19310,3725,0,8,,0.4333,policies_lower_bound
40035,0.03858,48.48,38120,6325,244,22,0.08197,1.067,structures
40037,0.02679,44.22,17230,31550,845,101,0.103,4.467,structures
40039,0.009253,23.33,12860,10810,100,10,0.04,0.2333,structures
40041,0.03566,40,18780,23020,821,85,0.08892,3.4,structures
40043,0,,,2536,0,0,,0,structures
40045,0,,3388,2690,0,0,,0.1,structures
40047,0.02702,7.071,16180,25500,689,99,0.1132,0.7,structures
40049,0.139,5.473,16290,11670,1623,67,0.04005,0.3667,structures
40051,0.04782,21.49,35090,23840,1140,76,0.05877,1.633,structures
40053,0.0007689,33.33,33670,2601,0,3,,0.1,policies_lower_bound
40055,0.01665,25,17630,2822,47,4,0.06383,0.1,structures
40057,0.09845,46.67,6125,1544,152,5,0.03289,0.2333,structures
40059,0.0004634,0,,2158,0,1,,0,policies_lower_bound
40061,0.0004771,11.11,,6288,0,3,,0.03333,policies_lower_bound
40063,0.01044,9.524,4972,6515,68,7,0.05882,0.06667,structures
40065,0.01673,4.301,677.1,11060,185,31,0.09189,0.1333,structures
40067,0.0005601,16.67,1268,3571,0,2,,0.03333,policies_lower_bound
40069,0,50,74320,4880,0,2,,0.1,structures
40071,0.05152,81.63,12550,20400,1051,98,0.08278,8,structures
40073,0.06861,100,26190,6967,478,26,0.04393,2.6,structures
40075,0.03619,35.9,35580,5029,182,13,0.03297,0.4667,structures
40077,0.001272,14.29,23010,4717,0,7,,0.1,policies_lower_bound
40079,0.04946,17.91,37130,22710,1123,67,0.04987,1.2,structures
40081,0.007928,9.091,1367,16400,130,11,0.03846,0.1,structures
40083,0.02179,28.79,48140,19550,426,44,0.03756,1.267,structures
40085,0,33.33,9956,4997,0,1,,0.03333,structures
40087,0.04042,20.41,16090,17000,687,49,0.04221,1,structures
40089,0.05466,38.74,21080,14530,794,37,0.02771,1.433,structures
40091,0.01504,2.899,46640,12700,191,23,0.08901,0.06667,structures
40093,0.001331,43.33,22920,3757,0,10,,0.4333,policies_lower_bound
40095,0.0003283,14.29,1650,9138,0,7,,0.1,policies_lower_bound
40097,0.03412,42.38,43520,17880,610,70,0.08361,2.967,structures
40099,0.0004236,11.11,16150,7082,0,6,,0.06667,policies_lower_bound
40101,0.02936,49.36,67630,22480,660,131,0.1424,6.467,structures
40103,0.01582,22.22,18960,5498,87,3,0.03448,0.06667,structures
40105,0.03741,14.81,38880,5186,194,18,0.07732,0.2667,structures
40107,0,,4170,5519,0,0,,0.06667,structures
40109,0.01337,18.39,30330,260700,3484,1251,0.1846,23,structures
40111,0.03419,50.6,39050,17380,594,56,0.07576,2.833,structures
40113,0.02943,19.7,21480,20490,603,66,0.08126,1.3,structures
40115,0.1045,83.95,36090,13020,1361,189,0.1323,15.87,structures
40117,0.000126,33.33,9035,7937,0,1,,0.03333,policies_lower_bound
40119,0.01767,11.11,25690,27050,478,117,0.1548,1.3,structures
40121,0.02186,9.524,34390,16690,365,70,0.1315,0.6667,structures
40123,0.00824,20.83,12240,16260,134,16,0.07463,0.3333,structures
40125,0.02115,23.77,24190,25720,544,115,0.1268,2.733,structures
40127,0.001237,0,,5657,0,14,,0,policies_lower_bound
40129,0.0004288,0,,2332,0,2,,0,policies_lower_bound
40131,0.037,20.37,31610,35330,1307,252,0.14,5.133,structures
40133,0.01297,27.16,25070,10870,141,27,0.1418,0.7333,structures
40135,0.0425,18.28,26300,17440,741,62,0.07287,1.133,structures
40137,0.01963,29.91,18620,20330,399,39,0.06015,1.167,structures
40139,0.006756,5.882,41780,7253,49,17,0.1837,0.1,structures
40141,0.0004648,55.56,13180,4303,0,3,,0.1667,policies_lower_bound
40143,0.01547,15.95,38030,221000,3419,1553,0.2194,24.77,structures
40145,0.02392,31.08,44550,32020,766,222,0.188,6.9,structures
40147,0.04497,27.81,37860,20790,935,181,0.154,5.033,structures
40149,0.0113,6.061,4984,5843,66,11,0.1515,0.06667,structures
40151,0.0004235,55.56,20450,4722,0,3,,0.1667,policies_lower_bound
40153,0.04683,13.44,3805,8691,407,62,0.14,0.8333,structures
41001,0.006977,1.087,4278,12040,0,92,,0.1,policies_lower_bound
41003,0.0654,3.238,13810,30340,1984,597,0.2283,1.933,structures
41005,0.01342,18.18,33320,143500,1926,1263,0.4081,22.97,structures
41007,0.07577,4.154,21150,20930,1586,1003,0.1854,4.167,structures
41009,0.07174,26.05,46720,24210,1737,467,0.2182,12.17,structures
41011,0.04524,15.84,32610,27010,1222,223,0.1113,3.533,structures
41013,0.05356,11.58,9758,12060,646,190,0.2616,2.2,structures
41015,0.022,15.28,20920,12770,281,144,0.1779,2.2,structures
41017,0.00297,2.461,9103,90560,269,149,0.2119,0.3667,structures
41019,0.08093,6.682,25180,47830,3871,883,0.1994,5.9,structures
41021,0.002022,0,,989,0,4,,0,policies_lower_bound
41023,0.0002626,6.14,10380,3808,1,38,33,0.2333,structures
41025,0.008834,9.91,15900,3396,0,37,,0.3667,policies_lower_bound
41027,0.0004247,2.899,5828,9418,0,23,,0.06667,policies_lower_bound
41029,0.0313,8.086,12170,89750,2809,1010,0.2752,8.167,structures
41031,0.005048,0,,10300,0,64,,0,policies_lower_bound
41033,0.05278,4.835,16500,38860,2051,393,0.156,1.9,structures
41035,0.001153,5.229,28820,32100,0,51,,0.2667,policies_lower_bound
41037,0.005284,8.046,37100,4731,0,29,,0.2333,policies_lower_bound
41039,0.06638,5.558,13360,141600,9402,2273,0.1609,12.63,structures
41041,0.07128,11.84,19070,28350,2021,1126,0.2746,13.33,structures
41043,0.0423,7.11,16610,47370,2004,511,0.1906,3.633,structures
41045,0.004353,5.914,20220,11720,0,62,,0.3667,policies_lower_bound
41047,0.02927,9.695,15880,91190,2669,1169,0.2945,11.33,structures
41049,0.07934,4.167,2277,3794,301,32,0.09635,0.1333,structures
41051,0.0008718,6.808,21470,239700,209,1087,2.632,7.4,structures
41053,0.02889,6.407,15440,30080,869,359,0.3015,2.3,structures
41055,0.001092,33.33,40730,916,0,1,,0.03333,policies_lower_bound
41057,0.08495,13.86,16510,18960,1611,1087,0.2998,15.07,structures
41059,0.03166,9.546,37340,29500,934,213,0.1788,2.033,structures
41061,0.007603,5.833,11170,8023,0,80,,0.4667,policies_lower_bound
41063,0.006543,9.091,7894,4891,0,44,,0.4,policies_lower_bound
41065,0.001845,6.667,13060,11380,0,45,,0.3,policies_lower_bound
41067,0.009985,10.22,17440,176900,1766,1044,0.3811,10.67,structures
41069,0.003634,4.762,,1376,0,7,,0.03333,policies_lower_bound
41071,0.04067,9.108,14340,37050,1507,355,0.2011,3.233,structures
42001,0.01735,37.72,18850,39360,683,266,0.2518,10.03,structures
42003,0.00922,51,13480,462100,4261,1851,0.2788,94.4,structures
42005,0.06893,49.06,19730,30970,2135,212,0.08525,10.4,structures
42007,0.01175,95.45,21060,68260,802,205,0.1958,19.57,structures
42009,0.06804,97.73,15760,25730,1751,235,0.1171,22.97,structures
42011,0.01024,35.43,18320,141100,1445,684,0.3356,24.23,structures
42013,0.05086,54.13,10450,46520,2366,500,0.1906,27.07,structures
42015,0.05249,45.2,33910,29090,1527,458,0.2606,20.7,structures
42017,0.0163,49.76,33350,212800,3468,2658,0.4919,132.3,structures
42019,0.01638,58.79,17750,71620,1173,326,0.202,19.17,structures
42021,0.03354,29.04,7019,56700,1902,357,0.154,10.37,structures
42023,0.2365,30.99,10210,3324,786,57,0.06997,1.767,structures
42025,0.02355,14.91,8154,32690,770,152,0.1532,2.267,structures
42027,0.02821,24.06,10610,48770,1376,266,0.1446,6.4,structures
42029,0.007999,40.36,20950,159900,1279,1015,0.398,40.97,structures
42031,0.01041,71.17,15030,14700,153,37,0.1242,2.633,structures
42033,0.03611,63.08,9751,30850,1114,195,0.158,12.3,structures
42035,0.1379,46.53,13320,15080,2079,336,0.1486,15.63,structures
42037,0.0641,118.2,31420,26140,1676,490,0.2273,57.93,structures
42039,0.05456,24.44,8455,33940,1852,251,0.1188,6.133,structures
42041,0.02158,50.75,16790,80420,1735,555,0.2058,28.17,structures
42043,0.03477,116,17660,96870,3368,1130,0.2559,131,structures
42045,0.01061,54.12,15820,170900,1813,1153,0.3861,62.4,structures
42047,0.03866,60.57,15660,18600,719,82,0.09597,4.967,structures
42049,0.007378,17.36,17960,87430,645,290,0.2744,5.033,structures
42051,0.029,53.37,10590,60140,1744,208,0.0969,11.1,structures
42053,0.05471,18.52,24440,6343,347,18,0.03458,0.3333,structures
42055,0.01302,20.03,10010,59690,777,213,0.2008,4.267,structures
42057,0.01316,26.67,26660,4863,64,15,0.1719,0.4,structures
42059,0.04225,52.49,11240,12210,516,87,0.1434,4.567,structures
42061,0.0599,50.57,14040,18610,1115,234,0.1695,11.83,structures
42063,0.0234,55.56,7868,33240,778,171,0.1889,9.5,structures
42065,0.03568,63.25,13110,26010,928,117,0.09591,7.4,structures
42067,0.07749,58.82,9846,10760,834,68,0.07314,4,structures
42069,0.03555,35.61,11170,74730,2657,878,0.2872,31.27,structures
42071,0.008358,46.66,23060,184700,1544,678,0.2727,31.63,structures
42073,0.01565,34.13,13210,36370,569,126,0.1511,4.3,structures
42075,0.009248,72.25,30670,51580,477,221,0.2935,15.97,structures
42077,0.01011,32.15,15940,115500,1167,423,0.2296,13.6,structures
42079,0.02255,22.81,27930,118400,2670,3881,0.527,88.53,structures
42081,0.09444,131.6,20170,39120,3695,661,0.1553,87,structures
42083,0.0548,17.13,7453,16990,931,181,0.1622,3.1,structures
42085,0.009777,24.73,7262,49500,484,62,0.08678,1.533,structures
42087,0.08879,56.67,12170,20540,1824,160,0.08059,9.067,structures
42089,0.01637,30.34,23940,72810,1192,356,0.2005,10.8,structures
42091,0.009164,58.67,29890,262700,2407,2284,0.4695,134,structures
42093,0.04612,41.4,18040,6244,288,62,0.1424,2.567,structures
42095,0.01103,66.67,31830,101900,1124,594,0.3852,39.6,structures
42097,0.04767,95.98,15560,35500,1692,365,0.1525,35.03,structures
42099,0.0505,84.44,14460,20340,1027,180,0.149,15.2,structures
42101,0.001899,25.23,30110,477200,0,1383,,34.9,policies_lower_bound
42103,0.01291,32.36,18230,39730,513,172,0.1189,5.567,structures
42105,0.1183,18.03,12980,9668,1144,122,0.1014,2.2,structures
42107,0.05191,45.75,16660,60310,3131,596,0.1683,27.27,structures
42109,0.06255,118.6,18480,13700,857,194,0.2112,23,structures
42111,0.0454,33.33,8946,29890,1357,257,0.1629,8.567,structures
42113,0.05261,66.09,36190,5969,314,58,0.1178,3.833,structures
42115,0.04365,71.02,22750,15440,674,176,0.1944,12.5,structures
42117,0.05349,18.79,20090,21050,1126,282,0.2211,5.3,structures
42119,0.09713,98.99,15840,11700,1136,231,0.1664,22.87,structures
42121,0.02994,43.48,8729,25760,771,92,0.09468,4,structures
42123,0.06684,13.64,12540,22950,1534,154,0.0854,2.1,structures
42125,0.02564,43.59,14880,88990,2282,468,0.1586,20.4,structures
42127,0.02529,39.47,26220,31710,802,152,0.1185,6,structures
42129,0.019,44.06,15610,143100,2720,752,0.2081,33.13,structures
42131,0.05416,139.4,32300,12000,650,198,0.2385,27.6,structures
42133,0.01016,54.1,16720,148200,1506,674,0.3048,36.47,structures
44001,0.1224,12.89,9122,16370,2004,1458,0.5115,18.8,structures
44003,0.02925,22.86,15830,53510,1565,1165,0.4831,26.63,structures
44005,0.0675,6.843,11170,31760,2144,1549,0.4468,10.6,structures
44007,0.004223,34.89,28480,153700,649,834,0.5809,29.1,structures
44009,0.09501,14.26,22500,50860,4832,3354,0.4905,47.83,structures
45001,0.00198,7.407,13790,9597,19,9,0.3158,0.06667,structures
45003,0.008736,2.058,16350,80360,702,486,0.4672,1,structures
45005,0.005566,20,92560,4132,23,5,0.08696,0.1,structures
45007,0.003294,10.45,24450,80440,265,118,0.2113,1.233,structures
45009,0.02116,40.58,35090,4727,100,23,0.17,0.9333,structures
45011,0.002723,19.05,12480,7713,21,7,0.09524,0.1333,structures
45013,0.1467,4.598,28280,71090,10430,28200,1.02,129.7,structures
45015,0.04835,2.928,21970,80130,3874,5749,0.8165,16.83,structures
45017,0.004515,5.128,,5316,24,13,0.2917,0.06667,structures
45019,0.3037,5.22,22330,148000,44950,46860,0.7828,244.6,structures
45021,0.003344,8.696,7680,24520,82,23,0.1098,0.2,structures
45023,0.008559,8.333,18980,12850,110,20,0.1364,0.1667,structures
45025,0.003448,18.52,20780,25520,88,18,0.05682,0.3333,structures
45027,0.01283,16.22,19080,16060,206,74,0.1262,1.2,structures
45029,0.1274,12.36,16680,19530,2487,1583,0.5862,19.57,structures
45031,0.006014,33.33,16550,27430,165,84,0.2061,2.8,structures
45033,0.01217,31.87,59300,12000,146,91,0.2534,2.9,structures
45035,0.03201,8.401,29930,54800,1754,2718,0.7104,22.83,structures
45037,0.001858,11.71,32910,8610,16,37,1.062,0.4333,structures
45039,0.03373,11.62,24840,10850,366,175,0.429,2.033,structures
45041,0.01014,24,20030,47130,478,432,0.2887,10.37,structures
45043,0.125,13.78,32890,27380,0,5655,,77.9,policies_lower_bound
45045,0.006259,19.45,20980,180200,1128,1013,0.453,19.7,structures
45047,0.004195,18.92,24040,30990,130,74,0.3,1.4,structures
45049,0.03084,7.692,15230,9564,295,78,0.1864,0.6,structures
45051,0.04206,11.51,39540,139300,0,20390,,234.7,policies_lower_bound
45053,0.112,1.584,25490,10300,1153,1831,0.6036,2.9,structures
45055,0.01915,12.73,13720,28140,539,275,0.3692,3.5,structures
45057,0.004321,4.516,28550,38880,168,155,0.2619,0.7,structures
45059,0.0025,10.2,14710,25600,64,49,0.2812,0.5,structures
45061,0.0198,31.11,13880,6213,123,15,0.02439,0.4667,structures
45063,0.01223,14.42,30270,114100,1395,1311,0.6688,18.9,structures
45065,0.01129,1.587,44070,3012,34,42,0.9118,0.06667,structures
45067,0.07417,53.79,49850,13700,1016,277,0.1762,14.9,structures
45069,0.0313,24.44,19980,8627,270,30,0.04815,0.7333,structures
45071,0.01527,5.346,7076,18800,287,106,0.3415,0.5667,structures
45073,0.003557,8.995,10290,40200,143,63,0.0979,0.5667,structures
45075,0.01511,14.97,29120,38180,577,187,0.2062,2.8,structures
45077,0.003777,11.72,38600,48190,182,128,0.2747,1.5,structures
45079,0.01068,20.31,62530,131700,1407,1764,0.6915,35.83,structures
45081,0.01211,8.333,3225,13210,160,36,0.175,0.3,structures
45083,0.001571,18.45,26020,120900,190,224,0.3421,4.133,structures
45085,0.0233,15.95,32250,51060,1190,512,0.1992,8.167,structures
45087,0.002564,0,,16770,43,1,0,0,structures
45089,0.04882,30.24,36250,19050,930,97,0.07097,2.933,structures
45091,0.00298,4.961,13060,91620,273,383,0.4799,1.9,structures
46003,0.004425,22.22,49990,2938,13,3,0.1538,0.06667,structures
46005,0.01335,41.67,17740,10560,141,8,0.01418,0.3333,structures
46007,0,,,1083,0,0,,0,structures
46009,0,66.67,12090,4539,0,1,,0.06667,structures
46011,0.05199,57.63,12220,13660,710,59,0.05634,3.4,structures
46013,0.05161,85.96,12010,17130,884,114,0.08145,9.8,structures
46015,0,,78000,3950,0,0,,0.06667,structures
46017,0,,,717,0,0,,0,structures
46019,0.0486,8.642,2725,4095,199,27,0.1206,0.2333,structures
46021,0,33.33,165900,2042,0,1,,0.03333,structures
46023,0.01635,116.7,64340,4037,66,2,0.01515,0.2333,structures
46025,0.001306,33.33,20320,1531,0,10,,0.3333,policies_lower_bound
46027,0.004478,66.67,5994,6253,28,6,0,0.4,structures
46029,0.09027,45.82,18590,12850,1160,243,0.1922,11.13,structures
46031,0.01485,0,,2357,35,1,0,0,structures
46033,0.05562,35.61,17300,5843,325,44,0.1262,1.567,structures
46035,0.01338,16.67,82740,8968,120,44,0.175,0.7333,structures
46037,0.002358,566.7,20620,4240,0,12,,6.8,policies_lower_bound
46039,0,0,,3390,0,1,,0,structures
46041,0,,,1724,0,0,,0,structures
46043,0.0007275,8.333,520.3,2749,0,4,,0.03333,policies_lower_bound
46045,0,133.3,989.9,3552,0,1,,0.1333,structures
46047,0.02987,0,,4954,148,8,0.0473,0,structures
46049,0,100,2603,934,0,1,,0.1,structures
46051,0.03914,154.2,9924,4573,179,8,0.02793,1.233,structures
46053,0,100,55780,4552,0,1,,0.1,structures
46055,0.005319,13.33,,940,0,5,,0.06667,policies_lower_bound
46057,0.01262,168.9,16030,3646,0,61,,10.3,policies_lower_bound
46059,0,266.7,17410,1579,0,1,,0.2667,structures
46061,0.01512,46.67,25940,2117,32,5,0.0625,0.2333,structures
46063,0,,,1941,0,0,,0,structures
46065,0.02218,75.76,10390,7303,162,33,0.1358,2.5,structures
46067,0.01427,22.22,25620,5255,75,15,0.16,0.3333,structures
46069,0,,,1694,0,0,,0.03333,structures
46071,0,,,1775,0,0,,0,structures
46073,0,0,,2118,0,1,,0,structures
46075,0,,,682,0,0,,0,structures
46077,0.002035,116.7,12980,4913,0,10,,1.167,policies_lower_bound
46079,0.04189,55.16,28900,6780,284,139,0.2782,7.667,structures
46081,0.048,8.547,19440,13420,644,78,0.08696,0.6667,structures
46083,0.006681,15.9,47780,21400,143,65,0.1818,1.033,structures
46085,0,66.67,79730,1506,0,2,,0.1333,structures
46087,0.01811,45,21190,5466,99,20,0.1515,0.9,structures
46089,0,,7455,1205,0,0,,0.1,structures
46091,0,,12920,2714,0,0,,0.4,structures
46093,0.03473,8.718,3539,12210,424,65,0.1415,0.5667,structures
46095,0,,,1266,0,0,,0,structures
46097,0,,,2284,0,0,,0,structures
46099,0.01001,50.31,17740,62350,624,214,0.1907,10.77,structures
46101,0.03792,97.92,16540,4351,165,16,0.07879,1.567,structures
46102,0,,,3321,0,0,,0,structures
46103,0.03118,12.91,8683,40120,1251,253,0.1559,3.267,structures
46105,0,,,3282,0,0,,0,structures
46107,0,,,1340,0,0,,0,structures
46109,0.05563,50.67,14340,5141,286,25,0.04545,1.267,structures
46111,0.01346,200,13180,2080,28,1,0.03571,0.2,structures
46115,0.04596,131,19030,5614,258,14,0.03488,1.833,structures
46117,0.1988,40.15,28790,1197,238,88,0.2101,3.533,structures
46119,0,,7598,785,0,0,,0.1333,structures
46121,0.0003962,133.3,968.6,2524,0,1,,0.1333,policies_lower_bound
46123,0.0001828,0,,5469,0,1,,0,policies_lower_bound
46125,0.003451,26.19,50230,7245,0,28,,0.7333,policies_lower_bound
46127,0.02639,72.19,37020,7883,208,199,0.2596,14.37,structures
46129,0,0,,2486,0,1,,0,structures
46135,0.03614,22.71,31660,7499,271,69,0.1919,1.567,structures
46137,0.001205,50,3427,830,0,2,,0.1,policies_lower_bound
47001,0.008834,15.31,7554,31240,276,98,0.1558,1.5,structures
47003,0.01139,20.51,13290,20460,233,39,0.09871,0.8,structures
47005,0.02325,7.843,13950,9247,215,34,0.1349,0.2667,structures
47007,0.004462,0,,6724,30,3,0.1,0,structures
47009,0.01234,6.375,12270,55040,679,251,0.2297,1.6,structures
47011,0.01172,22.27,15540,37950,445,211,0.3708,4.7,structures
47013,0.01656,18.3,16950,19020,315,51,0.1016,0.9333,structures
47015,0.03748,30.37,14960,7018,263,45,0.1293,1.367,structures
47017,0.003151,33.33,31760,13330,42,8,0.07143,0.2667,structures
47019,0.06532,22.35,24430,25570,1670,361,0.1952,8.067,structures
47021,0.0269,48.47,60390,16400,441,251,0.3651,12.17,structures
47023,0.001285,9.524,20920,7003,9,7,0.2222,0.06667,structures
47025,0.01516,31.75,23340,15110,229,21,0.0786,0.6667,structures
47027,0.01141,61.54,20750,4644,53,13,0.0566,0.8,structures
47029,0.04599,11.37,72900,17550,807,173,0.1945,1.967,structures
47031,0.01471,7.116,14360,23460,345,89,0.1768,0.6333,structures
47033,0.01135,30.3,49560,6698,76,11,0.05263,0.3333,structures
47035,0.000433,6.061,7780,30020,13,22,0.07692,0.1333,structures
47037,0.01532,32.08,39760,222200,3405,3818,0.568,122.5,structures
47039,0.1092,26.38,18660,7209,787,139,0.1715,3.667,structures
47041,0.02035,17.17,12400,9826,200,33,0.13,0.5667,structures
47043,0.005839,32.73,80140,21240,124,55,0.1532,1.8,structures
47045,0.04986,43.95,22730,15280,762,179,0.185,7.867,structures
47047,0.004858,10.22,46050,18320,89,75,0.2584,0.7667,structures
47049,0.002545,0,,9823,25,4,0.04,0,structures
47051,0.01716,13.22,8526,20450,351,58,0.1168,0.7667,structures
47053,0.02534,22.51,22840,21110,535,114,0.1364,2.567,structures
47055,0.03357,7.443,11870,15020,504,103,0.1389,0.7667,structures
47057,0.005507,4.444,12250,12710,70,15,0.1286,0.06667,structures
47059,0.008659,11.4,45820,33260,288,76,0.1285,0.8667,structures
47061,0.009615,5.128,35750,7176,69,13,0.1159,0.06667,structures
47063,0.005493,7.937,17130,24390,134,63,0.3657,0.5,structures
47065,0.02939,22.93,20370,128900,3789,1269,0.2241,29.1,structures
47067,0.07035,26.67,23270,4023,283,15,0.04594,0.4,structures
47069,0.006672,25,4104,11240,75,4,0.05333,0.1,structures
47071,0.07519,30.04,27130,14740,1108,152,0.13,4.567,structures
47073,0.006208,8.642,11590,27220,169,54,0.1775,0.4667,structures
47075,0.04803,30.83,23030,7787,374,80,0.1952,2.467,structures
47077,0.004215,33.33,37460,12810,54,14,0.09259,0.4667,structures
47079,0.02027,7.56,6933,17610,357,97,0.2325,0.7333,structures
47081,0.01479,31.85,63090,10480,155,45,0.1226,1.433,structures
47083,0.04378,16.67,31780,4226,185,20,0.1027,0.3333,structures
47085,0.04612,87.65,51810,9301,429,81,0.1422,7.1,structures
47087,0.02376,35.71,18650,6060,144,14,0.05556,0.5,structures
47089,0.007577,5.622,17100,24810,188,83,0.2979,0.4667,structures
47091,0.03741,13.46,42040,9382,351,104,0.2422,1.4,structures
47093,0.005374,16.75,12790,167500,900,772,0.4144,12.93,structures
47095,0.03811,21.33,20810,2309,88,25,0.1023,0.5333,structures
47097,0.04247,72.64,24010,9819,417,67,0.1391,4.867,structures
47099,0.00588,37.04,24750,19390,114,27,0.1228,1,structures
47101,0.01789,30.95,27760,5814,104,14,0.07692,0.4333,structures
47103,0.01126,19.66,20110,16780,189,39,0.1005,0.7667,structures
47105,0.00654,16.67,16640,24620,161,72,0.1304,1.2,structures
47107,0.007461,8,6015,23720,177,25,0.08475,0.2,structures
47109,0.01087,19.44,15770,12420,135,12,0.08148,0.2333,structures
47111,0.01751,26.19,12940,10560,185,14,0.05946,0.3667,structures
47113,0.01051,20.28,20660,37880,398,166,0.2161,3.367,structures
47115,0.034,32.23,15260,13320,453,91,0.1567,2.933,structures
47117,0.03254,13.4,14790,14750,480,102,0.1771,1.367,structures
47119,0.01447,25.6,23070,38150,552,168,0.163,4.3,structures
47121,0.01106,11.11,15210,6690,74,6,0.02703,0.06667,structures
47123,0.01115,6.79,21280,22420,250,54,0.104,0.3667,structures
47125,0.002085,31.63,38290,66180,138,254,0.529,8.033,structures
47127,0.0177,0,,3276,58,4,0.06897,0,structures
47129,0.005405,14.81,4673,9435,51,9,0.1373,0.1333,structures
47131,0.03691,27.95,19990,14360,530,130,0.2151,3.633,structures
47133,0.004129,30.3,19900,10900,45,11,0.1556,0.3333,structures
47135,0.09967,52.31,24940,4605,459,65,0.1089,3.4,structures
47137,0.006275,0,,3506,22,4,0.1364,0,structures
47139,0.02102,17.26,19400,9136,192,56,0.25,0.9667,structures
47141,0.003971,15.05,33020,29210,116,62,0.1379,0.9333,structures
47143,0.05143,15.41,8442,14680,755,106,0.1192,1.633,structures
47145,0.01051,8.754,8973,24930,262,99,0.2137,0.8667,structures
47147,0.004601,36.54,42850,28040,129,52,0.1783,1.9,structures
47149,0.02041,11.62,18430,98450,2009,1067,0.3529,12.4,structures
47151,0.01548,0,,9691,150,22,0.06667,0,structures
47153,0.03016,20.43,6175,6996,211,31,0.128,0.6333,structures
47155,0.03431,13.85,12140,46630,1600,426,0.2144,5.9,structures
47157,0.01001,10.62,39190,303300,3036,1978,0.1789,21,structures
47159,0.04452,43.06,30770,8806,392,96,0.2041,4.133,structures
47161,0.007911,13.79,24480,6952,55,29,0.2909,0.4,structures
47163,0.01578,15.41,16810,61200,966,266,0.1946,4.1,structures
47165,0.01267,33.67,23000,65280,827,598,0.3543,20.13,structures
47167,0.01104,17.89,44890,22820,252,136,0.2857,2.433,structures
47169,0.02571,43.59,12170,3851,99,13,0.08081,0.5667,structures
47171,0.0485,13.24,15590,8041,390,136,0.2872,1.8,structures
47173,0.007238,16.67,23150,9533,69,10,0.07246,0.1667,structures
47175,0.03271,25,49090,3455,113,16,0.1327,0.4,structures
47177,0.01086,17.86,11650,17490,190,28,0.1158,0.5,structures
47179,0.01053,13.56,38270,49300,519,204,0.1773,2.767,structures
47181,0.05672,36.31,25360,7846,445,56,0.1011,2.033,structures
47183,0.006419,9.333,6358,14020,90,25,0.2333,0.2333,structures
47185,0.007221,15.15,17790,12190,88,11,0.04545,0.1667,structures
47187,0.01487,22.07,35800,53520,796,1284,0.8631,28.33,structures
47189,0.01967,23.46,17010,52320,1029,611,0.3576,14.33,structures
48001,0.00981,12.7,26400,16720,164,42,0.1037,0.5333,structures
48003,0,0,,6853,0,2,,0,structures
48005,0.02587,21.94,24390,32740,847,310,0.2515,6.8,structures
48007,0.1788,26.24,37560,14940,2671,3808,0.687,99.93,structures
48009,0.04296,18.8,46640,3422,147,39,0.1565,0.7333,structures
48011,0,,,829,0,0,,0,structures
48013,0.05152,6.475,20610,21390,1102,139,0.08802,0.9,structures
48015,0.04443,20.04,48820,12290,546,474,0.3278,9.5,structures
48017,0.004814,0,,2285,0,12,,0,policies_lower_bound
48019,0.08098,20.69,36440,11380,922,232,0.1475,4.8,structures
48021,0.03357,20.46,38790,37300,1252,474,0.2109,9.7,structures
48023,0.00314,0,,2229,0,8,,0,policies_lower_bound
48025,0.0777,9.787,27360,8147,633,235,0.2433,2.3,structures
48027,0.01092,15.25,40290,114000,1245,837,0.2892,12.77,structures
48029,0.01081,11.45,21140,567500,6137,4411,0.2843,50.5,structures
48031,0.002711,11.51,109500,5901,0,84,,0.9667,policies_lower_bound
48033,0,,,389,0,0,,0,structures
48035,0.039,12.22,69410,7795,304,60,0.1349,0.7333,structures
48037,0.02736,23.1,38040,31910,873,215,0.1753,4.967,structures
48039,0.2179,15.51,52240,121700,26530,27420,0.4277,425.1,structures
48041,0.01614,10.51,24720,62390,1007,1266,0.4161,13.3,structures
48043,0.02654,2.239,12060,4785,0,134,,0.3,policies_lower_bound
48045,0,,,916,0,0,,0,structures
48047,0.5729,9.091,6764,2646,1516,88,0.04815,0.8,structures
48049,0.1209,24.81,25460,17260,2086,387,0.1659,9.6,structures
48051,0.03955,8.943,22940,8622,341,82,0.1408,0.7333,structures
48053,0.0766,15.17,56400,23880,1829,1202,0.5309,18.23,structures
48055,0.03808,24.82,51800,16070,612,231,0.2876,5.733,structures
48057,0.1964,11.1,20270,10970,2154,1585,0.3988,17.6,structures
48059,0.0002076,8.333,930.1,4817,0,8,,0.06667,policies_lower_bound
48061,0.09471,12.08,45250,125300,11870,12200,0.3668,147.4,structures
48063,0,,,4308,0,0,,0,structures
48065,0.002354,11.11,18160,2974,0,9,,0.1,policies_lower_bound
48067,0.0147,15,14170,13260,195,20,0.06154,0.3,structures
48069,0.0003891,0,,2570,0,4,,0,policies_lower_bound
48071,0.05052,16.05,84340,15240,770,3453,0.4286,55.43,structures
48073,0.03117,17.76,15920,20050,625,107,0.1376,1.9,structures
48075,0,0,,2739,0,1,,0,structures
48077,0.00581,20.18,61650,4991,0,38,,0.7667,policies_lower_bound
48079,0.0007102,0,,1408,0,1,,0,policies_lower_bound
48081,0.001615,0,,2477,0,7,,0,policies_lower_bound
48083,0.001408,28.57,17310,4970,0,14,,0.4,policies_lower_bound
48085,0.003083,4.686,28530,300700,927,1451,0.3366,6.8,structures
48087,0.01407,5,16920,1421,0,20,,0.1,policies_lower_bound
48089,0.0754,6.711,58810,8979,677,303,0.2112,2.033,structures
48091,0.02261,22.36,62240,62280,1408,1500,0.4624,33.53,structures
48093,0.003408,9.524,13800,6748,0,28,,0.2667,policies_lower_bound
48095,0.0006618,33.33,26340,1511,0,1,,0.03333,policies_lower_bound
48097,0.03086,32.92,43950,16400,506,161,0.2312,5.3,structures
48099,0.01114,16.25,23590,22900,255,119,0.2314,1.933,structures
48101,0,,,805,0,0,,0,structures
48103,0,,,1658,0,0,,0,structures
48105,0.009841,1.754,11660,1829,0,19,,0.03333,policies_lower_bound
48107,0.002733,4.762,32520,2561,0,7,,0.03333,policies_lower_bound
48109,0.00496,0,,1008,0,5,,0,policies_lower_bound
48111,0.002595,11.11,884.3,2697,0,9,,0.1,policies_lower_bound
48113,0.01016,9.87,36640,615800,6257,4809,0.3967,47.47,structures
48115,0.01347,13.89,13350,4752,64,12,0.1406,0.1667,structures
48117,0.0008209,20,21070,6091,0,5,,0.1,policies_lower_bound
48119,0,,2841,2412,0,0,,0.03333,structures
48121,0.00778,6.59,33890,256300,1994,1740,0.2768,11.47,structures
48123,0.07878,26,35050,8467,667,200,0.1484,5.2,structures
48125,0,,,1186,0,0,,0,structures
48127,0.005392,12.7,78740,3524,0,21,,0.2667,policies_lower_bound
48129,0.002648,33.33,1560,1888,0,5,,0.1667,policies_lower_bound
48131,0.09156,14.49,31900,4303,394,23,0.04569,0.3333,structures
48133,0.008233,70.89,36060,8381,69,71,0.7971,5.033,structures
48135,0.1043,5.582,20930,56920,5938,830,0.129,4.633,structures
48137,0,,,1369,0,0,,0,structures
48139,0.01454,8.742,60420,60600,881,469,0.2917,4.1,structures
48141,0.008543,7.866,14790,244600,0,2695,,21.2,policies_lower_bound
48143,0.0167,11.31,38970,14010,234,56,0.1624,0.6333,structures
48145,0.0001761,50,23700,5679,0,2,,0.1,policies_lower_bound
48147,0.03758,8.153,60600,14160,532,139,0.2256,1.133,structures
48149,0.03408,19.1,67130,12500,426,171,0.1502,3.267,structures
48151,0,,27660,1649,0,0,,0.1,structures
48153,0.0004141,0,,2415,0,1,,0,policies_lower_bound
48155,0.001495,0,,669,0,1,,0,policies_lower_bound
48157,0.02554,5.352,97040,255900,6535,39540,0.4191,211.6,structures
48159,0.0006219,43.33,32630,4824,0,10,,0.4333,policies_lower_bound
48161,0.001248,15.48,67860,8012,0,28,,0.4333,policies_lower_bound
48163,0.0009872,23.81,18520,5065,0,7,,0.1667,policies_lower_bound
48165,0.0009255,4.762,15240,6483,0,7,,0.03333,policies_lower_bound
48167,0.3511,24.06,64400,125300,43980,52890,0.6599,1273,structures
48169,0,33.33,11850,1860,0,1,,0.03333,structures
48171,0.004865,1.961,8338,12540,0,153,,0.3,policies_lower_bound
48173,0,,,452,0,0,,0,structures
48175,0.05129,10.85,29930,2905,149,43,0.1275,0.4667,structures
48177,0.08658,42.04,31160,7912,685,134,0.1591,5.633,structures
48179,0.00763,22.22,3656,9568,73,3,0.0274,0.06667,structures
48181,0.0157,30.96,43530,57640,905,281,0.1691,8.7,structures
48183,0.01861,15.37,32090,42010,782,258,0.234,3.967,structures
48185,0.0401,9.983,24720,9926,398,197,0.1633,1.967,structures
48187,0.07078,34.18,53460,62020,4390,2244,0.3984,76.7,structures
48189,0.07016,3.509,8917,11600,814,57,0.06634,0.2,structures
48191,0,66.67,1380,1620,0,1,,0.06667,structures
48193,0.001352,13.33,5523,3697,0,5,,0.06667,policies_lower_bound
48195,0,33.33,966.2,2113,0,1,,0.03333,structures
48197,0,,,1992,0,0,,0,structures
48199,0.0691,21.03,121700,21330,1474,2595,0.4342,54.57,structures
48201,0.09087,20.18,72760,1246000,113200,206300,0.4837,4162,structures
48203,0.03836,37.08,27830,32300,1239,169,0.09362,6.267,structures
48205,0,0,,1896,0,1,,0,structures
48207,0.0107,44.44,30450,2898,0,54,,2.4,policies_lower_bound
48209,0.02887,24.94,60670,70420,2033,1620,0.4397,40.4,structures
48211,0,,,1439,0,0,,0,structures
48213,0.03026,9.63,19210,40440,1224,225,0.1021,2.167,structures
48215,0.00864,12.69,37660,241800,0,9038,,114.7,policies_lower_bound
48217,0.0198,8.92,22630,15450,306,71,0.1601,0.6333,structures
48219,0.004211,9.22,12910,9025,0,47,,0.4333,policies_lower_bound
48221,0.03467,10.77,30230,27660,959,458,0.2982,4.933,structures
48223,0.01099,15.15,10750,13100,144,55,0.25,0.8333,structures
48225,0.02867,7.692,19490,8197,235,65,0.06383,0.5,structures
48227,0.01185,9.22,32470,11640,138,47,0.1739,0.4333,structures
48229,0.00314,0,,1274,0,5,,0,policies_lower_bound
48231,0.01655,10.69,37510,38900,644,159,0.163,1.7,structures
48233,0.000215,13.33,7258,9303,0,5,,0.06667,policies_lower_bound
48235,0.0013,13.33,13410,769,0,5,,0.06667,policies_lower_bound
48237,0.01773,25,47410,3272,58,8,0.03448,0.2,structures
48239,0.2218,8.936,20220,7222,1602,470,0.1804,4.2,structures
48241,0.06039,19.53,47450,11720,708,285,0.1893,5.567,structures
48243,0.004484,0,,1338,0,10,,0,policies_lower_bound
48245,0.03317,29.12,79760,84840,0,18640,,542.9,policies_lower_bound
48247,0.004617,22.22,4820,2166,0,12,,0.2667,policies_lower_bound
48249,0.09833,13.17,12620,12800,1259,377,0.1986,4.967,structures
48251,0.02306,13.07,26020,63140,1456,510,0.2404,6.667,structures
48253,0.04329,30.99,56010,6052,262,71,0.2366,2.2,structures
48255,0.06207,13.1,15650,6541,406,28,0.03202,0.3667,structures
48257,0.01218,8.957,37730,49080,598,227,0.1789,2.033,structures
48259,0.03971,15.83,25280,14430,573,379,0.3124,6,structures
48261,0.00813,0,,246,0,2,,0,policies_lower_bound
48263,0,,,483,0,0,,0,structures
48265,0.0549,13.97,95620,21350,1172,520,0.3259,7.267,structures
48267,0.01026,7.5,36870,2242,0,40,,0.3,policies_lower_bound
48269,0,,,150,0,0,,0,structures
48271,0.003123,14.29,31760,1921,0,14,,0.2,policies_lower_bound
48273,0.08169,9.185,16200,9818,802,450,0.1808,4.133,structures
48275,0,0,,1507,0,1,,0,structures
48277,0.03128,29.63,22830,17100,535,117,0.1776,3.467,structures
48279,0.001209,4.762,,5790,0,7,,0.03333,policies_lower_bound
48281,0.006073,13.33,25830,7739,0,100,,1.333,policies_lower_bound
48283,0.0008514,200,9908,2349,0,3,,0.6,policies_lower_bound
48285,0.05217,7.042,16450,9488,495,142,0.1697,1,structures
48287,0.009047,24.69,33020,6411,58,27,0.1724,0.6667,structures
48289,0.02986,7.843,21630,8841,264,34,0.07197,0.2667,structures
48291,0.1107,33.56,49680,32540,3601,1918,0.1922,64.37,structures
48293,0.02258,99.44,24120,8903,201,60,0.1592,5.967,structures
48295,0.009346,16.67,79280,1284,0,12,,0.2,policies_lower_bound
48297,0.01274,17.19,22210,4787,0,95,,1.633,policies_lower_bound
48299,0.1009,20.17,44760,14570,1470,1038,0.5558,20.93,structures
48301,0,,,66,0,0,,0,structures
48303,0.05431,9.368,11760,102300,5555,765,0.114,7.167,structures
48305,0,33.33,21730,2492,0,1,,0.03333,structures
48307,0.003384,2.083,18990,3546,0,16,,0.03333,policies_lower_bound
48309,0.02128,10.04,21470,77760,1655,770,0.3257,7.733,structures
48311,0.003846,6.667,642,520,0,10,,0.06667,policies_lower_bound
48313,0.003427,17.78,23030,4669,0,30,,0.5333,policies_lower_bound
48315,0.0009361,115.2,20850,4273,0,11,,1.267,policies_lower_bound
48317,0.004103,0,,1706,0,7,,0,policies_lower_bound
48319,0.002167,14.81,28100,1846,0,9,,0.1333,policies_lower_bound
48321,0.2837,16.96,23470,15930,4518,2405,0.3329,40.8,structures
48323,0.04583,37.47,34710,17870,819,121,0.1233,4.533,structures
48325,0.07399,11.76,32400,19220,1422,357,0.166,4.2,structures
48327,0.05611,6.667,21200,1194,0,70,,0.4667,policies_lower_bound
48329,0.01699,2.312,19020,54040,0,1038,,2.4,policies_lower_bound
48331,0.003171,7.971,21290,10720,0,46,,0.3667,policies_lower_bound
48333,0,0,,3020,0,2,,0,structures
48335,0.0005429,0,,3684,0,2,,0,policies_lower_bound
48337,0.03508,17.99,30140,7924,278,63,0.1763,1.133,structures
48339,0.03631,13.7,69680,198500,7208,21230,0.355,290.8,structures
48341,0.001488,0,,6720,0,10,,0,policies_lower_bound
48343,0.002445,9.524,6507,4908,0,14,,0.1333,policies_lower_bound
48345,0,,,648,0,0,,0,structures
48347,0.01468,18.71,66060,20430,300,114,0.19,2.133,structures
48349,0.02789,19.58,34150,21440,598,143,0.1622,2.8,structures
48351,0.118,57.09,65760,5990,707,268,0.2801,15.3,structures
48353,0.008448,16.94,33300,6037,0,61,,1.033,policies_lower_bound
48355,0.09665,9.554,37690,113100,0,19660,,187.8,policies_lower_bound
48357,0,,,3621,0,0,,0,structures
48359,0,,,830,0,0,,0,structures
48361,0.1233,33.79,98000,37140,0,11070,,374.1,policies_lower_bound
48363,0.06365,16.27,21280,12520,797,127,0.123,2.067,structures
48365,0.0001144,5.128,16080,8742,0,13,,0.06667,policies_lower_bound
48367,0.03323,10.88,23590,44720,1486,429,0.1871,4.667,structures
48369,0.0002996,0,,3338,0,1,,0,policies_lower_bound
48371,0.001465,0,,5460,0,9,,0,policies_lower_bound
48373,0.06984,15.6,44580,22020,1538,549,0.2529,8.567,structures
48375,0.01097,4.141,12290,40740,447,161,0.2416,0.6667,structures
48377,0.003149,0,,3176,0,18,,0,policies_lower_bound
48379,0.01994,10.26,59540,6470,129,13,0.07752,0.1333,structures
48381,0.01436,10.96,23510,50690,728,304,0.3049,3.333,structures
48383,0,,,1448,0,0,,0,structures
48385,0.0435,13.6,14020,1977,0,125,,1.7,policies_lower_bound
48387,0.0002361,0,,4236,0,1,,0,policies_lower_bound
48389,0.002915,4.762,1020,4117,0,14,,0.06667,policies_lower_bound
48391,0.05135,28.05,34860,3038,156,101,0.1859,2.833,structures
48393,0,,,397,0,0,,0,structures
48395,0.07643,12.84,34590,7471,571,135,0.2102,1.733,structures
48397,0.009759,9.916,23670,33710,329,158,0.1793,1.567,structures
48399,0.0004686,10,41740,4268,0,10,,0.1,policies_lower_bound
48401,0.01802,18.13,10150,18040,325,57,0.1077,1.033,structures
48403,0.0002841,12.5,11500,7040,0,8,,0.1,policies_lower_bound
48405,0.006573,6.897,27430,3195,0,29,,0.2,policies_lower_bound
48407,0.09866,21.28,37480,16640,1642,379,0.1547,8.067,structures
48409,0.1216,12.82,20610,24260,2951,2174,0.3189,27.87,structures
48411,0.0329,10.26,44500,2097,0,78,,0.8,policies_lower_bound
48413,0.0007052,33.33,,1418,0,1,,0.03333,policies_lower_bound
48415,0.0002975,0,,6722,0,5,,0,policies_lower_bound
48417,0.008264,20,11440,1573,0,15,,0.3,policies_lower_bound
48419,0.001464,5.797,33160,9564,0,23,,0.1333,policies_lower_bound
48421,0,,,827,0,0,,0,structures
48423,0.008727,12.74,26990,79630,695,458,0.3237,5.833,structures
48425,0.01038,9.929,31490,3469,0,47,,0.4667,policies_lower_bound
48427,0.1389,14.91,33440,17010,2363,152,0.03809,2.267,structures
48429,0.01042,14.23,18810,3264,34,89,2.294,1.267,structures
48431,0,,,576,0,0,,0,structures
48433,0,,,797,0,0,,0,structures
48435,0.005515,50,38290,1632,0,12,,0.6,policies_lower_bound
48437,0.003868,2.778,9064,3102,0,12,,0.03333,policies_lower_bound
48439,0.002023,11.19,31120,575000,1163,4999,2.276,55.93,structures
48441,0.1705,10.47,27010,50230,8566,1923,0.203,20.13,structures
48443,0,0,,662,0,2,,0,structures
48445,0.001023,50,18180,3910,0,6,,0.3,policies_lower_bound
48447,0.001088,66.67,78830,919,0,1,,0.06667,policies_lower_bound
48449,0.008759,6.667,80370,10500,92,25,0.1522,0.1667,structures
48451,0.0333,9.211,47700,41920,1396,579,0.2815,5.333,structures
48453,0.01995,16.15,40590,309900,6184,6295,0.5268,101.7,structures
48455,0.001694,69.17,22670,7676,0,40,,2.767,policies_lower_bound
48457,0.05465,34.48,31720,10190,557,116,0.1041,4,structures
48459,0.01049,7.527,34770,15060,158,31,0.1203,0.2333,structures
48461,0,,,1629,0,0,,0,structures
48463,0.08817,7.944,55500,10750,948,214,0.1867,1.7,structures
48465,0.04746,22.57,29010,17210,817,189,0.1812,4.267,structures
48467,0.02477,8.723,35230,21070,522,107,0.1456,0.9333,structures
48469,0.007949,15.34,24270,33460,0,939,,14.4,policies_lower_bound
48471,0.04217,20.48,59700,20680,872,485,0.2649,9.933,structures
48473,0.08431,13.35,61400,17570,1481,1927,0.3147,25.73,structures
48475,0.0002037,0,,4910,0,3,,0,policies_lower_bound
48477,0.01534,10,35710,13040,200,180,0.21,1.8,structures
48479,0.03854,13.09,24280,70920,2733,484,0.1493,6.333,structures
48481,0.2916,20.31,57380,16210,4727,1617,0.2177,32.83,structures
48483,0.002441,4.762,29960,2458,0,7,,0.03333,policies_lower_bound
48485,0.0474,19.99,32370,47450,2249,602,0.1854,12.03,structures
48487,0.002108,5.128,45000,4744,0,13,,0.06667,policies_lower_bound
48489,0.4676,17.01,25200,6082,2844,588,0.147,10,structures
48491,0.007287,8.107,51190,177200,1291,1949,0.4578,15.8,structures
48493,0.03213,10.98,34480,20230,650,173,0.1615,1.9,structures
48495,0,,,3420,0,0,,0,structures
48497,0.02155,11.97,29900,28450,613,156,0.1713,1.867,structures
48499,0.01167,4.233,32080,18430,215,63,0.1488,0.2667,structures
48501,0.009511,12.22,6518,3049,0,30,,0.3667,policies_lower_bound
48503,0.06675,7.143,19790,8045,537,56,0.09497,0.4,structures
48505,0.09609,4.444,18740,5682,546,30,0.04396,0.1333,structures
48507,0.01332,20.34,16210,4128,0,59,,1.2,policies_lower_bound
49001,0,,,1862,0,0,,0,structures
49003,0.005314,3.509,,17690,94,38,0.2766,0.1333,structures
49005,0.02144,12.05,5650,34520,740,83,0.05811,1,structures
49007,0.04126,5.833,66500,7926,327,40,0.09786,0.2333,structures
49009,0,0,,1217,0,1,,0,structures
49011,0.004085,6.687,6989,99140,405,329,0.1136,2.2,structures
49013,0.0005516,0,,9064,0,6,,0,policies_lower_bound
49015,0.001881,12.5,6079,4254,0,8,,0.1,policies_lower_bound
49017,0.004344,1.149,7179,5525,0,29,,0.03333,policies_lower_bound
49019,0.04125,0.9901,15500,4655,192,101,0.3281,0.1,structures
49021,0.001419,6.944,10820,17610,0,96,,0.6667,policies_lower_bound
49023,0.001606,11.11,,3736,0,6,,0.06667,policies_lower_bound
49025,0.001191,8.889,16380,5875,0,30,,0.2667,policies_lower_bound
49027,0.0002164,11.11,95620,4622,0,3,,0.03333,policies_lower_bound
49029,0.03618,5.051,2554,3842,139,33,0.1007,0.1667,structures
49031,0.01138,0,,879,0,15,,0,policies_lower_bound
49033,0,16.67,2842,2855,0,2,,0.03333,structures
49035,0.005847,4.141,13240,324800,1899,813,0.1648,3.367,structures
49037,0,0,,5642,0,4,,0,structures
49039,0.03693,1.235,502.7,8529,315,81,0.2095,0.1,structures
49041,0.03449,0.8772,,7944,274,76,0.2299,0.06667,structures
49043,0.02883,5.829,7769,23310,672,183,0.08929,1.067,structures
49045,0.007687,3.623,11790,21080,162,46,0.1358,0.1667,structures
49047,0.03089,5.556,3811,10620,328,54,0.122,0.3,structures
49049,0.005096,3.437,8449,173900,886,514,0.2686,1.767,structures
49051,0.007211,2.64,9720,14010,101,101,0.4059,0.2667,structures
49053,0.007835,6.4,19840,73260,574,250,0.1429,1.6,structures
49055,0,,,1511,0,0,,0,structures
49057,0.01162,7.342,8105,89610,1041,227,0.08357,1.667,structures
50001,0.003242,20.6,24420,15110,0,123,,2.533,policies_lower_bound
50003,0.03302,9.804,16710,16170,534,238,0.2753,2.333,structures
50005,0.007269,43.9,21870,14030,0,123,,5.4,policies_lower_bound
50007,0.007646,21.08,25270,46560,356,283,0.3483,5.967,structures
50009,0.003078,13.73,5680,4548,0,17,,0.2333,policies_lower_bound
50011,0.004208,24.75,24530,19490,0,132,,3.267,policies_lower_bound
50013,0.01078,21.37,20510,5193,0,78,,1.667,policies_lower_bound
50015,0.005702,27.2,40510,11050,0,125,,3.4,policies_lower_bound
50017,0.005625,16.39,29940,13690,0,120,,1.967,policies_lower_bound
50019,0.001876,49.33,21540,14390,0,50,,2.467,policies_lower_bound
50021,0.03237,31.43,18760,27000,874,245,0.1934,7.7,structures
50023,0.0438,39.02,39120,23900,1047,557,0.3782,21.73,structures
50025,0.03565,23.67,39870,21010,749,269,0.1562,6.367,structures
50027,0.04108,25.48,46560,25730,1057,488,0.281,12.43,structures
51001,0.2729,10.7,16240,19850,5418,2660,0.4205,28.47,structures
51003,0.005394,7.451,13510,38380,207,170,0.1353,1.267,structures
51005,0.09972,40,13560,7591,757,115,0.1176,4.6,structures
51007,0.006491,46.67,17580,4930,32,5,0.0625,0.2333,structures
51009,0.01515,10.83,9744,13340,202,40,0.1287,0.4333,structures
51011,0.005316,23.81,14420,7148,38,7,0.1316,0.1667,structures
51013,0.002123,8.333,17070,37690,80,716,1.762,5.967,structures
51015,0.02567,21.12,22840,38960,1000,191,0.128,4.033,structures
51017,0.05925,21.67,11440,2920,173,20,0.0578,0.4333,structures
51019,0.02275,5.81,13490,35950,818,109,0.07702,0.6333,structures
51021,0.1359,34.88,26280,3981,541,43,0.06654,1.5,structures
51023,0.04116,22.14,13520,14460,595,137,0.2017,3.033,structures
51025,0.01355,44.44,5729,6936,94,6,0.03191,0.2667,structures
51027,0.1343,30.53,20650,8086,1086,119,0.07827,3.633,structures
51029,0.007945,8.333,7574,5790,46,4,0.04348,0.03333,structures
51031,0.002458,16.05,19840,18310,45,27,0.1111,0.4333,structures
51033,0.01653,2.825,9817,13550,224,59,0.06696,0.1667,structures
51035,0.004804,15.48,18980,14160,68,28,0.1029,0.4333,structures
51036,0.008062,17.65,8705,3473,28,17,0.1786,0.3,structures
51037,0.004424,0,,4973,22,1,0,0,structures
51041,0.007077,8.974,24240,130300,922,702,0.2625,6.3,structures
51043,0.01349,17.02,23250,6226,84,47,0.2976,0.8,structures
51045,0.05462,31.43,24910,2618,143,35,0.1678,1.1,structures
51047,0.002997,10.83,5822,17680,53,40,0.283,0.4333,structures
51049,0.001002,16.67,26110,4992,0,8,,0.1333,policies_lower_bound
51051,0.04764,33.33,7752,7179,342,19,0.03801,0.6333,structures
51053,0.005724,5.333,9030,11360,65,25,0.1538,0.1333,structures
51057,0.05567,43.2,29640,5820,324,169,0.4012,7.3,structures
51059,0.01013,12.4,17830,337100,3414,3582,0.2168,44.43,structures
51061,0.01623,4.831,9190,33210,539,138,0.06679,0.6667,structures
51063,0.008172,44.44,52690,6730,55,12,0.09091,0.5333,structures
51065,0.001979,5.556,16880,11620,23,36,0.1739,0.2,structures
51067,0.005181,11.29,9635,18720,97,62,0.3196,0.7,structures
51069,0.03067,13.12,11850,34300,1052,94,0.02757,1.233,structures
51071,0.06704,25.09,25770,8294,556,89,0.1331,2.233,structures
51073,0.1009,32.45,27240,16500,1665,1317,0.6144,42.73,structures
51075,0.002172,5.072,5511,10130,22,46,0.2273,0.2333,structures
51077,0.02272,3.922,9384,8540,194,17,0.06186,0.06667,structures
51079,0.01289,13.33,14590,8302,107,50,0.271,0.6667,structures
51081,0.006561,23.81,9703,4420,29,7,0.06897,0.1667,structures
51083,0.00533,20.51,16760,14820,79,13,0.08861,0.2667,structures
51085,0.008614,5.871,20600,43530,375,176,0.112,1.033,structures
51087,0.004377,9.207,18430,70820,310,782,0.9516,7.2,structures
51089,0.01166,38.64,11460,22810,266,44,0.109,1.7,structures
51091,0.03539,12.5,18330,2119,75,16,0.1333,0.2,structures
51093,0.02043,16.33,27260,19480,398,300,0.1357,4.9,structures
51095,0.01519,13.72,19010,30420,462,853,0.7511,11.7,structures
51097,0.03175,17.46,40290,4126,131,42,0.2214,0.7333,structures
51099,0.002921,13.01,11420,8900,26,41,0.2308,0.5333,structures
51101,0.01648,41.67,32160,7403,122,64,0.3443,2.667,structures
51103,0.06784,27.2,16640,7311,496,446,0.5605,12.13,structures
51105,0.04555,30.21,12050,10710,488,32,0.05123,0.9667,structures
51107,0.00122,7.782,23320,57390,70,544,0.9143,4.233,structures
51109,0.002138,100,3127,18710,40,1,0,0.1,structures
51111,0.001056,0,,6629,7,3,0,0,structures
51113,0.01484,10,7220,5190,77,30,0.1429,0.3,structures
51115,0.3269,33.15,21170,5479,1791,1109,0.5031,36.77,structures
51117,0.02038,1.587,2738,16390,334,42,0.05988,0.06667,structures
51119,0.04712,24.63,19810,7279,343,291,0.4111,7.167,structures
51121,0.02176,20.72,31130,28450,619,148,0.1502,3.067,structures
51125,0.033,11.76,11430,12060,398,51,0.04774,0.6,structures
51127,0.009534,10.65,21240,8706,83,97,0.506,1.033,structures
51131,0.02466,6.095,15100,6935,171,350,0.4269,2.133,structures
51133,0.03911,22.57,23590,8412,329,517,0.4742,11.67,structures
51135,0.0005583,8.333,2599,5373,3,4,0.3333,0.03333,structures
51137,0.002338,8.213,20010,14970,35,69,0.5429,0.5667,structures
51139,0.0251,49.51,21790,10920,274,103,0.2372,5.1,structures
51141,0.01597,19.44,35030,7764,124,12,0.04032,0.2333,structures
51143,0.008117,23.81,24290,43360,352,21,0.01705,0.5,structures
51145,0.002178,0.813,4867,11480,25,41,0.32,0.03333,structures
51147,0.004029,2.564,8417,5461,22,13,0.1818,0.03333,structures
51149,0.008653,13.93,16750,11100,96,67,0.1979,0.9333,structures
51153,0.005668,12.62,19320,73040,414,935,0.4638,11.8,structures
51155,0.02972,28.83,34180,14940,444,74,0.1441,2.133,structures
51157,0.02636,6.452,1346,3680,97,31,0.134,0.2,structures
51159,0.03189,29.38,24380,3983,127,59,0.378,1.733,structures
51161,0.01514,33.46,13290,35860,543,265,0.3278,8.867,structures
51163,0.06261,34.6,23180,11370,712,105,0.111,3.633,structures
51165,0.03607,25.86,12170,37430,1350,272,0.1452,7.033,structures
51167,0.03805,25.4,14070,10460,398,42,0.08291,1.067,structures
51169,0.04178,14.38,15170,11150,466,51,0.08155,0.7333,structures
51171,0.02927,55.1,32030,18550,543,98,0.105,5.4,structures
51173,0.06033,22.39,14290,12860,776,134,0.1598,3,structures
51175,0.04171,20.92,31950,8176,341,137,0.2815,2.867,structures
51177,0.001596,6.024,7374,32580,0,249,,1.5,policies_lower_bound
51179,0.007032,12.64,14900,49920,351,377,0.2251,4.767,structures
51181,0.0236,66.67,40200,3178,75,32,0.3467,2.133,structures
51183,0.04372,26.13,5029,4712,206,37,0.1602,0.9667,structures
51185,0.01861,51.39,13030,19880,370,144,0.3162,7.4,structures
51187,0.03374,63.48,23100,16090,543,136,0.1731,8.633,structures
51191,0.0155,12.57,36720,24900,386,122,0.2176,1.533,structures
51193,0.02937,19.52,27970,15220,447,345,0.3669,6.733,structures
51195,0.07799,38.74,11970,14300,1115,154,0.122,5.967,structures
51197,0.04457,7.801,14660,12990,579,94,0.1382,0.7333,structures
51199,0.0356,19.99,25450,22590,804,2493,1.799,49.83,structures
51510,0.01032,10.23,13530,42130,0,991,,10.13,policies_lower_bound
51520,0.0008046,14.29,14160,6214,0,14,,0.2,policies_lower_bound
51530,0.00512,66.67,8810,2539,0,20,,1.333,policies_lower_bound
51540,0.002653,9.132,10510,13190,0,73,,0.6667,policies_lower_bound
51550,0.04893,12.51,13180,78180,0,6474,,80.97,policies_lower_bound
51570,0.003501,46.21,26330,6570,0,44,,2.033,policies_lower_bound
51580,0.01844,71.93,11430,2820,0,57,,4.1,policies_lower_bound
51590,0.001201,69.23,29250,17480,0,39,,2.7,policies_lower_bound
51595,0.004,22.22,3751,2000,0,18,,0.4,policies_lower_bound
51600,0.009487,9.744,33350,6746,0,130,,1.267,policies_lower_bound
51610,0.02303,14.74,10110,3170,0,156,,2.3,policies_lower_bound
51620,0.005836,48.33,23040,2399,0,20,,0.9667,policies_lower_bound
51630,0.004608,10.65,14460,6511,0,72,,0.7667,policies_lower_bound
51640,0,,,2376,0,0,,0,structures
51650,0.141,22.36,15530,46180,0,8195,,183.2,policies_lower_bound
51660,0.004037,14.04,6006,10650,0,57,,0.8,policies_lower_bound
51670,0.00129,23.81,12700,9299,0,21,,0.5,policies_lower_bound
51678,0.001032,30,15090,1938,0,10,,0.3,policies_lower_bound
51680,0.0007095,22.96,24820,23960,0,45,,1.033,policies_lower_bound
51683,0.00126,15.5,8797,11910,0,43,,0.6667,policies_lower_bound
51685,0.0005131,5.556,4890,3898,0,12,,0.06667,policies_lower_bound
51690,0,,,5893,0,0,,0,structures
51700,0.0097,22.33,30490,51650,0,1418,,31.67,policies_lower_bound
51710,0.08947,21.73,13860,58420,0,8261,,179.5,policies_lower_bound
51720,0.01329,20.29,4475,1204,0,23,,0.4667,policies_lower_bound
51730,0.005306,25,18160,11500,0,100,,2.5,policies_lower_bound
51735,0.5798,47.09,18930,4664,0,2936,,138.3,policies_lower_bound
51740,0.07115,17.13,14250,31900,0,3057,,52.37,policies_lower_bound
51750,0.002518,3.03,32190,3177,0,11,,0.03333,policies_lower_bound
51760,0.001115,9.307,19310,62800,0,351,,3.267,policies_lower_bound
51770,0.004803,40.59,9496,33520,0,225,,9.133,policies_lower_bound
51775,0.01368,81.98,35400,8770,0,135,,11.07,policies_lower_bound
51790,0.004484,15.96,8505,10700,0,71,,1.133,policies_lower_bound
51800,0.00467,7.13,27180,30620,0,762,,5.433,policies_lower_bound
51810,0.05018,11.99,23320,122200,0,14810,,177.5,policies_lower_bound
51820,0.00844,68.24,10690,7820,0,85,,5.8,policies_lower_bound
51830,0,3.125,952.5,3624,0,32,,0.1,structures
51840,0.0001302,2.415,10150,7680,1,69,49,0.1667,structures
53001,0.02426,22.22,2338,6925,168,9,0.05357,0.2,structures
53003,0.000782,11.11,13620,8951,0,12,,0.1333,policies_lower_bound
53005,0.001879,14.01,21930,68120,0,188,,2.633,policies_lower_bound
53007,0.009312,7.747,28970,38440,0,469,,3.633,policies_lower_bound
53009,0.00501,6.643,21640,36330,0,281,,1.867,policies_lower_bound
53011,0.007235,7.182,21750,159500,1154,608,0.2851,4.367,structures
53013,0.01491,37.5,7355,1945,0,40,,1.5,policies_lower_bound
53015,0.04018,12.75,31990,42700,1716,839,0.3083,10.7,structures
53017,0.001384,0,,17350,0,29,,0,policies_lower_bound
53019,0.03655,8.333,17910,5171,189,16,0.06878,0.1333,structures
53021,0.0002632,0,,26600,0,14,,0,policies_lower_bound
53023,0.009624,0,,1143,0,13,,0,policies_lower_bound
53025,0.02696,2.564,26280,35690,962,182,0.1767,0.4667,structures
53027,0.1677,17.52,18830,32980,5533,1364,0.1892,23.9,structures
53029,0.06256,9.198,22130,41130,2573,906,0.3031,8.333,structures
53031,0.03297,5.699,23580,19140,631,193,0.1712,1.1,structures
53033,0.01002,16.73,27260,578400,5797,4529,0.4413,75.77,structures
53035,0.01143,8.218,30510,98680,1128,795,0.3918,6.533,structures
53037,0.01956,12.08,18510,21530,0,491,,5.933,policies_lower_bound
53039,0.001313,16.67,19010,12940,0,30,,0.5,policies_lower_bound
53041,0.01988,45.57,36190,35510,0,1035,,47.17,policies_lower_bound
53043,0.003515,9.091,3292,7396,0,33,,0.3,policies_lower_bound
53045,0.04437,18.14,30170,35250,1564,419,0.2193,7.6,structures
53047,0.00502,10.38,9353,24100,0,183,,1.9,policies_lower_bound
53049,0.01254,10.43,30240,17390,218,393,0.1835,4.1,structures
53051,0.008407,35.98,18690,8683,0,88,,3.167,policies_lower_bound
53053,0.00979,13.77,32760,292200,2861,2101,0.4369,28.93,structures
53055,0.02695,2.807,29970,12920,348,95,0.1552,0.2667,structures
53057,0.04435,8.072,34150,50620,0,2457,,19.83,policies_lower_bound
53059,0.002451,20,30360,5712,0,25,,0.5,policies_lower_bound
53061,0.01934,22.95,27240,263700,5101,1769,0.2727,40.6,structures
53063,0.004263,6.694,25590,181600,774,244,0.1602,1.633,structures
53065,0.001812,7.879,7348,18760,0,55,,0.4333,policies_lower_bound
53067,0.01231,14.41,23210,77040,948,703,0.4283,10.13,structures
53069,0.04066,24.85,20050,2066,0,110,,2.733,policies_lower_bound
53071,0.004115,20.46,24300,20900,0,145,,2.967,policies_lower_bound
53073,0.05053,18.66,57240,79380,4011,1497,0.2914,27.93,structures
53075,0.002729,21.14,21190,12090,0,41,,0.8667,policies_lower_bound
53077,0.04961,9.478,12140,82750,4105,721,0.1574,6.833,structures
54001,0.05952,90.07,8379,8199,488,47,0.07377,4.233,structures
54003,0.01977,47.33,19430,46180,913,150,0.092,7.1,structures
54005,0.2868,56.34,10370,10120,2904,155,0.04752,8.733,structures
54007,0.08261,22.81,19940,7614,629,38,0.0461,0.8667,structures
54009,0.07768,98.06,10170,10220,794,103,0.1196,10.1,structures
54011,0.05188,57.49,17980,33100,1717,305,0.1351,17.53,structures
54013,0.1264,119.8,8561,3314,419,32,0.07399,3.833,structures
54015,0.1645,42.31,28610,4115,677,52,0.05613,2.2,structures
54017,0.1447,30.11,13480,3539,512,31,0.05078,0.9333,structures
54019,0.04599,83.33,14640,15140,696,88,0.08908,7.333,structures
54021,0.104,142.6,7487,3251,338,43,0.09763,6.133,structures
54023,0.03082,68.89,12470,6424,198,30,0.101,2.067,structures
54025,0.0611,94.01,26890,18820,1150,256,0.1635,24.07,structures
54027,0.07712,64.58,18780,13900,1072,112,0.08302,7.233,structures
54029,0.02647,91.11,15470,13490,357,75,0.1765,6.833,structures
54031,0.04572,70.51,12350,8289,379,52,0.08179,3.667,structures
54033,0.0432,48.35,7826,29560,1277,162,0.09867,7.833,structures
54035,0.08108,90.28,15990,10930,886,72,0.0553,6.5,structures
54037,0.02392,20.65,15370,19440,465,163,0.2366,3.367,structures
54039,0.1299,55.22,21640,78310,10170,1159,0.0983,64,structures
54041,0.08751,21.57,5610,8593,752,68,0.06649,1.467,structures
54043,0.21,85.19,13620,9267,1946,81,0.0298,6.9,structures
54045,0.2478,81.06,17010,13680,3390,322,0.08289,26.1,structures
54047,0.2165,47.71,11850,9264,2006,422,0.1944,20.13,structures
54049,0.04438,43.1,13450,25510,1132,140,0.1016,6.033,structures
54051,0.07838,80.24,9664,13910,1090,113,0.08899,9.067,structures
54053,0.1108,29.44,8548,12600,1396,77,0.05014,2.267,structures
54055,0.05856,49.02,8500,22950,1344,187,0.1265,9.167,structures
54057,0.06486,35.12,7303,12490,810,112,0.1148,3.933,structures
54059,0.1902,46.72,18830,9586,1823,371,0.1733,17.33,structures
54061,0.01841,51.85,10460,33520,617,117,0.1135,6.067,structures
54063,0.04722,103,24310,8196,387,22,0.04393,2.267,structures
54065,0.04357,56.67,17170,10030,437,100,0.1831,5.667,structures
54067,0.06346,80.87,21180,11080,703,61,0.06828,4.933,structures
54069,0.1292,126.3,11130,14070,1818,474,0.2349,59.87,structures
54071,0.1046,32.61,4999,4704,492,46,0.06504,1.5,structures
54073,0.07208,34.72,16590,2941,212,24,0.08491,0.8333,structures
54075,0.0887,108.2,16210,5806,515,118,0.1631,12.77,structures
54077,0.03332,29.09,7214,13510,450,55,0.1044,1.6,structures
54079,0.07598,32.51,14470,19640,1492,244,0.1227,7.933,structures
54081,0.05297,99.06,10380,30660,1624,106,0.05357,10.5,structures
54083,0.08435,89.78,10150,11720,989,124,0.08392,11.13,structures
54085,0.04185,62.32,9599,5233,219,23,0.03196,1.433,structures
54087,0.09201,63.22,23570,6673,614,87,0.1059,5.5,structures
54089,0.07941,89.56,22160,6699,532,83,0.1335,7.433,structures
54091,0.02427,25.29,25990,6509,158,29,0.1203,0.7333,structures
54093,0.08381,79.91,8223,4212,353,73,0.1785,5.833,structures
54095,0.1334,45.68,7406,4588,612,27,0.03758,1.233,structures
54097,0.07581,61.29,7025,9036,685,93,0.1197,5.7,structures
54099,0.0974,59.63,13270,16700,1627,161,0.08543,9.6,structures
54101,0.1891,62.15,23360,4157,786,59,0.06361,3.667,structures
54103,0.1881,110,12230,7082,1332,110,0.07658,12.1,structures
54105,0.1212,117.8,10360,2896,351,15,0.03134,1.767,structures
54107,0.04879,102.9,18050,32060,1564,184,0.1042,18.93,structures
54109,0.1302,77.59,16030,10020,1304,293,0.1787,22.73,structures
55001,0.03911,22.55,4999,16980,664,34,0.02711,0.7667,structures
55003,0.001605,13.33,69700,8099,0,20,,0.2667,policies_lower_bound
55005,0.00898,7.692,19360,20820,187,39,0.1176,0.3,structures
55007,0.0148,22.73,22770,11560,171,22,0.04678,0.5,structures
55009,0.03307,10.55,11850,80610,2666,452,0.09977,4.767,structures
55011,0.03584,17.59,15550,5022,180,36,0.1333,0.6333,structures
55013,0.06462,16.67,11650,15290,988,68,0.0587,1.133,structures
55015,0.005291,5.556,7227,17760,94,48,0.3298,0.2667,structures
55017,0.03613,7.059,22140,22580,816,85,0.07966,0.6,structures
55019,0.01089,25.49,46260,14780,161,17,0.04969,0.4333,structures
55021,0.02113,32.61,16070,21580,456,138,0.2325,4.5,structures
55023,0.09728,76.39,22090,6949,676,72,0.09615,5.5,structures
55025,0.004655,11.92,31770,162600,757,713,0.1731,8.5,structures
55027,0.01017,11,5882,30380,309,100,0.2233,1.1,structures
55029,0.04451,8.392,21600,20850,928,143,0.08728,1.2,structures
55031,0.01398,10.05,59830,19670,275,63,0.1345,0.6333,structures
55033,0.01594,4,17510,14550,232,50,0.1897,0.2,structures
55035,0.0181,4.981,32400,34920,632,87,0.09494,0.4333,structures
55037,0.001971,3.333,4849,4567,0,10,,0.03333,policies_lower_bound
55039,0.04845,35.1,15760,38060,1844,415,0.1849,14.57,structures
55041,0.02188,10,16630,7495,164,10,0.05488,0.1,structures
55043,0.01496,32.81,11530,16710,250,64,0.152,2.1,structures
55045,0.01713,25.64,12210,13430,230,39,0.1435,1,structures
55047,0.02171,37.04,9853,9303,202,36,0.104,1.333,structures
55049,0.009228,28.07,20800,8778,81,19,0.1358,0.5333,structures
55051,0.002597,3.509,10350,5390,0,19,,0.06667,policies_lower_bound
55053,0.01928,20.59,26140,8919,172,34,0.1047,0.7,structures
55055,0.02436,64.92,29060,29930,729,153,0.1674,9.933,structures
55057,0.02542,46.67,27680,13140,334,65,0.1527,3.033,structures
55059,0.01017,39.54,22850,60180,612,204,0.1487,8.067,structures
55061,0.002695,10.71,9243,8163,0,28,,0.3,policies_lower_bound
55063,0.02791,12.91,10300,34260,956,408,0.3138,5.267,structures
55065,0.01354,12.28,6969,5982,81,19,0.2222,0.2333,structures
55067,0.00246,10.19,2299,10160,0,36,,0.3667,policies_lower_bound
55069,0.007726,3.175,16350,13200,102,21,0.06863,0.06667,structures
55071,0.005433,7.222,39600,29820,162,60,0.216,0.4333,structures
55073,0.01654,5.695,12780,45330,750,199,0.188,1.133,structures
55075,0.002131,5.195,20540,25810,0,77,,0.4,policies_lower_bound
55077,0.02481,20,19010,8747,217,45,0.1567,0.9,structures
55078,0,,,1944,0,0,,0,structures
55079,0.002474,66.92,11740,209800,519,1063,0.7572,71.13,structures
55081,0.03529,25.56,25490,15780,557,90,0.1329,2.3,structures
55083,0.0195,17.14,19260,20510,400,105,0.1725,1.8,structures
55085,0.007878,4.762,14770,23740,187,28,0.06952,0.1333,structures
55087,0.004907,5.253,3814,53800,264,165,0.3371,0.8667,structures
55089,0.02087,23.94,16510,24920,520,362,0.4462,8.667,structures
55091,0.03263,84.31,10450,3003,98,17,0.1122,1.433,structures
55093,0.01215,48.81,19470,12590,153,56,0.2614,2.733,structures
55095,0.01576,8.547,16590,21200,334,39,0.09581,0.3333,structures
55097,0.01071,12.59,14460,22310,239,45,0.09205,0.5667,structures
55099,0.001704,6.944,32190,9977,0,24,,0.1667,policies_lower_bound
55101,0.007893,15.03,17260,58910,465,306,0.4559,4.6,structures
55103,0.01406,98.33,15330,7467,105,20,0.1143,1.967,structures
55105,0.01008,28.51,21140,52480,529,221,0.327,6.3,structures
55107,0.008466,14.29,12270,7678,65,14,0.1385,0.2,structures
55109,0.01447,20.7,25590,25570,370,95,0.173,1.967,structures
55111,0.009225,43.54,30530,22010,203,111,0.3892,4.833,structures
55113,0.003025,4.575,13830,12560,0,51,,0.2333,policies_lower_bound
55115,0.001249,7.317,16080,17610,0,41,,0.3,policies_lower_bound
55117,0.008153,8.85,24030,37280,304,113,0.1908,1,structures
55119,0.0008695,0,,9201,0,9,,0,policies_lower_bound
55121,0.06342,57.92,13610,10230,649,61,0.08475,3.533,structures
55123,0.01454,93.16,25700,12240,178,39,0.09551,3.633,structures
55125,0.004804,0,,19780,95,17,0.06316,0,structures
55127,0.002187,9.821,21770,35660,78,112,0.3846,1.1,structures
55129,0.03414,19.51,50140,10690,365,41,0.07671,0.8,structures
55131,0.01193,7.917,20810,38740,462,240,0.3723,1.9,structures
55133,0.002959,19.19,21760,107800,319,594,0.6646,11.4,structures
55135,0.0276,4.589,10470,20580,568,138,0.2254,0.6333,structures
55137,0.01995,12.73,15370,13190,263,55,0.1521,0.7,structures
55139,0.02786,9.927,18930,50650,1411,413,0.2048,4.1,structures
55141,0.01535,12.5,15760,26980,414,96,0.1787,1.2,structures
56001,0.03036,6.41,30440,15020,456,52,0.07237,0.3333,structures
56003,0.03953,14.58,40050,6501,257,16,0.03891,0.2333,structures
56005,0.006007,5.556,3655,20810,125,18,0.072,0.1,structures
56007,0.00646,5.208,4776,8669,0,64,,0.3333,policies_lower_bound
56009,0.04899,6.061,34270,7696,377,22,0.04244,0.1333,structures
56011,0.0005282,0,,5680,0,6,,0,policies_lower_bound
56013,0.008119,13.98,5990,19090,155,31,0.1419,0.4333,structures
56015,0.01292,3.205,8511,7429,0,104,,0.3333,policies_lower_bound
56017,0.0003183,6.667,,3142,0,5,,0.03333,policies_lower_bound
56019,0.001086,11.11,4381,5527,0,15,,0.1667,policies_lower_bound
56021,0.01508,10.14,6648,39720,599,217,0.1853,2.2,structures
56023,0.03132,7.292,11000,10980,344,32,0.04651,0.2333,structures
56025,0.02194,3.934,13920,32000,702,161,0.1895,0.6333,structures
56027,0,16.67,569.8,2043,0,2,,0.03333,structures
56029,0.02827,9.524,29320,15030,425,35,0.02588,0.3333,structures
56031,0.0009346,4.762,,5350,0,7,,0.03333,policies_lower_bound
56033,0.03429,29.33,8986,14490,497,50,0.06237,1.467,structures
56035,0.0007669,20.83,,6520,0,8,,0.1667,policies_lower_bound
56037,0.002512,4.965,14930,17520,0,47,,0.2333,policies_lower_bound
56039,0.02155,2.053,7257,11510,248,341,0.2137,0.7,structures
56041,0.07017,2.151,10130,8822,619,62,0.09693,0.1333,structures
56043,0.01067,22.22,,4123,44,6,0.09091,0.1333,structures
56045,0.0006714,8.333,1174,4468,0,4,,0.03333,policies_lower_bound
