fips,basis,rate,lam_ge_1d,lam_ge_3d,lam_ge_7d,lam_ge_14d,lam_ge_30d,z_1d,z_3d,z_7d,z_14d,z_30d,region_counties
01001,blend,0.878,0.018,0.00109,0.000279,0.0000246,0.0000063,0.6,0.15,0.032,0.011,0.0042,323
01003,blend,0.171,0.00681,0.00177,0.000292,0.0000341,0.00000911,0.59,0.2,0.045,0.017,0.0072,188
01005,blend,0.81,0.0135,0.000945,0.000164,0.0000172,0.00000361,0.45,0.085,0.018,0.0058,0.002,303
01007,blend,1.6,0.0598,0.00164,0.000338,0.0000273,0.00000735,0.59,0.15,0.03,0.01,0.0039,342
01009,blend,1.08,0.0354,0.00187,0.000342,0.0000241,0.00000621,0.55,0.12,0.023,0.0073,0.0024,385
01011,blend,0.894,0.0127,0.000905,0.000194,0.0000191,0.00000428,0.5,0.1,0.023,0.0074,0.0026,313
01013,blend,1.45,0.0338,0.00162,0.000247,0.0000247,0.00000618,0.57,0.15,0.033,0.012,0.0047,275
01015,blend,0.541,0.0296,0.00102,0.000294,0.0000212,0.000005,0.54,0.11,0.021,0.0063,0.0019,382
01017,blend,0.795,0.0168,0.000942,0.000224,0.0000186,0.00000406,0.48,0.087,0.018,0.0054,0.0017,354
01019,blend,0.0091,0.0097,0.00117,0.000304,0.0000207,0.00000477,0.45,0.081,0.014,0.0041,0.0011,395
01021,blend,1.18,0.027,0.0011,0.0003,0.0000251,0.00000653,0.61,0.15,0.032,0.011,0.0041,338
01023,blend,0.861,0.0319,0.00353,0.000407,0.0000352,0.00000995,0.62,0.21,0.036,0.013,0.0055,257
01025,blend,0.31,0.0108,0.00232,0.000351,0.0000329,0.00000899,0.62,0.21,0.04,0.015,0.0062,254
01027,blend,2.14,0.0546,0.00132,0.000269,0.0000211,0.00000498,0.52,0.1,0.021,0.0065,0.0021,367
01029,blend,2.81,0.133,0.000964,0.000275,0.0000199,0.0000045,0.51,0.098,0.019,0.0055,0.0015,383
01031,blend,0.433,0.00993,0.00122,0.000179,0.0000201,0.00000454,0.51,0.12,0.027,0.0094,0.0036,266
01033,blend,0,0.0263,0.00537,0.000441,0.0000277,0.00000789,0.22,0.041,0.0057,0.0018,0.00065,364
01035,blend,0.17,0.00786,0.0015,0.00026,0.000027,0.00000686,0.56,0.15,0.035,0.013,0.0052,254
01037,blend,3.78,0.134,0.00177,0.000271,0.0000226,0.00000559,0.59,0.13,0.029,0.0095,0.0034,347
01039,blend,0.313,0.0126,0.00126,0.000206,0.0000232,0.00000551,0.53,0.14,0.032,0.011,0.0045,243
01041,blend,1.15,0.0271,0.00174,0.000217,0.0000223,0.00000535,0.55,0.13,0.031,0.011,0.0041,281
01043,blend,0.97,0.0227,0.00232,0.000365,0.0000252,0.00000668,0.56,0.13,0.024,0.0077,0.0026,380
01045,blend,0.296,0.00808,0.00109,0.000156,0.0000179,0.00000379,0.48,0.1,0.023,0.0078,0.0028,273
01047,blend,1.27,0.0438,0.00429,0.000308,0.0000274,0.00000729,0.62,0.17,0.036,0.013,0.0052,301
01049,blend,0.0481,0.0185,0.00157,0.000333,0.0000213,0.000005,0.033,0.004,0.00061,0.00017,0.000044,417
01051,blend,0.866,0.0203,0.000979,0.000246,0.0000218,0.0000053,0.57,0.13,0.029,0.0095,0.0034,333
01053,blend,0.503,0.00836,0.00163,0.000264,0.0000287,0.00000734,0.52,0.14,0.032,0.012,0.0049,227
01055,blend,0.576,0.0247,0.00132,0.000318,0.0000221,0.00000534,0.53,0.11,0.021,0.0061,0.0018,392
01057,blend,2.34,0.0795,0.00449,0.00041,0.0000294,0.00000836,0.61,0.17,0.029,0.0099,0.0038,351
01059,blend,0.332,0.0369,0.00461,0.000431,0.0000282,0.0000081,0.58,0.16,0.026,0.0086,0.0032,364
01061,blend,0.725,0.00655,0.00123,0.000155,0.000019,0.0000041,0.48,0.11,0.026,0.0088,0.0033,245
01063,blend,0.777,0.0193,0.00342,0.000404,0.000032,0.00000909,0.61,0.19,0.031,0.011,0.0045,308
01065,blend,1.4,0.0299,0.0027,0.000371,0.0000303,0.00000841,0.59,0.16,0.029,0.01,0.0042,310
01067,blend,0.875,0.0102,0.00105,0.000139,0.0000159,0.00000317,0.42,0.082,0.017,0.0054,0.0019,275
01069,blend,0.131,0.00755,0.0012,0.000127,0.000016,0.00000314,0.43,0.09,0.019,0.0062,0.0021,254
01071,blend,0.0536,0.0113,0.00177,0.000347,0.0000217,0.00000523,0.45,0.097,0.015,0.0042,0.0011,431
01073,blend,0.304,0.022,0.00167,0.000345,0.0000258,0.00000686,0.55,0.12,0.024,0.0079,0.0028,364
01075,blend,3.36,0.14,0.00709,0.000434,0.0000305,0.00000888,0.62,0.19,0.031,0.011,0.0041,340
01077,blend,1.33,0.0391,0.00589,0.000426,0.0000266,0.00000753,0.55,0.16,0.025,0.008,0.0028,374
01079,blend,0.109,0.0129,0.00334,0.000403,0.0000263,0.00000725,0.54,0.14,0.023,0.0074,0.0025,380
01081,blend,0.328,0.00957,0.000925,0.000203,0.0000179,0.00000386,0.48,0.09,0.019,0.0057,0.0018,341
01083,blend,0,0.0126,0.00294,0.000391,0.0000247,0.00000663,0.51,0.13,0.021,0.0063,0.002,398
01085,blend,2,0.0372,0.00187,0.000261,0.0000245,0.00000621,0.58,0.15,0.033,0.011,0.0045,296
01087,blend,0.426,0.0107,0.000865,0.000208,0.0000193,0.00000436,0.49,0.093,0.02,0.0065,0.0023,324
01089,blend,0.521,0.0137,0.00258,0.000367,0.0000234,0.00000602,0.58,0.16,0.026,0.0079,0.0023,412
01091,blend,0.614,0.0223,0.0025,0.000372,0.000032,0.00000885,0.59,0.18,0.032,0.011,0.0047,285
01093,blend,1.71,0.0675,0.00459,0.000427,0.000029,0.00000834,0.6,0.18,0.029,0.0096,0.0036,357
01095,blend,0.00371,0.00947,0.0016,0.000343,0.000023,0.00000577,0.52,0.11,0.021,0.0062,0.0019,397
01097,blend,0.472,0.0103,0.00256,0.000339,0.0000378,0.0000105,0.6,0.22,0.043,0.017,0.0071,186
01099,blend,0.687,0.00953,0.00205,0.000304,0.0000298,0.00000788,0.61,0.19,0.04,0.015,0.0061,253
01101,blend,0.21,0.0102,0.000973,0.000231,0.0000219,0.00000528,0.54,0.12,0.027,0.0093,0.0035,312
01103,blend,0.242,0.0117,0.00234,0.000374,0.0000247,0.00000655,0.55,0.14,0.024,0.0074,0.0024,389
01105,blend,2.12,0.0714,0.00197,0.000337,0.0000284,0.00000771,0.6,0.16,0.032,0.011,0.0044,312
01107,blend,1.96,0.0633,0.00479,0.000426,0.0000317,0.00000916,0.62,0.19,0.03,0.011,0.0043,321
01109,blend,0.324,0.0152,0.00132,0.000193,0.00002,0.00000459,0.52,0.11,0.026,0.0088,0.0033,293
01111,blend,2.45,0.0891,0.00123,0.00025,0.0000194,0.00000432,0.5,0.093,0.019,0.0055,0.0016,371
01113,blend,0.559,0.00896,0.000851,0.000176,0.0000167,0.00000344,0.45,0.082,0.017,0.0052,0.0017,324
01115,blend,0.876,0.0192,0.00117,0.000316,0.0000232,0.0000058,0.55,0.11,0.023,0.0072,0.0023,380
01117,blend,0.35,0.0187,0.0012,0.000316,0.0000248,0.00000643,0.55,0.12,0.025,0.0082,0.003,358
01119,blend,1.34,0.0478,0.00369,0.00042,0.0000337,0.00000964,0.63,0.21,0.033,0.012,0.005,290
01121,blend,0.58,0.023,0.00112,0.00029,0.0000225,0.00000554,0.59,0.13,0.028,0.0089,0.003,371
01123,blend,1.03,0.0403,0.000822,0.000241,0.0000204,0.00000474,0.56,0.12,0.025,0.008,0.0027,352
01125,blend,0.353,0.0202,0.0027,0.00038,0.000029,0.00000809,0.58,0.15,0.027,0.0094,0.0037,340
01127,blend,1.24,0.0442,0.00358,0.00038,0.0000273,0.00000752,0.58,0.15,0.027,0.0089,0.0032,366
01129,blend,0.108,0.0117,0.00317,0.000378,0.0000361,0.0000101,0.63,0.23,0.041,0.015,0.0065,230
01131,blend,2.38,0.0556,0.00428,0.000312,0.0000289,0.0000077,0.62,0.18,0.038,0.014,0.0057,284
01133,blend,2.21,0.0588,0.00315,0.000395,0.000027,0.00000749,0.58,0.15,0.026,0.0085,0.0031,375
02020,blend,0.682,0.0224,0.00248,0.000105,0,0,0.69,0.31,0.054,0,0,5
02060,region_only,0.896,0.0682,0.00565,0.00022,0,0,0,0,0,0,0,1
02063,blend,0.33,0.0217,0.00207,0.0000961,0,0,0.33,0.092,0.022,0,0,4
02066,blend,0.0284,0.0331,0.0036,0.0000677,0,0,0.25,0.11,0.015,0,0,6
02068,blend,3.97,0.127,0.0117,0.000213,0,0,0.64,0.39,0.049,0,0,7
02070,region_only,0.896,0.0682,0.00565,0.000222,0,0,0,0,0,0,0,1
02090,blend,1.59,0.0585,0.00453,0.0000539,0,0,0.61,0.36,0.04,0,0,5
02122,blend,0.896,0.0639,0.0043,0.000169,0,0,0.8,0.34,0.076,0,0,4
02150,region_only,0.896,0.0682,0.00565,0.0002,0,0,0,0,0,0,0,1
02164,region_only,0.896,0.0682,0.00565,0.000228,0,0,0,0,0,0,0,1
02170,blend,1.43,0.0908,0.00663,0.0000962,0,0,0.66,0.34,0.047,0,0,8
02240,blend,1.97,0.0401,0.00971,0.0000429,0,0,0.55,0.31,0.033,0,0,4
02282,region_only,0.181,0,0,0.0000423,0,0,0,0,0,0,0,2
02290,blend,0.356,0.0281,0.00399,0.0000673,0,0,0.53,0.3,0.043,0,0,3
04001,blend,0.156,0.00601,0.000881,0.0000557,0.00000795,0.000000399,0.33,0.089,0.018,0.0099,0.0063,44
04003,blend,0.112,0.00232,0.000277,0.0000614,0.0000159,0.00000118,0.21,0.06,0.059,0.037,0.025,19
04005,blend,0.215,0.00287,0.000146,0.0000951,0.00000999,0.00000000735,0.27,0.054,0.015,0.0028,0.00018,33
04007,blend,0.953,0.00273,0.000362,0.0000846,0.0000135,0.000000327,0.3,0.097,0.03,0.016,0.01,25
04009,blend,0,0.00255,0.000299,0.000072,0.0000148,0.000000861,0.054,0.016,0.0087,0.0053,0.0035,26
04011,blend,0.137,0.0037,0.000385,0.0000593,0.000013,0.0000011,0.12,0.038,0.02,0.013,0.0082,30
04012,blend,1.08,0.0114,0.000318,0.0000989,0.0000124,0,0.38,0.09,0.034,0.0084,0,19
04013,blend,0.0619,0.00142,0.00017,0.000092,0.0000137,0.0000000482,0.37,0.092,0.028,0.0095,0.0028,22
04015,blend,0.147,0.00448,0.000331,0.000116,0.0000102,0,0.36,0.073,0.039,0.0078,0,25
04017,blend,0.514,0.00494,0.000319,0.0000747,0.00000954,0.00000021,0.3,0.086,0.016,0.0072,0.0043,43
04019,blend,0.168,0.00191,0.000149,0.000087,0.0000162,0.000000227,0.32,0.079,0.039,0.02,0.011,16
04021,blend,0.31,0.00703,0.00035,0.0000868,0.0000149,0.000000271,0.32,0.089,0.037,0.02,0.012,21
04023,blend,0.733,0.00213,0.000195,0.0000765,0.0000177,0.000000645,0.24,0.061,0.048,0.029,0.019,16
04025,blend,0.119,0.00279,0.000185,0.0000977,0.0000119,0.00000000867,0.32,0.071,0.021,0.005,0.00035,23
04027,blend,0.213,0.00504,0.000267,0.0000927,0.0000137,0,0.38,0.091,0.031,0.0087,0,16
05001,blend,2.1,0.218,0.0454,0.00089,0.0000317,0.0000103,0.75,0.36,0.052,0.017,0.0074,289
05003,blend,1.63,0.131,0.0193,0.00076,0.0000335,0.0000111,0.78,0.41,0.061,0.021,0.0094,283
05005,blend,0.629,0.0585,0.00764,0.00106,0.0000253,0.00000694,0.64,0.26,0.037,0.01,0.0041,302
05007,blend,0.369,0.0409,0.00972,0.00144,0.0000162,0.00000401,0.59,0.2,0.037,0.0075,0.0031,268
05009,blend,1.04,0.0404,0.00531,0.00119,0.0000223,0.00000592,0.63,0.24,0.037,0.0092,0.0039,293
05011,blend,1.38,0.143,0.0379,0.00103,0.0000314,0.0000105,0.78,0.4,0.06,0.02,0.0089,279
05013,blend,0.455,0.0426,0.0145,0.000878,0.0000299,0.00000998,0.78,0.39,0.059,0.019,0.0086,277
05015,blend,0.809,0.0504,0.00519,0.00126,0.00002,0.00000517,0.61,0.23,0.037,0.0086,0.0036,284
05017,blend,2.42,0.144,0.0194,0.000718,0.0000347,0.0000114,0.78,0.4,0.059,0.02,0.0091,283
05019,blend,0.74,0.079,0.0104,0.001,0.0000261,0.00000858,0.76,0.35,0.055,0.017,0.0076,271
05021,blend,0.902,0.0458,0.00784,0.000681,0.0000275,0.00000784,0.63,0.26,0.033,0.0099,0.0038,330
05023,blend,0.827,0.0176,0.00726,0.000989,0.0000273,0.00000831,0.69,0.3,0.042,0.012,0.0053,302
05025,blend,0.939,0.116,0.0331,0.000945,0.0000304,0.00001,0.77,0.38,0.057,0.018,0.0082,281
05027,blend,1.46,0.0935,0.0109,0.000879,0.0000276,0.00000935,0.78,0.39,0.061,0.019,0.0089,266
05029,blend,0.877,0.0352,0.00786,0.00108,0.0000255,0.00000793,0.7,0.3,0.046,0.013,0.0057,289
05031,blend,0.133,0.0236,0.00869,0.000726,0.0000286,0.00000871,0.66,0.28,0.037,0.012,0.0047,327
05033,blend,0.624,0.0354,0.00718,0.00128,0.0000175,0.00000509,0.63,0.23,0.04,0.0092,0.004,267
05035,blend,0.719,0.0408,0.0105,0.000667,0.0000303,0.00000961,0.69,0.3,0.041,0.013,0.0055,314
05037,blend,1.4,0.109,0.0178,0.000798,0.0000299,0.00000947,0.69,0.3,0.042,0.013,0.0056,312
05039,blend,2.42,0.225,0.0529,0.00114,0.0000285,0.0000094,0.76,0.37,0.056,0.018,0.0079,279
05041,blend,2.06,0.122,0.0202,0.000837,0.0000333,0.0000109,0.76,0.38,0.055,0.019,0.0082,287
05043,blend,1.44,0.138,0.0198,0.0008,0.0000327,0.0000108,0.77,0.39,0.058,0.019,0.0087,282
05045,blend,0.296,0.0206,0.00781,0.00102,0.0000271,0.00000854,0.71,0.31,0.046,0.014,0.006,293
05047,blend,1.2,0.051,0.00698,0.00125,0.0000194,0.00000576,0.61,0.22,0.035,0.0087,0.0038,271
05049,blend,0.754,0.0489,0.00722,0.000961,0.0000264,0.00000727,0.64,0.26,0.035,0.0097,0.004,310
05051,blend,1.11,0.0673,0.00763,0.00107,0.000025,0.00000807,0.73,0.33,0.051,0.015,0.0067,277
05053,blend,2.03,0.0895,0.0168,0.000957,0.0000286,0.00000938,0.75,0.36,0.054,0.017,0.0075,280
05055,blend,0.0978,0.0198,0.00798,0.000713,0.000028,0.00000825,0.63,0.26,0.033,0.01,0.004,331
05057,blend,0.956,0.0688,0.0108,0.000989,0.0000247,0.0000082,0.76,0.35,0.057,0.017,0.0077,263
05059,blend,1.58,0.1,0.0137,0.00102,0.0000265,0.00000865,0.75,0.35,0.054,0.016,0.0072,272
05061,blend,1.3,0.0792,0.0101,0.00108,0.0000225,0.00000735,0.68,0.26,0.041,0.011,0.0052,259
05063,blend,1.08,0.0366,0.00763,0.000908,0.000028,0.00000847,0.68,0.29,0.04,0.012,0.005,308
05065,blend,1.52,0.0832,0.00798,0.000983,0.0000267,0.00000765,0.66,0.28,0.038,0.011,0.0045,302
05067,blend,0.806,0.0463,0.00862,0.00084,0.0000288,0.00000888,0.68,0.3,0.04,0.013,0.0052,311
05069,blend,1.06,0.119,0.0264,0.000933,0.0000303,0.00000993,0.75,0.36,0.053,0.017,0.0075,288
05071,blend,0.698,0.0311,0.00675,0.00121,0.0000214,0.00000636,0.59,0.21,0.031,0.008,0.0035,280
05073,blend,1.74,0.0577,0.00813,0.000903,0.000026,0.00000881,0.77,0.38,0.06,0.019,0.0086,259
05075,blend,1.51,0.0472,0.00765,0.000817,0.000028,0.00000825,0.66,0.28,0.037,0.011,0.0045,321
05077,blend,1.51,0.0799,0.0128,0.000788,0.0000313,0.0000101,0.72,0.32,0.046,0.015,0.0064,302
05079,blend,0.255,0.0346,0.00995,0.00084,0.0000317,0.0000104,0.76,0.37,0.055,0.018,0.008,285
05081,blend,2.19,0.0913,0.00723,0.00102,0.0000223,0.00000743,0.75,0.33,0.056,0.016,0.0073,256
05083,blend,0.856,0.0393,0.00724,0.00119,0.0000208,0.00000641,0.69,0.28,0.046,0.012,0.0053,275
05085,blend,0.628,0.0475,0.00988,0.000924,0.0000293,0.00000946,0.73,0.34,0.049,0.015,0.0067,291
05087,blend,0.936,0.0547,0.00744,0.00128,0.0000195,0.00000533,0.57,0.2,0.031,0.0073,0.0031,280
05089,blend,1.67,0.12,0.00782,0.00113,0.000024,0.00000654,0.64,0.26,0.037,0.0098,0.0041,297
05091,blend,1.51,0.0603,0.00896,0.000929,0.0000246,0.00000834,0.77,0.36,0.059,0.018,0.0082,256
05093,blend,1.43,0.0594,0.00948,0.000625,0.0000286,0.00000876,0.65,0.27,0.036,0.011,0.0046,332
05095,blend,1.98,0.103,0.016,0.000811,0.000031,0.00001,0.73,0.33,0.048,0.016,0.0067,295
05097,blend,4.4,0.258,0.0157,0.00111,0.0000227,0.00000731,0.73,0.31,0.051,0.014,0.0064,271
05099,blend,1.61,0.134,0.0146,0.000955,0.0000264,0.00000879,0.77,0.37,0.058,0.018,0.0081,265
05101,blend,1.47,0.0438,0.00612,0.0012,0.0000221,0.00000628,0.65,0.26,0.04,0.01,0.0044,289
05103,blend,0.912,0.0979,0.0143,0.000912,0.0000283,0.00000947,0.77,0.38,0.059,0.019,0.0085,272
05105,blend,1.04,0.0251,0.00726,0.00108,0.0000252,0.00000798,0.71,0.31,0.047,0.014,0.0059,281
05107,blend,1.48,0.125,0.0222,0.000909,0.0000323,0.0000104,0.74,0.34,0.049,0.016,0.007,300
05109,blend,1.63,0.0934,0.011,0.00105,0.0000237,0.00000775,0.74,0.33,0.054,0.016,0.007,270
05111,blend,1.63,0.0872,0.0155,0.000735,0.0000292,0.0000091,0.68,0.29,0.039,0.012,0.0051,316
05113,blend,0.298,0.016,0.00736,0.00114,0.0000203,0.0000065,0.72,0.3,0.051,0.013,0.006,260
05115,blend,0.938,0.0657,0.00711,0.00114,0.0000237,0.0000072,0.69,0.29,0.044,0.012,0.0053,288
05117,blend,3.22,0.163,0.0194,0.000875,0.0000299,0.00000965,0.73,0.33,0.048,0.015,0.0066,299
05119,blend,0.352,0.0593,0.0112,0.00102,0.000028,0.000009,0.73,0.33,0.049,0.015,0.0067,288
05121,blend,0.455,0.0314,0.00773,0.000797,0.0000274,0.00000778,0.64,0.26,0.034,0.01,0.004,323
05123,blend,1.15,0.0925,0.0223,0.000742,0.0000306,0.0000098,0.71,0.31,0.044,0.014,0.006,310
05125,blend,0.844,0.0333,0.00775,0.00102,0.0000269,0.00000868,0.73,0.33,0.051,0.015,0.0068,285
05127,blend,1.58,0.0408,0.00885,0.00118,0.0000201,0.00000631,0.7,0.29,0.048,0.012,0.0055,264
05129,blend,0.464,0.0283,0.00615,0.00112,0.0000245,0.00000707,0.66,0.27,0.04,0.011,0.0046,296
05131,blend,0.4,0.0328,0.00753,0.00124,0.0000182,0.00000555,0.67,0.26,0.045,0.011,0.0049,262
05133,blend,3.05,0.18,0.0232,0.00107,0.0000216,0.00000707,0.74,0.32,0.054,0.015,0.0068,259
05135,blend,1.36,0.0825,0.00929,0.000891,0.0000273,0.00000785,0.65,0.27,0.036,0.011,0.0044,312
05137,blend,1.72,0.116,0.0139,0.00102,0.0000265,0.0000078,0.67,0.29,0.04,0.012,0.0048,306
05139,blend,1.42,0.0862,0.00913,0.000829,0.0000304,0.0000103,0.79,0.4,0.062,0.02,0.0093,273
05141,blend,0,0.0227,0.0077,0.00109,0.0000258,0.00000777,0.55,0.19,0.024,0.0069,0.0029,299
05143,blend,0.237,0.0242,0.00658,0.00132,0.0000168,0.00000457,0.62,0.22,0.04,0.0086,0.0037,265
05145,blend,0.622,0.0292,0.008,0.000928,0.0000286,0.00000899,0.71,0.31,0.044,0.014,0.0059,301
05147,blend,0.879,0.0395,0.0101,0.000834,0.0000296,0.00000941,0.7,0.31,0.044,0.014,0.0059,305
05149,blend,1.91,0.0793,0.00757,0.00116,0.0000271,0.00000719,0.71,0.3,0.048,0.013,0.0058,276
06001,blend,0.114,0.0182,0.00374,0.000291,0.00000898,0,0.74,0.43,0.091,0.016,0,54
06003,blend,2.91,0.569,0.0878,0.00587,0.000137,0.000000131,0.74,0.44,0.084,0.015,0.000066,59
06005,blend,2.72,0.313,0.0251,0.000362,0.0000107,0.000000132,0.74,0.44,0.088,0.016,0.000068,60
06007,blend,1.03,0.0999,0.0195,0.000532,0.0000289,0.0000016,0.75,0.45,0.087,0.017,0.0006,59
06009,blend,3.9,0.41,0.0338,0.000805,0.00000918,0.0000000386,0.74,0.44,0.087,0.015,0.000021,57
06011,blend,1,0.0786,0.00668,0.000464,0.0000234,0.000000987,0.75,0.45,0.09,0.017,0.0004,55
06013,blend,0.228,0.0225,0.00396,0.000308,0.0000103,0.000000017,0.74,0.43,0.091,0.016,0.0000094,52
06015,blend,1.83,0.0566,0.019,0.00111,0.0000811,0.00000725,0.73,0.38,0.087,0.021,0.0024,38
06017,blend,1.51,0.152,0.021,0.00059,0.0000131,0.000000317,0.76,0.47,0.093,0.017,0.00016,60
06019,blend,0.0601,0.00925,0.00228,0.000246,0.00000667,0,0.79,0.49,0.12,0.022,0,53
06021,blend,1.22,0.0596,0.00659,0.000553,0.000031,0.00000168,0.76,0.45,0.089,0.017,0.00063,57
06023,blend,2.13,0.31,0.0345,0.00156,0.0000751,0.00000443,0.76,0.45,0.088,0.019,0.0015,41
06025,blend,0.0439,0.00649,0.000785,0.000298,0.0000369,0,0.4,0.097,0.045,0.012,0,14
06027,blend,1.08,0.0603,0.00683,0.000287,0.00000732,0,0.76,0.44,0.1,0.019,0,42
06029,blend,0.166,0.00655,0.000432,0.000155,0.00000728,0,0.7,0.33,0.11,0.021,0,32
06031,blend,0.331,0.00481,0.00128,0.000186,0.00000654,0,0.77,0.44,0.12,0.022,0,47
06033,blend,2.91,0.543,0.113,0.000933,0.0000576,0.000000961,0.76,0.45,0.091,0.017,0.00039,55
06035,blend,0.0579,0.0213,0.00832,0.000735,0.0000449,0.00000337,0.71,0.4,0.073,0.015,0.00091,62
06037,blend,0.0136,0.00288,0.000185,0.000128,0.00000839,0,0.55,0.16,0.097,0.02,0,18
06039,blend,1.01,0.0672,0.0122,0.00055,0.00000682,0,0.73,0.42,0.086,0.015,0,56
06041,blend,0.997,0.158,0.0122,0.000338,0.0000127,0.0000000585,0.74,0.43,0.093,0.017,0.00003,50
06043,blend,4.74,0.456,0.0742,0.00341,0.0000177,0,0.73,0.42,0.085,0.015,0,57
06045,blend,1.83,0.311,0.106,0.000997,0.0000313,0.00000154,0.76,0.46,0.092,0.018,0.0006,49
06047,blend,0.621,0.0176,0.0031,0.000245,0.00000692,0,0.73,0.42,0.088,0.015,0,53
06049,blend,0.476,0.0237,0.00851,0.000938,0.0000622,0.00000541,0.7,0.36,0.077,0.016,0.0015,57
06051,blend,3.97,0.25,0.0521,0.00287,0.0000256,0,0.8,0.52,0.11,0.02,0,60
06053,blend,0.658,0.087,0.00728,0.000218,0.00000613,0,0.7,0.36,0.088,0.015,0,48
06055,blend,1.16,0.119,0.017,0.000369,0.0000154,0.000000295,0.75,0.45,0.092,0.017,0.00014,54
06057,blend,1.48,0.222,0.0239,0.00109,0.0000198,0.000000851,0.76,0.46,0.09,0.017,0.00037,61
06059,blend,0.0396,0.0027,0.000167,0.000116,0.0000093,0,0.5,0.13,0.088,0.019,0,16
06061,blend,0.378,0.0399,0.00587,0.00038,0.0000166,0.000000582,0.78,0.5,0.1,0.019,0.00031,58
06063,blend,3.52,0.373,0.0369,0.000741,0.0000313,0.00000193,0.75,0.46,0.088,0.017,0.00071,61
06065,blend,0.0673,0.0103,0.000328,0.000107,0.0000109,0,0.48,0.13,0.07,0.016,0,16
06067,blend,0.286,0.0231,0.00442,0.000321,0.0000123,0.000000189,0.81,0.54,0.12,0.023,0.00014,55
06069,blend,0.439,0.0165,0.00281,0.000228,0.00000644,0,0.71,0.38,0.088,0.015,0,50
06071,blend,0.141,0.0141,0.000504,0.000197,0.00000951,0,0.57,0.19,0.083,0.017,0,23
06073,blend,0.0417,0.00609,0.000194,0.000101,0.000011,0,0.44,0.12,0.07,0.017,0,13
06075,blend,0.231,0.0199,0.00412,0.000324,0.0000115,0.0000000000854,0.74,0.42,0.093,0.017,0.000000046,47
06077,blend,0.216,0.0238,0.00425,0.000288,0.00000913,0.0000000104,0.77,0.47,0.1,0.018,0.0000067,56
06079,blend,0.838,0.0174,0.00124,0.000179,0.00000618,0,0.64,0.28,0.083,0.015,0,37
06081,blend,0.471,0.0658,0.00587,0.000288,0.00000885,0,0.74,0.43,0.097,0.017,0,51
06083,blend,0.268,0.00425,0.000431,0.000147,0.00000654,0,0.61,0.21,0.11,0.02,0,25
06085,blend,0.141,0.0328,0.00412,0.000259,0.00000743,0,0.77,0.46,0.11,0.019,0,53
06087,blend,1.27,0.176,0.0218,0.000848,0.00000726,0,0.72,0.4,0.091,0.016,0,49
06089,blend,0.801,0.156,0.0423,0.00114,0.0000521,0.00000401,0.76,0.45,0.088,0.018,0.0013,56
06091,blend,5.42,0.84,0.109,0.00198,0.0000228,0.00000115,0.75,0.45,0.085,0.016,0.00045,61
06093,blend,1.21,0.0491,0.012,0.001,0.00007,0.00000613,0.74,0.4,0.085,0.019,0.0019,50
06095,blend,0.615,0.0517,0.00694,0.000334,0.0000124,0.000000129,0.75,0.44,0.091,0.016,0.000066,55
06097,blend,0.687,0.0786,0.0107,0.000441,0.0000171,0.000000336,0.75,0.45,0.093,0.017,0.00016,51
06099,blend,0.0357,0.0113,0.00345,0.000267,0.00000769,0,0.74,0.42,0.088,0.015,0,56
06101,blend,0.453,0.0336,0.00552,0.000421,0.0000197,0.000000727,0.75,0.45,0.09,0.017,0.00031,55
06103,blend,1.94,0.161,0.0148,0.000664,0.0000402,0.00000265,0.76,0.45,0.087,0.018,0.0009,57
06105,blend,1.14,0.126,0.0304,0.00103,0.0000539,0.00000406,0.76,0.45,0.086,0.018,0.0013,50
06107,blend,0.144,0.00953,0.00271,0.000178,0.00000696,0,0.77,0.45,0.11,0.021,0,44
06109,blend,3.79,0.353,0.045,0.000747,0.00000793,0.000000000695,0.75,0.45,0.09,0.016,0.00000043,58
06111,blend,0.392,0.0271,0.00038,0.000137,0.00000749,0,0.57,0.17,0.1,0.02,0,22
06113,blend,0.529,0.0553,0.0069,0.000371,0.000016,0.000000399,0.78,0.49,0.11,0.02,0.00022,56
06115,blend,1.06,0.117,0.0109,0.000446,0.0000216,0.000000944,0.75,0.45,0.088,0.017,0.00039,60
08001,blend,0.261,0.0163,0.00203,0.0000459,0.00000506,0.0000000115,0.47,0.13,0.023,0.0027,0.000025,105
08003,blend,0.753,0.00872,0.00179,0.0000389,0.00000379,0.000000171,0.41,0.11,0.021,0.0044,0.0012,93
08005,blend,0.161,0.0139,0.00203,0.0000657,0.00000465,0.00000000474,0.47,0.14,0.023,0.0025,0.00001,105
08007,blend,1.01,0.0242,0.00119,0.0000176,0.00000331,0.000000227,0.35,0.084,0.016,0.0044,0.0017,79
08009,blend,0.0366,0.0108,0.0015,0.00121,0.00000478,0.000000118,0.3,0.086,0.017,0.0019,0.00031,148
08011,blend,0,0.0127,0.00182,0.000855,0.00000451,0.000000035,0.15,0.034,0.0066,0.00065,0.000043,135
08013,blend,0.316,0.0368,0.00373,0.0000191,0.00000411,0,0.47,0.14,0.02,0.0028,0,94
08014,blend,0.595,0.0109,0.00214,0.0000208,0.00000419,0.0000000000888,0.46,0.13,0.019,0.0025,0.0000002,98
08015,blend,0.617,0.00991,0.00221,0.0000155,0.00000333,0,0.44,0.13,0.016,0.0022,0,86
08017,blend,2.43,0.0242,0.00478,0.000752,0.0000061,0.0000000198,0.4,0.12,0.023,0.002,0.000028,131
08019,blend,3.31,0.118,0.00415,0.0000172,0.00000372,0,0.46,0.13,0.018,0.0024,0,94
08021,blend,3.88,0.0347,0.00142,0.0000272,0.0000039,0.000000278,0.4,0.1,0.022,0.0058,0.0021,86
08023,blend,2.09,0.0172,0.00156,0.000107,0.00000432,0.000000273,0.4,0.11,0.025,0.0056,0.0018,100
08025,blend,1.05,0.026,0.00189,0.000466,0.00000413,0.000000009,0.39,0.11,0.022,0.0022,0.000047,124
08027,blend,0.709,0.0104,0.00208,0.0000593,0.00000356,0.0000000471,0.37,0.099,0.016,0.0023,0.00026,100
08029,blend,0.704,0.0146,0.00254,0.0000122,0.00000319,0,0.29,0.074,0.0069,0.0013,0,79
08031,blend,0.245,0.0172,0.0021,0.0000234,0.00000413,0.0000000000274,0.47,0.13,0.02,0.0025,0.000000063,103
08033,blend,0,0.00861,0.000991,0.000013,0.00000232,0.0000000223,0.084,0.016,0.0018,0.00037,0.000039,72
08035,blend,0.166,0.0121,0.00225,0.0000313,0.00000377,0,0.46,0.13,0.02,0.0023,0,100
08037,blend,0.303,0.0104,0.00231,0.0000149,0.00000368,0,0.45,0.14,0.015,0.0025,0,83
08039,blend,0.896,0.012,0.00203,0.000149,0.0000045,0.00000000182,0.43,0.12,0.02,0.0021,0.0000033,111
08041,blend,0.0697,0.0112,0.0021,0.000135,0.00000378,0,0.46,0.14,0.023,0.0025,0,109
08043,blend,0.457,0.012,0.00225,0.0000343,0.00000342,0.00000000577,0.44,0.13,0.019,0.0024,0.000039,96
08045,blend,0.54,0.0117,0.00249,0.0000133,0.00000355,0,0.42,0.13,0.012,0.0024,0,83
08047,blend,0.992,0.0169,0.00231,0.000018,0.00000387,0,0.45,0.13,0.018,0.0024,0,95
08049,blend,0.026,0.0122,0.00239,0.0000169,0.00000389,0,0.38,0.1,0.013,0.002,0,89
08051,blend,0.0725,0.0104,0.00231,0.0000137,0.00000324,0,0.4,0.11,0.012,0.0019,0,81
08053,blend,0.263,0.0135,0.00255,0.000014,0.0000029,0.0000000563,0.25,0.057,0.0072,0.0014,0.00026,78
08055,blend,0,0.014,0.00205,0.000185,0.00000408,0.000000138,0.089,0.018,0.0034,0.00056,0.00012,105
08057,blend,1.68,0.0459,0.00697,0.000251,0.0000307,0,0.21,0.045,0.0054,0.0009,0,91
08059,blend,0.373,0.0284,0.0038,0.0000195,0.00000376,0,0.46,0.13,0.019,0.0024,0,98
08061,blend,0,0.0124,0.00183,0.000851,0.00000496,0.00000000157,0.19,0.047,0.0085,0.00071,0.0000013,133
08063,blend,1.2,0.0407,0.00475,0.000594,0.00000755,0.0000000521,0.4,0.12,0.023,0.0021,0.000074,129
08065,blend,1.22,0.0197,0.00248,0.0000152,0.00000352,0,0.4,0.11,0.013,0.0018,0,86
08067,blend,0.615,0.0101,0.000869,0.0000137,0.00000273,0.000000141,0.33,0.075,0.012,0.0033,0.0012,76
08069,blend,0.127,0.016,0.00218,0.0000207,0.00000458,0.00000000178,0.47,0.14,0.021,0.0032,0.0000044,90
08071,blend,0,0.0123,0.0017,0.000574,0.00000486,0.000000223,0.14,0.03,0.0067,0.0011,0.00028,123
08073,blend,0.726,0.0134,0.00257,0.000394,0.00000493,0.00000000426,0.42,0.12,0.023,0.0021,0.0000071,120
08075,blend,1.02,0.0125,0.00183,0.0000979,0.0000122,0.000000182,0.43,0.11,0.027,0.004,0.0004,108
08077,blend,0.304,0.00976,0.00238,0.0000117,0.00000313,0,0.37,0.11,0.01,0.0022,0,79
08079,blend,0.305,0.0119,0.00217,0.0000164,0.00000316,0.000000131,0.27,0.06,0.0092,0.0021,0.00061,78
08081,blend,0.489,0.0119,0.00292,0.0000165,0.00000388,0,0.32,0.081,0.0089,0.0017,0,81
08083,blend,0,0.00688,0.000454,0.0000163,0.0000023,0.0000000723,0.096,0.017,0.0022,0.00056,0.00016,67
08085,blend,0.308,0.0106,0.00215,0.0000113,0.0000028,0,0.27,0.067,0.0064,0.0013,0,78
08087,blend,0.291,0.0109,0.00198,0.0000655,0.00000747,0.0000000606,0.46,0.12,0.024,0.0031,0.00013,105
08089,blend,0.537,0.00983,0.00187,0.000582,0.00000428,0.0000000637,0.41,0.12,0.026,0.0031,0.00035,126
08091,blend,0,0.0127,0.00223,0.0000122,0.0000028,0.00000000596,0.16,0.036,0.0036,0.00065,0.000016,80
08093,blend,2.05,0.0844,0.00317,0.0000172,0.00000349,0,0.45,0.13,0.017,0.0022,0,92
08095,region_only,0.268,0.0166,0.0018,0.00026,0.0000146,0.000000239,0,0,0,0,0,124
08097,blend,0.682,0.0112,0.00248,0.0000141,0.0000035,0,0.43,0.13,0.014,0.0022,0,82
08099,blend,0,0.0118,0.00167,0.00112,0.00000476,0.0000000125,0.19,0.05,0.0088,0.00075,0.000021,141
08101,blend,0.295,0.0147,0.00195,0.00025,0.00000384,0.000000033,0.43,0.13,0.024,0.0029,0.00021,111
08103,blend,0.0162,0.0123,0.00282,0.0000142,0.00000365,0,0.29,0.076,0.0073,0.0015,0,84
08105,blend,0.64,0.00889,0.00167,0.0000202,0.00000348,0.000000175,0.4,0.1,0.019,0.0043,0.0013,84
08107,blend,0.46,0.015,0.00253,0.0000166,0.00000399,0,0.32,0.082,0.0092,0.0016,0,87
08109,blend,0.377,0.0103,0.00206,0.0000185,0.00000329,0.0000000511,0.4,0.11,0.016,0.0026,0.00035,83
08111,blend,0.961,0.0106,0.00181,0.0000131,0.00000276,0.0000000496,0.21,0.045,0.0054,0.0011,0.00019,79
08113,blend,0,0.0106,0.00159,0.0000116,0.00000249,0.00000000427,0.087,0.018,0.0018,0.00035,0.0000072,75
08115,blend,0,0.0165,0.00175,0.000188,0.0000162,0.00000029,0.011,0.0019,0.00047,0.000072,0.0000095,117
08117,blend,1.79,0.0255,0.00289,0.0000159,0.00000369,0,0.45,0.13,0.017,0.0024,0,88
08119,blend,0.616,0.0252,0.00211,0.0000339,0.0000035,0,0.44,0.13,0.019,0.0022,0,100
08121,blend,0.0382,0.0118,0.00197,0.000224,0.00000835,0.000000076,0.32,0.077,0.015,0.0017,0.000083,114
08123,blend,0.514,0.0214,0.00206,0.0000308,0.00000662,0.0000000437,0.47,0.13,0.024,0.0034,0.00011,97
08125,blend,0,0.0136,0.00183,0.000423,0.000011,0.000000138,0.17,0.038,0.0073,0.00081,0.000065,125
09110,blend,0.181,0.0246,0.00217,0.0000649,0.000000261,0,0.76,0.26,0.013,0.00088,0,163
09120,blend,0.64,0.0395,0.00386,0.0000701,0.000000218,0,0.75,0.24,0.013,0.00068,0,176
09130,blend,0.865,0.166,0.00244,0.0000644,0.000000241,0,0.75,0.24,0.013,0.00081,0,160
09140,blend,0.22,0.0256,0.00247,0.0000684,0.000000229,0,0.76,0.25,0.013,0.00074,0,176
09150,blend,1.9,0.236,0.00215,0.0000625,0.000000288,0,0.76,0.26,0.013,0.001,0,148
09160,blend,1.06,0.0524,0.00224,0.0000687,0.00000024,0,0.76,0.26,0.013,0.00077,0,180
09170,blend,0.265,0.0322,0.00241,0.0000669,0.000000226,0,0.76,0.25,0.013,0.00075,0,170
09180,blend,0.596,0.0849,0.00207,0.0000623,0.00000026,0,0.75,0.24,0.013,0.0009,0,149
09190,blend,0.251,0.0384,0.00366,0.0000719,0.00000022,0,0.75,0.25,0.013,0.00067,0,185
10001,blend,0.209,0.00781,0.00211,0.000135,0.00000127,0,0.66,0.2,0.02,0.0015,0,266
10003,blend,0.251,0.0201,0.00243,0.000132,0.00000119,0,0.68,0.21,0.02,0.0015,0,282
10005,blend,0.181,0.00807,0.00202,0.000135,0.00000129,0,0.64,0.18,0.021,0.0015,0,253
11001,blend,0.0991,0.0106,0.00233,0.000192,0.00000264,0.0000000346,0.69,0.24,0.026,0.0025,0.000025,337
12001,blend,0.123,0.00451,0.00132,0.0000328,0.00000644,0.000000402,0.31,0.067,0.01,0.0021,0.00026,159
12003,blend,0.67,0.00662,0.00106,0.0000362,0.00000693,0.000000587,0.34,0.067,0.01,0.0021,0.00034,192
12005,blend,0.48,0.00557,0.00155,0.000102,0.0000167,0.00000316,0.44,0.11,0.024,0.0083,0.0028,188
12007,blend,0.493,0.00442,0.00117,0.0000333,0.00000648,0.00000047,0.32,0.065,0.01,0.0021,0.0003,170
12009,blend,0.0259,0.00308,0.000958,0.0000178,0.00000316,0.0000000269,0.16,0.026,0.0089,0.0017,0.000028,68
12011,blend,0.0103,0.00202,0.0005,0.0000069,0.00000106,0,0.12,0.013,0.0069,0.0012,0,33
12013,blend,1.82,0.0279,0.00608,0.000712,0.0000799,0.00000267,0.43,0.1,0.021,0.007,0.0023,209
12015,blend,0.196,0.00354,0.00111,0.0000168,0.00000326,0,0.12,0.02,0.011,0.0023,0,47
12017,blend,0.585,0.00418,0.00147,0.0000297,0.00000586,0.000000189,0.28,0.065,0.011,0.0022,0.00014,124
12019,blend,0.904,0.0082,0.00107,0.0000319,0.0000062,0.000000469,0.31,0.062,0.0099,0.002,0.0003,169
12021,blend,0.1,0.00262,0.000741,0.00000996,0.00000179,0,0.12,0.015,0.0088,0.0017,0,34
12023,blend,0.758,0.00876,0.00124,0.0000375,0.00000721,0.000000593,0.34,0.07,0.01,0.0022,0.00034,193
12027,blend,0.381,0.00368,0.0011,0.0000175,0.00000335,0,0.13,0.021,0.01,0.0022,0,50
12029,blend,0.688,0.00543,0.00166,0.0000381,0.00000743,0.000000498,0.34,0.078,0.011,0.0025,0.0003,164
12031,blend,0.0712,0.00348,0.000855,0.0000332,0.00000629,0.00000056,0.32,0.061,0.0099,0.002,0.00034,177
12033,blend,0.17,0.00748,0.00145,0.000244,0.0000306,0.00000785,0.55,0.18,0.043,0.016,0.0068,186
12035,blend,0.248,0.00341,0.00105,0.0000264,0.00000509,0.000000299,0.27,0.05,0.0095,0.0019,0.00022,125
12037,blend,1.97,0.0173,0.00245,0.000083,0.0000121,0.00000167,0.4,0.1,0.018,0.0055,0.0014,164
12039,blend,0.436,0.00969,0.00139,0.0000767,0.0000123,0.0000019,0.4,0.087,0.016,0.0047,0.0013,222
12041,blend,0.829,0.00646,0.00153,0.0000535,0.00000701,0.000000468,0.33,0.072,0.011,0.0023,0.00029,166
12043,blend,0.317,0.00393,0.000925,0.0000136,0.00000248,0,0.12,0.017,0.0093,0.0019,0,45
12045,blend,1.92,0.014,0.0022,0.0000809,0.0000148,0.00000249,0.42,0.11,0.022,0.0072,0.0022,171
12047,blend,1.17,0.0129,0.00128,0.0000417,0.0000078,0.000000727,0.36,0.073,0.011,0.0023,0.00039,213
12049,blend,0.77,0.00353,0.00115,0.000019,0.00000365,0,0.14,0.025,0.0099,0.0021,0,59
12051,blend,0.507,0.00269,0.000796,0.0000113,0.00000201,0,0.11,0.015,0.0089,0.0018,0,40
12053,blend,0.445,0.00411,0.00145,0.0000277,0.00000545,0.000000116,0.26,0.059,0.011,0.0022,0.000095,108
12055,blend,0.669,0.00347,0.00101,0.0000162,0.00000301,0,0.13,0.02,0.0096,0.002,0,51
12057,blend,0.0487,0.00913,0.00171,0.0000234,0.0000046,0.0000000138,0.2,0.041,0.011,0.0023,0.000014,77
12059,blend,0.915,0.0148,0.00132,0.000145,0.000019,0.00000404,0.48,0.12,0.027,0.0093,0.0034,227
12061,blend,0.384,0.00288,0.000869,0.0000145,0.00000252,0,0.13,0.018,0.0086,0.0016,0,51
12063,blend,0.445,0.00988,0.00135,0.000109,0.0000154,0.00000287,0.45,0.1,0.022,0.007,0.0023,231
12065,blend,2.03,0.0148,0.00151,0.0000529,0.00000967,0.00000111,0.38,0.084,0.013,0.0034,0.00068,215
12067,blend,1.17,0.0136,0.00143,0.0000402,0.00000774,0.000000625,0.35,0.076,0.011,0.0025,0.00035,187
12069,blend,0.116,0.00367,0.00122,0.0000245,0.0000048,0.000000141,0.24,0.046,0.0097,0.002,0.00012,103
12071,blend,0.0419,0.00326,0.00103,0.0000148,0.00000286,0,0.12,0.017,0.01,0.0022,0,42
12073,blend,0.349,0.02,0.00234,0.0000628,0.0000109,0.00000146,0.4,0.088,0.015,0.0041,0.001,218
12075,blend,0.681,0.00469,0.00153,0.0000336,0.00000661,0.000000334,0.32,0.073,0.011,0.0023,0.00022,146
12077,blend,1.86,0.0172,0.00197,0.000125,0.0000175,0.00000209,0.4,0.093,0.018,0.0054,0.0016,199
12079,blend,1.26,0.00924,0.0013,0.0000462,0.00000859,0.000000864,0.37,0.079,0.012,0.0027,0.00047,214
12081,blend,0.094,0.00387,0.0013,0.0000214,0.00000424,0,0.16,0.031,0.011,0.0024,0,63
12083,blend,0.215,0.00469,0.0013,0.0000284,0.00000563,0.000000258,0.28,0.059,0.01,0.0021,0.00019,130
12085,blend,0.136,0.00253,0.000717,0.0000109,0.00000181,0,0.11,0.014,0.008,0.0015,0,42
12086,blend,0.0484,0.00153,0.000293,0.00000428,0.000000572,0,0.12,0.013,0.0055,0.00079,0,29
12087,blend,0.377,0.00176,0.00043,0.00000573,0.000000908,0,0.12,0.014,0.0066,0.0011,0,30
12089,blend,0.356,0.00433,0.000757,0.000036,0.00000664,0.000000641,0.33,0.063,0.01,0.002,0.00037,194
12091,blend,0.158,0.00556,0.00135,0.000187,0.0000245,0.00000579,0.51,0.14,0.035,0.013,0.005,203
12093,blend,0.703,0.00301,0.000901,0.0000144,0.00000258,0,0.12,0.018,0.0089,0.0018,0,50
12095,blend,0.0412,0.00343,0.00111,0.0000216,0.00000409,0.000000078,0.2,0.036,0.0094,0.0019,0.000072,87
12097,blend,0.127,0.00327,0.00104,0.0000186,0.00000342,0.0000000133,0.16,0.027,0.0093,0.0019,0.000014,66
12099,blend,0.0581,0.00262,0.000627,0.00000902,0.00000146,0,0.11,0.014,0.0076,0.0014,0,37
12101,blend,0.185,0.00441,0.00143,0.0000263,0.00000517,0.000000069,0.24,0.054,0.011,0.0022,0.00006,96
12103,blend,0.17,0.0042,0.00149,0.0000258,0.00000507,0.0000000171,0.22,0.051,0.011,0.0024,0.000016,80
12105,blend,0.128,0.00389,0.00116,0.0000205,0.00000392,0.0000000126,0.17,0.031,0.0098,0.0021,0.000013,70
12107,blend,0.422,0.00367,0.00115,0.0000291,0.00000569,0.000000353,0.29,0.058,0.0098,0.002,0.00025,143
12109,blend,0.201,0.00364,0.000968,0.0000293,0.00000563,0.000000421,0.29,0.056,0.0096,0.0019,0.00028,149
12111,blend,0.0703,0.00268,0.000786,0.0000125,0.00000211,0,0.12,0.015,0.0083,0.0016,0,47
12113,blend,0.215,0.00962,0.00172,0.000225,0.0000279,0.00000696,0.54,0.16,0.039,0.015,0.006,203
12115,blend,0.0465,0.00385,0.00128,0.0000203,0.00000404,0,0.14,0.027,0.011,0.0024,0,55
12117,blend,0.151,0.00339,0.00107,0.0000216,0.00000406,0.000000104,0.21,0.036,0.0093,0.0018,0.000093,89
12119,blend,0.187,0.00386,0.00132,0.000026,0.00000513,0.00000014,0.25,0.052,0.01,0.0021,0.00012,110
12121,blend,0.712,0.0139,0.00136,0.0000399,0.00000764,0.000000645,0.35,0.074,0.011,0.0024,0.00036,195
12123,blend,1.07,0.00626,0.00158,0.0000447,0.00000855,0.000000773,0.36,0.082,0.012,0.0029,0.00044,187
12125,blend,0.46,0.00488,0.00119,0.0000349,0.00000679,0.000000514,0.33,0.068,0.01,0.0021,0.00031,180
12127,blend,0.0937,0.00358,0.00107,0.0000236,0.00000451,0.000000186,0.23,0.043,0.0094,0.0019,0.00015,104
12129,blend,1.4,0.0249,0.00177,0.0000579,0.0000108,0.00000137,0.39,0.091,0.015,0.0043,0.00098,193
12131,blend,0.283,0.00639,0.00138,0.000154,0.0000212,0.00000472,0.48,0.13,0.03,0.011,0.0041,206
12133,blend,1.22,0.0148,0.00234,0.000169,0.0000178,0.00000362,0.46,0.11,0.025,0.0087,0.0031,215
13001,blend,1.28,0.0044,0.000562,0.0000654,0.00000828,0.000000951,0.39,0.071,0.012,0.0025,0.00045,263
13003,blend,2.28,0.0118,0.000751,0.000052,0.00000832,0.00000092,0.38,0.074,0.012,0.0024,0.00044,250
13005,blend,0.794,0.00387,0.000609,0.0000578,0.00000818,0.000000921,0.38,0.071,0.012,0.0024,0.00044,255
13007,blend,3.69,0.0147,0.00126,0.0000936,0.0000122,0.00000196,0.43,0.088,0.016,0.0045,0.0013,264
13009,blend,0.628,0.00945,0.000784,0.000162,0.000012,0.00000169,0.51,0.1,0.018,0.0039,0.00059,358
13011,blend,0.676,0.038,0.0016,0.000258,0.0000151,0.00000254,0.6,0.15,0.023,0.0049,0.00065,425
13013,blend,0.205,0.00774,0.000996,0.000238,0.0000149,0.00000251,0.58,0.13,0.022,0.0048,0.00071,407
13015,blend,0.654,0.0282,0.00114,0.000281,0.0000181,0.0000037,0.6,0.14,0.024,0.0061,0.0013,415
13017,blend,0.274,0.0066,0.000753,0.0000726,0.00000918,0.00000108,0.4,0.074,0.012,0.0026,0.00048,280
13019,blend,0.466,0.00625,0.000832,0.0000563,0.00000878,0.00000101,0.39,0.077,0.012,0.0026,0.00049,257
13021,blend,0.285,0.00885,0.000997,0.000153,0.0000123,0.00000186,0.5,0.097,0.018,0.0041,0.00075,344
13023,blend,0.258,0.00742,0.000734,0.000118,0.0000107,0.00000141,0.46,0.087,0.016,0.0034,0.00059,320
13025,blend,0.736,0.00432,0.000655,0.0000462,0.00000734,0.000000808,0.36,0.066,0.011,0.0022,0.00042,226
13027,blend,0.356,0.00573,0.00111,0.0000529,0.00000911,0.00000104,0.39,0.08,0.012,0.0029,0.00056,238
13029,blend,0.37,0.00452,0.000386,0.0000811,0.00000797,0.000000984,0.39,0.071,0.014,0.0025,0.00046,254
13031,blend,0.462,0.00755,0.000576,0.000104,0.00000883,0.00000107,0.42,0.078,0.015,0.0029,0.00047,280
13033,blend,0.326,0.00681,0.000666,0.00015,0.0000103,0.00000127,0.48,0.097,0.018,0.0034,0.00048,328
13035,blend,0.488,0.0151,0.00129,0.000195,0.0000141,0.00000235,0.54,0.11,0.02,0.0047,0.00086,376
13037,blend,1.76,0.0178,0.000999,0.000109,0.0000131,0.00000225,0.46,0.093,0.018,0.0052,0.0016,277
13039,blend,0.671,0.00673,0.000555,0.0000398,0.00000678,0.000000721,0.34,0.063,0.01,0.0021,0.0004,209
13043,blend,0.937,0.00615,0.000546,0.000103,0.00000911,0.00000108,0.43,0.08,0.015,0.0029,0.00047,295
13045,blend,0.299,0.0147,0.000897,0.00025,0.0000182,0.00000383,0.58,0.12,0.024,0.0065,0.0017,392
13047,blend,0.774,0.0195,0.00162,0.000323,0.0000193,0.00000418,0.61,0.17,0.025,0.0064,0.0013,436
13049,blend,1.1,0.0148,0.000917,0.0000395,0.00000713,0.000000703,0.35,0.067,0.01,0.0021,0.00039,215
13051,blend,0.313,0.00379,0.000318,0.0000796,0.0000076,0.000000963,0.38,0.069,0.014,0.0025,0.00046,238
13053,blend,0.139,0.00621,0.000824,0.00016,0.000015,0.00000285,0.5,0.097,0.02,0.0056,0.0016,323
13055,blend,1.25,0.0215,0.00147,0.000309,0.0000197,0.00000438,0.6,0.15,0.025,0.0068,0.0016,419
13057,blend,0.158,0.0143,0.00126,0.000271,0.0000171,0.0000033,0.59,0.14,0.023,0.0056,0.001,420
13059,blend,0.343,0.015,0.000976,0.000229,0.0000141,0.00000225,0.57,0.13,0.021,0.0046,0.00063,404
13061,blend,3.38,0.0261,0.000991,0.00013,0.0000148,0.00000281,0.48,0.099,0.02,0.0062,0.002,286
13063,blend,0.427,0.00733,0.000888,0.000226,0.0000159,0.00000296,0.56,0.12,0.022,0.0054,0.0011,391
13065,blend,0.307,0.00459,0.000877,0.000044,0.0000078,0.000000798,0.37,0.072,0.011,0.0023,0.00041,229
13067,blend,0.122,0.0157,0.000999,0.000256,0.000017,0.0000033,0.58,0.13,0.023,0.0057,0.0011,409
13069,blend,0.387,0.00519,0.000704,0.00006,0.00000856,0.000000971,0.39,0.074,0.012,0.0025,0.00046,260
13071,blend,0.409,0.00539,0.000974,0.0000657,0.00000987,0.00000127,0.41,0.082,0.013,0.0032,0.00072,255
13073,blend,0.31,0.00721,0.000819,0.000187,0.0000116,0.00000155,0.53,0.11,0.02,0.0039,0.00051,359
13075,blend,0.196,0.00613,0.00092,0.0000565,0.00000903,0.00000106,0.39,0.078,0.012,0.0028,0.00054,252
13077,blend,0.578,0.0102,0.000852,0.000224,0.0000167,0.0000033,0.56,0.12,0.022,0.006,0.0014,379
13079,blend,1.08,0.011,0.000921,0.000154,0.0000129,0.00000206,0.5,0.098,0.018,0.0044,0.00091,342
13081,blend,0,0.00726,0.000865,0.0000971,0.0000107,0.00000148,0.26,0.039,0.0066,0.0016,0.00034,292
13083,blend,1.54,0.0292,0.00156,0.000331,0.0000203,0.00000461,0.61,0.17,0.026,0.0069,0.0016,436
13085,blend,0.606,0.029,0.00155,0.000276,0.0000166,0.00000308,0.6,0.15,0.023,0.0053,0.00084,427
13087,blend,0.938,0.00864,0.00123,0.0000843,0.0000125,0.00000198,0.43,0.093,0.017,0.005,0.0015,243
13089,blend,0.519,0.0102,0.000937,0.000235,0.0000157,0.00000285,0.57,0.12,0.022,0.0052,0.00096,401
13091,blend,0.252,0.00534,0.000718,0.0000969,0.00000987,0.00000122,0.44,0.082,0.014,0.0031,0.00054,301
13093,blend,1.02,0.01,0.000798,0.000111,0.0000113,0.00000162,0.46,0.088,0.016,0.0038,0.0008,305
13095,blend,0.0406,0.00596,0.000985,0.0000924,0.0000115,0.00000175,0.44,0.088,0.016,0.0042,0.0011,278
13097,blend,0.239,0.0105,0.000927,0.000247,0.0000172,0.00000345,0.58,0.12,0.023,0.006,0.0014,396
13099,blend,0.219,0.0109,0.00109,0.000114,0.0000141,0.00000257,0.46,0.096,0.02,0.0059,0.0019,270
13101,blend,0.549,0.00416,0.00104,0.0000432,0.00000789,0.000000777,0.36,0.071,0.01,0.0022,0.00039,221
13103,blend,0.694,0.00767,0.000419,0.000103,0.00000845,0.00000105,0.41,0.077,0.015,0.0028,0.00047,265
13105,blend,0.176,0.00931,0.00104,0.000233,0.0000136,0.00000207,0.58,0.14,0.022,0.0044,0.00056,400
13107,blend,0.686,0.0106,0.000607,0.000116,0.00000965,0.00000115,0.45,0.085,0.016,0.0031,0.00048,309
13109,blend,1.45,0.00848,0.000873,0.0000879,0.00000856,0.00000103,0.4,0.074,0.014,0.0027,0.00046,277
13111,blend,0.541,0.0102,0.0015,0.000303,0.0000173,0.00000336,0.6,0.16,0.022,0.0051,0.00077,440
13113,blend,0.246,0.00726,0.000863,0.000219,0.0000159,0.00000299,0.56,0.12,0.022,0.0055,0.0012,382
13115,blend,0.615,0.022,0.00116,0.000294,0.0000192,0.00000418,0.6,0.14,0.025,0.0066,0.0015,418
13117,blend,0.0739,0.0114,0.0011,0.000262,0.0000162,0.00000296,0.59,0.14,0.023,0.0052,0.00085,420
13119,blend,0.303,0.0125,0.00115,0.000255,0.0000146,0.00000239,0.6,0.15,0.023,0.0047,0.0006,422
13121,blend,0.271,0.00833,0.000947,0.000243,0.0000164,0.00000312,0.57,0.13,0.022,0.0056,0.0011,402
13123,blend,3.18,0.148,0.00217,0.000296,0.0000175,0.00000343,0.61,0.17,0.024,0.0056,0.00093,433
13125,blend,1.48,0.00649,0.000765,0.000166,0.0000114,0.00000151,0.51,0.1,0.019,0.0037,0.00051,351
13127,blend,0.601,0.0158,0.000506,0.0000461,0.00000693,0.000000795,0.35,0.064,0.011,0.0021,0.00042,213
13129,blend,0.694,0.0154,0.00206,0.000297,0.0000184,0.00000381,0.61,0.15,0.024,0.0061,0.0012,428
13131,blend,0.788,0.00829,0.0012,0.000072,0.0000111,0.00000159,0.38,0.076,0.013,0.0035,0.00091,241
13133,blend,1.03,0.0113,0.00101,0.000199,0.000013,0.00000193,0.54,0.11,0.02,0.0042,0.00059,384
13135,blend,0.256,0.00834,0.00112,0.000242,0.0000155,0.00000275,0.58,0.13,0.022,0.0051,0.00083,409
13137,blend,0.573,0.0629,0.00437,0.000275,0.0000155,0.00000269,0.62,0.17,0.024,0.005,0.00065,435
13139,blend,0.293,0.018,0.00113,0.000261,0.0000156,0.00000274,0.6,0.15,0.023,0.005,0.00073,424
13141,blend,2.47,0.0474,0.000801,0.000174,0.000012,0.00000168,0.52,0.11,0.019,0.0039,0.00055,364
13143,blend,0.886,0.0412,0.0011,0.000268,0.0000189,0.00000409,0.59,0.13,0.024,0.0068,0.0017,396
13145,blend,1.34,0.0242,0.000798,0.000189,0.0000162,0.00000323,0.53,0.11,0.022,0.0062,0.0018,348
13147,blend,0.222,0.0105,0.00115,0.00025,0.0000142,0.00000224,0.6,0.15,0.023,0.0046,0.00058,418
13149,blend,0.973,0.0179,0.00115,0.000234,0.000018,0.00000381,0.56,0.12,0.023,0.0066,0.0018,376
13151,blend,0.244,0.00844,0.000959,0.000211,0.0000149,0.00000263,0.55,0.11,0.021,0.005,0.00096,388
13153,blend,0.0757,0.00596,0.000768,0.000127,0.0000115,0.00000165,0.48,0.09,0.016,0.0038,0.00073,317
13155,blend,1.28,0.00689,0.000793,0.0000687,0.00000921,0.0000011,0.41,0.078,0.013,0.0028,0.00053,274
13157,blend,0.232,0.01,0.00104,0.000244,0.0000148,0.00000247,0.58,0.14,0.022,0.0048,0.00067,415
13159,blend,0.766,0.0163,0.00137,0.00019,0.0000135,0.00000213,0.54,0.11,0.02,0.0044,0.00073,371
13161,blend,0.875,0.00441,0.00064,0.0000699,0.00000869,0.000000997,0.4,0.075,0.013,0.0026,0.00046,274
13163,blend,0.827,0.00624,0.000712,0.000151,0.0000108,0.00000137,0.49,0.098,0.018,0.0035,0.0005,342
13165,blend,0.243,0.00723,0.000622,0.00013,0.00000971,0.00000118,0.46,0.089,0.017,0.0032,0.00048,313
13167,blend,1.3,0.0159,0.000675,0.000126,0.0000103,0.00000127,0.46,0.088,0.016,0.0033,0.00049,325
13169,blend,1.26,0.018,0.001,0.000165,0.0000125,0.00000187,0.51,0.1,0.018,0.0041,0.00069,358
13171,blend,0.763,0.0132,0.00114,0.000185,0.0000142,0.00000243,0.53,0.11,0.02,0.0049,0.001,363
13173,blend,0.185,0.00459,0.000897,0.0000483,0.00000831,0.000000895,0.38,0.075,0.011,0.0024,0.00044,241
13175,blend,0.347,0.0055,0.000681,0.000108,0.00000997,0.00000122,0.45,0.084,0.015,0.0031,0.0005,312
13177,blend,0.368,0.00609,0.000882,0.000104,0.0000117,0.0000018,0.45,0.089,0.016,0.0042,0.0011,291
13179,blend,0.468,0.00443,0.000373,0.0000695,0.00000767,0.000000939,0.38,0.068,0.013,0.0024,0.00045,243
13181,blend,1.53,0.0332,0.00171,0.000206,0.0000123,0.00000174,0.55,0.12,0.021,0.0041,0.00052,378
13183,blend,1.35,0.0059,0.000508,0.0000663,0.00000783,0.000000936,0.38,0.069,0.012,0.0024,0.00045,250
13185,blend,0.295,0.0053,0.00116,0.0000625,0.00000849,0.000000902,0.38,0.076,0.012,0.0025,0.00046,236
13187,blend,1.21,0.0563,0.00199,0.00028,0.0000164,0.00000299,0.61,0.16,0.024,0.0052,0.00076,430
13189,blend,0.643,0.00959,0.000814,0.000184,0.0000117,0.0000016,0.53,0.11,0.02,0.0039,0.00052,358
13191,blend,1.15,0.0138,0.000413,0.0000551,0.00000714,0.00000086,0.36,0.065,0.012,0.0022,0.00044,222
13193,blend,1.69,0.0138,0.0008,0.000132,0.0000124,0.00000195,0.48,0.093,0.017,0.0043,0.00098,319
13195,blend,0.366,0.0142,0.00104,0.000238,0.0000142,0.00000226,0.58,0.14,0.022,0.0046,0.0006,407
13197,blend,1.15,0.017,0.00128,0.00015,0.000014,0.00000251,0.5,0.097,0.019,0.0053,0.0014,322
13199,blend,1.85,0.0356,0.00102,0.000199,0.0000158,0.00000303,0.54,0.11,0.021,0.0057,0.0014,364
13201,blend,0.521,0.0056,0.00115,0.0000996,0.0000133,0.00000227,0.45,0.094,0.018,0.0054,0.0017,256
13205,blend,0.84,0.0165,0.00114,0.0000803,0.0000112,0.00000165,0.43,0.087,0.015,0.0041,0.0011,257
13207,blend,0.74,0.0124,0.000951,0.000174,0.0000134,0.00000217,0.52,0.1,0.019,0.0045,0.00086,361
13209,blend,0.671,0.00983,0.000612,0.0000895,0.00000913,0.00000106,0.42,0.078,0.014,0.0028,0.00047,292
13211,blend,0.754,0.00802,0.000885,0.000206,0.0000136,0.00000215,0.55,0.12,0.02,0.0044,0.00066,388
13213,blend,0.785,0.0182,0.00146,0.000308,0.0000182,0.00000373,0.62,0.17,0.025,0.0059,0.0011,438
13215,blend,0.452,0.0092,0.000806,0.000174,0.0000157,0.00000306,0.52,0.1,0.021,0.0061,0.0018,334
13217,blend,0.21,0.00995,0.000999,0.000211,0.0000143,0.00000239,0.55,0.12,0.021,0.0047,0.00079,391
13219,blend,0.328,0.00734,0.000941,0.000222,0.000014,0.00000223,0.56,0.12,0.021,0.0045,0.00065,392
13221,blend,0.95,0.0147,0.00109,0.000218,0.0000135,0.00000205,0.56,0.13,0.021,0.0044,0.00058,393
13223,blend,0.178,0.0174,0.00123,0.000263,0.0000178,0.00000365,0.59,0.13,0.024,0.0062,0.0014,406
13225,blend,0.441,0.00612,0.000783,0.00014,0.0000122,0.00000185,0.49,0.094,0.017,0.0041,0.00082,327
13227,blend,1.49,0.0624,0.0026,0.000284,0.0000174,0.00000339,0.6,0.15,0.024,0.0057,0.00098,425
13229,blend,0.777,0.00346,0.000566,0.0000508,0.00000771,0.000000857,0.37,0.069,0.011,0.0023,0.00043,244
13231,blend,1.06,0.0105,0.000824,0.000193,0.000015,0.00000271,0.54,0.11,0.02,0.0053,0.0012,365
13233,blend,0.925,0.0463,0.00128,0.000279,0.000019,0.00000409,0.59,0.13,0.025,0.0067,0.0016,399
13235,blend,0.709,0.0116,0.000755,0.000108,0.0000106,0.00000141,0.45,0.086,0.015,0.0034,0.00064,306
13237,blend,1.47,0.0116,0.000833,0.000184,0.0000128,0.00000191,0.53,0.11,0.019,0.0042,0.00063,373
13239,blend,2.13,0.00672,0.000913,0.000143,0.0000152,0.00000294,0.49,0.098,0.02,0.0062,0.002,296
13241,blend,2.77,0.154,0.0129,0.000288,0.0000156,0.00000272,0.64,0.19,0.024,0.0051,0.00063,445
13243,blend,1.1,0.00866,0.000933,0.000126,0.0000139,0.00000252,0.47,0.096,0.019,0.0056,0.0017,291
13245,blend,0.144,0.00696,0.000752,0.000173,0.000011,0.00000141,0.51,0.11,0.019,0.0037,0.00049,343
13247,blend,0.306,0.00689,0.000904,0.000222,0.000015,0.0000026,0.56,0.12,0.021,0.005,0.00087,394
13249,blend,1.21,0.00834,0.00105,0.00018,0.0000131,0.0000022,0.48,0.094,0.018,0.0048,0.0012,314
13251,blend,0.0288,0.00641,0.000544,0.000129,0.0000093,0.00000112,0.41,0.075,0.014,0.0026,0.0004,297
13253,blend,0.346,0.00675,0.00126,0.0000979,0.0000138,0.00000239,0.44,0.097,0.019,0.0059,0.0018,241
13255,blend,0.207,0.0115,0.00135,0.000202,0.000015,0.00000268,0.54,0.11,0.021,0.0051,0.0011,377
13257,blend,0.481,0.0281,0.00153,0.000267,0.000015,0.00000251,0.62,0.16,0.023,0.0049,0.00061,431
13259,blend,1.4,0.0103,0.000863,0.000146,0.0000147,0.00000279,0.49,0.099,0.02,0.0059,0.0018,304
13261,blend,0.734,0.00707,0.000845,0.000118,0.0000123,0.00000196,0.47,0.091,0.017,0.0044,0.0011,299
13263,blend,2.15,0.0203,0.000923,0.000172,0.0000147,0.00000269,0.52,0.1,0.02,0.0054,0.0014,342
13265,blend,2.49,0.0602,0.00453,0.000194,0.0000125,0.00000179,0.54,0.11,0.02,0.004,0.00054,371
13267,blend,1.3,0.00512,0.000515,0.0000811,0.00000853,0.00000101,0.4,0.073,0.014,0.0026,0.00046,276
13269,blend,1.22,0.00756,0.000803,0.000152,0.0000134,0.00000227,0.5,0.097,0.019,0.0048,0.0011,332
13271,blend,0.277,0.00482,0.000694,0.0000782,0.00000913,0.00000106,0.42,0.078,0.013,0.0028,0.00048,283
13273,blend,1.22,0.00715,0.000914,0.000113,0.0000127,0.00000211,0.46,0.092,0.018,0.0048,0.0013,283
13275,blend,0.181,0.00663,0.00114,0.0000617,0.00001,0.00000129,0.4,0.084,0.014,0.0034,0.00077,239
13277,blend,0.825,0.00876,0.00113,0.0000682,0.00000953,0.00000119,0.41,0.08,0.013,0.003,0.00061,268
13279,blend,0.46,0.00756,0.000573,0.0000853,0.00000887,0.00000103,0.41,0.076,0.014,0.0027,0.00046,284
13281,blend,0.721,0.0121,0.00161,0.000297,0.0000163,0.00000293,0.52,0.12,0.015,0.0032,0.00042,443
13283,blend,0.692,0.0122,0.000897,0.000105,0.00000958,0.00000114,0.44,0.081,0.015,0.003,0.00047,306
13285,blend,0.272,0.0121,0.000806,0.000214,0.0000172,0.00000354,0.55,0.11,0.023,0.0065,0.0018,363
13287,blend,0.873,0.00778,0.000837,0.0000822,0.0000101,0.00000131,0.43,0.083,0.014,0.0033,0.00068,283
13289,blend,0.82,0.00934,0.00106,0.000136,0.0000114,0.00000159,0.48,0.092,0.017,0.0037,0.00063,333
13291,blend,0.746,0.0154,0.00155,0.000297,0.0000167,0.00000309,0.5,0.11,0.015,0.0032,0.00045,436
13293,blend,0.362,0.00771,0.000811,0.000176,0.0000142,0.00000249,0.52,0.1,0.02,0.005,0.0011,353
13295,blend,0.518,0.0138,0.00173,0.00032,0.0000197,0.00000436,0.61,0.16,0.026,0.0066,0.0014,429
13297,blend,0.323,0.00686,0.000931,0.000224,0.0000145,0.00000242,0.56,0.12,0.021,0.0047,0.00073,396
13299,blend,0.458,0.00594,0.000735,0.0000445,0.00000761,0.000000797,0.36,0.07,0.011,0.0022,0.00041,230
13301,blend,1.6,0.0169,0.00123,0.00018,0.0000119,0.00000163,0.52,0.11,0.019,0.0039,0.00053,364
13303,blend,0.817,0.00718,0.000733,0.000148,0.0000111,0.00000144,0.49,0.097,0.018,0.0036,0.00052,342
13305,blend,0.774,0.00377,0.000472,0.0000573,0.00000769,0.000000894,0.37,0.068,0.012,0.0023,0.00044,245
13307,blend,1.59,0.0257,0.00121,0.000132,0.0000136,0.00000238,0.48,0.093,0.018,0.0051,0.0014,307
13309,blend,0.134,0.00502,0.000651,0.0000871,0.00000922,0.00000107,0.41,0.076,0.013,0.0027,0.00045,291
13311,blend,0.995,0.0554,0.00175,0.00028,0.000016,0.00000283,0.62,0.17,0.024,0.0051,0.00069,439
13313,blend,0.293,0.0104,0.00148,0.000314,0.0000188,0.00000398,0.61,0.17,0.025,0.0062,0.0012,431
13315,blend,1.42,0.0133,0.000881,0.0000903,0.00001,0.00000128,0.43,0.082,0.014,0.0032,0.00061,291
13317,blend,0.651,0.016,0.00105,0.000208,0.0000128,0.00000185,0.55,0.12,0.021,0.0042,0.00054,384
13319,blend,0.651,0.00657,0.000744,0.000142,0.0000112,0.00000151,0.49,0.094,0.017,0.0036,0.00057,342
13321,blend,0.8,0.00564,0.000906,0.000081,0.0000104,0.00000143,0.43,0.084,0.014,0.0035,0.0008,274
15001,blend,1.11,0.019,0.00368,0.000625,0,0,0.55,0.21,0.056,0,0,3
15003,blend,0.343,0.00698,0.00172,0.000441,0,0,0.6,0.19,0.12,0,0,4
15005,blend,0,0.00652,0.00193,0.000536,0,0,0.28,0.073,0.034,0,0,4
15007,blend,1.33,0.0315,0.00143,0.000422,0,0,0.6,0.14,0.091,0,0,3
15009,blend,0.77,0.0145,0.00275,0.000891,0,0,0.45,0.15,0.066,0,0,4
16001,blend,0.156,0.00251,0.000558,0.000919,0.000049,0.0000051,0.43,0.16,0.034,0.0048,0.00081,62
16003,blend,2.94,0.0465,0.00505,0.00104,0.0000513,0.00000569,0.52,0.24,0.028,0.0038,0.00094,73
16005,blend,0.545,0.0087,0.00303,0.000085,0.00000207,0,0.38,0.078,0.015,0.00084,0,68
16007,blend,1.29,0.00854,0.00349,0.0000349,0.00000288,0,0.33,0.066,0.012,0.0011,0,64
16009,blend,2.57,0.164,0.0199,0.001,0.0000393,0.00000449,0.64,0.34,0.029,0.0035,0.00096,67
16011,blend,0.828,0.018,0.00232,0.000143,0.00000166,0,0.39,0.078,0.016,0.00063,0,73
16013,blend,1.02,0.00749,0.00113,0.000391,0.0000122,0.00000108,0.4,0.1,0.02,0.00096,0.00013,67
16015,blend,7.29,0.0783,0.00287,0.000924,0.0000427,0.00000457,0.47,0.18,0.028,0.0032,0.00068,70
16017,blend,1.83,0.0892,0.0121,0.000917,0.0000284,0.00000325,0.68,0.36,0.029,0.0028,0.0008,53
16019,blend,0.339,0.00924,0.00224,0.000119,0.00000225,0,0.35,0.058,0.013,0.00071,0,73
16021,blend,1.53,0.0688,0.0127,0.000877,0.0000227,0.00000256,0.64,0.31,0.022,0.0016,0.00049,47
16023,blend,1.61,0.00578,0.00125,0.000283,0.00000425,0.000000235,0.37,0.079,0.014,0.00036,0.000022,73
16025,blend,2.3,0.00778,0.000694,0.000621,0.0000261,0.00000263,0.26,0.066,0.012,0.00096,0.00017,70
16027,blend,0.297,0.00253,0.000624,0.00101,0.0000555,0.00000584,0.44,0.18,0.037,0.0056,0.001,62
16029,blend,1.27,0.0103,0.00347,0.0000654,0.0000026,0,0.33,0.061,0.012,0.00088,0,70
16031,blend,0.263,0.00704,0.00273,0.000145,0.00000303,0.0000000738,0.35,0.081,0.019,0.0013,0.0000086,63
16033,blend,1.9,0.0261,0.000941,0.000275,0.00000126,0,0.39,0.078,0.014,0.00031,0,78
16035,blend,3.45,0.143,0.0315,0.0011,0.0000346,0.00000386,0.64,0.33,0.026,0.0025,0.00069,73
16037,blend,0.453,0.00854,0.00119,0.000625,0.0000208,0.00000211,0.12,0.028,0.0033,0.00017,0.000041,79
16039,blend,0.995,0.00772,0.000535,0.000761,0.000037,0.00000382,0.41,0.14,0.028,0.0032,0.00053,65
16041,blend,0.501,0.00821,0.00351,0.0000401,0.00000254,0,0.36,0.077,0.013,0.0011,0,63
16043,blend,3.09,0.0138,0.000742,0.000202,0.00000184,0,0.37,0.064,0.014,0.00053,0,75
16045,blend,1.21,0.00398,0.000833,0.000995,0.0000519,0.0000056,0.47,0.2,0.031,0.0044,0.00092,71
16047,blend,1.62,0.00716,0.000946,0.000529,0.000023,0.00000223,0.38,0.11,0.026,0.0023,0.00029,64
16049,blend,1.44,0.045,0.00924,0.000944,0.000037,0.00000409,0.63,0.32,0.028,0.0028,0.00073,80
16051,blend,1.42,0.0078,0.0014,0.000206,0.0000014,0,0.37,0.068,0.014,0.00042,0,78
16053,blend,0.988,0.00797,0.00198,0.000331,0.0000119,0.000000988,0.37,0.093,0.023,0.0017,0.00012,65
16055,blend,0.238,0.0386,0.0136,0.000973,0.0000356,0.00000408,0.67,0.36,0.031,0.0035,0.00098,61
16057,blend,0.758,0.0334,0.0111,0.00104,0.0000433,0.00000495,0.63,0.33,0.03,0.0039,0.0011,68
16059,blend,3.45,0.0494,0.00208,0.000631,0.0000164,0.00000163,0.52,0.18,0.019,0.00074,0.00019,83
16061,blend,2.05,0.0295,0.0112,0.00103,0.0000448,0.00000506,0.64,0.34,0.031,0.0041,0.0011,75
16063,blend,2.79,0.0268,0.00161,0.000362,0.0000126,0.00000109,0.37,0.092,0.02,0.0013,0.00012,66
16065,blend,1.58,0.0111,0.00146,0.000162,0.00000199,0,0.36,0.059,0.014,0.0006,0,75
16067,blend,0.157,0.00621,0.00207,0.000226,0.00000544,0.000000329,0.36,0.082,0.017,0.00087,0.000036,66
16069,blend,0.622,0.0246,0.00978,0.00105,0.0000471,0.00000535,0.62,0.32,0.03,0.0042,0.0011,72
16071,blend,1.03,0.0107,0.0034,0.0000615,0.00000209,0,0.33,0.071,0.013,0.00091,0,67
16073,blend,0.887,0.00249,0.000442,0.000758,0.0000414,0.00000396,0.37,0.12,0.04,0.0059,0.00063,55
16075,blend,0.505,0.00302,0.00079,0.00104,0.0000561,0.00000604,0.47,0.2,0.033,0.0051,0.001,65
16077,blend,1.86,0.0334,0.00298,0.000114,0.00000162,0,0.37,0.08,0.016,0.00075,0,68
16079,blend,1.62,0.164,0.027,0.000951,0.0000316,0.00000356,0.67,0.36,0.028,0.0026,0.00074,65
16081,blend,1.26,0.00695,0.00143,0.000131,0.0000024,0,0.35,0.054,0.014,0.00073,0,74
16083,blend,0.449,0.0051,0.00175,0.000361,0.0000147,0.00000123,0.36,0.097,0.027,0.0026,0.00016,62
16085,blend,2.63,0.0574,0.0105,0.00102,0.0000416,0.00000455,0.54,0.24,0.026,0.0028,0.00071,76
16087,blend,0.886,0.00639,0.00159,0.00107,0.000056,0.00000614,0.48,0.21,0.029,0.0043,0.00099,72
17001,blend,0.538,0.0407,0.00569,0.000572,0.0000255,0.00000355,0.49,0.13,0.02,0.0046,0.0015,344
17003,blend,0.585,0.0268,0.00583,0.00052,0.0000254,0.00000639,0.56,0.21,0.025,0.0072,0.0024,363
17005,blend,1.01,0.0234,0.00389,0.000494,0.000024,0.00000466,0.53,0.17,0.022,0.0057,0.0016,380
17007,blend,0.241,0.0233,0.0026,0.000487,0.000046,0.0000024,0.59,0.16,0.021,0.0069,0.0017,303
17009,blend,0.665,0.02,0.00508,0.00056,0.0000306,0.00000545,0.5,0.14,0.02,0.0047,0.0015,346
17011,blend,0.563,0.0364,0.00347,0.000483,0.0000353,0.00000292,0.55,0.15,0.021,0.006,0.0017,322
17013,blend,1.51,0.0175,0.00439,0.000596,0.0000276,0.00000478,0.51,0.16,0.021,0.0051,0.0016,354
17015,blend,0.667,0.0342,0.00361,0.00051,0.0000392,0.00000242,0.52,0.13,0.02,0.0057,0.0016,302
17017,blend,0.331,0.0137,0.00434,0.000509,0.0000253,0.00000381,0.51,0.14,0.02,0.005,0.0016,353
17019,blend,0.247,0.0215,0.00337,0.000443,0.0000294,0.00000375,0.56,0.15,0.022,0.0062,0.0015,382
17021,blend,0.783,0.0404,0.00378,0.000477,0.0000248,0.00000419,0.53,0.16,0.021,0.0056,0.0016,374
17023,blend,0.754,0.0369,0.00387,0.000429,0.0000251,0.00000422,0.55,0.16,0.023,0.0062,0.0015,413
17025,blend,0.34,0.0189,0.00385,0.000455,0.0000234,0.0000047,0.54,0.17,0.023,0.0061,0.0016,405
17027,blend,0.643,0.0236,0.004,0.000498,0.0000242,0.00000487,0.54,0.18,0.022,0.0058,0.0017,379
17029,blend,0.41,0.0179,0.00323,0.000442,0.0000257,0.00000416,0.55,0.16,0.023,0.0061,0.0015,404
17031,blend,0.0481,0.0179,0.00315,0.000451,0.0000457,0.00000266,0.65,0.21,0.024,0.008,0.0017,324
17033,blend,0.89,0.024,0.00348,0.000427,0.0000237,0.00000442,0.55,0.17,0.024,0.0063,0.0015,415
17035,blend,0.806,0.018,0.00371,0.000443,0.0000246,0.00000432,0.54,0.16,0.022,0.0061,0.0015,406
17037,blend,0.0948,0.0132,0.00255,0.000473,0.0000422,0.00000266,0.6,0.17,0.022,0.007,0.0017,320
17039,blend,1.27,0.0472,0.00463,0.000461,0.0000283,0.00000376,0.54,0.15,0.021,0.0058,0.0015,369
17041,blend,1.14,0.0458,0.00444,0.000443,0.000027,0.000004,0.55,0.15,0.022,0.0061,0.0015,392
17043,blend,0.0987,0.0184,0.00275,0.000459,0.000044,0.0000027,0.62,0.18,0.022,0.0072,0.0016,320
17045,blend,0.74,0.0693,0.00697,0.00043,0.000027,0.000004,0.55,0.16,0.023,0.0063,0.0015,406
17047,blend,0.43,0.0187,0.00397,0.000439,0.0000229,0.00000485,0.54,0.18,0.023,0.0063,0.0016,413
17049,blend,0.446,0.0145,0.00362,0.000457,0.0000238,0.00000451,0.54,0.17,0.022,0.006,0.0016,396
17051,blend,1.48,0.0208,0.00377,0.000474,0.0000238,0.00000457,0.54,0.17,0.022,0.0058,0.0016,389
17053,blend,0.625,0.0166,0.00265,0.000445,0.0000326,0.00000346,0.58,0.16,0.023,0.0066,0.0016,374
17055,blend,0.96,0.0284,0.00487,0.00048,0.0000241,0.00000536,0.56,0.2,0.024,0.0066,0.0019,393
17057,blend,0.567,0.0205,0.00426,0.000502,0.0000273,0.00000346,0.51,0.14,0.02,0.005,0.0015,346
17059,blend,1.69,0.0662,0.00889,0.000449,0.0000234,0.00000538,0.55,0.2,0.025,0.0068,0.0018,410
17061,blend,0.6,0.0176,0.00421,0.000538,0.0000246,0.00000422,0.51,0.15,0.02,0.0051,0.0016,360
17063,blend,0.151,0.0249,0.003,0.000455,0.0000379,0.00000304,0.58,0.16,0.021,0.0065,0.0016,342
17065,blend,0.447,0.0279,0.0047,0.000462,0.0000236,0.0000052,0.54,0.19,0.023,0.0062,0.0017,400
17067,blend,0.591,0.0311,0.00772,0.000551,0.000026,0.00000327,0.49,0.13,0.02,0.0045,0.0015,337
17069,blend,1.05,0.0457,0.00625,0.000453,0.0000237,0.00000561,0.5,0.17,0.02,0.0057,0.0015,402
17071,blend,2.22,0.0429,0.00557,0.000532,0.0000275,0.00000304,0.49,0.13,0.02,0.0046,0.0015,335
17073,blend,0.366,0.0251,0.00408,0.000502,0.0000328,0.00000286,0.53,0.14,0.021,0.0055,0.0016,328
17075,blend,0.601,0.0128,0.00263,0.000438,0.0000347,0.00000333,0.59,0.17,0.023,0.007,0.0016,367
17077,blend,0.527,0.0242,0.00538,0.000512,0.0000247,0.00000564,0.55,0.2,0.024,0.0065,0.002,380
17079,blend,0.996,0.0198,0.00374,0.000441,0.0000237,0.00000449,0.54,0.17,0.023,0.0062,0.0015,412
17081,blend,0.921,0.0216,0.00432,0.000477,0.0000239,0.00000509,0.54,0.19,0.023,0.0062,0.0017,392
17083,blend,0.77,0.0211,0.00428,0.000549,0.0000246,0.00000442,0.52,0.16,0.021,0.0052,0.0016,363
17085,blend,0.583,0.0284,0.00356,0.000531,0.0000404,0.00000217,0.5,0.12,0.021,0.0057,0.0016,294
17087,blend,0.643,0.0299,0.00539,0.000482,0.0000245,0.0000059,0.56,0.21,0.025,0.0072,0.0022,387
17089,blend,0.15,0.0174,0.00253,0.000467,0.0000438,0.00000265,0.6,0.17,0.021,0.007,0.0016,315
17091,blend,0.172,0.0272,0.0035,0.000442,0.000038,0.00000311,0.61,0.18,0.023,0.0072,0.0016,355
17093,blend,0.104,0.0121,0.00255,0.00046,0.0000405,0.00000286,0.61,0.18,0.022,0.0071,0.0017,327
17095,blend,0.849,0.035,0.00415,0.000502,0.0000298,0.00000314,0.51,0.14,0.02,0.005,0.0015,332
17097,blend,0.0422,0.0127,0.00274,0.000463,0.0000482,0.0000025,0.65,0.21,0.022,0.0077,0.0017,306
17099,blend,0.359,0.0357,0.00388,0.000466,0.0000369,0.000003,0.58,0.16,0.022,0.0065,0.0017,330
17101,blend,0.833,0.0192,0.00368,0.000426,0.0000229,0.00000459,0.55,0.18,0.024,0.0063,0.0015,418
17103,blend,0.473,0.0462,0.00307,0.000483,0.000039,0.00000272,0.55,0.15,0.02,0.0061,0.0016,315
17105,blend,0.411,0.0228,0.00343,0.000454,0.0000342,0.00000329,0.58,0.16,0.022,0.0066,0.0016,351
17107,blend,0.846,0.0374,0.00382,0.000475,0.0000272,0.00000378,0.53,0.15,0.021,0.0055,0.0015,364
17109,blend,0.268,0.0241,0.00587,0.000522,0.0000265,0.00000337,0.5,0.13,0.02,0.0047,0.0015,344
17111,blend,0.245,0.027,0.00247,0.000479,0.0000475,0.00000241,0.61,0.18,0.021,0.0072,0.0017,301
17113,blend,0.267,0.0204,0.00338,0.000459,0.0000305,0.00000355,0.55,0.15,0.021,0.0059,0.0015,364
17115,blend,0.503,0.0309,0.00469,0.000464,0.0000264,0.00000397,0.54,0.15,0.021,0.0057,0.0015,378
17117,blend,0.709,0.0201,0.00396,0.00051,0.0000243,0.00000435,0.52,0.16,0.021,0.0054,0.0016,366
17119,blend,0.494,0.0297,0.00399,0.000523,0.0000244,0.00000467,0.53,0.17,0.021,0.0056,0.0017,366
17121,blend,0.788,0.0327,0.00397,0.000474,0.0000237,0.00000482,0.54,0.18,0.022,0.006,0.0017,396
17123,blend,0.896,0.0718,0.00346,0.000474,0.000033,0.00000318,0.55,0.15,0.021,0.006,0.0016,339
17125,blend,0.632,0.0145,0.00392,0.000493,0.0000267,0.00000367,0.52,0.14,0.02,0.0052,0.0015,350
17127,blend,0.157,0.0184,0.00545,0.000474,0.0000246,0.00000612,0.55,0.21,0.025,0.0072,0.0022,389
17129,blend,0.478,0.0138,0.00383,0.000491,0.000026,0.00000383,0.52,0.15,0.02,0.0053,0.0016,358
17131,blend,1.4,0.0374,0.00761,0.000924,0.0000769,0.00000282,0.5,0.14,0.02,0.0049,0.0016,329
17133,blend,0.587,0.0435,0.00603,0.000571,0.0000247,0.00000513,0.54,0.18,0.022,0.0058,0.0018,353
17135,blend,0.756,0.0211,0.00377,0.00049,0.0000241,0.00000441,0.53,0.16,0.021,0.0056,0.0016,375
17137,blend,0.605,0.0286,0.00549,0.000513,0.0000248,0.00000399,0.51,0.15,0.02,0.0051,0.0016,357
17139,blend,0.314,0.0169,0.00329,0.000455,0.0000258,0.00000411,0.54,0.15,0.022,0.0059,0.0015,390
17141,blend,0.237,0.0212,0.00322,0.000491,0.0000415,0.00000253,0.55,0.14,0.02,0.0062,0.0016,309
17143,blend,0.233,0.0198,0.00361,0.000487,0.0000301,0.0000033,0.52,0.14,0.02,0.0053,0.0015,337
17145,blend,0.678,0.0312,0.00448,0.000505,0.0000244,0.00000533,0.54,0.19,0.023,0.0062,0.0018,381
17147,blend,1.08,0.0228,0.00366,0.000453,0.0000279,0.00000386,0.55,0.15,0.022,0.006,0.0015,378
17149,blend,0.92,0.0279,0.0047,0.000565,0.0000251,0.00000391,0.5,0.14,0.02,0.0048,0.0016,352
17151,blend,1.07,0.0496,0.00637,0.000467,0.0000242,0.00000583,0.51,0.18,0.021,0.0058,0.0017,396
17153,blend,0.71,0.0214,0.00568,0.000501,0.0000251,0.00000628,0.56,0.21,0.025,0.0073,0.0023,375
17155,blend,1.8,0.0574,0.00408,0.000475,0.0000345,0.00000307,0.55,0.15,0.02,0.0058,0.0016,336
17157,blend,0.77,0.0241,0.00463,0.000543,0.0000247,0.00000538,0.54,0.19,0.023,0.0061,0.0019,363
17159,blend,0.365,0.0156,0.00378,0.000439,0.0000231,0.00000466,0.54,0.18,0.023,0.0062,0.0015,411
17161,blend,0.585,0.0317,0.00576,0.00052,0.0000322,0.00000269,0.49,0.13,0.02,0.0049,0.0015,320
17163,blend,0.426,0.0437,0.00471,0.000538,0.0000246,0.00000497,0.53,0.18,0.022,0.0057,0.0017,362
17165,blend,0.615,0.0526,0.00642,0.000464,0.0000238,0.00000549,0.55,0.2,0.025,0.0068,0.0019,402
17167,blend,0.128,0.0246,0.00495,0.000554,0.0000252,0.00000402,0.52,0.15,0.02,0.0054,0.0016,361
17169,blend,0.512,0.0201,0.00613,0.000524,0.0000256,0.0000036,0.5,0.14,0.019,0.0047,0.0015,352
17171,blend,1.84,0.0512,0.00445,0.000532,0.0000248,0.000004,0.51,0.15,0.02,0.0049,0.0016,355
17173,blend,1.12,0.0291,0.00472,0.000461,0.0000247,0.0000043,0.54,0.16,0.022,0.0059,0.0016,388
17175,blend,1.59,0.0989,0.00371,0.000489,0.0000321,0.00000309,0.52,0.14,0.02,0.0054,0.0015,332
17177,blend,0.491,0.025,0.00296,0.000511,0.0000428,0.00000228,0.54,0.13,0.021,0.0061,0.0016,297
17179,blend,0.274,0.0224,0.00342,0.000479,0.000029,0.00000352,0.53,0.14,0.02,0.0054,0.0015,352
17181,blend,0.6,0.0285,0.00532,0.000507,0.0000249,0.00000597,0.56,0.2,0.024,0.0069,0.0022,377
17183,blend,0.473,0.0352,0.00546,0.000432,0.0000305,0.00000367,0.57,0.16,0.023,0.0065,0.0015,386
17185,blend,0.0721,0.0154,0.00392,0.000431,0.0000227,0.00000478,0.54,0.18,0.023,0.0062,0.0015,420
17187,blend,1.18,0.0253,0.00512,0.000518,0.0000283,0.0000031,0.5,0.13,0.02,0.0048,0.0015,333
17189,blend,0.982,0.0535,0.00562,0.000503,0.0000243,0.00000508,0.54,0.18,0.022,0.006,0.0017,380
17191,blend,0.346,0.0167,0.00411,0.000456,0.0000233,0.00000491,0.52,0.17,0.021,0.0057,0.0015,404
17193,blend,0.251,0.018,0.0044,0.000446,0.0000232,0.00000511,0.55,0.19,0.024,0.0065,0.0017,409
17195,blend,0.181,0.0263,0.00537,0.000501,0.0000367,0.00000263,0.52,0.14,0.02,0.0056,0.0016,313
17197,blend,0.128,0.0287,0.00374,0.000449,0.0000405,0.00000293,0.61,0.18,0.022,0.007,0.0016,341
17199,blend,0.469,0.0328,0.00535,0.000482,0.0000243,0.00000562,0.56,0.2,0.024,0.0068,0.002,391
17201,blend,0.211,0.0291,0.00322,0.000496,0.0000448,0.00000236,0.57,0.15,0.021,0.0066,0.0017,303
17203,blend,0.428,0.0261,0.00342,0.000469,0.0000317,0.00000335,0.56,0.15,0.021,0.006,0.0016,349
18001,blend,0.605,0.0171,0.00613,0.000383,0.000036,0.0000027,0.66,0.22,0.029,0.008,0.0012,376
18003,blend,0.343,0.0352,0.00736,0.000392,0.0000397,0.00000259,0.67,0.24,0.028,0.0083,0.0013,361
18005,blend,0.795,0.0422,0.00324,0.000379,0.0000241,0.00000379,0.58,0.18,0.025,0.0065,0.0012,437
18007,blend,0.777,0.0368,0.00278,0.000427,0.0000344,0.00000336,0.59,0.17,0.024,0.007,0.0015,377
18009,blend,0.642,0.0271,0.00517,0.000385,0.0000338,0.00000297,0.64,0.2,0.028,0.0078,0.0013,389
18011,blend,0.119,0.011,0.00308,0.000402,0.0000305,0.00000352,0.6,0.17,0.026,0.0073,0.0014,407
18013,blend,3.01,0.102,0.00588,0.000385,0.0000243,0.00000391,0.59,0.19,0.027,0.007,0.0013,432
18015,blend,0.498,0.0177,0.00382,0.000411,0.0000351,0.00000324,0.62,0.18,0.026,0.0076,0.0015,383
18017,blend,0.0853,0.0131,0.00393,0.00041,0.0000367,0.00000311,0.63,0.19,0.026,0.0078,0.0015,376
18019,blend,0.551,0.02,0.00362,0.000369,0.0000205,0.00000406,0.62,0.22,0.028,0.0068,0.0012,455
18021,blend,0.812,0.0486,0.00496,0.00041,0.0000256,0.00000405,0.57,0.17,0.026,0.0069,0.0015,421
18023,blend,0.301,0.0149,0.0033,0.000406,0.0000326,0.00000338,0.6,0.18,0.026,0.0075,0.0014,397
18025,blend,1.84,0.0869,0.00523,0.000385,0.000021,0.00000443,0.58,0.21,0.027,0.0068,0.0014,452
18027,blend,0.0863,0.0135,0.00351,0.000404,0.0000224,0.00000443,0.56,0.18,0.025,0.0067,0.0015,434
18029,blend,0.707,0.0167,0.0036,0.00036,0.0000226,0.00000344,0.66,0.23,0.029,0.0069,0.0011,449
18031,blend,0.301,0.0141,0.00337,0.000371,0.0000244,0.00000359,0.62,0.2,0.028,0.0071,0.0012,437
18033,blend,0.24,0.0208,0.00686,0.000398,0.0000429,0.00000242,0.7,0.26,0.028,0.0086,0.0014,336
18035,blend,0.372,0.0246,0.00471,0.000395,0.0000316,0.00000311,0.63,0.19,0.028,0.0076,0.0012,399
18037,blend,0,0.0214,0.0042,0.000404,0.0000217,0.00000455,0.33,0.083,0.0097,0.0025,0.00054,436
18039,blend,0.782,0.0686,0.0055,0.000417,0.0000454,0.00000256,0.69,0.26,0.027,0.0087,0.0015,331
18041,blend,0.669,0.0195,0.0039,0.000369,0.0000264,0.00000331,0.63,0.21,0.029,0.0072,0.0012,425
18043,blend,0.764,0.028,0.00368,0.000373,0.0000203,0.00000421,0.61,0.22,0.027,0.0068,0.0013,455
18045,blend,0.983,0.0212,0.00306,0.00042,0.0000306,0.00000364,0.59,0.16,0.025,0.0071,0.0015,395
18047,blend,0.876,0.0128,0.00385,0.000364,0.0000245,0.00000336,0.64,0.22,0.029,0.0071,0.0011,431
18049,blend,0.571,0.0231,0.00438,0.000413,0.0000396,0.00000293,0.65,0.21,0.026,0.0081,0.0015,358
18051,blend,0.649,0.0234,0.00386,0.000421,0.0000223,0.00000479,0.56,0.19,0.025,0.0067,0.0016,417
18053,blend,0.383,0.0222,0.00467,0.000392,0.0000345,0.00000305,0.63,0.2,0.028,0.0078,0.0013,388
18055,blend,0.529,0.0231,0.00336,0.000404,0.0000238,0.00000422,0.57,0.18,0.026,0.0068,0.0015,428
18057,blend,0.299,0.0142,0.00353,0.000392,0.0000305,0.0000034,0.6,0.18,0.027,0.0074,0.0013,410
18059,blend,0.185,0.012,0.00353,0.000384,0.0000285,0.00000344,0.61,0.18,0.028,0.0073,0.0013,415
18061,blend,0.874,0.0217,0.00412,0.000377,0.0000204,0.00000434,0.6,0.22,0.027,0.0068,0.0013,451
18063,blend,0.296,0.0151,0.0036,0.000399,0.0000283,0.00000369,0.59,0.17,0.026,0.0072,0.0014,415
18065,blend,0.397,0.0147,0.0041,0.000378,0.000029,0.00000326,0.62,0.19,0.028,0.0074,0.0012,413
18067,blend,0.654,0.0292,0.00442,0.000401,0.0000343,0.0000032,0.62,0.19,0.027,0.0077,0.0014,389
18069,blend,0.387,0.0162,0.0054,0.000394,0.0000374,0.00000284,0.65,0.21,0.028,0.0081,0.0013,373
18071,blend,0.502,0.0134,0.00329,0.000378,0.0000226,0.00000399,0.6,0.2,0.027,0.0069,0.0013,447
18073,blend,0.136,0.0122,0.00317,0.000428,0.0000383,0.00000309,0.61,0.18,0.023,0.0072,0.0015,362
18075,blend,0.346,0.023,0.00551,0.000378,0.0000331,0.00000287,0.65,0.21,0.029,0.0077,0.0012,389
18077,blend,1.07,0.049,0.00409,0.000365,0.0000213,0.0000038,0.63,0.22,0.028,0.0069,0.0012,450
18079,blend,0.563,0.027,0.00336,0.00037,0.0000226,0.00000379,0.61,0.21,0.028,0.0069,0.0012,444
18081,blend,0.297,0.0157,0.00307,0.000386,0.0000262,0.00000371,0.59,0.18,0.027,0.0071,0.0013,428
18083,blend,0.89,0.0435,0.00364,0.000415,0.0000226,0.00000453,0.56,0.19,0.025,0.0067,0.0015,425
18085,blend,0.738,0.041,0.00566,0.000409,0.0000417,0.00000274,0.67,0.23,0.027,0.0083,0.0015,350
18087,blend,0.842,0.0407,0.0075,0.000412,0.000046,0.00000243,0.7,0.26,0.026,0.0085,0.0014,322
18089,blend,0.352,0.0248,0.00329,0.000439,0.0000422,0.00000288,0.63,0.2,0.023,0.0074,0.0016,344
18091,blend,0.78,0.0495,0.00471,0.00043,0.0000441,0.00000275,0.67,0.23,0.025,0.0083,0.0016,333
18093,blend,0.759,0.0282,0.00331,0.000388,0.0000226,0.00000418,0.58,0.19,0.027,0.0069,0.0014,446
18095,blend,0.439,0.0293,0.00444,0.000388,0.0000314,0.00000325,0.62,0.19,0.028,0.0075,0.0013,402
18097,blend,0.18,0.0279,0.00381,0.000391,0.0000283,0.00000358,0.6,0.18,0.027,0.0072,0.0013,416
18099,blend,0.554,0.0345,0.00578,0.000479,0.000052,0.00000368,0.67,0.23,0.026,0.0083,0.0015,346
18101,blend,0.373,0.0192,0.00344,0.000396,0.0000223,0.00000435,0.57,0.19,0.026,0.0068,0.0014,441
18103,blend,0.142,0.0156,0.00442,0.000404,0.000037,0.00000302,0.64,0.2,0.027,0.0079,0.0014,376
18105,blend,0.535,0.0576,0.00383,0.000392,0.0000242,0.00000402,0.58,0.18,0.027,0.007,0.0014,430
18107,blend,0.257,0.0157,0.00298,0.000411,0.0000302,0.00000363,0.59,0.17,0.026,0.0071,0.0015,408
18109,blend,0.794,0.0359,0.00383,0.000394,0.0000262,0.00000383,0.58,0.17,0.027,0.0071,0.0014,424
18111,blend,0.912,0.0242,0.00285,0.000432,0.0000374,0.00000316,0.61,0.18,0.023,0.0072,0.0015,361
18113,blend,0.218,0.0231,0.00616,0.000405,0.0000433,0.00000254,0.69,0.25,0.028,0.0086,0.0014,339
18115,blend,0.722,0.0186,0.00404,0.000363,0.0000214,0.00000352,0.51,0.15,0.016,0.0037,0.00059,453
18117,blend,0.314,0.018,0.00352,0.000387,0.0000216,0.00000433,0.58,0.2,0.027,0.0068,0.0014,451
18119,blend,1.35,0.0794,0.00825,0.000402,0.0000252,0.00000403,0.57,0.17,0.026,0.0069,0.0014,425
18121,blend,0.279,0.0185,0.00361,0.000416,0.0000281,0.00000384,0.57,0.16,0.025,0.0069,0.0015,410
18123,blend,0.00956,0.0208,0.00429,0.000396,0.0000211,0.0000046,0.36,0.098,0.011,0.0028,0.00058,448
18125,blend,1.07,0.0303,0.00409,0.000409,0.000022,0.00000464,0.56,0.19,0.026,0.0068,0.0015,430
18127,blend,0.98,0.0344,0.00408,0.000435,0.0000431,0.00000282,0.64,0.21,0.023,0.0076,0.0015,341
18129,blend,0.712,0.0334,0.00521,0.000433,0.0000228,0.00000506,0.55,0.2,0.025,0.0067,0.0017,420
18131,blend,0.624,0.0249,0.0039,0.000421,0.0000392,0.00000301,0.62,0.19,0.024,0.0074,0.0014,361
18133,blend,0.542,0.0404,0.00376,0.000406,0.0000275,0.00000383,0.58,0.17,0.026,0.007,0.0014,418
18135,blend,0.859,0.0209,0.00501,0.000374,0.0000306,0.000003,0.64,0.21,0.029,0.0075,0.0012,398
18137,blend,0.466,0.0212,0.00346,0.000364,0.0000227,0.00000359,0.64,0.22,0.029,0.0069,0.0012,445
18139,blend,0.837,0.0157,0.00361,0.000374,0.0000266,0.00000343,0.62,0.2,0.028,0.0072,0.0012,418
18141,blend,0.586,0.0566,0.00556,0.000424,0.0000453,0.00000264,0.69,0.25,0.026,0.0086,0.0016,332
18143,blend,0.394,0.015,0.00352,0.00037,0.0000212,0.00000399,0.61,0.21,0.028,0.0068,0.0012,449
18145,blend,0.416,0.015,0.00326,0.00038,0.0000262,0.0000036,0.6,0.19,0.028,0.0072,0.0013,425
18147,blend,0.595,0.0332,0.00402,0.000404,0.0000216,0.00000478,0.5,0.17,0.02,0.0053,0.0012,436
18149,blend,1.27,0.0401,0.00647,0.000424,0.0000416,0.00000288,0.64,0.21,0.024,0.0076,0.0015,349
18151,blend,0.837,0.0445,0.0071,0.000404,0.0000457,0.00000231,0.71,0.28,0.028,0.0089,0.0014,320
18153,blend,0.846,0.0257,0.00323,0.000416,0.000024,0.0000043,0.56,0.17,0.025,0.0067,0.0015,422
18155,blend,0.735,0.0173,0.00389,0.000358,0.0000209,0.0000036,0.65,0.24,0.028,0.0066,0.0011,453
18157,blend,0.485,0.0155,0.00297,0.000415,0.0000331,0.00000342,0.6,0.17,0.026,0.0073,0.0015,391
18159,blend,0.71,0.0221,0.0038,0.000397,0.0000328,0.00000327,0.61,0.18,0.027,0.0076,0.0014,392
18161,blend,1.04,0.0344,0.00413,0.000364,0.0000259,0.00000321,0.65,0.22,0.029,0.0071,0.0011,423
18163,blend,0.29,0.0416,0.00496,0.000445,0.0000279,0.00000498,0.5,0.16,0.02,0.0053,0.0013,425
18165,blend,1.29,0.0352,0.00513,0.000423,0.0000284,0.00000384,0.57,0.16,0.025,0.0069,0.0015,402
18167,blend,0.783,0.073,0.00842,0.000418,0.0000258,0.00000409,0.57,0.17,0.025,0.0068,0.0015,413
18169,blend,0.494,0.0165,0.00491,0.000401,0.0000377,0.00000292,0.65,0.21,0.027,0.008,0.0014,370
18171,blend,0.371,0.0147,0.0027,0.000425,0.0000322,0.00000352,0.59,0.17,0.025,0.0071,0.0015,389
18173,blend,0.635,0.0512,0.00608,0.000514,0.0000454,0.00000931,0.56,0.2,0.025,0.0067,0.0015,431
18175,blend,0.612,0.0242,0.00349,0.000378,0.0000213,0.00000416,0.6,0.21,0.027,0.0069,0.0013,453
18177,blend,0.182,0.013,0.00445,0.000369,0.0000279,0.00000313,0.64,0.21,0.029,0.0073,0.0011,420
18179,blend,0.155,0.0189,0.0057,0.000388,0.0000363,0.0000028,0.65,0.21,0.028,0.008,0.0013,379
18181,blend,0.783,0.0179,0.00329,0.00042,0.0000363,0.00000321,0.6,0.18,0.024,0.0071,0.0014,380
18183,blend,0.275,0.0364,0.00581,0.000401,0.0000406,0.0000027,0.67,0.23,0.028,0.0083,0.0014,356
19001,blend,0.324,0.017,0.00816,0.000802,0.0000309,0.000000915,0.43,0.13,0.024,0.0037,0.0012,311
19003,blend,1.38,0.0504,0.00799,0.000869,0.0000306,0.000000895,0.43,0.13,0.024,0.0036,0.0011,305
19005,blend,0.902,0.0121,0.0043,0.000605,0.000041,0.00000127,0.46,0.1,0.024,0.0057,0.0015,280
19007,blend,0.929,0.0261,0.00778,0.000688,0.0000279,0.00000221,0.46,0.12,0.022,0.0041,0.0014,326
19009,blend,0.895,0.0197,0.00849,0.000809,0.0000326,0.000000649,0.41,0.13,0.024,0.0038,0.0011,300
19011,blend,0.461,0.0429,0.0138,0.00107,0.0000307,0.00000175,0.45,0.12,0.023,0.0045,0.0015,319
19013,blend,0.278,0.0135,0.00733,0.00062,0.0000315,0.00000141,0.42,0.11,0.022,0.0044,0.0014,317
19015,blend,0.552,0.048,0.012,0.000837,0.0000306,0.000000905,0.42,0.13,0.025,0.0042,0.0013,314
19017,blend,0.107,0.0135,0.00647,0.000627,0.0000328,0.00000122,0.42,0.11,0.024,0.0047,0.0014,310
19019,blend,0.264,0.0145,0.00679,0.000599,0.0000334,0.0000016,0.45,0.12,0.023,0.0048,0.0015,310
19021,blend,0.22,0.014,0.00613,0.000775,0.0000355,0.000000597,0.4,0.13,0.028,0.0048,0.0013,289
19023,blend,0.751,0.0147,0.0069,0.000646,0.000031,0.00000107,0.41,0.11,0.024,0.0044,0.0013,311
19025,blend,1.36,0.0193,0.00784,0.00075,0.000033,0.000000605,0.39,0.12,0.025,0.0042,0.0012,301
19027,blend,0.382,0.0167,0.00828,0.000776,0.0000333,0.000000608,0.41,0.13,0.026,0.0042,0.0012,301
19029,blend,0.213,0.0183,0.00768,0.000852,0.0000319,0.000000705,0.43,0.13,0.025,0.0038,0.0012,301
19031,blend,0.677,0.0422,0.0119,0.00101,0.0000322,0.00000232,0.49,0.13,0.021,0.0049,0.0016,312
19033,blend,0.414,0.0139,0.0057,0.00067,0.000031,0.000000757,0.4,0.11,0.026,0.0047,0.0013,302
19035,blend,0.392,0.0144,0.00602,0.000799,0.0000377,0.000000624,0.39,0.13,0.028,0.0049,0.0013,280
19037,blend,0.292,0.0165,0.00568,0.000633,0.0000342,0.00000108,0.41,0.1,0.024,0.0048,0.0014,301
19039,blend,0.304,0.0197,0.00804,0.000759,0.0000293,0.00000146,0.45,0.13,0.023,0.0038,0.0013,317
19041,blend,0.0699,0.0125,0.00487,0.000773,0.000036,0.000000598,0.4,0.13,0.029,0.0051,0.0013,284
19043,blend,0.403,0.0118,0.00484,0.00059,0.0000383,0.00000155,0.46,0.11,0.023,0.0054,0.0015,290
19045,blend,0.641,0.0589,0.00945,0.000658,0.0000353,0.00000241,0.51,0.13,0.021,0.0054,0.0016,309
19047,blend,0.339,0.0195,0.00796,0.000814,0.0000351,0.00000059,0.4,0.13,0.026,0.0042,0.0012,294
19049,blend,0.258,0.0234,0.00963,0.000752,0.0000306,0.000001,0.43,0.13,0.025,0.004,0.0013,310
19051,blend,0.295,0.0177,0.0077,0.00064,0.0000273,0.00000248,0.46,0.12,0.021,0.004,0.0014,327
19053,blend,0.56,0.0199,0.00716,0.000795,0.0000289,0.0000016,0.45,0.12,0.023,0.0038,0.0013,318
19055,blend,0.847,0.0124,0.0054,0.00058,0.0000356,0.00000177,0.47,0.12,0.022,0.0051,0.0015,302
19057,blend,0.6,0.0179,0.00588,0.000543,0.0000276,0.00000289,0.49,0.13,0.021,0.0047,0.0016,330
19059,blend,0.666,0.0106,0.00377,0.00077,0.0000364,0.0000006,0.4,0.13,0.03,0.0054,0.0014,277
19061,blend,0.299,0.0109,0.00449,0.00056,0.000038,0.00000193,0.49,0.12,0.022,0.0055,0.0016,296
19063,blend,0.0864,0.0113,0.00402,0.000744,0.0000342,0.000000582,0.39,0.12,0.029,0.0051,0.0013,282
19065,blend,0.851,0.0176,0.00562,0.00061,0.0000356,0.00000136,0.44,0.11,0.024,0.0051,0.0015,298
19067,blend,0.664,0.016,0.00582,0.00065,0.0000321,0.000000914,0.41,0.1,0.025,0.0047,0.0014,301
19069,blend,0.907,0.0175,0.00733,0.000669,0.0000302,0.000000876,0.4,0.11,0.025,0.0044,0.0013,313
19071,blend,0.855,0.023,0.00585,0.00104,0.0000312,0.000000565,0.44,0.13,0.025,0.0034,0.001,284
19073,blend,1.08,0.0616,0.00946,0.000779,0.0000318,0.000000729,0.42,0.13,0.026,0.0042,0.0013,309
19075,blend,0.724,0.0269,0.00991,0.000681,0.00003,0.00000124,0.42,0.12,0.024,0.0044,0.0014,318
19077,blend,0.47,0.0263,0.00943,0.000788,0.0000316,0.000000791,0.43,0.13,0.025,0.0041,0.0013,311
19079,blend,0.294,0.0196,0.00822,0.0007,0.0000303,0.000000854,0.41,0.12,0.025,0.0043,0.0013,310
19081,blend,0.896,0.0182,0.00581,0.000695,0.0000309,0.00000064,0.4,0.11,0.027,0.0046,0.0013,299
19083,blend,0.678,0.0287,0.00916,0.000664,0.0000296,0.00000105,0.42,0.12,0.025,0.0043,0.0013,321
19085,blend,0.624,0.0288,0.00816,0.000889,0.0000357,0.000000594,0.41,0.14,0.026,0.0041,0.0012,285
19087,blend,0.628,0.0145,0.00667,0.000562,0.0000274,0.00000272,0.48,0.13,0.021,0.0045,0.0015,327
19089,blend,0.978,0.0205,0.00482,0.000638,0.0000357,0.00000093,0.42,0.097,0.025,0.0051,0.0014,296
19091,blend,0.741,0.014,0.00646,0.000723,0.0000319,0.000000614,0.38,0.11,0.025,0.0043,0.0012,302
19093,blend,0.78,0.0163,0.00724,0.000799,0.0000365,0.000000606,0.39,0.13,0.027,0.0045,0.0012,289
19095,blend,1.69,0.044,0.00965,0.000612,0.000029,0.00000202,0.46,0.13,0.022,0.0044,0.0015,327
19097,blend,0.181,0.0163,0.00438,0.000538,0.0000372,0.00000222,0.48,0.12,0.02,0.005,0.0015,303
19099,blend,0.842,0.0526,0.0178,0.00129,0.0000287,0.00000153,0.44,0.13,0.023,0.0041,0.0014,323
19101,blend,1.02,0.0173,0.00781,0.000589,0.0000272,0.00000252,0.47,0.13,0.021,0.0043,0.0015,329
19103,blend,0.444,0.0288,0.00883,0.000582,0.0000301,0.00000222,0.47,0.13,0.022,0.0046,0.0015,322
19105,blend,0.531,0.0275,0.00792,0.000614,0.0000345,0.00000209,0.48,0.13,0.022,0.0051,0.0016,308
19107,blend,1.38,0.0226,0.00831,0.000596,0.0000278,0.00000221,0.46,0.13,0.022,0.0043,0.0015,328
19109,blend,0.304,0.0126,0.00493,0.00072,0.0000323,0.000000592,0.39,0.11,0.028,0.0048,0.0013,292
19111,blend,0.718,0.0208,0.00637,0.000565,0.0000265,0.00000298,0.49,0.13,0.021,0.0046,0.0016,333
19113,blend,0.332,0.0508,0.0146,0.00136,0.000038,0.00000195,0.47,0.12,0.022,0.0048,0.0015,312
19115,blend,0.934,0.0173,0.00668,0.000608,0.0000287,0.00000266,0.49,0.13,0.021,0.0047,0.0015,323
19117,blend,0.312,0.0173,0.00832,0.000709,0.0000287,0.00000175,0.45,0.13,0.023,0.0039,0.0014,319
19119,blend,0.404,0.0184,0.0038,0.00081,0.000041,0.000000708,0.39,0.13,0.029,0.0055,0.0013,254
19121,blend,0.34,0.018,0.00882,0.000752,0.0000301,0.00000117,0.43,0.13,0.024,0.0038,0.0013,317
19123,blend,0.637,0.0191,0.00892,0.000627,0.000028,0.00000197,0.45,0.13,0.022,0.0041,0.0014,326
19125,blend,0.329,0.0176,0.00922,0.000665,0.0000286,0.00000172,0.43,0.12,0.022,0.0038,0.0013,321
19127,blend,0.843,0.07,0.0202,0.00158,0.000029,0.00000136,0.43,0.12,0.024,0.0042,0.0014,320
19129,blend,0.897,0.0236,0.00656,0.000984,0.0000325,0.000000555,0.43,0.13,0.025,0.0036,0.0011,288
19131,blend,0.435,0.0199,0.00492,0.000654,0.0000333,0.000000799,0.4,0.098,0.025,0.0049,0.0014,297
19133,blend,0.301,0.0238,0.00847,0.00085,0.0000374,0.000000625,0.39,0.14,0.026,0.0044,0.0012,276
19135,blend,1.43,0.0695,0.0105,0.000664,0.0000281,0.00000203,0.45,0.12,0.022,0.004,0.0014,323
19137,blend,0.52,0.0223,0.00681,0.000928,0.0000315,0.000000675,0.43,0.13,0.024,0.0035,0.0011,300
19139,blend,0.0863,0.0141,0.00579,0.000544,0.0000305,0.00000252,0.49,0.13,0.021,0.0048,0.0016,318
19141,blend,0.466,0.0144,0.00483,0.000796,0.0000381,0.000000631,0.39,0.13,0.029,0.0051,0.0013,273
19143,blend,0.195,0.0144,0.00373,0.000791,0.0000384,0.000000638,0.39,0.12,0.029,0.0052,0.0013,267
19145,blend,0.458,0.0222,0.00626,0.000978,0.0000305,0.00000073,0.44,0.12,0.024,0.0034,0.0011,298
19147,blend,0.674,0.0135,0.00509,0.000747,0.000034,0.000000589,0.39,0.12,0.028,0.0049,0.0013,290
19149,blend,0.344,0.0154,0.00607,0.000819,0.0000403,0.000000685,0.39,0.14,0.029,0.0052,0.0013,269
19151,blend,0.638,0.0137,0.00636,0.00075,0.0000336,0.000000593,0.4,0.13,0.027,0.0046,0.0013,299
19153,blend,0.197,0.0281,0.0108,0.000688,0.0000296,0.00000125,0.42,0.12,0.023,0.0039,0.0013,321
19155,blend,0.484,0.0208,0.0073,0.000919,0.0000334,0.000000563,0.43,0.13,0.026,0.0038,0.0011,289
19157,blend,0.915,0.0559,0.0193,0.00109,0.0000285,0.0000018,0.45,0.13,0.022,0.0042,0.0014,326
19159,blend,1.12,0.02,0.00681,0.000855,0.0000294,0.00000128,0.45,0.13,0.024,0.0036,0.0012,310
19161,blend,0.855,0.0153,0.00739,0.000777,0.0000348,0.000000593,0.39,0.13,0.026,0.0044,0.0012,297
19163,blend,0.462,0.047,0.00787,0.000525,0.0000332,0.00000255,0.51,0.14,0.021,0.0052,0.0016,318
19165,blend,0.476,0.0213,0.00808,0.000846,0.0000338,0.000000578,0.41,0.13,0.025,0.0039,0.0011,298
19167,blend,0.2,0.0141,0.00482,0.000814,0.0000406,0.000000695,0.39,0.14,0.03,0.0054,0.0014,262
19169,blend,0.174,0.0348,0.0109,0.000704,0.0000296,0.00000112,0.42,0.12,0.024,0.0042,0.0013,319
19171,blend,0.732,0.0488,0.0158,0.00139,0.0000295,0.00000155,0.44,0.12,0.023,0.0043,0.0014,326
19173,blend,0.697,0.0209,0.00644,0.000916,0.0000299,0.00000098,0.44,0.12,0.024,0.0035,0.0011,303
19175,blend,0.347,0.0164,0.00763,0.000812,0.00003,0.00000116,0.45,0.13,0.024,0.0038,0.0012,312
19177,blend,1.13,0.0173,0.0072,0.000598,0.0000268,0.00000271,0.48,0.13,0.021,0.0043,0.0015,328
19179,blend,0.395,0.0169,0.00818,0.000622,0.0000275,0.00000229,0.46,0.13,0.022,0.0042,0.0015,327
19181,blend,0.355,0.0195,0.00919,0.000708,0.0000293,0.00000144,0.43,0.12,0.023,0.0038,0.0013,317
19183,blend,0.968,0.0172,0.00721,0.000572,0.0000283,0.0000024,0.47,0.13,0.021,0.0045,0.0015,326
19185,blend,1.03,0.0277,0.00816,0.00074,0.0000284,0.00000192,0.45,0.12,0.022,0.0039,0.0014,321
19187,blend,0.449,0.0232,0.00772,0.00072,0.0000316,0.000000688,0.4,0.12,0.026,0.0043,0.0013,309
19189,blend,0.457,0.0198,0.00449,0.000695,0.0000314,0.000000611,0.39,0.1,0.026,0.0047,0.0013,290
19191,blend,0.623,0.0168,0.00486,0.000621,0.0000382,0.00000111,0.44,0.1,0.024,0.0053,0.0015,289
19193,blend,0.372,0.0183,0.0071,0.000824,0.0000388,0.000000652,0.39,0.14,0.028,0.0048,0.0013,272
19195,blend,1.07,0.0279,0.00502,0.000672,0.0000318,0.000000679,0.4,0.1,0.026,0.0048,0.0014,295
19197,blend,1.05,0.018,0.00693,0.000694,0.0000306,0.000000724,0.4,0.12,0.026,0.0044,0.0013,306
20001,blend,0.0572,0.0153,0.00454,0.00148,0.0000144,0.00000111,0.48,0.11,0.028,0.003,0.00097,276
20003,blend,0.516,0.0209,0.00367,0.00146,0.0000164,0.00000102,0.46,0.11,0.027,0.0028,0.0009,275
20005,blend,0.477,0.0148,0.00318,0.00127,0.000025,0.000000858,0.46,0.11,0.025,0.003,0.00097,288
20007,blend,0.0769,0.0218,0.0123,0.00174,0.00000406,0.0000000119,0.43,0.14,0.023,0.0014,0.000027,216
20009,blend,0.674,0.0367,0.00472,0.00162,0.00000901,0.000000113,0.45,0.14,0.028,0.0018,0.0002,206
20011,blend,0.415,0.0156,0.00403,0.00143,0.0000161,0.00000165,0.48,0.12,0.028,0.0034,0.0012,286
20013,blend,0.671,0.0187,0.00375,0.00125,0.0000265,0.000000659,0.45,0.11,0.025,0.003,0.00095,285
20015,blend,0.315,0.0167,0.00715,0.00162,0.0000088,0.000000252,0.47,0.13,0.029,0.0021,0.00045,256
20017,blend,2.62,0.022,0.00466,0.00159,0.0000129,0.000000303,0.45,0.11,0.027,0.0021,0.00056,259
20019,blend,0.33,0.0255,0.00953,0.00161,0.00000768,0.000000661,0.2,0.04,0.0078,0.0007,0.0002,252
20021,blend,0.86,0.0194,0.00576,0.00145,0.0000136,0.00000217,0.51,0.14,0.03,0.0042,0.0016,273
20023,blend,0.43,0.0122,0.00145,0.000688,0.0000119,0.000000157,0.39,0.12,0.023,0.0024,0.00021,137
20025,blend,0,0.037,0.0123,0.00178,0.00000414,0.0000000013,0.024,0.0056,0.00077,0.00005,0.00000018,182
20027,blend,1.29,0.0211,0.00287,0.0015,0.0000205,0.000000346,0.44,0.12,0.027,0.0024,0.00063,243
20029,blend,0.357,0.014,0.00311,0.00149,0.0000205,0.000000341,0.41,0.12,0.024,0.0022,0.00052,234
20031,blend,0.285,0.0136,0.00405,0.00152,0.000015,0.000000646,0.46,0.11,0.027,0.0026,0.00078,271
20033,region_only,0.484,0.0386,0.0141,0.0018,0.00000402,0.00000000119,0,0,0,0,0,202
20035,blend,0.238,0.0174,0.00938,0.00162,0.00000636,0.000000327,0.49,0.14,0.03,0.0022,0.00047,248
20037,blend,0.133,0.0147,0.00491,0.00144,0.0000145,0.00000188,0.5,0.13,0.029,0.0038,0.0014,281
20039,blend,0.799,0.0222,0.00306,0.00102,0.0000143,0.000000224,0.4,0.15,0.026,0.0024,0.0003,157
20041,blend,0.614,0.0161,0.00322,0.00157,0.0000162,0.000000283,0.45,0.12,0.027,0.0022,0.00055,245
20043,blend,0.568,0.0268,0.00368,0.00118,0.0000265,0.00000093,0.45,0.11,0.024,0.0031,0.001,290
20045,blend,0.334,0.0154,0.0028,0.00138,0.000021,0.000000953,0.46,0.1,0.026,0.0029,0.00092,283
20047,blend,1.36,0.0834,0.0138,0.00168,0.0000057,0.0000000298,0.48,0.17,0.029,0.0018,0.000051,198
20049,blend,1.17,0.0185,0.00761,0.00158,0.00000875,0.000000497,0.48,0.13,0.029,0.0025,0.00068,254
20051,blend,0.62,0.0134,0.00207,0.0015,0.0000108,0.000000139,0.45,0.15,0.029,0.002,0.00021,186
20053,blend,0.0606,0.013,0.00312,0.00162,0.0000119,0.000000179,0.36,0.095,0.02,0.0013,0.00023,219
20055,blend,0.0937,0.0144,0.0025,0.00153,0.00000586,0.0000000186,0.35,0.11,0.018,0.0012,0.000017,157
20057,blend,0.525,0.0279,0.00821,0.00172,0.00000509,0.0000000114,0.072,0.017,0.0025,0.00016,0.0000015,175
20059,blend,0.428,0.0214,0.00302,0.00143,0.0000187,0.000000993,0.46,0.1,0.026,0.0028,0.0009,279
20061,blend,0.408,0.0174,0.00286,0.00153,0.0000183,0.000000336,0.45,0.11,0.027,0.0023,0.00065,254
20063,blend,1.05,0.0396,0.00245,0.00133,0.00000951,0.0000000995,0.44,0.16,0.028,0.0021,0.00014,156
20065,blend,0.961,0.0197,0.00201,0.0013,0.0000126,0.000000176,0.42,0.15,0.026,0.0021,0.00023,166
20067,blend,0,0.0206,0.00291,0.00155,0.00000461,0.0000000123,0.14,0.036,0.0055,0.00043,0.000012,160
20069,blend,0.267,0.0182,0.00482,0.00163,0.00000513,0.00000000846,0.36,0.11,0.018,0.0012,0.000008,166
20071,blend,1.67,0.0265,0.00301,0.0012,0.00000629,0.0000000216,0.34,0.11,0.018,0.0014,0.000021,141
20073,blend,1.4,0.0318,0.00587,0.00157,0.000011,0.000000382,0.47,0.12,0.028,0.0023,0.00062,261
20075,blend,0.557,0.0165,0.00282,0.00132,0.00000511,0.0000000043,0.34,0.11,0.018,0.0014,0.00001,150
20077,blend,0.1,0.0219,0.0121,0.00171,0.00000421,0.0000000523,0.41,0.12,0.022,0.0013,0.000081,232
20079,blend,0.668,0.0275,0.00646,0.00164,0.00000907,0.000000171,0.46,0.13,0.029,0.0019,0.00035,247
20081,blend,0,0.0234,0.00436,0.00162,0.00000465,0.00000000418,0.17,0.045,0.0068,0.00049,0.0000054,161
20083,blend,1.09,0.0538,0.011,0.00162,0.00000631,0.0000000336,0.47,0.17,0.029,0.0019,0.00005,175
20085,blend,3.74,0.103,0.00309,0.00137,0.0000236,0.000000579,0.46,0.11,0.026,0.0028,0.00087,275
20087,blend,0.633,0.0164,0.00288,0.00134,0.0000231,0.000000853,0.46,0.1,0.025,0.0029,0.00093,283
20089,blend,0.428,0.0234,0.00398,0.00142,0.0000213,0.000000352,0.3,0.088,0.016,0.0015,0.00031,219
20091,blend,0.204,0.0264,0.00299,0.00131,0.0000219,0.00000137,0.47,0.1,0.026,0.0032,0.0011,294
20093,blend,0.773,0.0152,0.00204,0.00143,0.00000539,0.00000000822,0.35,0.11,0.018,0.0013,0.0000091,152
20095,blend,0.226,0.0208,0.00993,0.00169,0.00000517,0.0000000604,0.48,0.15,0.029,0.0017,0.00014,233
20097,blend,0.281,0.031,0.0111,0.00176,0.00000478,0.0000000117,0.065,0.015,0.0022,0.00013,0.0000016,197
20099,blend,0.374,0.0155,0.00654,0.00149,0.0000115,0.00000155,0.51,0.14,0.03,0.0038,0.0014,268
20101,blend,0,0.0156,0.00224,0.0015,0.00000758,0.000000055,0.13,0.034,0.0052,0.00035,0.000014,158
20103,blend,0.497,0.015,0.00282,0.00129,0.0000233,0.00000113,0.46,0.1,0.025,0.003,0.00099,290
20105,blend,0.702,0.0151,0.00236,0.00156,0.0000148,0.000000231,0.41,0.12,0.024,0.0018,0.00035,218
20107,blend,0.756,0.0203,0.00326,0.0014,0.000018,0.00000148,0.47,0.11,0.026,0.0032,0.001,288
20109,blend,2.1,0.0816,0.00362,0.00134,0.00000874,0.0000000772,0.45,0.17,0.03,0.0023,0.00012,149
20111,blend,0.646,0.0145,0.00381,0.00154,0.0000153,0.000000405,0.46,0.11,0.027,0.0024,0.00069,266
20113,blend,0.0742,0.0157,0.00468,0.00162,0.000011,0.00000018,0.46,0.13,0.028,0.0019,0.00037,235
20115,blend,0.55,0.0169,0.00473,0.00161,0.0000121,0.000000238,0.45,0.12,0.028,0.002,0.00047,248
20117,blend,0.834,0.0188,0.00354,0.00138,0.0000256,0.000000437,0.45,0.12,0.026,0.0028,0.00081,261
20119,blend,0,0.0354,0.00998,0.00174,0.00000421,0.00000000435,0.047,0.011,0.0016,0.00011,0.0000015,167
20121,blend,0.447,0.0226,0.00297,0.00136,0.00002,0.00000141,0.46,0.1,0.026,0.0031,0.001,291
20123,blend,0.101,0.0146,0.00301,0.00151,0.0000179,0.000000287,0.32,0.09,0.017,0.0014,0.00029,215
20125,blend,0.22,0.0153,0.00743,0.00153,0.00000956,0.00000105,0.5,0.14,0.03,0.0032,0.0011,260
20127,blend,1.75,0.0282,0.00341,0.00156,0.0000159,0.000000321,0.45,0.11,0.027,0.0022,0.00062,256
20129,blend,1.01,0.0143,0.00216,0.00145,0.00000459,0.0000000821,0.42,0.14,0.026,0.0027,0.00034,150
20131,blend,0.0995,0.0148,0.00359,0.00132,0.0000261,0.000000487,0.45,0.11,0.026,0.0029,0.00088,277
20133,blend,0.091,0.0143,0.00551,0.00149,0.0000127,0.00000126,0.49,0.12,0.029,0.0032,0.0011,269
20135,blend,0.351,0.0193,0.00416,0.0016,0.00000785,0.0000000662,0.44,0.15,0.026,0.0017,0.000089,167
20137,blend,0.27,0.0158,0.00274,0.00115,0.0000155,0.000000245,0.39,0.14,0.024,0.0022,0.0003,170
20139,blend,0.601,0.0148,0.00311,0.00148,0.0000181,0.000000652,0.46,0.1,0.026,0.0026,0.00081,280
20141,blend,0.393,0.0131,0.00276,0.00148,0.0000156,0.00000024,0.32,0.094,0.017,0.0013,0.00022,204
20143,blend,1.23,0.0146,0.00262,0.00155,0.0000172,0.000000284,0.45,0.13,0.028,0.0023,0.00052,232
20145,blend,0.542,0.0349,0.0067,0.00164,0.00000682,0.0000000566,0.47,0.16,0.029,0.0018,0.000095,196
20147,blend,1.67,0.026,0.00389,0.00127,0.0000173,0.000000276,0.3,0.099,0.017,0.0015,0.00023,185
20149,blend,0.539,0.0144,0.00296,0.00144,0.0000225,0.000000408,0.45,0.11,0.026,0.0026,0.00078,261
20151,blend,0.0605,0.0194,0.00996,0.00172,0.00000501,0.0000000327,0.39,0.12,0.02,0.0012,0.000051,217
20153,blend,0.938,0.0109,0.00125,0.000868,0.0000133,0.000000195,0.41,0.15,0.027,0.0026,0.00028,145
20155,blend,0.5,0.0265,0.00745,0.00166,0.00000707,0.0000000955,0.47,0.14,0.029,0.0018,0.00021,226
20157,blend,0.478,0.0178,0.00398,0.00143,0.0000237,0.000000396,0.31,0.081,0.016,0.0015,0.00037,233
20159,blend,2.15,0.0278,0.00516,0.00164,0.00000929,0.000000131,0.46,0.14,0.029,0.0018,0.00027,224
20161,blend,0.505,0.0154,0.00287,0.00149,0.000021,0.00000037,0.45,0.11,0.027,0.0025,0.0007,253
20163,blend,0.853,0.0214,0.00293,0.00142,0.0000139,0.000000203,0.37,0.12,0.022,0.0017,0.00022,185
20165,blend,0.787,0.0364,0.00316,0.00158,0.00000842,0.0000000893,0.45,0.15,0.028,0.0018,0.00014,188
20167,blend,0.407,0.0251,0.00231,0.00155,0.0000121,0.000000172,0.44,0.14,0.028,0.002,0.00028,204
20169,blend,0.609,0.0235,0.00319,0.00159,0.0000142,0.00000023,0.45,0.12,0.028,0.0021,0.00045,230
20171,blend,0.402,0.0181,0.00178,0.00139,0.00000724,0.0000000446,0.34,0.11,0.018,0.0013,0.000041,155
20173,blend,0.16,0.0183,0.00845,0.00165,0.00000691,0.000000145,0.47,0.14,0.029,0.0019,0.00029,244
20175,blend,0,0.0246,0.0067,0.00167,0.00000426,0.0000000223,0.32,0.097,0.015,0.0012,0.00006,159
20177,blend,0.348,0.0208,0.00285,0.00143,0.000021,0.000000614,0.46,0.1,0.026,0.0027,0.00084,274
20179,blend,0.998,0.04,0.0073,0.00119,0.0000118,0.000000157,0.44,0.17,0.029,0.0024,0.00023,156
20181,blend,0.391,0.00853,0.00143,0.000854,0.00000972,0.000000101,0.44,0.15,0.029,0.0026,0.00016,142
20183,blend,1.05,0.0215,0.00446,0.00136,0.0000193,0.000000314,0.3,0.095,0.016,0.0015,0.00027,199
20185,blend,1.69,0.072,0.0109,0.00167,0.00000657,0.000000066,0.46,0.15,0.029,0.0017,0.00013,211
20187,region_only,0.411,0.0183,0.00203,0.00143,0.00000463,0.0000000288,0,0,0,0,0,152
20189,region_only,0.621,0.0303,0.00415,0.00161,0.00000443,0.0000000449,0,0,0,0,0,159
20191,blend,0.295,0.0203,0.0106,0.00166,0.00000506,0.000000137,0.49,0.15,0.03,0.002,0.00024,238
20193,blend,0.271,0.0192,0.00227,0.00103,0.0000109,0.000000132,0.44,0.16,0.029,0.0025,0.0002,147
20195,blend,0.876,0.0109,0.00175,0.00144,0.00001,0.000000116,0.42,0.15,0.026,0.0018,0.00015,169
20197,blend,1.59,0.0348,0.00289,0.0015,0.0000192,0.00000041,0.45,0.1,0.027,0.0025,0.00074,267
20199,blend,1.16,0.0175,0.00145,0.000998,0.00000786,0.0000000555,0.45,0.16,0.029,0.0024,0.000089,140
20201,blend,0.693,0.015,0.00359,0.00142,0.0000246,0.000000416,0.42,0.12,0.025,0.0025,0.00067,248
20203,blend,1.86,0.0261,0.00187,0.00129,0.00000682,0.0000000334,0.33,0.11,0.018,0.0013,0.000031,148
20205,blend,0.155,0.0147,0.00625,0.00154,0.000011,0.000000814,0.48,0.12,0.029,0.0028,0.00089,264
20207,blend,0.929,0.0236,0.00516,0.00153,0.0000126,0.000000673,0.47,0.11,0.028,0.0026,0.00079,268
20209,blend,0.989,0.0468,0.0029,0.00125,0.0000234,0.00000139,0.47,0.1,0.025,0.0032,0.0011,292
21001,blend,0.19,0.017,0.00475,0.000365,0.0000191,0.00000426,0.66,0.27,0.027,0.0064,0.0011,468
21003,blend,1.72,0.0483,0.00631,0.000378,0.0000207,0.00000491,0.6,0.23,0.027,0.0068,0.0014,457
21005,blend,0.797,0.0659,0.00741,0.000358,0.0000184,0.00000387,0.68,0.27,0.029,0.0066,0.0011,474
21007,blend,0.923,0.0318,0.0062,0.00053,0.0000304,0.00000645,0.58,0.22,0.027,0.008,0.0026,376
21009,blend,0.394,0.0342,0.00485,0.000374,0.0000202,0.00000468,0.61,0.24,0.027,0.0066,0.0013,462
21011,blend,1.29,0.0546,0.0123,0.000346,0.0000163,0.00000312,0.76,0.35,0.03,0.0062,0.00082,482
21013,blend,1.14,0.0393,0.00436,0.000351,0.0000167,0.0000033,0.74,0.33,0.028,0.0058,0.00074,477
21015,blend,0.295,0.0156,0.00367,0.000355,0.0000211,0.0000034,0.68,0.26,0.029,0.0068,0.001,454
21017,blend,0.922,0.0504,0.00603,0.000349,0.0000173,0.00000338,0.73,0.32,0.03,0.0064,0.00092,482
21019,blend,0.619,0.0936,0.0269,0.000618,0.0000144,0.00000241,0.8,0.41,0.031,0.0058,0.00063,467
21021,blend,0.292,0.0253,0.00438,0.000359,0.0000182,0.00000391,0.69,0.29,0.028,0.0065,0.001,473
21023,blend,1.94,0.0558,0.00485,0.000346,0.0000185,0.00000318,0.72,0.31,0.03,0.0065,0.0009,469
21025,blend,1.51,0.121,0.0103,0.00035,0.0000156,0.00000299,0.78,0.38,0.03,0.0059,0.00072,481
21027,blend,0.432,0.0244,0.00402,0.000387,0.0000208,0.00000465,0.53,0.18,0.021,0.0054,0.0011,450
21029,blend,0.561,0.0347,0.0047,0.000369,0.0000196,0.00000425,0.63,0.24,0.028,0.0067,0.0012,459
21031,blend,1.25,0.0788,0.00813,0.000393,0.0000213,0.00000504,0.52,0.19,0.022,0.0056,0.0012,441
21033,blend,0.791,0.0528,0.00911,0.000433,0.0000233,0.00000576,0.56,0.21,0.026,0.0074,0.002,408
21035,blend,0.878,0.0383,0.00717,0.000454,0.0000247,0.00000658,0.51,0.18,0.023,0.0066,0.0021,392
21037,blend,0.752,0.0143,0.00382,0.00035,0.0000203,0.00000322,0.7,0.28,0.03,0.0067,0.00097,454
21039,blend,1.89,0.0579,0.00624,0.000494,0.0000254,0.00000669,0.53,0.19,0.023,0.0069,0.0023,376
21041,blend,0.662,0.0221,0.00365,0.000359,0.0000203,0.00000371,0.66,0.25,0.029,0.0068,0.0011,457
21043,blend,0.99,0.133,0.0392,0.00119,0.0000193,0.00000265,0.79,0.39,0.031,0.006,0.00069,474
21045,blend,0.613,0.0329,0.00542,0.000361,0.0000184,0.00000401,0.68,0.28,0.028,0.0064,0.001,477
21047,blend,0.445,0.0411,0.00682,0.000417,0.0000229,0.00000576,0.56,0.21,0.026,0.0073,0.0019,419
21049,blend,0.411,0.0267,0.0058,0.00035,0.0000169,0.00000341,0.73,0.33,0.03,0.0063,0.0009,485
21051,blend,0.747,0.0644,0.0105,0.000515,0.0000165,0.00000329,0.75,0.35,0.029,0.006,0.00077,480
21053,blend,1.63,0.11,0.00557,0.000367,0.0000191,0.00000422,0.6,0.22,0.021,0.0049,0.00081,475
21055,blend,0.94,0.0301,0.00483,0.000444,0.0000235,0.00000569,0.56,0.21,0.026,0.0073,0.002,410
21057,blend,1.5,0.019,0.00382,0.000367,0.0000194,0.00000438,0.65,0.26,0.027,0.0064,0.0011,469
21059,blend,0.344,0.024,0.00406,0.000405,0.0000218,0.00000496,0.55,0.2,0.024,0.0064,0.0014,433
21061,blend,1.57,0.104,0.0136,0.000381,0.0000206,0.00000477,0.56,0.21,0.023,0.0059,0.0012,455
21063,blend,0.831,0.0868,0.0357,0.00196,0.000029,0.00000273,0.75,0.34,0.025,0.0049,0.00057,474
21065,blend,0.876,0.069,0.00953,0.000377,0.0000167,0.00000336,0.75,0.34,0.029,0.0062,0.00085,487
21067,blend,0.277,0.0502,0.00808,0.000352,0.0000175,0.00000357,0.71,0.31,0.029,0.0064,0.00096,478
21069,blend,0.951,0.0622,0.00449,0.000345,0.0000166,0.00000303,0.75,0.34,0.03,0.0062,0.0008,475
21071,blend,1.19,0.116,0.0103,0.000357,0.0000145,0.00000261,0.8,0.41,0.03,0.0057,0.00062,475
21073,blend,0.335,0.0226,0.0057,0.000355,0.0000185,0.00000374,0.68,0.28,0.029,0.0066,0.0011,472
21075,blend,0.711,0.0473,0.00854,0.000514,0.0000262,0.00000722,0.53,0.19,0.023,0.0071,0.0025,365
21077,blend,1.2,0.0309,0.00474,0.000371,0.0000203,0.00000354,0.67,0.25,0.029,0.0067,0.0011,459
21079,blend,0.49,0.0264,0.00452,0.000356,0.0000177,0.00000373,0.71,0.31,0.029,0.0064,0.00096,476
21081,blend,0.956,0.0181,0.00383,0.000352,0.0000194,0.00000346,0.69,0.28,0.029,0.0067,0.001,459
21083,blend,0.836,0.0345,0.0062,0.000473,0.0000252,0.0000067,0.52,0.19,0.023,0.0068,0.0022,384
21085,blend,0.867,0.0706,0.00943,0.000383,0.0000207,0.00000474,0.59,0.23,0.027,0.0068,0.0014,451
21087,blend,0.138,0.0219,0.0049,0.000368,0.0000194,0.00000437,0.63,0.25,0.026,0.0062,0.0011,466
21089,blend,0.875,0.0536,0.0164,0.000521,0.0000154,0.00000252,0.79,0.39,0.031,0.006,0.00067,463
21091,blend,1.05,0.0372,0.00445,0.000396,0.0000213,0.00000478,0.56,0.2,0.025,0.0064,0.0014,441
21093,blend,0.259,0.023,0.00483,0.000374,0.0000201,0.00000447,0.61,0.23,0.027,0.0067,0.0013,458
21095,blend,0.971,0.0331,0.00511,0.000348,0.0000158,0.000003,0.77,0.36,0.029,0.0057,0.00067,478
21097,blend,0.616,0.018,0.00416,0.000349,0.0000181,0.00000338,0.72,0.3,0.03,0.0065,0.00095,475
21099,blend,0.612,0.0485,0.00749,0.000373,0.00002,0.00000455,0.62,0.24,0.027,0.0067,0.0013,462
21101,blend,0.464,0.0366,0.00458,0.000422,0.0000225,0.00000512,0.56,0.21,0.026,0.0069,0.0017,423
21103,blend,0.728,0.0232,0.00399,0.000358,0.0000195,0.00000379,0.66,0.25,0.029,0.0067,0.0011,466
21105,blend,2.87,0.0769,0.0101,0.000492,0.0000257,0.00000694,0.58,0.23,0.028,0.0085,0.0029,374
21107,blend,0.59,0.0673,0.0104,0.00042,0.0000227,0.00000544,0.56,0.21,0.026,0.0071,0.0018,428
21109,blend,0.981,0.107,0.0163,0.000541,0.000017,0.00000345,0.65,0.25,0.019,0.004,0.00055,477
21111,blend,0.195,0.0414,0.00548,0.000368,0.0000198,0.00000415,0.63,0.24,0.028,0.0068,0.0012,459
21113,blend,0.35,0.0255,0.00513,0.000354,0.0000177,0.00000369,0.71,0.3,0.029,0.0064,0.00098,471
21115,blend,1.18,0.119,0.0188,0.000862,0.0000178,0.00000262,0.8,0.41,0.031,0.0058,0.00064,476
21117,blend,0.509,0.0179,0.00375,0.000352,0.0000205,0.00000331,0.69,0.27,0.03,0.0067,0.001,456
21119,blend,2.29,0.172,0.0227,0.000348,0.0000151,0.00000278,0.79,0.39,0.03,0.0057,0.00065,478
21121,blend,0.561,0.0463,0.00537,0.000354,0.0000169,0.00000341,0.74,0.33,0.028,0.0059,0.00078,478
21123,blend,0.389,0.0377,0.00452,0.00037,0.0000196,0.00000438,0.63,0.25,0.027,0.0066,0.0012,461
21125,blend,0.416,0.0407,0.00744,0.000356,0.0000172,0.00000355,0.73,0.33,0.029,0.0061,0.00085,477
21127,blend,1.83,0.234,0.0445,0.00134,0.0000266,0.00000251,0.8,0.41,0.031,0.0058,0.00063,474
21129,blend,1.82,0.105,0.014,0.000485,0.0000163,0.00000323,0.76,0.36,0.03,0.0061,0.00079,481
21131,blend,3.29,0.343,0.0489,0.000421,0.000016,0.00000309,0.77,0.36,0.029,0.0058,0.00071,479
21133,blend,1.7,0.133,0.0199,0.000347,0.000015,0.00000274,0.79,0.39,0.03,0.0057,0.00063,475
21135,blend,1.84,0.155,0.00816,0.000427,0.0000164,0.00000279,0.76,0.35,0.029,0.0058,0.0007,470
21137,blend,0.637,0.0388,0.00937,0.000358,0.0000179,0.00000383,0.7,0.3,0.028,0.0064,0.00098,479
21139,blend,0.952,0.0261,0.00518,0.000456,0.0000241,0.00000597,0.56,0.21,0.026,0.0073,0.0021,400
21141,blend,0.821,0.0642,0.00855,0.000397,0.0000219,0.00000535,0.52,0.19,0.022,0.0059,0.0014,436
21143,blend,1.67,0.0978,0.0062,0.000443,0.0000238,0.00000601,0.56,0.21,0.027,0.0076,0.0022,408
21145,blend,0.398,0.0219,0.00564,0.000475,0.0000248,0.00000632,0.56,0.21,0.025,0.0074,0.0023,384
21147,blend,0.873,0.0757,0.00805,0.000359,0.000018,0.00000381,0.7,0.29,0.028,0.0061,0.0009,474
21149,blend,1.26,0.047,0.0059,0.0005,0.0000274,0.00000516,0.56,0.21,0.026,0.0069,0.0016,430
21151,blend,0.317,0.0222,0.00517,0.000353,0.0000172,0.00000355,0.73,0.32,0.029,0.0063,0.00091,478
21153,blend,1.37,0.054,0.0154,0.000415,0.000015,0.0000028,0.79,0.39,0.03,0.0059,0.00068,479
21155,blend,0.5,0.0374,0.00521,0.000363,0.0000189,0.00000415,0.66,0.27,0.028,0.0065,0.0011,469
21157,blend,1.01,0.0342,0.00586,0.000457,0.0000244,0.00000632,0.51,0.18,0.022,0.0063,0.0019,394
21159,blend,2.77,0.223,0.0157,0.000343,0.0000139,0.00000242,0.81,0.42,0.031,0.0057,0.00059,475
21161,blend,0.588,0.0306,0.00519,0.000344,0.0000176,0.00000304,0.75,0.33,0.03,0.0064,0.00085,470
21163,blend,0.341,0.0316,0.00394,0.000379,0.0000204,0.00000447,0.6,0.22,0.027,0.0068,0.0013,451
21165,blend,2.5,0.158,0.0204,0.000349,0.0000159,0.00000308,0.75,0.34,0.027,0.0056,0.00071,485
21167,blend,0.476,0.0302,0.00461,0.000357,0.0000182,0.00000387,0.69,0.28,0.029,0.0065,0.001,472
21169,blend,1.22,0.06,0.00541,0.00037,0.0000197,0.00000449,0.63,0.25,0.027,0.0065,0.0012,464
21171,blend,1.44,0.0224,0.0059,0.000371,0.0000199,0.0000046,0.62,0.24,0.027,0.0066,0.0012,461
21173,blend,0.546,0.0319,0.0061,0.000348,0.0000165,0.00000325,0.75,0.34,0.03,0.0063,0.00085,483
21175,blend,0.417,0.0403,0.00623,0.000346,0.0000153,0.00000287,0.78,0.38,0.03,0.006,0.00072,483
21177,blend,0.845,0.0885,0.00957,0.000405,0.000022,0.00000529,0.56,0.21,0.026,0.007,0.0017,435
21179,blend,0.654,0.0487,0.00811,0.000494,0.0000218,0.00000419,0.64,0.25,0.028,0.0066,0.0012,463
21181,blend,1.21,0.0436,0.00511,0.000347,0.0000172,0.00000324,0.74,0.33,0.03,0.0064,0.00088,479
21183,blend,0.784,0.0469,0.00519,0.000396,0.0000215,0.00000498,0.57,0.22,0.026,0.0069,0.0015,441
21185,blend,0.704,0.043,0.00768,0.000364,0.0000199,0.00000397,0.64,0.24,0.028,0.0068,0.0012,458
21187,blend,1.25,0.039,0.00419,0.000365,0.0000192,0.00000363,0.68,0.27,0.029,0.0067,0.0011,466
21189,blend,1.56,0.115,0.0201,0.000482,0.0000164,0.00000324,0.69,0.28,0.021,0.0043,0.00056,480
21191,blend,0.945,0.0353,0.00391,0.000349,0.000019,0.0000033,0.71,0.29,0.03,0.0066,0.00096,470
21193,blend,1.26,0.146,0.0193,0.00035,0.0000156,0.00000296,0.78,0.38,0.03,0.0058,0.00069,478
21195,blend,1.39,0.134,0.00947,0.000344,0.000014,0.00000241,0.81,0.42,0.031,0.0056,0.00057,476
21197,blend,0.62,0.048,0.00562,0.000366,0.0000164,0.00000326,0.74,0.33,0.027,0.0056,0.00075,489
21199,blend,0.567,0.0516,0.00796,0.00036,0.000018,0.00000384,0.7,0.3,0.028,0.0062,0.00094,476
21201,blend,1.86,0.103,0.00521,0.000347,0.0000178,0.0000032,0.72,0.31,0.029,0.0062,0.00086,474
21203,blend,0.86,0.0716,0.0164,0.000502,0.0000174,0.00000364,0.72,0.32,0.029,0.0062,0.0009,479
21205,blend,0.622,0.0451,0.0103,0.000407,0.0000173,0.00000291,0.77,0.37,0.03,0.0061,0.00076,480
21207,blend,0.856,0.0508,0.0104,0.000363,0.0000188,0.00000414,0.67,0.28,0.028,0.0064,0.001,473
21209,blend,0.42,0.0319,0.00466,0.000352,0.0000181,0.00000356,0.7,0.29,0.029,0.0065,0.001,476
21211,blend,0.329,0.0148,0.00407,0.00036,0.0000192,0.00000392,0.66,0.25,0.028,0.0067,0.0011,464
21213,blend,0.354,0.0259,0.00404,0.000388,0.0000214,0.0000052,0.55,0.2,0.023,0.0061,0.0014,445
21215,blend,0.85,0.0332,0.00442,0.000362,0.000019,0.00000404,0.65,0.26,0.028,0.0067,0.0011,465
21217,blend,0.116,0.0135,0.00423,0.000365,0.0000191,0.00000423,0.65,0.26,0.028,0.0065,0.0011,472
21219,blend,1.6,0.0721,0.0087,0.000407,0.0000224,0.00000558,0.51,0.18,0.022,0.006,0.0015,429
21221,blend,3.79,0.121,0.015,0.000434,0.0000237,0.00000609,0.51,0.18,0.022,0.0064,0.0018,412
21223,blend,1.2,0.0728,0.00362,0.000362,0.0000205,0.00000383,0.64,0.24,0.028,0.0068,0.0012,454
21225,blend,0.858,0.0312,0.00547,0.000469,0.0000318,0.00000536,0.56,0.21,0.026,0.007,0.0018,413
21227,blend,0.855,0.0508,0.00605,0.000404,0.000023,0.00000497,0.54,0.2,0.022,0.0057,0.0012,454
21229,blend,1.17,0.0661,0.00646,0.000361,0.0000187,0.00000405,0.66,0.27,0.028,0.0065,0.0011,468
21231,blend,1.37,0.0719,0.00682,0.000366,0.0000186,0.00000402,0.57,0.2,0.017,0.0039,0.00061,475
21233,blend,0.79,0.0267,0.00439,0.000426,0.0000228,0.00000536,0.56,0.21,0.026,0.007,0.0018,421
21235,blend,0.49,0.0488,0.00594,0.000356,0.0000174,0.00000359,0.72,0.31,0.028,0.006,0.00083,476
21237,blend,0.932,0.0441,0.00823,0.000354,0.0000158,0.00000306,0.64,0.24,0.016,0.0032,0.0004,483
21239,blend,1.05,0.127,0.0264,0.000372,0.000018,0.00000373,0.69,0.29,0.029,0.0065,0.001,474
22001,blend,1.26,0.021,0.00359,0.000368,0.0000364,0.000013,0.76,0.37,0.075,0.029,0.014,164
22003,blend,1.59,0.0737,0.0103,0.000468,0.0000336,0.0000121,0.77,0.38,0.073,0.027,0.013,186
22005,blend,1.13,0.0299,0.00349,0.000415,0.0000458,0.0000152,0.74,0.36,0.077,0.03,0.014,152
22007,blend,2.23,0.0857,0.00797,0.000389,0.0000458,0.0000154,0.73,0.35,0.079,0.031,0.015,137
22009,blend,1.08,0.0212,0.00532,0.000538,0.0000379,0.0000132,0.78,0.39,0.073,0.027,0.013,198
22011,blend,1.92,0.0363,0.00586,0.000415,0.0000307,0.0000112,0.77,0.37,0.071,0.026,0.013,188
22013,blend,2.98,0.192,0.0185,0.000831,0.0000302,0.0000105,0.79,0.41,0.066,0.022,0.01,248
22015,blend,0.776,0.0797,0.0157,0.000905,0.0000271,0.00000938,0.78,0.39,0.063,0.02,0.0095,253
22017,blend,0.776,0.093,0.0182,0.00125,0.0000262,0.00000914,0.78,0.38,0.063,0.02,0.0094,245
22019,blend,1.2,0.0216,0.0044,0.000346,0.0000306,0.0000113,0.76,0.35,0.071,0.027,0.013,168
22021,blend,1.94,0.0616,0.00676,0.000635,0.0000348,0.0000119,0.79,0.41,0.068,0.024,0.011,247
22023,blend,1.87,0.0287,0.00388,0.000299,0.0000317,0.0000117,0.75,0.34,0.073,0.029,0.014,151
22025,blend,0.0398,0.0195,0.00809,0.000925,0.000167,0.0000699,0.78,0.4,0.068,0.025,0.012,230
22027,blend,2.99,0.127,0.0113,0.0008,0.0000294,0.0000101,0.79,0.4,0.064,0.021,0.0097,263
22029,blend,0.985,0.0386,0.00712,0.000724,0.0000891,0.0000188,0.78,0.4,0.071,0.026,0.012,214
22031,blend,1.51,0.134,0.0213,0.000737,0.0000431,0.00000978,0.78,0.39,0.065,0.022,0.01,232
22033,blend,0.501,0.0296,0.00371,0.000432,0.0000439,0.0000147,0.75,0.37,0.075,0.029,0.014,168
22035,blend,2.86,0.0544,0.0137,0.0012,0.000187,0.0000417,0.78,0.4,0.062,0.022,0.0099,267
22037,blend,3.6,0.0937,0.00918,0.000453,0.0000431,0.0000144,0.76,0.38,0.074,0.028,0.013,184
22039,blend,0.72,0.0151,0.00421,0.000426,0.000036,0.0000128,0.77,0.38,0.074,0.028,0.013,184
22041,blend,0.67,0.0266,0.00671,0.000615,0.0000365,0.0000123,0.79,0.41,0.068,0.024,0.011,245
22043,blend,1.38,0.0609,0.00805,0.000571,0.0000339,0.0000119,0.79,0.41,0.07,0.025,0.012,227
22045,blend,0.501,0.0111,0.00239,0.000332,0.0000408,0.0000144,0.73,0.34,0.079,0.032,0.015,127
22047,blend,1.26,0.0357,0.00307,0.000403,0.0000432,0.0000147,0.75,0.37,0.077,0.03,0.014,157
22049,blend,2.93,0.136,0.0193,0.00069,0.0000324,0.0000112,0.79,0.41,0.067,0.023,0.011,252
22051,blend,0.476,0.0129,0.00191,0.000374,0.000051,0.0000161,0.7,0.31,0.076,0.031,0.014,114
22053,blend,1.4,0.0276,0.00396,0.000358,0.0000338,0.0000123,0.76,0.36,0.074,0.028,0.014,167
22055,blend,0.186,0.0179,0.00317,0.000368,0.0000388,0.0000137,0.75,0.37,0.076,0.03,0.014,157
22057,blend,1.42,0.0246,0.00305,0.000374,0.0000502,0.0000163,0.71,0.32,0.078,0.032,0.015,115
22059,blend,1.04,0.0469,0.0105,0.00113,0.000121,0.0000256,0.79,0.41,0.07,0.026,0.012,227
22061,blend,0.536,0.0365,0.00805,0.000745,0.0000313,0.0000108,0.79,0.41,0.065,0.022,0.01,255
22063,blend,0.854,0.026,0.00282,0.000435,0.0000457,0.000015,0.74,0.36,0.075,0.029,0.014,161
22065,blend,1.72,0.0509,0.00703,0.000611,0.0000373,0.0000123,0.78,0.41,0.065,0.023,0.011,256
22067,blend,0.988,0.0416,0.00807,0.000716,0.0000343,0.0000115,0.79,0.41,0.064,0.022,0.01,272
22069,blend,1.07,0.0863,0.0087,0.00061,0.0000311,0.000011,0.79,0.4,0.068,0.024,0.011,224
22071,blend,0.633,0.01,0.00281,0.000434,0.0000488,0.0000153,0.72,0.33,0.073,0.029,0.013,141
22073,blend,0.742,0.0413,0.00974,0.000695,0.0000338,0.0000115,0.79,0.42,0.066,0.023,0.011,258
22075,blend,1.32,0.0143,0.00295,0.000343,0.0000512,0.0000156,0.67,0.27,0.074,0.03,0.014,102
22077,blend,1.28,0.0528,0.00611,0.000432,0.0000408,0.000014,0.76,0.38,0.075,0.029,0.014,177
22079,blend,0.25,0.0229,0.0057,0.000502,0.0000346,0.0000123,0.78,0.4,0.072,0.027,0.013,212
22081,blend,2.71,0.211,0.029,0.000825,0.0000763,0.0000103,0.79,0.4,0.066,0.023,0.011,240
22083,blend,1.23,0.0273,0.00781,0.000658,0.0000355,0.0000119,0.79,0.41,0.066,0.023,0.011,256
22085,blend,3.31,0.16,0.0089,0.000686,0.000029,0.0000104,0.78,0.39,0.067,0.024,0.011,214
22087,blend,0.715,0.0227,0.00322,0.000373,0.0000475,0.0000142,0.68,0.3,0.068,0.027,0.012,138
22089,blend,0.766,0.0136,0.00229,0.000404,0.0000489,0.0000158,0.72,0.34,0.076,0.031,0.014,134
22091,blend,3.91,0.101,0.00515,0.000458,0.0000443,0.0000145,0.75,0.37,0.073,0.028,0.013,179
22093,blend,1.64,0.0398,0.00433,0.000406,0.0000469,0.0000155,0.73,0.35,0.077,0.031,0.014,142
22095,blend,1.51,0.0522,0.00558,0.000419,0.0000476,0.0000155,0.73,0.35,0.076,0.03,0.014,144
22097,blend,0.958,0.0199,0.00365,0.000412,0.0000388,0.0000136,0.76,0.38,0.075,0.029,0.014,175
22099,blend,1.2,0.0225,0.00498,0.000381,0.0000419,0.0000145,0.75,0.36,0.078,0.031,0.014,149
22101,blend,0.591,0.00754,0.00223,0.000352,0.0000436,0.0000151,0.73,0.34,0.08,0.032,0.015,128
22103,blend,0.293,0.00989,0.00265,0.000433,0.0000472,0.0000148,0.73,0.34,0.071,0.028,0.013,160
22105,blend,1.96,0.0711,0.00473,0.000565,0.0000611,0.0000215,0.74,0.36,0.073,0.028,0.013,167
22107,blend,6.16,0.21,0.0451,0.00495,0.00105,0.000276,0.78,0.41,0.068,0.025,0.011,240
22109,blend,0.935,0.0262,0.00382,0.000354,0.0000483,0.0000162,0.71,0.31,0.081,0.033,0.015,114
22111,blend,3.13,0.124,0.00883,0.000762,0.000032,0.0000109,0.79,0.41,0.064,0.022,0.01,267
22113,blend,1.01,0.018,0.00405,0.000322,0.0000372,0.0000134,0.74,0.35,0.077,0.03,0.015,142
22115,blend,1.18,0.0401,0.00655,0.000554,0.0000312,0.0000112,0.78,0.39,0.07,0.026,0.012,207
22117,blend,2.06,0.0164,0.00331,0.00046,0.0000451,0.0000142,0.74,0.36,0.069,0.027,0.012,179
22119,blend,1.17,0.0844,0.0144,0.00089,0.0000282,0.00000974,0.78,0.4,0.063,0.021,0.0096,257
22121,blend,1.25,0.0293,0.00516,0.000419,0.0000431,0.0000146,0.75,0.37,0.076,0.03,0.014,165
22123,blend,0.719,0.0236,0.00787,0.000682,0.0000355,0.0000117,0.78,0.41,0.063,0.022,0.01,271
22125,blend,1.85,0.0974,0.015,0.000451,0.0000413,0.000014,0.76,0.38,0.074,0.028,0.013,188
22127,blend,1.22,0.0929,0.00867,0.0007,0.0000328,0.0000115,0.79,0.41,0.069,0.024,0.011,237
23001,blend,0.812,0.12,0.0149,0.000089,0.000000625,0,0.78,0.39,0.022,0.002,0,83
23003,blend,1.15,0.0631,0.02,0.000189,0.00000168,0,0.83,0.45,0.036,0.0035,0,23
23005,blend,0.601,0.133,0.0124,0.000111,0.000000565,0,0.77,0.37,0.021,0.0019,0,88
23007,blend,2.19,0.213,0.0236,0.0000995,0.000000748,0,0.79,0.42,0.024,0.0022,0,72
23009,blend,3.16,0.426,0.0416,0.000114,0.000000909,0,0.81,0.46,0.03,0.0028,0,49
23011,blend,0.866,0.157,0.0308,0.00012,0.000000707,0,0.78,0.42,0.024,0.0022,0,73
23013,blend,2.29,0.263,0.025,0.0000971,0.000000718,0,0.79,0.42,0.026,0.0023,0,66
23015,blend,2.51,0.449,0.0362,0.000356,0.000000662,0,0.78,0.4,0.024,0.0022,0,73
23017,blend,1.76,0.267,0.0287,0.0000894,0.00000063,0,0.78,0.4,0.022,0.002,0,84
23019,blend,1.36,0.216,0.0343,0.000131,0.0000011,0,0.81,0.46,0.031,0.003,0,39
23021,blend,4.88,0.367,0.0386,0.000139,0.0000012,0,0.81,0.46,0.032,0.003,0,37
23023,blend,1.77,0.278,0.0258,0.000144,0.00000062,0,0.78,0.39,0.023,0.0021,0,80
23025,blend,2.8,0.428,0.0543,0.000116,0.000000931,0,0.74,0.36,0.02,0.0019,0,51
23027,blend,2.03,0.307,0.0291,0.000161,0.00000079,0,0.8,0.44,0.027,0.0025,0,62
23029,blend,2.2,0.146,0.0218,0.000139,0.00000115,0,0.82,0.47,0.034,0.0032,0,28
23031,blend,1.6,0.298,0.0175,0.0000772,0.000000494,0,0.77,0.35,0.02,0.0017,0,100
24001,blend,0.867,0.0356,0.00361,0.000241,0.00000466,0.000000134,0.77,0.33,0.029,0.0034,0.000094,378
24003,blend,0.175,0.0145,0.00221,0.000173,0.00000215,0.0000000127,0.68,0.22,0.024,0.0022,0.0000098,315
24005,blend,0.158,0.0274,0.00264,0.000167,0.00000194,0.000000003,0.69,0.22,0.023,0.0021,0.0000024,319
24009,blend,0.624,0.0248,0.00246,0.000181,0.0000024,0.0000000298,0.67,0.21,0.025,0.0024,0.000022,307
24011,blend,0.514,0.00827,0.00211,0.000149,0.00000159,0.000000000492,0.64,0.19,0.021,0.0017,0.00000039,273
24013,blend,0.363,0.033,0.00367,0.000179,0.0000022,0.00000000776,0.7,0.24,0.024,0.0023,0.000006,336
24015,blend,0.784,0.0214,0.0025,0.000142,0.00000139,0,0.67,0.2,0.02,0.0016,0,288
24017,blend,0.507,0.0221,0.00278,0.000201,0.00000296,0.0000000607,0.69,0.24,0.026,0.0027,0.000042,332
24019,blend,0.459,0.00892,0.00211,0.000165,0.00000198,0.0000000128,0.64,0.19,0.022,0.002,0.0000095,282
24021,blend,0.346,0.0152,0.00243,0.000195,0.00000261,0.0000000234,0.72,0.26,0.026,0.0025,0.000018,349
24023,blend,1.36,0.0784,0.00513,0.000264,0.00000618,0.00000029,0.79,0.36,0.03,0.0038,0.00016,393
24025,blend,0.271,0.0274,0.00274,0.000154,0.00000165,0,0.68,0.22,0.022,0.0019,0,301
24027,blend,0.14,0.0168,0.00231,0.000182,0.00000231,0.0000000152,0.7,0.23,0.025,0.0023,0.000012,333
24029,blend,0.546,0.00961,0.00226,0.000154,0.00000166,0.000000000247,0.63,0.18,0.019,0.0016,0.00000017,296
24031,blend,0.16,0.0139,0.00238,0.000194,0.00000266,0.0000000309,0.71,0.25,0.026,0.0026,0.000022,342
24033,blend,0.178,0.0174,0.00237,0.000187,0.00000252,0.0000000304,0.69,0.23,0.025,0.0025,0.000022,327
24035,blend,0.595,0.00877,0.00216,0.000155,0.00000171,0.0000000014,0.66,0.2,0.021,0.0018,0.0000011,288
24037,blend,0.629,0.0175,0.00225,0.000187,0.0000026,0.0000000455,0.66,0.21,0.025,0.0025,0.000033,303
24039,blend,0.483,0.00886,0.00208,0.000163,0.00000196,0.0000000161,0.63,0.19,0.023,0.002,0.000012,268
24041,blend,0.371,0.00879,0.00214,0.000164,0.00000193,0.00000000835,0.65,0.2,0.022,0.002,0.0000063,291
24043,blend,0.335,0.0172,0.00298,0.000207,0.00000301,0.0000000397,0.74,0.28,0.026,0.0028,0.000033,357
24045,blend,0.246,0.00866,0.00204,0.00015,0.00000163,0.00000000296,0.62,0.18,0.021,0.0017,0.0000023,263
24047,blend,0.746,0.0108,0.00197,0.000141,0.00000141,0.000000000263,0.61,0.17,0.02,0.0015,0.00000021,245
24510,blend,0.12,0.0197,0.00225,0.000169,0.00000201,0.00000000564,0.69,0.22,0.024,0.0021,0.0000045,319
25001,blend,1.05,0.18,0.00224,0.0000642,0.000000365,0,0.74,0.25,0.016,0.0014,0,96
25003,blend,0.323,0.0201,0.0023,0.0000683,0.00000027,0,0.77,0.28,0.013,0.0009,0,169
25005,blend,0.198,0.0336,0.0021,0.0000613,0.000000322,0,0.76,0.26,0.015,0.0012,0,125
25007,blend,0.581,0.0343,0.00201,0.0000597,0.000000313,0,0.74,0.22,0.014,0.0012,0,106
25009,blend,0.276,0.066,0.0041,0.0000687,0.000000405,0,0.77,0.31,0.018,0.0015,0,116
25011,blend,0.291,0.036,0.00259,0.0000664,0.000000312,0,0.77,0.29,0.014,0.0011,0,156
25013,blend,0.194,0.0256,0.00299,0.0000655,0.000000279,0,0.77,0.27,0.014,0.00096,0,164
25015,blend,0.293,0.0171,0.00228,0.0000659,0.000000292,0,0.77,0.28,0.014,0.001,0,161
25017,blend,0.127,0.0348,0.00269,0.0000656,0.000000362,0,0.77,0.29,0.016,0.0013,0,128
25019,blend,1.77,0.0827,0.00221,0.000061,0.000000336,0,0.75,0.23,0.017,0.0014,0,90
25021,blend,0.175,0.0371,0.00231,0.0000639,0.000000349,0,0.76,0.28,0.016,0.0013,0,122
25023,blend,0.337,0.0761,0.0044,0.0000639,0.000000357,0,0.76,0.27,0.016,0.0014,0,111
25025,blend,0.00884,0.0122,0.00246,0.0000656,0.000000371,0,0.76,0.28,0.016,0.0014,0,121
25027,blend,0.253,0.0286,0.0023,0.0000642,0.000000323,0,0.77,0.28,0.015,0.0012,0,146
26001,blend,4.69,0.829,0.0855,0.000724,0.000127,0.000000954,0.83,0.48,0.028,0.016,0.0023,105
26003,blend,1.05,0.0592,0.00967,0.000704,0.000148,0.00000135,0.72,0.3,0.029,0.019,0.0031,95
26005,blend,0.507,0.0797,0.00654,0.000444,0.0000544,0.00000222,0.73,0.31,0.026,0.0095,0.0018,285
26007,blend,0.158,0.0608,0.0221,0.000924,0.000198,0.00000101,0.78,0.41,0.022,0.013,0.0019,98
26009,blend,1.51,0.155,0.0223,0.000691,0.000105,0.0000011,0.8,0.43,0.028,0.017,0.0027,129
26011,blend,2.03,0.383,0.0179,0.000455,0.0000824,0.00000104,0.82,0.46,0.027,0.013,0.0019,149
26013,blend,0.735,0.0389,0.00494,0.000678,0.000122,0.00000115,0.68,0.23,0.028,0.015,0.0026,102
26015,blend,0.748,0.13,0.0113,0.000432,0.0000573,0.00000197,0.76,0.35,0.027,0.01,0.0017,264
26017,blend,0.213,0.049,0.0112,0.000444,0.0000752,0.00000118,0.81,0.45,0.027,0.012,0.0018,174
26019,blend,1.73,0.0901,0.00609,0.000526,0.0000904,0.00000118,0.77,0.36,0.025,0.013,0.0022,167
26021,blend,1.13,0.0797,0.0053,0.000435,0.0000466,0.00000263,0.68,0.24,0.025,0.0085,0.0017,329
26023,blend,0.593,0.131,0.0224,0.000412,0.000049,0.00000221,0.72,0.29,0.027,0.0089,0.0014,301
26025,blend,0.494,0.119,0.0186,0.000419,0.000053,0.00000205,0.74,0.32,0.027,0.0093,0.0015,278
26027,blend,1.59,0.0996,0.00754,0.000484,0.0000586,0.00000243,0.71,0.28,0.027,0.0091,0.0016,309
26029,blend,0.86,0.126,0.021,0.000991,0.000151,0.00000121,0.78,0.4,0.03,0.019,0.003,113
26031,blend,1.33,0.196,0.0629,0.00202,0.000276,0.00000118,0.81,0.44,0.031,0.02,0.0031,100
26033,blend,0.922,0.0952,0.0256,0.000735,0.000172,0.00000144,0.68,0.29,0.02,0.014,0.0022,76
26035,blend,2.04,0.33,0.0162,0.000468,0.0000806,0.00000125,0.81,0.44,0.027,0.013,0.0021,173
26037,blend,0.643,0.0622,0.0124,0.00043,0.0000626,0.00000163,0.78,0.39,0.027,0.01,0.0016,234
26039,blend,1.93,0.283,0.0487,0.00126,0.000131,0.00000107,0.82,0.45,0.028,0.016,0.0025,128
26041,blend,0.366,0.0453,0.00636,0.000627,0.000117,0.00000118,0.74,0.31,0.029,0.017,0.0028,124
26043,blend,0.853,0.0776,0.00499,0.000646,0.000112,0.00000113,0.69,0.25,0.027,0.014,0.0024,131
26045,blend,0.526,0.101,0.0167,0.000425,0.0000575,0.00000185,0.76,0.36,0.027,0.0098,0.0016,256
26047,blend,0.53,0.0953,0.0324,0.00125,0.000159,0.00000121,0.8,0.42,0.031,0.02,0.0031,105
26049,blend,0.235,0.0582,0.0119,0.000415,0.0000624,0.00000134,0.8,0.42,0.029,0.011,0.0015,207
26051,blend,2.04,0.273,0.0172,0.000462,0.0000812,0.00000118,0.81,0.45,0.026,0.013,0.002,165
26053,blend,1.83,0.085,0.00494,0.000642,0.0000913,0.000000943,0.63,0.18,0.026,0.011,0.0019,128
26055,blend,0.176,0.0412,0.00799,0.000518,0.0000954,0.00000113,0.79,0.41,0.027,0.015,0.0024,152
26057,blend,0.623,0.0711,0.00926,0.00044,0.000068,0.00000148,0.8,0.41,0.026,0.011,0.0017,212
26059,blend,0.642,0.138,0.0313,0.000539,0.0000487,0.00000207,0.73,0.3,0.027,0.0089,0.0013,295
26061,blend,0.349,0.0306,0.00468,0.000682,0.000124,0.00000115,0.68,0.22,0.028,0.015,0.0026,93
26063,blend,1.9,0.412,0.0192,0.00044,0.000078,0.000000877,0.82,0.46,0.026,0.012,0.0017,141
26065,blend,0.225,0.0581,0.0125,0.000416,0.0000572,0.00000171,0.77,0.37,0.027,0.0098,0.0015,245
26067,blend,0.866,0.144,0.0225,0.000438,0.0000625,0.00000174,0.78,0.38,0.026,0.01,0.0017,238
26069,blend,2.28,0.308,0.0231,0.000472,0.0000913,0.000000939,0.83,0.48,0.028,0.015,0.0021,120
26071,blend,1.03,0.0886,0.00437,0.000651,0.000106,0.00000108,0.67,0.21,0.027,0.013,0.0023,129
26073,blend,0.453,0.0579,0.00977,0.000455,0.000074,0.00000139,0.8,0.42,0.026,0.012,0.0019,196
26075,blend,0.542,0.14,0.0278,0.000408,0.0000524,0.00000187,0.75,0.34,0.027,0.0093,0.0014,272
26077,blend,0.703,0.114,0.0138,0.000428,0.000053,0.00000217,0.74,0.32,0.027,0.0096,0.0016,291
26079,blend,1.19,0.135,0.0152,0.000508,0.0000961,0.00000111,0.81,0.44,0.028,0.016,0.0025,145
26081,blend,0.26,0.0812,0.00857,0.000448,0.0000633,0.0000018,0.78,0.38,0.026,0.011,0.0018,246
26083,blend,5.38,0.0944,0.00675,0.000721,0.000145,0.00000128,0.64,0.19,0.023,0.013,0.0024,71
26085,blend,1.87,0.195,0.0131,0.000484,0.0000785,0.00000138,0.79,0.4,0.026,0.013,0.0021,191
26087,blend,0.922,0.146,0.0132,0.00041,0.0000622,0.00000116,0.79,0.41,0.027,0.01,0.0014,199
26089,blend,1.58,0.222,0.0201,0.00056,0.000105,0.00000112,0.77,0.37,0.027,0.015,0.0025,140
26091,blend,0.954,0.167,0.0307,0.000394,0.0000472,0.00000189,0.73,0.31,0.028,0.0087,0.0012,295
26093,blend,0.775,0.172,0.0241,0.000407,0.0000564,0.00000156,0.78,0.38,0.028,0.01,0.0014,239
26095,blend,1.09,0.0683,0.0157,0.000742,0.000169,0.00000146,0.64,0.25,0.019,0.013,0.0021,84
26097,blend,1.99,0.267,0.0361,0.00112,0.000234,0.00000419,0.66,0.26,0.018,0.012,0.002,91
26099,blend,0.325,0.0965,0.0136,0.000392,0.000054,0.00000118,0.77,0.37,0.027,0.009,0.0011,220
26101,blend,0.962,0.0894,0.00538,0.000506,0.0000816,0.00000132,0.77,0.37,0.026,0.013,0.0022,186
26103,blend,0.453,0.0639,0.00669,0.000695,0.000136,0.00000126,0.7,0.26,0.029,0.017,0.0029,98
26105,blend,0.918,0.0786,0.00566,0.000495,0.0000758,0.00000145,0.77,0.36,0.025,0.012,0.0021,206
26107,blend,1.09,0.164,0.017,0.000463,0.0000731,0.00000148,0.8,0.41,0.026,0.012,0.002,203
26109,blend,0.893,0.13,0.0114,0.000613,0.000104,0.00000111,0.7,0.26,0.025,0.013,0.0023,145
26111,blend,0.567,0.114,0.0115,0.000448,0.0000743,0.00000129,0.81,0.44,0.026,0.012,0.0018,188
26113,blend,1.94,0.219,0.0164,0.000487,0.0000874,0.00000118,0.81,0.43,0.026,0.014,0.0022,160
26115,blend,0.942,0.171,0.0263,0.000447,0.0000457,0.00000165,0.74,0.32,0.028,0.0085,0.0011,283
26117,blend,1.1,0.16,0.0112,0.000449,0.000068,0.00000159,0.8,0.41,0.027,0.012,0.0019,218
26119,blend,1.59,0.234,0.0782,0.00432,0.00147,0.00000107,0.82,0.46,0.029,0.018,0.0027,104
26121,blend,0.475,0.0937,0.00571,0.000475,0.0000674,0.00000171,0.76,0.35,0.025,0.011,0.002,231
26123,blend,0.955,0.114,0.00884,0.000468,0.000071,0.00000158,0.79,0.39,0.026,0.012,0.002,212
26125,blend,0.373,0.156,0.0198,0.00041,0.0000557,0.00000136,0.78,0.38,0.028,0.0097,0.0013,226
26127,blend,0.663,0.0563,0.00565,0.000482,0.0000699,0.00000163,0.77,0.35,0.025,0.011,0.002,224
26129,blend,3.01,0.516,0.0191,0.000475,0.0000894,0.00000105,0.82,0.46,0.027,0.014,0.0021,138
26131,blend,1.18,0.0402,0.00403,0.000656,0.000107,0.00000103,0.66,0.2,0.027,0.013,0.0022,109
26133,blend,0.847,0.14,0.0137,0.000476,0.0000798,0.00000132,0.8,0.42,0.027,0.013,0.0021,185
26135,blend,2.83,0.478,0.0951,0.00207,0.000524,0.00000102,0.83,0.47,0.029,0.016,0.0025,120
26137,blend,1.12,0.141,0.047,0.00182,0.000324,0.00000108,0.81,0.45,0.029,0.018,0.0027,114
26139,blend,0.388,0.0684,0.00556,0.00046,0.0000625,0.00000189,0.76,0.35,0.025,0.01,0.0019,255
26141,blend,0.781,0.146,0.0681,0.00221,0.000262,0.00000109,0.81,0.45,0.028,0.018,0.0026,82
26143,blend,3.01,0.292,0.0178,0.000482,0.0000888,0.00000112,0.81,0.44,0.026,0.014,0.0022,148
26145,blend,0.26,0.0564,0.011,0.000432,0.0000683,0.00000133,0.8,0.43,0.027,0.011,0.0017,198
26147,blend,0.785,0.152,0.0129,0.000395,0.000057,0.00000102,0.78,0.39,0.027,0.0093,0.0012,199
26149,blend,1.16,0.118,0.0171,0.000419,0.000049,0.00000233,0.72,0.29,0.027,0.0092,0.0016,307
26151,blend,1.54,0.298,0.0178,0.000414,0.0000668,0.000000891,0.81,0.43,0.026,0.011,0.0014,168
26153,blend,1.28,0.0489,0.00935,0.000651,0.000134,0.00000127,0.71,0.3,0.024,0.015,0.0025,106
26155,blend,0.519,0.0819,0.0111,0.000422,0.0000621,0.0000015,0.79,0.4,0.027,0.01,0.0015,225
26157,blend,0.946,0.164,0.0148,0.000428,0.0000703,0.00000111,0.81,0.44,0.026,0.011,0.0016,177
26159,blend,1.41,0.13,0.0102,0.000451,0.0000565,0.0000023,0.73,0.29,0.026,0.0093,0.0017,294
26161,blend,0.512,0.151,0.023,0.000415,0.0000512,0.00000167,0.75,0.34,0.028,0.0092,0.0013,266
26163,blend,0.506,0.236,0.028,0.000402,0.0000498,0.00000143,0.75,0.34,0.027,0.0085,0.0011,254
26165,blend,0.98,0.117,0.00882,0.000496,0.0000861,0.00000123,0.8,0.41,0.026,0.014,0.0022,165
27001,blend,1.04,0.0627,0.00309,0.000537,0.0000317,0.000000599,0.54,0.13,0.029,0.0062,0.0016,163
27003,blend,0.234,0.0119,0.000969,0.000646,0.0000366,0.000000595,0.45,0.094,0.028,0.0057,0.0014,216
27005,blend,0.131,0.0102,0.00222,0.000409,0.0000263,0.00000073,0.54,0.17,0.034,0.0076,0.002,153
27007,blend,0.681,0.0385,0.00647,0.000247,0.000018,0.000000643,0.52,0.14,0.027,0.0057,0.0016,110
27009,blend,0.521,0.00825,0.00111,0.000624,0.0000317,0.000000556,0.46,0.11,0.028,0.0055,0.0013,198
27011,blend,0.364,0.0106,0.00145,0.000657,0.0000375,0.00000079,0.3,0.079,0.016,0.0033,0.00081,213
27013,blend,0.37,0.00907,0.00237,0.000703,0.0000326,0.000000578,0.39,0.097,0.028,0.0051,0.0013,264
27015,blend,0.00418,0.0101,0.00171,0.000735,0.0000345,0.000000565,0.27,0.061,0.016,0.0029,0.00072,254
27017,blend,0.477,0.0337,0.00253,0.000559,0.0000411,0.000000622,0.56,0.13,0.028,0.0065,0.0015,157
27019,blend,0.431,0.0107,0.00111,0.000671,0.0000333,0.00000057,0.43,0.097,0.029,0.0056,0.0014,240
27021,blend,1.09,0.0637,0.00463,0.000457,0.0000249,0.000000623,0.54,0.15,0.031,0.0064,0.0017,147
27023,blend,0.479,0.0109,0.001,0.000704,0.0000364,0.000000654,0.43,0.12,0.029,0.0058,0.0014,230
27025,blend,0.714,0.0133,0.00104,0.000635,0.0000398,0.000000615,0.47,0.095,0.027,0.0057,0.0013,207
27027,blend,0.159,0.00897,0.00239,0.000376,0.0000279,0.000000852,0.54,0.18,0.036,0.0083,0.0022,155
27029,blend,0.00933,0.0151,0.00341,0.0003,0.000021,0.000000683,0.33,0.074,0.013,0.0029,0.0008,123
27031,blend,0,0.0373,0.00541,0.000589,0.0000941,0.00000101,0.34,0.062,0.0071,0.0028,0.00058,77
27033,blend,0.037,0.0123,0.00217,0.00077,0.0000365,0.000000597,0.16,0.035,0.0085,0.0015,0.00038,258
27035,blend,0.416,0.0339,0.0016,0.000536,0.0000282,0.000000592,0.52,0.13,0.03,0.0062,0.0016,165
27037,blend,0.173,0.00957,0.00151,0.000661,0.0000369,0.000000632,0.42,0.087,0.027,0.0055,0.0014,242
27039,blend,0.433,0.0189,0.00295,0.000662,0.0000357,0.000000668,0.39,0.083,0.025,0.005,0.0013,272
27041,blend,0.117,0.00988,0.00141,0.000601,0.0000325,0.00000066,0.45,0.13,0.027,0.0055,0.0014,199
27043,blend,0.116,0.0108,0.00352,0.000708,0.0000321,0.000000593,0.32,0.075,0.02,0.0036,0.00095,278
27045,blend,0.0722,0.0129,0.00412,0.000643,0.000039,0.000000869,0.31,0.058,0.015,0.0032,0.00086,278
27047,blend,0.182,0.0121,0.00389,0.000679,0.0000325,0.000000634,0.36,0.086,0.024,0.0044,0.0012,286
27049,blend,0.493,0.0162,0.00212,0.000658,0.0000384,0.000000673,0.41,0.082,0.025,0.0053,0.0013,255
27051,blend,0.488,0.0202,0.00154,0.000588,0.0000338,0.000000744,0.43,0.12,0.025,0.0053,0.0013,201
27053,blend,0.167,0.0146,0.00103,0.000658,0.0000348,0.000000586,0.44,0.095,0.029,0.0057,0.0014,230
27055,blend,0.285,0.0115,0.00379,0.000621,0.0000431,0.00000103,0.42,0.088,0.022,0.0052,0.0013,269
27057,blend,0.476,0.0337,0.00524,0.000411,0.000024,0.000000646,0.55,0.16,0.032,0.0068,0.0018,145
27059,blend,0.344,0.0177,0.00116,0.000639,0.0000362,0.000000582,0.34,0.061,0.017,0.0034,0.0008,206
27061,blend,0.873,0.0575,0.00373,0.000384,0.0000229,0.000000652,0.57,0.15,0.029,0.0062,0.0017,123
27063,blend,0.0998,0.0131,0.00314,0.000777,0.0000364,0.000000596,0.19,0.045,0.011,0.0019,0.00048,269
27065,blend,0.583,0.014,0.00129,0.000613,0.0000356,0.000000576,0.36,0.065,0.016,0.0034,0.0008,189
27067,blend,0.253,0.0113,0.000954,0.000681,0.0000341,0.00000059,0.46,0.12,0.032,0.0061,0.0015,228
27069,blend,0.455,0.0208,0.00407,0.000158,0.0000156,0.000000831,0.28,0.064,0.016,0.0036,0.0011,74
27071,blend,0.535,0.0291,0.00672,0.000252,0.0000146,0.00000063,0.59,0.18,0.028,0.0059,0.0018,83
27073,blend,0.463,0.0177,0.00122,0.000717,0.0000387,0.000000743,0.26,0.065,0.014,0.0028,0.00068,228
27075,blend,0.463,0.0413,0.0046,0.000587,0.0000627,0.000000817,0.63,0.18,0.026,0.0078,0.0018,100
27077,region_only,0.433,0.0304,0.00643,0.000118,0.0000108,0.000000565,0,0,0,0,0,71
27079,blend,0.674,0.0147,0.00176,0.000683,0.0000331,0.000000588,0.41,0.094,0.029,0.0054,0.0014,256
27081,blend,0.551,0.0209,0.00151,0.000766,0.0000406,0.000000744,0.32,0.089,0.021,0.0041,0.00097,239
27083,blend,0.194,0.00937,0.00155,0.0008,0.0000389,0.000000684,0.43,0.13,0.032,0.0063,0.0015,238
27085,blend,0.236,0.0088,0.00102,0.000684,0.0000328,0.000000553,0.42,0.097,0.028,0.0053,0.0013,239
27087,blend,0.381,0.0193,0.00307,0.000333,0.0000236,0.000000746,0.33,0.078,0.014,0.0031,0.00086,131
27089,blend,0.372,0.0168,0.00436,0.000154,0.0000172,0.000000802,0.29,0.068,0.014,0.0032,0.00093,90
27091,blend,0.047,0.0122,0.00333,0.000744,0.0000339,0.000000574,0.23,0.054,0.013,0.0024,0.00061,271
27093,blend,0.218,0.01,0.000932,0.000675,0.0000328,0.000000556,0.42,0.1,0.027,0.0052,0.0013,231
27095,blend,0.214,0.0122,0.00128,0.000612,0.0000329,0.000000563,0.35,0.066,0.017,0.0033,0.0008,191
27097,blend,0.753,0.0136,0.00147,0.000592,0.0000301,0.000000575,0.5,0.13,0.031,0.0061,0.0015,189
27099,blend,0.039,0.0116,0.00401,0.00066,0.0000348,0.000000717,0.34,0.074,0.02,0.004,0.0011,285
27101,blend,0.448,0.0185,0.00234,0.000775,0.0000389,0.000000666,0.4,0.12,0.03,0.0057,0.0014,254
27103,blend,0.179,0.00831,0.0016,0.000702,0.000033,0.000000563,0.39,0.095,0.027,0.0051,0.0013,256
27105,blend,0.0904,0.0123,0.00294,0.0008,0.0000392,0.00000066,0.25,0.067,0.016,0.0029,0.00071,260
27107,blend,0.541,0.0357,0.00316,0.000299,0.0000249,0.000000851,0.39,0.11,0.02,0.0046,0.0013,133
27109,blend,0.124,0.0111,0.00316,0.00065,0.0000385,0.00000072,0.4,0.084,0.024,0.0052,0.0013,276
27111,blend,0.603,0.0165,0.00172,0.000512,0.0000301,0.000000713,0.53,0.17,0.034,0.0074,0.0019,175
27113,blend,0,0.0189,0.00446,0.000188,0.0000185,0.000000768,0.23,0.048,0.0089,0.002,0.00057,100
27115,blend,0.821,0.0395,0.00302,0.0006,0.0000411,0.00000061,0.52,0.12,0.028,0.0064,0.0015,179
27117,blend,1.05,0.0489,0.00552,0.000784,0.0000411,0.000000732,0.41,0.13,0.031,0.006,0.0014,243
27119,blend,0.32,0.0193,0.00384,0.000222,0.0000215,0.000000835,0.34,0.084,0.016,0.0037,0.001,113
27121,blend,0.478,0.0148,0.00119,0.000644,0.0000341,0.000000648,0.47,0.14,0.031,0.0063,0.0015,217
27123,blend,0.313,0.0164,0.00115,0.000654,0.0000374,0.000000616,0.44,0.09,0.027,0.0056,0.0014,226
27125,blend,1.12,0.0367,0.00527,0.000218,0.0000201,0.000000783,0.31,0.072,0.013,0.0031,0.00087,110
27127,blend,0.234,0.00818,0.00126,0.000741,0.0000364,0.000000607,0.4,0.11,0.028,0.0053,0.0013,246
27129,blend,0.334,0.00819,0.00107,0.000712,0.0000348,0.000000578,0.42,0.11,0.029,0.0055,0.0013,241
27131,blend,0.42,0.0138,0.00202,0.000671,0.0000346,0.000000622,0.41,0.089,0.028,0.0054,0.0014,256
27133,blend,0.966,0.0202,0.00338,0.000801,0.0000413,0.000000724,0.39,0.13,0.03,0.0057,0.0014,253
27135,blend,0.0567,0.0213,0.00517,0.000134,0.0000132,0.000000688,0.24,0.049,0.01,0.0022,0.00066,71
27137,blend,0.355,0.0316,0.00494,0.000433,0.0000369,0.000000728,0.6,0.17,0.027,0.0065,0.0017,108
27139,blend,0.226,0.00815,0.00138,0.00067,0.0000341,0.000000593,0.42,0.093,0.029,0.0056,0.0014,241
27141,blend,0.352,0.00987,0.000989,0.000641,0.0000331,0.000000558,0.45,0.098,0.028,0.0054,0.0013,214
27143,blend,0.837,0.016,0.00198,0.000692,0.0000329,0.000000558,0.42,0.1,0.03,0.0056,0.0014,246
27145,blend,0.245,0.00895,0.00107,0.00064,0.0000319,0.000000572,0.48,0.12,0.031,0.0061,0.0015,217
27147,blend,0.0472,0.0106,0.00281,0.000673,0.000034,0.000000637,0.38,0.085,0.025,0.0049,0.0013,271
27149,blend,0.551,0.0376,0.0014,0.000646,0.0000357,0.000000731,0.31,0.079,0.016,0.0033,0.00082,212
27151,blend,0.378,0.0177,0.00151,0.000763,0.0000362,0.000000677,0.29,0.07,0.015,0.0031,0.00074,219
27153,blend,0.81,0.0236,0.00267,0.000684,0.0000306,0.000000608,0.51,0.14,0.032,0.0065,0.0016,190
27155,blend,0.997,0.0114,0.00168,0.0006,0.0000357,0.000000816,0.29,0.075,0.014,0.0031,0.00077,199
27157,blend,0.602,0.0167,0.00251,0.000647,0.0000415,0.000000722,0.43,0.086,0.025,0.0056,0.0014,257
27159,blend,0.246,0.00896,0.00184,0.000521,0.0000278,0.000000637,0.52,0.15,0.031,0.0064,0.0017,169
27161,blend,0.36,0.0194,0.00263,0.000685,0.0000328,0.000000608,0.39,0.091,0.027,0.005,0.0013,272
27163,blend,0.641,0.0222,0.0013,0.000651,0.0000392,0.000000635,0.45,0.09,0.027,0.0057,0.0014,230
27165,blend,0.106,0.0107,0.00239,0.000738,0.0000341,0.000000568,0.27,0.062,0.016,0.0029,0.00073,264
27167,blend,0.428,0.00942,0.00188,0.000481,0.0000317,0.000000837,0.53,0.18,0.036,0.0081,0.0021,178
27169,blend,0.265,0.0118,0.00323,0.000634,0.0000431,0.000000841,0.43,0.089,0.024,0.0056,0.0014,262
27171,blend,0.358,0.00819,0.000917,0.000658,0.0000327,0.000000555,0.45,0.1,0.03,0.0058,0.0014,225
27173,blend,0.627,0.0159,0.00104,0.000733,0.0000383,0.000000691,0.42,0.12,0.03,0.0059,0.0014,235
28001,blend,1.38,0.116,0.0156,0.0007,0.0000397,0.0000133,0.77,0.4,0.071,0.026,0.012,217
28003,blend,0.0703,0.0232,0.00744,0.000483,0.0000293,0.00000878,0.48,0.14,0.018,0.006,0.0023,348
28005,blend,2.83,0.192,0.0131,0.00048,0.0000425,0.0000139,0.76,0.38,0.071,0.027,0.012,199
28007,blend,1.8,0.163,0.0216,0.000529,0.0000367,0.0000113,0.75,0.35,0.052,0.019,0.008,279
28009,blend,0.662,0.0487,0.0116,0.000528,0.0000308,0.00000952,0.57,0.19,0.026,0.0086,0.0034,325
28011,blend,1.03,0.0729,0.0123,0.000713,0.0000341,0.000011,0.76,0.37,0.054,0.018,0.0081,286
28013,blend,0,0.0196,0.00884,0.000534,0.0000338,0.0000105,0.65,0.24,0.033,0.011,0.0047,315
28015,blend,0.711,0.0469,0.0105,0.000573,0.0000359,0.0000113,0.75,0.35,0.052,0.018,0.0079,283
28017,blend,0.021,0.0171,0.00763,0.000498,0.000033,0.00001,0.66,0.24,0.035,0.012,0.0049,322
28019,blend,1.71,0.0669,0.00795,0.00051,0.0000354,0.0000108,0.73,0.32,0.047,0.017,0.007,295
28021,blend,2.63,0.295,0.044,0.00225,0.0000808,0.0000128,0.77,0.4,0.067,0.025,0.011,235
28023,blend,1.67,0.0355,0.004,0.000441,0.0000372,0.0000108,0.71,0.3,0.051,0.019,0.0082,252
28025,blend,0.528,0.017,0.00677,0.000482,0.0000333,0.00001,0.68,0.26,0.039,0.014,0.0056,315
28027,blend,0.434,0.0512,0.0141,0.000697,0.0000331,0.0000107,0.74,0.34,0.049,0.017,0.0072,296
28029,blend,1.89,0.125,0.0205,0.000583,0.0000405,0.0000129,0.76,0.38,0.065,0.024,0.011,231
28031,blend,1.76,0.0864,0.0089,0.000481,0.0000412,0.0000125,0.74,0.35,0.06,0.023,0.01,220
28033,blend,0.207,0.032,0.00946,0.000618,0.0000312,0.00000993,0.7,0.3,0.042,0.014,0.0058,314
28035,blend,0.199,0.02,0.00384,0.000534,0.0000421,0.0000126,0.72,0.33,0.061,0.023,0.01,201
28037,blend,3.95,0.199,0.0183,0.000811,0.0000411,0.0000135,0.77,0.39,0.07,0.026,0.012,212
28039,blend,1.18,0.008,0.00248,0.000385,0.0000403,0.0000116,0.68,0.29,0.057,0.022,0.0095,190
28041,blend,1.53,0.00881,0.00273,0.000403,0.0000391,0.0000112,0.69,0.3,0.055,0.021,0.0091,213
28043,blend,1.03,0.108,0.0168,0.000573,0.0000348,0.0000109,0.74,0.33,0.049,0.017,0.0073,296
28045,blend,0.362,0.00865,0.0025,0.000416,0.0000464,0.0000141,0.71,0.33,0.067,0.027,0.012,155
28047,blend,0.161,0.00705,0.00237,0.000394,0.0000445,0.0000132,0.69,0.31,0.063,0.025,0.011,163
28049,blend,0.665,0.0937,0.0141,0.000582,0.0000391,0.0000125,0.77,0.39,0.063,0.023,0.01,249
28051,blend,1.54,0.131,0.0183,0.000594,0.0000369,0.0000116,0.76,0.37,0.055,0.02,0.0085,275
28053,blend,1.49,0.102,0.0125,0.00062,0.0000366,0.0000117,0.77,0.38,0.057,0.02,0.0089,279
28055,blend,0,0.0407,0.0113,0.00067,0.0000375,0.0000121,0.39,0.11,0.012,0.004,0.0018,268
28057,blend,0.396,0.0288,0.00654,0.000466,0.0000304,0.000009,0.51,0.14,0.02,0.0066,0.0026,344
28059,blend,0.438,0.0074,0.00217,0.00036,0.0000415,0.0000119,0.67,0.28,0.058,0.023,0.0099,171
28061,blend,1.43,0.0703,0.0102,0.000471,0.0000389,0.0000116,0.73,0.33,0.055,0.021,0.0089,245
28063,blend,3.03,0.279,0.0411,0.00204,0.0000596,0.0000173,0.77,0.4,0.069,0.025,0.012,231
28065,blend,2.07,0.121,0.0171,0.000524,0.0000555,0.0000129,0.74,0.36,0.063,0.024,0.011,214
28067,blend,0.28,0.0261,0.00458,0.000573,0.0000403,0.000012,0.72,0.33,0.058,0.022,0.0096,223
28069,blend,1.96,0.0761,0.00969,0.000461,0.0000354,0.0000104,0.62,0.22,0.032,0.011,0.0048,284
28071,blend,0.496,0.0311,0.00905,0.000554,0.0000326,0.0000102,0.65,0.25,0.034,0.012,0.0048,322
28073,blend,0.477,0.0118,0.00324,0.00046,0.0000428,0.000013,0.73,0.34,0.063,0.024,0.011,199
28075,blend,1.03,0.0475,0.00427,0.000449,0.0000362,0.0000106,0.71,0.3,0.049,0.018,0.0077,271
28077,blend,2.31,0.102,0.00829,0.000645,0.0000764,0.0000132,0.75,0.37,0.065,0.025,0.011,216
28079,blend,0.967,0.0463,0.00753,0.000514,0.0000376,0.0000115,0.75,0.35,0.054,0.02,0.0084,269
28081,blend,0.184,0.0337,0.00845,0.000495,0.0000314,0.00000945,0.28,0.058,0.0073,0.0025,0.00097,335
28083,blend,0.114,0.0184,0.00899,0.000622,0.0000355,0.0000113,0.76,0.36,0.053,0.019,0.0081,289
28085,blend,1.14,0.0922,0.0109,0.000498,0.0000417,0.0000134,0.76,0.38,0.067,0.025,0.012,216
28087,blend,0.227,0.0135,0.00551,0.000454,0.0000326,0.00000965,0.67,0.24,0.038,0.013,0.0054,313
28089,blend,1.02,0.081,0.00856,0.000544,0.0000383,0.000012,0.76,0.37,0.058,0.021,0.0092,265
28091,blend,0.807,0.038,0.00442,0.000552,0.0000733,0.0000134,0.74,0.36,0.065,0.025,0.011,197
28093,blend,0.0937,0.019,0.00886,0.000557,0.0000313,0.0000098,0.65,0.25,0.035,0.012,0.0047,324
28095,blend,0.0382,0.0144,0.00608,0.000464,0.0000317,0.00000945,0.66,0.23,0.036,0.012,0.0049,332
28097,blend,1.28,0.109,0.0329,0.000547,0.0000355,0.000011,0.74,0.34,0.05,0.018,0.0075,294
28099,blend,0.556,0.0638,0.0161,0.000514,0.0000369,0.0000111,0.72,0.31,0.047,0.017,0.0073,273
28101,blend,1.01,0.0927,0.0239,0.000482,0.0000378,0.0000113,0.73,0.33,0.053,0.019,0.0084,259
28103,blend,1.23,0.0283,0.00558,0.000458,0.0000341,0.0000101,0.69,0.26,0.04,0.014,0.006,301
28105,blend,0.2,0.0194,0.00671,0.000487,0.0000343,0.0000103,0.69,0.27,0.041,0.014,0.0059,298
28107,blend,0.907,0.0648,0.00974,0.000608,0.0000329,0.0000104,0.72,0.32,0.046,0.016,0.0065,306
28109,blend,0.545,0.00795,0.00288,0.000443,0.0000449,0.0000138,0.72,0.34,0.066,0.026,0.012,179
28111,blend,1.65,0.0286,0.00678,0.000994,0.0000411,0.0000121,0.71,0.32,0.059,0.022,0.0098,200
28113,blend,1.3,0.105,0.00625,0.000479,0.0000433,0.0000139,0.75,0.37,0.069,0.026,0.012,196
28115,blend,0.11,0.0208,0.00801,0.000508,0.0000323,0.00000991,0.64,0.23,0.033,0.011,0.0046,326
28117,blend,0.0123,0.0314,0.00789,0.000485,0.00003,0.00000896,0.27,0.056,0.0072,0.0024,0.0009,348
28119,blend,2.58,0.163,0.0152,0.000652,0.0000332,0.0000106,0.73,0.33,0.048,0.016,0.007,303
28121,blend,0.557,0.0365,0.00644,0.00052,0.0000394,0.0000123,0.76,0.37,0.06,0.022,0.0097,248
28123,blend,1.41,0.0646,0.0105,0.000506,0.0000387,0.0000118,0.75,0.35,0.056,0.021,0.009,258
28125,blend,1.92,0.115,0.0256,0.00107,0.0000368,0.0000119,0.77,0.4,0.06,0.021,0.0095,273
28127,blend,1.5,0.1,0.012,0.000504,0.0000406,0.0000126,0.75,0.37,0.062,0.023,0.01,232
28129,blend,2.18,0.102,0.019,0.000492,0.0000398,0.0000121,0.74,0.35,0.058,0.022,0.0095,237
28131,blend,1,0.00892,0.00269,0.000417,0.0000432,0.0000128,0.71,0.32,0.062,0.024,0.011,179
28133,blend,0.787,0.0459,0.0126,0.000662,0.0000351,0.0000113,0.76,0.37,0.054,0.019,0.0082,287
28135,blend,2.25,0.151,0.0168,0.000625,0.0000343,0.0000109,0.74,0.34,0.05,0.017,0.0073,295
28137,blend,0.92,0.055,0.0102,0.000614,0.0000319,0.0000102,0.71,0.3,0.043,0.015,0.0061,316
28139,blend,1.13,0.0561,0.00818,0.000504,0.0000304,0.00000928,0.54,0.17,0.023,0.0076,0.003,338
28141,blend,0,0.0354,0.00714,0.00047,0.0000289,0.00000848,0.098,0.017,0.0022,0.00071,0.00026,356
28143,blend,1.31,0.0768,0.0205,0.00157,0.000157,0.0000241,0.72,0.32,0.045,0.015,0.0064,310
28145,blend,0.332,0.022,0.00795,0.000507,0.0000314,0.00000963,0.63,0.22,0.032,0.011,0.0043,331
28147,blend,1.79,0.135,0.0126,0.000476,0.0000436,0.0000138,0.75,0.36,0.068,0.026,0.012,194
28149,blend,1.51,0.183,0.0239,0.000616,0.0000382,0.0000124,0.77,0.4,0.064,0.023,0.01,256
28151,blend,0.75,0.0439,0.00913,0.000678,0.0000355,0.0000115,0.77,0.39,0.058,0.02,0.009,283
28153,blend,0.68,0.017,0.00406,0.000514,0.0000381,0.000011,0.71,0.3,0.053,0.02,0.0086,232
28155,blend,0.263,0.0288,0.0095,0.000517,0.0000346,0.0000106,0.73,0.32,0.047,0.017,0.0069,298
28157,blend,3.72,0.316,0.054,0.00415,0.000685,0.0000497,0.77,0.39,0.073,0.027,0.013,200
28159,blend,0.613,0.0533,0.00888,0.000497,0.0000358,0.0000108,0.67,0.25,0.036,0.013,0.0054,286
28161,blend,0.635,0.0653,0.0135,0.000569,0.0000338,0.0000106,0.72,0.31,0.046,0.016,0.0066,302
28163,blend,0.337,0.0353,0.00733,0.00058,0.0000377,0.000012,0.77,0.38,0.059,0.021,0.0094,272
29001,blend,0.382,0.0182,0.00603,0.000714,0.0000271,0.00000273,0.46,0.12,0.021,0.004,0.0014,327
29003,blend,1.26,0.0232,0.00427,0.00108,0.0000274,0.00000114,0.45,0.11,0.024,0.0032,0.0011,304
29005,blend,1.18,0.0282,0.00519,0.00109,0.0000296,0.000000643,0.42,0.11,0.022,0.0029,0.00092,288
29007,blend,0.287,0.0154,0.00388,0.000716,0.0000256,0.00000379,0.5,0.14,0.021,0.0045,0.0015,338
29009,blend,0.802,0.059,0.0106,0.00133,0.0000184,0.00000422,0.49,0.15,0.025,0.005,0.0021,280
29011,blend,1.08,0.0329,0.0047,0.00137,0.0000168,0.00000258,0.5,0.14,0.028,0.0043,0.0016,286
29013,blend,0.965,0.0188,0.00314,0.00131,0.0000198,0.00000205,0.48,0.12,0.026,0.0035,0.0012,299
29015,blend,1.42,0.0324,0.00274,0.0011,0.0000228,0.00000324,0.51,0.14,0.026,0.0044,0.0016,310
29017,blend,2.05,0.109,0.00916,0.000598,0.0000257,0.00000631,0.47,0.15,0.017,0.0048,0.0017,353
29019,blend,0.0948,0.0146,0.00329,0.000818,0.0000254,0.00000364,0.51,0.14,0.023,0.0046,0.0016,336
29021,blend,1.27,0.0178,0.00346,0.00115,0.0000261,0.00000123,0.45,0.11,0.024,0.0032,0.0011,297
29023,blend,0.311,0.0381,0.00797,0.000678,0.0000269,0.00000727,0.48,0.16,0.018,0.0053,0.002,341
29025,blend,0.71,0.0159,0.00378,0.00101,0.0000265,0.00000195,0.46,0.11,0.023,0.0035,0.0012,309
29027,blend,0.151,0.0148,0.00329,0.000772,0.0000252,0.000004,0.5,0.15,0.021,0.0046,0.0016,338
29029,blend,0.846,0.0162,0.00291,0.00103,0.0000232,0.00000403,0.53,0.17,0.026,0.0051,0.0019,319
29031,blend,0.391,0.0304,0.00604,0.00055,0.0000254,0.00000618,0.56,0.21,0.025,0.0071,0.0024,358
29033,blend,1.2,0.0151,0.00349,0.000964,0.000026,0.00000247,0.47,0.11,0.023,0.0037,0.0013,314
29035,blend,1.81,0.0689,0.00874,0.000768,0.0000264,0.00000679,0.47,0.15,0.018,0.0049,0.0019,327
29037,blend,0.69,0.0195,0.00304,0.00126,0.0000217,0.00000189,0.47,0.11,0.025,0.0033,0.0011,301
29039,blend,0.305,0.0146,0.00344,0.00128,0.0000195,0.00000303,0.47,0.13,0.024,0.0039,0.0015,295
29041,blend,1.74,0.0503,0.00492,0.000855,0.0000263,0.00000286,0.47,0.12,0.022,0.004,0.0014,320
29043,blend,0.319,0.0475,0.00483,0.00121,0.0000213,0.0000048,0.55,0.18,0.029,0.0062,0.0025,299
29045,blend,0.66,0.0286,0.00656,0.000599,0.0000263,0.00000305,0.43,0.11,0.017,0.0035,0.0012,333
29047,blend,0.488,0.0246,0.00289,0.00115,0.0000248,0.00000166,0.47,0.11,0.025,0.0034,0.0012,301
29049,blend,0.579,0.0183,0.00346,0.00109,0.0000261,0.0000016,0.46,0.11,0.024,0.0034,0.0011,303
29051,blend,0.204,0.0166,0.00292,0.000877,0.0000246,0.00000402,0.52,0.16,0.024,0.0048,0.0017,334
29053,blend,0.606,0.0194,0.00289,0.000931,0.0000249,0.00000334,0.49,0.13,0.023,0.0042,0.0015,324
29055,blend,1.06,0.024,0.00381,0.000758,0.0000249,0.00000518,0.52,0.17,0.022,0.0054,0.0019,346
29057,blend,1.01,0.0227,0.00401,0.00132,0.0000188,0.00000332,0.45,0.12,0.022,0.0037,0.0014,288
29059,blend,0.809,0.0154,0.00331,0.00113,0.0000221,0.0000041,0.47,0.14,0.022,0.0042,0.0016,311
29061,blend,0.763,0.0163,0.00467,0.000949,0.0000274,0.00000183,0.44,0.11,0.022,0.0033,0.0012,312
29063,blend,0.889,0.0294,0.00418,0.00103,0.0000271,0.00000149,0.46,0.11,0.024,0.0034,0.0012,305
29065,blend,1.15,0.0533,0.00532,0.000824,0.000025,0.00000555,0.52,0.17,0.022,0.0054,0.002,335
29067,blend,1.15,0.0347,0.005,0.00109,0.0000238,0.00000568,0.47,0.15,0.02,0.0048,0.0019,314
29069,blend,0.161,0.0208,0.00789,0.000626,0.0000278,0.00000816,0.62,0.25,0.031,0.0098,0.0038,338
29071,blend,0.385,0.0222,0.00381,0.000677,0.0000249,0.00000479,0.53,0.18,0.023,0.0054,0.0018,343
29073,blend,0.689,0.0184,0.00321,0.000744,0.0000249,0.00000457,0.53,0.17,0.023,0.0052,0.0018,340
29075,blend,0.974,0.0178,0.00514,0.000973,0.0000281,0.00000138,0.44,0.11,0.022,0.0032,0.0011,312
29077,blend,0.162,0.0249,0.00422,0.00122,0.0000206,0.00000421,0.55,0.18,0.031,0.0062,0.0024,300
29079,blend,0.124,0.015,0.00535,0.000859,0.0000276,0.00000209,0.46,0.11,0.022,0.0037,0.0013,320
29081,blend,0.462,0.0156,0.00583,0.000885,0.0000283,0.00000164,0.44,0.11,0.022,0.0034,0.0012,313
29083,blend,0.985,0.0174,0.00299,0.00119,0.0000219,0.00000262,0.48,0.12,0.025,0.0038,0.0013,309
29085,blend,1.63,0.0169,0.00309,0.00116,0.0000217,0.00000351,0.48,0.13,0.023,0.0041,0.0015,310
29087,blend,2.63,0.0636,0.00438,0.00113,0.0000279,0.000000817,0.45,0.11,0.024,0.0031,0.001,293
29089,blend,0.962,0.0184,0.00335,0.000865,0.0000256,0.00000327,0.49,0.13,0.022,0.0042,0.0015,327
29091,blend,0.327,0.0479,0.00774,0.000973,0.0000256,0.00000657,0.49,0.16,0.019,0.0051,0.002,317
29093,blend,1.16,0.0912,0.00723,0.000689,0.0000253,0.00000581,0.56,0.2,0.025,0.0066,0.0024,343
29095,blend,0.36,0.0346,0.00296,0.0012,0.0000235,0.00000182,0.47,0.11,0.025,0.0034,0.0012,302
29097,blend,0.367,0.0186,0.00519,0.00139,0.0000162,0.00000288,0.51,0.15,0.029,0.0047,0.0018,281
29099,blend,0.299,0.0378,0.00421,0.000616,0.0000248,0.00000509,0.51,0.17,0.02,0.0051,0.0017,349
29101,blend,0.672,0.0157,0.0026,0.00114,0.0000233,0.00000243,0.45,0.11,0.022,0.0033,0.0011,309
29103,blend,0.74,0.02,0.00609,0.000665,0.0000266,0.00000303,0.42,0.1,0.016,0.0034,0.0012,329
29105,blend,0.376,0.0186,0.00349,0.00105,0.0000232,0.00000461,0.44,0.13,0.018,0.0038,0.0014,317
29107,blend,0.922,0.015,0.00272,0.00108,0.0000246,0.00000233,0.47,0.11,0.023,0.0036,0.0012,313
29109,blend,0.732,0.0634,0.0113,0.00131,0.0000185,0.00000372,0.52,0.16,0.028,0.0053,0.0021,282
29111,blend,0.396,0.0155,0.00579,0.000619,0.0000261,0.00000327,0.48,0.13,0.02,0.0043,0.0015,334
29113,blend,0.772,0.0272,0.00388,0.00061,0.000025,0.00000428,0.52,0.16,0.022,0.0052,0.0017,352
29115,blend,0.369,0.0169,0.00486,0.000828,0.000027,0.00000257,0.46,0.11,0.021,0.0038,0.0013,327
29117,blend,0.148,0.015,0.0044,0.000913,0.0000269,0.00000227,0.44,0.1,0.02,0.0034,0.0012,318
29119,blend,0.0136,0.0174,0.00609,0.00139,0.0000157,0.0000035,0.51,0.16,0.028,0.0053,0.0022,275
29121,blend,0.279,0.023,0.00519,0.000756,0.0000267,0.00000297,0.38,0.087,0.015,0.0028,0.00099,330
29123,blend,0.779,0.059,0.0074,0.000633,0.0000255,0.00000607,0.53,0.19,0.022,0.0061,0.0021,346
29125,blend,0.957,0.0177,0.00313,0.00085,0.0000245,0.0000046,0.53,0.17,0.024,0.0052,0.0019,342
29127,blend,0.123,0.0177,0.00535,0.000634,0.0000259,0.0000035,0.42,0.1,0.015,0.0034,0.0012,337
29129,blend,0.0637,0.0174,0.00651,0.000817,0.0000282,0.00000193,0.38,0.091,0.017,0.0028,0.00097,319
29131,blend,0.506,0.0267,0.00289,0.000942,0.0000241,0.00000416,0.52,0.16,0.024,0.005,0.0018,334
29133,blend,0.765,0.0537,0.00632,0.00052,0.0000259,0.00000687,0.57,0.22,0.027,0.008,0.0027,365
29135,blend,0.295,0.0139,0.00284,0.000918,0.0000246,0.00000367,0.51,0.15,0.023,0.0045,0.0016,331
29137,blend,0.767,0.0243,0.00476,0.000711,0.000026,0.00000352,0.45,0.12,0.018,0.0037,0.0013,334
29139,blend,0.826,0.0168,0.00363,0.000689,0.0000252,0.00000417,0.49,0.14,0.019,0.0043,0.0015,343
29141,blend,0.949,0.0196,0.00278,0.00101,0.0000239,0.00000357,0.48,0.13,0.022,0.0041,0.0014,317
29143,blend,0.653,0.0555,0.00698,0.000562,0.0000266,0.00000735,0.59,0.23,0.028,0.0086,0.0031,358
29145,blend,1.34,0.0421,0.00615,0.00139,0.0000158,0.00000319,0.53,0.16,0.03,0.0053,0.0021,277
29147,blend,0.834,0.0222,0.00525,0.00102,0.0000288,0.000000972,0.45,0.12,0.024,0.0033,0.0011,297
29149,blend,1.24,0.122,0.0106,0.000874,0.0000265,0.00000704,0.49,0.16,0.019,0.0053,0.0021,324
29151,blend,0.713,0.0223,0.00307,0.000803,0.0000248,0.00000434,0.52,0.16,0.023,0.005,0.0017,335
29153,blend,1.53,0.0604,0.00589,0.0011,0.0000244,0.00000622,0.49,0.16,0.021,0.0053,0.0022,310
29155,blend,1.16,0.067,0.00796,0.000584,0.0000275,0.000008,0.61,0.24,0.031,0.0096,0.0036,348
29157,blend,0.677,0.0684,0.00813,0.000586,0.0000251,0.00000577,0.49,0.16,0.018,0.0051,0.0016,360
29159,blend,0.49,0.0174,0.0029,0.00104,0.0000241,0.00000297,0.47,0.12,0.022,0.0037,0.0013,316
29161,blend,0.343,0.0271,0.00414,0.000858,0.0000246,0.00000503,0.5,0.16,0.021,0.0048,0.0018,337
29163,blend,0.552,0.0198,0.00426,0.000613,0.0000253,0.00000401,0.52,0.15,0.021,0.005,0.0017,351
29165,blend,0.627,0.0178,0.00297,0.0012,0.0000248,0.00000133,0.46,0.1,0.024,0.0031,0.001,296
29167,blend,0.671,0.0237,0.00489,0.0012,0.0000208,0.00000373,0.52,0.16,0.027,0.005,0.0019,302
29169,blend,0.266,0.022,0.00343,0.000949,0.000024,0.00000477,0.46,0.14,0.019,0.0041,0.0015,333
29171,blend,0.314,0.0192,0.00711,0.000739,0.0000278,0.00000229,0.34,0.075,0.013,0.0023,0.00082,325
29173,blend,0.703,0.0253,0.00481,0.000639,0.0000257,0.00000372,0.49,0.14,0.02,0.0045,0.0015,344
29175,blend,0.54,0.0171,0.00402,0.000789,0.0000261,0.00000325,0.49,0.13,0.022,0.0044,0.0015,325
29177,blend,0.921,0.02,0.00299,0.00108,0.0000253,0.00000207,0.47,0.11,0.024,0.0035,0.0012,308
29179,blend,2.08,0.119,0.0133,0.000762,0.0000256,0.00000611,0.54,0.19,0.024,0.0063,0.0023,342
29181,blend,1.15,0.0758,0.0113,0.000767,0.0000269,0.00000731,0.49,0.16,0.019,0.0054,0.0021,329
29183,blend,0.19,0.0177,0.00368,0.000596,0.0000248,0.00000458,0.53,0.17,0.022,0.0055,0.0018,348
29185,blend,1.1,0.0408,0.00436,0.00123,0.0000207,0.00000287,0.5,0.13,0.026,0.0041,0.0015,302
29186,blend,0.789,0.0345,0.00567,0.000589,0.000025,0.00000556,0.51,0.17,0.02,0.0054,0.0018,356
29187,blend,0.391,0.0295,0.00465,0.000632,0.0000251,0.00000561,0.55,0.2,0.024,0.0063,0.0021,352
29189,blend,0.127,0.0319,0.00442,0.000584,0.0000248,0.00000475,0.44,0.13,0.015,0.0038,0.0012,357
29195,blend,0.305,0.0163,0.00328,0.000961,0.0000254,0.00000286,0.46,0.11,0.021,0.0036,0.0012,318
29197,blend,1.38,0.0261,0.00702,0.000678,0.0000273,0.0000026,0.41,0.099,0.017,0.0032,0.0011,333
29199,blend,1.3,0.0211,0.00687,0.000638,0.0000268,0.00000282,0.43,0.11,0.017,0.0035,0.0012,328
29201,blend,0.358,0.0286,0.00632,0.000547,0.0000258,0.00000664,0.53,0.19,0.022,0.0064,0.0022,361
29203,blend,1.66,0.0859,0.0073,0.00084,0.0000257,0.00000627,0.53,0.18,0.022,0.0059,0.0023,329
29205,blend,0.69,0.0262,0.00533,0.000694,0.0000264,0.00000328,0.36,0.081,0.013,0.0026,0.0009,333
29207,blend,0.535,0.0681,0.00823,0.000596,0.0000264,0.00000701,0.59,0.23,0.028,0.0082,0.003,352
29209,blend,1.07,0.0204,0.00458,0.00126,0.0000202,0.00000473,0.55,0.19,0.03,0.0065,0.0027,290
29211,blend,0.429,0.0171,0.00599,0.000781,0.0000276,0.00000238,0.42,0.1,0.018,0.0033,0.0011,324
29213,blend,0.586,0.0368,0.00552,0.00119,0.0000221,0.00000546,0.58,0.21,0.032,0.0074,0.003,294
29215,blend,0.97,0.0198,0.00441,0.000945,0.0000247,0.00000564,0.53,0.18,0.023,0.0057,0.0022,325
29217,blend,1.35,0.0192,0.0035,0.00135,0.000018,0.00000229,0.49,0.13,0.027,0.0039,0.0014,292
29219,blend,1.16,0.0291,0.00348,0.000659,0.000025,0.00000444,0.53,0.17,0.022,0.0052,0.0017,345
29221,blend,1.16,0.0483,0.00486,0.000687,0.000025,0.00000535,0.55,0.19,0.024,0.0061,0.0021,348
29223,blend,2.4,0.109,0.00903,0.000672,0.0000262,0.00000662,0.46,0.15,0.017,0.0047,0.0017,336
29225,blend,0.337,0.0409,0.00583,0.00113,0.0000223,0.00000477,0.56,0.19,0.029,0.0063,0.0025,305
29227,blend,3.34,0.0174,0.00607,0.000927,0.0000289,0.00000126,0.39,0.098,0.019,0.0028,0.00093,307
29229,blend,0.651,0.0209,0.00448,0.00109,0.0000235,0.00000524,0.51,0.17,0.023,0.0053,0.0021,316
29510,blend,0.696,0.0955,0.0087,0.00061,0.0000246,0.00000479,0.53,0.17,0.021,0.0055,0.0017,360
30001,blend,0.977,0.0119,0.00228,0.000476,0.00000422,0.000000243,0.41,0.11,0.012,0.00013,0.000016,84
30003,blend,0.0992,0.00489,0.000693,0.000154,0.00000443,0.0000000924,0.38,0.1,0.02,0.0021,0.00032,63
30005,blend,1.97,0.0109,0.00192,0.000526,0.0000000559,0.0000000251,0.34,0.12,0.017,0.00014,0.000057,43
30007,blend,0.945,0.0153,0.00283,0.000531,0.000000135,0,0.4,0.11,0.012,0.000023,0,63
30009,blend,1.05,0.00703,0.000317,0.000143,0.00000321,0.00000000805,0.36,0.081,0.017,0.001,0.000032,66
30011,blend,0,0.0104,0.00259,0.000239,0.0000226,0.000000986,0.33,0.094,0.015,0.0031,0.00073,86
30013,blend,0.954,0.0245,0.00409,0.000699,0,0,0.41,0.13,0.013,0,0,54
30015,blend,3.14,0.0244,0.00297,0.000699,0.000000000209,0,0.38,0.13,0.014,0.00000067,0,46
30017,blend,0.538,0.00624,0.00145,0.000253,0.0000083,0.000000655,0.46,0.16,0.029,0.0046,0.0011,74
30019,blend,0.857,0.00862,0.00236,0.000387,0.00000196,0.000000624,0.26,0.11,0.022,0.0024,0.00084,46
30021,blend,0.279,0.00431,0.00158,0.000353,0.00000677,0.000000973,0.39,0.15,0.031,0.005,0.0014,69
30023,blend,1.1,0.0255,0.00598,0.000642,0.00000635,0.000000459,0.46,0.16,0.012,0.00013,0.000029,83
30025,blend,0.299,0.00802,0.00214,0.000324,0.0000217,0.00000126,0.42,0.14,0.027,0.0052,0.0013,83
30027,blend,1.02,0.00906,0.00115,0.000442,0.000000226,0.0000000176,0.37,0.12,0.016,0.00024,0.000043,57
30029,blend,0.731,0.062,0.0111,0.000808,0.0000063,0.000000393,0.64,0.32,0.021,0.00024,0.000052,51
30031,blend,0.228,0.00989,0.00132,0.000364,0.000000944,0,0.38,0.082,0.012,0.00019,0,75
30033,blend,0,0.00651,0.00121,0.000251,0.00000162,0.000000297,0.065,0.018,0.003,0.00026,0.000077,60
30035,blend,0,0.0416,0.00918,0.00088,0,0,0.29,0.092,0.0056,0,0,46
30037,blend,5.3,0.0249,0.00127,0.000312,0.00000143,0.0000000159,0.35,0.097,0.015,0.00047,0.000042,64
30039,blend,2.28,0.0428,0.0081,0.00071,0.00000889,0.000000749,0.48,0.18,0.012,0.0002,0.00005,81
30041,blend,1.39,0.0181,0.00301,0.000751,0,0,0.36,0.13,0.015,0,0,42
30043,blend,0.984,0.0615,0.00339,0.000533,0.000000109,0,0.42,0.12,0.011,0.000015,0,72
30045,blend,2.94,0.0675,0.00244,0.000544,0.0000000648,0,0.38,0.11,0.013,0.000044,0,55
30047,blend,0.273,0.0355,0.00987,0.000814,0.0000106,0.000000935,0.64,0.31,0.021,0.00045,0.00012,61
30049,blend,0.899,0.0311,0.00585,0.000703,0.000000199,0,0.45,0.15,0.012,0.0000024,0,63
30051,blend,3.12,0.0412,0.00861,0.000873,0,0,0.38,0.13,0.013,0,0,39
30053,blend,1.22,0.0931,0.0185,0.000849,0.0000163,0.00000171,0.67,0.35,0.023,0.0011,0.00032,49
30055,blend,0,0.0054,0.00176,0.000332,0.00000209,0.000000566,0.21,0.073,0.013,0.0016,0.0005,60
30057,blend,1.95,0.0156,0.00199,0.000395,0.000000612,0,0.38,0.084,0.011,0.00012,0,81
30059,blend,6.2,0.0653,0.00268,0.000526,0.000000158,0,0.39,0.11,0.012,0.000032,0,60
30061,blend,2.63,0.189,0.014,0.000911,0.0000252,0.00000275,0.55,0.25,0.016,0.0011,0.0003,66
30063,blend,0.612,0.0774,0.0139,0.000798,0.0000119,0.00000111,0.53,0.23,0.014,0.00034,0.000093,70
30065,blend,0.871,0.0303,0.00103,0.000257,0.00000188,0.0000000658,0.34,0.1,0.017,0.00082,0.00016,65
30067,blend,0.756,0.0158,0.000965,0.000299,0.00000151,0,0.45,0.11,0.018,0.00048,0,69
30069,region_only,0.672,0.00805,0.000959,0.000312,0.00000086,0.000000102,0,0,0,0,0,61
30071,blend,3.13,0.0107,0.00281,0.000386,0.000000349,0.000000143,0.33,0.12,0.019,0.00072,0.00029,48
30073,blend,1.88,0.0345,0.00609,0.000862,0,0,0.44,0.16,0.013,0,0,48
30075,blend,0.263,0.0114,0.00178,0.000175,0.0000109,0.000000504,0.4,0.12,0.02,0.0034,0.00074,75
30077,blend,0.878,0.0707,0.00725,0.000696,0.00000319,0.000000104,0.46,0.17,0.012,0.000047,0.0000061,69
30079,blend,1.78,0.00658,0.00148,0.000301,0.00000542,0.000000707,0.33,0.11,0.02,0.0029,0.00079,68
30081,blend,0.486,0.0375,0.00764,0.000784,0.0000185,0.0000019,0.51,0.21,0.014,0.0006,0.00016,84
30083,blend,0.278,0.00514,0.00202,0.000386,0.0000054,0.00000104,0.35,0.15,0.032,0.005,0.0015,62
30085,blend,0.257,0.00414,0.0019,0.000387,0.00000257,0.000000758,0.34,0.15,0.032,0.0044,0.0014,53
30087,blend,0.785,0.00987,0.000804,0.000195,0.00000433,0.000000265,0.43,0.14,0.025,0.003,0.00069,69
30089,blend,1.51,0.0926,0.02,0.000888,0.0000211,0.00000228,0.61,0.29,0.019,0.0011,0.00031,61
30091,blend,0.458,0.00574,0.00194,0.000419,0.00000282,0.000000844,0.3,0.14,0.03,0.0043,0.0014,51
30093,blend,0.523,0.02,0.00402,0.000552,0.00000236,0.0000000621,0.43,0.13,0.011,0.00004,0.0000036,78
30095,blend,0.523,0.00491,0.000454,0.000226,0.00000235,0.00000000406,0.34,0.079,0.014,0.0006,0.000012,66
30097,blend,1.49,0.0181,0.000779,0.000301,0.0000016,0,0.35,0.083,0.013,0.00038,0,64
30099,blend,2.58,0.042,0.00604,0.000804,0,0,0.44,0.16,0.012,0,0,51
30101,blend,0,0.0394,0.006,0.00094,0,0,0.18,0.049,0.004,0,0,43
30103,blend,0,0.00589,0.000716,0.00018,0.00000369,0.000000184,0.14,0.035,0.0059,0.00057,0.00012,66
30105,blend,2,0.0121,0.00351,0.000299,0.00000114,0.000000383,0.32,0.13,0.023,0.0019,0.00068,51
30107,blend,3.07,0.049,0.00501,0.000403,0.000000741,0.000000000277,0.37,0.1,0.014,0.00022,0.00000079,59
30109,blend,0.842,0.043,0.00213,0.000378,0.0000174,0.00000136,0.3,0.1,0.02,0.0037,0.001,76
30111,blend,0.421,0.00501,0.000488,0.000176,0.0000031,0.0000000612,0.34,0.09,0.017,0.0011,0.00016,72
31001,region_only,0.424,0.0283,0.00709,0.00117,0.0000269,0.000000466,0,0,0,0,0,221
31003,blend,0.163,0.0253,0.00811,0.000774,0.0000408,0.000000763,0.15,0.047,0.0087,0.0015,0.00034,222
31005,region_only,0.294,0.0144,0.00111,0.000164,0.0000238,0.000000528,0,0,0,0,0,128
31007,region_only,0.285,0.0186,0.00215,0.0000594,0.0000132,0.000000226,0,0,0,0,0,94
31009,region_only,0.305,0.0198,0.00567,0.000425,0.0000323,0.000000722,0,0,0,0,0,168
31011,region_only,0.387,0.0309,0.00896,0.000874,0.0000378,0.00000069,0,0,0,0,0,221
31013,blend,0,0.0155,0.00175,0.0000974,0.0000209,0.000000468,0.12,0.024,0.0062,0.0013,0.00021,96
31015,blend,0.723,0.0201,0.00614,0.000625,0.0000423,0.000000894,0.19,0.06,0.013,0.0025,0.00057,193
31017,blend,0.271,0.0154,0.00485,0.000394,0.0000355,0.000000826,0.21,0.064,0.017,0.0032,0.00069,165
31019,blend,0.143,0.0211,0.00734,0.000942,0.0000275,0.0000005,0.28,0.099,0.017,0.0023,0.00044,196
31021,blend,0.219,0.0444,0.00802,0.000906,0.0000381,0.000000645,0.27,0.085,0.015,0.0025,0.00066,270
31023,blend,0,0.0264,0.00765,0.00106,0.0000359,0.000000619,0.14,0.038,0.0067,0.00096,0.00024,252
31025,blend,0.765,0.0399,0.00848,0.00108,0.0000331,0.000000557,0.3,0.08,0.015,0.0021,0.00059,278
31027,blend,0.0259,0.0224,0.0074,0.00082,0.0000432,0.000000778,0.19,0.062,0.012,0.0021,0.0005,234
31029,region_only,0.275,0.0152,0.00147,0.000435,0.0000164,0.000000288,0,0,0,0,0,138
31031,blend,0.173,0.0143,0.00252,0.000223,0.0000333,0.000000859,0.16,0.041,0.013,0.0027,0.00056,132
31033,region_only,0.276,0.0178,0.00198,0.0000723,0.0000153,0.000000273,0,0,0,0,0,110
31035,region_only,0.435,0.0288,0.00671,0.00122,0.0000286,0.000000491,0,0,0,0,0,229
31037,blend,0.0596,0.0249,0.00855,0.00106,0.0000381,0.000000661,0.26,0.081,0.015,0.0023,0.00058,249
31039,region_only,0.395,0.0299,0.00878,0.000922,0.0000397,0.000000683,0,0,0,0,0,262
31041,region_only,0.333,0.0245,0.00721,0.000625,0.0000292,0.000000593,0,0,0,0,0,175
31043,blend,0.151,0.0205,0.00764,0.000847,0.0000408,0.000000702,0.27,0.087,0.017,0.0029,0.00072,261
31045,blend,0.542,0.0116,0.00176,0.000114,0.0000236,0.00000058,0.35,0.093,0.02,0.0046,0.00083,96
31047,blend,0.0552,0.0173,0.00591,0.000771,0.0000244,0.000000469,0.27,0.093,0.017,0.0023,0.00042,176
31049,blend,0.339,0.0123,0.0016,0.000142,0.0000178,0.000000342,0.26,0.055,0.016,0.0027,0.00038,117
31051,blend,0.438,0.0235,0.00781,0.000846,0.0000421,0.000000735,0.16,0.049,0.009,0.0016,0.00039,252
31053,blend,0.106,0.0296,0.00928,0.00102,0.0000376,0.000000642,0.27,0.081,0.015,0.0023,0.0006,263
31055,blend,0.391,0.0435,0.00944,0.000999,0.0000351,0.00000059,0.28,0.078,0.014,0.0021,0.00058,277
31057,region_only,0.273,0.0152,0.00157,0.000567,0.0000143,0.000000223,0,0,0,0,0,142
31059,blend,0.116,0.029,0.00579,0.00123,0.0000298,0.00000051,0.29,0.083,0.015,0.0019,0.00045,237
31061,region_only,0.415,0.025,0.00585,0.00122,0.0000222,0.000000375,0,0,0,0,0,200
31063,region_only,0.363,0.0161,0.0028,0.000762,0.0000198,0.000000374,0,0,0,0,0,162
31065,blend,0.112,0.0158,0.00405,0.00101,0.0000186,0.000000322,0.22,0.071,0.012,0.0012,0.00019,172
31067,blend,0.607,0.0247,0.00531,0.00131,0.0000292,0.000000495,0.18,0.039,0.0076,0.00088,0.00024,261
31069,blend,0.918,0.0123,0.00145,0.000104,0.0000215,0.000000463,0.25,0.053,0.017,0.0033,0.00054,115
31071,region_only,0.349,0.0287,0.00845,0.000671,0.0000364,0.000000719,0,0,0,0,0,194
31073,region_only,0.393,0.0228,0.00567,0.000919,0.0000215,0.000000391,0,0,0,0,0,179
31075,region_only,0.303,0.014,0.00121,0.000144,0.0000262,0.000000609,0,0,0,0,0,123
31077,region_only,0.376,0.0308,0.00902,0.000836,0.0000355,0.000000661,0,0,0,0,0,211
31079,blend,0,0.026,0.00789,0.00105,0.0000299,0.00000053,0.14,0.043,0.007,0.00092,0.0002,216
31081,blend,0.429,0.022,0.00713,0.0011,0.0000315,0.000000551,0.27,0.088,0.015,0.0021,0.00047,229
31083,blend,0.589,0.0177,0.00499,0.00112,0.0000203,0.000000346,0.25,0.081,0.013,0.0014,0.00023,183
31085,region_only,0.305,0.0137,0.00121,0.000596,0.0000183,0.00000034,0,0,0,0,0,147
31087,region_only,0.305,0.014,0.00135,0.000741,0.0000158,0.000000266,0,0,0,0,0,148
31089,blend,0.161,0.0204,0.00695,0.000619,0.0000403,0.000000821,0.25,0.085,0.018,0.0033,0.00073,196
31091,region_only,0.307,0.0118,0.00162,0.000204,0.0000283,0.000000676,0,0,0,0,0,141
31093,blend,0,0.0271,0.00855,0.000936,0.0000328,0.000000596,0.13,0.04,0.0067,0.00097,0.00021,213
31095,blend,1.01,0.0262,0.00487,0.00135,0.000028,0.000000473,0.18,0.041,0.0078,0.00087,0.00023,247
31097,blend,0.985,0.0213,0.00517,0.00122,0.0000302,0.00000051,0.31,0.074,0.015,0.0018,0.00053,270
31099,region_only,0.411,0.0276,0.00713,0.00111,0.0000251,0.000000438,0,0,0,0,0,202
31101,blend,0.121,0.0109,0.00111,0.000238,0.0000212,0.000000439,0.25,0.059,0.017,0.0029,0.00047,134
31103,blend,0,0.0171,0.00452,0.000452,0.0000393,0.000000943,0.12,0.034,0.0083,0.0017,0.00038,169
31105,region_only,0.278,0.0184,0.00218,0.0000526,0.0000117,0.000000178,0,0,0,0,0,102
31107,blend,0.156,0.0216,0.00712,0.000754,0.0000432,0.000000817,0.22,0.074,0.014,0.0027,0.00061,219
31109,blend,0.0232,0.0267,0.00647,0.00117,0.000033,0.000000559,0.17,0.042,0.0077,0.001,0.00027,261
31111,blend,0,0.00982,0.00152,0.000472,0.0000228,0.000000477,0.24,0.067,0.015,0.0024,0.00041,154
31113,region_only,0.307,0.0145,0.0035,0.000402,0.0000277,0.000000615,0,0,0,0,0,157
31115,region_only,0.327,0.0253,0.00743,0.000546,0.000034,0.000000713,0,0,0,0,0,184
31117,region_only,0.304,0.0119,0.00126,0.000236,0.0000263,0.000000604,0,0,0,0,0,141
31119,blend,0.0731,0.0224,0.00801,0.000868,0.0000399,0.000000716,0.27,0.092,0.017,0.0028,0.00067,234
31121,region_only,0.417,0.031,0.00857,0.00102,0.000034,0.000000602,0,0,0,0,0,232
31123,blend,0.0974,0.0138,0.00178,0.0000833,0.0000185,0.000000379,0.22,0.044,0.013,0.0025,0.00038,102
31125,region_only,0.405,0.0311,0.00885,0.000962,0.0000359,0.000000641,0,0,0,0,0,228
31127,blend,0.382,0.0203,0.00521,0.00117,0.0000298,0.000000523,0.3,0.068,0.014,0.0017,0.00051,278
31129,region_only,0.434,0.0269,0.00555,0.00133,0.0000256,0.000000431,0,0,0,0,0,225
31131,blend,0.163,0.0233,0.0058,0.00115,0.0000316,0.000000531,0.29,0.072,0.014,0.0018,0.00053,277
31133,blend,1.33,0.0313,0.00632,0.00128,0.0000285,0.000000482,0.31,0.07,0.014,0.0017,0.0005,274
31135,blend,0.128,0.0113,0.00123,0.000336,0.0000189,0.000000363,0.24,0.057,0.014,0.0022,0.00033,133
31137,region_only,0.399,0.026,0.0067,0.00101,0.0000232,0.000000413,0,0,0,0,0,189
31139,blend,0.203,0.025,0.00804,0.000818,0.0000419,0.000000762,0.15,0.047,0.0085,0.0015,0.00035,231
31141,region_only,0.404,0.0308,0.00873,0.000964,0.000038,0.000000669,0,0,0,0,0,236
31143,region_only,0.422,0.0308,0.00816,0.00106,0.0000352,0.000000613,0,0,0,0,0,243
31145,blend,0.0843,0.0109,0.00199,0.000876,0.0000169,0.000000295,0.3,0.097,0.017,0.0019,0.00027,159
31147,blend,0.422,0.0192,0.00457,0.00121,0.0000282,0.000000565,0.31,0.069,0.014,0.0017,0.00053,283
31149,blend,0.235,0.0195,0.00626,0.000498,0.0000376,0.000000823,0.18,0.059,0.013,0.0026,0.00055,181
31151,blend,0.918,0.0536,0.00683,0.00125,0.0000307,0.000000522,0.18,0.042,0.0078,0.00095,0.00025,253
31153,blend,0.527,0.048,0.00863,0.00103,0.0000341,0.000000573,0.28,0.076,0.014,0.002,0.00057,277
31155,blend,0.896,0.0818,0.0136,0.00111,0.0000357,0.000000607,0.28,0.079,0.015,0.0021,0.00057,264
31157,blend,0.128,0.0129,0.00195,0.0000668,0.0000148,0.000000282,0.31,0.066,0.017,0.0034,0.00045,90
31159,blend,0.737,0.0669,0.0119,0.00118,0.0000334,0.000000572,0.27,0.076,0.014,0.0019,0.00049,251
31161,blend,0.559,0.0125,0.00172,0.000134,0.0000275,0.000000682,0.3,0.079,0.021,0.0045,0.00086,107
31163,blend,0.244,0.0254,0.0083,0.000849,0.000031,0.000000579,0.15,0.051,0.0087,0.0013,0.00026,200
31165,blend,5.96,0.0248,0.00227,0.0000859,0.0000178,0.000000393,0.2,0.043,0.0095,0.002,0.00032,81
31167,region_only,0.392,0.0302,0.0088,0.000916,0.0000401,0.000000702,0,0,0,0,0,247
31169,blend,2.47,0.063,0.00622,0.00144,0.0000269,0.000000454,0.18,0.044,0.0079,0.00087,0.00021,230
31171,region_only,0.296,0.013,0.00309,0.000317,0.0000298,0.000000693,0,0,0,0,0,154
31173,blend,0.123,0.0229,0.00816,0.000874,0.0000399,0.000000683,0.21,0.065,0.012,0.002,0.0005,265
31175,region_only,0.358,0.0295,0.00875,0.000749,0.0000337,0.00000065,0,0,0,0,0,199
31177,blend,2.29,0.059,0.0107,0.00113,0.0000364,0.000000613,0.27,0.079,0.014,0.0022,0.0006,273
31179,region_only,0.381,0.0294,0.00862,0.00087,0.0000416,0.000000732,0,0,0,0,0,254
31181,region_only,0.426,0.0261,0.00582,0.00129,0.000024,0.000000405,0,0,0,0,0,214
31183,region_only,0.365,0.0299,0.00875,0.000752,0.0000381,0.000000725,0,0,0,0,0,210
31185,blend,0.206,0.0233,0.00681,0.00113,0.0000326,0.000000564,0.29,0.088,0.016,0.0021,0.00052,238
32001,blend,0.577,0.0154,0.00617,0.000336,0.0000125,0.000000423,0.76,0.48,0.094,0.017,0.00021,52
32003,blend,0.0659,0.0037,0.000384,0.000136,0.00000886,0,0.54,0.18,0.068,0.013,0,29
32005,blend,1.4,0.0601,0.00615,0.000315,0.0000115,0.000000257,0.79,0.52,0.11,0.02,0.00017,59
32007,blend,1.03,0.00633,0.00226,0.000297,0.0000107,0.00000058,0.36,0.12,0.045,0.0061,0.00012,55
32009,blend,3.49,0.00719,0.00247,0.000212,0.00000667,0,0.76,0.48,0.095,0.017,0,50
32011,blend,0.448,0.0102,0.00299,0.000481,0.00000725,0.000000129,0.48,0.22,0.063,0.0098,0.000042,47
32013,blend,1.47,0.016,0.00585,0.000714,0.0000426,0.0000035,0.55,0.26,0.075,0.014,0.00097,50
32015,blend,2.19,0.027,0.00501,0.0004,0.0000104,0.000000327,0.64,0.36,0.078,0.013,0.00013,45
32017,blend,0,0.0028,0.000227,0.000172,0.00000706,0,0.079,0.017,0.0059,0.00097,0,30
32019,blend,0.74,0.0187,0.00505,0.000314,0.0000113,0.000000261,0.79,0.51,0.11,0.019,0.00016,58
32021,blend,2.12,0.0513,0.00708,0.000255,0.00000741,0.00000000379,0.78,0.51,0.1,0.018,0.0000027,60
32023,blend,0.285,0.00299,0.00124,0.000198,0.00000642,0,0.71,0.41,0.084,0.015,0,39
32027,blend,1.26,0.0185,0.00544,0.000502,0.0000259,0.00000166,0.72,0.43,0.088,0.016,0.00062,52
32029,blend,0.186,0.0177,0.00438,0.000383,0.0000166,0.00000069,0.78,0.5,0.1,0.019,0.00036,60
32031,blend,0.517,0.023,0.00709,0.000658,0.0000395,0.00000293,0.76,0.47,0.097,0.019,0.0011,58
32033,blend,0,0.00802,0.00279,0.000221,0.00000377,0,0.066,0.017,0.0062,0.00088,0,47
32510,blend,0.44,0.0256,0.00542,0.00035,0.0000142,0.000000468,0.79,0.52,0.11,0.02,0.00028,59
33001,blend,1.02,0.129,0.00871,0.000115,0.000000455,0,0.77,0.34,0.018,0.0016,0,117
33003,blend,1.74,0.154,0.0112,0.000102,0.00000105,0,0.78,0.36,0.019,0.0017,0,99
33005,blend,0.762,0.107,0.00274,0.0000676,0.000000355,0,0.77,0.3,0.015,0.0012,0,143
33007,blend,0.957,0.0623,0.00991,0.0000877,0.00000061,0,0.78,0.39,0.021,0.0019,0,88
33009,blend,0.773,0.0674,0.00498,0.0000759,0.000000474,0,0.78,0.35,0.018,0.0016,0,115
33011,blend,0.347,0.0762,0.00317,0.000068,0.000000381,0,0.77,0.3,0.016,0.0013,0,132
33013,blend,0.459,0.0723,0.00432,0.000071,0.000000418,0,0.77,0.33,0.017,0.0014,0,126
33015,blend,0.57,0.0759,0.00438,0.0000706,0.000000422,0,0.77,0.32,0.018,0.0015,0,116
33017,blend,0.404,0.0815,0.00439,0.0000737,0.000000456,0,0.77,0.34,0.018,0.0016,0,112
33019,blend,1.56,0.107,0.00347,0.0000703,0.000000394,0,0.78,0.32,0.016,0.0013,0,137
34001,blend,0.177,0.0172,0.00237,0.000105,0.000000661,0,0.68,0.2,0.017,0.00098,0,238
34003,blend,0.084,0.0123,0.00264,0.0000802,0.000000265,0,0.74,0.24,0.014,0.00066,0,209
34005,blend,0.32,0.041,0.00318,0.000101,0.000000588,0,0.7,0.21,0.017,0.00092,0,244
34007,blend,0.235,0.0378,0.00358,0.000109,0.00000074,0,0.69,0.21,0.018,0.0011,0,252
34009,blend,0.855,0.0405,0.00208,0.000115,0.000000858,0,0.65,0.19,0.018,0.0012,0,241
34011,blend,0.233,0.0196,0.00214,0.00012,0.000000954,0,0.67,0.2,0.019,0.0013,0,253
34013,blend,0.0785,0.0118,0.0026,0.000084,0.000000308,0,0.74,0.23,0.014,0.00068,0,214
34015,blend,0.257,0.0429,0.00555,0.000115,0.000000856,0,0.69,0.21,0.018,0.0012,0,262
34017,blend,0.0917,0.00738,0.00227,0.0000819,0.000000286,0,0.74,0.23,0.014,0.00067,0,212
34019,blend,1.32,0.0982,0.00852,0.0000989,0.00000053,0,0.71,0.22,0.016,0.00083,0,240
34021,blend,0.178,0.0173,0.00228,0.0000974,0.000000517,0,0.71,0.22,0.016,0.00086,0,240
34023,blend,0.141,0.00944,0.00228,0.0000898,0.000000393,0,0.72,0.23,0.015,0.00075,0,226
34025,blend,0.379,0.0247,0.00228,0.0000866,0.00000035,0,0.71,0.21,0.014,0.00066,0,217
34027,blend,0.794,0.0669,0.00637,0.0000884,0.00000036,0,0.74,0.23,0.015,0.00072,0,226
34029,blend,0.457,0.0153,0.00221,0.0000921,0.00000044,0,0.7,0.21,0.016,0.00078,0,227
34031,blend,0.258,0.0147,0.00252,0.0000828,0.000000288,0,0.74,0.24,0.014,0.00067,0,218
34033,blend,0.659,0.0485,0.0033,0.000123,0.00000102,0,0.68,0.21,0.019,0.0013,0,264
34035,blend,0.251,0.025,0.00328,0.0000927,0.000000432,0,0.73,0.23,0.016,0.00078,0,233
34037,blend,1.91,0.163,0.0121,0.0000883,0.000000347,0,0.74,0.24,0.015,0.0007,0,229
34039,blend,0.162,0.0159,0.00288,0.000086,0.000000336,0,0.73,0.23,0.015,0.0007,0,223
34041,blend,1.25,0.0789,0.0096,0.0000977,0.000000495,0,0.72,0.22,0.015,0.00078,0,238
35001,blend,0.14,0.005,0.000249,0.0000358,0.00000655,0.00000128,0.44,0.12,0.04,0.019,0.011,62
35003,blend,1.28,0.0296,0.00229,0.0000417,0.00000958,0.00000129,0.3,0.091,0.04,0.024,0.015,41
35005,blend,0.287,0.00424,0.000461,0.000375,0.0000143,0.0000028,0.54,0.23,0.059,0.026,0.013,89
35006,blend,0.352,0.00629,0.000555,0.0000309,0.00000638,0.000000999,0.15,0.031,0.0087,0.0047,0.0028,49
35007,region_only,0.356,0.011,0.000946,0.000426,0.00000584,0.000000541,0,0,0,0,0,116
35009,blend,0.335,0.014,0.000991,0.000986,0.00000933,0.00000133,0.49,0.17,0.048,0.015,0.0068,119
35011,blend,0.355,0.0108,0.001,0.000565,0.000011,0.00000185,0.42,0.14,0.04,0.015,0.0074,100
35013,blend,0.616,0.00389,0.000199,0.0000502,0.0000124,0.00000284,0.48,0.26,0.081,0.047,0.028,40
35015,blend,0.763,0.00473,0.000487,0.000247,0.0000171,0.00000378,0.62,0.3,0.065,0.031,0.017,80
35017,blend,1.26,0.0045,0.000605,0.000214,0.0000119,0.00000176,0.28,0.1,0.069,0.043,0.027,31
35019,blend,1.1,0.0141,0.000832,0.000411,0.00000962,0.00000158,0.41,0.11,0.039,0.015,0.0071,92
35021,region_only,0.453,0.0136,0.000872,0.000851,0.00000738,0.000000824,0,0,0,0,0,117
35023,blend,0.697,0.00281,0.000318,0.0000465,0.0000137,0.00000185,0.21,0.073,0.075,0.047,0.031,22
35025,blend,0.253,0.00869,0.000691,0.000575,0.000014,0.00000299,0.61,0.27,0.058,0.025,0.013,105
35027,blend,1.42,0.0126,0.000435,0.000115,0.000012,0.00000243,0.49,0.19,0.058,0.027,0.015,71
35028,blend,0,0.0063,0.000273,0.0000387,0.00000568,0.00000089,0.16,0.029,0.0088,0.0034,0.0017,73
35029,blend,0.37,0.00159,0.000222,0.0000442,0.0000118,0.00000238,0.34,0.17,0.082,0.05,0.031,31
35031,blend,0.141,0.0051,0.000392,0.0000281,0.00000506,0.000000646,0.26,0.057,0.014,0.0069,0.0041,53
35033,blend,0,0.00781,0.00035,0.000356,0.00000695,0.000000889,0.16,0.03,0.0095,0.0029,0.0013,98
35035,blend,0.724,0.00247,0.000243,0.0000682,0.0000151,0.00000335,0.56,0.29,0.073,0.039,0.022,59
35037,blend,0.477,0.00928,0.00122,0.000956,0.00000857,0.00000112,0.48,0.16,0.045,0.013,0.0058,113
35039,blend,2.22,0.0254,0.00104,0.0000248,0.00000426,0.000000526,0.3,0.063,0.016,0.0058,0.0028,72
35041,blend,0.0941,0.00644,0.00085,0.000853,0.0000108,0.00000179,0.52,0.19,0.052,0.018,0.0087,112
35043,blend,0.438,0.0091,0.000275,0.0000281,0.00000516,0.000000894,0.43,0.11,0.032,0.014,0.0077,65
35045,blend,0.6,0.00677,0.000365,0.0000205,0.0000032,0.000000305,0.26,0.049,0.0098,0.0039,0.0021,61
35047,blend,0.69,0.00606,0.000334,0.000408,0.00000808,0.00000118,0.45,0.13,0.043,0.014,0.0068,91
35049,blend,0.63,0.0098,0.000225,0.0000655,0.00000673,0.00000113,0.44,0.11,0.038,0.016,0.0079,76
35051,blend,0.0082,0.00227,0.000212,0.0000436,0.0000102,0.00000225,0.33,0.13,0.049,0.028,0.017,41
35053,blend,0.0326,0.00304,0.000224,0.0000396,0.00000832,0.00000184,0.36,0.11,0.043,0.023,0.013,49
35055,blend,0,0.00822,0.00076,0.000104,0.00000522,0.000000572,0.14,0.026,0.0074,0.0022,0.00094,94
35057,blend,2.6,0.0212,0.00111,0.0000705,0.00000898,0.00000176,0.4,0.11,0.04,0.018,0.0098,71
35059,blend,1.57,0.00829,0.00099,0.000933,0.00000609,0.000000477,0.43,0.13,0.034,0.007,0.0024,127
35061,blend,0.569,0.00583,0.000243,0.000036,0.00000696,0.00000145,0.44,0.12,0.044,0.022,0.012,59
36001,blend,0.422,0.0435,0.00303,0.0000722,0.000000253,0,0.77,0.28,0.013,0.0008,0,182
36003,blend,0.877,0.0673,0.00478,0.000183,0.0000113,0.0000000393,0.75,0.24,0.021,0.0031,0.000091,225
36005,blend,0.00851,0.00793,0.00225,0.0000781,0.000000249,0,0.74,0.24,0.014,0.00065,0,199
36007,blend,0.453,0.0462,0.00354,0.0001,0.00000133,0,0.76,0.25,0.015,0.00094,0,220
36009,blend,0.755,0.0608,0.00499,0.000216,0.0000157,0.0000000843,0.75,0.25,0.023,0.004,0.00019,214
36011,blend,0.723,0.0215,0.00346,0.000117,0.00000606,0.0000000011,0.76,0.25,0.015,0.0017,0.0000069,181
36013,blend,0.586,0.0282,0.00537,0.000256,0.0000221,0.000000158,0.75,0.26,0.025,0.0051,0.00033,203
36015,blend,0.585,0.0309,0.00311,0.000129,0.00000411,0.0000000000834,0.75,0.25,0.018,0.0016,0.00000014,226
36017,blend,1.15,0.11,0.00807,0.0000922,0.00000123,0,0.76,0.26,0.014,0.00087,0,204
36019,blend,0.493,0.0491,0.00366,0.0000791,0.000000536,0,0.77,0.34,0.016,0.0014,0,108
36021,blend,1.49,0.131,0.00241,0.0000706,0.000000247,0,0.77,0.27,0.013,0.0008,0,181
36023,blend,0.627,0.0216,0.00326,0.000103,0.0000027,0,0.76,0.26,0.015,0.0011,0,198
36025,blend,1.18,0.0899,0.00492,0.0000833,0.000000342,0,0.76,0.26,0.014,0.00069,0,203
36027,blend,0.638,0.0558,0.00476,0.0000727,0.000000226,0,0.76,0.26,0.013,0.0007,0,190
36029,blend,0.195,0.0261,0.00516,0.000224,0.0000208,0.00000011,0.74,0.24,0.022,0.0047,0.0003,164
36031,blend,1.58,0.121,0.00337,0.0000751,0.000000429,0,0.77,0.32,0.015,0.0012,0,138
36033,blend,0.774,0.0512,0.00378,0.00008,0.000000895,0,0.77,0.32,0.015,0.0014,0,114
36035,blend,0.943,0.0731,0.00263,0.0000747,0.000000373,0,0.77,0.28,0.013,0.00089,0,172
36037,blend,0.552,0.0637,0.00389,0.000193,0.0000177,0.0000000656,0.74,0.24,0.02,0.004,0.00022,151
36039,blend,1.69,0.0634,0.00249,0.0000742,0.000000233,0,0.77,0.27,0.013,0.00072,0,192
36041,blend,10.9,0.955,0.0186,0.0000764,0.000000621,0,0.77,0.29,0.013,0.0011,0,157
36043,blend,1.34,0.0793,0.00314,0.0000791,0.00000101,0,0.77,0.29,0.013,0.0011,0,161
36045,blend,0.588,0.0322,0.00348,0.000107,0.00000696,0.00000000266,0.76,0.26,0.014,0.002,0.000018,132
36047,blend,0.00412,0.00789,0.00225,0.0000807,0.000000276,0,0.74,0.23,0.014,0.00066,0,206
36049,blend,1.25,0.059,0.00426,0.0000894,0.00000309,0,0.76,0.28,0.013,0.0014,0,154
36051,blend,0.54,0.0224,0.0039,0.00017,0.0000124,0.0000000324,0.75,0.24,0.019,0.003,0.0001,182
36053,blend,0.813,0.0427,0.00369,0.0000914,0.00000202,0,0.76,0.26,0.014,0.001,0,188
36055,blend,0.197,0.0408,0.00676,0.000168,0.0000153,0.0000000368,0.74,0.23,0.018,0.0034,0.00016,141
36057,blend,0.714,0.044,0.00257,0.0000749,0.000000328,0,0.77,0.28,0.013,0.00083,0,180
36059,blend,0.066,0.0102,0.00224,0.0000756,0.000000234,0,0.73,0.23,0.013,0.00061,0,191
36061,blend,0,0.00833,0.00234,0.0000802,0.000000267,0,0.71,0.21,0.012,0.00056,0,205
36063,blend,0.419,0.0307,0.00422,0.000233,0.0000265,0.000000134,0.74,0.24,0.022,0.0055,0.00042,134
36065,blend,0.434,0.0381,0.00351,0.0000868,0.00000196,0,0.77,0.27,0.013,0.0011,0,174
36067,blend,0.343,0.0116,0.00358,0.000105,0.0000042,0,0.76,0.26,0.015,0.0014,0,179
36069,blend,0.408,0.015,0.0036,0.000147,0.0000098,0.0000000125,0.75,0.24,0.018,0.0024,0.000052,182
36071,blend,0.371,0.0379,0.00294,0.0000803,0.000000255,0,0.75,0.25,0.014,0.00066,0,213
36073,blend,0.8,0.094,0.00443,0.000197,0.0000208,0.0000000758,0.74,0.23,0.019,0.0044,0.00028,132
36075,blend,0.841,0.0186,0.00352,0.000106,0.00000578,0.000000000975,0.76,0.26,0.014,0.0017,0.0000064,159
36077,blend,0.798,0.0677,0.00502,0.0000816,0.000000528,0,0.77,0.27,0.013,0.00076,0,192
36079,blend,1.31,0.148,0.0138,0.000074,0.000000224,0,0.76,0.25,0.013,0.00067,0,193
36081,blend,0.00402,0.0077,0.00224,0.0000791,0.00000026,0,0.74,0.23,0.014,0.00065,0,201
36083,blend,0.821,0.0719,0.00323,0.0000697,0.00000028,0,0.77,0.28,0.013,0.00092,0,170
36085,blend,0.141,0.00824,0.00234,0.0000843,0.000000314,0,0.7,0.2,0.012,0.00059,0,215
36087,blend,0.209,0.0237,0.00269,0.0000784,0.000000246,0,0.75,0.24,0.014,0.00065,0,204
36089,blend,0.477,0.0371,0.00294,0.0000885,0.00000299,0,0.76,0.29,0.014,0.0016,0,111
36091,blend,1.04,0.0555,0.00305,0.0000714,0.000000296,0,0.77,0.29,0.013,0.00094,0,165
36093,blend,0.776,0.0328,0.00266,0.0000723,0.00000027,0,0.77,0.28,0.013,0.00084,0,181
36095,blend,1.05,0.0557,0.00251,0.0000756,0.000000274,0,0.77,0.27,0.013,0.00075,0,188
36097,blend,2.4,0.0922,0.00373,0.000134,0.00000579,0.00000000132,0.75,0.25,0.017,0.0018,0.0000038,209
36099,blend,0.875,0.0238,0.00344,0.000127,0.00000656,0.00000000154,0.75,0.25,0.016,0.0018,0.0000091,188
36101,blend,0.999,0.0528,0.00447,0.000153,0.00000753,0.0000000105,0.75,0.24,0.019,0.0023,0.000024,225
36103,blend,0.054,0.0122,0.00211,0.0000663,0.000000215,0,0.74,0.23,0.012,0.00068,0,159
36105,blend,1.75,0.139,0.0157,0.000117,0.000000284,0,0.76,0.25,0.014,0.00066,0,219
36107,blend,1.3,0.072,0.00363,0.000113,0.00000256,0,0.75,0.25,0.016,0.0012,0,220
36109,blend,0.549,0.0163,0.00316,0.000116,0.00000382,0,0.75,0.25,0.016,0.0014,0,205
36111,blend,1.25,0.102,0.00545,0.0000766,0.000000228,0,0.76,0.26,0.013,0.00067,0,197
36113,blend,1.54,0.167,0.00321,0.0000726,0.000000348,0,0.77,0.3,0.014,0.0011,0,156
36115,blend,1.33,0.0726,0.00295,0.0000707,0.000000328,0,0.77,0.3,0.014,0.0011,0,158
36117,blend,0.643,0.0243,0.0036,0.000136,0.00000995,0.00000000918,0.75,0.24,0.016,0.0024,0.000053,163
36119,blend,0.113,0.0407,0.00635,0.0000753,0.000000229,0,0.75,0.24,0.013,0.00065,0,194
36121,blend,1.07,0.0522,0.00548,0.000194,0.0000157,0.0000000614,0.74,0.24,0.021,0.0037,0.00018,179
36123,blend,1.61,0.0457,0.00348,0.000139,0.00000753,0.00000000505,0.75,0.25,0.017,0.0021,0.000019,195
37001,blend,0.57,0.0266,0.00321,0.000303,0.0000086,0.000000803,0.73,0.29,0.03,0.0042,0.00031,367
37003,blend,0.876,0.0311,0.00415,0.000315,0.000012,0.00000167,0.76,0.33,0.029,0.0048,0.00044,432
37005,blend,0.574,0.0567,0.00585,0.000328,0.0000118,0.00000166,0.78,0.37,0.028,0.0046,0.00041,454
37007,blend,2.73,0.0559,0.004,0.000282,0.00000992,0.00000113,0.66,0.21,0.027,0.0041,0.0004,343
37009,blend,0.465,0.0457,0.00525,0.000328,0.0000126,0.00000188,0.78,0.37,0.028,0.0047,0.00044,460
37011,blend,0.198,0.0142,0.00359,0.000323,0.0000135,0.00000213,0.75,0.32,0.026,0.0046,0.00045,455
37013,blend,0.735,0.016,0.00206,0.000234,0.00000495,0.000000369,0.59,0.15,0.027,0.003,0.00018,217
37015,blend,1.1,0.0212,0.0026,0.000237,0.0000048,0.000000309,0.62,0.18,0.027,0.0031,0.00016,251
37017,blend,0.933,0.0149,0.00131,0.000256,0.00000776,0.000000852,0.58,0.14,0.026,0.0035,0.00034,248
37019,blend,0.476,0.00774,0.000768,0.000226,0.00000704,0.000000864,0.52,0.099,0.024,0.0031,0.00035,195
37021,blend,0.812,0.0285,0.00263,0.000312,0.0000146,0.00000244,0.72,0.28,0.027,0.0051,0.00055,451
37023,blend,0.549,0.0325,0.00439,0.000311,0.000013,0.00000196,0.75,0.31,0.028,0.0049,0.00048,441
37025,blend,0.601,0.0214,0.00321,0.000298,0.0000108,0.00000132,0.71,0.26,0.028,0.0044,0.00041,382
37027,blend,0.45,0.0239,0.00352,0.000317,0.0000126,0.00000187,0.76,0.34,0.029,0.0049,0.00047,444
37029,blend,0.733,0.0118,0.00231,0.000203,0.00000332,0.000000148,0.59,0.16,0.025,0.0025,0.000085,220
37031,blend,0.602,0.00865,0.00119,0.000218,0.0000046,0.000000387,0.53,0.11,0.025,0.0026,0.00018,163
37033,blend,1.75,0.14,0.00632,0.000305,0.00000828,0.000000738,0.75,0.31,0.03,0.0042,0.00029,378
37035,blend,0.595,0.0355,0.00323,0.000307,0.000012,0.00000168,0.74,0.3,0.028,0.0047,0.00045,421
37037,blend,1.36,0.0515,0.0041,0.000297,0.00000853,0.000000795,0.7,0.25,0.029,0.0041,0.00032,340
37039,blend,1.96,0.0363,0.00171,0.000311,0.0000171,0.00000325,0.64,0.2,0.025,0.0055,0.00075,448
37041,blend,0.202,0.0104,0.00247,0.000223,0.00000416,0.000000239,0.61,0.17,0.026,0.0028,0.00013,236
37043,blend,1.02,0.0208,0.00169,0.000303,0.0000164,0.00000301,0.6,0.17,0.021,0.0044,0.00057,451
37045,blend,0.52,0.0225,0.00223,0.000295,0.0000126,0.00000182,0.71,0.26,0.027,0.0047,0.00048,416
37047,blend,0.505,0.00797,0.00112,0.000241,0.00000775,0.000000912,0.55,0.12,0.025,0.0034,0.00036,233
37049,blend,0.465,0.0117,0.00174,0.000239,0.00000553,0.000000475,0.58,0.14,0.026,0.003,0.00022,204
37051,blend,0.183,0.0123,0.00188,0.000276,0.00000817,0.000000823,0.63,0.18,0.027,0.0038,0.00034,282
37053,blend,0.569,0.0145,0.00248,0.000193,0.00000296,0.000000116,0.59,0.15,0.024,0.0023,0.000068,213
37055,blend,0.787,0.00979,0.00162,0.000192,0.000003,0.000000149,0.54,0.12,0.023,0.0022,0.00008,166
37057,blend,0.522,0.0189,0.00309,0.000308,0.0000101,0.00000116,0.74,0.3,0.029,0.0044,0.00038,399
37059,blend,0.892,0.0178,0.00314,0.000313,0.0000107,0.00000133,0.75,0.32,0.029,0.0046,0.00039,412
37061,blend,0.817,0.012,0.00165,0.000258,0.00000696,0.000000685,0.59,0.15,0.027,0.0034,0.00029,235
37063,blend,0.628,0.0405,0.00315,0.000294,0.00000779,0.000000647,0.7,0.26,0.029,0.004,0.00028,343
37065,blend,0.325,0.0134,0.00277,0.00026,0.00000596,0.000000446,0.64,0.2,0.028,0.0035,0.00022,270
37067,blend,0.528,0.0359,0.00346,0.000315,0.0000101,0.00000117,0.76,0.34,0.03,0.0045,0.00037,419
37069,blend,0.892,0.0434,0.00338,0.000279,0.00000688,0.000000532,0.68,0.24,0.029,0.0038,0.00025,316
37071,blend,0.546,0.0317,0.00219,0.000293,0.0000119,0.00000162,0.71,0.26,0.027,0.0046,0.00045,405
37073,blend,0.902,0.016,0.00281,0.000224,0.00000411,0.000000218,0.63,0.19,0.027,0.0029,0.00012,248
37075,blend,3.84,0.121,0.00282,0.000317,0.0000168,0.00000316,0.66,0.22,0.025,0.0054,0.0007,451
37077,blend,1.58,0.0396,0.00579,0.000289,0.00000725,0.000000553,0.71,0.27,0.03,0.0039,0.00025,339
37079,blend,0.398,0.011,0.00233,0.00026,0.00000637,0.000000537,0.62,0.18,0.028,0.0034,0.00025,251
37081,blend,0.483,0.0386,0.00365,0.000309,0.00000926,0.000000955,0.74,0.31,0.03,0.0043,0.00034,395
37083,blend,0.383,0.0241,0.00323,0.00026,0.00000575,0.000000396,0.66,0.22,0.029,0.0035,0.0002,286
37085,blend,0.728,0.0399,0.0031,0.000345,0.00000815,0.000000769,0.66,0.21,0.028,0.0039,0.00032,300
37087,blend,1.23,0.0351,0.00358,0.000314,0.0000154,0.0000027,0.71,0.27,0.026,0.0052,0.0006,453
37089,blend,1.1,0.0631,0.00288,0.0003,0.0000144,0.00000234,0.7,0.25,0.026,0.005,0.00055,446
37091,blend,0.443,0.021,0.00272,0.000235,0.00000461,0.000000271,0.64,0.19,0.028,0.0031,0.00015,260
37093,blend,0.675,0.0169,0.00184,0.000279,0.00000869,0.00000089,0.64,0.19,0.027,0.0039,0.00035,308
37095,blend,5.29,0.0452,0.0019,0.000209,0.00000375,0.000000239,0.49,0.099,0.019,0.0019,0.000095,179
37097,blend,0.564,0.0201,0.00335,0.000311,0.0000114,0.0000015,0.75,0.32,0.029,0.0046,0.00042,422
37099,blend,2.23,0.0944,0.00487,0.000304,0.0000155,0.00000271,0.68,0.23,0.026,0.0051,0.0006,457
37101,blend,0.546,0.0282,0.00248,0.000278,0.0000074,0.000000657,0.65,0.2,0.028,0.0037,0.00029,283
37103,blend,1.31,0.00919,0.00166,0.000246,0.00000603,0.000000548,0.58,0.14,0.026,0.0032,0.00025,215
37105,blend,1.15,0.0403,0.00508,0.000291,0.0000085,0.000000806,0.68,0.23,0.028,0.004,0.00033,324
37107,blend,0.455,0.00965,0.002,0.000257,0.00000642,0.000000571,0.61,0.16,0.027,0.0034,0.00026,238
37109,blend,0.655,0.0158,0.00305,0.000301,0.000012,0.00000167,0.73,0.28,0.028,0.0047,0.00045,415
37111,blend,0.936,0.0288,0.00406,0.000311,0.0000137,0.00000216,0.74,0.3,0.027,0.005,0.00051,445
37113,blend,1.87,0.0717,0.00314,0.000302,0.0000159,0.00000284,0.66,0.21,0.025,0.0052,0.00064,453
37115,blend,0.536,0.0214,0.00336,0.000323,0.000015,0.0000026,0.73,0.29,0.026,0.005,0.00055,461
37117,blend,0.469,0.0115,0.00255,0.000244,0.00000521,0.000000369,0.61,0.17,0.026,0.0031,0.00018,247
37119,blend,0.331,0.0272,0.00224,0.000293,0.0000113,0.00000145,0.7,0.25,0.027,0.0045,0.00043,389
37121,blend,2.37,0.109,0.00736,0.000322,0.000014,0.00000227,0.76,0.34,0.028,0.0051,0.00052,454
37123,blend,2.06,0.0186,0.00239,0.000313,0.00000963,0.00000105,0.69,0.24,0.028,0.0042,0.00038,355
37125,blend,0.808,0.0479,0.0022,0.00029,0.00000898,0.000000911,0.67,0.23,0.028,0.004,0.00035,334
37127,blend,0.524,0.0332,0.00294,0.000271,0.00000653,0.000000505,0.66,0.22,0.029,0.0036,0.00024,291
37129,blend,0.376,0.00675,0.000852,0.000229,0.00000666,0.00000078,0.52,0.1,0.024,0.003,0.00032,186
37131,blend,0.965,0.018,0.00295,0.00025,0.00000522,0.000000329,0.66,0.21,0.028,0.0034,0.00017,286
37133,blend,0.487,0.00825,0.00136,0.000244,0.0000063,0.000000623,0.56,0.13,0.026,0.0031,0.00027,204
37135,blend,0.899,0.0208,0.00321,0.000299,0.00000814,0.000000708,0.72,0.28,0.03,0.0041,0.00029,356
37137,blend,2.19,0.00975,0.00171,0.000253,0.00000477,0.000000379,0.56,0.13,0.026,0.0028,0.00018,182
37139,blend,0.0896,0.0107,0.00234,0.000208,0.00000352,0.00000017,0.59,0.16,0.025,0.0025,0.000095,225
37141,blend,0.711,0.0106,0.00116,0.000244,0.00000686,0.000000743,0.56,0.12,0.025,0.0032,0.00031,210
37143,blend,0.385,0.012,0.00238,0.000214,0.0000038,0.000000201,0.6,0.16,0.026,0.0027,0.00011,229
37145,blend,0.96,0.0717,0.00354,0.000297,0.00000765,0.000000614,0.73,0.29,0.03,0.0041,0.00027,362
37147,blend,0.085,0.0108,0.00238,0.000252,0.0000058,0.000000458,0.62,0.17,0.027,0.0033,0.00022,248
37149,blend,1.76,0.0812,0.00755,0.000317,0.0000177,0.00000215,0.7,0.25,0.026,0.0048,0.00052,437
37151,blend,0.652,0.0175,0.00275,0.000303,0.00000941,0.00000099,0.72,0.28,0.029,0.0043,0.00035,374
37153,blend,1.24,0.0307,0.00183,0.000282,0.00000938,0.00000101,0.65,0.2,0.027,0.004,0.00038,335
37155,blend,0.512,0.0159,0.00139,0.000263,0.0000085,0.00000093,0.6,0.16,0.026,0.0037,0.00037,279
37157,blend,1.05,0.0847,0.00511,0.000312,0.00000909,0.000000923,0.76,0.34,0.03,0.0044,0.00032,407
37159,blend,0.74,0.0337,0.00314,0.000306,0.0000107,0.00000131,0.73,0.29,0.028,0.0045,0.0004,397
37161,blend,1.17,0.0512,0.00442,0.000299,0.0000133,0.00000203,0.71,0.27,0.027,0.0048,0.0005,432
37163,blend,0.816,0.023,0.00178,0.000267,0.00000758,0.000000758,0.61,0.17,0.027,0.0036,0.00032,262
37165,blend,1.03,0.0358,0.0019,0.000274,0.00000899,0.000000954,0.63,0.18,0.027,0.0039,0.00037,308
37167,blend,0.68,0.0256,0.00221,0.000295,0.0000102,0.00000119,0.7,0.25,0.028,0.0043,0.0004,365
37169,blend,1.16,0.0571,0.00391,0.000319,0.00001,0.00000116,0.78,0.36,0.03,0.0046,0.00036,433
37171,blend,0.95,0.0531,0.00484,0.000323,0.0000109,0.00000139,0.79,0.38,0.03,0.0047,0.0004,443
37173,blend,3.71,0.0924,0.00423,0.000321,0.0000163,0.000003,0.69,0.25,0.026,0.0054,0.00065,465
37175,blend,1.87,0.0991,0.00466,0.000297,0.0000149,0.0000025,0.68,0.23,0.026,0.005,0.00057,446
37177,blend,1.82,0.0524,0.0021,0.000207,0.00000358,0.000000194,0.57,0.14,0.025,0.0025,0.0001,201
37179,blend,0.675,0.0164,0.00242,0.000282,0.0000106,0.00000129,0.67,0.22,0.027,0.0043,0.00042,361
37181,blend,1.35,0.0691,0.00431,0.000282,0.00000682,0.000000499,0.7,0.26,0.03,0.0038,0.00024,330
37183,blend,0.225,0.0185,0.00285,0.000287,0.00000764,0.00000065,0.68,0.23,0.029,0.0039,0.00028,313
37185,blend,1.83,0.0637,0.0035,0.000273,0.00000633,0.000000445,0.69,0.24,0.029,0.0037,0.00022,315
37187,blend,1.19,0.0257,0.0023,0.000223,0.00000429,0.000000268,0.59,0.15,0.026,0.0027,0.00014,220
37189,blend,0.506,0.0297,0.00389,0.000325,0.000013,0.00000201,0.77,0.35,0.027,0.0047,0.00045,458
37191,blend,0.418,0.0102,0.00222,0.000268,0.00000695,0.000000623,0.63,0.18,0.028,0.0036,0.00027,262
37193,blend,1.12,0.0981,0.00541,0.000322,0.0000119,0.00000168,0.78,0.36,0.029,0.0048,0.00044,447
37195,blend,0.336,0.0139,0.00265,0.000269,0.00000662,0.000000542,0.65,0.2,0.028,0.0036,0.00025,276
37197,blend,1.29,0.0203,0.00355,0.000319,0.0000109,0.00000139,0.77,0.35,0.03,0.0047,0.0004,430
37199,blend,0.561,0.0246,0.00382,0.00032,0.0000142,0.00000235,0.74,0.32,0.027,0.005,0.00053,454
38001,blend,0.252,0.0084,0.00248,0.000364,0.0000458,0.00000194,0.4,0.13,0.028,0.0066,0.0017,109
38003,blend,0.226,0.0314,0.00689,0.000519,0.0000306,0.00000114,0.5,0.18,0.038,0.0094,0.0026,142
38005,blend,0.55,0.00973,0.00232,0.00025,0.0000273,0.00000135,0.26,0.082,0.021,0.0051,0.0015,98
38007,blend,0,0.00821,0.00192,0.000422,0.0000297,0.0000018,0.0076,0.002,0.00041,0.000082,0.000023,86
38009,blend,0.297,0.00793,0.00179,0.000351,0.0000196,0.00000153,0.2,0.073,0.022,0.0047,0.0015,73
38011,blend,0.215,0.00718,0.00223,0.000348,0.0000359,0.00000167,0.44,0.15,0.03,0.0066,0.0017,94
38013,blend,0.701,0.0264,0.00195,0.000443,0.0000109,0.00000147,0.3,0.14,0.038,0.0073,0.0023,63
38015,blend,0.0611,0.00802,0.00232,0.000293,0.000039,0.00000167,0.42,0.16,0.037,0.0093,0.0026,122
38017,blend,0.213,0.0109,0.00282,0.000322,0.0000291,0.000000983,0.53,0.19,0.039,0.0093,0.0025,147
38019,blend,1.06,0.0105,0.00255,0.000218,0.0000193,0.00000111,0.24,0.065,0.019,0.0045,0.0013,79
38021,blend,0.61,0.0477,0.00559,0.000443,0.0000407,0.00000121,0.43,0.15,0.03,0.0072,0.0019,167
38023,blend,0.532,0.0446,0.0206,0.000436,0.00000456,0.00000116,0.28,0.13,0.031,0.0051,0.0016,55
38025,blend,0.14,0.00597,0.00169,0.000415,0.0000327,0.00000193,0.34,0.13,0.031,0.0067,0.0019,85
38027,blend,1.02,0.0811,0.00264,0.00023,0.0000288,0.00000129,0.27,0.079,0.019,0.0045,0.0013,110
38029,blend,0.381,0.0143,0.0028,0.00029,0.0000422,0.00000162,0.4,0.14,0.029,0.0073,0.002,142
38031,blend,1.04,0.0592,0.00273,0.000232,0.0000303,0.00000129,0.26,0.078,0.017,0.0043,0.0012,119
38033,blend,0.506,0.0381,0.00168,0.000394,0.0000238,0.00000159,0.36,0.13,0.027,0.0053,0.0015,79
38035,blend,0.206,0.00991,0.00306,0.000184,0.0000228,0.000001,0.49,0.16,0.037,0.0091,0.0026,105
38037,blend,0.396,0.0202,0.00267,0.000351,0.0000466,0.00000194,0.32,0.11,0.022,0.0054,0.0015,116
38039,blend,2.12,0.0255,0.00448,0.000219,0.0000281,0.00000116,0.29,0.084,0.018,0.0044,0.0012,121
38041,blend,1.04,0.02,0.00632,0.00125,0.0000446,0.00000201,0.36,0.12,0.026,0.006,0.0016,104
38043,blend,0.476,0.0207,0.00248,0.000264,0.0000366,0.00000149,0.37,0.12,0.028,0.0071,0.0019,130
38045,blend,1.06,0.0992,0.0106,0.000434,0.0000383,0.00000122,0.48,0.17,0.037,0.009,0.0024,158
38047,blend,1.12,0.046,0.003,0.000335,0.0000437,0.00000299,0.43,0.15,0.033,0.0082,0.0022,144
38049,blend,0.583,0.00875,0.00202,0.000324,0.0000273,0.0000016,0.22,0.078,0.022,0.0049,0.0015,88
38051,blend,0.409,0.0178,0.00361,0.000303,0.0000393,0.00000141,0.4,0.14,0.028,0.0068,0.0018,157
38053,blend,0.101,0.00453,0.00156,0.00042,0.0000181,0.0000016,0.36,0.15,0.036,0.007,0.0021,71
38055,blend,0.628,0.0145,0.00316,0.000649,0.0000339,0.00000182,0.26,0.091,0.023,0.0053,0.0015,93
38057,blend,0.132,0.0125,0.00396,0.000876,0.0000374,0.00000193,0.34,0.13,0.032,0.0073,0.0021,94
38059,blend,0.149,0.00788,0.00234,0.000336,0.0000434,0.00000188,0.42,0.16,0.036,0.0089,0.0024,116
38061,blend,0.175,0.0127,0.00167,0.000421,0.0000213,0.00000173,0.29,0.12,0.032,0.0065,0.002,74
38063,blend,0.885,0.0208,0.00299,0.000205,0.0000253,0.00000114,0.26,0.072,0.016,0.004,0.0011,105
38065,blend,0.406,0.0089,0.00226,0.000349,0.0000399,0.00000187,0.28,0.094,0.022,0.0052,0.0015,106
38067,blend,0.722,0.0192,0.00328,0.000183,0.0000174,0.000000954,0.25,0.063,0.017,0.004,0.0012,77
38069,blend,0.727,0.0283,0.00235,0.000285,0.0000268,0.00000146,0.2,0.066,0.018,0.0042,0.0012,92
38071,blend,0.319,0.0131,0.00254,0.000224,0.0000242,0.00000121,0.27,0.081,0.021,0.0051,0.0015,91
38073,blend,0.65,0.0621,0.00771,0.000439,0.000033,0.00000105,0.52,0.19,0.039,0.0092,0.0025,168
38075,blend,0.818,0.00604,0.00163,0.000397,0.0000178,0.00000161,0.27,0.11,0.033,0.0068,0.0021,69
38077,blend,0.303,0.0139,0.00221,0.000469,0.000033,0.000000914,0.53,0.18,0.037,0.0085,0.0022,179
38079,blend,0.352,0.0092,0.00194,0.000288,0.0000208,0.00000137,0.2,0.063,0.019,0.0043,0.0013,75
38081,blend,0.866,0.0501,0.00685,0.000593,0.0000351,0.00000104,0.49,0.18,0.035,0.0082,0.0022,181
38083,blend,1.58,0.00985,0.00229,0.000297,0.0000339,0.00000161,0.23,0.073,0.018,0.0043,0.0012,105
38085,blend,0.107,0.0117,0.00307,0.00032,0.0000466,0.00000181,0.28,0.085,0.017,0.0042,0.0011,133
38087,blend,0.27,0.00799,0.00214,0.000384,0.0000347,0.00000176,0.27,0.081,0.016,0.0033,0.00089,90
38089,blend,0.193,0.00588,0.00184,0.000399,0.0000394,0.000002,0.43,0.17,0.039,0.0088,0.0024,95
38091,blend,0.94,0.044,0.00723,0.000225,0.0000266,0.00000107,0.29,0.08,0.016,0.0039,0.0011,126
38093,blend,1.23,0.102,0.00642,0.000246,0.0000332,0.00000132,0.42,0.14,0.032,0.0079,0.0022,133
38095,blend,1.72,0.0364,0.00217,0.000254,0.0000213,0.00000127,0.2,0.059,0.017,0.004,0.0012,78
38097,blend,0.434,0.0125,0.00304,0.00024,0.0000253,0.000000968,0.51,0.17,0.036,0.0086,0.0024,126
38099,blend,0.434,0.0186,0.0032,0.000187,0.0000208,0.00000102,0.27,0.072,0.017,0.0042,0.0012,89
38101,blend,0.134,0.00586,0.00168,0.000373,0.0000259,0.00000174,0.39,0.17,0.049,0.011,0.0033,80
38103,blend,1.81,0.0187,0.00238,0.000262,0.0000322,0.00000146,0.26,0.082,0.02,0.0049,0.0014,112
38105,blend,0.301,0.00642,0.0019,0.000462,0.00000871,0.00000134,0.35,0.16,0.039,0.007,0.0022,62
39001,blend,1.26,0.0656,0.0059,0.000342,0.0000177,0.00000276,0.76,0.34,0.031,0.0063,0.00078,460
39003,blend,0.631,0.0258,0.00799,0.00047,0.0000345,0.00000236,0.69,0.25,0.03,0.0078,0.0011,366
39005,blend,0.492,0.0368,0.00946,0.000347,0.0000279,0.00000141,0.76,0.31,0.031,0.0068,0.00065,339
39007,blend,0.841,0.0653,0.00911,0.000315,0.0000288,0.000000466,0.76,0.31,0.029,0.0064,0.00052,244
39009,blend,0.88,0.0366,0.00495,0.000336,0.0000159,0.00000175,0.81,0.4,0.032,0.0058,0.00052,428
39011,blend,0.217,0.0177,0.00666,0.000368,0.0000328,0.0000025,0.68,0.24,0.03,0.0077,0.0011,378
39013,blend,0.614,0.0501,0.00758,0.000315,0.000015,0.000000935,0.81,0.38,0.031,0.0052,0.00036,377
39015,blend,1.14,0.0447,0.00581,0.000344,0.0000191,0.00000295,0.74,0.31,0.03,0.0065,0.00086,455
39017,blend,0.34,0.0198,0.00413,0.000356,0.0000238,0.00000312,0.68,0.25,0.03,0.007,0.001,435
39019,blend,0.858,0.0588,0.0059,0.000319,0.0000192,0.000000858,0.79,0.35,0.031,0.0056,0.0004,349
39021,blend,0.633,0.0299,0.006,0.000355,0.0000275,0.00000246,0.71,0.27,0.031,0.0072,0.00091,391
39023,blend,0.366,0.0156,0.00551,0.000352,0.0000257,0.00000255,0.71,0.27,0.031,0.007,0.00089,403
39025,blend,0.859,0.0297,0.00396,0.000348,0.0000204,0.00000306,0.71,0.29,0.03,0.0067,0.00092,457
39027,blend,0.886,0.0293,0.00452,0.000347,0.0000219,0.00000275,0.73,0.3,0.031,0.0067,0.00086,435
39029,blend,0.606,0.0532,0.00788,0.000442,0.0000188,0.000000665,0.79,0.34,0.03,0.0054,0.00036,333
39031,blend,0.845,0.0332,0.00786,0.000338,0.0000215,0.00000139,0.78,0.35,0.031,0.0061,0.00052,379
39033,blend,0.315,0.0229,0.00777,0.000358,0.0000311,0.00000176,0.73,0.29,0.031,0.0073,0.0008,341
39035,blend,0.296,0.0612,0.0145,0.00034,0.0000311,0.000000874,0.76,0.32,0.03,0.007,0.00062,281
39037,blend,0.582,0.0223,0.00539,0.000367,0.0000296,0.00000285,0.66,0.22,0.029,0.0074,0.0011,403
39039,blend,0.651,0.0224,0.00757,0.000388,0.0000413,0.00000227,0.7,0.26,0.029,0.0085,0.0012,336
39041,blend,0.815,0.0156,0.00674,0.000351,0.0000261,0.000002,0.74,0.3,0.031,0.0069,0.00075,377
39043,blend,0.495,0.0279,0.0086,0.000359,0.0000352,0.0000014,0.74,0.3,0.031,0.0076,0.0008,302
39045,blend,0.7,0.0209,0.00584,0.000342,0.0000205,0.00000197,0.78,0.35,0.031,0.0063,0.00063,414
39047,blend,0.785,0.0294,0.00516,0.000345,0.0000219,0.00000251,0.74,0.31,0.031,0.0066,0.0008,429
39049,blend,0.245,0.0141,0.00574,0.000347,0.0000236,0.00000212,0.75,0.32,0.031,0.0067,0.00073,397
39051,blend,0.586,0.0238,0.00837,0.000388,0.0000436,0.00000202,0.72,0.29,0.029,0.0088,0.0012,318
39053,blend,0.809,0.0378,0.00809,0.00035,0.0000145,0.00000206,0.81,0.41,0.032,0.0058,0.00057,449
39055,blend,0.631,0.11,0.0158,0.000326,0.0000276,0.000000692,0.77,0.32,0.03,0.0065,0.00052,273
39057,blend,0.311,0.0192,0.00547,0.00035,0.0000241,0.00000269,0.71,0.28,0.03,0.0069,0.00089,417
39059,blend,0.616,0.0327,0.00682,0.000328,0.0000177,0.00000121,0.8,0.37,0.032,0.0057,0.00044,389
39061,blend,0.213,0.0183,0.00386,0.000354,0.0000221,0.00000321,0.68,0.26,0.03,0.0068,0.001,446
39063,blend,0.497,0.0222,0.0079,0.00037,0.0000356,0.00000207,0.71,0.27,0.03,0.0079,0.00099,347
39065,blend,0.513,0.0226,0.0075,0.000363,0.0000321,0.0000022,0.71,0.26,0.03,0.0076,0.00094,365
39067,blend,1.55,0.152,0.0123,0.000319,0.0000172,0.000000931,0.8,0.37,0.031,0.0055,0.00038,366
39069,blend,0.488,0.0207,0.00811,0.000382,0.0000404,0.00000211,0.71,0.27,0.03,0.0084,0.0011,331
39071,blend,0.683,0.0298,0.00569,0.000343,0.0000199,0.00000272,0.75,0.32,0.031,0.0065,0.00081,443
39073,blend,2,0.119,0.0149,0.00034,0.0000183,0.00000197,0.79,0.37,0.032,0.0061,0.0006,427
39075,blend,0.407,0.0475,0.0144,0.000366,0.0000237,0.00000131,0.77,0.33,0.031,0.0063,0.00054,355
39077,blend,0.387,0.0284,0.00814,0.000356,0.0000326,0.00000148,0.74,0.3,0.031,0.0074,0.00076,319
39079,blend,0.795,0.0577,0.00786,0.000339,0.0000162,0.0000022,0.8,0.39,0.031,0.006,0.00062,446
39081,blend,0.779,0.051,0.00554,0.000309,0.0000162,0.00000074,0.8,0.36,0.031,0.0052,0.00034,354
39083,blend,0.661,0.0512,0.0101,0.000346,0.0000247,0.00000163,0.76,0.32,0.031,0.0066,0.00063,371
39085,blend,0.947,0.0498,0.00936,0.00033,0.0000307,0.000000654,0.76,0.32,0.03,0.0068,0.00059,260
39087,blend,0.803,0.0984,0.0154,0.000498,0.0000145,0.00000225,0.8,0.41,0.031,0.0058,0.0006,464
39089,blend,0.427,0.0157,0.00612,0.000344,0.0000224,0.00000177,0.77,0.34,0.031,0.0064,0.00062,389
39091,blend,0.698,0.0262,0.00658,0.000359,0.0000298,0.00000236,0.7,0.26,0.03,0.0074,0.00093,378
39093,blend,0.49,0.0411,0.0101,0.000352,0.0000334,0.00000118,0.75,0.31,0.031,0.0074,0.00072,296
39095,blend,0.26,0.0282,0.00938,0.000379,0.0000426,0.00000172,0.74,0.31,0.03,0.0086,0.0011,299
39097,blend,0.569,0.0126,0.00556,0.000348,0.0000243,0.00000236,0.74,0.3,0.031,0.0068,0.0008,402
39099,blend,0.415,0.0267,0.00636,0.00031,0.0000206,0.000000612,0.78,0.33,0.03,0.0056,0.00038,310
39101,blend,0.36,0.019,0.00712,0.000357,0.0000296,0.00000198,0.73,0.28,0.031,0.0072,0.00082,360
39103,blend,0.461,0.0254,0.00761,0.000343,0.0000285,0.00000113,0.76,0.32,0.031,0.0068,0.0006,314
39105,blend,1.89,0.0475,0.00802,0.000335,0.0000147,0.00000181,0.81,0.41,0.032,0.0057,0.00052,436
39107,blend,0.565,0.0176,0.00618,0.000374,0.0000334,0.00000268,0.66,0.22,0.029,0.0078,0.0011,383
39109,blend,0.428,0.0163,0.00557,0.000359,0.000028,0.00000271,0.68,0.24,0.03,0.0073,0.001,401
39111,blend,1.07,0.0482,0.00921,0.000319,0.000014,0.00000108,0.81,0.4,0.031,0.0052,0.00038,403
39113,blend,0.183,0.0253,0.00581,0.000375,0.0000256,0.00000286,0.69,0.25,0.03,0.0071,0.00098,419
39115,blend,1.9,0.0833,0.0155,0.000334,0.0000167,0.00000155,0.8,0.39,0.032,0.0057,0.00049,410
39117,blend,0.598,0.0412,0.0116,0.000352,0.0000275,0.0000018,0.75,0.3,0.031,0.0069,0.00073,362
39119,blend,0.469,0.0302,0.006,0.000337,0.0000192,0.0000015,0.79,0.37,0.032,0.006,0.00051,398
39121,blend,0.788,0.0343,0.00569,0.000327,0.0000158,0.00000127,0.81,0.39,0.032,0.0055,0.00043,405
39123,blend,1.44,0.0331,0.0108,0.000369,0.0000391,0.00000156,0.74,0.3,0.03,0.0081,0.00094,300
39125,blend,1.03,0.0226,0.00849,0.000385,0.0000393,0.0000024,0.69,0.25,0.029,0.0083,0.0012,353
39127,blend,1.2,0.0448,0.00881,0.000339,0.000019,0.00000174,0.79,0.37,0.032,0.006,0.00056,413
39129,blend,0.646,0.0161,0.00514,0.000343,0.0000213,0.00000225,0.76,0.33,0.031,0.0065,0.00072,419
39131,blend,2.22,0.124,0.00715,0.00034,0.0000178,0.00000244,0.78,0.36,0.031,0.0062,0.0007,443
39133,blend,0.606,0.0449,0.00777,0.000325,0.0000246,0.000000771,0.77,0.32,0.03,0.0062,0.00047,299
39135,blend,0.877,0.0322,0.00458,0.000361,0.0000263,0.00000303,0.66,0.23,0.029,0.0072,0.0011,418
39137,blend,0.408,0.0247,0.00759,0.000376,0.0000372,0.00000226,0.69,0.25,0.03,0.0081,0.0011,351
39139,blend,0.348,0.0407,0.0103,0.000351,0.0000286,0.00000158,0.75,0.31,0.031,0.007,0.0007,342
39141,blend,0.679,0.039,0.00706,0.000341,0.0000192,0.00000236,0.77,0.35,0.031,0.0063,0.00071,437
39143,blend,0.305,0.0243,0.00883,0.000368,0.0000375,0.00000169,0.73,0.29,0.03,0.008,0.00093,320
39145,blend,0.694,0.0271,0.00455,0.00034,0.0000165,0.00000249,0.78,0.38,0.031,0.0061,0.00069,452
39147,blend,0.252,0.0201,0.00825,0.000364,0.0000348,0.00000176,0.73,0.29,0.031,0.0077,0.00089,330
39149,blend,0.651,0.0196,0.00621,0.000364,0.0000305,0.00000258,0.68,0.24,0.03,0.0075,0.001,388
39151,blend,0.234,0.0215,0.00653,0.000328,0.0000226,0.000000937,0.78,0.34,0.031,0.006,0.00046,325
39153,blend,0.522,0.0341,0.00761,0.000334,0.0000263,0.000000944,0.77,0.32,0.031,0.0064,0.00053,309
39155,blend,0.841,0.0543,0.0077,0.000311,0.0000231,0.000000557,0.77,0.32,0.03,0.0058,0.00041,284
39157,blend,0.715,0.0523,0.0082,0.000329,0.0000203,0.00000109,0.79,0.35,0.031,0.0059,0.00045,360
39159,blend,0.37,0.0147,0.00646,0.000354,0.0000276,0.00000219,0.73,0.28,0.031,0.0071,0.00083,377
39161,blend,0.884,0.0275,0.00794,0.000379,0.0000365,0.00000252,0.67,0.23,0.029,0.0081,0.0012,369
39163,blend,1.6,0.113,0.0124,0.000339,0.000017,0.00000204,0.79,0.38,0.032,0.006,0.0006,440
39165,blend,0.329,0.017,0.00435,0.000351,0.0000229,0.00000293,0.7,0.27,0.03,0.0068,0.00094,431
39167,blend,0.722,0.0227,0.00598,0.000328,0.0000143,0.00000138,0.81,0.41,0.032,0.0054,0.00044,423
39169,blend,0.264,0.0272,0.00912,0.000357,0.0000257,0.00000121,0.77,0.33,0.031,0.0065,0.00056,332
39171,blend,0.26,0.0206,0.00769,0.000395,0.0000442,0.0000022,0.71,0.28,0.029,0.0088,0.0013,327
39173,blend,0.267,0.0213,0.00854,0.000376,0.0000394,0.0000019,0.72,0.28,0.03,0.0083,0.001,327
39175,blend,0.259,0.0299,0.00795,0.000363,0.0000327,0.00000196,0.72,0.28,0.031,0.0075,0.00089,346
40001,blend,0.215,0.0242,0.00794,0.00136,0.0000147,0.00000398,0.57,0.19,0.033,0.0067,0.0029,264
40003,blend,0.902,0.0355,0.0136,0.00172,0.00000364,0.0000000309,0.49,0.17,0.028,0.0018,0.000044,223
40005,blend,0.88,0.0301,0.00855,0.00122,0.0000134,0.00000413,0.66,0.25,0.046,0.0098,0.0041,244
40007,blend,1.67,0.0373,0.0108,0.00172,0.000004,0.0000000394,0.46,0.16,0.026,0.0023,0.00018,176
40009,blend,1.07,0.0234,0.0124,0.00161,0.00000448,0.000000385,0.56,0.22,0.039,0.0048,0.00086,195
40011,blend,1.24,0.0809,0.0176,0.00165,0.00000398,0.000000262,0.56,0.21,0.035,0.0029,0.00017,220
40013,blend,0.903,0.0336,0.00705,0.00115,0.0000136,0.00000433,0.66,0.24,0.044,0.0097,0.0041,238
40015,blend,2.1,0.178,0.0431,0.00265,0.00000998,0.000000767,0.58,0.21,0.037,0.0039,0.00064,220
40017,blend,0.608,0.0531,0.0184,0.00177,0.00000488,0.000000742,0.57,0.21,0.036,0.0035,0.00058,224
40019,blend,0.513,0.0246,0.00797,0.00124,0.00000926,0.0000027,0.61,0.21,0.041,0.0071,0.0027,225
40021,blend,0.277,0.0234,0.00866,0.00139,0.000013,0.00000345,0.57,0.19,0.035,0.0066,0.0028,266
40023,blend,0.923,0.0191,0.00719,0.00113,0.0000162,0.00000523,0.7,0.28,0.05,0.012,0.0053,245
40025,blend,3.52,0.0124,0.00157,0.00129,0.0000053,0.000000256,0.41,0.13,0.028,0.0042,0.0011,142
40027,blend,0.281,0.0284,0.0123,0.00156,0.00000696,0.00000165,0.59,0.21,0.038,0.0049,0.0015,230
40029,blend,1.66,0.0163,0.00816,0.00127,0.0000119,0.00000357,0.64,0.23,0.044,0.0086,0.0035,236
40031,blend,0.711,0.0478,0.00951,0.0014,0.00000554,0.00000115,0.58,0.21,0.039,0.005,0.0012,219
40033,blend,2.04,0.0684,0.00783,0.0013,0.00000636,0.00000158,0.58,0.2,0.04,0.0059,0.0018,217
40035,blend,1.9,0.0231,0.00803,0.00147,0.0000112,0.00000208,0.54,0.16,0.033,0.0048,0.0019,262
40037,blend,0.539,0.0488,0.0132,0.00149,0.00000764,0.00000182,0.57,0.19,0.037,0.005,0.0018,249
40039,blend,1.44,0.101,0.0141,0.00165,0.00000399,0.000000237,0.56,0.22,0.036,0.0033,0.00025,212
40041,blend,1.5,0.0341,0.00795,0.00141,0.0000132,0.00000307,0.57,0.19,0.036,0.0064,0.0026,270
40043,blend,2.43,0.0839,0.0143,0.0017,0.00000374,0.000000117,0.55,0.21,0.034,0.0029,0.00012,207
40045,blend,3.83,0.0969,0.0144,0.0018,0.00000374,0.0000000483,0.53,0.21,0.034,0.003,0.00022,195
40047,blend,0.437,0.0384,0.0153,0.00167,0.00000403,0.000000272,0.54,0.19,0.033,0.0025,0.00026,228
40049,blend,0.744,0.0309,0.00925,0.00135,0.00000814,0.00000218,0.59,0.2,0.038,0.0057,0.0019,229
40051,blend,1.19,0.0934,0.0135,0.00153,0.00000598,0.00000129,0.58,0.21,0.038,0.0046,0.0011,225
40053,blend,1.59,0.0359,0.0135,0.00168,0.00000387,0.000000114,0.5,0.16,0.029,0.002,0.00016,231
40055,blend,0.256,0.0224,0.0108,0.00153,0.0000048,0.000000589,0.54,0.2,0.035,0.0047,0.001,203
40057,blend,0.896,0.0696,0.0095,0.00149,0.00000516,0.000000718,0.55,0.21,0.038,0.0059,0.0015,193
40059,blend,2.3,0.0484,0.0126,0.00176,0.0000037,0.00000000422,0.49,0.18,0.028,0.002,0.000029,197
40061,blend,0.382,0.017,0.00844,0.00131,0.0000143,0.00000423,0.65,0.24,0.044,0.0093,0.004,250
40063,blend,1.48,0.0349,0.00913,0.00135,0.0000107,0.00000303,0.62,0.22,0.042,0.0074,0.0029,243
40065,blend,0.146,0.0275,0.00933,0.00144,0.00000516,0.000000835,0.57,0.21,0.039,0.0058,0.0015,206
40067,blend,2.58,0.0635,0.00749,0.00123,0.00000792,0.00000224,0.6,0.21,0.041,0.0069,0.0024,222
40069,blend,1.38,0.0401,0.00853,0.00123,0.0000113,0.00000341,0.64,0.23,0.044,0.0084,0.0034,234
40071,blend,0.0774,0.0192,0.0115,0.00164,0.0000048,0.000000361,0.49,0.15,0.029,0.0022,0.00041,236
40073,blend,0.717,0.0678,0.0191,0.0018,0.00000436,0.000000462,0.55,0.2,0.033,0.0028,0.00035,225
40075,blend,2.03,0.128,0.027,0.00179,0.00000474,0.000000672,0.57,0.22,0.038,0.0046,0.00085,207
40077,blend,1.38,0.0647,0.00969,0.00127,0.0000148,0.00000452,0.66,0.25,0.046,0.01,0.0043,244
40079,blend,0.768,0.0411,0.00828,0.00124,0.0000171,0.00000529,0.68,0.27,0.047,0.011,0.0049,258
40081,blend,0.853,0.0646,0.0149,0.00154,0.00000689,0.00000157,0.57,0.2,0.037,0.0046,0.0014,243
40083,blend,0.572,0.062,0.0196,0.00227,0.00000513,0.000000834,0.55,0.19,0.034,0.0034,0.00072,237
40085,blend,1.06,0.0409,0.0089,0.00118,0.00001,0.00000306,0.58,0.19,0.035,0.0066,0.0026,229
40087,blend,0.567,0.0271,0.0101,0.00144,0.00000706,0.00000172,0.59,0.21,0.038,0.0051,0.0015,229
40089,blend,0.874,0.0411,0.00769,0.00111,0.0000191,0.0000062,0.72,0.3,0.052,0.014,0.006,253
40091,blend,0.817,0.0451,0.0092,0.00137,0.0000116,0.00000331,0.62,0.22,0.041,0.0077,0.0032,245
40093,blend,0.982,0.0295,0.0147,0.00172,0.00000364,0.0000000733,0.51,0.18,0.029,0.0021,0.000039,222
40095,blend,1.25,0.0314,0.00731,0.00118,0.0000116,0.00000359,0.62,0.22,0.04,0.0081,0.0033,234
40097,blend,1.22,0.0354,0.0089,0.00144,0.0000112,0.00000257,0.57,0.18,0.036,0.0059,0.0024,262
40099,blend,1.54,0.0432,0.00818,0.00129,0.00000942,0.0000027,0.61,0.21,0.04,0.0069,0.0026,233
40101,blend,0.734,0.0539,0.0102,0.00138,0.0000119,0.00000331,0.61,0.21,0.04,0.0076,0.0031,254
40103,blend,0.764,0.0532,0.0152,0.00162,0.00000469,0.000000592,0.53,0.17,0.032,0.0028,0.00057,235
40105,blend,1.36,0.0168,0.00827,0.00151,0.00000935,0.00000154,0.53,0.16,0.033,0.0042,0.0015,253
40107,blend,0.998,0.0196,0.0101,0.00143,0.00000913,0.00000242,0.6,0.21,0.039,0.0062,0.0023,246
40109,blend,0.382,0.0591,0.0213,0.00254,0.00000598,0.00000121,0.57,0.2,0.036,0.0041,0.0011,234
40111,blend,0.459,0.0221,0.0103,0.00143,0.0000097,0.00000259,0.59,0.2,0.039,0.0064,0.0025,249
40113,blend,0.586,0.0327,0.0117,0.00157,0.00000642,0.000000987,0.53,0.17,0.033,0.0034,0.0011,249
40115,blend,0.55,0.0262,0.00679,0.00143,0.0000133,0.00000256,0.54,0.17,0.033,0.0053,0.0021,265
40117,blend,0.736,0.0398,0.0118,0.00157,0.0000059,0.00000107,0.53,0.17,0.033,0.0035,0.001,246
40119,blend,0.211,0.0288,0.0127,0.00157,0.00000572,0.00000108,0.54,0.18,0.033,0.0036,0.00098,242
40121,blend,0.795,0.046,0.0105,0.0013,0.0000129,0.00000384,0.65,0.24,0.044,0.0089,0.0037,246
40123,blend,0.798,0.0341,0.0086,0.00132,0.0000101,0.00000289,0.62,0.22,0.042,0.0073,0.0028,235
40125,blend,0.603,0.0504,0.0153,0.00145,0.00000797,0.00000202,0.59,0.21,0.039,0.0056,0.0019,236
40127,blend,1.25,0.0321,0.00818,0.00119,0.0000158,0.000005,0.69,0.27,0.048,0.011,0.0049,247
40129,blend,2.18,0.094,0.0139,0.00169,0.0000041,0.000000189,0.55,0.22,0.037,0.004,0.00053,193
40131,blend,0.6,0.0288,0.0102,0.00148,0.00000944,0.00000201,0.55,0.18,0.035,0.0051,0.002,259
40133,blend,1.06,0.0368,0.0102,0.0014,0.0000092,0.00000248,0.61,0.21,0.04,0.0064,0.0024,240
40135,blend,0.391,0.0283,0.00866,0.00132,0.0000151,0.00000438,0.62,0.22,0.04,0.0086,0.0037,256
40137,blend,0.483,0.0186,0.00831,0.00132,0.00000714,0.00000186,0.59,0.21,0.04,0.0059,0.0018,224
40139,blend,0.145,0.0216,0.00412,0.00158,0.00000459,0.000000128,0.44,0.15,0.027,0.0032,0.00054,158
40141,blend,2.02,0.0867,0.00971,0.0014,0.00000551,0.00000115,0.58,0.21,0.04,0.0059,0.0016,211
40143,blend,0.341,0.0476,0.0151,0.00152,0.00000848,0.00000197,0.56,0.18,0.036,0.0052,0.002,253
40145,blend,0.649,0.0482,0.012,0.00143,0.0000105,0.00000265,0.58,0.2,0.038,0.0063,0.0026,258
40147,blend,0.741,0.0249,0.00909,0.00153,0.0000081,0.00000131,0.53,0.16,0.033,0.0039,0.0014,255
40149,blend,2.59,0.143,0.017,0.00166,0.00000431,0.000000415,0.57,0.22,0.037,0.0039,0.00048,212
40151,blend,0.483,0.0244,0.0135,0.00175,0.00000358,0.00000000111,0.5,0.18,0.029,0.002,0.0000071,215
40153,blend,0.744,0.04,0.0144,0.00176,0.00000358,0.0000000155,0.52,0.19,0.031,0.0023,0.000044,205
41001,blend,1.22,0.0116,0.00416,0.00116,0.0000637,0.00000704,0.45,0.2,0.029,0.0049,0.0011,73
41003,blend,0.434,0.0465,0.0119,0.0014,0.0000971,0.0000106,0.6,0.22,0.055,0.015,0.0031,50
41005,blend,0.586,0.088,0.0226,0.00202,0.000102,0.0000096,0.65,0.25,0.061,0.016,0.0036,65
41007,blend,2.08,0.0607,0.00816,0.00128,0.0000826,0.0000096,0.61,0.2,0.045,0.013,0.0032,51
41009,blend,0,0.0251,0.00889,0.0013,0.0000818,0.00000942,0.49,0.13,0.028,0.0075,0.0018,59
41011,blend,0.534,0.0353,0.0115,0.00138,0.000102,0.0000104,0.64,0.26,0.07,0.018,0.0031,40
41013,blend,1.01,0.0382,0.0126,0.0013,0.0000833,0.00000891,0.52,0.19,0.05,0.011,0.0022,72
41015,blend,0.616,0.0453,0.0121,0.0013,0.0000957,0.00000918,0.64,0.27,0.067,0.017,0.0024,38
41017,blend,0.181,0.0237,0.0119,0.00131,0.0000875,0.00000924,0.57,0.21,0.056,0.013,0.0025,63
41019,blend,0.495,0.0271,0.012,0.00133,0.0000959,0.00000978,0.62,0.24,0.067,0.017,0.0028,44
41021,blend,0.726,0.0264,0.0088,0.00126,0.0000755,0.00000851,0.51,0.18,0.037,0.0081,0.002,82
41023,blend,1.11,0.0251,0.00842,0.00125,0.0000745,0.00000813,0.43,0.17,0.035,0.0069,0.0015,76
41025,blend,0.254,0.00825,0.00355,0.00116,0.0000729,0.00000729,0.36,0.12,0.045,0.0089,0.0013,58
41027,blend,0.573,0.026,0.00935,0.00129,0.0000804,0.00000911,0.57,0.19,0.043,0.011,0.0025,70
41029,blend,0.411,0.0284,0.0119,0.00118,0.0000841,0.00000802,0.67,0.3,0.075,0.018,0.0024,48
41031,blend,0.848,0.049,0.0131,0.00132,0.0000851,0.00000931,0.56,0.21,0.049,0.012,0.0025,72
41033,blend,0.985,0.0483,0.0131,0.00122,0.0000894,0.00000852,0.68,0.31,0.078,0.019,0.0026,41
41035,blend,0.594,0.0283,0.0112,0.00119,0.0000823,0.00000801,0.62,0.25,0.069,0.016,0.0022,54
41037,blend,0.435,0.0281,0.0095,0.00116,0.0000777,0.00000761,0.54,0.2,0.062,0.013,0.0018,59
41039,blend,0.136,0.0498,0.0163,0.00154,0.000106,0.0000102,0.6,0.22,0.059,0.015,0.0029,50
41041,blend,1.24,0.105,0.0216,0.00146,0.0000986,0.0000109,0.61,0.22,0.056,0.015,0.0033,48
41043,blend,0.654,0.0434,0.0144,0.00146,0.000105,0.0000101,0.59,0.21,0.053,0.013,0.0028,55
41045,blend,0.691,0.00277,0.000601,0.00107,0.0000635,0.00000644,0.36,0.13,0.039,0.0068,0.001,55
41047,blend,0.625,0.0883,0.0228,0.00218,0.000096,0.0000113,0.65,0.26,0.065,0.017,0.0038,62
41049,blend,0.223,0.0264,0.00863,0.00124,0.0000718,0.00000811,0.51,0.21,0.037,0.0078,0.0019,85
41051,blend,0.333,0.0707,0.0108,0.00142,0.0000828,0.00000944,0.65,0.25,0.059,0.015,0.0037,65
41053,blend,0.583,0.0698,0.0153,0.00152,0.0000932,0.0000104,0.66,0.26,0.067,0.018,0.0041,54
41055,blend,1.24,0.0213,0.00885,0.00127,0.0000772,0.00000871,0.53,0.19,0.039,0.009,0.0021,80
41057,blend,1.2,0.118,0.00985,0.00134,0.0000893,0.0000102,0.6,0.2,0.047,0.013,0.0031,53
41059,blend,0.63,0.0238,0.00724,0.00119,0.0000657,0.00000746,0.51,0.23,0.033,0.0064,0.0016,86
41061,blend,0.686,0.0151,0.00589,0.00117,0.0000629,0.00000709,0.47,0.21,0.027,0.0048,0.0012,77
41063,blend,2.22,0.0387,0.0101,0.00112,0.000055,0.00000622,0.57,0.28,0.031,0.0049,0.0013,76
41065,blend,0.0993,0.0273,0.00978,0.0013,0.0000813,0.0000091,0.55,0.19,0.043,0.01,0.0024,78
41067,blend,0.261,0.0386,0.00925,0.00129,0.0000853,0.00000976,0.66,0.25,0.061,0.017,0.004,59
41069,region_only,0.391,0.0441,0.0122,0.00134,0.0000797,0.00000871,0,0,0,0,0,79
41071,blend,0.465,0.0543,0.0126,0.00156,0.0000894,0.0000101,0.66,0.26,0.064,0.018,0.0041,57
42001,blend,0.687,0.0328,0.00242,0.00018,0.00000223,0.00000000509,0.72,0.24,0.024,0.0023,0.0000045,330
42003,blend,0.175,0.0359,0.00792,0.000329,0.0000124,0.000000391,0.79,0.34,0.03,0.0045,0.00022,340
42005,blend,0.908,0.0616,0.0112,0.000258,0.0000116,0.000000186,0.77,0.31,0.028,0.0041,0.00015,312
42007,blend,0.452,0.0409,0.00747,0.000294,0.0000157,0.000000498,0.79,0.34,0.03,0.005,0.00028,326
42009,blend,0.684,0.0289,0.00322,0.000226,0.00000465,0.0000000726,0.76,0.3,0.027,0.0032,0.000066,361
42011,blend,0.261,0.024,0.00237,0.000127,0.00000105,0,0.71,0.22,0.019,0.0014,0,285
42013,blend,0.446,0.0196,0.00313,0.000211,0.00000522,0.0000000405,0.75,0.28,0.026,0.003,0.000048,333
42015,blend,0.969,0.0481,0.00406,0.000124,0.00000245,0,0.74,0.24,0.018,0.0014,0,238
42017,blend,0.432,0.0555,0.00285,0.000106,0.000000667,0,0.71,0.22,0.017,0.001,0,254
42019,blend,0.555,0.0519,0.007,0.000277,0.0000147,0.000000304,0.78,0.32,0.029,0.0046,0.00022,307
42021,blend,0.871,0.0402,0.00559,0.000228,0.00000672,0.0000000711,0.76,0.29,0.027,0.0033,0.000075,335
42023,blend,2.64,0.0934,0.00914,0.000196,0.0000082,0.0000000382,0.75,0.25,0.023,0.0029,0.000055,271
42025,blend,0.578,0.03,0.00282,0.000113,0.000000777,0,0.73,0.23,0.018,0.0011,0,255
42027,blend,0.336,0.0348,0.00353,0.000186,0.00000478,0.0000000201,0.74,0.25,0.024,0.0026,0.000028,302
42029,blend,0.371,0.0553,0.00413,0.000129,0.00000111,0,0.7,0.22,0.02,0.0014,0,278
42031,blend,1.29,0.0604,0.0049,0.000254,0.0000136,0.00000015,0.77,0.29,0.027,0.0042,0.00017,285
42033,blend,0.883,0.041,0.00609,0.000212,0.00000765,0.000000048,0.75,0.27,0.025,0.0032,0.000062,303
42035,blend,0.629,0.0288,0.00297,0.000173,0.00000494,0.0000000146,0.74,0.25,0.022,0.0024,0.000021,280
42037,blend,0.73,0.0567,0.00412,0.000131,0.0000014,0,0.73,0.23,0.019,0.0014,0,265
42039,blend,1.05,0.0571,0.00696,0.000286,0.0000219,0.000000286,0.76,0.29,0.028,0.0054,0.00035,249
42041,blend,0.224,0.0131,0.00249,0.000176,0.00000226,0.00000000276,0.72,0.24,0.024,0.0022,0.0000035,334
42043,blend,0.122,0.011,0.00248,0.000155,0.00000171,0,0.72,0.23,0.022,0.0018,0,308
42045,blend,0.268,0.0538,0.00356,0.00012,0.000000934,0,0.69,0.21,0.019,0.0012,0,268
42047,blend,0.772,0.0281,0.00363,0.000217,0.0000106,0.0000000648,0.75,0.26,0.025,0.0035,0.000097,272
42049,blend,0.494,0.0236,0.00667,0.000289,0.0000259,0.000000262,0.76,0.29,0.027,0.0059,0.00043,222
42051,blend,0.642,0.0336,0.00392,0.000272,0.00000845,0.000000359,0.8,0.36,0.03,0.0041,0.00019,374
42053,blend,4.41,0.26,0.00894,0.000246,0.0000146,0.000000117,0.76,0.27,0.026,0.0042,0.00018,258
42055,blend,0.286,0.0109,0.00255,0.000197,0.00000288,0.0000000222,0.73,0.27,0.026,0.0026,0.000021,347
42057,blend,0.669,0.0315,0.00295,0.000213,0.00000363,0.0000000461,0.75,0.28,0.027,0.0029,0.000043,361
42059,blend,1.31,0.0664,0.00731,0.000294,0.0000107,0.00000061,0.81,0.38,0.031,0.0046,0.00026,381
42061,blend,0.566,0.0142,0.00336,0.000198,0.00000399,0.0000000237,0.74,0.27,0.025,0.0027,0.000029,332
42063,blend,1.33,0.0661,0.00934,0.000243,0.00000888,0.000000119,0.77,0.3,0.028,0.0037,0.00011,323
42065,blend,1.19,0.072,0.00449,0.000236,0.0000109,0.0000000879,0.76,0.28,0.026,0.0037,0.00011,291
42067,blend,1.05,0.0293,0.00261,0.000174,0.00000275,0.00000000598,0.73,0.25,0.023,0.0022,0.0000083,320
42069,blend,0.246,0.0224,0.00263,0.000104,0.000000646,0,0.74,0.24,0.016,0.00092,0,238
42071,blend,0.137,0.00962,0.00233,0.000143,0.0000014,0,0.7,0.22,0.021,0.0017,0,299
42073,blend,0.561,0.032,0.00555,0.000294,0.0000178,0.000000438,0.78,0.32,0.03,0.0051,0.0003,304
42075,blend,0.662,0.0166,0.00242,0.000144,0.00000142,0,0.71,0.23,0.021,0.0017,0,299
42077,blend,0.152,0.0173,0.00258,0.000115,0.000000805,0,0.72,0.23,0.018,0.0011,0,261
42079,blend,0.177,0.0128,0.00305,0.000117,0.000000936,0,0.73,0.24,0.018,0.0012,0,251
42081,blend,0.34,0.0217,0.00282,0.000149,0.00000322,0.00000000241,0.74,0.24,0.02,0.0019,0.0000037,266
42083,blend,1.23,0.0367,0.00494,0.000212,0.0000123,0.0000000671,0.75,0.25,0.024,0.0036,0.00012,245
42085,blend,0.771,0.0523,0.00765,0.000291,0.0000196,0.000000365,0.77,0.31,0.029,0.0052,0.00032,280
42087,blend,0.845,0.02,0.00307,0.000182,0.00000347,0.0000000122,0.73,0.25,0.024,0.0024,0.000017,318
42089,blend,0.634,0.0961,0.0101,0.00012,0.000000562,0,0.74,0.23,0.016,0.00089,0,242
42091,blend,0.282,0.0549,0.00382,0.000115,0.000000827,0,0.71,0.22,0.018,0.0011,0,266
42093,blend,0.405,0.0204,0.00262,0.00014,0.00000181,0,0.73,0.24,0.02,0.0016,0,273
42095,blend,0.373,0.0322,0.00299,0.000106,0.000000634,0,0.73,0.23,0.017,0.00097,0,248
42097,blend,0.436,0.0251,0.00258,0.000144,0.00000175,0,0.72,0.23,0.02,0.0017,0,286
42099,blend,1.2,0.0492,0.00396,0.000171,0.00000237,0.00000000319,0.72,0.24,0.023,0.0022,0.0000045,322
42101,blend,0.0322,0.0102,0.0023,0.000111,0.000000769,0,0.7,0.21,0.018,0.0011,0,260
42103,blend,1.65,0.183,0.0279,0.000555,0.000000398,0,0.75,0.24,0.015,0.00075,0,232
42105,blend,1.05,0.0421,0.004,0.000234,0.00000801,0.0000000265,0.75,0.25,0.022,0.0027,0.000044,252
42107,blend,0.364,0.031,0.00279,0.000131,0.00000116,0,0.72,0.23,0.019,0.0014,0,280
42109,blend,0.41,0.0181,0.00261,0.000158,0.00000233,0.00000000172,0.73,0.24,0.022,0.0019,0.0000025,300
42111,blend,0.536,0.0166,0.00328,0.000248,0.00000629,0.000000168,0.78,0.33,0.029,0.0036,0.00011,364
42113,blend,3.23,0.197,0.00869,0.000129,0.00000194,0,0.74,0.24,0.019,0.0014,0,255
42115,blend,1.89,0.165,0.00988,0.000103,0.000000969,0,0.75,0.25,0.016,0.00094,0,227
42117,blend,0.994,0.0491,0.00342,0.000152,0.00000507,0.00000000605,0.71,0.22,0.017,0.0018,0.0000082,252
42119,blend,0.218,0.0112,0.00282,0.000154,0.00000255,0.0000000019,0.73,0.24,0.021,0.0019,0.0000029,288
42121,blend,1.12,0.0828,0.00619,0.00027,0.0000171,0.000000215,0.77,0.29,0.028,0.0048,0.00024,268
42123,blend,1.17,0.0464,0.00553,0.000248,0.0000173,0.000000128,0.75,0.27,0.026,0.0045,0.00023,241
42125,blend,0.603,0.0499,0.00596,0.000292,0.0000124,0.00000055,0.8,0.36,0.03,0.0047,0.00026,360
42127,blend,1.61,0.186,0.013,0.000094,0.000000457,0,0.75,0.25,0.015,0.00077,0,230
42129,blend,0.364,0.0333,0.00512,0.000262,0.00000917,0.000000245,0.78,0.33,0.029,0.004,0.00015,348
42131,blend,2.05,0.0949,0.00402,0.000113,0.00000109,0,0.74,0.24,0.017,0.0011,0,238
42133,blend,0.339,0.0198,0.00285,0.000161,0.00000178,0,0.7,0.23,0.023,0.002,0,315
44001,blend,0.554,0.0625,0.00285,0.0000609,0.000000309,0,0.76,0.25,0.015,0.0012,0,129
44003,blend,0.276,0.0601,0.00349,0.000061,0.000000294,0,0.76,0.25,0.014,0.0011,0,137
44005,blend,0.37,0.0157,0.00199,0.0000599,0.000000295,0,0.76,0.24,0.014,0.0011,0,126
44007,blend,0.296,0.0467,0.00271,0.0000618,0.000000308,0,0.76,0.26,0.014,0.0011,0,135
44009,blend,0.964,0.104,0.00592,0.0000601,0.000000274,0,0.76,0.24,0.014,0.001,0,134
45001,blend,1.21,0.0459,0.00118,0.000237,0.0000131,0.00000195,0.59,0.15,0.023,0.0044,0.00053,396
45003,blend,0.399,0.00975,0.000779,0.000187,0.0000108,0.00000136,0.52,0.11,0.02,0.0037,0.00048,342
45005,blend,0.847,0.00666,0.000569,0.000147,0.00000947,0.00000115,0.47,0.092,0.018,0.0032,0.00047,301
45007,blend,0.571,0.0407,0.00152,0.000258,0.0000139,0.00000216,0.62,0.17,0.024,0.0046,0.00055,419
45009,blend,0.65,0.00675,0.000602,0.000165,0.00000953,0.00000116,0.48,0.098,0.019,0.0033,0.00046,298
45011,blend,0.723,0.0109,0.000663,0.000167,0.00001,0.00000123,0.49,0.1,0.019,0.0034,0.00047,319
45013,blend,0.223,0.00379,0.000334,0.000105,0.00000785,0.00000102,0.4,0.074,0.015,0.0027,0.00046,239
45015,blend,0.18,0.00568,0.000488,0.000171,0.00000841,0.00000109,0.48,0.092,0.02,0.0031,0.00045,237
45017,blend,0.661,0.00799,0.000746,0.000201,0.00000988,0.00000119,0.53,0.11,0.022,0.0036,0.00045,304
45019,blend,0.11,0.00433,0.000398,0.00014,0.00000779,0.00000105,0.44,0.081,0.018,0.0028,0.00044,213
45021,blend,0.306,0.0128,0.00185,0.000282,0.0000126,0.0000018,0.68,0.23,0.026,0.0046,0.00048,408
45023,blend,0.553,0.0308,0.00196,0.000303,0.0000116,0.00000152,0.64,0.19,0.025,0.0043,0.00046,371
45025,blend,1.09,0.0282,0.00143,0.000266,0.00000989,0.00000113,0.63,0.18,0.026,0.004,0.00041,327
45027,blend,0.577,0.00673,0.000675,0.000203,0.00000925,0.00000112,0.52,0.11,0.022,0.0035,0.00044,276
45029,blend,1.06,0.0111,0.000538,0.000141,0.00000863,0.0000011,0.45,0.086,0.018,0.003,0.00046,258
45031,blend,0.66,0.0175,0.00126,0.000249,0.00000947,0.00000108,0.59,0.15,0.025,0.0038,0.00041,302
45033,blend,0.993,0.0079,0.00114,0.000252,0.00000877,0.000000998,0.58,0.14,0.025,0.0037,0.00039,274
45035,blend,0.31,0.00745,0.000597,0.00016,0.00000873,0.00000111,0.47,0.091,0.019,0.0031,0.00045,258
45037,blend,0.803,0.014,0.000883,0.000203,0.0000116,0.00000155,0.55,0.12,0.021,0.0039,0.0005,359
45039,blend,0.77,0.0191,0.00156,0.000297,0.0000112,0.00000144,0.61,0.16,0.024,0.0041,0.00046,358
45041,blend,0.414,0.00776,0.000848,0.00023,0.00000899,0.00000107,0.55,0.12,0.024,0.0036,0.00042,266
45043,blend,0.245,0.0079,0.000503,0.000188,0.00000787,0.00000104,0.49,0.09,0.021,0.0031,0.00042,205
45045,blend,0.352,0.0305,0.0017,0.000277,0.0000138,0.00000215,0.66,0.2,0.025,0.0047,0.00053,425
45047,blend,0.45,0.0327,0.00116,0.00023,0.0000125,0.00000177,0.58,0.14,0.023,0.0042,0.00051,384
45049,blend,0.668,0.0149,0.000554,0.000133,0.00000896,0.00000111,0.44,0.086,0.017,0.003,0.00047,279
45051,blend,0.143,0.00736,0.000876,0.000222,0.00000796,0.000000991,0.53,0.1,0.023,0.0033,0.00039,219
45053,blend,0.603,0.00718,0.000386,0.000109,0.00000829,0.00000105,0.41,0.077,0.016,0.0028,0.00046,259
45055,blend,0.3,0.0105,0.00118,0.000247,0.0000103,0.00000124,0.6,0.15,0.025,0.004,0.00044,331
45057,blend,0.534,0.0273,0.00186,0.000267,0.0000108,0.00000133,0.64,0.19,0.026,0.0042,0.00044,351
45059,blend,0.279,0.0146,0.00128,0.000251,0.0000128,0.00000184,0.62,0.17,0.024,0.0044,0.00051,393
45061,blend,1.27,0.0136,0.001,0.000237,0.00000972,0.00000114,0.58,0.14,0.024,0.0038,0.00043,300
45063,blend,0.276,0.00878,0.0009,0.000213,0.0000108,0.00000136,0.55,0.13,0.022,0.0038,0.00047,338
45065,blend,2.96,0.0356,0.00107,0.000213,0.0000123,0.00000174,0.56,0.13,0.021,0.0041,0.00051,374
45067,blend,0.883,0.012,0.000981,0.000245,0.00000859,0.00000103,0.55,0.12,0.024,0.0035,0.0004,252
45069,blend,0.354,0.0146,0.0017,0.000264,0.00000921,0.00000101,0.61,0.17,0.026,0.0038,0.00039,306
45071,blend,0.55,0.0218,0.00116,0.000239,0.0000119,0.0000016,0.6,0.15,0.024,0.0042,0.00049,372
45073,blend,0.7,0.0573,0.0031,0.000366,0.0000226,0.00000278,0.64,0.18,0.024,0.0049,0.00059,437
45075,blend,0.221,0.00779,0.000648,0.000184,0.0000096,0.00000116,0.5,0.1,0.021,0.0034,0.00046,297
45077,blend,0.447,0.033,0.00178,0.00028,0.0000144,0.00000234,0.65,0.2,0.025,0.0048,0.00056,437
45079,blend,0.199,0.00877,0.00096,0.000225,0.0000105,0.00000128,0.57,0.13,0.023,0.0038,0.00045,330
45081,blend,1.36,0.0121,0.000977,0.000219,0.0000116,0.00000155,0.57,0.13,0.022,0.0041,0.00049,365
45083,blend,0.371,0.0265,0.00181,0.000277,0.0000132,0.00000197,0.67,0.21,0.025,0.0046,0.00051,417
45085,blend,0.66,0.0111,0.000947,0.000221,0.00000968,0.00000115,0.55,0.12,0.023,0.0037,0.00044,298
45087,blend,0.176,0.009,0.00148,0.000263,0.0000123,0.00000172,0.64,0.19,0.025,0.0044,0.00048,392
45089,blend,0.59,0.0098,0.000605,0.000202,0.00000864,0.00000108,0.51,0.1,0.022,0.0033,0.00043,244
45091,blend,0.131,0.00959,0.00178,0.000279,0.0000118,0.00000158,0.67,0.22,0.026,0.0044,0.00046,387
46003,blend,0.811,0.0146,0.00404,0.000643,0.0000445,0.00000101,0.32,0.11,0.023,0.0048,0.0011,186
46005,blend,0.736,0.0152,0.00287,0.000638,0.0000442,0.00000105,0.33,0.11,0.022,0.0047,0.0011,191
46007,blend,0.0394,0.0141,0.00351,0.000205,0.000036,0.000000993,0.21,0.053,0.012,0.0028,0.0006,115
46009,blend,0.952,0.0193,0.00621,0.000752,0.0000442,0.000000855,0.27,0.091,0.019,0.0036,0.00083,216
46011,blend,0.125,0.0159,0.00184,0.000759,0.0000423,0.000000818,0.34,0.1,0.023,0.0046,0.0011,230
46013,blend,0.255,0.0132,0.00287,0.000471,0.0000396,0.00000116,0.37,0.12,0.023,0.0054,0.0014,183
46015,blend,1.24,0.0138,0.00368,0.000561,0.0000438,0.00000107,0.32,0.1,0.023,0.0049,0.0012,178
46017,blend,0.747,0.0136,0.00339,0.000531,0.0000441,0.00000115,0.34,0.11,0.023,0.0051,0.0012,171
46019,blend,0.454,0.0148,0.00382,0.000242,0.0000335,0.00000119,0.55,0.2,0.036,0.0086,0.002,94
46021,blend,0.947,0.013,0.00335,0.000309,0.0000431,0.00000154,0.3,0.093,0.018,0.0045,0.0012,155
46023,blend,0.722,0.0172,0.00536,0.000653,0.0000436,0.000000931,0.27,0.09,0.02,0.0039,0.0009,197
46025,blend,1.27,0.0209,0.00301,0.000646,0.0000424,0.00000099,0.34,0.11,0.022,0.0047,0.0012,203
46027,blend,0,0.0192,0.00637,0.000828,0.0000435,0.000000778,0.24,0.076,0.015,0.0028,0.00067,245
46029,blend,0.0542,0.0107,0.0017,0.000674,0.0000411,0.000000904,0.33,0.099,0.02,0.0043,0.001,212
46031,blend,0.344,0.0116,0.00332,0.000313,0.000048,0.00000176,0.36,0.12,0.023,0.0058,0.0015,134
46033,blend,0.841,0.0722,0.00842,0.000178,0.0000268,0.000000767,0.53,0.19,0.033,0.0077,0.0016,91
46035,blend,0.474,0.0175,0.00427,0.000703,0.0000448,0.000000951,0.31,0.1,0.022,0.0045,0.0011,199
46037,blend,1.03,0.0388,0.00561,0.00067,0.0000398,0.000000997,0.37,0.12,0.023,0.0052,0.0013,200
46039,blend,1.63,0.059,0.00329,0.000726,0.0000409,0.000000814,0.34,0.098,0.022,0.0044,0.0011,225
46041,blend,0.539,0.019,0.00391,0.000307,0.000047,0.0000016,0.29,0.088,0.017,0.0042,0.0011,139
46043,blend,1.05,0.0172,0.00511,0.000688,0.0000444,0.000000937,0.25,0.08,0.017,0.0034,0.00079,193
46045,blend,0.454,0.0167,0.00324,0.000403,0.0000421,0.00000133,0.39,0.13,0.026,0.0063,0.0016,171
46047,blend,0.689,0.0179,0.00364,0.000122,0.0000235,0.00000062,0.49,0.16,0.031,0.0072,0.0014,84
46049,blend,1.48,0.0231,0.0034,0.000453,0.0000433,0.00000129,0.36,0.12,0.023,0.0054,0.0014,170
46051,blend,0.755,0.0734,0.00919,0.000671,0.0000394,0.000000841,0.35,0.1,0.021,0.0044,0.0011,214
46053,blend,0.152,0.0228,0.00481,0.000552,0.0000421,0.000000974,0.2,0.061,0.014,0.0028,0.00064,178
46055,blend,0.927,0.0706,0.0114,0.000276,0.0000482,0.00000137,0.41,0.13,0.028,0.0069,0.0016,124
46057,blend,1.69,0.0516,0.00164,0.00071,0.0000422,0.000000887,0.34,0.1,0.022,0.0046,0.0011,217
46059,blend,0.181,0.0148,0.00346,0.000531,0.0000442,0.0000012,0.29,0.088,0.017,0.0039,0.00096,173
46061,blend,0.703,0.0357,0.00404,0.00074,0.0000449,0.000000911,0.36,0.12,0.027,0.0055,0.0013,209
46063,blend,6.05,0.22,0.0155,0.000934,0.0000366,0.0000015,0.47,0.16,0.03,0.0069,0.0017,100
46065,blend,0.0766,0.0176,0.00452,0.000397,0.0000445,0.00000132,0.29,0.089,0.018,0.0042,0.001,158
46067,blend,0.459,0.0164,0.00519,0.000761,0.0000448,0.000000878,0.3,0.1,0.022,0.0042,0.00098,212
46069,blend,2.39,0.0162,0.00373,0.000462,0.0000444,0.00000128,0.31,0.096,0.019,0.0044,0.0011,163
46071,blend,0.749,0.0694,0.0047,0.000228,0.0000397,0.00000116,0.38,0.12,0.026,0.0062,0.0014,118
46073,blend,0.21,0.0131,0.00335,0.000619,0.0000445,0.00000106,0.34,0.11,0.023,0.005,0.0012,186
46075,blend,0.904,0.0274,0.00395,0.000306,0.0000428,0.00000127,0.35,0.11,0.024,0.0057,0.0013,140
46077,blend,0.431,0.0554,0.00236,0.000742,0.0000459,0.000000921,0.34,0.11,0.023,0.0047,0.0011,214
46079,blend,0.374,0.0278,0.00316,0.000797,0.0000464,0.00000148,0.37,0.12,0.027,0.0053,0.0013,227
46081,blend,0.556,0.024,0.00332,0.000173,0.0000271,0.000000871,0.56,0.2,0.035,0.0081,0.0017,91
46083,blend,0.222,0.0158,0.00451,0.000817,0.000043,0.000000768,0.37,0.13,0.028,0.0054,0.0013,246
46085,blend,0.588,0.0213,0.00571,0.000429,0.0000432,0.00000119,0.34,0.11,0.025,0.0056,0.0013,159
46087,blend,0.614,0.0426,0.00369,0.000776,0.0000446,0.000000863,0.38,0.13,0.029,0.0058,0.0014,222
46089,blend,0.899,0.0255,0.00746,0.000355,0.0000404,0.00000136,0.37,0.12,0.024,0.0058,0.0015,166
46091,blend,1.27,0.104,0.00824,0.000521,0.0000375,0.00000102,0.39,0.12,0.024,0.0053,0.0014,191
46093,blend,0.539,0.0136,0.0034,0.000238,0.0000397,0.00000132,0.53,0.19,0.037,0.009,0.0021,103
46095,blend,0.407,0.0175,0.00354,0.000293,0.0000407,0.00000116,0.28,0.081,0.019,0.0044,0.001,136
46097,blend,0.897,0.0314,0.00337,0.000736,0.0000445,0.000000914,0.38,0.13,0.028,0.0058,0.0014,213
46099,blend,0.39,0.0212,0.00387,0.000879,0.0000485,0.000000794,0.38,0.13,0.029,0.0056,0.0013,238
46101,blend,0.449,0.0379,0.00459,0.00089,0.0000427,0.00000079,0.33,0.098,0.022,0.0044,0.001,240
46102,blend,0.324,0.0118,0.00318,0.000166,0.0000322,0.000000893,0.39,0.12,0.023,0.0055,0.0011,99
46103,blend,0.213,0.0213,0.00451,0.000203,0.0000348,0.00000106,0.53,0.19,0.035,0.0086,0.0019,99
46105,blend,3.76,0.109,0.00424,0.000315,0.000046,0.00000174,0.46,0.16,0.032,0.0077,0.0019,113
46107,blend,0.456,0.0166,0.00376,0.000358,0.0000446,0.00000145,0.38,0.12,0.025,0.0059,0.0015,156
46109,blend,0.769,0.0228,0.00176,0.000592,0.0000373,0.000000892,0.37,0.11,0.022,0.0048,0.0012,200
46111,blend,1.27,0.0142,0.00332,0.00069,0.0000447,0.000000979,0.35,0.12,0.025,0.0053,0.0013,201
46115,blend,0.578,0.012,0.00285,0.000573,0.0000427,0.00000112,0.35,0.11,0.022,0.0049,0.0012,186
46117,blend,0.391,0.0142,0.00416,0.000303,0.0000447,0.00000141,0.39,0.13,0.027,0.0064,0.0016,143
46119,blend,0,0.0173,0.00415,0.000363,0.0000451,0.00000142,0.22,0.064,0.012,0.0029,0.00072,150
46121,blend,1.54,0.0283,0.00338,0.000291,0.0000385,0.00000105,0.21,0.056,0.015,0.0033,0.00073,138
46123,blend,0.124,0.0136,0.00337,0.000429,0.0000411,0.00000107,0.24,0.069,0.017,0.0037,0.00085,165
46125,blend,0.504,0.0274,0.00486,0.000804,0.0000443,0.000000819,0.37,0.13,0.028,0.0054,0.0013,231
46127,blend,0.386,0.0173,0.00616,0.000827,0.0000422,0.000000737,0.34,0.12,0.025,0.0045,0.0011,256
46129,blend,0.773,0.0122,0.00349,0.000326,0.0000441,0.00000151,0.4,0.14,0.027,0.0066,0.0017,155
46135,blend,0.424,0.0235,0.00668,0.00092,0.0000667,0.000000821,0.29,0.096,0.02,0.0037,0.00088,227
46137,blend,1.07,0.0174,0.00363,0.000287,0.0000471,0.00000161,0.39,0.13,0.025,0.0063,0.0015,123
47001,blend,0.133,0.0125,0.00317,0.000348,0.0000177,0.00000359,0.68,0.27,0.026,0.0056,0.00077,466
47003,blend,0.325,0.0262,0.00381,0.00038,0.0000224,0.00000567,0.55,0.17,0.024,0.0066,0.0017,434
47005,region_only,0.53,0.0389,0.00704,0.000455,0.0000254,0.00000703,0,0,0,0,0,386
47007,blend,1.52,0.0372,0.00328,0.000353,0.0000195,0.0000043,0.51,0.14,0.016,0.0038,0.0007,463
47009,blend,0.632,0.0233,0.00286,0.000332,0.0000171,0.00000333,0.68,0.25,0.026,0.0056,0.00073,459
47011,blend,1.06,0.0347,0.00268,0.00033,0.0000187,0.00000393,0.5,0.13,0.015,0.0037,0.00063,448
47013,blend,0.649,0.0136,0.0037,0.000353,0.0000176,0.0000036,0.69,0.28,0.026,0.0056,0.00077,471
47015,blend,0.617,0.012,0.0028,0.000372,0.0000212,0.00000513,0.58,0.2,0.025,0.0065,0.0015,453
47017,blend,0,0.0295,0.00735,0.00047,0.0000263,0.00000749,0.29,0.077,0.0089,0.0027,0.00093,372
47019,blend,0,0.0254,0.00535,0.000336,0.0000139,0.00000228,0.46,0.12,0.0072,0.0013,0.00013,464
47021,blend,1.01,0.0317,0.00525,0.000401,0.0000229,0.00000594,0.57,0.21,0.028,0.0077,0.0021,431
47023,blend,1.6,0.0306,0.00695,0.000474,0.0000277,0.00000825,0.56,0.19,0.027,0.0085,0.0031,358
47025,blend,0.726,0.0159,0.00454,0.000352,0.0000168,0.00000328,0.63,0.23,0.017,0.0036,0.00045,472
47027,blend,2.92,0.0157,0.00353,0.000368,0.0000197,0.00000451,0.63,0.25,0.027,0.0065,0.0012,466
47029,blend,0.755,0.023,0.00407,0.000331,0.0000158,0.00000287,0.66,0.24,0.02,0.0039,0.00045,468
47031,blend,0.415,0.0203,0.00286,0.000367,0.0000215,0.00000523,0.58,0.18,0.024,0.0066,0.0016,445
47033,blend,1.91,0.0223,0.00785,0.000512,0.0000277,0.00000823,0.55,0.19,0.024,0.0077,0.0029,353
47035,blend,1.49,0.0547,0.00314,0.000358,0.000019,0.00000413,0.53,0.16,0.016,0.0037,0.00062,465
47037,blend,0.407,0.0498,0.00539,0.000414,0.0000223,0.0000057,0.58,0.21,0.027,0.0075,0.0019,440
47039,region_only,0.536,0.0387,0.00717,0.000459,0.0000264,0.00000755,0,0,0,0,0,376
47041,blend,0.0866,0.0114,0.0029,0.00037,0.0000206,0.00000486,0.59,0.2,0.024,0.0062,0.0013,456
47043,blend,0,0.0196,0.00486,0.000416,0.0000237,0.00000628,0.43,0.13,0.016,0.0047,0.0013,415
47045,blend,0.136,0.0232,0.00796,0.00054,0.0000275,0.00000807,0.54,0.2,0.024,0.0075,0.0028,348
47047,blend,1.11,0.0587,0.011,0.000546,0.0000298,0.00000925,0.61,0.22,0.03,0.0098,0.0039,334
47049,blend,2.53,0.0291,0.00378,0.000364,0.0000189,0.00000411,0.54,0.18,0.016,0.0037,0.0006,472
47051,blend,0.55,0.0108,0.00216,0.000361,0.0000218,0.00000533,0.54,0.15,0.021,0.0058,0.0015,436
47053,blend,0.366,0.0218,0.0072,0.000493,0.0000269,0.00000784,0.56,0.2,0.026,0.0082,0.003,356
47055,blend,1.85,0.0306,0.00332,0.000399,0.0000243,0.00000652,0.55,0.16,0.025,0.0074,0.0023,409
47057,blend,0.723,0.0161,0.00367,0.000343,0.0000165,0.00000317,0.72,0.3,0.026,0.0053,0.00065,470
47059,blend,0.372,0.0137,0.00385,0.000335,0.0000153,0.00000273,0.71,0.28,0.022,0.0043,0.00047,471
47061,blend,1.26,0.0389,0.00748,0.000359,0.0000207,0.00000483,0.47,0.12,0.015,0.004,0.00087,456
47063,blend,0.176,0.0126,0.00379,0.000341,0.0000161,0.000003,0.7,0.28,0.023,0.0045,0.00053,474
47065,blend,0.128,0.0153,0.00195,0.000338,0.0000195,0.00000428,0.51,0.13,0.017,0.0041,0.0008,448
47067,blend,1.43,0.0314,0.00992,0.000349,0.000016,0.000003,0.64,0.23,0.016,0.0032,0.00038,476
47069,blend,0.213,0.0219,0.00781,0.000503,0.0000291,0.00000886,0.59,0.21,0.028,0.0093,0.0036,340
47071,region_only,0.541,0.039,0.0073,0.000467,0.0000276,0.00000802,0,0,0,0,0,364
47073,blend,0.892,0.0278,0.00412,0.00034,0.0000154,0.00000281,0.76,0.35,0.028,0.0055,0.00061,476
47075,blend,0.757,0.0273,0.0082,0.000527,0.0000285,0.00000865,0.59,0.22,0.029,0.0092,0.0035,343
47077,blend,0.102,0.0234,0.00645,0.000461,0.0000267,0.00000776,0.54,0.19,0.025,0.0079,0.0028,367
47079,blend,2.03,0.0576,0.00845,0.000458,0.0000252,0.00000694,0.45,0.14,0.018,0.0053,0.0017,383
47081,blend,0,0.0188,0.00484,0.000421,0.0000244,0.00000666,0.45,0.13,0.017,0.0051,0.0016,405
47083,blend,0,0.0316,0.00607,0.000435,0.0000242,0.00000648,0.14,0.033,0.0037,0.0011,0.00031,408
47085,region_only,0.525,0.0369,0.00642,0.000441,0.0000248,0.0000068,0,0,0,0,0,398
47087,blend,0.101,0.0208,0.00396,0.000377,0.0000201,0.00000464,0.32,0.081,0.0077,0.0019,0.00035,462
47089,blend,0.474,0.0165,0.00363,0.000337,0.0000164,0.00000309,0.71,0.29,0.026,0.0052,0.00063,467
47091,blend,0,0.0445,0.00668,0.00034,0.0000134,0.00000211,0.14,0.027,0.0013,0.00023,0.000022,464
47093,blend,0.537,0.0168,0.003,0.000341,0.0000172,0.0000034,0.69,0.27,0.026,0.0055,0.00072,463
47095,blend,0.879,0.0341,0.00781,0.000548,0.000027,0.00000769,0.53,0.19,0.023,0.007,0.0026,351
47097,blend,0.138,0.0223,0.00862,0.000569,0.0000284,0.00000861,0.57,0.21,0.026,0.0083,0.0032,341
47099,blend,1,0.0168,0.00419,0.000418,0.0000253,0.00000699,0.5,0.14,0.02,0.0062,0.002,397
47101,blend,0,0.0193,0.0048,0.000424,0.000025,0.00000691,0.42,0.11,0.015,0.0047,0.0015,399
47103,blend,0.00247,0.0118,0.00264,0.00038,0.0000232,0.00000597,0.53,0.14,0.022,0.0062,0.0018,417
47105,blend,0.583,0.0122,0.00279,0.000339,0.0000178,0.0000036,0.67,0.24,0.026,0.0057,0.00082,459
47107,blend,0.441,0.0142,0.00213,0.000335,0.0000183,0.00000376,0.6,0.18,0.021,0.0048,0.00076,453
47109,blend,0,0.0293,0.00788,0.000484,0.0000285,0.00000848,0.32,0.076,0.0096,0.0031,0.0011,353
47111,blend,1.7,0.0278,0.00386,0.000375,0.0000205,0.00000484,0.61,0.23,0.027,0.0067,0.0014,458
47113,blend,0.667,0.0236,0.00728,0.000486,0.0000277,0.00000825,0.57,0.21,0.028,0.0088,0.0032,355
47115,blend,0.494,0.0141,0.00193,0.000346,0.0000205,0.00000473,0.52,0.14,0.019,0.0048,0.0011,445
47117,blend,0.405,0.0186,0.00312,0.00039,0.0000232,0.00000605,0.56,0.18,0.025,0.0073,0.0021,422
47119,blend,0.505,0.0254,0.00387,0.000401,0.0000238,0.00000634,0.57,0.19,0.028,0.0082,0.0024,416
47121,blend,2.65,0.0208,0.00237,0.000343,0.0000187,0.00000394,0.52,0.14,0.016,0.0036,0.00059,461
47123,blend,0.722,0.0315,0.00369,0.000328,0.0000176,0.00000348,0.66,0.22,0.026,0.0056,0.0008,461
47125,blend,0.35,0.0253,0.00551,0.000412,0.0000231,0.000006,0.56,0.21,0.027,0.0077,0.0021,421
47127,blend,1.38,0.0366,0.00376,0.000373,0.0000224,0.00000562,0.53,0.15,0.021,0.006,0.0016,435
47129,blend,0.0935,0.0106,0.00313,0.000354,0.0000184,0.00000389,0.66,0.25,0.025,0.0057,0.00086,471
47131,blend,0.66,0.0398,0.00824,0.000512,0.0000265,0.00000748,0.52,0.19,0.022,0.0069,0.0024,358
47133,blend,0.37,0.013,0.00344,0.000366,0.0000194,0.00000435,0.6,0.22,0.022,0.0053,0.00092,472
47135,region_only,0.527,0.0367,0.00651,0.000447,0.0000257,0.00000723,0,0,0,0,0,388
47137,blend,3.25,0.0657,0.00511,0.000367,0.0000191,0.0000042,0.54,0.18,0.017,0.0038,0.00063,474
47139,blend,1.31,0.0351,0.00197,0.00032,0.000018,0.00000362,0.59,0.17,0.021,0.0048,0.00076,448
47141,blend,0.052,0.0154,0.00332,0.000369,0.0000199,0.00000453,0.51,0.16,0.016,0.0039,0.00072,465
47143,blend,0.857,0.0312,0.00285,0.000348,0.000019,0.00000407,0.52,0.15,0.016,0.0037,0.00062,466
47145,blend,0.489,0.0106,0.00272,0.000346,0.0000182,0.00000377,0.64,0.22,0.023,0.0052,0.00077,469
47147,blend,0.938,0.0352,0.00466,0.000394,0.0000221,0.00000556,0.57,0.21,0.027,0.0073,0.0018,435
47149,blend,0.139,0.012,0.00305,0.00038,0.0000219,0.00000549,0.59,0.21,0.027,0.0074,0.0018,444
47151,blend,0.0292,0.0149,0.00406,0.00036,0.0000182,0.00000382,0.57,0.19,0.016,0.0036,0.00052,474
47153,blend,0.612,0.0144,0.00229,0.000351,0.00002,0.00000451,0.49,0.13,0.015,0.0038,0.00077,451
47155,blend,0.784,0.0627,0.00977,0.00038,0.0000165,0.0000031,0.69,0.26,0.025,0.0052,0.00063,468
47157,blend,0.59,0.106,0.0204,0.000934,0.0000302,0.00000953,0.68,0.28,0.039,0.013,0.0053,319
47159,blend,0.228,0.0157,0.00345,0.000374,0.0000206,0.00000488,0.59,0.21,0.025,0.0063,0.0013,454
47161,blend,2.94,0.0706,0.00979,0.000432,0.0000241,0.0000064,0.51,0.18,0.023,0.0066,0.0019,402
47163,blend,0.436,0.0288,0.00491,0.000335,0.0000142,0.0000024,0.78,0.38,0.029,0.0053,0.00054,468
47165,blend,0.565,0.0306,0.00411,0.000383,0.0000214,0.00000524,0.58,0.22,0.027,0.007,0.0016,448
47167,blend,1.05,0.0461,0.00972,0.000581,0.0000292,0.00000904,0.66,0.27,0.037,0.012,0.0047,327
47169,blend,1.26,0.0153,0.00343,0.000377,0.0000209,0.00000502,0.6,0.23,0.027,0.0069,0.0015,459
47171,blend,0.102,0.0145,0.00404,0.000331,0.0000145,0.00000245,0.65,0.23,0.017,0.0031,0.00033,465
47173,blend,1.68,0.0261,0.00358,0.000347,0.0000171,0.00000338,0.71,0.29,0.026,0.0055,0.00072,468
47175,blend,0.606,0.0235,0.0029,0.000361,0.00002,0.00000454,0.48,0.14,0.015,0.0037,0.00072,465
47177,blend,0,0.0147,0.00278,0.000368,0.0000207,0.00000486,0.42,0.11,0.013,0.0032,0.00069,456
47179,blend,0.227,0.0123,0.00394,0.000333,0.0000146,0.00000251,0.76,0.34,0.027,0.0051,0.00053,465
47181,blend,0,0.0208,0.00547,0.000441,0.0000264,0.00000752,0.41,0.11,0.015,0.0046,0.0016,378
47183,blend,0,0.0272,0.00731,0.000483,0.0000261,0.00000729,0.37,0.11,0.013,0.0038,0.0013,367
47185,blend,0.314,0.0269,0.00299,0.000365,0.0000199,0.00000452,0.5,0.15,0.016,0.0039,0.00073,463
47187,blend,0.174,0.0142,0.00363,0.000395,0.0000229,0.00000598,0.58,0.2,0.028,0.0079,0.0021,437
47189,blend,0.339,0.0177,0.00368,0.000379,0.0000213,0.00000523,0.59,0.22,0.027,0.0071,0.0016,450
48001,blend,1.04,0.0767,0.00787,0.000678,0.0000193,0.00000695,0.71,0.28,0.051,0.016,0.0078,213
48003,blend,0.5,0.0172,0.00171,0.000594,0.0000131,0.00000329,0.6,0.25,0.049,0.021,0.011,113
48005,blend,0.746,0.0303,0.00643,0.000545,0.0000243,0.00000886,0.74,0.32,0.057,0.02,0.0098,203
48007,blend,1.64,0.0197,0.00351,0.0000807,0.0000109,0.00000505,0.54,0.14,0.029,0.013,0.0093,93
48009,blend,1.33,0.052,0.00602,0.00115,0.00000695,0.00000196,0.53,0.17,0.034,0.0062,0.0023,213
48011,blend,2.58,0.22,0.00428,0.00149,0.00000601,0.000000623,0.52,0.2,0.041,0.0082,0.0028,159
48013,blend,0.5,0.00693,0.00269,0.0000888,0.00000865,0.00000412,0.54,0.17,0.035,0.016,0.01,112
48015,blend,4.1,0.561,0.0749,0.000375,0.0000498,0.0000256,0.67,0.22,0.05,0.019,0.011,158
48017,blend,0.364,0.00739,0.0011,0.00105,0.00000962,0.00000152,0.52,0.19,0.049,0.016,0.0071,124
48019,blend,0.731,0.00834,0.00265,0.000199,0.0000087,0.00000384,0.45,0.13,0.028,0.012,0.007,137
48021,blend,0.733,0.0253,0.00475,0.000315,0.0000123,0.00000504,0.61,0.19,0.044,0.016,0.0091,163
48023,blend,1.27,0.0557,0.0053,0.00117,0.00000643,0.00000168,0.51,0.16,0.033,0.0063,0.0023,205
48025,blend,2.22,0.0163,0.0031,0.000072,0.00000937,0.00000447,0.51,0.14,0.027,0.012,0.0087,102
48027,blend,0.279,0.0356,0.00547,0.000515,0.0000122,0.00000468,0.56,0.16,0.035,0.011,0.0058,196
48029,blend,0.0692,0.00768,0.00312,0.000168,0.00000892,0.00000402,0.54,0.17,0.037,0.015,0.0096,132
48031,blend,0.883,0.0412,0.00591,0.000331,0.00000951,0.00000396,0.5,0.14,0.032,0.011,0.0066,160
48033,blend,3.2,0.103,0.00721,0.000868,0.00000955,0.00000255,0.55,0.19,0.041,0.014,0.0067,149
48035,blend,1.26,0.0152,0.00425,0.000709,0.0000115,0.00000416,0.55,0.16,0.034,0.0092,0.0046,215
48037,blend,0.316,0.028,0.00731,0.000978,0.0000222,0.00000748,0.75,0.34,0.057,0.016,0.0075,255
48039,blend,0.712,0.0268,0.00548,0.000187,0.000019,0.00000761,0.63,0.19,0.042,0.017,0.0096,125
48041,blend,0.17,0.01,0.0049,0.000428,0.0000166,0.00000636,0.67,0.24,0.049,0.017,0.0091,182
48043,blend,1.68,0.104,0.0052,0.000188,0.0000336,0.00000645,0.73,0.42,0.062,0.035,0.021,54
48045,blend,4.16,0.12,0.0288,0.00142,0.00000653,0.000000934,0.51,0.18,0.038,0.0084,0.0031,161
48047,blend,1.62,0.0243,0.00133,0.000028,0.0000088,0.00000468,0.5,0.14,0.022,0.014,0.011,60
48049,blend,0.563,0.0123,0.00316,0.000671,0.00000842,0.00000306,0.52,0.15,0.035,0.01,0.0051,198
48051,blend,1.64,0.044,0.00503,0.000396,0.0000152,0.00000592,0.66,0.23,0.049,0.017,0.0094,177
48053,blend,0.487,0.0148,0.00381,0.00045,0.0000101,0.00000399,0.52,0.15,0.034,0.011,0.0061,182
48055,blend,0.371,0.0103,0.00397,0.000259,0.0000111,0.00000469,0.59,0.18,0.041,0.015,0.0091,153
48057,blend,0.887,0.0127,0.00412,0.000102,0.0000128,0.00000564,0.57,0.15,0.033,0.014,0.0094,104
48059,blend,1.93,0.0251,0.00265,0.000806,0.00000776,0.0000026,0.52,0.15,0.036,0.0096,0.0045,195
48061,blend,0.156,0.00477,0.000927,0.0000199,0.00000871,0.00000477,0.53,0.14,0.022,0.016,0.013,39
48063,blend,1.82,0.146,0.0173,0.00094,0.0000209,0.00000718,0.75,0.33,0.057,0.017,0.0077,246
48065,blend,1.34,0.0793,0.00921,0.00168,0.00000549,0.000000401,0.52,0.2,0.04,0.007,0.0021,159
48067,blend,1.83,0.126,0.0217,0.00103,0.0000233,0.00000797,0.76,0.35,0.059,0.018,0.0082,249
48069,blend,1.3,0.0238,0.00265,0.00127,0.00000781,0.00000103,0.51,0.19,0.046,0.012,0.005,138
48071,blend,1.37,0.146,0.0227,0.000256,0.0000234,0.00000899,0.73,0.28,0.062,0.024,0.013,149
48073,blend,1.27,0.101,0.0113,0.000678,0.0000216,0.00000773,0.71,0.29,0.049,0.016,0.0077,216
48075,blend,1.11,0.0366,0.00796,0.00144,0.00000567,0.000000891,0.56,0.21,0.041,0.0074,0.0023,187
48077,blend,0.852,0.0285,0.00658,0.00118,0.00000759,0.00000219,0.54,0.17,0.034,0.006,0.0022,220
48079,blend,0.591,0.0183,0.00114,0.00094,0.0000107,0.00000195,0.55,0.21,0.052,0.018,0.0085,123
48081,blend,3.74,0.0271,0.00186,0.000669,0.00000911,0.000003,0.56,0.18,0.039,0.014,0.007,160
48083,blend,0.301,0.0123,0.00266,0.000705,0.00000804,0.00000284,0.52,0.15,0.035,0.01,0.0049,192
48085,blend,0.194,0.0208,0.00609,0.00099,0.000014,0.00000468,0.65,0.23,0.042,0.01,0.0046,232
48087,blend,2.43,0.0867,0.0114,0.00155,0.00000513,0.000000576,0.56,0.22,0.041,0.0065,0.0017,184
48089,blend,2.5,0.122,0.00651,0.000234,0.0000149,0.00000607,0.65,0.21,0.047,0.018,0.011,145
48091,blend,0.243,0.0155,0.0036,0.000241,0.00000954,0.00000412,0.56,0.17,0.039,0.015,0.009,146
48093,blend,1.09,0.021,0.00347,0.000722,0.00000901,0.00000323,0.53,0.15,0.035,0.0095,0.0046,207
48095,blend,2.41,0.0196,0.00241,0.000533,0.00000855,0.00000316,0.52,0.16,0.036,0.012,0.0065,168
48097,blend,0.945,0.0257,0.0063,0.00111,0.0000108,0.00000342,0.6,0.2,0.039,0.0079,0.0033,224
48099,blend,0.345,0.0162,0.00426,0.000591,0.0000111,0.0000042,0.56,0.16,0.037,0.011,0.0056,201
48101,blend,0.744,0.087,0.00561,0.00133,0.00000632,0.00000124,0.51,0.18,0.035,0.0071,0.0025,186
48103,blend,0.444,0.00876,0.000704,0.000349,0.0000141,0.00000412,0.65,0.29,0.049,0.023,0.013,102
48105,blend,2.53,0.0293,0.00215,0.000276,0.0000116,0.00000413,0.62,0.25,0.043,0.02,0.011,116
48107,blend,2.27,0.068,0.00266,0.00117,0.00000808,0.00000174,0.56,0.2,0.046,0.013,0.0056,157
48109,blend,3.83,0.206,0.0269,0.00188,0.000355,0.0000355,0.69,0.4,0.077,0.041,0.023,61
48111,blend,0.814,0.0247,0.00206,0.0013,0.0000059,0.000000408,0.48,0.16,0.037,0.0068,0.0021,141
48113,blend,0.201,0.0452,0.00722,0.000895,0.0000138,0.00000475,0.65,0.23,0.044,0.011,0.0052,231
48115,blend,0.843,0.0417,0.00109,0.000823,0.0000106,0.00000266,0.56,0.21,0.044,0.016,0.0079,137
48117,blend,0.998,0.0223,0.00151,0.00125,0.00000764,0.000000885,0.5,0.18,0.045,0.012,0.0047,137
48119,blend,1.07,0.0283,0.00649,0.00102,0.0000173,0.00000578,0.67,0.25,0.042,0.011,0.0049,240
48121,blend,0.134,0.018,0.00577,0.001,0.0000119,0.00000393,0.62,0.2,0.04,0.0091,0.004,228
48123,blend,0.347,0.00803,0.00383,0.000143,0.0000111,0.00000491,0.59,0.18,0.039,0.016,0.01,124
48125,blend,1.44,0.0184,0.00346,0.00118,0.00000745,0.00000168,0.52,0.18,0.037,0.0095,0.004,171
48127,blend,1.88,0.0705,0.0133,0.000967,0.000263,0.0000686,0.48,0.16,0.031,0.017,0.012,89
48129,blend,2.12,0.125,0.00912,0.00153,0.00000552,0.000000597,0.55,0.21,0.042,0.0076,0.0023,174
48131,blend,2.63,0.0423,0.0029,0.0000376,0.00000861,0.00000448,0.5,0.15,0.026,0.014,0.011,76
48133,blend,1.37,0.0572,0.005,0.000817,0.00000826,0.00000283,0.53,0.15,0.035,0.009,0.0042,208
48135,blend,0.147,0.00869,0.000913,0.00047,0.0000135,0.00000371,0.63,0.27,0.049,0.022,0.012,108
48137,blend,11.9,0.105,0.00435,0.000284,0.00000982,0.00000405,0.55,0.2,0.039,0.018,0.011,128
48139,blend,0.524,0.0241,0.00546,0.000803,0.0000142,0.00000502,0.63,0.21,0.04,0.011,0.0052,226
48141,blend,0.207,0.00113,0.000228,0.0000625,0.0000163,0.00000379,0.59,0.35,0.088,0.05,0.03,39
48143,blend,0.544,0.0339,0.00661,0.000792,0.00000954,0.00000335,0.55,0.16,0.036,0.0091,0.0043,212
48145,blend,1.6,0.0872,0.00629,0.000553,0.0000141,0.00000532,0.65,0.22,0.047,0.015,0.0077,201
48147,blend,0.721,0.0416,0.00665,0.00107,0.0000151,0.00000496,0.64,0.23,0.04,0.0095,0.0042,234
48149,blend,0.117,0.011,0.00437,0.000278,0.0000136,0.00000553,0.63,0.2,0.045,0.017,0.0098,155
48151,blend,0.679,0.0211,0.00212,0.000918,0.00000802,0.00000232,0.53,0.17,0.038,0.011,0.005,176
48153,blend,1.18,0.0239,0.00539,0.00128,0.00000736,0.00000132,0.54,0.2,0.044,0.011,0.0045,161
48155,blend,1.58,0.14,0.0111,0.00129,0.00000614,0.00000131,0.51,0.18,0.034,0.0066,0.0023,194
48157,blend,0.0676,0.0147,0.00521,0.000231,0.000018,0.00000717,0.63,0.19,0.041,0.016,0.009,142
48159,blend,2.52,0.172,0.0338,0.000951,0.0000195,0.00000664,0.74,0.31,0.055,0.015,0.0071,243
48161,blend,1.92,0.0896,0.00894,0.000653,0.0000173,0.0000063,0.67,0.24,0.044,0.013,0.0068,211
48163,blend,1.08,0.00912,0.00247,0.0000708,0.00000871,0.00000417,0.47,0.14,0.03,0.014,0.0093,108
48165,blend,0.572,0.00741,0.000803,0.000727,0.0000122,0.00000283,0.61,0.25,0.055,0.022,0.011,119
48167,blend,0.488,0.024,0.00475,0.000198,0.0000217,0.00000852,0.71,0.25,0.059,0.024,0.013,128
48169,blend,1.23,0.0295,0.00164,0.00101,0.0000087,0.00000212,0.57,0.21,0.047,0.014,0.0066,155
48171,blend,0.438,0.0147,0.00313,0.000328,0.00000878,0.00000368,0.47,0.13,0.03,0.011,0.0062,156
48173,blend,3.89,0.125,0.00458,0.000586,0.0000107,0.0000033,0.6,0.22,0.044,0.017,0.0091,136
48175,blend,1.26,0.0119,0.00372,0.0000947,0.0000104,0.00000475,0.58,0.17,0.036,0.016,0.011,110
48177,blend,1.01,0.00991,0.00393,0.000197,0.0000112,0.00000482,0.59,0.18,0.04,0.016,0.0097,137
48179,blend,0.768,0.0662,0.0125,0.00177,0.00000497,0.000000344,0.53,0.2,0.038,0.006,0.0016,173
48181,blend,0.654,0.0214,0.00674,0.00109,0.0000128,0.00000413,0.62,0.21,0.04,0.0088,0.0038,232
48183,blend,1.39,0.15,0.0287,0.000868,0.0000224,0.00000784,0.76,0.34,0.059,0.018,0.0087,233
48185,blend,2.28,0.0471,0.00636,0.000404,0.0000179,0.00000685,0.7,0.26,0.054,0.019,0.01,179
48187,blend,0.171,0.00818,0.00367,0.000207,0.0000101,0.00000438,0.57,0.17,0.039,0.015,0.0093,140
48189,blend,0.645,0.0127,0.00169,0.00123,0.00000807,0.00000137,0.54,0.2,0.046,0.013,0.0054,148
48191,blend,2.03,0.0631,0.00619,0.00142,0.00000605,0.000000962,0.56,0.21,0.043,0.0085,0.0029,176
48193,blend,0.751,0.0125,0.00384,0.000666,0.0000101,0.00000374,0.52,0.14,0.033,0.0091,0.0046,209
48195,blend,1.76,0.0552,0.00653,0.00161,0.00000483,0.000000203,0.51,0.19,0.036,0.0049,0.0011,162
48197,blend,2.08,0.0442,0.00909,0.00138,0.00000569,0.00000105,0.51,0.18,0.034,0.0058,0.0018,197
48199,blend,1.36,0.0667,0.00536,0.000361,0.0000252,0.00000946,0.75,0.32,0.065,0.024,0.012,176
48201,blend,0.121,0.0247,0.0066,0.000279,0.00002,0.00000779,0.71,0.26,0.057,0.022,0.012,157
48203,blend,0.873,0.0757,0.0213,0.00103,0.0000242,0.00000845,0.77,0.36,0.061,0.019,0.009,240
48205,blend,0.977,0.0227,0.00171,0.00131,0.0000065,0.000000561,0.48,0.17,0.039,0.0082,0.0029,141
48207,blend,2.05,0.0441,0.00334,0.00106,0.00000699,0.00000192,0.52,0.17,0.035,0.0082,0.0034,196
48209,blend,0.283,0.0155,0.0041,0.000295,0.0000102,0.00000428,0.57,0.17,0.04,0.015,0.0086,154
48211,blend,1.37,0.0377,0.0125,0.0017,0.00000426,0.000000165,0.52,0.2,0.035,0.0041,0.00072,181
48213,blend,0.723,0.0467,0.00624,0.000761,0.0000182,0.00000646,0.7,0.27,0.049,0.015,0.0071,226
48215,blend,0.1,0.00931,0.00113,0.0000209,0.00000931,0.00000494,0.53,0.15,0.023,0.016,0.014,45
48217,blend,0.938,0.0208,0.00463,0.000721,0.0000132,0.00000476,0.61,0.19,0.039,0.011,0.0053,217
48219,blend,0.597,0.0259,0.00188,0.00103,0.00000983,0.00000187,0.55,0.21,0.05,0.016,0.0076,131
48221,blend,0.411,0.0123,0.00414,0.000834,0.0000105,0.00000364,0.56,0.17,0.037,0.009,0.0042,220
48223,blend,0.748,0.0659,0.00726,0.000955,0.0000181,0.00000616,0.72,0.29,0.053,0.014,0.0066,235
48225,blend,2.22,0.0995,0.00591,0.000567,0.0000206,0.00000755,0.71,0.28,0.05,0.017,0.0084,202
48227,blend,0.193,0.00682,0.000909,0.000729,0.0000101,0.00000292,0.58,0.21,0.043,0.016,0.0079,142
48229,blend,1.82,0.127,0.0345,0.00431,0.001,0.000164,0.67,0.41,0.084,0.047,0.027,48
48231,blend,0.568,0.0242,0.00581,0.000964,0.0000161,0.00000544,0.68,0.25,0.046,0.012,0.0055,233
48233,blend,1.64,0.0409,0.00665,0.00163,0.00000517,0.000000294,0.51,0.2,0.038,0.006,0.0016,163
48235,blend,3.18,0.0407,0.00172,0.000465,0.0000102,0.00000352,0.59,0.21,0.041,0.017,0.0089,140
48237,blend,1.83,0.0381,0.00517,0.00104,0.00000856,0.0000027,0.55,0.16,0.035,0.0072,0.0029,220
48239,blend,0.918,0.0113,0.00439,0.000144,0.0000137,0.00000583,0.59,0.16,0.036,0.015,0.0093,122
48241,blend,0.0852,0.0107,0.00554,0.000441,0.0000272,0.00001,0.75,0.33,0.061,0.022,0.011,190
48243,blend,3.01,0.0382,0.00506,0.000182,0.0000231,0.00000617,0.7,0.41,0.067,0.037,0.022,50
48245,blend,0.72,0.0375,0.00552,0.000283,0.0000262,0.00000992,0.74,0.31,0.066,0.026,0.013,155
48247,blend,1.61,0.016,0.0016,0.0000243,0.00000935,0.00000488,0.5,0.15,0.024,0.015,0.012,57
48249,blend,0.845,0.0134,0.00182,0.0000452,0.00000854,0.00000441,0.51,0.14,0.025,0.013,0.01,80
48251,blend,0.449,0.0145,0.00453,0.000816,0.000012,0.00000423,0.59,0.18,0.038,0.0097,0.0046,220
48253,blend,1.24,0.0198,0.00238,0.000929,0.00000751,0.00000224,0.53,0.16,0.036,0.0095,0.0043,192
48255,blend,0.662,0.00881,0.00336,0.000109,0.00000964,0.00000443,0.56,0.17,0.035,0.015,0.0099,117
48257,blend,0.53,0.0286,0.00745,0.000852,0.000016,0.00000557,0.68,0.25,0.046,0.013,0.006,229
48259,blend,0.444,0.0296,0.0033,0.000255,0.00000893,0.00000386,0.49,0.14,0.032,0.012,0.0074,148
48261,blend,5.77,0.081,0.00369,0.0000316,0.00000851,0.00000457,0.52,0.14,0.023,0.014,0.011,60
48263,blend,1.68,0.0243,0.00164,0.00105,0.00000798,0.00000204,0.52,0.17,0.037,0.01,0.0046,166
48265,blend,0.29,0.00975,0.00258,0.000255,0.00000868,0.00000372,0.48,0.14,0.032,0.013,0.0074,143
48267,blend,3.15,0.00734,0.00223,0.000329,0.00000883,0.00000358,0.52,0.17,0.037,0.014,0.0082,150
48269,blend,3,0.0134,0.00389,0.0012,0.00000691,0.00000162,0.44,0.14,0.027,0.0061,0.0024,181
48271,blend,2.1,0.0341,0.00221,0.0000777,0.0000104,0.00000448,0.53,0.2,0.037,0.019,0.012,111
48273,blend,0.685,0.0204,0.00176,0.0000449,0.00000866,0.00000447,0.52,0.14,0.024,0.013,0.01,73
48275,blend,3.23,0.124,0.0052,0.00118,0.00000651,0.00000158,0.52,0.17,0.035,0.0072,0.0027,196
48277,blend,0.455,0.0225,0.00692,0.00107,0.0000171,0.00000563,0.66,0.24,0.042,0.01,0.0047,246
48279,blend,0.373,0.00869,0.00124,0.00115,0.00000886,0.00000142,0.54,0.2,0.049,0.015,0.0065,132
48281,blend,0.203,0.0107,0.00372,0.000542,0.00000996,0.00000383,0.54,0.16,0.037,0.011,0.006,196
48283,blend,1.64,0.0109,0.00167,0.0000436,0.00000886,0.00000439,0.48,0.15,0.028,0.015,0.01,92
48285,blend,0.937,0.00925,0.00446,0.000194,0.000013,0.00000548,0.62,0.19,0.043,0.017,0.01,138
48287,blend,1.18,0.0437,0.00472,0.000431,0.0000137,0.00000545,0.64,0.21,0.046,0.016,0.0092,171
48289,blend,2.79,0.199,0.0168,0.000559,0.000018,0.00000666,0.71,0.28,0.054,0.018,0.0091,204
48291,blend,1.21,0.0519,0.00595,0.000331,0.0000229,0.00000871,0.74,0.3,0.062,0.023,0.012,170
48293,blend,1.63,0.0993,0.0065,0.000615,0.0000154,0.0000057,0.69,0.25,0.051,0.016,0.008,210
48295,blend,2.61,0.0292,0.0122,0.00173,0.00000395,0.0000000703,0.53,0.2,0.034,0.0034,0.00041,187
48297,blend,2.05,0.0126,0.00262,0.0000611,0.00000873,0.00000429,0.51,0.15,0.028,0.013,0.0093,96
48299,blend,0.788,0.00959,0.0034,0.000421,0.00000911,0.00000366,0.5,0.14,0.033,0.011,0.0062,168
48301,blend,11,0.221,0.0103,0.000283,0.0000169,0.00000416,0.64,0.3,0.055,0.027,0.015,84
48303,blend,0.159,0.00988,0.00158,0.0011,0.00000888,0.0000018,0.56,0.2,0.048,0.015,0.0065,144
48305,blend,2.07,0.0534,0.00453,0.00133,0.0000415,0.00000222,0.58,0.22,0.05,0.017,0.0079,143
48307,blend,0.544,0.0151,0.00271,0.000522,0.0000084,0.00000321,0.51,0.15,0.034,0.011,0.0059,174
48309,blend,0.395,0.022,0.00459,0.000624,0.0000131,0.00000487,0.6,0.19,0.039,0.011,0.0058,208
48311,blend,4.67,0.0258,0.0039,0.0000533,0.00000852,0.00000425,0.5,0.15,0.028,0.014,0.0097,96
48313,blend,2.83,0.0644,0.00608,0.000489,0.0000182,0.00000686,0.71,0.28,0.055,0.019,0.0097,195
48315,blend,3.63,0.223,0.0448,0.00188,0.0000239,0.00000826,0.73,0.31,0.049,0.015,0.007,245
48317,blend,1.65,0.0261,0.00116,0.000683,0.0000112,0.00000307,0.59,0.22,0.045,0.018,0.0089,132
48319,blend,1.18,0.00896,0.00289,0.000406,0.00000859,0.00000346,0.45,0.12,0.028,0.0099,0.0055,162
48321,blend,0.991,0.0172,0.00467,0.000138,0.0000158,0.00000659,0.61,0.17,0.039,0.016,0.0098,115
48323,blend,0.739,0.00789,0.0011,0.0000358,0.0000106,0.00000478,0.51,0.19,0.035,0.019,0.013,89
48325,blend,2.95,0.0176,0.00277,0.000132,0.00000864,0.00000397,0.53,0.17,0.038,0.017,0.011,126
48327,blend,2,0.00805,0.00215,0.000421,0.00000876,0.0000034,0.54,0.17,0.039,0.014,0.0079,158
48329,blend,0.135,0.00769,0.000771,0.000522,0.000012,0.00000354,0.62,0.25,0.046,0.02,0.01,122
48331,blend,0.705,0.0559,0.0106,0.000456,0.0000139,0.00000537,0.65,0.22,0.047,0.016,0.0085,185
48333,blend,0.182,0.0128,0.00344,0.000612,0.00000916,0.00000343,0.49,0.13,0.031,0.0091,0.0047,195
48335,blend,1.55,0.0174,0.00126,0.000763,0.00000917,0.00000277,0.56,0.19,0.041,0.014,0.0068,158
48337,blend,1.04,0.0178,0.00634,0.00114,0.00000906,0.00000277,0.55,0.17,0.033,0.0062,0.0024,222
48339,blend,0.712,0.0352,0.00643,0.000356,0.0000199,0.00000762,0.72,0.27,0.057,0.021,0.011,171
48341,blend,1.6,0.0431,0.00473,0.0015,0.00000575,0.000000402,0.5,0.19,0.039,0.007,0.0021,152
48343,blend,1.42,0.131,0.0171,0.00096,0.0000217,0.0000074,0.75,0.33,0.057,0.017,0.0077,246
48345,blend,1.99,0.121,0.00515,0.00131,0.00000684,0.0000013,0.51,0.18,0.036,0.0084,0.0032,170
48347,blend,0.677,0.0596,0.00818,0.000722,0.0000241,0.00000869,0.72,0.3,0.051,0.017,0.0083,218
48349,blend,0.255,0.0181,0.00513,0.000731,0.0000157,0.00000564,0.65,0.23,0.043,0.012,0.0061,218
48351,blend,0.208,0.0125,0.00592,0.000478,0.0000287,0.0000105,0.74,0.32,0.058,0.021,0.01,195
48353,blend,0.79,0.0238,0.00181,0.000789,0.00000844,0.00000263,0.54,0.18,0.038,0.012,0.0058,173
48355,blend,0.533,0.00813,0.00263,0.0000561,0.00000907,0.00000452,0.53,0.14,0.026,0.013,0.0099,81
48357,blend,1.08,0.0611,0.0155,0.00176,0.00000435,0.000000129,0.52,0.2,0.035,0.0041,0.00072,175
48359,blend,1.84,0.065,0.00306,0.0013,0.00000704,0.00000071,0.49,0.17,0.042,0.0097,0.0037,137
48361,blend,1.46,0.0494,0.00531,0.000329,0.0000278,0.0000104,0.73,0.31,0.062,0.024,0.012,167
48363,blend,1.31,0.0341,0.00448,0.000922,0.00000882,0.00000293,0.54,0.16,0.035,0.0081,0.0036,215
48365,blend,1.36,0.0927,0.0101,0.000776,0.000025,0.00000885,0.77,0.37,0.063,0.02,0.0098,231
48367,blend,0.442,0.0178,0.0045,0.000917,0.0000102,0.00000343,0.57,0.17,0.036,0.0084,0.0038,220
48369,blend,1.27,0.016,0.00125,0.00115,0.00000858,0.00000116,0.5,0.18,0.047,0.014,0.0059,130
48371,blend,1.69,0.0486,0.00187,0.000162,0.000016,0.0000049,0.68,0.33,0.053,0.027,0.015,83
48373,blend,1.24,0.0513,0.00761,0.000509,0.0000232,0.00000862,0.75,0.32,0.062,0.022,0.011,193
48375,blend,0.679,0.0275,0.00277,0.00147,0.00000615,0.000000517,0.51,0.19,0.042,0.0085,0.0029,151
48377,blend,3.51,0.0222,0.00395,0.0000772,0.000026,0.00000719,0.73,0.46,0.074,0.043,0.025,38
48379,blend,1.04,0.0209,0.00579,0.000907,0.0000177,0.00000608,0.69,0.26,0.046,0.012,0.0058,235
48381,blend,0.378,0.028,0.00235,0.00141,0.00000664,0.00000069,0.51,0.19,0.043,0.0096,0.0036,146
48383,blend,1.86,0.0503,0.00257,0.000442,0.0000112,0.00000369,0.61,0.24,0.044,0.019,0.01,125
48385,blend,2.33,0.00991,0.00204,0.000187,0.00000916,0.00000393,0.51,0.17,0.036,0.016,0.0095,131
48387,blend,0.785,0.0362,0.00732,0.00104,0.0000192,0.00000641,0.72,0.3,0.052,0.014,0.0063,244
48389,blend,1.9,0.0304,0.00488,0.000182,0.0000189,0.00000492,0.67,0.34,0.058,0.03,0.017,71
48391,blend,2.1,0.0258,0.00381,0.0000825,0.0000107,0.00000493,0.54,0.14,0.029,0.013,0.009,98
48393,blend,2.94,0.118,0.0172,0.00181,0.00000465,0.000000206,0.52,0.2,0.037,0.005,0.0011,173
48395,blend,2.3,0.161,0.0172,0.000503,0.0000158,0.00000598,0.68,0.25,0.051,0.017,0.0088,195
48397,blend,0.345,0.0215,0.00621,0.000925,0.0000151,0.00000516,0.64,0.22,0.041,0.01,0.0048,233
48399,blend,0.761,0.00872,0.00209,0.00067,0.00000833,0.00000286,0.54,0.16,0.037,0.012,0.0059,175
48401,blend,1.66,0.145,0.0147,0.000722,0.0000231,0.00000819,0.76,0.35,0.061,0.019,0.0094,227
48403,blend,3.88,0.0409,0.00873,0.000585,0.0000284,0.0000101,0.33,0.078,0.01,0.0034,0.0016,207
48405,blend,1.13,0.048,0.00735,0.000585,0.0000266,0.00000957,0.6,0.2,0.03,0.01,0.005,211
48407,blend,2.75,0.0502,0.00724,0.000408,0.0000216,0.00000814,0.74,0.3,0.06,0.022,0.011,182
48409,blend,0.714,0.00904,0.00281,0.000064,0.00000936,0.00000456,0.53,0.14,0.027,0.013,0.0096,89
48411,blend,0.804,0.0123,0.00329,0.000525,0.00000889,0.00000343,0.48,0.13,0.03,0.0095,0.0051,184
48413,blend,3.84,0.00512,0.00162,0.000388,0.00000966,0.00000361,0.57,0.19,0.039,0.016,0.0089,141
48415,blend,0.273,0.00891,0.00116,0.0009,0.00000868,0.00000242,0.54,0.18,0.04,0.012,0.0059,161
48417,blend,1.93,0.0165,0.00304,0.000931,0.00000737,0.0000023,0.52,0.16,0.035,0.0086,0.0038,201
48419,blend,0.659,0.0287,0.00623,0.000646,0.0000261,0.00000934,0.77,0.37,0.064,0.022,0.011,222
48421,blend,3.33,0.0816,0.00316,0.0015,0.00000532,0.000000288,0.49,0.18,0.036,0.0056,0.0015,151
48423,blend,0.509,0.0781,0.00768,0.000786,0.0000205,0.00000723,0.75,0.32,0.058,0.017,0.0084,228
48425,blend,0.785,0.0162,0.00415,0.000785,0.0000108,0.00000384,0.54,0.15,0.034,0.0086,0.0041,215
48427,blend,0.607,0.00599,0.000862,0.0000214,0.00000989,0.00000511,0.53,0.17,0.025,0.017,0.014,47
48429,blend,1.44,0.0191,0.00392,0.000926,0.00000786,0.00000256,0.53,0.15,0.035,0.0082,0.0036,209
48431,blend,2.76,0.052,0.00255,0.000614,0.00000984,0.00000317,0.57,0.2,0.04,0.015,0.0078,147
48433,blend,2.36,0.0349,0.00535,0.00106,0.0000074,0.00000196,0.52,0.17,0.036,0.0092,0.004,183
48435,blend,4.61,0.00879,0.00162,0.000296,0.00000987,0.00000383,0.58,0.2,0.041,0.018,0.01,134
48437,blend,0.316,0.0269,0.0023,0.00135,0.00000714,0.000000969,0.53,0.2,0.045,0.011,0.0043,147
48439,blend,0.121,0.017,0.00486,0.000906,0.0000119,0.00000406,0.6,0.19,0.039,0.0094,0.0043,226
48441,blend,0.456,0.0125,0.00221,0.000799,0.00000791,0.00000255,0.53,0.16,0.037,0.011,0.0051,182
48443,blend,6,0.261,0.00861,0.000218,0.0000143,0.00000494,0.64,0.28,0.042,0.022,0.013,88
48445,blend,0.836,0.0258,0.00284,0.00102,0.0000177,0.00000232,0.58,0.22,0.051,0.018,0.0087,133
48447,blend,2.24,0.0479,0.00464,0.00105,0.00000699,0.00000204,0.52,0.16,0.034,0.0074,0.003,206
48449,blend,1.24,0.0716,0.015,0.000953,0.0000205,0.00000696,0.74,0.32,0.056,0.016,0.0073,242
48451,blend,0.565,0.00803,0.00169,0.000525,0.00000922,0.00000326,0.56,0.18,0.039,0.014,0.0077,153
48453,blend,0.135,0.0261,0.00583,0.000338,0.0000112,0.00000459,0.59,0.18,0.043,0.015,0.0086,165
48455,blend,4.06,0.106,0.0117,0.000513,0.0000217,0.00000803,0.74,0.32,0.06,0.021,0.011,198
48457,blend,3.14,0.0834,0.00748,0.000444,0.0000254,0.00000939,0.76,0.34,0.065,0.024,0.012,193
48459,blend,1.97,0.173,0.0253,0.000926,0.0000215,0.00000745,0.75,0.33,0.058,0.017,0.0081,238
48461,blend,1.67,0.0214,0.00133,0.000382,0.0000127,0.00000395,0.64,0.27,0.047,0.021,0.012,110
48463,blend,1.88,0.0196,0.00187,0.000107,0.0000093,0.00000417,0.49,0.16,0.033,0.016,0.01,118
48465,blend,1.27,0.00809,0.00089,0.000118,0.0000117,0.00000457,0.61,0.24,0.042,0.021,0.013,102
48467,blend,1.75,0.106,0.0115,0.000973,0.0000179,0.00000625,0.72,0.3,0.054,0.015,0.0074,230
48469,blend,0.217,0.00836,0.00399,0.000118,0.000012,0.00000529,0.59,0.17,0.036,0.015,0.01,117
48471,blend,1.53,0.0831,0.00868,0.000443,0.0000198,0.00000746,0.72,0.29,0.057,0.02,0.01,186
48473,blend,3.31,0.32,0.0407,0.000306,0.0000175,0.00000688,0.69,0.24,0.052,0.02,0.011,160
48475,blend,0.78,0.0301,0.00135,0.000283,0.0000161,0.00000435,0.66,0.31,0.054,0.026,0.014,86
48477,blend,1.02,0.0194,0.00468,0.000343,0.0000158,0.00000624,0.67,0.23,0.05,0.018,0.01,171
48479,blend,0.323,0.00749,0.00102,0.0000293,0.00000957,0.00000478,0.49,0.16,0.028,0.016,0.012,73
48481,blend,2.17,0.0603,0.00534,0.000191,0.0000157,0.00000642,0.6,0.17,0.039,0.015,0.0091,133
48483,blend,1.55,0.146,0.0125,0.00163,0.00000461,0.000000325,0.55,0.21,0.039,0.0053,0.0012,183
48485,blend,0.165,0.02,0.00683,0.00125,0.00000633,0.00000162,0.53,0.17,0.033,0.0054,0.0018,215
48487,blend,0.672,0.0358,0.00777,0.00132,0.00000581,0.00000128,0.52,0.17,0.033,0.0055,0.0017,206
48489,blend,0.713,0.00648,0.00088,0.0000235,0.00000861,0.00000469,0.52,0.14,0.022,0.015,0.012,46
48491,blend,0.214,0.0233,0.00439,0.000424,0.0000117,0.00000463,0.61,0.19,0.044,0.015,0.0081,180
48493,blend,0.243,0.00777,0.00334,0.000137,0.00000941,0.00000428,0.56,0.17,0.036,0.015,0.0098,123
48495,blend,0.55,0.00986,0.000899,0.000379,0.0000153,0.00000397,0.63,0.29,0.052,0.024,0.013,93
48497,blend,0.68,0.0248,0.00546,0.00102,0.00001,0.00000326,0.59,0.19,0.039,0.0082,0.0035,226
48499,blend,2.56,0.12,0.0136,0.000874,0.0000195,0.00000675,0.74,0.31,0.056,0.016,0.0076,235
48501,blend,0.809,0.00684,0.00101,0.000817,0.0000118,0.00000242,0.58,0.23,0.054,0.02,0.01,123
48503,blend,0.417,0.0152,0.00446,0.00103,0.00000761,0.00000235,0.53,0.16,0.035,0.0072,0.003,216
48505,blend,0.949,0.0154,0.000775,0.0000229,0.00001,0.00000509,0.51,0.17,0.026,0.017,0.013,56
48507,blend,0.0219,0.00479,0.00158,0.0000522,0.00000952,0.00000442,0.48,0.16,0.032,0.017,0.011,105
49001,blend,2.81,0.00819,0.00153,0.000142,0.00000567,0,0.31,0.068,0.028,0.0044,0,37
49003,blend,0.804,0.0119,0.00373,0.0000666,0.0000021,0,0.32,0.077,0.016,0.0014,0,62
49005,blend,0.42,0.0102,0.00373,0.0000281,0.00000266,0,0.33,0.073,0.011,0.0011,0,64
49007,blend,0.867,0.00887,0.00371,0.0000221,0.00000269,0,0.31,0.067,0.0084,0.0015,0,64
49009,blend,2.8,0.0106,0.00355,0.0000183,0.00000363,0,0.097,0.018,0.0023,0.00042,0,74
49011,blend,0.3,0.0128,0.00407,0.0000356,0.00000251,0,0.33,0.081,0.013,0.0015,0,63
49013,blend,0.0771,0.00982,0.0038,0.000017,0.00000306,0,0.21,0.042,0.0051,0.00091,0,66
49015,blend,1.11,0.00698,0.00314,0.0000343,0.00000229,0,0.3,0.064,0.0083,0.0015,0,59
49017,blend,0.849,0.00924,0.00128,0.0000803,0.00000533,0,0.28,0.053,0.011,0.0018,0,51
49019,blend,1.82,0.00974,0.00225,0.0000154,0.0000027,0,0.28,0.065,0.0073,0.0016,0,73
49021,blend,0.898,0.00466,0.000527,0.000138,0.00000674,0,0.3,0.06,0.03,0.0049,0,36
49023,blend,0.745,0.00868,0.00388,0.00011,0.00000231,0,0.34,0.085,0.019,0.0027,0,51
49025,blend,0.171,0.00261,0.000276,0.0000965,0.00000723,0,0.13,0.02,0.0054,0.0009,0,41
49027,blend,1.15,0.0106,0.00302,0.000141,0.00000405,0,0.33,0.081,0.025,0.0038,0,42
49029,blend,1.72,0.0256,0.00444,0.0000246,0.00000275,0,0.33,0.077,0.011,0.0013,0,62
49031,blend,3.47,0.013,0.00247,0.0000996,0.00000491,0,0.3,0.062,0.015,0.0024,0,48
49033,blend,10.2,0.0158,0.00377,0.0000251,0.00000296,0,0.33,0.072,0.011,0.0012,0,64
49035,blend,0.153,0.0145,0.00449,0.0000338,0.00000258,0,0.33,0.082,0.012,0.0016,0,61
49037,blend,0.457,0.00408,0.000448,0.0000353,0.00000299,0.000000000343,0.25,0.05,0.0068,0.0014,0.0000032,61
49039,blend,1.01,0.00929,0.00381,0.0000521,0.00000227,0,0.33,0.075,0.011,0.0018,0,54
49041,blend,0.924,0.00856,0.00322,0.0000786,0.00000344,0,0.32,0.07,0.013,0.0021,0,52
49043,blend,1.69,0.0173,0.00388,0.0000207,0.00000299,0,0.32,0.075,0.0097,0.0014,0,68
49045,blend,0.925,0.00854,0.00393,0.000105,0.00000232,0,0.33,0.088,0.02,0.0025,0,59
49047,blend,0.732,0.0091,0.00321,0.000015,0.00000335,0,0.31,0.074,0.0086,0.0018,0,76
49049,blend,0.223,0.00872,0.00404,0.0000375,0.00000252,0,0.34,0.082,0.012,0.0017,0,59
49051,blend,0.254,0.00839,0.0039,0.0000234,0.00000277,0,0.33,0.075,0.0096,0.0015,0,65
49053,blend,0.222,0.00141,0.000109,0.000134,0.00000801,0,0.31,0.058,0.033,0.0058,0,30
49055,blend,1.53,0.00713,0.00228,0.0000578,0.00000353,0,0.066,0.011,0.0016,0.00028,0,53
49057,blend,0.639,0.0206,0.005,0.0000317,0.00000263,0,0.33,0.078,0.012,0.0013,0,64
50001,blend,1.15,0.11,0.00931,0.0000741,0.000000409,0,0.78,0.33,0.016,0.0013,0,135
50003,blend,0.905,0.0542,0.00267,0.000069,0.000000322,0,0.77,0.3,0.014,0.0011,0,156
50005,blend,0.725,0.0606,0.00505,0.0000803,0.000000524,0,0.78,0.37,0.019,0.0017,0,103
50007,blend,0.25,0.0377,0.00548,0.0000772,0.000000462,0,0.77,0.35,0.017,0.0015,0,117
50009,blend,3.77,0.151,0.00614,0.0000857,0.000000588,0,0.78,0.39,0.02,0.0018,0,91
50011,blend,0.562,0.0631,0.00806,0.0000812,0.000000527,0,0.77,0.36,0.018,0.0016,0,97
50013,blend,1.69,0.0494,0.00678,0.0000796,0.000000494,0,0.77,0.35,0.017,0.0015,0,103
50015,blend,0.6,0.0647,0.00662,0.0000796,0.000000509,0,0.78,0.36,0.018,0.0016,0,105
50017,blend,1.86,0.154,0.0106,0.0000748,0.00000045,0,0.78,0.34,0.017,0.0015,0,122
50019,blend,1.2,0.105,0.00931,0.0000839,0.000000567,0,0.78,0.38,0.019,0.0018,0,93
50021,blend,0.827,0.0648,0.00451,0.0000717,0.000000373,0,0.78,0.32,0.015,0.0012,0,144
50023,blend,0.724,0.0697,0.00663,0.0000765,0.000000467,0,0.78,0.35,0.017,0.0015,0,114
50025,blend,2.98,0.199,0.0145,0.0000682,0.000000337,0,0.77,0.3,0.014,0.0011,0,150
50027,blend,1.19,0.126,0.00739,0.0000714,0.000000393,0,0.78,0.32,0.016,0.0013,0,139
51001,blend,1.13,0.0102,0.00217,0.000166,0.00000201,0.0000000218,0.58,0.16,0.019,0.0017,0.000013,257
51003,blend,1.39,0.122,0.0218,0.000275,0.00000533,0.000000271,0.76,0.33,0.03,0.0037,0.00014,393
51005,blend,1.88,0.111,0.0109,0.000314,0.00000837,0.000000873,0.81,0.41,0.03,0.0043,0.00029,447
51007,blend,2.43,0.179,0.0191,0.00085,0.00000523,0.000000276,0.71,0.27,0.028,0.0034,0.00015,344
51009,blend,1.3,0.138,0.00899,0.000293,0.00000677,0.000000504,0.78,0.37,0.031,0.0041,0.00021,408
51011,blend,1.37,0.16,0.0114,0.000295,0.00000643,0.000000424,0.76,0.33,0.03,0.0039,0.00019,391
51013,blend,0.425,0.0258,0.00238,0.000196,0.00000274,0.0000000402,0.69,0.23,0.025,0.0025,0.000028,338
51015,blend,0.899,0.055,0.00502,0.000284,0.00000617,0.000000428,0.78,0.37,0.03,0.0038,0.00018,412
51017,blend,3.67,0.151,0.00835,0.000306,0.00000748,0.000000693,0.74,0.32,0.021,0.0029,0.00018,439
51019,blend,0.908,0.104,0.00737,0.000306,0.00000782,0.000000699,0.79,0.38,0.031,0.0043,0.00026,420
51021,blend,3.53,0.264,0.0679,0.000374,0.0000115,0.00000162,0.82,0.43,0.031,0.005,0.00043,462
51023,blend,1.8,0.0903,0.0102,0.000311,0.00000813,0.000000795,0.81,0.4,0.031,0.0044,0.00028,437
51025,blend,1.67,0.0882,0.0154,0.00101,0.00000562,0.000000347,0.69,0.25,0.029,0.0036,0.00018,317
51027,blend,1.38,0.1,0.0114,0.000341,0.0000134,0.00000219,0.81,0.43,0.031,0.0054,0.00052,473
51029,blend,2.62,0.147,0.0117,0.000274,0.00000576,0.000000324,0.75,0.32,0.03,0.0037,0.00016,380
51031,blend,0.936,0.111,0.00894,0.000328,0.00000709,0.000000538,0.77,0.35,0.031,0.0041,0.00023,394
51033,blend,0.967,0.0419,0.00424,0.000223,0.00000373,0.000000124,0.7,0.25,0.028,0.003,0.000079,336
51035,blend,1.84,0.226,0.0343,0.000471,0.0000108,0.0000014,0.8,0.4,0.03,0.0048,0.0004,456
51036,blend,3.14,0.0769,0.00294,0.000224,0.00000391,0.000000161,0.66,0.22,0.027,0.0029,0.000094,296
51037,blend,2.55,0.249,0.036,0.00181,0.00000656,0.000000437,0.74,0.31,0.03,0.0039,0.00021,366
51041,blend,0.534,0.0346,0.0034,0.000261,0.00000463,0.000000222,0.69,0.25,0.028,0.0032,0.00012,326
51043,blend,1.33,0.0319,0.00504,0.000225,0.00000352,0.0000000815,0.74,0.29,0.028,0.003,0.000058,374
51045,blend,3.75,0.225,0.0101,0.000321,0.00000918,0.00000104,0.81,0.41,0.03,0.0045,0.00032,450
51047,blend,0.838,0.0545,0.00486,0.000237,0.00000405,0.000000132,0.74,0.29,0.029,0.0032,0.000083,365
51049,blend,2.61,0.232,0.0191,0.000278,0.00000542,0.000000283,0.73,0.29,0.029,0.0035,0.00015,368
51051,blend,1.6,0.151,0.0121,0.000343,0.000014,0.00000241,0.8,0.41,0.03,0.0055,0.00056,472
51053,blend,1.76,0.0882,0.0201,0.00106,0.00000499,0.000000269,0.68,0.24,0.028,0.0033,0.00014,319
51057,blend,1.65,0.0391,0.00246,0.000208,0.00000328,0.0000000949,0.67,0.23,0.027,0.0028,0.000063,311
51059,blend,0.198,0.0167,0.0026,0.000205,0.00000296,0.0000000526,0.64,0.2,0.02,0.002,0.000027,345
51061,blend,1.14,0.0741,0.00637,0.000226,0.00000364,0.0000000964,0.73,0.29,0.028,0.0031,0.000064,366
51063,blend,2.23,0.396,0.0461,0.000324,0.00000989,0.00000117,0.8,0.4,0.031,0.0047,0.00035,448
51065,blend,1.54,0.0683,0.0149,0.000262,0.00000514,0.000000244,0.74,0.31,0.029,0.0035,0.00013,375
51067,blend,1.05,0.19,0.0191,0.000317,0.00000885,0.000000908,0.76,0.35,0.026,0.0038,0.00026,425
51069,blend,0.407,0.0242,0.00287,0.000233,0.00000381,0.0000000998,0.75,0.31,0.028,0.0032,0.000071,378
51071,blend,3.15,0.237,0.0296,0.000389,0.0000197,0.00000133,0.82,0.43,0.031,0.0048,0.00038,460
51073,blend,1.61,0.0315,0.00252,0.000202,0.00000315,0.0000001,0.64,0.2,0.025,0.0026,0.000063,278
51075,blend,1.57,0.133,0.0127,0.000271,0.00000476,0.000000216,0.72,0.28,0.029,0.0034,0.00012,354
51077,blend,3.19,0.25,0.0187,0.00033,0.0000119,0.0000017,0.8,0.4,0.03,0.005,0.00044,459
51079,blend,0.822,0.0576,0.00802,0.000259,0.00000492,0.000000221,0.76,0.33,0.03,0.0036,0.00012,392
51081,blend,0.837,0.034,0.00444,0.000253,0.00000525,0.000000315,0.67,0.23,0.029,0.0034,0.00017,300
51083,blend,1.52,0.0889,0.0138,0.000295,0.00000726,0.00000055,0.75,0.32,0.03,0.0041,0.00024,372
51085,blend,0.842,0.0432,0.00309,0.000234,0.00000415,0.000000165,0.7,0.26,0.028,0.0032,0.0001,329
51087,blend,0.785,0.0686,0.00445,0.000232,0.00000418,0.000000181,0.67,0.23,0.027,0.003,0.0001,314
51089,blend,1.26,0.115,0.00966,0.000317,0.00000933,0.000000996,0.78,0.37,0.03,0.0045,0.00033,422
51091,blend,4.43,0.102,0.00894,0.000305,0.0000068,0.000000572,0.79,0.38,0.029,0.0038,0.00021,431
51093,blend,0.868,0.0201,0.00262,0.000218,0.00000378,0.000000168,0.63,0.19,0.026,0.0028,0.000097,268
51095,blend,0.726,0.0152,0.00258,0.000214,0.00000355,0.000000134,0.64,0.21,0.026,0.0028,0.000081,285
51097,blend,2.36,0.0708,0.00451,0.000211,0.00000341,0.000000111,0.67,0.22,0.027,0.0028,0.000072,305
51099,blend,1.2,0.0657,0.0105,0.000211,0.00000328,0.0000000857,0.69,0.24,0.027,0.0028,0.000057,336
51101,blend,0.989,0.0247,0.00259,0.000219,0.00000366,0.00000013,0.68,0.23,0.027,0.003,0.000082,312
51103,blend,1.62,0.0586,0.00232,0.000192,0.0000028,0.0000000685,0.65,0.2,0.026,0.0025,0.000047,282
51105,blend,2.02,0.0504,0.00686,0.000394,0.0000158,0.00000294,0.66,0.25,0.017,0.0033,0.00038,478
51107,blend,0.242,0.0152,0.00278,0.000212,0.00000315,0.0000000577,0.73,0.27,0.027,0.0028,0.000041,357
51109,blend,1.45,0.0943,0.0181,0.000247,0.00000456,0.000000189,0.73,0.29,0.029,0.0034,0.00011,361
51111,blend,1.78,0.169,0.0289,0.00205,0.00000601,0.000000371,0.71,0.28,0.029,0.0037,0.00019,344
51113,blend,1.44,0.0768,0.0102,0.00025,0.00000453,0.000000175,0.75,0.32,0.029,0.0034,0.0001,380
51115,blend,3,0.0689,0.00347,0.000191,0.0000028,0.000000075,0.63,0.19,0.024,0.0024,0.000049,262
51117,blend,1.1,0.0602,0.00648,0.000329,0.00000646,0.000000434,0.71,0.28,0.03,0.0038,0.00021,341
51119,blend,2.47,0.055,0.00247,0.000198,0.00000301,0.0000000852,0.64,0.2,0.025,0.0025,0.000055,281
51121,blend,0.918,0.121,0.0162,0.000325,0.00000979,0.00000116,0.81,0.42,0.031,0.0047,0.00035,451
51125,blend,2.9,0.147,0.0146,0.000282,0.00000611,0.00000039,0.77,0.35,0.031,0.0039,0.00018,399
51127,blend,1.78,0.0611,0.00377,0.000219,0.00000371,0.00000014,0.66,0.22,0.026,0.0029,0.000084,302
51131,blend,1.39,0.0157,0.0023,0.00018,0.00000244,0.0000000532,0.58,0.15,0.021,0.0019,0.000031,244
51133,blend,2.87,0.0596,0.00256,0.000188,0.00000266,0.0000000564,0.65,0.2,0.025,0.0025,0.000039,290
51135,blend,1.03,0.101,0.0228,0.00115,0.00000554,0.000000314,0.71,0.27,0.029,0.0035,0.00016,342
51137,blend,0.989,0.0625,0.0085,0.000244,0.00000435,0.000000161,0.74,0.3,0.029,0.0033,0.000098,367
51139,blend,1.17,0.0255,0.00357,0.000254,0.00000462,0.00000019,0.77,0.33,0.029,0.0035,0.00011,384
51141,blend,2.08,0.215,0.0175,0.000352,0.0000145,0.00000115,0.79,0.38,0.03,0.0046,0.00035,440
51143,blend,1.35,0.172,0.0223,0.000512,0.00000984,0.000000706,0.77,0.35,0.031,0.0043,0.00027,398
51145,blend,1.73,0.126,0.00494,0.000253,0.00000492,0.000000238,0.71,0.27,0.028,0.0034,0.00013,345
51147,blend,1.55,0.16,0.0199,0.000629,0.000006,0.000000356,0.73,0.3,0.029,0.0037,0.00018,364
51149,blend,0.512,0.0237,0.00304,0.000233,0.00000429,0.0000002,0.66,0.22,0.027,0.003,0.00011,302
51153,blend,0.148,0.0144,0.00255,0.000214,0.00000329,0.0000000747,0.71,0.26,0.027,0.0029,0.00005,352
51155,blend,1.99,0.186,0.0252,0.000329,0.0000106,0.00000137,0.81,0.42,0.031,0.0048,0.00039,463
51157,blend,2.84,0.151,0.017,0.000241,0.00000412,0.000000133,0.75,0.31,0.029,0.0033,0.000085,372
51159,blend,0.718,0.0141,0.00262,0.000202,0.00000303,0.0000000775,0.53,0.14,0.015,0.0015,0.00003,304
51161,blend,0.948,0.11,0.0112,0.000323,0.00000923,0.00000103,0.76,0.35,0.023,0.0034,0.00025,451
51163,blend,1.12,0.0608,0.0075,0.000299,0.00000715,0.000000599,0.79,0.38,0.03,0.0041,0.00023,424
51165,blend,0.751,0.0364,0.0044,0.00027,0.00000536,0.000000301,0.78,0.35,0.029,0.0036,0.00015,401
51167,blend,1.53,0.0591,0.00687,0.000339,0.0000136,0.00000226,0.8,0.41,0.03,0.0053,0.00053,470
51169,blend,1.74,0.106,0.0146,0.000341,0.0000148,0.0000026,0.78,0.38,0.029,0.0055,0.00058,476
51171,blend,1.2,0.0347,0.00806,0.000252,0.00000452,0.000000182,0.76,0.33,0.029,0.0034,0.00011,390
51173,blend,1.52,0.0504,0.00595,0.000334,0.0000125,0.0000019,0.81,0.41,0.03,0.0051,0.00047,468
51175,blend,1.4,0.0188,0.00316,0.000236,0.00000452,0.000000243,0.65,0.21,0.028,0.0031,0.00013,279
51177,blend,0.643,0.0344,0.00596,0.000266,0.00000397,0.000000136,0.72,0.27,0.028,0.0032,0.000085,351
51179,blend,0.623,0.0679,0.00932,0.000219,0.00000351,0.0000000962,0.71,0.26,0.027,0.003,0.000063,350
51181,blend,1.51,0.0182,0.00268,0.000221,0.00000386,0.000000166,0.64,0.21,0.026,0.0029,0.000097,283
51183,blend,0.89,0.0444,0.00501,0.000299,0.00000457,0.000000238,0.66,0.22,0.028,0.0032,0.00013,296
51185,blend,1.05,0.0411,0.00889,0.000337,0.0000125,0.0000019,0.82,0.43,0.031,0.0052,0.00048,470
51187,blend,0.764,0.0333,0.00466,0.000237,0.00000396,0.000000118,0.75,0.31,0.028,0.0032,0.000078,382
51191,blend,0.816,0.0359,0.00539,0.000336,0.0000134,0.00000217,0.8,0.4,0.03,0.0052,0.00051,468
51193,blend,1.89,0.0518,0.00384,0.0002,0.00000299,0.0000000712,0.67,0.22,0.026,0.0027,0.000049,313
51195,blend,1.35,0.0477,0.00685,0.000344,0.0000147,0.0000026,0.79,0.39,0.03,0.0055,0.00059,474
51197,blend,1.68,0.107,0.0236,0.000332,0.0000115,0.00000161,0.81,0.42,0.031,0.005,0.00043,460
51199,blend,0.652,0.0156,0.00265,0.0002,0.0000031,0.000000102,0.63,0.19,0.025,0.0025,0.000064,264
51510,blend,0.492,0.0282,0.00238,0.000197,0.00000277,0.0000000427,0.69,0.23,0.025,0.0025,0.000029,337
51520,blend,0,0.0386,0.007,0.000345,0.0000139,0.00000231,0.28,0.062,0.0032,0.00055,0.000055,470
51530,blend,0.671,0.0141,0.00459,0.000298,0.00000706,0.000000572,0.78,0.37,0.029,0.0039,0.00022,417
51540,blend,0.889,0.0457,0.00489,0.000265,0.00000521,0.000000255,0.75,0.32,0.029,0.0035,0.00013,389
51550,blend,0.446,0.0116,0.00243,0.000205,0.00000333,0.000000137,0.61,0.17,0.025,0.0025,0.000081,246
51570,blend,0.778,0.0533,0.003,0.000239,0.00000448,0.000000213,0.67,0.23,0.027,0.0031,0.00012,312
51580,blend,0.628,0.0183,0.00532,0.000314,0.00000833,0.000000861,0.81,0.41,0.03,0.0043,0.00028,445
51590,blend,0.476,0.0485,0.00477,0.00031,0.00000826,0.00000074,0.67,0.24,0.02,0.0027,0.00018,392
51595,blend,0.605,0.0129,0.00307,0.000252,0.00000519,0.000000309,0.67,0.22,0.028,0.0033,0.00016,301
51600,blend,7.07,0.665,0.0105,0.000204,0.00000297,0.0000000525,0.7,0.25,0.025,0.0026,0.000035,347
51610,blend,0.889,0.033,0.00276,0.000199,0.00000282,0.0000000437,0.69,0.24,0.025,0.0025,0.00003,342
51620,blend,8.34,0.336,0.0117,0.000234,0.0000043,0.000000224,0.43,0.094,0.012,0.0013,0.000052,267
51630,blend,0.556,0.0394,0.00344,0.000223,0.00000365,0.00000011,0.7,0.26,0.027,0.0029,0.000068,349
51640,blend,0.624,0.0862,0.00942,0.000328,0.0000113,0.00000152,0.8,0.4,0.03,0.0049,0.00041,459
51650,blend,0.413,0.0101,0.00242,0.000199,0.00000309,0.000000105,0.62,0.18,0.025,0.0025,0.000065,251
51660,blend,0,0.0204,0.00491,0.000276,0.00000543,0.000000306,0.54,0.15,0.0099,0.0012,0.000049,405
51670,blend,0.76,0.0161,0.00311,0.000235,0.00000431,0.000000198,0.67,0.23,0.027,0.0031,0.00011,308
51678,blend,0.819,0.0221,0.00473,0.0003,0.00000717,0.000000601,0.79,0.37,0.029,0.0039,0.00022,424
51680,blend,0.562,0.0525,0.00616,0.000297,0.00000708,0.00000055,0.77,0.35,0.029,0.0039,0.00022,407
51683,blend,0,0.0163,0.00309,0.000217,0.00000326,0.0000000713,0.46,0.11,0.0093,0.00097,0.000016,354
51685,blend,0.12,0.00925,0.0026,0.000212,0.00000319,0.000000067,0.69,0.24,0.024,0.0025,0.000041,356
51690,blend,0,0.0233,0.00553,0.000322,0.00000907,0.000000932,0.56,0.17,0.011,0.0016,0.00011,417
51700,blend,0.422,0.012,0.0028,0.000207,0.00000338,0.000000128,0.63,0.19,0.025,0.0026,0.000077,264
51710,blend,0.301,0.0116,0.00241,0.000199,0.00000309,0.00000011,0.61,0.18,0.025,0.0025,0.000067,246
51720,blend,0.976,0.0296,0.0072,0.000352,0.0000147,0.0000026,0.47,0.13,0.007,0.0013,0.00014,475
51730,blend,1,0.0782,0.00347,0.00024,0.00000452,0.00000022,0.67,0.23,0.027,0.0031,0.00012,309
51735,blend,0.976,0.00993,0.00242,0.000198,0.00000304,0.0000000998,0.62,0.18,0.025,0.0025,0.000062,256
51740,blend,0.447,0.0122,0.00246,0.000204,0.00000329,0.000000128,0.62,0.18,0.025,0.0026,0.000077,250
51750,blend,0.0689,0.0179,0.0056,0.000329,0.0000102,0.00000127,0.78,0.38,0.026,0.004,0.00031,458
51760,blend,0.221,0.0261,0.0032,0.000237,0.00000434,0.00000019,0.69,0.24,0.027,0.0031,0.00011,324
51770,blend,0.533,0.0486,0.00617,0.000316,0.00000875,0.000000913,0.8,0.4,0.031,0.0045,0.00031,440
51775,blend,0,0.0239,0.00674,0.000325,0.00000898,0.000000964,0.62,0.21,0.012,0.0018,0.00012,441
51790,blend,0.682,0.0505,0.0041,0.000282,0.00000604,0.000000402,0.78,0.36,0.03,0.0038,0.00018,413
51800,blend,0.57,0.0142,0.00259,0.000218,0.00000382,0.000000179,0.62,0.18,0.026,0.0028,0.0001,256
51810,blend,0.376,0.0121,0.00231,0.000192,0.00000287,0.0000000962,0.6,0.17,0.024,0.0023,0.000059,229
51820,blend,0.894,0.0852,0.00975,0.000279,0.00000585,0.000000361,0.77,0.35,0.029,0.0037,0.00017,406
51830,blend,0.508,0.0146,0.00257,0.000212,0.0000035,0.000000131,0.64,0.2,0.026,0.0027,0.000079,281
51840,blend,0.454,0.0102,0.00288,0.000231,0.00000371,0.000000093,0.74,0.29,0.026,0.0029,0.000062,377
53001,blend,0.177,0.0177,0.0065,0.00109,0.0000533,0.0000062,0.61,0.28,0.034,0.006,0.0016,75
53003,blend,0.261,0.0186,0.00769,0.00108,0.0000517,0.0000059,0.6,0.31,0.032,0.005,0.0013,73
53005,blend,0.181,0.0191,0.00712,0.00118,0.0000648,0.00000748,0.53,0.21,0.032,0.0066,0.0017,87
53007,blend,0.324,0.0339,0.00621,0.00109,0.0000547,0.00000649,0.43,0.12,0.016,0.0032,0.00088,67
53009,blend,0.963,0.0532,0.00542,0.00105,0.0000595,0.00000727,0.61,0.17,0.029,0.0076,0.0021,40
53011,blend,0.261,0.0219,0.00839,0.00128,0.0000811,0.00000929,0.6,0.2,0.045,0.012,0.0029,64
53013,blend,1.28,0.019,0.00735,0.00112,0.0000556,0.00000638,0.54,0.25,0.028,0.0048,0.0013,79
53015,blend,0.271,0.0222,0.0079,0.00125,0.0000776,0.000009,0.56,0.17,0.036,0.0095,0.0024,59
53017,blend,0.474,0.0199,0.00605,0.00108,0.0000523,0.00000617,0.54,0.19,0.023,0.0045,0.0012,69
53019,blend,1.44,0.0952,0.0132,0.000967,0.0000391,0.00000462,0.67,0.32,0.031,0.0047,0.0013,55
53021,blend,0.0197,0.019,0.00692,0.00114,0.0000593,0.00000686,0.53,0.22,0.028,0.0054,0.0014,85
53023,blend,2.3,0.0521,0.0106,0.00113,0.0000522,0.00000598,0.57,0.28,0.028,0.0046,0.0012,78
53025,blend,0.0122,0.0196,0.00639,0.00111,0.0000562,0.00000659,0.52,0.19,0.025,0.0049,0.0013,77
53027,blend,0,0.0292,0.00691,0.00119,0.0000713,0.00000849,0.37,0.078,0.014,0.0039,0.001,46
53029,blend,0.765,0.107,0.00777,0.00104,0.0000567,0.00000688,0.7,0.25,0.042,0.01,0.0029,47
53031,blend,1,0.0598,0.00627,0.00108,0.0000624,0.00000757,0.63,0.19,0.035,0.0091,0.0025,48
53033,blend,0.272,0.0416,0.00732,0.0011,0.0000617,0.00000738,0.69,0.25,0.047,0.011,0.003,64
53035,blend,1.11,0.0698,0.00519,0.00109,0.0000623,0.0000075,0.68,0.24,0.045,0.011,0.0031,54
53037,blend,0.862,0.0604,0.00735,0.00113,0.0000616,0.00000727,0.64,0.24,0.042,0.0093,0.0025,73
53039,blend,0.0707,0.039,0.00981,0.00128,0.000074,0.00000843,0.18,0.041,0.0071,0.0016,0.0004,78
53041,blend,0.874,0.0299,0.00713,0.00121,0.0000727,0.00000851,0.57,0.17,0.034,0.0088,0.0023,62
53043,blend,1.12,0.0322,0.00713,0.00105,0.0000477,0.00000558,0.63,0.3,0.033,0.0054,0.0015,68
53045,blend,0.903,0.0204,0.00585,0.00114,0.0000668,0.000008,0.6,0.18,0.034,0.0088,0.0024,51
53047,blend,0.00636,0.0306,0.00714,0.00101,0.0000441,0.00000524,0.28,0.07,0.0063,0.0011,0.00031,60
53049,blend,0,0.032,0.00821,0.00126,0.0000776,0.0000091,0.33,0.07,0.014,0.0037,0.00095,50
53051,blend,0.772,0.0547,0.0124,0.000926,0.0000305,0.00000353,0.63,0.3,0.023,0.0025,0.00073,49
53053,blend,0.396,0.0331,0.00589,0.00115,0.0000671,0.00000795,0.66,0.23,0.046,0.012,0.0031,61
53055,blend,1.22,0.0963,0.00492,0.000998,0.0000535,0.00000655,0.66,0.22,0.033,0.008,0.0023,41
53057,blend,0.879,0.0794,0.00782,0.000999,0.000051,0.00000619,0.71,0.27,0.039,0.0088,0.0025,53
53059,blend,0.0528,0.033,0.00908,0.00129,0.0000772,0.00000885,0.29,0.066,0.013,0.0031,0.00077,66
53061,blend,0.173,0.0321,0.00588,0.00106,0.0000559,0.00000672,0.62,0.2,0.031,0.0071,0.002,57
53063,blend,0.217,0.0553,0.0184,0.0012,0.0000412,0.00000478,0.66,0.35,0.033,0.0046,0.0013,64
53065,blend,1.16,0.0561,0.0104,0.000955,0.0000362,0.00000424,0.68,0.35,0.033,0.0043,0.0012,52
53067,blend,0.703,0.0381,0.00614,0.00117,0.0000701,0.00000832,0.67,0.23,0.048,0.013,0.0033,54
53069,blend,0,0.0425,0.00925,0.0013,0.0000796,0.00000923,0.12,0.022,0.004,0.0011,0.00027,54
53071,blend,0.445,0.0173,0.00704,0.00114,0.0000593,0.00000682,0.54,0.24,0.03,0.0056,0.0015,83
53073,blend,0.824,0.0684,0.00648,0.000955,0.0000469,0.00000572,0.72,0.29,0.038,0.0082,0.0023,43
53075,blend,0.194,0.0192,0.00846,0.00106,0.0000484,0.00000558,0.64,0.33,0.034,0.0054,0.0015,72
53077,blend,0.286,0.0219,0.00691,0.00119,0.0000681,0.00000791,0.57,0.2,0.037,0.0085,0.0022,74
54001,blend,1.91,0.116,0.00532,0.000294,0.00000781,0.000000643,0.81,0.41,0.031,0.0043,0.00025,417
54003,blend,0.27,0.00963,0.00269,0.000219,0.00000337,0.0000000634,0.75,0.29,0.027,0.003,0.00005,376
54005,blend,2.49,0.227,0.0231,0.000437,0.0000121,0.00000187,0.83,0.45,0.032,0.0053,0.00049,466
54007,blend,4.09,0.29,0.0159,0.000318,0.00000955,0.00000112,0.83,0.44,0.032,0.0048,0.00036,448
54009,blend,1.19,0.0803,0.00622,0.000303,0.0000145,0.000000681,0.8,0.36,0.031,0.005,0.0003,355
54011,blend,1,0.097,0.0207,0.000595,0.0000134,0.00000212,0.81,0.42,0.031,0.0056,0.00056,462
54013,blend,5.22,0.31,0.0308,0.000324,0.0000109,0.00000131,0.83,0.44,0.032,0.0051,0.0004,449
54015,blend,8.54,0.957,0.0636,0.000404,0.0000104,0.00000138,0.83,0.45,0.032,0.0051,0.00041,461
54017,blend,4.25,0.337,0.0314,0.000312,0.0000106,0.000000982,0.82,0.42,0.031,0.0048,0.00034,425
54019,blend,2.01,0.202,0.0148,0.00042,0.0000106,0.00000146,0.83,0.45,0.032,0.005,0.00042,464
54021,blend,3.68,0.239,0.0298,0.000338,0.0000102,0.00000114,0.83,0.43,0.032,0.0049,0.00037,437
54023,blend,2.54,0.101,0.00556,0.000269,0.00000555,0.000000324,0.79,0.37,0.03,0.0038,0.00016,397
54025,blend,2.74,0.192,0.0127,0.000322,0.00000923,0.0000011,0.83,0.44,0.032,0.0047,0.00035,460
54027,blend,2.53,0.135,0.0121,0.000244,0.00000432,0.000000144,0.77,0.33,0.029,0.0034,0.000096,385
54029,blend,1.62,0.0445,0.00679,0.000355,0.0000159,0.000000625,0.79,0.35,0.03,0.0051,0.00031,340
54031,blend,2.07,0.117,0.00956,0.000258,0.00000484,0.000000229,0.78,0.35,0.029,0.0036,0.00013,391
54033,blend,1.22,0.0547,0.00674,0.000303,0.00000942,0.000000807,0.82,0.42,0.031,0.0047,0.0003,414
54035,blend,2.37,0.134,0.0171,0.000507,0.0000127,0.00000166,0.82,0.43,0.032,0.0054,0.00048,453
54037,blend,0.76,0.0197,0.00348,0.000216,0.00000323,0.000000059,0.74,0.28,0.027,0.0029,0.000044,370
54039,blend,1.77,0.188,0.0125,0.00036,0.0000115,0.00000168,0.83,0.45,0.032,0.0053,0.00046,466
54041,blend,2.6,0.16,0.0112,0.00031,0.00000918,0.000000925,0.82,0.43,0.031,0.0047,0.00032,433
54043,blend,4.27,0.353,0.0407,0.000809,0.000028,0.00000207,0.82,0.43,0.031,0.0055,0.00053,463
54045,blend,1.99,0.158,0.0112,0.00034,0.0000127,0.00000205,0.82,0.44,0.031,0.0054,0.00052,467
54047,blend,1.65,0.167,0.0194,0.000338,0.0000125,0.00000193,0.82,0.44,0.031,0.0053,0.00049,473
54049,blend,1.3,0.0743,0.00626,0.000297,0.00000952,0.000000689,0.81,0.4,0.031,0.0045,0.00027,401
54051,blend,1.72,0.141,0.0155,0.000355,0.0000127,0.000000823,0.81,0.39,0.031,0.005,0.00032,382
54053,blend,1.8,0.127,0.0168,0.000654,0.0000136,0.0000019,0.82,0.42,0.032,0.0056,0.00053,456
54055,blend,0.945,0.114,0.0293,0.000519,0.0000112,0.00000157,0.82,0.44,0.031,0.005,0.00043,468
54057,blend,1.06,0.0324,0.0036,0.000255,0.00000511,0.000000214,0.78,0.35,0.029,0.0036,0.00013,386
54059,blend,2.89,0.298,0.0203,0.000341,0.0000133,0.00000221,0.82,0.43,0.031,0.0055,0.00054,471
54061,blend,0.899,0.0454,0.00529,0.00029,0.0000092,0.000000578,0.81,0.39,0.031,0.0044,0.00025,394
54063,blend,4.46,0.252,0.011,0.000326,0.00000983,0.00000121,0.82,0.44,0.031,0.0048,0.00036,455
54065,blend,2.01,0.0737,0.00443,0.000225,0.00000369,0.0000000743,0.75,0.3,0.027,0.003,0.00006,369
54067,blend,2.14,0.206,0.0125,0.000324,0.0000097,0.00000124,0.83,0.45,0.032,0.0049,0.00038,461
54069,blend,0.91,0.0663,0.0087,0.000305,0.0000137,0.00000074,0.8,0.38,0.031,0.005,0.00031,372
54071,blend,4.12,0.219,0.0441,0.000282,0.00000605,0.000000436,0.8,0.39,0.031,0.004,0.00019,421
54073,blend,2.68,0.113,0.0185,0.000322,0.0000127,0.00000121,0.82,0.41,0.031,0.0051,0.00039,422
54075,blend,5.96,0.328,0.0292,0.000307,0.0000078,0.00000079,0.82,0.42,0.031,0.0044,0.00028,447
54077,blend,1.32,0.0347,0.00682,0.000382,0.00000732,0.000000443,0.8,0.38,0.03,0.0041,0.0002,397
54079,blend,0.946,0.101,0.0166,0.000465,0.0000127,0.00000188,0.82,0.43,0.032,0.0055,0.00051,460
54081,blend,1.92,0.196,0.0145,0.000335,0.0000113,0.00000162,0.83,0.45,0.031,0.0051,0.00044,469
54083,blend,1.59,0.064,0.0062,0.000296,0.00000718,0.000000645,0.81,0.41,0.031,0.0043,0.00025,432
54085,blend,4.2,0.292,0.0296,0.000321,0.0000116,0.0000012,0.82,0.43,0.032,0.0051,0.00039,435
54087,blend,3.34,0.297,0.0284,0.000422,0.0000115,0.00000148,0.83,0.44,0.032,0.0052,0.00044,454
54089,blend,1.98,0.151,0.0153,0.000348,0.0000104,0.00000138,0.83,0.44,0.031,0.0049,0.0004,468
54091,blend,1.74,0.0936,0.00558,0.000293,0.00000833,0.00000063,0.81,0.4,0.031,0.0044,0.00025,407
54093,blend,2.97,0.129,0.00637,0.000281,0.00000649,0.000000457,0.8,0.39,0.03,0.004,0.0002,413
54095,blend,3.59,0.165,0.0237,0.000315,0.0000119,0.00000103,0.82,0.41,0.031,0.005,0.00036,418
54097,blend,2.2,0.108,0.0085,0.000304,0.00000825,0.000000803,0.82,0.42,0.031,0.0045,0.00029,430
54099,blend,2.88,0.273,0.0509,0.00173,0.0000222,0.0000023,0.81,0.42,0.031,0.0057,0.00058,470
54101,blend,7.12,0.484,0.0204,0.000337,0.00000873,0.000000999,0.83,0.44,0.032,0.0047,0.00033,453
54103,blend,2.24,0.146,0.0178,0.000308,0.0000114,0.000000864,0.82,0.41,0.031,0.0049,0.00032,402
54105,blend,5.36,0.286,0.043,0.000328,0.0000123,0.00000143,0.82,0.43,0.032,0.0052,0.00043,440
54107,blend,1.02,0.0445,0.00962,0.000329,0.0000134,0.00000146,0.82,0.42,0.032,0.0054,0.00045,436
54109,blend,3.09,0.26,0.028,0.000392,0.0000121,0.00000183,0.82,0.44,0.031,0.0052,0.00047,473
55001,blend,0.391,0.0157,0.00248,0.000585,0.0000586,0.00000127,0.52,0.12,0.021,0.0071,0.0016,245
55003,blend,0.678,0.0257,0.00233,0.000623,0.000076,0.000000832,0.6,0.16,0.025,0.0085,0.0016,134
55005,blend,0.296,0.0174,0.00128,0.000638,0.0000518,0.000000727,0.5,0.11,0.026,0.0066,0.0014,201
55007,blend,0.626,0.0253,0.00218,0.000606,0.0000673,0.000000771,0.59,0.15,0.025,0.0078,0.0016,137
55009,blend,0.172,0.0216,0.00246,0.000558,0.0000773,0.00000122,0.69,0.24,0.025,0.011,0.0021,206
55011,blend,0.666,0.0131,0.00238,0.000639,0.0000461,0.000000765,0.44,0.088,0.024,0.0059,0.0014,243
55013,blend,0.504,0.0112,0.00131,0.000624,0.0000463,0.000000653,0.46,0.091,0.022,0.0051,0.0012,188
55015,blend,0.404,0.0302,0.00222,0.000543,0.0000698,0.00000139,0.67,0.22,0.024,0.01,0.002,229
55017,blend,0.258,0.0162,0.0015,0.000638,0.000056,0.000000797,0.5,0.1,0.025,0.0068,0.0015,204
55019,blend,0.34,0.0172,0.00186,0.000626,0.0000599,0.000000866,0.51,0.11,0.024,0.0073,0.0015,215
55021,blend,0.167,0.0143,0.00255,0.000549,0.0000557,0.00000162,0.55,0.13,0.021,0.0071,0.0016,265
55023,blend,0.479,0.0139,0.00393,0.000594,0.0000438,0.00000142,0.4,0.083,0.017,0.0045,0.0012,279
55025,blend,0.0647,0.0122,0.00251,0.000533,0.0000509,0.00000186,0.57,0.14,0.022,0.0073,0.0018,278
55027,blend,0.408,0.0152,0.00218,0.000527,0.0000585,0.00000172,0.63,0.18,0.023,0.0085,0.0019,262
55029,blend,0.642,0.0592,0.00515,0.000574,0.0000963,0.0000011,0.74,0.31,0.027,0.014,0.0024,160
55031,blend,0.208,0.0131,0.00178,0.000594,0.000054,0.000000688,0.57,0.14,0.027,0.007,0.0015,150
55033,blend,0.274,0.0116,0.00146,0.000644,0.0000486,0.000000739,0.47,0.092,0.025,0.0061,0.0014,221
55035,blend,0.237,0.013,0.00199,0.000635,0.0000531,0.000000802,0.48,0.098,0.024,0.0066,0.0015,225
55037,blend,1.67,0.146,0.00676,0.000638,0.000101,0.00000107,0.67,0.22,0.027,0.013,0.0023,141
55039,blend,0.125,0.014,0.00214,0.000536,0.0000637,0.00000155,0.65,0.2,0.023,0.0091,0.0019,246
55041,blend,2.18,0.197,0.0171,0.000631,0.0000923,0.00000103,0.65,0.2,0.027,0.012,0.0021,155
55043,blend,0.311,0.0154,0.00386,0.000568,0.0000421,0.00000172,0.49,0.12,0.023,0.006,0.0016,286
55045,blend,0.425,0.011,0.00278,0.000522,0.0000461,0.00000208,0.55,0.14,0.022,0.0068,0.0017,287
55047,blend,0.422,0.0177,0.00214,0.000552,0.0000614,0.00000149,0.59,0.15,0.021,0.0078,0.0017,244
55049,blend,0.933,0.0214,0.00323,0.000558,0.0000465,0.00000177,0.43,0.089,0.016,0.0046,0.0012,277
55051,blend,2.18,0.0869,0.00579,0.000635,0.0000812,0.000000882,0.6,0.16,0.025,0.0091,0.0017,138
55053,blend,0.0473,0.0115,0.00237,0.00062,0.0000541,0.000000925,0.48,0.099,0.023,0.0066,0.0015,232
55055,blend,0.777,0.0316,0.0023,0.000511,0.0000534,0.00000197,0.62,0.17,0.022,0.0079,0.0018,274
55057,blend,0.245,0.0133,0.00245,0.000591,0.0000557,0.00000122,0.53,0.12,0.024,0.0075,0.0017,238
55059,blend,0.331,0.0176,0.0026,0.000476,0.0000522,0.00000226,0.67,0.22,0.023,0.0084,0.0018,293
55061,blend,0.327,0.0234,0.00313,0.000552,0.0000831,0.0000012,0.72,0.28,0.025,0.012,0.0022,188
55063,blend,0.359,0.0111,0.00312,0.000616,0.0000478,0.00000102,0.46,0.095,0.023,0.006,0.0015,256
55065,blend,0.378,0.0116,0.00329,0.000539,0.0000433,0.000002,0.52,0.13,0.022,0.0063,0.0017,288
55067,blend,1.18,0.123,0.00243,0.000618,0.0000819,0.000000987,0.62,0.18,0.026,0.011,0.002,180
55069,blend,1.29,0.0861,0.00246,0.000628,0.000076,0.000000936,0.59,0.15,0.026,0.0097,0.0018,179
55071,blend,0.164,0.0137,0.00274,0.00053,0.0000744,0.00000138,0.71,0.27,0.024,0.011,0.0021,218
55073,blend,0.377,0.0234,0.00199,0.000616,0.0000699,0.000000938,0.58,0.14,0.025,0.0091,0.0018,198
55075,blend,0.93,0.126,0.00721,0.000607,0.0000942,0.00000106,0.69,0.24,0.026,0.013,0.0022,160
55077,blend,0.783,0.036,0.00221,0.000568,0.0000593,0.0000014,0.55,0.13,0.021,0.0073,0.0016,243
55078,blend,2.57,0.0859,0.00238,0.000602,0.0000813,0.00000102,0.62,0.18,0.023,0.0098,0.0018,180
55079,blend,0.133,0.0236,0.00289,0.000487,0.000056,0.00000207,0.67,0.23,0.022,0.0085,0.0018,279
55081,blend,0.261,0.0118,0.00276,0.000605,0.000052,0.00000111,0.49,0.1,0.023,0.0066,0.0016,244
55083,blend,0.636,0.0837,0.00622,0.000623,0.0000852,0.00000106,0.67,0.23,0.026,0.012,0.0021,182
55085,blend,1.7,0.2,0.00292,0.000635,0.0000837,0.000000957,0.62,0.17,0.026,0.011,0.0019,164
55087,blend,0.474,0.073,0.00521,0.000568,0.0000734,0.00000121,0.65,0.2,0.024,0.01,0.002,212
55089,blend,0.609,0.0287,0.00249,0.000508,0.0000634,0.00000173,0.69,0.24,0.023,0.0092,0.0019,255
55091,blend,0.58,0.0112,0.00193,0.000643,0.0000471,0.000000753,0.44,0.087,0.024,0.0058,0.0014,235
55093,blend,0.243,0.00925,0.00162,0.000651,0.0000422,0.000000692,0.44,0.088,0.026,0.0058,0.0014,242
55095,blend,0.431,0.0159,0.00175,0.000648,0.0000447,0.000000662,0.48,0.097,0.026,0.006,0.0014,207
55097,blend,0.687,0.06,0.00264,0.000597,0.0000667,0.00000108,0.58,0.14,0.025,0.0089,0.0018,219
55099,blend,0.233,0.0142,0.0018,0.000636,0.0000727,0.000000876,0.57,0.14,0.025,0.0085,0.0016,172
55101,blend,0.364,0.0162,0.00269,0.00048,0.0000548,0.00000215,0.68,0.23,0.023,0.0085,0.0018,289
55103,blend,0.218,0.012,0.00315,0.000579,0.000048,0.00000147,0.5,0.11,0.023,0.0066,0.0017,266
55105,blend,0.243,0.011,0.00247,0.000506,0.0000484,0.00000215,0.59,0.16,0.022,0.0072,0.0017,289
55107,blend,0.329,0.0333,0.00165,0.000638,0.0000609,0.000000801,0.52,0.11,0.025,0.0071,0.0015,191
55109,blend,0.62,0.0167,0.00126,0.00065,0.0000434,0.00000068,0.42,0.078,0.022,0.005,0.0012,224
55111,blend,0.184,0.0118,0.00268,0.000566,0.0000516,0.00000154,0.53,0.12,0.023,0.0071,0.0017,264
55113,blend,0.75,0.0538,0.00161,0.000632,0.0000635,0.000000788,0.55,0.13,0.025,0.0075,0.0015,169
55115,blend,0.371,0.0404,0.00251,0.000593,0.0000771,0.00000106,0.64,0.19,0.025,0.01,0.002,200
55117,blend,0.396,0.0222,0.00255,0.000514,0.0000672,0.0000016,0.7,0.26,0.024,0.01,0.002,239
55119,blend,0.144,0.0134,0.0016,0.000633,0.0000659,0.000000868,0.54,0.12,0.024,0.0078,0.0016,191
55121,blend,0.251,0.0119,0.00253,0.00063,0.000049,0.000000835,0.46,0.093,0.024,0.0061,0.0014,247
55123,blend,0.241,0.0138,0.0033,0.000599,0.0000474,0.00000124,0.48,0.11,0.024,0.0064,0.0016,260
55125,blend,4.34,0.353,0.00645,0.000641,0.0000892,0.000000966,0.63,0.18,0.027,0.011,0.002,145
55127,blend,0.668,0.0236,0.00256,0.000493,0.0000507,0.0000022,0.63,0.18,0.022,0.0078,0.0018,290
55129,blend,0.654,0.0162,0.00144,0.000626,0.0000544,0.000000714,0.53,0.12,0.025,0.0067,0.0014,180
55131,blend,0.575,0.0234,0.00234,0.000513,0.0000603,0.00000178,0.66,0.21,0.022,0.0087,0.0019,260
55133,blend,0.466,0.0376,0.00248,0.0005,0.0000555,0.000002,0.65,0.2,0.022,0.0082,0.0018,276
55135,blend,0.588,0.0579,0.00328,0.000584,0.0000708,0.00000114,0.62,0.17,0.025,0.0096,0.0019,216
55137,blend,0.374,0.0314,0.00208,0.000575,0.0000639,0.00000127,0.59,0.15,0.023,0.0085,0.0018,238
55139,blend,0.305,0.0171,0.00229,0.000557,0.0000672,0.00000135,0.64,0.19,0.024,0.0094,0.0019,233
55141,blend,0.191,0.0215,0.00218,0.000608,0.000062,0.00000101,0.55,0.12,0.025,0.0082,0.0017,222
56001,blend,0.611,0.016,0.00226,0.0000272,0.00000547,0.0000000227,0.41,0.1,0.017,0.003,0.000086,76
56003,blend,0.842,0.00299,0.000309,0.0000665,0.00000441,0.0000000261,0.38,0.083,0.02,0.0022,0.00015,64
56005,blend,0.516,0.00978,0.00191,0.0000953,0.0000105,0.000000293,0.48,0.15,0.024,0.0046,0.00079,73
56007,blend,0.533,0.0121,0.00238,0.0000228,0.00000438,0.0000000000357,0.38,0.092,0.015,0.0026,0.00000033,80
56009,blend,1.44,0.0117,0.00157,0.0000532,0.00000832,0.000000139,0.43,0.12,0.022,0.0043,0.00049,75
56011,blend,2.31,0.0552,0.00519,0.00024,0.0000199,0.000000673,0.49,0.16,0.025,0.0054,0.0011,83
56013,blend,0.23,0.00427,0.000729,0.0000328,0.00000421,0,0.29,0.043,0.015,0.002,0,69
56015,blend,0.0345,0.0172,0.00217,0.0000577,0.0000121,0.000000213,0.097,0.017,0.0037,0.00073,0.000088,85
56017,blend,0.876,0.00296,0.000198,0.0000436,0.00000427,0.0000000026,0.33,0.054,0.017,0.002,0.000018,68
56019,blend,0.952,0.0142,0.001,0.0000657,0.00000546,0.000000082,0.45,0.12,0.023,0.0037,0.00042,66
56021,blend,0.172,0.0139,0.00211,0.0000353,0.00000788,0.0000000804,0.44,0.11,0.022,0.0038,0.00023,87
56023,blend,0.303,0.00891,0.00348,0.0000276,0.0000033,0,0.32,0.063,0.011,0.0013,0,66
56025,blend,0.425,0.00713,0.00104,0.0000384,0.00000486,0.0000000189,0.37,0.084,0.018,0.003,0.00014,71
56027,blend,0.582,0.0152,0.00187,0.0000838,0.000015,0.000000349,0.27,0.064,0.011,0.0024,0.00038,81
56029,blend,0.287,0.00501,0.000209,0.000104,0.00000329,0,0.38,0.072,0.017,0.0012,0,66
56031,blend,0.278,0.013,0.0021,0.000045,0.00000906,0.00000013,0.37,0.086,0.018,0.0034,0.00033,77
56033,blend,0.401,0.00511,0.00087,0.0000913,0.00000507,0.0000000984,0.46,0.13,0.025,0.0034,0.00049,69
56035,blend,1.25,0.0099,0.00283,0.0000299,0.00000365,0,0.32,0.05,0.013,0.0015,0,67
56037,blend,0.523,0.0114,0.00288,0.0000215,0.00000401,0,0.3,0.064,0.012,0.002,0,77
56039,blend,0.0613,0.00506,0.000597,0.000111,0.00000288,0,0.33,0.05,0.013,0.00085,0,73
56041,blend,0.248,0.00878,0.00378,0.0000216,0.00000328,0,0.32,0.07,0.01,0.0015,0,67
56043,blend,0.405,0.00314,0.000351,0.0000512,0.00000459,0.0000000189,0.36,0.07,0.019,0.0025,0.00012,68
56045,blend,1.2,0.0254,0.00294,0.000111,0.0000172,0.000000483,0.52,0.18,0.029,0.0064,0.0012,76
72001,blend,3.06,0.341,0.02,0.00303,0,0,0.94,0.67,0.29,0,0,77
72003,blend,3.06,0.341,0.02,0.00303,0,0,0.94,0.67,0.29,0,0,77
72005,blend,3.06,0.341,0.02,0.00303,0,0,0.94,0.67,0.29,0,0,77
72007,blend,3.06,0.341,0.02,0.00303,0,0,0.94,0.67,0.29,0,0,77
72009,blend,3.06,0.341,0.02,0.00303,0,0,0.94,0.67,0.29,0,0,77
72011,blend,3.06,0.341,0.02,0.00303,0,0,0.94,0.67,0.29,0,0,77
72013,blend,3.06,0.341,0.02,0.00303,0,0,0.94,0.67,0.29,0,0,77
72015,blend,3.06,0.341,0.02,0.00303,0,0,0.94,0.67,0.29,0,0,77
72017,blend,3.06,0.341,0.02,0.00303,0,0,0.94,0.67,0.29,0,0,77
72019,blend,3.06,0.341,0.02,0.00303,0,0,0.94,0.67,0.29,0,0,77
72021,blend,3.06,0.341,0.02,0.00303,0,0,0.94,0.67,0.29,0,0,77
72023,blend,3.06,0.341,0.02,0.00303,0,0,0.94,0.67,0.29,0,0,77
72025,blend,3.06,0.341,0.02,0.00303,0,0,0.94,0.67,0.29,0,0,77
72027,blend,3.06,0.341,0.02,0.00303,0,0,0.94,0.67,0.29,0,0,77
72029,blend,3.06,0.341,0.02,0.00303,0,0,0.94,0.67,0.29,0,0,77
72031,blend,3.06,0.341,0.02,0.00303,0,0,0.94,0.67,0.29,0,0,77
72033,blend,3.06,0.341,0.02,0.00303,0,0,0.94,0.67,0.29,0,0,77
72035,blend,3.06,0.341,0.02,0.00303,0,0,0.94,0.67,0.29,0,0,77
72037,blend,3.06,0.341,0.02,0.00303,0,0,0.94,0.67,0.29,0,0,77
72039,blend,3.06,0.341,0.02,0.00303,0,0,0.94,0.67,0.29,0,0,77
72041,blend,3.06,0.341,0.02,0.00303,0,0,0.94,0.67,0.29,0,0,77
72043,blend,3.06,0.341,0.02,0.00303,0,0,0.94,0.67,0.29,0,0,77
72045,blend,3.06,0.341,0.02,0.00303,0,0,0.94,0.67,0.29,0,0,77
72047,blend,3.06,0.341,0.02,0.00303,0,0,0.94,0.67,0.29,0,0,77
72049,blend,3.06,0.341,0.02,0.00303,0,0,0.94,0.67,0.29,0,0,77
72051,blend,3.06,0.341,0.02,0.00303,0,0,0.94,0.67,0.29,0,0,77
72053,blend,3.06,0.341,0.02,0.00303,0,0,0.94,0.67,0.29,0,0,77
72054,blend,3.06,0.341,0.02,0.00303,0,0,0.94,0.67,0.29,0,0,77
72055,blend,3.06,0.341,0.02,0.00303,0,0,0.94,0.67,0.29,0,0,77
72057,blend,3.06,0.341,0.02,0.00303,0,0,0.94,0.67,0.29,0,0,77
72059,blend,3.06,0.341,0.02,0.00303,0,0,0.94,0.67,0.29,0,0,77
72061,blend,3.06,0.341,0.02,0.00303,0,0,0.94,0.67,0.29,0,0,77
72063,blend,3.06,0.341,0.02,0.00303,0,0,0.94,0.67,0.29,0,0,77
72065,blend,3.06,0.341,0.02,0.00303,0,0,0.94,0.67,0.29,0,0,77
72067,blend,3.06,0.341,0.02,0.00303,0,0,0.94,0.67,0.29,0,0,77
72069,blend,3.06,0.341,0.02,0.00303,0,0,0.94,0.67,0.29,0,0,77
72071,blend,3.06,0.341,0.02,0.00303,0,0,0.94,0.67,0.29,0,0,77
72073,blend,3.06,0.341,0.02,0.00303,0,0,0.94,0.67,0.29,0,0,77
72075,blend,3.06,0.341,0.02,0.00303,0,0,0.94,0.67,0.29,0,0,77
72077,blend,3.06,0.341,0.02,0.00303,0,0,0.94,0.67,0.29,0,0,77
72079,blend,3.06,0.341,0.02,0.00303,0,0,0.94,0.67,0.29,0,0,77
72081,blend,3.06,0.341,0.02,0.00303,0,0,0.94,0.67,0.29,0,0,77
72083,blend,3.06,0.341,0.02,0.00303,0,0,0.94,0.67,0.29,0,0,77
72085,blend,3.06,0.341,0.02,0.00303,0,0,0.94,0.67,0.29,0,0,77
72087,blend,3.06,0.341,0.02,0.00303,0,0,0.94,0.67,0.29,0,0,77
72089,blend,3.06,0.341,0.02,0.00303,0,0,0.94,0.67,0.29,0,0,77
72091,blend,3.06,0.341,0.02,0.00303,0,0,0.94,0.67,0.29,0,0,77
72093,blend,3.06,0.341,0.02,0.00303,0,0,0.94,0.67,0.29,0,0,77
72095,blend,3.06,0.341,0.02,0.00303,0,0,0.94,0.67,0.29,0,0,77
72097,blend,3.06,0.341,0.02,0.00303,0,0,0.94,0.67,0.29,0,0,77
72099,blend,3.06,0.341,0.02,0.00303,0,0,0.94,0.67,0.29,0,0,77
72101,blend,3.06,0.341,0.02,0.00303,0,0,0.94,0.67,0.29,0,0,77
72103,blend,3.06,0.341,0.02,0.00303,0,0,0.94,0.67,0.29,0,0,77
72105,blend,3.06,0.341,0.02,0.00303,0,0,0.94,0.67,0.29,0,0,77
72107,blend,3.06,0.341,0.02,0.00303,0,0,0.94,0.67,0.29,0,0,77
72109,blend,3.06,0.341,0.02,0.00303,0,0,0.94,0.67,0.29,0,0,77
72111,blend,3.06,0.341,0.02,0.00303,0,0,0.94,0.67,0.29,0,0,77
72113,blend,3.06,0.341,0.02,0.00303,0,0,0.94,0.67,0.29,0,0,77
72115,blend,3.06,0.341,0.02,0.00303,0,0,0.94,0.67,0.29,0,0,77
72117,blend,3.06,0.341,0.02,0.00303,0,0,0.94,0.67,0.29,0,0,77
72119,blend,3.06,0.341,0.02,0.00303,0,0,0.94,0.67,0.29,0,0,77
72121,blend,3.06,0.341,0.02,0.00303,0,0,0.94,0.67,0.29,0,0,77
72123,blend,3.06,0.341,0.02,0.00303,0,0,0.94,0.67,0.29,0,0,77
72125,blend,3.06,0.341,0.02,0.00303,0,0,0.94,0.67,0.29,0,0,77
72127,blend,3.06,0.341,0.02,0.00303,0,0,0.94,0.67,0.29,0,0,77
72129,blend,3.06,0.341,0.02,0.00303,0,0,0.94,0.67,0.29,0,0,77
72131,blend,3.06,0.341,0.02,0.00303,0,0,0.94,0.67,0.29,0,0,77
72133,blend,3.06,0.341,0.02,0.00303,0,0,0.94,0.67,0.29,0,0,77
72135,blend,3.06,0.341,0.02,0.00303,0,0,0.94,0.67,0.29,0,0,77
72137,blend,3.06,0.341,0.02,0.00303,0,0,0.94,0.67,0.29,0,0,77
72139,blend,3.06,0.341,0.02,0.00303,0,0,0.94,0.67,0.29,0,0,77
72141,blend,3.06,0.341,0.02,0.00303,0,0,0.94,0.67,0.29,0,0,77
72143,blend,3.06,0.341,0.02,0.00303,0,0,0.94,0.67,0.29,0,0,77
72145,blend,3.06,0.341,0.02,0.00303,0,0,0.94,0.67,0.29,0,0,77
72147,blend,3.06,0.341,0.02,0.00303,0,0,0.94,0.67,0.29,0,0,77
72149,blend,3.06,0.341,0.02,0.00303,0,0,0.94,0.67,0.29,0,0,77
72151,blend,3.06,0.341,0.02,0.00303,0,0,0.94,0.67,0.29,0,0,77
72153,blend,3.06,0.341,0.02,0.00303,0,0,0.94,0.67,0.29,0,0,77
78010,blend,8.32,0.293,0.064,0.0057,0,0,0.82,0.56,0.12,0,0,2
78020,blend,17.2,0.793,0.116,0.00454,0,0,0.82,0.56,0.12,0,0,2
78030,blend,13.9,0.776,0.0755,0.00453,0,0,0.82,0.56,0.12,0,0,2
