fips,event,class,cause,date,recorded_in,distance_km,peak_share,s_1d,s_3d,s_7d,s_14d,s_30d,source
01001,Hurricane Michael,hurricane,AL142018,2018-10-10,12063,237,0.448,0.9349,0.8856,0.6336,0.5256,0,eaglei
01003,"Power cut, cause not recorded, October 2018",unattributed,,2018-10-12,12013,246,0.3251,1,1,0.9898,0.3184,0,eaglei
01005,"Power cut, cause not recorded, October 2018",unattributed,,2018-10-12,12013,166,0.3251,1,1,0.9898,0.3184,0,eaglei
01007,Hurricane Zeta,hurricane,AL282020,2020-10-29,28041,246,1,0.869,0.6757,0.2186,0,0,eaglei
01009,"Wind and thunderstorms, March 2020",wind,tornado:146901,2020-03-03,47037,245,0.1383,0.7022,0.2223,0.06199,0,0,eaglei
01011,"Power cut, cause not recorded, October 2018",unattributed,,2018-10-12,12013,197,0.3251,1,1,0.9898,0.3184,0,eaglei
01013,"Power cut, cause not recorded, October 2018",unattributed,,2018-10-12,12013,207,0.3251,1,1,0.9898,0.3184,0,eaglei
01015,Hurricane Zeta,hurricane,AL282020,2020-10-29,01037,101,1,0.9194,0.6414,0.04397,0,0,eaglei
01017,Hurricane Michael,hurricane,AL142018,2018-10-10,12063,237,0.448,0.9349,0.8856,0.6336,0.5256,0,eaglei
01019,Hurricane Helene,hurricane,AL092024,2024-09-27,45073,250,0.9332,0.8482,0.5507,0.1416,0,0,eaglei
01021,Hurricane Zeta,hurricane,AL282020,2020-10-29,01037,46,1,0.9194,0.6414,0.04397,0,0,eaglei
01023,Hurricane Zeta,hurricane,AL282020,2020-10-29,28041,94,1,0.869,0.6757,0.2186,0,0,eaglei
01025,Hurricane Zeta,hurricane,AL282020,2020-10-29,28041,94,1,0.869,0.6757,0.2186,0,0,eaglei
01027,Hurricane Zeta,hurricane,AL282020,2020-10-29,01037,52,1,0.9194,0.6414,0.04397,0,0,eaglei
01029,Hurricane Zeta,hurricane,AL282020,2020-10-29,01037,107,1,0.9194,0.6414,0.04397,0,0,eaglei
01031,"Power cut, cause not recorded, October 2018",unattributed,,2018-10-12,12013,136,0.3251,1,1,0.9898,0.3184,0,eaglei
01033,"Ice storm, February 2022",ice,ice_storm:166753,2022-02-03,47157,198,0.3258,0.8049,0.5723,0.1303,0,0,eaglei
01035,"Power cut, cause not recorded, October 2018",unattributed,,2018-10-12,12013,206,0.3251,1,1,0.9898,0.3184,0,eaglei
01037,Hurricane Zeta,hurricane,AL282020,2020-10-29,01037,0,1,0.9194,0.6414,0.04397,0,0,eaglei
01039,"Power cut, cause not recorded, October 2018",unattributed,,2018-10-12,12013,153,0.3251,1,1,0.9898,0.3184,0,eaglei
01041,"Power cut, cause not recorded, October 2018",unattributed,,2018-10-12,12013,184,0.3251,1,1,0.9898,0.3184,0,eaglei
01043,"Wind and thunderstorms, March 2020",wind,tornado:146901,2020-03-03,47037,227,0.1383,0.7022,0.2223,0.06199,0,0,eaglei
01045,"Power cut, cause not recorded, October 2018",unattributed,,2018-10-12,12013,122,0.3251,1,1,0.9898,0.3184,0,eaglei
01047,Hurricane Michael,hurricane,AL142018,2018-10-10,12063,249,0.448,0.9349,0.8856,0.6336,0.5256,0,eaglei
01049,Hurricane Helene,hurricane,AL092024,2024-09-26,37113,231,0.6452,0.9502,0.3542,0.0647,0,0,eaglei
01051,Hurricane Michael,hurricane,AL142018,2018-10-10,12063,220,0.448,0.9349,0.8856,0.6336,0.5256,0,eaglei
01053,"Power cut, cause not recorded, October 2018",unattributed,,2018-10-12,12013,205,0.3251,1,1,0.9898,0.3184,0,eaglei
01055,"Wind and thunderstorms, March 2020",wind,tornado:146901,2020-03-03,47037,246,0.1383,0.7022,0.2223,0.06199,0,0,eaglei
01057,Hurricane Zeta,hurricane,AL282020,2020-10-29,01037,166,1,0.9194,0.6414,0.04397,0,0,eaglei
01059,"Ice storm, February 2022",ice,ice_storm:166753,2022-02-03,47157,205,0.3258,0.8049,0.5723,0.1303,0,0,eaglei
01061,"Power cut, cause not recorded, October 2018",unattributed,,2018-10-12,12013,98,0.3251,1,1,0.9898,0.3184,0,eaglei
01063,Hurricane Zeta,hurricane,AL282020,2020-10-29,28041,192,1,0.869,0.6757,0.2186,0,0,eaglei
01065,Hurricane Zeta,hurricane,AL282020,2020-10-29,28041,196,1,0.869,0.6757,0.2186,0,0,eaglei
01067,"Power cut, cause not recorded, October 2018",unattributed,,2018-10-12,12013,126,0.3251,1,1,0.9898,0.3184,0,eaglei
01069,"Power cut, cause not recorded, October 2018",unattributed,,2018-10-12,12013,86,0.3251,1,1,0.9898,0.3184,0,eaglei
01071,Hurricane Helene,hurricane,AL092024,2024-09-26,37113,237,0.6452,0.9502,0.3542,0.0647,0,0,eaglei
01073,Hurricane Zeta,hurricane,AL282020,2020-10-29,01037,92,1,0.9194,0.6414,0.04397,0,0,eaglei
01075,"Ice storm, February 2022",ice,ice_storm:166753,2022-02-03,47157,227,0.3258,0.8049,0.5723,0.1303,0,0,eaglei
01077,"Ice storm, February 2022",ice,ice_storm:166753,2022-02-03,47157,207,0.3258,0.8049,0.5723,0.1303,0,0,eaglei
01079,"Ice storm, February 2022",ice,ice_storm:166753,2022-02-03,47157,246,0.3258,0.8049,0.5723,0.1303,0,0,eaglei
01081,"Power cut, cause not recorded, October 2018",unattributed,,2018-10-12,12013,247,0.3251,1,1,0.9898,0.3184,0,eaglei
01083,"Wind and thunderstorms, March 2020",wind,tornado:146901,2020-03-03,47037,152,0.1383,0.7022,0.2223,0.06199,0,0,eaglei
01085,"Power cut, cause not recorded, October 2018",unattributed,,2018-10-12,12013,239,0.3251,1,1,0.9898,0.3184,0,eaglei
01087,"Power cut, cause not recorded, October 2018",unattributed,,2018-10-12,12013,227,0.3251,1,1,0.9898,0.3184,0,eaglei
01089,"Wind and thunderstorms, March 2020",wind,tornado:146901,2020-03-03,47037,158,0.1383,0.7022,0.2223,0.06199,0,0,eaglei
01091,Hurricane Zeta,hurricane,AL282020,2020-10-29,28041,140,1,0.869,0.6757,0.2186,0,0,eaglei
01093,"Ice storm, February 2022",ice,ice_storm:166753,2022-02-03,47157,218,0.3258,0.8049,0.5723,0.1303,0,0,eaglei
01095,"Wind and thunderstorms, March 2020",wind,tornado:146901,2020-03-03,47037,211,0.1383,0.7022,0.2223,0.06199,0,0,eaglei
01097,Hurricane Ida,hurricane,AL092021,2021-08-29,22057,250,1,1,1,0.9781,0.4197,0.01295,eaglei
01099,"Power cut, cause not recorded, October 2018",unattributed,,2018-10-12,12013,247,0.3251,1,1,0.9898,0.3184,0,eaglei
01101,"Power cut, cause not recorded, October 2018",unattributed,,2018-10-12,12013,223,0.3251,1,1,0.9898,0.3184,0,eaglei
01103,"Wind and thunderstorms, March 2020",wind,tornado:146901,2020-03-03,47037,191,0.1383,0.7022,0.2223,0.06199,0,0,eaglei
01105,Hurricane Zeta,hurricane,AL282020,2020-10-29,28041,203,1,0.869,0.6757,0.2186,0,0,eaglei
01107,Hurricane Zeta,hurricane,AL282020,2020-10-29,28041,237,1,0.869,0.6757,0.2186,0,0,eaglei
01109,"Power cut, cause not recorded, October 2018",unattributed,,2018-10-12,12013,172,0.3251,1,1,0.9898,0.3184,0,eaglei
01111,Hurricane Zeta,hurricane,AL282020,2020-10-29,01037,83,1,0.9194,0.6414,0.04397,0,0,eaglei
01113,"Power cut, cause not recorded, October 2018",unattributed,,2018-10-12,12013,211,0.3251,1,1,0.9898,0.3184,0,eaglei
01115,Hurricane Zeta,hurricane,AL282020,2020-10-29,01037,88,1,0.9194,0.6414,0.04397,0,0,eaglei
01117,Hurricane Zeta,hurricane,AL282020,2020-10-29,01037,54,1,0.9194,0.6414,0.04397,0,0,eaglei
01119,Hurricane Zeta,hurricane,AL282020,2020-10-29,28041,159,1,0.869,0.6757,0.2186,0,0,eaglei
01121,Hurricane Zeta,hurricane,AL282020,2020-10-29,01037,49,1,0.9194,0.6414,0.04397,0,0,eaglei
01123,Hurricane Michael,hurricane,AL142018,2018-10-10,12063,237,0.448,0.9349,0.8856,0.6336,0.5256,0,eaglei
01125,Hurricane Zeta,hurricane,AL282020,2020-10-29,01037,126,1,0.9194,0.6414,0.04397,0,0,eaglei
01127,Hurricane Zeta,hurricane,AL282020,2020-10-29,01037,137,1,0.9194,0.6414,0.04397,0,0,eaglei
01129,Hurricane Ida,hurricane,AL092021,2021-08-29,22091,246,1,0.9372,0.8645,0.832,0.5622,0,eaglei
01131,Hurricane Michael,hurricane,AL142018,2018-10-10,12063,240,0.448,0.9349,0.8856,0.6336,0.5256,0,eaglei
01133,"Wind and thunderstorms, March 2020",wind,tornado:146901,2020-03-03,47037,230,0.1383,0.7022,0.2223,0.06199,0,0,eaglei
02020,"Power cut, cause not recorded, November 2023",unattributed,,2023-11-13,02170,122,0.1891,0.1531,0.1125,0,0,0,eaglei
02063,"Wind and thunderstorms, January 2025",wind,high_wind:199563,2025-01-12,02020,184,0.2699,0.255,0,0,0,0,eaglei
02068,"Power cut, cause not recorded, November 2023",unattributed,,2023-11-13,02170,160,0.1891,0.1531,0.1125,0,0,0,eaglei
02090,"Power cut, cause not recorded, December 2021",unattributed,,2021-12-26,02090,0,0.3213,0.3394,0.0535,0,0,0,eaglei
02122,"Wind and thunderstorms, January 2025",wind,high_wind:199563,2025-01-12,02020,188,0.2699,0.255,0,0,0,0,eaglei
02170,"Power cut, cause not recorded, November 2023",unattributed,,2023-11-13,02170,0,0.1891,0.1531,0.1125,0,0,0,eaglei
02240,"Power cut, cause not recorded, December 2021",unattributed,,2021-12-26,02090,182,0.3213,0.3394,0.0535,0,0,0,eaglei
04001,"Winter storm, January 2023",winter,heavy_snow:176175,2023-01-01,04007,215,0.2307,0.07013,0.07013,0,0,0,eaglei
04003,"Winter storm, January 2023",winter,heavy_snow:176175,2023-01-01,04007,237,0.2307,0.07013,0.07013,0,0,0,eaglei
04005,"Winter storm, January 2023",winter,heavy_snow:176175,2023-01-01,04007,243,0.2307,0.07013,0.07013,0,0,0,eaglei
04007,"Winter storm, January 2023",winter,heavy_snow:176175,2023-01-01,04007,0,0.2307,0.07013,0.07013,0,0,0,eaglei
04009,"Winter storm, January 2023",winter,heavy_snow:176175,2023-01-01,04007,129,0.2307,0.07013,0.07013,0,0,0,eaglei
04011,"Winter storm, January 2023",winter,heavy_snow:176175,2023-01-01,04007,158,0.2307,0.07013,0.07013,0,0,0,eaglei
04012,"Wind and thunderstorms, January 2025",wind,high_wind:199324,2025-01-08,06071,233,0.1142,0.2734,0.08671,0.08671,0,0,eaglei
04013,"Winter storm, January 2023",winter,heavy_snow:176175,2023-01-01,04007,164,0.2307,0.07013,0.07013,0,0,0,eaglei
04015,"Wind and thunderstorms, January 2025",wind,high_wind:199324,2025-01-08,06071,241,0.1142,0.2734,0.08671,0.08671,0,0,eaglei
04017,"Winter storm, January 2023",winter,heavy_snow:176175,2023-01-01,04007,184,0.2307,0.07013,0.07013,0,0,0,eaglei
04019,"Winter storm, January 2023",winter,heavy_snow:176175,2023-01-01,04007,206,0.2307,0.07013,0.07013,0,0,0,eaglei
04021,"Winter storm, January 2023",winter,heavy_snow:176175,2023-01-01,04007,110,0.2307,0.07013,0.07013,0,0,0,eaglei
04023,"Wind and thunderstorms, July 2023",wind,tstm_wind:183877,2023-07-29,04019,111,0.1098,0.05551,0,0,0,0,eaglei
04025,"Winter storm, January 2023",winter,heavy_snow:176175,2023-01-01,04007,187,0.2307,0.07013,0.07013,0,0,0,eaglei
04027,"Wind and thunderstorms, January 2025",wind,high_wind:199324,2025-01-08,06065,222,0.1237,0.5864,0.05674,0,0,0,eaglei
05001,Hurricane Laura,hurricane,AL132020,2020-08-27,22111,187,1,0.8175,0.7856,0.1619,0,0,eaglei
05003,Hurricane Laura,hurricane,AL132020,2020-08-27,22043,192,0.7312,0.9676,0.8711,0.5207,0,0,eaglei
05005,"Wind and thunderstorms, May 2024",wind,tornado:192040,2024-05-26,05007,173,0.6053,0.5648,0.283,0.04416,0,0,eaglei
05007,"Wind and thunderstorms, May 2024",wind,tornado:192040,2024-05-26,05007,0,0.6053,0.5648,0.283,0.04416,0,0,eaglei
05009,"Wind and thunderstorms, May 2024",wind,tornado:192040,2024-05-26,05007,106,0.6053,0.5648,0.283,0.04416,0,0,eaglei
05011,Hurricane Laura,hurricane,AL132020,2020-08-27,22043,211,0.7312,0.9676,0.8711,0.5207,0,0,eaglei
05013,Hurricane Laura,hurricane,AL132020,2020-08-27,22043,218,0.7312,0.9676,0.8711,0.5207,0,0,eaglei
05015,"Wind and thunderstorms, May 2024",wind,tornado:192040,2024-05-26,05007,64,0.6053,0.5648,0.283,0.04416,0,0,eaglei
05017,Hurricane Laura,hurricane,AL132020,2020-08-27,22043,220,0.7312,0.9676,0.8711,0.5207,0,0,eaglei
05019,Hurricane Laura,hurricane,AL132020,2020-08-27,22127,240,0.6183,0.9077,0.9013,0.3011,0,0,eaglei
05021,"Ice storm, February 2022",ice,ice_storm:166753,2022-02-03,47157,140,0.3258,0.8049,0.5723,0.1303,0,0,eaglei
05023,"Ice storm, February 2022",ice,ice_storm:166753,2022-02-03,47157,197,0.3258,0.8049,0.5723,0.1303,0,0,eaglei
05025,Hurricane Laura,hurricane,AL132020,2020-08-27,22127,221,0.6183,0.9077,0.9013,0.3011,0,0,eaglei
05027,Hurricane Laura,hurricane,AL132020,2020-08-27,22043,191,0.7312,0.9676,0.8711,0.5207,0,0,eaglei
05029,"Wind and thunderstorms, May 2024",wind,tornado:192040,2024-05-26,05007,185,0.6053,0.5648,0.283,0.04416,0,0,eaglei
05031,"Ice storm, February 2022",ice,ice_storm:166753,2022-02-03,47157,98,0.3258,0.8049,0.5723,0.1303,0,0,eaglei
05033,"Wind and thunderstorms, May 2024",wind,tornado:192040,2024-05-26,05007,84,0.6053,0.5648,0.283,0.04416,0,0,eaglei
05035,"Ice storm, February 2022",ice,ice_storm:166753,2022-02-03,47157,37,0.3258,0.8049,0.5723,0.1303,0,0,eaglei
05037,"Ice storm, February 2022",ice,ice_storm:166753,2022-02-03,47157,80,0.3258,0.8049,0.5723,0.1303,0,0,eaglei
05039,Hurricane Laura,hurricane,AL132020,2020-08-27,22127,225,0.6183,0.9077,0.9013,0.3011,0,0,eaglei
05041,Hurricane Laura,hurricane,AL132020,2020-08-27,22127,247,0.6183,0.9077,0.9013,0.3011,0,0,eaglei
05043,Hurricane Laura,hurricane,AL132020,2020-08-27,22043,235,0.7312,0.9676,0.8711,0.5207,0,0,eaglei
05045,"Ice storm, February 2022",ice,ice_storm:166753,2022-02-03,47157,222,0.3258,0.8049,0.5723,0.1303,0,0,eaglei
05047,"Wind and thunderstorms, May 2024",wind,tornado:192040,2024-05-26,05007,98,0.6053,0.5648,0.283,0.04416,0,0,eaglei
05049,"Ice storm, February 2022",ice,ice_storm:166753,2022-02-03,47157,219,0.3258,0.8049,0.5723,0.1303,0,0,eaglei
05051,Hurricane Laura,hurricane,AL132020,2020-08-27,22111,207,1,0.8175,0.7856,0.1619,0,0,eaglei
05053,Hurricane Laura,hurricane,AL132020,2020-08-27,22111,162,1,0.8175,0.7856,0.1619,0,0,eaglei
05055,"Ice storm, February 2022",ice,ice_storm:166753,2022-02-03,47157,120,0.3258,0.8049,0.5723,0.1303,0,0,eaglei
05057,Hurricane Laura,hurricane,AL132020,2020-08-26,22085,242,0.8805,0.9999,0.7441,0.3777,0,0,eaglei
05059,Hurricane Laura,hurricane,AL132020,2020-08-27,22111,173,1,0.8175,0.7856,0.1619,0,0,eaglei
05061,Hurricane Laura,hurricane,AL132020,2020-08-27,22111,205,1,0.8175,0.7856,0.1619,0,0,eaglei
05063,"Ice storm, February 2022",ice,ice_storm:166753,2022-02-03,47157,163,0.3258,0.8049,0.5723,0.1303,0,0,eaglei
05065,"Ice storm, February 2022",ice,ice_storm:166753,2022-02-03,47157,209,0.3258,0.8049,0.5723,0.1303,0,0,eaglei
05067,"Ice storm, February 2022",ice,ice_storm:166753,2022-02-03,47157,129,0.3258,0.8049,0.5723,0.1303,0,0,eaglei
05069,Hurricane Laura,hurricane,AL132020,2020-08-27,22111,166,1,0.8175,0.7856,0.1619,0,0,eaglei
05071,"Wind and thunderstorms, May 2024",wind,tornado:192040,2024-05-26,05007,111,0.6053,0.5648,0.283,0.04416,0,0,eaglei
05073,Hurricane Laura,hurricane,AL132020,2020-08-27,22043,208,0.7312,0.9676,0.8711,0.5207,0,0,eaglei
05075,"Ice storm, February 2022",ice,ice_storm:166753,2022-02-03,47157,145,0.3258,0.8049,0.5723,0.1303,0,0,eaglei
05077,"Ice storm, February 2022",ice,ice_storm:166753,2022-02-03,47157,92,0.3258,0.8049,0.5723,0.1303,0,0,eaglei
05079,Hurricane Laura,hurricane,AL132020,2020-08-27,22127,239,0.6183,0.9077,0.9013,0.3011,0,0,eaglei
05081,Hurricane Laura,hurricane,AL132020,2020-08-26,22085,246,0.8805,0.9999,0.7441,0.3777,0,0,eaglei
05083,"Wind and thunderstorms, May 2024",wind,tornado:192040,2024-05-26,05007,133,0.6053,0.5648,0.283,0.04416,0,0,eaglei
05085,Hurricane Laura,hurricane,AL132020,2020-08-27,22111,219,1,0.8175,0.7856,0.1619,0,0,eaglei
05087,"Wind and thunderstorms, May 2024",wind,tornado:192040,2024-05-26,05007,60,0.6053,0.5648,0.283,0.04416,0,0,eaglei
05089,"Wind and thunderstorms, May 2024",wind,tornado:192040,2024-05-26,05007,142,0.6053,0.5648,0.283,0.04416,0,0,eaglei
05091,Hurricane Laura,hurricane,AL132020,2020-08-27,22043,228,0.7312,0.9676,0.8711,0.5207,0,0,eaglei
05093,"Ice storm, February 2022",ice,ice_storm:166753,2022-02-03,47157,66,0.3258,0.8049,0.5723,0.1303,0,0,eaglei
05095,Hurricane Laura,hurricane,AL132020,2020-08-27,22111,233,1,0.8175,0.7856,0.1619,0,0,eaglei
05097,Hurricane Laura,hurricane,AL132020,2020-08-27,22111,225,1,0.8175,0.7856,0.1619,0,0,eaglei
05099,Hurricane Laura,hurricane,AL132020,2020-08-27,22043,240,0.7312,0.9676,0.8711,0.5207,0,0,eaglei
05101,"Wind and thunderstorms, May 2024",wind,tornado:192040,2024-05-26,05007,105,0.6053,0.5648,0.283,0.04416,0,0,eaglei
05103,Hurricane Laura,hurricane,AL132020,2020-08-27,22043,224,0.7312,0.9676,0.8711,0.5207,0,0,eaglei
05105,Hurricane Laura,hurricane,AL132020,2020-08-27,22111,241,1,0.8175,0.7856,0.1619,0,0,eaglei
05107,Hurricane Laura,hurricane,AL132020,2020-08-27,22111,226,1,0.8175,0.7856,0.1619,0,0,eaglei
05109,Hurricane Laura,hurricane,AL132020,2020-08-27,22111,190,1,0.8175,0.7856,0.1619,0,0,eaglei
05111,"Ice storm, February 2022",ice,ice_storm:166753,2022-02-03,47157,83,0.3258,0.8049,0.5723,0.1303,0,0,eaglei
05113,"Wind and thunderstorms, June 2023",wind,tornado:182376,2023-06-16,22017,215,0.5221,0.9333,0.5961,0.1389,0,0,eaglei
05115,"Wind and thunderstorms, May 2024",wind,tornado:192040,2024-05-26,05007,148,0.6053,0.5648,0.283,0.04416,0,0,eaglei
05117,Hurricane Laura,hurricane,AL132020,2020-08-27,22111,235,1,0.8175,0.7856,0.1619,0,0,eaglei
05119,Hurricane Laura,hurricane,AL132020,2020-08-27,22111,216,1,0.8175,0.7856,0.1619,0,0,eaglei
05121,"Ice storm, February 2022",ice,ice_storm:166753,2022-02-03,47157,164,0.3258,0.8049,0.5723,0.1303,0,0,eaglei
05123,"Ice storm, February 2022",ice,ice_storm:166753,2022-02-03,47157,80,0.3258,0.8049,0.5723,0.1303,0,0,eaglei
05125,Hurricane Laura,hurricane,AL132020,2020-08-27,22111,204,1,0.8175,0.7856,0.1619,0,0,eaglei
05127,"Wind and thunderstorms, June 2023",wind,tstm_wind:182376,2023-06-16,22119,246,0.2963,0.4541,0.3186,0.05238,0,0,eaglei
05129,"Wind and thunderstorms, May 2024",wind,tornado:192040,2024-05-26,05007,149,0.6053,0.5648,0.283,0.04416,0,0,eaglei
05131,"Wind and thunderstorms, May 2024",wind,tornado:192040,2024-05-26,05007,127,0.6053,0.5648,0.283,0.04416,0,0,eaglei
05133,Hurricane Laura,hurricane,AL132020,2020-08-27,22111,216,1,0.8175,0.7856,0.1619,0,0,eaglei
05135,"Ice storm, February 2022",ice,ice_storm:166753,2022-02-03,47157,180,0.3258,0.8049,0.5723,0.1303,0,0,eaglei
05137,"Ice storm, February 2022",ice,ice_storm:166753,2022-02-03,47157,217,0.3258,0.8049,0.5723,0.1303,0,0,eaglei
05139,Hurricane Laura,hurricane,AL132020,2020-08-27,22043,175,0.7312,0.9676,0.8711,0.5207,0,0,eaglei
05141,"Ice storm, February 2022",ice,ice_storm:166753,2022-02-03,47157,242,0.3258,0.8049,0.5723,0.1303,0,0,eaglei
05143,"Wind and thunderstorms, May 2024",wind,tornado:192040,2024-05-26,05007,40,0.6053,0.5648,0.283,0.04416,0,0,eaglei
05145,"Ice storm, February 2022",ice,ice_storm:166753,2022-02-03,47157,169,0.3258,0.8049,0.5723,0.1303,0,0,eaglei
05147,"Ice storm, February 2022",ice,ice_storm:166753,2022-02-03,47157,123,0.3258,0.8049,0.5723,0.1303,0,0,eaglei
05149,"Wind and thunderstorms, May 2024",wind,tornado:192040,2024-05-26,05007,168,0.6053,0.5648,0.283,0.04416,0,0,eaglei
06001,November 2018 Camp Fire,wildfire,wildfire:131864,2018-11-08,06007,226,0.2839,0.9604,0.9567,0.8769,0.5459,0.4124,eaglei
06003,November 2018 Camp Fire,wildfire,wildfire:131864,2018-11-08,06007,194,0.2839,0.9604,0.9567,0.8769,0.5459,0.4124,eaglei
06005,November 2018 Camp Fire,wildfire,wildfire:131864,2018-11-08,06007,159,0.2839,0.9604,0.9567,0.8769,0.5459,0.4124,eaglei
06007,November 2018 Camp Fire,wildfire,wildfire:131864,2018-11-08,06007,0,0.2839,0.9604,0.9567,0.8769,0.5459,0.4124,eaglei
06009,November 2018 Camp Fire,wildfire,wildfire:131864,2018-11-08,06007,187,0.2839,0.9604,0.9567,0.8769,0.5459,0.4124,eaglei
06011,November 2018 Camp Fire,wildfire,wildfire:131864,2018-11-08,06007,77,0.2839,0.9604,0.9567,0.8769,0.5459,0.4124,eaglei
06013,November 2018 Camp Fire,wildfire,wildfire:131864,2018-11-08,06007,196,0.2839,0.9604,0.9567,0.8769,0.5459,0.4124,eaglei
06015,"Winter storm, February 2023",winter,winter_storm:177882,2023-02-21,06023,116,0.1679,0.6173,0.1787,0.1343,0.03973,0,eaglei
06017,November 2018 Camp Fire,wildfire,wildfire:131864,2018-11-08,06007,134,0.2839,0.9604,0.9567,0.8769,0.5459,0.4124,eaglei
06019,"Cold and a grid emergency, December 2021",cold_grid,winter_storm:165640,2021-12-27,06017,238,0.2863,0.768,0.6203,0.2605,0,0,eaglei
06021,November 2018 Camp Fire,wildfire,wildfire:131864,2018-11-08,06007,69,0.2839,0.9604,0.9567,0.8769,0.5459,0.4124,eaglei
06023,November 2018 Camp Fire,wildfire,wildfire:131864,2018-11-08,06007,229,0.2839,0.9604,0.9567,0.8769,0.5459,0.4124,eaglei
06025,"Wind and thunderstorms, January 2025",wind,high_wind:199324,2025-01-08,06071,216,0.1142,0.2734,0.08671,0.08671,0,0,eaglei
06027,"Heat, July 2022",heat,heat:170278,2022-07-20,06043,249,0.4336,0.9539,0.5944,0.225,0,0,eaglei
06029,"Winter storm, February 2023",winter,heavy_snow:176572,2023-02-24,06039,226,0.1326,0.7934,0.6903,0.1786,0,0,eaglei
06031,"Heat, July 2022",heat,heat:170278,2022-07-20,06043,167,0.4336,0.9539,0.5944,0.225,0,0,eaglei
06033,November 2018 Camp Fire,wildfire,wildfire:131864,2018-11-08,06007,116,0.2839,0.9604,0.9567,0.8769,0.5459,0.4124,eaglei
06035,November 2018 Camp Fire,wildfire,wildfire:131864,2018-11-08,06007,143,0.2839,0.9604,0.9567,0.8769,0.5459,0.4124,eaglei
06037,"Wind and thunderstorms, January 2025",wind,high_wind:199324,2025-01-08,06071,204,0.1142,0.2734,0.08671,0.08671,0,0,eaglei
06039,"Cold and a grid emergency, December 2021",cold_grid,winter_storm:165640,2021-12-27,06057,249,0.6142,0.5856,0.477,0.3147,0,0,eaglei
06041,November 2018 Camp Fire,wildfire,wildfire:131864,2018-11-08,06007,205,0.2839,0.9604,0.9567,0.8769,0.5459,0.4124,eaglei
06043,"Cold and a grid emergency, December 2021",cold_grid,winter_storm:165640,2021-12-27,06057,206,0.6142,0.5856,0.477,0.3147,0,0,eaglei
06045,November 2018 Camp Fire,wildfire,wildfire:131864,2018-11-08,06007,160,0.2839,0.9604,0.9567,0.8769,0.5459,0.4124,eaglei
06047,"Cold and a grid emergency, December 2021",cold_grid,winter_storm:165640,2021-12-27,06057,234,0.6142,0.5856,0.477,0.3147,0,0,eaglei
06049,November 2018 Camp Fire,wildfire,wildfire:131864,2018-11-08,06007,227,0.2839,0.9604,0.9567,0.8769,0.5459,0.4124,eaglei
06051,"Cold and a grid emergency, December 2021",cold_grid,winter_storm:165640,2021-12-27,06057,225,0.6142,0.5856,0.477,0.3147,0,0,eaglei
06053,"Heat, July 2022",heat,heat:170278,2022-07-20,06043,194,0.4336,0.9539,0.5944,0.225,0,0,eaglei
06055,November 2018 Camp Fire,wildfire,wildfire:131864,2018-11-08,06007,143,0.2839,0.9604,0.9567,0.8769,0.5459,0.4124,eaglei
06057,November 2018 Camp Fire,wildfire,wildfire:131864,2018-11-08,06007,82,0.2839,0.9604,0.9567,0.8769,0.5459,0.4124,eaglei
06059,"Wind and thunderstorms, January 2025",wind,high_wind:199324,2025-01-08,06071,197,0.1142,0.2734,0.08671,0.08671,0,0,eaglei
06061,November 2018 Camp Fire,wildfire,wildfire:131864,2018-11-08,06007,101,0.2839,0.9604,0.9567,0.8769,0.5459,0.4124,eaglei
06063,November 2018 Camp Fire,wildfire,wildfire:131864,2018-11-08,06007,76,0.2839,0.9604,0.9567,0.8769,0.5459,0.4124,eaglei
06065,"Wind and thunderstorms, January 2025",wind,high_wind:199324,2025-01-08,06071,126,0.1142,0.2734,0.08671,0.08671,0,0,eaglei
06067,November 2018 Camp Fire,wildfire,wildfire:131864,2018-11-08,06007,137,0.2839,0.9604,0.9567,0.8769,0.5459,0.4124,eaglei
06069,"Cold and a grid emergency, December 2021",cold_grid,winter_storm:165640,2021-12-27,06017,247,0.2863,0.768,0.6203,0.2605,0,0,eaglei
06071,"Wind and thunderstorms, January 2025",wind,high_wind:199324,2025-01-08,06071,0,0.1142,0.2734,0.08671,0.08671,0,0,eaglei
06073,"Wind and thunderstorms, January 2025",wind,high_wind:199324,2025-01-08,06071,211,0.1142,0.2734,0.08671,0.08671,0,0,eaglei
06075,November 2018 Camp Fire,wildfire,wildfire:131864,2018-11-08,06007,249,0.2839,0.9604,0.9567,0.8769,0.5459,0.4124,eaglei
06077,November 2018 Camp Fire,wildfire,wildfire:131864,2018-11-08,06007,195,0.2839,0.9604,0.9567,0.8769,0.5459,0.4124,eaglei
06079,"Heat, July 2022",heat,heat:170278,2022-07-20,06043,248,0.4336,0.9539,0.5944,0.225,0,0,eaglei
06081,"Cold and a grid emergency, December 2021",cold_grid,winter_storm:165640,2021-12-27,06017,222,0.2863,0.768,0.6203,0.2605,0,0,eaglei
06083,"Wind and thunderstorms, February 2024",wind,high_wind:187979,2024-02-04,06053,222,0.1942,0.591,0.1613,0,0,0,eaglei
06085,"Cold and a grid emergency, December 2021",cold_grid,winter_storm:165640,2021-12-27,06057,244,0.6142,0.5856,0.477,0.3147,0,0,eaglei
06087,"Cold and a grid emergency, December 2021",cold_grid,winter_storm:165640,2021-12-27,06017,236,0.2863,0.768,0.6203,0.2605,0,0,eaglei
06089,November 2018 Camp Fire,wildfire,wildfire:131864,2018-11-08,06007,127,0.2839,0.9604,0.9567,0.8769,0.5459,0.4124,eaglei
06091,November 2018 Camp Fire,wildfire,wildfire:131864,2018-11-08,06007,93,0.2839,0.9604,0.9567,0.8769,0.5459,0.4124,eaglei
06093,November 2018 Camp Fire,wildfire,wildfire:131864,2018-11-08,06007,228,0.2839,0.9604,0.9567,0.8769,0.5459,0.4124,eaglei
06095,November 2018 Camp Fire,wildfire,wildfire:131864,2018-11-08,06007,158,0.2839,0.9604,0.9567,0.8769,0.5459,0.4124,eaglei
06097,November 2018 Camp Fire,wildfire,wildfire:131864,2018-11-08,06007,171,0.2839,0.9604,0.9567,0.8769,0.5459,0.4124,eaglei
06099,November 2018 Camp Fire,wildfire,wildfire:131864,2018-11-08,06007,240,0.2839,0.9604,0.9567,0.8769,0.5459,0.4124,eaglei
06101,November 2018 Camp Fire,wildfire,wildfire:131864,2018-11-08,06007,70,0.2839,0.9604,0.9567,0.8769,0.5459,0.4124,eaglei
06103,November 2018 Camp Fire,wildfire,wildfire:131864,2018-11-08,06007,74,0.2839,0.9604,0.9567,0.8769,0.5459,0.4124,eaglei
06105,November 2018 Camp Fire,wildfire,wildfire:131864,2018-11-08,06007,169,0.2839,0.9604,0.9567,0.8769,0.5459,0.4124,eaglei
06107,"Heat, July 2022",heat,heat:170278,2022-07-20,06043,180,0.4336,0.9539,0.5944,0.225,0,0,eaglei
06109,November 2018 Camp Fire,wildfire,wildfire:131864,2018-11-08,06007,231,0.2839,0.9604,0.9567,0.8769,0.5459,0.4124,eaglei
06111,"Wind and thunderstorms, January 2025",wind,high_wind:199041,2025-01-07,06111,0,0.4026,0.3811,0,0,0,0,eaglei
06113,November 2018 Camp Fire,wildfire,wildfire:131864,2018-11-08,06007,113,0.2839,0.9604,0.9567,0.8769,0.5459,0.4124,eaglei
06115,November 2018 Camp Fire,wildfire,wildfire:131864,2018-11-08,06007,49,0.2839,0.9604,0.9567,0.8769,0.5459,0.4124,eaglei
08001,"Wind and thunderstorms, December 2025",wind,high_wind:208848,2025-12-17,08013,94,0.3603,0.5597,0.2856,0,0,0,eaglei
08003,"Winter storm, April 2018",winter,winter_storm:124377,2018-04-07,08117,230,0.2303,0.1712,0.1712,0,0,0,eaglei
08005,"Wind and thunderstorms, December 2025",wind,high_wind:208848,2025-12-17,08013,104,0.3603,0.5597,0.2856,0,0,0,eaglei
08007,"Power cut, cause not recorded, August 2025",unattributed,,2025-08-26,08043,199,0.1119,0.1095,0.1095,0,0,0,eaglei
08009,"Wind and thunderstorms, December 2021",wind,high_wind:164526,2021-12-15,08089,122,0.5196,0.037,0.01571,0,0,0,eaglei
08011,"Power cut, cause not recorded, August 2025",unattributed,,2025-08-26,08043,213,0.1119,0.1095,0.1095,0,0,0,eaglei
08013,"Wind and thunderstorms, December 2025",wind,high_wind:208848,2025-12-17,08013,0,0.3603,0.5597,0.2856,0,0,0,eaglei
08014,"Wind and thunderstorms, December 2025",wind,high_wind:208848,2025-12-17,08013,33,0.3603,0.5597,0.2856,0,0,0,eaglei
08015,"Wind and thunderstorms, December 2025",wind,high_wind:208848,2025-12-17,08013,170,0.3603,0.5597,0.2856,0,0,0,eaglei
08017,"Power cut, cause not recorded, August 2025",unattributed,,2025-08-26,08043,249,0.1119,0.1095,0.1095,0,0,0,eaglei
08019,"Wind and thunderstorms, December 2025",wind,high_wind:208848,2025-12-17,08013,51,0.3603,0.5597,0.2856,0,0,0,eaglei
08021,"Power cut, cause not recorded, August 2025",unattributed,,2025-08-26,08043,153,0.1119,0.1095,0.1095,0,0,0,eaglei
08023,"Power cut, cause not recorded, August 2025",unattributed,,2025-08-26,08043,131,0.1119,0.1095,0.1095,0,0,0,eaglei
08025,"Wind and thunderstorms, December 2025",wind,high_wind:208848,2025-12-17,08013,243,0.3603,0.5597,0.2856,0,0,0,eaglei
08027,"Wind and thunderstorms, December 2025",wind,high_wind:208848,2025-12-17,08013,222,0.3603,0.5597,0.2856,0,0,0,eaglei
08029,"Winter storm, April 2018",winter,winter_storm:124377,2018-04-07,08117,171,0.2303,0.1712,0.1712,0,0,0,eaglei
08031,"Wind and thunderstorms, December 2025",wind,high_wind:208848,2025-12-17,08013,58,0.3603,0.5597,0.2856,0,0,0,eaglei
08033,"Winter storm, October 2020",winter,winter_storm:152601,2020-10-25,08077,143,0.1373,0.07128,0,0,0,0,eaglei
08035,"Wind and thunderstorms, December 2025",wind,high_wind:208848,2025-12-17,08013,95,0.3603,0.5597,0.2856,0,0,0,eaglei
08037,"Wind and thunderstorms, December 2025",wind,high_wind:208848,2025-12-17,08013,122,0.3603,0.5597,0.2856,0,0,0,eaglei
08039,"Wind and thunderstorms, December 2025",wind,high_wind:208848,2025-12-17,08013,140,0.3603,0.5597,0.2856,0,0,0,eaglei
08041,"Wind and thunderstorms, December 2025",wind,high_wind:208848,2025-12-17,08013,160,0.3603,0.5597,0.2856,0,0,0,eaglei
08043,"Wind and thunderstorms, December 2025",wind,high_wind:208848,2025-12-17,08013,182,0.3603,0.5597,0.2856,0,0,0,eaglei
08045,"Wind and thunderstorms, December 2025",wind,high_wind:208848,2025-12-17,08013,221,0.3603,0.5597,0.2856,0,0,0,eaglei
08047,"Wind and thunderstorms, December 2025",wind,high_wind:208848,2025-12-17,08013,28,0.3603,0.5597,0.2856,0,0,0,eaglei
08049,"Wind and thunderstorms, December 2025",wind,high_wind:208848,2025-12-17,08013,61,0.3603,0.5597,0.2856,0,0,0,eaglei
08051,"Wind and thunderstorms, December 2025",wind,high_wind:208848,2025-12-17,08013,213,0.3603,0.5597,0.2856,0,0,0,eaglei
08053,"Winter storm, April 2018",winter,winter_storm:124377,2018-04-07,08117,228,0.2303,0.1712,0.1712,0,0,0,eaglei
08055,"Winter storm, April 2018",winter,winter_storm:124377,2018-04-07,08117,238,0.2303,0.1712,0.1712,0,0,0,eaglei
08057,"Wind and thunderstorms, December 2025",wind,high_wind:208848,2025-12-17,08013,101,0.3603,0.5597,0.2856,0,0,0,eaglei
08059,"Wind and thunderstorms, December 2025",wind,high_wind:208848,2025-12-17,08013,59,0.3603,0.5597,0.2856,0,0,0,eaglei
08061,"Power cut, cause not recorded, August 2025",unattributed,,2025-08-26,08043,233,0.1119,0.1095,0.1095,0,0,0,eaglei
08063,"Wind and thunderstorms, December 2021",wind,high_wind:164526,2021-12-15,08089,186,0.5196,0.037,0.01571,0,0,0,eaglei
08065,"Wind and thunderstorms, December 2025",wind,high_wind:208848,2025-12-17,08013,128,0.3603,0.5597,0.2856,0,0,0,eaglei
08067,"Power cut, cause not recorded, August 2025",unattributed,,2025-08-26,08043,249,0.1119,0.1095,0.1095,0,0,0,eaglei
08069,"Wind and thunderstorms, December 2025",wind,high_wind:208848,2025-12-17,08013,63,0.3603,0.5597,0.2856,0,0,0,eaglei
08071,"Power cut, cause not recorded, August 2025",unattributed,,2025-08-26,08043,175,0.1119,0.1095,0.1095,0,0,0,eaglei
08073,"Wind and thunderstorms, December 2025",wind,high_wind:208848,2025-12-17,08013,203,0.3603,0.5597,0.2856,0,0,0,eaglei
08075,"Wind and thunderstorms, December 2025",wind,high_wind:208848,2025-12-17,08013,208,0.3603,0.5597,0.2856,0,0,0,eaglei
08077,"Winter storm, April 2018",winter,winter_storm:124377,2018-04-07,08117,211,0.2303,0.1712,0.1712,0,0,0,eaglei
08079,"Winter storm, April 2018",winter,winter_storm:124377,2018-04-07,08117,242,0.2303,0.1712,0.1712,0,0,0,eaglei
08081,"Wind and thunderstorms, December 2025",wind,high_wind:208848,2025-12-17,08013,246,0.3603,0.5597,0.2856,0,0,0,eaglei
08083,"Winter storm, October 2020",winter,winter_storm:152601,2020-10-25,08077,187,0.1373,0.07128,0,0,0,0,eaglei
08085,"Winter storm, April 2018",winter,winter_storm:124377,2018-04-07,08117,228,0.2303,0.1712,0.1712,0,0,0,eaglei
08087,"Wind and thunderstorms, December 2025",wind,high_wind:208848,2025-12-17,08013,136,0.3603,0.5597,0.2856,0,0,0,eaglei
08089,"Power cut, cause not recorded, August 2025",unattributed,,2025-08-26,08043,162,0.1119,0.1095,0.1095,0,0,0,eaglei
08091,"Winter storm, April 2018",winter,winter_storm:124377,2018-04-07,08117,217,0.2303,0.1712,0.1712,0,0,0,eaglei
08093,"Wind and thunderstorms, December 2025",wind,high_wind:208848,2025-12-17,08013,112,0.3603,0.5597,0.2856,0,0,0,eaglei
08095,"Winter storm, March 2019",winter,blizzard:133846,2019-03-13,08031,234,0.1542,0.2785,0,0,0,0,eaglei
08097,"Wind and thunderstorms, December 2025",wind,high_wind:208848,2025-12-17,08013,163,0.3603,0.5597,0.2856,0,0,0,eaglei
08099,"Wind and thunderstorms, December 2021",wind,high_wind:164526,2021-12-15,08089,117,0.5196,0.037,0.01571,0,0,0,eaglei
08101,"Wind and thunderstorms, December 2025",wind,high_wind:208848,2025-12-17,08013,229,0.3603,0.5597,0.2856,0,0,0,eaglei
08103,"Wind and thunderstorms, December 2025",wind,high_wind:208848,2025-12-17,08013,239,0.3603,0.5597,0.2856,0,0,0,eaglei
08105,"Winter storm, April 2018",winter,winter_storm:124377,2018-04-07,08117,239,0.2303,0.1712,0.1712,0,0,0,eaglei
08107,"Wind and thunderstorms, December 2025",wind,high_wind:208848,2025-12-17,08013,142,0.3603,0.5597,0.2856,0,0,0,eaglei
08109,"Wind and thunderstorms, December 2025",wind,high_wind:208848,2025-12-17,08013,241,0.3603,0.5597,0.2856,0,0,0,eaglei
08111,"Winter storm, April 2018",winter,winter_storm:124377,2018-04-07,08117,244,0.2303,0.1712,0.1712,0,0,0,eaglei
08113,"Winter storm, October 2020",winter,winter_storm:152601,2020-10-25,08077,112,0.1373,0.07128,0,0,0,0,eaglei
08115,"Winter storm, March 2019",winter,blizzard:133846,2019-03-13,08031,247,0.1542,0.2785,0,0,0,0,eaglei
08117,"Wind and thunderstorms, December 2025",wind,high_wind:208848,2025-12-17,08013,82,0.3603,0.5597,0.2856,0,0,0,eaglei
08119,"Wind and thunderstorms, December 2025",wind,high_wind:208848,2025-12-17,08013,137,0.3603,0.5597,0.2856,0,0,0,eaglei
08121,"Wind and thunderstorms, December 2025",wind,high_wind:208848,2025-12-17,08013,187,0.3603,0.5597,0.2856,0,0,0,eaglei
08123,"Wind and thunderstorms, December 2025",wind,high_wind:208848,2025-12-17,08013,100,0.3603,0.5597,0.2856,0,0,0,eaglei
08125,"Wind and thunderstorms, April 2024",wind,high_wind:188910,2024-04-06,08059,246,0.2629,0.3209,0,0,0,0,eaglei
09110,"Winter storm, March 2018",winter,blizzard:124559,2018-03-02,42103,211,1,0.9002,0.7167,0.09552,0,0,eaglei
09120,"Winter storm, March 2018",winter,blizzard:124559,2018-03-02,42103,153,1,0.9002,0.7167,0.09552,0,0,eaglei
09130,"Winter storm, March 2018",winter,blizzard:124559,2018-03-02,42103,212,1,0.9002,0.7167,0.09552,0,0,eaglei
09140,"Winter storm, March 2018",winter,blizzard:124559,2018-03-02,42103,163,1,0.9002,0.7167,0.09552,0,0,eaglei
09150,Hurricane Isaias,hurricane,AL092020,2020-08-04,36059,183,0.3113,0.7401,0.7163,0.06106,0,0,eaglei
09160,"Winter storm, March 2018",winter,blizzard:124559,2018-03-02,42103,162,1,0.9002,0.7167,0.09552,0,0,eaglei
09170,"Winter storm, March 2018",winter,blizzard:124559,2018-03-02,42103,183,1,0.9002,0.7167,0.09552,0,0,eaglei
09180,"Winter storm, March 2018",winter,blizzard:124559,2018-03-02,42103,245,1,0.9002,0.7167,0.09552,0,0,eaglei
09190,"Winter storm, March 2018",winter,blizzard:124559,2018-03-02,42103,132,1,0.9002,0.7167,0.09552,0,0,eaglei
10001,Hurricane Isaias,hurricane,AL092020,2020-08-04,36059,244,0.3113,0.7401,0.7163,0.06106,0,0,eaglei
10003,"Winter storm, March 2018",winter,blizzard:124559,2018-03-02,42103,201,1,0.9002,0.7167,0.09552,0,0,eaglei
10005,"Winter storm, March 2018",winter,winter_storm:122421,2018-03-02,34041,244,0.3467,0.9761,0.5562,0,0,0,eaglei
11001,"Power cut, cause not recorded, August 2022",unattributed,,2022-08-01,54071,203,1,0.9902,0.9902,0,0,0,eaglei
12001,Hurricane Helene,hurricane,AL092024,2024-09-27,13069,213,0.5467,0.9787,0.8701,0.7968,0.476,0,eaglei
12003,Hurricane Helene,hurricane,AL092024,2024-09-27,13069,146,0.5467,0.9787,0.8701,0.7968,0.476,0,eaglei
12005,"Power cut, cause not recorded, October 2018",unattributed,,2018-10-12,12013,41,0.3251,1,1,0.9898,0.3184,0,eaglei
12007,Hurricane Helene,hurricane,AL092024,2024-09-27,13069,189,0.5467,0.9787,0.8701,0.7968,0.476,0,eaglei
12009,Hurricane Ian,hurricane,AL092022,2022-09-28,12015,201,0.9677,0.906,0.7733,0.4529,0,0,eaglei
12011,Hurricane Ian,hurricane,AL092022,2022-09-28,12015,171,0.9677,0.906,0.7733,0.4529,0,0,eaglei
12013,"Power cut, cause not recorded, October 2018",unattributed,,2018-10-12,12013,0,0.3251,1,1,0.9898,0.3184,0,eaglei
12015,Hurricane Ian,hurricane,AL092022,2022-09-28,12015,0,0.9677,0.906,0.7733,0.4529,0,0,eaglei
12017,Hurricane Ian,hurricane,AL092022,2022-09-28,12015,224,0.9677,0.906,0.7733,0.4529,0,0,eaglei
12019,Hurricane Helene,hurricane,AL092024,2024-09-27,13069,197,0.5467,0.9787,0.8701,0.7968,0.476,0,eaglei
12021,Hurricane Ian,hurricane,AL092022,2022-09-28,12015,106,0.9677,0.906,0.7733,0.4529,0,0,eaglei
12023,"Power cut, cause not recorded, October 2018",unattributed,,2018-10-12,12013,248,0.3251,1,1,0.9898,0.3184,0,eaglei
12027,Hurricane Ian,hurricane,AL092022,2022-09-28,12015,37,0.9677,0.906,0.7733,0.4529,0,0,eaglei
12029,"Power cut, cause not recorded, October 2018",unattributed,,2018-10-12,12013,211,0.3251,1,1,0.9898,0.3184,0,eaglei
12031,Hurricane Helene,hurricane,AL092024,2024-09-27,13069,177,0.5467,0.9787,0.8701,0.7968,0.476,0,eaglei
12033,"Power cut, cause not recorded, October 2018",unattributed,,2018-10-12,12013,204,0.3251,1,1,0.9898,0.3184,0,eaglei
12035,Hurricane Helene,hurricane,AL092024,2024-09-27,13229,227,1,1,0.8361,0.4202,0.04411,0,eaglei
12037,"Power cut, cause not recorded, October 2018",unattributed,,2018-10-12,12013,87,0.3251,1,1,0.9898,0.3184,0,eaglei
12039,"Power cut, cause not recorded, October 2018",unattributed,,2018-10-12,12013,60,0.3251,1,1,0.9898,0.3184,0,eaglei
12041,"Power cut, cause not recorded, October 2018",unattributed,,2018-10-12,12013,243,0.3251,1,1,0.9898,0.3184,0,eaglei
12043,Hurricane Ian,hurricane,AL092022,2022-09-28,12015,81,0.9677,0.906,0.7733,0.4529,0,0,eaglei
12045,"Power cut, cause not recorded, October 2018",unattributed,,2018-10-12,12013,59,0.3251,1,1,0.9898,0.3184,0,eaglei
12047,"Power cut, cause not recorded, October 2018",unattributed,,2018-10-12,12013,216,0.3251,1,1,0.9898,0.3184,0,eaglei
12049,Hurricane Ian,hurricane,AL092022,2022-09-28,12015,68,0.9677,0.906,0.7733,0.4529,0,0,eaglei
12051,Hurricane Ian,hurricane,AL092022,2022-09-28,12015,94,0.9677,0.906,0.7733,0.4529,0,0,eaglei
12053,Hurricane Ian,hurricane,AL092022,2022-09-28,12015,190,0.9677,0.906,0.7733,0.4529,0,0,eaglei
12055,Hurricane Ian,hurricane,AL092022,2022-09-28,12015,81,0.9677,0.906,0.7733,0.4529,0,0,eaglei
12057,Hurricane Ian,hurricane,AL092022,2022-09-28,12015,116,0.9677,0.906,0.7733,0.4529,0,0,eaglei
12059,"Power cut, cause not recorded, October 2018",unattributed,,2018-10-12,12013,79,0.3251,1,1,0.9898,0.3184,0,eaglei
12061,Hurricane Ian,hurricane,AL092022,2022-09-28,12015,167,0.9677,0.906,0.7733,0.4529,0,0,eaglei
12063,"Power cut, cause not recorded, October 2018",unattributed,,2018-10-12,12013,45,0.3251,1,1,0.9898,0.3184,0,eaglei
12065,"Power cut, cause not recorded, October 2018",unattributed,,2018-10-12,12013,122,0.3251,1,1,0.9898,0.3184,0,eaglei
12067,"Power cut, cause not recorded, October 2018",unattributed,,2018-10-12,12013,199,0.3251,1,1,0.9898,0.3184,0,eaglei
12069,Hurricane Ian,hurricane,AL092022,2022-09-28,12015,209,0.9677,0.906,0.7733,0.4529,0,0,eaglei
12071,Hurricane Ian,hurricane,AL092022,2022-09-28,12015,38,0.9677,0.906,0.7733,0.4529,0,0,eaglei
12073,"Power cut, cause not recorded, October 2018",unattributed,,2018-10-12,12013,89,0.3251,1,1,0.9898,0.3184,0,eaglei
12075,Hurricane Michael,hurricane,AL142018,2018-10-10,12039,225,0.4196,0.9987,0.9017,0.5735,0.04129,0,eaglei
12077,"Power cut, cause not recorded, October 2018",unattributed,,2018-10-12,12013,35,0.3251,1,1,0.9898,0.3184,0,eaglei
12079,"Power cut, cause not recorded, October 2018",unattributed,,2018-10-12,12013,166,0.3251,1,1,0.9898,0.3184,0,eaglei
12081,Hurricane Ian,hurricane,AL092022,2022-09-28,12015,74,0.9677,0.906,0.7733,0.4529,0,0,eaglei
12083,Hurricane Helene,hurricane,AL092024,2024-09-27,13003,246,1,0.9532,0.8083,0.5444,0.08204,0,eaglei
12085,Hurricane Ian,hurricane,AL092022,2022-09-28,12015,160,0.9677,0.906,0.7733,0.4529,0,0,eaglei
12086,Hurricane Ian,hurricane,AL092022,2022-09-28,12015,207,0.9677,0.906,0.7733,0.4529,0,0,eaglei
12087,Hurricane Ian,hurricane,AL092022,2022-09-28,12015,176,0.9677,0.906,0.7733,0.4529,0,0,eaglei
12089,Hurricane Helene,hurricane,AL092024,2024-09-27,13069,147,0.5467,0.9787,0.8701,0.7968,0.476,0,eaglei
12091,"Power cut, cause not recorded, October 2018",unattributed,,2018-10-12,12013,136,0.3251,1,1,0.9898,0.3184,0,eaglei
12093,Hurricane Ian,hurricane,AL092022,2022-09-28,12015,123,0.9677,0.906,0.7733,0.4529,0,0,eaglei
12095,Hurricane Ian,hurricane,AL092022,2022-09-28,12015,191,0.9677,0.906,0.7733,0.4529,0,0,eaglei
12097,Hurricane Ian,hurricane,AL092022,2022-09-28,12015,154,0.9677,0.906,0.7733,0.4529,0,0,eaglei
12099,Hurricane Ian,hurricane,AL092022,2022-09-28,12015,157,0.9677,0.906,0.7733,0.4529,0,0,eaglei
12101,Hurricane Ian,hurricane,AL092022,2022-09-28,12015,164,0.9677,0.906,0.7733,0.4529,0,0,eaglei
12103,Hurricane Ian,hurricane,AL092022,2022-09-28,12015,136,0.9677,0.906,0.7733,0.4529,0,0,eaglei
12105,Hurricane Ian,hurricane,AL092022,2022-09-28,12015,120,0.9677,0.906,0.7733,0.4529,0,0,eaglei
12107,Hurricane Helene,hurricane,AL092024,2024-09-27,13069,242,0.5467,0.9787,0.8701,0.7968,0.476,0,eaglei
12109,Hurricane Helene,hurricane,AL092024,2024-09-27,13069,230,0.5467,0.9787,0.8701,0.7968,0.476,0,eaglei
12111,Hurricane Ian,hurricane,AL092022,2022-09-28,12015,163,0.9677,0.906,0.7733,0.4529,0,0,eaglei
12113,"Power cut, cause not recorded, October 2018",unattributed,,2018-10-12,12013,177,0.3251,1,1,0.9898,0.3184,0,eaglei
12115,Hurricane Ian,hurricane,AL092022,2022-09-28,12015,55,0.9677,0.906,0.7733,0.4529,0,0,eaglei
12117,Hurricane Ian,hurricane,AL092022,2022-09-28,12015,216,0.9677,0.906,0.7733,0.4529,0,0,eaglei
12119,Hurricane Ian,hurricane,AL092022,2022-09-28,12015,201,0.9677,0.906,0.7733,0.4529,0,0,eaglei
12121,"Power cut, cause not recorded, October 2018",unattributed,,2018-10-12,12013,213,0.3251,1,1,0.9898,0.3184,0,eaglei
12123,"Power cut, cause not recorded, October 2018",unattributed,,2018-10-12,12013,157,0.3251,1,1,0.9898,0.3184,0,eaglei
12125,Hurricane Helene,hurricane,AL092024,2024-09-27,13069,172,0.5467,0.9787,0.8701,0.7968,0.476,0,eaglei
12127,Hurricane Ian,hurricane,AL092022,2022-09-28,12027,217,0.8869,0.8031,0.4722,0.4142,0,0,eaglei
12129,"Power cut, cause not recorded, October 2018",unattributed,,2018-10-12,12013,87,0.3251,1,1,0.9898,0.3184,0,eaglei
12131,"Power cut, cause not recorded, October 2018",unattributed,,2018-10-12,12013,95,0.3251,1,1,0.9898,0.3184,0,eaglei
12133,"Power cut, cause not recorded, October 2018",unattributed,,2018-10-12,12013,50,0.3251,1,1,0.9898,0.3184,0,eaglei
13001,Hurricane Helene,hurricane,AL092024,2024-09-27,13069,57,0.5467,0.9787,0.8701,0.7968,0.476,0,eaglei
13003,"Power cut, cause not recorded, October 2018",unattributed,,2018-10-12,12013,243,0.3251,1,1,0.9898,0.3184,0,eaglei
13005,Hurricane Helene,hurricane,AL092024,2024-09-27,13069,37,0.5467,0.9787,0.8701,0.7968,0.476,0,eaglei
13007,"Power cut, cause not recorded, October 2018",unattributed,,2018-10-12,12013,125,0.3251,1,1,0.9898,0.3184,0,eaglei
13009,Hurricane Helene,hurricane,AL092024,2024-09-27,13069,172,0.5467,0.9787,0.8701,0.7968,0.476,0,eaglei
13011,Hurricane Helene,hurricane,AL092024,2024-09-25,37021,165,1,0.9222,0.7782,0.6938,0.2213,0,eaglei
13013,Hurricane Helene,hurricane,AL092024,2024-09-25,37021,210,1,0.9222,0.7782,0.6938,0.2213,0,eaglei
13015,Hurricane Helene,hurricane,AL092024,2024-09-27,37089,247,1,0.9332,0.8209,0.4794,0.03828,0,eaglei
13017,"Power cut, cause not recorded, October 2018",unattributed,,2018-10-12,12013,246,0.3251,1,1,0.9898,0.3184,0,eaglei
13019,"Power cut, cause not recorded, October 2018",unattributed,,2018-10-12,12013,213,0.3251,1,1,0.9898,0.3184,0,eaglei
13021,Hurricane Helene,hurricane,AL092024,2024-09-27,13069,161,0.5467,0.9787,0.8701,0.7968,0.476,0,eaglei
13023,Hurricane Helene,hurricane,AL092024,2024-09-27,13069,109,0.5467,0.9787,0.8701,0.7968,0.476,0,eaglei
13025,Hurricane Helene,hurricane,AL092024,2024-09-27,13069,91,0.5467,0.9787,0.8701,0.7968,0.476,0,eaglei
13027,"Power cut, cause not recorded, October 2018",unattributed,,2018-10-12,12013,162,0.3251,1,1,0.9898,0.3184,0,eaglei
13029,Hurricane Helene,hurricane,AL092024,2024-09-27,13069,143,0.5467,0.9787,0.8701,0.7968,0.476,0,eaglei
13031,Hurricane Helene,hurricane,AL092024,2024-09-27,13069,140,0.5467,0.9787,0.8701,0.7968,0.476,0,eaglei
13033,Hurricane Helene,hurricane,AL092024,2024-09-27,13069,186,0.5467,0.9787,0.8701,0.7968,0.476,0,eaglei
13035,Hurricane Helene,hurricane,AL092024,2024-09-27,13069,220,0.5467,0.9787,0.8701,0.7968,0.476,0,eaglei
13037,"Power cut, cause not recorded, October 2018",unattributed,,2018-10-12,12013,137,0.3251,1,1,0.9898,0.3184,0,eaglei
13039,Hurricane Helene,hurricane,AL092024,2024-09-27,13069,134,0.5467,0.9787,0.8701,0.7968,0.476,0,eaglei
13043,Hurricane Helene,hurricane,AL092024,2024-09-27,13069,120,0.5467,0.9787,0.8701,0.7968,0.476,0,eaglei
13045,Hurricane Helene,hurricane,AL092024,2024-09-27,13189,241,1,0.9744,0.8635,0.303,0.04674,0,eaglei
13047,Hurricane Helene,hurricane,AL092024,2024-09-25,37021,250,1,0.9222,0.7782,0.6938,0.2213,0,eaglei
13049,Hurricane Helene,hurricane,AL092024,2024-09-27,13069,109,0.5467,0.9787,0.8701,0.7968,0.476,0,eaglei
13051,Hurricane Helene,hurricane,AL092024,2024-09-27,13069,173,0.5467,0.9787,0.8701,0.7968,0.476,0,eaglei
13053,"Power cut, cause not recorded, October 2018",unattributed,,2018-10-12,12013,221,0.3251,1,1,0.9898,0.3184,0,eaglei
13055,Hurricane Helene,hurricane,AL092024,2024-09-26,37175,245,1,0.9652,0.8298,0.2707,0.005669,0,eaglei
13057,Hurricane Helene,hurricane,AL092024,2024-09-25,37021,233,1,0.9222,0.7782,0.6938,0.2213,0,eaglei
13059,Hurricane Helene,hurricane,AL092024,2024-09-27,13161,248,1,1,0.9658,0.7549,0.4754,0,eaglei
13061,"Power cut, cause not recorded, October 2018",unattributed,,2018-10-12,12013,138,0.3251,1,1,0.9898,0.3184,0,eaglei
13063,Hurricane Helene,hurricane,AL092024,2024-09-27,45059,245,0.3911,0.9604,0.9437,0.5547,0,0,eaglei
13065,"Power cut, cause not recorded, October 2018",unattributed,,2018-10-12,12013,246,0.3251,1,1,0.9898,0.3184,0,eaglei
13067,Hurricane Helene,hurricane,AL092024,2024-09-27,45059,244,0.3911,0.9604,0.9437,0.5547,0,0,eaglei
13069,Hurricane Helene,hurricane,AL092024,2024-09-27,13069,0,0.5467,0.9787,0.8701,0.7968,0.476,0,eaglei
13071,"Power cut, cause not recorded, October 2018",unattributed,,2018-10-12,12013,163,0.3251,1,1,0.9898,0.3184,0,eaglei
13073,Hurricane Helene,hurricane,AL092024,2024-09-27,13069,230,0.5467,0.9787,0.8701,0.7968,0.476,0,eaglei
13075,"Power cut, cause not recorded, October 2018",unattributed,,2018-10-12,12013,189,0.3251,1,1,0.9898,0.3184,0,eaglei
13077,Hurricane Helene,hurricane,AL092024,2024-09-27,13245,250,0.8195,0.9893,0.848,0.3348,0.006799,0,eaglei
13079,Hurricane Helene,hurricane,AL092024,2024-09-27,13069,167,0.5467,0.9787,0.8701,0.7968,0.476,0,eaglei
13081,"Power cut, cause not recorded, October 2018",unattributed,,2018-10-12,12013,219,0.3251,1,1,0.9898,0.3184,0,eaglei
13083,Hurricane Helene,hurricane,AL092024,2024-09-26,37175,248,1,0.9652,0.8298,0.2707,0.005669,0,eaglei
13085,Hurricane Helene,hurricane,AL092024,2024-09-25,37021,198,1,0.9222,0.7782,0.6938,0.2213,0,eaglei
13087,"Power cut, cause not recorded, October 2018",unattributed,,2018-10-12,12013,80,0.3251,1,1,0.9898,0.3184,0,eaglei
13089,Hurricane Helene,hurricane,AL092024,2024-09-27,45059,219,0.3911,0.9604,0.9437,0.5547,0,0,eaglei
13091,Hurricane Helene,hurricane,AL092024,2024-09-27,13069,75,0.5467,0.9787,0.8701,0.7968,0.476,0,eaglei
13093,"Power cut, cause not recorded, October 2018",unattributed,,2018-10-12,12013,236,0.3251,1,1,0.9898,0.3184,0,eaglei
13095,"Power cut, cause not recorded, October 2018",unattributed,,2018-10-12,12013,158,0.3251,1,1,0.9898,0.3184,0,eaglei
13097,Hurricane Helene,hurricane,AL092024,2024-09-27,45047,249,0.7359,0.9316,0.8788,0.44,0,0,eaglei
13099,"Power cut, cause not recorded, October 2018",unattributed,,2018-10-12,12013,108,0.3251,1,1,0.9898,0.3184,0,eaglei
13101,"Power cut, cause not recorded, October 2018",unattributed,,2018-10-12,12013,223,0.3251,1,1,0.9898,0.3184,0,eaglei
13103,Hurricane Helene,hurricane,AL092024,2024-09-27,13069,168,0.5467,0.9787,0.8701,0.7968,0.476,0,eaglei
13105,Hurricane Helene,hurricane,AL092024,2024-09-25,37021,168,1,0.9222,0.7782,0.6938,0.2213,0,eaglei
13107,Hurricane Helene,hurricane,AL092024,2024-09-27,13069,127,0.5467,0.9787,0.8701,0.7968,0.476,0,eaglei
13109,Hurricane Helene,hurricane,AL092024,2024-09-27,13069,112,0.5467,0.9787,0.8701,0.7968,0.476,0,eaglei
13111,Hurricane Helene,hurricane,AL092024,2024-09-25,37021,182,1,0.9222,0.7782,0.6938,0.2213,0,eaglei
13113,Hurricane Helene,hurricane,AL092024,2024-09-27,13161,249,1,1,0.9658,0.7549,0.4754,0,eaglei
13115,Hurricane Helene,hurricane,AL092024,2024-09-26,37175,243,1,0.9652,0.8298,0.2707,0.005669,0,eaglei
13117,Hurricane Helene,hurricane,AL092024,2024-09-25,37021,212,1,0.9222,0.7782,0.6938,0.2213,0,eaglei
13119,Hurricane Helene,hurricane,AL092024,2024-09-25,37021,151,1,0.9222,0.7782,0.6938,0.2213,0,eaglei
13121,Hurricane Helene,hurricane,AL092024,2024-09-27,45059,239,0.3911,0.9604,0.9437,0.5547,0,0,eaglei
13123,Hurricane Helene,hurricane,AL092024,2024-09-25,37021,203,1,0.9222,0.7782,0.6938,0.2213,0,eaglei
13125,Hurricane Helene,hurricane,AL092024,2024-09-27,13069,188,0.5467,0.9787,0.8701,0.7968,0.476,0,eaglei
13127,Hurricane Helene,hurricane,AL092024,2024-09-27,13069,133,0.5467,0.9787,0.8701,0.7968,0.476,0,eaglei
13129,Hurricane Helene,hurricane,AL092024,2024-09-25,37021,246,1,0.9222,0.7782,0.6938,0.2213,0,eaglei
13131,"Power cut, cause not recorded, October 2018",unattributed,,2018-10-12,12013,106,0.3251,1,1,0.9898,0.3184,0,eaglei
13133,Hurricane Helene,hurricane,AL092024,2024-09-27,13069,227,0.5467,0.9787,0.8701,0.7968,0.476,0,eaglei
13135,Hurricane Helene,hurricane,AL092024,2024-09-25,37021,229,1,0.9222,0.7782,0.6938,0.2213,0,eaglei
13137,Hurricane Helene,hurricane,AL092024,2024-09-25,37021,141,1,0.9222,0.7782,0.6938,0.2213,0,eaglei
13139,Hurricane Helene,hurricane,AL092024,2024-09-25,37021,185,1,0.9222,0.7782,0.6938,0.2213,0,eaglei
13141,Hurricane Helene,hurricane,AL092024,2024-09-27,13069,192,0.5467,0.9787,0.8701,0.7968,0.476,0,eaglei
13143,Hurricane Helene,hurricane,AL092024,2024-09-27,13301,240,1,0.9949,0.7944,0.1974,0.004436,0,eaglei
13145,Hurricane Helene,hurricane,AL092024,2024-09-27,13069,235,0.5467,0.9787,0.8701,0.7968,0.476,0,eaglei
13147,Hurricane Helene,hurricane,AL092024,2024-09-25,37021,146,1,0.9222,0.7782,0.6938,0.2213,0,eaglei
13149,Hurricane Helene,hurricane,AL092024,2024-09-27,13189,248,1,0.9744,0.8635,0.303,0.04674,0,eaglei
13151,Hurricane Helene,hurricane,AL092024,2024-09-27,13069,245,0.5467,0.9787,0.8701,0.7968,0.476,0,eaglei
13153,Hurricane Helene,hurricane,AL092024,2024-09-27,13069,127,0.5467,0.9787,0.8701,0.7968,0.476,0,eaglei
13155,"Power cut, cause not recorded, October 2018",unattributed,,2018-10-12,12013,228,0.3251,1,1,0.9898,0.3184,0,eaglei
13157,Hurricane Helene,hurricane,AL092024,2024-09-25,37021,189,1,0.9222,0.7782,0.6938,0.2213,0,eaglei
13159,Hurricane Helene,hurricane,AL092024,2024-09-27,13069,212,0.5467,0.9787,0.8701,0.7968,0.476,0,eaglei
13161,Hurricane Helene,hurricane,AL092024,2024-09-27,13069,35,0.5467,0.9787,0.8701,0.7968,0.476,0,eaglei
13163,Hurricane Helene,hurricane,AL092024,2024-09-27,13069,172,0.5467,0.9787,0.8701,0.7968,0.476,0,eaglei
13165,Hurricane Helene,hurricane,AL092024,2024-09-27,13069,161,0.5467,0.9787,0.8701,0.7968,0.476,0,eaglei
13167,Hurricane Helene,hurricane,AL092024,2024-09-27,13069,128,0.5467,0.9787,0.8701,0.7968,0.476,0,eaglei
13169,Hurricane Helene,hurricane,AL092024,2024-09-27,13069,177,0.5467,0.9787,0.8701,0.7968,0.476,0,eaglei
13171,Hurricane Helene,hurricane,AL092024,2024-09-27,13069,209,0.5467,0.9787,0.8701,0.7968,0.476,0,eaglei
13173,"Power cut, cause not recorded, October 2018",unattributed,,2018-10-12,12013,216,0.3251,1,1,0.9898,0.3184,0,eaglei
13175,Hurricane Helene,hurricane,AL092024,2024-09-27,13069,94,0.5467,0.9787,0.8701,0.7968,0.476,0,eaglei
13177,"Power cut, cause not recorded, October 2018",unattributed,,2018-10-12,12013,188,0.3251,1,1,0.9898,0.3184,0,eaglei
13179,Hurricane Helene,hurricane,AL092024,2024-09-27,13069,134,0.5467,0.9787,0.8701,0.7968,0.476,0,eaglei
13181,Hurricane Helene,hurricane,AL092024,2024-09-27,13161,221,1,1,0.9658,0.7549,0.4754,0,eaglei
13183,Hurricane Helene,hurricane,AL092024,2024-09-27,13069,107,0.5467,0.9787,0.8701,0.7968,0.476,0,eaglei
13185,"Power cut, cause not recorded, October 2018",unattributed,,2018-10-12,12013,191,0.3251,1,1,0.9898,0.3184,0,eaglei
13187,Hurricane Helene,hurricane,AL092024,2024-09-25,37021,177,1,0.9222,0.7782,0.6938,0.2213,0,eaglei
13189,Hurricane Helene,hurricane,AL092024,2024-09-27,13069,217,0.5467,0.9787,0.8701,0.7968,0.476,0,eaglei
13191,Hurricane Helene,hurricane,AL092024,2024-09-27,13069,140,0.5467,0.9787,0.8701,0.7968,0.476,0,eaglei
13193,"Power cut, cause not recorded, October 2018",unattributed,,2018-10-12,12013,245,0.3251,1,1,0.9898,0.3184,0,eaglei
13195,Hurricane Helene,hurricane,AL092024,2024-09-25,37021,176,1,0.9222,0.7782,0.6938,0.2213,0,eaglei
13197,"Power cut, cause not recorded, October 2018",unattributed,,2018-10-12,12013,228,0.3251,1,1,0.9898,0.3184,0,eaglei
13199,Hurricane Helene,hurricane,AL092024,2024-09-27,13069,238,0.5467,0.9787,0.8701,0.7968,0.476,0,eaglei
13201,"Power cut, cause not recorded, October 2018",unattributed,,2018-10-12,12013,97,0.3251,1,1,0.9898,0.3184,0,eaglei
13205,"Power cut, cause not recorded, October 2018",unattributed,,2018-10-12,12013,134,0.3251,1,1,0.9898,0.3184,0,eaglei
13207,Hurricane Helene,hurricane,AL092024,2024-09-27,13069,192,0.5467,0.9787,0.8701,0.7968,0.476,0,eaglei
13209,Hurricane Helene,hurricane,AL092024,2024-09-27,13069,75,0.5467,0.9787,0.8701,0.7968,0.476,0,eaglei
13211,Hurricane Helene,hurricane,AL092024,2024-09-27,13069,236,0.5467,0.9787,0.8701,0.7968,0.476,0,eaglei
13213,Hurricane Helene,hurricane,AL092024,2024-09-25,37021,220,1,0.9222,0.7782,0.6938,0.2213,0,eaglei
13215,"Power cut, cause not recorded, October 2018",unattributed,,2018-10-12,12013,238,0.3251,1,1,0.9898,0.3184,0,eaglei
13217,Hurricane Helene,hurricane,AL092024,2024-09-27,13069,242,0.5467,0.9787,0.8701,0.7968,0.476,0,eaglei
13219,Hurricane Helene,hurricane,AL092024,2024-09-27,13161,237,1,1,0.9658,0.7549,0.4754,0,eaglei
13221,Hurricane Helene,hurricane,AL092024,2024-09-27,13161,232,1,1,0.9658,0.7549,0.4754,0,eaglei
13223,Hurricane Helene,hurricane,AL092024,2024-09-27,13189,226,1,0.9744,0.8635,0.303,0.04674,0,eaglei
13225,Hurricane Helene,hurricane,AL092024,2024-09-27,13069,147,0.5467,0.9787,0.8701,0.7968,0.476,0,eaglei
13227,Hurricane Helene,hurricane,AL092024,2024-09-25,37021,220,1,0.9222,0.7782,0.6938,0.2213,0,eaglei
13229,Hurricane Helene,hurricane,AL092024,2024-09-27,13069,64,0.5467,0.9787,0.8701,0.7968,0.476,0,eaglei
13231,Hurricane Helene,hurricane,AL092024,2024-09-27,13069,224,0.5467,0.9787,0.8701,0.7968,0.476,0,eaglei
13233,Hurricane Helene,hurricane,AL092024,2024-09-27,45077,247,0.6317,0.9081,0.6196,0.243,0,0,eaglei
13235,Hurricane Helene,hurricane,AL092024,2024-09-27,13069,97,0.5467,0.9787,0.8701,0.7968,0.476,0,eaglei
13237,Hurricane Helene,hurricane,AL092024,2024-09-27,13069,203,0.5467,0.9787,0.8701,0.7968,0.476,0,eaglei
13239,"Power cut, cause not recorded, October 2018",unattributed,,2018-10-12,12013,165,0.3251,1,1,0.9898,0.3184,0,eaglei
13241,Hurricane Helene,hurricane,AL092024,2024-09-25,37021,113,1,0.9222,0.7782,0.6938,0.2213,0,eaglei
13243,"Power cut, cause not recorded, October 2018",unattributed,,2018-10-12,12013,159,0.3251,1,1,0.9898,0.3184,0,eaglei
13245,Hurricane Helene,hurricane,AL092024,2024-09-27,13069,214,0.5467,0.9787,0.8701,0.7968,0.476,0,eaglei
13247,Hurricane Helene,hurricane,AL092024,2024-09-27,13161,242,1,1,0.9658,0.7549,0.4754,0,eaglei
13249,"Power cut, cause not recorded, October 2018",unattributed,,2018-10-12,12013,224,0.3251,1,1,0.9898,0.3184,0,eaglei
13251,Hurricane Helene,hurricane,AL092024,2024-09-27,13069,176,0.5467,0.9787,0.8701,0.7968,0.476,0,eaglei
13253,"Power cut, cause not recorded, October 2018",unattributed,,2018-10-12,12013,68,0.3251,1,1,0.9898,0.3184,0,eaglei
13255,Hurricane Helene,hurricane,AL092024,2024-09-27,13069,234,0.5467,0.9787,0.8701,0.7968,0.476,0,eaglei
13257,Hurricane Helene,hurricane,AL092024,2024-09-25,37021,136,1,0.9222,0.7782,0.6938,0.2213,0,eaglei
13259,"Power cut, cause not recorded, October 2018",unattributed,,2018-10-12,12013,190,0.3251,1,1,0.9898,0.3184,0,eaglei
13261,"Power cut, cause not recorded, October 2018",unattributed,,2018-10-12,12013,207,0.3251,1,1,0.9898,0.3184,0,eaglei
13263,Hurricane Helene,hurricane,AL092024,2024-09-27,13069,204,0.5467,0.9787,0.8701,0.7968,0.476,0,eaglei
13265,Hurricane Helene,hurricane,AL092024,2024-09-27,13069,224,0.5467,0.9787,0.8701,0.7968,0.476,0,eaglei
13267,Hurricane Helene,hurricane,AL092024,2024-09-27,13069,92,0.5467,0.9787,0.8701,0.7968,0.476,0,eaglei
13269,Hurricane Helene,hurricane,AL092024,2024-09-27,13069,173,0.5467,0.9787,0.8701,0.7968,0.476,0,eaglei
13271,Hurricane Helene,hurricane,AL092024,2024-09-27,13069,41,0.5467,0.9787,0.8701,0.7968,0.476,0,eaglei
13273,"Power cut, cause not recorded, October 2018",unattributed,,2018-10-12,12013,170,0.3251,1,1,0.9898,0.3184,0,eaglei
13275,"Power cut, cause not recorded, October 2018",unattributed,,2018-10-12,12013,133,0.3251,1,1,0.9898,0.3184,0,eaglei
13277,"Power cut, cause not recorded, October 2018",unattributed,,2018-10-12,12013,199,0.3251,1,1,0.9898,0.3184,0,eaglei
13279,Hurricane Helene,hurricane,AL092024,2024-09-27,13069,80,0.5467,0.9787,0.8701,0.7968,0.476,0,eaglei
13281,Hurricane Helene,hurricane,AL092024,2024-09-25,37021,134,1,0.9222,0.7782,0.6938,0.2213,0,eaglei
13283,Hurricane Helene,hurricane,AL092024,2024-09-27,13069,99,0.5467,0.9787,0.8701,0.7968,0.476,0,eaglei
13285,Hurricane Helene,hurricane,AL092024,2024-09-27,13189,242,1,0.9744,0.8635,0.303,0.04674,0,eaglei
13287,"Power cut, cause not recorded, October 2018",unattributed,,2018-10-12,12013,211,0.3251,1,1,0.9898,0.3184,0,eaglei
13289,Hurricane Helene,hurricane,AL092024,2024-09-27,13069,136,0.5467,0.9787,0.8701,0.7968,0.476,0,eaglei
13291,Hurricane Helene,hurricane,AL092024,2024-09-25,37021,158,1,0.9222,0.7782,0.6938,0.2213,0,eaglei
13293,Hurricane Helene,hurricane,AL092024,2024-09-27,13069,201,0.5467,0.9787,0.8701,0.7968,0.476,0,eaglei
13295,Hurricane Helene,hurricane,AL092024,2024-09-26,37175,233,1,0.9652,0.8298,0.2707,0.005669,0,eaglei
13297,Hurricane Helene,hurricane,AL092024,2024-09-27,13161,242,1,1,0.9658,0.7549,0.4754,0,eaglei
13299,Hurricane Helene,hurricane,AL092024,2024-09-27,13069,68,0.5467,0.9787,0.8701,0.7968,0.476,0,eaglei
13301,Hurricane Helene,hurricane,AL092024,2024-09-27,13069,207,0.5467,0.9787,0.8701,0.7968,0.476,0,eaglei
13303,Hurricane Helene,hurricane,AL092024,2024-09-27,13069,158,0.5467,0.9787,0.8701,0.7968,0.476,0,eaglei
13305,Hurricane Helene,hurricane,AL092024,2024-09-27,13069,88,0.5467,0.9787,0.8701,0.7968,0.476,0,eaglei
13307,"Power cut, cause not recorded, October 2018",unattributed,,2018-10-12,12013,194,0.3251,1,1,0.9898,0.3184,0,eaglei
13309,Hurricane Helene,hurricane,AL092024,2024-09-27,13069,63,0.5467,0.9787,0.8701,0.7968,0.476,0,eaglei
13311,Hurricane Helene,hurricane,AL092024,2024-09-25,37021,154,1,0.9222,0.7782,0.6938,0.2213,0,eaglei
13313,Hurricane Helene,hurricane,AL092024,2024-09-25,37021,239,1,0.9222,0.7782,0.6938,0.2213,0,eaglei
13315,"Power cut, cause not recorded, October 2018",unattributed,,2018-10-12,12013,242,0.3251,1,1,0.9898,0.3184,0,eaglei
13317,Hurricane Helene,hurricane,AL092024,2024-09-27,13069,248,0.5467,0.9787,0.8701,0.7968,0.476,0,eaglei
13319,Hurricane Helene,hurricane,AL092024,2024-09-27,13069,143,0.5467,0.9787,0.8701,0.7968,0.476,0,eaglei
13321,"Power cut, cause not recorded, October 2018",unattributed,,2018-10-12,12013,182,0.3251,1,1,0.9898,0.3184,0,eaglei
15001,"Wildfire or fire-weather shutoff, August 2023",wildfire,wildfire:183072,2023-08-08,15009,181,0.1918,0.8946,0.3187,0.1484,0.1325,0.05944,eaglei
15003,"Wildfire or fire-weather shutoff, August 2023",wildfire,wildfire:183072,2023-08-08,15009,179,0.1918,0.8946,0.3187,0.1484,0.1325,0.05944,eaglei
15005,"Wildfire or fire-weather shutoff, August 2023",wildfire,wildfire:183072,2023-08-08,15009,56,0.1918,0.8946,0.3187,0.1484,0.1325,0.05944,eaglei
15007,"Power cut, cause not recorded, December 2019",unattributed,,2019-12-24,15007,0,0.5476,0.1623,0,0,0,0,eaglei
15009,"Wildfire or fire-weather shutoff, August 2023",wildfire,wildfire:183072,2023-08-08,15009,0,0.1918,0.8946,0.3187,0.1484,0.1325,0.05944,eaglei
16001,"Power cut, cause not recorded, October 2024",unattributed,,2024-10-24,16015,73,0.7668,0.381,0.0127,0.0127,0,0,eaglei
16003,"Wind and thunderstorms, December 2025",wind,high_wind:209631,2025-12-17,16035,209,0.7984,0.6004,0.4386,0.06675,0,0,eaglei
16005,"Power cut, cause not recorded, February 2017",unattributed,,2017-02-23,16053,166,0.3095,0.04074,0.04074,0,0,0,eaglei
16007,"Power cut, cause not recorded, February 2017",unattributed,,2017-02-23,16053,245,0.3095,0.04074,0.04074,0,0,0,eaglei
16009,"Wind and thunderstorms, November 2015",wind,high_wind:100555,2015-11-17,53063,73,0.58,0.7903,0.4693,0.1122,0,0,eaglei
16011,"Power cut, cause not recorded, February 2017",unattributed,,2017-02-23,16053,162,0.3095,0.04074,0.04074,0,0,0,eaglei
16013,"Power cut, cause not recorded, October 2024",unattributed,,2024-10-24,16015,156,0.7668,0.381,0.0127,0.0127,0,0,eaglei
16015,"Power cut, cause not recorded, October 2024",unattributed,,2024-10-24,16015,0,0.7668,0.381,0.0127,0.0127,0,0,eaglei
16017,"Wind and thunderstorms, November 2015",wind,high_wind:100555,2015-11-17,53063,97,0.58,0.7903,0.4693,0.1122,0,0,eaglei
16019,"Power cut, cause not recorded, February 2017",unattributed,,2017-02-23,16053,228,0.3095,0.04074,0.04074,0,0,0,eaglei
16021,"Wind and thunderstorms, November 2015",wind,high_wind:100555,2015-11-17,53063,144,0.58,0.7903,0.4693,0.1122,0,0,eaglei
16023,"Power cut, cause not recorded, October 2024",unattributed,,2024-10-24,16015,206,0.7668,0.381,0.0127,0.0127,0,0,eaglei
16025,"Power cut, cause not recorded, October 2024",unattributed,,2024-10-24,16015,93,0.7668,0.381,0.0127,0.0127,0,0,eaglei
16027,"Power cut, cause not recorded, October 2024",unattributed,,2024-10-24,16015,89,0.7668,0.381,0.0127,0.0127,0,0,eaglei
16029,"Power cut, cause not recorded, February 2017",unattributed,,2017-02-23,16053,222,0.3095,0.04074,0.04074,0,0,0,eaglei
16031,"Power cut, cause not recorded, February 2017",unattributed,,2017-02-23,16053,69,0.3095,0.04074,0.04074,0,0,0,eaglei
16033,"Power cut, cause not recorded, February 2017",unattributed,,2017-02-23,16053,235,0.3095,0.04074,0.04074,0,0,0,eaglei
16035,"Wind and thunderstorms, November 2015",wind,high_wind:100555,2015-11-17,53063,169,0.58,0.7903,0.4693,0.1122,0,0,eaglei
16037,"Power cut, cause not recorded, October 2024",unattributed,,2024-10-24,16015,121,0.7668,0.381,0.0127,0.0127,0,0,eaglei
16039,"Power cut, cause not recorded, October 2024",unattributed,,2024-10-24,16015,69,0.7668,0.381,0.0127,0.0127,0,0,eaglei
16041,"Power cut, cause not recorded, February 2017",unattributed,,2017-02-23,16053,208,0.3095,0.04074,0.04074,0,0,0,eaglei
16043,"Wind and thunderstorms, December 2025",wind,tstm_wind:209931,2025-12-17,16077,202,0.6765,0.4987,0.03694,0,0,0,eaglei
16045,"Power cut, cause not recorded, October 2024",unattributed,,2024-10-24,16015,55,0.7668,0.381,0.0127,0.0127,0,0,eaglei
16047,"Power cut, cause not recorded, October 2024",unattributed,,2024-10-24,16015,134,0.7668,0.381,0.0127,0.0127,0,0,eaglei
16049,"Wind and thunderstorms, November 2015",wind,high_wind:100555,2015-11-17,53063,246,0.58,0.7903,0.4693,0.1122,0,0,eaglei
16051,"Power cut, cause not recorded, February 2017",unattributed,,2017-02-23,16053,200,0.3095,0.04074,0.04074,0,0,0,eaglei
16053,"Power cut, cause not recorded, October 2024",unattributed,,2024-10-24,16015,186,0.7668,0.381,0.0127,0.0127,0,0,eaglei
16055,"Wind and thunderstorms, November 2015",wind,high_wind:100555,2015-11-17,53063,53,0.58,0.7903,0.4693,0.1122,0,0,eaglei
16057,"Wind and thunderstorms, November 2015",wind,high_wind:100555,2015-11-17,53063,103,0.58,0.7903,0.4693,0.1122,0,0,eaglei
16059,"Wind and thunderstorms, December 2025",wind,high_wind:209631,2025-12-17,16035,237,0.7984,0.6004,0.4386,0.06675,0,0,eaglei
16061,"Wind and thunderstorms, November 2015",wind,high_wind:100555,2015-11-17,53063,171,0.58,0.7903,0.4693,0.1122,0,0,eaglei
16063,"Power cut, cause not recorded, October 2024",unattributed,,2024-10-24,16015,168,0.7668,0.381,0.0127,0.0127,0,0,eaglei
16065,"Power cut, cause not recorded, February 2017",unattributed,,2017-02-23,16053,244,0.3095,0.04074,0.04074,0,0,0,eaglei
16067,"Power cut, cause not recorded, October 2024",unattributed,,2024-10-24,16015,209,0.7668,0.381,0.0127,0.0127,0,0,eaglei
16069,"Wind and thunderstorms, November 2015",wind,high_wind:100555,2015-11-17,53063,151,0.58,0.7903,0.4693,0.1122,0,0,eaglei
16071,"Power cut, cause not recorded, February 2017",unattributed,,2017-02-23,16053,154,0.3095,0.04074,0.04074,0,0,0,eaglei
16073,"Power cut, cause not recorded, October 2024",unattributed,,2024-10-24,16015,162,0.7668,0.381,0.0127,0.0127,0,0,eaglei
16075,"Power cut, cause not recorded, October 2024",unattributed,,2024-10-24,16015,83,0.7668,0.381,0.0127,0.0127,0,0,eaglei
16077,"Power cut, cause not recorded, February 2017",unattributed,,2017-02-23,16053,116,0.3095,0.04074,0.04074,0,0,0,eaglei
16079,"Wind and thunderstorms, November 2015",wind,high_wind:100555,2015-11-17,53063,118,0.58,0.7903,0.4693,0.1122,0,0,eaglei
16081,"Wind and thunderstorms, December 2025",wind,tstm_wind:209931,2025-12-17,16077,178,0.6765,0.4987,0.03694,0,0,0,eaglei
16083,"Power cut, cause not recorded, October 2024",unattributed,,2024-10-24,16015,201,0.7668,0.381,0.0127,0.0127,0,0,eaglei
16085,"Wind and thunderstorms, December 2025",wind,high_wind:209631,2025-12-17,16035,202,0.7984,0.6004,0.4386,0.06675,0,0,eaglei
16087,"Power cut, cause not recorded, October 2024",unattributed,,2024-10-24,16015,100,0.7668,0.381,0.0127,0.0127,0,0,eaglei
17001,August 2020 Midwest derecho,wind,tornado:151777,2020-08-10,19113,235,0.9255,0.9692,0.7774,0.3695,0.01459,0,eaglei
17003,"Wind and thunderstorms, May 2025",wind,tornado:202193,2025-05-16,29510,180,0.2837,0.792,0.4604,0.07594,0,0,eaglei
17005,"Wind and thunderstorms, June 2023",wind,tornado:180221,2023-06-29,17167,99,0.3515,0.5606,0.2404,0.09552,0,0,eaglei
17007,August 2020 Midwest derecho,wind,tornado:151777,2020-08-10,19113,230,0.9255,0.9692,0.7774,0.3695,0.01459,0,eaglei
17009,August 2020 Midwest derecho,wind,tornado:151777,2020-08-10,19113,246,0.9255,0.9692,0.7774,0.3695,0.01459,0,eaglei
17011,August 2020 Midwest derecho,wind,tornado:151777,2020-08-10,19113,187,0.9255,0.9692,0.7774,0.3695,0.01459,0,eaglei
17013,"Wind and thunderstorms, June 2023",wind,tornado:180221,2023-06-29,17167,108,0.3515,0.5606,0.2404,0.09552,0,0,eaglei
17015,August 2020 Midwest derecho,wind,tornado:151777,2020-08-10,19113,138,0.9255,0.9692,0.7774,0.3695,0.01459,0,eaglei
17017,August 2020 Midwest derecho,wind,tstm_wind:151777,2020-08-10,19031,214,0.6895,0.9653,0.7923,0.2731,0,0,eaglei
17019,"Wind and thunderstorms, June 2023",wind,tornado:180221,2023-06-29,17167,132,0.3515,0.5606,0.2404,0.09552,0,0,eaglei
17021,"Wind and thunderstorms, June 2023",wind,tornado:180221,2023-06-29,17167,40,0.3515,0.5606,0.2404,0.09552,0,0,eaglei
17023,"Wind and thunderstorms, June 2023",wind,tornado:180221,2023-06-29,17167,167,0.3515,0.5606,0.2404,0.09552,0,0,eaglei
17025,"Wind and thunderstorms, June 2023",wind,tornado:180221,2023-06-29,17167,151,0.3515,0.5606,0.2404,0.09552,0,0,eaglei
17027,"Wind and thunderstorms, June 2023",wind,tornado:180221,2023-06-29,17167,130,0.3515,0.5606,0.2404,0.09552,0,0,eaglei
17029,"Wind and thunderstorms, June 2023",wind,tornado:180221,2023-06-29,17167,126,0.3515,0.5606,0.2404,0.09552,0,0,eaglei
17031,"Ice storm, February 2023",ice,ice_storm:176942,2023-02-22,26059,249,0.5778,0.9456,0.7075,0.04716,0,0,eaglei
17033,"Wind and thunderstorms, June 2023",wind,tornado:180221,2023-06-29,17167,184,0.3515,0.5606,0.2404,0.09552,0,0,eaglei
17035,"Wind and thunderstorms, June 2023",wind,tornado:180221,2023-06-29,17167,133,0.3515,0.5606,0.2404,0.09552,0,0,eaglei
17037,August 2020 Midwest derecho,wind,tornado:151777,2020-08-10,19113,235,0.9255,0.9692,0.7774,0.3695,0.01459,0,eaglei
17039,"Wind and thunderstorms, June 2023",wind,tornado:180221,2023-06-29,17167,80,0.3515,0.5606,0.2404,0.09552,0,0,eaglei
17041,"Wind and thunderstorms, June 2023",wind,tornado:180221,2023-06-29,17167,123,0.3515,0.5606,0.2404,0.09552,0,0,eaglei
17043,August 2020 Midwest derecho,wind,tstm_wind:151777,2020-08-10,19045,203,0.9888,0.7041,0.3651,0.01858,0,0,eaglei
17045,"Wind and thunderstorms, June 2023",wind,tornado:180221,2023-06-29,17167,164,0.3515,0.5606,0.2404,0.09552,0,0,eaglei
17047,"Wind and thunderstorms, June 2023",wind,tornado:180221,2023-06-29,17167,204,0.3515,0.5606,0.2404,0.09552,0,0,eaglei
17049,"Wind and thunderstorms, June 2023",wind,tornado:180221,2023-06-29,17167,121,0.3515,0.5606,0.2404,0.09552,0,0,eaglei
17051,"Wind and thunderstorms, June 2023",wind,tornado:180221,2023-06-29,17167,101,0.3515,0.5606,0.2404,0.09552,0,0,eaglei
17053,"Wind and thunderstorms, June 2023",wind,tornado:180221,2023-06-29,17167,154,0.3515,0.5606,0.2404,0.09552,0,0,eaglei
17055,"Wind and thunderstorms, June 2023",wind,tornado:180221,2023-06-29,17167,206,0.3515,0.5606,0.2404,0.09552,0,0,eaglei
17057,August 2020 Midwest derecho,wind,tornado:151777,2020-08-10,19113,214,0.9255,0.9692,0.7774,0.3695,0.01459,0,eaglei
17059,"Wind and thunderstorms, May 2025",wind,tornado:202193,2025-05-16,29510,201,0.2837,0.792,0.4604,0.07594,0,0,eaglei
17061,"Wind and thunderstorms, June 2023",wind,tornado:180221,2023-06-29,17167,77,0.3515,0.5606,0.2404,0.09552,0,0,eaglei
17063,August 2020 Midwest derecho,wind,tstm_wind:151777,2020-08-10,19031,234,0.6895,0.9653,0.7923,0.2731,0,0,eaglei
17065,"Wind and thunderstorms, June 2023",wind,tornado:180221,2023-06-29,17167,210,0.3515,0.5606,0.2404,0.09552,0,0,eaglei
17067,August 2020 Midwest derecho,wind,tornado:151777,2020-08-10,19113,190,0.9255,0.9692,0.7774,0.3695,0.01459,0,eaglei
17069,"Wind and thunderstorms, May 2025",wind,tornado:202193,2025-05-16,29510,213,0.2837,0.792,0.4604,0.07594,0,0,eaglei
17071,August 2020 Midwest derecho,wind,tornado:151777,2020-08-10,19113,151,0.9255,0.9692,0.7774,0.3695,0.01459,0,eaglei
17073,August 2020 Midwest derecho,wind,tornado:151777,2020-08-10,19113,146,0.9255,0.9692,0.7774,0.3695,0.01459,0,eaglei
17075,"Wind and thunderstorms, June 2023",wind,tornado:180221,2023-06-29,17167,190,0.3515,0.5606,0.2404,0.09552,0,0,eaglei
17077,"Wind and thunderstorms, June 2023",wind,tornado:180221,2023-06-29,17167,220,0.3515,0.5606,0.2404,0.09552,0,0,eaglei
17079,"Wind and thunderstorms, June 2023",wind,tornado:180221,2023-06-29,17167,155,0.3515,0.5606,0.2404,0.09552,0,0,eaglei
17081,"Wind and thunderstorms, June 2023",wind,tornado:180221,2023-06-29,17167,174,0.3515,0.5606,0.2404,0.09552,0,0,eaglei
17083,"Wind and thunderstorms, June 2023",wind,tornado:180221,2023-06-29,17167,96,0.3515,0.5606,0.2404,0.09552,0,0,eaglei
17085,August 2020 Midwest derecho,wind,tornado:151777,2020-08-10,19113,118,0.9255,0.9692,0.7774,0.3695,0.01459,0,eaglei
17087,"Wind and thunderstorms, May 2025",wind,tornado:202193,2025-05-16,29510,177,0.2837,0.792,0.4604,0.07594,0,0,eaglei
17089,August 2020 Midwest derecho,wind,tstm_wind:151777,2020-08-10,19031,225,0.6895,0.9653,0.7923,0.2731,0,0,eaglei
17091,"Wind and thunderstorms, June 2023",wind,tornado:180221,2023-06-29,17167,216,0.3515,0.5606,0.2404,0.09552,0,0,eaglei
17093,August 2020 Midwest derecho,wind,tstm_wind:151777,2020-08-10,19031,225,0.6895,0.9653,0.7923,0.2731,0,0,eaglei
17095,August 2020 Midwest derecho,wind,tornado:151777,2020-08-10,19113,172,0.9255,0.9692,0.7774,0.3695,0.01459,0,eaglei
17097,August 2020 Midwest derecho,wind,tstm_wind:151777,2020-08-10,19045,228,0.9888,0.7041,0.3651,0.01858,0,0,eaglei
17099,August 2020 Midwest derecho,wind,tornado:151777,2020-08-10,19113,239,0.9255,0.9692,0.7774,0.3695,0.01459,0,eaglei
17101,"Wind and thunderstorms, June 2023",wind,tornado:180221,2023-06-29,17167,203,0.3515,0.5606,0.2404,0.09552,0,0,eaglei
17103,August 2020 Midwest derecho,wind,tornado:151777,2020-08-10,19113,194,0.9255,0.9692,0.7774,0.3695,0.01459,0,eaglei
17105,August 2020 Midwest derecho,wind,tstm_wind:151777,2020-08-10,19031,236,0.6895,0.9653,0.7923,0.2731,0,0,eaglei
17107,August 2020 Midwest derecho,wind,tstm_wind:151777,2020-08-10,19031,235,0.6895,0.9653,0.7923,0.2731,0,0,eaglei
17109,August 2020 Midwest derecho,wind,tornado:151777,2020-08-10,19113,196,0.9255,0.9692,0.7774,0.3695,0.01459,0,eaglei
17111,August 2020 Midwest derecho,wind,tstm_wind:151777,2020-08-10,19031,230,0.6895,0.9653,0.7923,0.2731,0,0,eaglei
17113,August 2020 Midwest derecho,wind,tstm_wind:151777,2020-08-10,19031,239,0.6895,0.9653,0.7923,0.2731,0,0,eaglei
17115,"Wind and thunderstorms, June 2023",wind,tornado:180221,2023-06-29,17167,61,0.3515,0.5606,0.2404,0.09552,0,0,eaglei
17117,"Wind and thunderstorms, June 2023",wind,tornado:180221,2023-06-29,17167,59,0.3515,0.5606,0.2404,0.09552,0,0,eaglei
17119,"Wind and thunderstorms, June 2023",wind,tornado:180221,2023-06-29,17167,105,0.3515,0.5606,0.2404,0.09552,0,0,eaglei
17121,"Wind and thunderstorms, June 2023",wind,tornado:180221,2023-06-29,17167,139,0.3515,0.5606,0.2404,0.09552,0,0,eaglei
17123,August 2020 Midwest derecho,wind,tornado:151777,2020-08-10,19113,221,0.9255,0.9692,0.7774,0.3695,0.01459,0,eaglei
17125,August 2020 Midwest derecho,wind,tornado:151777,2020-08-10,19113,249,0.9255,0.9692,0.7774,0.3695,0.01459,0,eaglei
17127,"Wind and thunderstorms, May 2025",wind,tornado:202193,2025-05-16,29510,208,0.2837,0.792,0.4604,0.07594,0,0,eaglei
17129,August 2020 Midwest derecho,wind,tstm_wind:151777,2020-08-10,19031,225,0.6895,0.9653,0.7923,0.2731,0,0,eaglei
17131,August 2020 Midwest derecho,wind,tornado:151777,2020-08-10,19113,120,0.9255,0.9692,0.7774,0.3695,0.01459,0,eaglei
17133,"Wind and thunderstorms, June 2023",wind,tornado:180221,2023-06-29,17167,170,0.3515,0.5606,0.2404,0.09552,0,0,eaglei
17135,"Wind and thunderstorms, June 2023",wind,tornado:180221,2023-06-29,17167,61,0.3515,0.5606,0.2404,0.09552,0,0,eaglei
17137,August 2020 Midwest derecho,wind,tstm_wind:151777,2020-08-10,19031,241,0.6895,0.9653,0.7923,0.2731,0,0,eaglei
17139,"Wind and thunderstorms, June 2023",wind,tornado:180221,2023-06-29,17167,90,0.3515,0.5606,0.2404,0.09552,0,0,eaglei
17141,August 2020 Midwest derecho,wind,tornado:151777,2020-08-10,19113,188,0.9255,0.9692,0.7774,0.3695,0.01459,0,eaglei
17143,August 2020 Midwest derecho,wind,tornado:151777,2020-08-10,19113,210,0.9255,0.9692,0.7774,0.3695,0.01459,0,eaglei
17145,"Wind and thunderstorms, June 2023",wind,tornado:180221,2023-06-29,17167,188,0.3515,0.5606,0.2404,0.09552,0,0,eaglei
17147,"Wind and thunderstorms, June 2023",wind,tornado:180221,2023-06-29,17167,96,0.3515,0.5606,0.2404,0.09552,0,0,eaglei
17149,August 2020 Midwest derecho,wind,tstm_wind:151777,2020-08-10,19031,240,0.6895,0.9653,0.7923,0.2731,0,0,eaglei
17151,"Wind and thunderstorms, May 2025",wind,tornado:202193,2025-05-16,29510,201,0.2837,0.792,0.4604,0.07594,0,0,eaglei
17153,"Wind and thunderstorms, May 2025",wind,tornado:202193,2025-05-16,29510,186,0.2837,0.792,0.4604,0.07594,0,0,eaglei
17155,August 2020 Midwest derecho,wind,tornado:151777,2020-08-10,19113,215,0.9255,0.9692,0.7774,0.3695,0.01459,0,eaglei
17157,"Wind and thunderstorms, June 2023",wind,tornado:180221,2023-06-29,17167,190,0.3515,0.5606,0.2404,0.09552,0,0,eaglei
17159,"Wind and thunderstorms, June 2023",wind,tornado:180221,2023-06-29,17167,179,0.3515,0.5606,0.2404,0.09552,0,0,eaglei
17161,August 2020 Midwest derecho,wind,tornado:151777,2020-08-10,19113,109,0.9255,0.9692,0.7774,0.3695,0.01459,0,eaglei
17163,"Wind and thunderstorms, June 2023",wind,tornado:180221,2023-06-29,17167,145,0.3515,0.5606,0.2404,0.09552,0,0,eaglei
17165,"Wind and thunderstorms, June 2023",wind,tornado:180221,2023-06-29,17167,243,0.3515,0.5606,0.2404,0.09552,0,0,eaglei
17167,"Wind and thunderstorms, June 2023",wind,tornado:180221,2023-06-29,17167,0,0.3515,0.5606,0.2404,0.09552,0,0,eaglei
17169,August 2020 Midwest derecho,wind,tornado:151777,2020-08-10,19113,229,0.9255,0.9692,0.7774,0.3695,0.01459,0,eaglei
17171,August 2020 Midwest derecho,wind,tstm_wind:151777,2020-08-10,19031,244,0.6895,0.9653,0.7923,0.2731,0,0,eaglei
17173,"Wind and thunderstorms, June 2023",wind,tornado:180221,2023-06-29,17167,85,0.3515,0.5606,0.2404,0.09552,0,0,eaglei
17175,August 2020 Midwest derecho,wind,tornado:151777,2020-08-10,19113,185,0.9255,0.9692,0.7774,0.3695,0.01459,0,eaglei
17177,August 2020 Midwest derecho,wind,tornado:151777,2020-08-10,19113,162,0.9255,0.9692,0.7774,0.3695,0.01459,0,eaglei
17179,August 2020 Midwest derecho,wind,tornado:151777,2020-08-10,19113,246,0.9255,0.9692,0.7774,0.3695,0.01459,0,eaglei
17181,"Wind and thunderstorms, May 2025",wind,tornado:202193,2025-05-16,29510,155,0.2837,0.792,0.4604,0.07594,0,0,eaglei
17183,"Wind and thunderstorms, June 2023",wind,tornado:180221,2023-06-29,17167,172,0.3515,0.5606,0.2404,0.09552,0,0,eaglei
17185,"Wind and thunderstorms, June 2023",wind,tornado:180221,2023-06-29,17167,214,0.3515,0.5606,0.2404,0.09552,0,0,eaglei
17187,August 2020 Midwest derecho,wind,tornado:151777,2020-08-10,19113,159,0.9255,0.9692,0.7774,0.3695,0.01459,0,eaglei
17189,"Wind and thunderstorms, June 2023",wind,tornado:180221,2023-06-29,17167,158,0.3515,0.5606,0.2404,0.09552,0,0,eaglei
17191,"Wind and thunderstorms, June 2023",wind,tornado:180221,2023-06-29,17167,182,0.3515,0.5606,0.2404,0.09552,0,0,eaglei
17193,"Wind and thunderstorms, June 2023",wind,tornado:180221,2023-06-29,17167,226,0.3515,0.5606,0.2404,0.09552,0,0,eaglei
17195,August 2020 Midwest derecho,wind,tornado:151777,2020-08-10,19113,144,0.9255,0.9692,0.7774,0.3695,0.01459,0,eaglei
17197,"Wind and thunderstorms, June 2023",wind,tornado:180221,2023-06-29,17167,236,0.3515,0.5606,0.2404,0.09552,0,0,eaglei
17199,"Wind and thunderstorms, June 2023",wind,tornado:180221,2023-06-29,17167,234,0.3515,0.5606,0.2404,0.09552,0,0,eaglei
17201,August 2020 Midwest derecho,wind,tornado:151777,2020-08-10,19113,203,0.9255,0.9692,0.7774,0.3695,0.01459,0,eaglei
17203,August 2020 Midwest derecho,wind,tornado:151777,2020-08-10,19113,245,0.9255,0.9692,0.7774,0.3695,0.01459,0,eaglei
18001,"Ice storm, February 2023",ice,ice_storm:176942,2023-02-22,26059,134,0.5778,0.9456,0.7075,0.04716,0,0,eaglei
18003,"Ice storm, February 2023",ice,ice_storm:176942,2023-02-22,26059,100,0.5778,0.9456,0.7075,0.04716,0,0,eaglei
18005,"Wind and thunderstorms, May 2019",wind,tornado:136052,2019-05-28,39113,151,0.1534,0.5965,0.2692,0.04651,0,0,eaglei
18007,"Wind and thunderstorms, June 2023",wind,tornado:180221,2023-06-29,17167,220,0.3515,0.5606,0.2404,0.09552,0,0,eaglei
18009,"Ice storm, February 2023",ice,ice_storm:176942,2023-02-22,26059,172,0.5778,0.9456,0.7075,0.04716,0,0,eaglei
18011,"Wind and thunderstorms, May 2019",wind,tornado:136052,2019-05-28,39113,189,0.1534,0.5965,0.2692,0.04651,0,0,eaglei
18013,"Wind and thunderstorms, May 2019",wind,tornado:136052,2019-05-28,39113,178,0.1534,0.5965,0.2692,0.04651,0,0,eaglei
18015,"Ice storm, February 2023",ice,ice_storm:176942,2023-02-22,26059,220,0.5778,0.9456,0.7075,0.04716,0,0,eaglei
18017,"Ice storm, February 2023",ice,ice_storm:176942,2023-02-22,26059,194,0.5778,0.9456,0.7075,0.04716,0,0,eaglei
18019,"Wind and thunderstorms, May 2019",wind,tornado:136052,2019-05-28,39113,188,0.1534,0.5965,0.2692,0.04651,0,0,eaglei
18021,"Wind and thunderstorms, June 2023",wind,tornado:180221,2023-06-29,17167,222,0.3515,0.5606,0.2404,0.09552,0,0,eaglei
18023,"Ice storm, February 2023",ice,ice_storm:176942,2023-02-22,26059,237,0.5778,0.9456,0.7075,0.04716,0,0,eaglei
18025,"Wind and thunderstorms, May 2019",wind,tornado:136052,2019-05-28,39113,247,0.1534,0.5965,0.2692,0.04651,0,0,eaglei
18027,"Power cut, cause not recorded, June 2023",unattributed,,2023-06-29,18119,72,0.511,0.7255,0.4306,0,0,0,eaglei
18029,"Winter storm, February 2021",winter,winter_storm:156290,2021-02-15,39087,221,0.4642,0.8076,0.4985,0.1032,0,0,eaglei
18031,"Wind and thunderstorms, May 2019",wind,tornado:136052,2019-05-28,39113,115,0.1534,0.5965,0.2692,0.04651,0,0,eaglei
18033,"Ice storm, February 2023",ice,ice_storm:176942,2023-02-22,26059,66,0.5778,0.9456,0.7075,0.04716,0,0,eaglei
18035,"Ice storm, February 2023",ice,ice_storm:176942,2023-02-22,26059,200,0.5778,0.9456,0.7075,0.04716,0,0,eaglei
18037,"Power cut, cause not recorded, June 2023",unattributed,,2023-06-29,18119,105,0.511,0.7255,0.4306,0,0,0,eaglei
18039,"Ice storm, February 2023",ice,ice_storm:176942,2023-02-22,26059,108,0.5778,0.9456,0.7075,0.04716,0,0,eaglei
18041,"Wind and thunderstorms, May 2019",wind,tornado:136052,2019-05-28,39113,78,0.1534,0.5965,0.2692,0.04651,0,0,eaglei
18043,"Wind and thunderstorms, May 2019",wind,tornado:136052,2019-05-28,39113,212,0.1534,0.5965,0.2692,0.04651,0,0,eaglei
18045,"Wind and thunderstorms, June 2023",wind,tornado:180221,2023-06-29,17167,211,0.3515,0.5606,0.2404,0.09552,0,0,eaglei
18047,"Winter storm, February 2021",winter,winter_storm:156290,2021-02-15,39087,238,0.4642,0.8076,0.4985,0.1032,0,0,eaglei
18049,"Ice storm, February 2023",ice,ice_storm:176942,2023-02-22,26059,167,0.5778,0.9456,0.7075,0.04716,0,0,eaglei
18051,"Wind and thunderstorms, June 2023",wind,tornado:180221,2023-06-29,17167,241,0.3515,0.5606,0.2404,0.09552,0,0,eaglei
18053,"Ice storm, February 2023",ice,ice_storm:176942,2023-02-22,26059,179,0.5778,0.9456,0.7075,0.04716,0,0,eaglei
18055,"Wind and thunderstorms, June 2023",wind,tornado:180221,2023-06-29,17167,242,0.3515,0.5606,0.2404,0.09552,0,0,eaglei
18057,"Ice storm, February 2023",ice,ice_storm:176942,2023-02-22,26059,239,0.5778,0.9456,0.7075,0.04716,0,0,eaglei
18059,"Wind and thunderstorms, May 2019",wind,tornado:136052,2019-05-28,39113,127,0.1534,0.5965,0.2692,0.04651,0,0,eaglei
18061,"Wind and thunderstorms, May 2019",wind,tornado:136052,2019-05-28,39113,234,0.1534,0.5965,0.2692,0.04651,0,0,eaglei
18063,"Wind and thunderstorms, May 2019",wind,tornado:136052,2019-05-28,39113,190,0.1534,0.5965,0.2692,0.04651,0,0,eaglei
18065,"Ice storm, February 2023",ice,ice_storm:176942,2023-02-22,26059,231,0.5778,0.9456,0.7075,0.04716,0,0,eaglei
18067,"Ice storm, February 2023",ice,ice_storm:176942,2023-02-22,26059,203,0.5778,0.9456,0.7075,0.04716,0,0,eaglei
18069,"Ice storm, February 2023",ice,ice_storm:176942,2023-02-22,26059,141,0.5778,0.9456,0.7075,0.04716,0,0,eaglei
18071,"Wind and thunderstorms, May 2019",wind,tornado:136052,2019-05-28,39113,177,0.1534,0.5965,0.2692,0.04651,0,0,eaglei
18073,"Ice storm, February 2023",ice,ice_storm:176942,2023-02-22,26059,230,0.5778,0.9456,0.7075,0.04716,0,0,eaglei
18075,"Ice storm, February 2023",ice,ice_storm:176942,2023-02-22,26059,169,0.5778,0.9456,0.7075,0.04716,0,0,eaglei
18077,"Wind and thunderstorms, May 2019",wind,tornado:136052,2019-05-28,39113,146,0.1534,0.5965,0.2692,0.04651,0,0,eaglei
18079,"Wind and thunderstorms, May 2019",wind,tornado:136052,2019-05-28,39113,143,0.1534,0.5965,0.2692,0.04651,0,0,eaglei
18081,"Wind and thunderstorms, May 2019",wind,tornado:136052,2019-05-28,39113,157,0.1534,0.5965,0.2692,0.04651,0,0,eaglei
18083,"Wind and thunderstorms, June 2023",wind,tornado:180221,2023-06-29,17167,227,0.3515,0.5606,0.2404,0.09552,0,0,eaglei
18085,"Ice storm, February 2023",ice,ice_storm:176942,2023-02-22,26059,127,0.5778,0.9456,0.7075,0.04716,0,0,eaglei
18087,"Ice storm, February 2023",ice,ice_storm:176942,2023-02-22,26059,73,0.5778,0.9456,0.7075,0.04716,0,0,eaglei
18089,"Ice storm, February 2023",ice,ice_storm:176942,2023-02-22,26059,233,0.5778,0.9456,0.7075,0.04716,0,0,eaglei
18091,"Ice storm, February 2023",ice,ice_storm:176942,2023-02-22,26059,180,0.5778,0.9456,0.7075,0.04716,0,0,eaglei
18093,"Wind and thunderstorms, May 2019",wind,tornado:136052,2019-05-28,39113,215,0.1534,0.5965,0.2692,0.04651,0,0,eaglei
18095,"Ice storm, February 2023",ice,ice_storm:176942,2023-02-22,26059,216,0.5778,0.9456,0.7075,0.04716,0,0,eaglei
18097,"Wind and thunderstorms, May 2019",wind,tornado:136052,2019-05-28,39113,158,0.1534,0.5965,0.2692,0.04651,0,0,eaglei
18099,"Ice storm, February 2023",ice,ice_storm:176942,2023-02-22,26059,151,0.5778,0.9456,0.7075,0.04716,0,0,eaglei
18101,"Wind and thunderstorms, May 2019",wind,tornado:136052,2019-05-28,39113,246,0.1534,0.5965,0.2692,0.04651,0,0,eaglei
18103,"Ice storm, February 2023",ice,ice_storm:176942,2023-02-22,26059,174,0.5778,0.9456,0.7075,0.04716,0,0,eaglei
18105,"Wind and thunderstorms, May 2019",wind,tornado:136052,2019-05-28,39113,203,0.1534,0.5965,0.2692,0.04651,0,0,eaglei
18107,"Wind and thunderstorms, June 2023",wind,tornado:180221,2023-06-29,17167,238,0.3515,0.5606,0.2404,0.09552,0,0,eaglei
18109,"Wind and thunderstorms, May 2019",wind,tornado:136052,2019-05-28,39113,187,0.1534,0.5965,0.2692,0.04651,0,0,eaglei
18111,"Wind and thunderstorms, June 2023",wind,tornado:180221,2023-06-29,17167,234,0.3515,0.5606,0.2404,0.09552,0,0,eaglei
18113,"Ice storm, February 2023",ice,ice_storm:176942,2023-02-22,26059,87,0.5778,0.9456,0.7075,0.04716,0,0,eaglei
18115,"Winter storm, February 2021",winter,winter_storm:156290,2021-02-15,39087,215,0.4642,0.8076,0.4985,0.1032,0,0,eaglei
18117,"Wind and thunderstorms, May 2019",wind,tornado:136052,2019-05-28,39113,232,0.1534,0.5965,0.2692,0.04651,0,0,eaglei
18119,"Wind and thunderstorms, June 2023",wind,tornado:180221,2023-06-29,17167,247,0.3515,0.5606,0.2404,0.09552,0,0,eaglei
18121,"Wind and thunderstorms, June 2023",wind,tornado:180221,2023-06-29,17167,211,0.3515,0.5606,0.2404,0.09552,0,0,eaglei
18123,"Power cut, cause not recorded, June 2023",unattributed,,2023-06-29,18119,139,0.511,0.7255,0.4306,0,0,0,eaglei
18125,"Ice storm, January 2025",ice,ice_storm:198089,2025-01-05,29157,238,0.6187,0.5729,0.1561,0.02129,0,0,eaglei
18127,"Ice storm, February 2023",ice,ice_storm:176942,2023-02-22,26059,207,0.5778,0.9456,0.7075,0.04716,0,0,eaglei
18129,"Wind and thunderstorms, June 2023",wind,tornado:180221,2023-06-29,17167,247,0.3515,0.5606,0.2404,0.09552,0,0,eaglei
18131,"Ice storm, February 2023",ice,ice_storm:176942,2023-02-22,26059,197,0.5778,0.9456,0.7075,0.04716,0,0,eaglei
18133,"Wind and thunderstorms, June 2023",wind,tornado:180221,2023-06-29,17167,240,0.3515,0.5606,0.2404,0.09552,0,0,eaglei
18135,"Ice storm, February 2023",ice,ice_storm:176942,2023-02-22,26059,198,0.5778,0.9456,0.7075,0.04716,0,0,eaglei
18137,"Winter storm, February 2021",winter,winter_storm:156290,2021-02-15,39087,244,0.4642,0.8076,0.4985,0.1032,0,0,eaglei
18139,"Wind and thunderstorms, May 2019",wind,tornado:136052,2019-05-28,39113,102,0.1534,0.5965,0.2692,0.04651,0,0,eaglei
18141,"Ice storm, February 2023",ice,ice_storm:176942,2023-02-22,26059,141,0.5778,0.9456,0.7075,0.04716,0,0,eaglei
18143,"Wind and thunderstorms, May 2019",wind,tornado:136052,2019-05-28,39113,174,0.1534,0.5965,0.2692,0.04651,0,0,eaglei
18145,"Wind and thunderstorms, May 2019",wind,tornado:136052,2019-05-28,39113,131,0.1534,0.5965,0.2692,0.04651,0,0,eaglei
18147,"Ice storm, January 2025",ice,ice_storm:198089,2025-01-05,29157,247,0.6187,0.5729,0.1561,0.02129,0,0,eaglei
18149,"Ice storm, February 2023",ice,ice_storm:176942,2023-02-22,26059,182,0.5778,0.9456,0.7075,0.04716,0,0,eaglei
18151,"Ice storm, February 2023",ice,ice_storm:176942,2023-02-22,26059,44,0.5778,0.9456,0.7075,0.04716,0,0,eaglei
18153,"Wind and thunderstorms, June 2023",wind,tornado:180221,2023-06-29,17167,207,0.3515,0.5606,0.2404,0.09552,0,0,eaglei
18155,"Winter storm, February 2021",winter,winter_storm:156290,2021-02-15,39087,219,0.4642,0.8076,0.4985,0.1032,0,0,eaglei
18157,"Wind and thunderstorms, June 2023",wind,tornado:180221,2023-06-29,17167,246,0.3515,0.5606,0.2404,0.09552,0,0,eaglei
18159,"Ice storm, February 2023",ice,ice_storm:176942,2023-02-22,26059,216,0.5778,0.9456,0.7075,0.04716,0,0,eaglei
18161,"Winter storm, February 2021",winter,winter_storm:156290,2021-02-15,39087,237,0.4642,0.8076,0.4985,0.1032,0,0,eaglei
18163,"Wind and thunderstorms, May 2025",wind,tornado:202193,2025-05-16,29510,242,0.2837,0.792,0.4604,0.07594,0,0,eaglei
18165,"Wind and thunderstorms, June 2023",wind,tornado:180221,2023-06-29,17167,188,0.3515,0.5606,0.2404,0.09552,0,0,eaglei
18167,"Wind and thunderstorms, June 2023",wind,tornado:180221,2023-06-29,17167,198,0.3515,0.5606,0.2404,0.09552,0,0,eaglei
18169,"Ice storm, February 2023",ice,ice_storm:176942,2023-02-22,26059,154,0.5778,0.9456,0.7075,0.04716,0,0,eaglei
18171,"Wind and thunderstorms, June 2023",wind,tornado:180221,2023-06-29,17167,206,0.3515,0.5606,0.2404,0.09552,0,0,eaglei
18173,"Ice storm, January 2025",ice,ice_storm:198089,2025-01-05,29157,226,0.6187,0.5729,0.1561,0.02129,0,0,eaglei
18175,"Wind and thunderstorms, May 2019",wind,tornado:136052,2019-05-28,39113,202,0.1534,0.5965,0.2692,0.04651,0,0,eaglei
18177,"Ice storm, February 2023",ice,ice_storm:176942,2023-02-22,26059,232,0.5778,0.9456,0.7075,0.04716,0,0,eaglei
18179,"Ice storm, February 2023",ice,ice_storm:176942,2023-02-22,26059,141,0.5778,0.9456,0.7075,0.04716,0,0,eaglei
18181,"Ice storm, February 2023",ice,ice_storm:176942,2023-02-22,26059,227,0.5778,0.9456,0.7075,0.04716,0,0,eaglei
18183,"Ice storm, February 2023",ice,ice_storm:176942,2023-02-22,26059,114,0.5778,0.9456,0.7075,0.04716,0,0,eaglei
19001,August 2020 Midwest derecho,wind,tstm_wind:150384,2020-08-10,19099,125,0.9602,0.874,0.7634,0.3078,0,0,eaglei
19003,August 2020 Midwest derecho,wind,tstm_wind:150384,2020-08-10,19099,156,0.9602,0.874,0.7634,0.3078,0,0,eaglei
19005,August 2020 Midwest derecho,wind,tornado:151777,2020-08-10,19113,134,0.9255,0.9692,0.7774,0.3695,0.01459,0,eaglei
19007,August 2020 Midwest derecho,wind,tornado:151777,2020-08-10,19113,183,0.9255,0.9692,0.7774,0.3695,0.01459,0,eaglei
19009,August 2020 Midwest derecho,wind,tstm_wind:150384,2020-08-10,19099,154,0.9602,0.874,0.7634,0.3078,0,0,eaglei
19011,August 2020 Midwest derecho,wind,tornado:151777,2020-08-10,19113,38,0.9255,0.9692,0.7774,0.3695,0.01459,0,eaglei
19013,August 2020 Midwest derecho,wind,tornado:151777,2020-08-10,19113,73,0.9255,0.9692,0.7774,0.3695,0.01459,0,eaglei
19015,August 2020 Midwest derecho,wind,tornado:151777,2020-08-10,19113,193,0.9255,0.9692,0.7774,0.3695,0.01459,0,eaglei
19017,August 2020 Midwest derecho,wind,tornado:151777,2020-08-10,19113,98,0.9255,0.9692,0.7774,0.3695,0.01459,0,eaglei
19019,August 2020 Midwest derecho,wind,tornado:151777,2020-08-10,19113,48,0.9255,0.9692,0.7774,0.3695,0.01459,0,eaglei
19021,August 2020 Midwest derecho,wind,tstm_wind:150384,2020-08-10,19099,208,0.9602,0.874,0.7634,0.3078,0,0,eaglei
19023,August 2020 Midwest derecho,wind,tornado:151777,2020-08-10,19113,121,0.9255,0.9692,0.7774,0.3695,0.01459,0,eaglei
19025,August 2020 Midwest derecho,wind,tstm_wind:150384,2020-08-10,19099,153,0.9602,0.874,0.7634,0.3078,0,0,eaglei
19027,August 2020 Midwest derecho,wind,tstm_wind:150384,2020-08-10,19099,155,0.9602,0.874,0.7634,0.3078,0,0,eaglei
19029,August 2020 Midwest derecho,wind,tstm_wind:150384,2020-08-10,19099,161,0.9602,0.874,0.7634,0.3078,0,0,eaglei
19031,August 2020 Midwest derecho,wind,tornado:151777,2020-08-10,19113,51,0.9255,0.9692,0.7774,0.3695,0.01459,0,eaglei
19033,August 2020 Midwest derecho,wind,tornado:151777,2020-08-10,19113,175,0.9255,0.9692,0.7774,0.3695,0.01459,0,eaglei
19035,August 2020 Midwest derecho,wind,tstm_wind:150384,2020-08-10,19099,243,0.9602,0.874,0.7634,0.3078,0,0,eaglei
19037,August 2020 Midwest derecho,wind,tornado:151777,2020-08-10,19113,124,0.9255,0.9692,0.7774,0.3695,0.01459,0,eaglei
19039,August 2020 Midwest derecho,wind,tornado:151777,2020-08-10,19113,216,0.9255,0.9692,0.7774,0.3695,0.01459,0,eaglei
19041,August 2020 Midwest derecho,wind,tstm_wind:150384,2020-08-10,19099,232,0.9602,0.874,0.7634,0.3078,0,0,eaglei
19043,August 2020 Midwest derecho,wind,tornado:151777,2020-08-10,19113,88,0.9255,0.9692,0.7774,0.3695,0.01459,0,eaglei
19045,August 2020 Midwest derecho,wind,tornado:151777,2020-08-10,19113,90,0.9255,0.9692,0.7774,0.3695,0.01459,0,eaglei
19047,August 2020 Midwest derecho,wind,tstm_wind:150384,2020-08-10,19099,197,0.9602,0.874,0.7634,0.3078,0,0,eaglei
19049,August 2020 Midwest derecho,wind,tornado:151777,2020-08-10,19113,207,0.9255,0.9692,0.7774,0.3695,0.01459,0,eaglei
19051,August 2020 Midwest derecho,wind,tornado:151777,2020-08-10,19113,163,0.9255,0.9692,0.7774,0.3695,0.01459,0,eaglei
19053,August 2020 Midwest derecho,wind,tornado:151777,2020-08-10,19113,236,0.9255,0.9692,0.7774,0.3695,0.01459,0,eaglei
19055,August 2020 Midwest derecho,wind,tornado:151777,2020-08-10,19113,48,0.9255,0.9692,0.7774,0.3695,0.01459,0,eaglei
19057,August 2020 Midwest derecho,wind,tornado:151777,2020-08-10,19113,134,0.9255,0.9692,0.7774,0.3695,0.01459,0,eaglei
19059,August 2020 Midwest derecho,wind,tornado:150384,2020-08-10,19127,235,1,0.9924,0.6853,0.2874,0,0,eaglei
19061,August 2020 Midwest derecho,wind,tornado:151777,2020-08-10,19113,73,0.9255,0.9692,0.7774,0.3695,0.01459,0,eaglei
19063,August 2020 Midwest derecho,wind,tstm_wind:150384,2020-08-10,19099,230,0.9602,0.874,0.7634,0.3078,0,0,eaglei
19065,August 2020 Midwest derecho,wind,tornado:151777,2020-08-10,19113,90,0.9255,0.9692,0.7774,0.3695,0.01459,0,eaglei
19067,August 2020 Midwest derecho,wind,tornado:151777,2020-08-10,19113,146,0.9255,0.9692,0.7774,0.3695,0.01459,0,eaglei
19069,August 2020 Midwest derecho,wind,tornado:151777,2020-08-10,19113,156,0.9255,0.9692,0.7774,0.3695,0.01459,0,eaglei
19071,August 2020 Midwest derecho,wind,tstm_wind:150384,2020-08-10,19099,237,0.9602,0.874,0.7634,0.3078,0,0,eaglei
19073,August 2020 Midwest derecho,wind,tornado:151777,2020-08-10,19113,230,0.9255,0.9692,0.7774,0.3695,0.01459,0,eaglei
19075,August 2020 Midwest derecho,wind,tornado:151777,2020-08-10,19113,105,0.9255,0.9692,0.7774,0.3695,0.01459,0,eaglei
19077,August 2020 Midwest derecho,wind,tornado:151777,2020-08-10,19113,244,0.9255,0.9692,0.7774,0.3695,0.01459,0,eaglei
19079,August 2020 Midwest derecho,wind,tornado:151777,2020-08-10,19113,177,0.9255,0.9692,0.7774,0.3695,0.01459,0,eaglei
19081,August 2020 Midwest derecho,wind,tornado:151777,2020-08-10,19113,208,0.9255,0.9692,0.7774,0.3695,0.01459,0,eaglei
19083,August 2020 Midwest derecho,wind,tornado:151777,2020-08-10,19113,140,0.9255,0.9692,0.7774,0.3695,0.01459,0,eaglei
19085,August 2020 Midwest derecho,wind,tstm_wind:150384,2020-08-10,19099,230,0.9602,0.874,0.7634,0.3078,0,0,eaglei
19087,August 2020 Midwest derecho,wind,tornado:151777,2020-08-10,19113,122,0.9255,0.9692,0.7774,0.3695,0.01459,0,eaglei
19089,August 2020 Midwest derecho,wind,tornado:151777,2020-08-10,19113,155,0.9255,0.9692,0.7774,0.3695,0.01459,0,eaglei
19091,August 2020 Midwest derecho,wind,tornado:151777,2020-08-10,19113,228,0.9255,0.9692,0.7774,0.3695,0.01459,0,eaglei
19093,August 2020 Midwest derecho,wind,tstm_wind:150384,2020-08-10,19099,217,0.9602,0.874,0.7634,0.3078,0,0,eaglei
19095,August 2020 Midwest derecho,wind,tornado:151777,2020-08-10,19113,58,0.9255,0.9692,0.7774,0.3695,0.01459,0,eaglei
19097,August 2020 Midwest derecho,wind,tornado:151777,2020-08-10,19113,85,0.9255,0.9692,0.7774,0.3695,0.01459,0,eaglei
19099,August 2020 Midwest derecho,wind,tornado:151777,2020-08-10,19113,128,0.9255,0.9692,0.7774,0.3695,0.01459,0,eaglei
19101,August 2020 Midwest derecho,wind,tornado:151777,2020-08-10,19113,123,0.9255,0.9692,0.7774,0.3695,0.01459,0,eaglei
19103,August 2020 Midwest derecho,wind,tornado:151777,2020-08-10,19113,45,0.9255,0.9692,0.7774,0.3695,0.01459,0,eaglei
19105,August 2020 Midwest derecho,wind,tornado:151777,2020-08-10,19113,40,0.9255,0.9692,0.7774,0.3695,0.01459,0,eaglei
19107,August 2020 Midwest derecho,wind,tornado:151777,2020-08-10,19113,96,0.9255,0.9692,0.7774,0.3695,0.01459,0,eaglei
19109,August 2020 Midwest derecho,wind,tornado:151777,2020-08-10,19113,248,0.9255,0.9692,0.7774,0.3695,0.01459,0,eaglei
19111,August 2020 Midwest derecho,wind,tornado:151777,2020-08-10,19113,159,0.9255,0.9692,0.7774,0.3695,0.01459,0,eaglei
19113,August 2020 Midwest derecho,wind,tornado:151777,2020-08-10,19113,0,0.9255,0.9692,0.7774,0.3695,0.01459,0,eaglei
19115,August 2020 Midwest derecho,wind,tornado:151777,2020-08-10,19113,100,0.9255,0.9692,0.7774,0.3695,0.01459,0,eaglei
19117,August 2020 Midwest derecho,wind,tornado:151777,2020-08-10,19113,185,0.9255,0.9692,0.7774,0.3695,0.01459,0,eaglei
19119,August 2020 Midwest derecho,wind,tstm_wind:150384,2020-08-10,19015,238,0.896,0.831,0.2977,0.06529,0,0,eaglei
19121,August 2020 Midwest derecho,wind,tornado:151777,2020-08-10,19113,217,0.9255,0.9692,0.7774,0.3695,0.01459,0,eaglei
19123,August 2020 Midwest derecho,wind,tornado:151777,2020-08-10,19113,120,0.9255,0.9692,0.7774,0.3695,0.01459,0,eaglei
19125,August 2020 Midwest derecho,wind,tornado:151777,2020-08-10,19113,149,0.9255,0.9692,0.7774,0.3695,0.01459,0,eaglei
19127,August 2020 Midwest derecho,wind,tornado:151777,2020-08-10,19113,114,0.9255,0.9692,0.7774,0.3695,0.01459,0,eaglei
19129,August 2020 Midwest derecho,wind,tstm_wind:150384,2020-08-10,19099,226,0.9602,0.874,0.7634,0.3078,0,0,eaglei
19131,August 2020 Midwest derecho,wind,tornado:151777,2020-08-10,19113,171,0.9255,0.9692,0.7774,0.3695,0.01459,0,eaglei
19133,August 2020 Midwest derecho,wind,tstm_wind:150384,2020-08-10,19099,244,0.9602,0.874,0.7634,0.3078,0,0,eaglei
19135,August 2020 Midwest derecho,wind,tornado:151777,2020-08-10,19113,158,0.9255,0.9692,0.7774,0.3695,0.01459,0,eaglei
19137,August 2020 Midwest derecho,wind,tstm_wind:150384,2020-08-10,19099,190,0.9602,0.874,0.7634,0.3078,0,0,eaglei
19139,August 2020 Midwest derecho,wind,tornado:151777,2020-08-10,19113,77,0.9255,0.9692,0.7774,0.3695,0.01459,0,eaglei
19141,August 2020 Midwest derecho,wind,tornado:150384,2020-08-10,19127,246,1,0.9924,0.6853,0.2874,0,0,eaglei
19143,August 2020 Midwest derecho,wind,tstm_wind:150384,2020-08-10,19015,203,0.896,0.831,0.2977,0.06529,0,0,eaglei
19145,August 2020 Midwest derecho,wind,tstm_wind:150384,2020-08-10,19099,204,0.9602,0.874,0.7634,0.3078,0,0,eaglei
19147,August 2020 Midwest derecho,wind,tstm_wind:150384,2020-08-10,19099,204,0.9602,0.874,0.7634,0.3078,0,0,eaglei
19149,August 2020 Midwest derecho,wind,tstm_wind:150384,2020-08-10,19015,203,0.896,0.831,0.2977,0.06529,0,0,eaglei
19151,August 2020 Midwest derecho,wind,tstm_wind:150384,2020-08-10,19099,177,0.9602,0.874,0.7634,0.3078,0,0,eaglei
19153,August 2020 Midwest derecho,wind,tornado:151777,2020-08-10,19113,169,0.9255,0.9692,0.7774,0.3695,0.01459,0,eaglei
19155,August 2020 Midwest derecho,wind,tstm_wind:150384,2020-08-10,19099,211,0.9602,0.874,0.7634,0.3078,0,0,eaglei
19157,August 2020 Midwest derecho,wind,tornado:151777,2020-08-10,19113,88,0.9255,0.9692,0.7774,0.3695,0.01459,0,eaglei
19159,August 2020 Midwest derecho,wind,tstm_wind:150384,2020-08-10,19099,145,0.9602,0.874,0.7634,0.3078,0,0,eaglei
19161,August 2020 Midwest derecho,wind,tstm_wind:150384,2020-08-10,19099,187,0.9602,0.874,0.7634,0.3078,0,0,eaglei
19163,August 2020 Midwest derecho,wind,tornado:151777,2020-08-10,19113,94,0.9255,0.9692,0.7774,0.3695,0.01459,0,eaglei
19165,August 2020 Midwest derecho,wind,tstm_wind:150384,2020-08-10,19099,187,0.9602,0.874,0.7634,0.3078,0,0,eaglei
19167,August 2020 Midwest derecho,wind,tstm_wind:150384,2020-08-10,19015,217,0.896,0.831,0.2977,0.06529,0,0,eaglei
19169,August 2020 Midwest derecho,wind,tornado:151777,2020-08-10,19113,154,0.9255,0.9692,0.7774,0.3695,0.01459,0,eaglei
19171,August 2020 Midwest derecho,wind,tornado:151777,2020-08-10,19113,77,0.9255,0.9692,0.7774,0.3695,0.01459,0,eaglei
19173,August 2020 Midwest derecho,wind,tstm_wind:150384,2020-08-10,19099,173,0.9602,0.874,0.7634,0.3078,0,0,eaglei
19175,August 2020 Midwest derecho,wind,tornado:151777,2020-08-10,19113,249,0.9255,0.9692,0.7774,0.3695,0.01459,0,eaglei
19177,August 2020 Midwest derecho,wind,tornado:151777,2020-08-10,19113,150,0.9255,0.9692,0.7774,0.3695,0.01459,0,eaglei
19179,August 2020 Midwest derecho,wind,tornado:151777,2020-08-10,19113,135,0.9255,0.9692,0.7774,0.3695,0.01459,0,eaglei
19181,August 2020 Midwest derecho,wind,tornado:151777,2020-08-10,19113,183,0.9255,0.9692,0.7774,0.3695,0.01459,0,eaglei
19183,August 2020 Midwest derecho,wind,tornado:151777,2020-08-10,19113,84,0.9255,0.9692,0.7774,0.3695,0.01459,0,eaglei
19185,August 2020 Midwest derecho,wind,tornado:151777,2020-08-10,19113,208,0.9255,0.9692,0.7774,0.3695,0.01459,0,eaglei
19187,August 2020 Midwest derecho,wind,tornado:151777,2020-08-10,19113,216,0.9255,0.9692,0.7774,0.3695,0.01459,0,eaglei
19189,August 2020 Midwest derecho,wind,tornado:151777,2020-08-10,19113,227,0.9255,0.9692,0.7774,0.3695,0.01459,0,eaglei
19191,August 2020 Midwest derecho,wind,tornado:151777,2020-08-10,19113,137,0.9255,0.9692,0.7774,0.3695,0.01459,0,eaglei
19193,August 2020 Midwest derecho,wind,tstm_wind:150384,2020-08-10,19015,179,0.896,0.831,0.2977,0.06529,0,0,eaglei
19195,August 2020 Midwest derecho,wind,tornado:151777,2020-08-10,19113,197,0.9255,0.9692,0.7774,0.3695,0.01459,0,eaglei
19197,August 2020 Midwest derecho,wind,tornado:151777,2020-08-10,19113,190,0.9255,0.9692,0.7774,0.3695,0.01459,0,eaglei
20001,"Wind and thunderstorms, June 2023",wind,tstm_wind:182299,2023-06-18,40143,204,0.5579,0.8508,0.5362,0.0202,0,0,eaglei
20003,"Wind and thunderstorms, June 2023",wind,tstm_wind:182299,2023-06-18,40143,240,0.5579,0.8508,0.5362,0.0202,0,0,eaglei
20005,"Wind and thunderstorms, July 2023",wind,tstm_wind:180756,2023-07-14,20091,84,0.2181,0.347,0.07929,0,0,0,eaglei
20007,October 2020 Oklahoma ice storm,ice,ice_storm:153454,2020-10-26,40109,218,0.5521,0.9142,0.6393,0.4624,0,0,eaglei
20009,"Winter storm, April 2017",winter,blizzard:115357,2017-04-30,20109,213,1,0.1398,0.08918,0.03525,0,0,eaglei
20011,"Wind and thunderstorms, June 2023",wind,tstm_wind:182299,2023-06-18,40143,216,0.5579,0.8508,0.5362,0.0202,0,0,eaglei
20013,"Wind and thunderstorms, July 2023",wind,tstm_wind:180756,2023-07-14,20091,123,0.2181,0.347,0.07929,0,0,0,eaglei
20015,October 2020 Oklahoma ice storm,ice,ice_storm:153454,2020-10-26,40083,214,0.5705,0.9369,0.5769,0.3618,0,0,eaglei
20017,"Wind and thunderstorms, June 2023",wind,tstm_wind:182299,2023-06-18,40143,249,0.5579,0.8508,0.5362,0.0202,0,0,eaglei
20019,October 2020 Oklahoma ice storm,ice,ice_storm:153454,2020-10-26,40109,206,0.5521,0.9142,0.6393,0.4624,0,0,eaglei
20021,"Flooding, May 2019",flood,flood:138259,2019-05-23,40101,179,0.1231,0.1517,0.04279,0.0301,0,0,eaglei
20023,"Winter storm, April 2017",winter,blizzard:115357,2017-04-30,20109,109,1,0.1398,0.08918,0.03525,0,0,eaglei
20025,October 2020 Oklahoma ice storm,ice,ice_storm:153454,2020-10-26,40017,250,0.4501,0.7597,0.4863,0.1073,0,0,eaglei
20027,"Wind and thunderstorms, December 2021",wind,tstm_wind:163841,2021-12-15,20009,168,0.3791,0.294,0.1398,0,0,0,eaglei
20029,"Wind and thunderstorms, December 2021",wind,tstm_wind:163841,2021-12-15,20009,148,0.3791,0.294,0.1398,0,0,0,eaglei
20031,"Wind and thunderstorms, June 2023",wind,tstm_wind:182299,2023-06-18,40143,236,0.5579,0.8508,0.5362,0.0202,0,0,eaglei
20033,October 2020 Oklahoma ice storm,ice,ice_storm:153454,2020-10-26,40109,245,0.5521,0.9142,0.6393,0.4624,0,0,eaglei
20035,October 2020 Oklahoma ice storm,ice,ice_storm:153454,2020-10-26,40109,194,0.5521,0.9142,0.6393,0.4624,0,0,eaglei
20037,"Flooding, May 2019",flood,flood:138259,2019-05-23,40101,215,0.1231,0.1517,0.04279,0.0301,0,0,eaglei
20039,"Winter storm, April 2017",winter,blizzard:115357,2017-04-30,20109,114,1,0.1398,0.08918,0.03525,0,0,eaglei
20041,"Wind and thunderstorms, December 2021",wind,tstm_wind:163841,2021-12-15,20009,146,0.3791,0.294,0.1398,0,0,0,eaglei
20043,"Wind and thunderstorms, July 2023",wind,tstm_wind:180756,2023-07-14,20091,104,0.2181,0.347,0.07929,0,0,0,eaglei
20045,"Wind and thunderstorms, August 2019",wind,tstm_wind:141655,2019-08-27,40115,233,0.1327,0.4674,0.2054,0,0,0,eaglei
20047,October 2020 Oklahoma ice storm,ice,ice_storm:153454,2020-10-26,40073,247,0.7134,0.4837,0.3252,0.07849,0,0,eaglei
20049,October 2020 Oklahoma ice storm,ice,ice_storm:153454,2020-10-26,40109,236,0.5521,0.9142,0.6393,0.4624,0,0,eaglei
20051,"Winter storm, April 2017",winter,blizzard:115357,2017-04-30,20109,159,1,0.1398,0.08918,0.03525,0,0,eaglei
20053,"Wind and thunderstorms, December 2021",wind,tstm_wind:163841,2021-12-15,20009,55,0.3791,0.294,0.1398,0,0,0,eaglei
20055,"Winter storm, April 2017",winter,blizzard:115357,2017-04-30,20109,103,1,0.1398,0.08918,0.03525,0,0,eaglei
20057,"Winter storm, April 2017",winter,blizzard:115357,2017-04-30,20109,176,1,0.1398,0.08918,0.03525,0,0,eaglei
20059,"Power cut, cause not recorded, June 2023",unattributed,,2023-06-18,40113,237,0.2699,0.5247,0.2729,0,0,0,eaglei
20061,"Wind and thunderstorms, December 2021",wind,tstm_wind:163841,2021-12-15,20009,183,0.3791,0.294,0.1398,0,0,0,eaglei
20063,"Winter storm, April 2017",winter,blizzard:115357,2017-04-30,20109,58,1,0.1398,0.08918,0.03525,0,0,eaglei
20065,"Winter storm, April 2017",winter,blizzard:115357,2017-04-30,20109,121,1,0.1398,0.08918,0.03525,0,0,eaglei
20067,October 2020 Oklahoma ice storm,winter,winter_storm:153567,2020-10-28,48179,242,0.8737,0.8579,0.2158,0.0401,0,0,eaglei
20069,"Winter storm, April 2017",winter,blizzard:115357,2017-04-30,20109,144,1,0.1398,0.08918,0.03525,0,0,eaglei
20071,"Winter storm, April 2017",winter,blizzard:115357,2017-04-30,20109,74,1,0.1398,0.08918,0.03525,0,0,eaglei
20073,October 2020 Oklahoma ice storm,ice,ice_storm:153454,2020-10-26,40083,244,0.5705,0.9369,0.5769,0.3618,0,0,eaglei
20075,"Winter storm, April 2017",winter,blizzard:115357,2017-04-30,20109,116,1,0.1398,0.08918,0.03525,0,0,eaglei
20077,October 2020 Oklahoma ice storm,ice,ice_storm:153454,2020-10-26,40109,191,0.5521,0.9142,0.6393,0.4624,0,0,eaglei
20079,October 2020 Oklahoma ice storm,ice,ice_storm:153454,2020-10-26,40083,237,0.5705,0.9369,0.5769,0.3618,0,0,eaglei
20081,October 2020 Oklahoma ice storm,winter,winter_storm:153567,2020-10-28,48179,239,0.8737,0.8579,0.2158,0.0401,0,0,eaglei
20083,"Winter storm, April 2017",winter,blizzard:115357,2017-04-30,20109,143,1,0.1398,0.08918,0.03525,0,0,eaglei
20085,"Wind and thunderstorms, July 2023",wind,tstm_wind:180756,2023-07-14,20091,102,0.2181,0.347,0.07929,0,0,0,eaglei
20087,"Wind and thunderstorms, July 2023",wind,tstm_wind:180756,2023-07-14,20091,62,0.2181,0.347,0.07929,0,0,0,eaglei
20089,"Wind and thunderstorms, December 2021",wind,tstm_wind:163841,2021-12-15,20009,152,0.3791,0.294,0.1398,0,0,0,eaglei
20091,"Wind and thunderstorms, August 2019",wind,tstm_wind:141655,2019-08-27,40115,228,0.1327,0.4674,0.2054,0,0,0,eaglei
20093,"Winter storm, April 2017",winter,blizzard:115357,2017-04-30,20109,103,1,0.1398,0.08918,0.03525,0,0,eaglei
20095,October 2020 Oklahoma ice storm,ice,ice_storm:153454,2020-10-26,40109,232,0.5521,0.9142,0.6393,0.4624,0,0,eaglei
20097,October 2020 Oklahoma ice storm,ice,ice_storm:153454,2020-10-26,40083,246,0.5705,0.9369,0.5769,0.3618,0,0,eaglei
20099,October 2020 Oklahoma ice storm,ice,ice_storm:153454,2020-10-26,40083,239,0.5705,0.9369,0.5769,0.3618,0,0,eaglei
20101,"Winter storm, April 2017",winter,blizzard:115357,2017-04-30,20109,77,1,0.1398,0.08918,0.03525,0,0,eaglei
20103,"Wind and thunderstorms, July 2023",wind,tstm_wind:180756,2023-07-14,20091,39,0.2181,0.347,0.07929,0,0,0,eaglei
20105,"Wind and thunderstorms, December 2021",wind,tstm_wind:163841,2021-12-15,20009,79,0.3791,0.294,0.1398,0,0,0,eaglei
20107,"Power cut, cause not recorded, June 2023",unattributed,,2023-06-18,40113,224,0.2699,0.5247,0.2729,0,0,0,eaglei
20109,"Winter storm, April 2017",winter,blizzard:115357,2017-04-30,20109,0,1,0.1398,0.08918,0.03525,0,0,eaglei
20111,"Power cut, cause not recorded, June 2023",unattributed,,2023-06-18,40113,205,0.2699,0.5247,0.2729,0,0,0,eaglei
20113,October 2020 Oklahoma ice storm,ice,ice_storm:153454,2020-10-27,40047,225,0.2378,0.7533,0.3272,0.01826,0,0,eaglei
20115,October 2020 Oklahoma ice storm,ice,ice_storm:153454,2020-10-27,40047,229,0.2378,0.7533,0.3272,0.01826,0,0,eaglei
20117,"Wind and thunderstorms, December 2021",wind,tstm_wind:163841,2021-12-15,20009,242,0.3791,0.294,0.1398,0,0,0,eaglei
20119,October 2020 Oklahoma ice storm,winter,winter_storm:153567,2020-10-28,48179,209,0.8737,0.8579,0.2158,0.0401,0,0,eaglei
20121,"Wind and thunderstorms, August 2019",wind,tstm_wind:141655,2019-08-27,40115,192,0.1327,0.4674,0.2054,0,0,0,eaglei
20123,"Wind and thunderstorms, December 2021",wind,tstm_wind:163841,2021-12-15,20009,112,0.3791,0.294,0.1398,0,0,0,eaglei
20125,October 2020 Oklahoma ice storm,ice,ice_storm:153454,2020-10-26,40109,235,0.5521,0.9142,0.6393,0.4624,0,0,eaglei
20127,"Power cut, cause not recorded, June 2023",unattributed,,2023-06-18,40113,230,0.2699,0.5247,0.2729,0,0,0,eaglei
20129,October 2020 Oklahoma ice storm,winter,winter_storm:153567,2020-10-28,48179,217,0.8737,0.8579,0.2158,0.0401,0,0,eaglei
20131,"Wind and thunderstorms, July 2023",wind,tstm_wind:180756,2023-07-14,20091,143,0.2181,0.347,0.07929,0,0,0,eaglei
20133,"Flooding, May 2019",flood,flood:138259,2019-05-23,40101,217,0.1231,0.1517,0.04279,0.0301,0,0,eaglei
20135,"Winter storm, April 2017",winter,blizzard:115357,2017-04-30,20109,119,1,0.1398,0.08918,0.03525,0,0,eaglei
20137,"Winter storm, April 2017",winter,blizzard:115357,2017-04-30,20109,145,1,0.1398,0.08918,0.03525,0,0,eaglei
20139,"Power cut, cause not recorded, June 2023",unattributed,,2023-06-18,40113,234,0.2699,0.5247,0.2729,0,0,0,eaglei
20141,"Winter storm, April 2017",winter,blizzard:115357,2017-04-30,20109,212,1,0.1398,0.08918,0.03525,0,0,eaglei
20143,"Wind and thunderstorms, December 2021",wind,tstm_wind:163841,2021-12-15,20009,121,0.3791,0.294,0.1398,0,0,0,eaglei
20145,"Winter storm, April 2017",winter,blizzard:115357,2017-04-30,20109,186,1,0.1398,0.08918,0.03525,0,0,eaglei
20147,"Winter storm, April 2017",winter,blizzard:115357,2017-04-30,20109,184,1,0.1398,0.08918,0.03525,0,0,eaglei
20149,"Wind and thunderstorms, December 2021",wind,tstm_wind:163841,2021-12-15,20009,233,0.3791,0.294,0.1398,0,0,0,eaglei
20151,October 2020 Oklahoma ice storm,ice,ice_storm:153454,2020-10-26,40083,224,0.5705,0.9369,0.5769,0.3618,0,0,eaglei
20153,"Winter storm, April 2017",winter,blizzard:115357,2017-04-30,20109,97,1,0.1398,0.08918,0.03525,0,0,eaglei
20155,October 2020 Oklahoma ice storm,ice,ice_storm:153454,2020-10-26,40083,233,0.5705,0.9369,0.5769,0.3618,0,0,eaglei
20157,"Wind and thunderstorms, December 2021",wind,tstm_wind:163841,2021-12-15,20009,178,0.3791,0.294,0.1398,0,0,0,eaglei
20159,October 2020 Oklahoma ice storm,ice,ice_storm:153454,2020-10-27,40047,222,0.2378,0.7533,0.3272,0.01826,0,0,eaglei
20161,"Wind and thunderstorms, December 2021",wind,tstm_wind:163841,2021-12-15,20009,198,0.3791,0.294,0.1398,0,0,0,eaglei
20163,"Winter storm, April 2017",winter,blizzard:115357,2017-04-30,20109,165,1,0.1398,0.08918,0.03525,0,0,eaglei
20165,"Winter storm, April 2017",winter,blizzard:115357,2017-04-30,20109,166,1,0.1398,0.08918,0.03525,0,0,eaglei
20167,"Winter storm, April 2017",winter,blizzard:115357,2017-04-30,20109,206,1,0.1398,0.08918,0.03525,0,0,eaglei
20169,"Wind and thunderstorms, December 2021",wind,tstm_wind:163841,2021-12-15,20009,103,0.3791,0.294,0.1398,0,0,0,eaglei
20171,"Winter storm, April 2017",winter,blizzard:115357,2017-04-30,20109,53,1,0.1398,0.08918,0.03525,0,0,eaglei
20173,October 2020 Oklahoma ice storm,ice,ice_storm:153454,2020-10-26,40109,236,0.5521,0.9142,0.6393,0.4624,0,0,eaglei
20175,October 2020 Oklahoma ice storm,winter,winter_storm:153567,2020-10-28,48179,198,0.8737,0.8579,0.2158,0.0401,0,0,eaglei
20177,"Wind and thunderstorms, July 2023",wind,tstm_wind:180756,2023-07-14,20091,83,0.2181,0.347,0.07929,0,0,0,eaglei
20179,"Winter storm, April 2017",winter,blizzard:115357,2017-04-30,20109,79,1,0.1398,0.08918,0.03525,0,0,eaglei
20181,"Winter storm, April 2017",winter,blizzard:115357,2017-04-30,20109,69,1,0.1398,0.08918,0.03525,0,0,eaglei
20183,"Winter storm, April 2017",winter,blizzard:115357,2017-04-30,20109,226,1,0.1398,0.08918,0.03525,0,0,eaglei
20185,October 2020 Oklahoma ice storm,ice,ice_storm:153454,2020-10-26,40073,242,0.7134,0.4837,0.3252,0.07849,0,0,eaglei
20187,"Winter storm, April 2017",winter,blizzard:115357,2017-04-30,20109,160,1,0.1398,0.08918,0.03525,0,0,eaglei
20189,October 2020 Oklahoma ice storm,winter,winter_storm:153567,2020-10-28,48179,205,0.8737,0.8579,0.2158,0.0401,0,0,eaglei
20191,October 2020 Oklahoma ice storm,ice,ice_storm:153454,2020-10-26,40109,187,0.5521,0.9142,0.6393,0.4624,0,0,eaglei
20193,"Winter storm, April 2017",winter,blizzard:115357,2017-04-30,20109,50,1,0.1398,0.08918,0.03525,0,0,eaglei
20195,"Winter storm, April 2017",winter,blizzard:115357,2017-04-30,20109,112,1,0.1398,0.08918,0.03525,0,0,eaglei
20197,"Wind and thunderstorms, December 2021",wind,tstm_wind:163841,2021-12-15,20009,229,0.3791,0.294,0.1398,0,0,0,eaglei
20199,"Winter storm, April 2017",winter,blizzard:115357,2017-04-30,20109,53,1,0.1398,0.08918,0.03525,0,0,eaglei
20201,"Wind and thunderstorms, December 2021",wind,tstm_wind:163841,2021-12-15,20009,204,0.3791,0.294,0.1398,0,0,0,eaglei
20203,"Winter storm, April 2017",winter,blizzard:115357,2017-04-30,20109,51,1,0.1398,0.08918,0.03525,0,0,eaglei
20205,October 2020 Oklahoma ice storm,ice,ice_storm:153454,2020-10-26,40083,238,0.5705,0.9369,0.5769,0.3618,0,0,eaglei
20207,"Wind and thunderstorms, June 2023",wind,tstm_wind:182299,2023-06-18,40143,197,0.5579,0.8508,0.5362,0.0202,0,0,eaglei
20209,"Wind and thunderstorms, July 2023",wind,tstm_wind:180756,2023-07-14,20091,26,0.2181,0.347,0.07929,0,0,0,eaglei
21001,"Ice storm, February 2021",ice,ice_storm:154922,2021-02-11,21063,223,0.8075,0.7557,0.6858,0.4635,0.01946,0,eaglei
21003,"Ice storm, February 2021",ice,ice_storm:155530,2021-02-15,21051,225,0.4233,0.5514,0.384,0.1119,0,0,eaglei
21005,"Ice storm, February 2021",ice,ice_storm:154922,2021-02-11,21063,166,0.8075,0.7557,0.6858,0.4635,0.01946,0,eaglei
21007,"Ice storm, February 2022",ice,ice_storm:166753,2022-02-03,47157,222,0.3258,0.8049,0.5723,0.1303,0,0,eaglei
21009,"Flooding, July 2022",flood,flood:172563,2022-07-28,21193,243,0.275,0.9666,0.6567,0.3014,0,0,eaglei
21011,"Ice storm, February 2021",ice,ice_storm:154922,2021-02-11,21063,56,0.8075,0.7557,0.6858,0.4635,0.01946,0,eaglei
21013,Hurricane Helene,hurricane,AL092024,2024-09-25,37021,162,1,0.9222,0.7782,0.6938,0.2213,0,eaglei
21015,"Ice storm, February 2021",ice,ice_storm:154922,2021-02-11,21063,171,0.8075,0.7557,0.6858,0.4635,0.01946,0,eaglei
21017,"Ice storm, February 2021",ice,ice_storm:154922,2021-02-11,21063,98,0.8075,0.7557,0.6858,0.4635,0.01946,0,eaglei
21019,"Ice storm, February 2021",ice,ice_storm:154922,2021-02-11,21063,45,0.8075,0.7557,0.6858,0.4635,0.01946,0,eaglei
21021,"Ice storm, February 2021",ice,ice_storm:154922,2021-02-11,21063,165,0.8075,0.7557,0.6858,0.4635,0.01946,0,eaglei
21023,"Ice storm, February 2021",ice,ice_storm:154922,2021-02-11,21063,109,0.8075,0.7557,0.6858,0.4635,0.01946,0,eaglei
21025,Hurricane Helene,hurricane,AL092024,2024-09-25,37021,224,1,0.9222,0.7782,0.6938,0.2213,0,eaglei
21027,"Ice storm, February 2021",ice,ice_storm:155530,2021-02-15,21051,249,0.4233,0.5514,0.384,0.1119,0,0,eaglei
21029,"Ice storm, February 2021",ice,ice_storm:154922,2021-02-11,21063,229,0.8075,0.7557,0.6858,0.4635,0.01946,0,eaglei
21031,"Ice storm, February 2021",ice,ice_storm:155530,2021-02-14,21203,210,0.6294,0.8229,0.5322,0.09003,0,0,eaglei
21033,"Wind and thunderstorms, March 2020",wind,tornado:146901,2020-03-03,47037,146,0.1383,0.7022,0.2223,0.06199,0,0,eaglei
21035,"Ice storm, February 2022",ice,ice_storm:166753,2022-02-03,47157,216,0.3258,0.8049,0.5723,0.1303,0,0,eaglei
21037,"Ice storm, February 2021",ice,ice_storm:154922,2021-02-11,21063,145,0.8075,0.7557,0.6858,0.4635,0.01946,0,eaglei
21039,"Ice storm, February 2022",ice,ice_storm:166753,2022-02-03,47157,203,0.3258,0.8049,0.5723,0.1303,0,0,eaglei
21041,"Ice storm, February 2021",ice,ice_storm:154922,2021-02-11,21063,187,0.8075,0.7557,0.6858,0.4635,0.01946,0,eaglei
21043,"Ice storm, February 2021",ice,ice_storm:154922,2021-02-11,21063,22,0.8075,0.7557,0.6858,0.4635,0.01946,0,eaglei
21045,"Ice storm, February 2021",ice,ice_storm:154922,2021-02-11,21063,184,0.8075,0.7557,0.6858,0.4635,0.01946,0,eaglei
21047,"Wind and thunderstorms, March 2020",wind,tornado:146901,2020-03-03,47037,102,0.1383,0.7022,0.2223,0.06199,0,0,eaglei
21049,"Ice storm, February 2021",ice,ice_storm:154922,2021-02-11,21063,93,0.8075,0.7557,0.6858,0.4635,0.01946,0,eaglei
21051,Hurricane Helene,hurricane,AL092024,2024-09-25,37021,203,1,0.9222,0.7782,0.6938,0.2213,0,eaglei
21053,"Ice storm, February 2021",ice,ice_storm:154922,2021-02-11,21063,237,0.8075,0.7557,0.6858,0.4635,0.01946,0,eaglei
21055,"Wind and thunderstorms, March 2020",wind,tornado:146901,2020-03-03,47037,177,0.1383,0.7022,0.2223,0.06199,0,0,eaglei
21057,"Flooding, July 2022",flood,flood:172563,2022-07-28,21193,199,0.275,0.9666,0.6567,0.3014,0,0,eaglei
21059,"Ice storm, February 2021",ice,ice_storm:155530,2021-02-14,21203,248,0.6294,0.8229,0.5322,0.09003,0,0,eaglei
21061,"Ice storm, February 2021",ice,ice_storm:155530,2021-02-15,21051,222,0.4233,0.5514,0.384,0.1119,0,0,eaglei
21063,Hurricane Helene,hurricane,AL092024,2024-09-26,37121,248,1,0.9615,0.7379,0.5523,0.2332,0.006519,eaglei
21065,Hurricane Helene,hurricane,AL092024,2024-09-27,37199,249,1,1,0.8302,0.5669,0.3629,0.1445,eaglei
21067,"Ice storm, February 2021",ice,ice_storm:154922,2021-02-11,21063,120,0.8075,0.7557,0.6858,0.4635,0.01946,0,eaglei
21069,"Ice storm, February 2021",ice,ice_storm:154922,2021-02-11,21063,60,0.8075,0.7557,0.6858,0.4635,0.01946,0,eaglei
21071,Hurricane Helene,hurricane,AL092024,2024-09-25,37021,217,1,0.9222,0.7782,0.6938,0.2213,0,eaglei
21073,"Ice storm, February 2021",ice,ice_storm:154922,2021-02-11,21063,156,0.8075,0.7557,0.6858,0.4635,0.01946,0,eaglei
21075,"Ice storm, February 2022",ice,ice_storm:166753,2022-02-03,47157,165,0.3258,0.8049,0.5723,0.1303,0,0,eaglei
21077,"Ice storm, February 2021",ice,ice_storm:154922,2021-02-11,21063,170,0.8075,0.7557,0.6858,0.4635,0.01946,0,eaglei
21079,"Ice storm, February 2021",ice,ice_storm:154922,2021-02-11,21063,138,0.8075,0.7557,0.6858,0.4635,0.01946,0,eaglei
21081,"Ice storm, February 2021",ice,ice_storm:154922,2021-02-11,21063,146,0.8075,0.7557,0.6858,0.4635,0.01946,0,eaglei
21083,"Ice storm, February 2022",ice,ice_storm:166753,2022-02-03,47157,205,0.3258,0.8049,0.5723,0.1303,0,0,eaglei
21085,"Ice storm, February 2021",ice,ice_storm:155530,2021-02-15,21051,235,0.4233,0.5514,0.384,0.1119,0,0,eaglei
21087,"Ice storm, February 2021",ice,ice_storm:154922,2021-02-11,21063,234,0.8075,0.7557,0.6858,0.4635,0.01946,0,eaglei
21089,"Ice storm, February 2021",ice,ice_storm:154922,2021-02-11,21063,52,0.8075,0.7557,0.6858,0.4635,0.01946,0,eaglei
21091,"Ice storm, February 2021",ice,ice_storm:155530,2021-02-14,21203,225,0.6294,0.8229,0.5322,0.09003,0,0,eaglei
21093,"Flooding, July 2022",flood,flood:172563,2022-07-28,21193,247,0.275,0.9666,0.6567,0.3014,0,0,eaglei
21095,Hurricane Helene,hurricane,AL092024,2024-09-25,37021,152,1,0.9222,0.7782,0.6938,0.2213,0,eaglei
21097,"Ice storm, February 2021",ice,ice_storm:154922,2021-02-11,21063,114,0.8075,0.7557,0.6858,0.4635,0.01946,0,eaglei
21099,"Flooding, July 2022",flood,flood:172563,2022-07-28,21193,236,0.275,0.9666,0.6567,0.3014,0,0,eaglei
21101,"Wind and thunderstorms, March 2020",wind,tornado:146901,2020-03-03,47037,194,0.1383,0.7022,0.2223,0.06199,0,0,eaglei
21103,"Ice storm, February 2021",ice,ice_storm:154922,2021-02-11,21063,180,0.8075,0.7557,0.6858,0.4635,0.01946,0,eaglei
21105,"Ice storm, February 2022",ice,ice_storm:166753,2022-02-03,47157,185,0.3258,0.8049,0.5723,0.1303,0,0,eaglei
21107,"Wind and thunderstorms, March 2020",wind,tornado:146901,2020-03-03,47037,144,0.1383,0.7022,0.2223,0.06199,0,0,eaglei
21109,Hurricane Helene,hurricane,AL092024,2024-09-25,37021,240,1,0.9222,0.7782,0.6938,0.2213,0,eaglei
21111,"Ice storm, February 2021",ice,ice_storm:154922,2021-02-11,21063,224,0.8075,0.7557,0.6858,0.4635,0.01946,0,eaglei
21113,"Ice storm, February 2021",ice,ice_storm:154922,2021-02-11,21063,133,0.8075,0.7557,0.6858,0.4635,0.01946,0,eaglei
21115,Hurricane Helene,hurricane,AL092024,2024-09-27,37199,223,1,1,0.8302,0.5669,0.3629,0.1445,eaglei
21117,"Ice storm, February 2021",ice,ice_storm:154922,2021-02-11,21063,154,0.8075,0.7557,0.6858,0.4635,0.01946,0,eaglei
21119,Hurricane Helene,hurricane,AL092024,2024-09-25,37021,198,1,0.9222,0.7782,0.6938,0.2213,0,eaglei
21121,Hurricane Helene,hurricane,AL092024,2024-09-25,37021,185,1,0.9222,0.7782,0.6938,0.2213,0,eaglei
21123,"Ice storm, February 2021",ice,ice_storm:154922,2021-02-11,21063,237,0.8075,0.7557,0.6858,0.4635,0.01946,0,eaglei
21125,Hurricane Helene,hurricane,AL092024,2024-09-25,37021,220,1,0.9222,0.7782,0.6938,0.2213,0,eaglei
21127,Hurricane Helene,hurricane,AL092024,2024-09-27,37199,246,1,1,0.8302,0.5669,0.3629,0.1445,eaglei
21129,Hurricane Helene,hurricane,AL092024,2024-09-25,37021,246,1,0.9222,0.7782,0.6938,0.2213,0,eaglei
21131,Hurricane Helene,hurricane,AL092024,2024-09-25,37021,181,1,0.9222,0.7782,0.6938,0.2213,0,eaglei
21133,Hurricane Helene,hurricane,AL092024,2024-09-25,37021,170,1,0.9222,0.7782,0.6938,0.2213,0,eaglei
21135,"Ice storm, February 2021",ice,ice_storm:154922,2021-02-11,21063,52,0.8075,0.7557,0.6858,0.4635,0.01946,0,eaglei
21137,"Ice storm, February 2021",ice,ice_storm:154922,2021-02-11,21063,156,0.8075,0.7557,0.6858,0.4635,0.01946,0,eaglei
21139,"Wind and thunderstorms, March 2020",wind,tornado:146901,2020-03-03,47037,182,0.1383,0.7022,0.2223,0.06199,0,0,eaglei
21141,"Ice storm, February 2021",ice,ice_storm:155530,2021-02-14,21203,234,0.6294,0.8229,0.5322,0.09003,0,0,eaglei
21143,"Wind and thunderstorms, March 2020",wind,tornado:146901,2020-03-03,47037,150,0.1383,0.7022,0.2223,0.06199,0,0,eaglei
21145,"Ice storm, February 2022",ice,ice_storm:166753,2022-02-03,47157,233,0.3258,0.8049,0.5723,0.1303,0,0,eaglei
21147,Hurricane Helene,hurricane,AL092024,2024-09-25,37021,216,1,0.9222,0.7782,0.6938,0.2213,0,eaglei
21149,"Wind and thunderstorms, March 2020",wind,tornado:146901,2020-03-03,47037,157,0.1383,0.7022,0.2223,0.06199,0,0,eaglei
21151,"Ice storm, February 2021",ice,ice_storm:154922,2021-02-11,21063,112,0.8075,0.7557,0.6858,0.4635,0.01946,0,eaglei
21153,Hurricane Helene,hurricane,AL092024,2024-09-25,37021,237,1,0.9222,0.7782,0.6938,0.2213,0,eaglei
21155,"Ice storm, February 2021",ice,ice_storm:154922,2021-02-11,21063,201,0.8075,0.7557,0.6858,0.4635,0.01946,0,eaglei
21157,"Ice storm, February 2022",ice,ice_storm:166753,2022-02-03,47157,235,0.3258,0.8049,0.5723,0.1303,0,0,eaglei
21159,Hurricane Helene,hurricane,AL092024,2024-09-25,37021,243,1,0.9222,0.7782,0.6938,0.2213,0,eaglei
21161,"Ice storm, February 2021",ice,ice_storm:154922,2021-02-11,21063,83,0.8075,0.7557,0.6858,0.4635,0.01946,0,eaglei
21163,"Ice storm, February 2021",ice,ice_storm:155530,2021-02-15,21051,237,0.4233,0.5514,0.384,0.1119,0,0,eaglei
21165,Hurricane Helene,hurricane,AL092024,2024-09-26,37121,248,1,0.9615,0.7379,0.5523,0.2332,0.006519,eaglei
21167,"Ice storm, February 2021",ice,ice_storm:154922,2021-02-11,21063,160,0.8075,0.7557,0.6858,0.4635,0.01946,0,eaglei
21169,"Flooding, July 2022",flood,flood:172563,2022-07-28,21193,216,0.275,0.9666,0.6567,0.3014,0,0,eaglei
21171,"Flooding, July 2022",flood,flood:172563,2022-07-28,21193,229,0.275,0.9666,0.6567,0.3014,0,0,eaglei
21173,"Ice storm, February 2021",ice,ice_storm:154922,2021-02-11,21063,72,0.8075,0.7557,0.6858,0.4635,0.01946,0,eaglei
21175,Hurricane Helene,hurricane,AL092024,2024-09-27,37199,242,1,1,0.8302,0.5669,0.3629,0.1445,eaglei
21177,"Ice storm, February 2021",ice,ice_storm:155530,2021-02-14,21203,250,0.6294,0.8229,0.5322,0.09003,0,0,eaglei
21179,"Ice storm, February 2021",ice,ice_storm:154922,2021-02-11,21063,211,0.8075,0.7557,0.6858,0.4635,0.01946,0,eaglei
21181,"Ice storm, February 2021",ice,ice_storm:154922,2021-02-11,21063,85,0.8075,0.7557,0.6858,0.4635,0.01946,0,eaglei
21183,"Ice storm, February 2021",ice,ice_storm:155530,2021-02-14,21203,224,0.6294,0.8229,0.5322,0.09003,0,0,eaglei
21185,"Ice storm, February 2021",ice,ice_storm:154922,2021-02-11,21063,208,0.8075,0.7557,0.6858,0.4635,0.01946,0,eaglei
21187,"Ice storm, February 2021",ice,ice_storm:154922,2021-02-11,21063,158,0.8075,0.7557,0.6858,0.4635,0.01946,0,eaglei
21189,Hurricane Helene,hurricane,AL092024,2024-09-25,37021,227,1,0.9222,0.7782,0.6938,0.2213,0,eaglei
21191,"Ice storm, February 2021",ice,ice_storm:154922,2021-02-11,21063,127,0.8075,0.7557,0.6858,0.4635,0.01946,0,eaglei
21193,Hurricane Helene,hurricane,AL092024,2024-09-25,37021,192,1,0.9222,0.7782,0.6938,0.2213,0,eaglei
21195,Hurricane Helene,hurricane,AL092024,2024-09-25,37021,209,1,0.9222,0.7782,0.6938,0.2213,0,eaglei
21197,Hurricane Helene,hurricane,AL092024,2024-09-26,37121,249,1,0.9615,0.7379,0.5523,0.2332,0.006519,eaglei
21199,Hurricane Helene,hurricane,AL092024,2024-09-25,37021,248,1,0.9222,0.7782,0.6938,0.2213,0,eaglei
21201,"Ice storm, February 2021",ice,ice_storm:154922,2021-02-11,21063,95,0.8075,0.7557,0.6858,0.4635,0.01946,0,eaglei
21203,Hurricane Helene,hurricane,AL092024,2024-09-27,37199,243,1,1,0.8302,0.5669,0.3629,0.1445,eaglei
21205,"Ice storm, February 2021",ice,ice_storm:154922,2021-02-11,21063,31,0.8075,0.7557,0.6858,0.4635,0.01946,0,eaglei
21207,"Ice storm, February 2021",ice,ice_storm:154922,2021-02-11,21063,213,0.8075,0.7557,0.6858,0.4635,0.01946,0,eaglei
21209,"Ice storm, February 2021",ice,ice_storm:154922,2021-02-11,21063,131,0.8075,0.7557,0.6858,0.4635,0.01946,0,eaglei
21211,"Ice storm, February 2021",ice,ice_storm:154922,2021-02-11,21063,187,0.8075,0.7557,0.6858,0.4635,0.01946,0,eaglei
21213,"Ice storm, February 2021",ice,ice_storm:155530,2021-02-14,21203,213,0.6294,0.8229,0.5322,0.09003,0,0,eaglei
21215,"Ice storm, February 2021",ice,ice_storm:154922,2021-02-11,21063,195,0.8075,0.7557,0.6858,0.4635,0.01946,0,eaglei
21217,"Ice storm, February 2021",ice,ice_storm:154922,2021-02-11,21063,213,0.8075,0.7557,0.6858,0.4635,0.01946,0,eaglei
21219,"Wind and thunderstorms, March 2020",wind,tornado:146901,2020-03-03,47037,83,0.1383,0.7022,0.2223,0.06199,0,0,eaglei
21221,"Wind and thunderstorms, March 2020",wind,tornado:146901,2020-03-03,47037,119,0.1383,0.7022,0.2223,0.06199,0,0,eaglei
21223,"Ice storm, February 2021",ice,ice_storm:154922,2021-02-11,21063,204,0.8075,0.7557,0.6858,0.4635,0.01946,0,eaglei
21225,"Wind and thunderstorms, March 2020",wind,tornado:146901,2020-03-03,47037,195,0.1383,0.7022,0.2223,0.06199,0,0,eaglei
21227,"Ice storm, February 2021",ice,ice_storm:155530,2021-02-15,21051,241,0.4233,0.5514,0.384,0.1119,0,0,eaglei
21229,"Ice storm, February 2021",ice,ice_storm:154922,2021-02-11,21063,187,0.8075,0.7557,0.6858,0.4635,0.01946,0,eaglei
21231,Hurricane Helene,hurricane,AL092024,2024-09-25,37021,245,1,0.9222,0.7782,0.6938,0.2213,0,eaglei
21233,"Wind and thunderstorms, March 2020",wind,tornado:146901,2020-03-03,47037,170,0.1383,0.7022,0.2223,0.06199,0,0,eaglei
21235,Hurricane Helene,hurricane,AL092024,2024-09-25,37021,193,1,0.9222,0.7782,0.6938,0.2213,0,eaglei
21237,Hurricane Helene,hurricane,AL092024,2024-09-27,37199,232,1,1,0.8302,0.5669,0.3629,0.1445,eaglei
21239,"Ice storm, February 2021",ice,ice_storm:154922,2021-02-11,21063,145,0.8075,0.7557,0.6858,0.4635,0.01946,0,eaglei
22001,Hurricane Ida,hurricane,AL092021,2021-08-29,22057,214,1,1,1,0.9781,0.4197,0.01295,eaglei
22003,Hurricane Laura,hurricane,AL132020,2020-08-27,22011,50,0.7252,0.9999,0.9999,0.8593,0.6668,0.01544,eaglei
22005,Hurricane Ida,hurricane,AL092021,2021-08-29,22057,94,1,1,1,0.9781,0.4197,0.01295,eaglei
22007,Hurricane Ida,hurricane,AL092021,2021-08-29,22057,79,1,1,1,0.9781,0.4197,0.01295,eaglei
22009,Hurricane Ida,hurricane,AL092021,2021-08-29,22057,234,1,1,1,0.9781,0.4197,0.01295,eaglei
22011,Hurricane Laura,hurricane,AL132020,2020-08-27,22011,0,0.7252,0.9999,0.9999,0.8593,0.6668,0.01544,eaglei
22013,Hurricane Laura,hurricane,AL132020,2020-08-27,22011,191,0.7252,0.9999,0.9999,0.8593,0.6668,0.01544,eaglei
22015,Hurricane Laura,hurricane,AL132020,2020-08-27,22011,230,0.7252,0.9999,0.9999,0.8593,0.6668,0.01544,eaglei
22017,Hurricane Laura,hurricane,AL132020,2020-08-27,22011,221,0.7252,0.9999,0.9999,0.8593,0.6668,0.01544,eaglei
22019,Hurricane Laura,hurricane,AL132020,2020-08-27,22011,46,0.7252,0.9999,0.9999,0.8593,0.6668,0.01544,eaglei
22021,Hurricane Laura,hurricane,AL132020,2020-08-27,22011,199,0.7252,0.9999,0.9999,0.8593,0.6668,0.01544,eaglei
22023,Hurricane Laura,hurricane,AL132020,2020-08-27,22011,88,0.7252,0.9999,0.9999,0.8593,0.6668,0.01544,eaglei
22025,Hurricane Laura,hurricane,AL132020,2020-08-27,22011,182,0.7252,0.9999,0.9999,0.8593,0.6668,0.01544,eaglei
22027,Hurricane Laura,hurricane,AL132020,2020-08-27,22011,245,0.7252,0.9999,0.9999,0.8593,0.6668,0.01544,eaglei
22029,Hurricane Ida,hurricane,AL092021,2021-08-29,22057,250,1,1,1,0.9781,0.4197,0.01295,eaglei
22031,Hurricane Laura,hurricane,AL132020,2020-08-27,22011,162,0.7252,0.9999,0.9999,0.8593,0.6668,0.01544,eaglei
22033,Hurricane Ida,hurricane,AL092021,2021-08-29,22057,135,1,1,1,0.9781,0.4197,0.01295,eaglei
22035,Hurricane Ida,hurricane,AL092021,2021-08-29,22091,218,1,0.9372,0.8645,0.832,0.5622,0,eaglei
22037,Hurricane Ida,hurricane,AL092021,2021-08-29,22057,162,1,1,1,0.9781,0.4197,0.01295,eaglei
22039,Hurricane Ida,hurricane,AL092021,2021-08-29,22057,237,1,1,1,0.9781,0.4197,0.01295,eaglei
22041,Hurricane Laura,hurricane,AL132020,2020-08-27,22011,229,0.7252,0.9999,0.9999,0.8593,0.6668,0.01544,eaglei
22043,Hurricane Laura,hurricane,AL132020,2020-08-27,22011,129,0.7252,0.9999,0.9999,0.8593,0.6668,0.01544,eaglei
22045,Hurricane Ida,hurricane,AL092021,2021-08-29,22057,141,1,1,1,0.9781,0.4197,0.01295,eaglei
22047,Hurricane Ida,hurricane,AL092021,2021-08-29,22057,128,1,1,1,0.9781,0.4197,0.01295,eaglei
22049,Hurricane Laura,hurricane,AL132020,2020-08-27,22011,199,0.7252,0.9999,0.9999,0.8593,0.6668,0.01544,eaglei
22051,Hurricane Ida,hurricane,AL092021,2021-08-29,22057,35,1,1,1,0.9781,0.4197,0.01295,eaglei
22053,Hurricane Ida,hurricane,AL092021,2021-08-29,22057,249,1,1,1,0.9781,0.4197,0.01295,eaglei
22055,Hurricane Ida,hurricane,AL092021,2021-08-29,22057,180,1,1,1,0.9781,0.4197,0.01295,eaglei
22057,Hurricane Ida,hurricane,AL092021,2021-08-29,22057,0,1,1,1,0.9781,0.4197,0.01295,eaglei
22059,Hurricane Laura,hurricane,AL132020,2020-08-27,22011,161,0.7252,0.9999,0.9999,0.8593,0.6668,0.01544,eaglei
22061,Hurricane Laura,hurricane,AL132020,2020-08-27,22011,227,0.7252,0.9999,0.9999,0.8593,0.6668,0.01544,eaglei
22063,Hurricane Ida,hurricane,AL092021,2021-08-29,22057,110,1,1,1,0.9781,0.4197,0.01295,eaglei
22065,Hurricane Ida,hurricane,AL092021,2021-08-29,22091,177,1,0.9372,0.8645,0.832,0.5622,0,eaglei
22067,Hurricane Ida,hurricane,AL092021,2021-08-29,22091,245,1,0.9372,0.8645,0.832,0.5622,0,eaglei
22069,Hurricane Laura,hurricane,AL132020,2020-08-27,22011,123,0.7252,0.9999,0.9999,0.8593,0.6668,0.01544,eaglei
22071,Hurricane Ida,hurricane,AL092021,2021-08-29,22057,77,1,1,1,0.9781,0.4197,0.01295,eaglei
22073,Hurricane Laura,hurricane,AL132020,2020-08-27,22011,233,0.7252,0.9999,0.9999,0.8593,0.6668,0.01544,eaglei
22075,Hurricane Ida,hurricane,AL092021,2021-08-29,22057,83,1,1,1,0.9781,0.4197,0.01295,eaglei
22077,Hurricane Ida,hurricane,AL092021,2021-08-29,22057,178,1,1,1,0.9781,0.4197,0.01295,eaglei
22079,Hurricane Laura,hurricane,AL132020,2020-08-27,22011,98,0.7252,0.9999,0.9999,0.8593,0.6668,0.01544,eaglei
22081,Hurricane Laura,hurricane,AL132020,2020-08-27,22011,162,0.7252,0.9999,0.9999,0.8593,0.6668,0.01544,eaglei
22083,Hurricane Laura,hurricane,AL132020,2020-08-27,22011,248,0.7252,0.9999,0.9999,0.8593,0.6668,0.01544,eaglei
22085,Hurricane Laura,hurricane,AL132020,2020-08-27,22011,104,0.7252,0.9999,0.9999,0.8593,0.6668,0.01544,eaglei
22087,Hurricane Ida,hurricane,AL092021,2021-08-29,22057,119,1,1,1,0.9781,0.4197,0.01295,eaglei
22089,Hurricane Ida,hurricane,AL092021,2021-08-29,22057,46,1,1,1,0.9781,0.4197,0.01295,eaglei
22091,Hurricane Ida,hurricane,AL092021,2021-08-29,22057,151,1,1,1,0.9781,0.4197,0.01295,eaglei
22093,Hurricane Ida,hurricane,AL092021,2021-08-29,22057,71,1,1,1,0.9781,0.4197,0.01295,eaglei
22095,Hurricane Ida,hurricane,AL092021,2021-08-29,22057,73,1,1,1,0.9781,0.4197,0.01295,eaglei
22097,Hurricane Ida,hurricane,AL092021,2021-08-29,22057,196,1,1,1,0.9781,0.4197,0.01295,eaglei
22099,Hurricane Ida,hurricane,AL092021,2021-08-29,22057,137,1,1,1,0.9781,0.4197,0.01295,eaglei
22101,Hurricane Ida,hurricane,AL092021,2021-08-29,22057,105,1,1,1,0.9781,0.4197,0.01295,eaglei
22103,Hurricane Ida,hurricane,AL092021,2021-08-29,22057,111,1,1,1,0.9781,0.4197,0.01295,eaglei
22105,Hurricane Ida,hurricane,AL092021,2021-08-29,22057,126,1,1,1,0.9781,0.4197,0.01295,eaglei
22107,Hurricane Laura,hurricane,AL132020,2020-08-27,22011,242,0.7252,0.9999,0.9999,0.8593,0.6668,0.01544,eaglei
22109,Hurricane Ida,hurricane,AL092021,2021-08-29,22057,47,1,1,1,0.9781,0.4197,0.01295,eaglei
22111,Hurricane Laura,hurricane,AL132020,2020-08-27,22043,138,0.7312,0.9676,0.8711,0.5207,0,0,eaglei
22113,Hurricane Ida,hurricane,AL092021,2021-08-29,22057,189,1,1,1,0.9781,0.4197,0.01295,eaglei
22115,Hurricane Laura,hurricane,AL132020,2020-08-27,22011,53,0.7252,0.9999,0.9999,0.8593,0.6668,0.01544,eaglei
22117,Hurricane Ida,hurricane,AL092021,2021-08-29,22057,155,1,1,1,0.9781,0.4197,0.01295,eaglei
22119,Hurricane Laura,hurricane,AL132020,2020-08-27,22011,232,0.7252,0.9999,0.9999,0.8593,0.6668,0.01544,eaglei
22121,Hurricane Ida,hurricane,AL092021,2021-08-29,22057,139,1,1,1,0.9781,0.4197,0.01295,eaglei
22123,Hurricane Ida,hurricane,AL092021,2021-08-29,22091,230,1,0.9372,0.8645,0.832,0.5622,0,eaglei
22125,Hurricane Ida,hurricane,AL092021,2021-08-29,22057,183,1,1,1,0.9781,0.4197,0.01295,eaglei
22127,Hurricane Laura,hurricane,AL132020,2020-08-27,22011,159,0.7252,0.9999,0.9999,0.8593,0.6668,0.01544,eaglei
23001,"Wind and thunderstorms, October 2017",wind,tstm_wind:120944,2017-10-30,23015,59,1,0.967,0.5265,0.1178,0,0,eaglei
23003,"Wind and thunderstorms, October 2017",wind,tstm_wind:120944,2017-10-30,23025,169,0.957,0.7548,0.3421,0,0,0,eaglei
23005,"Wind and thunderstorms, October 2017",wind,tstm_wind:120944,2017-10-30,23015,69,1,0.967,0.5265,0.1178,0,0,eaglei
23007,"Wind and thunderstorms, October 2017",wind,tstm_wind:120944,2017-10-30,23015,131,1,0.967,0.5265,0.1178,0,0,eaglei
23009,"Wind and thunderstorms, October 2017",wind,tstm_wind:120944,2017-10-30,23015,111,1,0.967,0.5265,0.1178,0,0,eaglei
23011,"Wind and thunderstorms, October 2017",wind,tstm_wind:120944,2017-10-30,23015,51,1,0.967,0.5265,0.1178,0,0,eaglei
23013,"Wind and thunderstorms, October 2017",wind,tstm_wind:120944,2017-10-30,23015,38,1,0.967,0.5265,0.1178,0,0,eaglei
23015,"Wind and thunderstorms, October 2017",wind,tstm_wind:120944,2017-10-30,23015,0,1,0.967,0.5265,0.1178,0,0,eaglei
23017,"Wind and thunderstorms, October 2017",wind,tstm_wind:120944,2017-10-30,23015,112,1,0.967,0.5265,0.1178,0,0,eaglei
23019,"Wind and thunderstorms, October 2017",wind,tstm_wind:120944,2017-10-30,23015,171,1,0.967,0.5265,0.1178,0,0,eaglei
23021,"Wind and thunderstorms, October 2017",wind,tstm_wind:120944,2017-10-30,23015,216,1,0.967,0.5265,0.1178,0,0,eaglei
23023,"Wind and thunderstorms, October 2017",wind,tstm_wind:120944,2017-10-30,23015,28,1,0.967,0.5265,0.1178,0,0,eaglei
23025,"Wind and thunderstorms, October 2017",wind,tstm_wind:120944,2017-10-30,23015,171,1,0.967,0.5265,0.1178,0,0,eaglei
23027,"Wind and thunderstorms, October 2017",wind,tstm_wind:120944,2017-10-30,23015,62,1,0.967,0.5265,0.1178,0,0,eaglei
23029,"Wind and thunderstorms, October 2017",wind,tstm_wind:120944,2017-10-30,23015,186,1,0.967,0.5265,0.1178,0,0,eaglei
23031,"Wind and thunderstorms, October 2017",wind,tstm_wind:120944,2017-10-30,23015,112,1,0.967,0.5265,0.1178,0,0,eaglei
24001,"Flooding, June 2025",flood,flash_flood:205070,2025-06-27,54051,170,0.1321,0.4904,0.4904,0.4904,0,0,eaglei
24003,"Power cut, cause not recorded, August 2022",unattributed,,2022-08-01,54071,243,1,0.9902,0.9902,0,0,0,eaglei
24005,"Winter storm, March 2018",winter,blizzard:124559,2018-03-02,42103,249,1,0.9002,0.7167,0.09552,0,0,eaglei
24009,"Power cut, cause not recorded, August 2022",unattributed,,2022-08-01,54071,245,1,0.9902,0.9902,0,0,0,eaglei
24011,"Winter storm, March 2018",winter,winter_storm:122423,2018-03-02,42089,247,0.54,0.7449,0.3459,0.02216,0,0,eaglei
24013,"Winter storm, March 2018",winter,winter_storm:122423,2018-03-02,42089,219,0.54,0.7449,0.3459,0.02216,0,0,eaglei
24015,"Winter storm, March 2018",winter,blizzard:124559,2018-03-02,42103,211,1,0.9002,0.7167,0.09552,0,0,eaglei
24017,"Power cut, cause not recorded, August 2022",unattributed,,2022-08-01,54071,203,1,0.9902,0.9902,0,0,0,eaglei
24019,"Wind and thunderstorms, June 2015",wind,tstm_wind:95391,2015-06-23,34015,164,0.5019,0.9039,0.3238,0,0,0,eaglei
24021,"Wind and thunderstorms, April 2025",wind,tstm_wind:202114,2025-04-29,42003,247,0.4062,0.6224,0.2484,0.04404,0,0,eaglei
24023,"Flooding, June 2025",flood,flash_flood:205070,2025-06-27,54051,124,0.1321,0.4904,0.4904,0.4904,0,0,eaglei
24025,"Winter storm, March 2018",winter,blizzard:124559,2018-03-02,42103,226,1,0.9002,0.7167,0.09552,0,0,eaglei
24027,"Winter storm, March 2018",winter,winter_storm:122423,2018-03-02,42089,242,0.54,0.7449,0.3459,0.02216,0,0,eaglei
24029,"Winter storm, March 2018",winter,blizzard:124559,2018-03-02,42103,250,1,0.9002,0.7167,0.09552,0,0,eaglei
24031,"Power cut, cause not recorded, August 2022",unattributed,,2022-08-01,54071,192,1,0.9902,0.9902,0,0,0,eaglei
24033,"Power cut, cause not recorded, August 2022",unattributed,,2022-08-01,54071,217,1,0.9902,0.9902,0,0,0,eaglei
24035,"Winter storm, March 2018",winter,winter_storm:122423,2018-03-02,42089,233,0.54,0.7449,0.3459,0.02216,0,0,eaglei
24037,"Power cut, cause not recorded, August 2022",unattributed,,2022-08-01,54071,249,1,0.9902,0.9902,0,0,0,eaglei
24039,"Wind and thunderstorms, June 2015",wind,tstm_wind:95391,2015-06-23,34015,193,0.5019,0.9039,0.3238,0,0,0,eaglei
24041,"Wind and thunderstorms, June 2015",wind,tstm_wind:95391,2015-06-23,34015,140,0.5019,0.9039,0.3238,0,0,0,eaglei
24043,"Flooding, June 2025",flood,flash_flood:205070,2025-06-27,54051,246,0.1321,0.4904,0.4904,0.4904,0,0,eaglei
24045,"Wind and thunderstorms, June 2015",wind,tstm_wind:95391,2015-06-23,34015,156,0.5019,0.9039,0.3238,0,0,0,eaglei
24047,"Wind and thunderstorms, June 2015",wind,tstm_wind:95391,2015-06-23,34015,167,0.5019,0.9039,0.3238,0,0,0,eaglei
24510,"Winter storm, March 2018",winter,winter_storm:122423,2018-03-02,42089,224,0.54,0.7449,0.3459,0.02216,0,0,eaglei
25001,Hurricane Isaias,hurricane,AL092020,2020-08-04,36103,227,0.3006,0.8087,0.5071,0.05427,0,0,eaglei
25003,"Winter storm, March 2018",winter,blizzard:124559,2018-03-02,42103,190,1,0.9002,0.7167,0.09552,0,0,eaglei
25005,Hurricane Isaias,hurricane,AL092020,2020-08-04,36059,238,0.3113,0.7401,0.7163,0.06106,0,0,eaglei
25007,Hurricane Isaias,hurricane,AL092020,2020-08-04,36103,174,0.3006,0.8087,0.5071,0.05427,0,0,eaglei
25009,"Wind and thunderstorms, October 2017",wind,tstm_wind:120944,2017-10-30,23015,186,1,0.967,0.5265,0.1178,0,0,eaglei
25011,"Winter storm, March 2018",winter,blizzard:124559,2018-03-02,42103,246,1,0.9002,0.7167,0.09552,0,0,eaglei
25013,"Winter storm, March 2018",winter,blizzard:124559,2018-03-02,42103,218,1,0.9002,0.7167,0.09552,0,0,eaglei
25015,"Winter storm, March 2018",winter,blizzard:124559,2018-03-02,42103,226,1,0.9002,0.7167,0.09552,0,0,eaglei
25017,"Wind and thunderstorms, October 2017",wind,tstm_wind:120944,2017-10-30,23015,227,1,0.967,0.5265,0.1178,0,0,eaglei
25019,Hurricane Isaias,hurricane,AL092020,2020-08-04,36103,220,0.3006,0.8087,0.5071,0.05427,0,0,eaglei
25021,"Wind and thunderstorms, October 2017",wind,tstm_wind:120944,2017-10-30,23015,244,1,0.967,0.5265,0.1178,0,0,eaglei
25023,"Wind and thunderstorms, October 2017",wind,tstm_wind:120944,2017-10-30,23015,245,1,0.967,0.5265,0.1178,0,0,eaglei
25025,"Wind and thunderstorms, October 2017",wind,tstm_wind:120944,2017-10-30,23015,221,1,0.967,0.5265,0.1178,0,0,eaglei
25027,Hurricane Isaias,hurricane,AL092020,2020-08-04,36059,223,0.3113,0.7401,0.7163,0.06106,0,0,eaglei
26001,"Ice storm, March 2025",ice,ice_storm:204214,2025-03-29,26119,77,1,0.9784,0.9307,0.6805,0.1767,0,eaglei
26003,"Ice storm, March 2025",ice,ice_storm:204214,2025-03-29,26137,232,0.9343,0.9859,0.8888,0.4293,0.1399,0,eaglei
26005,"Ice storm, February 2023",ice,ice_storm:176942,2023-02-22,26059,145,0.5778,0.9456,0.7075,0.04716,0,0,eaglei
26007,"Ice storm, March 2025",ice,ice_storm:204214,2025-03-29,26119,57,1,0.9784,0.9307,0.6805,0.1767,0,eaglei
26009,"Ice storm, March 2025",ice,ice_storm:204214,2025-03-29,26119,82,1,0.9784,0.9307,0.6805,0.1767,0,eaglei
26011,"Ice storm, March 2025",ice,ice_storm:204214,2025-03-29,26119,114,1,0.9784,0.9307,0.6805,0.1767,0,eaglei
26013,"Ice storm, March 2025",ice,ice_storm:204214,2025-03-29,26029,248,0.6061,0.8212,0.4452,0.2389,0.02618,0,eaglei
26015,"Ice storm, March 2025",ice,ice_storm:204214,2025-03-29,26039,240,1,0.6207,0.3811,0.2189,0.01772,0,eaglei
26017,"Ice storm, March 2025",ice,ice_storm:204214,2025-03-29,26119,148,1,0.9784,0.9307,0.6805,0.1767,0,eaglei
26019,"Ice storm, March 2025",ice,ice_storm:204214,2025-03-29,26119,171,1,0.9784,0.9307,0.6805,0.1767,0,eaglei
26021,"Ice storm, February 2023",ice,ice_storm:176942,2023-02-22,26059,175,0.5778,0.9456,0.7075,0.04716,0,0,eaglei
26023,"Ice storm, February 2023",ice,ice_storm:176942,2023-02-22,26059,36,0.5778,0.9456,0.7075,0.04716,0,0,eaglei
26025,"Ice storm, February 2023",ice,ice_storm:176942,2023-02-22,26059,47,0.5778,0.9456,0.7075,0.04716,0,0,eaglei
26027,"Ice storm, February 2023",ice,ice_storm:176942,2023-02-22,26059,113,0.5778,0.9456,0.7075,0.04716,0,0,eaglei
26029,"Ice storm, March 2025",ice,ice_storm:204214,2025-03-29,26119,129,1,0.9784,0.9307,0.6805,0.1767,0,eaglei
26031,"Ice storm, March 2025",ice,ice_storm:204214,2025-03-29,26119,58,1,0.9784,0.9307,0.6805,0.1767,0,eaglei
26033,"Ice storm, March 2025",ice,ice_storm:204214,2025-03-29,26119,147,1,0.9784,0.9307,0.6805,0.1767,0,eaglei
26035,"Ice storm, March 2025",ice,ice_storm:204214,2025-03-29,26119,128,1,0.9784,0.9307,0.6805,0.1767,0,eaglei
26037,"Ice storm, March 2025",ice,ice_storm:204214,2025-03-29,26119,234,1,0.9784,0.9307,0.6805,0.1767,0,eaglei
26039,"Ice storm, March 2025",ice,ice_storm:204214,2025-03-29,26119,54,1,0.9784,0.9307,0.6805,0.1767,0,eaglei
26041,"Ice storm, March 2025",ice,ice_storm:204214,2025-03-29,26119,233,1,0.9784,0.9307,0.6805,0.1767,0,eaglei
26043,"Ice storm, March 2025",ice,ice_storm:204214,2025-03-29,26047,228,0.599,0.9453,0.6133,0.2944,0.02986,0,eaglei
26045,"Ice storm, March 2025",ice,ice_storm:204214,2025-03-29,26135,240,1,0.9563,0.6847,0.2872,0.155,0,eaglei
26047,"Ice storm, March 2025",ice,ice_storm:204214,2025-03-29,26119,92,1,0.9784,0.9307,0.6805,0.1767,0,eaglei
26049,"Ice storm, March 2025",ice,ice_storm:204214,2025-03-29,26119,225,1,0.9784,0.9307,0.6805,0.1767,0,eaglei
26051,"Ice storm, March 2025",ice,ice_storm:204214,2025-03-29,26119,117,1,0.9784,0.9307,0.6805,0.1767,0,eaglei
26053,"Wind and thunderstorms, July 2019",wind,tstm_wind:138154,2019-07-20,55083,206,0.1969,0.2098,0.2098,0.06948,0,0,eaglei
26055,"Ice storm, March 2025",ice,ice_storm:204214,2025-03-29,26119,117,1,0.9784,0.9307,0.6805,0.1767,0,eaglei
26057,"Ice storm, March 2025",ice,ice_storm:204214,2025-03-29,26119,196,1,0.9784,0.9307,0.6805,0.1767,0,eaglei
26059,"Ice storm, February 2023",ice,ice_storm:176942,2023-02-22,26059,0,0.5778,0.9456,0.7075,0.04716,0,0,eaglei
26061,"Wind and thunderstorms, July 2019",wind,tstm_wind:138154,2019-07-20,55083,225,0.1969,0.2098,0.2098,0.06948,0,0,eaglei
26063,"Ice storm, March 2025",ice,ice_storm:204214,2025-03-29,26119,160,1,0.9784,0.9307,0.6805,0.1767,0,eaglei
26065,"Ice storm, March 2025",ice,ice_storm:204214,2025-03-29,26135,233,1,0.9563,0.6847,0.2872,0.155,0,eaglei
26067,"Ice storm, March 2025",ice,ice_storm:204214,2025-03-29,26119,243,1,0.9784,0.9307,0.6805,0.1767,0,eaglei
26069,"Ice storm, March 2025",ice,ice_storm:204214,2025-03-29,26119,92,1,0.9784,0.9307,0.6805,0.1767,0,eaglei
26071,"Ice storm, March 2025",ice,ice_storm:204214,2025-03-29,26029,240,0.6061,0.8212,0.4452,0.2389,0.02618,0,eaglei
26073,"Ice storm, March 2025",ice,ice_storm:204214,2025-03-29,26119,163,1,0.9784,0.9307,0.6805,0.1767,0,eaglei
26075,"Ice storm, February 2023",ice,ice_storm:176942,2023-02-22,26059,40,0.5778,0.9456,0.7075,0.04716,0,0,eaglei
26077,"Ice storm, February 2023",ice,ice_storm:176942,2023-02-22,26059,82,0.5778,0.9456,0.7075,0.04716,0,0,eaglei
26079,"Ice storm, March 2025",ice,ice_storm:204214,2025-03-29,26119,85,1,0.9784,0.9307,0.6805,0.1767,0,eaglei
26081,"Ice storm, March 2025",ice,ice_storm:204214,2025-03-29,26119,249,1,0.9784,0.9307,0.6805,0.1767,0,eaglei
26083,"Winter storm, April 2024",winter,winter_storm:190329,2024-04-02,26109,214,0.7621,0.4836,0.2492,0,0,0,eaglei
26085,"Ice storm, March 2025",ice,ice_storm:204214,2025-03-29,26119,176,1,0.9784,0.9307,0.6805,0.1767,0,eaglei
26087,"Ice storm, March 2025",ice,ice_storm:204214,2025-03-29,26119,227,1,0.9784,0.9307,0.6805,0.1767,0,eaglei
26089,"Ice storm, March 2025",ice,ice_storm:204214,2025-03-29,26119,151,1,0.9784,0.9307,0.6805,0.1767,0,eaglei
26091,"Ice storm, February 2023",ice,ice_storm:176942,2023-02-22,26059,47,0.5778,0.9456,0.7075,0.04716,0,0,eaglei
26093,"Ice storm, March 2025",ice,ice_storm:204214,2025-03-29,26135,232,1,0.9563,0.6847,0.2872,0.155,0,eaglei
26095,"Ice storm, March 2025",ice,ice_storm:204214,2025-03-29,26119,197,1,0.9784,0.9307,0.6805,0.1767,0,eaglei
26097,"Ice storm, March 2025",ice,ice_storm:204214,2025-03-29,26119,157,1,0.9784,0.9307,0.6805,0.1767,0,eaglei
26099,"Ice storm, March 2025",ice,ice_storm:204214,2025-03-29,26135,245,1,0.9563,0.6847,0.2872,0.155,0,eaglei
26101,"Ice storm, March 2025",ice,ice_storm:204214,2025-03-29,26119,194,1,0.9784,0.9307,0.6805,0.1767,0,eaglei
26103,"Ice storm, March 2025",ice,ice_storm:204214,2025-03-29,26047,233,0.599,0.9453,0.6133,0.2944,0.02986,0,eaglei
26105,"Ice storm, March 2025",ice,ice_storm:204214,2025-03-29,26119,218,1,0.9784,0.9307,0.6805,0.1767,0,eaglei
26107,"Ice storm, March 2025",ice,ice_storm:204214,2025-03-29,26119,182,1,0.9784,0.9307,0.6805,0.1767,0,eaglei
26109,"Ice storm, March 2025",ice,ice_storm:204214,2025-03-29,26137,236,0.9343,0.9859,0.8888,0.4293,0.1399,0,eaglei
26111,"Ice storm, March 2025",ice,ice_storm:204214,2025-03-29,26119,154,1,0.9784,0.9307,0.6805,0.1767,0,eaglei
26113,"Ice storm, March 2025",ice,ice_storm:204214,2025-03-29,26119,108,1,0.9784,0.9307,0.6805,0.1767,0,eaglei
26115,"Ice storm, February 2023",ice,ice_storm:176942,2023-02-22,26059,95,0.5778,0.9456,0.7075,0.04716,0,0,eaglei
26117,"Ice storm, March 2025",ice,ice_storm:204214,2025-03-29,26119,207,1,0.9784,0.9307,0.6805,0.1767,0,eaglei
26119,"Ice storm, March 2025",ice,ice_storm:204214,2025-03-29,26119,0,1,0.9784,0.9307,0.6805,0.1767,0,eaglei
26121,"Ice storm, March 2025",ice,ice_storm:204214,2025-03-29,26137,230,0.9343,0.9859,0.8888,0.4293,0.1399,0,eaglei
26123,"Ice storm, March 2025",ice,ice_storm:204214,2025-03-29,26119,209,1,0.9784,0.9307,0.6805,0.1767,0,eaglei
26125,"Ice storm, March 2025",ice,ice_storm:204214,2025-03-29,26007,248,0.1934,0.9478,0.8308,0.6026,0.05499,0,eaglei
26127,"Ice storm, March 2025",ice,ice_storm:204214,2025-03-29,26119,244,1,0.9784,0.9307,0.6805,0.1767,0,eaglei
26129,"Ice storm, March 2025",ice,ice_storm:204214,2025-03-29,26119,77,1,0.9784,0.9307,0.6805,0.1767,0,eaglei
26131,"Wind and thunderstorms, July 2019",wind,tstm_wind:138154,2019-07-20,55083,221,0.1969,0.2098,0.2098,0.06948,0,0,eaglei
26133,"Ice storm, March 2025",ice,ice_storm:204214,2025-03-29,26119,148,1,0.9784,0.9307,0.6805,0.1767,0,eaglei
26135,"Ice storm, March 2025",ice,ice_storm:204214,2025-03-29,26119,37,1,0.9784,0.9307,0.6805,0.1767,0,eaglei
26137,"Ice storm, March 2025",ice,ice_storm:204214,2025-03-29,26119,35,1,0.9784,0.9307,0.6805,0.1767,0,eaglei
26139,"Ice storm, March 2025",ice,ice_storm:204214,2025-03-29,26135,247,1,0.9563,0.6847,0.2872,0.155,0,eaglei
26141,"Ice storm, March 2025",ice,ice_storm:204214,2025-03-29,26119,60,1,0.9784,0.9307,0.6805,0.1767,0,eaglei
26143,"Ice storm, March 2025",ice,ice_storm:204214,2025-03-29,26119,85,1,0.9784,0.9307,0.6805,0.1767,0,eaglei
26145,"Ice storm, March 2025",ice,ice_storm:204214,2025-03-29,26119,189,1,0.9784,0.9307,0.6805,0.1767,0,eaglei
26147,"Ice storm, March 2025",ice,ice_storm:204214,2025-03-29,26007,227,0.1934,0.9478,0.8308,0.6026,0.05499,0,eaglei
26149,"Ice storm, February 2023",ice,ice_storm:176942,2023-02-22,26059,73,0.5778,0.9456,0.7075,0.04716,0,0,eaglei
26151,"Ice storm, March 2025",ice,ice_storm:204214,2025-03-29,26119,211,1,0.9784,0.9307,0.6805,0.1767,0,eaglei
26153,"Ice storm, March 2025",ice,ice_storm:204214,2025-03-29,26119,195,1,0.9784,0.9307,0.6805,0.1767,0,eaglei
26155,"Ice storm, March 2025",ice,ice_storm:204214,2025-03-29,26119,230,1,0.9784,0.9307,0.6805,0.1767,0,eaglei
26157,"Ice storm, March 2025",ice,ice_storm:204214,2025-03-29,26119,180,1,0.9784,0.9307,0.6805,0.1767,0,eaglei
26159,"Ice storm, February 2023",ice,ice_storm:176942,2023-02-22,26059,143,0.5778,0.9456,0.7075,0.04716,0,0,eaglei
26161,"Ice storm, February 2023",ice,ice_storm:176942,2023-02-22,26059,75,0.5778,0.9456,0.7075,0.04716,0,0,eaglei
26163,"Ice storm, February 2023",ice,ice_storm:176942,2023-02-22,26059,120,0.5778,0.9456,0.7075,0.04716,0,0,eaglei
26165,"Ice storm, March 2025",ice,ice_storm:204214,2025-03-29,26119,137,1,0.9784,0.9307,0.6805,0.1767,0,eaglei
27001,"Wind and thunderstorms, July 2019",wind,tornado:137873,2019-07-19,55095,147,0.2743,0.4407,0.2165,0.01431,0,0,eaglei
27003,"Wind and thunderstorms, July 2019",wind,tornado:137873,2019-07-19,55095,66,0.2743,0.4407,0.2165,0.01431,0,0,eaglei
27005,"Wind and thunderstorms, July 2016",wind,tstm_wind:106286,2016-07-21,27057,65,0.4128,0.4406,0.339,0,0,0,eaglei
27007,"Wind and thunderstorms, July 2016",wind,tstm_wind:106286,2016-07-21,27057,87,0.4128,0.4406,0.339,0,0,0,eaglei
27009,"Wind and thunderstorms, July 2019",wind,tornado:137873,2019-07-19,55095,124,0.2743,0.4407,0.2165,0.01431,0,0,eaglei
27011,"Wind and thunderstorms, July 2016",wind,tstm_wind:106286,2016-07-21,27057,219,0.4128,0.4406,0.339,0,0,0,eaglei
27013,August 2020 Midwest derecho,wind,tornado:150384,2020-08-10,19127,238,1,0.9924,0.6853,0.2874,0,0,eaglei
27015,August 2020 Midwest derecho,wind,tstm_wind:150384,2020-08-10,19073,247,0.884,0.199,0.04658,0.01975,0,0,eaglei
27017,"Wind and thunderstorms, July 2019",wind,tornado:137873,2019-07-19,55095,128,0.2743,0.4407,0.2165,0.01431,0,0,eaglei
27019,"Wind and thunderstorms, July 2019",wind,tornado:137873,2019-07-19,55095,128,0.2743,0.4407,0.2165,0.01431,0,0,eaglei
27021,"Wind and thunderstorms, July 2019",wind,tornado:137873,2019-07-19,55095,220,0.2743,0.4407,0.2165,0.01431,0,0,eaglei
27023,"Wind and thunderstorms, July 2019",wind,tornado:137873,2019-07-19,55095,249,0.2743,0.4407,0.2165,0.01431,0,0,eaglei
27025,"Wind and thunderstorms, July 2019",wind,tornado:137873,2019-07-19,55095,36,0.2743,0.4407,0.2165,0.01431,0,0,eaglei
27027,"Wind and thunderstorms, July 2016",wind,tstm_wind:106286,2016-07-21,27057,122,0.4128,0.4406,0.339,0,0,0,eaglei
27029,"Wind and thunderstorms, July 2016",wind,tstm_wind:106286,2016-07-21,27057,64,0.4128,0.4406,0.339,0,0,0,eaglei
27031,"Wind and thunderstorms, July 2016",wind,tstm_wind:106499,2016-07-21,27137,164,0.2696,0.6935,0.2777,0,0,0,eaglei
27033,August 2020 Midwest derecho,wind,tstm_wind:150384,2020-08-10,19015,241,0.896,0.831,0.2977,0.06529,0,0,eaglei
27035,"Wind and thunderstorms, July 2019",wind,tornado:137873,2019-07-19,55095,170,0.2743,0.4407,0.2165,0.01431,0,0,eaglei
27037,"Wind and thunderstorms, July 2019",wind,tornado:137873,2019-07-19,55095,100,0.2743,0.4407,0.2165,0.01431,0,0,eaglei
27039,August 2020 Midwest derecho,wind,tornado:151777,2020-08-10,19113,239,0.9255,0.9692,0.7774,0.3695,0.01459,0,eaglei
27041,"Wind and thunderstorms, July 2019",wind,tornado:137873,2019-07-19,55095,240,0.2743,0.4407,0.2165,0.01431,0,0,eaglei
27043,August 2020 Midwest derecho,wind,tstm_wind:150384,2020-08-10,19099,233,0.9602,0.874,0.7634,0.3078,0,0,eaglei
27045,August 2020 Midwest derecho,wind,tornado:151777,2020-08-10,19113,183,0.9255,0.9692,0.7774,0.3695,0.01459,0,eaglei
27047,August 2020 Midwest derecho,wind,tornado:151777,2020-08-10,19113,228,0.9255,0.9692,0.7774,0.3695,0.01459,0,eaglei
27049,August 2020 Midwest derecho,wind,tstm_wind:150384,2020-08-10,19075,223,0.4251,0.5122,0.3605,0.01965,0,0,eaglei
27051,"Wind and thunderstorms, July 2016",wind,tstm_wind:106286,2016-07-21,27057,154,0.4128,0.4406,0.339,0,0,0,eaglei
27053,"Wind and thunderstorms, July 2019",wind,tornado:137873,2019-07-19,55095,95,0.2743,0.4407,0.2165,0.01431,0,0,eaglei
27055,August 2020 Midwest derecho,wind,tornado:151777,2020-08-10,19113,177,0.9255,0.9692,0.7774,0.3695,0.01459,0,eaglei
27057,"Wind and thunderstorms, July 2016",wind,tstm_wind:106286,2016-07-21,27057,0,0.4128,0.4406,0.339,0,0,0,eaglei
27059,"Wind and thunderstorms, July 2019",wind,tornado:137873,2019-07-19,55095,67,0.2743,0.4407,0.2165,0.01431,0,0,eaglei
27061,"Wind and thunderstorms, July 2019",wind,tornado:137873,2019-07-19,55095,243,0.2743,0.4407,0.2165,0.01431,0,0,eaglei
27063,August 2020 Midwest derecho,wind,tstm_wind:150384,2020-08-10,19015,207,0.896,0.831,0.2977,0.06529,0,0,eaglei
27065,"Wind and thunderstorms, July 2019",wind,tornado:137873,2019-07-19,55095,85,0.2743,0.4407,0.2165,0.01431,0,0,eaglei
27067,"Wind and thunderstorms, July 2019",wind,tornado:137873,2019-07-19,55095,203,0.2743,0.4407,0.2165,0.01431,0,0,eaglei
27069,"Wind and thunderstorms, July 2016",wind,tstm_wind:106286,2016-07-21,27057,233,0.4128,0.4406,0.339,0,0,0,eaglei
27071,"Wind and thunderstorms, July 2016",wind,tstm_wind:106286,2016-07-21,27057,153,0.4128,0.4406,0.339,0,0,0,eaglei
27073,"Winter storm, April 2019",winter,blizzard:139802,2019-04-10,27117,110,0.6189,0.8767,0.135,0,0,0,eaglei
27075,"Wind and thunderstorms, July 2019",wind,tornado:137873,2019-07-19,55095,242,0.2743,0.4407,0.2165,0.01431,0,0,eaglei
27077,"Wind and thunderstorms, July 2016",wind,tstm_wind:106286,2016-07-21,27057,186,0.4128,0.4406,0.339,0,0,0,eaglei
27079,August 2020 Midwest derecho,wind,tstm_wind:150384,2020-08-10,19075,232,0.4251,0.5122,0.3605,0.01965,0,0,eaglei
27081,"Winter storm, April 2019",winter,blizzard:139802,2019-04-10,27117,44,0.6189,0.8767,0.135,0,0,0,eaglei
27083,"Winter storm, April 2019",winter,blizzard:139802,2019-04-10,27117,55,0.6189,0.8767,0.135,0,0,0,eaglei
27085,"Wind and thunderstorms, July 2019",wind,tornado:137873,2019-07-19,55095,160,0.2743,0.4407,0.2165,0.01431,0,0,eaglei
27087,"Wind and thunderstorms, July 2016",wind,tstm_wind:106286,2016-07-21,27057,73,0.4128,0.4406,0.339,0,0,0,eaglei
27089,"Wind and thunderstorms, July 2016",wind,tstm_wind:106286,2016-07-21,27057,178,0.4128,0.4406,0.339,0,0,0,eaglei
27091,August 2020 Midwest derecho,wind,tornado:150384,2020-08-10,19127,222,1,0.9924,0.6853,0.2874,0,0,eaglei
27093,"Wind and thunderstorms, July 2019",wind,tornado:137873,2019-07-19,55095,167,0.2743,0.4407,0.2165,0.01431,0,0,eaglei
27095,"Wind and thunderstorms, July 2019",wind,tornado:137873,2019-07-19,55095,106,0.2743,0.4407,0.2165,0.01431,0,0,eaglei
27097,"Wind and thunderstorms, July 2019",wind,tornado:137873,2019-07-19,55095,154,0.2743,0.4407,0.2165,0.01431,0,0,eaglei
27099,August 2020 Midwest derecho,wind,tornado:151777,2020-08-10,19113,200,0.9255,0.9692,0.7774,0.3695,0.01459,0,eaglei
27101,August 2020 Midwest derecho,wind,tstm_wind:150384,2020-08-10,19073,246,0.884,0.199,0.04658,0.01975,0,0,eaglei
27103,August 2020 Midwest derecho,wind,tstm_wind:150384,2020-08-10,19075,247,0.4251,0.5122,0.3605,0.01965,0,0,eaglei
27105,August 2020 Midwest derecho,wind,tstm_wind:150384,2020-08-10,19015,235,0.896,0.831,0.2977,0.06529,0,0,eaglei
27107,"Wind and thunderstorms, July 2016",wind,tstm_wind:106286,2016-07-21,27057,120,0.4128,0.4406,0.339,0,0,0,eaglei
27109,August 2020 Midwest derecho,wind,tornado:151777,2020-08-10,19113,224,0.9255,0.9692,0.7774,0.3695,0.01459,0,eaglei
27111,"Wind and thunderstorms, July 2016",wind,tstm_wind:106286,2016-07-21,27057,98,0.4128,0.4406,0.339,0,0,0,eaglei
27113,"Wind and thunderstorms, July 2016",wind,tstm_wind:106286,2016-07-21,27057,137,0.4128,0.4406,0.339,0,0,0,eaglei
27115,"Wind and thunderstorms, July 2019",wind,tornado:137873,2019-07-19,55095,75,0.2743,0.4407,0.2165,0.01431,0,0,eaglei
27117,"Winter storm, March 2025",winter,blizzard:200786,2025-03-19,19133,220,0.3288,0.4973,0.1354,0,0,0,eaglei
27119,"Wind and thunderstorms, July 2016",wind,tstm_wind:106286,2016-07-21,27057,135,0.4128,0.4406,0.339,0,0,0,eaglei
27121,"Wind and thunderstorms, July 2019",wind,tornado:137873,2019-07-19,55095,234,0.2743,0.4407,0.2165,0.01431,0,0,eaglei
27123,"Wind and thunderstorms, July 2019",wind,tornado:137873,2019-07-19,55095,71,0.2743,0.4407,0.2165,0.01431,0,0,eaglei
27125,"Wind and thunderstorms, July 2016",wind,tstm_wind:106286,2016-07-21,27057,123,0.4128,0.4406,0.339,0,0,0,eaglei
27127,"Winter storm, April 2019",winter,blizzard:139802,2019-04-10,27117,91,0.6189,0.8767,0.135,0,0,0,eaglei
27129,"Wind and thunderstorms, July 2019",wind,tornado:137873,2019-07-19,55095,213,0.2743,0.4407,0.2165,0.01431,0,0,eaglei
27131,August 2020 Midwest derecho,wind,tstm_wind:150384,2020-08-10,19075,220,0.4251,0.5122,0.3605,0.01965,0,0,eaglei
27133,August 2020 Midwest derecho,wind,tstm_wind:150384,2020-08-10,19073,237,0.884,0.199,0.04658,0.01975,0,0,eaglei
27135,"Wind and thunderstorms, July 2016",wind,tstm_wind:106286,2016-07-21,27057,197,0.4128,0.4406,0.339,0,0,0,eaglei
27137,"Wind and thunderstorms, July 2019",wind,tornado:137873,2019-07-19,55095,235,0.2743,0.4407,0.2165,0.01431,0,0,eaglei
27139,"Wind and thunderstorms, July 2019",wind,tornado:137873,2019-07-19,55095,124,0.2743,0.4407,0.2165,0.01431,0,0,eaglei
27141,"Wind and thunderstorms, July 2019",wind,tornado:137873,2019-07-19,55095,103,0.2743,0.4407,0.2165,0.01431,0,0,eaglei
27143,"Wind and thunderstorms, July 2019",wind,tornado:137873,2019-07-19,55095,171,0.2743,0.4407,0.2165,0.01431,0,0,eaglei
27145,"Wind and thunderstorms, July 2019",wind,tornado:137873,2019-07-19,55095,169,0.2743,0.4407,0.2165,0.01431,0,0,eaglei
27147,August 2020 Midwest derecho,wind,tstm_wind:151777,2020-08-10,19011,234,0.7541,0.8506,0.7296,0.2955,0,0,eaglei
27149,"Wind and thunderstorms, July 2016",wind,tstm_wind:106286,2016-07-21,27057,186,0.4128,0.4406,0.339,0,0,0,eaglei
27151,"Wind and thunderstorms, July 2016",wind,tstm_wind:106286,2016-07-21,27057,211,0.4128,0.4406,0.339,0,0,0,eaglei
27153,"Wind and thunderstorms, July 2019",wind,tornado:137873,2019-07-19,55095,202,0.2743,0.4407,0.2165,0.01431,0,0,eaglei
27155,"Wind and thunderstorms, July 2016",wind,tstm_wind:106286,2016-07-21,27057,190,0.4128,0.4406,0.339,0,0,0,eaglei
27157,August 2020 Midwest derecho,wind,tstm_wind:151777,2020-08-10,19011,245,0.7541,0.8506,0.7296,0.2955,0,0,eaglei
27159,"Wind and thunderstorms, July 2019",wind,tornado:137873,2019-07-19,55095,233,0.2743,0.4407,0.2165,0.01431,0,0,eaglei
27161,August 2020 Midwest derecho,wind,tstm_wind:151777,2020-08-10,19011,248,0.7541,0.8506,0.7296,0.2955,0,0,eaglei
27163,"Wind and thunderstorms, July 2019",wind,tornado:137873,2019-07-19,55095,59,0.2743,0.4407,0.2165,0.01431,0,0,eaglei
27165,August 2020 Midwest derecho,wind,tstm_wind:150384,2020-08-10,19015,223,0.896,0.831,0.2977,0.06529,0,0,eaglei
27167,"Wind and thunderstorms, July 2016",wind,tstm_wind:106286,2016-07-21,27057,144,0.4128,0.4406,0.339,0,0,0,eaglei
27169,August 2020 Midwest derecho,wind,tornado:151777,2020-08-10,19113,212,0.9255,0.9692,0.7774,0.3695,0.01459,0,eaglei
27171,"Wind and thunderstorms, July 2019",wind,tornado:137873,2019-07-19,55095,123,0.2743,0.4407,0.2165,0.01431,0,0,eaglei
27173,"Winter storm, April 2019",winter,blizzard:139802,2019-04-10,27117,84,0.6189,0.8767,0.135,0,0,0,eaglei
28001,Hurricane Ida,hurricane,AL092021,2021-08-29,22057,240,1,1,1,0.9781,0.4197,0.01295,eaglei
28003,"Ice storm, February 2022",ice,ice_storm:166753,2022-02-03,47157,124,0.3258,0.8049,0.5723,0.1303,0,0,eaglei
28005,Hurricane Ida,hurricane,AL092021,2021-08-29,22057,194,1,1,1,0.9781,0.4197,0.01295,eaglei
28007,Hurricane Zeta,hurricane,AL282020,2020-10-29,28041,227,1,0.869,0.6757,0.2186,0,0,eaglei
28009,"Ice storm, February 2022",ice,ice_storm:166753,2022-02-03,47157,76,0.3258,0.8049,0.5723,0.1303,0,0,eaglei
28011,February 2021 winter storm and Texas blackout (Uri),winter,winter_storm:156330,2021-02-17,28021,203,0.7959,0.8916,0.6475,0.1661,0.01558,0,eaglei
28013,"Ice storm, February 2022",ice,ice_storm:166753,2022-02-03,47157,148,0.3258,0.8049,0.5723,0.1303,0,0,eaglei
28015,February 2021 winter storm and Texas blackout (Uri),winter,winter_storm:156330,2021-02-17,28021,188,0.7959,0.8916,0.6475,0.1661,0.01558,0,eaglei
28017,"Ice storm, February 2022",ice,ice_storm:166753,2022-02-03,47157,164,0.3258,0.8049,0.5723,0.1303,0,0,eaglei
28019,Hurricane Zeta,hurricane,AL282020,2020-10-29,28041,244,1,0.869,0.6757,0.2186,0,0,eaglei
28021,Hurricane Ida,hurricane,AL092021,2021-08-29,22089,236,0.7505,0.9999,0.9631,0.8548,0.1009,0,eaglei
28023,Hurricane Ida,hurricane,AL092021,2021-08-29,22091,235,1,0.9372,0.8645,0.832,0.5622,0,eaglei
28025,"Ice storm, February 2022",ice,ice_storm:166753,2022-02-03,47157,198,0.3258,0.8049,0.5723,0.1303,0,0,eaglei
28027,Hurricane Laura,hurricane,AL132020,2020-08-27,22111,226,1,0.8175,0.7856,0.1619,0,0,eaglei
28029,Hurricane Ida,hurricane,AL092021,2021-08-29,22089,218,0.7505,0.9999,0.9631,0.8548,0.1009,0,eaglei
28031,Hurricane Ida,hurricane,AL092021,2021-08-29,22089,207,0.7505,0.9999,0.9631,0.8548,0.1009,0,eaglei
28033,"Ice storm, February 2022",ice,ice_storm:166753,2022-02-03,47157,36,0.3258,0.8049,0.5723,0.1303,0,0,eaglei
28035,Hurricane Ida,hurricane,AL092021,2021-08-29,22057,218,1,1,1,0.9781,0.4197,0.01295,eaglei
28037,Hurricane Ida,hurricane,AL092021,2021-08-29,22057,226,1,1,1,0.9781,0.4197,0.01295,eaglei
28039,Hurricane Ida,hurricane,AL092021,2021-08-29,22057,227,1,1,1,0.9781,0.4197,0.01295,eaglei
28041,Hurricane Ida,hurricane,AL092021,2021-08-29,22089,220,0.7505,0.9999,0.9631,0.8548,0.1009,0,eaglei
28043,February 2021 winter storm and Texas blackout (Uri),winter,winter_storm:156330,2021-02-17,28021,225,0.7959,0.8916,0.6475,0.1661,0.01558,0,eaglei
28045,Hurricane Ida,hurricane,AL092021,2021-08-29,22057,133,1,1,1,0.9781,0.4197,0.01295,eaglei
28047,Hurricane Ida,hurricane,AL092021,2021-08-29,22057,163,1,1,1,0.9781,0.4197,0.01295,eaglei
28049,Hurricane Ida,hurricane,AL092021,2021-08-29,22091,162,1,0.9372,0.8645,0.832,0.5622,0,eaglei
28051,February 2021 winter storm and Texas blackout (Uri),winter,winter_storm:156330,2021-02-17,28021,150,0.7959,0.8916,0.6475,0.1661,0.01558,0,eaglei
28053,Hurricane Laura,hurricane,AL132020,2020-08-27,22127,239,0.6183,0.9077,0.9013,0.3011,0,0,eaglei
28055,Hurricane Ida,hurricane,AL092021,2021-08-29,22091,217,1,0.9372,0.8645,0.832,0.5622,0,eaglei
28057,"Ice storm, February 2022",ice,ice_storm:166753,2022-02-03,47157,172,0.3258,0.8049,0.5723,0.1303,0,0,eaglei
28059,Hurricane Ida,hurricane,AL092021,2021-08-29,22057,201,1,1,1,0.9781,0.4197,0.01295,eaglei
28061,Hurricane Ida,hurricane,AL092021,2021-08-29,22091,201,1,0.9372,0.8645,0.832,0.5622,0,eaglei
28063,Hurricane Laura,hurricane,AL132020,2020-08-27,22011,250,0.7252,0.9999,0.9999,0.8593,0.6668,0.01544,eaglei
28065,Hurricane Ida,hurricane,AL092021,2021-08-29,22057,237,1,1,1,0.9781,0.4197,0.01295,eaglei
28067,Hurricane Ida,hurricane,AL092021,2021-08-29,22089,222,0.7505,0.9999,0.9631,0.8548,0.1009,0,eaglei
28069,Hurricane Zeta,hurricane,AL282020,2020-10-29,28041,171,1,0.869,0.6757,0.2186,0,0,eaglei
28071,"Ice storm, February 2022",ice,ice_storm:166753,2022-02-03,47157,100,0.3258,0.8049,0.5723,0.1303,0,0,eaglei
28073,Hurricane Ida,hurricane,AL092021,2021-08-29,22057,208,1,1,1,0.9781,0.4197,0.01295,eaglei
28075,Hurricane Zeta,hurricane,AL282020,2020-10-29,28041,132,1,0.869,0.6757,0.2186,0,0,eaglei
28077,Hurricane Ida,hurricane,AL092021,2021-08-29,22057,230,1,1,1,0.9781,0.4197,0.01295,eaglei
28079,Hurricane Ida,hurricane,AL092021,2021-08-29,22091,243,1,0.9372,0.8645,0.832,0.5622,0,eaglei
28081,"Ice storm, February 2022",ice,ice_storm:166753,2022-02-03,47157,149,0.3258,0.8049,0.5723,0.1303,0,0,eaglei
28083,February 2021 winter storm and Texas blackout (Uri),winter,winter_storm:156330,2021-02-17,28021,185,0.7959,0.8916,0.6475,0.1661,0.01558,0,eaglei
28085,Hurricane Ida,hurricane,AL092021,2021-08-29,22057,227,1,1,1,0.9781,0.4197,0.01295,eaglei
28087,"Ice storm, February 2022",ice,ice_storm:166753,2022-02-03,47157,233,0.3258,0.8049,0.5723,0.1303,0,0,eaglei
28089,Hurricane Ida,hurricane,AL092021,2021-08-29,22091,211,1,0.9372,0.8645,0.832,0.5622,0,eaglei
28091,Hurricane Ida,hurricane,AL092021,2021-08-29,22057,201,1,1,1,0.9781,0.4197,0.01295,eaglei
28093,"Ice storm, February 2022",ice,ice_storm:166753,2022-02-03,47157,59,0.3258,0.8049,0.5723,0.1303,0,0,eaglei
28095,"Ice storm, February 2022",ice,ice_storm:166753,2022-02-03,47157,193,0.3258,0.8049,0.5723,0.1303,0,0,eaglei
28097,February 2021 winter storm and Texas blackout (Uri),winter,winter_storm:156330,2021-02-17,28021,208,0.7959,0.8916,0.6475,0.1661,0.01558,0,eaglei
28099,Hurricane Zeta,hurricane,AL282020,2020-10-29,28041,177,1,0.869,0.6757,0.2186,0,0,eaglei
28101,Hurricane Ida,hurricane,AL092021,2021-08-29,22091,231,1,0.9372,0.8645,0.832,0.5622,0,eaglei
28103,Hurricane Zeta,hurricane,AL282020,2020-10-29,28041,211,1,0.869,0.6757,0.2186,0,0,eaglei
28105,Hurricane Zeta,hurricane,AL282020,2020-10-29,28041,247,1,0.869,0.6757,0.2186,0,0,eaglei
28107,"Ice storm, February 2022",ice,ice_storm:166753,2022-02-03,47157,91,0.3258,0.8049,0.5723,0.1303,0,0,eaglei
28109,Hurricane Ida,hurricane,AL092021,2021-08-29,22057,162,1,1,1,0.9781,0.4197,0.01295,eaglei
28111,Hurricane Ida,hurricane,AL092021,2021-08-29,22057,230,1,1,1,0.9781,0.4197,0.01295,eaglei
28113,Hurricane Ida,hurricane,AL092021,2021-08-29,22057,187,1,1,1,0.9781,0.4197,0.01295,eaglei
28115,"Ice storm, February 2022",ice,ice_storm:166753,2022-02-03,47157,132,0.3258,0.8049,0.5723,0.1303,0,0,eaglei
28117,"Ice storm, February 2022",ice,ice_storm:166753,2022-02-03,47157,140,0.3258,0.8049,0.5723,0.1303,0,0,eaglei
28119,Hurricane Laura,hurricane,AL132020,2020-08-27,22111,250,1,0.8175,0.7856,0.1619,0,0,eaglei
28121,Hurricane Ida,hurricane,AL092021,2021-08-29,22091,176,1,0.9372,0.8645,0.832,0.5622,0,eaglei
28123,Hurricane Ida,hurricane,AL092021,2021-08-29,22091,209,1,0.9372,0.8645,0.832,0.5622,0,eaglei
28125,Hurricane Ida,hurricane,AL092021,2021-08-29,22091,230,1,0.9372,0.8645,0.832,0.5622,0,eaglei
28127,Hurricane Ida,hurricane,AL092021,2021-08-29,22089,226,0.7505,0.9999,0.9631,0.8548,0.1009,0,eaglei
28129,Hurricane Ida,hurricane,AL092021,2021-08-29,22089,249,0.7505,0.9999,0.9631,0.8548,0.1009,0,eaglei
28131,Hurricane Ida,hurricane,AL092021,2021-08-29,22057,190,1,1,1,0.9781,0.4197,0.01295,eaglei
28133,February 2021 winter storm and Texas blackout (Uri),winter,winter_storm:156330,2021-02-17,28021,184,0.7959,0.8916,0.6475,0.1661,0.01558,0,eaglei
28135,February 2021 winter storm and Texas blackout (Uri),winter,winter_storm:156330,2021-02-17,28021,231,0.7959,0.8916,0.6475,0.1661,0.01558,0,eaglei
28137,"Ice storm, February 2022",ice,ice_storm:166753,2022-02-03,47157,60,0.3258,0.8049,0.5723,0.1303,0,0,eaglei
28139,"Ice storm, February 2022",ice,ice_storm:166753,2022-02-03,47157,100,0.3258,0.8049,0.5723,0.1303,0,0,eaglei
28141,"Ice storm, February 2022",ice,ice_storm:166753,2022-02-03,47157,159,0.3258,0.8049,0.5723,0.1303,0,0,eaglei
28143,"Ice storm, February 2022",ice,ice_storm:166753,2022-02-03,47157,73,0.3258,0.8049,0.5723,0.1303,0,0,eaglei
28145,"Ice storm, February 2022",ice,ice_storm:166753,2022-02-03,47157,112,0.3258,0.8049,0.5723,0.1303,0,0,eaglei
28147,Hurricane Ida,hurricane,AL092021,2021-08-29,22057,188,1,1,1,0.9781,0.4197,0.01295,eaglei
28149,Hurricane Ida,hurricane,AL092021,2021-08-29,22091,171,1,0.9372,0.8645,0.832,0.5622,0,eaglei
28151,Hurricane Laura,hurricane,AL132020,2020-08-27,22043,240,0.7312,0.9676,0.8711,0.5207,0,0,eaglei
28153,Hurricane Ida,hurricane,AL092021,2021-08-29,22091,213,1,0.9372,0.8645,0.832,0.5622,0,eaglei
28155,February 2021 winter storm and Texas blackout (Uri),winter,winter_storm:156330,2021-02-17,28021,238,0.7959,0.8916,0.6475,0.1661,0.01558,0,eaglei
28157,Hurricane Ida,hurricane,AL092021,2021-08-29,22057,206,1,1,1,0.9781,0.4197,0.01295,eaglei
28159,Hurricane Zeta,hurricane,AL282020,2020-10-29,28041,211,1,0.869,0.6757,0.2186,0,0,eaglei
28161,"Ice storm, February 2022",ice,ice_storm:166753,2022-02-03,47157,129,0.3258,0.8049,0.5723,0.1303,0,0,eaglei
28163,Hurricane Ida,hurricane,AL092021,2021-08-29,22091,218,1,0.9372,0.8645,0.832,0.5622,0,eaglei
29001,August 2020 Midwest derecho,wind,tornado:151777,2020-08-10,19113,226,0.9255,0.9692,0.7774,0.3695,0.01459,0,eaglei
29003,August 2020 Midwest derecho,wind,tstm_wind:150384,2020-08-10,19099,239,0.9602,0.874,0.7634,0.3078,0,0,eaglei
29005,August 2020 Midwest derecho,wind,tstm_wind:150384,2020-08-10,19099,244,0.9602,0.874,0.7634,0.3078,0,0,eaglei
29007,"Wind and thunderstorms, June 2023",wind,tornado:180221,2023-06-29,17167,197,0.3515,0.5606,0.2404,0.09552,0,0,eaglei
29009,"Wind and thunderstorms, April 2025",wind,tstm_wind:201441,2025-04-29,29009,0,0.2742,0.7372,0.4635,0,0,0,eaglei
29011,"Wind and thunderstorms, April 2025",wind,tstm_wind:201441,2025-04-29,29009,100,0.2742,0.7372,0.4635,0,0,0,eaglei
29013,"Wind and thunderstorms, April 2025",wind,tstm_wind:201441,2025-04-29,29009,179,0.2742,0.7372,0.4635,0,0,0,eaglei
29015,"Wind and thunderstorms, April 2025",wind,tstm_wind:201441,2025-04-29,29009,184,0.2742,0.7372,0.4635,0,0,0,eaglei
29017,"Wind and thunderstorms, May 2025",wind,tornado:202193,2025-05-16,29510,148,0.2837,0.792,0.4604,0.07594,0,0,eaglei
29019,"Wind and thunderstorms, June 2023",wind,tornado:180221,2023-06-29,17167,243,0.3515,0.5606,0.2404,0.09552,0,0,eaglei
29021,August 2020 Midwest derecho,wind,tstm_wind:150384,2020-08-10,19049,234,0.3276,0.5244,0.1449,0.03389,0,0,eaglei
29023,"Wind and thunderstorms, May 2025",wind,tornado:202193,2025-05-16,29510,214,0.2837,0.792,0.4604,0.07594,0,0,eaglei
29025,August 2020 Midwest derecho,wind,tstm_wind:150384,2020-08-10,19099,238,0.9602,0.874,0.7634,0.3078,0,0,eaglei
29027,"Wind and thunderstorms, June 2023",wind,tornado:180221,2023-06-29,17167,220,0.3515,0.5606,0.2404,0.09552,0,0,eaglei
29029,"Wind and thunderstorms, May 2025",wind,tornado:202193,2025-05-16,29510,230,0.2837,0.792,0.4604,0.07594,0,0,eaglei
29031,"Wind and thunderstorms, May 2025",wind,tornado:202193,2025-05-16,29510,148,0.2837,0.792,0.4604,0.07594,0,0,eaglei
29033,"Wind and thunderstorms, June 2023",wind,tstm_wind:181093,2023-06-29,17067,226,0.6297,0.5277,0.2212,0,0,0,eaglei
29035,"Wind and thunderstorms, May 2025",wind,tornado:202193,2025-05-16,29510,198,0.2837,0.792,0.4604,0.07594,0,0,eaglei
29037,"Wind and thunderstorms, April 2025",wind,tstm_wind:201441,2025-04-29,29009,221,0.2742,0.7372,0.4635,0,0,0,eaglei
29039,"Wind and thunderstorms, April 2025",wind,tstm_wind:201441,2025-04-29,29009,115,0.2742,0.7372,0.4635,0,0,0,eaglei
29041,August 2020 Midwest derecho,wind,tstm_wind:150384,2020-08-10,19099,241,0.9602,0.874,0.7634,0.3078,0,0,eaglei
29043,"Wind and thunderstorms, April 2025",wind,tstm_wind:201441,2025-04-29,29009,65,0.2742,0.7372,0.4635,0,0,0,eaglei
29045,August 2020 Midwest derecho,wind,tornado:151777,2020-08-10,19113,186,0.9255,0.9692,0.7774,0.3695,0.01459,0,eaglei
29047,August 2020 Midwest derecho,wind,tstm_wind:150384,2020-08-10,19181,236,0.1071,0.5481,0.1679,0,0,0,eaglei
29049,August 2020 Midwest derecho,wind,tstm_wind:150384,2020-08-10,19049,233,0.3276,0.5244,0.1449,0.03389,0,0,eaglei
29051,"Wind and thunderstorms, May 2025",wind,tornado:202193,2025-05-16,29510,178,0.2837,0.792,0.4604,0.07594,0,0,eaglei
29053,"Wind and thunderstorms, May 2025",wind,tornado:202193,2025-05-16,29510,224,0.2837,0.792,0.4604,0.07594,0,0,eaglei
29055,"Wind and thunderstorms, June 2023",wind,tornado:180221,2023-06-29,17167,245,0.3515,0.5606,0.2404,0.09552,0,0,eaglei
29057,"Wind and thunderstorms, April 2025",wind,tstm_wind:201441,2025-04-29,29009,82,0.2742,0.7372,0.4635,0,0,0,eaglei
29059,"Wind and thunderstorms, April 2025",wind,tstm_wind:201441,2025-04-29,29009,130,0.2742,0.7372,0.4635,0,0,0,eaglei
29061,August 2020 Midwest derecho,wind,tstm_wind:150384,2020-08-10,19099,206,0.9602,0.874,0.7634,0.3078,0,0,eaglei
29063,August 2020 Midwest derecho,wind,tstm_wind:150384,2020-08-10,19099,229,0.9602,0.874,0.7634,0.3078,0,0,eaglei
29065,"Wind and thunderstorms, May 2025",wind,tornado:202193,2025-05-16,29510,158,0.2837,0.792,0.4604,0.07594,0,0,eaglei
29067,"Wind and thunderstorms, April 2025",wind,tstm_wind:201441,2025-04-29,29009,121,0.2742,0.7372,0.4635,0,0,0,eaglei
29069,"Ice storm, January 2025",ice,ice_storm:198089,2025-01-05,29157,175,0.6187,0.5729,0.1561,0.02129,0,0,eaglei
29071,"Wind and thunderstorms, June 2023",wind,tornado:180221,2023-06-29,17167,193,0.3515,0.5606,0.2404,0.09552,0,0,eaglei
29073,"Wind and thunderstorms, June 2023",wind,tornado:180221,2023-06-29,17167,216,0.3515,0.5606,0.2404,0.09552,0,0,eaglei
29075,August 2020 Midwest derecho,wind,tstm_wind:150384,2020-08-10,19099,200,0.9602,0.874,0.7634,0.3078,0,0,eaglei
29077,"Wind and thunderstorms, April 2025",wind,tstm_wind:201441,2025-04-29,29009,76,0.2742,0.7372,0.4635,0,0,0,eaglei
29079,August 2020 Midwest derecho,wind,tstm_wind:150384,2020-08-10,19099,180,0.9602,0.874,0.7634,0.3078,0,0,eaglei
29081,August 2020 Midwest derecho,wind,tstm_wind:150384,2020-08-10,19099,169,0.9602,0.874,0.7634,0.3078,0,0,eaglei
29083,"Wind and thunderstorms, April 2025",wind,tstm_wind:201441,2025-04-29,29009,188,0.2742,0.7372,0.4635,0,0,0,eaglei
29085,"Wind and thunderstorms, April 2025",wind,tstm_wind:201441,2025-04-29,29009,145,0.2742,0.7372,0.4635,0,0,0,eaglei
29087,August 2020 Midwest derecho,wind,tstm_wind:150384,2020-08-10,19015,241,0.896,0.831,0.2977,0.06529,0,0,eaglei
29089,"Wind and thunderstorms, May 2025",wind,tornado:202193,2025-05-16,29510,220,0.2837,0.792,0.4604,0.07594,0,0,eaglei
29091,"Ice storm, January 2025",ice,ice_storm:198089,2025-01-05,29157,212,0.6187,0.5729,0.1561,0.02129,0,0,eaglei
29093,"Wind and thunderstorms, May 2025",wind,tornado:202193,2025-05-16,29510,119,0.2837,0.792,0.4604,0.07594,0,0,eaglei
29095,"Wind and thunderstorms, April 2025",wind,tornado:201441,2025-04-29,29109,216,0.7293,0.6741,0.2388,0,0,0,eaglei
29097,"Wind and thunderstorms, April 2025",wind,tstm_wind:201441,2025-04-29,29009,72,0.2742,0.7372,0.4635,0,0,0,eaglei
29099,"Wind and thunderstorms, June 2023",wind,tornado:180221,2023-06-29,17167,183,0.3515,0.5606,0.2404,0.09552,0,0,eaglei
29101,"Wind and thunderstorms, April 2025",wind,tstm_wind:201441,2025-04-29,29009,227,0.2742,0.7372,0.4635,0,0,0,eaglei
29103,August 2020 Midwest derecho,wind,tornado:151777,2020-08-10,19113,221,0.9255,0.9692,0.7774,0.3695,0.01459,0,eaglei
29105,"Wind and thunderstorms, May 2025",wind,tornado:202193,2025-05-16,29510,232,0.2837,0.792,0.4604,0.07594,0,0,eaglei
29107,"Wind and thunderstorms, April 2025",wind,tornado:201441,2025-04-29,29109,218,0.7293,0.6741,0.2388,0,0,0,eaglei
29109,"Wind and thunderstorms, April 2025",wind,tstm_wind:201441,2025-04-29,29009,45,0.2742,0.7372,0.4635,0,0,0,eaglei
29111,August 2020 Midwest derecho,wind,tornado:151777,2020-08-10,19113,222,0.9255,0.9692,0.7774,0.3695,0.01459,0,eaglei
29113,"Wind and thunderstorms, June 2023",wind,tornado:180221,2023-06-29,17167,136,0.3515,0.5606,0.2404,0.09552,0,0,eaglei
29115,August 2020 Midwest derecho,wind,tstm_wind:150384,2020-08-10,19099,203,0.9602,0.874,0.7634,0.3078,0,0,eaglei
29117,August 2020 Midwest derecho,wind,tstm_wind:150384,2020-08-10,19099,216,0.9602,0.874,0.7634,0.3078,0,0,eaglei
29119,"Wind and thunderstorms, April 2025",wind,tstm_wind:201441,2025-04-29,29009,46,0.2742,0.7372,0.4635,0,0,0,eaglei
29121,August 2020 Midwest derecho,wind,tstm_wind:150384,2020-08-10,19099,210,0.9602,0.874,0.7634,0.3078,0,0,eaglei
29123,"Wind and thunderstorms, May 2025",wind,tornado:202193,2025-05-16,29510,129,0.2837,0.792,0.4604,0.07594,0,0,eaglei
29125,"Wind and thunderstorms, May 2025",wind,tornado:202193,2025-05-16,29510,155,0.2837,0.792,0.4604,0.07594,0,0,eaglei
29127,August 2020 Midwest derecho,wind,tstm_wind:150384,2020-08-10,19099,241,0.9602,0.874,0.7634,0.3078,0,0,eaglei
29129,August 2020 Midwest derecho,wind,tornado:151777,2020-08-10,19113,247,0.9255,0.9692,0.7774,0.3695,0.01459,0,eaglei
29131,"Wind and thunderstorms, May 2025",wind,tornado:202193,2025-05-16,29510,196,0.2837,0.792,0.4604,0.07594,0,0,eaglei
29133,"Wind and thunderstorms, May 2025",wind,tornado:202193,2025-05-16,29510,218,0.2837,0.792,0.4604,0.07594,0,0,eaglei
29135,"Wind and thunderstorms, May 2025",wind,tornado:202193,2025-05-16,29510,203,0.2837,0.792,0.4604,0.07594,0,0,eaglei
29137,August 2020 Midwest derecho,wind,tstm_wind:150384,2020-08-10,19157,247,1,0.8624,0.7337,0.1351,0,0,eaglei
29139,"Wind and thunderstorms, June 2023",wind,tornado:180221,2023-06-29,17167,180,0.3515,0.5606,0.2404,0.09552,0,0,eaglei
29141,"Wind and thunderstorms, May 2025",wind,tornado:202193,2025-05-16,29510,230,0.2837,0.792,0.4604,0.07594,0,0,eaglei
29143,"Wind and thunderstorms, May 2025",wind,tornado:202193,2025-05-16,29510,233,0.2837,0.792,0.4604,0.07594,0,0,eaglei
29145,"Wind and thunderstorms, April 2025",wind,tstm_wind:201441,2025-04-29,29009,50,0.2742,0.7372,0.4635,0,0,0,eaglei
29147,August 2020 Midwest derecho,wind,tstm_wind:150384,2020-08-10,19099,213,0.9602,0.874,0.7634,0.3078,0,0,eaglei
29149,"Wind and thunderstorms, May 2025",wind,tornado:202193,2025-05-16,29510,240,0.2837,0.792,0.4604,0.07594,0,0,eaglei
29151,"Wind and thunderstorms, June 2023",wind,tornado:180221,2023-06-29,17167,238,0.3515,0.5606,0.2404,0.09552,0,0,eaglei
29153,"Wind and thunderstorms, April 2025",wind,tstm_wind:201441,2025-04-29,29009,123,0.2742,0.7372,0.4635,0,0,0,eaglei
29155,"Ice storm, January 2025",ice,ice_storm:198089,2025-01-05,29157,167,0.6187,0.5729,0.1561,0.02129,0,0,eaglei
29157,"Wind and thunderstorms, June 2023",wind,tornado:180221,2023-06-29,17167,228,0.3515,0.5606,0.2404,0.09552,0,0,eaglei
29159,"Wind and thunderstorms, April 2025",wind,tstm_wind:201441,2025-04-29,29009,231,0.2742,0.7372,0.4635,0,0,0,eaglei
29161,"Wind and thunderstorms, May 2025",wind,tornado:202193,2025-05-16,29510,160,0.2837,0.792,0.4604,0.07594,0,0,eaglei
29163,"Wind and thunderstorms, June 2023",wind,tornado:180221,2023-06-29,17167,137,0.3515,0.5606,0.2404,0.09552,0,0,eaglei
29165,August 2020 Midwest derecho,wind,tstm_wind:150384,2020-08-10,19181,240,0.1071,0.5481,0.1679,0,0,0,eaglei
29167,"Wind and thunderstorms, April 2025",wind,tstm_wind:201441,2025-04-29,29009,109,0.2742,0.7372,0.4635,0,0,0,eaglei
29169,"Wind and thunderstorms, May 2025",wind,tornado:202193,2025-05-16,29510,194,0.2837,0.792,0.4604,0.07594,0,0,eaglei
29171,August 2020 Midwest derecho,wind,tornado:151777,2020-08-10,19113,214,0.9255,0.9692,0.7774,0.3695,0.01459,0,eaglei
29173,August 2020 Midwest derecho,wind,tstm_wind:151777,2020-08-10,19031,249,0.6895,0.9653,0.7923,0.2731,0,0,eaglei
29175,August 2020 Midwest derecho,wind,tstm_wind:150384,2020-08-10,19157,250,1,0.8624,0.7337,0.1351,0,0,eaglei
29177,"Wind and thunderstorms, April 2025",wind,tornado:201441,2025-04-29,29109,245,0.7293,0.6741,0.2388,0,0,0,eaglei
29179,"Wind and thunderstorms, May 2025",wind,tornado:202193,2025-05-16,29510,155,0.2837,0.792,0.4604,0.07594,0,0,eaglei
29181,"Wind and thunderstorms, May 2025",wind,tornado:202193,2025-05-16,29510,228,0.2837,0.792,0.4604,0.07594,0,0,eaglei
29183,"Wind and thunderstorms, June 2023",wind,tornado:180221,2023-06-29,17167,139,0.3515,0.5606,0.2404,0.09552,0,0,eaglei
29185,"Wind and thunderstorms, April 2025",wind,tstm_wind:201441,2025-04-29,29009,149,0.2742,0.7372,0.4635,0,0,0,eaglei
29186,"Wind and thunderstorms, June 2023",wind,tornado:180221,2023-06-29,17167,213,0.3515,0.5606,0.2404,0.09552,0,0,eaglei
29187,"Wind and thunderstorms, June 2023",wind,tornado:180221,2023-06-29,17167,228,0.3515,0.5606,0.2404,0.09552,0,0,eaglei
29189,"Wind and thunderstorms, June 2023",wind,tornado:180221,2023-06-29,17167,141,0.3515,0.5606,0.2404,0.09552,0,0,eaglei
29195,"Wind and thunderstorms, April 2025",wind,tornado:201441,2025-04-29,29109,232,0.7293,0.6741,0.2388,0,0,0,eaglei
29197,August 2020 Midwest derecho,wind,tornado:151777,2020-08-10,19113,195,0.9255,0.9692,0.7774,0.3695,0.01459,0,eaglei
29199,August 2020 Midwest derecho,wind,tornado:151777,2020-08-10,19113,187,0.9255,0.9692,0.7774,0.3695,0.01459,0,eaglei
29201,"Wind and thunderstorms, May 2025",wind,tornado:202193,2025-05-16,29510,186,0.2837,0.792,0.4604,0.07594,0,0,eaglei
29203,"Wind and thunderstorms, May 2025",wind,tornado:202193,2025-05-16,29510,193,0.2837,0.792,0.4604,0.07594,0,0,eaglei
29205,August 2020 Midwest derecho,wind,tstm_wind:150384,2020-08-10,19099,225,0.9602,0.874,0.7634,0.3078,0,0,eaglei
29207,"Wind and thunderstorms, May 2025",wind,tornado:202193,2025-05-16,29510,200,0.2837,0.792,0.4604,0.07594,0,0,eaglei
29209,"Wind and thunderstorms, April 2025",wind,tstm_wind:201441,2025-04-29,29009,34,0.2742,0.7372,0.4635,0,0,0,eaglei
29211,August 2020 Midwest derecho,wind,tornado:151777,2020-08-10,19113,243,0.9255,0.9692,0.7774,0.3695,0.01459,0,eaglei
29213,"Wind and thunderstorms, April 2025",wind,tstm_wind:201441,2025-04-29,29009,71,0.2742,0.7372,0.4635,0,0,0,eaglei
29215,"Wind and thunderstorms, May 2025",wind,tornado:202193,2025-05-16,29510,211,0.2837,0.792,0.4604,0.07594,0,0,eaglei
29217,"Wind and thunderstorms, April 2025",wind,tstm_wind:201441,2025-04-29,29009,136,0.2742,0.7372,0.4635,0,0,0,eaglei
29219,"Wind and thunderstorms, June 2023",wind,tornado:180221,2023-06-29,17167,170,0.3515,0.5606,0.2404,0.09552,0,0,eaglei
29221,"Wind and thunderstorms, June 2023",wind,tornado:180221,2023-06-29,17167,228,0.3515,0.5606,0.2404,0.09552,0,0,eaglei
29223,"Wind and thunderstorms, May 2025",wind,tornado:202193,2025-05-16,29510,171,0.2837,0.792,0.4604,0.07594,0,0,eaglei
29225,"Wind and thunderstorms, April 2025",wind,tstm_wind:201441,2025-04-29,29009,107,0.2742,0.7372,0.4635,0,0,0,eaglei
29227,August 2020 Midwest derecho,wind,tstm_wind:150384,2020-08-10,19099,176,0.9602,0.874,0.7634,0.3078,0,0,eaglei
29229,"Wind and thunderstorms, May 2025",wind,tornado:202193,2025-05-16,29510,248,0.2837,0.792,0.4604,0.07594,0,0,eaglei
29510,"Wind and thunderstorms, June 2023",wind,tornado:180221,2023-06-29,17167,134,0.3515,0.5606,0.2404,0.09552,0,0,eaglei
30001,"Wind and thunderstorms, December 2025",wind,high_wind:209558,2025-12-17,30063,224,0.1465,0.4225,0.1338,0,0,0,eaglei
30003,"Wind and thunderstorms, August 2024",wind,tstm_wind:194323,2024-08-06,30111,83,0.1913,0.04815,0,0,0,0,eaglei
30005,"Wind and thunderstorms, December 2025",wind,high_wind:209183,2025-12-17,30005,0,1,0.01869,0,0,0,0,eaglei
30007,"Wind and thunderstorms, December 2025",wind,high_wind:209558,2025-12-17,30063,198,0.1465,0.4225,0.1338,0,0,0,eaglei
30009,"Wind and thunderstorms, August 2024",wind,tstm_wind:194323,2024-08-06,30111,98,0.1913,0.04815,0,0,0,0,eaglei
30011,"Wind and thunderstorms, December 2025",wind,high_wind:209541,2025-12-18,46033,220,1,0.8466,0.2176,0.006799,0,0,eaglei
30013,"Wind and thunderstorms, December 2025",wind,high_wind:209558,2025-12-17,30063,195,0.1465,0.4225,0.1338,0,0,0,eaglei
30015,"Wind and thunderstorms, December 2025",wind,high_wind:209183,2025-12-17,30049,169,0.298,0.1604,0.0301,0,0,0,eaglei
30017,"Wind and thunderstorms, August 2024",wind,tstm_wind:194323,2024-08-06,30111,213,0.1913,0.04815,0,0,0,0,eaglei
30019,"Winter storm, April 2022",winter,blizzard:168555,2022-04-23,38105,158,0.607,0.02418,0.01035,0.007287,0,0,eaglei
30021,"Winter storm, April 2022",winter,blizzard:168555,2022-04-23,38105,160,0.607,0.02418,0.01035,0.007287,0,0,eaglei
30023,"Wind and thunderstorms, January 2021",wind,high_wind:155212,2021-01-13,30089,241,1,0.4445,0.1589,0,0,0,eaglei
30025,"Winter storm, April 2022",winter,blizzard:168555,2022-04-23,38105,237,0.607,0.02418,0.01035,0.007287,0,0,eaglei
30027,"Wind and thunderstorms, December 2025",wind,high_wind:209183,2025-12-17,30049,238,0.298,0.1604,0.0301,0,0,0,eaglei
30029,"Wind and thunderstorms, December 2025",wind,high_wind:209558,2025-12-16,30053,108,0.5466,0.7342,0.231,0,0,0,eaglei
30031,"Wind and thunderstorms, December 2025",wind,high_wind:209183,2025-12-17,30049,201,0.298,0.1604,0.0301,0,0,0,eaglei
30033,"Wind and thunderstorms, August 2024",wind,tstm_wind:194323,2024-08-06,30111,177,0.1913,0.04815,0,0,0,0,eaglei
30035,"Wind and thunderstorms, December 2025",wind,high_wind:209558,2025-12-16,30053,183,0.5466,0.7342,0.231,0,0,0,eaglei
30037,"Wind and thunderstorms, August 2024",wind,tstm_wind:194323,2024-08-06,30111,85,0.1913,0.04815,0,0,0,0,eaglei
30039,"Wind and thunderstorms, January 2021",wind,high_wind:155212,2021-01-13,30089,201,1,0.4445,0.1589,0,0,0,eaglei
30041,"Wind and thunderstorms, December 2025",wind,high_wind:209183,2025-12-17,30049,239,0.298,0.1604,0.0301,0,0,0,eaglei
30043,"Wind and thunderstorms, December 2025",wind,high_wind:209558,2025-12-17,30063,172,0.1465,0.4225,0.1338,0,0,0,eaglei
30045,"Wind and thunderstorms, December 2025",wind,high_wind:209183,2025-12-17,30049,158,0.298,0.1604,0.0301,0,0,0,eaglei
30047,"Wind and thunderstorms, December 2025",wind,high_wind:209558,2025-12-16,30053,144,0.5466,0.7342,0.231,0,0,0,eaglei
30049,"Wind and thunderstorms, January 2021",wind,high_wind:155212,2021-01-13,30089,222,1,0.4445,0.1589,0,0,0,eaglei
30051,"Wind and thunderstorms, December 2025",wind,high_wind:209558,2025-12-17,30047,248,0.1434,0.6733,0.1007,0,0,0,eaglei
30053,"Wind and thunderstorms, December 2025",wind,high_wind:209558,2025-12-16,30053,0,0.5466,0.7342,0.231,0,0,0,eaglei
30055,"Winter storm, April 2022",winter,blizzard:168555,2022-04-23,38105,186,0.607,0.02418,0.01035,0.007287,0,0,eaglei
30057,"Wind and thunderstorms, December 2025",wind,high_wind:209558,2025-12-17,30063,243,0.1465,0.4225,0.1338,0,0,0,eaglei
30059,"Wind and thunderstorms, December 2025",wind,high_wind:209558,2025-12-17,30063,231,0.1465,0.4225,0.1338,0,0,0,eaglei
30061,"Wind and thunderstorms, December 2025",wind,high_wind:209558,2025-12-16,30053,161,0.5466,0.7342,0.231,0,0,0,eaglei
30063,"Wind and thunderstorms, December 2025",wind,high_wind:209558,2025-12-16,30053,206,0.5466,0.7342,0.231,0,0,0,eaglei
30065,"Wind and thunderstorms, August 2024",wind,tstm_wind:194323,2024-08-06,30111,64,0.1913,0.04815,0,0,0,0,eaglei
30067,"Wind and thunderstorms, December 2025",wind,high_wind:209183,2025-12-17,30049,233,0.298,0.1604,0.0301,0,0,0,eaglei
30069,"Wind and thunderstorms, August 2024",wind,tstm_wind:194323,2024-08-06,30111,134,0.1913,0.04815,0,0,0,0,eaglei
30071,"Wind and thunderstorms, December 2025",wind,high_wind:209183,2025-12-17,30005,79,1,0.01869,0,0,0,0,eaglei
30073,"Wind and thunderstorms, December 2025",wind,high_wind:209558,2025-12-16,30053,242,0.5466,0.7342,0.231,0,0,0,eaglei
30075,"Wind and thunderstorms, December 2025",wind,high_wind:209541,2025-12-18,46081,181,0.146,0.7514,0.09784,0,0,0,eaglei
30077,"Wind and thunderstorms, January 2021",wind,high_wind:155212,2021-01-13,30089,198,1,0.4445,0.1589,0,0,0,eaglei
30079,"Winter storm, April 2022",winter,blizzard:168555,2022-04-23,38105,228,0.607,0.02418,0.01035,0.007287,0,0,eaglei
30081,"Wind and thunderstorms, January 2021",wind,high_wind:155212,2021-01-13,30089,204,1,0.4445,0.1589,0,0,0,eaglei
30083,"Winter storm, April 2022",winter,blizzard:168555,2022-04-23,38105,101,0.607,0.02418,0.01035,0.007287,0,0,eaglei
30085,"Winter storm, April 2022",winter,blizzard:168555,2022-04-23,38105,111,0.607,0.02418,0.01035,0.007287,0,0,eaglei
30087,"Wind and thunderstorms, August 2024",wind,tstm_wind:194323,2024-08-06,30111,127,0.1913,0.04815,0,0,0,0,eaglei
30089,"Wind and thunderstorms, December 2025",wind,high_wind:209558,2025-12-16,30053,91,0.5466,0.7342,0.231,0,0,0,eaglei
30091,"Winter storm, April 2022",winter,blizzard:168555,2022-04-23,38105,85,0.607,0.02418,0.01035,0.007287,0,0,eaglei
30093,"Wind and thunderstorms, December 2025",wind,high_wind:209558,2025-12-17,30063,157,0.1465,0.4225,0.1338,0,0,0,eaglei
30095,"Wind and thunderstorms, August 2024",wind,tstm_wind:194323,2024-08-06,30111,91,0.1913,0.04815,0,0,0,0,eaglei
30097,"Wind and thunderstorms, December 2025",wind,high_wind:209183,2025-12-17,30049,237,0.298,0.1604,0.0301,0,0,0,eaglei
30099,"Wind and thunderstorms, December 2025",wind,high_wind:209558,2025-12-16,30053,250,0.5466,0.7342,0.231,0,0,0,eaglei
30101,"Wind and thunderstorms, December 2025",wind,high_wind:209558,2025-12-17,30063,242,0.1465,0.4225,0.1338,0,0,0,eaglei
30103,"Wind and thunderstorms, August 2024",wind,tstm_wind:194323,2024-08-06,30111,84,0.1913,0.04815,0,0,0,0,eaglei
30105,"Winter storm, April 2022",winter,blizzard:168555,2022-04-23,38105,234,0.607,0.02418,0.01035,0.007287,0,0,eaglei
30107,"Wind and thunderstorms, December 2025",wind,high_wind:209183,2025-12-17,30049,204,0.298,0.1604,0.0301,0,0,0,eaglei
30109,"Winter storm, April 2022",winter,blizzard:168555,2022-04-23,38105,165,0.607,0.02418,0.01035,0.007287,0,0,eaglei
30111,"Wind and thunderstorms, August 2024",wind,tstm_wind:194323,2024-08-06,30111,0,0.1913,0.04815,0,0,0,0,eaglei
31001,"Winter storm, March 2025",winter,blizzard:200787,2025-03-19,31155,175,0.7763,0.7894,0.435,0.03233,0,0,eaglei
31003,"Winter storm, March 2025",winter,blizzard:200787,2025-03-19,31155,159,0.7763,0.7894,0.435,0.03233,0,0,eaglei
31005,"Wind and thunderstorms, December 2025",wind,high_wind:209541,2025-12-18,46047,236,0.5677,0.156,0.08123,0,0,0,eaglei
31007,"Wind and thunderstorms, December 2025",wind,high_wind:209541,2025-12-18,46033,240,1,0.8466,0.2176,0.006799,0,0,eaglei
31009,"Winter storm, March 2025",winter,blizzard:200378,2025-03-19,31185,232,0.4376,0.06474,0.01446,0,0,0,eaglei
31011,"Winter storm, March 2025",winter,blizzard:200787,2025-03-19,31155,130,0.7763,0.7894,0.435,0.03233,0,0,eaglei
31013,"Wind and thunderstorms, December 2025",wind,high_wind:209541,2025-12-18,46033,167,1,0.8466,0.2176,0.006799,0,0,eaglei
31015,"Winter storm, March 2025",winter,blizzard:200787,2025-03-19,31053,228,0.1262,0.8484,0.6505,0,0,0,eaglei
31017,"Wind and thunderstorms, May 2022",wind,tstm_wind:170478,2022-05-12,46067,208,0.4782,0.007402,0,0,0,0,eaglei
31019,"Winter storm, March 2025",winter,blizzard:200787,2025-03-19,31155,208,0.7763,0.7894,0.435,0.03233,0,0,eaglei
31021,"Winter storm, March 2025",winter,blizzard:200787,2025-03-19,31155,75,0.7763,0.7894,0.435,0.03233,0,0,eaglei
31023,"Winter storm, March 2025",winter,blizzard:200787,2025-03-19,31155,41,0.7763,0.7894,0.435,0.03233,0,0,eaglei
31025,"Winter storm, March 2025",winter,blizzard:200787,2025-03-19,31155,55,0.7763,0.7894,0.435,0.03233,0,0,eaglei
31027,"Winter storm, March 2025",winter,blizzard:200787,2025-03-19,31155,162,0.7763,0.7894,0.435,0.03233,0,0,eaglei
31031,"Wind and thunderstorms, December 2025",wind,high_wind:209541,2025-12-18,46033,232,1,0.8466,0.2176,0.006799,0,0,eaglei
31033,"Wind and thunderstorms, December 2025",wind,high_wind:209541,2025-12-18,46047,227,0.5677,0.156,0.08123,0,0,0,eaglei
31035,"Winter storm, March 2025",winter,blizzard:200787,2025-03-19,31155,142,0.7763,0.7894,0.435,0.03233,0,0,eaglei
31037,"Winter storm, March 2025",winter,blizzard:200787,2025-03-19,31155,54,0.7763,0.7894,0.435,0.03233,0,0,eaglei
31039,"Winter storm, March 2025",winter,blizzard:200787,2025-03-19,31155,78,0.7763,0.7894,0.435,0.03233,0,0,eaglei
31041,"Winter storm, March 2025",winter,blizzard:200787,2025-03-19,31159,224,0.8932,0.6736,0.4116,0.01311,0,0,eaglei
31043,"Winter storm, March 2025",winter,blizzard:200787,2025-03-19,31155,130,0.7763,0.7894,0.435,0.03233,0,0,eaglei
31045,"Wind and thunderstorms, December 2025",wind,high_wind:209541,2025-12-18,46033,111,1,0.8466,0.2176,0.006799,0,0,eaglei
31047,"Winter storm, March 2025",winter,blizzard:200787,2025-03-19,31159,225,0.8932,0.6736,0.4116,0.01311,0,0,eaglei
31049,"Wind and thunderstorms, June 2024",wind,tstm_wind:191882,2024-06-20,31165,190,1,0.02587,0.006345,0,0,0,eaglei
31051,"Winter storm, March 2025",winter,blizzard:200787,2025-03-19,31155,141,0.7763,0.7894,0.435,0.03233,0,0,eaglei
31053,"Winter storm, March 2025",winter,blizzard:200787,2025-03-19,31155,39,0.7763,0.7894,0.435,0.03233,0,0,eaglei
31055,"Winter storm, March 2025",winter,blizzard:200787,2025-03-19,31155,42,0.7763,0.7894,0.435,0.03233,0,0,eaglei
31059,"Winter storm, March 2025",winter,blizzard:200787,2025-03-19,31155,112,0.7763,0.7894,0.435,0.03233,0,0,eaglei
31061,"Winter storm, March 2025",winter,blizzard:200787,2025-03-19,31155,227,0.7763,0.7894,0.435,0.03233,0,0,eaglei
31063,"Winter storm, March 2025",winter,blizzard:200378,2025-03-19,31185,240,0.4376,0.06474,0.01446,0,0,0,eaglei
31065,"Winter storm, March 2025",winter,blizzard:200787,2025-03-19,31159,246,0.8932,0.6736,0.4116,0.01311,0,0,eaglei
31067,"Winter storm, March 2025",winter,blizzard:200787,2025-03-19,31155,108,0.7763,0.7894,0.435,0.03233,0,0,eaglei
31069,"Wind and thunderstorms, December 2025",wind,high_wind:209541,2025-12-18,46033,247,1,0.8466,0.2176,0.006799,0,0,eaglei
31071,"Winter storm, March 2025",winter,blizzard:200787,2025-03-19,31155,207,0.7763,0.7894,0.435,0.03233,0,0,eaglei
31073,"Winter storm, March 2025",winter,blizzard:200787,2025-03-19,31159,230,0.8932,0.6736,0.4116,0.01311,0,0,eaglei
31075,"Wind and thunderstorms, December 2025",wind,high_wind:209541,2025-12-18,46033,241,1,0.8466,0.2176,0.006799,0,0,eaglei
31077,"Winter storm, March 2025",winter,blizzard:200787,2025-03-19,31155,162,0.7763,0.7894,0.435,0.03233,0,0,eaglei
31079,"Winter storm, March 2025",winter,blizzard:200787,2025-03-19,31155,161,0.7763,0.7894,0.435,0.03233,0,0,eaglei
31081,"Winter storm, March 2025",winter,blizzard:200787,2025-03-19,31155,122,0.7763,0.7894,0.435,0.03233,0,0,eaglei
31083,"Winter storm, March 2025",winter,blizzard:200787,2025-03-19,31159,206,0.8932,0.6736,0.4116,0.01311,0,0,eaglei
31089,"Winter storm, March 2025",winter,blizzard:200787,2025-03-19,31155,224,0.7763,0.7894,0.435,0.03233,0,0,eaglei
31091,"Wind and thunderstorms, December 2025",wind,high_wind:209541,2025-12-18,46047,244,0.5677,0.156,0.08123,0,0,0,eaglei
31093,"Winter storm, March 2025",winter,blizzard:200787,2025-03-19,31155,156,0.7763,0.7894,0.435,0.03233,0,0,eaglei
31095,"Winter storm, March 2025",winter,blizzard:200787,2025-03-19,31155,124,0.7763,0.7894,0.435,0.03233,0,0,eaglei
31097,"Winter storm, March 2025",winter,blizzard:200787,2025-03-19,31155,97,0.7763,0.7894,0.435,0.03233,0,0,eaglei
31099,"Winter storm, March 2025",winter,blizzard:200787,2025-03-19,31155,209,0.7763,0.7894,0.435,0.03233,0,0,eaglei
31101,"Wind and thunderstorms, June 2024",wind,tstm_wind:191882,2024-06-20,31165,224,1,0.02587,0.006345,0,0,0,eaglei
31103,"Wind and thunderstorms, May 2022",wind,tstm_wind:170478,2022-05-12,46079,246,0.4219,0.4965,0.05085,0,0,0,eaglei
31105,"Wind and thunderstorms, December 2025",wind,high_wind:209541,2025-12-18,46047,225,0.5677,0.156,0.08123,0,0,0,eaglei
31107,"Winter storm, March 2025",winter,blizzard:200787,2025-03-19,31155,188,0.7763,0.7894,0.435,0.03233,0,0,eaglei
31109,"Winter storm, March 2025",winter,blizzard:200787,2025-03-19,31155,49,0.7763,0.7894,0.435,0.03233,0,0,eaglei
31113,"Winter storm, March 2025",winter,blizzard:200378,2025-03-19,31185,250,0.4376,0.06474,0.01446,0,0,0,eaglei
31115,"Winter storm, March 2025",winter,blizzard:200787,2025-03-19,31159,229,0.8932,0.6736,0.4116,0.01311,0,0,eaglei
31117,"Wind and thunderstorms, June 2024",wind,tstm_wind:191882,2024-06-20,31165,234,1,0.02587,0.006345,0,0,0,eaglei
31119,"Winter storm, March 2025",winter,blizzard:200787,2025-03-19,31155,111,0.7763,0.7894,0.435,0.03233,0,0,eaglei
31121,"Winter storm, March 2025",winter,blizzard:200787,2025-03-19,31155,116,0.7763,0.7894,0.435,0.03233,0,0,eaglei
31123,"Wind and thunderstorms, December 2025",wind,high_wind:209541,2025-12-18,46033,221,1,0.8466,0.2176,0.006799,0,0,eaglei
31125,"Winter storm, March 2025",winter,blizzard:200787,2025-03-19,31155,114,0.7763,0.7894,0.435,0.03233,0,0,eaglei
31127,"Winter storm, March 2025",winter,blizzard:200787,2025-03-19,31155,114,0.7763,0.7894,0.435,0.03233,0,0,eaglei
31129,"Winter storm, March 2025",winter,blizzard:200787,2025-03-19,31155,166,0.7763,0.7894,0.435,0.03233,0,0,eaglei
31131,"Winter storm, March 2025",winter,blizzard:200787,2025-03-19,31155,78,0.7763,0.7894,0.435,0.03233,0,0,eaglei
31133,"Winter storm, March 2025",winter,blizzard:200787,2025-03-19,31155,125,0.7763,0.7894,0.435,0.03233,0,0,eaglei
31137,"Winter storm, March 2025",winter,blizzard:200787,2025-03-19,31155,245,0.7763,0.7894,0.435,0.03233,0,0,eaglei
31139,"Winter storm, March 2025",winter,blizzard:200787,2025-03-19,31155,142,0.7763,0.7894,0.435,0.03233,0,0,eaglei
31141,"Winter storm, March 2025",winter,blizzard:200787,2025-03-19,31155,83,0.7763,0.7894,0.435,0.03233,0,0,eaglei
31143,"Winter storm, March 2025",winter,blizzard:200787,2025-03-19,31155,78,0.7763,0.7894,0.435,0.03233,0,0,eaglei
31145,"Winter storm, March 2025",winter,blizzard:200378,2025-03-19,31169,244,1,0.174,0.01185,0,0,0,eaglei
31147,"Winter storm, March 2025",winter,blizzard:200787,2025-03-19,31155,145,0.7763,0.7894,0.435,0.03233,0,0,eaglei
31149,"Winter storm, March 2025",winter,blizzard:200787,2025-03-19,31053,247,0.1262,0.8484,0.6505,0,0,0,eaglei
31151,"Winter storm, March 2025",winter,blizzard:200787,2025-03-19,31155,89,0.7763,0.7894,0.435,0.03233,0,0,eaglei
31153,"Winter storm, March 2025",winter,blizzard:200787,2025-03-19,31155,46,0.7763,0.7894,0.435,0.03233,0,0,eaglei
31155,"Winter storm, March 2025",winter,blizzard:200787,2025-03-19,31155,0,0.7763,0.7894,0.435,0.03233,0,0,eaglei
31157,"Wind and thunderstorms, December 2025",wind,high_wind:209541,2025-12-18,46033,205,1,0.8466,0.2176,0.006799,0,0,eaglei
31159,"Winter storm, March 2025",winter,blizzard:200787,2025-03-19,31155,57,0.7763,0.7894,0.435,0.03233,0,0,eaglei
31161,"Wind and thunderstorms, December 2025",wind,high_wind:209541,2025-12-18,46033,158,1,0.8466,0.2176,0.006799,0,0,eaglei
31163,"Winter storm, March 2025",winter,blizzard:200787,2025-03-19,31155,195,0.7763,0.7894,0.435,0.03233,0,0,eaglei
31165,"Wind and thunderstorms, December 2025",wind,high_wind:209541,2025-12-18,46033,137,1,0.8466,0.2176,0.006799,0,0,eaglei
31167,"Winter storm, March 2025",winter,blizzard:200787,2025-03-19,31155,88,0.7763,0.7894,0.435,0.03233,0,0,eaglei
31169,"Winter storm, March 2025",winter,blizzard:200787,2025-03-19,31155,142,0.7763,0.7894,0.435,0.03233,0,0,eaglei
31173,"Winter storm, March 2025",winter,blizzard:200787,2025-03-19,31155,104,0.7763,0.7894,0.435,0.03233,0,0,eaglei
31175,"Winter storm, March 2025",winter,blizzard:200787,2025-03-19,31155,199,0.7763,0.7894,0.435,0.03233,0,0,eaglei
31177,"Winter storm, March 2025",winter,blizzard:200787,2025-03-19,31155,49,0.7763,0.7894,0.435,0.03233,0,0,eaglei
31179,"Winter storm, March 2025",winter,blizzard:200787,2025-03-19,31155,117,0.7763,0.7894,0.435,0.03233,0,0,eaglei
31181,"Winter storm, March 2025",winter,blizzard:200787,2025-03-19,31155,195,0.7763,0.7894,0.435,0.03233,0,0,eaglei
31183,"Winter storm, March 2025",winter,blizzard:200787,2025-03-19,31155,175,0.7763,0.7894,0.435,0.03233,0,0,eaglei
31185,"Winter storm, March 2025",winter,blizzard:200787,2025-03-19,31155,89,0.7763,0.7894,0.435,0.03233,0,0,eaglei
32001,"Cold and a grid emergency, December 2021",cold_grid,winter_storm:165640,2021-12-27,06057,217,0.6142,0.5856,0.477,0.3147,0,0,eaglei
32003,"Wind and thunderstorms, January 2025",wind,high_wind:199324,2025-01-08,06071,184,0.1142,0.2734,0.08671,0.08671,0,0,eaglei
32005,November 2018 Camp Fire,wildfire,wildfire:131864,2018-11-08,06007,191,0.2839,0.9604,0.9567,0.8769,0.5459,0.4124,eaglei
32007,"Power cut, cause not recorded, September 2020",unattributed,,2020-09-08,49003,199,0.1381,0.3567,0.125,0,0,0,eaglei
32009,"Heat, July 2022",heat,heat:170278,2022-07-20,06043,202,0.4336,0.9539,0.5944,0.225,0,0,eaglei
32013,"Winter storm, December 2022",winter,winter_storm:176266,2022-12-31,32031,149,0.102,0.7037,0.1555,0,0,0,eaglei
32015,"Winter storm, December 2022",winter,winter_storm:176266,2022-12-31,32031,240,0.102,0.7037,0.1555,0,0,0,eaglei
32019,November 2018 Camp Fire,wildfire,wildfire:131864,2018-11-08,06007,219,0.2839,0.9604,0.9567,0.8769,0.5459,0.4124,eaglei
32021,"Cold and a grid emergency, December 2021",cold_grid,winter_storm:165640,2021-12-27,06057,221,0.6142,0.5856,0.477,0.3147,0,0,eaglei
32023,"Wildfire or fire-weather shutoff, November 2020",wildfire,wildfire:154764,2020-11-17,06051,212,0.4167,0.1639,0.08863,0,0,0,eaglei
32027,"Cold and a grid emergency, December 2021",cold_grid,winter_storm:165640,2021-12-27,06057,238,0.6142,0.5856,0.477,0.3147,0,0,eaglei
32029,November 2018 Camp Fire,wildfire,wildfire:131864,2018-11-08,06007,180,0.2839,0.9604,0.9567,0.8769,0.5459,0.4124,eaglei
32031,November 2018 Camp Fire,wildfire,wildfire:131864,2018-11-08,06007,203,0.2839,0.9604,0.9567,0.8769,0.5459,0.4124,eaglei
32510,November 2018 Camp Fire,wildfire,wildfire:131864,2018-11-08,06007,169,0.2839,0.9604,0.9567,0.8769,0.5459,0.4124,eaglei
33001,"Wind and thunderstorms, October 2017",wind,tstm_wind:120944,2017-10-30,23015,162,1,0.967,0.5265,0.1178,0,0,eaglei
33003,"Wind and thunderstorms, October 2017",wind,tstm_wind:120944,2017-10-30,23015,136,1,0.967,0.5265,0.1178,0,0,eaglei
33005,Hurricane Isaias,hurricane,AL092020,2020-08-04,36103,223,0.3006,0.8087,0.5071,0.05427,0,0,eaglei
33007,"Wind and thunderstorms, October 2017",wind,tstm_wind:120944,2017-10-30,23015,159,1,0.967,0.5265,0.1178,0,0,eaglei
33009,"Wind and thunderstorms, October 2017",wind,tstm_wind:120944,2017-10-30,23015,187,1,0.967,0.5265,0.1178,0,0,eaglei
33011,"Wind and thunderstorms, October 2017",wind,tstm_wind:120944,2017-10-30,23015,215,1,0.967,0.5265,0.1178,0,0,eaglei
33013,"Wind and thunderstorms, October 2017",wind,tstm_wind:120944,2017-10-30,23015,191,1,0.967,0.5265,0.1178,0,0,eaglei
33015,"Wind and thunderstorms, October 2017",wind,tstm_wind:120944,2017-10-30,23015,170,1,0.967,0.5265,0.1178,0,0,eaglei
33017,"Wind and thunderstorms, October 2017",wind,tstm_wind:120944,2017-10-30,23015,145,1,0.967,0.5265,0.1178,0,0,eaglei
33019,"Wind and thunderstorms, October 2017",wind,tstm_wind:120944,2017-10-30,23015,229,1,0.967,0.5265,0.1178,0,0,eaglei
34001,"Winter storm, March 2018",winter,blizzard:124559,2018-03-02,42103,209,1,0.9002,0.7167,0.09552,0,0,eaglei
34003,"Winter storm, March 2018",winter,blizzard:124559,2018-03-02,42103,90,1,0.9002,0.7167,0.09552,0,0,eaglei
34005,"Winter storm, March 2018",winter,blizzard:124559,2018-03-02,42103,164,1,0.9002,0.7167,0.09552,0,0,eaglei
34007,"Winter storm, March 2018",winter,blizzard:124559,2018-03-02,42103,170,1,0.9002,0.7167,0.09552,0,0,eaglei
34009,"Winter storm, March 2018",winter,blizzard:124559,2018-03-02,42103,250,1,0.9002,0.7167,0.09552,0,0,eaglei
34011,"Winter storm, March 2018",winter,blizzard:124559,2018-03-02,42103,222,1,0.9002,0.7167,0.09552,0,0,eaglei
34013,"Winter storm, March 2018",winter,blizzard:124559,2018-03-02,42103,89,1,0.9002,0.7167,0.09552,0,0,eaglei
34015,"Winter storm, March 2018",winter,blizzard:124559,2018-03-02,42103,179,1,0.9002,0.7167,0.09552,0,0,eaglei
34017,"Winter storm, March 2018",winter,blizzard:124559,2018-03-02,42103,104,1,0.9002,0.7167,0.09552,0,0,eaglei
34019,"Winter storm, March 2018",winter,blizzard:124559,2018-03-02,42103,85,1,0.9002,0.7167,0.09552,0,0,eaglei
34021,"Winter storm, March 2018",winter,blizzard:124559,2018-03-02,42103,119,1,0.9002,0.7167,0.09552,0,0,eaglei
34023,"Winter storm, March 2018",winter,blizzard:124559,2018-03-02,42103,112,1,0.9002,0.7167,0.09552,0,0,eaglei
34025,"Winter storm, March 2018",winter,blizzard:124559,2018-03-02,42103,137,1,0.9002,0.7167,0.09552,0,0,eaglei
34027,"Winter storm, March 2018",winter,blizzard:124559,2018-03-02,42103,66,1,0.9002,0.7167,0.09552,0,0,eaglei
34029,"Winter storm, March 2018",winter,blizzard:124559,2018-03-02,42103,175,1,0.9002,0.7167,0.09552,0,0,eaglei
34031,"Winter storm, March 2018",winter,blizzard:124559,2018-03-02,42103,69,1,0.9002,0.7167,0.09552,0,0,eaglei
34033,"Winter storm, March 2018",winter,blizzard:124559,2018-03-02,42103,197,1,0.9002,0.7167,0.09552,0,0,eaglei
34035,"Winter storm, March 2018",winter,blizzard:124559,2018-03-02,42103,91,1,0.9002,0.7167,0.09552,0,0,eaglei
34037,"Winter storm, March 2018",winter,blizzard:124559,2018-03-02,42103,35,1,0.9002,0.7167,0.09552,0,0,eaglei
34039,"Winter storm, March 2018",winter,blizzard:124559,2018-03-02,42103,96,1,0.9002,0.7167,0.09552,0,0,eaglei
34041,"Winter storm, March 2018",winter,blizzard:124559,2018-03-02,42103,53,1,0.9002,0.7167,0.09552,0,0,eaglei
35001,"Wildfire or fire-weather shutoff, June 2024",wildfire,wildfire:191109,2024-06-17,35027,184,0.849,0.454,0.454,0.1183,0.03691,0,eaglei
35003,"Winter storm, January 2023",winter,heavy_snow:176175,2023-01-01,04007,224,0.2307,0.07013,0.07013,0,0,0,eaglei
35005,"Wildfire or fire-weather shutoff, June 2024",wildfire,wildfire:191109,2024-06-17,35027,100,0.849,0.454,0.454,0.1183,0.03691,0,eaglei
35006,"Winter storm, November 2024",winter,heavy_snow:196541,2024-11-07,35061,111,0.4601,0.08096,0,0,0,0,eaglei
35007,"Power cut, cause not recorded, August 2025",unattributed,,2025-08-26,08043,216,0.1119,0.1095,0.1095,0,0,0,eaglei
35009,"Wildfire or fire-weather shutoff, June 2024",wildfire,wildfire:191109,2024-06-17,35027,215,0.849,0.454,0.454,0.1183,0.03691,0,eaglei
35011,"Wildfire or fire-weather shutoff, June 2024",wildfire,wildfire:191109,2024-06-17,35027,121,0.849,0.454,0.454,0.1183,0.03691,0,eaglei
35013,"Wildfire or fire-weather shutoff, June 2024",wildfire,wildfire:191109,2024-06-17,35027,201,0.849,0.454,0.454,0.1183,0.03691,0,eaglei
35015,"Wildfire or fire-weather shutoff, June 2024",wildfire,wildfire:191109,2024-06-17,35027,178,0.849,0.454,0.454,0.1183,0.03691,0,eaglei
35017,"Wind and thunderstorms, June 2024",wind,tstm_wind:193230,2024-06-29,35013,151,0.1199,0.4887,0,0,0,0,eaglei
35019,"Wildfire or fire-weather shutoff, June 2024",wildfire,wildfire:191109,2024-06-17,35027,140,0.849,0.454,0.454,0.1183,0.03691,0,eaglei
35021,"Wind and thunderstorms, December 2021",wind,high_wind:164526,2021-12-15,08089,225,0.5196,0.037,0.01571,0,0,0,eaglei
35023,"Wind and thunderstorms, June 2024",wind,tstm_wind:193230,2024-06-29,35013,187,0.1199,0.4887,0,0,0,0,eaglei
35025,"Wildfire or fire-weather shutoff, June 2024",wildfire,wildfire:191109,2024-06-17,35027,217,0.849,0.454,0.454,0.1183,0.03691,0,eaglei
35027,"Wildfire or fire-weather shutoff, June 2024",wildfire,wildfire:191109,2024-06-17,35027,0,0.849,0.454,0.454,0.1183,0.03691,0,eaglei
35028,"Wildfire or fire-weather shutoff, June 2024",wildfire,wildfire:191109,2024-06-17,35027,249,0.849,0.454,0.454,0.1183,0.03691,0,eaglei
35029,"Wind and thunderstorms, June 2024",wind,tstm_wind:193230,2024-06-29,35013,88,0.1199,0.4887,0,0,0,0,eaglei
35031,"Winter storm, November 2024",winter,heavy_snow:196541,2024-11-07,35061,163,0.4601,0.08096,0,0,0,0,eaglei
35033,"Wind and thunderstorms, December 2021",wind,high_wind:164526,2021-12-15,08089,237,0.5196,0.037,0.01571,0,0,0,eaglei
35035,"Wildfire or fire-weather shutoff, June 2024",wildfire,wildfire:191109,2024-06-17,35027,128,0.849,0.454,0.454,0.1183,0.03691,0,eaglei
35037,"Wildfire or fire-weather shutoff, June 2024",wildfire,wildfire:191109,2024-06-17,35027,231,0.849,0.454,0.454,0.1183,0.03691,0,eaglei
35039,"Power cut, cause not recorded, August 2025",unattributed,,2025-08-26,08043,244,0.1119,0.1095,0.1095,0,0,0,eaglei
35041,"Wildfire or fire-weather shutoff, June 2024",wildfire,wildfire:191109,2024-06-17,35027,184,0.849,0.454,0.454,0.1183,0.03691,0,eaglei
35043,"Winter storm, November 2024",winter,heavy_snow:196541,2024-11-07,35061,108,0.4601,0.08096,0,0,0,0,eaglei
35045,"Winter storm, November 2024",winter,heavy_snow:196541,2024-11-07,35061,242,0.4601,0.08096,0,0,0,0,eaglei
35047,"Wildfire or fire-weather shutoff, June 2024",wildfire,wildfire:191109,2024-06-17,35027,202,0.849,0.454,0.454,0.1183,0.03691,0,eaglei
35049,"Wildfire or fire-weather shutoff, June 2024",wildfire,wildfire:191109,2024-06-17,35027,203,0.849,0.454,0.454,0.1183,0.03691,0,eaglei
35051,"Wildfire or fire-weather shutoff, June 2024",wildfire,wildfire:191109,2024-06-17,35027,175,0.849,0.454,0.454,0.1183,0.03691,0,eaglei
35053,"Wildfire or fire-weather shutoff, June 2024",wildfire,wildfire:191109,2024-06-17,35027,140,0.849,0.454,0.454,0.1183,0.03691,0,eaglei
35055,"Power cut, cause not recorded, August 2025",unattributed,,2025-08-26,08043,210,0.1119,0.1095,0.1095,0,0,0,eaglei
35057,"Wildfire or fire-weather shutoff, June 2024",wildfire,wildfire:191109,2024-06-17,35027,99,0.849,0.454,0.454,0.1183,0.03691,0,eaglei
35059,"Wind and thunderstorms, December 2021",wind,high_wind:164526,2021-12-15,08089,157,0.5196,0.037,0.01571,0,0,0,eaglei
35061,"Wildfire or fire-weather shutoff, June 2024",wildfire,wildfire:191109,2024-06-17,35027,165,0.849,0.454,0.454,0.1183,0.03691,0,eaglei
36001,"Winter storm, March 2018",winter,blizzard:124559,2018-03-02,42103,165,1,0.9002,0.7167,0.09552,0,0,eaglei
36003,"Winter storm, March 2018",winter,blizzard:124559,2018-03-02,42127,236,0.6157,0.7738,0.4295,0,0,0,eaglei
36005,"Winter storm, March 2018",winter,blizzard:124559,2018-03-02,42103,112,1,0.9002,0.7167,0.09552,0,0,eaglei
36007,"Winter storm, March 2018",winter,blizzard:124559,2018-03-02,42103,114,1,0.9002,0.7167,0.09552,0,0,eaglei
36009,"Wind and thunderstorms, April 2025",wind,tstm_wind:202114,2025-04-29,42003,225,0.4062,0.6224,0.2484,0.04404,0,0,eaglei
36011,"Winter storm, March 2018",winter,blizzard:124559,2018-03-02,42103,226,1,0.9002,0.7167,0.09552,0,0,eaglei
36013,"Wind and thunderstorms, April 2025",wind,tstm_wind:202114,2025-04-29,42003,209,0.4062,0.6224,0.2484,0.04404,0,0,eaglei
36015,"Winter storm, March 2018",winter,blizzard:124559,2018-03-02,42103,170,1,0.9002,0.7167,0.09552,0,0,eaglei
36017,"Winter storm, March 2018",winter,blizzard:124559,2018-03-02,42103,137,1,0.9002,0.7167,0.09552,0,0,eaglei
36019,"Power cut, cause not recorded, March 2025",unattributed,,2025-03-07,33001,228,0.1207,0.0792,0.0534,0.04267,0,0,eaglei
36021,"Winter storm, March 2018",winter,blizzard:124559,2018-03-02,42103,155,1,0.9002,0.7167,0.09552,0,0,eaglei
36023,"Winter storm, March 2018",winter,blizzard:124559,2018-03-02,42103,165,1,0.9002,0.7167,0.09552,0,0,eaglei
36025,"Winter storm, March 2018",winter,blizzard:124559,2018-03-02,42103,97,1,0.9002,0.7167,0.09552,0,0,eaglei
36027,"Winter storm, March 2018",winter,blizzard:124559,2018-03-02,42103,118,1,0.9002,0.7167,0.09552,0,0,eaglei
36029,"Wind and thunderstorms, March 2017",wind,high_wind:114829,2017-03-08,36055,104,0.3248,0.8174,0.3081,0,0,0,eaglei
36031,"Power cut, cause not recorded, March 2025",unattributed,,2025-03-07,33001,200,0.1207,0.0792,0.0534,0.04267,0,0,eaglei
36033,December 2022 winter storm (Elliott),wind,high_wind:175132,2022-12-23,50017,168,0.2433,0.6603,0.2585,0,0,0,eaglei
36035,"Winter storm, March 2018",winter,blizzard:124559,2018-03-02,42103,205,1,0.9002,0.7167,0.09552,0,0,eaglei
36037,"Wind and thunderstorms, March 2017",wind,high_wind:114829,2017-03-08,36055,49,0.3248,0.8174,0.3081,0,0,0,eaglei
36039,"Winter storm, March 2018",winter,blizzard:124559,2018-03-02,42103,129,1,0.9002,0.7167,0.09552,0,0,eaglei
36041,"Power cut, cause not recorded, March 2025",unattributed,,2025-03-07,33001,248,0.1207,0.0792,0.0534,0.04267,0,0,eaglei
36043,"Winter storm, March 2018",winter,blizzard:124558,2018-03-02,36105,206,0.742,0.7247,0.492,0.0349,0,0,eaglei
36045,"Wind and thunderstorms, March 2017",wind,high_wind:114829,2017-03-08,36055,156,0.3248,0.8174,0.3081,0,0,0,eaglei
36047,"Winter storm, March 2018",winter,blizzard:124559,2018-03-02,42103,119,1,0.9002,0.7167,0.09552,0,0,eaglei
36049,"Winter storm, March 2018",winter,blizzard:124558,2018-03-02,36105,236,0.742,0.7247,0.492,0.0349,0,0,eaglei
36051,"Winter storm, March 2018",winter,blizzard:124559,2018-03-02,42127,238,0.6157,0.7738,0.4295,0,0,0,eaglei
36053,"Winter storm, March 2018",winter,blizzard:124559,2018-03-02,42103,184,1,0.9002,0.7167,0.09552,0,0,eaglei
36055,"Wind and thunderstorms, March 2017",wind,high_wind:114829,2017-03-08,36055,0,0.3248,0.8174,0.3081,0,0,0,eaglei
36057,"Winter storm, March 2018",winter,blizzard:124559,2018-03-02,42103,182,1,0.9002,0.7167,0.09552,0,0,eaglei
36059,"Winter storm, March 2018",winter,blizzard:124559,2018-03-02,42103,138,1,0.9002,0.7167,0.09552,0,0,eaglei
36061,"Winter storm, March 2018",winter,blizzard:124559,2018-03-02,42103,108,1,0.9002,0.7167,0.09552,0,0,eaglei
36063,"Wind and thunderstorms, March 2017",wind,high_wind:114829,2017-03-08,36055,90,0.3248,0.8174,0.3081,0,0,0,eaglei
36065,"Winter storm, March 2018",winter,blizzard:124559,2018-03-02,42103,216,1,0.9002,0.7167,0.09552,0,0,eaglei
36067,"Winter storm, March 2018",winter,blizzard:124559,2018-03-02,42103,210,1,0.9002,0.7167,0.09552,0,0,eaglei
36069,"Winter storm, March 2018",winter,blizzard:124558,2018-03-02,36105,244,0.742,0.7247,0.492,0.0349,0,0,eaglei
36071,"Winter storm, March 2018",winter,blizzard:124559,2018-03-02,42103,61,1,0.9002,0.7167,0.09552,0,0,eaglei
36073,"Wind and thunderstorms, March 2017",wind,high_wind:114829,2017-03-08,36055,42,0.3248,0.8174,0.3081,0,0,0,eaglei
36075,"Winter storm, March 2018",winter,blizzard:124558,2018-03-02,36105,227,0.742,0.7247,0.492,0.0349,0,0,eaglei
36077,"Winter storm, March 2018",winter,blizzard:124559,2018-03-02,42103,145,1,0.9002,0.7167,0.09552,0,0,eaglei
36079,"Winter storm, March 2018",winter,blizzard:124559,2018-03-02,42103,108,1,0.9002,0.7167,0.09552,0,0,eaglei
36081,"Winter storm, March 2018",winter,blizzard:124559,2018-03-02,42103,125,1,0.9002,0.7167,0.09552,0,0,eaglei
36083,"Winter storm, March 2018",winter,blizzard:124559,2018-03-02,42103,199,1,0.9002,0.7167,0.09552,0,0,eaglei
36085,"Winter storm, March 2018",winter,blizzard:124559,2018-03-02,42103,113,1,0.9002,0.7167,0.09552,0,0,eaglei
36087,"Winter storm, March 2018",winter,blizzard:124559,2018-03-02,42103,86,1,0.9002,0.7167,0.09552,0,0,eaglei
36089,December 2022 winter storm (Elliott),wind,high_wind:175132,2022-12-23,50017,222,0.2433,0.6603,0.2585,0,0,0,eaglei
36091,"Winter storm, March 2018",winter,blizzard:124559,2018-03-02,42103,220,1,0.9002,0.7167,0.09552,0,0,eaglei
36093,"Winter storm, March 2018",winter,blizzard:124559,2018-03-02,42103,185,1,0.9002,0.7167,0.09552,0,0,eaglei
36095,"Winter storm, March 2018",winter,blizzard:124559,2018-03-02,42103,149,1,0.9002,0.7167,0.09552,0,0,eaglei
36097,"Winter storm, March 2018",winter,blizzard:124559,2018-03-02,42103,199,1,0.9002,0.7167,0.09552,0,0,eaglei
36099,"Winter storm, March 2018",winter,blizzard:124559,2018-03-02,42103,220,1,0.9002,0.7167,0.09552,0,0,eaglei
36101,"Winter storm, March 2018",winter,blizzard:124559,2018-03-02,42103,221,1,0.9002,0.7167,0.09552,0,0,eaglei
36103,"Winter storm, March 2018",winter,blizzard:124559,2018-03-02,42103,200,1,0.9002,0.7167,0.09552,0,0,eaglei
36105,"Winter storm, March 2018",winter,blizzard:124559,2018-03-02,42103,49,1,0.9002,0.7167,0.09552,0,0,eaglei
36107,"Winter storm, March 2018",winter,blizzard:124559,2018-03-02,42103,141,1,0.9002,0.7167,0.09552,0,0,eaglei
36109,"Winter storm, March 2018",winter,blizzard:124559,2018-03-02,42103,173,1,0.9002,0.7167,0.09552,0,0,eaglei
36111,"Winter storm, March 2018",winter,blizzard:124559,2018-03-02,42103,94,1,0.9002,0.7167,0.09552,0,0,eaglei
36113,"Power cut, cause not recorded, March 2025",unattributed,,2025-03-07,33001,195,0.1207,0.0792,0.0534,0.04267,0,0,eaglei
36115,"Power cut, cause not recorded, March 2025",unattributed,,2025-03-07,33001,164,0.1207,0.0792,0.0534,0.04267,0,0,eaglei
36117,"Winter storm, March 2018",winter,blizzard:124559,2018-03-02,42127,227,0.6157,0.7738,0.4295,0,0,0,eaglei
36119,"Winter storm, March 2018",winter,blizzard:124559,2018-03-02,42103,109,1,0.9002,0.7167,0.09552,0,0,eaglei
36121,"Wind and thunderstorms, March 2017",wind,high_wind:114829,2017-03-08,36055,75,0.3248,0.8174,0.3081,0,0,0,eaglei
36123,"Winter storm, March 2018",winter,blizzard:124559,2018-03-02,42103,225,1,0.9002,0.7167,0.09552,0,0,eaglei
37001,Hurricane Helene,hurricane,AL092024,2024-09-26,37121,248,1,0.9615,0.7379,0.5523,0.2332,0.006519,eaglei
37003,Hurricane Helene,hurricane,AL092024,2024-09-25,37021,127,1,0.9222,0.7782,0.6938,0.2213,0,eaglei
37005,Hurricane Helene,hurricane,AL092024,2024-09-25,37021,159,1,0.9222,0.7782,0.6938,0.2213,0,eaglei
37007,Hurricane Helene,hurricane,AL092024,2024-09-25,37021,231,1,0.9222,0.7782,0.6938,0.2213,0,eaglei
37009,Hurricane Helene,hurricane,AL092024,2024-09-25,37021,131,1,0.9222,0.7782,0.6938,0.2213,0,eaglei
37011,Hurricane Helene,hurricane,AL092024,2024-09-25,37021,75,1,0.9222,0.7782,0.6938,0.2213,0,eaglei
37013,"Ice storm, February 2021",ice,ice_storm:156171,2021-02-13,51111,205,1,0.882,0.6119,0.4227,0,0,eaglei
37015,"Ice storm, February 2021",ice,ice_storm:156171,2021-02-13,51111,151,1,0.882,0.6119,0.4227,0,0,eaglei
37017,"Ice storm, February 2021",ice,ice_storm:156171,2021-02-13,51025,249,1,0.7167,0.3361,0.1984,0,0,eaglei
37019,Hurricane Florence,hurricane,AL062018,2018-09-13,37031,180,0.6259,0.9916,0.9916,0.1714,0,0,eaglei
37021,Hurricane Helene,hurricane,AL092024,2024-09-25,37021,0,1,0.9222,0.7782,0.6938,0.2213,0,eaglei
37023,Hurricane Helene,hurricane,AL092024,2024-09-25,37021,76,1,0.9222,0.7782,0.6938,0.2213,0,eaglei
37025,Hurricane Helene,hurricane,AL092024,2024-09-25,37021,181,1,0.9222,0.7782,0.6938,0.2213,0,eaglei
37027,Hurricane Helene,hurricane,AL092024,2024-09-25,37021,100,1,0.9222,0.7782,0.6938,0.2213,0,eaglei
37029,"Ice storm, February 2021",ice,ice_storm:156171,2021-02-13,51111,197,1,0.882,0.6119,0.4227,0,0,eaglei
37031,"Ice storm, February 2021",ice,ice_storm:156171,2021-02-13,51025,243,1,0.7167,0.3361,0.1984,0,0,eaglei
37033,"Ice storm, February 2021",ice,ice_storm:156171,2021-02-13,51111,116,1,0.882,0.6119,0.4227,0,0,eaglei
37035,Hurricane Helene,hurricane,AL092024,2024-09-25,37021,119,1,0.9222,0.7782,0.6938,0.2213,0,eaglei
37037,Hurricane Helene,hurricane,AL092024,2024-09-27,45087,243,0.1762,0.9234,0.8689,0.4315,0,0,eaglei
37039,Hurricane Helene,hurricane,AL092024,2024-09-25,37021,148,1,0.9222,0.7782,0.6938,0.2213,0,eaglei
37041,"Ice storm, February 2021",ice,ice_storm:156171,2021-02-13,51111,172,1,0.882,0.6119,0.4227,0,0,eaglei
37043,Hurricane Helene,hurricane,AL092024,2024-09-25,37021,127,1,0.9222,0.7782,0.6938,0.2213,0,eaglei
37045,Hurricane Helene,hurricane,AL092024,2024-09-25,37021,93,1,0.9222,0.7782,0.6938,0.2213,0,eaglei
37047,Hurricane Florence,hurricane,AL062018,2018-09-13,37031,204,0.6259,0.9916,0.9916,0.1714,0,0,eaglei
37049,"Ice storm, February 2021",ice,ice_storm:156171,2021-02-13,51111,229,1,0.882,0.6119,0.4227,0,0,eaglei
37051,"Ice storm, February 2021",ice,ice_storm:156171,2021-02-13,51111,217,1,0.882,0.6119,0.4227,0,0,eaglei
37053,"Ice storm, February 2021",ice,ice_storm:156171,2021-02-13,51111,215,1,0.882,0.6119,0.4227,0,0,eaglei
37055,"Ice storm, February 2021",ice,ice_storm:156171,2021-02-13,51053,234,1,0.899,0.5909,0.2645,0,0,eaglei
37057,Hurricane Helene,hurricane,AL092024,2024-09-25,37021,211,1,0.9222,0.7782,0.6938,0.2213,0,eaglei
37059,Hurricane Helene,hurricane,AL092024,2024-09-25,37021,183,1,0.9222,0.7782,0.6938,0.2213,0,eaglei
37061,"Ice storm, February 2021",ice,ice_storm:156171,2021-02-13,51111,225,1,0.882,0.6119,0.4227,0,0,eaglei
37063,"Ice storm, February 2021",ice,ice_storm:156171,2021-02-13,51111,116,1,0.882,0.6119,0.4227,0,0,eaglei
37065,"Ice storm, February 2021",ice,ice_storm:156171,2021-02-13,51111,128,1,0.882,0.6119,0.4227,0,0,eaglei
37067,Hurricane Helene,hurricane,AL092024,2024-09-25,37021,213,1,0.9222,0.7782,0.6938,0.2213,0,eaglei
37069,"Ice storm, February 2021",ice,ice_storm:156171,2021-02-13,51111,95,1,0.882,0.6119,0.4227,0,0,eaglei
37071,Hurricane Helene,hurricane,AL092024,2024-09-25,37021,128,1,0.9222,0.7782,0.6938,0.2213,0,eaglei
37073,"Ice storm, February 2021",ice,ice_storm:156171,2021-02-13,51111,148,1,0.882,0.6119,0.4227,0,0,eaglei
37075,Hurricane Helene,hurricane,AL092024,2024-09-25,37021,121,1,0.9222,0.7782,0.6938,0.2213,0,eaglei
37077,"Ice storm, February 2021",ice,ice_storm:156171,2021-02-13,51111,81,1,0.882,0.6119,0.4227,0,0,eaglei
37079,"Ice storm, February 2021",ice,ice_storm:156171,2021-02-13,51111,170,1,0.882,0.6119,0.4227,0,0,eaglei
37081,Hurricane Helene,hurricane,AL092024,2024-09-27,37199,227,1,1,0.8302,0.5669,0.3629,0.1445,eaglei
37083,"Ice storm, February 2021",ice,ice_storm:156171,2021-02-13,51111,94,1,0.882,0.6119,0.4227,0,0,eaglei
37085,"Ice storm, February 2021",ice,ice_storm:156171,2021-02-13,51111,184,1,0.882,0.6119,0.4227,0,0,eaglei
37087,Hurricane Helene,hurricane,AL092024,2024-09-25,37021,41,1,0.9222,0.7782,0.6938,0.2213,0,eaglei
37089,Hurricane Helene,hurricane,AL092024,2024-09-25,37021,31,1,0.9222,0.7782,0.6938,0.2213,0,eaglei
37091,"Ice storm, February 2021",ice,ice_storm:156171,2021-02-13,51111,130,1,0.882,0.6119,0.4227,0,0,eaglei
37093,Hurricane Helene,hurricane,AL092024,2024-09-27,45087,220,0.1762,0.9234,0.8689,0.4315,0,0,eaglei
37095,"Ice storm, February 2021",ice,ice_storm:156171,2021-02-13,51053,228,1,0.899,0.5909,0.2645,0,0,eaglei
37097,Hurricane Helene,hurricane,AL092024,2024-09-25,37021,151,1,0.9222,0.7782,0.6938,0.2213,0,eaglei
37099,Hurricane Helene,hurricane,AL092024,2024-09-25,37021,65,1,0.9222,0.7782,0.6938,0.2213,0,eaglei
37101,"Ice storm, February 2021",ice,ice_storm:156171,2021-02-13,51111,160,1,0.882,0.6119,0.4227,0,0,eaglei
37103,"Ice storm, February 2021",ice,ice_storm:156171,2021-02-13,51111,227,1,0.882,0.6119,0.4227,0,0,eaglei
37105,Hurricane Helene,hurricane,AL092024,2024-09-27,45087,239,0.1762,0.9234,0.8689,0.4315,0,0,eaglei
37107,"Ice storm, February 2021",ice,ice_storm:156171,2021-02-13,51111,197,1,0.882,0.6119,0.4227,0,0,eaglei
37109,Hurricane Helene,hurricane,AL092024,2024-09-25,37021,119,1,0.9222,0.7782,0.6938,0.2213,0,eaglei
37111,Hurricane Helene,hurricane,AL092024,2024-09-25,37021,44,1,0.9222,0.7782,0.6938,0.2213,0,eaglei
37113,Hurricane Helene,hurricane,AL092024,2024-09-25,37021,95,1,0.9222,0.7782,0.6938,0.2213,0,eaglei
37115,Hurricane Helene,hurricane,AL092024,2024-09-25,37021,33,1,0.9222,0.7782,0.6938,0.2213,0,eaglei
37117,"Ice storm, February 2021",ice,ice_storm:156171,2021-02-13,51111,158,1,0.882,0.6119,0.4227,0,0,eaglei
37119,Hurricane Helene,hurricane,AL092024,2024-09-25,37021,159,1,0.9222,0.7782,0.6938,0.2213,0,eaglei
37121,Hurricane Helene,hurricane,AL092024,2024-09-25,37021,56,1,0.9222,0.7782,0.6938,0.2213,0,eaglei
37123,Hurricane Helene,hurricane,AL092024,2024-09-25,37021,239,1,0.9222,0.7782,0.6938,0.2213,0,eaglei
37125,Hurricane Helene,hurricane,AL092024,2024-09-27,45059,247,0.3911,0.9604,0.9437,0.5547,0,0,eaglei
37127,"Ice storm, February 2021",ice,ice_storm:156171,2021-02-13,51111,111,1,0.882,0.6119,0.4227,0,0,eaglei
37129,Hurricane Florence,hurricane,AL062018,2018-09-13,37031,143,0.6259,0.9916,0.9916,0.1714,0,0,eaglei
37131,"Ice storm, February 2021",ice,ice_storm:156171,2021-02-13,51111,95,1,0.882,0.6119,0.4227,0,0,eaglei
37133,"Ice storm, February 2021",ice,ice_storm:156171,2021-02-13,51025,225,1,0.7167,0.3361,0.1984,0,0,eaglei
37135,"Ice storm, February 2021",ice,ice_storm:156171,2021-02-13,51111,126,1,0.882,0.6119,0.4227,0,0,eaglei
37137,"Ice storm, February 2021",ice,ice_storm:156171,2021-02-13,51111,245,1,0.882,0.6119,0.4227,0,0,eaglei
37139,"Ice storm, February 2021",ice,ice_storm:156171,2021-02-13,51111,192,1,0.882,0.6119,0.4227,0,0,eaglei
37141,Hurricane Florence,hurricane,AL062018,2018-09-13,37031,129,0.6259,0.9916,0.9916,0.1714,0,0,eaglei
37143,"Ice storm, February 2021",ice,ice_storm:156171,2021-02-13,51111,185,1,0.882,0.6119,0.4227,0,0,eaglei
37145,"Ice storm, February 2021",ice,ice_storm:156171,2021-02-13,51111,90,1,0.882,0.6119,0.4227,0,0,eaglei
37147,"Ice storm, February 2021",ice,ice_storm:156171,2021-02-13,51111,169,1,0.882,0.6119,0.4227,0,0,eaglei
37149,Hurricane Helene,hurricane,AL092024,2024-09-25,37021,49,1,0.9222,0.7782,0.6938,0.2213,0,eaglei
37151,Hurricane Helene,hurricane,AL092024,2024-09-25,37021,246,1,0.9222,0.7782,0.6938,0.2213,0,eaglei
37153,Hurricane Helene,hurricane,AL092024,2024-09-27,45059,214,0.3911,0.9604,0.9437,0.5547,0,0,eaglei
37155,Hurricane Helene,hurricane,AL092024,2024-09-27,45087,230,0.1762,0.9234,0.8689,0.4315,0,0,eaglei
37157,Hurricane Helene,hurricane,AL092024,2024-09-27,37199,233,1,1,0.8302,0.5669,0.3629,0.1445,eaglei
37159,Hurricane Helene,hurricane,AL092024,2024-09-25,37021,182,1,0.9222,0.7782,0.6938,0.2213,0,eaglei
37161,Hurricane Helene,hurricane,AL092024,2024-09-25,37021,60,1,0.9222,0.7782,0.6938,0.2213,0,eaglei
37163,"Ice storm, February 2021",ice,ice_storm:156171,2021-02-13,51111,218,1,0.882,0.6119,0.4227,0,0,eaglei
37165,Hurricane Helene,hurricane,AL092024,2024-09-27,45059,235,0.3911,0.9604,0.9437,0.5547,0,0,eaglei
37167,Hurricane Helene,hurricane,AL092024,2024-09-25,37021,209,1,0.9222,0.7782,0.6938,0.2213,0,eaglei
37169,Hurricane Helene,hurricane,AL092024,2024-09-25,37021,221,1,0.9222,0.7782,0.6938,0.2213,0,eaglei
37171,Hurricane Helene,hurricane,AL092024,2024-09-25,37021,189,1,0.9222,0.7782,0.6938,0.2213,0,eaglei
37173,Hurricane Helene,hurricane,AL092024,2024-09-25,37021,85,1,0.9222,0.7782,0.6938,0.2213,0,eaglei
37175,Hurricane Helene,hurricane,AL092024,2024-09-25,37021,51,1,0.9222,0.7782,0.6938,0.2213,0,eaglei
37177,"Ice storm, February 2021",ice,ice_storm:156171,2021-02-13,51111,221,1,0.882,0.6119,0.4227,0,0,eaglei
37179,Hurricane Helene,hurricane,AL092024,2024-09-25,37021,194,1,0.9222,0.7782,0.6938,0.2213,0,eaglei
37181,"Ice storm, February 2021",ice,ice_storm:156171,2021-02-13,51111,66,1,0.882,0.6119,0.4227,0,0,eaglei
37183,"Ice storm, February 2021",ice,ice_storm:156171,2021-02-13,51111,134,1,0.882,0.6119,0.4227,0,0,eaglei
37185,"Ice storm, February 2021",ice,ice_storm:156171,2021-02-13,51111,62,1,0.882,0.6119,0.4227,0,0,eaglei
37187,"Ice storm, February 2021",ice,ice_storm:156171,2021-02-13,51111,193,1,0.882,0.6119,0.4227,0,0,eaglei
37189,Hurricane Helene,hurricane,AL092024,2024-09-25,37021,102,1,0.9222,0.7782,0.6938,0.2213,0,eaglei
37191,"Ice storm, February 2021",ice,ice_storm:156171,2021-02-13,51111,178,1,0.882,0.6119,0.4227,0,0,eaglei
37193,Hurricane Helene,hurricane,AL092024,2024-09-25,37021,140,1,0.9222,0.7782,0.6938,0.2213,0,eaglei
37195,"Ice storm, February 2021",ice,ice_storm:156171,2021-02-13,51111,141,1,0.882,0.6119,0.4227,0,0,eaglei
37197,Hurricane Helene,hurricane,AL092024,2024-09-25,37021,179,1,0.9222,0.7782,0.6938,0.2213,0,eaglei
37199,Hurricane Helene,hurricane,AL092024,2024-09-25,37021,37,1,0.9222,0.7782,0.6938,0.2213,0,eaglei
38001,"Wind and thunderstorms, December 2025",wind,high_wind:209541,2025-12-18,46081,218,0.146,0.7514,0.09784,0,0,0,eaglei
38003,"Ice storm, December 2023",ice,ice_storm:187157,2023-12-26,38003,0,0.2651,0.9025,0.4686,0.2525,0,0,eaglei
38005,"Ice storm, December 2023",ice,ice_storm:187157,2023-12-26,38003,158,0.2651,0.9025,0.4686,0.2525,0,0,eaglei
38007,"Winter storm, April 2022",winter,blizzard:168555,2022-04-23,38105,150,0.607,0.02418,0.01035,0.007287,0,0,eaglei
38009,"Winter storm, April 2022",winter,blizzard:168555,2022-04-23,38105,202,0.607,0.02418,0.01035,0.007287,0,0,eaglei
38011,"Winter storm, April 2022",winter,blizzard:168555,2022-04-23,38105,250,0.607,0.02418,0.01035,0.007287,0,0,eaglei
38013,"Winter storm, April 2022",winter,blizzard:168555,2022-04-23,38105,87,0.607,0.02418,0.01035,0.007287,0,0,eaglei
38015,"Ice storm, December 2023",ice,ice_storm:187157,2023-12-26,38003,182,0.2651,0.9025,0.4686,0.2525,0,0,eaglei
38017,"Ice storm, December 2023",ice,ice_storm:187157,2023-12-26,38003,62,0.2651,0.9025,0.4686,0.2525,0,0,eaglei
38019,"Ice storm, December 2023",ice,ice_storm:187157,2023-12-26,38003,205,0.2651,0.9025,0.4686,0.2525,0,0,eaglei
38021,"Ice storm, December 2023",ice,ice_storm:187157,2023-12-26,38003,98,0.2651,0.9025,0.4686,0.2525,0,0,eaglei
38023,"Winter storm, April 2022",winter,blizzard:168555,2022-04-23,38105,51,0.607,0.02418,0.01035,0.007287,0,0,eaglei
38025,"Winter storm, April 2022",winter,blizzard:168555,2022-04-23,38105,130,0.607,0.02418,0.01035,0.007287,0,0,eaglei
38027,"Ice storm, December 2023",ice,ice_storm:187157,2023-12-26,38003,107,0.2651,0.9025,0.4686,0.2525,0,0,eaglei
38029,"Ice storm, December 2023",ice,ice_storm:187157,2023-12-26,38003,181,0.2651,0.9025,0.4686,0.2525,0,0,eaglei
38031,"Ice storm, December 2023",ice,ice_storm:187157,2023-12-26,38003,84,0.2651,0.9025,0.4686,0.2525,0,0,eaglei
38033,"Winter storm, April 2022",winter,blizzard:168555,2022-04-23,38105,160,0.607,0.02418,0.01035,0.007287,0,0,eaglei
38035,"Ice storm, December 2023",ice,ice_storm:187157,2023-12-26,38003,119,0.2651,0.9025,0.4686,0.2525,0,0,eaglei
38037,"Ice storm, December 2023",ice,ice_storm:187552,2023-12-26,38045,239,1,0.8406,0.156,0.02798,0.003391,0,eaglei
38039,"Ice storm, December 2023",ice,ice_storm:187157,2023-12-26,38003,58,0.2651,0.9025,0.4686,0.2525,0,0,eaglei
38041,"Winter storm, April 2022",winter,blizzard:168555,2022-04-23,38105,228,0.607,0.02418,0.01035,0.007287,0,0,eaglei
38043,"Ice storm, December 2023",ice,ice_storm:187157,2023-12-26,38003,126,0.2651,0.9025,0.4686,0.2525,0,0,eaglei
38045,"Ice storm, December 2023",ice,ice_storm:187157,2023-12-26,38003,64,0.2651,0.9025,0.4686,0.2525,0,0,eaglei
38047,"Ice storm, December 2023",ice,ice_storm:187157,2023-12-26,38003,121,0.2651,0.9025,0.4686,0.2525,0,0,eaglei
38049,"Ice storm, December 2023",ice,ice_storm:187157,2023-12-26,38003,240,0.2651,0.9025,0.4686,0.2525,0,0,eaglei
38051,"Ice storm, December 2023",ice,ice_storm:187157,2023-12-26,38003,139,0.2651,0.9025,0.4686,0.2525,0,0,eaglei
38053,"Winter storm, April 2022",winter,blizzard:168555,2022-04-23,38105,69,0.607,0.02418,0.01035,0.007287,0,0,eaglei
38055,"Winter storm, April 2022",winter,blizzard:168555,2022-04-23,38105,173,0.607,0.02418,0.01035,0.007287,0,0,eaglei
38057,"Winter storm, April 2022",winter,blizzard:168555,2022-04-23,38105,171,0.607,0.02418,0.01035,0.007287,0,0,eaglei
38059,"Ice storm, December 2023",ice,ice_storm:187157,2023-12-26,38003,248,0.2651,0.9025,0.4686,0.2525,0,0,eaglei
38061,"Winter storm, April 2022",winter,blizzard:168555,2022-04-23,38105,86,0.607,0.02418,0.01035,0.007287,0,0,eaglei
38063,"Ice storm, December 2023",ice,ice_storm:187157,2023-12-26,38003,109,0.2651,0.9025,0.4686,0.2525,0,0,eaglei
38065,"Ice storm, December 2023",ice,ice_storm:187157,2023-12-26,38003,248,0.2651,0.9025,0.4686,0.2525,0,0,eaglei
38067,"Ice storm, December 2023",ice,ice_storm:187157,2023-12-26,38003,207,0.2651,0.9025,0.4686,0.2525,0,0,eaglei
38069,"Ice storm, December 2023",ice,ice_storm:187157,2023-12-26,38003,202,0.2651,0.9025,0.4686,0.2525,0,0,eaglei
38071,"Ice storm, December 2023",ice,ice_storm:187157,2023-12-26,38003,155,0.2651,0.9025,0.4686,0.2525,0,0,eaglei
38073,"Ice storm, December 2023",ice,ice_storm:187157,2023-12-26,38003,64,0.2651,0.9025,0.4686,0.2525,0,0,eaglei
38075,"Winter storm, April 2022",winter,blizzard:168555,2022-04-23,38105,141,0.607,0.02418,0.01035,0.007287,0,0,eaglei
38077,"Ice storm, December 2023",ice,ice_storm:187157,2023-12-26,38003,115,0.2651,0.9025,0.4686,0.2525,0,0,eaglei
38079,"Ice storm, December 2023",ice,ice_storm:187157,2023-12-26,38003,242,0.2651,0.9025,0.4686,0.2525,0,0,eaglei
38081,"Ice storm, December 2023",ice,ice_storm:187157,2023-12-26,38003,99,0.2651,0.9025,0.4686,0.2525,0,0,eaglei
38083,"Ice storm, December 2023",ice,ice_storm:187157,2023-12-26,38003,185,0.2651,0.9025,0.4686,0.2525,0,0,eaglei
38085,"Ice storm, December 2023",ice,ice_storm:187157,2023-12-26,38003,247,0.2651,0.9025,0.4686,0.2525,0,0,eaglei
38087,"Winter storm, April 2022",winter,blizzard:168555,2022-04-23,38105,212,0.607,0.02418,0.01035,0.007287,0,0,eaglei
38089,"Winter storm, April 2022",winter,blizzard:168555,2022-04-23,38105,182,0.607,0.02418,0.01035,0.007287,0,0,eaglei
38091,"Ice storm, December 2023",ice,ice_storm:187157,2023-12-26,38003,62,0.2651,0.9025,0.4686,0.2525,0,0,eaglei
38093,"Ice storm, December 2023",ice,ice_storm:187157,2023-12-26,38003,67,0.2651,0.9025,0.4686,0.2525,0,0,eaglei
38095,"Ice storm, December 2023",ice,ice_storm:187157,2023-12-26,38003,213,0.2651,0.9025,0.4686,0.2525,0,0,eaglei
38097,"Ice storm, December 2023",ice,ice_storm:187157,2023-12-26,38003,88,0.2651,0.9025,0.4686,0.2525,0,0,eaglei
38099,"Ice storm, December 2023",ice,ice_storm:187157,2023-12-26,38003,162,0.2651,0.9025,0.4686,0.2525,0,0,eaglei
38101,"Winter storm, April 2022",winter,blizzard:168555,2022-04-23,38105,146,0.607,0.02418,0.01035,0.007287,0,0,eaglei
38103,"Ice storm, December 2023",ice,ice_storm:187157,2023-12-26,38003,141,0.2651,0.9025,0.4686,0.2525,0,0,eaglei
38105,"Winter storm, April 2022",winter,blizzard:168555,2022-04-23,38105,0,0.607,0.02418,0.01035,0.007287,0,0,eaglei
39001,"Winter storm, February 2021",winter,winter_storm:156290,2021-02-15,39087,87,0.4642,0.8076,0.4985,0.1032,0,0,eaglei
39003,"Ice storm, February 2023",ice,ice_storm:176942,2023-02-22,26059,136,0.5778,0.9456,0.7075,0.04716,0,0,eaglei
39005,"Winter storm, February 2021",winter,winter_storm:156290,2021-02-15,39087,250,0.4642,0.8076,0.4985,0.1032,0,0,eaglei
39007,"Ice storm, February 2023",ice,ice_storm:177465,2023-02-22,26115,227,0.5108,0.6524,0.4118,0.04568,0,0,eaglei
39009,"Winter storm, February 2021",winter,winter_storm:156290,2021-02-15,39087,91,0.4642,0.8076,0.4985,0.1032,0,0,eaglei
39011,"Ice storm, February 2023",ice,ice_storm:176942,2023-02-22,26059,156,0.5778,0.9456,0.7075,0.04716,0,0,eaglei
39013,"Winter storm, February 2021",winter,winter_storm:156290,2021-02-15,39087,206,0.4642,0.8076,0.4985,0.1032,0,0,eaglei
39015,"Winter storm, February 2021",winter,winter_storm:156290,2021-02-15,39087,123,0.4642,0.8076,0.4985,0.1032,0,0,eaglei
39017,"Winter storm, February 2021",winter,winter_storm:156290,2021-02-15,39087,200,0.4642,0.8076,0.4985,0.1032,0,0,eaglei
39019,"Ice storm, February 2023",ice,ice_storm:177465,2023-02-22,26115,249,0.5108,0.6524,0.4118,0.04568,0,0,eaglei
39021,"Winter storm, February 2021",winter,winter_storm:156290,2021-02-15,39087,201,0.4642,0.8076,0.4985,0.1032,0,0,eaglei
39023,"Winter storm, February 2021",winter,winter_storm:156290,2021-02-15,39087,182,0.4642,0.8076,0.4985,0.1032,0,0,eaglei
39025,"Winter storm, February 2021",winter,winter_storm:156290,2021-02-15,39087,150,0.4642,0.8076,0.4985,0.1032,0,0,eaglei
39027,"Winter storm, February 2021",winter,winter_storm:156290,2021-02-15,39087,143,0.4642,0.8076,0.4985,0.1032,0,0,eaglei
39029,"Wind and thunderstorms, June 2022",wind,tstm_wind:169489,2022-06-14,39169,94,0.1388,0.8175,0.4866,0.04328,0,0,eaglei
39031,"Winter storm, February 2021",winter,winter_storm:156290,2021-02-15,39087,195,0.4642,0.8076,0.4985,0.1032,0,0,eaglei
39033,"Ice storm, February 2023",ice,ice_storm:176942,2023-02-22,26059,187,0.5778,0.9456,0.7075,0.04716,0,0,eaglei
39035,"Ice storm, February 2023",ice,ice_storm:177465,2023-02-22,26115,161,0.5108,0.6524,0.4118,0.04568,0,0,eaglei
39037,"Winter storm, February 2021",winter,winter_storm:156290,2021-02-15,39087,248,0.4642,0.8076,0.4985,0.1032,0,0,eaglei
39039,"Ice storm, February 2023",ice,ice_storm:176942,2023-02-22,26059,69,0.5778,0.9456,0.7075,0.04716,0,0,eaglei
39041,"Winter storm, February 2021",winter,winter_storm:156290,2021-02-15,39087,191,0.4642,0.8076,0.4985,0.1032,0,0,eaglei
39043,"Ice storm, February 2023",ice,ice_storm:176942,2023-02-22,26059,180,0.5778,0.9456,0.7075,0.04716,0,0,eaglei
39045,"Winter storm, February 2021",winter,winter_storm:156290,2021-02-15,39087,128,0.4642,0.8076,0.4985,0.1032,0,0,eaglei
39047,"Winter storm, February 2021",winter,winter_storm:156290,2021-02-15,39087,134,0.4642,0.8076,0.4985,0.1032,0,0,eaglei
39049,"Winter storm, February 2021",winter,winter_storm:156290,2021-02-15,39087,158,0.4642,0.8076,0.4985,0.1032,0,0,eaglei
39051,"Ice storm, February 2023",ice,ice_storm:176942,2023-02-22,26059,56,0.5778,0.9456,0.7075,0.04716,0,0,eaglei
39053,"Winter storm, February 2021",winter,winter_storm:156290,2021-02-15,39087,30,0.4642,0.8076,0.4985,0.1032,0,0,eaglei
39055,"Ice storm, February 2023",ice,ice_storm:177465,2023-02-22,26115,198,0.5108,0.6524,0.4118,0.04568,0,0,eaglei
39057,"Winter storm, February 2021",winter,winter_storm:156290,2021-02-15,39087,169,0.4642,0.8076,0.4985,0.1032,0,0,eaglei
39059,"Winter storm, February 2021",winter,winter_storm:156290,2021-02-15,39087,184,0.4642,0.8076,0.4985,0.1032,0,0,eaglei
39061,"Winter storm, February 2021",winter,winter_storm:156290,2021-02-15,39087,187,0.4642,0.8076,0.4985,0.1032,0,0,eaglei
39063,"Ice storm, February 2023",ice,ice_storm:176942,2023-02-22,26059,131,0.5778,0.9456,0.7075,0.04716,0,0,eaglei
39065,"Winter storm, February 2021",winter,winter_storm:156290,2021-02-15,39087,249,0.4642,0.8076,0.4985,0.1032,0,0,eaglei
39067,"Winter storm, February 2021",winter,winter_storm:156290,2021-02-15,39087,224,0.4642,0.8076,0.4985,0.1032,0,0,eaglei
39069,"Ice storm, February 2023",ice,ice_storm:176942,2023-02-22,26059,81,0.5778,0.9456,0.7075,0.04716,0,0,eaglei
39071,"Winter storm, February 2021",winter,winter_storm:156290,2021-02-15,39087,114,0.4642,0.8076,0.4985,0.1032,0,0,eaglei
39073,"Winter storm, February 2021",winter,winter_storm:156290,2021-02-15,39087,99,0.4642,0.8076,0.4985,0.1032,0,0,eaglei
39075,"Winter storm, February 2021",winter,winter_storm:156290,2021-02-15,39087,224,0.4642,0.8076,0.4985,0.1032,0,0,eaglei
39077,"Ice storm, February 2023",ice,ice_storm:176942,2023-02-22,26059,191,0.5778,0.9456,0.7075,0.04716,0,0,eaglei
39079,"Winter storm, February 2021",winter,winter_storm:156290,2021-02-15,39087,46,0.4642,0.8076,0.4985,0.1032,0,0,eaglei
39081,"Winter storm, February 2021",winter,winter_storm:156290,2021-02-15,39087,250,0.4642,0.8076,0.4985,0.1032,0,0,eaglei
39083,"Winter storm, February 2021",winter,winter_storm:156290,2021-02-15,39087,200,0.4642,0.8076,0.4985,0.1032,0,0,eaglei
39085,"Ice storm, February 2023",ice,ice_storm:177465,2023-02-22,26115,190,0.5108,0.6524,0.4118,0.04568,0,0,eaglei
39087,"Winter storm, February 2021",winter,winter_storm:156290,2021-02-15,39087,0,0.4642,0.8076,0.4985,0.1032,0,0,eaglei
39089,"Winter storm, February 2021",winter,winter_storm:156290,2021-02-15,39087,165,0.4642,0.8076,0.4985,0.1032,0,0,eaglei
39091,"Winter storm, February 2021",winter,winter_storm:156290,2021-02-15,39087,225,0.4642,0.8076,0.4985,0.1032,0,0,eaglei
39093,"Ice storm, February 2023",ice,ice_storm:176942,2023-02-22,26059,211,0.5778,0.9456,0.7075,0.04716,0,0,eaglei
39095,"Ice storm, February 2023",ice,ice_storm:176942,2023-02-22,26059,101,0.5778,0.9456,0.7075,0.04716,0,0,eaglei
39097,"Winter storm, February 2021",winter,winter_storm:156290,2021-02-15,39087,163,0.4642,0.8076,0.4985,0.1032,0,0,eaglei
39099,"Ice storm, February 2023",ice,ice_storm:177465,2023-02-22,26115,248,0.5108,0.6524,0.4118,0.04568,0,0,eaglei
39101,"Winter storm, February 2021",winter,winter_storm:156290,2021-02-15,39087,228,0.4642,0.8076,0.4985,0.1032,0,0,eaglei
39103,"Ice storm, February 2023",ice,ice_storm:176942,2023-02-22,26059,245,0.5778,0.9456,0.7075,0.04716,0,0,eaglei
39105,"Winter storm, February 2021",winter,winter_storm:156290,2021-02-15,39087,69,0.4642,0.8076,0.4985,0.1032,0,0,eaglei
39107,"Ice storm, February 2023",ice,ice_storm:176942,2023-02-22,26059,155,0.5778,0.9456,0.7075,0.04716,0,0,eaglei
39109,"Winter storm, February 2021",winter,winter_storm:156290,2021-02-15,39087,218,0.4642,0.8076,0.4985,0.1032,0,0,eaglei
39111,"Winter storm, February 2021",winter,winter_storm:156290,2021-02-15,39087,175,0.4642,0.8076,0.4985,0.1032,0,0,eaglei
39113,"Winter storm, February 2021",winter,winter_storm:156290,2021-02-15,39087,199,0.4642,0.8076,0.4985,0.1032,0,0,eaglei
39115,"Winter storm, February 2021",winter,winter_storm:156290,2021-02-15,39087,127,0.4642,0.8076,0.4985,0.1032,0,0,eaglei
39117,"Winter storm, February 2021",winter,winter_storm:156290,2021-02-15,39087,215,0.4642,0.8076,0.4985,0.1032,0,0,eaglei
39119,"Winter storm, February 2021",winter,winter_storm:156290,2021-02-15,39087,159,0.4642,0.8076,0.4985,0.1032,0,0,eaglei
39121,"Winter storm, February 2021",winter,winter_storm:156290,2021-02-15,39087,159,0.4642,0.8076,0.4985,0.1032,0,0,eaglei
39123,"Ice storm, February 2023",ice,ice_storm:176942,2023-02-22,26059,141,0.5778,0.9456,0.7075,0.04716,0,0,eaglei
39125,"Ice storm, February 2023",ice,ice_storm:176942,2023-02-22,26059,90,0.5778,0.9456,0.7075,0.04716,0,0,eaglei
39127,"Winter storm, February 2021",winter,winter_storm:156290,2021-02-15,39087,129,0.4642,0.8076,0.4985,0.1032,0,0,eaglei
39129,"Winter storm, February 2021",winter,winter_storm:156290,2021-02-15,39087,125,0.4642,0.8076,0.4985,0.1032,0,0,eaglei
39131,"Winter storm, February 2021",winter,winter_storm:156290,2021-02-15,39087,70,0.4642,0.8076,0.4985,0.1032,0,0,eaglei
39133,"Ice storm, February 2023",ice,ice_storm:177465,2023-02-22,26115,208,0.5108,0.6524,0.4118,0.04568,0,0,eaglei
39135,"Winter storm, February 2021",winter,winter_storm:156290,2021-02-15,39087,223,0.4642,0.8076,0.4985,0.1032,0,0,eaglei
39137,"Ice storm, February 2023",ice,ice_storm:176942,2023-02-22,26059,109,0.5778,0.9456,0.7075,0.04716,0,0,eaglei
39139,"Winter storm, February 2021",winter,winter_storm:156290,2021-02-15,39087,241,0.4642,0.8076,0.4985,0.1032,0,0,eaglei
39141,"Winter storm, February 2021",winter,winter_storm:156290,2021-02-15,39087,93,0.4642,0.8076,0.4985,0.1032,0,0,eaglei
39143,"Ice storm, February 2023",ice,ice_storm:176942,2023-02-22,26059,140,0.5778,0.9456,0.7075,0.04716,0,0,eaglei
39145,"Winter storm, February 2021",winter,winter_storm:156290,2021-02-15,39087,48,0.4642,0.8076,0.4985,0.1032,0,0,eaglei
39147,"Ice storm, February 2023",ice,ice_storm:176942,2023-02-22,26059,154,0.5778,0.9456,0.7075,0.04716,0,0,eaglei
39149,"Winter storm, February 2021",winter,winter_storm:156290,2021-02-15,39087,241,0.4642,0.8076,0.4985,0.1032,0,0,eaglei
39151,"Ice storm, February 2023",ice,ice_storm:177465,2023-02-22,26115,215,0.5108,0.6524,0.4118,0.04568,0,0,eaglei
39153,"Ice storm, February 2023",ice,ice_storm:177465,2023-02-22,26115,185,0.5108,0.6524,0.4118,0.04568,0,0,eaglei
39155,"Ice storm, February 2023",ice,ice_storm:177465,2023-02-22,26115,236,0.5108,0.6524,0.4118,0.04568,0,0,eaglei
39157,"Winter storm, February 2021",winter,winter_storm:156290,2021-02-15,39087,224,0.4642,0.8076,0.4985,0.1032,0,0,eaglei
39159,"Winter storm, February 2021",winter,winter_storm:156290,2021-02-15,39087,202,0.4642,0.8076,0.4985,0.1032,0,0,eaglei
39161,"Ice storm, February 2023",ice,ice_storm:176942,2023-02-22,26059,119,0.5778,0.9456,0.7075,0.04716,0,0,eaglei
39163,"Winter storm, February 2021",winter,winter_storm:156290,2021-02-15,39087,72,0.4642,0.8076,0.4985,0.1032,0,0,eaglei
39165,"Winter storm, February 2021",winter,winter_storm:156290,2021-02-15,39087,170,0.4642,0.8076,0.4985,0.1032,0,0,eaglei
39167,"Winter storm, February 2021",winter,winter_storm:156290,2021-02-15,39087,129,0.4642,0.8076,0.4985,0.1032,0,0,eaglei
39169,"Wind and thunderstorms, May 2019",wind,tornado:136052,2019-05-28,39113,236,0.1534,0.5965,0.2692,0.04651,0,0,eaglei
39171,"Ice storm, February 2023",ice,ice_storm:176942,2023-02-22,26059,41,0.5778,0.9456,0.7075,0.04716,0,0,eaglei
39173,"Ice storm, February 2023",ice,ice_storm:176942,2023-02-22,26059,105,0.5778,0.9456,0.7075,0.04716,0,0,eaglei
39175,"Ice storm, February 2023",ice,ice_storm:176942,2023-02-22,26059,164,0.5778,0.9456,0.7075,0.04716,0,0,eaglei
40001,"Flooding, May 2019",flood,flood:138259,2019-05-23,40101,73,0.1231,0.1517,0.04279,0.0301,0,0,eaglei
40003,October 2020 Oklahoma ice storm,ice,ice_storm:153454,2020-10-26,40109,154,0.5521,0.9142,0.6393,0.4624,0,0,eaglei
40005,October 2020 Oklahoma ice storm,ice,ice_storm:153454,2020-10-26,40109,180,0.5521,0.9142,0.6393,0.4624,0,0,eaglei
40007,October 2020 Oklahoma ice storm,ice,ice_storm:153454,2020-10-26,40075,244,0.7435,0.5341,0.25,0.1005,0,0,eaglei
40009,October 2020 Oklahoma ice storm,ice,ice_storm:153454,2020-10-26,40109,209,0.5521,0.9142,0.6393,0.4624,0,0,eaglei
40011,October 2020 Oklahoma ice storm,ice,ice_storm:153454,2020-10-26,40109,99,0.5521,0.9142,0.6393,0.4624,0,0,eaglei
40013,October 2020 Oklahoma ice storm,ice,ice_storm:153454,2020-10-26,40109,205,0.5521,0.9142,0.6393,0.4624,0,0,eaglei
40015,October 2020 Oklahoma ice storm,ice,ice_storm:153454,2020-10-26,40109,98,0.5521,0.9142,0.6393,0.4624,0,0,eaglei
40017,October 2020 Oklahoma ice storm,ice,ice_storm:153454,2020-10-26,40109,52,0.5521,0.9142,0.6393,0.4624,0,0,eaglei
40019,October 2020 Oklahoma ice storm,ice,ice_storm:153454,2020-10-26,40109,145,0.5521,0.9142,0.6393,0.4624,0,0,eaglei
40021,October 2020 Oklahoma ice storm,ice,ice_storm:153454,2020-10-26,40109,221,0.5521,0.9142,0.6393,0.4624,0,0,eaglei
40023,October 2020 Oklahoma ice storm,ice,ice_storm:153454,2020-10-26,40109,240,0.5521,0.9142,0.6393,0.4624,0,0,eaglei
40025,October 2020 Oklahoma ice storm,winter,winter_storm:153567,2020-10-28,48179,214,0.8737,0.8579,0.2158,0.0401,0,0,eaglei
40027,October 2020 Oklahoma ice storm,ice,ice_storm:153454,2020-10-26,40109,40,0.5521,0.9142,0.6393,0.4624,0,0,eaglei
40029,October 2020 Oklahoma ice storm,ice,ice_storm:153454,2020-10-26,40109,149,0.5521,0.9142,0.6393,0.4624,0,0,eaglei
40031,October 2020 Oklahoma ice storm,ice,ice_storm:153454,2020-10-26,40109,139,0.5521,0.9142,0.6393,0.4624,0,0,eaglei
40033,October 2020 Oklahoma ice storm,ice,ice_storm:153454,2020-10-26,40109,166,0.5521,0.9142,0.6393,0.4624,0,0,eaglei
40035,October 2020 Oklahoma ice storm,ice,ice_storm:153454,2020-10-26,40109,240,0.5521,0.9142,0.6393,0.4624,0,0,eaglei
40037,October 2020 Oklahoma ice storm,ice,ice_storm:153454,2020-10-26,40109,101,0.5521,0.9142,0.6393,0.4624,0,0,eaglei
40039,October 2020 Oklahoma ice storm,ice,ice_storm:153454,2020-10-26,40109,144,0.5521,0.9142,0.6393,0.4624,0,0,eaglei
40041,October 2020 Oklahoma ice storm,ice,ice_storm:153454,2020-10-26,40083,243,0.5705,0.9369,0.5769,0.3618,0,0,eaglei
40043,October 2020 Oklahoma ice storm,ice,ice_storm:153454,2020-10-26,40109,152,0.5521,0.9142,0.6393,0.4624,0,0,eaglei
40045,October 2020 Oklahoma ice storm,ice,ice_storm:153454,2020-10-26,40109,224,0.5521,0.9142,0.6393,0.4624,0,0,eaglei
40047,October 2020 Oklahoma ice storm,ice,ice_storm:153454,2020-10-26,40109,98,0.5521,0.9142,0.6393,0.4624,0,0,eaglei
40049,October 2020 Oklahoma ice storm,ice,ice_storm:153454,2020-10-26,40109,94,0.5521,0.9142,0.6393,0.4624,0,0,eaglei
40051,October 2020 Oklahoma ice storm,ice,ice_storm:153454,2020-10-26,40109,73,0.5521,0.9142,0.6393,0.4624,0,0,eaglei
40053,October 2020 Oklahoma ice storm,ice,ice_storm:153454,2020-10-26,40109,141,0.5521,0.9142,0.6393,0.4624,0,0,eaglei
40055,October 2020 Oklahoma ice storm,ice,ice_storm:153454,2020-10-26,40109,207,0.5521,0.9142,0.6393,0.4624,0,0,eaglei
40057,October 2020 Oklahoma ice storm,ice,ice_storm:153454,2020-10-26,40109,239,0.5521,0.9142,0.6393,0.4624,0,0,eaglei
40059,October 2020 Oklahoma ice storm,ice,ice_storm:153454,2020-10-26,40109,245,0.5521,0.9142,0.6393,0.4624,0,0,eaglei
40061,October 2020 Oklahoma ice storm,ice,ice_storm:153454,2020-10-26,40109,212,0.5521,0.9142,0.6393,0.4624,0,0,eaglei
40063,October 2020 Oklahoma ice storm,ice,ice_storm:153454,2020-10-26,40109,119,0.5521,0.9142,0.6393,0.4624,0,0,eaglei
40065,October 2020 Oklahoma ice storm,ice,ice_storm:153454,2020-10-26,40109,211,0.5521,0.9142,0.6393,0.4624,0,0,eaglei
40067,October 2020 Oklahoma ice storm,ice,ice_storm:153454,2020-10-26,40109,166,0.5521,0.9142,0.6393,0.4624,0,0,eaglei
40069,October 2020 Oklahoma ice storm,ice,ice_storm:153454,2020-10-26,40109,154,0.5521,0.9142,0.6393,0.4624,0,0,eaglei
40071,October 2020 Oklahoma ice storm,ice,ice_storm:153454,2020-10-26,40109,142,0.5521,0.9142,0.6393,0.4624,0,0,eaglei
40073,October 2020 Oklahoma ice storm,ice,ice_storm:153454,2020-10-26,40109,65,0.5521,0.9142,0.6393,0.4624,0,0,eaglei
40075,October 2020 Oklahoma ice storm,ice,ice_storm:153454,2020-10-26,40109,159,0.5521,0.9142,0.6393,0.4624,0,0,eaglei
40077,October 2020 Oklahoma ice storm,ice,ice_storm:153454,2020-10-26,40109,208,0.5521,0.9142,0.6393,0.4624,0,0,eaglei
40079,October 2020 Oklahoma ice storm,ice,ice_storm:153454,2020-10-26,40027,242,0.2227,0.5812,0.3929,0.1233,0,0,eaglei
40081,October 2020 Oklahoma ice storm,ice,ice_storm:153454,2020-10-26,40109,50,0.5521,0.9142,0.6393,0.4624,0,0,eaglei
40083,October 2020 Oklahoma ice storm,ice,ice_storm:153454,2020-10-26,40109,40,0.5521,0.9142,0.6393,0.4624,0,0,eaglei
40085,October 2020 Oklahoma ice storm,ice,ice_storm:153454,2020-10-26,40109,178,0.5521,0.9142,0.6393,0.4624,0,0,eaglei
40087,October 2020 Oklahoma ice storm,ice,ice_storm:153454,2020-10-26,40109,60,0.5521,0.9142,0.6393,0.4624,0,0,eaglei
40089,"Wind and thunderstorms, June 2023",wind,tstm_wind:182375,2023-06-16,48315,151,1,0.9345,0.7335,0.09549,0,0,eaglei
40091,October 2020 Oklahoma ice storm,ice,ice_storm:153454,2020-10-26,40109,159,0.5521,0.9142,0.6393,0.4624,0,0,eaglei
40093,October 2020 Oklahoma ice storm,ice,ice_storm:153454,2020-10-26,40109,132,0.5521,0.9142,0.6393,0.4624,0,0,eaglei
40095,October 2020 Oklahoma ice storm,ice,ice_storm:153454,2020-10-26,40109,180,0.5521,0.9142,0.6393,0.4624,0,0,eaglei
40097,October 2020 Oklahoma ice storm,ice,ice_storm:153454,2020-10-26,40109,213,0.5521,0.9142,0.6393,0.4624,0,0,eaglei
40099,October 2020 Oklahoma ice storm,ice,ice_storm:153454,2020-10-26,40109,123,0.5521,0.9142,0.6393,0.4624,0,0,eaglei
40101,October 2020 Oklahoma ice storm,ice,ice_storm:153454,2020-10-26,40109,183,0.5521,0.9142,0.6393,0.4624,0,0,eaglei
40103,October 2020 Oklahoma ice storm,ice,ice_storm:153454,2020-10-26,40109,94,0.5521,0.9142,0.6393,0.4624,0,0,eaglei
40105,October 2020 Oklahoma ice storm,ice,ice_storm:153454,2020-10-26,40109,212,0.5521,0.9142,0.6393,0.4624,0,0,eaglei
40107,October 2020 Oklahoma ice storm,ice,ice_storm:153454,2020-10-26,40109,98,0.5521,0.9142,0.6393,0.4624,0,0,eaglei
40109,October 2020 Oklahoma ice storm,ice,ice_storm:153454,2020-10-26,40109,0,0.5521,0.9142,0.6393,0.4624,0,0,eaglei
40111,October 2020 Oklahoma ice storm,ice,ice_storm:153454,2020-10-26,40109,131,0.5521,0.9142,0.6393,0.4624,0,0,eaglei
40113,October 2020 Oklahoma ice storm,ice,ice_storm:153454,2020-10-26,40109,149,0.5521,0.9142,0.6393,0.4624,0,0,eaglei
40115,"Flooding, May 2019",flood,flood:138259,2019-05-23,40101,145,0.1231,0.1517,0.04279,0.0301,0,0,eaglei
40117,October 2020 Oklahoma ice storm,ice,ice_storm:153454,2020-10-26,40109,106,0.5521,0.9142,0.6393,0.4624,0,0,eaglei
40119,October 2020 Oklahoma ice storm,ice,ice_storm:153454,2020-10-26,40109,70,0.5521,0.9142,0.6393,0.4624,0,0,eaglei
40121,October 2020 Oklahoma ice storm,ice,ice_storm:153454,2020-10-26,40109,166,0.5521,0.9142,0.6393,0.4624,0,0,eaglei
40123,October 2020 Oklahoma ice storm,ice,ice_storm:153454,2020-10-26,40109,113,0.5521,0.9142,0.6393,0.4624,0,0,eaglei
40125,October 2020 Oklahoma ice storm,ice,ice_storm:153454,2020-10-26,40109,56,0.5521,0.9142,0.6393,0.4624,0,0,eaglei
40127,October 2020 Oklahoma ice storm,ice,ice_storm:153454,2020-10-26,40109,224,0.5521,0.9142,0.6393,0.4624,0,0,eaglei
40129,October 2020 Oklahoma ice storm,ice,ice_storm:153454,2020-10-26,40109,211,0.5521,0.9142,0.6393,0.4624,0,0,eaglei
40131,October 2020 Oklahoma ice storm,ice,ice_storm:153454,2020-10-26,40109,187,0.5521,0.9142,0.6393,0.4624,0,0,eaglei
40133,October 2020 Oklahoma ice storm,ice,ice_storm:153454,2020-10-26,40109,85,0.5521,0.9142,0.6393,0.4624,0,0,eaglei
40135,October 2020 Oklahoma ice storm,ice,ice_storm:153454,2020-10-26,40109,241,0.5521,0.9142,0.6393,0.4624,0,0,eaglei
40137,October 2020 Oklahoma ice storm,ice,ice_storm:153454,2020-10-26,40109,126,0.5521,0.9142,0.6393,0.4624,0,0,eaglei
40139,October 2020 Oklahoma ice storm,winter,winter_storm:153567,2020-10-28,48179,161,0.8737,0.8579,0.2158,0.0401,0,0,eaglei
40141,October 2020 Oklahoma ice storm,ice,ice_storm:153454,2020-10-26,40109,191,0.5521,0.9142,0.6393,0.4624,0,0,eaglei
40143,October 2020 Oklahoma ice storm,ice,ice_storm:153454,2020-10-26,40109,146,0.5521,0.9142,0.6393,0.4624,0,0,eaglei
40145,October 2020 Oklahoma ice storm,ice,ice_storm:153454,2020-10-26,40109,177,0.5521,0.9142,0.6393,0.4624,0,0,eaglei
40147,October 2020 Oklahoma ice storm,ice,ice_storm:153454,2020-10-26,40109,186,0.5521,0.9142,0.6393,0.4624,0,0,eaglei
40149,October 2020 Oklahoma ice storm,ice,ice_storm:153454,2020-10-26,40109,146,0.5521,0.9142,0.6393,0.4624,0,0,eaglei
40151,October 2020 Oklahoma ice storm,ice,ice_storm:153454,2020-10-26,40109,185,0.5521,0.9142,0.6393,0.4624,0,0,eaglei
40153,October 2020 Oklahoma ice storm,ice,ice_storm:153454,2020-10-26,40109,194,0.5521,0.9142,0.6393,0.4624,0,0,eaglei
41001,"Power cut, cause not recorded, October 2024",unattributed,,2024-10-24,16015,176,0.7668,0.381,0.0127,0.0127,0,0,eaglei
41003,"Power cut, cause not recorded, February 2021",unattributed,,2021-02-13,41071,84,0.1915,0.8323,0.7162,0.2146,0,0,eaglei
41005,"Power cut, cause not recorded, February 2021",unattributed,,2021-02-13,41071,88,0.1915,0.8323,0.7162,0.2146,0,0,eaglei
41007,"Power cut, cause not recorded, February 2021",unattributed,,2021-02-13,41071,91,0.1915,0.8323,0.7162,0.2146,0,0,eaglei
41009,"Power cut, cause not recorded, February 2021",unattributed,,2021-02-13,41071,79,0.1915,0.8323,0.7162,0.2146,0,0,eaglei
41011,"Power cut, cause not recorded, February 2021",unattributed,,2021-02-13,41071,237,0.1915,0.8323,0.7162,0.2146,0,0,eaglei
41013,"Power cut, cause not recorded, February 2021",unattributed,,2021-02-12,41047,193,0.9522,0.8041,0.5138,0.141,0,0,eaglei
41015,"Wildfire or fire-weather shutoff, September 2020",wildfire,wildfire:150665,2020-09-08,41029,126,0.1886,0.5458,0.4146,0.1236,0,0,eaglei
41017,"Power cut, cause not recorded, February 2021",unattributed,,2021-02-13,41071,222,0.1915,0.8323,0.7162,0.2146,0,0,eaglei
41019,"Power cut, cause not recorded, February 2021",unattributed,,2021-02-13,41071,218,0.1915,0.8323,0.7162,0.2146,0,0,eaglei
41021,"Power cut, cause not recorded, February 2021",unattributed,,2021-02-13,41071,238,0.1915,0.8323,0.7162,0.2146,0,0,eaglei
41023,"Power cut, cause not recorded, July 2023",unattributed,,2023-07-24,41031,172,0.1256,0.5704,0.5704,0,0,0,eaglei
41025,"Power cut, cause not recorded, July 2023",unattributed,,2023-07-24,41031,249,0.1256,0.5704,0.5704,0,0,0,eaglei
41027,"Power cut, cause not recorded, February 2021",unattributed,,2021-02-13,41071,133,0.1915,0.8323,0.7162,0.2146,0,0,eaglei
41029,"Wildfire or fire-weather shutoff, September 2020",wildfire,wildfire:150665,2020-09-08,41029,0,0.1886,0.5458,0.4146,0.1236,0,0,eaglei
41031,"Power cut, cause not recorded, February 2021",unattributed,,2021-02-13,41071,181,0.1915,0.8323,0.7162,0.2146,0,0,eaglei
41033,"Wildfire or fire-weather shutoff, September 2020",wildfire,wildfire:150665,2020-09-08,41029,74,0.1886,0.5458,0.4146,0.1236,0,0,eaglei
41035,"Wildfire or fire-weather shutoff, September 2020",wildfire,wildfire:150665,2020-09-08,41029,90,0.1886,0.5458,0.4146,0.1236,0,0,eaglei
41037,"Wildfire or fire-weather shutoff, September 2020",wildfire,wildfire:150665,2020-09-08,41029,192,0.1886,0.5458,0.4146,0.1236,0,0,eaglei
41039,"Power cut, cause not recorded, February 2021",unattributed,,2021-02-13,41071,150,0.1915,0.8323,0.7162,0.2146,0,0,eaglei
41041,"Power cut, cause not recorded, February 2021",unattributed,,2021-02-13,41071,82,0.1915,0.8323,0.7162,0.2146,0,0,eaglei
41043,"Power cut, cause not recorded, February 2021",unattributed,,2021-02-13,41071,104,0.1915,0.8323,0.7162,0.2146,0,0,eaglei
41045,"Power cut, cause not recorded, October 2024",unattributed,,2024-10-24,16015,176,0.7668,0.381,0.0127,0.0127,0,0,eaglei
41047,"Power cut, cause not recorded, February 2021",unattributed,,2021-02-13,41071,70,0.1915,0.8323,0.7162,0.2146,0,0,eaglei
41049,"Power cut, cause not recorded, February 2021",unattributed,,2021-02-12,41047,240,0.9522,0.8041,0.5138,0.141,0,0,eaglei
41051,"Power cut, cause not recorded, February 2021",unattributed,,2021-02-13,41071,78,0.1915,0.8323,0.7162,0.2146,0,0,eaglei
41053,"Power cut, cause not recorded, February 2021",unattributed,,2021-02-13,41071,39,0.1915,0.8323,0.7162,0.2146,0,0,eaglei
41055,"Power cut, cause not recorded, February 2021",unattributed,,2021-02-13,41071,207,0.1915,0.8323,0.7162,0.2146,0,0,eaglei
41057,"Power cut, cause not recorded, February 2021",unattributed,,2021-02-13,41071,42,0.1915,0.8323,0.7162,0.2146,0,0,eaglei
41059,"Wind and thunderstorms, November 2015",wind,high_wind:100555,2015-11-17,53063,247,0.58,0.7903,0.4693,0.1122,0,0,eaglei
41061,"Wind and thunderstorms, December 2025",wind,high_wind:209631,2025-12-17,16035,237,0.7984,0.6004,0.4386,0.06675,0,0,eaglei
41063,"Wind and thunderstorms, November 2015",wind,high_wind:100555,2015-11-17,53063,226,0.58,0.7903,0.4693,0.1122,0,0,eaglei
41065,"Power cut, cause not recorded, February 2021",unattributed,,2021-02-13,41071,169,0.1915,0.8323,0.7162,0.2146,0,0,eaglei
41067,"Power cut, cause not recorded, February 2021",unattributed,,2021-02-13,41071,38,0.1915,0.8323,0.7162,0.2146,0,0,eaglei
41069,"Power cut, cause not recorded, February 2021",unattributed,,2021-02-12,41047,202,0.9522,0.8041,0.5138,0.141,0,0,eaglei
41071,"Power cut, cause not recorded, February 2021",unattributed,,2021-02-13,41071,0,0.1915,0.8323,0.7162,0.2146,0,0,eaglei
42001,"Winter storm, March 2018",winter,blizzard:124559,2018-03-02,42103,246,1,0.9002,0.7167,0.09552,0,0,eaglei
42003,"Flooding, June 2025",flood,flash_flood:205070,2025-06-27,54051,90,0.1321,0.4904,0.4904,0.4904,0,0,eaglei
42005,"Flooding, June 2025",flood,flash_flood:205070,2025-06-27,54051,148,0.1321,0.4904,0.4904,0.4904,0,0,eaglei
42007,"Flooding, June 2025",flood,flash_flood:205070,2025-06-27,54051,96,0.1321,0.4904,0.4904,0.4904,0,0,eaglei
42009,"Flooding, June 2025",flood,flash_flood:205070,2025-06-27,54051,186,0.1321,0.4904,0.4904,0.4904,0,0,eaglei
42011,"Winter storm, March 2018",winter,blizzard:124559,2018-03-02,42103,126,1,0.9002,0.7167,0.09552,0,0,eaglei
42013,"Flooding, June 2025",flood,flash_flood:205070,2025-06-27,54051,213,0.1321,0.4904,0.4904,0.4904,0,0,eaglei
42015,"Winter storm, March 2018",winter,blizzard:124559,2018-03-02,42103,133,1,0.9002,0.7167,0.09552,0,0,eaglei
42017,"Winter storm, March 2018",winter,blizzard:124559,2018-03-02,42103,110,1,0.9002,0.7167,0.09552,0,0,eaglei
42019,"Flooding, June 2025",flood,flash_flood:205070,2025-06-27,54051,134,0.1321,0.4904,0.4904,0.4904,0,0,eaglei
42021,"Flooding, June 2025",flood,flash_flood:205070,2025-06-27,54051,182,0.1321,0.4904,0.4904,0.4904,0,0,eaglei
42023,"Wind and thunderstorms, April 2025",wind,tstm_wind:202114,2025-04-29,42003,184,0.4062,0.6224,0.2484,0.04404,0,0,eaglei
42025,"Winter storm, March 2018",winter,blizzard:124559,2018-03-02,42103,72,1,0.9002,0.7167,0.09552,0,0,eaglei
42027,"Winter storm, March 2018",winter,blizzard:124559,2018-03-02,42103,240,1,0.9002,0.7167,0.09552,0,0,eaglei
42029,"Winter storm, March 2018",winter,blizzard:124559,2018-03-02,42103,162,1,0.9002,0.7167,0.09552,0,0,eaglei
42031,"Flooding, June 2025",flood,flash_flood:205070,2025-06-27,54051,183,0.1321,0.4904,0.4904,0.4904,0,0,eaglei
42033,"Flooding, June 2025",flood,flash_flood:205070,2025-06-27,54051,226,0.1321,0.4904,0.4904,0.4904,0,0,eaglei
42035,"Winter storm, March 2018",winter,blizzard:124559,2018-03-02,42103,217,1,0.9002,0.7167,0.09552,0,0,eaglei
42037,"Winter storm, March 2018",winter,blizzard:124559,2018-03-02,42103,119,1,0.9002,0.7167,0.09552,0,0,eaglei
42039,"Flooding, June 2025",flood,flash_flood:205070,2025-06-27,54051,209,0.1321,0.4904,0.4904,0.4904,0,0,eaglei
42041,"Winter storm, March 2018",winter,blizzard:124559,2018-03-02,42103,228,1,0.9002,0.7167,0.09552,0,0,eaglei
42043,"Winter storm, March 2018",winter,blizzard:124559,2018-03-02,42103,180,1,0.9002,0.7167,0.09552,0,0,eaglei
42045,"Winter storm, March 2018",winter,blizzard:124559,2018-03-02,42103,160,1,0.9002,0.7167,0.09552,0,0,eaglei
42047,"Flooding, June 2025",flood,flash_flood:205070,2025-06-27,54051,244,0.1321,0.4904,0.4904,0.4904,0,0,eaglei
42049,"Wind and thunderstorms, April 2025",wind,tstm_wind:202114,2025-04-29,42003,184,0.4062,0.6224,0.2484,0.04404,0,0,eaglei
42051,"Flooding, June 2025",flood,flash_flood:205070,2025-06-27,54051,88,0.1321,0.4904,0.4904,0.4904,0,0,eaglei
42053,"Flooding, June 2025",flood,flash_flood:205070,2025-06-27,54051,220,0.1321,0.4904,0.4904,0.4904,0,0,eaglei
42055,"Wind and thunderstorms, April 2025",wind,tstm_wind:202114,2025-04-29,42003,201,0.4062,0.6224,0.2484,0.04404,0,0,eaglei
42057,"Flooding, June 2025",flood,flash_flood:205070,2025-06-27,54051,218,0.1321,0.4904,0.4904,0.4904,0,0,eaglei
42059,"Flooding, June 2025",flood,flash_flood:205070,2025-06-27,54051,38,0.1321,0.4904,0.4904,0.4904,0,0,eaglei
42061,"Flooding, June 2025",flood,flash_flood:205070,2025-06-27,54051,238,0.1321,0.4904,0.4904,0.4904,0,0,eaglei
42063,"Flooding, June 2025",flood,flash_flood:205070,2025-06-27,54051,161,0.1321,0.4904,0.4904,0.4904,0,0,eaglei
42065,"Flooding, June 2025",flood,flash_flood:205070,2025-06-27,54051,200,0.1321,0.4904,0.4904,0.4904,0,0,eaglei
42067,"Winter storm, March 2018",winter,blizzard:124559,2018-03-02,42103,218,1,0.9002,0.7167,0.09552,0,0,eaglei
42069,"Winter storm, March 2018",winter,blizzard:124559,2018-03-02,42103,50,1,0.9002,0.7167,0.09552,0,0,eaglei
42071,"Winter storm, March 2018",winter,blizzard:124559,2018-03-02,42103,176,1,0.9002,0.7167,0.09552,0,0,eaglei
42073,"Flooding, June 2025",flood,flash_flood:205070,2025-06-27,54051,130,0.1321,0.4904,0.4904,0.4904,0,0,eaglei
42075,"Winter storm, March 2018",winter,blizzard:124559,2018-03-02,42103,161,1,0.9002,0.7167,0.09552,0,0,eaglei
42077,"Winter storm, March 2018",winter,blizzard:124559,2018-03-02,42103,92,1,0.9002,0.7167,0.09552,0,0,eaglei
42079,"Winter storm, March 2018",winter,blizzard:124559,2018-03-02,42103,81,1,0.9002,0.7167,0.09552,0,0,eaglei
42081,"Winter storm, March 2018",winter,blizzard:124559,2018-03-02,42103,169,1,0.9002,0.7167,0.09552,0,0,eaglei
42083,"Wind and thunderstorms, April 2025",wind,tstm_wind:202114,2025-04-29,42003,190,0.4062,0.6224,0.2484,0.04404,0,0,eaglei
42085,"Flooding, June 2025",flood,flash_flood:205070,2025-06-27,54051,165,0.1321,0.4904,0.4904,0.4904,0,0,eaglei
42087,"Winter storm, March 2018",winter,blizzard:124559,2018-03-02,42103,234,1,0.9002,0.7167,0.09552,0,0,eaglei
42089,"Winter storm, March 2018",winter,blizzard:124559,2018-03-02,42103,39,1,0.9002,0.7167,0.09552,0,0,eaglei
42091,"Winter storm, March 2018",winter,blizzard:124559,2018-03-02,42103,127,1,0.9002,0.7167,0.09552,0,0,eaglei
42093,"Winter storm, March 2018",winter,blizzard:124559,2018-03-02,42103,141,1,0.9002,0.7167,0.09552,0,0,eaglei
42095,"Winter storm, March 2018",winter,blizzard:124559,2018-03-02,42103,68,1,0.9002,0.7167,0.09552,0,0,eaglei
42097,"Winter storm, March 2018",winter,blizzard:124559,2018-03-02,42103,150,1,0.9002,0.7167,0.09552,0,0,eaglei
42099,"Winter storm, March 2018",winter,blizzard:124559,2018-03-02,42103,214,1,0.9002,0.7167,0.09552,0,0,eaglei
42101,"Winter storm, March 2018",winter,blizzard:124559,2018-03-02,42103,147,1,0.9002,0.7167,0.09552,0,0,eaglei
42103,"Winter storm, March 2018",winter,blizzard:124559,2018-03-02,42103,0,1,0.9002,0.7167,0.09552,0,0,eaglei
42105,"Winter storm, March 2018",winter,blizzard:124559,2018-03-02,42103,243,1,0.9002,0.7167,0.09552,0,0,eaglei
42107,"Winter storm, March 2018",winter,blizzard:124559,2018-03-02,42103,121,1,0.9002,0.7167,0.09552,0,0,eaglei
42109,"Winter storm, March 2018",winter,blizzard:124559,2018-03-02,42103,183,1,0.9002,0.7167,0.09552,0,0,eaglei
42111,"Flooding, June 2025",flood,flash_flood:205070,2025-06-27,54051,141,0.1321,0.4904,0.4904,0.4904,0,0,eaglei
42113,"Winter storm, March 2018",winter,blizzard:124559,2018-03-02,42103,124,1,0.9002,0.7167,0.09552,0,0,eaglei
42115,"Winter storm, March 2018",winter,blizzard:124559,2018-03-02,42103,84,1,0.9002,0.7167,0.09552,0,0,eaglei
42117,"Winter storm, March 2018",winter,blizzard:124559,2018-03-02,42103,192,1,0.9002,0.7167,0.09552,0,0,eaglei
42119,"Winter storm, March 2018",winter,blizzard:124559,2018-03-02,42103,174,1,0.9002,0.7167,0.09552,0,0,eaglei
42121,"Flooding, June 2025",flood,flash_flood:205070,2025-06-27,54051,188,0.1321,0.4904,0.4904,0.4904,0,0,eaglei
42123,"Flooding, June 2025",flood,flash_flood:205070,2025-06-27,54051,249,0.1321,0.4904,0.4904,0.4904,0,0,eaglei
42125,"Flooding, June 2025",flood,flash_flood:205070,2025-06-27,54051,52,0.1321,0.4904,0.4904,0.4904,0,0,eaglei
42127,"Winter storm, March 2018",winter,blizzard:124559,2018-03-02,42103,42,1,0.9002,0.7167,0.09552,0,0,eaglei
42129,"Flooding, June 2025",flood,flash_flood:205070,2025-06-27,54051,114,0.1321,0.4904,0.4904,0.4904,0,0,eaglei
42131,"Winter storm, March 2018",winter,blizzard:124559,2018-03-02,42103,84,1,0.9002,0.7167,0.09552,0,0,eaglei
42133,"Winter storm, March 2018",winter,blizzard:124559,2018-03-02,42103,212,1,0.9002,0.7167,0.09552,0,0,eaglei
44001,Hurricane Isaias,hurricane,AL092020,2020-08-04,36059,221,0.3113,0.7401,0.7163,0.06106,0,0,eaglei
44003,Hurricane Isaias,hurricane,AL092020,2020-08-04,36059,198,0.3113,0.7401,0.7163,0.06106,0,0,eaglei
44005,Hurricane Isaias,hurricane,AL092020,2020-08-04,36059,211,0.3113,0.7401,0.7163,0.06106,0,0,eaglei
44007,Hurricane Isaias,hurricane,AL092020,2020-08-04,36059,210,0.3113,0.7401,0.7163,0.06106,0,0,eaglei
44009,Hurricane Isaias,hurricane,AL092020,2020-08-04,36059,181,0.3113,0.7401,0.7163,0.06106,0,0,eaglei
45001,Hurricane Helene,hurricane,AL092024,2024-09-25,37021,154,1,0.9222,0.7782,0.6938,0.2213,0,eaglei
45003,Hurricane Helene,hurricane,AL092024,2024-09-27,13069,250,0.5467,0.9787,0.8701,0.7968,0.476,0,eaglei
45005,Hurricane Helene,hurricane,AL092024,2024-09-27,13069,211,0.5467,0.9787,0.8701,0.7968,0.476,0,eaglei
45007,Hurricane Helene,hurricane,AL092024,2024-09-25,37021,121,1,0.9222,0.7782,0.6938,0.2213,0,eaglei
45009,Hurricane Helene,hurricane,AL092024,2024-09-27,13069,249,0.5467,0.9787,0.8701,0.7968,0.476,0,eaglei
45011,Hurricane Helene,hurricane,AL092024,2024-09-27,13069,232,0.5467,0.9787,0.8701,0.7968,0.476,0,eaglei
45013,Hurricane Helene,hurricane,AL092024,2024-09-27,13069,222,0.5467,0.9787,0.8701,0.7968,0.476,0,eaglei
45015,Hurricane Helene,hurricane,AL092024,2024-09-27,45059,237,0.3911,0.9604,0.9437,0.5547,0,0,eaglei
45017,Hurricane Helene,hurricane,AL092024,2024-09-27,45059,144,0.3911,0.9604,0.9437,0.5547,0,0,eaglei
45019,Hurricane Helene,hurricane,AL092024,2024-09-27,45037,217,1,0.9281,0.5816,0.4955,0,0,eaglei
45021,Hurricane Helene,hurricane,AL092024,2024-09-25,37021,104,1,0.9222,0.7782,0.6938,0.2213,0,eaglei
45023,Hurricane Helene,hurricane,AL092024,2024-09-25,37021,161,1,0.9222,0.7782,0.6938,0.2213,0,eaglei
45025,Hurricane Helene,hurricane,AL092024,2024-09-25,37021,241,1,0.9222,0.7782,0.6938,0.2213,0,eaglei
45027,Hurricane Helene,hurricane,AL092024,2024-09-27,45059,188,0.3911,0.9604,0.9437,0.5547,0,0,eaglei
45029,Hurricane Helene,hurricane,AL092024,2024-09-27,13161,219,1,1,0.9658,0.7549,0.4754,0,eaglei
45031,Hurricane Helene,hurricane,AL092024,2024-09-27,45059,188,0.3911,0.9604,0.9437,0.5547,0,0,eaglei
45033,Hurricane Helene,hurricane,AL092024,2024-09-27,45059,241,0.3911,0.9604,0.9437,0.5547,0,0,eaglei
45035,Hurricane Helene,hurricane,AL092024,2024-09-27,45059,215,0.3911,0.9604,0.9437,0.5547,0,0,eaglei
45037,Hurricane Helene,hurricane,AL092024,2024-09-27,13161,228,1,1,0.9658,0.7549,0.4754,0,eaglei
45039,Hurricane Helene,hurricane,AL092024,2024-09-25,37021,186,1,0.9222,0.7782,0.6938,0.2213,0,eaglei
45041,Hurricane Helene,hurricane,AL092024,2024-09-27,45059,217,0.3911,0.9604,0.9437,0.5547,0,0,eaglei
45043,Hurricane Helene,hurricane,AL092024,2024-09-27,45037,250,1,0.9281,0.5816,0.4955,0,0,eaglei
45045,Hurricane Helene,hurricane,AL092024,2024-09-25,37021,81,1,0.9222,0.7782,0.6938,0.2213,0,eaglei
45047,Hurricane Helene,hurricane,AL092024,2024-09-25,37021,166,1,0.9222,0.7782,0.6938,0.2213,0,eaglei
45049,Hurricane Helene,hurricane,AL092024,2024-09-27,13069,211,0.5467,0.9787,0.8701,0.7968,0.476,0,eaglei
45051,Hurricane Helene,hurricane,AL092024,2024-09-27,45003,249,1,0.913,0.7423,0.3308,0,0,eaglei
45053,Hurricane Helene,hurricane,AL092024,2024-09-27,13069,198,0.5467,0.9787,0.8701,0.7968,0.476,0,eaglei
45055,Hurricane Helene,hurricane,AL092024,2024-09-25,37021,226,1,0.9222,0.7782,0.6938,0.2213,0,eaglei
45057,Hurricane Helene,hurricane,AL092024,2024-09-25,37021,195,1,0.9222,0.7782,0.6938,0.2213,0,eaglei
45059,Hurricane Helene,hurricane,AL092024,2024-09-25,37021,134,1,0.9222,0.7782,0.6938,0.2213,0,eaglei
45061,Hurricane Helene,hurricane,AL092024,2024-09-27,45059,165,0.3911,0.9604,0.9437,0.5547,0,0,eaglei
45063,Hurricane Helene,hurricane,AL092024,2024-09-25,37021,223,1,0.9222,0.7782,0.6938,0.2213,0,eaglei
45065,Hurricane Helene,hurricane,AL092024,2024-09-27,13161,234,1,1,0.9658,0.7549,0.4754,0,eaglei
45067,Hurricane Helene,hurricane,AL092024,2024-09-27,45059,248,0.3911,0.9604,0.9437,0.5547,0,0,eaglei
45069,Hurricane Helene,hurricane,AL092024,2024-09-27,45059,213,0.3911,0.9604,0.9437,0.5547,0,0,eaglei
45071,Hurricane Helene,hurricane,AL092024,2024-09-25,37021,169,1,0.9222,0.7782,0.6938,0.2213,0,eaglei
45073,Hurricane Helene,hurricane,AL092024,2024-09-25,37021,107,1,0.9222,0.7782,0.6938,0.2213,0,eaglei
45075,Hurricane Helene,hurricane,AL092024,2024-09-27,13161,249,1,1,0.9658,0.7549,0.4754,0,eaglei
45077,Hurricane Helene,hurricane,AL092024,2024-09-25,37021,82,1,0.9222,0.7782,0.6938,0.2213,0,eaglei
45079,Hurricane Helene,hurricane,AL092024,2024-09-25,37021,230,1,0.9222,0.7782,0.6938,0.2213,0,eaglei
45081,Hurricane Helene,hurricane,AL092024,2024-09-25,37021,193,1,0.9222,0.7782,0.6938,0.2213,0,eaglei
45083,Hurricane Helene,hurricane,AL092024,2024-09-25,37021,90,1,0.9222,0.7782,0.6938,0.2213,0,eaglei
45085,Hurricane Helene,hurricane,AL092024,2024-09-27,45059,162,0.3911,0.9604,0.9437,0.5547,0,0,eaglei
45087,Hurricane Helene,hurricane,AL092024,2024-09-25,37021,132,1,0.9222,0.7782,0.6938,0.2213,0,eaglei
45089,Hurricane Helene,hurricane,AL092024,2024-09-27,45059,231,0.3911,0.9604,0.9437,0.5547,0,0,eaglei
45091,Hurricane Helene,hurricane,AL092024,2024-09-25,37021,141,1,0.9222,0.7782,0.6938,0.2213,0,eaglei
46003,"Wind and thunderstorms, May 2022",wind,tstm_wind:170478,2022-05-12,46011,160,0.1804,0.5415,0.09234,0,0,0,eaglei
46005,"Ice storm, December 2023",ice,ice_storm:187552,2023-12-26,38045,228,1,0.8406,0.156,0.02798,0.003391,0,eaglei
46007,"Wind and thunderstorms, December 2025",wind,high_wind:209541,2025-12-18,46033,154,1,0.8466,0.2176,0.006799,0,0,eaglei
46009,"Winter storm, March 2025",winter,blizzard:200787,2025-03-19,31155,221,0.7763,0.7894,0.435,0.03233,0,0,eaglei
46011,"Ice storm, December 2023",ice,ice_storm:187157,2023-12-25,38073,240,0.8882,0.4606,0.3022,0.01868,0,0,eaglei
46013,"Ice storm, December 2023",ice,ice_storm:187157,2023-12-26,38003,152,0.2651,0.9025,0.4686,0.2525,0,0,eaglei
46015,"Wind and thunderstorms, May 2022",wind,tstm_wind:170478,2022-05-12,46011,197,0.1804,0.5415,0.09234,0,0,0,eaglei
46017,"Wind and thunderstorms, May 2022",wind,tstm_wind:170478,2022-05-12,46011,195,0.1804,0.5415,0.09234,0,0,0,eaglei
46019,"Wind and thunderstorms, December 2025",wind,high_wind:209541,2025-12-18,46033,135,1,0.8466,0.2176,0.006799,0,0,eaglei
46021,"Ice storm, December 2023",ice,ice_storm:187157,2023-12-26,38003,196,0.2651,0.9025,0.4686,0.2525,0,0,eaglei
46023,"Winter storm, March 2025",winter,blizzard:200787,2025-03-19,31053,242,0.1262,0.8484,0.6505,0,0,0,eaglei
46025,"Ice storm, December 2023",ice,ice_storm:187157,2023-12-26,38003,234,0.2651,0.9025,0.4686,0.2525,0,0,eaglei
46027,"Winter storm, March 2025",winter,blizzard:200787,2025-03-19,31155,190,0.7763,0.7894,0.435,0.03233,0,0,eaglei
46029,"Ice storm, December 2023",ice,ice_storm:187157,2023-12-26,38003,230,0.2651,0.9025,0.4686,0.2525,0,0,eaglei
46031,"Ice storm, December 2023",ice,ice_storm:187552,2023-12-26,38045,222,1,0.8406,0.156,0.02798,0.003391,0,eaglei
46033,"Wind and thunderstorms, December 2025",wind,high_wind:209541,2025-12-18,46033,0,1,0.8466,0.2176,0.006799,0,0,eaglei
46035,"Wind and thunderstorms, May 2022",wind,tstm_wind:170478,2022-05-12,46011,133,0.1804,0.5415,0.09234,0,0,0,eaglei
46037,"Ice storm, December 2023",ice,ice_storm:187157,2023-12-26,38003,180,0.2651,0.9025,0.4686,0.2525,0,0,eaglei
46039,"Ice storm, December 2023",ice,ice_storm:187552,2023-12-26,38045,238,1,0.8406,0.156,0.02798,0.003391,0,eaglei
46041,"Ice storm, December 2023",ice,ice_storm:187552,2023-12-26,38045,231,1,0.8406,0.156,0.02798,0.003391,0,eaglei
46043,"Winter storm, March 2025",winter,blizzard:200787,2025-03-19,31053,246,0.1262,0.8484,0.6505,0,0,0,eaglei
46045,"Ice storm, December 2023",ice,ice_storm:187157,2023-12-26,38003,191,0.2651,0.9025,0.4686,0.2525,0,0,eaglei
46047,"Wind and thunderstorms, December 2025",wind,high_wind:209541,2025-12-18,46033,52,1,0.8466,0.2176,0.006799,0,0,eaglei
46049,"Ice storm, December 2023",ice,ice_storm:187157,2023-12-26,38003,225,0.2651,0.9025,0.4686,0.2525,0,0,eaglei
46051,"Ice storm, December 2023",ice,ice_storm:187157,2023-12-26,38003,221,0.2651,0.9025,0.4686,0.2525,0,0,eaglei
46053,"Wind and thunderstorms, May 2022",wind,tstm_wind:170478,2022-05-12,46011,235,0.1804,0.5415,0.09234,0,0,0,eaglei
46055,"Wind and thunderstorms, December 2025",wind,high_wind:209541,2025-12-18,46033,168,1,0.8466,0.2176,0.006799,0,0,eaglei
46057,"Ice storm, December 2023",ice,ice_storm:187552,2023-12-26,38045,224,1,0.8406,0.156,0.02798,0.003391,0,eaglei
46059,"Ice storm, December 2023",ice,ice_storm:187552,2023-12-26,38045,216,1,0.8406,0.156,0.02798,0.003391,0,eaglei
46061,"Wind and thunderstorms, May 2022",wind,tstm_wind:170478,2022-05-12,46011,111,0.1804,0.5415,0.09234,0,0,0,eaglei
46063,"Wind and thunderstorms, December 2025",wind,high_wind:209541,2025-12-18,46033,213,1,0.8466,0.2176,0.006799,0,0,eaglei
46065,"Wind and thunderstorms, December 2025",wind,high_wind:209541,2025-12-18,46103,231,0.332,0.3743,0.08521,0,0,0,eaglei
46067,"Winter storm, March 2025",winter,blizzard:200787,2025-03-19,31177,236,0.7294,0.4114,0.1704,0.003622,0,0,eaglei
46069,"Ice storm, December 2023",ice,ice_storm:187552,2023-12-26,38045,227,1,0.8406,0.156,0.02798,0.003391,0,eaglei
46071,"Wind and thunderstorms, December 2025",wind,high_wind:209541,2025-12-18,46033,148,1,0.8466,0.2176,0.006799,0,0,eaglei
46073,"Wind and thunderstorms, May 2022",wind,tstm_wind:170478,2022-05-12,46011,150,0.1804,0.5415,0.09234,0,0,0,eaglei
46075,"Wind and thunderstorms, December 2025",wind,high_wind:209541,2025-12-18,46033,225,1,0.8466,0.2176,0.006799,0,0,eaglei
46077,"Ice storm, December 2023",ice,ice_storm:187552,2023-12-26,38045,247,1,0.8406,0.156,0.02798,0.003391,0,eaglei
46079,"Wind and thunderstorms, May 2022",wind,tstm_wind:170478,2022-05-12,46011,47,0.1804,0.5415,0.09234,0,0,0,eaglei
46081,"Wind and thunderstorms, December 2025",wind,high_wind:209541,2025-12-18,46033,79,1,0.8466,0.2176,0.006799,0,0,eaglei
46083,"Winter storm, March 2025",winter,blizzard:200787,2025-03-19,31155,229,0.7763,0.7894,0.435,0.03233,0,0,eaglei
46085,"Wind and thunderstorms, May 2022",wind,tstm_wind:170478,2022-05-12,46011,249,0.1804,0.5415,0.09234,0,0,0,eaglei
46087,"Winter storm, March 2025",winter,blizzard:200787,2025-03-19,31053,241,0.1262,0.8484,0.6505,0,0,0,eaglei
46089,"Ice storm, December 2023",ice,ice_storm:187157,2023-12-26,38003,156,0.2651,0.9025,0.4686,0.2525,0,0,eaglei
46091,"Ice storm, December 2023",ice,ice_storm:187157,2023-12-26,38003,139,0.2651,0.9025,0.4686,0.2525,0,0,eaglei
46093,"Wind and thunderstorms, December 2025",wind,high_wind:209541,2025-12-18,46033,118,1,0.8466,0.2176,0.006799,0,0,eaglei
46095,"Wind and thunderstorms, December 2025",wind,high_wind:209541,2025-12-18,46033,218,1,0.8466,0.2176,0.006799,0,0,eaglei
46097,"Wind and thunderstorms, May 2022",wind,tstm_wind:170478,2022-05-12,46011,76,0.1804,0.5415,0.09234,0,0,0,eaglei
46099,"Winter storm, March 2025",winter,blizzard:200787,2025-03-19,31177,242,0.7294,0.4114,0.1704,0.003622,0,0,eaglei
46101,"Wind and thunderstorms, May 2022",wind,tstm_wind:170478,2022-05-12,46011,42,0.1804,0.5415,0.09234,0,0,0,eaglei
46102,"Wind and thunderstorms, December 2025",wind,high_wind:209541,2025-12-18,46033,82,1,0.8466,0.2176,0.006799,0,0,eaglei
46103,"Wind and thunderstorms, December 2025",wind,high_wind:209541,2025-12-18,46033,62,1,0.8466,0.2176,0.006799,0,0,eaglei
46105,"Wind and thunderstorms, December 2025",wind,high_wind:209541,2025-12-18,46033,215,1,0.8466,0.2176,0.006799,0,0,eaglei
46107,"Ice storm, December 2023",ice,ice_storm:187552,2023-12-26,38045,192,1,0.8406,0.156,0.02798,0.003391,0,eaglei
46109,"Ice storm, December 2023",ice,ice_storm:187157,2023-12-26,38003,170,0.2651,0.9025,0.4686,0.2525,0,0,eaglei
46111,"Wind and thunderstorms, May 2022",wind,tstm_wind:170478,2022-05-12,46011,111,0.1804,0.5415,0.09234,0,0,0,eaglei
46115,"Ice storm, December 2023",ice,ice_storm:187157,2023-12-26,38003,225,0.2651,0.9025,0.4686,0.2525,0,0,eaglei
46117,"Wind and thunderstorms, December 2025",wind,high_wind:209541,2025-12-18,46033,232,1,0.8466,0.2176,0.006799,0,0,eaglei
46119,"Ice storm, December 2023",ice,ice_storm:187552,2023-12-26,38045,230,1,0.8406,0.156,0.02798,0.003391,0,eaglei
46121,"Wind and thunderstorms, December 2025",wind,high_wind:209541,2025-12-18,46033,229,1,0.8466,0.2176,0.006799,0,0,eaglei
46123,"Wind and thunderstorms, December 2025",wind,high_wind:209541,2025-12-18,46103,248,0.332,0.3743,0.08521,0,0,0,eaglei
46125,"Winter storm, March 2025",winter,blizzard:200787,2025-03-19,31155,236,0.7763,0.7894,0.435,0.03233,0,0,eaglei
46127,"Winter storm, March 2025",winter,blizzard:200787,2025-03-19,31155,179,0.7763,0.7894,0.435,0.03233,0,0,eaglei
46129,"Ice storm, December 2023",ice,ice_storm:187157,2023-12-26,38003,226,0.2651,0.9025,0.4686,0.2525,0,0,eaglei
46135,"Winter storm, March 2025",winter,blizzard:200787,2025-03-19,31155,208,0.7763,0.7894,0.435,0.03233,0,0,eaglei
46137,"Wind and thunderstorms, December 2025",wind,high_wind:209541,2025-12-18,46033,204,1,0.8466,0.2176,0.006799,0,0,eaglei
47001,Hurricane Helene,hurricane,AL092024,2024-09-25,37021,160,1,0.9222,0.7782,0.6938,0.2213,0,eaglei
47003,"Wind and thunderstorms, March 2020",wind,tornado:146901,2020-03-03,47037,79,0.1383,0.7022,0.2223,0.06199,0,0,eaglei
47005,"Ice storm, February 2022",ice,ice_storm:166753,2022-02-03,47157,192,0.3258,0.8049,0.5723,0.1303,0,0,eaglei
47007,Hurricane Helene,hurricane,AL092024,2024-09-25,37021,242,1,0.9222,0.7782,0.6938,0.2213,0,eaglei
47009,Hurricane Helene,hurricane,AL092024,2024-09-25,37021,126,1,0.9222,0.7782,0.6938,0.2213,0,eaglei
47011,Hurricane Helene,hurricane,AL092024,2024-09-25,37021,217,1,0.9222,0.7782,0.6938,0.2213,0,eaglei
47013,Hurricane Helene,hurricane,AL092024,2024-09-25,37021,171,1,0.9222,0.7782,0.6938,0.2213,0,eaglei
47015,"Power cut, cause not recorded, November 2016",unattributed,,2016-11-28,47155,229,0.1854,0.772,0.3918,0.1126,0,0,eaglei
47017,"Ice storm, February 2022",ice,ice_storm:166753,2022-02-03,47157,157,0.3258,0.8049,0.5723,0.1303,0,0,eaglei
47019,Hurricane Helene,hurricane,AL092024,2024-09-25,37021,83,1,0.9222,0.7782,0.6938,0.2213,0,eaglei
47021,"Wind and thunderstorms, March 2020",wind,tornado:146901,2020-03-03,47037,30,0.1383,0.7022,0.2223,0.06199,0,0,eaglei
47023,"Ice storm, February 2022",ice,ice_storm:166753,2022-02-03,47157,119,0.3258,0.8049,0.5723,0.1303,0,0,eaglei
47025,Hurricane Helene,hurricane,AL092024,2024-09-25,37021,142,1,0.9222,0.7782,0.6938,0.2213,0,eaglei
47027,"Flooding, July 2022",flood,flood:172563,2022-07-28,21193,221,0.275,0.9666,0.6567,0.3014,0,0,eaglei
47029,Hurricane Helene,hurricane,AL092024,2024-09-25,37021,63,1,0.9222,0.7782,0.6938,0.2213,0,eaglei
47031,"Power cut, cause not recorded, November 2016",unattributed,,2016-11-28,47155,233,0.1854,0.772,0.3918,0.1126,0,0,eaglei
47033,"Ice storm, February 2022",ice,ice_storm:166753,2022-02-03,47157,99,0.3258,0.8049,0.5723,0.1303,0,0,eaglei
47035,Hurricane Helene,hurricane,AL092024,2024-09-25,37021,226,1,0.9222,0.7782,0.6938,0.2213,0,eaglei
47037,"Wind and thunderstorms, March 2020",wind,tornado:146901,2020-03-03,47037,0,0.1383,0.7022,0.2223,0.06199,0,0,eaglei
47039,"Ice storm, February 2022",ice,ice_storm:166753,2022-02-03,47157,168,0.3258,0.8049,0.5723,0.1303,0,0,eaglei
47041,"Power cut, cause not recorded, November 2016",unattributed,,2016-11-28,47155,209,0.1854,0.772,0.3918,0.1126,0,0,eaglei
47043,"Wind and thunderstorms, March 2020",wind,tornado:146901,2020-03-03,47037,52,0.1383,0.7022,0.2223,0.06199,0,0,eaglei
47045,"Ice storm, February 2022",ice,ice_storm:166753,2022-02-03,47157,107,0.3258,0.8049,0.5723,0.1303,0,0,eaglei
47047,"Ice storm, February 2022",ice,ice_storm:166753,2022-02-03,47157,44,0.3258,0.8049,0.5723,0.1303,0,0,eaglei
47049,Hurricane Helene,hurricane,AL092024,2024-09-25,37021,233,1,0.9222,0.7782,0.6938,0.2213,0,eaglei
47051,"Power cut, cause not recorded, November 2016",unattributed,,2016-11-28,47155,243,0.1854,0.772,0.3918,0.1126,0,0,eaglei
47053,"Ice storm, February 2022",ice,ice_storm:166753,2022-02-03,47157,125,0.3258,0.8049,0.5723,0.1303,0,0,eaglei
47055,"Wind and thunderstorms, March 2020",wind,tornado:146901,2020-03-03,47037,110,0.1383,0.7022,0.2223,0.06199,0,0,eaglei
47057,Hurricane Helene,hurricane,AL092024,2024-09-25,37021,115,1,0.9222,0.7782,0.6938,0.2213,0,eaglei
47059,Hurricane Helene,hurricane,AL092024,2024-09-25,37021,70,1,0.9222,0.7782,0.6938,0.2213,0,eaglei
47061,Hurricane Helene,hurricane,AL092024,2024-09-26,37087,248,0.8716,0.8045,0.6486,0.1606,0.00481,0,eaglei
47063,Hurricane Helene,hurricane,AL092024,2024-09-25,37021,95,1,0.9222,0.7782,0.6938,0.2213,0,eaglei
47065,Hurricane Helene,hurricane,AL092024,2024-09-25,37021,247,1,0.9222,0.7782,0.6938,0.2213,0,eaglei
47067,Hurricane Helene,hurricane,AL092024,2024-09-25,37021,119,1,0.9222,0.7782,0.6938,0.2213,0,eaglei
47069,"Ice storm, February 2022",ice,ice_storm:166753,2022-02-03,47157,82,0.3258,0.8049,0.5723,0.1303,0,0,eaglei
47071,"Ice storm, February 2022",ice,ice_storm:166753,2022-02-03,47157,155,0.3258,0.8049,0.5723,0.1303,0,0,eaglei
47073,Hurricane Helene,hurricane,AL092024,2024-09-25,37021,100,1,0.9222,0.7782,0.6938,0.2213,0,eaglei
47075,"Ice storm, February 2022",ice,ice_storm:166753,2022-02-03,47157,71,0.3258,0.8049,0.5723,0.1303,0,0,eaglei
47077,"Ice storm, February 2022",ice,ice_storm:166753,2022-02-03,47157,146,0.3258,0.8049,0.5723,0.1303,0,0,eaglei
47079,"Ice storm, February 2022",ice,ice_storm:166753,2022-02-03,47157,192,0.3258,0.8049,0.5723,0.1303,0,0,eaglei
47081,"Ice storm, February 2022",ice,ice_storm:166753,2022-02-03,47157,230,0.3258,0.8049,0.5723,0.1303,0,0,eaglei
47083,"Ice storm, February 2022",ice,ice_storm:166753,2022-02-03,47157,232,0.3258,0.8049,0.5723,0.1303,0,0,eaglei
47085,"Ice storm, February 2022",ice,ice_storm:166753,2022-02-03,47157,213,0.3258,0.8049,0.5723,0.1303,0,0,eaglei
47087,"Flooding, July 2022",flood,flood:172563,2022-07-28,21193,240,0.275,0.9666,0.6567,0.3014,0,0,eaglei
47089,Hurricane Helene,hurricane,AL092024,2024-09-25,37021,96,1,0.9222,0.7782,0.6938,0.2213,0,eaglei
47091,Hurricane Helene,hurricane,AL092024,2024-09-25,37021,111,1,0.9222,0.7782,0.6938,0.2213,0,eaglei
47093,Hurricane Helene,hurricane,AL092024,2024-09-25,37021,134,1,0.9222,0.7782,0.6938,0.2213,0,eaglei
47095,"Ice storm, February 2022",ice,ice_storm:166753,2022-02-03,47157,133,0.3258,0.8049,0.5723,0.1303,0,0,eaglei
47097,"Ice storm, February 2022",ice,ice_storm:166753,2022-02-03,47157,69,0.3258,0.8049,0.5723,0.1303,0,0,eaglei
47099,"Ice storm, February 2022",ice,ice_storm:166753,2022-02-03,47157,227,0.3258,0.8049,0.5723,0.1303,0,0,eaglei
47101,"Ice storm, February 2022",ice,ice_storm:166753,2022-02-03,47157,221,0.3258,0.8049,0.5723,0.1303,0,0,eaglei
47103,"Wind and thunderstorms, March 2020",wind,tornado:146901,2020-03-03,47037,115,0.1383,0.7022,0.2223,0.06199,0,0,eaglei
47105,Hurricane Helene,hurricane,AL092024,2024-09-25,37021,162,1,0.9222,0.7782,0.6938,0.2213,0,eaglei
47107,Hurricane Helene,hurricane,AL092024,2024-09-25,37021,190,1,0.9222,0.7782,0.6938,0.2213,0,eaglei
47109,"Ice storm, February 2022",ice,ice_storm:166753,2022-02-03,47157,121,0.3258,0.8049,0.5723,0.1303,0,0,eaglei
47111,"Power cut, cause not recorded, November 2016",unattributed,,2016-11-28,47155,237,0.1854,0.772,0.3918,0.1126,0,0,eaglei
47113,"Ice storm, February 2022",ice,ice_storm:166753,2022-02-03,47157,107,0.3258,0.8049,0.5723,0.1303,0,0,eaglei
47115,Hurricane Helene,hurricane,AL092024,2024-09-26,37087,243,0.8716,0.8045,0.6486,0.1606,0.00481,0,eaglei
47117,"Wind and thunderstorms, March 2020",wind,tornado:146901,2020-03-03,47037,78,0.1383,0.7022,0.2223,0.06199,0,0,eaglei
47119,"Wind and thunderstorms, March 2020",wind,tornado:146901,2020-03-03,47037,67,0.1383,0.7022,0.2223,0.06199,0,0,eaglei
47121,Hurricane Helene,hurricane,AL092024,2024-09-25,37021,207,1,0.9222,0.7782,0.6938,0.2213,0,eaglei
47123,Hurricane Helene,hurricane,AL092024,2024-09-25,37021,157,1,0.9222,0.7782,0.6938,0.2213,0,eaglei
47125,"Wind and thunderstorms, March 2020",wind,tornado:146901,2020-03-03,47037,65,0.1383,0.7022,0.2223,0.06199,0,0,eaglei
47127,"Wind and thunderstorms, March 2020",wind,tornado:146901,2020-03-03,47037,105,0.1383,0.7022,0.2223,0.06199,0,0,eaglei
47129,Hurricane Helene,hurricane,AL092024,2024-09-25,37021,199,1,0.9222,0.7782,0.6938,0.2213,0,eaglei
47131,"Ice storm, February 2022",ice,ice_storm:166753,2022-02-03,47157,147,0.3258,0.8049,0.5723,0.1303,0,0,eaglei
47133,"Flooding, July 2022",flood,flood:172563,2022-07-28,21193,209,0.275,0.9666,0.6567,0.3014,0,0,eaglei
47135,"Ice storm, February 2022",ice,ice_storm:166753,2022-02-03,47157,191,0.3258,0.8049,0.5723,0.1303,0,0,eaglei
47137,"Ice storm, February 2021",ice,ice_storm:154922,2021-02-11,21063,246,0.8075,0.7557,0.6858,0.4635,0.01946,0,eaglei
47139,Hurricane Helene,hurricane,AL092024,2024-09-25,37021,191,1,0.9222,0.7782,0.6938,0.2213,0,eaglei
47141,"Flooding, July 2022",flood,flood:172563,2022-07-28,21193,237,0.275,0.9666,0.6567,0.3014,0,0,eaglei
47143,Hurricane Helene,hurricane,AL092024,2024-09-25,37021,219,1,0.9222,0.7782,0.6938,0.2213,0,eaglei
47145,Hurricane Helene,hurricane,AL092024,2024-09-25,37021,182,1,0.9222,0.7782,0.6938,0.2213,0,eaglei
47147,"Ice storm, February 2021",ice,ice_storm:155530,2021-02-14,21203,246,0.6294,0.8229,0.5322,0.09003,0,0,eaglei
47149,"Wind and thunderstorms, March 2020",wind,tornado:146901,2020-03-03,47037,49,0.1383,0.7022,0.2223,0.06199,0,0,eaglei
47151,Hurricane Helene,hurricane,AL092024,2024-09-25,37021,200,1,0.9222,0.7782,0.6938,0.2213,0,eaglei
47153,Hurricane Helene,hurricane,AL092024,2024-09-26,37175,236,1,0.9652,0.8298,0.2707,0.005669,0,eaglei
47155,Hurricane Helene,hurricane,AL092024,2024-09-25,37021,92,1,0.9222,0.7782,0.6938,0.2213,0,eaglei
47157,"Ice storm, February 2022",ice,ice_storm:166753,2022-02-03,47157,0,0.3258,0.8049,0.5723,0.1303,0,0,eaglei
47159,"Power cut, cause not recorded, November 2016",unattributed,,2016-11-28,47155,224,0.1854,0.772,0.3918,0.1126,0,0,eaglei
47161,"Ice storm, February 2022",ice,ice_storm:166753,2022-02-03,47157,235,0.3258,0.8049,0.5723,0.1303,0,0,eaglei
47163,Hurricane Helene,hurricane,AL092024,2024-09-25,37021,102,1,0.9222,0.7782,0.6938,0.2213,0,eaglei
47165,"Ice storm, February 2021",ice,ice_storm:155530,2021-02-14,21203,215,0.6294,0.8229,0.5322,0.09003,0,0,eaglei
47167,"Ice storm, February 2022",ice,ice_storm:166753,2022-02-03,47157,37,0.3258,0.8049,0.5723,0.1303,0,0,eaglei
47169,"Power cut, cause not recorded, November 2016",unattributed,,2016-11-28,47155,246,0.1854,0.772,0.3918,0.1126,0,0,eaglei
47171,Hurricane Helene,hurricane,AL092024,2024-09-25,37021,55,1,0.9222,0.7782,0.6938,0.2213,0,eaglei
47173,Hurricane Helene,hurricane,AL092024,2024-09-25,37021,139,1,0.9222,0.7782,0.6938,0.2213,0,eaglei
47175,Hurricane Helene,hurricane,AL092024,2024-09-26,37175,245,1,0.9652,0.8298,0.2707,0.005669,0,eaglei
47177,"Power cut, cause not recorded, November 2016",unattributed,,2016-11-28,47155,204,0.1854,0.772,0.3918,0.1126,0,0,eaglei
47179,Hurricane Helene,hurricane,AL092024,2024-09-25,37021,76,1,0.9222,0.7782,0.6938,0.2213,0,eaglei
47181,"Ice storm, February 2022",ice,ice_storm:166753,2022-02-03,47157,189,0.3258,0.8049,0.5723,0.1303,0,0,eaglei
47183,"Ice storm, February 2022",ice,ice_storm:166753,2022-02-03,47157,163,0.3258,0.8049,0.5723,0.1303,0,0,eaglei
47185,"Flooding, July 2022",flood,flood:172563,2022-07-28,21193,248,0.275,0.9666,0.6567,0.3014,0,0,eaglei
47187,"Wind and thunderstorms, March 2020",wind,tornado:146901,2020-03-03,47037,32,0.1383,0.7022,0.2223,0.06199,0,0,eaglei
47189,"Ice storm, February 2021",ice,ice_storm:155530,2021-02-14,21203,222,0.6294,0.8229,0.5322,0.09003,0,0,eaglei
48001,Hurricane Harvey,hurricane,AL092017,2017-08-27,48199,207,0.6915,0.8027,0.447,0.1692,0,0,eaglei
48003,October 2020 Oklahoma ice storm,winter,winter_storm:152610,2020-10-27,48305,123,1,0.1871,0.06859,0.03451,0.006815,0,eaglei
48005,Hurricane Harvey,hurricane,AL092017,2017-08-28,48361,143,0.9767,0.8685,0.8473,0.2505,0,0,eaglei
48007,Hurricane Beryl,hurricane,AL022024,2024-07-08,48201,246,0.9086,0.7508,0.5011,0.1282,0,0,eaglei
48009,October 2020 Oklahoma ice storm,ice,ice_storm:153454,2020-10-26,40109,245,0.5521,0.9142,0.6393,0.4624,0,0,eaglei
48011,October 2020 Oklahoma ice storm,ice,ice_storm:153454,2020-10-26,40075,217,0.7435,0.5341,0.25,0.1005,0,0,eaglei
48013,February 2021 winter storm and Texas blackout (Uri),cold_grid,winter_storm:156281,2021-02-11,48171,164,0.5485,0.739,0.5087,0.286,0.04285,0,eaglei
48015,Hurricane Harvey,hurricane,AL092017,2017-08-28,48361,230,0.9767,0.8685,0.8473,0.2505,0,0,eaglei
48017,October 2020 Oklahoma ice storm,winter,winter_storm:153567,2020-10-28,48179,237,0.8737,0.8579,0.2158,0.0401,0,0,eaglei
48019,February 2021 winter storm and Texas blackout (Uri),cold_grid,winter_storm:156281,2021-02-11,48171,70,0.5485,0.739,0.5087,0.286,0.04285,0,eaglei
48021,February 2021 winter storm and Texas blackout (Uri),cold_grid,winter_storm:156281,2021-02-11,48171,159,0.5485,0.739,0.5087,0.286,0.04285,0,eaglei
48023,October 2020 Oklahoma ice storm,ice,ice_storm:153454,2020-10-26,40015,188,1,0.807,0.4316,0.2256,0.01198,0,eaglei
48025,February 2021 winter storm and Texas blackout (Uri),cold_grid,winter_storm:156281,2021-02-11,48171,242,0.5485,0.739,0.5087,0.286,0.04285,0,eaglei
48027,February 2021 winter storm and Texas blackout (Uri),cold_grid,winter_storm:156281,2021-02-11,48171,161,0.5485,0.739,0.5087,0.286,0.04285,0,eaglei
48029,February 2021 winter storm and Texas blackout (Uri),cold_grid,winter_storm:156281,2021-02-11,48171,106,0.5485,0.739,0.5087,0.286,0.04285,0,eaglei
48031,February 2021 winter storm and Texas blackout (Uri),cold_grid,winter_storm:156281,2021-02-11,48171,53,0.5485,0.739,0.5087,0.286,0.04285,0,eaglei
48033,October 2020 Oklahoma ice storm,winter,winter_storm:152610,2020-10-27,48305,60,1,0.1871,0.06859,0.03451,0.006815,0,eaglei
48035,February 2021 winter storm and Texas blackout (Uri),cold_grid,winter_storm:156281,2021-02-11,48171,215,0.5485,0.739,0.5087,0.286,0.04285,0,eaglei
48037,"Power cut, cause not recorded, May 2024",unattributed,,2024-05-28,48347,204,0.1634,0.4269,0.3509,0.1036,0,0,eaglei
48039,Hurricane Harvey,hurricane,AL092017,2017-08-28,48361,183,0.9767,0.8685,0.8473,0.2505,0,0,eaglei
48041,Hurricane Harvey,hurricane,AL092017,2017-08-28,48361,239,0.9767,0.8685,0.8473,0.2505,0,0,eaglei
48043,February 2021 winter storm and Texas blackout (Uri),grid,oe417:Cyber Event,2021-02-13,48461,207,0.8773,0.8996,0.05785,0.01256,0,0,eaglei
48045,October 2020 Oklahoma ice storm,ice,ice_storm:153454,2020-10-26,40075,208,0.7435,0.5341,0.25,0.1005,0,0,eaglei
48047,Hurricane Hanna,hurricane,AL082020,2020-07-25,48489,87,0.6865,0.7561,0.5303,0.0209,0,0,eaglei
48049,February 2021 winter storm and Texas blackout (Uri),cold_grid,winter_storm:156281,2021-02-11,48171,160,0.5485,0.739,0.5087,0.286,0.04285,0,eaglei
48051,February 2021 winter storm and Texas blackout (Uri),cold_grid,winter_storm:156281,2021-02-11,48171,223,0.5485,0.739,0.5087,0.286,0.04285,0,eaglei
48053,February 2021 winter storm and Texas blackout (Uri),cold_grid,winter_storm:156281,2021-02-11,48171,88,0.5485,0.739,0.5087,0.286,0.04285,0,eaglei
48055,February 2021 winter storm and Texas blackout (Uri),cold_grid,winter_storm:156281,2021-02-11,48171,138,0.5485,0.739,0.5087,0.286,0.04285,0,eaglei
48057,Hurricane Beryl,hurricane,AL022024,2024-07-08,48201,195,0.9086,0.7508,0.5011,0.1282,0,0,eaglei
48059,February 2021 winter storm and Texas blackout (Uri),cold_grid,winter_storm:156281,2021-02-11,48171,223,0.5485,0.739,0.5087,0.286,0.04285,0,eaglei
48061,Hurricane Hanna,hurricane,AL082020,2020-07-25,48489,44,0.6865,0.7561,0.5303,0.0209,0,0,eaglei
48063,"Power cut, cause not recorded, May 2024",unattributed,,2024-05-28,48347,154,0.1634,0.4269,0.3509,0.1036,0,0,eaglei
48065,October 2020 Oklahoma ice storm,ice,ice_storm:153454,2020-10-26,40075,222,0.7435,0.5341,0.25,0.1005,0,0,eaglei
48067,"Power cut, cause not recorded, May 2024",unattributed,,2024-05-28,48347,165,0.1634,0.4269,0.3509,0.1036,0,0,eaglei
48069,October 2020 Oklahoma ice storm,winter,winter_storm:153567,2020-10-28,48179,163,0.8737,0.8579,0.2158,0.0401,0,0,eaglei
48071,Hurricane Harvey,hurricane,AL092017,2017-08-28,48361,88,0.9767,0.8685,0.8473,0.2505,0,0,eaglei
48073,Hurricane Harvey,hurricane,AL092017,2017-08-28,48361,226,0.9767,0.8685,0.8473,0.2505,0,0,eaglei
48075,October 2020 Oklahoma ice storm,ice,ice_storm:153454,2020-10-26,40015,181,1,0.807,0.4316,0.2256,0.01198,0,eaglei
48077,October 2020 Oklahoma ice storm,ice,ice_storm:153454,2020-10-26,40109,210,0.5521,0.9142,0.6393,0.4624,0,0,eaglei
48079,October 2020 Oklahoma ice storm,winter,winter_storm:152610,2020-10-27,48305,105,1,0.1871,0.06859,0.03451,0.006815,0,eaglei
48081,February 2021 winter storm and Texas blackout (Uri),cold_grid,winter_storm:156281,2021-02-11,48171,236,0.5485,0.739,0.5087,0.286,0.04285,0,eaglei
48083,February 2021 winter storm and Texas blackout (Uri),cold_grid,winter_storm:156281,2021-02-11,48171,181,0.5485,0.739,0.5087,0.286,0.04285,0,eaglei
48085,October 2020 Oklahoma ice storm,ice,ice_storm:153454,2020-10-26,40027,234,0.2227,0.5812,0.3929,0.1233,0,0,eaglei
48087,October 2020 Oklahoma ice storm,ice,ice_storm:153454,2020-10-26,40015,174,1,0.807,0.4316,0.2256,0.01198,0,eaglei
48089,February 2021 winter storm and Texas blackout (Uri),cold_grid,winter_storm:156281,2021-02-11,48171,248,0.5485,0.739,0.5087,0.286,0.04285,0,eaglei
48091,February 2021 winter storm and Texas blackout (Uri),cold_grid,winter_storm:156281,2021-02-11,48171,87,0.5485,0.739,0.5087,0.286,0.04285,0,eaglei
48093,February 2021 winter storm and Texas blackout (Uri),cold_grid,winter_storm:156281,2021-02-11,48171,185,0.5485,0.739,0.5087,0.286,0.04285,0,eaglei
48095,February 2021 winter storm and Texas blackout (Uri),cold_grid,winter_storm:156281,2021-02-11,48171,141,0.5485,0.739,0.5087,0.286,0.04285,0,eaglei
48097,October 2020 Oklahoma ice storm,ice,ice_storm:153454,2020-10-26,40109,214,0.5521,0.9142,0.6393,0.4624,0,0,eaglei
48099,February 2021 winter storm and Texas blackout (Uri),cold_grid,winter_storm:156281,2021-02-11,48171,161,0.5485,0.739,0.5087,0.286,0.04285,0,eaglei
48101,October 2020 Oklahoma ice storm,ice,ice_storm:153454,2020-10-26,40015,211,1,0.807,0.4316,0.2256,0.01198,0,eaglei
48103,October 2020 Oklahoma ice storm,winter,winter_storm:152610,2020-10-27,48305,205,1,0.1871,0.06859,0.03451,0.006815,0,eaglei
48105,February 2021 winter storm and Texas blackout (Uri),cold_grid,winter_storm:156281,2021-02-11,48171,240,0.5485,0.739,0.5087,0.286,0.04285,0,eaglei
48107,October 2020 Oklahoma ice storm,winter,winter_storm:153567,2020-10-28,48179,204,0.8737,0.8579,0.2158,0.0401,0,0,eaglei
48109,February 2021 winter storm and Texas blackout (Uri),grid,oe417:Cyber Event,2021-02-13,48461,236,0.8773,0.8996,0.05785,0.01256,0,0,eaglei
48111,October 2020 Oklahoma ice storm,winter,winter_storm:153567,2020-10-28,48179,188,0.8737,0.8579,0.2158,0.0401,0,0,eaglei
48113,"Power cut, cause not recorded, May 2024",unattributed,,2024-05-28,48347,240,0.1634,0.4269,0.3509,0.1036,0,0,eaglei
48115,October 2020 Oklahoma ice storm,winter,winter_storm:152610,2020-10-27,48305,50,1,0.1871,0.06859,0.03451,0.006815,0,eaglei
48117,October 2020 Oklahoma ice storm,winter,winter_storm:153567,2020-10-28,48179,171,0.8737,0.8579,0.2158,0.0401,0,0,eaglei
48119,"Power cut, cause not recorded, May 2024",unattributed,,2024-05-28,48347,220,0.1634,0.4269,0.3509,0.1036,0,0,eaglei
48121,October 2020 Oklahoma ice storm,ice,ice_storm:153454,2020-10-26,40015,247,1,0.807,0.4316,0.2256,0.01198,0,eaglei
48123,February 2021 winter storm and Texas blackout (Uri),cold_grid,winter_storm:156281,2021-02-11,48171,206,0.5485,0.739,0.5087,0.286,0.04285,0,eaglei
48125,October 2020 Oklahoma ice storm,ice,ice_storm:153454,2020-10-26,40075,221,0.7435,0.5341,0.25,0.1005,0,0,eaglei
48127,February 2021 winter storm and Texas blackout (Uri),cold_grid,winter_storm:156281,2021-02-11,48171,226,0.5485,0.739,0.5087,0.286,0.04285,0,eaglei
48129,October 2020 Oklahoma ice storm,ice,ice_storm:153454,2020-10-26,40015,223,1,0.807,0.4316,0.2256,0.01198,0,eaglei
48131,Hurricane Hanna,hurricane,AL082020,2020-07-25,48489,161,0.6865,0.7561,0.5303,0.0209,0,0,eaglei
48133,February 2021 winter storm and Texas blackout (Uri),cold_grid,winter_storm:156281,2021-02-11,48171,223,0.5485,0.739,0.5087,0.286,0.04285,0,eaglei
48135,October 2020 Oklahoma ice storm,winter,winter_storm:152610,2020-10-27,48305,161,1,0.1871,0.06859,0.03451,0.006815,0,eaglei
48137,February 2021 winter storm and Texas blackout (Uri),cold_grid,winter_storm:156281,2021-02-11,48171,137,0.5485,0.739,0.5087,0.286,0.04285,0,eaglei
48139,"Power cut, cause not recorded, May 2024",unattributed,,2024-05-28,48347,221,0.1634,0.4269,0.3509,0.1036,0,0,eaglei
48143,February 2021 winter storm and Texas blackout (Uri),cold_grid,winter_storm:156281,2021-02-11,48171,223,0.5485,0.739,0.5087,0.286,0.04285,0,eaglei
48145,February 2021 winter storm and Texas blackout (Uri),cold_grid,winter_storm:156281,2021-02-11,48171,218,0.5485,0.739,0.5087,0.286,0.04285,0,eaglei
48147,October 2020 Oklahoma ice storm,ice,ice_storm:153454,2020-10-26,40109,249,0.5521,0.9142,0.6393,0.4624,0,0,eaglei
48149,February 2021 winter storm and Texas blackout (Uri),cold_grid,winter_storm:156281,2021-02-11,48171,201,0.5485,0.739,0.5087,0.286,0.04285,0,eaglei
48151,October 2020 Oklahoma ice storm,winter,winter_storm:152610,2020-10-27,48305,141,1,0.1871,0.06859,0.03451,0.006815,0,eaglei
48153,October 2020 Oklahoma ice storm,ice,ice_storm:153454,2020-10-26,40075,233,0.7435,0.5341,0.25,0.1005,0,0,eaglei
48155,October 2020 Oklahoma ice storm,ice,ice_storm:153454,2020-10-26,40015,188,1,0.807,0.4316,0.2256,0.01198,0,eaglei
48157,Hurricane Harvey,hurricane,AL092017,2017-08-28,48361,193,0.9767,0.8685,0.8473,0.2505,0,0,eaglei
48159,"Power cut, cause not recorded, May 2024",unattributed,,2024-05-28,48347,182,0.1634,0.4269,0.3509,0.1036,0,0,eaglei
48161,Hurricane Harvey,hurricane,AL092017,2017-08-27,48199,226,0.6915,0.8027,0.447,0.1692,0,0,eaglei
48163,February 2021 winter storm and Texas blackout (Uri),cold_grid,winter_storm:156281,2021-02-11,48171,163,0.5485,0.739,0.5087,0.286,0.04285,0,eaglei
48165,October 2020 Oklahoma ice storm,winter,winter_storm:152610,2020-10-27,48305,90,1,0.1871,0.06859,0.03451,0.006815,0,eaglei
48167,Hurricane Harvey,hurricane,AL092017,2017-08-28,48361,138,0.9767,0.8685,0.8473,0.2505,0,0,eaglei
48169,October 2020 Oklahoma ice storm,winter,winter_storm:152610,2020-10-27,48305,48,1,0.1871,0.06859,0.03451,0.006815,0,eaglei
48171,February 2021 winter storm and Texas blackout (Uri),cold_grid,winter_storm:156281,2021-02-11,48171,0,0.5485,0.739,0.5087,0.286,0.04285,0,eaglei
48173,October 2020 Oklahoma ice storm,winter,winter_storm:152610,2020-10-27,48305,148,1,0.1871,0.06859,0.03451,0.006815,0,eaglei
48175,February 2021 winter storm and Texas blackout (Uri),cold_grid,winter_storm:156281,2021-02-11,48171,236,0.5485,0.739,0.5087,0.286,0.04285,0,eaglei
48177,February 2021 winter storm and Texas blackout (Uri),cold_grid,winter_storm:156281,2021-02-11,48171,170,0.5485,0.739,0.5087,0.286,0.04285,0,eaglei
48179,October 2020 Oklahoma ice storm,ice,ice_storm:153454,2020-10-26,40015,222,1,0.807,0.4316,0.2256,0.01198,0,eaglei
48181,October 2020 Oklahoma ice storm,ice,ice_storm:153454,2020-10-26,40109,225,0.5521,0.9142,0.6393,0.4624,0,0,eaglei
48183,Hurricane Harvey,hurricane,AL092017,2017-08-27,48199,243,0.6915,0.8027,0.447,0.1692,0,0,eaglei
48185,Hurricane Harvey,hurricane,AL092017,2017-08-28,48361,206,0.9767,0.8685,0.8473,0.2505,0,0,eaglei
48187,February 2021 winter storm and Texas blackout (Uri),cold_grid,winter_storm:156281,2021-02-11,48171,126,0.5485,0.739,0.5087,0.286,0.04285,0,eaglei
48189,October 2020 Oklahoma ice storm,winter,winter_storm:153567,2020-10-28,48179,175,0.8737,0.8579,0.2158,0.0401,0,0,eaglei
48191,October 2020 Oklahoma ice storm,ice,ice_storm:153454,2020-10-26,40015,216,1,0.807,0.4316,0.2256,0.01198,0,eaglei
48193,February 2021 winter storm and Texas blackout (Uri),cold_grid,winter_storm:156281,2021-02-11,48171,173,0.5485,0.739,0.5087,0.286,0.04285,0,eaglei
48195,October 2020 Oklahoma ice storm,winter,winter_storm:153567,2020-10-28,48179,109,0.8737,0.8579,0.2158,0.0401,0,0,eaglei
48197,October 2020 Oklahoma ice storm,ice,ice_storm:153454,2020-10-26,40015,158,1,0.807,0.4316,0.2256,0.01198,0,eaglei
48199,Hurricane Harvey,hurricane,AL092017,2017-08-28,48361,53,0.9767,0.8685,0.8473,0.2505,0,0,eaglei
48201,Hurricane Harvey,hurricane,AL092017,2017-08-28,48361,147,0.9767,0.8685,0.8473,0.2505,0,0,eaglei
48203,Hurricane Harvey,hurricane,AL092017,2017-08-27,48199,247,0.6915,0.8027,0.447,0.1692,0,0,eaglei
48205,October 2020 Oklahoma ice storm,winter,winter_storm:153567,2020-10-28,48179,170,0.8737,0.8579,0.2158,0.0401,0,0,eaglei
48207,October 2020 Oklahoma ice storm,ice,ice_storm:153454,2020-10-26,40075,206,0.7435,0.5341,0.25,0.1005,0,0,eaglei
48209,February 2021 winter storm and Texas blackout (Uri),cold_grid,winter_storm:156281,2021-02-11,48171,92,0.5485,0.739,0.5087,0.286,0.04285,0,eaglei
48211,October 2020 Oklahoma ice storm,ice,ice_storm:153454,2020-10-26,40015,186,1,0.807,0.4316,0.2256,0.01198,0,eaglei
48213,Hurricane Beryl,hurricane,AL022024,2024-07-08,48407,193,1,0.9381,0.5341,0.1461,0,0,eaglei
48215,Hurricane Hanna,hurricane,AL082020,2020-07-25,48489,59,0.6865,0.7561,0.5303,0.0209,0,0,eaglei
48217,Hurricane Beryl,hurricane,AL022024,2024-07-08,48407,244,1,0.9381,0.5341,0.1461,0,0,eaglei
48219,October 2020 Oklahoma ice storm,winter,winter_storm:153567,2020-10-28,48179,244,0.8737,0.8579,0.2158,0.0401,0,0,eaglei
48221,"Wind and thunderstorms, May 2024",wind,tstm_wind:190995,2024-05-28,48467,188,1,0.4285,0.1205,0.02584,0,0,eaglei
48223,"Power cut, cause not recorded, May 2024",unattributed,,2024-05-28,48347,192,0.1634,0.4269,0.3509,0.1036,0,0,eaglei
48225,Hurricane Harvey,hurricane,AL092017,2017-08-28,48361,198,0.9767,0.8685,0.8473,0.2505,0,0,eaglei
48227,October 2020 Oklahoma ice storm,winter,winter_storm:152610,2020-10-27,48305,104,1,0.1871,0.06859,0.03451,0.006815,0,eaglei
48229,"Wind and thunderstorms, May 2025",wind,tstm_wind:202231,2025-05-25,48475,216,0.2842,0.2822,0,0,0,0,eaglei
48231,"Power cut, cause not recorded, May 2024",unattributed,,2024-05-28,48347,216,0.1634,0.4269,0.3509,0.1036,0,0,eaglei
48233,October 2020 Oklahoma ice storm,ice,ice_storm:153454,2020-10-26,40075,239,0.7435,0.5341,0.25,0.1005,0,0,eaglei
48235,February 2021 winter storm and Texas blackout (Uri),cold_grid,winter_storm:156281,2021-02-11,48171,223,0.5485,0.739,0.5087,0.286,0.04285,0,eaglei
48237,October 2020 Oklahoma ice storm,ice,ice_storm:153454,2020-10-26,40015,216,1,0.807,0.4316,0.2256,0.01198,0,eaglei
48239,Hurricane Beryl,hurricane,AL022024,2024-07-08,48407,226,1,0.9381,0.5341,0.1461,0,0,eaglei
48241,Hurricane Harvey,hurricane,AL092017,2017-08-28,48361,71,0.9767,0.8685,0.8473,0.2505,0,0,eaglei
48243,February 2021 winter storm and Texas blackout (Uri),grid,oe417:Cyber Event,2021-02-13,48461,220,0.8773,0.8996,0.05785,0.01256,0,0,eaglei
48245,Hurricane Harvey,hurricane,AL092017,2017-08-28,48361,39,0.9767,0.8685,0.8473,0.2505,0,0,eaglei
48247,Hurricane Hanna,hurricane,AL082020,2020-07-25,48489,131,0.6865,0.7561,0.5303,0.0209,0,0,eaglei
48249,Hurricane Hanna,hurricane,AL082020,2020-07-25,48489,148,0.6865,0.7561,0.5303,0.0209,0,0,eaglei
48251,"Wind and thunderstorms, May 2024",wind,tstm_wind:190995,2024-05-28,48467,145,1,0.4285,0.1205,0.02584,0,0,eaglei
48253,October 2020 Oklahoma ice storm,winter,winter_storm:152610,2020-10-27,48305,188,1,0.1871,0.06859,0.03451,0.006815,0,eaglei
48255,February 2021 winter storm and Texas blackout (Uri),cold_grid,winter_storm:156281,2021-02-11,48171,189,0.5485,0.739,0.5087,0.286,0.04285,0,eaglei
48257,Hurricane Beryl,hurricane,AL022024,2024-07-08,48407,249,1,0.9381,0.5341,0.1461,0,0,eaglei
48259,February 2021 winter storm and Texas blackout (Uri),cold_grid,winter_storm:156281,2021-02-11,48171,48,0.5485,0.739,0.5087,0.286,0.04285,0,eaglei
48261,Hurricane Hanna,hurricane,AL082020,2020-07-25,48489,45,0.6865,0.7561,0.5303,0.0209,0,0,eaglei
48263,October 2020 Oklahoma ice storm,winter,winter_storm:153567,2020-10-28,48179,247,0.8737,0.8579,0.2158,0.0401,0,0,eaglei
48265,February 2021 winter storm and Texas blackout (Uri),cold_grid,winter_storm:156281,2021-02-11,48171,49,0.5485,0.739,0.5087,0.286,0.04285,0,eaglei
48267,February 2021 winter storm and Texas blackout (Uri),cold_grid,winter_storm:156281,2021-02-11,48171,79,0.5485,0.739,0.5087,0.286,0.04285,0,eaglei
48269,October 2020 Oklahoma ice storm,ice,ice_storm:153454,2020-10-26,40015,243,1,0.807,0.4316,0.2256,0.01198,0,eaglei
48271,February 2021 winter storm and Texas blackout (Uri),cold_grid,winter_storm:156281,2021-02-11,48171,179,0.5485,0.739,0.5087,0.286,0.04285,0,eaglei
48273,Hurricane Hanna,hurricane,AL082020,2020-07-25,48489,107,0.6865,0.7561,0.5303,0.0209,0,0,eaglei
48275,October 2020 Oklahoma ice storm,ice,ice_storm:153454,2020-10-26,40015,213,1,0.807,0.4316,0.2256,0.01198,0,eaglei
48277,October 2020 Oklahoma ice storm,ice,ice_storm:153454,2020-10-26,40027,235,0.2227,0.5812,0.3929,0.1233,0,0,eaglei
48279,October 2020 Oklahoma ice storm,winter,winter_storm:153567,2020-10-28,48179,204,0.8737,0.8579,0.2158,0.0401,0,0,eaglei
48281,February 2021 winter storm and Texas blackout (Uri),cold_grid,winter_storm:156281,2021-02-11,48171,118,0.5485,0.739,0.5087,0.286,0.04285,0,eaglei
48283,February 2021 winter storm and Texas blackout (Uri),cold_grid,winter_storm:156281,2021-02-11,48171,220,0.5485,0.739,0.5087,0.286,0.04285,0,eaglei
48285,February 2021 winter storm and Texas blackout (Uri),cold_grid,winter_storm:156281,2021-02-11,48171,221,0.5485,0.739,0.5087,0.286,0.04285,0,eaglei
48287,February 2021 winter storm and Texas blackout (Uri),cold_grid,winter_storm:156281,2021-02-11,48171,189,0.5485,0.739,0.5087,0.286,0.04285,0,eaglei
48289,Hurricane Harvey,hurricane,AL092017,2017-08-28,48361,240,0.9767,0.8685,0.8473,0.2505,0,0,eaglei
48291,Hurricane Harvey,hurricane,AL092017,2017-08-28,48361,91,0.9767,0.8685,0.8473,0.2505,0,0,eaglei
48293,Hurricane Harvey,hurricane,AL092017,2017-08-27,48199,250,0.6915,0.8027,0.447,0.1692,0,0,eaglei
48295,October 2020 Oklahoma ice storm,ice,ice_storm:153454,2020-10-26,40015,211,1,0.807,0.4316,0.2256,0.01198,0,eaglei
48297,February 2021 winter storm and Texas blackout (Uri),cold_grid,winter_storm:156281,2021-02-11,48171,233,0.5485,0.739,0.5087,0.286,0.04285,0,eaglei
48299,February 2021 winter storm and Texas blackout (Uri),cold_grid,winter_storm:156281,2021-02-11,48171,49,0.5485,0.739,0.5087,0.286,0.04285,0,eaglei
48301,October 2020 Oklahoma ice storm,winter,winter_storm:152610,2020-10-27,48305,221,1,0.1871,0.06859,0.03451,0.006815,0,eaglei
48303,October 2020 Oklahoma ice storm,winter,winter_storm:153567,2020-10-28,48179,220,0.8737,0.8579,0.2158,0.0401,0,0,eaglei
48305,October 2020 Oklahoma ice storm,winter,winter_storm:152610,2020-10-27,48305,0,1,0.1871,0.06859,0.03451,0.006815,0,eaglei
48307,February 2021 winter storm and Texas blackout (Uri),cold_grid,winter_storm:156281,2021-02-11,48171,106,0.5485,0.739,0.5087,0.286,0.04285,0,eaglei
48309,February 2021 winter storm and Texas blackout (Uri),cold_grid,winter_storm:156281,2021-02-11,48171,215,0.5485,0.739,0.5087,0.286,0.04285,0,eaglei
48311,February 2021 winter storm and Texas blackout (Uri),cold_grid,winter_storm:156281,2021-02-11,48171,219,0.5485,0.739,0.5087,0.286,0.04285,0,eaglei
48313,Hurricane Harvey,hurricane,AL092017,2017-08-28,48361,216,0.9767,0.8685,0.8473,0.2505,0,0,eaglei
48315,"Power cut, cause not recorded, May 2024",unattributed,,2024-05-28,48347,133,0.1634,0.4269,0.3509,0.1036,0,0,eaglei
48317,October 2020 Oklahoma ice storm,winter,winter_storm:152610,2020-10-27,48305,98,1,0.1871,0.06859,0.03451,0.006815,0,eaglei
48319,February 2021 winter storm and Texas blackout (Uri),cold_grid,winter_storm:156281,2021-02-11,48171,51,0.5485,0.739,0.5087,0.286,0.04285,0,eaglei
48321,Hurricane Harvey,hurricane,AL092017,2017-08-28,48245,216,0.2174,0.8738,0.5062,0.2251,0,0,eaglei
48323,February 2021 winter storm and Texas blackout (Uri),cold_grid,winter_storm:156281,2021-02-11,48171,222,0.5485,0.739,0.5087,0.286,0.04285,0,eaglei
48325,February 2021 winter storm and Texas blackout (Uri),cold_grid,winter_storm:156281,2021-02-11,48171,109,0.5485,0.739,0.5087,0.286,0.04285,0,eaglei
48327,February 2021 winter storm and Texas blackout (Uri),cold_grid,winter_storm:156281,2021-02-11,48171,108,0.5485,0.739,0.5087,0.286,0.04285,0,eaglei
48329,October 2020 Oklahoma ice storm,winter,winter_storm:152610,2020-10-27,48305,153,1,0.1871,0.06859,0.03451,0.006815,0,eaglei
48331,February 2021 winter storm and Texas blackout (Uri),cold_grid,winter_storm:156281,2021-02-11,48171,194,0.5485,0.739,0.5087,0.286,0.04285,0,eaglei
48333,February 2021 winter storm and Texas blackout (Uri),cold_grid,winter_storm:156281,2021-02-11,48171,134,0.5485,0.739,0.5087,0.286,0.04285,0,eaglei
48335,October 2020 Oklahoma ice storm,winter,winter_storm:152610,2020-10-27,48305,128,1,0.1871,0.06859,0.03451,0.006815,0,eaglei
48337,October 2020 Oklahoma ice storm,ice,ice_storm:153454,2020-10-26,40109,211,0.5521,0.9142,0.6393,0.4624,0,0,eaglei
48339,Hurricane Harvey,hurricane,AL092017,2017-08-28,48361,156,0.9767,0.8685,0.8473,0.2505,0,0,eaglei
48341,October 2020 Oklahoma ice storm,winter,winter_storm:153567,2020-10-28,48179,109,0.8737,0.8579,0.2158,0.0401,0,0,eaglei
48343,"Power cut, cause not recorded, May 2024",unattributed,,2024-05-28,48347,167,0.1634,0.4269,0.3509,0.1036,0,0,eaglei
48345,October 2020 Oklahoma ice storm,ice,ice_storm:153454,2020-10-26,40075,192,0.7435,0.5341,0.25,0.1005,0,0,eaglei
48347,Hurricane Harvey,hurricane,AL092017,2017-08-28,48361,180,0.9767,0.8685,0.8473,0.2505,0,0,eaglei
48349,Hurricane Beryl,hurricane,AL022024,2024-07-08,48407,206,1,0.9381,0.5341,0.1461,0,0,eaglei
48351,Hurricane Harvey,hurricane,AL092017,2017-08-28,48361,75,0.9767,0.8685,0.8473,0.2505,0,0,eaglei
48353,October 2020 Oklahoma ice storm,winter,winter_storm:152610,2020-10-27,48305,163,1,0.1871,0.06859,0.03451,0.006815,0,eaglei
48355,Hurricane Hanna,hurricane,AL082020,2020-07-25,48489,140,0.6865,0.7561,0.5303,0.0209,0,0,eaglei
48357,October 2020 Oklahoma ice storm,ice,ice_storm:153454,2020-10-26,40075,224,0.7435,0.5341,0.25,0.1005,0,0,eaglei
48359,October 2020 Oklahoma ice storm,winter,winter_storm:153567,2020-10-28,48179,162,0.8737,0.8579,0.2158,0.0401,0,0,eaglei
48361,Hurricane Harvey,hurricane,AL092017,2017-08-28,48361,0,0.9767,0.8685,0.8473,0.2505,0,0,eaglei
48363,October 2020 Oklahoma ice storm,ice,ice_storm:153454,2020-10-26,40075,249,0.7435,0.5341,0.25,0.1005,0,0,eaglei
48365,Hurricane Harvey,hurricane,AL092017,2017-08-28,48361,230,0.9767,0.8685,0.8473,0.2505,0,0,eaglei
48367,"Ice storm, November 2015",ice,ice_storm:100902,2015-11-28,40051,250,0.2952,0.2447,0.1027,0.04767,0,0,eaglei
48369,October 2020 Oklahoma ice storm,winter,winter_storm:153567,2020-10-28,48179,204,0.8737,0.8579,0.2158,0.0401,0,0,eaglei
48371,February 2021 winter storm and Texas blackout (Uri),cold_grid,heavy_snow:155899,2021-02-13,48235,176,1,0.3811,0.285,0.029,0,0,eaglei
48373,Hurricane Harvey,hurricane,AL092017,2017-08-28,48361,117,0.9767,0.8685,0.8473,0.2505,0,0,eaglei
48375,October 2020 Oklahoma ice storm,winter,winter_storm:153567,2020-10-28,48179,98,0.8737,0.8579,0.2158,0.0401,0,0,eaglei
48377,"Power cut, cause not recorded, August 2024",unattributed,,2024-08-01,48043,100,0.4976,0.01054,0.01054,0.006891,0,0,eaglei
48379,"Power cut, cause not recorded, May 2024",unattributed,,2024-05-28,48347,178,0.1634,0.4269,0.3509,0.1036,0,0,eaglei
48381,October 2020 Oklahoma ice storm,winter,winter_storm:153567,2020-10-28,48179,110,0.8737,0.8579,0.2158,0.0401,0,0,eaglei
48383,October 2020 Oklahoma ice storm,winter,winter_storm:152610,2020-10-27,48305,203,1,0.1871,0.06859,0.03451,0.006815,0,eaglei
48385,February 2021 winter storm and Texas blackout (Uri),cold_grid,winter_storm:156281,2021-02-11,48171,100,0.5485,0.739,0.5087,0.286,0.04285,0,eaglei
48387,"Power cut, cause not recorded, May 2024",unattributed,,2024-05-28,48347,226,0.1634,0.4269,0.3509,0.1036,0,0,eaglei
48389,October 2020 Oklahoma ice storm,winter,winter_storm:152610,2020-10-27,48445,244,0.6075,0.3192,0.09355,0.02635,0.006491,0,eaglei
48391,Hurricane Beryl,hurricane,AL022024,2024-07-08,48201,242,0.9086,0.7508,0.5011,0.1282,0,0,eaglei
48393,October 2020 Oklahoma ice storm,ice,ice_storm:153454,2020-10-26,40015,234,1,0.807,0.4316,0.2256,0.01198,0,eaglei
48395,February 2021 winter storm and Texas blackout (Uri),cold_grid,winter_storm:156281,2021-02-11,48171,245,0.5485,0.739,0.5087,0.286,0.04285,0,eaglei
48397,"Power cut, cause not recorded, May 2024",unattributed,,2024-05-28,48347,220,0.1634,0.4269,0.3509,0.1036,0,0,eaglei
48399,February 2021 winter storm and Texas blackout (Uri),cold_grid,winter_storm:156281,2021-02-11,48171,196,0.5485,0.739,0.5087,0.286,0.04285,0,eaglei
48401,Hurricane Harvey,hurricane,AL092017,2017-08-28,48361,236,0.9767,0.8685,0.8473,0.2505,0,0,eaglei
48403,Hurricane Harvey,hurricane,AL092017,2017-08-28,48361,136,0.9767,0.8685,0.8473,0.2505,0,0,eaglei
48405,Hurricane Harvey,hurricane,AL092017,2017-08-28,48361,142,0.9767,0.8685,0.8473,0.2505,0,0,eaglei
48407,Hurricane Harvey,hurricane,AL092017,2017-08-28,48361,132,0.9767,0.8685,0.8473,0.2505,0,0,eaglei
48409,Hurricane Beryl,hurricane,AL022024,2024-07-08,48039,241,1,0.7454,0.4661,0.06807,0,0,eaglei
48411,February 2021 winter storm and Texas blackout (Uri),cold_grid,winter_storm:156281,2021-02-11,48171,93,0.5485,0.739,0.5087,0.286,0.04285,0,eaglei
48413,February 2021 winter storm and Texas blackout (Uri),cold_grid,winter_storm:156281,2021-02-11,48171,164,0.5485,0.739,0.5087,0.286,0.04285,0,eaglei
48415,October 2020 Oklahoma ice storm,winter,winter_storm:152610,2020-10-27,48305,97,1,0.1871,0.06859,0.03451,0.006815,0,eaglei
48417,October 2020 Oklahoma ice storm,ice,ice_storm:153454,2020-10-26,40075,244,0.7435,0.5341,0.25,0.1005,0,0,eaglei
48419,Hurricane Harvey,hurricane,AL092017,2017-08-28,48361,187,0.9767,0.8685,0.8473,0.2505,0,0,eaglei
48421,October 2020 Oklahoma ice storm,winter,winter_storm:153567,2020-10-28,48179,138,0.8737,0.8579,0.2158,0.0401,0,0,eaglei
48423,Hurricane Harvey,hurricane,AL092017,2017-08-27,48199,242,0.6915,0.8027,0.447,0.1692,0,0,eaglei
48425,February 2021 winter storm and Texas blackout (Uri),cold_grid,winter_storm:156281,2021-02-11,48171,238,0.5485,0.739,0.5087,0.286,0.04285,0,eaglei
48427,Hurricane Hanna,hurricane,AL082020,2020-07-25,48489,114,0.6865,0.7561,0.5303,0.0209,0,0,eaglei
48429,October 2020 Oklahoma ice storm,ice,ice_storm:153454,2020-10-26,40075,243,0.7435,0.5341,0.25,0.1005,0,0,eaglei
48431,October 2020 Oklahoma ice storm,winter,winter_storm:152610,2020-10-27,48305,166,1,0.1871,0.06859,0.03451,0.006815,0,eaglei
48433,October 2020 Oklahoma ice storm,ice,ice_storm:153454,2020-10-26,40075,226,0.7435,0.5341,0.25,0.1005,0,0,eaglei
48435,February 2021 winter storm and Texas blackout (Uri),cold_grid,winter_storm:156281,2021-02-11,48171,152,0.5485,0.739,0.5087,0.286,0.04285,0,eaglei
48437,October 2020 Oklahoma ice storm,winter,winter_storm:153567,2020-10-28,48179,129,0.8737,0.8579,0.2158,0.0401,0,0,eaglei
48439,"Wind and thunderstorms, May 2024",wind,tstm_wind:190995,2024-05-28,48467,138,1,0.4285,0.1205,0.02584,0,0,eaglei
48441,February 2021 winter storm and Texas blackout (Uri),cold_grid,winter_storm:156281,2021-02-11,48171,237,0.5485,0.739,0.5087,0.286,0.04285,0,eaglei
48443,February 2021 winter storm and Texas blackout (Uri),cold_grid,heavy_snow:155899,2021-02-13,48235,158,1,0.3811,0.285,0.029,0,0,eaglei
48445,October 2020 Oklahoma ice storm,winter,winter_storm:152610,2020-10-27,48305,48,1,0.1871,0.06859,0.03451,0.006815,0,eaglei
48447,October 2020 Oklahoma ice storm,ice,ice_storm:153454,2020-10-26,40015,235,1,0.807,0.4316,0.2256,0.01198,0,eaglei
48449,"Power cut, cause not recorded, May 2024",unattributed,,2024-05-28,48347,180,0.1634,0.4269,0.3509,0.1036,0,0,eaglei
48451,February 2021 winter storm and Texas blackout (Uri),cold_grid,winter_storm:156281,2021-02-11,48171,188,0.5485,0.739,0.5087,0.286,0.04285,0,eaglei
48453,February 2021 winter storm and Texas blackout (Uri),cold_grid,winter_storm:156281,2021-02-11,48171,120,0.5485,0.739,0.5087,0.286,0.04285,0,eaglei
48455,Hurricane Harvey,hurricane,AL092017,2017-08-28,48361,162,0.9767,0.8685,0.8473,0.2505,0,0,eaglei
48457,Hurricane Harvey,hurricane,AL092017,2017-08-28,48361,85,0.9767,0.8685,0.8473,0.2505,0,0,eaglei
48459,Hurricane Beryl,hurricane,AL022024,2024-07-08,48407,241,1,0.9381,0.5341,0.1461,0,0,eaglei
48461,October 2020 Oklahoma ice storm,winter,winter_storm:152610,2020-10-27,48305,204,1,0.1871,0.06859,0.03451,0.006815,0,eaglei
48463,February 2021 winter storm and Texas blackout (Uri),cold_grid,winter_storm:156281,2021-02-11,48171,135,0.5485,0.739,0.5087,0.286,0.04285,0,eaglei
48465,February 2021 winter storm and Texas blackout (Uri),cold_grid,winter_storm:156281,2021-02-11,48171,218,0.5485,0.739,0.5087,0.286,0.04285,0,eaglei
48467,Hurricane Beryl,hurricane,AL022024,2024-07-08,48407,230,1,0.9381,0.5341,0.1461,0,0,eaglei
48469,Hurricane Beryl,hurricane,AL022024,2024-07-08,48201,193,0.9086,0.7508,0.5011,0.1282,0,0,eaglei
48471,Hurricane Harvey,hurricane,AL092017,2017-08-28,48361,175,0.9767,0.8685,0.8473,0.2505,0,0,eaglei
48473,Hurricane Harvey,hurricane,AL092017,2017-08-28,48361,201,0.9767,0.8685,0.8473,0.2505,0,0,eaglei
48475,October 2020 Oklahoma ice storm,winter,winter_storm:152610,2020-10-27,48305,221,1,0.1871,0.06859,0.03451,0.006815,0,eaglei
48477,February 2021 winter storm and Texas blackout (Uri),cold_grid,winter_storm:156281,2021-02-11,48171,243,0.5485,0.739,0.5087,0.286,0.04285,0,eaglei
48479,Hurricane Hanna,hurricane,AL082020,2020-07-25,48489,224,0.6865,0.7561,0.5303,0.0209,0,0,eaglei
48481,Hurricane Harvey,hurricane,AL092017,2017-08-28,48361,244,0.9767,0.8685,0.8473,0.2505,0,0,eaglei
48483,October 2020 Oklahoma ice storm,ice,ice_storm:153454,2020-10-26,40015,172,1,0.807,0.4316,0.2256,0.01198,0,eaglei
48485,October 2020 Oklahoma ice storm,ice,ice_storm:153454,2020-10-26,40109,211,0.5521,0.9142,0.6393,0.4624,0,0,eaglei
48487,October 2020 Oklahoma ice storm,ice,ice_storm:153454,2020-10-26,40109,234,0.5521,0.9142,0.6393,0.4624,0,0,eaglei
48489,Hurricane Hanna,hurricane,AL082020,2020-07-25,48489,0,0.6865,0.7561,0.5303,0.0209,0,0,eaglei
48491,February 2021 winter storm and Texas blackout (Uri),cold_grid,winter_storm:156281,2021-02-11,48171,133,0.5485,0.739,0.5087,0.286,0.04285,0,eaglei
48493,February 2021 winter storm and Texas blackout (Uri),cold_grid,winter_storm:156281,2021-02-11,48171,152,0.5485,0.739,0.5087,0.286,0.04285,0,eaglei
48495,October 2020 Oklahoma ice storm,winter,winter_storm:152610,2020-10-27,48305,189,1,0.1871,0.06859,0.03451,0.006815,0,eaglei
48497,October 2020 Oklahoma ice storm,ice,ice_storm:153454,2020-10-26,40015,227,1,0.807,0.4316,0.2256,0.01198,0,eaglei
48499,Hurricane Beryl,hurricane,AL022024,2024-07-08,48407,247,1,0.9381,0.5341,0.1461,0,0,eaglei
48501,October 2020 Oklahoma ice storm,winter,winter_storm:152610,2020-10-27,48305,94,1,0.1871,0.06859,0.03451,0.006815,0,eaglei
48503,October 2020 Oklahoma ice storm,ice,ice_storm:153454,2020-10-26,40015,225,1,0.807,0.4316,0.2256,0.01198,0,eaglei
48505,Hurricane Hanna,hurricane,AL082020,2020-07-25,48489,168,0.6865,0.7561,0.5303,0.0209,0,0,eaglei
48507,February 2021 winter storm and Texas blackout (Uri),cold_grid,winter_storm:156281,2021-02-11,48171,181,0.5485,0.739,0.5087,0.286,0.04285,0,eaglei
49003,"Power cut, cause not recorded, September 2020",unattributed,,2020-09-08,49057,106,0.3917,0.6014,0.2874,0.007598,0,0,eaglei
49005,"Power cut, cause not recorded, September 2020",unattributed,,2020-09-08,49057,53,0.3917,0.6014,0.2874,0.007598,0,0,eaglei
49007,"Power cut, cause not recorded, September 2020",unattributed,,2020-09-08,49057,208,0.3917,0.6014,0.2874,0.007598,0,0,eaglei
49009,"Power cut, cause not recorded, September 2020",unattributed,,2020-09-08,49057,203,0.3917,0.6014,0.2874,0.007598,0,0,eaglei
49011,"Power cut, cause not recorded, September 2020",unattributed,,2020-09-08,49057,38,0.3917,0.6014,0.2874,0.007598,0,0,eaglei
49013,"Power cut, cause not recorded, September 2020",unattributed,,2020-09-08,49057,164,0.3917,0.6014,0.2874,0.007598,0,0,eaglei
49015,"Power cut, cause not recorded, September 2020",unattributed,,2020-09-08,49035,211,0.1856,0.7098,0.2779,0,0,0,eaglei
49019,"Winter storm, October 2020",winter,winter_storm:152601,2020-10-25,08077,96,0.1373,0.07128,0,0,0,0,eaglei
49023,"Power cut, cause not recorded, September 2020",unattributed,,2020-09-08,49057,190,0.3917,0.6014,0.2874,0.007598,0,0,eaglei
49025,"Winter storm, November 2019",winter,heavy_snow:143084,2019-11-21,04017,249,0.1085,0.4074,0,0,0,0,eaglei
49027,"Power cut, cause not recorded, September 2020",unattributed,,2020-09-08,49035,216,0.1856,0.7098,0.2779,0,0,0,eaglei
49029,"Power cut, cause not recorded, September 2020",unattributed,,2020-09-08,49057,32,0.3917,0.6014,0.2874,0.007598,0,0,eaglei
49033,"Power cut, cause not recorded, September 2020",unattributed,,2020-09-08,49057,66,0.3917,0.6014,0.2874,0.007598,0,0,eaglei
49035,"Power cut, cause not recorded, September 2020",unattributed,,2020-09-08,49057,67,0.3917,0.6014,0.2874,0.007598,0,0,eaglei
49037,"Winter storm, October 2020",winter,winter_storm:152601,2020-10-25,08077,196,0.1373,0.07128,0,0,0,0,eaglei
49039,"Power cut, cause not recorded, September 2020",unattributed,,2020-09-08,49057,212,0.3917,0.6014,0.2874,0.007598,0,0,eaglei
49041,"Power cut, cause not recorded, September 2020",unattributed,,2020-09-08,49035,214,0.1856,0.7098,0.2779,0,0,0,eaglei
49043,"Power cut, cause not recorded, September 2020",unattributed,,2020-09-08,49057,88,0.3917,0.6014,0.2874,0.007598,0,0,eaglei
49045,"Power cut, cause not recorded, September 2020",unattributed,,2020-09-08,49057,138,0.3917,0.6014,0.2874,0.007598,0,0,eaglei
49047,"Power cut, cause not recorded, September 2020",unattributed,,2020-09-08,49057,236,0.3917,0.6014,0.2874,0.007598,0,0,eaglei
49049,"Power cut, cause not recorded, September 2020",unattributed,,2020-09-08,49057,129,0.3917,0.6014,0.2874,0.007598,0,0,eaglei
49051,"Power cut, cause not recorded, September 2020",unattributed,,2020-09-08,49057,120,0.3917,0.6014,0.2874,0.007598,0,0,eaglei
49055,"Winter storm, October 2020",winter,winter_storm:152601,2020-10-25,08077,235,0.1373,0.07128,0,0,0,0,eaglei
49057,"Power cut, cause not recorded, September 2020",unattributed,,2020-09-08,49057,0,0.3917,0.6014,0.2874,0.007598,0,0,eaglei
50001,"Power cut, cause not recorded, March 2025",unattributed,,2025-03-07,33001,149,0.1207,0.0792,0.0534,0.04267,0,0,eaglei
50003,"Winter storm, March 2018",winter,blizzard:124559,2018-03-02,42103,247,1,0.9002,0.7167,0.09552,0,0,eaglei
50005,"Wind and thunderstorms, October 2017",wind,tstm_wind:120944,2017-10-30,23015,214,1,0.967,0.5265,0.1178,0,0,eaglei
50007,"Power cut, cause not recorded, March 2025",unattributed,,2025-03-07,33001,168,0.1207,0.0792,0.0534,0.04267,0,0,eaglei
50009,"Wind and thunderstorms, October 2017",wind,tstm_wind:120944,2017-10-30,23015,194,1,0.967,0.5265,0.1178,0,0,eaglei
50011,"Power cut, cause not recorded, March 2025",unattributed,,2025-03-07,33001,190,0.1207,0.0792,0.0534,0.04267,0,0,eaglei
50013,"Power cut, cause not recorded, March 2025",unattributed,,2025-03-07,33001,207,0.1207,0.0792,0.0534,0.04267,0,0,eaglei
50015,"Power cut, cause not recorded, March 2025",unattributed,,2025-03-07,33001,155,0.1207,0.0792,0.0534,0.04267,0,0,eaglei
50017,"Wind and thunderstorms, October 2017",wind,tstm_wind:120944,2017-10-30,23015,228,1,0.967,0.5265,0.1178,0,0,eaglei
50019,"Wind and thunderstorms, October 2017",wind,tstm_wind:120944,2017-10-30,23015,236,1,0.967,0.5265,0.1178,0,0,eaglei
50021,"Power cut, cause not recorded, March 2025",unattributed,,2025-03-07,33001,132,0.1207,0.0792,0.0534,0.04267,0,0,eaglei
50023,"Wind and thunderstorms, October 2017",wind,tstm_wind:120944,2017-10-30,23015,249,1,0.967,0.5265,0.1178,0,0,eaglei
50025,Hurricane Isaias,hurricane,AL092020,2020-08-04,36103,228,0.3006,0.8087,0.5071,0.05427,0,0,eaglei
50027,"Power cut, cause not recorded, March 2025",unattributed,,2025-03-07,33001,95,0.1207,0.0792,0.0534,0.04267,0,0,eaglei
51001,"Ice storm, February 2021",ice,ice_storm:156171,2021-02-13,51111,238,1,0.882,0.6119,0.4227,0,0,eaglei
51003,"Ice storm, February 2021",ice,ice_storm:156171,2021-02-13,51111,123,1,0.882,0.6119,0.4227,0,0,eaglei
51005,"Ice storm, February 2021",ice,ice_storm:156171,2021-02-13,51111,182,1,0.882,0.6119,0.4227,0,0,eaglei
51007,"Ice storm, February 2021",ice,ice_storm:156171,2021-02-13,51111,49,1,0.882,0.6119,0.4227,0,0,eaglei
51009,"Ice storm, February 2021",ice,ice_storm:156171,2021-02-13,51111,111,1,0.882,0.6119,0.4227,0,0,eaglei
51011,"Ice storm, February 2021",ice,ice_storm:156171,2021-02-13,51111,69,1,0.882,0.6119,0.4227,0,0,eaglei
51013,"Ice storm, February 2021",ice,ice_storm:156171,2021-02-13,51111,237,1,0.882,0.6119,0.4227,0,0,eaglei
51015,"Ice storm, February 2021",ice,ice_storm:156171,2021-02-13,51111,158,1,0.882,0.6119,0.4227,0,0,eaglei
51017,"Ice storm, February 2021",ice,ice_storm:156171,2021-02-13,51111,181,1,0.882,0.6119,0.4227,0,0,eaglei
51019,"Ice storm, February 2021",ice,ice_storm:156171,2021-02-13,51111,121,1,0.882,0.6119,0.4227,0,0,eaglei
51021,Hurricane Helene,hurricane,AL092024,2024-09-25,37021,211,1,0.9222,0.7782,0.6938,0.2213,0,eaglei
51023,"Ice storm, February 2021",ice,ice_storm:156171,2021-02-13,51111,154,1,0.882,0.6119,0.4227,0,0,eaglei
51025,"Ice storm, February 2021",ice,ice_storm:156171,2021-02-13,51111,39,1,0.882,0.6119,0.4227,0,0,eaglei
51027,Hurricane Helene,hurricane,AL092024,2024-09-25,37021,190,1,0.9222,0.7782,0.6938,0.2213,0,eaglei
51029,"Ice storm, February 2021",ice,ice_storm:156171,2021-02-13,51111,74,1,0.882,0.6119,0.4227,0,0,eaglei
51031,"Ice storm, February 2021",ice,ice_storm:156171,2021-02-13,51111,81,1,0.882,0.6119,0.4227,0,0,eaglei
51033,"Ice storm, February 2021",ice,ice_storm:156171,2021-02-13,51111,144,1,0.882,0.6119,0.4227,0,0,eaglei
51035,Hurricane Helene,hurricane,AL092024,2024-09-25,37021,204,1,0.9222,0.7782,0.6938,0.2213,0,eaglei
51036,"Ice storm, February 2021",ice,ice_storm:156171,2021-02-13,51111,115,1,0.882,0.6119,0.4227,0,0,eaglei
51037,"Ice storm, February 2021",ice,ice_storm:156171,2021-02-13,51111,38,1,0.882,0.6119,0.4227,0,0,eaglei
51041,"Ice storm, February 2021",ice,ice_storm:156171,2021-02-13,51111,75,1,0.882,0.6119,0.4227,0,0,eaglei
51043,"Ice storm, February 2021",ice,ice_storm:156171,2021-02-13,51111,242,1,0.882,0.6119,0.4227,0,0,eaglei
51045,Hurricane Helene,hurricane,AL092024,2024-09-26,37121,237,1,0.9615,0.7379,0.5523,0.2332,0.006519,eaglei
51047,"Ice storm, February 2021",ice,ice_storm:156171,2021-02-13,51111,173,1,0.882,0.6119,0.4227,0,0,eaglei
51049,"Ice storm, February 2021",ice,ice_storm:156171,2021-02-13,51111,64,1,0.882,0.6119,0.4227,0,0,eaglei
51051,Hurricane Helene,hurricane,AL092024,2024-09-25,37021,171,1,0.9222,0.7782,0.6938,0.2213,0,eaglei
51053,"Ice storm, February 2021",ice,ice_storm:156171,2021-02-13,51111,56,1,0.882,0.6119,0.4227,0,0,eaglei
51057,"Ice storm, February 2021",ice,ice_storm:156171,2021-02-13,51111,160,1,0.882,0.6119,0.4227,0,0,eaglei
51059,"Ice storm, February 2021",ice,ice_storm:156171,2021-02-13,51111,226,1,0.882,0.6119,0.4227,0,0,eaglei
51061,"Ice storm, February 2021",ice,ice_storm:156171,2021-02-13,51111,203,1,0.882,0.6119,0.4227,0,0,eaglei
51063,Hurricane Helene,hurricane,AL092024,2024-09-25,37021,245,1,0.9222,0.7782,0.6938,0.2213,0,eaglei
51065,"Ice storm, February 2021",ice,ice_storm:156171,2021-02-13,51111,98,1,0.882,0.6119,0.4227,0,0,eaglei
51067,Hurricane Helene,hurricane,AL092024,2024-09-27,37199,249,1,1,0.8302,0.5669,0.3629,0.1445,eaglei
51069,"Winter storm, February 2021",winter,winter_storm:156276,2021-02-13,51037,246,1,0.9242,0.6862,0.4032,0,0,eaglei
51071,Hurricane Helene,hurricane,AL092024,2024-09-27,37199,214,1,1,0.8302,0.5669,0.3629,0.1445,eaglei
51073,"Ice storm, February 2021",ice,ice_storm:156171,2021-02-13,51111,160,1,0.882,0.6119,0.4227,0,0,eaglei
51075,"Ice storm, February 2021",ice,ice_storm:156171,2021-02-13,51111,91,1,0.882,0.6119,0.4227,0,0,eaglei
51077,Hurricane Helene,hurricane,AL092024,2024-09-25,37021,166,1,0.9222,0.7782,0.6938,0.2213,0,eaglei
51079,"Ice storm, February 2021",ice,ice_storm:156171,2021-02-13,51111,152,1,0.882,0.6119,0.4227,0,0,eaglei
51081,"Ice storm, February 2021",ice,ice_storm:156171,2021-02-13,51111,67,1,0.882,0.6119,0.4227,0,0,eaglei
51083,"Ice storm, February 2021",ice,ice_storm:156171,2021-02-13,51111,65,1,0.882,0.6119,0.4227,0,0,eaglei
51085,"Ice storm, February 2021",ice,ice_storm:156171,2021-02-13,51111,112,1,0.882,0.6119,0.4227,0,0,eaglei
51087,"Ice storm, February 2021",ice,ice_storm:156171,2021-02-13,51111,100,1,0.882,0.6119,0.4227,0,0,eaglei
51089,Hurricane Helene,hurricane,AL092024,2024-09-27,37199,224,1,1,0.8302,0.5669,0.3629,0.1445,eaglei
51091,"Ice storm, February 2021",ice,ice_storm:156171,2021-02-13,51111,196,1,0.882,0.6119,0.4227,0,0,eaglei
51093,"Ice storm, February 2021",ice,ice_storm:156171,2021-02-13,51111,136,1,0.882,0.6119,0.4227,0,0,eaglei
51095,"Ice storm, February 2021",ice,ice_storm:156171,2021-02-13,51111,136,1,0.882,0.6119,0.4227,0,0,eaglei
51097,"Ice storm, February 2021",ice,ice_storm:156171,2021-02-13,51111,146,1,0.882,0.6119,0.4227,0,0,eaglei
51099,"Ice storm, February 2021",ice,ice_storm:156171,2021-02-13,51111,176,1,0.882,0.6119,0.4227,0,0,eaglei
51101,"Ice storm, February 2021",ice,ice_storm:156171,2021-02-13,51111,132,1,0.882,0.6119,0.4227,0,0,eaglei
51103,"Ice storm, February 2021",ice,ice_storm:156171,2021-02-13,51111,182,1,0.882,0.6119,0.4227,0,0,eaglei
51105,Hurricane Helene,hurricane,AL092024,2024-09-25,37021,133,1,0.9222,0.7782,0.6938,0.2213,0,eaglei
51107,"Ice storm, February 2021",ice,ice_storm:156171,2021-02-13,51111,243,1,0.882,0.6119,0.4227,0,0,eaglei
51109,"Ice storm, February 2021",ice,ice_storm:156171,2021-02-13,51111,117,1,0.882,0.6119,0.4227,0,0,eaglei
51111,"Ice storm, February 2021",ice,ice_storm:156171,2021-02-13,51111,0,1,0.882,0.6119,0.4227,0,0,eaglei
51113,"Ice storm, February 2021",ice,ice_storm:156171,2021-02-13,51111,163,1,0.882,0.6119,0.4227,0,0,eaglei
51115,"Ice storm, February 2021",ice,ice_storm:156171,2021-02-13,51111,183,1,0.882,0.6119,0.4227,0,0,eaglei
51117,"Ice storm, February 2021",ice,ice_storm:156171,2021-02-13,51111,31,1,0.882,0.6119,0.4227,0,0,eaglei
51119,"Ice storm, February 2021",ice,ice_storm:156171,2021-02-13,51111,168,1,0.882,0.6119,0.4227,0,0,eaglei
51121,Hurricane Helene,hurricane,AL092024,2024-09-27,37199,223,1,1,0.8302,0.5669,0.3629,0.1445,eaglei
51125,"Ice storm, February 2021",ice,ice_storm:156171,2021-02-13,51111,110,1,0.882,0.6119,0.4227,0,0,eaglei
51127,"Ice storm, February 2021",ice,ice_storm:156171,2021-02-13,51111,127,1,0.882,0.6119,0.4227,0,0,eaglei
51131,"Ice storm, February 2021",ice,ice_storm:156171,2021-02-13,51111,209,1,0.882,0.6119,0.4227,0,0,eaglei
51133,"Ice storm, February 2021",ice,ice_storm:156171,2021-02-13,51111,193,1,0.882,0.6119,0.4227,0,0,eaglei
51135,"Ice storm, February 2021",ice,ice_storm:156171,2021-02-13,51111,27,1,0.882,0.6119,0.4227,0,0,eaglei
51137,"Ice storm, February 2021",ice,ice_storm:156171,2021-02-13,51111,146,1,0.882,0.6119,0.4227,0,0,eaglei
51139,"Ice storm, February 2021",ice,ice_storm:156171,2021-02-13,51111,188,1,0.882,0.6119,0.4227,0,0,eaglei
51141,Hurricane Helene,hurricane,AL092024,2024-09-25,37021,233,1,0.9222,0.7782,0.6938,0.2213,0,eaglei
51143,"Ice storm, February 2021",ice,ice_storm:156171,2021-02-13,51111,104,1,0.882,0.6119,0.4227,0,0,eaglei
51145,"Ice storm, February 2021",ice,ice_storm:156171,2021-02-13,51111,73,1,0.882,0.6119,0.4227,0,0,eaglei
51147,"Ice storm, February 2021",ice,ice_storm:156171,2021-02-13,51111,35,1,0.882,0.6119,0.4227,0,0,eaglei
51149,"Ice storm, February 2021",ice,ice_storm:156171,2021-02-13,51111,94,1,0.882,0.6119,0.4227,0,0,eaglei
51153,"Ice storm, February 2021",ice,ice_storm:156171,2021-02-13,51111,206,1,0.882,0.6119,0.4227,0,0,eaglei
51155,Hurricane Helene,hurricane,AL092024,2024-09-25,37021,229,1,0.9222,0.7782,0.6938,0.2213,0,eaglei
51157,"Ice storm, February 2021",ice,ice_storm:156171,2021-02-13,51111,193,1,0.882,0.6119,0.4227,0,0,eaglei
51159,"Ice storm, February 2021",ice,ice_storm:156171,2021-02-13,51111,173,1,0.882,0.6119,0.4227,0,0,eaglei
51161,Hurricane Helene,hurricane,AL092024,2024-09-27,37199,247,1,1,0.8302,0.5669,0.3629,0.1445,eaglei
51163,"Ice storm, February 2021",ice,ice_storm:156171,2021-02-13,51111,144,1,0.882,0.6119,0.4227,0,0,eaglei
51165,"Ice storm, February 2021",ice,ice_storm:156171,2021-02-13,51111,183,1,0.882,0.6119,0.4227,0,0,eaglei
51167,Hurricane Helene,hurricane,AL092024,2024-09-25,37021,152,1,0.9222,0.7782,0.6938,0.2213,0,eaglei
51169,Hurricane Helene,hurricane,AL092024,2024-09-25,37021,123,1,0.9222,0.7782,0.6938,0.2213,0,eaglei
51171,"Ice storm, February 2021",ice,ice_storm:156171,2021-02-13,51111,214,1,0.882,0.6119,0.4227,0,0,eaglei
51173,Hurricane Helene,hurricane,AL092024,2024-09-25,37021,163,1,0.9222,0.7782,0.6938,0.2213,0,eaglei
51175,"Ice storm, February 2021",ice,ice_storm:156171,2021-02-13,51111,104,1,0.882,0.6119,0.4227,0,0,eaglei
51177,"Ice storm, February 2021",ice,ice_storm:156171,2021-02-13,51111,147,1,0.882,0.6119,0.4227,0,0,eaglei
51179,"Ice storm, February 2021",ice,ice_storm:156171,2021-02-13,51111,178,1,0.882,0.6119,0.4227,0,0,eaglei
51181,"Ice storm, February 2021",ice,ice_storm:156171,2021-02-13,51111,122,1,0.882,0.6119,0.4227,0,0,eaglei
51183,"Ice storm, February 2021",ice,ice_storm:156171,2021-02-13,51111,87,1,0.882,0.6119,0.4227,0,0,eaglei
51185,Hurricane Helene,hurricane,AL092024,2024-09-25,37021,190,1,0.9222,0.7782,0.6938,0.2213,0,eaglei
51187,"Ice storm, February 2021",ice,ice_storm:156171,2021-02-13,51111,218,1,0.882,0.6119,0.4227,0,0,eaglei
51191,Hurricane Helene,hurricane,AL092024,2024-09-25,37021,137,1,0.9222,0.7782,0.6938,0.2213,0,eaglei
51193,"Ice storm, February 2021",ice,ice_storm:156171,2021-02-13,51111,181,1,0.882,0.6119,0.4227,0,0,eaglei
51195,Hurricane Helene,hurricane,AL092024,2024-09-25,37021,152,1,0.9222,0.7782,0.6938,0.2213,0,eaglei
51197,Hurricane Helene,hurricane,AL092024,2024-09-25,37021,193,1,0.9222,0.7782,0.6938,0.2213,0,eaglei
51199,"Ice storm, February 2021",ice,ice_storm:156171,2021-02-13,51111,166,1,0.882,0.6119,0.4227,0,0,eaglei
51510,"Ice storm, February 2021",ice,ice_storm:156171,2021-02-13,51111,232,1,0.882,0.6119,0.4227,0,0,eaglei
51520,Hurricane Helene,hurricane,AL092024,2024-09-25,37021,117,1,0.9222,0.7782,0.6938,0.2213,0,eaglei
51530,"Ice storm, February 2021",ice,ice_storm:156171,2021-02-13,51111,132,1,0.882,0.6119,0.4227,0,0,eaglei
51540,"Ice storm, February 2021",ice,ice_storm:156171,2021-02-13,51111,123,1,0.882,0.6119,0.4227,0,0,eaglei
51550,"Ice storm, February 2021",ice,ice_storm:156171,2021-02-13,51111,175,1,0.882,0.6119,0.4227,0,0,eaglei
51570,"Ice storm, February 2021",ice,ice_storm:156171,2021-02-13,51111,83,1,0.882,0.6119,0.4227,0,0,eaglei
51580,"Ice storm, February 2021",ice,ice_storm:156171,2021-02-13,51111,180,1,0.882,0.6119,0.4227,0,0,eaglei
51590,"Ice storm, February 2021",ice,ice_storm:156171,2021-02-13,51111,112,1,0.882,0.6119,0.4227,0,0,eaglei
51595,"Ice storm, February 2021",ice,ice_storm:156171,2021-02-13,51111,69,1,0.882,0.6119,0.4227,0,0,eaglei
51600,"Ice storm, February 2021",ice,ice_storm:156171,2021-02-13,51111,228,1,0.882,0.6119,0.4227,0,0,eaglei
51610,"Ice storm, February 2021",ice,ice_storm:156171,2021-02-13,51111,235,1,0.882,0.6119,0.4227,0,0,eaglei
51620,"Ice storm, February 2021",ice,ice_storm:156171,2021-02-13,51111,119,1,0.882,0.6119,0.4227,0,0,eaglei
51630,"Ice storm, February 2021",ice,ice_storm:156171,2021-02-13,51111,165,1,0.882,0.6119,0.4227,0,0,eaglei
51640,Hurricane Helene,hurricane,AL092024,2024-09-25,37021,187,1,0.9222,0.7782,0.6938,0.2213,0,eaglei
51650,"Ice storm, February 2021",ice,ice_storm:156171,2021-02-13,51111,173,1,0.882,0.6119,0.4227,0,0,eaglei
51660,"Ice storm, February 2021",ice,ice_storm:156171,2021-02-13,51111,175,1,0.882,0.6119,0.4227,0,0,eaglei
51670,"Ice storm, February 2021",ice,ice_storm:156171,2021-02-13,51111,92,1,0.882,0.6119,0.4227,0,0,eaglei
51678,"Ice storm, February 2021",ice,ice_storm:156171,2021-02-13,51111,141,1,0.882,0.6119,0.4227,0,0,eaglei
51680,"Ice storm, February 2021",ice,ice_storm:156171,2021-02-13,51111,98,1,0.882,0.6119,0.4227,0,0,eaglei
51683,"Ice storm, February 2021",ice,ice_storm:156171,2021-02-13,51111,211,1,0.882,0.6119,0.4227,0,0,eaglei
51685,"Ice storm, February 2021",ice,ice_storm:156171,2021-02-13,51111,215,1,0.882,0.6119,0.4227,0,0,eaglei
51690,Hurricane Helene,hurricane,AL092024,2024-09-27,37199,236,1,1,0.8302,0.5669,0.3629,0.1445,eaglei
51700,"Ice storm, February 2021",ice,ice_storm:156171,2021-02-13,51111,153,1,0.882,0.6119,0.4227,0,0,eaglei
51710,"Ice storm, February 2021",ice,ice_storm:156171,2021-02-13,51111,177,1,0.882,0.6119,0.4227,0,0,eaglei
51720,Hurricane Helene,hurricane,AL092024,2024-09-25,37021,147,1,0.9222,0.7782,0.6938,0.2213,0,eaglei
51730,"Ice storm, February 2021",ice,ice_storm:156171,2021-02-13,51111,81,1,0.882,0.6119,0.4227,0,0,eaglei
51735,"Ice storm, February 2021",ice,ice_storm:156171,2021-02-13,51111,173,1,0.882,0.6119,0.4227,0,0,eaglei
51740,"Ice storm, February 2021",ice,ice_storm:156171,2021-02-13,51111,168,1,0.882,0.6119,0.4227,0,0,eaglei
51750,Hurricane Helene,hurricane,AL092024,2024-09-25,37021,244,1,0.9222,0.7782,0.6938,0.2213,0,eaglei
51760,"Ice storm, February 2021",ice,ice_storm:156171,2021-02-13,51111,94,1,0.882,0.6119,0.4227,0,0,eaglei
51770,Hurricane Helene,hurricane,AL092024,2024-09-26,37121,242,1,0.9615,0.7379,0.5523,0.2332,0.006519,eaglei
51775,Hurricane Helene,hurricane,AL092024,2024-09-26,37121,235,1,0.9615,0.7379,0.5523,0.2332,0.006519,eaglei
51790,"Ice storm, February 2021",ice,ice_storm:156171,2021-02-13,51111,153,1,0.882,0.6119,0.4227,0,0,eaglei
51800,"Ice storm, February 2021",ice,ice_storm:156171,2021-02-13,51111,146,1,0.882,0.6119,0.4227,0,0,eaglei
51810,"Ice storm, February 2021",ice,ice_storm:156171,2021-02-13,51111,198,1,0.882,0.6119,0.4227,0,0,eaglei
51820,"Ice storm, February 2021",ice,ice_storm:156171,2021-02-13,51111,138,1,0.882,0.6119,0.4227,0,0,eaglei
51830,"Ice storm, February 2021",ice,ice_storm:156171,2021-02-13,51111,141,1,0.882,0.6119,0.4227,0,0,eaglei
51840,"Ice storm, February 2021",ice,ice_storm:156171,2021-02-13,51111,248,1,0.882,0.6119,0.4227,0,0,eaglei
53001,"Wind and thunderstorms, November 2015",wind,high_wind:100555,2015-11-17,53063,108,0.58,0.7903,0.4693,0.1122,0,0,eaglei
53003,"Wind and thunderstorms, November 2015",wind,high_wind:100555,2015-11-17,53063,161,0.58,0.7903,0.4693,0.1122,0,0,eaglei
53005,"Wind and thunderstorms, November 2015",wind,high_wind:100555,2015-11-17,53063,223,0.58,0.7903,0.4693,0.1122,0,0,eaglei
53007,"Wind and thunderstorms, November 2015",wind,high_wind:100555,2015-11-17,53063,242,0.58,0.7903,0.4693,0.1122,0,0,eaglei
53009,"Power cut, cause not recorded, November 2022",unattributed,,2022-11-05,53029,91,0.4229,0.7085,0.2429,0,0,0,eaglei
53011,"Power cut, cause not recorded, February 2021",unattributed,,2021-02-13,41071,87,0.1915,0.8323,0.7162,0.2146,0,0,eaglei
53013,"Wind and thunderstorms, November 2015",wind,high_wind:100555,2015-11-17,53063,153,0.58,0.7903,0.4693,0.1122,0,0,eaglei
53015,"Power cut, cause not recorded, February 2021",unattributed,,2021-02-13,41071,117,0.1915,0.8323,0.7162,0.2146,0,0,eaglei
53017,"Wind and thunderstorms, November 2015",wind,high_wind:100555,2015-11-17,53063,172,0.58,0.7903,0.4693,0.1122,0,0,eaglei
53019,"Wind and thunderstorms, November 2015",wind,high_wind:100555,2015-11-17,53063,127,0.58,0.7903,0.4693,0.1122,0,0,eaglei
53021,"Wind and thunderstorms, November 2015",wind,high_wind:100555,2015-11-17,53063,166,0.58,0.7903,0.4693,0.1122,0,0,eaglei
53023,"Wind and thunderstorms, November 2015",wind,high_wind:100555,2015-11-17,53063,133,0.58,0.7903,0.4693,0.1122,0,0,eaglei
53025,"Wind and thunderstorms, November 2015",wind,high_wind:100555,2015-11-17,53063,162,0.58,0.7903,0.4693,0.1122,0,0,eaglei
53027,"Power cut, cause not recorded, February 2021",unattributed,,2021-02-13,41071,211,0.1915,0.8323,0.7162,0.2146,0,0,eaglei
53029,"Power cut, cause not recorded, November 2022",unattributed,,2022-11-05,53029,0,0.4229,0.7085,0.2429,0,0,0,eaglei
53031,"Power cut, cause not recorded, November 2022",unattributed,,2022-11-05,53029,75,0.4229,0.7085,0.2429,0,0,0,eaglei
53033,"Winter storm, January 2024",winter,blizzard:188523,2024-01-13,41051,221,0.3174,0.5566,0.137,0.0841,0,0,eaglei
53035,"Winter storm, January 2024",winter,blizzard:188523,2024-01-13,41051,233,0.3174,0.5566,0.137,0.0841,0,0,eaglei
53037,"Power cut, cause not recorded, February 2021",unattributed,,2021-02-12,41005,248,0.5697,0.7344,0.4785,0.09081,0,0,eaglei
53039,"Power cut, cause not recorded, February 2021",unattributed,,2021-02-13,41071,209,0.1915,0.8323,0.7162,0.2146,0,0,eaglei
53041,"Power cut, cause not recorded, February 2021",unattributed,,2021-02-13,41071,165,0.1915,0.8323,0.7162,0.2146,0,0,eaglei
53043,"Wind and thunderstorms, November 2015",wind,high_wind:100555,2015-11-17,53063,76,0.58,0.7903,0.4693,0.1122,0,0,eaglei
53045,"Power cut, cause not recorded, February 2021",unattributed,,2021-02-13,41071,234,0.1915,0.8323,0.7162,0.2146,0,0,eaglei
53047,"Wind and thunderstorms, November 2015",wind,high_wind:100555,2015-11-17,53063,202,0.58,0.7903,0.4693,0.1122,0,0,eaglei
53049,"Power cut, cause not recorded, February 2021",unattributed,,2021-02-13,41071,150,0.1915,0.8323,0.7162,0.2146,0,0,eaglei
53051,"Wind and thunderstorms, November 2015",wind,high_wind:100555,2015-11-17,53063,103,0.58,0.7903,0.4693,0.1122,0,0,eaglei
53053,"Power cut, cause not recorded, February 2021",unattributed,,2021-02-13,41071,220,0.1915,0.8323,0.7162,0.2146,0,0,eaglei
53055,"Power cut, cause not recorded, November 2022",unattributed,,2022-11-05,53029,50,0.4229,0.7085,0.2429,0,0,0,eaglei
53057,"Power cut, cause not recorded, November 2022",unattributed,,2022-11-05,53029,73,0.4229,0.7085,0.2429,0,0,0,eaglei
53059,"Power cut, cause not recorded, February 2021",unattributed,,2021-02-13,41071,137,0.1915,0.8323,0.7162,0.2146,0,0,eaglei
53061,"Power cut, cause not recorded, November 2022",unattributed,,2022-11-05,53029,68,0.4229,0.7085,0.2429,0,0,0,eaglei
53063,"Wind and thunderstorms, November 2015",wind,high_wind:100555,2015-11-17,53063,0,0.58,0.7903,0.4693,0.1122,0,0,eaglei
53065,"Wind and thunderstorms, November 2015",wind,high_wind:100555,2015-11-17,53063,92,0.58,0.7903,0.4693,0.1122,0,0,eaglei
53067,"Power cut, cause not recorded, February 2021",unattributed,,2021-02-13,41071,191,0.1915,0.8323,0.7162,0.2146,0,0,eaglei
53069,"Power cut, cause not recorded, February 2021",unattributed,,2021-02-13,41071,117,0.1915,0.8323,0.7162,0.2146,0,0,eaglei
53071,"Wind and thunderstorms, November 2015",wind,high_wind:100555,2015-11-17,53063,172,0.58,0.7903,0.4693,0.1122,0,0,eaglei
53073,"Power cut, cause not recorded, November 2022",unattributed,,2022-11-05,53029,98,0.4229,0.7085,0.2429,0,0,0,eaglei
53075,"Wind and thunderstorms, November 2015",wind,high_wind:100555,2015-11-17,53063,80,0.58,0.7903,0.4693,0.1122,0,0,eaglei
53077,"Power cut, cause not recorded, February 2021",unattributed,,2021-02-13,41071,241,0.1915,0.8323,0.7162,0.2146,0,0,eaglei
54001,"Flooding, June 2025",flood,flash_flood:205070,2025-06-27,54051,98,0.1321,0.4904,0.4904,0.4904,0,0,eaglei
54003,"Flooding, June 2025",flood,flash_flood:205070,2025-06-27,54051,230,0.1321,0.4904,0.4904,0.4904,0,0,eaglei
54005,"Flooding, June 2025",flood,flash_flood:205070,2025-06-27,54051,223,0.1321,0.4904,0.4904,0.4904,0,0,eaglei
54007,"Flooding, June 2025",flood,flash_flood:205070,2025-06-27,54051,129,0.1321,0.4904,0.4904,0.4904,0,0,eaglei
54009,"Flooding, June 2025",flood,flash_flood:205070,2025-06-27,54051,47,0.1321,0.4904,0.4904,0.4904,0,0,eaglei
54011,"Flooding, June 2025",flood,flash_flood:205070,2025-06-27,54051,209,0.1321,0.4904,0.4904,0.4904,0,0,eaglei
54013,"Flooding, June 2025",flood,flash_flood:205070,2025-06-27,54051,119,0.1321,0.4904,0.4904,0.4904,0,0,eaglei
54015,"Flooding, June 2025",flood,flash_flood:205070,2025-06-27,54051,159,0.1321,0.4904,0.4904,0.4904,0,0,eaglei
54017,"Flooding, June 2025",flood,flash_flood:205070,2025-06-27,54051,66,0.1321,0.4904,0.4904,0.4904,0,0,eaglei
54019,"Flooding, June 2025",flood,flash_flood:205070,2025-06-27,54051,206,0.1321,0.4904,0.4904,0.4904,0,0,eaglei
54021,"Flooding, June 2025",flood,flash_flood:205070,2025-06-27,54051,105,0.1321,0.4904,0.4904,0.4904,0,0,eaglei
54023,"Flooding, June 2025",flood,flash_flood:205070,2025-06-27,54051,152,0.1321,0.4904,0.4904,0.4904,0,0,eaglei
54025,"Flooding, June 2025",flood,flash_flood:205070,2025-06-27,54051,215,0.1321,0.4904,0.4904,0.4904,0,0,eaglei
54027,"Flooding, June 2025",flood,flash_flood:205070,2025-06-27,54051,187,0.1321,0.4904,0.4904,0.4904,0,0,eaglei
54029,"Flooding, June 2025",flood,flash_flood:205070,2025-06-27,54051,74,0.1321,0.4904,0.4904,0.4904,0,0,eaglei
54031,"Flooding, June 2025",flood,flash_flood:205070,2025-06-27,54051,183,0.1321,0.4904,0.4904,0.4904,0,0,eaglei
54033,"Flooding, June 2025",flood,flash_flood:205070,2025-06-27,54051,68,0.1321,0.4904,0.4904,0.4904,0,0,eaglei
54035,"Flooding, June 2025",flood,flash_flood:205070,2025-06-27,54051,143,0.1321,0.4904,0.4904,0.4904,0,0,eaglei
54037,"Flooding, June 2025",flood,flash_flood:205070,2025-06-27,54051,248,0.1321,0.4904,0.4904,0.4904,0,0,eaglei
54039,"Flooding, June 2025",flood,flash_flood:205070,2025-06-27,54051,185,0.1321,0.4904,0.4904,0.4904,0,0,eaglei
54041,"Flooding, June 2025",flood,flash_flood:205070,2025-06-27,54051,97,0.1321,0.4904,0.4904,0.4904,0,0,eaglei
54043,"Flooding, June 2025",flood,flash_flood:205070,2025-06-27,54051,223,0.1321,0.4904,0.4904,0.4904,0,0,eaglei
54045,"Winter storm, February 2021",winter,winter_storm:156102,2021-02-10,54099,55,0.8217,0.9513,0.7812,0.4141,0.02053,0,eaglei
54047,"Winter storm, February 2021",winter,winter_storm:156102,2021-02-10,54099,108,0.8217,0.9513,0.7812,0.4141,0.02053,0,eaglei
54049,"Flooding, June 2025",flood,flash_flood:205070,2025-06-27,54051,53,0.1321,0.4904,0.4904,0.4904,0,0,eaglei
54051,"Flooding, June 2025",flood,flash_flood:205070,2025-06-27,54051,0,0.1321,0.4904,0.4904,0.4904,0,0,eaglei
54053,"Flooding, June 2025",flood,flash_flood:205070,2025-06-27,54051,168,0.1321,0.4904,0.4904,0.4904,0,0,eaglei
54055,"Winter storm, February 2021",winter,winter_storm:156102,2021-02-10,54099,142,0.8217,0.9513,0.7812,0.4141,0.02053,0,eaglei
54057,"Flooding, June 2025",flood,flash_flood:205070,2025-06-27,54051,155,0.1321,0.4904,0.4904,0.4904,0,0,eaglei
54059,"Winter storm, February 2021",winter,winter_storm:156102,2021-02-10,54099,52,0.8217,0.9513,0.7812,0.4141,0.02053,0,eaglei
54061,"Flooding, June 2025",flood,flash_flood:205070,2025-06-27,54051,58,0.1321,0.4904,0.4904,0.4904,0,0,eaglei
54063,"Winter storm, February 2021",winter,winter_storm:156102,2021-02-10,54099,177,0.8217,0.9513,0.7812,0.4141,0.02053,0,eaglei
54065,"Flooding, June 2025",flood,flash_flood:205070,2025-06-27,54051,209,0.1321,0.4904,0.4904,0.4904,0,0,eaglei
54067,"Flooding, June 2025",flood,flash_flood:205070,2025-06-27,54051,174,0.1321,0.4904,0.4904,0.4904,0,0,eaglei
54069,"Flooding, June 2025",flood,flash_flood:205070,2025-06-27,54051,28,0.1321,0.4904,0.4904,0.4904,0,0,eaglei
54071,"Flooding, June 2025",flood,flash_flood:205070,2025-06-27,54051,174,0.1321,0.4904,0.4904,0.4904,0,0,eaglei
54073,"Flooding, June 2025",flood,flash_flood:205070,2025-06-27,54051,68,0.1321,0.4904,0.4904,0.4904,0,0,eaglei
54075,"Flooding, June 2025",flood,flash_flood:205070,2025-06-27,54051,179,0.1321,0.4904,0.4904,0.4904,0,0,eaglei
54077,"Flooding, June 2025",flood,flash_flood:205070,2025-06-27,54051,96,0.1321,0.4904,0.4904,0.4904,0,0,eaglei
54079,"Flooding, June 2025",flood,flash_flood:205070,2025-06-27,54051,183,0.1321,0.4904,0.4904,0.4904,0,0,eaglei
54081,"Flooding, June 2025",flood,flash_flood:205070,2025-06-27,54051,238,0.1321,0.4904,0.4904,0.4904,0,0,eaglei
54083,"Flooding, June 2025",flood,flash_flood:205070,2025-06-27,54051,138,0.1321,0.4904,0.4904,0.4904,0,0,eaglei
54085,"Flooding, June 2025",flood,flash_flood:205070,2025-06-27,54051,83,0.1321,0.4904,0.4904,0.4904,0,0,eaglei
54087,"Flooding, June 2025",flood,flash_flood:205070,2025-06-27,54051,137,0.1321,0.4904,0.4904,0.4904,0,0,eaglei
54089,"Flooding, June 2025",flood,flash_flood:205070,2025-06-27,54051,245,0.1321,0.4904,0.4904,0.4904,0,0,eaglei
54091,"Flooding, June 2025",flood,flash_flood:205070,2025-06-27,54051,79,0.1321,0.4904,0.4904,0.4904,0,0,eaglei
54093,"Flooding, June 2025",flood,flash_flood:205070,2025-06-27,54051,126,0.1321,0.4904,0.4904,0.4904,0,0,eaglei
54095,"Flooding, June 2025",flood,flash_flood:205070,2025-06-27,54051,47,0.1321,0.4904,0.4904,0.4904,0,0,eaglei
54097,"Flooding, June 2025",flood,flash_flood:205070,2025-06-27,54051,112,0.1321,0.4904,0.4904,0.4904,0,0,eaglei
54099,"Flooding, June 2025",flood,flash_flood:205070,2025-06-27,54051,243,0.1321,0.4904,0.4904,0.4904,0,0,eaglei
54101,"Flooding, June 2025",flood,flash_flood:205070,2025-06-27,54051,154,0.1321,0.4904,0.4904,0.4904,0,0,eaglei
54103,"Flooding, June 2025",flood,flash_flood:205070,2025-06-27,54051,29,0.1321,0.4904,0.4904,0.4904,0,0,eaglei
54105,"Flooding, June 2025",flood,flash_flood:205070,2025-06-27,54051,111,0.1321,0.4904,0.4904,0.4904,0,0,eaglei
54107,"Flooding, June 2025",flood,flash_flood:205070,2025-06-27,54051,102,0.1321,0.4904,0.4904,0.4904,0,0,eaglei
54109,"Winter storm, February 2021",winter,winter_storm:156102,2021-02-10,54099,97,0.8217,0.9513,0.7812,0.4141,0.02053,0,eaglei
55001,"Wind and thunderstorms, July 2019",wind,tstm_wind:138154,2019-07-20,55083,168,0.1969,0.2098,0.2098,0.06948,0,0,eaglei
55003,"Wind and thunderstorms, July 2019",wind,tornado:137873,2019-07-19,55095,182,0.2743,0.4407,0.2165,0.01431,0,0,eaglei
55005,"Wind and thunderstorms, July 2019",wind,tornado:137873,2019-07-19,55095,46,0.2743,0.4407,0.2165,0.01431,0,0,eaglei
55007,"Wind and thunderstorms, July 2019",wind,tornado:137873,2019-07-19,55095,163,0.2743,0.4407,0.2165,0.01431,0,0,eaglei
55009,"Ice storm, March 2025",ice,ice_storm:204214,2025-03-29,26029,231,0.6061,0.8212,0.4452,0.2389,0.02618,0,eaglei
55011,August 2020 Midwest derecho,wind,tstm_wind:150384,2020-08-10,19075,236,0.4251,0.5122,0.3605,0.01965,0,0,eaglei
55013,"Wind and thunderstorms, July 2019",wind,tornado:137873,2019-07-19,55095,45,0.2743,0.4407,0.2165,0.01431,0,0,eaglei
55015,"Wind and thunderstorms, July 2019",wind,tstm_wind:138154,2019-07-20,55083,102,0.1969,0.2098,0.2098,0.06948,0,0,eaglei
55017,"Wind and thunderstorms, July 2019",wind,tstm_wind:138154,2019-07-20,55083,242,0.1969,0.2098,0.2098,0.06948,0,0,eaglei
55019,"Wind and thunderstorms, July 2019",wind,tstm_wind:138154,2019-07-20,55083,192,0.1969,0.2098,0.2098,0.06948,0,0,eaglei
55021,August 2020 Midwest derecho,wind,tornado:151777,2020-08-10,19113,241,0.9255,0.9692,0.7774,0.3695,0.01459,0,eaglei
55023,August 2020 Midwest derecho,wind,tornado:151777,2020-08-10,19113,140,0.9255,0.9692,0.7774,0.3695,0.01459,0,eaglei
55025,August 2020 Midwest derecho,wind,tornado:151777,2020-08-10,19113,210,0.9255,0.9692,0.7774,0.3695,0.01459,0,eaglei
55027,"Wind and thunderstorms, July 2019",wind,tstm_wind:138154,2019-07-20,55083,179,0.1969,0.2098,0.2098,0.06948,0,0,eaglei
55029,"Ice storm, March 2025",ice,ice_storm:204214,2025-03-29,26119,229,1,0.9784,0.9307,0.6805,0.1767,0,eaglei
55031,"Wind and thunderstorms, July 2019",wind,tornado:137873,2019-07-19,55095,119,0.2743,0.4407,0.2165,0.01431,0,0,eaglei
55033,"Wind and thunderstorms, July 2019",wind,tornado:137873,2019-07-19,55095,72,0.2743,0.4407,0.2165,0.01431,0,0,eaglei
55035,"Wind and thunderstorms, July 2019",wind,tstm_wind:138154,2019-07-20,55083,245,0.1969,0.2098,0.2098,0.06948,0,0,eaglei
55037,"Ice storm, March 2025",ice,ice_storm:204214,2025-03-29,26029,224,0.6061,0.8212,0.4452,0.2389,0.02618,0,eaglei
55039,"Wind and thunderstorms, July 2019",wind,tstm_wind:138154,2019-07-20,55083,140,0.1969,0.2098,0.2098,0.06948,0,0,eaglei
55041,"Wind and thunderstorms, July 2019",wind,tstm_wind:138154,2019-07-20,55083,87,0.1969,0.2098,0.2098,0.06948,0,0,eaglei
55043,August 2020 Midwest derecho,wind,tornado:151777,2020-08-10,19113,115,0.9255,0.9692,0.7774,0.3695,0.01459,0,eaglei
55045,August 2020 Midwest derecho,wind,tornado:151777,2020-08-10,19113,177,0.9255,0.9692,0.7774,0.3695,0.01459,0,eaglei
55047,"Wind and thunderstorms, July 2019",wind,tstm_wind:138154,2019-07-20,55083,148,0.1969,0.2098,0.2098,0.06948,0,0,eaglei
55049,August 2020 Midwest derecho,wind,tornado:151777,2020-08-10,19113,158,0.9255,0.9692,0.7774,0.3695,0.01459,0,eaglei
55051,"Wind and thunderstorms, July 2019",wind,tstm_wind:138154,2019-07-20,55083,218,0.1969,0.2098,0.2098,0.06948,0,0,eaglei
55053,"Wind and thunderstorms, July 2019",wind,tstm_wind:138154,2019-07-20,55083,218,0.1969,0.2098,0.2098,0.06948,0,0,eaglei
55055,August 2020 Midwest derecho,wind,tstm_wind:151777,2020-08-10,19031,238,0.6895,0.9653,0.7923,0.2731,0,0,eaglei
55057,August 2020 Midwest derecho,wind,tornado:151777,2020-08-10,19113,239,0.9255,0.9692,0.7774,0.3695,0.01459,0,eaglei
55059,August 2020 Midwest derecho,wind,tstm_wind:151777,2020-08-10,19045,232,0.9888,0.7041,0.3651,0.01858,0,0,eaglei
55061,"Ice storm, March 2025",ice,ice_storm:204214,2025-03-29,26137,231,0.9343,0.9859,0.8888,0.4293,0.1399,0,eaglei
55063,August 2020 Midwest derecho,wind,tornado:151777,2020-08-10,19113,207,0.9255,0.9692,0.7774,0.3695,0.01459,0,eaglei
55065,August 2020 Midwest derecho,wind,tornado:151777,2020-08-10,19113,137,0.9255,0.9692,0.7774,0.3695,0.01459,0,eaglei
55067,"Wind and thunderstorms, July 2019",wind,tstm_wind:138154,2019-07-20,55083,73,0.1969,0.2098,0.2098,0.06948,0,0,eaglei
55069,"Wind and thunderstorms, July 2019",wind,tstm_wind:138154,2019-07-20,55083,125,0.1969,0.2098,0.2098,0.06948,0,0,eaglei
55071,"Ice storm, March 2025",ice,ice_storm:204214,2025-03-29,26029,228,0.6061,0.8212,0.4452,0.2389,0.02618,0,eaglei
55073,"Wind and thunderstorms, July 2019",wind,tstm_wind:138154,2019-07-20,55083,123,0.1969,0.2098,0.2098,0.06948,0,0,eaglei
55075,"Ice storm, March 2025",ice,ice_storm:204214,2025-03-29,26047,236,0.599,0.9453,0.6133,0.2944,0.02986,0,eaglei
55077,"Wind and thunderstorms, July 2019",wind,tstm_wind:138154,2019-07-20,55083,161,0.1969,0.2098,0.2098,0.06948,0,0,eaglei
55078,"Wind and thunderstorms, July 2019",wind,tstm_wind:138154,2019-07-20,55083,36,0.1969,0.2098,0.2098,0.06948,0,0,eaglei
55079,"Wind and thunderstorms, July 2019",wind,tstm_wind:138154,2019-07-20,55083,233,0.1969,0.2098,0.2098,0.06948,0,0,eaglei
55081,August 2020 Midwest derecho,wind,tornado:151777,2020-08-10,19113,222,0.9255,0.9692,0.7774,0.3695,0.01459,0,eaglei
55083,"Ice storm, March 2025",ice,ice_storm:204214,2025-03-29,26029,219,0.6061,0.8212,0.4452,0.2389,0.02618,0,eaglei
55085,"Wind and thunderstorms, July 2019",wind,tstm_wind:138154,2019-07-20,55083,131,0.1969,0.2098,0.2098,0.06948,0,0,eaglei
55087,"Wind and thunderstorms, July 2019",wind,tstm_wind:138154,2019-07-20,55083,67,0.1969,0.2098,0.2098,0.06948,0,0,eaglei
55089,"Wind and thunderstorms, July 2019",wind,tstm_wind:138154,2019-07-20,55083,169,0.1969,0.2098,0.2098,0.06948,0,0,eaglei
55091,"Wind and thunderstorms, July 2019",wind,tornado:137873,2019-07-19,55095,105,0.2743,0.4407,0.2165,0.01431,0,0,eaglei
55093,"Wind and thunderstorms, July 2019",wind,tornado:137873,2019-07-19,55095,82,0.2743,0.4407,0.2165,0.01431,0,0,eaglei
55095,"Wind and thunderstorms, July 2019",wind,tornado:137873,2019-07-19,55095,0,0.2743,0.4407,0.2165,0.01431,0,0,eaglei
55097,"Wind and thunderstorms, July 2019",wind,tstm_wind:138154,2019-07-20,55083,117,0.1969,0.2098,0.2098,0.06948,0,0,eaglei
55099,"Wind and thunderstorms, July 2019",wind,tstm_wind:138154,2019-07-20,55083,185,0.1969,0.2098,0.2098,0.06948,0,0,eaglei
55101,"Wind and thunderstorms, July 2019",wind,tstm_wind:138154,2019-07-20,55083,249,0.1969,0.2098,0.2098,0.06948,0,0,eaglei
55103,August 2020 Midwest derecho,wind,tornado:151777,2020-08-10,19113,173,0.9255,0.9692,0.7774,0.3695,0.01459,0,eaglei
55105,August 2020 Midwest derecho,wind,tornado:151777,2020-08-10,19113,217,0.9255,0.9692,0.7774,0.3695,0.01459,0,eaglei
55107,"Wind and thunderstorms, July 2019",wind,tstm_wind:138154,2019-07-20,55083,235,0.1969,0.2098,0.2098,0.06948,0,0,eaglei
55109,"Wind and thunderstorms, July 2019",wind,tornado:137873,2019-07-19,55095,48,0.2743,0.4407,0.2165,0.01431,0,0,eaglei
55111,August 2020 Midwest derecho,wind,tornado:151777,2020-08-10,19113,202,0.9255,0.9692,0.7774,0.3695,0.01459,0,eaglei
55113,"Wind and thunderstorms, July 2019",wind,tstm_wind:138154,2019-07-20,55083,249,0.1969,0.2098,0.2098,0.06948,0,0,eaglei
55115,"Wind and thunderstorms, July 2019",wind,tstm_wind:138154,2019-07-20,55083,49,0.1969,0.2098,0.2098,0.06948,0,0,eaglei
55117,"Ice storm, March 2025",ice,ice_storm:204214,2025-03-29,26009,247,0.2629,0.8407,0.6707,0.2349,0,0,eaglei
55119,"Wind and thunderstorms, July 2019",wind,tstm_wind:138154,2019-07-20,55083,182,0.1969,0.2098,0.2098,0.06948,0,0,eaglei
55121,August 2020 Midwest derecho,wind,tornado:151777,2020-08-10,19113,248,0.9255,0.9692,0.7774,0.3695,0.01459,0,eaglei
55123,August 2020 Midwest derecho,wind,tornado:151777,2020-08-10,19113,181,0.9255,0.9692,0.7774,0.3695,0.01459,0,eaglei
55125,"Wind and thunderstorms, July 2019",wind,tstm_wind:138154,2019-07-20,55083,155,0.1969,0.2098,0.2098,0.06948,0,0,eaglei
55127,August 2020 Midwest derecho,wind,tstm_wind:151777,2020-08-10,19031,235,0.6895,0.9653,0.7923,0.2731,0,0,eaglei
55129,"Wind and thunderstorms, July 2019",wind,tornado:137873,2019-07-19,55095,70,0.2743,0.4407,0.2165,0.01431,0,0,eaglei
55131,"Wind and thunderstorms, July 2019",wind,tstm_wind:138154,2019-07-20,55083,179,0.1969,0.2098,0.2098,0.06948,0,0,eaglei
55133,"Wind and thunderstorms, July 2019",wind,tstm_wind:138154,2019-07-20,55083,220,0.1969,0.2098,0.2098,0.06948,0,0,eaglei
55135,"Wind and thunderstorms, July 2019",wind,tstm_wind:138154,2019-07-20,55083,83,0.1969,0.2098,0.2098,0.06948,0,0,eaglei
55137,"Wind and thunderstorms, July 2019",wind,tstm_wind:138154,2019-07-20,55083,128,0.1969,0.2098,0.2098,0.06948,0,0,eaglei
55139,"Wind and thunderstorms, July 2019",wind,tstm_wind:138154,2019-07-20,55083,108,0.1969,0.2098,0.2098,0.06948,0,0,eaglei
55141,"Wind and thunderstorms, July 2019",wind,tstm_wind:138154,2019-07-20,55083,156,0.1969,0.2098,0.2098,0.06948,0,0,eaglei
56001,"Wind and thunderstorms, June 2024",wind,tstm_wind:191882,2024-06-20,31165,187,1,0.02587,0.006345,0,0,0,eaglei
56003,"Wind and thunderstorms, August 2024",wind,tstm_wind:194323,2024-08-06,30111,159,0.1913,0.04815,0,0,0,0,eaglei
56005,"Wind and thunderstorms, December 2025",wind,high_wind:209541,2025-12-18,46033,174,1,0.8466,0.2176,0.006799,0,0,eaglei
56007,"Winter storm, September 2020",winter,winter_storm:152739,2020-09-08,56037,161,0.2664,0.3252,0,0,0,0,eaglei
56009,"Wind and thunderstorms, December 2025",wind,high_wind:209541,2025-12-18,46033,184,1,0.8466,0.2176,0.006799,0,0,eaglei
56011,"Wind and thunderstorms, December 2025",wind,high_wind:209541,2025-12-18,46033,134,1,0.8466,0.2176,0.006799,0,0,eaglei
56013,"Winter storm, September 2020",winter,winter_storm:152739,2020-09-08,56037,157,0.2664,0.3252,0,0,0,0,eaglei
56015,"Wind and thunderstorms, December 2025",wind,high_wind:209541,2025-12-18,46033,192,1,0.8466,0.2176,0.006799,0,0,eaglei
56017,"Wind and thunderstorms, August 2024",wind,tstm_wind:194323,2024-08-06,30111,247,0.1913,0.04815,0,0,0,0,eaglei
56019,"Wind and thunderstorms, December 2025",wind,high_wind:209541,2025-12-18,46081,224,0.146,0.7514,0.09784,0,0,0,eaglei
56021,"Wind and thunderstorms, December 2025",wind,high_wind:209541,2025-12-18,46047,234,0.5677,0.156,0.08123,0,0,0,eaglei
56023,"Winter storm, September 2020",winter,winter_storm:152739,2020-09-08,56037,162,0.2664,0.3252,0,0,0,0,eaglei
56025,"Winter storm, September 2020",winter,winter_storm:152739,2020-09-08,56037,227,0.2664,0.3252,0,0,0,0,eaglei
56027,"Wind and thunderstorms, December 2025",wind,high_wind:209541,2025-12-18,46033,107,1,0.8466,0.2176,0.006799,0,0,eaglei
56029,"Wind and thunderstorms, August 2024",wind,tstm_wind:194323,2024-08-06,30111,191,0.1913,0.04815,0,0,0,0,eaglei
56031,"Wind and thunderstorms, December 2025",wind,high_wind:209541,2025-12-18,46033,211,1,0.8466,0.2176,0.006799,0,0,eaglei
56033,"Wind and thunderstorms, December 2025",wind,high_wind:209541,2025-12-18,46081,248,0.146,0.7514,0.09784,0,0,0,eaglei
56035,"Winter storm, September 2020",winter,winter_storm:152739,2020-09-08,56037,150,0.2664,0.3252,0,0,0,0,eaglei
56037,"Winter storm, September 2020",winter,winter_storm:152739,2020-09-08,56037,0,0.2664,0.3252,0,0,0,0,eaglei
56039,"Flooding, June 2022",flood,flood:171148,2022-06-13,30009,171,0.3954,0.04583,0,0,0,0,eaglei
56041,"Winter storm, September 2020",winter,winter_storm:152739,2020-09-08,56037,146,0.2664,0.3252,0,0,0,0,eaglei
56043,"Wind and thunderstorms, August 2024",wind,tstm_wind:194323,2024-08-06,30111,234,0.1913,0.04815,0,0,0,0,eaglei
56045,"Wind and thunderstorms, December 2025",wind,high_wind:209541,2025-12-18,46033,91,1,0.8466,0.2176,0.006799,0,0,eaglei
72001,Hurricane Maria,hurricane,AL152017,2017-09-20,,,1,1,1,1,0.914,0.815,historic:maria_2017_pr
72003,Hurricane Maria,hurricane,AL152017,2017-09-20,,,1,1,1,1,0.914,0.815,historic:maria_2017_pr
72005,Hurricane Maria,hurricane,AL152017,2017-09-20,,,1,1,1,1,0.914,0.815,historic:maria_2017_pr
72007,Hurricane Maria,hurricane,AL152017,2017-09-20,,,1,1,1,1,0.914,0.815,historic:maria_2017_pr
72009,Hurricane Maria,hurricane,AL152017,2017-09-20,,,1,1,1,1,0.914,0.815,historic:maria_2017_pr
72011,Hurricane Maria,hurricane,AL152017,2017-09-20,,,1,1,1,1,0.914,0.815,historic:maria_2017_pr
72013,Hurricane Maria,hurricane,AL152017,2017-09-20,,,1,1,1,1,0.914,0.815,historic:maria_2017_pr
72015,Hurricane Maria,hurricane,AL152017,2017-09-20,,,1,1,1,1,0.914,0.815,historic:maria_2017_pr
72017,Hurricane Maria,hurricane,AL152017,2017-09-20,,,1,1,1,1,0.914,0.815,historic:maria_2017_pr
72019,Hurricane Maria,hurricane,AL152017,2017-09-20,,,1,1,1,1,0.914,0.815,historic:maria_2017_pr
72021,Hurricane Maria,hurricane,AL152017,2017-09-20,,,1,1,1,1,0.914,0.815,historic:maria_2017_pr
72023,Hurricane Maria,hurricane,AL152017,2017-09-20,,,1,1,1,1,0.914,0.815,historic:maria_2017_pr
72025,Hurricane Maria,hurricane,AL152017,2017-09-20,,,1,1,1,1,0.914,0.815,historic:maria_2017_pr
72027,Hurricane Maria,hurricane,AL152017,2017-09-20,,,1,1,1,1,0.914,0.815,historic:maria_2017_pr
72029,Hurricane Maria,hurricane,AL152017,2017-09-20,,,1,1,1,1,0.914,0.815,historic:maria_2017_pr
72031,Hurricane Maria,hurricane,AL152017,2017-09-20,,,1,1,1,1,0.914,0.815,historic:maria_2017_pr
72033,Hurricane Maria,hurricane,AL152017,2017-09-20,,,1,1,1,1,0.914,0.815,historic:maria_2017_pr
72035,Hurricane Maria,hurricane,AL152017,2017-09-20,,,1,1,1,1,0.914,0.815,historic:maria_2017_pr
72037,Hurricane Maria,hurricane,AL152017,2017-09-20,,,1,1,1,1,0.914,0.815,historic:maria_2017_pr
72039,Hurricane Maria,hurricane,AL152017,2017-09-20,,,1,1,1,1,0.914,0.815,historic:maria_2017_pr
72041,Hurricane Maria,hurricane,AL152017,2017-09-20,,,1,1,1,1,0.914,0.815,historic:maria_2017_pr
72043,Hurricane Maria,hurricane,AL152017,2017-09-20,,,1,1,1,1,0.914,0.815,historic:maria_2017_pr
72045,Hurricane Maria,hurricane,AL152017,2017-09-20,,,1,1,1,1,0.914,0.815,historic:maria_2017_pr
72047,Hurricane Maria,hurricane,AL152017,2017-09-20,,,1,1,1,1,0.914,0.815,historic:maria_2017_pr
72049,Hurricane Maria,hurricane,AL152017,2017-09-20,,,1,1,1,1,0.914,0.815,historic:maria_2017_pr
72051,Hurricane Maria,hurricane,AL152017,2017-09-20,,,1,1,1,1,0.914,0.815,historic:maria_2017_pr
72053,Hurricane Maria,hurricane,AL152017,2017-09-20,,,1,1,1,1,0.914,0.815,historic:maria_2017_pr
72054,Hurricane Maria,hurricane,AL152017,2017-09-20,,,1,1,1,1,0.914,0.815,historic:maria_2017_pr
72055,Hurricane Maria,hurricane,AL152017,2017-09-20,,,1,1,1,1,0.914,0.815,historic:maria_2017_pr
72057,Hurricane Maria,hurricane,AL152017,2017-09-20,,,1,1,1,1,0.914,0.815,historic:maria_2017_pr
72059,Hurricane Maria,hurricane,AL152017,2017-09-20,,,1,1,1,1,0.914,0.815,historic:maria_2017_pr
72061,Hurricane Maria,hurricane,AL152017,2017-09-20,,,1,1,1,1,0.914,0.815,historic:maria_2017_pr
72063,Hurricane Maria,hurricane,AL152017,2017-09-20,,,1,1,1,1,0.914,0.815,historic:maria_2017_pr
72065,Hurricane Maria,hurricane,AL152017,2017-09-20,,,1,1,1,1,0.914,0.815,historic:maria_2017_pr
72067,Hurricane Maria,hurricane,AL152017,2017-09-20,,,1,1,1,1,0.914,0.815,historic:maria_2017_pr
72069,Hurricane Maria,hurricane,AL152017,2017-09-20,,,1,1,1,1,0.914,0.815,historic:maria_2017_pr
72071,Hurricane Maria,hurricane,AL152017,2017-09-20,,,1,1,1,1,0.914,0.815,historic:maria_2017_pr
72073,Hurricane Maria,hurricane,AL152017,2017-09-20,,,1,1,1,1,0.914,0.815,historic:maria_2017_pr
72075,Hurricane Maria,hurricane,AL152017,2017-09-20,,,1,1,1,1,0.914,0.815,historic:maria_2017_pr
72077,Hurricane Maria,hurricane,AL152017,2017-09-20,,,1,1,1,1,0.914,0.815,historic:maria_2017_pr
72079,Hurricane Maria,hurricane,AL152017,2017-09-20,,,1,1,1,1,0.914,0.815,historic:maria_2017_pr
72081,Hurricane Maria,hurricane,AL152017,2017-09-20,,,1,1,1,1,0.914,0.815,historic:maria_2017_pr
72083,Hurricane Maria,hurricane,AL152017,2017-09-20,,,1,1,1,1,0.914,0.815,historic:maria_2017_pr
72085,Hurricane Maria,hurricane,AL152017,2017-09-20,,,1,1,1,1,0.914,0.815,historic:maria_2017_pr
72087,Hurricane Maria,hurricane,AL152017,2017-09-20,,,1,1,1,1,0.914,0.815,historic:maria_2017_pr
72089,Hurricane Maria,hurricane,AL152017,2017-09-20,,,1,1,1,1,0.914,0.815,historic:maria_2017_pr
72091,Hurricane Maria,hurricane,AL152017,2017-09-20,,,1,1,1,1,0.914,0.815,historic:maria_2017_pr
72093,Hurricane Maria,hurricane,AL152017,2017-09-20,,,1,1,1,1,0.914,0.815,historic:maria_2017_pr
72095,Hurricane Maria,hurricane,AL152017,2017-09-20,,,1,1,1,1,0.914,0.815,historic:maria_2017_pr
72097,Hurricane Maria,hurricane,AL152017,2017-09-20,,,1,1,1,1,0.914,0.815,historic:maria_2017_pr
72099,Hurricane Maria,hurricane,AL152017,2017-09-20,,,1,1,1,1,0.914,0.815,historic:maria_2017_pr
72101,Hurricane Maria,hurricane,AL152017,2017-09-20,,,1,1,1,1,0.914,0.815,historic:maria_2017_pr
72103,Hurricane Maria,hurricane,AL152017,2017-09-20,,,1,1,1,1,0.914,0.815,historic:maria_2017_pr
72105,Hurricane Maria,hurricane,AL152017,2017-09-20,,,1,1,1,1,0.914,0.815,historic:maria_2017_pr
72107,Hurricane Maria,hurricane,AL152017,2017-09-20,,,1,1,1,1,0.914,0.815,historic:maria_2017_pr
72109,Hurricane Maria,hurricane,AL152017,2017-09-20,,,1,1,1,1,0.914,0.815,historic:maria_2017_pr
72111,Hurricane Maria,hurricane,AL152017,2017-09-20,,,1,1,1,1,0.914,0.815,historic:maria_2017_pr
72113,Hurricane Maria,hurricane,AL152017,2017-09-20,,,1,1,1,1,0.914,0.815,historic:maria_2017_pr
72115,Hurricane Maria,hurricane,AL152017,2017-09-20,,,1,1,1,1,0.914,0.815,historic:maria_2017_pr
72117,Hurricane Maria,hurricane,AL152017,2017-09-20,,,1,1,1,1,0.914,0.815,historic:maria_2017_pr
72119,Hurricane Maria,hurricane,AL152017,2017-09-20,,,1,1,1,1,0.914,0.815,historic:maria_2017_pr
72121,Hurricane Maria,hurricane,AL152017,2017-09-20,,,1,1,1,1,0.914,0.815,historic:maria_2017_pr
72123,Hurricane Maria,hurricane,AL152017,2017-09-20,,,1,1,1,1,0.914,0.815,historic:maria_2017_pr
72125,Hurricane Maria,hurricane,AL152017,2017-09-20,,,1,1,1,1,0.914,0.815,historic:maria_2017_pr
72127,Hurricane Maria,hurricane,AL152017,2017-09-20,,,1,1,1,1,0.914,0.815,historic:maria_2017_pr
72129,Hurricane Maria,hurricane,AL152017,2017-09-20,,,1,1,1,1,0.914,0.815,historic:maria_2017_pr
72131,Hurricane Maria,hurricane,AL152017,2017-09-20,,,1,1,1,1,0.914,0.815,historic:maria_2017_pr
72133,Hurricane Maria,hurricane,AL152017,2017-09-20,,,1,1,1,1,0.914,0.815,historic:maria_2017_pr
72135,Hurricane Maria,hurricane,AL152017,2017-09-20,,,1,1,1,1,0.914,0.815,historic:maria_2017_pr
72137,Hurricane Maria,hurricane,AL152017,2017-09-20,,,1,1,1,1,0.914,0.815,historic:maria_2017_pr
72139,Hurricane Maria,hurricane,AL152017,2017-09-20,,,1,1,1,1,0.914,0.815,historic:maria_2017_pr
72141,Hurricane Maria,hurricane,AL152017,2017-09-20,,,1,1,1,1,0.914,0.815,historic:maria_2017_pr
72143,Hurricane Maria,hurricane,AL152017,2017-09-20,,,1,1,1,1,0.914,0.815,historic:maria_2017_pr
72145,Hurricane Maria,hurricane,AL152017,2017-09-20,,,1,1,1,1,0.914,0.815,historic:maria_2017_pr
72147,Hurricane Maria,hurricane,AL152017,2017-09-20,,,1,1,1,1,0.914,0.815,historic:maria_2017_pr
72149,Hurricane Maria,hurricane,AL152017,2017-09-20,,,1,1,1,1,0.914,0.815,historic:maria_2017_pr
72151,Hurricane Maria,hurricane,AL152017,2017-09-20,,,1,1,1,1,0.914,0.815,historic:maria_2017_pr
72153,Hurricane Maria,hurricane,AL152017,2017-09-20,,,1,1,1,1,0.914,0.815,historic:maria_2017_pr
78010,Hurricanes Irma and Maria (US Virgin Islands),hurricane,AL152017,2017-09-20,,,1,1,1,1,0.9702,0.8801,historic:irma_maria_2017_vi
78020,Hurricanes Irma and Maria (US Virgin Islands),hurricane,AL152017,2017-09-20,,,1,1,1,1,0.9702,0.8801,historic:irma_maria_2017_vi
78030,Hurricanes Irma and Maria (US Virgin Islands),hurricane,AL152017,2017-09-20,,,1,1,1,1,0.9702,0.8801,historic:irma_maria_2017_vi
