fips,events_per_customer_year,p_ge_1d,p_ge_3d,p_ge_7d,p_ge_14d,p_ge_30d,median_hours,p90_hours,years_covered,years_of_data,duration_basis,events_per_year,events,customers,customer_hours_per_customer_year,share_customer_hours_in_events,longest_event_hours
01001,0.9816,0.05344,0.02252,0.0003557,0,0,2.25,15.5,2014-2025,11.17,county,25.52,285,24620,8.376,0.8332,181.5
01003,0.2647,0.1651,0.1519,0.02943,0,0,3,122.8,2014-2025,10.5,county,6.571,69,195300,7.552,0.8655,258.5
01005,0.9093,0.0288,0,0,0,0,2.5,14,2017-2025,8.667,county,22.85,198,12400,5.85,0.7619,51.25
01007,1.699,0.06696,0.003324,0.0002414,0,0,3.5,17,2014-2025,9.5,county,44.11,419,11040,14.03,0.8493,185.5
01009,1.101,0.04487,0.002273,0,0,0,3.5,13.5,2017-2025,8.667,county,38.19,331,27070,8.798,0.7512,82.5
01011,0.9584,0.01356,0,0,0,0,3,9,2014-2025,9.833,county,26.03,256,8727,5.107,0.7933,71.75
01013,1.569,0.05074,0.001563,0,0,0,2.5,14.75,2014-2025,11.08,county,28.33,314,12320,10.53,0.8631,97.25
01015,0.6101,0.1331,0.03478,0,0,0,4.25,31.75,2017-2025,8.833,county,20.15,178,62180,9.427,0.7532,158.5
01017,0.8459,0.03856,0.007261,0,0,0,2,9.25,2017-2025,8.25,county,27.27,225,13140,5.242,0.7299,130.8
01019,0.009099,0.07216,0.01816,0.00125,0,0,3,18.5,2017-2025,6.083,state,0.4932,3,24530,0.06139,0.1847,3.25
01021,1.307,0.09489,0.04584,0.0007272,0,0,3,22.5,2014-2025,11.17,county,30.36,339,19410,15.7,0.8929,185
01023,0.9342,0.03792,0.002351,0,0,0,2.75,12.5,2017-2025,8.25,county,21.21,175,7230,5.746,0.8177,91.5
01025,0.3676,0.1029,0.05424,0,0,0,2.5,24.75,2014-2025,9.833,county,13.32,131,21630,4.845,0.8518,164
01027,2.333,0.07715,0.02107,0,0,0,3.5,18,2017-2025,8.667,county,43.5,377,5554,20.67,0.9146,161.2
01029,3.049,0.1199,0.01442,0,0,0,4.5,28.75,2017-2025,8.25,county,61.94,511,6993,32.36,0.9128,133
01031,0.4515,0.01672,0.001579,0,0,0,2,6.5,2014-2025,10.92,county,15.57,170,31350,2.461,0.6915,89.25
01033,0,0.07216,0.01816,0.00125,0,0,3,18.5,2022-2025,1.833,state,0,0,33810,0.0001089,0,0
01035,0.1935,0.08031,0,0,0,0,2.75,19.75,2014-2025,10.42,county,5.76,60,5906,1.614,0.8333,89
01037,3.995,0.08803,0.02868,0.002343,0,0,3.5,21.75,2014-2025,11.17,county,61.25,684,4170,39.28,0.9479,188.8
01039,0.3408,0.0444,0,0,0,0,2.25,11,2014-2025,11,county,12,132,30320,2.131,0.7558,68.5
01041,1.21,0.03921,0.003971,0,0,0,2.75,11,2014-2025,11.17,county,23.19,259,8129,7.747,0.8583,96
01043,0.9988,0.02297,0.001749,0,0,0,2.75,8.25,2017-2025,8.667,county,33.58,291,59300,5.598,0.7642,84.75
01045,0.3274,0.04045,0,0,0,0,2,19.25,2014-2025,10.5,county,10,105,25010,2.493,0.7154,48.75
01047,1.423,0.1119,0.05732,0.001846,0,0,2.75,30.5,2014-2025,11.17,county,37.34,417,19360,18.56,0.8965,206.5
01049,0.04813,0.07216,0.01816,0.00125,0,0,3,18.5,2019-2019,0.25,state,4,1,42550,0.2053,0.7035,3
01051,0.9944,0.05893,0.007438,0,0,0,2.5,17,2014-2025,11.17,county,27.4,306,38650,8.249,0.8127,137.5
01053,0.6281,0.1167,0.008373,0,0,0,2.5,25.75,2015-2025,9,county,17.89,161,18590,5.754,0.8318,103
01055,0.6109,0.0649,0.00204,0,0,0,3.25,18.5,2017-2025,8.333,county,21.24,177,54210,5.641,0.6717,77
01057,2.418,0.0459,0.001793,0,0,0,3.25,13.75,2017-2025,8.75,county,57.26,501,7831,16.07,0.8423,97
01059,0.336,0.1171,0,0,0,0,3,24.75,2017-2025,8.333,county,12.72,106,21670,3.02,0.7802,73.75
01061,0.8405,0.06155,0.009218,0,0,0,2.5,16.25,2014-2025,10.75,county,22.51,242,11740,6.263,0.7968,126.5
01063,0.8303,0.01489,0,0,0,0,2.75,11.25,2017-2025,8.25,county,16.48,136,4217,5.081,0.8038,41.5
01065,1.441,0.02308,0.0009138,0,0,0,3,12,2017-2025,8.25,county,36,297,7916,9.069,0.8248,74
01067,1.028,0.1018,0.005305,0,0,0,2.75,24.25,2015-2025,8.667,county,25.38,220,8040,9.027,0.836,103.5
01069,0.1725,0.1949,0.07185,0.002925,0,0,3.25,53,2015-2025,9.5,county,6.105,58,72390,3.141,0.7906,174.2
01071,0.05823,0,0,0,0,0,2.75,6,2015-2025,6.083,county,2.137,13,29340,0.1933,0.8571,8.25
01073,0.32,0.07773,0,0,0,0,5.25,21.75,2017-2025,8.25,county,10.18,84,372800,5.404,0.4957,61
01075,3.461,0.05853,0.003397,0,0,0,3.5,16.25,2017-2025,8.833,county,65.77,581,6221,23.54,0.9133,105.5
01077,1.424,0.03119,0.006352,0,0,0,2,10.5,2017-2025,8.583,county,36.82,316,49360,8.652,0.808,157
01079,0.1093,0.003411,0,0,0,0,2.25,8,2017-2025,8,county,3,24,13080,0.5457,0.6476,31.5
01081,0.3865,0.01623,0.003043,0,0,0,2,10.25,2017-2025,8.833,county,13.47,119,65170,2.929,0.5248,82.25
01083,0,0.07216,0.01816,0.00125,0,0,3,18.5,2017-2025,7.583,state,0,0,52380,0.04761,0,0
01085,2.152,0.04953,0.005557,0.0004467,0,0,2.75,17.25,2014-2025,11.17,county,46.03,514,5496,15.04,0.8944,181.8
01087,0.4476,0.01844,0,0,0,0,2.5,11,2017-2025,8.833,county,13.92,123,15030,3.007,0.7077,39.5
01089,0.5596,0.0129,0.004844,0,0,0,2,5.5,2015-2025,10.25,county,14.83,152,198800,2.625,0.6478,80
01091,0.6661,0.06551,0.01502,0,0,0,2.25,17.75,2017-2025,8.25,county,20.24,167,11450,5.977,0.7727,144
01093,1.76,0.05101,0.0004438,0,0,0,3,16.75,2017-2025,8.833,county,43.81,387,14060,12.56,0.8349,83
01095,0.003705,0.07216,0.01816,0.00125,0,0,3,18.5,2017-2025,8,state,0.25,2,52020,0.05797,0.2134,4.5
01097,0.7088,0.1818,0.03708,0,0,0,4.5,43.5,2016-2025,9.083,county,20.37,185,159600,12.32,0.7916,170
01099,0.8402,0.1074,0.02446,0,0,0,2.25,25.5,2014-2025,10.92,county,23.08,252,10520,8.304,0.868,126
01101,0.2566,0.04817,0,0,0,0,4.25,18.25,2015-2025,10.42,county,8.064,84,137600,3.109,0.5675,63.75
01103,0.2559,0.00843,0,0,0,0,1.75,4.75,2017-2025,8.667,county,9.346,81,69960,1.01,0.6748,66.5
01105,2.256,0.08165,0.02702,0,0,0,3.25,19.5,2014-2025,9.5,county,40.32,383,4481,21.6,0.9186,169
01107,2.038,0.0417,0.001045,0,0,0,3.75,14.5,2017-2025,8.25,county,43.64,360,8654,14.4,0.8426,74
01109,0.3497,0.04914,0.007907,0,0,0,2.5,15.75,2014-2025,10.58,county,12.76,135,27990,2.813,0.7928,108.5
01111,2.687,0.09024,0.01797,0,0,0,3.75,22.5,2017-2025,8.25,county,53.45,441,8729,24.69,0.9063,133
01113,0.6083,0.007386,0,0,0,0,2,8.5,2015-2025,8.5,county,21.29,181,23460,3.338,0.642,61.5
01115,0.9359,0.04837,0.007034,0,0,0,3.75,15,2017-2025,8.833,county,32.26,285,41320,8.644,0.7077,117.2
01117,0.4405,0.111,0.02403,0,0,0,4.5,25.25,2017-2025,8.833,county,12.91,114,111900,6.467,0.6976,138
01119,1.385,0.04347,0,0,0,0,3,12,2017-2025,8.25,county,35.27,291,6825,8.719,0.8151,49.25
01121,0.6628,0.1132,0.04039,0,0,0,3.5,29.75,2014-2025,11,county,21.45,236,39220,8.75,0.791,162.5
01123,1.121,0.08789,0.007018,0,0,0,4,21.5,2015-2025,10.75,county,29.12,313,22040,10.95,0.8478,112.8
01125,0.3653,0.04405,0,0,0,0,3.75,16,2017-2025,8.25,county,13.21,109,126100,4.547,0.529,53
01127,1.251,0.04697,0.005334,0,0,0,3.25,14.75,2017-2025,8.667,county,45.92,398,32990,9.876,0.7172,80.5
01129,0.1275,0.1087,0.07971,0,0,0,3,37.25,2016-2025,9.083,county,6.165,56,7878,1.759,0.8625,181.8
01131,2.585,0.07355,0.03334,0.000428,0,0,3.25,17.75,2014-2025,11,county,47.64,524,5917,25.63,0.9361,190.8
01133,2.242,0.03671,0.0002172,0,0,0,3.25,12.75,2017-2025,8.667,county,44.77,388,13270,14.32,0.8455,76.25
02020,0.6815,0.01824,0,0,0,0,2.75,11,2017-2025,8.833,county,18.68,165,110400,4.255,0.7023,65.75
02063,0.165,0.04872,0.004005,0.0001073,0,0,2.5,13.25,2017-2025,2.042,state,2.233,8,8224,0.5949,0.707,10
02066,0.02841,0.04872,0.004005,0.0001073,0,0,2.5,13.25,2017-2023,3.333,state,1.8,6,5469,0.1493,0.7164,10
02068,3.972,0.0405,0.005242,0.0006622,0,0,3,8.75,2016-2025,9,county,18.33,165,1014,19.63,0.9061,310.2
02090,1.588,0.03483,0.002137,0,0,0,1.75,9,2016-2025,9.167,county,29.78,273,44160,7.602,0.833,115.8
02122,0.8959,0.07613,0.006305,0.0005988,0,0,3.5,17.25,2015-2025,10.5,county,24.57,258,43320,8.099,0.796,198
02170,1.427,0.07754,0.007737,0,0,0,2.75,17.25,2017-2025,8.167,county,34.29,280,59760,11.45,0.8313,143.8
02240,1.968,0.01432,0.01047,0,0,0,3.75,14.5,2016-2025,8.917,county,15.7,140,2189,11.36,0.9347,105.8
02290,0.3557,0.008291,0.008291,0,0,0,2.75,5.75,2016-2025,8.167,county,5.388,44,3197,1.685,0.8343,133.8
04001,0.1558,0.04309,0.03198,0,0,0,2.5,9.25,2014-2025,9.917,county,3.529,35,29550,1.547,0.7649,150.5
04003,0.1556,0,0,0,0,0,1.5,2.5,2017-2025,8.417,county,5.703,48,80230,0.819,0.3296,8.25
04005,0.2732,0.02344,0.003312,0,0,0,2,6.75,2017-2025,8.667,county,13.38,116,138100,1.797,0.5887,74.25
04007,1.091,0.008108,0.001507,0,0,0,2.25,7.25,2015-2025,9.833,county,24.51,241,29490,4.672,0.8102,116.5
04009,0,0.01629,0.001544,0,0,0,2.5,8.5,2020-2025,1.667,state,0,0,12020,0.07084,0,0
04011,0.1529,0.1431,0.1062,0,0,0,2.75,74,2022-2025,3.917,county,2.553,10,3304,2.96,0.9092,150.5
04012,1.257,0.02116,0,0,0,0,2.75,11.75,2017-2025,8.75,county,19.43,170,8911,7.111,0.9068,50.75
04013,0.06188,0,0,0,0,0,3.5,9.25,2015-2025,10.42,county,2.784,29,1742000,1.444,0.1917,17
04015,0.1562,0.01895,0.003813,0,0,0,2,4.25,2016-2025,8.917,county,5.383,48,149900,0.8708,0.6382,137
04017,0.549,0.0146,0,0,0,0,2.5,8.75,2014-2025,10.25,county,14.44,148,84390,2.697,0.7363,62.5
04019,0.1796,0.01108,0,0,0,0,2.5,7.25,2015-2025,10,county,7.3,73,492700,1.397,0.4611,32.5
04021,0.3321,0.05309,0.006394,0,0,0,2.25,6.5,2015-2025,10.42,county,15.84,165,151500,2.34,0.5563,84
04023,0.8701,0.001741,0,0,0,0,1.5,9.25,2016-2025,8.167,county,11.51,94,16650,3.232,0.8458,48.5
04025,0.1495,0.02114,0,0,0,0,1.75,10.25,2017-2025,8.667,county,8.538,74,246400,1.627,0.3555,53
04027,0.2362,0.03388,0,0,0,0,1.75,8,2016-2025,8.917,county,9.981,89,109100,1.507,0.5765,67.25
05001,2.143,0.1266,0.04802,0.0006661,0,0,3,36.75,2014-2025,11.17,county,42.27,472,9409,29.21,0.91,202.5
05003,1.781,0.1029,0.01621,0,0,0,3,24.5,2014-2025,11.17,county,28.84,322,9203,16.9,0.9129,159.5
05005,0.6634,0.1048,0.01004,0,0,0,2.5,28.25,2014-2025,11.17,county,13.43,150,28470,6.106,0.8583,135.2
05007,0.3909,0.1155,0.04445,0.006124,0,0,2.75,33.75,2014-2025,11.17,county,13.25,148,123600,5.231,0.841,185.5
05009,1.076,0.03834,0.0002632,0,0,0,2.25,9,2014-2025,11.17,county,20.96,234,18660,6.178,0.763,85
05011,1.476,0.1184,0.04945,0.002232,0,0,3.5,28.75,2014-2025,11.17,county,25.25,282,5463,18.92,0.9369,214.2
05013,0.5485,0.08296,0.04632,0,0,0,3.75,18.75,2014-2025,11.08,county,13.89,154,3555,6.289,0.9381,164.5
05015,0.8115,0.07319,0.00004389,0,0,0,2.25,14.75,2014-2025,11.17,county,14.15,158,17600,5.715,0.8647,87
05017,2.554,0.06708,0.01041,0,0,0,3,17.25,2014-2025,11.17,county,40.84,456,4703,19.5,0.9132,172.5
05019,0.8255,0.1076,0.008435,0,0,0,3,25.75,2014-2025,11.17,county,17.64,197,11940,8.052,0.865,121
05021,0.9427,0.04545,0.001747,0,0,0,4,13.75,2014-2025,11.08,county,16.42,182,6466,6.664,0.9018,76
05023,0.8406,0.00301,0,0,0,0,2,6,2014-2025,11.17,county,19.43,217,17950,3.648,0.7338,43.75
05025,0.9563,0.1384,0.06691,0.001074,0,0,4.25,36.5,2014-2025,11.17,county,15.13,169,3401,14.22,0.949,174.8
05027,1.555,0.08172,0.007881,0,0,0,3,19.5,2014-2025,11.17,county,35.91,401,11450,13.31,0.8556,150
05029,0.934,0.02977,0.003235,0,0,0,3,9.5,2014-2025,11.17,county,20.87,233,12570,5.858,0.7799,139
05031,0.1339,0.05436,0.008436,0,0,0,3.25,16.5,2014-2025,11.17,county,6.537,73,75700,1.213,0.7254,95.75
05033,0.6532,0.04922,0,0,0,0,2.25,12.5,2014-2025,10.42,county,17.38,181,36250,4.288,0.8216,73
05035,0.7414,0.04338,0.005569,0,0,0,2.75,13.5,2014-2025,11.17,county,20.69,231,25570,5.12,0.7954,116.5
05037,1.465,0.09003,0.01961,0.0008163,0,0,2.75,21.75,2014-2025,11.17,county,32.15,359,7940,12.87,0.8795,191.2
05039,2.467,0.1155,0.04874,0.001387,0,0,3.75,31.25,2014-2025,11.17,county,34.39,384,3246,30.82,0.9566,188.8
05041,2.213,0.06607,0.01467,0.0006074,0,0,3.5,18.75,2014-2025,11.17,county,37.61,420,5462,16.32,0.9176,186.5
05043,1.506,0.1102,0.01824,0,0,0,3.25,27.75,2014-2025,11.17,county,27.58,308,9073,15.99,0.9215,153
05045,0.3186,0.02415,0.003853,0,0,0,3.25,10.25,2014-2025,11.17,county,12.54,140,63680,2.621,0.5577,88.25
05047,1.26,0.04488,0,0,0,0,2,10.5,2015-2025,9,county,23,207,10610,6.477,0.8869,62
05049,0.7879,0.06549,0.005463,0,0,0,2.75,18.5,2014-2025,10.92,county,11.54,126,7300,5.788,0.9126,91.5
05051,1.167,0.06099,0.0004197,0,0,0,3.25,17.75,2014-2025,11.17,county,36,402,49730,9.932,0.7667,75.25
05053,2.068,0.04729,0.0114,0,0,0,2.5,14.75,2014-2025,11.17,county,35.55,397,8732,14.33,0.8898,159
05055,0.1003,0.005741,0,0,0,0,2,4.75,2014-2025,10.5,county,5.238,55,31430,0.5495,0.5071,36.25
05057,1.012,0.07049,0.008891,0,0,0,3.25,18.5,2014-2025,11.17,county,26.51,296,11330,8.262,0.8989,106.2
05059,1.664,0.0833,0.01107,0,0,0,3.5,20.5,2014-2025,11.17,county,37.52,419,15030,15.11,0.8827,120.8
05061,1.382,0.06721,0.006007,0,0,0,2.75,13.25,2014-2025,8.333,county,19.68,164,6087,9.605,0.8985,106.2
05063,1.13,0.02496,0,0,0,0,2.25,9.25,2014-2025,11.17,county,26.42,295,19310,6.09,0.7976,69.75
05065,1.576,0.06866,0.003063,0,0,0,2.5,15.25,2014-2025,11.17,county,26.87,300,8572,10.27,0.903,141.5
05067,0.8314,0.04964,0.001389,0,0,0,2.5,12.5,2014-2025,11.17,county,16.75,187,8374,5.318,0.8234,72.75
05069,1.117,0.1229,0.04467,0.001417,0.0004087,0,4,35,2014-2025,11.17,county,34.75,388,33930,16.16,0.83,414
05071,0.7128,0.03092,0,0,0,0,3,10.5,2015-2025,8,county,17.62,141,18730,4.128,0.8192,65.75
05073,1.921,0.06543,0.001444,0,0,0,3.25,14.25,2014-2025,11.17,county,25.34,283,2776,12.97,0.9257,99.5
05075,1.737,0.02638,0,0,0,0,2.75,9.5,2014-2025,11.17,county,26.51,296,7466,9.094,0.8817,79.5
05077,1.539,0.0576,0.006606,0.0006438,0,0,2.5,11,2014-2025,11.17,county,31.97,357,4519,9.06,0.8492,237
05079,0.2676,0.08629,0.008131,0,0,0,2.75,10,2014-2025,11.08,county,6.316,70,5681,2.35,0.8444,111.2
05081,2.326,0.04815,0.0001871,0,0,0,3,17.75,2014-2025,11.17,county,36,402,4734,16,0.909,85.25
05083,0.8677,0.0414,0.00196,0,0,0,2.5,11.25,2014-2025,11.17,county,18.27,204,11950,5.046,0.8173,77.5
05085,0.6613,0.06328,0.00685,0,0,0,2.25,17.75,2014-2025,11.17,county,18.99,212,46850,5.484,0.7593,117.2
05087,0.9521,0.07031,0.006995,0,0,0,2,13.5,2017-2025,8.75,county,14.51,127,13450,6.592,0.8899,135.8
05089,1.717,0.09576,0.005038,0,0,0,3.75,22.5,2014-2025,11.17,county,30.81,344,8270,14.64,0.9004,89.5
05091,1.603,0.03906,0.002733,0,0,0,2.25,13.75,2014-2025,11.17,county,28.66,320,15860,10.35,0.8342,82.25
05093,1.451,0.04474,0.002715,0,0,0,2.75,11.75,2014-2025,11.17,county,31.61,353,17930,9.313,0.8432,110.8
05095,2.989,0.04097,0.006822,0,0,0,2.5,11.75,2014-2025,11.17,county,41.55,464,3733,18.39,0.8973,163.8
05097,4.566,0.07533,0.005841,0,0,0,3,17,2014-2025,11.17,county,54.81,612,4130,30.73,0.9482,138.8
05099,1.652,0.0963,0.0108,0,0,0,3.25,22.5,2014-2025,11.17,county,24.45,273,4020,13.95,0.9426,133.5
05101,1.58,0.02916,0.0008388,0,0,0,2.25,7.5,2014-2025,11.08,county,22.02,244,3813,7.187,0.894,144.8
05103,1.137,0.163,0.02687,0,0,0,3.5,47.75,2014-2025,11.17,county,25.43,284,13320,15.35,0.9085,155.5
05105,1.217,0.01092,0,0,0,0,2.75,8,2014-2025,10.75,county,15.53,167,6378,5.944,0.8648,64.75
05107,1.488,0.09925,0.02497,0.002265,0,0,2.75,23.75,2014-2025,11.17,county,31.97,357,9727,15.2,0.8656,398.5
05109,1.703,0.06711,0.00629,0,0,0,4.25,17.75,2014-2025,11.17,county,28.75,321,5133,13.31,0.9332,117
05111,1.657,0.06197,0.01386,0,0,0,3,17.5,2014-2025,11.17,county,34.57,386,10150,13.68,0.8978,143.8
05113,0.3022,0.007861,0,0,0,0,1.75,5.5,2014-2025,11.17,county,8.06,90,11570,1.324,0.6908,57.5
05115,0.9914,0.07436,0.002357,0,0,0,3.5,18,2014-2025,11.17,county,25.16,281,32150,7.958,0.8043,86
05117,3.852,0.05618,0.009075,0.0001306,0.00006529,0,3.25,16.5,2014-2025,11.17,county,57.22,639,3917,28.85,0.9087,821.8
05119,0.3786,0.1675,0.02581,0.001988,0,0,5,41,2014-2025,11.17,county,13.88,155,247300,7.46,0.6584,211.8
05121,0.581,0.04451,0.003809,0,0,0,3.75,14,2014-2025,11.08,county,10.38,115,8928,3.978,0.8698,88
05123,1.186,0.08835,0.03495,0,0,0,2.5,17.5,2014-2025,11.17,county,30.81,344,12690,10.75,0.8561,157
05125,0.9496,0.04823,0.003121,0,0,0,3,14.75,2014-2025,11.17,county,29.55,330,49740,7.08,0.7551,112
05127,1.646,0.0231,0.003345,0,0,0,3.25,11,2014-2025,11.08,county,27.52,305,4965,9.435,0.901,146.2
05129,0.4806,0.04012,0,0,0,0,2.75,9,2014-2025,11.08,county,11.28,125,7013,2.842,0.808,69.25
05131,0.4126,0.06581,0.001393,0,0,0,2.75,19.5,2014-2025,11.17,county,12.36,138,77730,3.682,0.7628,157.5
05133,3.182,0.07192,0.0157,0,0,0,3,15.75,2014-2025,11.17,county,44.87,501,5699,24,0.9162,116
05135,1.447,0.07525,0.007306,0,0,0,2.75,17.75,2014-2025,11.17,county,23.1,258,10760,11.22,0.8919,168
05137,1.752,0.08686,0.01433,0,0,0,3.25,21,2014-2025,11.17,county,30.54,341,6629,14.19,0.9077,118
05139,1.553,0.08238,0.007672,0,0,0,3.5,20.75,2014-2025,11.17,county,43.97,491,19890,15.55,0.7446,108.2
05141,0,0.07505,0.01163,0.0005132,0.00001567,0,3,18.5,2015-2025,6.25,state,0,0,15570,0.01136,0,0
05143,0.2409,0.06585,0,0,0,0,2.25,16.5,2014-2025,11.17,county,10.57,118,150000,2.08,0.5871,75.75
05145,0.7206,0.02458,0,0,0,0,2.75,9.5,2014-2025,11.17,county,23.19,259,40500,4.528,0.6888,61.25
05147,1.848,0.04134,0.002551,0,0,0,2.25,13.5,2014-2025,11.17,county,33.31,372,3495,10.9,0.9041,185.2
05149,1.99,0.04633,0.001133,0.0002266,0.0001619,0,3.75,15.75,2014-2025,11.17,county,34.48,385,9728,14.39,0.883,433.2
06001,0.194,0.1197,0,0,0,0,4,26,2017-2025,7.667,county,6.913,53,751600,3.839,0.418,72.25
06003,3.408,0.2797,0.08431,0.01948,0.002517,0,4.75,63.75,2017-2025,7.667,county,18.26,140,882,68.31,0.984,624
06005,3.878,0.2037,0.04286,0.002004,0,0,4.5,42.75,2015-2025,7.667,county,35.87,275,17050,55.37,0.9484,275.8
06007,1.468,0.1855,0.05243,0.02559,0.01547,0.01145,5.5,41.25,2017-2025,7.667,county,39.13,300,90540,40.02,0.9337,1098
06009,5.416,0.1952,0.04596,0.005442,0,0,4.75,43.25,2018-2025,7.583,county,68.57,520,18420,78.23,0.9549,306.8
06011,1.398,0.07955,0.002175,0,0,0,2.75,16.5,2018-2025,7.583,county,26.9,204,9970,10.95,0.8216,159
06013,0.2837,0.1047,0,0,0,0,3.75,24.5,2017-2025,7.667,county,11.87,91,486900,4.849,0.4571,81.5
06015,2.268,0.0678,0.04992,0.001634,0,0,2.75,15.5,2017-2025,8.417,county,21.5,181,16200,22.39,0.9686,317.2
06017,2.151,0.1931,0.05589,0.01057,0.0009206,0.0006734,5,45.5,2015-2025,8.333,county,48.24,402,95670,36.05,0.9097,1401
06019,0.08551,0.05062,0.01012,0.003992,0,0,2.5,13.25,2014-2025,11.17,county,3.851,43,458100,2.621,0.1884,183.5
06021,1.488,0.0434,0.0003839,0,0,0,2.75,11.75,2018-2025,7.583,county,30.59,232,12230,9.776,0.8091,88.75
06023,2.383,0.1822,0.02483,0.004295,0.0003651,0,5.75,36.25,2017-2025,7.667,county,46.3,355,59960,33.43,0.8644,408.8
06025,0.06147,0.1479,0.09876,0.07266,0.03419,0,6.5,59.25,2015-2025,9.25,county,2.486,23,72690,2.94,0.697,361.8
06027,1.212,0.06992,0.01152,0.0009323,0,0,4.25,15.75,2014-2025,11.17,county,24.27,271,7849,10.2,0.857,183.2
06029,0.1981,0.03116,0,0,0,0,3,10.25,2014-2025,11.17,county,11.01,123,395000,3.425,0.273,64.5
06031,0.3915,0.001347,0,0,0,0,1.75,6.5,2014-2025,11.17,county,11.64,130,63000,2.608,0.4298,28
06033,3.236,0.2317,0.07359,0.001575,0.0005955,0,5.5,47,2018-2025,7.583,county,52.22,396,28400,52.59,0.9456,461
06035,0.07093,0.02841,0,0,0,0,4,13.25,2018-2025,7.167,county,3.07,22,15440,0.5972,0.7243,66.25
06037,0.02452,0.3035,0.05131,0.03634,0,0,4,53,2014-2025,11.17,county,1.164,13,3763000,4.54,0.1307,266.5
06039,1.144,0.07444,0.02118,0.00325,0,0,2.25,17.75,2017-2025,7.667,county,33.52,257,68500,11.06,0.7671,240
06041,1.226,0.1591,0.01477,0,0,0,2.75,48.25,2017-2025,7.667,county,30.78,236,113000,16.94,0.8176,158
06043,5.358,0.1294,0.03381,0.00692,0.0001328,0,4.25,33.75,2018-2025,7.583,county,52.48,398,7597,66.09,0.9554,355.2
06045,2.064,0.1996,0.104,0.002349,0,0,4.25,85.25,2017-2025,7.667,county,47.09,361,39040,36.54,0.892,264.8
06047,0.709,0.01339,0,0,0,0,2.25,8,2017-2025,7.667,county,24.39,187,82760,4.152,0.5587,43.75
06049,0.6299,0.02693,0,0,0,0,2.5,6,2017-2025,8.417,county,12,101,6598,2.85,0.8159,81.5
06051,4.816,0.0912,0.02238,0.00479,0.0001909,0,4.75,21.25,2014-2025,11.17,county,49.79,556,5551,45.22,0.9458,665.5
06053,0.769,0.1518,0.01767,0,0,0,3,32.75,2017-2025,7.667,county,27.26,209,195600,10.46,0.7154,134.5
06055,1.416,0.1744,0.03853,0.008366,0.003453,0,5.5,36.25,2017-2025,7.667,county,33.26,255,63830,23.18,0.8543,889.2
06057,2.2,0.2857,0.08658,0.01706,0.0000269,0,5.5,59.75,2015-2025,8.083,county,42.06,340,52250,45.46,0.9368,377.5
06059,0.08631,0,0,0,0,0,3.25,9.5,2014-2025,11.17,county,2.06,23,1256000,2.721,0.09933,29
06061,0.5169,0.1575,0.03621,0.00616,0,0,4.75,38,2014-2025,9.417,county,16.99,160,187500,8.269,0.7774,325.5
06063,5.055,0.166,0.05952,0.01417,0.004291,0.002333,4.25,43.5,2015-2025,8.167,county,40.9,334,9230,85.28,0.9827,2745
06065,0.09013,0.1619,0.006969,0,0,0,4,45,2014-2025,11.17,county,4.836,54,853900,4.61,0.2224,195
06067,0.3271,0.05329,0.004992,0,0,0,3,15.25,2014-2025,11.08,county,8.211,91,625600,3.355,0.6791,111.8
06069,0.5005,0.02175,0,0,0,0,2,5.75,2018-2025,7.583,county,12,91,26700,3.336,0.5255,48.75
06071,0.1814,0.1144,0.006798,0.004887,0,0,4.5,25.5,2014-2025,11.17,county,8.418,94,840600,6.424,0.2928,217.8
06073,0.05956,0.2368,0.02346,0,0,0,3.75,38.25,2014-2025,11.17,county,2.507,28,1363000,3.018,0.247,97.25
06075,0.2806,0.03786,0,0,0,0,2.25,9.75,2017-2025,7.667,county,11.09,85,360800,3.572,0.3918,63.5
06077,0.2543,0.08342,0.00561,0,0,0,4.25,21.75,2015-2025,8.667,county,8.885,77,324500,3.794,0.5841,108.5
06079,1.069,0.02474,0,0,0,0,2.25,8.5,2017-2025,7.667,county,44.22,339,125700,7.105,0.559,56.25
06081,0.5357,0.1766,0.009844,0,0,0,4,37.75,2017-2025,8.167,county,16.65,136,328400,8.607,0.6641,122
06083,0.3677,0.009448,0,0,0,0,2,8.25,2014-2025,11.17,county,15.49,173,192100,4.937,0.2483,44.25
06085,0.1508,0.2178,0.01459,0,0,0,7.75,36.5,2015-2025,9.333,county,4.286,40,844700,4.07,0.4762,103.5
06087,1.605,0.1875,0.03497,0.008311,0.002556,0,3.75,41.25,2017-2025,7.667,county,38.74,297,118300,25.37,0.8615,758.8
06089,1.132,0.269,0.0704,0.005994,0.000459,0,6.75,50,2017-2025,8.167,county,29.51,241,81280,21.21,0.8841,423.2
06091,7.327,0.2225,0.05247,0.004339,0.001211,0,6.75,64.5,2017-2025,7.833,county,37.28,292,2072,137,0.9866,456.5
06093,1.797,0.04535,0.0136,0.000475,0,0,2.25,11,2017-2025,8.5,county,41.53,353,26600,12.64,0.8052,401.2
06095,0.707,0.08651,0.009701,0,0,0,2.5,20.5,2017-2025,7.667,county,26.22,201,187700,7.25,0.6709,186
06097,0.9017,0.2063,0.07852,0.002141,0,0,4.75,46,2017-2025,7.667,county,28.7,220,214100,16.9,0.8009,316.8
06099,0.04437,0,0,0,0,0,1.75,6.5,2018-2025,7.583,county,2.769,21,219200,0.4645,0.2485,8
06101,0.594,0.04519,0.001878,0,0,0,2.25,13.25,2017-2025,7.667,county,14.09,108,42320,4.822,0.7031,116.5
06103,2.399,0.1324,0.01067,0,0,0,4.25,29,2017-2025,7.667,county,41.87,321,28130,23.74,0.9025,200
06105,1.44,0.1631,0.06672,0.02673,0.007351,0,6.25,41,2017-2025,7.667,county,24.52,188,5483,27.31,0.9538,625.5
06107,0.1715,0.05322,0.02336,0,0,0,1.75,10.75,2014-2025,11.17,county,7.433,83,186900,4.242,0.23,278.8
06109,5.361,0.1676,0.02761,0.0009921,0,0,4.25,38.25,2016-2025,8.083,county,55.42,448,23610,64.03,0.9508,217.8
06111,0.446,0.09897,0.001963,0,0,0,3.25,22.75,2014-2025,11.17,county,19.43,217,317700,8.707,0.4522,104.8
06113,0.6335,0.0916,0.01048,0,0,0,2,23.5,2014-2025,9.083,county,17.28,157,101500,6.956,0.661,110.5
06115,1.36,0.1235,0.02026,0,0,0,5,29.5,2017-2025,7.667,county,26.22,201,35930,16.5,0.8655,170.2
08001,0.264,0.05442,0,0,0,0,1.75,11.25,2014-2025,10.75,county,13.4,144,243000,2.285,0.5316,68.25
08003,0.8039,0,0,0,0,0,1.75,4.5,2014-2025,10.42,county,14.02,146,9288,2.581,0.8061,26.25
08005,0.1639,0.05735,0,0,0,0,1.5,14.5,2014-2025,10.75,county,9.302,100,323100,2.064,0.3682,67
08007,1.197,0.042,0,0,0,0,3.5,11.5,2016-2025,9.167,county,14.18,130,8482,7.87,0.8723,69.25
08009,0.04369,0,0,0,0,0,3.5,7.75,2017-2025,5.167,county,2.516,13,1586,0.2536,0.6999,10.25
08011,0,0.05552,0.007253,0.00002445,0.00001583,0,2,12.25,2022-2024,2.25,state,0,0,3294,0,0,0
08013,0.3308,0.1745,0.036,0,0,0,2.5,42.75,2014-2025,10.75,county,12.47,134,166600,4.494,0.7558,159.5
08014,0.6013,0.00335,0,0,0,0,1.75,4,2014-2025,10.17,county,11.61,118,36180,1.75,0.7658,55.5
08015,0.6201,0,0,0,0,0,1.75,7.5,2014-2025,10.42,county,9.216,96,12340,2.619,0.7509,23.25
08017,2.46,0.01511,0.0103,0,0,0,2,4.75,2017-2025,8.5,county,20.94,178,1412,13.96,0.7216,141.5
08019,3.384,0.06993,0.004309,0,0,0,3.25,12.5,2014-2025,10.42,county,39.55,412,4589,22.59,0.9423,173.8
08021,3.89,0.01721,0,0,0,0,2.75,7.75,2014-2025,10.75,county,18.51,199,3793,17.5,0.9584,69.5
08023,2.103,0.01069,0,0,0,0,3.75,8,2014-2025,10.42,county,11.52,120,2089,9.835,0.944,50.75
08025,1.097,0.03756,0,0,0,0,2.25,4.25,2015-2025,8.667,county,5.308,46,2408,4.619,0.9396,60.75
08027,0.7501,0,0,0,0,0,3,6.75,2015-2025,8.25,county,3.636,30,2930,2.814,0.9244,18.25
08029,0.8152,0.01079,0.0009977,0,0,0,1.75,3.5,2019-2025,6.417,county,12.78,82,12260,3.563,0.6079,74
08031,0.2532,0.06358,0,0,0,0,2,13.75,2014-2025,10.5,county,12.76,134,398900,2.762,0.479,69
08033,0,0.05552,0.007253,0.00002445,0.00001583,0,2,12.25,2019-2024,1.917,state,0,0,1373,0.01501,0,0
08035,0.1685,0.03273,0.006895,0,0,0,1.5,4,2014-2025,10.58,county,9.354,99,157300,1.077,0.4055,88.5
08037,0.3624,0.001394,0,0,0,0,1.75,5.25,2014-2025,10.67,county,9.469,101,43430,1.775,0.5865,43.5
08039,0.9408,0.004945,0,0,0,0,1.75,4.5,2016-2025,9.167,county,18.33,168,10110,3.27,0.765,38.5
08041,0.07456,0.05428,0.008608,0,0,0,2,12.5,2014-2025,10.92,county,3.573,39,361700,1.051,0.3946,101.8
08043,0.482,0.01127,0.00246,0,0,0,2,4.25,2015-2025,10.33,county,6.581,68,19020,1.771,0.7595,74.25
08045,0.7035,0.004512,0,0,0,0,2.25,4.5,2014-2025,10.75,county,17.3,186,34900,2.894,0.6436,45.75
08047,1.032,0.0145,0.000883,0,0,0,2.25,8,2015-2025,10,county,11.7,117,2853,4.725,0.8605,133.8
08049,0.02897,0.05627,0.01598,0,0,0,2,13,2017-2025,7.583,county,1.451,11,19090,0.9545,0.2024,85.75
08051,0.08719,0,0,0,0,0,2.25,4,2014-2025,9.583,county,4.591,44,14730,0.5443,0.3923,14
08053,0.2833,0.04008,0.03845,0,0,0,4,12.5,2016-2025,5.583,county,5.194,29,773,2.531,0.957,109
08055,0,0.05552,0.007253,0.00002445,0.00001583,0,2,12.25,2022-2024,1.417,state,0,0,2877,0,0,0
08057,1.83,0.08552,0.0562,0.02355,0.0161,0,3.25,17.75,2017-2020,3.167,county,29.37,93,1554,28.54,0.937,774.5
08059,0.3835,0.1053,0.03237,0,0,0,2.25,26.25,2014-2025,10.42,county,17.76,185,278200,5.024,0.6386,109.2
08061,0,0.05552,0.007253,0.00002445,0.00001583,0,2,12.25,2022-2024,3,state,0,0,1342,0,0,0
08063,1.213,0.06442,0.02118,0,0,0,2,8.25,2017-2025,8.5,county,16.94,144,3818,11.29,0.6706,141.5
08065,1.221,0.01821,0.001304,0,0,0,2.25,7.25,2014-2025,8.5,county,11.88,101,3471,5.254,0.8993,143.8
08067,0.7286,0.01522,0,0,0,0,2.25,8.25,2016-2025,9.167,county,15.71,144,36990,3.465,0.8075,52
08069,0.1292,0.1112,0,0,0,0,4.75,26.75,2014-2025,10.75,county,5.674,61,154700,1.723,0.6148,52
08071,0,0.05552,0.007253,0.00002445,0.00001583,0,2,12.25,2022-2024,2.25,state,0,0,6631,0,0,0
08073,0.7355,0.01197,0.0076,0.0004903,0,0,2.25,8.5,2016-2025,9.167,county,12.11,111,3630,3.562,0.8197,173.2
08075,1.031,0.005562,0,0,0,0,2,7.5,2014-2025,10.42,county,12.38,129,7985,3.757,0.8664,66.25
08077,0.4356,0.002138,0,0,0,0,1.75,4.25,2014-2025,10.5,county,12.19,128,78540,1.883,0.5717,34.5
08079,0.3052,0.02514,0.02514,0,0,0,2.75,8.25,2017-2025,5.917,county,6.592,39,793,2.195,0.8615,113.2
08081,0.7356,0,0,0,0,0,1.5,5,2019-2025,7,county,11.86,83,9049,2.693,0.6558,19.5
08083,0,0.05552,0.007253,0.00002445,0.00001583,0,2,12.25,2018-2025,2.25,state,0,0,14150,0.003964,0,0
08085,0.4234,0,0,0,0,0,2,4,2019-2025,6.667,county,8.85,59,24970,1.605,0.5891,15.5
08087,0.3129,0.007955,0,0,0,0,2,15.5,2014-2025,10.33,county,8.129,84,14500,1.745,0.8782,46.25
08089,0.5464,0.003609,0.001533,0,0,0,2,8.75,2015-2025,9.75,county,5.026,49,7594,1.953,0.9052,82.25
08091,0,0.05552,0.007253,0.00002445,0.00001583,0,2,12.25,2020-2025,3.333,state,0,0,4326,0.02431,0,0
08093,2.118,0.07806,0.003554,0,0,0,3.25,20.5,2014-2025,10.42,county,25.63,267,7688,15.63,0.9383,103.5
08097,0.7684,0.002416,0.001496,0,0,0,2.5,8.25,2014-2025,10.08,county,14.08,142,12770,3.994,0.733,92.25
08099,0,0.05552,0.007253,0.00002445,0.00001583,0,2,12.25,2022-2024,2.917,state,0,0,4507,0,0,0
08101,0.315,0.03918,0,0,0,0,1.75,8.5,2015-2025,10.42,county,8.064,84,67090,1.784,0.6254,40
08103,0.0179,0.05552,0.007253,0.00002445,0.00001583,0,2,12.25,2017-2025,6.333,state,0.7895,5,5566,0.3485,0.166,7
08105,0.6405,0.002262,0,0,0,0,2.25,9.25,2014-2025,10.42,county,9.024,94,7555,2.906,0.8432,50.5
08107,0.5471,0.01304,0,0,0,0,2,5,2019-2025,6.083,county,18.25,111,18530,3.171,0.5092,27.25
08109,0.3765,0.003485,0,0,0,0,3.25,6.25,2014-2025,9.583,county,6.678,64,3260,1.657,0.9091,25.25
08111,1.072,0,0,0,0,0,4,11,2016-2024,4.583,county,6.764,31,549,6.37,0.9594,12
08113,0,0.05552,0.007253,0.00002445,0.00001583,0,2,12.25,2019-2024,1.917,state,0,0,7283,0.00283,0,0
08115,0,0.05552,0.007253,0.00002445,0.00001583,0,2,12.25,2020-2020,0.1667,state,0,0,1049,0.01859,0,0
08117,1.862,0.01922,0.00258,0,0,0,2.5,9.5,2014-2025,10.42,county,34.18,356,16130,9.223,0.865,135.5
08119,0.6471,0.07169,0,0,0,0,3.25,11.5,2015-2025,10.17,county,9.934,101,11040,4.154,0.8587,57.75
08121,0.04359,0,0,0,0,0,2.5,3.75,2017-2025,6,county,1.833,11,4309,0.2032,0.5176,7.75
08123,0.5354,0.04624,0,0,0,0,2,9,2014-2025,10.75,county,19.35,208,122300,3.757,0.6216,98.5
08125,0,0.05552,0.007253,0.00002445,0.00001583,0,2,12.25,2022-2024,2.75,state,0,0,5292,0,0,0
09110,0.1062,0.3208,0.1301,0,0,0,10,85,2014-2025,5.443,county,3.291,38.57,800800,3.069,0.5579,148.8
09120,0.3496,0.37,0.1692,0,0,0,10.25,101.2,2014-2025,5.542,county,10.11,79,444900,5.517,0.7403,191.8
09130,0.4635,0.2398,0.05396,0,0,0,8,52.5,2014-2025,5.417,county,9.945,116.7,171200,9.221,0.8464,171.2
09140,0.1332,0.3442,0.1382,0,0,0,13.5,87.75,2014-2025,5.524,county,5.435,54.28,495500,3.876,0.4668,191.8
09150,0.9889,0.2216,0.03992,0,0,0,8.25,41.5,2014-2025,5.417,county,29.92,180.9,112800,13.63,0.8821,150
09160,0.5569,0.2816,0.137,0,0,0,9,92.25,2014-2025,5.42,county,22.58,102.9,208600,7.679,0.7267,181.5
09170,0.1537,0.3504,0.1251,0,0,0,13.75,77,2014-2025,5.583,county,5.369,39,609700,3.522,0.6665,168
09180,0.3245,0.2227,0.02503,0,0,0,7.25,42.25,2014-2025,5.417,county,9.647,110.6,232200,5.627,0.7318,150
09190,0.1546,0.3748,0.1722,0,0,0,11.25,101.2,2014-2025,5.523,county,4.959,73.76,528600,5.99,0.4927,191.8
10001,0.2237,0.004929,0,0,0,0,1.5,6,2014-2025,11.17,county,10.03,112,98370,1.093,0.5053,31.25
10003,0.2684,0.08213,0.004095,0,0,0,3.5,22.25,2014-2025,11.17,county,9.582,107,220400,3.748,0.5525,82.5
10005,0.2053,0.002469,0,0,0,0,2,6.75,2014-2025,11.17,county,9.582,107,219000,1.486,0.4051,33.5
11001,0.1004,0.03287,0,0,0,0,3.75,12.5,2014-2025,11.17,county,4.03,45,325100,2.182,0.3067,81
12001,0.2303,0.1969,0.05953,0.004665,0,0,5.75,43.75,2014-2025,11.17,county,6.806,76,218500,4.734,0.7817,206.5
12003,0.9663,0.09014,0.02666,0.001747,0,0,2.25,20.25,2014-2025,11.17,county,15.85,177,15920,9.411,0.8853,208.2
12005,0.6578,0.1607,0.1297,0.07963,0.004203,0,2.5,92.75,2014-2025,11.17,county,18.72,209,88690,21.61,0.9302,544.2
12007,0.7226,0.06719,0.02292,0.001402,0,0,2,16.5,2014-2025,11.17,county,14.24,159,17680,6.843,0.859,211.2
12009,0.2348,0.5357,0.1538,0.002663,0,0,27,102,2014-2025,11.17,county,1.97,22,338100,10.87,0.8556,203
12011,0.0632,0.7835,0.3462,0.02535,0,0,56.25,140.8,2014-2025,11.17,county,0.8955,10,1298000,5.325,0.7423,236.5
12013,1.988,0.03231,0.02205,0.01449,0.004663,0,2.25,8.25,2014-2025,11.17,county,23.46,262,9002,15.03,0.9525,634.8
12015,0.4322,0.3807,0.2419,0.1044,0,0,12,170.8,2014-2025,11.17,county,8.239,92,129900,20.76,0.9213,252.8
12017,0.8051,0.1281,0.04717,0.001571,0,0,2,35.75,2014-2025,11.17,county,24.9,278,81280,10.6,0.852,201.8
12019,1.174,0.06117,0.003962,0,0,0,1.75,14.25,2014-2025,11.17,county,24.9,278,81940,7.689,0.8179,173.5
12021,0.2998,0.5175,0.2934,0.08896,0,0,33,145.8,2014-2025,11.17,county,4.746,53,288900,17.11,0.9145,338.2
12023,1.187,0.1631,0.04309,0,0,0,3.25,43.75,2014-2025,11.17,county,24.45,273,38560,17.39,0.912,171.8
12027,0.5696,0.2742,0.1249,0.07853,0,0,2.25,113.2,2014-2025,11.17,county,12.72,142,21130,17.49,0.9186,265.8
12029,1.086,0.2198,0.08479,0.003259,0,0,2.25,63,2014-2025,11.17,county,21.31,238,14190,20.11,0.9475,214.8
12031,0.2247,0.3188,0.1354,0,0,0,12.5,80,2014-2025,11.17,county,5.731,64,483000,7.129,0.7958,173.5
12033,0.2815,0.2776,0.1402,0,0,0,5.75,84.75,2014-2025,11.17,county,9.582,107,180900,7.884,0.8477,178.8
12035,0.6119,0.3859,0.1486,0.002578,0,0,16.5,83,2014-2025,11.17,county,10.48,117,58760,17.8,0.9387,186.5
12037,2.514,0.1087,0.09348,0.0004489,0,0,2.5,31.75,2014-2025,11.17,county,28.3,316,4761,36.31,0.9613,237.5
12039,0.5888,0.1575,0.07616,0.04251,0.002848,0,2.5,45.5,2015-2025,10.33,county,18,186,36010,12.59,0.9274,394
12041,1.228,0.1796,0.05978,0.002306,0,0,2.75,54.5,2014-2025,11.17,county,22.03,246,12800,19.26,0.9239,240.8
12043,0.4203,0.2172,0.08444,0.01475,0,0,3,64.25,2014-2025,11.17,county,13.34,149,6357,8.299,0.9167,285.8
12045,2.235,0.03813,0.02944,0.008701,0,0,2,9,2014-2025,11.17,county,27.4,306,9722,18.35,0.9361,201.2
12047,1.576,0.2099,0.101,0.004297,0,0,3,72.25,2014-2025,11.17,county,32.87,367,8888,29.92,0.9493,292.5
12049,1.096,0.2263,0.07697,0.003898,0,0,2,62.25,2014-2025,10.92,county,17.86,195,11800,18.79,0.9424,265
12051,0.6389,0.1141,0.07808,0.02548,0,0,1.25,49.75,2014-2025,11.17,county,12.45,139,23910,9.859,0.879,274
12053,0.5422,0.07628,0.02718,0.002266,0,0,1.5,20.75,2014-2025,11.17,county,18.9,211,108500,5.203,0.8123,192.5
12055,1.002,0.2988,0.1746,0.05095,0,0,2,95.75,2014-2025,11.17,county,24.18,270,44680,31.99,0.9488,231.2
12057,0.1527,0.7497,0.1666,0,0,0,43.75,88,2014-2025,11.17,county,1.522,17,998900,6.921,0.834,152.8
12059,1.037,0.06386,0.03485,0,0,0,2.25,10,2014-2025,11.17,county,24.9,278,12700,8.063,0.8766,144.5
12061,0.6706,0.2398,0.0832,0.0004896,0,0,2.25,61.75,2014-2025,11.17,county,14.69,164,65740,13.83,0.8543,215.5
12063,0.534,0.105,0.07831,0.04761,0.03949,0,2.5,25.75,2014-2025,11.17,county,15.67,175,29420,12.62,0.9399,720.2
12065,2.77,0.2177,0.05737,0.001083,0,0,3.25,58,2014-2025,11.17,county,52.57,587,7283,45.63,0.9631,209.8
12067,1.72,0.2199,0.08587,0.007218,0,0,3.5,63,2014-2025,11.17,county,33.04,369,4645,33.31,0.9415,292
12069,0.2696,0.3553,0.1198,0.01828,0,0,10.25,82,2014-2025,11.17,county,7.343,82,199400,8.391,0.8594,221.2
12071,0.1933,0.6303,0.4062,0.1715,0.01356,0.003617,50.5,206.2,2014-2025,11.17,county,2.06,23,628600,16.27,0.9403,746
12073,0.5391,0.2439,0.05948,0.001179,0,0,4.5,55.5,2014-2025,11.08,county,16.96,188,196900,10.87,0.8675,198.8
12075,1.012,0.1661,0.04041,0,0,0,2.25,41,2014-2025,11.17,county,23.46,262,27820,13.92,0.9008,182.8
12077,2.134,0.06016,0.03583,0.02231,0.004186,0,2.25,12,2015-2025,10.42,county,24.1,251,4459,25.35,0.9383,398.8
12079,1.876,0.2565,0.1282,0.01243,0,0,3,84,2014-2025,11.17,county,27.94,312,9415,43.17,0.9679,214.8
12081,0.3088,0.5173,0.2365,0.01716,0,0,26,117,2014-2025,11.17,county,5.821,65,266400,13.81,0.9047,225.8
12083,0.3956,0.2128,0.08816,0.01213,0,0,5.75,63.5,2014-2025,11.17,county,12.81,143,217600,9.44,0.8303,224.5
12085,0.2845,0.3176,0.08425,0,0,0,6.25,66.5,2014-2025,11.17,county,6.806,76,111100,7.343,0.8244,189.8
12086,0.1454,0.5997,0.294,0.0692,0,0,44,150.2,2014-2025,11.17,county,2.687,30,952700,10.86,0.7419,261.8
12087,0.4814,0.08015,0.06923,0.03453,0.005894,0,1.75,17.25,2014-2025,11.17,county,10.84,121,103900,5.985,0.8885,511.8
12089,0.5453,0.1369,0.03577,0.005972,0,0,2.5,34.5,2014-2025,11.17,county,15.22,170,52490,7.415,0.8528,216.2
12091,0.1974,0.06821,0,0,0,0,2.75,18.75,2014-2025,11.17,county,7.254,81,131200,2.257,0.5612,71.5
12093,0.958,0.1601,0.06294,0.0002565,0,0,1.75,56.25,2014-2025,11.17,county,18.72,209,18220,15.02,0.8743,197.5
12095,0.2001,0.5218,0.1963,0.02057,0,0,28.75,112.8,2014-2025,11.17,county,3.134,35,491400,9.536,0.8357,227.5
12097,0.2084,0.1525,0.04684,0.006174,0,0,2.25,38.75,2014-2025,11.17,county,8.507,95,179800,3.627,0.7906,217.5
12099,0.1819,0.5377,0.2305,0.002731,0,0,28,101.8,2014-2025,11.17,county,3.313,37,589600,8.973,0.7731,214
12101,0.3298,0.2811,0.1083,0,0,0,2.5,83.5,2014-2025,11.17,county,10.93,122,279300,8.676,0.8426,179.8
12103,0.4876,0.5418,0.2914,0.003958,0,0,36.5,116,2014-2025,11.17,county,10.03,112,418700,24.81,0.9013,240
12105,0.2978,0.4123,0.1576,0.01509,0,0,17,87,2014-2025,11.17,county,8.239,92,314000,11.24,0.8556,241
12107,0.6935,0.1694,0.05654,0.002703,0,0,2.75,49.25,2014-2025,11.17,county,20.06,224,51840,10.91,0.8813,205.2
12109,0.4543,0.2515,0.07462,0.002516,0,0,6.5,54.75,2014-2025,11.17,county,10.3,115,116600,9.578,0.8693,205.5
12111,0.1801,0.3855,0.07548,0,0,0,14.25,66.5,2014-2025,11.17,county,4.388,49,222200,5.223,0.8157,172
12113,0.2919,0.2078,0.05606,0,0,0,3.25,55,2014-2025,11.17,county,9.224,103,96910,5.081,0.7984,138.8
12115,0.2838,0.5973,0.275,0.06479,0,0,33.75,148.8,2014-2025,11.17,county,3.134,35,310600,16.57,0.9159,232
12117,0.408,0.4248,0.1419,0.01494,0,0,19.75,97.75,2014-2025,11.17,county,10.03,112,201800,14.21,0.8918,240
12119,0.2742,0.136,0.05831,0.0007815,0,0,2,48.75,2014-2025,11.17,county,9.134,102,102400,4.293,0.8409,186.8
12121,1.092,0.2633,0.1031,0.01421,0,0,4.5,75.25,2014-2025,11.17,county,23.46,262,27980,26.09,0.925,297.2
12123,1.705,0.2382,0.1211,0.01741,0,0,3,80.75,2014-2025,11.17,county,25.97,290,12060,37.79,0.9648,258.8
12125,0.6725,0.1017,0.02013,0,0,0,2.25,24.25,2014-2025,11.17,county,14.96,167,11360,6.105,0.9004,161.2
12127,0.4402,0.6601,0.2647,0.01778,0,0,38,107.5,2014-2025,11.17,county,5.731,64,232700,22.16,0.9172,218
12129,2.02,0.1885,0.03929,0.0005576,0,0,3,40.5,2014-2025,11.17,county,34.48,385,14150,27.7,0.9398,270
12131,0.3526,0.02584,0,0,0,0,2.25,9.25,2014-2025,11.17,county,12.18,136,71400,2.558,0.6141,61.5
12133,1.396,0.06104,0.05136,0.001256,0,0,2.25,12.25,2014-2025,11.17,county,26.78,299,17060,13.25,0.8967,243.2
13001,1.626,0.1071,0.07361,0.03869,0.01927,0,2,33.75,2014-2025,11.17,county,30.27,338,9991,34.52,0.9568,501.2
13003,2.816,0.08835,0.05925,0.04394,0.01886,0,2.25,15,2014-2025,11.17,county,29.64,331,4283,55.94,0.9787,521.5
13005,1.02,0.106,0.09035,0.05171,0.007158,0,2,39.5,2014-2025,11.17,county,18.9,211,6119,21.28,0.9476,517
13007,3.902,0.01496,0.007853,0,0,0,2,7.75,2014-2025,10.75,county,35.16,378,1190,20.04,0.8786,146.2
13009,0.7589,0.0684,0.02588,0,0,0,3,16.75,2014-2025,11.17,county,19.61,219,21850,6.946,0.8454,127.5
13011,0.824,0.1427,0.02654,0,0,0,3.5,33,2014-2025,11.17,county,19.97,223,11560,9.618,0.9023,128.5
13013,0.2568,0.06005,0.003375,0,0,0,2,14.5,2014-2025,11.17,county,10.21,114,61060,1.992,0.7232,101.8
13015,0.7245,0.06761,0.002042,0,0,0,2.75,17.5,2014-2025,11.17,county,22.3,249,38430,5.809,0.7439,91.5
13017,0.3685,0.1648,0.0855,0,0,0,2,63,2015-2025,10.58,county,10.3,109,14640,5.659,0.9206,186.8
13019,0.7137,0.2571,0.1021,0.014,0,0,3.75,77.25,2014-2025,11.17,county,10.3,115,8532,16.46,0.9626,211.2
13021,0.3708,0.1254,0.04465,0,0,0,3.5,35.25,2014-2025,11.17,county,12.9,144,81730,5.416,0.7686,133.8
13023,0.3887,0.1686,0.01796,0,0,0,4.75,45.25,2014-2025,11.17,county,6.269,70,5492,5.297,0.9341,130.5
13025,1.098,0.1418,0.01786,0.001673,0,0,2.25,31.25,2014-2025,11.08,county,16.6,184,8007,12.12,0.923,225.2
13027,0.5093,0.223,0.05798,0,0,0,4,56.75,2014-2025,11.17,county,10.3,115,7555,8.966,0.963,163
13029,0.5539,0.2191,0.05137,0.004085,0,0,2.5,41,2014-2025,11.17,county,11.64,130,26790,8.518,0.9011,232.8
13031,0.6869,0.1524,0.07251,0.02018,0,0,3,40.25,2014-2025,11.17,county,18.99,212,39330,12.51,0.9192,258
13033,0.4345,0.1017,0.07467,0.03372,0.005013,0,2.75,25,2014-2025,11.17,county,12.54,140,16400,8.33,0.9301,456.2
13035,0.5447,0.06883,0.01879,0,0,0,2,12.75,2014-2025,11.17,county,9.761,109,14790,4.149,0.8183,118.8
13037,2.035,0.1081,0.08784,0,0,0,2.25,26.25,2014-2025,11.17,county,25.25,282,1709,28.09,0.95,217.5
13039,0.968,0.1737,0.02254,0,0,0,2.75,38.5,2014-2025,11.17,county,22.3,249,24470,12.06,0.9139,148.5
13043,1.289,0.1314,0.0813,0.03232,0,0,2.5,36.75,2014-2025,11.17,county,22.3,249,4883,23.13,0.9675,258.5
13045,0.3374,0.07683,0.001352,0,0,0,3.25,21,2014-2025,11.17,county,11.01,123,70670,3.502,0.7039,84.75
13047,0.7828,0.02412,0.000375,0,0,0,2,5.75,2014-2025,11.17,county,19.25,215,34780,3.202,0.742,73.25
13049,1.513,0.1425,0.04091,0.001578,0,0,2.5,29,2014-2025,11.17,county,21.94,245,5213,17.5,0.9542,205.5
13051,0.615,0.319,0.1376,0.003506,0,0,7.5,86.25,2014-2025,11.17,county,16.39,183,143700,17.74,0.8924,207.5
13053,0.1629,0.03693,0,0,0,0,2.5,11,2014-2025,10.75,county,4.093,44,7621,1.058,0.7459,51.75
13055,1.331,0.0217,0.001199,0,0,0,3,13,2014-2025,11.17,county,27.31,305,12580,7.736,0.8011,93.5
13057,0.182,0.1038,0.01204,0,0,0,3.5,26.25,2014-2025,11.17,county,6.179,69,178400,2.536,0.6172,89.5
13059,0.4064,0.05596,0.001956,0,0,0,2.5,19.75,2014-2025,11.17,county,12.54,140,78630,3.416,0.7472,103.8
13061,3.935,0.0828,0.04035,0,0,0,3.5,16.5,2014-2025,11.17,county,26.6,297,1158,41.19,0.9644,151.8
13063,0.4926,0.07027,0.00116,0,0,0,2.5,14.5,2014-2025,11.17,county,17.73,198,140900,4.225,0.6595,86.5
13065,0.4532,0.2373,0.1117,0.005645,0,0,2.25,82.75,2014-2025,11.17,county,5.015,56,4096,9.92,0.9689,227.5
13067,0.1478,0.1409,0,0,0,0,3.75,31,2014-2025,11.17,county,5.731,64,322200,2.482,0.5387,80
13069,0.5476,0.2068,0.105,0.0718,0.04256,0,3,78,2014-2025,11.17,county,15.4,172,27860,19.53,0.9559,517.5
13071,0.5594,0.1193,0.02906,0.002639,0,0,3,32,2014-2025,11.17,county,14.96,167,26520,6.952,0.906,194
13073,0.4421,0.2371,0.2078,0.07672,0.003593,0,3,140,2014-2025,11.17,county,13.25,148,66980,17.82,0.947,424
13075,0.3138,0.2335,0.1085,0,0,0,3.5,79.75,2014-2025,11.17,county,5.91,66,9902,6.427,0.948,163
13077,0.6286,0.03591,0,0,0,0,2.25,11,2014-2025,11.17,county,20.42,228,62380,3.906,0.7212,78.25
13079,1.221,0.05087,0.01219,0,0,0,2.5,13.25,2014-2025,11.17,county,24.54,274,7075,7.956,0.8723,108
13081,0,0.1113,0.03341,0.007241,0.0008996,0,3,26.5,2015-2025,4.917,state,0,0,9518,0.04457,0,0
13083,1.606,0.02571,0.001575,0,0,0,3.25,11,2014-2025,11.17,county,26.33,294,7648,9.31,0.8461,87.5
13085,0.6941,0.1271,0.02331,0,0,0,3,28.25,2014-2025,11.17,county,18.81,210,18800,7.71,0.8757,136
13087,1.096,0.08255,0.05955,0.01272,0,0,2.25,18,2014-2025,11.17,county,24.99,279,15920,14.8,0.9198,296.8
13089,0.6401,0.1046,0.00747,0,0,0,4.5,24.75,2014-2025,11.17,county,20.69,231,284700,8.327,0.7052,104.8
13091,0.3913,0.1839,0.03331,0,0,0,2.25,49.75,2014-2025,11.17,county,7.343,82,7951,5.13,0.9286,138
13093,1.15,0.06293,0.0006389,0,0,0,2.25,11,2014-2025,11.17,county,26.78,299,6093,7.526,0.881,106.8
13095,0.05491,0.1433,0.0795,0,0,0,2.75,49.5,2014-2025,11.17,county,2.507,28,60660,1.245,0.6576,123.5
13097,0.2765,0.05953,0.004001,0,0,0,2.5,17,2014-2025,11.17,county,9.224,103,97950,2.478,0.6696,87.75
13099,0.2346,0.07885,0.0302,0,0,0,2.25,19,2014-2025,11.08,county,7.759,86,6214,2.198,0.8611,139.2
13101,0.716,0.1924,0.06776,0.01872,0,0,3.25,59,2014-2025,10.75,county,8.93,96,2019,13.08,0.9598,209
13103,0.9956,0.1728,0.09253,0.007362,0,0,2.5,65.25,2014-2025,11.17,county,21.85,244,27150,16.6,0.9341,211.8
13105,0.2359,0.1967,0.003774,0,0,0,3,35.75,2014-2025,11.17,county,5.463,61,14780,2.874,0.8813,86
13107,0.9578,0.1426,0.1,0.0339,0,0,3.25,86.5,2014-2025,11.17,county,20.42,228,12880,20.34,0.9421,400.8
13109,1.871,0.1066,0.06307,0.01959,0,0,2.25,34.25,2014-2025,11.17,county,28.93,323,4456,27.97,0.9622,330.5
13111,0.5959,0.03527,0.001676,0,0,0,3,10,2014-2025,10.17,county,12.59,128,22160,3.729,0.8064,80.75
13113,0.2758,0.03256,0,0,0,0,2.5,9.5,2014-2025,11.17,county,10.48,117,88730,1.871,0.6578,68
13115,0.6645,0.06181,0.007861,0,0,0,2.5,15,2014-2025,11.17,county,23.82,266,47500,5.576,0.6969,108.8
13117,0.09194,0.1228,0.003089,0,0,0,3.5,28.5,2014-2025,11.17,county,2.597,29,134600,1.339,0.6459,80
13119,0.3858,0.06669,0.002496,0,0,0,3,17.75,2014-2025,11.17,county,9.493,106,18700,3.421,0.8249,88
13121,0.3497,0.1031,0.005711,0,0,0,4.75,24.5,2014-2025,11.17,county,12.36,138,450900,5.505,0.5785,97.25
13123,3.371,0.09149,0.01107,0,0,0,3,21.5,2014-2025,11.17,county,64.48,720,17000,30.16,0.9061,163.8
13125,1.785,0.07621,0.05271,0.04237,0.002733,0,2.5,12.75,2014-2025,11.17,county,17.1,191,1689,28.43,0.974,444.5
13127,1.056,0.3033,0.08261,0,0,0,6.5,65.5,2014-2025,11.17,county,21.22,237,40390,22.72,0.9381,140.5
13129,0.7516,0.02378,0.007677,0,0,0,2.25,9,2014-2025,11.17,county,21.49,240,31720,4.067,0.7047,88.25
13131,0.989,0.08377,0.05229,0.02085,0,0,2,17.75,2014-2025,9.583,county,21.91,210,15450,12.65,0.9192,263
13133,1.206,0.04849,0.01355,0,0,0,2.5,13.5,2014-2025,11.17,county,27.22,304,12120,8.674,0.8485,123.5
13135,0.3252,0.06379,0.005417,0,0,0,3.25,18.5,2014-2025,11.17,county,11.46,128,318000,3.722,0.6066,94.5
13137,0.6625,0.1756,0.03177,0,0,0,3.75,37.25,2014-2025,11.17,county,15.04,168,34190,9.025,0.9021,165.8
13139,0.3953,0.1625,0.02727,0,0,0,5,38,2014-2025,11.17,county,11.19,125,97220,5.867,0.8119,127.8
13141,2.867,0.08452,0.02389,0.001848,0,0,3,18.25,2014-2025,11.17,county,46.75,522,4461,24.67,0.935,219.5
13143,0.9581,0.09822,0.009042,0,0,0,2.75,23,2014-2025,11.17,county,26.96,301,16400,8.654,0.8593,109.2
13145,1.506,0.03275,0.00253,0,0,0,2.5,13.5,2014-2025,11.17,county,28.93,323,12200,8.943,0.856,101.5
13147,0.2689,0.09197,0.002932,0,0,0,3,18.25,2014-2025,11.17,county,6.716,75,18630,2.739,0.8031,88
13149,1.102,0.05333,0.004464,0,0,0,2.5,10.75,2014-2025,11.08,county,24.27,269,5960,6.502,0.8761,110
13151,0.2798,0.06713,0.005076,0,0,0,2.75,15,2014-2025,11.17,county,9.851,110,137400,2.559,0.6571,121.8
13153,0.1095,0.06469,0,0,0,0,2.25,14,2014-2025,11.17,county,4.388,49,118000,1.226,0.5695,74
13155,1.698,0.1218,0.05674,0.003468,0,0,2.5,39.75,2014-2025,11.17,county,26.87,300,5703,19.87,0.9565,231.5
13157,0.2709,0.06139,0.003981,0,0,0,2,16.75,2014-2025,11.17,county,9.224,103,63030,2.18,0.7273,101
13159,0.8546,0.05533,0.02042,0,0,0,2.75,12.5,2014-2025,11.17,county,20.15,225,9408,6.717,0.8559,167
13161,1.159,0.1346,0.1014,0.06401,0.04194,0,2,76.25,2014-2025,11.17,county,22.93,256,8107,36.54,0.9705,521.5
13163,1.06,0.1172,0.0946,0.07907,0.009703,0,2.75,45.5,2014-2025,11.17,county,21.58,241,8747,27.65,0.9568,449
13165,0.3397,0.1162,0.03879,0.006593,0,0,3.25,33,2014-2025,11.17,county,8.328,93,4479,4.418,0.9234,230.8
13167,1.576,0.1481,0.05773,0.02608,0.004946,0,2.75,38.25,2014-2025,11.08,county,22.11,245,4550,27.39,0.9623,421.8
13169,1.49,0.07749,0.03188,0,0,0,2.75,19.5,2014-2025,11.17,county,29.37,328,11170,13.05,0.9148,134.2
13171,0.8499,0.05428,0.005376,0,0,0,2.25,11.5,2014-2025,11.17,county,19.43,217,12490,5.86,0.832,100.5
13173,0.3072,0.2304,0.1035,0.05801,0,0,3,86.75,2014-2025,11.17,county,5.731,64,5311,7.864,0.9576,211.5
13175,0.4499,0.1692,0.06325,0.02266,0,0,2.5,42,2014-2025,11.17,county,11.82,132,24430,7.399,0.9018,229.2
13177,0.4725,0.1668,0.02549,0,0,0,2.25,28.5,2014-2025,11.17,county,12.63,141,16590,5.265,0.8822,143.8
13179,0.6388,0.1488,0.03982,0.003076,0,0,2.5,40.75,2014-2025,11.17,county,15.58,174,32090,8.421,0.8687,229
13181,1.752,0.1083,0.07686,0.03023,0,0,2.75,34.5,2014-2025,11.17,county,29.01,324,4071,28.32,0.9552,256.5
13183,1.718,0.117,0.06063,0.01839,0.002283,0,2.5,37.25,2014-2025,11.17,county,25.97,290,5547,24.78,0.9431,397
13185,0.5476,0.3517,0.1732,0.04874,0.002161,0,7.5,126.2,2014-2025,11.17,county,13.79,154,70770,20.66,0.9627,382
13187,1.369,0.132,0.02766,0,0,0,3,31.5,2014-2025,11.17,county,29.19,326,19260,15.48,0.9121,152.2
13189,0.8107,0.142,0.1107,0.04832,0.008639,0,2.5,96,2014-2025,11.17,county,17.82,199,10980,20.48,0.9569,424
13191,1.607,0.1434,0.07058,0,0,0,2.75,39,2014-2025,11.17,county,26.15,292,7007,21.99,0.9474,158.8
13193,1.983,0.08831,0.002307,0,0,0,2.5,17.75,2014-2025,11.17,county,39.58,442,5404,14.3,0.8903,109.5
13195,0.4044,0.05757,0.0009439,0,0,0,2.5,16.25,2014-2025,11.17,county,11.28,126,20880,3.167,0.7882,96.5
13197,1.272,0.05871,0.004898,0,0,0,2.5,9.25,2014-2025,11.17,county,23.73,265,3995,7.229,0.8642,85.75
13199,2,0.04397,0.001894,0,0,0,2.5,12.25,2014-2025,11.17,county,42.27,472,9739,11.85,0.8805,100.8
13201,0.5956,0.05614,0.05473,0,0,0,2,8.5,2014-2025,11.17,county,6.179,69,3209,6.303,0.9379,148.2
13205,0.8973,0.05613,0.01651,0.0006611,0,0,2.75,11.5,2014-2025,11.17,county,25.52,285,12080,7.042,0.8175,218.8
13207,0.8314,0.04842,0.005432,0,0,0,2.75,12.25,2014-2025,11.17,county,20.87,233,18900,5.528,0.8247,107.2
13209,0.9287,0.1546,0.1007,0.02361,0,0,2.75,103.2,2014-2025,11.17,county,13.34,149,4636,18.29,0.942,281
13211,0.8656,0.03172,0.006269,0,0,0,2.25,7.25,2014-2025,11.17,county,20.6,230,16570,5,0.7945,104.2
13213,0.8161,0.02627,0,0,0,0,2.25,10.5,2014-2025,11.17,county,21.04,235,21080,4.767,0.726,70.75
13215,0.5075,0.0172,0,0,0,0,2,9.5,2014-2025,11.17,county,16.75,187,88800,3.073,0.625,71
13217,0.2601,0.0531,0.003903,0,0,0,2.75,16.25,2014-2025,11.17,county,8.418,94,49300,2.272,0.7161,98.25
13219,0.386,0.01824,0.0008512,0,0,0,2.25,8.5,2014-2025,11.17,county,11.01,123,36800,2.011,0.7637,81.25
13221,1.048,0.05324,0.009524,0,0,0,2.5,12,2014-2025,11.17,county,22.39,250,8000,7.19,0.8523,121
13223,0.2029,0.131,0.01359,0,0,0,2.5,26.5,2014-2025,11.17,county,6.269,70,111800,2.317,0.7187,95.25
13225,0.4941,0.05832,0.006993,0,0,0,2.25,10.75,2014-2025,11.17,county,12.63,141,18690,3.439,0.7902,104.5
13227,1.615,0.1029,0.01088,0,0,0,3.25,25,2014-2025,11.17,county,36.45,407,17030,15.48,0.8913,127.5
13229,1.146,0.1427,0.08606,0.03906,0.004053,0,2.5,52.25,2014-2025,11.17,county,20.51,229,10430,24.08,0.946,405.8
13231,1.156,0.0327,0.001487,0,0,0,2.5,9.5,2014-2025,11.17,county,21.76,243,10370,6.647,0.8521,85.5
13233,0.9953,0.08514,0.005022,0,0,0,2.75,21.25,2014-2025,11.17,county,25.16,281,19100,8.329,0.813,110
13235,0.8642,0.08475,0.002266,0,0,0,2,23.5,2014-2025,11.17,county,14.78,165,5122,7.541,0.9136,83.5
13237,1.691,0.07729,0.02341,0,0,0,2.25,16.5,2014-2025,11.17,county,30.63,342,10180,13.65,0.9074,126
13239,2.325,0.04766,0.008718,0,0,0,3,10,2014-2025,10.92,county,19.6,214,958,15.8,0.9321,165
13241,3.139,0.1444,0.03095,0,0,0,4,31.5,2014-2025,11.17,county,60,670,10120,37.96,0.931,170
13243,1.331,0.1203,0.07349,0.001661,0,0,3,63,2014-2025,11.17,county,20.33,227,2553,18.83,0.9483,196
13245,0.2448,0.3279,0.2685,0.1074,0.002843,0,5.5,181.2,2014-2025,11.17,county,8.06,90,117200,12.81,0.9283,376.8
13247,0.3759,0.0483,0.0006549,0,0,0,2.5,15.5,2014-2025,11.17,county,11.46,128,56750,2.694,0.7658,78.25
13249,1.349,0.04333,0.001823,0.001823,0,0,2.5,10.25,2014-2025,11.17,county,21.94,245,2185,8.494,0.917,212.2
13251,0.03677,0.1874,0.09816,0,0,0,2,58.75,2014-2025,9.5,county,2.421,23,9974,0.6928,0.8436,145.2
13253,0.3868,0.08226,0.07471,0.01704,0,0,2.5,14.75,2014-2025,11.17,county,7.97,89,5243,5.85,0.9281,206.5
13255,0.2405,0.08809,0.02346,0,0,0,2,17.25,2014-2025,11.17,county,7.791,87,32000,2.453,0.7765,163
13257,0.5875,0.112,0.006732,0,0,0,4.75,26.25,2014-2025,11.17,county,11.19,125,16530,6.313,0.8668,114.5
13259,1.688,0.08666,0.0004076,0,0,0,2.5,13.25,2014-2025,11.17,county,24.72,276,1952,11.07,0.9188,85.75
13261,0.9149,0.1054,0.006491,0,0,0,2.75,26,2014-2025,11.17,county,26.42,295,13980,9.392,0.8646,108
13263,2.321,0.02701,0.00132,0,0,0,2.75,9,2014-2025,11.17,county,41.91,468,2895,11.76,0.8889,112.8
13265,2.793,0.1041,0.05912,0.008472,0,0,3.5,28.25,2014-2025,11.08,county,21.47,238,900,33.47,0.9701,203.2
13267,1.73,0.1169,0.08398,0.02834,0.0009418,0,2.5,41.75,2014-2025,11.17,county,30.81,344,7806,29.65,0.9439,432.8
13269,1.407,0.03262,0.004596,0,0,0,2.25,9.75,2014-2025,11.17,county,26.87,300,4224,7.956,0.8661,104
13271,0.4044,0.2295,0.1086,0.03945,0,0,2.75,74.75,2014-2025,11.17,county,7.164,80,8161,10.06,0.9606,228
13273,1.478,0.1171,0.04586,0.0002665,0,0,2.75,29.25,2014-2025,11.17,county,24.09,269,3865,15.87,0.9379,179
13275,0.2633,0.1455,0.02769,0.001579,0,0,3.25,30.75,2014-2025,11.17,county,9.045,101,36400,3.565,0.8367,198.5
13277,1.124,0.1447,0.06142,0.02126,0.001549,0,3.25,41.25,2014-2025,11.17,county,24.45,273,24540,19.77,0.9509,356
13279,0.6272,0.1488,0.1191,0.0657,0,0,2.75,130,2014-2025,11.17,county,13.79,154,17510,13.79,0.9304,306.8
13281,0.819,0.006226,0,0,0,0,2.25,9,2017-2025,6.833,county,13.61,93,13060,4.169,0.765,36.25
13283,0.8931,0.1609,0.1336,0.02175,0,0,2.5,103.2,2014-2025,11,county,13.64,150,3505,19,0.9494,236.5
13285,0.3025,0.0384,0,0,0,0,2.5,10,2014-2025,11.17,county,9.224,103,31850,1.983,0.7309,66
13287,1.126,0.1773,0.014,0,0,0,2.75,41.75,2014-2025,11.17,county,24.45,273,4828,12.58,0.9355,119.5
13289,0.9351,0.04861,0.01721,0,0,0,2.5,12.75,2014-2025,11.17,county,16.3,182,3412,6.597,0.9171,129.5
13291,0.8215,0.03159,0,0,0,0,2.25,9.25,2019-2025,6.667,county,20.25,135,25710,5.131,0.7083,65
13293,0.4142,0.02369,0.0006017,0,0,0,2.25,9,2014-2025,11.17,county,12.9,144,20120,2.594,0.7308,106
13295,0.537,0.01944,0.003055,0,0,0,2,7.5,2014-2025,11.17,county,15.76,176,39350,2.612,0.6943,93.75
13297,0.3646,0.03441,0.003502,0,0,0,1.75,8.5,2014-2025,11.17,county,12.63,141,63040,2.158,0.7242,88.25
13299,0.7315,0.187,0.09322,0.03449,0.005924,0,3,60.25,2014-2025,11.17,county,15.49,173,21270,17.71,0.9495,428.2
13301,1.831,0.09682,0.0645,0.0329,0.0002531,0,2.25,22.25,2014-2025,11.17,county,28.3,316,2705,28.58,0.9633,436
13303,0.9515,0.1007,0.03658,0.01299,0.0003945,0,2.25,28.75,2014-2025,11.17,county,20.87,233,10970,11.66,0.9103,374.8
13305,1.034,0.1284,0.05748,0.02129,0.002615,0,2,36.75,2014-2025,11.17,county,21.22,237,16060,17.07,0.9368,382
13307,2.13,0.1612,0.002074,0,0,0,2.5,28.25,2014-2025,11,county,22.91,252,988,18.26,0.9483,85.75
13309,0.1915,0.1418,0.07969,0.02433,0,0,2.5,47,2014-2025,10.75,county,3.535,38,5211,3.401,0.9483,232
13311,1.154,0.1522,0.04623,0,0,0,3,34.75,2014-2025,11.17,county,23.82,266,19690,14.99,0.9057,169.2
13313,0.3044,0.01594,0,0,0,0,2.25,8,2014-2025,11.17,county,11.91,133,71130,1.818,0.5752,59
13315,1.619,0.08488,0.01893,0.001353,0,0,2.5,17.75,2014-2025,11.17,county,28.75,321,4661,13.52,0.9403,206
13317,0.7451,0.09355,0.03854,0.0112,0,0,2.75,21,2014-2025,11.17,county,15.85,177,7535,8.413,0.9129,232
13319,0.7803,0.06325,0.006815,0,0,0,2.25,10.75,2014-2025,11.17,county,10.66,119,4059,5.636,0.8975,107.5
13321,0.9181,0.01868,0.008773,0.0003216,0,0,1.75,7.5,2014-2025,11.17,county,24.99,279,8795,5.196,0.7446,208.2
15001,1.243,0.04438,0.004914,0.001897,0,0,2.5,12,2021-2025,4.583,county,44.95,206,87750,7.517,0.835,221.5
15003,0.4207,0.01377,0.003574,0,0,0,2.5,9.5,2017-2025,8.917,county,17.16,153,333700,3.612,0.4483,75.5
15005,0,0.03139,0.008884,0.002556,0.001065,0.0003492,2.5,10,2022-2024,2.5,state,0,0,37,0,0,0
15007,1.442,0.03196,0.0007288,0.0002822,0,0,2,11.25,2019-2025,6.417,county,33.82,217,34840,10.95,0.5037,294.8
15009,0.8792,0.07815,0.04315,0.01552,0.007782,0.002552,3,11,2020-2025,5.083,county,24.59,125,73550,14.02,0.923,1978
16001,0.1585,0,0,0,0,0,1.5,4.25,2015-2025,10,county,8.3,83,256500,1.116,0.2997,16.5
16003,3.007,0.02498,0.002676,0,0,0,2.5,8,2015-2025,9.333,county,24.75,231,2117,11.83,0.9467,89.25
16005,0.5881,0.00489,0,0,0,0,1.5,4.5,2015-2025,10,county,16,160,43880,2.022,0.6975,42
16007,1.296,0,0,0,0,0,2,12,2017-2025,8.417,county,16.28,137,5253,5.454,0.8876,21.25
16009,2.946,0.07849,0.01065,0,0,0,4.5,18,2015-2025,10.33,county,29.13,301,4666,25.88,0.9545,179.8
16011,0.8683,0.03307,0,0,0,0,2,8.25,2015-2025,10,county,22.4,224,19840,4.633,0.7549,70.5
16013,1.343,0.009626,0.002607,0,0,0,2.5,7.25,2015-2025,10,county,17.2,172,11960,6.071,0.8345,207.2
16015,7.475,0.02154,0.001542,0.0002164,0,0,3,11.5,2015-2025,9.917,county,38.82,385,3491,37.82,0.973,434.5
16017,1.97,0.05375,0.002977,0,0,0,4,17,2014-2025,11.17,county,36.54,408,27220,14.94,0.9229,165
16019,0.3401,0.01559,0,0,0,0,1.75,18.5,2017-2025,8.417,county,7.96,67,79450,1.932,0.7477,65.25
16021,1.604,0.05183,0.003086,0,0,0,3.75,20,2017-2025,8.667,county,19.62,170,4710,12.26,0.9404,104.8
16023,1.686,0,0,0,0,0,3,13.5,2017-2025,8.417,county,14.97,126,1024,9.214,0.9336,23.5
16025,2.31,0.005539,0,0,0,0,2.75,4.25,2016-2025,5,county,10.2,51,469,8.823,0.9053,27.5
16027,0.304,0,0,0,0,0,1.75,4.25,2015-2025,10,county,12,120,112900,1.428,0.5172,21.5
16029,1.295,0.004685,0.004685,0,0,0,2,5.5,2017-2025,8.333,county,23.4,195,3639,4.794,0.8541,83.25
16031,0.3082,0,0,0,0,0,2,6,2015-2025,9.333,county,6,56,14730,1.204,0.7511,9.25
16033,1.907,0.02584,0,0,0,0,2.25,6.25,2017-2025,8.417,county,15.56,131,685,7.104,0.8734,70.75
16035,3.58,0.06818,0.01914,0.001429,0,0,5,17,2015-2025,10.42,county,43.68,455,3978,32.01,0.963,230.8
16037,0.4535,0.02957,0.005636,0.00009114,0,0,2.25,9.25,2017-2020,1.583,state,3.789,6,2468,1.806,0.9447,21.5
16039,1.02,0.01152,0,0,0,0,2,4.75,2015-2025,9.917,county,21.28,211,13400,3.702,0.788,68.5
16041,0.5116,0,0,0,0,0,2.25,4.75,2015-2025,9.583,county,12.52,120,11750,1.924,0.7736,21.25
16043,3.344,0.009253,0.0004771,0,0,0,2.25,5.5,2017-2025,8.417,county,52.87,445,4320,12.19,0.8511,103.2
16045,1.229,0.001287,0,0,0,0,1.5,3.75,2015-2025,9.75,county,12.62,123,8691,3.063,0.8454,29.25
16047,1.625,0.005382,0,0,0,0,2,5.25,2015-2025,10,county,22.8,228,7548,5.285,0.8867,65
16049,1.503,0.04191,0.005353,0,0,0,3.75,12,2014-2025,11.17,county,23.01,257,9920,9.538,0.9284,109.5
16051,1.424,0.002566,0,0,0,0,1.75,4.5,2017-2025,8.417,county,30.3,255,9623,5.61,0.7385,71.5
16053,1.008,0.007141,0.002523,0,0,0,2,5.75,2015-2025,9.917,county,24.2,240,11740,3.714,0.823,79
16055,0.267,0.1255,0.04473,0,0,0,3.75,31.75,2014-2025,11.17,county,8.06,90,103300,3.765,0.8188,145.8
16057,0.837,0.03275,0.008299,0.0002953,0,0,3.5,11.75,2015-2025,10.42,county,19.1,199,17870,6.382,0.8292,173
16059,3.459,0.02291,0,0,0,0,2.25,6.25,2015-2025,9.75,county,22.26,217,3727,10.71,0.907,51.25
16061,2.551,0.01423,0.004155,0,0,0,2.5,9.25,2014-2025,11.17,county,23.64,264,1808,12.76,0.926,135.5
16063,2.839,0.02061,0.000487,0,0,0,1.75,5.5,2015-2025,9.5,county,26,247,2360,9.031,0.9353,136.8
16065,1.602,0.007869,0,0,0,0,2,5.5,2017-2025,8.417,county,19.96,168,11980,5.66,0.8189,46
16067,0.1654,0,0,0,0,0,1.75,4.5,2015-2025,9.167,county,7.418,68,11700,0.7244,0.661,21.25
16069,0.6437,0.02724,0.01079,0,0,0,2.25,7.5,2015-2025,10.42,county,17.57,183,19940,4.079,0.7193,154
16071,1.047,0.006679,0,0,0,0,2.25,9.5,2017-2025,8.5,county,16.59,141,3921,4.77,0.8469,34.5
16073,0.9052,0.001145,0,0,0,0,2.75,7,2015-2025,10,county,18.8,188,5501,3.672,0.8491,36.25
16075,0.5146,0,0,0,0,0,1.75,3.75,2015-2025,9.667,county,12.52,121,11850,1.655,0.7407,24
16077,1.958,0.04419,0.009312,0,0,0,2.25,9,2015-2025,9.75,county,20,195,3842,10.6,0.9361,118
16079,1.716,0.1279,0.0285,0,0,0,3.5,26.75,2014-2025,11.17,county,23.91,267,8461,18.76,0.9458,158.5
16081,1.325,0.001175,0,0,0,0,2.25,5.25,2017-2025,8.333,county,25.8,215,4317,4.96,0.7879,43.5
16083,0.4624,0,0,0,0,0,1.75,5.5,2015-2025,10,county,14.6,146,46270,2.068,0.6142,23
16085,2.654,0.03489,0.01203,0.001352,0,0,3,11.25,2015-2025,10,county,32.3,323,5992,15.42,0.9378,178.8
16087,0.9281,0.003857,0,0,0,0,2,5.5,2015-2025,8.833,county,15.85,140,4143,2.954,0.8772,45.25
17001,0.5423,0.0958,0.004581,0,0,0,2,20.75,2014-2025,10.58,county,12.66,134,31760,4.378,0.8408,86
17003,0.7268,0.01986,0,0,0,0,2.75,11.25,2014-2025,10.33,county,7.645,79,2842,3.796,0.9218,54.25
17005,1.032,0.01448,0,0,0,0,2.25,6.25,2014-2025,10.58,county,20.31,215,6220,4.627,0.8059,71
17007,0.2448,0.0934,0.002575,0,0,0,3.75,23.5,2014-2025,10.58,county,6.803,72,20980,2.869,0.7515,92.5
17009,0.6655,0.01621,0.001727,0.001727,0.001727,0.001727,2.25,5.25,2014-2025,10.42,county,6.432,67,3007,3.837,0.8897,1064
17011,0.5905,0.08173,0.00384,0,0,0,3,19.25,2014-2025,11.17,county,15.49,173,18640,4.814,0.8375,139.5
17013,1.549,0.002856,0.001298,0.0007464,0.000357,0.0001947,2,6.25,2014-2025,10.67,county,13.31,142,1865,6.468,0.9004,2343
17015,0.6695,0.06916,0.003213,0,0,0,2.75,20.25,2014-2025,10.58,county,10.77,114,7336,4.938,0.879,123.5
17017,0.3348,0,0,0,0,0,2,4.5,2014-2025,10.58,county,4.535,48,6087,1.257,0.685,17.75
17019,0.2482,0.07649,0.01613,0,0,0,2.75,19.25,2014-2025,10.58,county,9.26,98,90040,2.819,0.643,118.5
17021,0.8047,0.0634,0.001796,0,0,0,2.25,11.25,2014-2025,10.58,county,15.31,162,13660,5.713,0.887,139.2
17023,0.8147,0.05447,0.005569,0,0,0,2,12.5,2014-2025,10.5,county,16.38,172,7829,5.044,0.8964,101.5
17025,0.3643,0.01896,0,0,0,0,1.5,7.5,2014-2025,10.5,county,6.857,72,9085,1.375,0.8006,56.25
17027,0.6515,0.02189,0,0,0,0,2.75,8.75,2014-2025,10.58,county,12.94,137,14490,3.836,0.7903,63.75
17029,0.4099,0.02486,0.001942,0,0,0,2,6.75,2014-2025,10.58,county,8.787,93,24460,2.156,0.7661,93.5
17031,0.04812,0.2444,0.02909,0,0,0,11.75,45,2014-2025,11.17,county,1.433,16,2162000,1.902,0.4701,123
17033,0.9116,0.02095,0.0003623,0,0,0,2,8.5,2014-2025,10.67,county,15.09,161,10220,4.578,0.8638,75.75
17035,0.8416,0.01058,0.002893,0,0,0,2.5,7.25,2014-2025,10.5,county,17.71,186,4929,3.428,0.8726,94
17037,0.09845,0.06419,0,0,0,0,5.5,18.25,2014-2025,11.17,county,3.851,43,79680,1.216,0.6081,74.5
17039,1.288,0.05137,0.008231,0,0,0,2.5,13.25,2014-2025,10.58,county,18.9,200,6665,9.182,0.9084,120.5
17041,1.178,0.05267,0.008299,0,0,0,2,7,2014-2025,10.58,county,12.85,136,8333,6.47,0.9005,102.5
17043,0.1026,0.1331,0.007946,0,0,0,7,29.75,2014-2025,10.58,county,3.024,32,348900,2.293,0.521,99.25
17045,0.8003,0.13,0.03266,0,0,0,2,28.5,2014-2025,10.58,county,12.66,134,8690,7.832,0.939,119.5
17047,0.4625,0.01278,0,0,0,0,1.75,4.75,2014-2025,10.58,county,7.276,77,4061,1.725,0.7541,31.75
17049,0.4971,0.001141,0,0,0,0,2,5.25,2014-2025,10.58,county,11.43,121,14830,1.879,0.6855,29.5
17051,1.519,0.007333,0,0,0,0,2.5,7.25,2014-2025,10.58,county,27.59,292,7678,6.646,0.8556,44
17053,0.6365,0.01735,0,0,0,0,2,6,2014-2025,11,county,11.82,130,5689,3.111,0.7545,69.25
17055,0.9878,0.02114,0.001782,0,0,0,2,8.5,2014-2025,11,county,19.91,219,19260,4.99,0.8196,140.5
17057,0.5803,0.02728,0,0,0,0,2.25,9.75,2014-2025,10.58,county,13.7,145,13960,3.155,0.8146,71.75
17059,1.89,0.04773,0.01144,0,0,0,1.75,9,2014-2025,10.92,county,16.49,180,2453,9.948,0.9063,165.8
17061,0.6122,0.007421,0,0,0,0,2.25,5.75,2014-2025,10.58,county,7.087,75,5200,2.42,0.8116,38.75
17063,0.1605,0.1595,0.01478,0,0,0,4.5,28,2014-2025,10.58,county,5.102,54,43430,2.276,0.7363,105.8
17065,0.4559,0.04486,0.003829,0,0,0,2,8.25,2014-2025,10.42,county,11.23,117,4619,2.278,0.8236,141.5
17067,0.6177,0.05518,0.02464,0,0,0,2.75,10,2014-2025,10.58,county,10.2,108,9010,4.807,0.886,100
17069,1.132,0.04643,0.006334,0,0,0,2.75,10.25,2017-2025,8.833,county,17.21,152,1910,6.867,0.8872,144.8
17071,2.332,0.02617,0.0004793,0,0,0,2.5,10,2014-2025,10.58,county,15.4,163,3381,11.49,0.9262,89
17073,0.3696,0.07535,0.004464,0,0,0,2.5,19.25,2014-2025,11.17,county,12.63,141,40980,2.935,0.8253,119.5
17075,0.6226,0.007416,0,0,0,0,2,8.25,2014-2025,11.08,county,13.53,150,11220,3.15,0.7306,53.25
17077,0.6156,0.02337,0.004037,0,0,0,2.5,9,2014-2025,10.58,county,14.65,155,26620,3.289,0.7371,115.5
17079,1.006,0.01068,0.001223,0,0,0,1.75,5.75,2014-2025,10.58,county,13.89,147,4528,3.712,0.8869,82.25
17081,1.008,0.009286,0.0005168,0,0,0,2.5,8.5,2014-2025,10.58,county,24.57,260,22670,4.999,0.7768,76
17083,0.7846,0.0137,0.002211,0,0,0,2,4.75,2014-2025,10.58,county,13.61,144,7735,3.015,0.7431,120.5
17085,0.5871,0.06113,0,0,0,0,2.5,15,2014-2025,10.58,county,10.87,115,10070,4.181,0.8485,71
17087,0.6557,0.033,0.001472,0,0,0,2.25,15.25,2014-2025,11,county,12.55,138,6500,4.054,0.846,147
17089,0.1501,0.08413,0,0,0,0,6.5,22.5,2014-2025,10.58,county,4.724,50,182300,2.181,0.6387,67
17091,0.175,0.1611,0.02741,0,0,0,4.75,34.5,2014-2025,11.17,county,5.373,60,85550,2.84,0.7722,142.5
17093,0.1037,0.04123,0,0,0,0,2.25,13.75,2014-2025,11.17,county,4.209,47,92750,0.8756,0.5433,64.5
17095,0.8695,0.05314,0,0,0,0,2.75,11.25,2014-2025,10.58,county,22.77,241,26000,5.522,0.771,64.25
17097,0.04398,0.08284,0,0,0,0,7.25,22.25,2014-2025,10.58,county,1.89,20,581000,0.9812,0.4621,50.5
17099,0.3625,0.1242,0.02021,0,0,0,3.25,28,2014-2025,11.17,county,11.55,129,63020,4.523,0.7824,125.5
17101,0.8552,0.01036,0,0,0,0,2.75,11.25,2014-2025,10.58,county,13.04,138,7796,4.697,0.877,54.5
17103,0.476,0.1381,0.003001,0,0,0,2.75,29.5,2014-2025,10.58,county,10.2,108,25660,4.815,0.8636,102
17105,0.4196,0.05292,0.01119,0,0,0,2,14.25,2014-2025,11.17,county,11.46,128,25190,3.007,0.795,104.5
17107,0.8563,0.05616,0.0034,0,0,0,2.5,16.5,2014-2025,10.58,county,18.33,194,11100,6.377,0.8297,104.8
17109,0.2731,0.07916,0.0244,0,0,0,2.75,15.25,2014-2025,10.58,county,6.803,72,12740,2.371,0.8826,106.5
17111,0.2593,0.1076,0,0,0,0,6,24.75,2014-2025,10.58,county,7.748,82,120400,3.553,0.7214,72
17113,0.2668,0.06556,0.01173,0,0,0,2.75,13.75,2014-2025,10.58,county,10.2,108,81860,2.4,0.6285,135.8
17115,0.5147,0.06795,0.01888,0,0,0,2.75,15.25,2014-2025,10.58,county,15.59,165,45050,4.826,0.7947,118.2
17117,0.711,0.01399,0,0,0,0,2.5,9,2014-2025,10.58,county,15.4,163,17570,4.275,0.7398,63.5
17119,0.5132,0.05155,0.00102,0,0,0,3,12.5,2014-2025,10.67,county,16.5,176,108900,4.059,0.7115,98.25
17121,0.8589,0.03669,0,0,0,0,3,12,2014-2025,10.67,county,16.97,181,15240,5.255,0.8631,68
17123,0.9036,0.1231,0.00277,0,0,0,3.5,26.5,2014-2025,11.17,county,17.37,194,7906,8.553,0.884,128
17125,0.6321,0.00625,0,0,0,0,2.25,7,2014-2025,10.58,county,11.15,118,5788,2.907,0.7751,40
17127,0.1683,0,0,0,0,0,2.25,7.25,2014-2025,10.5,county,3.333,35,8175,0.6714,0.7825,24
17129,0.4948,0.003981,0,0,0,0,1.5,4.75,2014-2025,10.58,county,8.693,92,5085,1.754,0.7574,35
17131,1.461,0.03509,0.01361,0.01344,0.006518,0,2.5,9.5,2014-2025,11,county,24.64,271,8972,14.4,0.934,530.5
17133,0.592,0.08557,0.01834,0,0,0,3.5,23,2014-2025,10.58,county,12.66,134,15590,6.335,0.9017,98.75
17135,0.7742,0.01601,0,0,0,0,2,7.5,2014-2025,10.67,county,15.56,166,11260,3.607,0.7819,69.5
17137,0.6108,0.04603,0.01383,0,0,0,2,11.25,2014-2025,10.58,county,11.15,118,16520,4.646,0.8667,132
17139,0.3257,0.0254,0.002432,0,0,0,2.25,12.5,2014-2025,10.5,county,5.429,57,6492,2.067,0.8173,101.2
17141,0.2465,0.08369,0.01218,0,0,0,4.75,21.75,2014-2025,10.58,county,7.843,83,42030,2.811,0.7888,93.25
17143,0.2345,0.07007,0,0,0,0,3.5,17.5,2014-2025,10.58,county,9.827,104,137500,3.048,0.5648,56.75
17145,0.7017,0.037,0,0,0,0,3.25,18.75,2014-2025,10.58,county,13.13,139,11980,5.038,0.8525,71.25
17147,1.181,0.01757,0.003951,0,0,0,2.25,6,2014-2025,10.58,county,15.69,166,6783,5.495,0.8642,112.5
17149,0.9435,0.02658,0,0,0,0,2,6.25,2014-2025,10.58,county,11.81,125,6793,4.127,0.8581,70.75
17151,1.169,0.05049,0.005262,0,0,0,2.75,18,2017-2025,8.917,county,18.62,166,1842,7.644,0.893,165.2
17153,0.8483,0.005802,0,0,0,0,1.5,6.5,2014-2025,10.5,county,9.238,97,3212,3.004,0.8466,25.5
17155,1.827,0.04741,0.003991,0,0,0,2.75,17.75,2014-2025,10.58,county,24.47,259,2501,12.25,0.9363,87.25
17157,0.7955,0.01634,0.001143,0,0,0,2.75,9.25,2014-2025,10.58,county,15.87,168,14970,4.536,0.8038,75.25
17159,0.3742,0.004075,0,0,0,0,2.5,7.25,2014-2025,10.58,county,8.126,86,9109,1.885,0.7477,57.75
17161,0.5971,0.06889,0.01584,0,0,0,2.5,19,2014-2025,10.58,county,19.56,207,83680,5.386,0.8463,150.2
17163,0.4324,0.1192,0.009537,0,0,0,3.5,28.25,2014-2025,10.58,county,12.38,131,100700,5.43,0.7443,113.8
17165,0.6456,0.1028,0.01321,0,0,0,2,32.5,2014-2025,10.92,county,11.36,124,12970,5.989,0.8742,150.5
17167,0.1299,0.1663,0.06147,0.02443,0,0,3.5,36,2014-2025,10.58,county,5.102,54,138500,2.692,0.763,219
17169,0.5182,0.02388,0.01822,0,0,0,2,5,2014-2025,10.42,county,6.432,67,2847,1.825,0.782,83.75
17171,1.846,0.03887,0,0,0,0,2,11.25,2014-2025,10.5,county,12.76,134,2163,9.052,0.9425,61.75
17173,1.165,0.02513,0.007033,0,0,0,2.25,8,2014-2025,10.67,county,24.47,261,8762,5.669,0.8712,168.5
17175,1.603,0.1049,0.0007618,0,0,0,4,24.25,2014-2025,10.58,county,17.48,185,3173,14.12,0.937,84.5
17177,0.5223,0.05395,0,0,0,0,3.5,20,2014-2025,10.58,county,10.87,115,19340,4.427,0.8252,69.5
17179,0.2764,0.07701,0,0,0,0,3.25,19.75,2014-2025,10.58,county,11.53,122,80880,3.1,0.6203,60
17181,0.6676,0.02758,0,0,0,0,1.75,6.25,2014-2025,10.58,county,8.693,92,10280,2.818,0.8696,62
17183,0.4874,0.08853,0.03672,0,0,0,2,19.75,2014-2025,10.58,county,13.42,142,46370,4.914,0.8384,140.8
17185,0.07702,0,0,0,0,0,1.75,6.25,2014-2025,10.33,county,3.677,38,9760,0.3063,0.7086,16.25
17187,1.19,0.02185,0.001844,0,0,0,2.5,9.5,2014-2025,10.67,county,16.03,171,8244,6.22,0.8898,107.2
17189,1.027,0.06678,0.007665,0,0,0,2.75,10.75,2014-2025,10.58,county,19.94,211,7318,7.601,0.8693,95
17191,0.3665,0,0,0,0,0,1.5,4.5,2014-2025,9.667,county,8.172,79,10400,1.463,0.6938,15.25
17193,0.2645,0.01269,0.003492,0,0,0,2,8.75,2014-2025,10.83,county,7.662,83,8994,1.557,0.6826,124.5
17195,0.1877,0.1646,0.07609,0,0,0,5,50,2014-2025,10.67,county,6.562,70,44030,3.448,0.8069,125
17197,0.1297,0.2356,0.04757,0,0,0,9.25,47,2014-2025,10.58,county,3.213,34,299500,3.176,0.7103,132
17199,0.5171,0.05359,0.004729,0,0,0,2,10,2014-2025,10.92,county,12.55,137,35620,3.488,0.8026,137
17201,0.2222,0.1529,0.01838,0,0,0,7,30.75,2014-2025,10.58,county,5.764,61,120800,3.711,0.7514,116.8
17203,0.434,0.06549,0.005656,0,0,0,2.25,16,2014-2025,11.17,county,10.39,116,24080,3.44,0.7838,134.5
18001,0.6115,0.001684,0,0,0,0,2.25,5.5,2014-2025,11.17,county,11.19,125,12350,2.565,0.7092,43
18003,0.351,0.08119,0.01158,0,0,0,3.25,21.75,2014-2025,11.17,county,15.4,172,156700,4.015,0.6894,93
18005,0.8263,0.06471,0,0,0,0,2.75,16.25,2014-2025,10.25,county,19.22,197,32770,5.657,0.8468,78.5
18007,0.7917,0.05579,0,0,0,0,3.25,12.75,2015-2025,10.75,county,10.14,109,4132,4.842,0.9214,57.25
18009,0.6656,0.0294,0.0004273,0,0,0,3,11,2014-2025,11.17,county,9.94,111,7872,3.992,0.8364,76
18011,0.1225,0,0,0,0,0,2.5,6.5,2014-2025,11.17,county,3.493,39,40710,0.6376,0.6478,22.25
18013,3.077,0.05417,0.004877,0,0,0,3.25,16.5,2014-2025,11.17,county,47.82,534,7184,21.62,0.9224,149.5
18015,0.5063,0.01904,0.00372,0,0,0,3,11.25,2014-2025,11.17,county,14.06,157,9746,2.78,0.8611,81.5
18017,0.08746,0.009187,0,0,0,0,2.25,6.5,2014-2025,11.17,county,3.313,37,24300,0.477,0.5663,27
18019,0.5641,0.02356,0,0,0,0,2.25,9.75,2014-2025,11.17,county,15.76,176,57050,3.607,0.676,63.5
18021,0.8469,0.0783,0.01395,0,0,0,2.25,17.5,2014-2025,11.17,county,17.28,193,13160,6.742,0.8859,114
18023,0.3028,0.0192,0,0,0,0,2.5,9.25,2014-2025,11.17,county,9.403,105,19860,1.794,0.78,61.75
18025,1.872,0.06886,0.004153,0,0,0,3.5,13.5,2014-2025,11.17,county,28.3,316,4537,13.27,0.9299,90.25
18027,0.08873,0.002322,0,0,0,0,2.75,10.5,2014-2025,11,county,3.909,43,19860,0.4645,0.7204,26
18029,0.7105,0.01358,0,0,0,0,2.5,11.25,2014-2025,11.17,county,17.01,190,19920,3.572,0.797,47.25
18031,0.3115,0.01749,0,0,0,0,3.25,8.5,2014-2025,11.17,county,8.955,100,12880,1.697,0.8204,45.25
18033,0.2449,0.01721,0,0,0,0,3.25,11,2014-2025,11.17,county,8.597,96,30180,1.637,0.7246,35.5
18035,0.377,0.05056,0.00157,0.001208,0,0,3,13.5,2014-2025,11.17,county,15.49,173,81400,2.971,0.7013,169
18037,0,0.06251,0.005836,0.0001812,0.0001305,0.00005614,3,17.25,2019-2025,4.083,state,0,0,31720,0.0006582,0,0
18039,0.7876,0.09729,0,0,0,0,3.75,23.25,2014-2025,11.17,county,26.15,292,71750,7.667,0.7877,78.5
18041,0.6779,0.0196,0,0,0,0,1.75,7.5,2014-2025,11.17,county,12.72,142,9672,3.26,0.8199,54.25
18043,0.7884,0.0327,0,0,0,0,2.5,10.5,2014-2025,11.17,county,19.79,221,33250,4.948,0.7852,67.5
18045,1.002,0.01822,0.001978,0,0,0,2.5,10.5,2014-2025,11.17,county,15.76,176,6820,5.467,0.8593,86
18047,0.9279,0.005559,0.0006236,0,0,0,2.25,6.25,2014-2025,11.17,county,21.67,242,8976,3.884,0.8034,73.5
18049,0.5738,0.02578,0,0,0,0,2.5,11.25,2014-2025,11.17,county,10.84,121,9014,2.989,0.8673,58
18051,0.7324,0.02109,0,0,0,0,2.75,13.75,2014-2025,11.17,county,16.39,183,14940,4.205,0.8439,80.25
18053,0.3881,0.03361,0,0,0,0,3.5,11.25,2014-2025,11.17,county,13.43,150,47770,2.776,0.7308,55
18055,0.5326,0.03581,0.00179,0,0,0,2.5,11.75,2014-2025,11.17,county,14.51,162,18600,3.085,0.8493,93.5
18057,0.3051,0.01395,0,0,0,0,2.5,8.5,2014-2025,11.17,county,14.51,162,159200,2.037,0.5777,48.75
18059,0.1889,0.008796,0,0,0,0,2.5,7.25,2014-2025,11.17,county,6.716,75,40260,1.075,0.6495,25
18061,0.9069,0.01862,0.002014,0,0,0,2.25,9,2014-2025,11.17,county,20.6,230,14810,4.957,0.7633,90.75
18063,0.3063,0.02688,0.01302,0,0,0,2,10.5,2014-2025,11.17,county,11.73,131,75180,2.166,0.7102,114.5
18065,0.4162,0.009622,0,0,0,0,2.5,5.5,2014-2025,11.17,county,10.21,114,18810,2.038,0.7243,36.75
18067,0.6914,0.03863,0.003654,0,0,0,2.25,14.5,2014-2025,11.17,county,17.01,190,41370,4.667,0.8083,99.75
18069,0.388,0.003363,0,0,0,0,2,4,2014-2025,11.17,county,8.06,90,15160,1.502,0.7167,45
18071,0.5109,0.008396,0,0,0,0,2.25,11,2014-2025,11.17,county,10.75,120,23340,2.679,0.8184,45.25
18073,0.1358,0.009417,0,0,0,0,2.75,6,2015-2025,10.5,county,5.81,61,19210,0.7744,0.6517,49.25
18075,0.3489,0.03522,0,0,0,0,2.75,14.5,2014-2025,11.17,county,8.149,91,9495,2.132,0.7314,72.25
18077,1.081,0.05604,0.002436,0,0,0,3,15.75,2014-2025,11.17,county,23.82,266,15910,8.437,0.8386,86.75
18079,0.5692,0.04566,0,0,0,0,2.75,15,2014-2025,11.08,county,12.63,140,13390,3.881,0.8253,67.25
18081,0.3068,0.03143,0,0,0,0,2,10.25,2014-2025,11.17,county,10.57,118,60270,1.885,0.7189,64.75
18083,0.9095,0.0583,0.0003356,0,0,0,2.5,8.75,2014-2025,11.17,county,16.03,179,15840,5.966,0.9026,77
18085,0.7538,0.05146,0.002397,0,0,0,3,15.25,2014-2025,11.08,county,19.94,221,40400,6.444,0.7235,81.75
18087,0.8508,0.03945,0.004926,0,0,0,3,15.5,2015-2025,10.67,county,18.19,194,12800,5.217,0.8897,99.75
18089,0.3732,0.05897,0.002785,0,0,0,3.5,19.25,2015-2025,10.58,county,13.98,148,252600,4.304,0.6229,97.5
18091,0.782,0.07068,0.004141,0,0,0,3.5,20,2014-2025,11.17,county,28.21,315,58240,7.144,0.7725,94
18093,0.7777,0.03559,0,0,0,0,3.25,11.75,2014-2025,11.17,county,20.24,226,21230,5.167,0.7881,64.75
18095,0.4513,0.06349,0.00463,0,0,0,3,18.5,2014-2025,11.17,county,17.55,196,76320,3.827,0.7529,101.8
18097,0.1926,0.1672,0.02166,0,0,0,6.25,34,2014-2025,11.17,county,6.627,74,493300,3.881,0.6157,123.2
18099,0.5623,0.05509,0.009228,0.004143,0.002064,0.001032,2.5,12,2014-2025,11.17,county,13.43,150,20990,4.626,0.8086,1462
18101,0.373,0.02925,0,0,0,0,2.5,19.25,2014-2025,11.08,county,4.782,53,5044,2.033,0.9079,46.5
18103,0.1426,0.02253,0,0,0,0,2,11,2014-2025,11.17,county,5.821,65,21320,0.7801,0.79,28.75
18105,0.5405,0.1484,0.007651,0,0,0,3.5,28,2014-2025,11.17,county,13.97,156,75420,6.779,0.7856,109
18107,0.2599,0.03291,0.00344,0,0,0,2,7.75,2014-2025,11.08,county,8.211,91,22710,1.615,0.7552,96
18109,0.8216,0.05552,0.006121,0,0,0,2.75,15.25,2014-2025,11.17,county,20.78,232,31870,6.309,0.8119,133.8
18111,0.9204,0.02493,0,0,0,0,3,11.75,2015-2025,10.75,county,13.4,144,6445,5.302,0.8552,60.25
18113,0.2236,0.04153,0,0,0,0,4,12.5,2014-2025,11.17,county,7.433,83,24980,1.826,0.6972,55.5
18115,0.7486,0.009575,0,0,0,0,2,8.75,2020-2025,6,county,18.67,112,2860,3.026,0.856,43.25
18117,0.3209,0.0282,0,0,0,0,4.5,11.75,2014-2025,11.17,county,6.358,71,12170,2.144,0.8348,67
18119,1.374,0.08872,0.02217,0,0,0,3,21.5,2014-2025,11.17,county,24.99,279,13310,12.36,0.8965,149.2
18121,0.2834,0.04651,0.01778,0,0,0,3.25,8.75,2014-2025,11.08,county,8.391,93,7700,1.884,0.8801,97.25
18123,0.009566,0.06251,0.005836,0.0001812,0.0001305,0.00005614,3,17.25,2017-2025,4.583,state,0.4364,2,10470,0.08208,0.8655,10.5
18125,1.274,0.0342,0.001663,0,0,0,2.75,13.25,2014-2025,11.17,county,20.69,231,5031,7.405,0.9101,140.8
18127,0.9935,0.0351,0.002859,0,0,0,2.75,12.75,2015-2025,10.5,county,31.14,327,84000,6.938,0.763,115.5
18129,0.8358,0.03825,0.006561,0,0,0,2,12.5,2014-2025,11,county,17.82,196,11690,4.991,0.8473,144.8
18131,0.6376,0.03073,0.001089,0,0,0,2.75,11,2015-2025,10.42,county,12,125,6086,3.745,0.8451,99
18133,0.5569,0.09275,0.009843,0,0,0,3,22,2014-2025,11.17,county,15.49,173,17140,4.766,0.8379,140.5
18135,0.8698,0.01281,0,0,0,0,2.5,7,2014-2025,11.17,county,16.3,182,11480,4.425,0.7997,54.25
18137,0.486,0.0345,0,0,0,0,3,11.25,2014-2025,11.17,county,12.09,135,16110,3.06,0.8108,57.75
18139,0.8409,0.00865,0,0,0,0,3.25,10,2014-2025,11.17,county,12.45,139,7695,4.269,0.8849,45.5
18141,0.5928,0.1048,0.005515,0,0,0,4.5,24.5,2014-2025,11.17,county,21.85,244,107500,6.951,0.741,87
18143,0.3955,0.01486,0.0003728,0,0,0,2.5,10,2014-2025,11.08,county,9.023,100,12850,2.092,0.8166,78.75
18145,0.4261,0.01593,0,0,0,0,2.5,8.5,2014-2025,11.17,county,12.18,136,18910,2.361,0.7436,50
18147,0.6352,0.05215,0,0,0,0,2.25,12,2017-2025,8.667,county,12.69,110,9969,3.867,0.8119,75.5
18149,1.278,0.03288,0.009333,0,0,0,3,12.75,2015-2025,10.5,county,20.86,219,10010,7.541,0.8929,123.8
18151,0.8451,0.04387,0,0,0,0,3,20,2014-2025,11.08,county,15.25,169,17430,5.579,0.8903,51.5
18153,0.8485,0.0274,0,0,0,0,3,10.75,2014-2025,11.08,county,14.62,162,7823,4.905,0.9092,72.25
18155,0.7647,0.01347,0.001432,0,0,0,2,15.75,2014-2025,10.83,county,14.58,158,4722,4.121,0.8229,75.75
18157,0.4933,0.01599,0,0,0,0,2,8.5,2014-2025,11.17,county,15.4,172,73330,2.809,0.6655,48
18159,0.7196,0.02214,0,0,0,0,2.5,9,2014-2025,11.17,county,13.7,153,6604,3.634,0.8524,45.75
18161,1.055,0.03369,0,0,0,0,2.5,17.75,2014-2025,11.08,county,15.25,169,2912,6.069,0.8942,59.5
18163,0.3112,0.1589,0.01518,0.003272,0.003272,0,3.5,41.75,2017-2025,8.75,county,9.257,81,106000,5.024,0.7683,518.2
18165,1.299,0.0328,0.01122,0,0,0,1.75,7.5,2014-2025,11.17,county,15.13,169,6886,7.069,0.91,97
18167,0.7936,0.1375,0.04097,0,0,0,2.25,31.5,2014-2025,11.17,county,18.63,208,51610,9.216,0.8825,105.8
18169,0.4938,0.006399,0,0,0,0,2,6.25,2014-2025,11.17,county,10.84,121,12470,2.03,0.7695,33
18171,0.3816,0.01889,0,0,0,0,2.5,8,2014-2025,11.17,county,10.12,113,3591,1.756,0.8741,41
18173,0.6689,0.09745,0.01666,0.006076,0.005234,0.004398,3,21.75,2014-2025,11,county,14.18,156,24540,9.459,0.896,934.5
18175,0.6351,0.03844,0,0,0,0,3.75,15.25,2014-2025,11.17,county,11.01,123,12350,4.524,0.9071,69.5
18177,0.1874,0.005537,0,0,0,0,2.75,10,2014-2025,11.17,county,7.254,81,40310,1.108,0.6826,27.5
18179,0.1554,0.03079,0,0,0,0,4,13.75,2014-2025,11.17,county,5.731,64,17370,1.289,0.6562,59.5
18181,0.8197,0.01243,0,0,0,0,2,6,2015-2025,10.5,county,14.76,155,12760,3.259,0.8478,48.25
18183,0.284,0.1074,0.0009698,0,0,0,2.75,31.75,2014-2025,11.17,county,7.791,87,30560,2.297,0.8405,74
19001,0.324,0,0,0,0,0,1.25,4.25,2014-2025,10.75,county,6.14,66,3686,1.099,0.7447,28.5
19003,1.461,0.053,0.004211,0,0,0,2,8.25,2014-2025,10.67,county,23.62,252,1844,8.096,0.9079,192.8
19005,0.9529,0.004567,0,0,0,0,1.75,9,2014-2025,11.17,county,15.31,171,6750,3.871,0.813,52
19007,0.9564,0.02364,0.001525,0,0,0,2.5,7.75,2014-2025,11.17,county,19.07,213,6572,5.3,0.7735,95.25
19009,0.9306,0.006358,0.001231,0,0,0,1.75,5.25,2015-2025,10.33,county,13.55,140,2535,3.719,0.787,82.25
19011,0.4609,0.1419,0.1095,0.0452,0,0,1.75,83,2014-2025,11.17,county,11.37,127,13500,9.682,0.9176,307.2
19013,0.3251,0.001809,0,0,0,0,1.5,6.25,2014-2025,10.67,county,8.906,95,57530,1.543,0.6383,28
19015,0.5674,0.1364,0.04209,0.009229,0,0,1.75,32.5,2014-2025,11.17,county,14.15,158,10890,6.585,0.8989,226.5
19017,0.1216,0.02258,0,0,0,0,2,8,2015-2025,11,county,4.182,46,16030,0.8223,0.5223,44.25
19019,0.2766,0.01722,0.012,0,0,0,2,4.5,2014-2025,11.08,county,8.301,92,12250,1.767,0.6083,76.5
19021,0.2336,0.007947,0.001911,0,0,0,3,12.5,2014-2025,11,county,4.727,52,11610,1.586,0.7869,112.5
19023,0.814,0.006312,0,0,0,0,2,9.25,2014-2025,10.83,county,10.71,116,5839,4.189,0.7509,51.5
19025,1.424,0.007795,0.001005,0,0,0,2.5,11.25,2015-2025,10.42,county,12.96,135,4092,6.688,0.9335,84.25
19027,0.3956,0.002542,0,0,0,0,2,10.75,2014-2025,10.75,county,7.907,85,8696,1.741,0.8261,29.5
19029,0.2322,0.01455,0,0,0,0,2,9.5,2014-2025,11,county,7,77,10330,1.168,0.7227,53.5
19031,0.6768,0.09275,0.07228,0.03164,0,0,2.25,20,2014-2025,11.17,county,13.7,153,8986,9.783,0.9338,236.5
19033,0.4338,0.01438,0,0,0,0,1.75,6,2014-2025,11.17,county,8.507,95,29440,2.041,0.6961,53
19035,0.4542,0.001937,0,0,0,0,2.5,5.5,2014-2025,10.67,county,7.781,83,5968,1.907,0.7394,27.5
19037,0.3047,0.03761,0,0,0,0,2,10.5,2014-2025,10.83,county,7.015,76,6991,1.962,0.7496,66.25
19039,0.3135,0.02469,0,0,0,0,2.25,8.5,2014-2025,11.08,county,8.752,97,4290,1.894,0.6826,42.25
19041,0.07815,0.01643,0,0,0,0,1.75,5.5,2014-2025,11,county,3.273,36,13670,0.4343,0.5618,31
19043,0.4227,0.002969,0,0,0,0,2.25,7.25,2014-2025,11.17,county,10.48,117,10420,1.916,0.7302,28.75
19045,0.6672,0.1432,0.05874,0.009257,0,0,2,50,2014-2025,11.17,county,13.52,151,21500,10.26,0.9008,223
19047,0.3435,0.01951,0,0,0,0,2.5,12.25,2015-2025,10.42,county,6.624,69,9213,2.05,0.7939,50.5
19049,0.2709,0.05926,0.0157,0.003671,0,0,1.75,13.5,2014-2025,11.17,county,7.791,87,58450,2.049,0.7999,226.2
19051,0.3196,0.01262,0.002984,0,0,0,2.75,6.5,2014-2025,10.67,county,11.72,125,4718,1.738,0.688,76.5
19053,0.5671,0.01595,0,0,0,0,1.75,4.5,2014-2025,11.17,county,12.18,136,3356,2.176,0.7207,41.25
19055,0.847,0.00217,0,0,0,0,1.75,5.75,2014-2025,11.08,county,12.72,141,7068,3.125,0.82,41.5
19057,0.6178,0.01534,0,0,0,0,2.25,7.5,2014-2025,11.17,county,13.34,149,18210,3.447,0.6973,66.75
19059,0.7429,0,0,0,0,0,1.75,3.75,2014-2025,11.17,county,10.75,120,8279,2.261,0.763,31
19061,0.303,0.000889,0,0,0,0,1.5,5.75,2014-2025,11.17,county,8.776,98,46550,1.438,0.5852,25.25
19063,0.09658,0.01842,0,0,0,0,2.5,5.5,2014-2025,11.08,county,3.248,36,5934,0.4904,0.667,29.75
19065,0.8595,0.01531,0,0,0,0,2,6,2014-2025,11.17,county,15.13,169,8712,3.665,0.8301,40.5
19067,0.6661,0.01661,0,0,0,0,1.75,5.75,2014-2025,11.17,county,11.28,126,7886,3.182,0.729,66.75
19069,0.9446,0.01264,0.00386,0,0,0,2.25,9.25,2014-2025,11,county,17.64,194,4637,4.751,0.7475,78.5
19071,0.8916,0.01615,0.00007419,0,0,0,2.25,7.75,2014-2025,10.58,county,12.76,135,4285,3.983,0.876,74.5
19073,1.103,0.09973,0.005965,0.001417,0,0,2,23.75,2014-2025,11.17,county,12.63,141,3837,8.528,0.9246,269.2
19075,0.7311,0.04297,0.02289,0.002291,0,0,1.75,9.5,2014-2025,11.17,county,11.19,125,5507,5.109,0.8606,237.5
19077,0.4764,0.04753,0.01224,0.001534,0,0,2,14.5,2014-2025,11.17,county,7.522,84,5390,3.166,0.8791,214.8
19079,0.303,0.04399,0.004432,0.001156,0,0,2.25,9,2014-2025,11.17,county,7.701,86,9205,1.833,0.8241,192.2
19081,0.9124,0.01867,0.002646,0,0,0,1.75,8.5,2014-2025,11.17,county,12.54,140,5489,4.547,0.8489,85
19083,0.6872,0.052,0.01266,0,0,0,2,7,2014-2025,11.17,county,9.672,108,7029,3.861,0.8789,165.8
19085,0.6268,0.0439,0.00722,0,0,0,2.75,10.75,2014-2025,10.58,county,10.02,106,7620,3.873,0.8772,106.5
19087,0.6335,0.001933,0,0,0,0,2,6,2014-2025,11.17,county,14.69,164,11920,2.471,0.7858,42.5
19089,1.001,0.02281,0,0,0,0,2.25,8.5,2014-2025,11.08,county,13.26,147,4177,5.176,0.8909,46.75
19091,0.7878,0.003042,0,0,0,0,2,6.5,2015-2025,10.5,county,12,126,4213,3.137,0.8339,34.25
19093,0.7835,0.002086,0,0,0,0,2.25,7.5,2015-2025,10.42,county,11.04,115,3231,3.188,0.863,32.5
19095,1.743,0.03739,0.006972,0.0005386,0,0,2.25,5.75,2014-2025,11.17,county,26.96,301,6965,8.82,0.8549,190.8
19097,0.1813,0.06079,0.007327,0,0,0,2.75,17,2014-2025,10.08,county,4.562,46,10300,2.011,0.6832,148.2
19099,0.8761,0.09762,0.0757,0.03191,0,0,2.25,20.5,2014-2025,11.17,county,13.61,152,15570,13.15,0.9377,269.8
19101,1.021,0.005048,0.001772,0,0,0,2,4.75,2014-2025,11.17,county,14.78,165,6879,3.795,0.8429,94.75
19103,0.4489,0.07481,0.03609,0.001442,0,0,1.75,15,2014-2025,11.17,county,14.42,161,77770,4.358,0.8027,175
19105,0.5349,0.06255,0.04015,0.004842,0,0,1.75,12.25,2014-2025,11.17,county,9.224,103,8507,5.748,0.8773,215.5
19107,1.389,0.01189,0,0,0,0,2,7.75,2014-2025,11.17,county,19.88,222,4684,5.832,0.8611,68.25
19109,0.3114,0.01278,0.003101,0,0,0,2,6.5,2014-2025,11.17,county,8.239,92,7698,1.543,0.7518,119
19111,0.742,0.01775,0.0003118,0,0,0,2.25,7,2014-2025,11.17,county,14.78,165,15490,3.759,0.8004,75.5
19113,0.3364,0.2452,0.1971,0.1057,0.003594,0,2.25,173.5,2014-2025,11.17,county,10.3,115,118200,13.46,0.9412,355.5
19115,0.967,0.01838,0.005206,0.002969,0,0,2.25,6,2014-2025,11.17,county,17.55,196,4554,4.827,0.8339,193.2
19117,0.3208,0.008787,0,0,0,0,2.25,7.5,2014-2025,11.17,county,10.03,112,4225,1.76,0.6703,38.75
19119,0.4583,0.05039,0,0,0,0,1.75,11.25,2015-2025,10.25,county,5.951,61,5090,2.149,0.8779,48.25
19121,0.3501,0.008158,0.004666,0,0,0,2,6.25,2014-2025,10.92,county,9.985,109,9366,1.764,0.7675,110.5
19123,0.6586,0.01149,0,0,0,0,1.75,4.75,2014-2025,11.17,county,12.63,141,8873,2.323,0.7679,36.75
19125,0.3497,0.007245,0.001618,0,0,0,1.75,4.75,2015-2025,10.58,county,7.654,81,19880,1.369,0.7285,100.8
19127,0.8523,0.1507,0.1074,0.04641,0,0,2.25,75.75,2014-2025,11.17,county,15.76,176,15940,18.37,0.9517,320
19129,0.9168,0.01918,0.0004111,0,0,0,3,10.75,2014-2025,10.58,county,13.51,143,7270,4.835,0.8856,76.75
19131,0.4444,0.05095,0.001024,0,0,0,2.75,16.5,2014-2025,11.08,county,9.564,106,6347,3.112,0.8647,91.5
19133,0.3173,0.05606,0.02233,0.0009908,0.0009495,0,2.5,12.25,2015-2025,10.33,county,7.258,75,7388,2.354,0.9153,555.2
19135,1.466,0.08101,0.01145,0,0,0,2.5,17.75,2014-2025,10.92,county,32.15,351,4056,10.89,0.8372,125.2
19137,0.5256,0.02343,0,0,0,0,1.75,6,2015-2025,10.5,county,13.81,145,5724,2.359,0.7947,48.75
19139,0.09005,0.04639,0.01576,0,0,0,2.5,7.75,2014-2025,11.17,county,4.388,49,30350,1.007,0.5671,126.2
19141,0.51,0.009557,0.001008,0,0,0,2,5.75,2015-2025,10.58,county,9.26,98,5700,2.291,0.7802,72.75
19143,0.2041,0.04115,0,0,0,0,2,18.75,2014-2025,10.42,county,3.744,39,3588,1.249,0.921,57.75
19145,0.4624,0.02802,0.002624,0,0,0,2.25,16.5,2014-2025,10.58,county,9.165,97,9035,2.803,0.8507,97.25
19147,0.7154,0.00607,0,0,0,0,1.5,4.5,2014-2025,11,county,8.091,89,4166,1.97,0.7836,52.75
19149,0.3776,0.002744,0,0,0,0,2,5.25,2014-2025,10.58,county,10.49,111,10210,1.639,0.6642,37
19151,0.6468,0.002017,0,0,0,0,2,6.75,2015-2025,10.92,county,12.46,136,3159,2.668,0.8228,70.25
19153,0.2067,0.1329,0.05489,0,0,0,3,47.5,2014-2025,10.83,county,6.831,74,287100,3.164,0.7442,129.2
19155,0.5019,0.01672,0.001831,0,0,0,2,8,2014-2025,10.75,county,14.79,159,51130,2.7,0.7287,88.75
19157,0.9484,0.0962,0.08566,0.02239,0,0,2,22.25,2014-2025,11.17,county,13.7,153,7761,13.95,0.9529,265.8
19159,1.157,0.008077,0,0,0,0,2,9.75,2014-2025,11.08,county,22.38,248,2511,5.57,0.8331,56.5
19161,0.8589,0.0004442,0,0,0,0,2.5,10.75,2014-2025,10.58,county,9.921,105,4210,4.005,0.9261,27
19163,0.4775,0.1496,0.05211,0,0,0,2.5,35.25,2014-2025,11.17,county,14.06,157,71440,6.943,0.8655,154.8
19165,0.4755,0.02026,0.002029,0,0,0,2,8.75,2015-2025,10.42,county,13.06,136,7164,2.545,0.66,92.5
19167,0.2313,0.0157,0,0,0,0,2,9.75,2015-2025,10.58,county,7.654,81,16990,1.352,0.691,46.5
19169,0.2069,0.2234,0.0685,0.005843,0,0,2.25,46.5,2014-2025,11.17,county,5.552,62,63400,3.521,0.8922,225.8
19171,0.8051,0.09816,0.07351,0.0412,0,0,2,18.25,2014-2025,11.17,county,14.24,159,8169,12.66,0.9271,292.5
19173,0.7134,0.01456,0,0,0,0,2.5,9.25,2014-2025,10.83,county,13.29,144,2951,3.375,0.8357,49.25
19175,0.3601,0,0,0,0,0,1.5,6,2014-2025,11.17,county,8.239,92,6645,1.663,0.5808,21.5
19177,1.144,0.003961,0,0,0,0,2,6.5,2014-2025,11.08,county,18.68,207,3146,4.724,0.8697,67.5
19179,0.4122,0.007133,0,0,0,0,1.75,6,2014-2025,11.17,county,9.493,106,21960,1.914,0.6381,70.25
19181,0.3684,0.01762,0.004504,0,0,0,2.5,6.5,2014-2025,10.83,county,9.323,101,23810,2.048,0.7314,99.25
19183,0.9821,0.007238,0,0,0,0,2.5,8.75,2014-2025,11.17,county,18,201,9700,4.494,0.8456,46.25
19185,1.057,0.02494,0.005476,0,0,0,2,7,2014-2025,11.08,county,19.49,216,2947,5.114,0.8401,98.5
19187,0.4789,0.04637,0,0,0,0,2.5,15.75,2014-2025,11,county,9.636,106,20410,3.355,0.8618,72.75
19189,0.472,0.05032,0,0,0,0,3,10.75,2015-2025,10.83,county,9.231,100,7213,3.547,0.8392,73.5
19191,0.6366,0.02028,0.001694,0,0,0,2.25,15,2014-2025,11.08,county,10.65,118,9369,3.593,0.8294,97.75
19193,0.3841,0.01615,0,0,0,0,1.75,8.5,2014-2025,10.58,county,11.06,117,40300,2.203,0.6223,37
19195,1.112,0.03957,0.003003,0,0,0,2.75,11.5,2014-2025,11.17,county,18.09,202,3190,7.422,0.9058,122.2
19197,1.084,0.01184,0.0009319,0,0,0,2.5,9.75,2014-2025,11.08,county,11.91,132,5538,5.114,0.8914,77
20001,0.05719,0.05663,0,0,0,0,3.75,18,2014-2025,10.83,county,1.754,19,13020,0.6163,0.6115,47.75
20003,0.5281,0.03465,0,0,0,0,2.5,8,2015-2025,10.75,county,11.26,121,6426,2.555,0.8504,51.5
20005,0.5203,0.003762,0,0,0,0,1.75,7,2014-2025,10.83,county,12,130,8677,2.638,0.6942,51.5
20007,0.07689,0.009276,0,0,0,0,2.25,5.25,2017-2025,7.917,county,2.274,18,1771,0.4454,0.5773,28
20009,0.6945,0.08295,0.01309,0,0,0,3.25,19.25,2015-2025,10.42,county,13.15,137,14150,5.85,0.8764,131
20011,0.4379,0.01001,0,0,0,0,2.5,8.75,2014-2025,10.83,county,7.938,86,12150,2.433,0.7725,43.25
20013,0.7305,0.01244,0.0006471,0,0,0,2,9,2014-2025,10.83,county,10.71,116,5077,3.395,0.8643,88
20015,0.3263,0.009862,0,0,0,0,2.25,8.75,2014-2025,10.83,county,11.91,129,40150,2.146,0.5961,70.5
20017,2.635,0.006815,0,0,0,0,2,7,2014-2025,10.67,county,20.44,218,1065,10.97,0.9148,58.5
20019,0.3301,0,0,0,0,0,2,3,2019-2024,2.75,county,5.091,14,1323,0.8929,0.818,4.75
20021,0.8781,0.01076,0,0,0,0,1.75,5.5,2015-2025,10.5,county,12.67,133,7533,3.16,0.8257,48
20023,0.4297,0.01719,0,0,0,0,2.25,5.5,2015-2025,8.583,county,9.786,84,2177,4.63,0.3359,41.25
20025,0,0.04512,0.002973,0.00005836,0.000001401,0,2.25,12.5,2025-2025,0.25,state,0,0,807,0.1574,0,0
20027,1.286,0.01362,0,0,0,0,1.5,6.75,2014-2025,10.67,county,18.75,200,5867,4.443,0.838,62.75
20029,0.3629,0,0,0,0,0,2,6.75,2015-2025,9.417,county,5.628,53,3677,2.145,0.49,20.25
20031,0.2847,0,0,0,0,0,3.25,7,2014-2025,10.83,county,5.354,58,7173,1.48,0.682,12.75
20035,0.2385,0.006486,0,0,0,0,2,8,2014-2025,10.83,county,6,65,21130,1.383,0.627,34
20037,0.1428,0.0107,0,0,0,0,1.75,6.25,2014-2025,10.83,county,5.446,59,34110,0.9595,0.4692,39
20039,0.8009,0.04047,0.0114,0,0,0,2.5,6.75,2015-2025,9.167,county,8.073,74,2329,8.594,0.587,156.2
20041,0.6141,0.01234,0.003024,0,0,0,1.5,7,2014-2025,10.83,county,10.62,115,7903,2.652,0.7555,79
20043,0.6514,0.04618,0,0,0,0,2.25,9,2015-2025,10.75,county,10.88,117,3810,3.306,0.813,68.75
20045,0.3377,0.01453,0,0,0,0,2,8.5,2014-2025,10.83,county,11.45,124,68910,2.154,0.6064,52.25
20047,1.368,0.1057,0.03008,0,0,0,2.5,28.5,2015-2025,10.33,county,7.161,74,2025,11.91,0.9493,171.2
20049,1.211,0.00527,0.0007954,0,0,0,3,14.5,2014-2025,10.83,county,12.83,139,1533,6.872,0.8848,79.25
20051,0.6742,0.02664,0.00553,0,0,0,2.5,8.5,2015-2025,10.42,county,10.66,111,17870,3.757,0.8562,127.8
20053,0.06064,0.04512,0.002973,0.00005836,0.000001401,0,2.25,12.5,2015-2025,7.333,state,0.6818,5,2305,0.352,0.683,18.75
20055,0.09367,0.02329,0,0,0,0,2,9.25,2019-2025,6.083,county,4.767,29,33840,0.7324,0.4859,48.25
20057,0.5248,0.04512,0.002973,0.00005836,0.000001401,0,2.25,12.5,2025-2025,0.8333,state,8.4,7,20790,4.127,0.5404,18.5
20059,0.4335,0.04132,0,0,0,0,2.25,13.5,2015-2025,10.75,county,13.49,145,20700,2.527,0.7832,65
20061,0.4276,0.02227,0,0,0,0,2,8,2014-2025,10.83,county,6.923,75,13510,2.319,0.7617,65.25
20063,1.095,0.06459,0.00414,0,0,0,2.25,15.5,2015-2025,9.833,county,8.847,87,1234,7.092,0.929,114.2
20065,1.032,0.05304,0.0001945,0,0,0,2.25,15.5,2015-2025,9.417,county,7.646,72,1587,8.728,0.7053,73.75
20067,0,0.04512,0.002973,0.00005836,0.000001401,0,2.25,12.5,2022-2024,1.75,state,0,0,3640,0,0,0
20069,0.2784,0.005521,0,0,0,0,2.25,12.75,2019-2025,6,county,4.333,26,4121,1.743,0.7317,35.75
20071,1.719,0.02917,0.007962,0.00151,0,0,3,8.75,2018-2025,6.333,county,17.53,111,1338,11.39,0.8501,316.8
20073,1.422,0.02603,0,0,0,0,3,12.25,2014-2025,10.83,county,21.69,235,4461,8.914,0.8405,63.5
20075,0.5629,0.03357,0.02025,0.002265,0,0,2,8,2019-2025,6.083,county,8.712,53,2192,4.183,0.6117,170.8
20077,0.1093,0.01286,0,0,0,0,2,6,2017-2025,7.667,county,3.652,28,2876,0.6829,0.4573,34.75
20079,0.6753,0.04201,0,0,0,0,2.5,9.25,2014-2025,10.83,county,11.72,127,13250,4.562,0.7772,69
20081,0,0.04512,0.002973,0.00005836,0.000001401,0,2.25,12.5,2022-2025,2.167,state,0,0,1450,0.02117,0,0
20083,1.099,0.08058,0.03824,0,0,0,2.75,16,2015-2025,10.08,county,9.322,94,965,10.77,0.9174,150.8
20085,3.746,0.05207,0.0001846,0,0,0,3.25,12.5,2014-2025,10.83,county,37.57,407,6676,22.41,0.9349,110.8
20087,0.651,0.009871,0,0,0,0,2.75,8,2014-2025,10.83,county,14.22,154,10490,3.499,0.7893,51.75
20089,0.4334,0.05082,0,0,0,0,2.5,11.5,2020-2025,6,county,4,24,1642,3.212,0.6918,38.75
20091,0.2202,0.1318,0.01331,0,0,0,4.25,30,2014-2025,11.17,county,7.612,85,296700,3.325,0.6867,96.25
20093,0.7728,0.01356,0.001937,0,0,0,2.5,8.25,2019-2025,6.083,county,14.63,89,3185,6.416,0.5148,81
20095,0.2373,0.03379,0,0,0,0,2,11.75,2015-2025,10.5,county,5.143,54,4799,1.404,0.7986,42
20097,0.2812,0.04512,0.002973,0.00005836,0.000001401,0,2.25,12.5,2025-2025,0.75,state,8,6,1086,3.832,0.3316,15.25
20099,0.3928,0.003589,0,0,0,0,1.75,4.25,2014-2025,10.83,county,9.046,98,11650,1.663,0.6645,26
20101,0,0.04512,0.002973,0.00005836,0.000001401,0,2.25,12.5,2022-2024,1.75,state,0,0,745,0,0,0
20103,0.5068,0.007402,0,0,0,0,2,6.5,2014-2025,10.83,county,14.31,155,40820,2.468,0.6597,68
20105,0.7115,0.01155,0,0,0,0,2.25,10.75,2015-2025,9.25,county,6.054,56,1223,3.249,0.914,45
20107,0.7691,0.01972,0,0,0,0,2.25,7.5,2015-2025,10.75,county,12.56,135,7723,3.621,0.8622,70.5
20109,2.196,0.07496,0.006189,0.002446,0,0,1.75,9.25,2015-2025,10.42,county,16.32,170,2091,13.07,0.9301,283.5
20111,0.6742,0.003614,0,0,0,0,2,5.5,2014-2025,10.83,county,13.94,151,13220,2.798,0.7175,49.5
20113,0.07539,0.07868,0,0,0,0,2.5,6.75,2014-2025,10.83,county,3.231,35,22880,0.591,0.5767,70.5
20115,0.5544,0.01341,0,0,0,0,2.75,8,2015-2025,10.75,county,13.49,145,7056,2.758,0.8078,39.25
20117,0.8378,0.01122,0,0,0,0,2.25,8,2014-2025,10.83,county,7.754,84,4214,3.59,0.8489,49.75
20119,0,0.04512,0.002973,0.00005836,0.000001401,0,2.25,12.5,2025-2025,0.5,state,0,0,1602,0.2297,0,0
20121,0.4639,0.04469,0.003075,0,0,0,3,11.5,2015-2025,10.75,county,15.26,164,20610,3.26,0.7779,84.75
20123,0.101,0,0,0,0,0,2,4,2019-2025,6.5,county,3.538,23,5576,0.4281,0.5915,11
20125,0.2413,0,0,0,0,0,1.5,3.75,2014-2025,10.83,county,5.169,56,23500,0.952,0.5308,21.25
20127,1.796,0.01843,0,0,0,0,2,5.25,2014-2025,10.83,county,19.75,214,2288,6.647,0.8856,59.75
20129,1.013,0.002084,0,0,0,0,2,7.75,2017-2025,8,county,2.5,20,1066,3.347,0.9501,38.5
20131,0.1066,0.003082,0,0,0,0,2.25,5.5,2014-2025,10.83,county,3.231,35,7024,0.4953,0.6051,27.5
20133,0.09093,0,0,0,0,0,1.25,2.5,2014-2025,10.75,county,2.233,24,13980,0.3184,0.4738,21
20135,0.416,0.05003,0.03355,0.00536,0,0,3.25,15,2015-2025,9.25,county,4.865,45,1309,3.466,0.877,215.8
20137,0.2813,0.04335,0,0,0,0,2.75,11.5,2015-2025,8.667,county,6.577,57,4238,2.746,0.5061,38.25
20139,0.6184,0.005731,0,0,0,0,2.25,7,2014-2025,10.83,county,9.692,105,10780,2.951,0.7646,48.75
20141,0.3931,0,0,0,0,0,1.5,3.75,2016-2025,6.25,county,4,25,1752,1.872,0.5094,13
20143,1.232,0.004291,0,0,0,0,2.25,13,2014-2025,10.83,county,12.46,135,2374,6.356,0.8715,76.75
20145,0.5872,0.08344,0.02078,0,0,0,2.75,18.75,2015-2025,10.33,county,9.194,95,5884,5.213,0.8788,145.5
20147,1.847,0.02102,0.00148,0,0,0,1.75,9,2020-2025,6,county,20.17,121,3109,12.91,0.6016,150.5
20149,0.5451,0.002888,0,0,0,0,2,5.5,2014-2025,10.83,county,9.877,107,9791,2.06,0.7515,49.75
20151,0.06054,0,0,0,0,0,2,8,2015-2025,7.25,county,2.345,17,8329,0.3105,0.6421,11
20153,0.9417,0.00662,0,0,0,0,2.25,13.25,2015-2025,9.667,county,9.31,90,2008,7.056,0.588,60.5
20155,0.5072,0.04989,0,0,0,0,1.75,13.25,2014-2025,10.83,county,14.22,154,35750,3.334,0.7683,82
20157,0.5126,0,0,0,0,0,2,5.5,2020-2025,6,county,6.167,37,2731,2.71,0.5619,24.75
20159,2.159,0.01552,0.001065,0,0,0,1.5,4.5,2015-2025,10.75,county,20.74,223,3763,7.351,0.8763,87.5
20161,0.515,0.009751,0.001045,0.0009778,0,0,1.75,6.75,2014-2025,10.83,county,8.308,90,26760,2.489,0.7102,272
20163,0.8546,0.03291,0.005466,0.0009386,0,0,2.25,9.25,2015-2025,7.917,county,9.979,79,2677,6.579,0.662,321.8
20165,0.8551,0.08718,0.005872,0,0,0,2.5,14.75,2015-2025,10.25,county,10.15,104,1399,6.74,0.9069,129.8
20167,0.411,0.08531,0.006492,0,0,0,4,20.5,2015-2025,10.33,county,7.355,76,5948,3.208,0.9254,86.75
20169,0.6242,0.04062,0.001733,0,0,0,2,16.25,2014-2025,10.83,county,9.692,105,22360,4.377,0.8066,80
20171,0.4024,0.05445,0,0,0,0,3,8.5,2019-2025,6.083,county,6.904,42,3961,3.111,0.7049,55.5
20173,0.1673,0.03064,0,0,0,0,2.5,12.25,2014-2025,10.83,county,7.754,84,256000,2.101,0.3656,56.75
20175,0,0.04512,0.002973,0.00005836,0.000001401,0,2.25,12.5,2018-2025,4.75,state,0,0,8330,0.01197,0,0
20177,0.3554,0.04624,0,0,0,0,2.25,14.75,2014-2025,10.83,county,12.18,132,101300,2.844,0.6817,70.75
20179,1.036,0.07619,0.03284,0,0,0,2.75,13,2015-2025,10.42,county,10.66,111,1648,9.07,0.8248,157.5
20181,0.398,0.00111,0,0,0,0,2.25,7.75,2015-2025,10.42,county,10.85,113,5649,1.821,0.7617,47.75
20183,1.047,0.01869,0.004911,0,0,0,1.5,7.75,2020-2025,6,county,6,36,2010,6.882,0.5396,80.5
20185,1.694,0.07399,0.01634,0,0,0,2.25,14.75,2015-2025,10.42,county,15.17,158,1665,12.29,0.9373,134.5
20191,0.2978,0.01947,0,0,0,0,2,7.25,2014-2025,10.83,county,8.4,91,8977,1.594,0.7022,42
20193,0.272,0.09395,0.02225,0,0,0,2,11,2015-2025,10.42,county,7.968,83,7359,2.252,0.7772,131.2
20195,1.034,0.006607,0,0,0,0,1.25,6,2015-2025,9.167,county,5.345,49,1597,3.573,0.9298,54.75
20197,1.605,0.0296,0,0,0,0,2.25,9.25,2014-2025,10.83,county,19.02,206,2570,7.505,0.8582,74.75
20199,1.209,0.01745,0,0,0,0,2.5,12,2015-2025,10.33,county,16.35,169,1427,6.139,0.9091,66.5
20201,0.6927,0,0,0,0,0,2.25,7.75,2015-2025,9.833,county,7.627,75,2452,2.978,0.7923,22.75
20203,1.995,0.03207,0.004382,0.001188,0.0003686,0,2.25,6,2019-2025,6.083,county,17.75,108,2012,10.32,0.8774,366
20205,0.1621,0,0,0,0,0,2.5,6.5,2014-2025,10.83,county,6.923,75,7232,0.7475,0.7596,21.75
20207,0.9945,0.0203,0,0,0,0,3,5.25,2014-2025,10.83,county,13.94,151,1911,4.938,0.8072,53.5
20209,1.027,0.07059,0.001674,0,0,0,2.25,16.5,2014-2025,11.17,county,29.55,330,61280,7.516,0.7894,99.25
21001,0.1937,0.03729,0.01275,0,0,0,2,12.75,2014-2025,11.17,county,6.537,73,10660,1.441,0.823,149.8
21003,1.785,0.03293,0.006304,0,0,0,1.75,8.25,2014-2025,11.17,county,23.82,266,11950,8.116,0.8567,107
21005,0.8398,0.1106,0.01445,0,0,0,3.25,24.75,2014-2025,11.17,county,18.36,205,11520,7.84,0.8842,117
21007,0.9635,0.02452,0.002044,0.001428,0.0006812,0,2.5,8.25,2014-2025,11.17,county,13.97,156,4230,5.439,0.8246,366.8
21009,0.4123,0.08393,0.01013,0,0,0,3,22.25,2014-2025,11.17,county,11.19,125,24660,4.075,0.8696,127
21011,1.393,0.06116,0.01738,0,0,0,2.25,14,2014-2025,11.17,county,24.81,277,6489,10.11,0.8811,118.5
21013,1.244,0.0425,0,0,0,0,2,11.25,2014-2025,11.17,county,30.72,343,12250,7.016,0.7982,80
21015,0.3112,0.02896,0,0,0,0,2.25,11,2014-2025,11.17,county,12.09,135,74770,2.248,0.6215,57
21017,0.9952,0.06586,0.005376,0,0,0,2.75,16.5,2014-2025,11.17,county,20.96,234,8067,7.248,0.8422,128.5
21019,0.7024,0.1814,0.07919,0.01269,0,0,3.25,63.5,2014-2025,11.17,county,18.9,211,27790,13.92,0.8887,377.5
21021,0.3142,0.1088,0.001017,0,0,0,2.5,24,2014-2025,11.17,county,8.06,90,16810,2.545,0.8332,90.25
21023,2.042,0.04414,0.001314,0,0,0,2.5,10.25,2014-2025,11.08,county,32.3,358,3833,11.31,0.9211,109.2
21025,1.669,0.1129,0.02545,0.001342,0,0,4.25,26,2014-2025,11.17,county,34.75,388,7915,18.77,0.8934,260.2
21027,0.444,0.03767,0,0,0,0,2.5,17.25,2015-2025,8.917,county,11.1,99,13770,3.341,0.726,73.5
21029,0.5736,0.06216,0.005949,0,0,0,2,14.75,2014-2025,11.17,county,13.79,154,40370,4.321,0.748,122
21031,1.309,0.09221,0.01654,0,0,0,2,20,2016-2025,9.083,county,16.84,153,6824,10.54,0.8769,147.8
21033,0.8001,0.08038,0.02524,0,0,0,1.75,13,2014-2025,11.17,county,15.4,172,5933,6.301,0.8892,167.8
21035,0.9331,0.03879,0.007925,0,0,0,2.25,9.25,2017-2025,8.917,county,20.41,182,25550,5.125,0.9037,86.75
21037,0.7706,0.008897,0,0,0,0,2,10.25,2014-2025,11.17,county,17.1,191,38980,4.16,0.7278,58.75
21039,1.966,0.03585,0,0,0,0,2.25,8,2015-2025,9.25,county,22.27,206,2244,10.47,0.9383,69.25
21041,0.6693,0.02858,0,0,0,0,2.5,11,2014-2025,11.17,county,13.34,149,6325,3.677,0.8097,60
21043,1.066,0.1746,0.09278,0.02588,0.0006613,0,3.75,68.25,2014-2025,11.17,county,25.25,282,12840,22.79,0.9268,480
21045,0.6192,0.05128,0.006447,0,0,0,1.75,10.75,2014-2025,11.17,county,14.15,158,8794,3.575,0.8662,116.5
21047,0.4789,0.09813,0.02188,0,0,0,2.25,23.75,2014-2025,11,county,11.82,130,36370,4.461,0.8623,140
21049,0.4326,0.06847,0.01356,0,0,0,2.75,15.75,2014-2025,11.17,county,11.37,127,18710,3.765,0.7474,114.2
21051,0.8136,0.1014,0.02033,0.006856,0,0,2.75,24.5,2014-2025,11.17,county,19.16,214,11740,8.931,0.8513,220
21053,1.662,0.09627,0.004148,0,0,0,2.5,22.25,2014-2025,8.583,county,25.28,217,6743,12.33,0.9332,122.5
21055,0.9584,0.02445,0,0,0,0,2.25,6.75,2014-2025,11.17,county,16.3,182,4136,4.476,0.8189,72.75
21057,1.547,0.006949,0,0,0,0,2.25,4,2014-2025,11.17,county,17.64,197,3483,5.896,0.8041,52
21059,0.3556,0.04427,0.001004,0,0,0,1.75,15,2015-2025,10.42,county,12.1,126,52700,2.387,0.7231,79.75
21061,1.603,0.09912,0.02879,0,0,0,1.75,22.25,2015-2025,9.75,county,16.92,165,6505,13.83,0.9305,148.2
21063,0.8883,0.1371,0.1075,0.07201,0.003217,0,3.25,115.5,2015-2025,9.167,county,19.2,176,4390,21.64,0.96,474.5
21065,0.9459,0.1395,0.02347,0.001206,0,0,3.25,35.25,2014-2025,11.17,county,15.49,173,7224,10.73,0.896,216.2
21067,0.3028,0.2321,0.04785,0,0,0,4,48.75,2014-2025,11.17,county,7.791,87,170700,5.595,0.8168,132.2
21069,1.012,0.08593,0.002067,0,0,0,2.75,16.75,2014-2025,11,county,17.36,191,7871,7.892,0.8359,102.2
21071,1.257,0.1147,0.01119,0.0003089,0,0,3.5,24.75,2014-2025,11.17,county,37.34,417,20060,13.39,0.8352,194.8
21073,0.3495,0.06219,0.01759,0,0,0,2,18.5,2014-2025,11.17,county,11.55,129,25840,3.116,0.7704,125.5
21075,0.7437,0.06566,0.01131,0,0,0,2.5,10.5,2015-2025,8.75,county,10.4,91,4089,5.149,0.93,115.8
21077,1.245,0.02641,0.003292,0.000449,0,0,2,7.75,2014-2025,11.08,county,23.37,259,4358,5.742,0.8456,188.5
21079,0.5141,0.05487,0.0005019,0,0,0,2,19,2014-2025,11.17,county,9.851,110,8676,3.522,0.8433,90.25
21081,0.9929,0.01259,0,0,0,0,2.5,10.5,2014-2025,11.17,county,18.63,208,10260,4.883,0.8479,49.75
21083,0.9259,0.02955,0.0004287,0,0,0,2,9.75,2016-2025,9.083,county,16.95,154,19690,4.528,0.8432,75
21085,0.8889,0.1084,0.02764,0,0,0,2.25,35,2014-2025,11.17,county,18.36,205,14260,8.557,0.8854,165
21087,0.1452,0.09724,0.02202,0,0,0,3.25,20.5,2014-2025,10.58,county,4.913,52,6326,1.359,0.8948,122
21089,0.9462,0.07827,0.03482,0.006122,0,0,3,20,2014-2025,11.17,county,23.64,264,18180,10.23,0.8286,332.5
21091,1.079,0.04005,0.002581,0,0,0,2.5,13.75,2015-2025,10.42,county,16.22,169,5170,6.966,0.867,97.25
21093,0.264,0.06222,0.01485,0,0,0,2,16.25,2014-2025,11.17,county,7.791,87,61030,2.205,0.725,98.75
21095,1.07,0.04387,0.004112,0,0,0,2.5,12.5,2014-2025,11.17,county,28.84,322,13700,7.156,0.8098,109.8
21097,0.6597,0.02182,0.0003958,0,0,0,2.5,12,2014-2025,11.17,county,15.85,177,9604,4.098,0.7915,87
21099,0.6192,0.09282,0.02356,0,0,0,2.5,22.25,2014-2025,11.17,county,12.81,143,10880,6.11,0.8955,149.5
21101,0.4877,0.07702,0.004536,0,0,0,2,20.25,2014-2025,11.17,county,12.27,137,21490,3.736,0.8266,100.8
21103,0.7697,0.02616,0.001044,0,0,0,2.25,9.5,2014-2025,11.17,county,17.01,190,7357,4.36,0.7638,77.5
21105,2.979,0.03376,0.005729,0,0,0,2.5,5.5,2014-2025,11,county,20.55,226,2285,13.72,0.9396,115.5
21107,0.6227,0.1472,0.04558,0,0,0,2.5,37,2014-2025,11.17,county,13.79,154,20240,7.743,0.9082,142.5
21109,1.215,0.1286,0.03693,0.007788,0,0,2.5,40.5,2015-2025,7.333,county,21.82,160,7104,15.16,0.9114,239.5
21111,0.1977,0.2406,0.03616,0,0,0,7,47.5,2014-2025,11.17,county,4.836,54,390000,4.63,0.6849,140.2
21113,0.3754,0.076,0.007157,0,0,0,2.25,19.25,2014-2025,11.17,county,10.75,120,28530,3.184,0.7872,120.8
21115,1.24,0.1142,0.02677,0.01361,0.0004559,0,3.5,28.75,2014-2025,11.17,county,33.31,372,12830,15.97,0.8898,476.5
21117,0.5274,0.02192,0,0,0,0,2,10.25,2014-2025,11.17,county,17.28,193,74550,3.207,0.6844,61
21119,2.458,0.1157,0.03838,0.003932,0,0,4,27.75,2014-2025,11.17,county,47.1,526,7061,31.3,0.9259,210.5
21121,0.5915,0.08246,0.004352,0,0,0,2.25,20.25,2014-2025,11.17,county,16.57,185,15270,4.918,0.825,120.8
21123,0.3918,0.1013,0.005299,0,0,0,2.25,24,2014-2025,11.08,county,10.2,113,7475,3.123,0.8483,116.5
21125,0.4314,0.09594,0.02018,0,0,0,2.75,23.25,2014-2025,11.17,county,12,134,35910,4.575,0.8355,170.2
21127,1.928,0.1537,0.0511,0.01678,0.001108,0,4.5,36.5,2014-2025,11.17,county,44.78,500,8553,33.22,0.9282,521.5
21129,1.929,0.08506,0.02045,0.002344,0,0,2.75,21.5,2014-2025,11.17,county,32.96,368,3961,18.52,0.9337,210.8
21131,3.465,0.1377,0.03624,0.0006931,0,0,3.75,38.25,2014-2025,11.17,county,55.7,622,5295,42.2,0.9345,209.8
21133,1.83,0.1306,0.03631,0,0,0,4.25,36.75,2014-2025,11.17,county,45.85,512,11070,22.48,0.8955,178.5
21135,1.98,0.1264,0.01111,0.001475,0,0,3.25,30,2014-2025,10.42,county,29.47,307,5886,17.77,0.9451,349.2
21137,0.6552,0.06216,0.02521,0,0,0,2.25,16.5,2014-2025,11.17,county,12.45,139,12840,5.065,0.8852,125.2
21139,0.9681,0.01553,0,0,0,0,2.25,7.75,2014-2025,10.92,county,15.39,168,5667,4.225,0.8456,46.5
21141,0.8716,0.1089,0.02654,0,0,0,2.25,28.5,2015-2025,9.25,county,16,148,14640,8.144,0.8717,126
21143,1.735,0.08267,0.00295,0,0,0,1.75,14.25,2014-2025,11.17,county,24.45,273,4392,11.08,0.8913,99.25
21145,0.4276,0.01383,0,0,0,0,1.5,7.25,2014-2025,10.5,county,14.86,156,36760,2.009,0.6956,60.25
21147,0.8844,0.1042,0.0154,0,0,0,3,24.5,2014-2025,11.17,county,16.75,187,10590,8.229,0.9113,146.2
21149,1.301,0.0433,0.006533,0.002635,0.0005839,0,1.75,9,2014-2025,11.17,county,16.39,183,4361,8.149,0.8736,357.5
21151,0.3313,0.05533,0.00575,0,0,0,2.75,17.25,2014-2025,11.17,county,10.57,118,48460,2.95,0.7066,125.2
21153,1.46,0.04662,0.0176,0.001536,0,0,3.25,15.5,2014-2025,11.17,county,23.82,266,6548,12.16,0.9092,195.2
21155,0.5034,0.07604,0.008,0,0,0,1.75,18.25,2014-2025,11.17,county,11.64,130,10960,3.355,0.8732,96.25
21157,1.068,0.02614,0.0009004,0,0,0,2.25,7.25,2017-2025,8.917,county,18.5,165,18540,5.162,0.8546,82.5
21159,2.92,0.1044,0.008505,0,0,0,3.25,24.5,2014-2025,11.17,county,40.75,455,6097,24.25,0.9373,167.5
21161,0.6059,0.05494,0.004872,0,0,0,2.75,14,2014-2025,11.17,county,12.63,141,9434,4.197,0.8177,166.5
21163,0.3534,0.09164,0.001752,0,0,0,2.75,22.5,2014-2025,11.17,county,9.045,101,18080,3.533,0.7934,93.75
21165,2.663,0.09683,0.03238,0,0,0,3.25,21,2015-2025,10.17,county,28.03,285,3601,26.26,0.9292,259.5
21167,0.488,0.06111,0.002868,0,0,0,2.5,19,2014-2025,11.17,county,10.48,117,11640,3.358,0.7621,98.5
21169,1.28,0.05855,0.004629,0,0,0,1.75,11.75,2014-2025,11.17,county,18,201,6226,8.025,0.926,142.5
21171,1.487,0.01083,0.006072,0,0,0,1.75,8,2014-2025,11.17,county,20.24,226,6991,6.659,0.8373,97
21173,0.596,0.08381,0.008805,0,0,0,2.25,20.5,2014-2025,11.17,county,13.79,154,15500,4.708,0.8301,119.2
21175,0.4456,0.09991,0.006697,0,0,0,3,23.25,2014-2025,11.17,county,9.403,105,8162,4.099,0.8523,136.2
21177,0.9173,0.1442,0.02754,0,0,0,2.5,35.5,2014-2025,11.17,county,20.51,229,14900,10.18,0.9146,130.5
21179,0.6801,0.08326,0.02383,0.006817,0.0005823,0,2.25,17.75,2014-2025,11.17,county,18.45,206,22390,6.684,0.8113,430.5
21181,1.289,0.06107,0.001884,0,0,0,2.5,12.75,2014-2025,11.17,county,25.97,290,3502,7.581,0.8954,86.25
21183,0.8227,0.06894,0.007114,0,0,0,2.5,13.75,2014-2025,11.17,county,17.55,196,12870,5.5,0.8292,148
21185,0.7522,0.07184,0.02476,0.00231,0,0,3,18,2014-2025,11.17,county,18,201,27360,7.862,0.8269,330.5
21187,1.269,0.0342,0.001015,0.0002791,0,0,1.75,8.25,2014-2025,11.17,county,24.81,277,5563,5.521,0.8195,267.2
21189,1.81,0.09443,0.03124,0.003281,0,0,2.75,22.75,2014-2025,8,county,31.38,251,2420,20.58,0.9354,238
21191,0.994,0.03854,0,0,0,0,3,10.75,2014-2025,11.17,county,22.66,253,6272,5.937,0.8656,69.75
21193,1.352,0.1574,0.03973,0.006338,0,0,4,42,2014-2025,11.17,county,40.57,453,16230,20.13,0.8617,259
21195,1.484,0.1224,0.006909,0,0,0,3.75,27.5,2014-2025,11.17,county,47.1,526,31510,16,0.8032,137.2
21197,0.7719,0.1217,0.003741,0.0007111,0,0,3.5,30.5,2015-2025,10.17,county,17.02,173,8244,8.62,0.8356,232.2
21199,0.5804,0.1004,0.02054,0,0,0,3.25,24,2014-2025,11.17,county,20.96,234,42260,6.369,0.8383,151.2
21201,2.01,0.06424,0.001607,0,0,0,2.5,16,2014-2025,10.67,county,19.5,208,1161,12.31,0.9331,94.25
21203,0.9208,0.1021,0.04021,0.00551,0,0,2.75,24.5,2014-2025,11.17,county,20.96,234,8013,10.9,0.9077,240.5
21205,0.68,0.1074,0.03312,0.003001,0.0003751,0,2.75,25.25,2014-2025,11.17,county,15.31,171,15100,7.372,0.8793,349.2
21207,0.8735,0.06631,0.02612,0,0,0,2.25,17.25,2014-2025,11.17,county,18.18,203,11600,7.357,0.8974,148
21209,0.4438,0.08274,0.005919,0,0,0,2,18.75,2014-2025,11.17,county,11.37,127,29870,3.581,0.7777,120.2
21211,0.3458,0.01509,0.002154,0,0,0,2.25,9.5,2014-2025,11.17,county,13.25,148,23930,2.15,0.6852,79.5
21213,0.3831,0.05205,0.0008101,0,0,0,1.75,7.25,2014-2025,9.75,county,6.359,62,11900,1.965,0.8111,77.75
21215,0.8894,0.03814,0.002018,0,0,0,2.75,11.5,2014-2025,11.17,county,16.03,179,8434,5.613,0.8428,118
21217,0.1172,0.0146,0.002919,0,0,0,1,3.25,2014-2025,11.17,county,2.239,25,16750,0.4309,0.6787,92.25
21219,1.805,0.11,0.0224,0,0,0,2.75,29.5,2016-2025,9.167,county,22.58,207,5306,18.02,0.9253,127.2
21221,3.923,0.05132,0.01359,0,0,0,1.75,8.25,2016-2025,9.167,county,32.84,301,6398,22.81,0.9473,129
21223,1.219,0.079,0,0,0,0,2.75,16.25,2014-2025,11.17,county,15.94,178,4257,7.05,0.9031,49.25
21225,0.98,0.03063,0.006564,0.00269,0.002542,0,2,9.5,2014-2025,11.17,county,18.9,211,6794,6.58,0.8767,546.2
21227,0.9154,0.07157,0.0114,0.0009263,0.0003812,0,2,15,2015-2025,9.333,county,18.64,174,67860,6.195,0.8496,403.2
21229,1.242,0.06657,0.007024,0,0,0,2.5,14.25,2014-2025,11.08,county,25.08,278,5512,7.986,0.9059,114
21231,1.412,0.06995,0.00849,0,0,0,2.25,18.25,2019-2025,6.917,county,28.19,195,13420,10.67,0.898,121.2
21233,0.8477,0.02227,0,0,0,0,2,8.5,2014-2025,11.17,county,13.43,150,5270,4.333,0.8448,56
21235,0.5033,0.1037,0.01099,0,0,0,2.25,25.5,2014-2025,11.17,county,13.43,150,18360,4.796,0.8416,118.2
21237,1.021,0.04604,0.008864,0,0,0,2.5,19.5,2015-2025,5.917,county,17.75,105,4146,7.595,0.8737,117.2
21239,1.085,0.1828,0.07151,0.0005561,0,0,3.25,53,2014-2025,11.17,county,20.87,233,12320,17.35,0.9382,277
22001,1.504,0.1016,0.04062,0,0,0,2.5,27,2014-2025,11.17,county,38.24,427,28980,15.41,0.9181,167
22003,1.851,0.1231,0.05852,0.01974,0.008652,0,3,41,2014-2025,11.17,county,46.84,523,18160,31.44,0.9357,722.8
22005,1.409,0.1289,0.05323,0.02715,0.01461,0,2.75,39.25,2014-2025,11.17,county,35.82,400,51710,28.04,0.9107,430.5
22007,2.721,0.1467,0.02771,0.01663,0.001097,0,2.75,28.75,2014-2025,11.17,county,26.15,292,8368,38.09,0.9586,379.8
22009,1.346,0.09744,0.01128,0.0006043,0,0,3,22.25,2014-2025,11.17,county,34.03,380,23450,13.32,0.833,265.2
22011,2.269,0.09737,0.0582,0.03102,0.02157,0.0004422,2.75,22,2014-2025,11.17,county,47.55,531,26160,42.56,0.9416,832.5
22013,3.307,0.1094,0.01954,0.004952,0,0,3.75,27.25,2014-2025,11.17,county,60,670,5375,34.46,0.9326,244.8
22015,0.887,0.1284,0.02974,0.001728,0,0,4,31.25,2014-2025,11.17,county,28.84,322,94180,12.58,0.8141,257.8
22017,0.8586,0.1498,0.04759,0.008505,0,0,4.5,38.75,2014-2025,11.17,county,28.39,317,145500,15.45,0.8037,208
22019,1.563,0.1565,0.08597,0.07717,0.0697,0.002566,3.5,64,2014-2025,11.17,county,45.67,510,76850,69.55,0.9575,908.2
22021,2.33,0.1224,0.04702,0,0,0,3.25,51.75,2014-2025,11.17,county,40.57,453,4046,30.05,0.9455,205.5
22023,2.142,0.05708,0.03311,0.03139,0.02967,0.0004343,2.75,9,2014-2025,11.17,county,25.07,280,2695,45.23,0.9757,1522
22025,0.04356,0.2677,0.1856,0.1336,0.1199,0.1133,6,842.5,2014-2025,10.75,county,2.977,32,3902,6.844,0.8979,1464
22027,3.267,0.0856,0.01348,0.0008342,0,0,2.75,18.75,2014-2025,11.17,county,52.75,589,5060,25.04,0.932,315.2
22029,1.149,0.07563,0.03615,0.007292,0.005975,0.001264,2.5,15.5,2014-2025,11.17,county,20.87,233,8638,13.87,0.8896,3294
22031,1.696,0.128,0.03247,0.001996,0.0004147,0,4.75,31.25,2014-2025,11.17,county,41.55,464,23050,22.06,0.9011,401
22033,0.686,0.193,0.08248,0.007236,0.004916,0,4.75,56.5,2014-2025,11.17,county,21.94,245,214600,15.9,0.7871,434
22035,3.098,0.02976,0.00953,0.002828,0.002228,0.000973,2.75,8.75,2014-2025,11,county,27.73,305,3227,20.77,0.9439,5242
22037,4.144,0.08407,0.01314,0.004235,0.004235,0,3,19.5,2014-2025,11.17,county,68.15,761,7347,37.76,0.9254,429.8
22039,0.9346,0.06511,0.009393,0.001183,0,0,2.5,16.25,2014-2025,11.17,county,27.49,307,22430,8.208,0.8157,186
22041,0.7905,0.1288,0.01238,0,0,0,2.75,32.5,2014-2025,11.17,county,18.09,202,8528,7.294,0.8706,123.2
22043,1.632,0.1174,0.05049,0.02681,0,0,3.5,31.25,2014-2025,11.17,county,48.54,542,14060,28.11,0.9111,373
22045,0.7047,0.15,0.004773,0,0,0,2.5,29.5,2014-2025,11.17,county,23.46,262,56790,7.42,0.8334,123.2
22047,1.512,0.07838,0.03106,0.006272,0,0,3,21,2014-2025,11.17,county,33.58,375,11710,15.73,0.8893,315.5
22049,3.279,0.09948,0.04349,0.00613,0,0,3,23.75,2014-2025,11.17,county,47.46,530,5461,37.22,0.9573,229.2
22051,0.7191,0.2493,0.159,0.09617,0.006941,0.001695,4,153,2014-2025,11.17,county,22.66,253,230700,29.75,0.9166,1436
22053,1.7,0.1219,0.07344,0.02035,0.003604,0,3,44.5,2014-2025,11.17,county,39.58,442,11680,27.82,0.9399,632.5
22055,0.2636,0.1382,0.02476,0,0,0,3.75,33.25,2014-2025,11.17,county,8.597,96,137700,3.849,0.8001,142.8
22057,2.004,0.1488,0.07725,0.05642,0.03692,0.0006953,2.25,49.5,2014-2025,11.17,county,34.39,384,36830,62.37,0.9691,1833
22059,1.271,0.1246,0.0673,0.02142,0.003264,0.0008705,2.25,39.75,2014-2025,11.17,county,18.45,206,6475,21.19,0.916,1478
22061,0.6262,0.114,0.04637,0.004979,0,0,3.25,26.25,2014-2025,11.17,county,18.18,203,26570,8.116,0.87,223.5
22063,1.177,0.2011,0.08458,0.04014,0.02761,0,3.5,61,2014-2025,11.17,county,32.15,359,56100,31.57,0.913,520.8
22065,1.848,0.05798,0.01088,0,0,0,2.5,12.5,2014-2025,11.17,county,32.06,358,4477,12.47,0.8748,143.5
22067,1.193,0.1125,0.02716,0,0,0,3,27.25,2014-2025,11.17,county,26.15,292,11170,12.57,0.8775,130.5
22069,1.212,0.1357,0.04233,0.01695,0,0,4.25,34.5,2014-2025,11.17,county,36.72,410,32940,19.68,0.881,305.8
22071,0.8954,0.1576,0.1045,0.04763,0,0,2.75,76.75,2014-2025,11.17,county,30.54,341,212900,22.44,0.885,303.2
22073,0.9413,0.167,0.07204,0.003945,0,0,3.25,48,2014-2025,11.17,county,25.25,282,61790,15.79,0.8724,229
22075,1.658,0.1095,0.08119,0.04419,0.00197,0,2.75,27.75,2014-2025,11.17,county,28.48,318,14010,33.51,0.9483,484.8
22077,1.523,0.07432,0.008511,0,0,0,3.25,18.75,2014-2025,11.17,county,27.58,308,8203,11.52,0.9021,136.2
22079,0.3457,0.2157,0.09595,0.0297,0.005514,0,6,65,2014-2025,11.17,county,12.09,135,110600,10.28,0.8037,394.8
22081,2.991,0.1302,0.04082,0.0006962,0.0006962,0,4,33.25,2014-2025,11.17,county,50.15,560,5806,36.28,0.9323,402.2
22083,1.433,0.08206,0.01146,0,0,0,2.25,16,2014-2025,11.17,county,29.19,326,8935,10.39,0.8646,146.8
22085,3.633,0.09284,0.02648,0.01173,0,0,3.75,22,2014-2025,11.17,county,76.3,852,17150,41.52,0.9322,329.5
22087,0.9675,0.1946,0.1455,0.01664,0,0,2.25,101.2,2014-2025,11.17,county,14.42,161,23170,22.5,0.9525,252.2
22089,1.053,0.1309,0.0725,0.06441,0.05384,0,2.75,34.5,2014-2025,11.17,county,24.36,272,30260,33.71,0.9438,607.2
22091,4.811,0.1127,0.04586,0.03235,0.02175,0,3,28.5,2014-2025,11.17,county,76.3,852,4162,84.23,0.9658,486.5
22093,1.884,0.08482,0.04836,0.04105,0.01743,0,2.75,19.25,2014-2025,11.17,county,26.87,300,11500,32.88,0.9584,554.5
22095,1.815,0.09059,0.05084,0.04406,0.03311,0,2.5,21,2014-2025,11.17,county,30.54,341,22090,40.42,0.9565,620
22097,1.155,0.07867,0.02142,0,0,0,2.75,19.5,2014-2025,11.17,county,32.51,363,47280,10.25,0.8524,146.8
22099,1.553,0.08714,0.01213,0.000891,0,0,2.5,22.75,2014-2025,11.17,county,33.49,374,19870,13.41,0.8414,307.2
22101,0.7984,0.1412,0.004016,0,0,0,1.75,29.75,2014-2025,11.17,county,23.91,267,27710,7.979,0.8451,116
22103,0.4787,0.2122,0.1305,0.02749,0,0,4.25,103.2,2014-2025,11.17,county,14.15,158,164200,13.36,0.8854,301.8
22105,2.345,0.1061,0.05076,0.03763,0.00864,0.0002205,3,26.75,2014-2025,11.17,county,55.61,621,54540,44.45,0.9217,986.5
22107,6.853,0.06162,0.02448,0.009825,0.005978,0.003381,3.25,16.5,2014-2025,11.17,county,49.97,558,1600,79.68,0.9654,3590
22109,1.237,0.1877,0.09445,0.05119,0.03935,0,3,68.25,2014-2025,11.17,county,28.48,318,41500,38.92,0.9615,860.2
22111,3.51,0.08772,0.03433,0.006843,0,0,3.25,22.25,2014-2025,11.17,county,48.09,537,8172,38.43,0.9434,252.5
22113,1.262,0.09999,0.02316,0,0,0,2.5,23.75,2014-2025,11.17,county,30.72,343,25440,12.23,0.9051,169.5
22115,1.371,0.1167,0.0567,0.02993,0,0,3.75,33.75,2014-2025,11.17,county,39.4,440,39210,23.89,0.9175,401.8
22117,2.431,0.04655,0.02403,0.006569,0,0,1.75,9,2014-2025,11.17,county,43.25,483,18400,18.57,0.9025,288.5
22119,1.297,0.09438,0.0148,0.001072,0,0,3.25,23,2014-2025,11.17,county,36,402,18880,12.51,0.861,207
22121,1.519,0.04652,0.008537,0,0,0,2.75,15.25,2014-2025,11.17,county,30.45,340,10600,10.75,0.8729,161
22123,0.7848,0.03566,0.01006,0,0,0,2,9,2014-2025,11.17,county,16.57,185,4278,4.27,0.8805,142
22125,2.107,0.08656,0.02168,0.004721,0.0007673,0,3.25,19,2014-2025,11.17,county,42.63,476,6923,20.94,0.922,430
22127,1.491,0.1458,0.04995,0.03369,0,0,3.75,39,2014-2025,11.17,county,33.67,376,8389,25.04,0.9359,296
23001,0.8893,0.1787,0.0257,0,0,0,3.5,37.5,2014-2025,10.92,county,24.73,270,77640,11.91,0.9047,140.5
23003,1.215,0.02522,0.0007569,0,0,0,2.5,11.25,2014-2025,11.17,county,30.18,337,42050,6.384,0.8658,77
23005,0.6399,0.2399,0.03146,0.001996,0,0,8.5,47.25,2014-2025,10.92,county,19.88,217,227400,12.2,0.8792,212.2
23007,2.345,0.1287,0.016,0,0,0,3.75,28.75,2014-2025,10.92,county,39.39,430,20530,25.1,0.9395,157.8
23009,3.383,0.1649,0.02056,0,0,0,5,33,2014-2025,11.17,county,46.57,520,31080,41.46,0.9599,163.2
23011,0.9687,0.2204,0.05912,0.001035,0,0,4.75,52.25,2014-2025,10.92,county,24.92,272,87760,16.88,0.9283,204
23013,2.488,0.1491,0.01852,0,0,0,3,30.25,2014-2025,10.92,county,33.25,363,17780,27.53,0.9529,161.2
23015,2.685,0.2336,0.02744,0.004106,0,0,5.25,43,2014-2025,10.92,county,44.06,481,23440,42.67,0.961,224.8
23017,1.868,0.1847,0.03012,0,0,0,4.5,42,2014-2025,11.17,county,44.06,492,38200,26.56,0.9274,161.5
23019,1.455,0.182,0.03258,0,0,0,4.5,39,2014-2025,11.17,county,35.73,399,88130,21.09,0.9223,152.8
23021,5.216,0.09525,0.01466,0,0,0,3.5,23.25,2014-2025,11.17,county,69.13,772,10200,45.86,0.9662,160.2
23023,1.885,0.1938,0.02727,0.001303,0,0,4.75,36.75,2014-2025,10.92,county,25.74,281,24840,26.49,0.9555,186.2
23025,3.012,0.215,0.04267,0,0,0,4.5,51.75,2017-2025,8,county,56,448,22070,46.87,0.9673,167.5
23027,2.21,0.2028,0.02718,0.0009575,0,0,4,44.25,2014-2025,11.17,county,35.73,399,22680,31.16,0.9631,203.5
23029,2.313,0.06478,0.003937,0,0,0,3.25,16.75,2014-2025,11.17,county,32.33,361,15140,16.75,0.9484,165.2
23031,1.683,0.2225,0.02318,0,0,0,5,40.25,2014-2025,11.17,county,39.13,437,89400,25.52,0.9348,138.2
24001,0.8944,0.04105,0.00179,0,0,0,2.25,13.5,2014-2025,11.17,county,25.61,286,32500,6.161,0.7479,83.5
24003,0.1924,0.06016,0,0,0,0,5.25,19.5,2014-2025,11.17,county,6.358,71,253800,2.867,0.5135,72.25
24005,0.1636,0.1798,0.01013,0,0,0,7,36.25,2014-2025,11.17,county,5.821,65,370200,3.574,0.5792,120.5
24009,0.6826,0.04011,0.001742,0,0,0,2,9,2014-2025,11.17,county,21.67,242,39460,4.022,0.7502,87.25
24011,0.5421,0.006549,0,0,0,0,1.5,5.25,2015-2025,10.67,county,13.88,148,17590,2.088,0.6597,37.25
24013,0.3805,0.1046,0.01462,0,0,0,3.5,24.25,2014-2025,11.17,county,11.73,131,71070,5.083,0.7023,120.8
24015,0.8475,0.02761,0.001501,0,0,0,2.75,11.75,2015-2025,10.67,county,19.78,211,57200,5.377,0.7602,80.5
24017,0.5232,0.03715,0.003237,0,0,0,1.75,13,2014-2025,11.17,county,19.16,214,73490,3.901,0.6402,103.8
24019,0.5404,0.002158,0,0,0,0,2,6,2015-2025,10.67,county,13.97,149,18090,2.265,0.6653,32.5
24021,0.3545,0.02874,0,0,0,0,1.75,7.75,2014-2025,11.17,county,15.94,178,132200,2.54,0.4676,60.25
24023,1.394,0.06336,0.003059,0,0,0,2.75,17.5,2014-2025,11.17,county,27.94,312,13590,10.92,0.8379,103
24025,0.2958,0.09691,0.007787,0,0,0,4.75,23.75,2014-2025,11.17,county,8.507,95,112500,3.962,0.6851,105.2
24027,0.1535,0.1012,0,0,0,0,4,24,2014-2025,11.17,county,6.179,69,146100,2.194,0.5241,85.25
24029,0.5908,0.002994,0,0,0,0,2,6.25,2015-2025,9.333,county,14.25,133,10900,2.364,0.6922,59.5
24031,0.1855,0.04419,0,0,0,0,5,15.25,2014-2025,11.17,county,5.821,65,395700,2.516,0.4941,85.75
24033,0.1851,0.07152,0.002075,0,0,0,4.25,21.25,2014-2025,11.17,county,6,67,349800,2.836,0.5061,84.5
24035,0.6301,0.002356,0,0,0,0,1.75,5.75,2015-2025,10.67,county,16.88,180,26460,2.856,0.6839,38
24037,0.6805,0.02003,0,0,0,0,1.75,9,2014-2025,11.17,county,22.57,252,55900,3.827,0.6909,67.5
24039,0.5328,0.001277,0,0,0,0,2.25,6.25,2014-2025,11.08,county,13.53,150,14320,2.515,0.698,31
24041,0.3978,0.005767,0,0,0,0,2,5,2015-2025,10.67,county,8.906,95,29180,1.649,0.7334,32.25
24043,0.3451,0.0395,0.004325,0,0,0,2.25,12.25,2014-2025,11.17,county,13.16,147,65280,2.997,0.6135,95
24045,0.2734,0.002502,0,0,0,0,3,6,2015-2025,10.67,county,8.531,91,61550,1.586,0.5418,32
24047,0.7961,0.004768,0,0,0,0,2.5,5.75,2015-2025,10.67,county,18.75,200,31540,3.836,0.6659,30
24510,0.1264,0.1448,0,0,0,0,5.5,28.25,2014-2025,11.17,county,6,67,277900,3.225,0.3881,72.25
25001,1.2,0.2552,0.01428,0,0,0,5.75,38.25,2014-2025,10.58,county,22.68,240,118400,17.87,0.9127,95.75
25003,0.344,0.05933,0.0009649,0,0,0,2.5,18,2014-2025,11.17,county,10.12,113,99020,3.061,0.6839,76.5
25005,0.2339,0.1708,0.004722,0,0,0,5.25,34,2014-2025,11.17,county,6,67,284300,3.517,0.78,87.5
25007,0.648,0.07074,0.003508,0,0,0,2.5,15.75,2014-2025,10.58,county,7.465,79,20860,4.631,0.8942,95.75
25009,0.2917,0.2483,0.01516,0,0,0,6.75,41,2014-2025,11.17,county,9.313,104,310100,5.596,0.7512,96.5
25011,0.3022,0.1161,0.002695,0,0,0,4.25,26.25,2014-2025,11.17,county,9.224,103,57950,3.636,0.7774,98.25
25013,0.2238,0.1768,0.0162,0,0,0,3.75,43.5,2014-2025,11.17,county,7.97,89,196700,4.658,0.619,145.2
25015,0.3074,0.05158,0.001194,0,0,0,2.25,14,2014-2025,11.17,county,10.39,116,102000,2.468,0.6824,81
25017,0.1309,0.2313,0.005914,0,0,0,11,40.75,2014-2025,11.17,county,4.03,45,629800,3.656,0.5681,88
25019,1.965,0.05746,0.0006359,0,0,0,3.5,16,2014-2025,11.17,county,19.88,222,4659,12.44,0.9497,88
25021,0.2003,0.2424,0.01612,0,0,0,10,36.5,2014-2025,11.17,county,5.373,60,326400,4.179,0.7067,107.5
25023,0.4104,0.3246,0.06143,0,0,0,10.5,53.75,2014-2025,11.17,county,7.433,83,281700,8.826,0.8967,120.8
25025,0.008834,0.2057,0.01632,0,0,0,6.25,37.5,2014-2025,10.92,state,0.5496,6,947200,0.7211,0.02792,14
25027,0.2802,0.1083,0,0,0,0,6.75,24.5,2014-2025,11.17,county,9.493,106,330300,4.559,0.6204,73.5
26001,4.773,0.2043,0.03262,0.001714,0.0003701,0,6.5,43.25,2014-2025,10.67,county,46.03,491,6050,70.37,0.9823,492.2
26003,1.136,0.04156,0.000755,0,0,0,2.5,15.25,2014-2025,10.5,county,13.81,145,4553,6.875,0.9236,83
26005,0.5094,0.1752,0.009587,0,0,0,6,34,2014-2025,11.17,county,15.94,178,86720,7.731,0.8166,98.5
26007,0.1579,0.2454,0.1529,0.1155,0.04409,0,6.25,215,2015-2025,8.167,county,4.163,34,18240,7.943,0.9466,459.2
26009,1.566,0.1101,0.02119,0.003535,0,0,4.25,27.25,2014-2025,11.17,county,31.88,356,15640,17.94,0.9088,357
26011,2.055,0.2132,0.007774,0.0001619,0,0,5.25,43,2014-2025,10.67,county,31.88,340,9864,27.41,0.9642,197.5
26013,0.7535,0.03269,0,0,0,0,3.5,11,2014-2025,11.08,county,13.62,151,4824,4.164,0.9273,59.5
26015,0.7552,0.195,0.01609,0,0,0,5.5,35,2014-2025,11.17,county,21.31,238,41950,10.48,0.8837,117
26017,0.2128,0.1522,0.00947,0,0,0,6.25,36,2014-2025,10.67,county,7.406,79,66160,3.382,0.7533,102
26019,1.815,0.05592,0.0008387,0,0,0,3.25,14.25,2014-2025,10.67,county,28.78,307,9545,12.35,0.9184,82.75
26021,1.172,0.1013,0.004307,0,0,0,4.5,24.25,2014-2025,11.17,county,37.61,420,63510,12.71,0.8112,114.8
26023,0.5944,0.2626,0.08685,0,0,0,6.25,59.25,2014-2025,10.67,county,14.16,151,30690,12.26,0.9263,158.8
26025,0.5072,0.2655,0.06735,0,0,0,6.25,60.5,2014-2025,10.67,county,15.94,170,92790,10.57,0.8805,182.2
26027,1.637,0.07397,0.004665,0.001316,0.0006581,0,4,18.75,2014-2025,11.17,county,42.09,470,20780,13.88,0.8644,371.8
26029,0.8996,0.1477,0.03568,0.01441,0.001579,0,4,33.75,2014-2025,11.17,county,22.48,251,19980,13.34,0.9161,451.5
26031,1.348,0.1592,0.08917,0.03449,0.005628,0,4,52,2014-2025,11,county,30.27,333,16120,31.55,0.9688,566.2
26033,0.9451,0.08104,0.02601,0,0,0,2.75,19,2019-2025,6.083,county,24.49,149,32740,8.263,0.8348,176
26035,2.067,0.1865,0.00833,0,0,0,4.5,36.5,2014-2025,11.17,county,32.96,368,18060,25.02,0.956,130.5
26037,0.6544,0.08144,0.01441,0,0,0,3.75,20.5,2014-2025,10.67,county,17.06,182,34030,6.356,0.8462,98
26039,2.01,0.1586,0.04304,0.01335,0.001046,0,4.5,41.5,2014-2025,11.17,county,32.42,362,8218,31.79,0.9632,413.5
26041,0.3761,0.09071,0,0,0,0,3.25,21.75,2014-2025,11.17,county,9.134,102,24520,3.408,0.8755,65.5
26043,0.8697,0.09833,0,0,0,0,4,22.75,2014-2025,10.83,county,11.35,123,12110,7.331,0.9213,60
26045,0.5469,0.2184,0.04458,0,0,0,4.75,52,2014-2025,10.67,county,15.75,168,50380,9.434,0.8932,129.8
26047,0.5418,0.1682,0.1013,0.03887,0.002956,0,4,75.5,2014-2025,11.17,county,14.24,159,28800,13.39,0.9449,403.8
26049,0.2451,0.1847,0.01777,0,0,0,6,32.75,2014-2025,11.17,county,10.12,113,270200,4.853,0.6323,105
26051,2.158,0.1533,0.008935,0,0,0,4,35.5,2014-2025,10.67,county,34.88,372,15200,22.04,0.948,163.2
26053,1.865,0.05913,0.007564,0,0,0,2.5,16.75,2014-2025,10.92,county,20.34,222,7394,12.8,0.9433,110.8
26055,0.1848,0.1515,0.00886,0,0,0,4.5,31.75,2014-2025,11,county,6.091,67,60520,2.709,0.7364,84.5
26057,0.6244,0.1019,0.001472,0,0,0,3.5,24,2014-2025,10.67,county,13.88,148,21000,5.752,0.8468,77.5
26059,0.647,0.2501,0.119,0.007603,0,0,6.75,81.25,2014-2025,10.67,county,14.53,155,30910,15.92,0.9322,197
26061,0.36,0.03438,0,0,0,0,2.75,10.25,2014-2025,11.17,county,11.64,130,27580,2.377,0.7604,55.75
26063,2.077,0.2282,0.008597,0,0,0,6,47.75,2014-2025,10.17,county,26.16,266,13620,31,0.9525,174.5
26065,0.2253,0.2142,0.04289,0,0,0,5.5,46,2014-2025,10.67,county,8.344,89,187700,4.4,0.7704,131
26067,0.882,0.1823,0.04457,0,0,0,4.25,46,2014-2025,10.67,county,22.31,238,35240,12.77,0.9073,134.5
26069,2.322,0.148,0.01101,0,0,0,5,32.5,2014-2025,10.67,county,36.47,389,14310,26.23,0.9489,161.2
26071,1.069,0.09738,0.001447,0,0,0,3.75,23.75,2014-2025,11.08,county,17.68,196,5890,9.44,0.949,83.25
26073,0.4569,0.1037,0.006621,0,0,0,4.75,24.75,2014-2025,10.67,county,12.47,133,36510,4.982,0.8265,129.8
26075,0.5594,0.2858,0.1023,0,0,0,6.5,73,2014-2025,10.67,county,17.53,187,101300,13.54,0.8998,170.8
26077,0.716,0.1825,0.03211,0,0,0,5.5,42.5,2014-2025,11.17,county,21.94,245,105800,11.36,0.8688,125.8
26079,1.208,0.1174,0.01282,0,0,0,3.5,26.25,2014-2025,11.17,county,22.12,247,10280,11.56,0.9053,100
26081,0.2609,0.3188,0.02037,0,0,0,12,50.75,2014-2025,11.17,county,8.328,93,416100,6.444,0.7606,111.8
26083,5.503,0.01854,0.001199,0,0,0,2.75,6.75,2014-2025,9.167,county,21.49,197,1356,22.24,0.9748,77
26085,1.904,0.1198,0.009042,0,0,0,3.75,27,2014-2025,11.17,county,34.84,389,9226,17.86,0.9173,143.5
26087,0.9613,0.1615,0.006154,0,0,0,5.25,30.75,2014-2025,10.33,county,25.26,261,38360,12.55,0.8559,143
26089,1.638,0.1642,0.02269,0,0,0,4.75,33.75,2014-2025,10.67,county,32.06,342,12360,19.97,0.9292,129.2
26091,0.9803,0.2034,0.07233,0,0,0,4.25,51,2014-2025,10.67,county,24.09,257,38630,17.76,0.9249,175
26093,0.7835,0.2474,0.04851,0,0,0,6.5,53.25,2014-2025,10.92,county,23.36,255,88110,15.51,0.876,166.8
26095,1.099,0.03933,0,0,0,0,3.25,11.25,2019-2025,6.083,county,18.25,111,4746,6.02,0.9021,94.5
26097,2.023,0.1714,0.04127,0.01182,0.003266,0.0007145,3.75,36.5,2019-2025,6.083,county,37.15,226,8757,30.06,0.9338,1075
26099,0.3401,0.2798,0.02343,0,0,0,11,43.25,2014-2025,10.17,county,11.21,114,404600,8.136,0.7154,190.8
26101,1.005,0.1036,0.0008281,0,0,0,3.75,24.5,2014-2025,11.17,county,24.72,276,15180,8.539,0.8894,85.25
26103,0.4651,0.1251,0,0,0,0,3.75,28.75,2014-2025,11.17,county,13.88,155,45260,4.354,0.868,73.5
26105,0.9317,0.09065,0.002669,0,0,0,3.75,21.75,2014-2025,11.17,county,21.04,235,18910,8.358,0.8884,101.2
26107,1.132,0.1645,0.02108,0,0,0,5.5,33.25,2014-2025,11.17,county,22.66,253,20610,14.18,0.9273,130.8
26109,0.912,0.1743,0.02797,0,0,0,3.25,32.5,2014-2025,10.42,county,16.03,167,12070,10.46,0.9445,119.2
26111,0.5961,0.204,0.01226,0,0,0,5.25,34.75,2014-2025,10.67,county,17.44,186,57350,8.445,0.8486,96.75
26113,1.97,0.1253,0.009573,0,0,0,4.5,28.25,2014-2025,10.92,county,28.67,313,9559,18.36,0.9521,100.8
26115,0.9939,0.2133,0.05394,0.002201,0,0,4.75,47.25,2014-2025,10.67,county,28.5,304,62240,16.95,0.8923,282.5
26117,1.112,0.1601,0.008198,0,0,0,4,34.75,2014-2025,11.17,county,28.84,322,33950,13.89,0.9125,107
26119,1.627,0.1576,0.09049,0.07924,0.04711,0,3,48.75,2014-2025,11,county,27.27,300,6073,53.11,0.9823,512.5
26121,0.4896,0.2189,0.005349,0,0,0,5.5,40,2014-2025,11.17,county,16.03,179,103700,7.638,0.8267,90
26123,0.9711,0.1292,0.007143,0,0,0,4.75,27.75,2014-2025,11.17,county,26.06,291,32060,10.66,0.8796,117
26125,0.3783,0.4549,0.06506,0.0009867,0,0,23,62.5,2014-2025,10.67,county,9.844,105,646300,12.87,0.7772,193.2
26127,0.678,0.0833,0.003954,0,0,0,4.25,20,2014-2025,11.17,county,18.36,205,17740,6.574,0.8452,111.2
26129,3.044,0.1976,0.006265,0,0,0,4,35,2014-2025,10.67,county,39.47,421,11680,37.15,0.961,129.8
26131,1.182,0.02513,0.0008746,0,0,0,2.75,9.75,2014-2025,11.17,county,15.58,174,4246,6.18,0.9178,78.25
26133,0.8529,0.1785,0.01738,0,0,0,4.5,37,2014-2025,11.17,county,21.49,240,18270,10.73,0.9086,131.2
26135,2.864,0.1958,0.06308,0.01898,0.009068,0,5,45.75,2014-2025,11.17,county,36.81,411,5044,55.48,0.9804,507.5
26137,1.144,0.1271,0.07272,0.03859,0.01072,0,3,30.25,2014-2025,11.17,county,24.45,273,19170,23.98,0.9561,448
26139,0.3909,0.1822,0.002755,0,0,0,4.75,37,2014-2025,11.17,county,15.04,168,120100,6.125,0.7663,92
26141,0.7903,0.1868,0.1592,0.07394,0.01012,0,4.5,135.2,2014-2025,9.917,county,13.11,130,8198,28.26,0.9767,513.8
26143,3.146,0.1055,0.005989,0,0,0,5,25.25,2014-2025,10.67,county,38.25,408,13780,30.29,0.9518,139
26145,0.2686,0.1586,0.009327,0,0,0,5,31.5,2014-2025,10.67,county,11.06,118,132600,4.109,0.7157,96.25
26147,0.8393,0.1988,0.006855,0,0,0,5,40.5,2014-2025,10.17,county,25.87,263,71470,12.39,0.855,114
26149,1.185,0.119,0.03135,0,0,0,4,26.75,2014-2025,11.17,county,26.6,297,23480,14.39,0.8848,187.8
26151,1.603,0.2129,0.01011,0,0,0,5.75,44,2014-2025,10.17,county,25.18,256,17300,22.69,0.9302,160.2
26153,1.316,0.02335,0,0,0,0,2.75,9,2014-2025,8.833,county,19.36,171,5611,6.196,0.8839,74.5
26155,0.5229,0.1482,0.006919,0,0,0,4,33,2014-2025,10.67,county,14.53,155,41360,6.286,0.8334,118
26157,0.9616,0.1805,0.00919,0,0,0,5,42,2014-2025,10.33,county,17.71,183,21520,12.77,0.8947,117.5
26159,1.417,0.1125,0.01255,0.0002881,0.0002881,0,5.75,27,2014-2025,11.17,county,31.79,355,29610,17.19,0.8813,377
26161,0.5155,0.3309,0.07632,0.001219,0,0,10.75,61,2014-2025,10.67,county,17.06,182,195600,13.21,0.8484,197.5
26163,0.5383,0.5599,0.1058,0.0008539,0,0,26.25,74.25,2014-2025,10.17,county,11.41,116,688500,20.49,0.8286,196.2
26165,1.013,0.129,0.004333,0,0,0,3.5,27.5,2014-2025,11,county,25.27,278,21520,9.994,0.9125,111.5
27001,1.053,0.09636,0.01036,0,0,0,3.75,21.5,2014-2025,11.17,county,20.6,230,11680,10.03,0.8832,135.5
27003,0.2367,0.03246,0,0,0,0,2,11,2014-2025,10.75,county,8.93,96,159300,1.617,0.6106,43.75
27005,0.1332,0.01996,0,0,0,0,2.25,8.75,2014-2025,11.17,county,6.448,72,24620,0.924,0.5324,36
27007,0.6923,0.07429,0.02755,0,0,0,1.75,16.5,2014-2025,9.333,county,16.93,158,29060,6.31,0.8003,143
27009,0.5456,0,0,0,0,0,2.25,4.25,2014-2025,10.33,county,10.45,108,19600,2.058,0.7526,21.75
27011,0.3638,0,0,0,0,0,3.25,12.75,2020-2025,4.833,county,4.345,21,2242,1.753,0.9429,16.5
27013,0.3752,0.001791,0,0,0,0,2,4.5,2014-2025,10.75,county,10.42,112,34190,1.485,0.6902,57.75
27015,0.006315,0.05036,0.005008,0.0001206,0,0,2.5,14,2014-2025,5.833,state,0.3429,2,12920,0.1126,0.3303,25.5
27017,0.4983,0.08774,0.01214,0,0,0,3.25,17.5,2014-2025,11.17,county,13.79,154,22460,4.353,0.7988,109
27019,0.4337,0.01502,0,0,0,0,2.25,7.5,2014-2025,11.17,county,13.07,146,43050,2.349,0.6741,48.5
27021,1.103,0.09462,0.0162,0,0,0,3.5,23,2014-2025,11.17,county,27.13,303,23770,11.13,0.8314,139.5
27023,0.4994,0.01378,0,0,0,0,2.5,8,2014-2025,9.75,county,5.436,53,5934,2.238,0.8266,32.5
27025,0.7407,0.01253,0,0,0,0,2,7.75,2014-2025,10.42,county,16.13,168,23550,3.629,0.7461,63.25
27027,0.1825,0,0,0,0,0,2,5.25,2014-2025,11,county,4,44,26600,0.6849,0.7581,22.25
27029,0.009329,0.05036,0.005008,0.0001206,0,0,2.5,14,2018-2025,4.417,state,0.4528,2,5121,0.09529,0.3305,3.5
27031,0,0.05036,0.005008,0.0001206,0,0,2.5,14,2022-2024,3,state,0,0,4280,0,0,0
27033,0.03699,0.05036,0.005008,0.0001206,0,0,2.5,14,2014-2025,3,state,0.6667,2,5353,0.09515,0.927,8
27035,0.4247,0.1145,0,0,0,0,3.5,26.25,2014-2025,11.17,county,13.61,152,48620,4.028,0.8078,72
27037,0.1755,0.0129,0,0,0,0,1.75,8.75,2014-2025,10.83,county,8.769,95,193800,1.457,0.4403,40.5
27039,0.4534,0.05285,0,0,0,0,2.5,11,2014-2025,10.33,county,8.903,92,7827,2.641,0.8212,67.25
27041,0.1173,0.02189,0,0,0,0,2.75,8,2015-2025,8.917,county,3.813,34,23500,0.7872,0.6428,45.75
27043,0.1161,0,0,0,0,0,1.75,5.25,2014-2025,7.917,county,2.779,22,6006,0.455,0.6635,21
27045,0.07216,0.001244,0,0,0,0,1.75,3.75,2014-2025,6.583,county,1.519,10,8460,0.2645,0.667,24.5
27047,0.1822,0.02845,0.009634,0,0,0,2.25,6.75,2014-2025,9.833,county,3.864,38,16220,0.9236,0.8641,96.25
27049,0.5143,0.03308,0,0,0,0,2.25,10.25,2014-2025,10.42,county,9.696,101,19630,3.003,0.778,74
27051,0.5269,0.04836,0,0,0,0,2,7.5,2015-2025,7.917,county,5.937,47,3371,2.992,0.9094,57
27053,0.1697,0.08623,0,0,0,0,4.25,22,2014-2025,11.17,county,6,67,625000,2.791,0.4693,59.75
27055,0.3072,0,0,0,0,0,2,5.75,2015-2025,9.833,county,2.237,22,8028,1.036,0.7479,14.5
27057,0.4831,0.09356,0.03924,0,0,0,3,23.25,2014-2025,11.17,county,12.36,138,16670,4.863,0.8861,121.5
27059,0.3484,0.06021,0.004043,0,0,0,2.25,21.75,2018-2025,6.333,county,8.684,55,20630,2.835,0.803,88
27061,0.882,0.09441,0.006959,0,0,0,3.75,23,2014-2025,11.17,county,22.93,256,22610,8.313,0.8459,148.2
27063,0.09983,0,0,0,0,0,1.75,3.25,2014-2025,3.833,county,3.652,14,5169,0.263,0.8179,8.25
27065,0.583,0.01428,0,0,0,0,1.75,7,2019-2025,6.167,county,13.14,81,7031,2.555,0.7825,39.5
27067,0.258,0.03128,0,0,0,0,3.25,17.25,2014-2025,11,county,6.273,69,20240,1.89,0.8943,54
27069,0.4548,0.04405,0,0,0,0,2.5,7.5,2020-2025,4.5,county,5.778,26,2662,2.109,0.9208,28.5
27071,0.5386,0.05249,0.02068,0.002628,0,0,3,20.75,2014-2025,11.08,county,8.932,99,9083,4.528,0.9042,170.2
27073,0.4853,0.05754,0,0,0,0,3.75,15.5,2018-2025,4.417,county,7.472,33,2838,4.052,0.969,39.25
27075,0.5243,0.1363,0.03041,0.00488,0,0,4.5,41.75,2014-2025,10.83,county,10.25,111,5952,6.858,0.9132,197.5
27079,0.6845,0.02302,0,0,0,0,2.25,6,2014-2025,11.17,county,14.42,161,11680,3.201,0.8028,68.25
27081,0.6028,0.05898,0.002246,0,0,0,2,10.25,2018-2025,6.667,county,3,20,2548,3.414,0.8872,80.25
27083,0.2055,0.01697,0.01112,0.006932,0,0,2.5,7.25,2014-2025,10.83,county,5.262,57,12440,1.283,0.8075,168.8
27085,0.2399,0.009007,0,0,0,0,2,7,2014-2025,10.33,county,5.226,54,16570,1,0.7351,41.5
27087,0.3806,0.04076,0,0,0,0,2,12,2020-2025,4.5,county,8.222,37,4068,2.29,0.89,48.5
27089,0.3755,0,0,0,0,0,2,4.5,2020-2025,4.167,county,5.52,23,3746,0.9696,0.8683,9.5
27091,0.04697,0.05036,0.005008,0.0001206,0,0,2.5,14,2014-2025,5.083,state,1.18,6,10510,0.2742,0.8986,27.5
27093,0.2212,0.02157,0,0,0,0,1.75,10.75,2015-2025,9.833,county,4.169,41,9659,0.9447,0.8385,54.5
27095,0.2271,0.0195,0,0,0,0,2.5,8.25,2019-2025,6.167,county,4.541,28,16520,1.243,0.7277,42
27097,0.7739,0.01455,0.001831,0,0,0,2.25,8,2014-2025,11.17,county,18.18,203,19520,3.891,0.8232,145.8
27099,0.04565,0.03824,0,0,0,0,2.5,6.25,2014-2025,8.667,county,1.269,11,17850,0.337,0.6646,54.25
27101,0.4655,0.05145,0.007576,0,0,0,3.5,9,2014-2025,10.42,county,8.16,85,5226,3.435,0.8763,114.8
27103,0.1874,0,0,0,0,0,1.75,4,2014-2025,10.33,county,3.677,38,15050,0.7278,0.6343,19.5
27105,0.09043,0,0,0,0,0,2.5,5.25,2014-2025,5.417,county,2.585,14,9001,0.4373,0.7155,20
27107,0.5471,0.1072,0,0,0,0,2.5,26.5,2015-2025,6,county,6.167,37,2660,3.42,0.9396,55.25
27109,0.1235,0.01902,0,0,0,0,1.75,8.75,2014-2025,10.42,county,4.8,50,76520,0.8404,0.5428,44.25
27111,0.6095,0.02578,0,0,0,0,2.25,12.25,2014-2025,11.17,county,20.96,234,43940,3.955,0.691,64.5
27113,0,0.05036,0.005008,0.0001206,0,0,2.5,14,2022-2025,2.75,state,0,0,7940,0.01404,0,0
27115,0.8459,0.06847,0.01685,0,0,0,2.25,14.25,2014-2025,11.17,county,13.79,154,16390,6.18,0.8586,113.8
27117,1.082,0.09048,0.02545,0,0,0,3,13.75,2014-2025,10.33,county,13.55,140,4666,8.709,0.9124,119.5
27119,0.3387,0.03687,0,0,0,0,2.5,10.5,2020-2025,4.833,county,10.14,49,19240,2.236,0.8455,60.75
27121,0.4971,0.02925,0,0,0,0,2.75,17.25,2014-2025,10.33,county,9,93,5930,2.751,0.9062,58.5
27123,0.3184,0.05629,0.001594,0,0,0,2,13.25,2014-2025,10.75,county,13.3,143,257200,2.893,0.5124,88.75
27125,1.137,0.05825,0.01472,0,0,0,2,10.5,2020-2025,4.167,county,6.24,26,2280,7.216,0.9653,86
27127,0.2437,0,0,0,0,0,2.75,6.5,2014-2025,9.917,county,5.849,58,7964,0.9104,0.8769,11.5
27129,0.3353,0.002698,0.002212,0,0,0,2,6.5,2014-2025,10.25,county,6.439,66,6578,1.427,0.7327,89
27131,0.4228,0.03042,0.0009198,0,0,0,2.25,6.75,2014-2025,11.17,county,9.224,103,29250,2.49,0.7503,74.5
27133,0.9743,0.02727,0.00388,0,0,0,2,6.5,2015-2025,10.08,county,15.07,152,4958,4.963,0.729,134.8
27135,0.05666,0.05036,0.005008,0.0001206,0,0,2.5,14,2020-2025,3.167,state,1.895,6,7663,0.4366,0.9022,29.25
27137,0.379,0.08957,0.02818,0,0,0,3.5,20.75,2014-2025,11.17,county,15.49,173,127200,5.176,0.6689,165.5
27139,0.2528,0,0,0,0,0,2,5.25,2014-2025,11.17,county,8.239,92,61830,1.122,0.5941,18.75
27141,0.353,0.01022,0,0,0,0,1.5,3.25,2014-2025,10.33,county,7.355,76,41600,1.152,0.6649,39.5
27143,0.8588,0.0226,0.008267,0,0,0,2.25,5.5,2014-2025,11.17,county,12.72,142,6912,4.026,0.8514,151.2
27145,0.2446,0.01069,0,0,0,0,2.25,6.5,2014-2025,11.08,county,7.038,78,79310,1.364,0.594,34.75
27147,0.04718,0.07358,0,0,0,0,3.5,17.25,2014-2025,10.42,county,2.304,24,17360,0.3889,0.8506,65.5
27149,0.5881,0.1471,0,0,0,0,5,26.75,2020-2025,5.083,county,7.672,39,6634,5.487,0.9521,38.75
27151,0.3944,0.0649,0.01196,0.01196,0,0,3,7.75,2020-2025,5,county,6,30,5384,2.883,0.9463,249
27153,0.8169,0.03777,0.01132,0.003797,0,0,2.5,10.25,2014-2025,11.08,county,16.15,179,13000,5.087,0.8796,233.8
27155,0.9966,0,0,0,0,0,2.5,11.25,2020-2025,4.333,county,4.615,20,2357,4.387,0.9669,13.5
27157,0.6169,0.02613,0,0,0,0,2,14.25,2014-2025,10.67,county,10.12,108,10730,3.749,0.7925,57.5
27159,0.2522,0.003337,0.002112,0.002112,0,0,2.25,8,2014-2025,10.67,county,6,64,8800,1.204,0.8183,169
27161,0.3707,0.07259,0,0,0,0,2.5,15,2014-2025,10.75,county,7.628,82,7916,2.715,0.8614,65.25
27163,0.6575,0.05038,0.002809,0,0,0,2.25,12.5,2014-2025,10.75,county,19.63,211,110000,4.345,0.7033,120
27165,0.1173,0,0,0,0,0,2.25,7.25,2014-2025,6,county,2.667,16,4301,0.4618,0.9165,12.75
27167,0.4368,0.004916,0,0,0,0,2.5,7.5,2014-2025,11.08,county,11.73,130,3109,2.022,0.7721,42.5
27169,0.2705,0.00852,0,0,0,0,1.5,6.5,2014-2025,10.5,county,7.429,78,21650,1.395,0.6049,42.5
27171,0.3623,0.002685,0,0,0,0,2,5.25,2014-2025,11.17,county,11.64,130,63440,1.642,0.6286,31.75
27173,0.6407,0.02971,0,0,0,0,2.5,8,2014-2025,9.917,county,8.975,89,3978,2.949,0.9051,58.5
28001,1.557,0.1175,0.02504,0.001667,0,0,3.75,27.25,2014-2025,11.17,county,35.73,399,17360,20.05,0.8208,339.5
28003,0.07029,0.01968,0,0,0,0,2,3.5,2019-2025,5.583,county,2.866,16,19940,0.3831,0.6121,24.75
28005,3.129,0.1327,0.01764,0.0004991,0,0,3.75,30.25,2014-2025,11.17,county,59.1,660,6825,33.36,0.9319,238
28007,1.894,0.1124,0.02255,0,0,0,4,26.25,2014-2025,11.17,county,39.76,444,9398,19.19,0.9136,166.5
28009,0.7028,0.06728,0.02139,0,0,0,3.25,14.5,2017-2025,7.25,county,13.24,96,3973,6.037,0.8976,96.75
28011,1.079,0.0692,0.007204,0,0,0,3.25,18.25,2014-2025,11.17,county,28.57,319,14480,9.35,0.7948,155.2
28013,0,0.0902,0.01865,0.001291,0.0001594,0.0000198,3.25,22,2015-2025,8,state,0,0,7468,0.1299,0,0
28015,0.7328,0.05695,0.008038,0,0,0,3.75,15.25,2014-2025,11.17,county,18,201,4105,5.545,0.8891,96
28017,0.02248,0,0,0,0,0,2.25,6.75,2015-2025,8.917,county,1.234,11,11630,0.1379,0.4871,16
28019,1.862,0.04351,0.001151,0,0,0,2.25,12,2014-2025,10.83,county,34.98,379,3532,10.39,0.898,119.5
28021,2.835,0.1547,0.04239,0.008982,0.0005981,0,4.75,34.5,2014-2025,11.17,county,53.91,602,5967,39.43,0.9311,1102
28023,1.753,0.02089,0.001049,0,0,0,2.25,7.75,2014-2025,11.17,county,27.31,305,7062,7.832,0.8752,73.75
28025,0.5759,0.008259,0,0,0,0,1.75,6.25,2015-2025,9.917,county,14.32,142,9476,2.578,0.6908,41.5
28027,0.4521,0.1001,0.02869,0,0,0,3,24.5,2014-2025,11.17,county,16.39,183,12020,4.346,0.8387,95.25
28029,2.045,0.08733,0.02155,0.0004793,0,0,3.5,21.25,2014-2025,11.17,county,44.06,492,17730,20.87,0.8947,216.2
28031,1.936,0.07435,0.007701,0,0,0,3.5,15.75,2014-2025,11.08,county,31.22,346,9565,14.46,0.9028,150
28033,0.225,0.08922,0.004171,0,0,0,2.75,20.75,2014-2025,11.17,county,8.866,99,95120,2.723,0.6013,108
28035,0.2289,0.07562,0.009694,0.006225,0,0,3,12,2014-2025,11.17,county,8.507,95,44430,2.611,0.6521,219.5
28037,4.355,0.09016,0.01714,0.001429,0,0,3.75,20.5,2014-2025,11.17,county,61.43,686,4359,41.85,0.9516,249.2
28039,1.451,0.09035,0.05622,0.01827,0,0,2.25,21.5,2014-2025,11.17,county,24.54,274,9353,19.93,0.9328,265
28041,1.749,0.05563,0.04252,0.01376,0,0,2.5,9.5,2014-2025,11.17,county,30.54,341,5264,18.37,0.9329,262.8
28043,1.118,0.1112,0.02153,0,0,0,3.5,27,2014-2025,11.17,county,24.27,271,11020,12.9,0.8611,133.2
28045,0.5217,0.1232,0.07268,0,0,0,1.75,49.75,2014-2025,11.17,county,12.54,140,24430,6.354,0.893,146.5
28047,0.2679,0.2196,0.09822,0,0,0,2.5,71.5,2014-2025,11.17,county,9.045,101,109100,5.668,0.8369,157.5
28049,0.7146,0.1569,0.02985,0.0007198,0,0,6.5,35.75,2014-2025,11.17,county,25.25,282,122200,13.57,0.7077,175.2
28051,1.586,0.09915,0.01764,0.0002127,0,0,4,23.75,2014-2025,11.17,county,33.58,375,6634,15.8,0.9306,216
28053,1.52,0.074,0.007128,0,0,0,3.75,17.75,2014-2025,11.17,county,25.52,285,3331,12.19,0.9338,141
28055,0,0.0902,0.01865,0.001291,0.0001594,0.0000198,3.25,22,2017-2024,2,state,0,0,641,0.1238,0,0
28057,0.3986,0.04291,0,0,0,0,2.25,11,2017-2025,5.667,county,11.65,66,10400,2.664,0.592,42.75
28059,0.6454,0.101,0.02481,0.001707,0,0,2,25.75,2014-2025,11.17,county,22.84,255,57810,7.334,0.8024,245
28061,1.532,0.05999,0.01236,0,0,0,3.75,13.25,2014-2025,11.17,county,23.82,266,9808,11.42,0.8914,149.2
28063,3.294,0.1271,0.03416,0.006972,0.0002362,0.000108,4,27.5,2014-2025,11.17,county,44.33,495,4028,40.61,0.9416,1732
28065,2.302,0.08697,0.01605,0.000249,0.000249,0,3.5,19,2014-2025,11.17,county,38.24,427,5468,19.08,0.9338,497
28067,0.3161,0.07428,0.01108,0.006225,0,0,3.25,13,2014-2025,11.17,county,12.45,139,46110,3.451,0.6913,219.5
28069,2.257,0.04346,0.009364,0,0,0,2.25,19,2016-2025,7.417,county,24.81,184,4913,15.69,0.9452,225.8
28071,0.5312,0.03376,0,0,0,0,2.5,11.75,2017-2025,8.75,county,15.77,138,36780,4.182,0.61,48.75
28073,0.5229,0.008377,0,0,0,0,2,6.75,2014-2025,11.17,county,15.13,169,31120,2.615,0.6747,39
28075,1.099,0.04734,0.0008348,0,0,0,3.5,19.75,2014-2025,11.17,county,23.28,260,30150,8.375,0.8661,73
28077,2.495,0.05474,0.004707,0.0009292,0.0005619,0,3,14.5,2014-2025,11.17,county,37.25,416,6452,17.14,0.9095,498
28079,1.003,0.04423,0.003634,0,0,0,2,11,2014-2025,11.17,county,19.79,221,13510,5.769,0.8384,119.5
28081,0.1837,0.01802,0,0,0,0,2.5,7.75,2024-2025,2,county,8.5,17,50450,1.805,0.4132,37
28083,0.1159,0.02102,0,0,0,0,4,12.25,2014-2025,11.17,county,7.164,80,20290,1.202,0.5551,66.25
28085,1.256,0.1114,0.01415,0,0,0,4,27.75,2014-2025,11.17,county,33.85,378,20480,13.91,0.8686,173.2
28087,0.2451,0,0,0,0,0,1.75,7,2015-2025,9.917,county,8.37,83,33300,1.281,0.5942,25.5
28089,1.071,0.08557,0.00509,0,0,0,4,22.25,2014-2025,11.17,county,33.04,369,42180,11.29,0.7753,143.8
28091,0.8922,0.04891,0.003194,0.001355,0.001355,0,2.75,15.25,2014-2025,11.17,county,18.63,208,11620,6.376,0.8531,495.8
28093,0.09735,0,0,0,0,0,2,5.75,2014-2025,9.5,county,3.684,35,19530,0.6041,0.4278,14
28095,0.03823,0,0,0,0,0,1.5,4.75,2015-2025,9.833,county,1.831,18,18680,0.2727,0.294,11.75
28097,1.337,0.09447,0.05465,0,0,0,3,23.5,2014-2025,11.17,county,25.97,290,4275,15.27,0.9367,149.2
28099,0.5991,0.1179,0.05607,0.0007743,0,0,2,38.25,2014-2025,10.33,county,15.48,160,24820,7.061,0.9141,244
28101,1.082,0.1118,0.05376,0,0,0,2.75,26.25,2014-2025,11.17,county,20.96,234,12690,11.64,0.9061,226.2
28103,1.288,0.01725,0.0008082,0,0,0,1.75,9.5,2014-2025,10,county,22.9,229,4707,6.587,0.8411,79.5
28105,0.2281,0.03036,0,0,0,0,1.75,9,2015-2025,9.917,county,8.571,85,33360,1.457,0.6628,68
28107,0.9454,0.06994,0.001779,0,0,0,2.75,17.5,2014-2025,11.17,county,23.28,260,20340,7.385,0.804,110.5
28109,0.7255,0.05592,0.0005755,0,0,0,2.75,20.5,2014-2025,11.17,county,18.54,207,28950,5.466,0.817,92.25
28111,1.864,0.0327,0.01175,0.005339,0,0,2.25,9,2014-2025,11.17,county,31.88,356,4806,11.82,0.8807,403
28113,1.458,0.1333,0.01214,0,0,0,3.5,29.5,2014-2025,11.17,county,35.91,401,23010,15.36,0.88,216
28115,0.1122,0.04002,0,0,0,0,2,17.75,2017-2025,8.75,county,3.314,29,18050,0.9924,0.6493,69
28117,0.01227,0.0902,0.01865,0.001291,0.0001594,0.0000198,3.25,22,2023-2025,2.083,state,0.96,2,13420,0.1268,0.3033,7
28119,2.598,0.07636,0.006567,0,0,0,2.5,16,2014-2025,11.17,county,37.79,422,2656,18.48,0.8881,111.5
28121,0.6048,0.05708,0.004873,0,0,0,3,18.25,2014-2025,11.17,county,21.04,235,84280,5.534,0.6837,106.5
28123,1.52,0.04978,0.009734,0,0,0,2.75,15.25,2014-2025,11.17,county,27.94,312,17940,10.66,0.8663,196.2
28125,1.98,0.06504,0.02262,0.003648,0,0,3,16,2014-2025,11.17,county,30.18,337,2219,16.56,0.9492,279
28127,1.618,0.08373,0.01277,0,0,0,3.5,20,2014-2025,11.17,county,37.07,414,15820,14.11,0.8842,142.5
28129,2.361,0.0733,0.01777,0,0,0,3.5,16.75,2014-2025,11.17,county,38.51,430,7211,18.73,0.9151,155.2
28131,1.213,0.0686,0.01942,0,0,0,1.75,9.75,2014-2025,11.17,county,23.37,261,7460,8.871,0.8867,128
28133,0.8248,0.04638,0.01116,0,0,0,2.75,17,2014-2025,11.17,county,24.09,269,11920,7.549,0.744,113
28135,2.359,0.07978,0.01015,0,0,0,3.75,22.25,2014-2025,11.17,county,45.49,508,5372,19.43,0.9171,146.2
28137,0.9928,0.05452,0.003486,0.0001051,0,0,2.75,16.5,2014-2025,11.17,county,23.46,262,16300,7.359,0.8066,176
28139,1.195,0.07027,0,0,0,0,2.75,21,2019-2025,6.583,county,19.14,126,15160,8.629,0.845,69
28141,0,0.0902,0.01865,0.001291,0.0001594,0.0000198,3.25,22,2024-2025,0.6667,state,0,0,12180,0.0008313,0,0
28143,1.371,0.05976,0.02524,0.01439,0.006026,0.001583,2.5,12.75,2014-2025,11.17,county,24.45,273,3630,15.68,0.9112,3629
28145,0.3511,0.01961,0,0,0,0,2,9,2017-2025,8.75,county,11.89,104,10230,2.647,0.5451,61.25
28147,2.047,0.09856,0.01438,0,0,0,3,23.75,2014-2025,11.17,county,34.57,386,6910,17.89,0.9235,192.2
28149,1.608,0.1391,0.02744,0.0003158,0,0,4.25,31.5,2014-2025,11.17,county,43.7,488,22740,23.1,0.8062,407
28151,0.7788,0.0479,0.001227,0,0,0,3,17.5,2014-2025,11.17,county,22.21,248,25120,6.779,0.6773,104
28153,0.7369,0.02668,0.008594,0.002258,0,0,2.5,8.75,2014-2025,11.17,county,19.25,215,10870,5.227,0.7504,219.5
28155,0.2762,0.07017,0.02076,0,0,0,2.5,17.5,2014-2025,11.17,county,8.418,94,5545,2.298,0.8208,95.5
28157,4.159,0.141,0.04685,0.01385,0.005709,0.000675,4.5,37.25,2014-2025,11.17,county,57.67,644,4817,67.19,0.9625,1246
28159,0.6909,0.08402,0.01203,0,0,0,2.5,20,2015-2025,8.25,county,11.76,97,13240,5.694,0.9233,118.2
28161,0.6596,0.1019,0.0223,0,0,0,2.75,25.25,2014-2025,10.92,county,16.67,182,7274,6.452,0.8758,116
28163,0.356,0.07672,0.0006298,0,0,0,3.5,20.75,2014-2025,11.17,county,13.07,146,10780,3.221,0.8043,84.75
29001,0.3856,0.0153,0,0,0,0,1.75,5.25,2014-2025,10.58,county,8.882,94,12160,1.7,0.6417,32.5
29003,1.319,0.01406,0,0,0,0,2.75,10.25,2015-2025,10.75,county,19.63,211,6865,6.787,0.8335,41.25
29005,1.229,0.02435,0,0,0,0,2,8,2015-2025,9.667,county,12.83,124,2620,5.731,0.8465,48.5
29007,0.2949,0.002625,0,0,0,0,2.5,9.25,2014-2025,10.58,county,7.748,82,11960,1.767,0.6727,31.25
29009,0.8559,0.1011,0.04292,0,0,0,2,26.25,2017-2025,7.917,county,19.58,155,15070,8.374,0.8964,111.5
29011,1.112,0.03441,0.00339,0,0,0,1.75,6,2015-2025,10.67,county,22.03,235,4477,4.786,0.8481,122.2
29013,0.976,0.01249,0.001913,0,0,0,3.25,7.75,2015-2025,10.75,county,17.3,186,5929,4.713,0.8357,84.75
29015,1.502,0.02537,0,0,0,0,2,6.75,2014-2025,11.17,county,29.46,329,8146,7.608,0.8106,71.5
29017,2.154,0.08567,0.009482,0,0,0,2.75,16.25,2017-2025,7,county,44.43,311,5897,16.32,0.9261,158
29019,0.09794,0.00822,0,0,0,0,2.25,8.75,2014-2025,11.17,county,3.672,41,121900,0.995,0.5421,30.75
29021,1.326,0.006136,0,0,0,0,2.5,9.75,2015-2025,10.75,county,19.72,212,33360,6.685,0.828,52.75
29023,0.3222,0.08682,0.0101,0,0,0,2.25,16.25,2019-2025,6.5,county,12.62,82,33930,2.825,0.762,128.2
29025,0.7235,0.009561,0,0,0,0,1.75,5.5,2014-2025,10.83,county,12.74,138,3643,2.501,0.8146,68.75
29027,0.155,0,0,0,0,0,2.5,5.25,2014-2025,10.58,county,5.953,63,28880,0.8395,0.588,18.75
29029,0.9001,0.005318,0,0,0,0,2.5,9.5,2014-2025,11.17,county,23.73,265,19010,5.328,0.6818,54.25
29031,0.4308,0.0495,0.00559,0,0,0,2.25,18,2014-2025,10.58,county,12,127,34410,3.329,0.7777,148.2
29033,1.275,0.002081,0,0,0,0,2.25,6.25,2015-2025,10.75,county,17.21,185,3367,4.906,0.8213,43.75
29035,1.873,0.05152,0.007401,0,0,0,2.5,12.25,2019-2025,6.5,county,26.46,172,3796,11.01,0.929,161.5
29037,0.7143,0.01979,0.005244,0,0,0,2.75,8.5,2015-2025,10.75,county,20.19,217,41520,4.502,0.7107,95.75
29039,0.3379,0.00156,0,0,0,0,2.25,6.25,2015-2025,9.417,county,10.62,100,8461,1.56,0.6764,27.25
29041,1.801,0.04374,0.004386,0,0,0,2.25,11.25,2015-2025,10.75,county,23.07,248,2603,9.804,0.9063,107.8
29043,0.3575,0.1701,0.009476,0,0,0,3.5,46.5,2014-2025,9.833,county,7.932,78,33410,4.713,0.8176,105.8
29045,0.6792,0.04051,0,0,0,0,2,9.75,2014-2025,8.75,county,13.14,115,4000,3.476,0.9015,51.75
29047,0.5207,0.04701,0,0,0,0,3,15.5,2014-2025,11.17,county,16.57,185,99500,4.263,0.7384,68
29049,0.5946,0.01642,0,0,0,0,2.25,11.5,2014-2025,10.92,county,12,131,9383,3.392,0.8145,52.25
29051,0.2181,0.02251,0,0,0,0,2,6.25,2014-2025,11.17,county,7.254,81,39960,1.435,0.5852,68.5
29053,0.6626,0.01684,0,0,0,0,2.75,9.5,2014-2025,10.83,county,14.49,157,7941,3.557,0.7706,56
29055,1.087,0.01495,0.001059,0,0,0,3,10,2016-2025,9.917,county,25.71,255,9285,6.404,0.7675,106.2
29057,1.048,0.01505,0.0007111,0.0003555,0,0,2.5,8.25,2015-2025,8,county,22.75,182,3020,4.848,0.8845,308.8
29059,0.8215,0,0,0,0,0,2.5,6,2017-2025,8.583,county,20.39,175,6604,3.506,0.7413,20.25
29061,0.804,0.003822,0,0,0,0,2.5,6.75,2014-2025,10.25,county,11.12,114,3016,3.253,0.9032,36.5
29063,0.9327,0.03517,0,0,0,0,2.25,8.75,2014-2025,10.92,county,13.19,144,4865,4.385,0.8895,48.25
29065,1.208,0.06419,0.004709,0,0,0,2.75,14,2015-2025,9.083,county,27.96,254,5825,7.927,0.8881,131.2
29067,1.262,0.03031,0.001942,0,0,0,2.5,10.75,2019-2025,6.833,county,34.24,234,5733,6.789,0.8805,148.2
29069,0.1709,0.01064,0,0,0,0,2.25,6.25,2014-2025,10.5,county,5.81,61,19180,0.827,0.7311,61.25
29071,0.4034,0.0326,0.005036,0,0,0,3,16.25,2014-2025,10.92,county,17.04,186,46670,3.49,0.7006,95.5
29073,0.7092,0.01133,0,0,0,0,2.5,7.75,2014-2025,10.92,county,21.25,232,6636,3.82,0.7406,62.75
29075,0.9847,0.005277,0,0,0,0,2,8.25,2015-2025,10.25,county,13.46,138,2347,3.683,0.9074,45.75
29077,0.1665,0.1239,0.01756,0,0,0,4.75,32.5,2014-2025,11.17,county,6.985,78,164100,2.748,0.6562,123
29079,0.131,0,0,0,0,0,2.25,7.25,2015-2025,10.75,county,4.279,46,7058,0.6041,0.7432,21.25
29081,0.463,0,0,0,0,0,2.5,11,2015-2025,10.42,county,6.048,63,4010,1.94,0.8854,22
29083,1.002,0.008556,0.0023,0,0,0,2.5,7,2015-2025,10.75,county,19.07,205,9241,4.801,0.8232,95.75
29085,1.68,0.003004,0,0,0,0,2.5,7.25,2015-2025,9.5,county,30,285,3504,7.234,0.8936,39.25
29087,2.739,0.03979,0.0003701,0,0,0,2,8,2015-2025,10.75,county,21.12,227,1744,13.48,0.9115,128
29089,1.036,0.008359,0,0,0,0,2.25,8.75,2014-2025,10.83,county,18.46,200,4125,4.708,0.8614,57.25
29091,0.3312,0.1643,0.0339,0,0,0,2.75,55.5,2017-2025,6.583,county,10.18,67,23480,4.896,0.8877,138
29093,1.208,0.1105,0.01004,0.0003777,0,0,3.5,28,2014-2025,10.75,county,27.63,297,5709,11.06,0.904,209.2
29095,0.3896,0.1185,0.008033,0,0,0,5,26.75,2014-2025,11.17,county,10.75,120,298900,5.595,0.7108,104
29097,0.3772,0.0255,0.007096,0,0,0,1.75,7.5,2015-2025,10.17,county,13.38,136,47480,2.088,0.6761,133.2
29099,0.3076,0.133,0.004832,0,0,0,5,30.5,2014-2025,9.583,county,11.37,109,108300,4.472,0.7291,101.8
29101,0.6775,0.006176,0,0,0,0,2,6.75,2015-2025,9.75,county,17.23,168,20610,3.317,0.6969,56.75
29103,0.756,0.009113,0,0,0,0,1.75,8.75,2014-2025,8.5,county,12.94,110,2220,3.102,0.8825,61
29105,0.3868,0.007217,0,0,0,0,1.75,5.5,2017-2025,7.083,county,17.08,121,21650,1.671,0.6334,70.5
29107,0.9732,0.003787,0,0,0,0,2,6.25,2015-2025,10.75,county,20.56,221,12160,3.952,0.7922,56.75
29109,0.7808,0.1206,0.05607,0,0,0,2.75,36.5,2015-2025,9.917,county,13.92,138,14630,8.59,0.9199,105.5
29111,0.3969,0,0,0,0,0,2.25,6,2014-2025,10.58,county,7.181,76,6054,1.616,0.7563,23.5
29113,0.825,0.0313,0,0,0,0,2.5,10.5,2014-2025,11.17,county,20.42,228,24420,4.907,0.7668,66.25
29115,0.3736,0.01164,0,0,0,0,2.25,9.5,2014-2025,10.5,county,7.524,79,4773,1.815,0.7937,61.75
29117,0.1558,0,0,0,0,0,2.25,7,2014-2025,9.833,county,6.407,63,8648,0.7547,0.699,17.75
29119,0.01606,0.07325,0.008922,0.000293,0,0,3,18.5,2015-2025,9,state,1,9,177600,0.3195,0.4844,52.25
29121,0.283,0.05048,0,0,0,0,1.75,9.75,2015-2025,7.417,county,6.337,47,8853,1.573,0.7643,56
29123,0.8287,0.09043,0.01299,0,0,0,2.75,18.25,2014-2025,9.333,county,17.89,167,8568,7.177,0.8802,154.8
29125,0.9848,0.005979,0,0,0,0,2.5,7.25,2014-2025,10.75,county,21.67,233,3602,4.44,0.8399,48
29127,0.1334,0.004389,0,0,0,0,1.5,8,2014-2025,8.083,county,5.072,41,13100,0.8067,0.5508,28.75
29129,0.06738,0,0,0,0,0,2.5,6.5,2015-2025,8.083,county,2.598,21,1937,0.3047,0.6921,14.5
29131,0.5172,0.04673,0,0,0,0,3,11,2014-2025,10.92,county,12.92,141,12540,3.654,0.804,67.25
29133,0.8816,0.0685,0,0,0,0,2.25,19.25,2014-2025,10.58,county,8.315,88,5838,5.043,0.928,61
29135,0.303,0,0,0,0,0,2.25,6.25,2014-2025,11,county,9,99,7207,1.865,0.4895,13.75
29137,0.7711,0.02351,0.00321,0,0,0,2.25,6.75,2014-2025,9.083,county,19.16,174,3425,3.502,0.8189,131.5
29139,0.84,0.002424,0,0,0,0,2.25,6.5,2014-2025,9.667,county,16.66,161,5285,3.65,0.7588,54.75
29141,0.9941,0.01086,0,0,0,0,2.5,8.5,2014-2025,9.917,county,22.29,221,10000,5.18,0.7515,71.75
29143,0.7179,0.08522,0.000488,0,0,0,2.25,15,2014-2025,10.58,county,13.61,144,9169,4.596,0.8888,76.75
29145,1.453,0.03582,0.003183,0,0,0,2.25,7,2014-2025,10.25,county,29.17,299,21990,7.331,0.8373,154.5
29147,0.8848,0.01653,0,0,0,0,1.75,9.5,2015-2025,10.75,county,17.58,189,8261,3.691,0.8412,70.25
29149,1.37,0.149,0.01705,0,0,0,2.25,37.5,2019-2025,6.5,county,34.62,225,4069,14.15,0.957,138
29151,0.7266,0.02066,0,0,0,0,2.75,6.75,2014-2025,10.92,county,17.31,189,5974,3.108,0.7942,45.75
29153,1.66,0.07633,0.007318,0,0,0,2.25,15.75,2019-2025,6.75,county,36.59,247,4000,11.85,0.9291,145
29155,1.183,0.06615,0.001117,0,0,0,2,9.5,2014-2025,10.58,county,15.69,166,7582,6.583,0.8844,106.8
29157,0.694,0.1419,0.02595,0.002324,0,0,3,26.75,2017-2025,8.167,county,11.51,94,11690,7.614,0.9039,235.5
29159,0.5008,0.015,0.00427,0,0,0,1.75,6,2015-2025,10.17,county,15.54,158,16700,2.334,0.6718,74.5
29161,0.3529,0.05982,0.008876,0,0,0,2.75,12,2017-2025,8.917,county,12.34,110,22130,2.951,0.7419,101
29163,0.5534,0.01663,0,0,0,0,2.75,9.25,2014-2025,11.17,county,16.21,181,8194,3.094,0.7035,117.2
29165,0.6644,0.01405,0,0,0,0,2.25,8.5,2015-2025,10.75,county,17.4,187,42610,3.848,0.6987,47.5
29167,0.6938,0.02739,0.01403,0,0,0,2,7.25,2014-2025,10.42,county,14.4,150,11800,3.074,0.7704,73
29169,0.2822,0.0384,0,0,0,0,2.25,9.75,2017-2025,7.833,county,10.72,84,26190,1.861,0.6102,53
29171,0.3216,0.001623,0,0,0,0,2,3,2019-2025,6.5,county,10.15,66,1768,1.036,0.7553,28.75
29173,0.727,0.02757,0.001471,0,0,0,1.75,7.25,2014-2025,10.42,county,14.98,156,5206,3.274,0.8066,84.25
29175,0.5477,0.01008,0,0,0,0,2,9,2014-2025,11.17,county,9.313,104,11250,2.632,0.8132,36.75
29177,0.9999,0.01421,0,0,0,0,2.25,7.25,2014-2025,10.92,county,16.31,178,8773,4.799,0.81,52.5
29179,2.135,0.09938,0.01994,0.000576,0,0,3,23.5,2014-2025,9.5,county,46.63,443,4024,19.51,0.9428,282.8
29181,1.181,0.08918,0.02008,0,0,0,2,14.75,2019-2025,6.5,county,22.77,148,7306,9.632,0.9209,136.5
29183,0.1969,0.02422,0,0,0,0,2.5,9.75,2014-2025,11.17,county,7.881,88,181800,1.81,0.4897,46.75
29185,1.168,0.04746,0.008542,0,0,0,2.5,12.25,2015-2025,10.75,county,25.02,269,3955,7.171,0.9071,114.8
29186,0.8139,0.03843,0.006748,0,0,0,2.75,8.25,2015-2025,9.083,county,16.4,149,10460,4.031,0.8565,130.8
29187,0.3953,0.05763,0.001033,0,0,0,3.25,19,2014-2025,10.58,county,10.77,114,32640,3.556,0.7836,96
29189,0.1321,0.2298,0.02887,0,0,0,7.75,43.25,2014-2025,7.5,county,4.533,34,594500,3.259,0.6113,123.8
29195,0.3188,0.01351,0.005037,0,0,0,2.25,7.5,2014-2025,9.833,county,11.9,117,12350,1.631,0.6913,77.25
29197,1.395,0.01555,0,0,0,0,2,5.25,2014-2025,8.583,county,22.95,197,1531,5.054,0.8687,40.5
29199,1.391,0.007204,0,0,0,0,2,4.75,2014-2025,9,county,21.33,192,1563,4.463,0.8656,55
29201,0.3905,0.03703,0,0,0,0,2.25,8.25,2014-2025,8.75,county,10.29,90,24730,2.109,0.8226,63.25
29203,1.801,0.0803,0.006073,0,0,0,3,18.5,2017-2025,8.5,county,38.94,331,3195,13.89,0.9309,156.5
29205,0.6971,0.02957,0,0,0,0,1.75,7,2019-2025,6.5,county,16.77,109,2485,3.437,0.8189,48
29207,0.5425,0.1541,0.01391,0,0,0,2,44,2014-2025,10.58,county,11.34,120,17220,5.731,0.9191,88.25
29209,1.094,0.009262,0,0,0,0,2,7.25,2015-2025,9.833,county,18.31,180,12730,4.919,0.7959,56.75
29211,0.4305,0.003597,0,0,0,0,2.75,7.25,2014-2025,9.083,county,5.945,54,1991,1.791,0.9007,31.75
29213,0.6367,0.05867,0.005429,0,0,0,2,8.25,2015-2025,10.08,county,15.97,161,29210,3.802,0.8434,104.5
29215,1.025,0.006554,0,0,0,0,2.75,9.25,2017-2025,8.917,county,26.13,233,9335,5.351,0.794,59
29217,1.448,0.008293,0,0,0,0,2.5,6.75,2015-2025,10.75,county,22.23,239,7776,6.179,0.8177,42.25
29219,1.184,0.02276,0,0,0,0,2.75,8,2014-2025,11.17,county,23.64,264,14350,6.458,0.7795,71.5
29221,1.172,0.05301,0.003468,0,0,0,2.75,16.25,2014-2025,10.92,county,29.04,317,10160,8.544,0.8501,94.25
29223,2.499,0.07756,0.007559,0,0,0,3,18.25,2019-2025,6.5,county,51.54,335,7134,18.75,0.9132,143.5
29225,0.3537,0.1732,0.039,0,0,0,5.5,65.5,2014-2025,10.75,county,9.116,98,13720,8.141,0.7464,140
29227,3.39,0.0001321,0,0,0,0,1.75,5.75,2016-2025,8.667,county,11.65,101,773,11.6,0.9122,27
29229,0.685,0.01222,0.003299,0.002103,0,0,2.25,7.75,2017-2025,8.583,county,13.86,119,7683,3.692,0.826,270.2
29510,0.7387,0.2072,0.03861,0.003144,0,0,6.75,44.25,2014-2025,10.58,county,20.22,214,143100,14.71,0.782,197.8
30001,1.102,0,0,0,0,0,2,4.25,2019-2025,6.583,county,7.291,48,4107,3.104,0.9157,7.75
30003,0.103,0.0291,0.02061,0.02001,0,0,5.75,8.5,2019-2025,7,county,1.857,13,6865,1.073,0.7818,172.5
30005,2.134,0.003763,0.0009977,0,0,0,3.5,6.75,2020-2025,6,county,18.33,110,2740,9.036,0.9347,76
30007,0.9556,0,0,0,0,0,2.25,5.5,2019-2025,6.083,county,17.42,106,2872,3.41,0.8727,22.5
30009,1.152,0.009877,0,0,0,0,2,8.75,2016-2025,7.167,county,20.51,147,6512,4.781,0.892,60.5
30011,0,0.04796,0.006501,0.00004074,0,0,2.5,10.25,2016-2025,3.583,state,0,0,598,0.02905,0,0
30013,0.9861,0.0117,0.002337,0,0,0,2.5,7.75,2019-2025,6.083,county,27.78,169,39170,5.021,0.7821,121.8
30015,3.174,0.006059,0,0,0,0,2.75,8,2020-2025,6,county,20.17,121,2184,13.08,0.9525,50.75
30017,0.5382,0.002584,0,0,0,0,1.25,4.5,2017-2025,7.25,county,5.931,43,6942,1.754,0.7989,24
30019,0.8566,0.01563,0,0,0,0,2,3,2017-2025,4.917,county,3.661,18,714,3.3,0.7942,57.25
30021,0.279,0,0,0,0,0,1.75,5.75,2017-2025,7.083,county,4.518,32,7435,1.196,0.6436,14
30023,1.101,0.007822,0.001614,0,0,0,2,4.75,2019-2025,6.083,county,18.25,111,6663,3.954,0.7942,122.8
30025,0.2992,0.01099,0.004398,0,0,0,2,5.5,2017-2025,6,county,4.833,29,2280,1.327,0.7647,131.2
30027,1.038,0.01238,0,0,0,0,2,6.75,2019-2025,6.083,county,8.712,53,5384,4.033,0.8994,48
30029,0.744,0.08527,0.007146,0,0,0,2.75,19.25,2014-2025,10,county,18.5,185,65580,6.428,0.8298,114.2
30031,0.2746,0.01762,0,0,0,0,2.25,6,2019-2025,6.417,county,8.416,54,96600,1.8,0.5395,56.75
30033,0,0.04796,0.006501,0.00004074,0,0,2.5,10.25,2020-2025,0.8333,state,0,0,1613,0.1365,0,0
30035,0,0.04796,0.006501,0.00004074,0,0,2.5,10.25,2022-2024,2.667,state,0,0,12670,0,0,0
30037,5.459,0.01003,0.001046,0,0,0,2.5,4.25,2020-2025,5.917,county,13.52,80,355,16.97,0.9212,80
30039,2.286,0.01703,0.001474,0,0,0,3.25,7.5,2019-2025,6.083,county,27.95,170,2293,10.97,0.9349,119.5
30041,1.546,0,0,0,0,0,2.75,5.25,2020-2025,6,county,16.67,100,7876,4.964,0.9406,23
30043,1.066,0.1004,0,0,0,0,3,25.75,2019-2025,6.083,county,19.89,121,5322,7.084,0.8741,52
30045,2.995,0.05508,0.0009536,0,0,0,2.5,7.25,2020-2025,5.917,county,17.92,106,1006,14.44,0.971,96
30047,0.2775,0.08474,0.007405,0,0,0,2,17.25,2014-2025,10,county,6.6,66,24040,2.067,0.859,84.75
30049,1.014,0.01546,0.001469,0,0,0,2.5,7.5,2019-2025,6.083,county,19.07,116,32890,4.663,0.8069,87.25
30051,3.218,0.01372,0.01027,0,0,0,2.5,5.5,2020-2025,5.833,county,15.6,91,804,11.38,0.9624,78.25
30053,1.22,0.09003,0.01913,0,0,0,4,21,2014-2025,10.17,county,23.9,243,12720,11.64,0.9504,193.2
30055,0,0.04796,0.006501,0.00004074,0,0,2.5,10.25,2017-2024,3.167,state,0,0,2179,0.008442,0,0
30057,2.099,0.01612,0.001094,0,0,0,3.75,12.25,2019-2025,6.25,county,30.56,191,6199,11.66,0.9067,74.25
30059,7.373,0.01949,0.0003795,0,0,0,3,6.75,2020-2025,6,county,25.83,155,834,30.93,0.9727,94.5
30061,2.627,0.1145,0.004969,0,0,0,4,30.5,2017-2025,6.833,county,16.39,112,2455,24.59,0.9847,147
30063,0.6478,0.1527,0.03071,0,0,0,2.75,42.75,2019-2025,6.833,county,16.24,111,57350,7.94,0.9035,126.5
30065,0.8985,0.08238,0.004398,0,0,0,4.25,9.75,2020-2025,6,county,14.5,87,2362,5.623,0.9257,126.5
30067,0.7997,0.03637,0.0114,0,0,0,3.5,8.5,2014-2025,9.083,county,17.83,162,8763,4.536,0.854,147.2
30071,3.352,0.00421,0.002905,0.0006401,0,0,1.75,6.75,2019-2025,6.083,county,13.81,84,1992,11.15,0.9646,281.2
30073,1.915,0.007693,0,0,0,0,2.75,5.5,2019-2025,6.083,county,19.4,118,2153,7.164,0.9223,55.5
30075,0.2714,0.03481,0,0,0,0,2.75,6.75,2016-2025,5.25,county,7.619,40,746,1.302,0.819,45.75
30077,0.9151,0.1075,0.002061,0,0,0,3.5,24.25,2020-2025,6,county,16.33,98,4506,6.741,0.8867,127.8
30079,1.811,0.001687,0,0,0,0,2.5,6,2017-2025,4.75,county,6.105,29,758,6.052,0.9163,24.75
30081,0.507,0.06369,0,0,0,0,3.5,19.5,2019-2025,6.833,county,11.85,81,25040,3.964,0.8776,61.25
30083,0.2777,0.01211,0.008071,0,0,0,4.5,12.25,2017-2025,6.917,county,3.181,22,9805,2.352,0.742,167.5
30085,0.2571,0,0,0,0,0,2.5,5.25,2017-2025,7.083,county,5.224,37,7252,1.025,0.6893,15
30087,0.8202,0.01553,0,0,0,0,2,6.25,2017-2025,7.333,county,10.09,74,4647,3.241,0.8597,71.75
30089,1.516,0.0767,0.02105,0,0,0,2.75,16.25,2014-2025,8.25,county,26.67,220,7314,12.4,0.9366,128
30091,0.4575,0.012,0,0,0,0,3.5,7,2017-2025,6.5,county,7.077,46,1766,2.714,0.7782,58
30093,0.5377,0.007036,0,0,0,0,2.25,4.75,2019-2025,6.083,county,11.34,69,24070,2.226,0.7391,54.25
30095,0.523,0,0,0,0,0,2,7.25,2020-2025,5.917,county,7.437,44,5383,1.78,0.8829,23.5
30097,1.534,0.02137,0,0,0,0,3.5,8,2020-2025,6,county,18,108,1993,7.094,0.9305,71.5
30099,2.59,0.01324,0,0,0,0,1.75,6.25,2020-2025,6,county,26.17,157,2464,9.001,0.9324,71.5
30101,0,0.04796,0.006501,0.00004074,0,0,2.5,10.25,2022-2024,1.833,state,0,0,3546,0,0,0
30103,0,0.04796,0.006501,0.00004074,0,0,2.5,10.25,2022-2024,1.833,state,0,0,548,0,0,0
30105,2.131,0.01019,0.005699,0,0,0,2.25,6.75,2019-2025,6.083,county,13.64,83,3912,7.387,0.9639,84.75
30107,3.066,0.0364,0.01211,0,0,0,2.75,8.5,2020-2025,6,county,20.33,122,875,15.2,0.9621,97
30109,0.8656,0.1438,0.004739,0,0,0,2.5,24.75,2017-2025,4.333,county,4.385,19,675,5.159,0.9625,75.5
30111,0.4212,0.00518,0,0,0,0,2.25,6.75,2019-2025,6.083,county,17.42,106,77610,2.361,0.6301,32
31003,0.163,0.1436,0.04779,0.001167,0,0,4.25,42.25,2014-2025,2.917,state,2.743,8,3462,0.4809,0.8641,4.5
31013,0,0.1436,0.04779,0.001167,0,0,4.25,42.25,2023-2024,1.917,state,0,0,8277,0,0,0
31015,0.7231,0,0,0,0,0,3.5,4.25,2015-2025,3.917,county,2.809,11,1340,2.29,0.949,7
31017,0.2707,0,0,0,0,0,1.5,2,2014-2025,5.083,county,2.951,15,3604,0.5298,0.8495,9.5
31019,0.143,0,0,0,0,0,1.25,4.25,2014-2025,6,county,4.5,27,35220,0.4839,0.5623,13
31021,0.2195,0.3812,0.002801,0,0,0,4,36.25,2014-2025,5.917,county,2.028,12,3574,2.559,0.9273,109.5
31023,0,0.1436,0.04779,0.001167,0,0,4.25,42.25,2023-2025,2.5,state,0,0,6787,0.0971,0,0
31025,0.8188,0.07638,0.03175,0,0,0,3,20,2014-2025,6.083,county,10.68,65,12380,8.334,0.9005,142.8
31027,0.02587,0.1436,0.04779,0.001167,0,0,4.25,42.25,2014-2025,4,state,0.5,2,5363,0.1188,0.2317,1.5
31031,0.1732,0.1164,0,0,0,0,3.25,24.75,2015-2025,3.667,county,5.182,19,4043,2.11,0.518,32
31037,0.05958,0.142,0.142,0.09584,0,0,3,132.5,2015-2025,5.5,county,1.818,10,6814,1.656,0.9278,176.2
31043,0.1513,0,0,0,0,0,1.5,4,2014-2025,6,county,3,18,17050,0.5318,0.548,9
31045,0.5424,0.001826,0,0,0,0,2.25,7.75,2014-2025,6,county,3.833,23,5555,2.122,0.8641,35.75
31047,0.06057,0.1436,0.04779,0.001167,0,0,4.25,42.25,2014-2025,5.917,state,1.521,9,12040,0.3079,0.4122,4.25
31049,0.3389,0,0,0,0,0,1.5,3.25,2014-2025,5.583,county,2.507,14,1065,0.9,0.6299,7.5
31051,0.4384,0.1436,0.04779,0.001167,0,0,4.25,42.25,2014-2025,3.167,state,1.895,6,2215,1.087,0.9547,4.75
31053,0.1062,0.2594,0.1779,0.03108,0,0,2.5,108.2,2015-2025,5.667,county,3,17,26030,3.062,0.9166,194.2
31055,0.3961,0.1967,0.071,0,0,0,7.25,50.25,2015-2025,5.667,county,8.118,46,261900,8.559,0.8479,168.8
31059,0.1164,0.249,0,0,0,0,8.25,24,2014-2025,5.75,county,2.087,12,3217,1.417,0.8584,32
31065,0.1121,0.1436,0.04779,0.001167,0,0,4.25,42.25,2015-2025,4.083,state,0.7347,3,3205,0.4105,0.7686,4.75
31067,0.6069,0.01302,0.01302,0,0,0,1.75,6.5,2023-2025,3,county,15,45,9154,3.046,0.6155,84.5
31069,0.9179,0,0,0,0,0,1.25,4,2014-2025,5.667,county,6.529,37,1392,2.356,0.878,14.5
31079,0,0.1436,0.04779,0.001167,0,0,4.25,42.25,2023-2025,2.5,state,0,0,38620,0.01862,0,0
31081,0.4287,0,0,0,0,0,1,7,2014-2025,5.667,county,2.118,12,4863,1.306,0.8796,19
31083,0.5891,0,0,0,0,0,1.75,2.5,2015-2025,4.667,county,3.429,16,2690,1.152,0.8899,4.75
31089,0.1613,0,0,0,0,0,1.5,7,2014-2025,5.667,county,2.471,14,8581,0.5047,0.7952,8
31093,0,0.1436,0.04779,0.001167,0,0,4.25,42.25,2023-2025,2.333,state,0,0,4588,0.04682,0,0
31095,1.019,0.01844,0,0,0,0,2,5.75,2023-2025,3,county,23,69,3690,4.179,0.7394,70
31097,0.9853,0.003997,0,0,0,0,3,6,2014-2025,6,county,16.67,100,2243,4.227,0.8816,27.25
31101,0.1212,0.1436,0.04779,0.001167,0,0,4.25,42.25,2014-2025,5.833,state,1.543,9,7643,0.4464,0.688,8
31103,0,0.1436,0.04779,0.001167,0,0,4.25,42.25,2023-2025,2.417,state,0,0,686,0.03996,0,0
31107,0.1556,0.1436,0.04779,0.001167,0,0,4.25,42.25,2014-2025,4.75,state,1.895,9,7968,0.3689,0.8838,3.75
31109,0.02323,0.1436,0.04779,0.001167,0,0,4.25,42.25,2023-2025,3,state,1,3,165000,0.7249,0.7882,104.8
31111,0,0.1436,0.04779,0.001167,0,0,4.25,42.25,2014-2025,5.25,state,0,0,23520,0.01293,0,0
31119,0.07307,0,0,0,0,0,1.5,4,2014-2025,6,county,1.667,10,21860,0.279,0.4799,5.25
31123,0.09737,0.1436,0.04779,0.001167,0,0,4.25,42.25,2014-2025,4.333,state,2.077,9,3740,0.4643,0.8151,16.5
31127,0.3965,0,0,0,0,0,3.25,7.25,2015-2025,5.667,county,10.59,60,2851,2.152,0.7589,24.5
31131,0.1632,0.04864,0,0,0,0,3.5,14,2015-2025,5.667,county,6.529,37,9649,1.438,0.651,27
31133,1.328,0.02904,0.01892,0,0,0,3,9.25,2014-2025,5.917,county,16.06,95,1271,6.274,0.9198,83.25
31135,0.1282,0,0,0,0,0,1.75,3.75,2014-2025,5,county,2,10,1727,0.4544,0.6111,5.75
31139,0.2032,0.1436,0.04779,0.001167,0,0,4.25,42.25,2023-2025,2.917,state,2.4,7,3197,0.512,0.7145,4.25
31145,0.08425,0.1436,0.04779,0.001167,0,0,4.25,42.25,2014-2025,6,state,1.167,7,8983,0.2824,0.5361,3.75
31147,0.4317,0,0,0,0,0,2.5,7.25,2014-2025,6,county,7.833,47,5162,1.88,0.7711,24
31149,0.2346,0.1436,0.04779,0.001167,0,0,4.25,42.25,2015-2025,4.167,state,1.44,6,1374,0.4099,0.722,1.5
31151,0.9285,0.1801,0.02698,0,0,0,2.75,35.5,2023-2025,3,county,17,51,5137,11.59,0.8887,158.8
31153,0.5325,0.1744,0.0426,0,0,0,4.75,46,2015-2025,5.667,county,12.88,73,77050,8.401,0.9164,145.5
31155,0.8956,0.2414,0.09085,0.004945,0,0,4,64.5,2015-2025,5.667,county,14.82,84,10400,16.68,0.9621,222
31157,0.1281,0,0,0,0,0,1.5,4.5,2014-2025,6,county,3.167,19,21720,0.6732,0.5474,24
31159,0.7537,0.2194,0.09446,0.002868,0,0,3.25,68.75,2014-2025,5.417,county,13.11,71,6576,14.96,0.9437,180
31161,0.5664,0.0074,0,0,0,0,2,6.75,2014-2025,6,county,8.167,49,3062,2.323,0.7901,28.75
31163,0.2615,0,0,0,0,0,4.75,10.75,2023-2025,3,county,3.667,11,2413,1.575,0.957,11.5
31165,5.981,0.008545,0.00161,0,0,0,2,6.5,2023-2025,3,county,18.33,55,450,25.16,0.889,92.5
31169,2.476,0.09133,0.011,0.004583,0,0,3,18.5,2023-2025,3,county,37,111,2056,21.09,0.8717,266.8
31173,0.1234,0,0,0,0,0,3.75,5.75,2015-2025,4.333,county,3,13,3240,0.5484,0.8461,13.5
31177,2.302,0.05916,0.01679,0.005064,0,0,3,15.75,2015-2025,5.667,county,15,85,8327,18.83,0.9471,179.2
31185,0.2065,0.02981,0.005107,0,0,0,3,14.75,2014-2025,6,county,2.833,17,10590,1.673,0.8564,147
32001,0.6788,0.004251,0.004251,0,0,0,1.75,4.5,2015-2025,10.58,county,10.87,115,12210,2.673,0.744,142.8
32003,0.06712,0.008557,0,0,0,0,2.25,8.5,2015-2025,10.58,county,3.78,40,1009000,1.15,0.2189,28.25
32005,1.467,0.04363,0.003583,0,0,0,2.75,7.25,2015-2025,10.58,county,20.79,220,24120,8.379,0.8392,178
32007,1.073,0.00231,0,0,0,0,1.75,4,2015-2025,10.58,county,17.86,189,19030,3.573,0.7137,51.75
32009,3.75,0.0003817,0,0,0,0,3,10.75,2015-2025,10.08,county,7.835,79,485,18.72,0.9283,31.75
32011,0.4567,0.01769,0.009996,0.006894,0,0,3.75,13,2015-2025,9.833,county,7.322,72,1938,3.07,0.9349,171.5
32013,1.534,0.008279,0.007491,0,0,0,2,7,2015-2025,10.58,county,23.15,245,9456,7.134,0.8523,160
32015,2.38,0.0112,0.0008249,0.0004391,0,0,2.5,9.25,2015-2025,10.58,county,28.54,302,2984,11.43,0.8906,171.5
32017,0,0.01968,0.00326,0.00002472,0,0,2,7.75,2019-2020,0.9167,state,0,0,1645,0.09865,0,0
32019,0.8504,0.01281,0.003068,0,0,0,2.25,6,2015-2025,10.58,county,18.05,191,28140,3.845,0.7639,100.5
32021,2.267,0.02769,0.003231,0,0,0,3.25,8.75,2015-2025,10.58,county,15.59,165,2219,10.37,0.9256,79.75
32023,0.2975,0,0,0,0,0,2,6.5,2015-2025,10.5,county,8,84,26900,1.471,0.6145,20.25
32027,1.43,0.003341,0,0,0,0,2.5,7.75,2015-2025,10.58,county,16.54,175,2671,6.086,0.835,55
32029,0.2349,0.03386,0,0,0,0,2.5,10.75,2015-2025,10,county,4.2,42,6273,1.358,0.7698,78.5
32031,0.5843,0.02439,0.004876,0,0,0,2,8.25,2015-2025,10.58,county,26.65,282,244300,3.995,0.6111,160.2
32033,0,0.01968,0.00326,0.00002472,0,0,2,7.75,2019-2020,1.167,state,0,0,5695,0.05501,0,0
32510,0.4805,0.04015,0.00602,0,0,0,1.75,9,2015-2025,10.58,county,9.165,97,30610,2.961,0.6718,99
33001,1.122,0.1675,0.01558,0.002983,0.0006992,0,4.75,35.75,2014-2025,11.08,county,22.29,247,32430,15.23,0.8758,593
33003,1.873,0.1164,0.01101,0.0006462,0.0001685,0,3.75,28,2014-2025,11.08,county,35.82,397,26010,19.55,0.8971,374.2
33005,0.7951,0.1606,0.0007319,0,0,0,5.5,31.25,2014-2025,11.17,county,19.25,215,36010,9.82,0.8774,91
33007,0.9873,0.05615,0.00998,0,0,0,3,14.25,2014-2025,11.08,county,21.2,235,24040,7.187,0.8966,132.5
33009,0.8138,0.09398,0.004314,0,0,0,3.25,22.25,2014-2025,11.17,county,22.3,249,49900,7.358,0.8282,113.2
33011,0.3558,0.2364,0.004369,0,0,0,8.5,39,2014-2025,10.92,county,9.527,104,196400,6.159,0.8241,89
33013,0.4902,0.1712,0.008009,0,0,0,5.75,34.75,2014-2025,11.08,county,12.9,143,115900,6.909,0.8533,108.5
33015,0.5832,0.1391,0.00745,0,0,0,6,30.5,2014-2025,11.17,county,13.07,146,154000,7.621,0.8414,112.8
33017,0.4174,0.21,0.007196,0,0,0,6,35.75,2014-2025,11.08,county,11.1,123,89740,6.117,0.8782,109
33019,1.6,0.08053,0.001148,0,0,0,3.5,21,2014-2025,11.17,county,31.25,349,20080,12.47,0.9141,113.5
34001,0.2108,0.1179,0.01428,0,0,0,2.75,25,2014-2025,11.17,county,7.791,87,167200,2.782,0.6691,105.5
34003,0.119,0.2657,0.09283,0,0,0,5.5,71.5,2014-2025,11.17,county,4.209,47,418400,3.291,0.6546,133
34005,0.3671,0.1943,0.02108,0,0,0,5.5,44.25,2014-2025,11.17,county,10.84,121,208500,6.251,0.7664,121.2
34007,0.2523,0.1885,0.02724,0,0,0,4,46.25,2014-2025,11.17,county,8.776,98,243300,4.344,0.7321,131
34009,0.9289,0.07596,0.002609,0,0,0,2,18.25,2014-2025,11.17,county,20.24,226,56100,6.673,0.8281,105.8
34011,0.2641,0.08666,0.001936,0,0,0,2.25,22.5,2014-2025,11.17,county,9.045,101,82840,2.531,0.7273,95.5
34013,0.1057,0.19,0.06672,0,0,0,4,44.5,2014-2025,11.17,county,3.582,40,386900,3.067,0.4875,148.5
34015,0.2797,0.195,0.05751,0,0,0,3.75,52.75,2014-2025,11.17,county,9.582,107,162700,5.265,0.8164,151.5
34017,0.1123,0.04433,0.00406,0,0,0,1.5,5.75,2014-2025,11.17,county,4.567,51,299600,1.177,0.371,82.75
34019,1.414,0.1133,0.02793,0,0,0,3.5,27.25,2015-2025,10.67,county,41.16,439,66970,15.74,0.8226,142.8
34021,0.2098,0.1407,0.007656,0,0,0,3.5,27.75,2014-2025,11.17,county,7.791,87,193700,3.069,0.6258,101
34023,0.168,0.1022,0.009195,0,0,0,2.75,24.5,2014-2025,11.17,county,7.164,80,406700,2.542,0.5217,107
34025,0.4583,0.1454,0.04134,0,0,0,4,34.75,2015-2025,10.42,county,16.13,168,345700,7.598,0.7365,128.8
34027,0.909,0.1538,0.04622,0,0,0,3.25,41.25,2014-2025,11.17,county,31.61,353,189600,13.51,0.7869,163.2
34029,0.5414,0.07751,0.005323,0,0,0,3,20,2014-2025,11.17,county,19.34,216,327300,5.708,0.6938,104.5
34031,0.297,0.1031,0.0368,0,0,0,2,26,2014-2025,11.17,county,12.72,142,177200,4.25,0.6105,137.2
34033,0.7003,0.09114,0.008804,0,0,0,2,22,2014-2025,11.17,county,17.37,194,36570,6.113,0.8097,139
34035,0.2904,0.1391,0.03326,0,0,0,3.25,34.75,2014-2025,11.17,county,12.36,138,172500,4.552,0.6657,160.5
34037,2.031,0.1234,0.02552,0,0,0,3,29.25,2014-2025,11,county,50.27,553,56350,21.64,0.89,133.8
34039,0.1961,0.1363,0.03577,0,0,0,2.25,32.5,2014-2025,11.17,county,7.254,81,259700,3.234,0.6205,130.2
34041,1.336,0.09056,0.02628,0,0,0,3,21.5,2015-2025,10.42,county,38.78,404,55610,13.23,0.8203,120
35001,0.197,0.01503,0,0,0,0,2,6.25,2015-2025,10.67,county,6.844,73,364400,1.793,0.3899,67.5
35003,1.343,0.06433,0.01513,0,0,0,2.5,11.5,2014-2025,8.75,county,8.686,76,2458,9.092,0.9395,94.5
35005,0.2939,0.006366,0,0,0,0,1.75,5.5,2014-2025,10.42,county,9.216,96,46340,1.555,0.5748,28.75
35006,0.4218,0.0122,0.0122,0,0,0,2,4.5,2022-2025,2.583,county,9.677,25,8124,1.616,0.7174,82.75
35009,0.3455,0.04032,0,0,0,0,2.25,15,2014-2025,10.42,county,6.72,70,33330,2.065,0.8159,51.75
35011,0.3645,0.03527,0.00962,0,0,0,2.75,14.75,2017-2025,8.083,county,8.784,71,741,3.085,0.5653,120.8
35013,0.6437,0.008153,0,0,0,0,2,4.75,2014-2025,11.17,county,17.37,194,101900,2.483,0.694,34
35015,0.7825,0.004432,0,0,0,0,1.75,5,2014-2025,10.42,county,20.16,210,28540,3.012,0.6259,43.5
35017,1.27,0.005332,0.001957,0.001957,0,0,2.25,7.5,2015-2025,10.67,county,22.22,237,15360,5.312,0.8554,182.8
35019,1.116,0.01936,0.003642,0,0,0,2.75,8.75,2017-2025,8.583,county,21.44,184,1548,5.694,0.8538,158
35023,0.7183,0.001738,0,0,0,0,2,3.25,2015-2025,9.667,county,7.966,77,2651,1.77,0.8826,31.25
35025,0.261,0.03128,0,0,0,0,2.5,10.5,2014-2025,10.42,county,11.42,119,46960,2.381,0.4749,59.5
35027,1.786,0.1133,0.02417,0.005272,0.001645,0,2.25,32,2015-2025,10.67,county,23.72,253,9031,19.76,0.9204,399
35028,0,0.01754,0.001384,0.0002738,0.00005898,0,2,7,2022-2024,2.75,state,0,0,11400,0,0,0
35029,0.3703,0,0,0,0,0,1.75,5.25,2014-2025,10.92,county,7.237,79,16020,1.408,0.6466,14
35031,0.1412,0,0,0,0,0,1.75,3,2019-2025,5.667,county,2.294,13,20910,0.5829,0.5895,14
35033,0,0.01754,0.001384,0.0002738,0.00005898,0,2,7,2022-2024,2.583,state,0,0,2091,0,0,0
35035,0.7361,0.001964,0,0,0,0,2,5,2014-2025,11,county,15.18,167,23830,3.016,0.7083,42
35037,0.4767,0.00744,0.003526,0,0,0,3.5,18.5,2014-2025,10.42,county,2.976,31,4683,3.16,0.9333,114.8
35039,2.361,0.02782,0.00384,0,0,0,3,12.25,2018-2025,6.833,county,42.88,293,14080,13.09,0.9023,79.75
35041,0.1003,0.01292,0,0,0,0,2.25,12.25,2014-2025,10.42,county,2.88,30,14810,0.556,0.675,36.5
35043,0.5138,0.02385,0,0,0,0,2.75,10.25,2015-2025,10.67,county,15.09,161,60720,3.265,0.6602,70
35045,0.6294,0.008588,0,0,0,0,2,6,2018-2025,6.417,county,20.42,131,60290,2.843,0.6713,52.75
35047,0.7575,0.002646,0,0,0,0,2.5,6.25,2015-2025,10.67,county,6.281,67,11790,3.132,0.7926,29
35049,0.6752,0.01916,0,0,0,0,2.5,6.75,2015-2025,10.67,county,17.44,186,78870,3.655,0.6573,57.75
35051,0.008198,0.01754,0.001384,0.0002738,0.00005898,0,2,7,2015-2025,7.917,state,0.2526,2,5285,0.0639,0.1948,1.75
35053,0.03466,0,0,0,0,0,2.25,5,2015-2025,8.5,county,2,17,9451,0.2955,0.3056,8
35055,0,0.01754,0.001384,0.0002738,0.00005898,0,2,7,2022-2024,2.583,state,0,0,28790,0,0,0
35057,2.715,0.0163,0.003127,0,0,0,2.25,7.5,2017-2025,8.667,county,43.15,374,6851,11.52,0.8389,117.5
35059,1.701,0,0,0,0,0,2,16.25,2015-2025,9.75,county,3.385,33,1463,8.731,0.9439,19
35061,0.6737,0.008212,0,0,0,0,2,7.75,2015-2025,10.67,county,13.41,143,35690,3.603,0.6782,60.25
36001,0.4438,0.1015,0.005009,0,0,0,3,24,2014-2025,11.17,county,18.63,208,185600,4.8,0.703,95.5
36003,0.9235,0.08429,0.004583,0,0,0,3,17,2014-2025,11.17,county,25.16,281,27500,6.844,0.8098,96.25
36005,0.01247,0.104,0.02208,0.0009181,0,0,3.25,24.5,2014-2025,11.17,state,0.6269,7,525400,0.7601,0.4891,149.2
36007,0.4986,0.1018,0.005704,0,0,0,2.25,25.5,2014-2025,11.17,county,19.07,213,113800,5.008,0.7929,90.5
36009,0.7678,0.08971,0.004641,0,0,0,3.25,21.75,2014-2025,11.17,county,20.33,227,31490,7.061,0.8067,104
36011,0.8346,0.01909,0,0,0,0,2.25,8.5,2014-2025,11.17,county,20.6,230,40430,4.479,0.7416,52.25
36013,0.6133,0.03616,0,0,0,0,2,10.5,2014-2025,11.17,county,17.37,194,53400,3.758,0.7785,59
36015,0.6102,0.04997,0,0,0,0,2.75,11.5,2014-2025,11.17,county,21.85,244,45620,3.983,0.7618,67.5
36017,1.223,0.1121,0.01647,0,0,0,3.5,25.25,2014-2025,11.17,county,29.64,331,25000,12.52,0.8835,112.5
36019,0.5182,0.08385,0,0,0,0,2,20.25,2014-2025,11.17,county,18.63,208,44960,3.726,0.8009,73.25
36021,1.591,0.1022,0.0002191,0,0,0,3.25,24.25,2014-2025,11.17,county,30.72,343,30820,14.94,0.8706,84.25
36023,0.6508,0.02664,0.001167,0,0,0,2.25,8.75,2014-2025,11.17,county,16.57,185,23940,3.759,0.7705,85
36025,1.289,0.09919,0.006971,0,0,0,4.25,23.75,2014-2025,11.17,county,32.96,368,23980,12.49,0.8743,92.75
36027,0.7151,0.1293,0.02077,0,0,0,4.5,28.25,2014-2025,11.17,county,26.24,293,150000,10.22,0.7536,124.5
36029,0.2008,0.1084,0.01825,0,0,0,4.75,24.5,2014-2025,11.17,county,7.612,85,521100,3.139,0.615,107.8
36031,1.689,0.0843,0.0005872,0,0,0,3.75,21.5,2014-2025,11.17,county,31.97,357,23390,14.29,0.9001,88.5
36033,0.8326,0.05754,0.002563,0,0,0,2.5,15.5,2014-2025,11.17,county,21.22,237,23670,5.735,0.837,88.5
36035,0.993,0.08304,0,0,0,0,3.5,22.25,2014-2025,11.17,county,21.67,242,26640,8.472,0.8964,66.25
36037,0.5582,0.131,0.0009108,0,0,0,2.75,29.25,2014-2025,11.17,county,11.91,133,29240,5.226,0.87,84.5
36039,1.841,0.04398,0.0001738,0,0,0,2.75,13.75,2014-2025,11.17,county,40.66,454,23510,12.09,0.8242,81.5
36041,11.58,0.1065,0.004802,0,0,0,5.25,24.75,2014-2025,11.17,county,48.36,540,2561,106.7,0.9856,130.5
36043,1.424,0.06266,0.0005599,0,0,0,3.5,16.75,2014-2025,11.17,county,25.16,281,27860,10.44,0.8707,111
36045,0.6641,0.04147,0.0005763,0,0,0,1.75,12.5,2014-2025,11.17,county,18.99,212,62240,4.159,0.766,91.75
36047,0.006193,0.104,0.02208,0.0009181,0,0,3.25,24.5,2014-2025,11.17,state,0.2687,3,998000,0.6035,0.1365,54.5
36049,1.287,0.04857,0.002799,0,0,0,2.25,18,2014-2025,11.17,county,27.58,308,12630,8.157,0.8415,88.75
36051,0.5515,0.03151,0.001281,0,0,0,2.5,9.5,2014-2025,11.17,county,15.04,168,33460,3.427,0.762,91.25
36053,0.8861,0.05159,0.002843,0,0,0,2.25,13.25,2014-2025,11.17,county,24.54,274,34020,5.534,0.8167,86.5
36055,0.2153,0.1949,0.06402,0,0,0,4.25,51.5,2014-2025,11.17,county,8.328,93,314700,4.662,0.6833,150
36057,0.7588,0.05989,0,0,0,0,2.5,15.5,2014-2025,11.17,county,19.25,215,25000,4.946,0.8447,67.75
36059,0.09899,0.306,0.2183,0.02536,0,0,8.5,104.5,2015-2025,10.67,county,3.375,36,454800,4.739,0.6847,209.5
36061,0,0.104,0.02208,0.0009181,0,0,3.25,24.5,2014-2025,9.5,state,0,0,873200,0.1219,0,0
36063,0.4584,0.06101,0.001045,0,0,0,2.5,18.25,2014-2025,11.17,county,16.21,181,106200,3.243,0.7855,80.25
36065,0.4719,0.08422,0.00355,0,0,0,2.5,21.5,2014-2025,11.17,county,17.19,192,120800,4.463,0.7375,81.25
36067,0.3709,0.008484,0.002817,0,0,0,2,6.5,2014-2025,11.17,county,18.63,208,192800,2.469,0.4811,77.5
36069,0.4196,0.01742,0,0,0,0,2,7.25,2014-2025,11.17,county,15.04,168,75980,2.575,0.5873,52
36071,0.4257,0.1525,0.01067,0,0,0,4,30.75,2014-2025,11.17,county,16.39,183,176500,6.594,0.693,152
36073,0.875,0.1311,0.004108,0,0,0,2.5,26.75,2014-2025,11.17,county,19.34,216,20380,8.215,0.9022,90
36075,0.9187,0.01184,0,0,0,0,2.25,11.25,2014-2025,11.17,county,26.69,298,57760,5.086,0.7456,50.5
36077,0.8457,0.09245,0.01032,0,0,0,3.25,22.5,2014-2025,11.17,county,27.67,309,31300,7.824,0.8405,113.8
36079,1.525,0.1694,0.04874,0,0,0,3.5,49.5,2014-2025,11.17,county,38.6,431,47490,20.73,0.9194,143.2
36081,0.0107,0.104,0.02208,0.0009181,0,0,3.25,24.5,2014-2025,11.17,state,0.4478,5,847200,1.061,0.4415,173.5
36083,0.8606,0.09423,0.003433,0,0,0,3.25,23.5,2014-2025,11.17,county,27.13,303,80330,7.642,0.8061,91.75
36085,0.1678,0.06903,0.03108,0,0,0,2.5,13,2014-2025,9.5,county,5.895,56,170000,1.886,0.7151,132.5
36087,0.2615,0.1942,0.03658,0,0,0,4.5,42.5,2014-2025,11.17,county,8.597,96,133100,4.559,0.7104,154
36089,0.5026,0.06316,0,0,0,0,2.5,17.5,2014-2025,11.17,county,16.21,181,57540,3.824,0.7519,67.5
36091,1.084,0.05445,0.001652,0,0,0,2.75,17.75,2014-2025,11.17,county,35.55,397,117700,8.034,0.8267,76.25
36093,0.8068,0.03816,0.0008372,0,0,0,2,11.25,2014-2025,11.17,county,24.09,269,78630,4.777,0.7846,75
36095,1.135,0.05402,0,0,0,0,3.25,18.25,2014-2025,11.17,county,22.84,255,14520,8.315,0.8538,71.75
36097,2.544,0.04519,0.001238,0,0,0,3,11,2014-2025,11.17,county,37.88,423,7446,14.47,0.9247,92.75
36099,0.9089,0.02137,0,0,0,0,2.5,7,2014-2025,11.17,county,19.7,220,17540,4.845,0.7841,66
36101,1.05,0.05705,0.00402,0,0,0,3,16.25,2014-2025,11.17,county,34.21,382,39160,7.888,0.7886,93.5
36103,0.09311,0.3114,0.1535,0.01642,0,0,10.75,96.5,2015-2025,10.67,county,2.344,25,657700,4.03,0.6758,199.8
36105,1.915,0.1031,0.02805,0.001211,0,0,3.5,24.5,2014-2025,11.17,county,44.6,498,40510,19.63,0.8795,220.5
36107,1.369,0.06293,0.001924,0,0,0,2.75,11.25,2014-2025,11.17,county,32.69,365,24210,9.365,0.8486,84
36109,0.5734,0.01821,0,0,0,0,2.25,8.25,2014-2025,11.17,county,17.91,200,63720,3.232,0.7472,62.75
36111,1.33,0.09972,0.008851,0,0,0,4.25,23.75,2014-2025,11.17,county,44.78,500,89470,15.3,0.7918,111.5
36113,1.572,0.1283,0.001028,0,0,0,4,26.5,2014-2025,11.17,county,33.4,373,36390,15.63,0.9112,88.75
36115,1.387,0.05756,0.000802,0,0,0,3.5,19,2014-2025,11.17,county,35.82,400,29150,11.01,0.8452,79.75
36117,0.7009,0.02728,0,0,0,0,2.25,9,2014-2025,11.17,county,23.1,258,55920,4.281,0.7349,73.5
36119,0.15,0.5018,0.2265,0.003937,0,0,24,93.25,2014-2025,11.17,county,3.94,44,368700,7.188,0.7889,198.2
36121,1.122,0.05125,0.005971,0,0,0,2.75,10.25,2014-2025,11.17,county,23.28,260,21390,6.738,0.8747,101.5
36123,1.707,0.02979,0,0,0,0,2.75,10.25,2014-2025,11.17,county,26.69,298,12530,9.101,0.9005,72.25
37001,0.6854,0.08928,0.007294,0,0,0,2.75,22.5,2014-2025,11.17,county,22.75,254,67370,6.274,0.801,99
37003,1.128,0.08402,0.02391,0.0002193,0,0,2.75,21.25,2014-2025,11.17,county,21.04,235,13760,10.48,0.8992,178.2
37005,0.6636,0.1681,0.05388,0.007502,0,0,1.75,35,2015-2025,10.42,county,11.42,119,7617,9.763,0.9187,280.8
37007,3.031,0.06446,0.007849,0.0001036,0,0,2.25,16,2014-2025,11.17,county,38.96,435,8266,18.85,0.9262,191.8
37009,0.6074,0.2101,0.104,0.05869,0.007476,0,3,81,2015-2025,10.42,county,12.38,129,17510,16.39,0.9412,404.8
37011,0.2062,0.04597,0.02505,0.02505,0.001824,0,3,17,2015-2025,10.08,county,5.752,58,18990,2.78,0.8842,391.5
37013,0.9794,0.1018,0.02506,0.002374,0,0,2.5,24,2014-2025,11.17,county,17.91,200,19720,9.211,0.9278,219.5
37015,1.261,0.04219,0.001104,0,0,0,3,12.25,2014-2025,11.17,county,26.33,294,10160,8.181,0.8464,150.5
37017,1.309,0.1262,0.09603,0,0,0,2.75,64.75,2014-2025,11.17,county,20.42,228,11710,18.31,0.9454,158.8
37019,0.8435,0.1487,0.0461,0.008015,0,0,1.5,58,2014-2025,11.17,county,13.34,149,82040,11.62,0.9441,252.8
37021,0.9631,0.1389,0.09038,0.07407,0.02499,0,2.75,48.25,2014-2025,11.17,county,32.15,359,102900,27.9,0.908,553
37023,0.6828,0.1967,0.1198,0.04181,0,0,3.25,79.5,2014-2025,11.17,county,18.81,210,35200,16.7,0.935,344.5
37025,0.6907,0.03446,0.005486,0,0,0,3,11.25,2014-2025,11.17,county,21.67,242,76880,5.131,0.6679,86.75
37027,0.5507,0.1814,0.07491,0.02044,0,0,3,52.5,2014-2025,11.17,county,15.49,173,43300,10.29,0.9005,312.5
37029,0.9254,0.04281,0.0008936,0,0,0,2.5,14.75,2015-2025,10.75,county,12.93,139,6187,5.722,0.912,89.25
37031,0.8978,0.113,0.0619,0.01156,0,0,3.25,26.75,2014-2025,11.17,county,16.3,182,39430,13.44,0.9179,236.2
37033,1.947,0.144,0.02502,0,0,0,3.5,35.25,2014-2025,11.17,county,29.01,324,8507,20.68,0.9496,120.2
37035,0.7043,0.1257,0.04243,0.001719,0,0,2.75,27.25,2014-2025,11.17,county,21.22,237,64440,8.852,0.8615,204.8
37037,1.622,0.08106,0.01007,0,0,0,3,22,2014-2025,11.17,county,36.45,407,31130,13.08,0.8605,138
37039,2.037,0.0334,0,0,0,0,2.5,10.75,2014-2025,11.17,county,36.18,404,16160,10.79,0.8415,66.25
37041,0.2607,0.03768,0,0,0,0,2.75,12,2015-2025,10.83,county,4.431,48,12050,1.598,0.8218,62
37043,1.078,0.02235,0,0,0,0,2.5,9.75,2015-2025,9.25,county,21.19,196,9637,6.087,0.781,56
37045,0.6483,0.192,0.08971,0.02189,0,0,4.5,60.5,2014-2025,11.17,county,18.81,210,36570,13.82,0.925,231.5
37047,0.9037,0.2365,0.1062,0.007649,0,0,4.25,75.5,2014-2025,11.17,county,16.93,189,22740,19.2,0.9534,322.2
37049,0.6878,0.104,0.05641,0.00604,0,0,3.25,27.5,2014-2025,11.17,county,15.85,177,41000,9.248,0.9008,221.5
37051,0.2617,0.1751,0.05059,0,0,0,2.5,46.25,2014-2025,11.17,county,9.134,102,126700,3.987,0.8026,152.8
37053,0.8472,0.174,0.01244,0,0,0,2.75,34.75,2015-2025,10.75,county,16.09,173,17800,9.526,0.8982,118
37055,1.202,0.1064,0.008909,0,0,0,2.75,28.25,2015-2025,10.75,county,14.7,158,23620,10.47,0.8754,133
37057,0.6008,0.06082,0.01021,0,0,0,3,15.5,2014-2025,11.17,county,22.21,248,67680,4.987,0.7677,116
37059,1.042,0.03502,0.0003652,0,0,0,3,11,2014-2025,11.17,county,21.85,244,16470,6.49,0.8175,76.5
37061,1.082,0.09978,0.06325,0,0,0,2.5,22.75,2014-2025,11.17,county,23.73,265,20290,13.3,0.9327,197.8
37063,0.7482,0.0762,0,0,0,0,3,22,2014-2025,11.17,county,25.97,290,135500,6.473,0.7661,71.25
37065,0.365,0.02554,0,0,0,0,2,9,2014-2025,11.17,county,12,134,19560,2.154,0.7372,70
37067,0.6408,0.1144,0.007461,0,0,0,3.75,27.25,2014-2025,11.17,county,23.91,267,153100,7.254,0.7557,105.5
37069,1.023,0.08822,0.007751,0,0,0,2.25,23.25,2014-2025,11.17,county,27.22,304,27300,8.083,0.8726,93.5
37071,0.6435,0.1211,0.01431,0,0,0,3.5,27.75,2014-2025,11.17,county,24.27,271,90430,7.377,0.8123,176.8
37073,1.086,0.02656,0.001963,0,0,0,2.75,13.25,2014-2025,11.17,county,14.87,166,5460,6.484,0.9156,88
37075,4.165,0.04282,0.0009132,0,0,0,3,12.75,2014-2025,11.17,county,43.52,486,3179,22.67,0.9158,100.8
37077,1.694,0.04502,0.007783,0,0,0,1.75,11.75,2014-2025,11.17,county,28.93,323,21500,9.467,0.8802,93.25
37079,0.5931,0.08711,0.02094,0,0,0,2.5,19.75,2014-2025,11.17,county,9.224,103,6793,5.204,0.9509,121.2
37081,0.5986,0.154,0.0179,0,0,0,4,30,2014-2025,11.17,county,22.03,246,212800,8.31,0.7653,124
37083,0.4377,0.04973,0.002371,0,0,0,3.25,19,2014-2025,11.17,county,14.96,167,28830,3.645,0.7406,76.5
37085,0.9482,0.1446,0.03436,0.002249,0,0,3.25,31.5,2014-2025,11.17,county,26.96,301,47870,11,0.8571,224.5
37087,1.441,0.08135,0.0397,0.01115,0.0002604,0,2.5,17,2014-2025,11.17,county,32.15,359,26480,16.6,0.8728,362
37089,1.352,0.1669,0.08915,0.05514,0.00374,0,4.5,55.25,2014-2025,11.17,county,34.48,385,49490,35.29,0.9382,691.5
37091,0.5224,0.04689,0.0006362,0,0,0,2.75,13.25,2014-2025,11.17,county,12.54,140,14010,3.529,0.7525,111
37093,0.8326,0.1086,0.0247,0,0,0,2.75,28,2014-2025,11.17,county,20.42,228,18480,8.673,0.8945,160.2
37095,6.355,0.05381,0.0165,0,0,0,1.75,11.5,2017-2025,8.5,county,32,272,2002,37.98,0.9488,133.2
37097,0.6747,0.07218,0.003721,0,0,0,2.75,16.5,2014-2025,11.17,county,21.13,236,72300,5.426,0.7713,148
37099,2.464,0.08918,0.0203,0.001806,0,0,4,20.75,2014-2025,11.17,county,50.87,568,17740,24.57,0.8957,357.5
37101,0.7103,0.1391,0.01696,0,0,0,3,31,2014-2025,11.17,county,23.73,265,79390,8.339,0.8293,129
37103,1.757,0.09659,0.05364,0.0269,0,0,2,22.25,2014-2025,11.17,county,18,201,3815,23.22,0.9678,267.5
37105,1.378,0.1011,0.01875,0,0,0,3,24,2014-2025,11.17,county,29.19,326,24050,10.75,0.885,156.8
37107,0.6515,0.1015,0.03478,0,0,0,2.75,33.25,2014-2025,11.17,county,14.6,163,22660,7.138,0.9232,146.5
37109,0.775,0.09088,0.02729,0.0003873,0,0,3.75,20,2014-2025,11.17,county,21.76,243,34910,7.546,0.8852,179.5
37111,1.168,0.1438,0.1051,0.06341,0.005746,0,3.75,96.75,2014-2025,11.17,county,26.6,297,18180,29.52,0.9496,690.2
37113,2.061,0.087,0.01383,0.001815,0,0,4,21.75,2014-2025,11.17,county,40.84,456,17390,20.82,0.8685,327.2
37115,0.7285,0.2563,0.08691,0.02366,0.004499,0.002764,4,70.75,2014-2025,10.58,county,15.69,166,8447,19.03,0.9116,1010
37117,0.626,0.07703,0.0005821,0,0,0,2.75,15.5,2015-2025,10.75,county,13.77,148,13280,4.537,0.8667,85.75
37119,0.4235,0.1137,0.003602,0,0,0,4.5,26.25,2014-2025,11.17,county,15.67,175,446600,6.351,0.5925,89.75
37121,2.598,0.1131,0.06616,0.0583,0.02944,0.0003991,3.25,44.75,2014-2025,11.17,county,34.84,389,6479,65.31,0.9732,1219
37123,2.453,0.05115,0.005441,0.0002803,0,0,2.75,12.75,2014-2025,11.17,county,36.63,409,9505,16.56,0.9043,176.5
37125,1.14,0.2229,0.08606,0,0,0,3.25,61.5,2014-2025,11.17,county,23.64,264,41780,19.4,0.9256,156
37127,0.6213,0.1023,0.002898,0,0,0,3,24,2014-2025,11.17,county,16.66,186,37790,6.121,0.8286,94.5
37129,0.6774,0.2181,0.1082,0.01862,0,0,3,82.5,2014-2025,11.17,county,17.64,197,99980,15.75,0.9204,292
37131,1.128,0.0122,0.0008937,0,0,0,3,13.5,2014-2025,11.17,county,21.85,244,7463,6.451,0.8545,110.2
37133,0.7534,0.135,0.07563,0,0,0,2.25,49.75,2014-2025,11.17,county,16.39,183,77670,11.81,0.9297,210.2
37135,1.12,0.07138,0,0,0,0,3.25,20.5,2014-2025,11.17,county,30.81,344,55530,8.856,0.8337,80.25
37137,2.851,0.1112,0.05506,0.0003797,0,0,2.5,31,2014-2025,11.17,county,23.37,261,5130,32.5,0.9637,318.2
37139,0.1161,0.04573,0,0,0,0,2.25,13.25,2015-2025,10.75,county,3.442,37,34120,0.8342,0.7683,51.25
37141,1.038,0.1302,0.07703,0.003561,0,0,3,40.25,2014-2025,11.17,county,18.09,202,23260,17.04,0.9359,241.8
37143,0.4536,0.03409,0,0,0,0,2.25,12.5,2014-2025,11,county,7.455,82,7907,2.702,0.8114,65.75
37145,1.128,0.1171,0.0003688,0,0,0,3,27.25,2014-2025,11.17,county,22.93,256,16140,9.716,0.9012,99.75
37147,0.09533,0.08392,0.03856,0,0,0,5.25,14.75,2014-2025,11.08,county,3.158,35,80610,1.581,0.7736,138.2
37149,2.132,0.1788,0.1023,0.02978,0.001298,0,4,81.25,2014-2025,11.17,county,35.91,401,8541,47.03,0.9652,448.2
37151,0.7864,0.06861,0.007117,0,0,0,2.75,19,2014-2025,11.17,county,24,268,55890,6.691,0.7653,122
37153,1.486,0.08925,0.0129,0,0,0,2,23,2014-2025,11.17,county,26.24,293,16600,11.95,0.8919,190.5
37155,0.7199,0.1825,0.1146,0.003257,0,0,3.5,78.25,2014-2025,11.17,county,21.13,236,60460,14.49,0.9228,238.5
37157,1.243,0.155,0.02801,0,0,0,3.5,30.75,2014-2025,11.17,county,30,335,38710,14.93,0.904,128.2
37159,0.8652,0.08651,0.008272,0,0,0,3.5,21.75,2014-2025,11.17,county,30.27,338,56620,7.782,0.7944,98.75
37161,1.436,0.1649,0.09148,0.03368,0.002068,0.0005698,3.75,59.25,2014-2025,11.17,county,30.72,343,26270,31.07,0.9535,967
37163,1.247,0.1897,0.07745,0,0,0,3.5,49.25,2014-2025,11.17,county,27.4,306,21400,19.41,0.9432,169.5
37165,1.248,0.1376,0.04471,0,0,0,3,47.25,2014-2025,11.17,county,24.54,274,12220,15.4,0.9369,160.8
37167,0.7938,0.05463,0.002184,0,0,0,2.75,15,2014-2025,11.17,county,19.97,223,26970,5.316,0.8212,115.8
37169,1.362,0.1256,0.005442,0,0,0,3.5,27.25,2014-2025,11.17,county,33.04,369,18990,12.94,0.9043,101.2
37171,1.002,0.06414,0.002164,0,0,0,2.5,15.25,2014-2025,11.17,county,29.91,334,28990,7.06,0.8368,99.75
37173,3.937,0.04136,0.002013,0,0,0,3.5,16.25,2014-2025,11.17,county,62.42,697,5684,25.81,0.9231,119.8
37175,2.233,0.1283,0.06005,0.0218,0.0003353,0,4,35.5,2014-2025,11.17,county,36.54,408,14350,38.16,0.9455,396
37177,2.22,0.1093,0.0116,0,0,0,2.5,24.5,2015-2025,10.75,county,19.81,213,1979,18.1,0.968,89.5
37179,0.7653,0.04008,0.004335,0,0,0,2.5,12.5,2014-2025,11.17,county,27.4,306,80270,4.72,0.7536,81.25
37181,1.538,0.07659,0.003221,0,0,0,2.5,19.75,2014-2025,11.17,county,25.79,288,16120,11.71,0.9045,112.8
37183,0.3064,0.1359,0.01202,0,0,0,6.5,30.75,2014-2025,11.17,county,8.507,95,430500,5.052,0.6878,95.25
37185,2.057,0.04725,0.0004872,0,0,0,2.25,13.5,2014-2025,11.17,county,34.3,383,7686,12.5,0.8725,94.25
37187,1.595,0.1097,0.002048,0,0,0,3.5,26,2015-2025,10.75,county,25.58,275,4897,13.78,0.9473,94.25
37189,0.677,0.1784,0.09576,0.06619,0.005379,0,2.5,57,2015-2025,10.42,county,15.17,158,21190,18.14,0.9469,373.5
37191,0.5938,0.1539,0.02641,0,0,0,2.75,51.5,2014-2025,11.17,county,17.1,191,46950,7.27,0.8644,188.5
37193,1.239,0.1549,0.02679,0.001419,0,0,3.25,39,2014-2025,11.17,county,28.48,318,27250,15.76,0.9102,304
37195,0.4194,0.01665,0,0,0,0,1.25,5,2014-2025,11.17,county,10.21,114,35640,1.735,0.7453,66
37197,1.506,0.05408,0,0,0,0,3.5,14.75,2014-2025,11.17,county,25.52,285,14850,9.715,0.9165,58
37199,0.7618,0.2472,0.1852,0.1249,0.0795,0.03315,4,249.2,2014-2025,11,county,14.91,164,7859,57.94,0.9703,2672
38001,0.2516,0,0,0,0,0,1.75,5.75,2017-2025,6,county,2,12,1902,1.072,0.6626,14.25
38003,0.2415,0.187,0.09735,0.02704,0,0,3.25,71.75,2014-2025,10.25,county,6.049,62,7694,5.098,0.9173,261.2
38005,0.5548,0.008963,0.008963,0,0,0,1.75,4.75,2020-2025,4.917,county,7.932,39,2086,1.993,0.9158,94.5
38007,0,0.04679,0.01014,0.002183,0.0000243,0.000006543,2,10,2017-2017,0.08333,state,0,0,622,0.01929,0,0
38009,0.3146,0.05488,0,0,0,0,1.75,6.5,2020-2025,4.583,county,5.236,24,5131,1.784,0.9324,67
38011,0.2154,0,0,0,0,0,2.25,5,2017-2025,6.583,county,4.405,29,2623,1.065,0.5161,14.25
38013,0.7269,0.1006,0.004465,0.0005953,0,0,3,26,2017-2025,7.833,county,9.574,75,1180,5.501,0.9091,219.2
38015,0.06113,0,0,0,0,0,1.75,3.25,2017-2025,8.5,county,2.824,24,57080,0.3551,0.3981,20
38017,0.2143,0.01714,0.004467,0,0,0,1.75,5.75,2014-2025,11.17,county,7.075,79,124600,1.296,0.5793,139.8
38019,1.109,0,0,0,0,0,1.75,4.5,2020-2025,4.667,county,13.71,64,1519,3.03,0.9045,19.5
38021,0.6179,0.1402,0.02994,0.003981,0.0008758,0,2.75,40.5,2016-2025,7.833,county,15.45,121,2595,8.441,0.8176,662.8
38023,0.5321,0.279,0.2777,0,0,0,5.25,98.5,2017-2025,6.333,county,5.053,32,905,16.77,0.935,150
38025,0.1425,0.00534,0,0,0,0,1.75,6.5,2017-2025,6.417,county,2.961,19,4300,0.7921,0.5157,41
38027,1.025,0.2573,0,0,0,0,2,61.5,2020-2025,4.5,county,4.667,21,1077,19.12,0.9812,61.5
38029,0.4028,0.02826,0,0,0,0,2,4.75,2017-2025,6.833,county,6.439,44,3111,1.698,0.7426,63.25
38031,1.044,0.174,0,0,0,0,1.75,29.25,2020-2025,4.25,county,5.176,22,1492,7.325,0.9652,45.75
38033,0.5903,0.1551,0,0,0,0,2.75,30,2017-2025,5.75,county,4.348,25,1324,4.436,0.902,30.25
38035,0.2061,0.001304,0,0,0,0,2,6,2014-2025,10.42,county,5.664,59,39990,1.094,0.5994,26
38037,0.3958,0.08134,0,0,0,0,2.5,6.25,2019-2025,4.833,county,4.759,23,1221,2.075,0.8828,32.75
38039,2.259,0.02032,0.007919,0,0,0,1.5,6.5,2016-2025,4.583,county,7.636,35,927,9.761,0.919,90.25
38041,1.039,0.03221,0.03221,0.03221,0,0,2,5.5,2017-2025,5.5,county,5.636,31,1966,11.05,0.9654,240
38043,0.4759,0.06531,0,0,0,0,2.75,5,2017-2025,6.667,county,5.1,34,1472,2.431,0.8822,41.5
38045,1.088,0.1726,0.04184,0.003075,0.0003728,0,2.75,51,2014-2025,9.583,county,15.86,152,2058,13.62,0.8854,567.5
38047,1.119,0.07658,0.002155,0.001706,0.0006285,0.0006285,2,11.25,2017-2025,8,county,9.375,75,1244,8.292,0.8754,902.2
38049,0.5912,0,0,0,0,0,2.5,6.5,2020-2025,4.583,county,7.2,33,3351,2.001,0.9046,15.25
38051,0.4138,0.04396,0.01298,0,0,0,1.75,6.5,2017-2025,6.833,county,5.415,37,2180,2.522,0.8043,159.5
38053,0.1005,0.01593,0.00358,0,0,0,2.5,13.75,2017-2025,7.583,county,2.637,20,14660,1.023,0.5095,75.5
38055,0.6555,0.03779,0.01889,0.01889,0,0,1.75,6.75,2020-2025,4.833,county,9.517,46,7334,3.962,0.9522,186.8
38057,0.1354,0.116,0.116,0.116,0,0,2,240,2017-2025,6.667,county,3,20,6015,4.828,0.8391,240
38059,0.1522,0,0,0,0,0,2.25,4,2017-2025,8,county,3.625,29,19080,0.5934,0.6514,11
38061,0.1746,0.1452,0.002585,0,0,0,3.25,42.5,2017-2025,6.5,county,2.308,15,4771,1.929,0.8788,120.5
38063,0.8854,0.03741,0,0,0,0,1.75,9.25,2020-2025,4.167,county,6.72,28,1297,4.49,0.9229,40.25
38065,0.4061,0.04679,0.01014,0.002183,0.0000243,0.000006543,2,10,2017-2025,4.667,state,1.929,9,1231,1.103,0.9042,6.25
38067,0.7594,0.03331,0,0,0,0,2.25,13,2020-2025,4.5,county,7.556,34,2961,4.19,0.9139,59
38069,0.7273,0.1264,0.004781,0,0,0,3.25,49.5,2020-2025,3.917,county,4.851,19,1689,6.68,0.9609,101.8
38071,0.3398,0.03142,0,0,0,0,3.5,5.75,2020-2025,5.083,county,7.672,39,5049,1.928,0.8214,70.25
38073,0.65,0.158,0.04221,0.002356,0,0,2.5,44.75,2014-2025,10.83,county,10.34,112,2772,8.215,0.9117,220
38075,0.8224,0,0,0,0,0,2,7.25,2017-2025,6.75,county,6.074,41,1606,2.655,0.866,23.5
38077,0.3079,0.03418,0.003788,0,0,0,2.25,15.75,2014-2025,11,county,8.727,96,6781,2.405,0.662,95.5
38079,0.3522,0,0,0,0,0,2.75,4.25,2020-2025,4.167,county,4.32,18,7336,1.085,0.8749,6.5
38081,0.8681,0.09625,0.02941,0.004871,0,0,2.25,23.25,2014-2025,9.833,county,11.8,116,1900,9.017,0.8872,215
38083,1.581,0,0,0,0,0,1.25,9,2020-2025,3.917,county,5.617,22,644,5.707,0.8568,19
38085,0.1074,0,0,0,0,0,2,3,2019-2025,3.833,county,3.391,13,2559,0.2504,0.8984,3.75
38087,0.2704,0.04679,0.01014,0.002183,0.0000243,0.000006543,2,10,2019-2025,3.333,state,1.8,6,467,0.7373,0.902,4
38089,0.1958,0,0,0,0,0,1.5,3,2017-2025,8.25,county,4,33,23610,0.6281,0.5761,6.5
38091,0.9402,0.1118,0.05417,0,0,0,2.25,62.25,2015-2025,4.333,county,4.385,19,716,10.09,0.974,95.5
38093,1.261,0.1772,0.02122,0,0,0,2.5,45.25,2016-2025,7.917,county,10.11,80,9110,14.84,0.9585,197.5
38095,1.716,0.07734,0,0,0,0,2,7,2020-2025,3.917,county,7.915,31,964,7.695,0.9395,27.75
38097,0.4344,0.01166,0,0,0,0,2.25,8.75,2014-2025,10.25,county,3.61,37,4104,2.272,0.9106,63
38099,0.4566,0.04793,0,0,0,0,3,18.5,2020-2025,4.583,county,6.982,32,4467,3.247,0.9582,59
38101,0.1475,0,0,0,0,0,1.25,3.25,2014-2025,10.42,county,3.168,33,51520,0.5255,0.532,20.5
38103,1.816,0.01822,0,0,0,0,2.25,13.5,2020-2025,4.583,county,10.91,50,1800,9.951,0.9647,46.5
38105,0.3076,0.02713,0.007552,0.003157,0,0,2.5,16.25,2017-2025,8.25,county,7.394,61,15600,3.73,0.6478,243
39001,1.344,0.07136,0.005188,0,0,0,3.5,18.25,2014-2025,11.17,county,32.42,362,16880,10.46,0.8221,100
39003,0.6475,0.01894,0.005137,0.005137,0,0,2.5,8,2014-2025,11.17,county,20.15,225,40740,4.617,0.7524,314
39005,0.5088,0.05753,0.01319,0,0,0,2.75,16.5,2014-2025,11.17,county,16.57,185,33660,4.544,0.7856,158.8
39007,0.8628,0.07608,0.005933,0,0,0,3,20,2014-2025,11.17,county,23.55,263,72320,7.373,0.8362,102.8
39009,0.9161,0.03683,0,0,0,0,4,15.25,2014-2025,11.17,county,29.01,324,44830,7.182,0.7611,71
39011,0.2277,0.009285,0,0,0,0,2.25,9.25,2014-2025,11.17,county,8.866,99,19900,1.234,0.7066,41.25
39013,0.6314,0.07998,0.01053,0,0,0,3.5,18.75,2014-2025,11.17,county,19.25,215,44590,5.79,0.7718,113.2
39015,1.219,0.05244,0.005042,0,0,0,3.25,17.5,2014-2025,11.17,county,27.49,307,20210,8.745,0.8462,85.25
39017,0.3531,0.04606,0,0,0,0,2.5,13.5,2014-2025,11.17,county,16.03,179,144500,3.031,0.6116,56.5
39019,0.8922,0.06788,0.0001308,0,0,0,3.25,19.75,2014-2025,11.17,county,21.31,238,19180,7.148,0.8035,90.75
39021,0.6472,0.03555,0,0,0,0,2,9,2014-2025,11.17,county,16.57,185,15610,3.437,0.7922,48.25
39023,0.3713,0.01197,0,0,0,0,1.75,6.5,2014-2025,11.17,county,13.52,151,83870,2.012,0.601,68.25
39025,0.888,0.0433,0.0008492,0,0,0,2.75,15.25,2014-2025,11.17,county,26.24,293,91800,6.54,0.7796,80.5
39027,0.9426,0.0386,0.002911,0,0,0,2.5,13.25,2014-2025,11.17,county,20.69,231,22650,5.901,0.85,125.8
39029,0.6085,0.08817,0.01017,0.007142,0,0,3.25,22,2014-2025,11.17,county,19.16,214,63180,6.698,0.8,309
39031,0.8903,0.03183,0.005795,0,0,0,2.5,12.75,2014-2025,11.17,county,24.09,269,20360,5.987,0.8118,138.5
39033,0.3189,0.02845,0.001332,0,0,0,2.5,14,2014-2025,11.17,county,9.134,102,28880,2.23,0.6935,94
39035,0.2964,0.1989,0.06779,0,0,0,5.5,49.25,2014-2025,11.17,county,9.851,110,602200,6.804,0.7045,148
39037,0.5951,0.02121,0,0,0,0,2.25,8.5,2014-2025,11.17,county,14.24,159,21030,3.221,0.7357,66
39039,0.6555,0.007582,0,0,0,0,2.75,6.5,2014-2025,11.17,county,14.15,158,15260,3.108,0.7638,45.25
39041,0.8325,0.003751,0.001333,0,0,0,2.25,8,2014-2025,11.17,county,28.93,323,78460,4.528,0.6681,129.2
39043,0.5058,0.02588,0,0,0,0,2,9.75,2014-2025,11.17,county,14.51,162,50780,2.968,0.7027,70.5
39045,0.7213,0.02015,0.002058,0,0,0,2.5,9,2014-2025,11.17,county,24.81,277,86730,4.602,0.6805,126.5
39047,0.7946,0.03197,0.001115,0,0,0,2.5,8.5,2014-2025,11.17,county,19.97,223,14960,4.223,0.8042,92
39049,0.2745,0.05971,0,0,0,0,3.25,15.25,2014-2025,11.17,county,11.91,133,542400,4.266,0.3561,47.75
39051,0.6084,0.008525,0,0,0,0,2.25,6.75,2014-2025,11.17,county,13.7,153,16870,2.987,0.7572,48
39053,0.8566,0.04606,0.008921,0.0004701,0,0,3.25,17.25,2014-2025,11.17,county,24.9,278,18460,7.023,0.821,188.8
39055,0.6384,0.1944,0.04093,0,0,0,6,40.25,2014-2025,11.17,county,16.75,187,65220,10.44,0.8799,169.5
39057,0.3391,0.06174,0.01016,0,0,0,1.75,13.25,2014-2025,11.17,county,11.28,126,92640,3.005,0.6565,140.2
39059,0.6423,0.04396,0.005729,0,0,0,3,13.75,2014-2025,11.17,county,21.85,244,27110,4.773,0.7628,110.8
39061,0.2384,0.06369,0,0,0,0,4.75,20,2014-2025,11.17,county,9.313,104,437500,3.663,0.5043,77
39063,0.5147,0.01085,0,0,0,0,2.5,10,2014-2025,11.17,county,14.69,164,38460,3.014,0.7131,49
39065,0.5182,0.01669,0.002054,0,0,0,2.5,9,2014-2025,11.17,county,11.82,132,18250,2.746,0.7323,80
39067,1.592,0.1138,0.01184,0,0,0,4.25,26,2014-2025,11.17,county,35.73,399,9190,15.06,0.8848,144.2
39069,0.4916,0.003432,0,0,0,0,2,7.75,2014-2025,11.17,county,10.48,117,12420,2.28,0.8312,43
39071,0.6992,0.0446,0.006076,0,0,0,3.25,16.25,2014-2025,11.17,county,19.43,217,27820,5.166,0.7839,101.8
39073,2.093,0.07845,0.01275,0,0,0,4,19.75,2014-2025,11.17,county,47.19,527,17900,19.34,0.8786,175.5
39075,0.4114,0.1096,0.05664,0.002062,0,0,3.25,25.75,2014-2025,11.17,county,14.78,165,30290,5.832,0.8272,189
39077,0.4111,0.0453,0,0,0,0,2.5,11.25,2014-2025,11.17,county,11.46,128,37090,2.901,0.747,71.25
39079,0.8261,0.07352,0.009847,0,0,0,3.5,19,2014-2025,11.17,county,26.06,291,21500,7.785,0.8047,128.2
39081,0.7876,0.06644,0.001063,0,0,0,3.25,20,2014-2025,11.17,county,23.19,259,44920,6.762,0.7533,156.8
39083,0.6703,0.07493,0.0166,0,0,0,3,19.25,2014-2025,11.17,county,21.49,240,41370,5.843,0.8421,156
39085,0.9481,0.04655,0.00458,0,0,0,2.5,18.5,2014-2025,11.17,county,25.7,287,99320,7.815,0.8056,112.8
39087,0.8651,0.1473,0.03205,0.005867,0,0,3.5,33.25,2014-2025,11.17,county,23.64,264,37180,11.37,0.8624,266.8
39089,0.4378,0.01217,0.001435,0,0,0,3,9.25,2014-2025,11.17,county,16.21,181,117200,3.173,0.58,82.75
39091,0.7176,0.02195,0,0,0,0,2.5,7.25,2014-2025,11.17,county,14.87,166,19530,3.636,0.7632,46.25
39093,0.4926,0.06411,0.01064,0,0,0,2,13.5,2014-2025,11.17,county,17.91,200,124500,4.052,0.6914,124.5
39095,0.2672,0.04075,0.00344,0,0,0,2.5,11.75,2014-2025,11.17,county,11.55,129,215000,2.322,0.5716,81.75
39097,0.5979,0.001633,0,0,0,0,2,5.75,2014-2025,11.17,county,18.27,204,26880,2.638,0.642,35.5
39099,0.4248,0.04489,0.00146,0,0,0,2,12.75,2014-2025,11.17,county,14.33,160,150800,3.024,0.7022,105.8
39101,0.3598,0.01442,0,0,0,0,1.75,5.75,2014-2025,11.17,county,10.75,120,40640,1.791,0.6349,61.5
39103,0.4703,0.0287,0,0,0,0,2,7,2014-2025,11.17,county,14.51,162,72100,2.599,0.6865,55.25
39105,2.009,0.03112,0.003707,0,0,0,3.25,11.5,2014-2025,11.17,county,43.16,482,13480,12.51,0.8554,121
39107,0.5788,0.004221,0,0,0,0,2,6.25,2014-2025,11.17,county,11.28,126,18880,2.335,0.7817,60.25
39109,0.4315,0.01044,0,0,0,0,2,8.25,2014-2025,11.17,county,13.07,146,44150,2.473,0.6535,44.5
39111,1.101,0.04358,0.009713,0,0,0,3.75,16.25,2014-2025,11.08,county,26.35,292,8974,8.804,0.8321,119.5
39113,0.202,0.1374,0.02612,0.003164,0,0,2.75,29.25,2014-2025,11.17,county,7.701,86,295800,3.246,0.6649,205.8
39115,1.97,0.04657,0.01348,0,0,0,3.25,13.75,2014-2025,11.17,county,39.4,440,8383,13.89,0.8599,121
39117,0.6086,0.0595,0.02563,0,0,0,2,10.75,2014-2025,11.17,county,17.37,194,24220,4.639,0.8223,135.5
39119,0.4698,0.05315,0.002731,0,0,0,3.25,16.75,2014-2025,11.17,county,19.88,222,62330,4.208,0.6533,93
39121,0.824,0.04343,0.002546,0,0,0,3.25,13,2014-2025,11.17,county,18.9,211,10200,5.285,0.8107,136.5
39123,1.561,0.01152,0.003788,0,0,0,2,5.75,2014-2025,11.17,county,22.66,253,21110,6.321,0.8105,101.5
39125,1.064,0.007672,0.006752,0,0,0,2.25,5.25,2014-2025,11.17,county,17.19,192,7590,4.49,0.8103,79
39127,1.232,0.03562,0.007753,0,0,0,3.25,14,2014-2025,11.17,county,27.49,307,22020,8.9,0.8368,150.8
39129,0.6592,0.0111,0,0,0,0,3,8,2014-2025,11.17,county,16.75,187,35900,3.854,0.726,66.25
39131,2.357,0.09277,0.004235,0,0,0,3.75,22,2014-2025,11.17,county,50.78,567,10500,20.52,0.8779,100
39133,0.6189,0.0656,0.003967,0,0,0,2.25,15.25,2014-2025,11.17,county,20.06,224,92470,5.106,0.762,93.25
39135,0.9098,0.04918,0.0003592,0,0,0,2.25,12.5,2014-2025,11.17,county,19.16,214,20000,5.731,0.7773,77.5
39137,0.4217,0.0212,0,0,0,0,2.25,8,2014-2025,11.17,county,12.27,137,13190,2.388,0.7024,57
39139,0.3517,0.09751,0.02739,0,0,0,2.75,22,2014-2025,11.17,county,12.81,143,84800,4.016,0.758,162
39141,0.6893,0.05529,0.009925,0,0,0,2.75,11.75,2014-2025,11.17,county,24.36,272,52740,5.724,0.7162,100.5
39143,0.3089,0.02238,0.001532,0,0,0,2.75,8.75,2014-2025,11.17,county,9.313,104,35770,2.041,0.6842,77
39145,0.7363,0.05259,0.002735,0,0,0,2.5,15.25,2014-2025,11.17,county,26.78,299,50480,5.914,0.6975,103
39147,0.2517,0.01097,0,0,0,0,2.5,6.5,2014-2025,11.17,county,8.507,95,35750,1.452,0.6695,47.75
39149,0.6711,0.009772,0,0,0,0,2.25,6.75,2014-2025,11.17,county,13.97,156,18600,2.679,0.7726,62.75
39151,0.238,0.04899,0,0,0,0,3,17,2014-2025,11.17,county,10.48,117,251300,2.791,0.5294,82.5
39153,0.5248,0.04925,0.001996,0,0,0,2.25,14.25,2014-2025,11.17,county,20.33,227,228600,4.36,0.6619,81.5
39155,0.881,0.06075,0.003774,0,0,0,2.25,14,2014-2025,11.17,county,24.81,277,85040,6.429,0.8028,105.2
39157,0.7215,0.07491,0.008641,0,0,0,3,20.5,2014-2025,11.17,county,21.04,235,54070,6.36,0.7862,116.8
39159,0.3769,0.002794,0,0,0,0,1.75,5,2014-2025,11.17,county,12.18,136,30360,1.476,0.6345,71.25
39161,0.8938,0.01683,0.005522,0,0,0,2.5,6.5,2014-2025,11.17,county,13.79,154,11670,4.339,0.7955,96.5
39163,1.67,0.08177,0.01184,0,0,0,3.75,21.5,2014-2025,11.17,county,42.81,478,7721,14.8,0.8611,127.8
39165,0.3572,0.04126,0.001119,0,0,0,2.75,14.75,2014-2025,11.17,county,14.51,162,115400,3.19,0.6601,77.75
39167,0.776,0.02311,0.003061,0,0,0,2.75,10.25,2014-2025,11.17,county,27.22,304,42820,5.059,0.6985,92.75
39169,0.268,0.06555,0.02382,0.002007,0,0,2.25,18.5,2014-2025,11.17,county,11.01,123,81070,3.232,0.6777,186.8
39171,0.2629,0.00788,0,0,0,0,2.5,7.5,2014-2025,11.17,county,7.881,88,16120,1.405,0.7425,48.75
39173,0.2742,0.008027,0,0,0,0,2,4.75,2014-2025,11.17,county,9.045,101,71070,1.377,0.5459,35.75
39175,0.2653,0.0709,0.003728,0,0,0,3,17,2014-2025,11.17,county,7.433,83,14220,2.183,0.7695,74.75
40001,0.2191,0.06283,0.00204,0,0,0,2.5,16.75,2014-2025,9.25,county,6.162,57,20800,1.786,0.8012,75
40003,0.9321,0.03159,0,0,0,0,2,7.25,2015-2025,9.5,county,15.68,149,3414,3.828,0.8705,79.25
40005,0.9301,0.02824,0.00365,0,0,0,2.5,10,2014-2025,11.17,county,25.07,280,7913,5.026,0.8104,123.8
40007,1.739,0.01756,0.0009523,0,0,0,2.25,9.25,2017-2025,8.167,county,28.41,232,4214,8.295,0.8515,80.25
40009,1.122,0.005511,0.0009029,0,0,0,2,5.5,2014-2025,11.17,county,19.07,213,12820,4.652,0.8017,97.25
40011,1.274,0.08556,0.01452,0,0,0,2.75,16.75,2014-2025,11.17,county,17.91,200,4266,10.47,0.9303,239
40013,0.9245,0.03348,0,0,0,0,2.75,10.5,2014-2025,10.33,county,20.61,213,29720,5.298,0.8318,72.5
40015,2.161,0.1297,0.06945,0.01428,0.0006031,0,2.5,47,2014-2025,11.17,county,39.22,438,13540,31.71,0.9504,560.8
40017,0.6291,0.09838,0.04811,0.009334,0,0,2,22.75,2014-2025,11.17,county,17.1,191,84800,7.722,0.8833,335.8
40019,0.551,0.03223,0.003187,0,0,0,2.5,17,2014-2025,10.83,county,15.97,173,29800,4.471,0.7491,94.25
40021,0.2927,0.05298,0.003171,0,0,0,2.5,13.75,2014-2025,9.833,county,10.78,106,27390,2.644,0.6712,111.2
40023,0.9523,0.00938,0.0005377,0,0,0,2.5,7.5,2014-2025,11.17,county,19.79,221,9444,4.761,0.7586,88.5
40025,3.773,0.0004078,0,0,0,0,2.25,6.25,2017-2025,8.167,county,20.94,171,955,13.6,0.9036,40
40027,0.3027,0.07072,0.03172,0.009514,0,0,2.5,14.25,2014-2025,11.17,county,11.64,130,151500,3.498,0.7897,326
40029,1.713,0.004042,0,0,0,0,2,4.75,2014-2025,11.08,county,23.19,257,3441,5.629,0.8566,35
40031,0.7931,0.07059,0.002342,0,0,0,2.25,17.25,2014-2025,11.17,county,18.81,210,57330,6.004,0.7992,197
40033,2.094,0.04454,0.0002555,0,0,0,3,14,2014-2025,11.08,county,19.67,218,2361,12.88,0.9178,113.8
40035,1.959,0.007694,0.001961,0,0,0,2,6.75,2014-2025,11.17,county,27.94,312,5176,8,0.8089,87.5
40037,0.5569,0.102,0.02159,0,0,0,3.25,24.25,2014-2025,11.17,county,15.31,171,42960,6.134,0.8487,162.5
40039,1.501,0.09544,0.001552,0,0,0,2.5,22.25,2014-2025,11.17,county,25.7,287,15340,10.26,0.8859,139
40041,1.599,0.02288,0.002293,0,0,0,2.25,9.5,2014-2025,11.17,county,34.93,390,23690,8.982,0.7666,118.2
40043,2.612,0.0806,0.006952,0,0,0,2.5,18.25,2014-2025,10.92,county,28.12,307,2623,17.1,0.9558,181.8
40045,3.944,0.03544,0.001223,0.0004756,0,0,2.25,15.5,2014-2025,10.5,county,32,336,2488,21.77,0.9607,173.8
40047,0.4522,0.07881,0.02357,0.0008602,0,0,2.25,14.25,2014-2025,11.17,county,12.45,139,36840,3.937,0.802,197.5
40049,0.759,0.03555,0.00209,0,0,0,2.75,11,2015-2025,10.42,county,19.2,200,21000,4.674,0.7774,114
40051,1.216,0.1092,0.01307,0.001639,0,0,2,29.25,2014-2025,11.17,county,22.3,249,24940,11.15,0.8897,321.8
40053,1.65,0.01984,0.003065,0,0,0,2.25,9,2015-2025,10.17,county,20.26,206,2353,7.462,0.9091,77.75
40055,0.2678,0.02326,0,0,0,0,1.75,6,2014-2025,9.917,county,9.277,92,3967,1.116,0.8334,45.75
40057,0.8983,0.1052,0,0,0,0,3.5,24,2014-2025,10.5,county,3.905,41,1471,9.33,0.9472,70.25
40059,2.365,0.02279,0,0,0,0,2,8,2015-2025,9.167,county,35.89,329,2061,9.716,0.917,70.75
40061,0.3906,0.009439,0,0,0,0,1.75,5.5,2014-2025,11.17,county,7.97,89,7700,1.762,0.658,24.5
40063,1.506,0.02172,0.00004141,0,0,0,2.75,8,2014-2025,11.17,county,28.3,316,7178,7.223,0.8685,102.5
40065,0.1562,0.1308,0.01442,0,0,0,2.75,31.75,2014-2025,11,county,5.091,56,18520,1.591,0.8237,138
40067,2.629,0.03491,0.0006193,0,0,0,3,14.75,2014-2025,11.17,county,27.58,308,2420,14.77,0.9277,104.8
40069,1.429,0.02921,0.002636,0,0,0,2.5,9.5,2014-2025,11,county,25.09,276,7045,8.191,0.9082,89.75
40071,0.0791,0.01666,0,0,0,0,2.5,7,2014-2025,10.08,county,3.471,35,37110,0.5822,0.5335,46.75
40073,0.7567,0.1168,0.03886,0.006883,0,0,3.25,38.5,2014-2025,10.75,county,14.23,153,6608,9.261,0.9416,310.5
40075,2.096,0.09239,0.03669,0.003704,0,0,2,21.5,2014-2025,11.17,county,25.43,284,4175,19.04,0.9445,379
40077,1.435,0.05303,0.00416,0,0,0,2,17,2014-2025,11.17,county,35.46,396,5639,8.33,0.8728,137.5
40079,0.8183,0.05033,0.004002,0,0,0,2.75,17.5,2014-2025,11.17,county,25.52,285,29890,5.966,0.8017,77.5
40081,0.8752,0.09561,0.02103,0.0009497,0,0,3.25,19.75,2014-2025,11.08,county,21.92,243,16930,8.692,0.8828,233.2
40083,0.6432,0.1321,0.05718,0.03096,0,0,2.75,50,2014-2025,10.92,county,14.29,156,22070,11.3,0.9166,335.2
40085,1.114,0.04094,0.008536,0,0,0,2.75,16.25,2015-2025,9,county,17.44,157,5901,7.629,0.8951,88.25
40087,0.6083,0.03231,0.002163,0.0006949,0,0,2,7,2014-2025,11.08,county,13.8,153,22620,3.379,0.7432,179.5
40089,0.9306,0.04535,0.004993,0,0,0,2.25,13.75,2014-2025,11.17,county,27.04,302,21040,6.67,0.7839,117.8
40091,0.8318,0.05935,0,0,0,0,2.5,16.25,2014-2025,11.17,county,14.24,159,11480,5.278,0.8895,71
40093,1.029,0.02044,0.001467,0,0,0,2.5,7.75,2015-2025,9.583,county,18.89,181,3939,4.732,0.8634,107
40095,1.332,0.02127,0.000412,0,0,0,2.5,13.5,2014-2025,10,county,20.6,206,8746,7.641,0.8843,75
40097,1.249,0.0294,0.002337,0,0,0,2.25,8.25,2014-2025,11.17,county,31.61,353,16600,7.083,0.7737,141.2
40099,1.565,0.03039,0,0,0,0,2.5,11,2014-2025,10.75,county,24.84,267,10120,8.43,0.9038,71
40101,0.7937,0.09485,0.009459,0.000418,0,0,2.5,22,2014-2025,11.17,county,18.72,209,27530,6.845,0.8214,315.5
40103,0.7859,0.08358,0.01977,0,0,0,3,17.75,2014-2025,10.67,county,18.19,194,5689,6.942,0.908,201
40105,1.424,0.001852,0.0001189,0,0,0,2.25,7,2014-2025,11.17,county,23.64,264,3701,6.491,0.7969,87.5
40107,1.015,0.006813,0,0,0,0,2.5,6.5,2014-2025,11.17,county,14.15,158,5763,4.567,0.8286,46.25
40109,0.4124,0.1808,0.1168,0.06734,0,0,3.5,95.25,2014-2025,11.17,county,14.87,166,350100,12.67,0.8703,363
40111,0.4984,0.02214,0.003543,0,0,0,2,7.5,2014-2025,11.17,county,10.57,118,21000,2.709,0.687,100
40113,0.6517,0.04623,0.01293,0,0,0,2.25,12.25,2014-2025,11.17,county,21.04,235,21640,5.341,0.7115,131.2
40115,0.6007,0.03822,0.004064,0,0,0,2.25,8,2014-2025,11.17,county,15.76,176,19740,3.282,0.7647,97.5
40117,0.7647,0.05836,0.001533,0,0,0,3.25,12.5,2014-2025,10.67,county,17.62,188,7517,5.719,0.8133,106.8
40119,0.2396,0.1122,0.01386,0,0,0,2.25,27.5,2014-2025,10.67,county,6.375,68,62310,2.276,0.753,149.8
40121,0.8378,0.06371,0.01151,0,0,0,2.5,15.5,2014-2025,11.17,county,25.25,282,26410,6.938,0.7961,155.5
40123,0.8245,0.03881,0,0,0,0,2.25,12.75,2014-2025,11.08,county,20.12,223,28570,4.867,0.8111,63.25
40125,0.6211,0.09583,0.04047,0.001012,0,0,2.5,22.25,2014-2025,11.17,county,18.36,205,40440,7.596,0.873,198
40127,1.325,0.0213,0.002484,0,0,0,2.25,10.5,2014-2025,11.17,county,38.06,425,6938,6.883,0.8219,160.5
40129,2.369,0.05812,0.0009149,0,0,0,2.75,11.5,2014-2025,11,county,27.55,303,1929,14.32,0.9258,138.2
40131,0.6205,0.03792,0.01058,0,0,0,2.25,7.75,2014-2025,11.17,county,17.28,193,49310,4.191,0.779,146.5
40133,1.103,0.03295,0.002682,0,0,0,2.25,12.25,2014-2025,11.17,county,28.03,313,13650,6.734,0.8328,147.8
40135,0.4217,0.04935,0.005289,0,0,0,1.75,12.25,2014-2025,10.42,county,9.984,104,33530,2.782,0.8063,94.25
40137,0.5172,0.01395,0,0,0,0,2.5,8.5,2014-2025,11.17,county,14.69,164,25650,2.85,0.7031,52.75
40139,0.1836,0.0257,0,0,0,0,2.25,11,2017-2025,8.167,county,4.776,39,19880,1.211,0.6093,37.25
40141,2.134,0.05881,0.003961,0.0005604,0,0,3.25,14.5,2014-2025,11.17,county,24.36,272,3295,14.26,0.9517,213.2
40143,0.3589,0.1556,0.07537,0.002971,0,0,3.25,53.25,2014-2025,11.17,county,10.93,122,307600,7.202,0.7872,187.2
40145,0.6571,0.08518,0.02105,0,0,0,2.75,21,2014-2025,11.17,county,16.84,188,30090,6.505,0.815,141.2
40147,0.7907,0.02171,0,0,0,0,2.25,8.5,2014-2025,11.17,county,18.72,209,20400,4.699,0.7014,71
40149,2.688,0.08094,0.008384,0.0007788,0,0,2.25,13.25,2014-2025,11.17,county,35.46,396,5262,18.26,0.9443,326.8
40151,0.5108,0.01184,0,0,0,0,2.5,9.25,2015-2025,9.833,county,11.59,114,5498,2.642,0.8266,57.75
40153,0.7671,0.05337,0.003225,0.0005059,0,0,2.5,10.5,2014-2025,10,county,17.3,173,14430,4.777,0.8324,173.5
41001,1.241,0.008183,0.004889,0,0,0,2.25,7,2017-2025,7.75,county,15.87,123,10100,4.705,0.8445,143.5
41003,0.4612,0.09124,0.006199,0,0,0,3,21,2017-2025,8.417,county,11.88,100,48460,4.195,0.7393,152.5
41005,0.632,0.1885,0.08761,0.01869,0.001703,0,6.25,70,2014-2025,11.17,county,19.07,213,183600,15.19,0.8601,615.5
41007,2.122,0.03191,0,0,0,0,3,14.75,2017-2025,8.417,county,25.66,216,23300,13.22,0.9237,65.5
41009,0,0.1218,0.03265,0.006347,0.0004203,0.00004787,3.5,28,2017-2025,5.25,state,0,0,28310,0.08098,0,0
41011,0.6315,0.03868,0,0,0,0,4,13.75,2017-2025,8.417,county,16.16,136,40670,5.11,0.7408,70
41013,1.033,0.02955,0.007372,0,0,0,2.5,9,2017-2025,8.917,county,18.62,166,10290,5.478,0.8181,94.25
41015,0.6509,0.05427,0.002317,0,0,0,4,13.25,2019-2025,7,county,13.71,96,16670,5.078,0.8002,108
41017,0.1923,0.02625,0,0,0,0,2,7,2017-2025,8.917,county,8.86,79,141100,1.762,0.4322,72
41019,0.7558,0.1017,0.02994,0.002268,0,0,2.25,25.25,2017-2025,8.417,county,21.98,185,66050,7.865,0.8378,253.5
41021,0.7293,0.01267,0,0,0,0,3,6.5,2017-2025,7.917,county,6.442,51,1640,2.971,0.9302,39.25
41023,1.119,0.01523,0.002718,0,0,0,2,5.25,2017-2025,7.5,county,10.13,76,4648,3.782,0.8942,72.75
41025,0.2681,0,0,0,0,0,1.75,6,2018-2025,7.333,county,4.909,36,5605,1.092,0.8132,15.25
41027,0.6918,0.01406,0.004123,0,0,0,1.75,5.75,2017-2025,8.417,county,9.743,82,9039,2.789,0.7839,72.5
41029,0.6242,0.05881,0.01667,0.00444,0,0,2,11.5,2017-2025,8.417,county,26.38,222,125300,5.254,0.743,226.8
41031,0.8777,0.05551,0.01423,0,0,0,2.75,11.75,2017-2025,8.917,county,17.16,153,16010,4.81,0.8533,132.2
41033,1.202,0.03415,0.003685,0,0,0,2.5,11,2017-2025,8.417,county,35.52,299,48990,7.63,0.78,112
41035,0.8636,0.01986,0.0008682,0,0,0,2.25,8.25,2017-2025,8.417,county,28.87,243,39610,4.732,0.7358,107
41037,0.5648,0.06064,0.01424,0,0,0,2.25,7.75,2017-2025,8.417,county,7.129,60,4992,4.082,0.9011,91.25
41039,0.1422,0.3324,0.1391,0.02053,0.004832,0,8.75,98,2017-2025,8.417,county,6.178,52,174300,5.3,0.7808,524.2
41041,1.261,0.1114,0.03782,0.000749,0,0,3.75,27.25,2017-2025,8.417,county,18.89,159,31580,14.17,0.8767,305.2
41043,0.662,0.05605,0.0234,0.002645,0.001412,0,3,16.75,2017-2025,8.417,county,21.86,184,70430,6.59,0.7754,496.8
41045,0.7002,0.000642,0,0,0,0,1.5,5.25,2017-2025,8.083,county,13.36,108,18160,2.38,0.7187,24.25
41047,0.6456,0.1674,0.0796,0.02026,0.0005988,0.0005505,3.75,50.25,2014-2025,11.17,county,20.51,229,123500,13.72,0.8709,880.2
41049,0.2466,0.05212,0.008766,0,0,0,3.25,19.5,2017-2025,8.667,county,6,52,10890,2.351,0.7061,95
41051,0.3615,0.23,0.02726,0.006613,0,0,5.5,38.25,2014-2025,11.17,county,12,134,388800,7.093,0.7071,215.5
41053,0.6052,0.1296,0.03471,0.004136,0,0,4.5,28,2014-2025,11.08,county,12.54,139,32220,7.527,0.8512,255.5
41055,1.363,0,0,0,0,0,3,7.5,2017-2025,8.167,county,5.633,46,1404,5.712,0.9509,16
41057,1.314,0.1246,0.001413,0,0,0,4.75,26,2017-2025,8.083,county,16.58,134,21190,12.73,0.9114,115
41059,0.6625,0.02398,0,0,0,0,1.75,7.5,2017-2025,8.667,county,20.19,175,43280,3.927,0.6155,58.25
41061,0.7607,0.006674,0,0,0,0,2.5,7.5,2017-2025,7.5,county,12.27,92,15620,3.27,0.7741,54.25
41063,2.375,0.02063,0.006657,0.0002625,0,0,3.25,7.75,2015-2025,9.833,county,24.71,243,4079,11.17,0.9029,212
41065,0.1054,0.1024,0.01703,0,0,0,2.25,40.25,2017-2025,8.417,county,2.02,17,13370,0.9911,0.7588,72.5
41067,0.2705,0.1227,0.01167,0,0,0,4.25,27,2014-2025,11.17,county,11.01,123,268600,3.997,0.6428,161
41071,0.4718,0.1204,0.02851,0.007799,0,0,4,27,2014-2025,11.17,county,12.72,142,47920,6.67,0.8099,256.8
42001,0.7121,0.04953,0,0,0,0,2.5,11.75,2014-2025,11.17,county,22.3,249,40010,4.852,0.7579,80.25
42003,0.1771,0.1944,0.06011,0.009044,0,0,8.25,49,2014-2025,11.17,county,5.552,62,667200,4.811,0.6793,194
42005,0.9502,0.07453,0.02504,0,0,0,3.5,20.5,2014-2025,11.17,county,29.01,324,31330,10.18,0.8356,142.2
42007,0.4593,0.0858,0.01562,0,0,0,4.25,22.5,2014-2025,11.17,county,14.87,166,77620,5.171,0.7906,154.5
42009,0.7282,0.03992,0.001285,0,0,0,3.25,13.25,2014-2025,11.17,county,23.73,265,27000,5.276,0.7525,88
42011,0.2823,0.1037,0,0,0,0,4.25,24.25,2014-2025,11.17,county,12.27,137,219100,4.651,0.5003,76.25
42013,0.4593,0.03366,0.001384,0,0,0,2.75,7.5,2014-2025,11.17,county,17.37,194,69600,3.145,0.6029,84.25
42015,1.008,0.05436,0.004857,0,0,0,3,15,2014-2025,11.17,county,30,335,31490,8.054,0.7467,116.8
42017,0.4921,0.1652,0.01022,0,0,0,7,29.75,2014-2025,11.17,county,12.72,142,246800,8.208,0.7079,104.8
42019,0.579,0.0941,0.01276,0,0,0,3.75,23,2014-2025,11.17,county,20.78,232,91170,6.567,0.7637,124.8
42021,0.8969,0.04704,0.009161,0,0,0,2.75,12.25,2014-2025,11.17,county,31.43,351,66670,6.875,0.7343,114
42023,2.661,0.04279,0.008587,0,0,0,4,11.5,2014-2025,11.08,county,23.01,255,2519,16.24,0.9518,122.8
42025,0.6063,0.05362,0.002591,0,0,0,3.75,16.75,2014-2025,11.17,county,18.27,204,32210,5.037,0.7357,86.75
42027,0.3427,0.106,0.007237,0,0,0,3.25,24.75,2014-2025,11.17,county,14.6,163,96430,4.065,0.7166,111.5
42029,0.4306,0.2075,0.02974,0,0,0,7.25,38.75,2014-2025,11.17,county,11.19,125,267300,8.185,0.737,123
42031,1.328,0.05048,0.001743,0,0,0,3,12.75,2014-2025,11.17,county,33.31,372,17180,9.301,0.8269,113
42033,0.9045,0.04808,0.01153,0,0,0,3.25,16,2014-2025,11.17,county,27.58,308,38760,7.341,0.7544,115.2
42035,0.6383,0.04497,0,0,0,0,3.75,14.5,2014-2025,11.17,county,21.4,239,20060,5.211,0.7381,56.75
42037,0.7695,0.09382,0.008529,0,0,0,3.75,23.25,2014-2025,11.17,county,22.48,251,35120,7.693,0.7873,115.8
42039,1.059,0.05523,0.002629,0,0,0,3,19,2014-2025,11.17,county,29.46,329,38950,8.365,0.8018,112.2
42041,0.2298,0.04235,0,0,0,0,2.75,14.5,2014-2025,11.17,county,10.57,118,142600,2.448,0.4796,56
42043,0.1246,0.04336,0,0,0,0,2.5,14.5,2014-2025,11.17,county,5.104,57,176800,1.68,0.4117,59.25
42045,0.3017,0.2346,0.02049,0,0,0,7.25,47.5,2014-2025,11.17,county,6.985,78,277100,6.486,0.7145,118.5
42047,0.789,0.03279,0,0,0,0,4,19,2014-2025,11.17,county,21.31,238,16980,5.844,0.8724,51.75
42049,0.5147,0.02607,0,0,0,0,2,8.5,2014-2025,11.17,county,18.54,207,164700,3.974,0.5056,73.75
42051,0.6755,0.04962,0.00048,0,0,0,3,18.25,2014-2025,11.17,county,24.99,279,66010,5.927,0.7356,81.5
42053,4.533,0.07303,0.003702,0,0,0,4,17.5,2014-2025,11.17,county,50.87,568,3447,31.91,0.9451,167
42055,0.302,0.01408,0,0,0,0,1.75,7.25,2014-2025,11.17,county,13.61,152,76810,1.941,0.5224,60.5
42057,0.6979,0.04907,0.00136,0,0,0,2.25,16.5,2014-2025,11.17,county,14.87,166,7267,4.721,0.8181,87.5
42059,1.398,0.05672,0.005547,0,0,0,3.75,17.25,2014-2025,11.17,county,34.3,383,18540,10.95,0.8052,117.8
42061,0.5868,0.01473,0.003835,0,0,0,2.75,9.75,2014-2025,11.17,county,16.03,179,20890,3.551,0.7199,96
42063,1.392,0.05411,0.01403,0,0,0,2.5,12.25,2014-2025,11.17,county,36.54,408,36450,10.83,0.7881,138
42065,1.228,0.06878,0.002311,0,0,0,3.25,17.5,2014-2025,11.17,county,33.85,378,20070,8.421,0.8437,93.5
42067,1.085,0.02878,0,0,0,0,2.75,8.75,2014-2025,11.17,county,21.13,236,11160,5.94,0.8242,68
42069,0.2494,0.08053,0.001203,0,0,0,3.75,21,2014-2025,11.17,county,8.866,99,120000,2.786,0.6152,80
42071,0.1428,0.02421,0,0,0,0,3.25,12.75,2014-2025,11.17,county,6.716,75,209000,2.016,0.3358,39.5
42073,0.5763,0.04723,0.0004955,0,0,0,2,10.5,2014-2025,11.17,county,15.58,174,36060,4.017,0.6901,80.25
42075,0.6876,0.02047,0,0,0,0,2,7.25,2014-2025,11.17,county,18.9,211,69520,3.781,0.6511,69
42077,0.161,0.1002,0.005522,0,0,0,5,24,2014-2025,11.17,county,6.09,68,212000,2.568,0.5042,79.5
42079,0.1857,0.04095,0.01134,0,0,0,3,14.75,2014-2025,11.17,county,8.328,93,164500,2.086,0.4885,83.75
42081,0.3498,0.05498,0,0,0,0,4.25,16.75,2014-2025,11.17,county,15.13,169,62880,3.845,0.5933,58
42083,1.257,0.02942,0.003513,0,0,0,3,10,2014-2025,11.17,county,32.87,367,23950,7.524,0.7729,81
42085,0.8137,0.06574,0.007326,0,0,0,2,17.5,2014-2025,11.17,county,18.45,206,48400,6.58,0.7521,114.5
42087,0.8692,0.01919,0.001655,0,0,0,2.25,8.25,2014-2025,11.17,county,22.39,250,26460,4.539,0.7582,80.5
42089,0.656,0.1853,0.04954,0.001634,0,0,5.75,41.25,2014-2025,11.17,county,20.06,224,85900,11.47,0.8048,198.8
42091,0.3179,0.237,0.02484,0,0,0,9,44.75,2014-2025,11.17,county,7.701,86,329700,7.283,0.7038,108.8
42093,0.4214,0.04355,0,0,0,0,3,13.75,2014-2025,11.17,county,14.42,161,12180,3.238,0.7363,65
42095,0.391,0.09116,0.006774,0,0,0,3.25,22.5,2014-2025,11.17,county,13.52,151,161800,4.598,0.6394,149.8
42097,0.4446,0.05937,0,0,0,0,2.5,17.5,2014-2025,11.17,county,15.04,168,46260,3.934,0.6428,69
42099,1.24,0.05157,0.004702,0,0,0,3,15.75,2014-2025,11.17,county,32.42,362,21130,8.795,0.8177,95.25
42101,0.03372,0.1297,0.005818,0,0,0,6.25,26.25,2014-2025,11.17,county,1.164,13,802800,1.821,0.1946,77.75
42103,1.765,0.1347,0.05969,0.01725,0,0,3.5,36,2014-2025,11.17,county,33.58,375,23780,27.14,0.9203,230.2
42105,1.095,0.04106,0.002282,0.002282,0,0,3.75,13.75,2014-2025,11.17,county,20.87,233,9352,7.512,0.9134,198.8
42107,0.3773,0.09294,0.003728,0,0,0,4.25,23.25,2014-2025,11.17,county,13.34,149,74360,4.635,0.6581,82.5
42109,0.4557,0.03235,0,0,0,0,2.25,12.5,2014-2025,11.17,county,12.63,141,21360,3.105,0.676,49.5
42111,0.5653,0.02121,0.001802,0,0,0,2.25,8.75,2014-2025,11.17,county,18.54,207,34020,3.928,0.5721,78.75
42113,3.3,0.07988,0.007546,0,0,0,3.5,18,2014-2025,11.17,county,31.52,352,3290,24.88,0.9481,113.8
42115,1.992,0.106,0.01455,0,0,0,3.75,25,2014-2025,11.17,county,42.9,479,18030,20.27,0.9021,124.8
42117,1.015,0.0553,0.0009969,0,0,0,3,15.5,2016-2025,9.667,county,29.69,287,22390,7.373,0.7815,75
42119,0.2296,0.02116,0.00265,0,0,0,2.25,10.5,2014-2025,11.17,county,7.97,89,28700,1.589,0.637,74
42121,1.128,0.08376,0.003398,0,0,0,3.25,20,2014-2025,11.17,county,32.42,362,26080,9.633,0.7864,100
42123,1.224,0.03912,0.002337,0,0,0,2.25,10.25,2014-2025,11.17,county,28.03,313,22410,7.648,0.739,98.5
42125,0.617,0.08326,0.006744,0,0,0,3.25,21.5,2014-2025,11.17,county,26.24,293,113200,6.723,0.7107,102.5
42127,1.702,0.1443,0.02474,0,0,0,5.5,31.25,2014-2025,11.17,county,38.87,434,25760,21.14,0.8883,111.5
42129,0.3894,0.08555,0.01148,0,0,0,3.75,22,2014-2025,11.17,county,16.48,184,188400,5.232,0.6147,138.2
42131,2.108,0.05837,0.002671,0,0,0,4,17,2014-2025,11.17,county,39.85,445,12420,16.16,0.8821,95.75
42133,0.3484,0.05274,0.006113,0,0,0,2.5,16.25,2014-2025,11.17,county,13.97,156,195200,4.059,0.5304,97.25
44001,0.6211,0.1168,0.004977,0,0,0,3.5,25,2014-2025,11.17,county,7.612,85,33840,5.743,0.9393,102.2
44003,0.323,0.2496,0.01747,0,0,0,7.75,44,2014-2025,11.17,county,8.418,94,120800,5.244,0.8932,110.8
44005,0.4264,0.02315,0,0,0,0,1.5,7.5,2014-2025,11.17,county,9.672,108,62020,1.953,0.8082,76.25
44007,0.351,0.1641,0.006255,0,0,0,5.5,28.5,2014-2025,11.17,county,9.493,106,253600,4.712,0.8138,101.2
44009,1.161,0.1779,0.01417,0,0,0,4.5,31.75,2014-2025,11.17,county,17.82,199,51430,14.98,0.9308,115.8
45001,1.358,0.1166,0.0579,0.03307,0,0,3,28.25,2014-2025,11.17,county,25.52,285,9846,21.2,0.9531,349.8
45003,0.546,0.1976,0.1461,0.07449,0,0,3.25,131.2,2014-2025,11.08,county,15.52,172,79310,16.8,0.9312,331.2
45005,1.09,0.1565,0.05058,0,0,0,2,39.5,2014-2025,11.08,county,20.03,222,4639,13.39,0.9426,185.8
45007,0.7105,0.2227,0.0945,0.03023,0,0,5.75,62.25,2014-2025,11.17,county,21.85,244,101500,17.5,0.8939,280.5
45009,0.8267,0.07282,0.02302,0,0,0,2,16.5,2014-2025,11.08,county,17.95,199,8728,6.775,0.9036,156
45011,0.8992,0.06765,0.03133,0.0008308,0,0,2.25,13.5,2014-2025,11.08,county,13.71,152,10630,7.287,0.8789,228.2
45013,0.3722,0.1614,0.05123,0.001719,0,0,3.5,48.75,2014-2025,11.08,county,9.474,105,127300,6.167,0.848,198.5
45015,0.2511,0.04679,0.001724,0,0,0,2,13.25,2014-2025,11.17,county,7.075,79,162200,2.273,0.5929,107.2
45017,0.7926,0.04741,0.009408,0,0,0,1.5,8,2014-2025,11.08,county,14.89,165,9147,4.864,0.845,131
45019,0.2907,0.2401,0.0149,0,0,0,8,42.5,2014-2025,11.08,county,6.767,75,231000,5.781,0.7722,125.5
45021,0.3629,0.1438,0.09874,0.04073,0,0,2.75,71.25,2014-2025,11.17,county,11.28,126,39740,7.794,0.924,255.5
45023,0.6386,0.1254,0.01482,0.002348,0,0,3.25,28.75,2014-2025,11.17,county,18.18,203,20550,6.928,0.8452,202.5
45025,1.352,0.07441,0.003267,0,0,0,2.25,16.75,2014-2025,11.17,county,27.49,307,17120,8.937,0.8921,115
45027,0.7093,0.04738,0.01957,0,0,0,2.25,13.25,2014-2025,11.17,county,18.36,205,17810,5.775,0.8355,153.2
45029,1.456,0.1053,0.03647,0,0,0,3.25,27.75,2014-2025,11.08,county,31.85,353,20360,15.95,0.9196,167.5
45031,0.8205,0.1209,0.02539,0,0,0,2.5,34.25,2014-2025,11.17,county,19.16,214,25020,9.166,0.8769,172.8
45033,1.291,0.1399,0.06123,0.005958,0,0,2.25,52.5,2014-2025,11.17,county,18.27,204,10430,18.61,0.9513,198.2
45035,0.5189,0.1105,0.009339,0,0,0,3.5,27,2014-2025,11.08,county,12.27,136,73270,5.349,0.8,140.2
45037,0.9381,0.1183,0.09731,0.06099,0,0,2.25,58.5,2014-2025,11.17,county,20.87,233,12720,20.45,0.9592,351.5
45039,0.8549,0.0606,0.01617,0.002832,0,0,3,10.5,2014-2025,11.17,county,20.06,224,13980,6.848,0.902,202.5
45041,0.5898,0.1549,0.08288,0,0,0,2.5,55.25,2014-2025,11.17,county,16.03,179,54560,9.788,0.886,179.5
45043,0.3862,0.1471,0.02036,0,0,0,3.25,27.75,2014-2025,11.17,county,11.1,124,46010,4.5,0.8488,160.2
45045,0.5257,0.3083,0.1713,0.06275,0,0,8,131.2,2014-2025,11.17,county,14.69,164,210300,20.63,0.8884,310.2
45047,0.5326,0.2044,0.1101,0.05955,0,0,4.25,87.5,2014-2025,11.17,county,14.78,165,40700,14.66,0.9339,282.5
45049,0.9434,0.1807,0.06591,0.0003229,0,0,3,37.5,2014-2025,11.08,county,15.43,171,8886,14.16,0.9344,181.2
45051,0.2744,0.2038,0.02934,0.00239,0,0,4,43.25,2014-2025,11.17,county,7.343,82,259200,4.621,0.8582,212
45053,0.7937,0.1221,0.047,0.001169,0,0,2,35.75,2014-2025,11.08,county,16.6,184,17700,9.446,0.9048,189.5
45055,0.3478,0.07056,0.006139,0,0,0,2.5,12.75,2014-2025,11.17,county,12.36,138,43200,2.774,0.7443,108.8
45057,0.6134,0.06938,0.003123,0,0,0,2.5,20.25,2014-2025,11.17,county,17.73,198,52270,4.593,0.8004,90.25
45059,0.32,0.1398,0.1033,0.061,0,0,2.5,111,2014-2025,11.17,county,11.1,124,71550,8.152,0.8979,320.8
45061,1.452,0.06467,0.0266,0,0,0,2.5,16.75,2014-2025,11.17,county,24.27,271,6212,12.58,0.9297,158
45063,0.377,0.1191,0.04611,0.006383,0,0,4,27.75,2014-2025,11.08,county,9.474,105,165900,5.631,0.8146,237.5
45065,3.26,0.08456,0.04372,0.02521,0,0,3,18.75,2014-2025,11,county,31.82,350,4091,41.46,0.9794,418.8
45067,1.154,0.161,0.07821,0.009692,0.001841,0,2.75,59,2014-2025,11.17,county,21.04,235,11260,19.04,0.9366,494.2
45069,0.4314,0.131,0.02606,0,0,0,3,26.5,2014-2025,11.17,county,10.57,118,14960,4.473,0.9011,128.5
45071,0.6516,0.1385,0.07991,0.02257,0,0,3,45.5,2014-2025,11.17,county,19.43,217,23380,12.39,0.8885,306.8
45073,0.8672,0.2107,0.07453,0.01946,0.001837,0.0005977,4,60.75,2014-2025,11.17,county,20.51,229,40420,17.15,0.9319,2118
45075,0.2904,0.08495,0.02731,0,0,0,3.5,15,2014-2025,11.08,county,9.744,108,58620,3.214,0.7642,133
45077,0.5492,0.2092,0.07891,0.02503,0,0,4,57.5,2014-2025,11.17,county,15.4,172,74040,11.89,0.9175,334.2
45079,0.2758,0.1171,0.02945,0.002621,0,0,4.5,26.75,2014-2025,11.08,county,7.398,82,227600,4.084,0.7343,184.2
45081,1.515,0.08095,0.04647,0.02457,0,0,2,14.75,2014-2025,11.17,county,22.48,251,11820,19.42,0.9344,288.8
45083,0.5333,0.2767,0.1828,0.07293,0,0,4.25,144.5,2014-2025,11.17,county,18.99,212,147600,20.25,0.913,303.5
45085,0.8335,0.08537,0.02129,0,0,0,2.5,15.75,2014-2025,11.17,county,23.55,263,42520,7.364,0.8311,136.2
45087,0.1959,0.08475,0.07053,0.03664,0,0,1.75,11.25,2014-2025,11.08,county,7.128,79,21940,3.094,0.9136,253.5
45089,0.7297,0.05964,0.0221,0,0,0,2.5,15.75,2014-2025,11.17,county,20.24,226,21460,6.318,0.8619,177.2
45091,0.1909,0.09916,0.0198,0,0,0,3.25,23.5,2014-2025,11.17,county,7.343,82,173500,2.458,0.6909,106.5
46003,0.8153,0.0009533,0,0,0,0,1.75,4.5,2019-2025,6.583,county,8.203,54,1368,2.681,0.8551,35.25
46005,0.9406,0.01289,0,0,0,0,2.5,7.5,2019-2025,6.083,county,10.36,63,9787,4.744,0.8996,63.75
46007,0.03945,0.05571,0.01064,0.002113,0.0008015,0.00001995,2.25,11.25,2020-2025,3.25,state,0.6154,2,1014,0.3063,0.976,8.5
46009,1.025,0.006581,0,0,0,0,3.5,8.75,2020-2025,6,county,7.667,46,2917,4.446,0.9353,32.5
46011,0.1268,0.1478,0.01833,0,0,0,2,62.25,2017-2025,7.167,county,4.605,33,19030,2.224,0.609,98.25
46013,0.598,0.007556,0,0,0,0,2.25,5.25,2019-2025,6.167,county,10.38,64,19240,2.271,0.8331,54.5
46015,1.354,0,0,0,0,0,2.25,4.25,2019-2025,6.417,county,6.078,39,2837,4.085,0.904,21
46017,0.9599,0,0,0,0,0,2,3,2019-2025,6.333,county,8.211,52,592,2.616,0.7602,8.5
46019,0.456,0.02452,0.008208,0.0007511,0,0,2.25,6,2016-2025,8.667,county,11.65,101,4717,2.737,0.7563,246.2
46021,1.02,0,0,0,0,0,2.25,5.25,2019-2025,4.333,county,6.692,29,691,2.959,0.9614,10.25
46023,0.8189,0,0,0,0,0,2.75,4.75,2019-2025,5.917,county,8.451,50,4915,2.775,0.8951,18.5
46025,1.271,0.02363,0.006189,0,0,0,2.5,5.25,2019-2025,6.167,county,10.7,66,1587,6.215,0.9515,155
46027,0,0.05571,0.01064,0.002113,0.0008015,0.00001995,2.25,11.25,2019-2025,5.167,state,0,0,8444,0.09777,0,0
46029,0.0603,0.02884,0,0,0,0,2,5.5,2019-2025,5.917,county,3.38,20,24300,0.2642,0.7118,67.75
46031,0.3509,0,0,0,0,0,2.25,5.5,2017-2025,5.25,county,6.857,36,1975,1.265,0.7676,10
46033,0.8538,0.141,0.03538,0.001086,0,0,4.5,37.5,2016-2025,8.667,county,13.04,113,4481,11.1,0.9219,319.2
46035,0.6166,0.01502,0,0,0,0,2.25,4.5,2019-2025,6.583,county,8.658,57,11590,2.274,0.8304,38.25
46037,1.041,0.07298,0.02808,0.003492,0,0,2.5,15.75,2019-2025,6.583,county,16.25,107,4051,9.068,0.8784,288.5
46039,1.649,0.09155,0.01201,0,0,0,2,22.25,2019-2025,6.583,county,24,158,1795,10.99,0.9059,148.8
46041,0.5392,0.02744,0,0,0,0,1.75,6,2022-2025,4,county,8,32,4866,1.927,0.9138,46.25
46043,1.14,0,0,0,0,0,2.25,4,2020-2025,5.083,county,5.705,29,1745,2.958,0.9252,7
46045,0.4917,0.02381,0,0,0,0,2,6.25,2017-2025,6.667,county,4.95,33,2191,1.905,0.7951,43.25
46047,0.7153,0.02569,0.01261,0,0,0,4,8.75,2016-2025,8.75,county,8.914,78,4055,5.109,0.8239,129.5
46049,1.483,0.01828,0,0,0,0,2.25,6.75,2019-2025,6,county,9.667,58,1168,5.393,0.9536,36.25
46051,0.7582,0.2392,0.09933,0,0,0,2.75,57,2019-2025,6.333,county,6.158,39,3124,20.49,0.9585,153.2
46053,0.1517,0.1849,0,0,0,0,2,34.5,2022-2025,4,county,3.5,14,2673,1.118,0.7985,34.5
46055,0.9292,0.1523,0.06196,0.0006872,0.0006872,0,2,45.5,2019-2025,6.833,county,11.41,78,1375,11.13,0.9166,544
46057,1.786,0.07014,0,0,0,0,2.75,20.5,2019-2025,6.583,county,22.48,148,2187,13.33,0.9248,65
46059,0.2183,0,0,0,0,0,3.25,6.75,2019-2025,4.583,county,2.618,12,1991,0.9368,0.9524,16.25
46061,0.8483,0.07318,0,0,0,0,3,19,2014-2025,8.333,county,8.64,72,1960,5.201,0.9279,66.25
46063,6.096,0.07403,0.01295,0.003472,0,0,2.75,19,2017-2025,6.75,county,36.74,248,518,49.63,0.9484,200
46065,0.08606,0.07555,0.07555,0,0,0,3.75,9.25,2019-2025,4.583,county,3.491,16,14360,0.4478,0.9322,75.25
46067,0.5363,0.0009779,0,0,0,0,2.75,5.5,2017-2025,6.75,county,9.333,63,5650,2.615,0.5976,32.5
46069,2.751,0.001202,0,0,0,0,3.5,5.75,2020-2025,4.917,county,7.932,39,615,10.77,0.9695,50.25
46071,0.759,0.1963,0.01058,0,0,0,3,58.75,2019-2025,6.667,county,12.45,83,915,10.73,0.8463,115.2
46073,0.2147,0,0,0,0,0,2.75,5.25,2019-2025,6.583,county,4.709,31,1049,0.9676,0.7004,12.75
46075,1,0.04016,0.002295,0,0,0,2.25,10.75,2019-2025,6.25,county,14.08,88,697,5.658,0.8644,74.25
46077,0.4753,0.2813,0.004026,0.001952,0.0009759,0,6.5,27,2017-2025,6.667,county,5.4,36,2587,6.756,0.8994,717.5
46079,0.3845,0.1244,0.01665,0.002619,0.00129,0.00129,3.5,25.75,2014-2025,8.25,county,8.242,68,8064,4.891,0.7998,791.5
46081,0.5602,0.04955,0.002914,0,0,0,2.5,14,2016-2025,8.75,county,9.714,85,15540,3.719,0.7646,139.2
46083,0.2251,0.03001,0,0,0,0,1.75,7.25,2014-2025,9.583,county,4.904,47,31560,1.911,0.4108,58
46085,0.6423,0.03577,0.0317,0,0,0,2,6.75,2019-2025,6.583,county,14.73,97,2969,5.823,0.8247,147.2
46087,0.6385,0.138,0.006444,0.005342,0.0006058,0,2.5,47,2014-2025,9.167,county,8.509,78,3102,8.468,0.7494,477.2
46089,0.9499,0.03902,0.03745,0,0,0,1.5,5.75,2017-2025,6,county,5.167,31,1223,8.494,0.8787,162
46091,1.374,0.181,0.03525,0,0,0,2.75,38,2019-2025,6.583,county,19.44,128,2509,15.85,0.9241,121.8
46093,0.548,0.01418,0,0,0,0,1.5,5.5,2016-2025,8.667,county,10.38,90,14290,3.152,0.5137,62.75
46095,0.4124,0.03379,0,0,0,0,4.75,5.25,2019-2025,5.083,county,3.738,19,621,5.919,0.3635,55.5
46097,0.9726,0.05524,0.003922,0,0,0,2.75,15.5,2014-2025,8.583,county,7.223,62,1069,6.716,0.9357,96.5
46099,0.4257,0.0618,0.01277,0.006322,0.002168,0,2,16.75,2014-2025,9.417,county,13.06,123,91940,4.94,0.5983,358
46101,0.5123,0.1632,0.04755,0.008673,0,0,1.75,45,2017-2025,7.167,county,11.3,81,3517,7.856,0.8052,215.8
46102,0.3589,0.001519,0,0,0,0,1.75,4.5,2019-2025,6.167,county,4.541,28,4164,1.118,0.8117,32
46103,0.2164,0.1013,0.02608,0.001367,0,0,4,24.25,2015-2025,8.833,county,6.679,59,68130,3.11,0.6478,214.8
46105,3.766,0.05761,0.002152,0,0,0,2.75,17,2017-2025,7.083,county,34.59,245,1237,26.16,0.942,129.2
46107,0.4667,0.01733,0,0,0,0,2,7,2017-2025,6.083,county,5.26,32,1138,2.533,0.7189,53
46109,0.7883,0.0432,0,0,0,0,2.25,8,2019-2025,6.417,county,12.94,83,4096,4.546,0.7896,44
46111,1.71,0.01369,0,0,0,0,2.75,6.75,2014-2025,7.417,county,15.78,117,1463,6.99,0.9572,70.5
46115,0.8176,0,0,0,0,0,2.5,4.25,2019-2025,6,county,9.333,56,3353,2.776,0.8328,15.25
46117,0.3951,0.005798,0.005798,0,0,0,2,8.25,2019-2025,6.583,county,9.873,65,2520,1.996,0.7743,75.25
46119,0,0.05571,0.01064,0.002113,0.0008015,0.00001995,2.25,11.25,2022-2024,3,state,0,0,681,0,0,0
46121,1.543,0.04677,0.001817,0,0,0,2.75,10.5,2022-2025,4,county,10,40,2407,11.27,0.7671,133.8
46123,0.1243,0,0,0,0,0,2.5,6.25,2019-2025,4.75,county,3.158,15,4744,0.5904,0.6465,6.75
46125,0.5259,0.06899,0.001863,0,0,0,2.75,14.5,2014-2025,9.25,county,8.216,76,4964,5.056,0.6155,116.8
46127,0.4027,0.006704,0,0,0,0,1.5,10.5,2015-2025,8.667,county,6,52,6967,1.856,0.7266,71
46129,0.7783,0,0,0,0,0,1.5,3.25,2017-2025,6.583,county,5.316,35,2380,2.335,0.6878,14.25
46135,0.5061,0.03981,0.01431,0.01194,0.01194,0,2,3.75,2019-2025,6.5,county,8.154,53,11940,5.964,0.918,641.8
46137,1.068,0.01285,0,0,0,0,3,20,2019-2025,5.833,county,8.229,48,1374,5.933,0.9455,37.75
47001,0.1426,0.02372,0,0,0,0,2.25,8.75,2014-2025,10.75,county,6.14,66,42750,1.318,0.4131,47
47003,0.3263,0.07989,0.01752,0,0,0,2.25,21.75,2014-2025,9.583,county,9.287,89,28280,2.983,0.7376,130
47007,1.569,0.04735,0.003519,0,0,0,3,12.25,2019-2025,6.75,county,28.59,193,7566,10.31,0.8464,102.5
47009,0.6521,0.03239,0.002413,0,0,0,2,9,2014-2025,11.17,county,21.4,239,70520,4.289,0.6755,121.5
47011,1.125,0.05341,0.005382,0,0,0,2.25,15.5,2019-2025,6.75,county,33.19,224,54500,7.316,0.8176,116.5
47013,0.6813,0.008774,0,0,0,0,1.75,11,2014-2025,10.58,county,14.65,155,22290,4.045,0.652,54
47015,0.6571,0.001865,0,0,0,0,2,4.5,2015-2025,10.25,county,11.12,114,5893,2.785,0.7091,38.25
47017,0,0.07522,0.01598,0.002477,0,0,2.5,18.5,2018-2024,3.167,state,0,0,15730,0.0003864,0,0
47019,0,0.07522,0.01598,0.002477,0,0,2.5,18.5,2022-2024,2.75,state,0,0,30690,0,0,0
47021,1.084,0.02804,0.004893,0,0,0,2,8.75,2014-2025,11.17,county,23.55,263,15710,6.058,0.7825,121
47023,1.66,0.01261,0,0,0,0,1.75,4.5,2017-2025,8.75,county,18.74,164,6106,6.48,0.8071,50
47025,0.804,0.03519,0,0,0,0,2,10.75,2019-2025,6.917,county,20.53,142,21380,5.648,0.6336,78.75
47027,3.048,0.002492,0,0,0,0,2,5.75,2014-2025,11.17,county,24,268,4055,9.877,0.8832,58
47029,0.8156,0.02429,0.004122,0,0,0,2,9.75,2017-2025,8.083,county,19.42,157,18730,4.987,0.7029,138
47031,0.4192,0.04031,0.005414,0,0,0,2,17,2014-2025,10.08,county,9.917,100,33030,3.032,0.7505,102.8
47033,1.972,0.0007204,0,0,0,0,1.25,5.25,2016-2024,8.167,county,16.9,138,6207,6.405,0.8184,36
47035,1.569,0.05373,0.0003576,0,0,0,2.75,12.75,2019-2025,6.75,county,31.11,210,36170,10.23,0.8363,72.75
47037,0.4187,0.1511,0.01891,0.001996,0,0,4.25,42.5,2014-2025,11.17,county,14.15,158,359100,5.868,0.7339,205.8
47041,0.0866,0,0,0,0,0,1.25,6.75,2015-2025,10.17,county,1.574,16,10380,0.3455,0.6466,16
47043,0,0.07522,0.01598,0.002477,0,0,2.5,18.5,2014-2025,6.417,state,0,0,28740,0.01847,0,0
47045,0.1418,0.01197,0,0,0,0,1.5,4.5,2016-2024,8.167,county,3.673,30,19620,0.4792,0.7753,43.25
47047,1.151,0.05488,0.009104,0,0,0,2.25,11.25,2017-2025,8.75,county,31.43,275,22060,7.615,0.8786,138.8
47049,2.62,0.01014,0,0,0,0,2,9.25,2019-2025,6.75,county,33.63,227,10680,11.32,0.8799,54
47051,0.5498,0.0006042,0,0,0,0,2.25,8.25,2014-2025,8.667,county,13.27,115,22920,2.919,0.6523,41.25
47053,0.3918,0.008043,0,0,0,0,1.5,5.75,2016-2025,9.167,county,9.6,88,28040,1.502,0.6785,58.75
47055,1.883,0.01739,0,0,0,0,2,8.75,2014-2025,9.25,county,26.7,247,16390,8.378,0.7966,70
47057,0.8044,0.04407,0.001888,0,0,0,2.25,9.25,2015-2025,10.58,county,16.16,171,12570,5.29,0.7409,85.25
47059,0.4375,0.06077,0.004336,0,0,0,1.75,8.5,2016-2025,8.833,county,14.26,126,39860,2.898,0.7182,133.5
47061,1.266,0.04409,0.03307,0,0,0,3,16.25,2015-2025,6.417,county,15.58,100,7160,12.47,0.8658,140.2
47063,0.2211,0.04321,0.001262,0,0,0,1.75,8.25,2016-2025,9.083,county,9.248,84,38660,1.532,0.6157,75.25
47065,0.1309,0.06797,0,0,0,0,4.5,17.5,2017-2025,7.167,county,4.884,35,187900,1.928,0.479,42.5
47067,1.544,0.04333,0.02214,0,0,0,2.25,10.5,2019-2025,6.417,county,38.34,246,4277,11.47,0.7922,124.2
47069,0.2224,0.01891,0,0,0,0,2.25,7.5,2017-2025,8.75,county,5.143,45,12770,1.275,0.6901,62.5
47073,0.9897,0.05266,0.006007,0,0,0,2.25,10,2014-2025,11.17,county,25.16,281,26530,6.966,0.7337,135.2
47075,0.7876,0.01508,0.0005021,0,0,0,2,5.25,2016-2025,9.083,county,16.51,150,9744,3.237,0.7988,116.8
47077,0.1018,0.08425,0,0,0,0,3.75,15,2017-2025,8.75,county,3.429,30,16600,0.7248,0.8442,33.5
47079,2.126,0.03684,0.006924,0,0,0,2,9,2017-2025,6.667,county,47.7,318,22030,11.18,0.85,85.25
47081,0,0.07522,0.01598,0.002477,0,0,2.5,18.5,2015-2025,6.583,state,0,0,12080,0.03223,0,0
47083,0,0.07522,0.01598,0.002477,0,0,2.5,18.5,2022-2024,1.417,state,0,0,4418,0,0,0
47087,0.1009,0.07522,0.01598,0.002477,0,0,2.5,18.5,2015-2024,3.167,state,2.211,7,4827,0.2356,0.7224,4.75
47089,0.5264,0.0336,0.003103,0,0,0,2.25,10.75,2015-2025,10.5,county,12.48,131,32420,3.396,0.7829,119.2
47091,0,0.07522,0.01598,0.002477,0,0,2.5,18.5,2025-2025,0.5,state,0,0,9654,0.0174,0,0
47093,0.5646,0.02275,0,0,0,0,2.75,10.75,2014-2025,10.83,county,18.09,196,244100,4.293,0.5568,66.5
47095,0.9163,0.02389,0.0009593,0,0,0,2,13.5,2016-2024,8.083,county,9.278,75,2815,4.352,0.8844,87.75
47097,0.1377,0,0,0,0,0,2.5,7.25,2017-2025,8.25,county,5.455,45,12260,0.6175,0.7784,22.25
47099,1.037,0.00218,0,0,0,0,2,5,2015-2025,7.333,county,22.09,162,21170,3.918,0.6467,24.5
47101,0,0.07522,0.01598,0.002477,0,0,2.5,18.5,2014-2025,5.667,state,0,0,6968,0.02491,0,0
47103,0.002474,0.07522,0.01598,0.002477,0,0,2.5,18.5,2014-2025,8.417,state,0.2376,2,18300,0.1835,0.06874,8.25
47105,0.5996,0.007732,0.002088,0,0,0,2,7,2014-2025,11.17,county,16.57,185,27680,2.856,0.7401,117.2
47107,0.4679,0.01633,0,0,0,0,2.75,7.5,2015-2025,9.25,county,19.14,177,30370,2.51,0.7187,55.25
47109,0,0.07522,0.01598,0.002477,0,0,2.5,18.5,2017-2024,3,state,0,0,15970,0.001649,0,0
47111,1.741,0.01454,0.0008366,0,0,0,2,5.75,2014-2025,11.17,county,28.12,314,13770,6.276,0.8215,86.75
47113,0.7257,0.01055,0,0,0,0,2.25,6.25,2016-2025,9.167,county,23.13,212,61450,3.833,0.6438,63
47115,0.51,0.01348,0,0,0,0,3.25,7.5,2014-2025,7.833,county,12.77,100,15730,3.537,0.6341,53.25
47117,0.4248,0.02724,0,0,0,0,1.75,9.25,2014-2025,10,county,8.9,89,18320,2.334,0.7211,55
47119,0.5401,0.04009,0.001867,0,0,0,2.25,11,2014-2025,10.83,county,14.12,153,47610,3.301,0.7514,102.8
47121,2.714,0.006394,0,0,0,0,2.5,8,2019-2025,6.75,county,42.22,285,6967,11.96,0.8478,47.25
47123,0.7436,0.04714,0.00971,0,0,0,2.5,13.25,2014-2025,11.17,county,25.88,289,32870,5.569,0.7298,145.8
47125,0.3732,0.05656,0.0121,0,0,0,2.25,9.75,2014-2025,11.08,county,14.53,161,119900,2.821,0.7322,144.2
47127,1.401,0.03365,0.0059,0,0,0,2,12,2014-2025,8.583,county,21.44,184,3269,7.508,0.8964,121.2
47129,0.09888,0.0024,0,0,0,0,2.25,7.75,2014-2025,10.58,county,3.024,32,9954,0.5808,0.5838,25.25
47131,0.6756,0.05051,0.007994,0,0,0,1.75,10,2016-2024,8.167,county,16.53,135,17710,4.054,0.8391,117.5
47133,0.3804,0.002761,0,0,0,0,2.5,8.25,2015-2025,9.333,county,8.679,81,10100,1.737,0.8069,32.75
47137,3.322,0.02805,0.001799,0,0,0,2,16,2019-2025,6.75,county,32.59,220,2876,16.01,0.9316,102.8
47139,1.357,0.03265,0.0009543,0,0,0,3.5,10,2015-2025,9.333,county,25.39,237,9762,7.813,0.8736,74.5
47141,0.05497,0.0364,0,0,0,0,2,7,2019-2025,6.75,county,2.815,19,50120,0.428,0.5565,41.75
47143,0.8629,0.04269,0.002829,0,0,0,3,9.25,2019-2025,6.75,county,16.59,112,17180,5.356,0.8127,76.75
47145,0.5131,0.001138,0,0,0,0,2.5,6.75,2014-2025,9.833,county,13.42,132,27010,2.378,0.7581,30.25
47147,0.9619,0.03808,0.003136,0,0,0,1.5,6.5,2014-2025,11.17,county,24.9,278,31940,4.613,0.7447,99
47149,0.1443,0.005383,0,0,0,0,1.75,6.25,2014-2025,11.17,county,6.269,70,157600,0.9766,0.4479,46
47151,0.0311,0.07522,0.01598,0.002477,0,0,2.5,18.5,2019-2025,6.583,state,1.063,7,11850,0.3378,0.5116,22.5
47153,0.6431,0.0336,0.000708,0,0,0,4,8.75,2019-2025,6.5,county,10.77,70,8785,4.685,0.7378,132.2
47155,0.8303,0.09367,0.03228,0.002374,0,0,2.75,21.25,2015-2025,10.58,county,25.98,275,71320,9.699,0.8283,221.5
47157,0.6069,0.2163,0.06684,0.01382,0,0,6.25,46.25,2014-2025,11.17,county,19.79,221,422900,14.58,0.7463,251.5
47159,0.2818,0.02064,0.003159,0,0,0,2.5,4,2015-2025,10.33,county,3.387,35,8588,1.235,0.8212,78
47161,3.185,0.03313,0.007841,0,0,0,1.5,9,2017-2025,9,county,43,387,5144,16.5,0.8814,144.2
47163,0.4756,0.0845,0.01292,0,0,0,2.75,20,2014-2025,11.17,county,19.61,219,69350,5.151,0.655,128.8
47165,0.5862,0.05064,0.003484,0,0,0,1.75,12,2014-2025,11.17,county,22.12,247,85060,3.853,0.7507,99.5
47167,1.092,0.03848,0.004241,0,0,0,2.25,10.5,2014-2025,11.08,county,23.91,265,22370,6.602,0.8607,105.2
47169,1.271,0.003778,0,0,0,0,2,5.25,2014-2025,11.17,county,12.54,140,5242,4.32,0.8245,29.5
47171,0.102,0,0,0,0,0,2,15.75,2019-2025,6.667,county,2.85,19,12250,0.7249,0.5769,18.25
47173,1.721,0.0157,0.00002283,0,0,0,2.25,8.25,2014-2025,10.75,county,33.58,361,9474,8.569,0.7646,74.25
47175,0.6365,0.03315,0.00251,0,0,0,2.5,9.75,2019-2025,6.333,county,8.053,51,2866,3.997,0.864,77.75
47177,0,0.07522,0.01598,0.002477,0,0,2.5,18.5,2015-2025,5.25,state,0,0,23920,0.001264,0,0
47179,0.26,0.03471,0.009185,0,0,0,2,10,2014-2025,10.67,county,7.594,81,86320,2.112,0.5981,114.2
47181,0,0.07522,0.01598,0.002477,0,0,2.5,18.5,2020-2025,5.083,state,0,0,8749,0.04995,0,0
47183,0,0.07522,0.01598,0.002477,0,0,2.5,18.5,2017-2025,4.667,state,0,0,19880,0.01123,0,0
47185,0.3161,0.08349,0,0,0,0,3.25,15,2019-2025,6.75,county,5.778,39,13360,2.377,0.8737,63.5
47187,0.1832,0.01152,0,0,0,0,1.5,7,2014-2025,11.17,county,7.701,86,123600,1.185,0.442,59.75
47189,0.3468,0.02715,0.005459,0,0,0,2.25,9.5,2014-2025,11.17,county,10.21,114,67210,2.226,0.6916,92.75
48001,1.228,0.09946,0.01641,0,0,0,3.5,23.5,2014-2025,10,county,31.2,312,29000,11.57,0.865,162.5
48003,0.5585,0.06848,0.006857,0,0,0,2,18.75,2014-2025,9,county,13.11,118,12620,4.358,0.7081,151
48005,1.018,0.1062,0.02894,0,0,0,3.25,25.5,2014-2025,10,county,30.2,302,47180,11.42,0.8274,207.2
48007,2.072,0.05527,0.02716,0,0,0,2,10.25,2014-2025,9,county,41.33,372,11990,15.52,0.8442,144.2
48009,1.554,0.08995,0.00378,0,0,0,3.25,19.25,2014-2025,9,county,27.67,249,3386,12.21,0.8929,100
48011,2.76,0.1434,0.0002926,0,0,0,2.25,32.5,2014-2025,10.25,county,10.34,106,725,18.2,0.9572,118.5
48013,0.6069,0.05711,0,0,0,0,2,6.75,2014-2025,11.17,county,14.6,163,18990,4.29,0.739,105.2
48015,5.652,0.2711,0.06155,0.0003179,0.0003179,0.0003179,7,51.5,2014-2025,11.17,county,86.69,968,11910,113.2,0.9681,742.8
48017,0.3865,0.002131,0,0,0,0,2,13,2014-2025,10.25,county,4.488,46,4857,1.777,0.9175,31.75
48019,1.21,0.1198,0.002887,0,0,0,3.5,35,2015-2025,7.75,county,13.55,105,8532,8.406,0.905,117
48021,0.8573,0.09256,0.007334,0,0,0,2.25,20.25,2014-2025,11.17,county,18.99,212,33260,6.845,0.8276,111.8
48023,1.498,0.09463,0,0,0,0,2.5,20.25,2014-2025,8.583,county,15.15,130,1527,9.181,0.893,71
48025,2.606,0.0283,0.002971,0,0,0,2.25,7,2014-2025,9,county,36.89,332,10190,12.51,0.8179,117.2
48027,0.3669,0.2275,0.06758,0,0,0,5.25,57,2017-2025,8.5,county,12,102,171200,7.622,0.8076,243.8
48029,0.1063,0.2769,0,0,0,0,5,60,2014-2025,11.17,county,3.672,41,1025000,2.608,0.69,96.25
48031,1.173,0.1471,0.0167,0.0008463,0,0,3,35.5,2017-2025,8.75,county,17.14,150,5297,11.37,0.9077,433.8
48033,3.966,0.05612,0.01319,0,0,0,2.5,17.25,2015-2025,8.667,county,25.73,223,408,30.32,0.8595,117
48035,1.579,0.07391,0.001617,0,0,0,2,13,2017-2025,8.167,county,28.78,235,7389,10.33,0.8858,86
48037,0.3419,0.06298,0.004174,0,0,0,2.5,17.5,2014-2025,11.17,county,13.79,154,117000,3.463,0.6372,91.5
48039,1.36,0.3164,0.05359,0.008162,0,0,6.75,42.75,2014-2025,8.583,county,32.5,279,144200,29.65,0.8558,253.2
48041,0.2414,0.1819,0,0,0,0,2,60.5,2014-2025,10.5,county,6.857,72,86290,3.398,0.7762,73.75
48043,1.943,0.109,0.009105,0.001304,0.0004191,0,3,24.5,2014-2025,8.917,county,21.87,195,4958,18.9,0.8428,907
48045,4.407,0.04731,0.03096,0,0,0,2,9.5,2015-2025,9.333,county,11.04,103,589,24.69,0.9395,118
48047,2.029,0.05812,0.00937,0,0,0,3.5,14.5,2014-2025,9.083,county,36.55,332,3092,16.96,0.8224,111.8
48049,0.6483,0.04157,0.00806,0,0,0,2.25,12.5,2014-2025,9,county,19,171,26880,4.714,0.7675,107
48051,1.9,0.0495,0.001442,0,0,0,2.5,8.5,2014-2025,11.17,county,30.63,342,7586,10.41,0.8548,94.75
48053,0.6973,0.1045,0.00102,0,0,0,2.5,24.5,2015-2025,8.833,county,15.4,136,18630,5.431,0.8037,119.2
48055,0.4578,0.05564,0,0,0,0,2.25,12.25,2014-2025,11.17,county,11.01,123,21270,3.253,0.7379,88.5
48057,1.12,0.06859,0.02502,0,0,0,2.25,7.25,2014-2025,9,county,20.78,187,11200,9.343,0.8808,96.5
48059,2.181,0.0445,0,0,0,0,2,13,2014-2025,9,county,31.33,282,5270,12.67,0.8231,89.75
48061,0.2114,0.1372,0.04039,0,0,0,3.5,42.75,2014-2025,9.667,county,9.207,89,262300,3.737,0.6298,121.5
48063,2.04,0.08967,0.01691,0.0003023,0,0,3,21.75,2014-2025,11.17,county,31.43,351,5954,17.52,0.9436,248.5
48065,1.414,0.09133,0.01488,0.002237,0,0,2.5,16.5,2014-2025,10.42,county,23.62,246,4187,11.75,0.9311,235.2
48067,2.119,0.07849,0.0202,0.0009509,0,0,2.75,18.75,2014-2025,11.17,county,43.52,486,15240,18.77,0.8857,242.8
48069,1.585,0.01771,0.00365,0,0,0,1.75,8.25,2014-2025,10.42,county,34.08,355,5080,6.291,0.8639,116.8
48071,1.879,0.2076,0.04225,0.001602,0,0,4.75,41.25,2014-2025,11.17,county,43.34,484,26380,30.99,0.9064,226.5
48073,1.503,0.1154,0.01422,0,0,0,4,26.75,2014-2025,9.167,county,39.6,363,29710,14.75,0.8763,190.2
48075,1.189,0.05778,0.001077,0,0,0,2.75,21,2014-2025,10.83,county,13.57,147,2451,8.767,0.8799,79
48077,1.028,0.08026,0.001211,0,0,0,2.75,15,2014-2025,9,county,19.67,177,4905,6.89,0.8697,93.5
48079,0.6134,0.03672,0.001349,0,0,0,2.5,11.5,2014-2025,10.33,county,7.452,77,1637,3.518,0.8423,139.8
48081,4.225,0.04085,0.0006307,0.0001081,0,0,2.25,7,2014-2025,8.833,county,37.92,335,1487,22.36,0.8264,186.2
48083,0.3412,0.02626,0,0,0,0,1.75,5.5,2014-2025,8.75,county,6.629,58,4018,1.389,0.7814,39
48085,0.2477,0.1734,0.00955,0,0,0,4.25,46.5,2014-2025,9.667,county,7.966,77,417200,4.604,0.644,109.2
48087,2.561,0.04764,0.002849,0,0,0,2.5,8.5,2014-2025,11.08,county,14.44,160,1249,15.01,0.9116,104.8
48089,3.58,0.177,0.003712,0,0,0,4.5,34.25,2014-2025,11.17,county,72.72,812,8146,40.68,0.9072,125.2
48091,0.3204,0.1957,0.001677,0,0,0,2.5,35.25,2014-2025,11.17,county,9.403,105,91330,3.144,0.8269,97.5
48093,1.342,0.1062,0.03236,0,0,0,3.25,25.5,2014-2025,8.917,county,25.12,224,7336,14.45,0.8977,105.2
48095,2.823,0.03187,0.001389,0,0,0,2.75,8.5,2014-2025,8.75,county,24.34,213,1545,16.69,0.8035,159.2
48097,1.11,0.1081,0.02613,0,0,0,2.75,29.5,2014-2025,9.583,county,30.89,296,16850,11.4,0.8545,78.5
48099,0.4525,0.1665,0.05431,0,0,0,3.25,49.75,2014-2025,9,county,10.56,95,26480,7.114,0.8416,153
48101,0.7579,0.1885,0,0,0,0,3.75,25,2014-2025,8.75,county,9.6,84,712,7.575,0.7566,33.25
48103,0.5721,0.02117,0,0,0,0,2.25,13,2014-2025,8.917,county,10.21,91,6157,3.938,0.6961,71.25
48105,2.902,0.0146,0.001919,0,0,0,2.75,6.5,2014-2025,8.917,county,21.87,195,1289,14.09,0.7582,92
48107,2.379,0.04516,0.002103,0.0002011,0,0,2.5,14,2014-2025,10.42,county,12.29,128,2609,13.61,0.9481,256.2
48109,4.176,0.07183,0.01581,0.005613,0.001938,0.0003118,2.25,16.75,2014-2025,10.75,county,26.14,281,1000,38.95,0.9206,4001
48111,0.9143,0.02913,0.002631,0,0,0,2.75,11.75,2014-2025,10.33,county,15.97,165,2333,4.864,0.8722,98.25
48113,0.2478,0.3418,0.04747,0,0,0,13,56,2014-2025,10,county,5.4,54,959200,7.793,0.719,144.2
48115,1.004,0.1046,0.001909,0,0,0,3,25.75,2014-2025,9,county,21.56,194,8173,8.919,0.8572,146.5
48117,1.134,0.02629,0.00263,0,0,0,2,13.75,2014-2025,10.42,county,28.7,299,12110,6.415,0.8014,168.2
48119,1.241,0.0577,0,0,0,0,2.25,18.25,2014-2025,8.917,county,20.19,180,3228,7.29,0.9044,139.5
48121,0.1874,0.2512,0.007248,0,0,0,3.75,58.25,2014-2025,9.667,county,6.207,60,334500,3.899,0.7091,109.2
48123,0.4494,0.06705,0.02922,0,0,0,2.5,12,2014-2025,11.17,county,15.76,176,11600,4.109,0.7598,141.2
48125,1.485,0.01181,0.004157,0,0,0,2.25,8.5,2014-2025,8.833,county,11.66,103,917,7.968,0.8284,125.8
48127,2.187,0.08406,0.03542,0.01351,0.006711,0.002511,2.75,18.5,2014-2025,9.083,county,30.06,273,3368,29.49,0.9173,5372
48129,2.27,0.08692,0.003902,0,0,0,3,21,2014-2025,11,county,9.818,108,1704,12.88,0.9224,79.75
48131,3.216,0.06826,0.003369,0,0,0,3.25,13.5,2014-2025,9.583,county,53.32,511,4633,24.67,0.8637,121
48133,1.63,0.1245,0.01921,0,0,0,2.75,36.5,2014-2025,9,county,28.56,257,9278,14.63,0.8846,121.8
48135,0.1855,0.1337,0.008286,0,0,0,3,34,2014-2025,9,county,8.111,73,156500,2.749,0.5727,96
48137,14.59,0.07889,0.01435,0.0001631,0,0,3,18.25,2014-2025,9.583,county,38.09,365,526,109.7,0.9423,273
48139,0.6283,0.08771,0.01354,0,0,0,3.75,20.5,2014-2025,9,county,20.56,185,80950,7.298,0.7191,158.5
48141,0.2381,0,0,0,0,0,1.75,5.25,2014-2025,11.17,county,13.07,146,349500,1.634,0.3545,25.5
48143,0.6429,0.1144,0.03401,0,0,0,2,35.75,2014-2025,9,county,15.44,139,24280,6.655,0.8138,131.8
48145,2.035,0.1073,0.01715,0,0,0,3.5,29.5,2014-2025,10.83,county,29.72,322,5499,18.95,0.931,245.5
48147,0.8354,0.09386,0,0,0,0,2.75,23.5,2014-2025,8.917,county,21.76,194,13640,6.567,0.8375,79.75
48149,0.1565,0.05477,0,0,0,0,2,7.25,2014-2025,11.17,county,4.03,45,9310,0.9297,0.7356,67.5
48151,0.7993,0.03586,0.004873,0,0,0,2.25,15.75,2014-2025,8.917,county,12.22,109,2246,5.32,0.8308,150.5
48153,1.201,0.02089,0.01298,0,0,0,2.25,6.75,2014-2025,10.42,county,11.42,119,2808,5.858,0.9188,135
48155,1.793,0.1366,0.01654,0,0,0,2.75,27.75,2014-2025,8.833,county,15.28,135,462,18.06,0.8734,123.5
48157,0.1521,0.4563,0.09889,0.004318,0,0,14.25,70.25,2014-2025,8.583,county,3.845,33,694800,5.253,0.7639,178.8
48159,2.848,0.09022,0.03164,0,0,0,3.5,18.5,2014-2025,11.17,county,33.67,376,5481,26.23,0.9383,159.2
48161,2.433,0.07955,0.01877,0.0007816,0,0,3,20.5,2014-2025,9.083,county,36,327,8915,21.06,0.9176,267
48163,1.288,0.07552,0.001758,0,0,0,2,11,2014-2025,9.083,county,34.57,314,7146,9.495,0.8368,99.5
48165,0.6625,0.01472,0,0,0,0,2,6,2014-2025,10.42,county,18.62,194,13870,3.029,0.7749,66.5
48167,0.8463,0.2639,0.06232,0.003517,0,0,4.75,52.5,2014-2025,11.17,county,25.34,283,144400,16.98,0.8692,208.8
48169,1.334,0.0303,0.001336,0,0,0,2.25,7.75,2014-2025,10.42,county,14.69,153,2693,6.81,0.8888,139.2
48171,0.6495,0.1269,0.1056,0.1056,0.00545,0,2.75,178.5,2017-2025,8,county,12.25,98,17020,17.75,0.9572,552.5
48173,4.861,0.1268,0.01176,0,0,0,3.25,31.25,2014-2025,9,county,48.56,437,931,40.28,0.8934,210
48175,1.801,0.06564,0.004297,0,0,0,2.75,12.5,2014-2025,11.17,county,28.84,322,2720,13.69,0.9,120.2
48177,1.196,0.02328,0.001323,0,0,0,2.5,8,2014-2025,11.17,county,27.67,309,7412,6.702,0.7681,125.8
48179,0.8458,0.1267,0.02254,0.005009,0,0,2,31,2014-2025,10.42,county,13.73,143,8021,7.991,0.8883,232
48181,0.7828,0.06585,0.001669,0,0,0,3,17.25,2014-2025,9.417,county,21.98,207,52510,6.417,0.7743,92.75
48183,1.551,0.1314,0.04298,0.000713,0,0,3.75,33,2014-2025,11.17,county,34.39,384,64310,21.41,0.8714,233
48185,2.755,0.0591,0.002133,0,0,0,2.5,14.25,2014-2025,11.17,county,41.46,463,9769,16.82,0.8979,94.25
48187,0.2063,0.04987,0,0,0,0,2,8,2014-2025,11.17,county,9.045,101,97080,1.523,0.5746,79.5
48189,0.7051,0.0106,0.0008575,0,0,0,1.75,5.75,2014-2025,10.42,county,12.96,135,15400,3.039,0.7975,95.25
48191,2.221,0.03913,0,0,0,0,2.25,9.5,2014-2025,10.92,county,10.81,118,1741,11.64,0.8845,73.25
48193,0.9221,0.02562,0,0,0,0,2.75,8,2017-2025,8.167,county,15.31,125,3131,5.543,0.8625,73.75
48195,1.803,0.03893,0.002537,0,0,0,2.25,12,2014-2025,10.42,county,13.73,143,1763,9.851,0.9285,143.5
48197,2.442,0.04719,0.003697,0,0,0,2.75,9.5,2014-2025,8.917,county,20.75,185,1304,15.28,0.8389,194.2
48199,1.806,0.1082,0.02526,0.0058,0,0,3.5,26.75,2014-2025,11.17,county,36,402,20840,19.26,0.8919,324.2
48201,0.2341,0.4708,0.2106,0.04554,0,0,17.25,141.5,2014-2025,11.17,county,4.209,47,1828000,11.57,0.8355,258.8
48203,1.006,0.08719,0.04076,0.003734,0,0,3,21.25,2014-2025,11.17,county,27.94,312,50380,12.09,0.8789,206.8
48205,1.035,0.02127,0,0,0,0,2.5,7.25,2014-2025,10.25,county,12.1,124,1626,4.674,0.8831,76.5
48207,2.39,0.06995,0,0,0,0,1.75,8.75,2014-2025,8.833,county,23.43,207,2090,14.23,0.8523,102
48209,0.4094,0.1469,0.004895,0,0,0,1.75,29.5,2014-2025,11.08,county,12.45,138,89330,3.331,0.8214,137
48211,1.417,0.02097,0.001301,0,0,0,1.75,5.5,2014-2025,10.08,county,5.157,52,1345,5.619,0.9488,156.8
48213,0.8838,0.08329,0.00973,0,0,0,3,19.25,2014-2025,10,county,27.1,271,55810,7.966,0.8106,148.5
48215,0.1515,0.2779,0.0618,0,0,0,8,66.75,2014-2025,9.5,county,4.526,43,753700,4.047,0.7139,141
48217,1.081,0.06773,0,0,0,0,2.75,14.25,2014-2025,9,county,26.22,236,13390,7.977,0.8159,86.75
48219,0.6879,0.0514,0.005774,0,0,0,2,14,2014-2025,10.42,county,14.21,148,10850,4.322,0.8733,148.5
48221,0.5391,0.07222,0.001326,0,0,0,2.25,9,2014-2025,9,county,15.89,143,27360,3.979,0.7765,138.2
48223,0.8269,0.1152,0.005519,0,0,0,2.75,28.5,2014-2025,10.92,county,19.33,211,21120,7.859,0.8537,139
48225,2.531,0.07484,0.009296,0,0,0,2.75,20,2014-2025,9.5,county,40,380,11680,19.71,0.9157,167
48227,0.2535,0.09267,0,0,0,0,2.75,22,2014-2025,9,county,8.556,77,43810,2.791,0.6803,107
48229,1.919,0.09794,0.04385,0.02618,0.01083,0.003035,3,21.5,2014-2025,10.83,county,6.092,66,1141,31.06,0.9806,3758
48231,0.6934,0.0733,0,0,0,0,2.25,16.5,2014-2025,10,county,21.7,217,45070,5.346,0.7665,89.25
48233,2.102,0.04669,0.002716,0.0004842,0,0,2.25,17.25,2014-2025,10.42,county,26.4,275,6978,12.95,0.9126,239.5
48235,4.072,0.0966,0.02018,0.001989,0,0,3.5,22.5,2014-2025,8.917,county,42.73,381,969,37.02,0.8458,390
48237,2.048,0.02785,0.0005886,0,0,0,2.5,9.25,2014-2025,9,county,28.56,257,3594,10.36,0.8648,74.75
48239,1.397,0.03028,0.01395,0,0,0,2.5,8.75,2014-2025,9.25,county,12.32,114,6090,8.773,0.84,111.8
48241,0.1046,0.0535,0.0218,0,0,0,2,12,2014-2025,10.08,county,2.975,30,15310,0.8831,0.5721,108
48243,3.711,0.05517,0.003538,0.0004179,0,0,3.25,9.5,2014-2025,8.833,county,24.57,217,1095,27.53,0.8634,317.2
48245,1.094,0.1872,0.06652,0.004005,0,0,4.5,50,2014-2025,11.17,county,32.96,368,93190,20.15,0.8467,328.8
48247,2.11,0.02117,0.002417,0,0,0,3.25,9.5,2014-2025,9.083,county,28.95,263,2958,12.11,0.8485,127
48249,1.101,0.08474,0,0,0,0,2.75,18.5,2014-2025,9.417,county,26.65,251,17610,10.42,0.7651,100
48251,0.5533,0.06331,0.003897,0,0,0,2.5,16.75,2014-2025,9,county,19.11,172,76670,5.269,0.6906,143.8
48253,1.422,0.06623,0.0008795,0,0,0,2.5,20.5,2014-2025,8.917,county,20.75,185,5917,10.72,0.8712,88
48255,0.8621,0.0318,0.005854,0,0,0,2,6.75,2014-2025,11,county,17.55,193,5783,4.886,0.781,160.2
48257,0.6107,0.0715,0.01423,0,0,0,2.25,17.25,2014-2025,9.917,county,21.98,218,74760,5.123,0.7822,114.5
48259,0.653,0.1389,0.01765,0.002941,0,0,2.5,28.75,2016-2025,9.083,county,13.43,122,21040,5.856,0.8874,294.5
48261,8.699,0.06099,0.01106,0,0,0,2.5,15.75,2014-2025,9.417,county,24.64,232,233,54.44,0.9134,147.8
48263,1.953,0.01584,0,0,0,0,2.5,9.5,2014-2025,8.5,county,6,51,346,11.82,0.815,67.5
48265,0.4564,0.2061,0.03435,0.01049,0,0,2.75,53.75,2017-2025,8.5,county,12.47,106,39840,7.33,0.9202,433.2
48267,3.648,0.02384,0.002635,0.001151,0,0,1.5,5.5,2014-2025,9.417,county,22.51,212,2099,15.03,0.9156,417.2
48269,3.064,0,0,0,0,0,2.75,6.25,2017-2025,6.5,county,8,52,119,13.4,0.7918,13.75
48271,2.358,0.07026,0.04587,0.0005816,0,0,3.25,17.5,2014-2025,9.167,county,18.33,168,1193,24.29,0.8746,386.2
48273,0.8474,0.05416,0.0026,0,0,0,2.25,10.25,2014-2025,9.417,county,17.52,165,20730,5.677,0.7759,104.8
48275,3.695,0.08726,0.0008347,0,0,0,2.75,21,2014-2025,8.833,county,26.72,236,1248,24.22,0.8997,310
48277,0.5315,0.03926,0,0,0,0,2,13.25,2014-2025,8.917,county,15.7,140,27880,3.569,0.7216,75.25
48279,0.407,0.005542,0,0,0,0,2.25,8.75,2014-2025,10.75,county,7.349,79,8331,2.004,0.7803,49
48281,0.2574,0.109,0.00358,0,0,0,1.75,26.25,2014-2025,9.5,county,5.684,54,11420,1.631,0.83,151
48283,1.969,0.07544,0.02652,0,0,0,2.75,13.25,2014-2025,9.083,county,40.73,370,2749,16.1,0.8805,91.5
48285,1.179,0.05467,0.004454,0,0,0,2.5,8.5,2014-2025,11.17,county,23.01,257,8206,7.134,0.8404,139.2
48287,1.378,0.07524,0.001719,0.001091,0,0,2.25,10.5,2014-2025,11.17,county,20.33,227,6313,8.397,0.862,367.2
48289,3.472,0.1083,0.0274,0.0002533,0,0,3.25,25.75,2014-2025,11.08,county,43.58,483,7489,33.06,0.9532,190.8
48291,1.581,0.1306,0.02931,0.003489,0,0,3.75,31.75,2014-2025,11.17,county,41.37,462,44190,19.26,0.858,282.5
48293,1.933,0.1176,0.03235,0.0001979,0,0,3.25,28.5,2014-2025,11.17,county,31.79,355,8195,21.37,0.9205,272.8
48295,2.727,0.004824,0.0004629,0,0,0,2,5.5,2014-2025,10.42,county,11.62,121,1445,9.581,0.9254,108.2
48297,2.701,0.05267,0.01053,0,0,0,2.5,9.5,2014-2025,9.5,county,48.42,460,4153,18.92,0.8761,120
48299,1.134,0.1704,0.01318,0.000584,0,0,1.5,48.25,2017-2025,8.75,county,15.09,132,9838,13.61,0.9142,368.5
48301,12.26,0.04611,0.002582,0,0,0,2.75,12.75,2014-2025,8.917,county,37.79,337,170,81.69,0.786,131
48303,0.1668,0.0301,0.009499,0,0,0,2,8.5,2014-2025,10.42,county,6.624,69,222900,1.208,0.5908,92.25
48305,2.353,0.04345,0.006808,0.003081,0.0008117,0,2.5,18.5,2014-2025,10.67,county,18.75,200,2405,16.02,0.931,523.8
48307,0.619,0.07643,0,0,0,0,2.25,11,2014-2025,8.667,county,12.81,111,7593,4.103,0.8471,98.75
48309,0.5279,0.1238,0.008242,0,0,0,3.5,36.25,2014-2025,9,county,17.67,159,102000,6.689,0.7285,143.8
48311,5.581,0.07867,0.00293,0,0,0,2.5,10.5,2014-2025,9.583,county,18.26,175,217,31.41,0.848,146
48313,3.736,0.06981,0.004423,0,0,0,3,19.75,2014-2025,11.17,county,39.85,445,4081,26.58,0.953,143.8
48315,4.173,0.07002,0.02908,0.004945,0,0,2.75,16.25,2014-2025,9.083,county,48.88,444,5005,38.32,0.9594,208.2
48317,2.012,0.07235,0.003667,0,0,0,2.5,13.75,2014-2025,8.917,county,41.94,374,3861,13.78,0.8439,142.2
48319,1.49,0.1141,0.02992,0,0,0,2.25,63.75,2017-2025,7.333,county,18,132,2818,15.78,0.9386,105
48321,1.708,0.1859,0.01028,0.0002356,0,0,4,38.75,2014-2025,9,county,35.11,316,17120,22.97,0.8648,177.8
48323,0.8787,0.06527,0.0485,0,0,0,2.25,8.5,2014-2025,9,county,21.11,190,29330,7.84,0.7764,126.8
48325,3.286,0.03975,0.0005814,0,0,0,1.75,6.25,2014-2025,11.17,county,40.48,452,17300,16.07,0.8463,99.25
48327,2.609,0.05929,0,0,0,0,2,10,2014-2025,9.583,county,20.97,201,1142,14.8,0.8959,90.25
48329,0.1863,0.1885,0.008675,0,0,0,3.25,44.75,2014-2025,9,county,8.222,74,164600,3.117,0.6338,110
48331,0.8562,0.11,0.04841,0,0,0,3.5,31,2014-2025,11.08,county,20.48,227,9767,10.22,0.8678,175
48333,0.2554,0.04862,0,0,0,0,3,13,2018-2025,7.917,county,9.474,75,3489,1.779,0.8324,62
48335,1.907,0.05104,0.00252,0,0,0,2.75,14,2014-2025,9,county,33,297,4856,12.49,0.8775,101
48337,1.234,0.03889,0.01751,0,0,0,2.75,8.25,2014-2025,8.5,county,25.53,217,8303,8.215,0.8499,97.5
48339,1.04,0.1856,0.05273,0.005221,0,0,4.5,46.75,2014-2025,11.17,county,32.42,362,230000,19.04,0.8173,228.8
48341,1.736,0.03306,0.005516,0,0,0,3,12.25,2014-2025,10.42,county,21.5,224,6989,10.72,0.9116,146.5
48343,1.588,0.09999,0.02027,0.0003674,0,0,3.25,23.75,2014-2025,11.17,county,30.72,343,6447,16.21,0.9034,222.8
48345,2.079,0.1027,0.003623,0,0,0,2.5,25.75,2014-2025,8.833,county,11.09,98,556,15.26,0.8765,151.5
48347,0.8312,0.1462,0.05081,0.002263,0,0,4.75,36.5,2014-2025,9,county,29.56,266,40990,11.78,0.8587,199
48349,0.3139,0.1005,0,0,0,0,3.75,24,2014-2025,9.25,county,10.49,97,41270,3.469,0.6783,79.75
48351,0.2109,0.02123,0.01847,0.002441,0,0,2.5,8.5,2014-2025,9.333,county,3.964,37,4787,3.343,0.3769,317.8
48353,0.9291,0.06663,0.007923,0,0,0,3.25,19.5,2014-2025,8.917,county,25.57,228,8654,7.683,0.8112,203.2
48355,0.6902,0.06709,0.01955,0,0,0,2.75,19,2014-2025,9.5,county,26.32,250,162300,7.772,0.6842,140.8
48357,1.11,0.0683,0.02739,0.001896,0,0,1.75,10.75,2014-2025,10.42,county,10.37,108,4973,8.524,0.9423,331.8
48359,2.168,0.05313,0.004463,0,0,0,2.75,11,2015-2025,10.25,county,21.07,216,948,13.75,0.9285,108.5
48361,2.08,0.1748,0.09712,0.02618,0,0,3.75,66.75,2014-2025,10.08,county,45.62,460,31270,43.32,0.9426,356.8
48363,1.57,0.06245,0.008624,0,0,0,2.5,11,2014-2025,9,county,33.67,303,11960,10.59,0.8313,120
48365,1.578,0.07452,0.00671,0.0005115,0,0,3.25,20.5,2014-2025,11.17,county,29.19,326,13870,13.57,0.907,208.5
48367,0.5493,0.1025,0.001852,0,0,0,3,27.5,2014-2025,9,county,20.22,182,87480,6.251,0.77,106.2
48369,1.446,0.01072,0,0,0,0,2,9,2014-2025,10.42,county,30.82,321,7651,5.579,0.8336,57
48371,1.956,0.06854,0.007765,0,0,0,2.25,13.5,2014-2025,9,county,42.56,383,5070,14.91,0.778,158
48373,1.629,0.1197,0.04624,0.000599,0,0,3.25,32.75,2014-2025,11.17,county,32.96,368,18080,18.96,0.9082,171
48375,0.773,0.03712,0.002026,0.0009105,0,0,2.25,17.5,2014-2025,10.75,county,18.6,200,42820,5.225,0.7942,235.5
48377,3.648,0.007946,0.002068,0,0,0,2.25,6.75,2014-2025,8.917,county,20.64,184,2275,14.56,0.7852,178.5
48379,1.164,0.03001,0,0,0,0,2.25,8,2015-2025,9.417,county,14.23,134,5322,5.391,0.8716,68.5
48381,0.4263,0.07212,0,0,0,0,2.5,16.5,2014-2025,10.42,county,11.33,118,54980,3.409,0.7142,76.75
48383,2.338,0.07918,0.006006,0,0,0,3.5,20.5,2014-2025,8.917,county,42.84,382,2148,20.24,0.854,217
48385,3.591,0.08151,0.003962,0.0007876,0,0,3.25,16.25,2014-2025,9.417,county,29.52,278,1239,25.12,0.9094,401.2
48387,0.9075,0.07831,0.01869,0,0,0,2,17,2014-2025,10.83,county,15.78,171,7161,7.687,0.9043,84.25
48389,2.135,0.0376,0.005859,0.0003219,0,0,2.25,10.5,2014-2025,8.833,county,43.81,387,4117,13.68,0.7531,309
48391,2.646,0.0385,0.0009382,0,0,0,2.25,7.5,2014-2025,9,county,41.11,370,3401,14.77,0.8326,105.8
48393,3.513,0.0742,0.0111,0.001195,0,0,3,22.5,2014-2025,10.42,county,10.46,109,320,26.73,0.9673,206.8
48395,2.732,0.1016,0.03741,0,0,0,3,25.75,2014-2025,11.17,county,39.04,436,6309,26.05,0.9451,272
48397,0.4136,0.09,0.009044,0,0,0,2.25,16.5,2014-2025,8.917,county,13.46,120,77030,4.296,0.7394,139.5
48399,0.8234,0.02295,0,0,0,0,1.25,7.5,2014-2025,8.917,county,9.757,87,3780,4.608,0.7189,67.25
48401,1.823,0.1001,0.01376,0,0,0,3.5,24,2014-2025,11.17,county,43.07,481,26570,17.69,0.881,149.8
48403,3.877,0.006191,0,0,0,0,2.25,7.5,2019-2025,1.583,county,53.05,84,5026,15.75,0.9058,59.5
48405,1.133,0.04279,0,0,0,0,2,19.5,2018-2025,5,county,14,70,5144,6.585,0.8931,61.75
48407,3.611,0.1059,0.03384,0.007491,0,0,2.75,26,2014-2025,11.17,county,58.75,656,10060,37.83,0.9426,224.5
48409,0.9148,0.07497,0.01204,0,0,0,2.5,15.5,2014-2025,9.5,county,27.05,257,35670,8.786,0.7562,133.8
48411,1.042,0.06257,0,0,0,0,3,11.25,2018-2025,7.833,county,16.34,128,3729,7.646,0.8809,82.5
48413,4.351,0.0004221,0.000197,0,0,0,2,4.75,2014-2025,9.083,county,9.358,85,899,14.88,0.7642,96.25
48415,0.3188,0.03619,0,0,0,0,3,13.5,2014-2025,8.917,county,10.65,95,15120,2.363,0.7277,79.25
48417,2.49,0.007143,0,0,0,0,2,6.5,2014-2025,8.917,county,28.15,251,1803,10.41,0.8008,85
48419,0.7956,0.05999,0.001375,0,0,0,3.25,18,2014-2025,11.17,county,17.55,196,14480,6.37,0.8367,149.2
48421,3.485,0.03828,0.0003866,0,0,0,2,5.5,2014-2025,10.17,county,16.13,164,803,14.37,0.9486,104.2
48423,0.5881,0.2069,0.0106,0,0,0,6.25,39,2014-2025,11.17,county,16.93,189,129100,9.512,0.8031,137.2
48425,0.9909,0.07372,0.003418,0,0,0,2.25,18.75,2017-2025,8.167,county,14.82,121,5351,7.399,0.8806,84.75
48427,0.7896,0.07652,0.009367,0,0,0,2.5,13,2014-2025,9.5,county,20.95,199,31010,6.234,0.8025,117.2
48429,1.795,0.0523,0.01379,0,0,0,2.5,14.25,2014-2025,9,county,27.22,245,4777,12.14,0.8941,111.5
48431,3.23,0.05939,0.004924,0.0006566,0,0,3,9.5,2014-2025,8.667,county,27.12,235,1197,22.35,0.7952,283.8
48433,2.537,0.01919,0.006763,0,0,0,1.75,6.5,2014-2025,8.75,county,14.4,126,453,11.12,0.7476,77.25
48435,5.251,0.04605,0.001414,0.0002977,0,0,2,7.5,2014-2025,9.583,county,26.09,250,1068,26.55,0.9159,246.8
48437,0.3268,0.0933,0.002824,0,0,0,2.5,22.75,2014-2025,10.58,county,5.48,58,2662,2.792,0.8905,115.8
48439,0.1671,0.2693,0.0239,0,0,0,8.25,57.5,2014-2025,9.333,county,4.607,43,1041000,4.959,0.5983,139
48441,0.5678,0.1074,0,0,0,0,2,28.5,2014-2025,9,county,20,180,53890,5.936,0.7472,108.2
48443,6.773,0.08577,0.004675,0.0003496,0,0,3.5,19.25,2017-2025,7.75,county,22.71,176,436,50.82,0.8956,286.2
48445,0.9158,0.03863,0.009514,0.002471,0.0004201,0,2.5,14,2014-2025,10.25,county,20.2,207,4311,5.672,0.8669,419.2
48447,2.83,0.08399,0.001386,0,0,0,2,10.5,2014-2025,8.833,county,17.55,155,635,16.56,0.837,79.5
48449,1.421,0.05675,0.01918,0,0,0,2.25,13.5,2014-2025,11.17,county,24.9,278,16990,10.64,0.8896,174.2
48451,0.725,0.08115,0.0005434,0,0,0,2,13,2014-2025,9,county,18.22,164,58380,6.615,0.7546,108
48453,0.1901,0.3662,0.1302,0,0,0,7.25,76.5,2014-2025,11.17,county,5.642,63,641900,6.113,0.8091,180.2
48455,5.011,0.07138,0.02134,0.0003661,0,0,2.75,18.25,2014-2025,11.17,county,49.7,555,6541,39.23,0.9457,290.2
48457,3.965,0.09674,0.005823,0.0002354,0,0,3,23,2014-2025,11.17,county,60.09,671,6811,31.72,0.925,286.8
48459,2.155,0.1057,0.02701,0.0005587,0,0,3.25,25,2014-2025,11.17,county,43.52,486,18220,23.21,0.9245,207
48461,2.085,0.06331,0.003851,0.0005924,0,0,2.5,16.25,2014-2025,8.917,county,35.55,317,2542,14.23,0.8074,218.8
48463,2.505,0.0962,0.0001305,0,0,0,2.25,20.5,2014-2025,9.083,county,39.85,362,8420,18.49,0.8166,132.5
48465,1.535,0.05449,0.03342,0,0,0,1.75,7.75,2014-2025,9,county,25,225,18760,10.99,0.8494,136.2
48467,2.012,0.07373,0.01061,0.00129,0,0,3.25,18.5,2014-2025,11.17,county,41.01,458,23880,15.6,0.8967,206.2
48469,0.2747,0.04846,0.03611,0,0,0,2.25,7.5,2014-2025,10.25,county,10.63,109,49050,2.727,0.5945,136
48471,1.944,0.1113,0.0247,0,0,0,2.75,27,2014-2025,11.17,county,44.69,499,24590,17.92,0.8884,149.8
48473,4.605,0.2265,0.03958,0.0005446,0,0,5.75,43.75,2014-2025,11.17,county,75.31,841,18530,75.33,0.9419,204.5
48475,0.8886,0.06883,0.002499,0,0,0,2.5,16.75,2014-2025,9,county,25.56,230,8555,6.7,0.7555,100.8
48477,1.257,0.04279,0,0,0,0,2.25,8.25,2014-2025,11.17,county,20.96,234,14480,6.999,0.8159,77.75
48479,0.4143,0.0857,0.02923,0,0,0,2.5,17.75,2014-2025,9.083,county,15.19,138,110200,4.654,0.688,104.8
48481,3.62,0.2234,0.01025,0.0004379,0,0,5.75,34,2014-2025,8.917,county,70.99,633,23780,46.56,0.9053,203
48483,1.693,0.1345,0.002729,0,0,0,2.75,30.5,2014-2025,10.92,county,15.48,169,2320,14.48,0.9358,183.5
48485,0.1913,0.1269,0.002495,0,0,0,2.5,34,2014-2025,9,county,7.444,67,90760,2.692,0.6212,80.75
48487,0.7772,0.05153,0.006118,0.0005491,0,0,2,11,2014-2025,8.917,county,12.79,114,7359,5.614,0.7876,201.2
48489,0.9908,0.1097,0.04945,0.002431,0,0,3,29,2014-2025,9.417,county,21.56,203,11640,12.23,0.901,219
48491,0.2975,0.2178,0.0159,0,0,0,3,42,2014-2025,11.17,county,12.54,140,299600,4.736,0.767,151
48493,0.3174,0.01508,0,0,0,0,2,7.5,2014-2025,11.17,county,7.522,84,33620,1.85,0.675,77
48495,0.6315,0.01813,0.0012,0,0,0,2,9.25,2014-2025,8.917,county,14.02,125,5476,3.9,0.7051,122
48497,0.8446,0.07315,0.004597,0,0,0,2.5,13,2014-2025,9.667,county,25.97,251,27600,6.291,0.7825,125.5
48499,2.91,0.05291,0.00896,0,0,0,3.25,14,2014-2025,11.17,county,44.24,494,17820,20.79,0.9044,165
48501,0.9004,0.00373,0.000746,0,0,0,2,6.75,2014-2025,10.42,county,17.47,182,3573,3.56,0.8647,145.5
48503,0.5276,0.1183,0.003079,0,0,0,2.5,33.5,2014-2025,9,county,14.67,132,9166,5.111,0.7994,79.75
48505,1.241,0.0813,0.04379,0,0,0,2.75,15.5,2014-2025,9.083,county,19.16,174,8025,11.95,0.8797,134.5
48507,0.03157,0.1322,0,0,0,0,3,55.75,2014-2025,9.083,county,2.092,19,67530,0.9175,0.3475,87
49001,2.872,0.005366,0.0005059,0,0,0,2.25,6.5,2017-2025,8.417,county,31.37,264,2290,10.67,0.9048,77.75
49003,0.8064,0.01312,0.002517,0,0,0,2.25,6.25,2017-2025,8.5,county,21.53,183,23060,4.234,0.7162,153
49005,0.4196,0.0111,0,0,0,0,2,7.5,2017-2025,8.5,county,10.12,86,49740,2.121,0.6905,39.25
49007,0.9095,0.004133,0.002728,0,0,0,2.25,5,2017-2025,8.417,county,13.43,113,7998,3.072,0.7943,82.25
49009,2.855,0,0,0,0,0,2.5,4.75,2019-2020,2,county,26.5,53,2063,10.9,0.809,13
49011,0.3173,0.03947,0.006504,0,0,0,1.75,11.25,2017-2025,8.583,county,12.58,108,129100,2.627,0.5627,147.8
49013,0.1295,0.01969,0,0,0,0,2.75,8.25,2017-2025,4.917,county,3.458,17,6461,0.6367,0.6905,28.25
49015,1.141,0,0,0,0,0,1.75,4.25,2017-2025,8.417,county,12,101,3853,3.182,0.7784,13.25
49017,0.9309,0.02042,0,0,0,0,3.25,6,2017-2025,8.167,county,6.735,55,4065,3.615,0.9214,50.5
49019,2.151,0.006039,0,0,0,0,3,9,2017-2025,8.417,county,18.18,153,4335,9.219,0.9001,101.5
49021,0.9686,0.01004,0,0,0,0,2.25,5.75,2017-2025,8.417,county,19.96,168,26670,3.855,0.7921,50.25
49023,0.755,0.005203,0,0,0,0,2,6,2017-2025,8.5,county,15.65,133,3594,3.011,0.8001,37
49025,0.1708,0,0,0,0,0,3.5,5.5,2019-2024,3.167,county,4.737,15,6751,0.6775,0.6013,19.5
49027,1.152,0.01086,0,0,0,0,2,4.75,2017-2025,8.583,county,24.82,213,4388,4.049,0.7787,62.5
49029,1.766,0.0293,0.003915,0,0,0,3,9.75,2017-2025,8.417,county,25.54,215,3506,10.03,0.8562,146.2
49031,3.695,0.006997,0.0007891,0,0,0,2.5,6,2017-2025,8,county,13.25,106,643,13.32,0.9148,135.8
49033,10.34,0.002262,0,0,0,0,2.25,7,2017-2025,8.417,county,34.1,287,980,41.35,0.961,54.75
49035,0.1676,0.1052,0.03889,0,0,0,2.25,28,2017-2025,8.583,county,8.971,77,494000,3.466,0.4572,157.5
49037,0.5548,0,0,0,0,0,2.25,8.5,2017-2025,8.417,county,10.46,88,5137,2.285,0.8438,22
49039,1.023,0.004572,0.001573,0,0,0,1.75,5.25,2017-2025,8.583,county,21.32,183,8617,3.436,0.8168,74.5
49041,0.9622,0.005308,0,0,0,0,1.75,4.5,2017-2025,8.5,county,15.53,132,8108,2.925,0.7902,51.25
49043,1.716,0.01572,0,0,0,0,2.25,7.5,2017-2025,8.417,county,39.33,331,18110,8.528,0.7304,68.75
49045,0.93,0,0,0,0,0,2,4.75,2017-2025,8.5,county,20,170,28880,3.71,0.6765,24.5
49047,0.8322,0.004859,0,0,0,0,2,7,2017-2025,8.417,county,13.78,116,11550,3.269,0.7819,34.75
49049,0.2243,0.006401,0.006399,0,0,0,2.5,5.5,2017-2025,8.917,county,7.85,70,239300,1.765,0.4283,148
49051,0.2743,0,0,0,0,0,2,6.5,2017-2025,8.417,county,8.911,75,19630,1.617,0.5409,20.5
49053,0.2462,0,0,0,0,0,2.25,5.5,2017-2025,8.417,county,9.386,79,78880,1.287,0.5734,13
49055,1.558,0,0,0,0,0,1.75,3.25,2019-2020,1.5,county,18,27,2123,4.445,0.8056,10.25
49057,0.6433,0.0561,0.02272,0.000544,0,0,2.5,9.75,2017-2025,8.5,county,22.82,194,103500,6.414,0.6558,180
50001,1.151,0.1077,0.01618,0,0,0,3,26.5,2014-2025,11.17,county,28.48,318,17220,10.85,0.9084,140.8
50003,0.9202,0.06152,0.0006033,0,0,0,3,17.75,2014-2025,11.17,county,26.78,299,23870,7.016,0.8634,95
50005,0.7543,0.07372,0.001739,0,0,0,3,19.75,2014-2025,11.17,county,18.63,208,17480,6.027,0.8771,139
50007,0.2559,0.1104,0.01969,0,0,0,2.75,28.5,2014-2025,11.17,county,9.672,108,113100,2.791,0.7593,127.2
50009,3.845,0.04372,0.0002795,0,0,0,3.25,10,2014-2025,11.17,county,40.3,450,2667,20.1,0.9447,132.2
50011,0.5727,0.1012,0.01594,0,0,0,2.5,24.25,2014-2025,11.17,county,15.49,173,24390,5.049,0.8445,131.2
50013,1.691,0.02476,0.004426,0,0,0,1.75,5.25,2014-2025,11.17,county,25.79,288,3027,6.23,0.878,134.8
50015,0.6033,0.1014,0.01013,0,0,0,3.25,24.5,2014-2025,11.17,county,13.88,155,17500,5.435,0.8442,135.8
50017,1.903,0.09587,0.0113,0,0,0,3.25,23.5,2014-2025,11.17,county,41.82,467,17760,16.22,0.9314,168.8
50019,1.218,0.09051,0.008385,0,0,0,3.75,22.25,2014-2025,11.17,county,21.76,243,12150,9.873,0.8924,138
50021,0.8359,0.0822,0.006285,0,0,0,3.5,19.5,2014-2025,11.17,county,26.78,299,37830,7.738,0.8569,138.2
50023,0.7411,0.09489,0.01103,0,0,0,3.75,23.25,2014-2025,11.17,county,20.33,227,41390,7.182,0.8623,130.8
50025,3.124,0.07928,0.01313,0,0,0,3.25,20,2014-2025,11.17,county,54.9,613,19380,25.4,0.9303,134.5
50027,1.208,0.1219,0.01139,0,0,0,4,32,2014-2025,11.17,county,34.12,381,38110,13.24,0.8784,119.2
51001,1.327,0.001057,0,0,0,0,1.75,5.5,2014-2025,9.25,county,26.49,245,26530,4.783,0.7289,35.25
51003,1.478,0.1034,0.03688,0.0001619,0,0,4,24.75,2014-2025,11.17,county,36.54,408,45280,17.23,0.8423,178
51005,1.945,0.06844,0.006991,0,0,0,3.5,17.25,2015-2025,10.75,county,36,387,6309,13.04,0.9061,101.5
51007,2.725,0.124,0.03444,0.00764,0,0,3.5,30.25,2015-2025,10.75,county,33.95,365,5545,32.59,0.9603,300.8
51009,1.348,0.1307,0.009721,0,0,0,4.25,27.75,2014-2025,11.17,county,32.69,365,18020,14.78,0.8682,130.2
51011,1.478,0.1493,0.01747,0.0002024,0,0,3.5,27.75,2014-2025,11,county,23.36,257,6686,15.45,0.9338,193.5
51013,0.4417,0.05826,0,0,0,0,2.75,18,2015-2025,10.75,county,13.86,149,111100,3.896,0.6708,84.25
51015,0.9191,0.06162,0.002437,0,0,0,2.5,19.75,2015-2025,10.75,county,28.93,311,32640,7.185,0.7682,104.8
51017,3.775,0.0489,0.00224,0,0,0,2.75,14,2016-2025,7.583,county,45.89,348,3010,23.53,0.9264,94.5
51019,0.9604,0.1239,0.007644,0,0,0,4.25,27,2014-2025,11.17,county,28.12,314,47930,11.21,0.7915,131.2
51021,3.609,0.08618,0.0403,0.0003628,0,0,4,20.75,2014-2025,11.17,county,35.46,396,3556,35.33,0.9555,218.5
51023,1.846,0.05615,0.006956,0,0,0,3.5,19,2014-2025,11.17,county,42.45,474,12920,15.27,0.8342,128
51025,1.839,0.08219,0.02878,0.01384,0,0,2.25,19.5,2014-2025,11.17,county,32.78,366,7778,19.14,0.9343,298
51027,1.534,0.12,0.02226,0.001977,0,0,5,28.25,2014-2025,11.17,county,37.88,423,12760,17.27,0.8552,189
51029,2.907,0.09161,0.01114,0,0,0,3.5,21.25,2015-2025,10.92,county,34.9,381,5898,25.06,0.9511,154.8
51031,1.004,0.1349,0.01439,0.001051,0,0,3.5,29.75,2014-2025,11.17,county,29.73,332,29450,11.44,0.8463,205.5
51033,0.9858,0.04744,0.00647,0,0,0,2.5,13.25,2014-2025,11.17,county,19.52,218,14710,6.835,0.8511,172.5
51035,1.908,0.1405,0.03885,0.002465,0,0,4,32,2014-2025,11.17,county,36.45,407,16810,25.41,0.9098,201.2
51036,3.498,0.0603,0.002307,0,0,0,3.25,17.75,2015-2025,10.75,county,33.86,364,2905,25.46,0.9469,104.8
51037,2.866,0.1598,0.05152,0.01759,0,0,3.5,39.25,2014-2025,11.17,county,38.06,425,5148,43.42,0.9661,282.5
51041,0.6003,0.08124,0.006094,0.001005,0,0,4,21.75,2015-2025,10.75,county,18.79,202,155000,6.71,0.7032,179.5
51043,1.374,0.02382,0.005737,0,0,0,2.25,8,2014-2025,11.17,county,32.42,362,7589,6.487,0.8462,108.8
51045,3.903,0.0676,0.002897,0,0,0,3.75,20.5,2014-2025,10.75,county,38.98,419,1810,28.19,0.953,132
51047,0.8846,0.06998,0.007623,0,0,0,2.75,20,2014-2025,11.17,county,18.63,208,27720,7.162,0.8716,151.5
51049,2.807,0.1353,0.02886,0.0001553,0,0,3.5,30.75,2015-2025,10.75,county,37.67,405,4055,31.1,0.959,271
51051,1.709,0.138,0.02822,0.002704,0,0,4.75,28.5,2014-2025,11.17,county,51.22,572,8563,20.06,0.8781,270.2
51053,1.958,0.07447,0.03845,0.01475,0,0,2.5,19.5,2015-2025,10.75,county,35.91,386,12470,22.05,0.941,300
51057,1.826,0.0458,0.001501,0,0,0,2.25,9.5,2014-2025,11.17,county,28.66,320,5226,10.32,0.899,91.5
51059,0.2052,0.04946,0,0,0,0,4.5,17.75,2014-2025,8.333,county,6.6,55,513100,2.96,0.4675,61.5
51061,1.214,0.07471,0.01052,0,0,0,4,20.25,2014-2025,11.17,county,29.37,328,31800,11.5,0.8458,132.8
51063,2.309,0.2105,0.04444,0,0,0,5,45.75,2014-2025,11.17,county,30.18,337,8655,33.37,0.9392,160.8
51065,1.565,0.05049,0.02411,0,0,0,3.25,14.5,2014-2025,10.83,county,22.8,247,10200,12.62,0.909,198.8
51067,1.091,0.2179,0.03742,0,0,0,5,48,2014-2025,9.5,county,27.79,264,32460,17.1,0.8963,160.5
51069,0.4127,0.05248,0,0,0,0,2.25,14.5,2014-2025,11.08,county,12.81,142,45160,2.918,0.7061,77.25
51071,3.225,0.08671,0.01774,0.0005958,0.0005958,0,3.25,21.25,2014-2025,11.17,county,49.25,550,6852,28.42,0.9017,336.5
51073,1.83,0.06165,0.01195,0,0,0,3.25,19,2015-2025,10.75,county,32.65,351,15330,15.32,0.9124,119.2
51075,1.652,0.1077,0.0207,0.0004343,0,0,4,25,2014-2025,11.17,county,32.87,367,12610,17.34,0.9285,484.2
51077,3.349,0.1256,0.04417,0.009789,0,0,4.5,31.75,2014-2025,11.17,county,48.54,542,8137,48.86,0.9394,256.8
51079,0.9263,0.06828,0.0152,0,0,0,2,11.25,2014-2025,11.17,county,14.24,159,10380,7.049,0.851,155.2
51081,0.8908,0.04789,0.006687,0,0,0,3,15.25,2014-2025,11.17,county,17.64,197,5788,6.179,0.8733,115
51083,1.689,0.08392,0.02944,0,0,0,3.25,21,2014-2025,11.17,county,36.63,409,15790,16.9,0.8976,173.8
51085,0.9112,0.06442,0.002259,0,0,0,3.25,19.25,2014-2025,11.17,county,23.19,259,49630,7.903,0.8226,108
51087,0.8859,0.117,0.0099,0,0,0,4.25,26,2015-2025,10.75,county,25.77,277,150100,11.18,0.7636,101.8
51089,1.376,0.1163,0.01139,0,0,0,4,27,2014-2025,11.17,county,34.3,383,26850,14.77,0.8328,136.5
51091,4.542,0.02515,0.002438,0.00007715,0,0,3,9.75,2015-2025,10.25,county,36,369,1392,24.44,0.956,279.5
51093,1.005,0.03295,0,0,0,0,2.5,10.25,2015-2025,10.75,county,21.4,230,15200,6.08,0.8,72
51095,0.8847,0.06551,0,0,0,0,2.75,18.25,2015-2025,10.75,county,15.35,165,32900,6.749,0.8402,70.5
51097,2.591,0.07036,0.008573,0,0,0,3.5,19.5,2014-2025,11.17,county,27.04,302,2826,20.12,0.9557,117
51099,1.241,0.06886,0.02672,0,0,0,2.25,15.75,2014-2025,11.17,county,24.63,275,13850,10.01,0.9041,132
51101,1.083,0.03956,0.002668,0,0,0,2.75,17.25,2014-2025,11.17,county,18.18,203,8030,7.669,0.8737,93.75
51103,1.929,0.07864,0.0006268,0,0,0,3,19.5,2014-2025,11.17,county,28.57,319,5333,15.46,0.9231,89.5
51105,2.215,0.07408,0.01519,0.001154,0,0,2.25,16.75,2019-2025,6.583,county,45.87,302,8324,17.99,0.862,335.5
51107,0.252,0.03887,0.003144,0,0,0,2.75,15.25,2014-2025,11.17,county,10.84,121,187900,2.263,0.551,91
51109,1.494,0.07764,0.0346,0,0,0,2.75,18.5,2014-2025,11.17,county,33.85,378,16330,13.4,0.8867,206.2
51111,2.045,0.1621,0.06203,0.02959,0,0,3.5,45.25,2014-2025,11,county,34.91,384,4827,37.68,0.9693,302.2
51113,1.527,0.05965,0.01466,0,0,0,2.75,14.75,2014-2025,11.08,county,27.7,307,6952,11.9,0.8714,175.2
51115,3.49,0.06357,0.01342,0,0,0,3,16.25,2015-2025,10.75,county,30.05,323,3742,25.99,0.9535,154.5
51117,1.228,0.07414,0.01318,0.001364,0,0,2.5,16.5,2014-2025,11.17,county,32.06,358,17640,10.48,0.8482,230
51119,2.686,0.06183,0.006765,0,0,0,3,16,2015-2025,10.75,county,33.67,362,4714,21.42,0.9262,110.5
51121,0.95,0.1407,0.02778,0,0,0,4.25,32.5,2014-2025,11.17,county,28.84,322,36060,12.25,0.8194,141
51125,3.154,0.05946,0.009585,0,0,0,3.75,16.75,2014-2025,11.17,county,40.57,453,6132,23.75,0.9074,160.5
51127,2.006,0.08615,0.004475,0,0,0,3,23,2015-2025,10.75,county,30.7,330,8920,17.3,0.9091,131.2
51131,1.526,0.01273,0.00213,0,0,0,1.75,5.5,2014-2025,9.333,county,29.36,274,9762,5.804,0.7982,80.5
51133,3.185,0.04386,0.00145,0,0,0,2.25,14.25,2014-2025,11.17,county,34.03,380,5466,18.87,0.9202,90.75
51135,1.183,0.1839,0.08655,0.02627,0,0,2.75,63.75,2015-2025,10.75,county,24.37,262,6864,23.46,0.9579,305.2
51137,1.022,0.07079,0.01812,0,0,0,3,21,2014-2025,11.17,county,24,268,18480,8.745,0.8734,178.2
51139,1.253,0.02883,0.0007889,0,0,0,2,9,2014-2025,11.17,county,25.79,288,9423,6.94,0.7483,81.5
51141,2.258,0.1449,0.01601,0.0004358,0.0004358,0,4,33.75,2014-2025,11.17,county,41.64,465,10830,26.87,0.9073,409.2
51143,1.487,0.1554,0.03611,0.004533,0.0002867,0,3.5,32,2014-2025,11.17,county,35.55,397,29830,18.61,0.9024,503
51145,1.908,0.1077,0.00784,0,0,0,3.5,25,2015-2025,10.75,county,32.37,348,12940,18.3,0.9204,141.5
51147,1.742,0.1699,0.05835,0.006982,0,0,3.5,42.5,2015-2025,10.75,county,28.47,306,10850,26.81,0.9549,284.2
51149,0.5841,0.0499,0.001495,0,0,0,3.25,12.5,2015-2025,10.75,county,13.49,145,22790,4.109,0.8319,109
51153,0.1497,0.05478,0,0,0,0,2.5,14.25,2014-2025,11.17,county,6.09,68,225200,1.584,0.5449,81.25
51155,2.062,0.1068,0.02311,0,0,0,3.5,24.75,2014-2025,11.17,county,36.72,410,14460,21.04,0.889,231.8
51157,2.949,0.06628,0.01551,0,0,0,2.25,14,2014-2025,11.08,county,37.62,417,3687,20.16,0.944,161.8
51159,0.7731,0.003001,0,0,0,0,2.25,6.5,2014-2025,6.417,county,9.818,63,4030,3.201,0.9021,38.25
51161,0.9801,0.1275,0.01571,0,0,0,4.25,27.25,2014-2025,8.333,county,30,250,39160,12.23,0.7631,141
51163,1.139,0.05467,0.006518,0,0,0,3.5,19.75,2015-2025,10.75,county,31.26,336,11620,8.946,0.8165,95.5
51165,0.793,0.04785,0.002354,0,0,0,2.5,12.75,2015-2025,10.75,county,24.09,259,34840,5.989,0.6979,98.25
51167,1.687,0.08865,0.04335,0.00936,0,0,4,19.75,2014-2025,11.17,county,40.48,452,15440,20.94,0.8744,230.8
51169,1.849,0.1155,0.0531,0.002507,0,0,3.75,28.25,2014-2025,11.17,county,43.34,484,11960,24.04,0.8816,274.8
51171,1.258,0.0281,0.01163,0,0,0,2.75,9.5,2014-2025,10.83,county,30,325,18070,6.94,0.7669,85
51173,1.615,0.06634,0.02602,0.003732,0,0,3.5,18.25,2014-2025,11.17,county,38.96,435,18740,16.62,0.8584,230.8
51175,1.547,0.03276,0.001057,0,0,0,2.75,11.75,2014-2025,11.08,county,26.08,289,6841,8.283,0.8834,94
51177,0.6567,0.05356,0.01784,0.001847,0,0,2.25,12.75,2014-2025,11.17,county,18.45,206,62160,5.061,0.7888,195.5
51179,0.6403,0.13,0.04017,0,0,0,3,28.25,2014-2025,11.17,county,16.48,184,67740,7.519,0.8721,128.5
51181,1.644,0.01055,0,0,0,0,2.5,9.5,2015-2025,10.75,county,19.72,212,2816,7.937,0.905,62.75
51183,0.9804,0.0576,0.009684,0.002207,0,0,3.25,14.75,2014-2025,11.08,county,22.11,245,4419,6.852,0.896,244.5
51185,1.168,0.09105,0.06146,0.006114,0,0,3.25,21,2014-2025,11.17,county,31.34,350,21380,15.25,0.8669,230.2
51187,0.786,0.04631,0.007196,0,0,0,2.5,15.25,2014-2025,11.08,county,18.32,203,23400,5.623,0.8403,160.8
51191,0.8827,0.09134,0.03132,0.001954,0,0,3.5,22.25,2014-2025,11.17,county,31.16,348,32560,11.2,0.7708,238.5
51193,2.055,0.0377,0.003633,0,0,0,2,10.5,2014-2025,11.17,county,30.09,336,8013,10.88,0.8864,98
51195,1.473,0.06749,0.01794,0.0009303,0,0,3,14.25,2014-2025,11.17,county,34.93,390,14050,12.36,0.834,190.2
51197,1.729,0.06801,0.02571,0,0,0,2.5,14.25,2014-2025,11.17,county,31.7,354,17850,14.1,0.8799,157.2
51199,0.8398,0.06276,0.005062,0,0,0,2.5,16,2015-2025,10.75,county,20.19,217,28030,6.243,0.828,87.5
51510,0.5186,0.05505,0,0,0,0,2.5,12.5,2015-2025,10.75,county,14.88,160,74820,3.808,0.6991,72.5
51520,0,0.08633,0.0139,0.001055,0.00001243,0,3.25,21.5,2022-2024,1.167,state,0,0,10060,0,0,0
51530,0.7004,0.004405,0,0,0,0,2,5.25,2015-2025,10.5,county,9.238,97,2655,2.448,0.8569,27.25
51540,0.8981,0.05271,0.00475,0,0,0,2,11.75,2015-2025,10.75,county,16,172,20600,5.848,0.7996,116
51550,0.5979,0.05254,0.0001696,0,0,0,2.5,16,2015-2025,10.75,county,14.79,159,104600,4.788,0.746,86.25
51570,0.8374,0.08506,0.0003779,0,0,0,2.5,22,2015-2025,10.75,county,11.53,124,8524,6.252,0.9089,77
51580,0.6743,0.01119,0,0,0,0,2.25,4.75,2015-2025,10.67,county,6,64,2882,2.534,0.8156,52.75
51590,0.5546,0.1175,0.002562,0,0,0,2.5,24.75,2015-2025,7.167,county,16.05,115,56270,4.65,0.8113,88.25
51595,0.6566,0.005593,0,0,0,0,3,8,2015-2025,10.83,county,8.123,88,2639,3.242,0.8744,42.25
51600,7.499,0.1256,0.004366,0,0,0,4.5,28,2015-2025,10.75,county,77.12,829,12700,71.68,0.9629,101.5
51610,0.9541,0.03691,0.001509,0,0,0,3,13.25,2015-2025,10.75,county,12.93,139,6786,6.286,0.9002,86.75
51620,8.719,0.09053,0.01044,0,0,0,4.25,22.75,2019-2025,4.583,county,101,463,5397,73.89,0.9329,149.2
51630,0.5653,0.07611,0.005376,0,0,0,2,13.75,2015-2025,10.75,county,12,129,14940,4.244,0.8665,101
51640,0.6407,0.1456,0.01907,0,0,0,2.75,31,2014-2025,11.17,county,9.224,103,5393,6.485,0.8631,158.8
51650,0.5684,0.07988,0,0,0,0,2.5,20.5,2015-2025,10.75,county,16.47,177,58890,5.463,0.753,82.75
51660,0,0.08633,0.0139,0.001055,0.00001243,0,3.25,21.5,2015-2025,3.583,state,0,0,19410,0.005948,0,0
51670,0.8675,0.01718,0.001223,0,0,0,1.5,12,2015-2025,10.75,county,15.44,166,9904,4.235,0.829,87.25
51678,0.832,0.01566,0,0,0,0,3.25,9,2015-2025,10.33,county,8.032,83,1991,4.296,0.9195,33.5
51680,0.5881,0.09347,0.008747,0,0,0,3,22.75,2015-2025,10.58,county,22.87,242,59260,5.459,0.7687,98
51683,0,0.08633,0.0139,0.001055,0.00001243,0,3.25,21.5,2015-2025,3.75,state,0,0,26010,0.001904,0,0
51685,0.1202,0,0,0,0,0,2,7,2014-2025,9.917,county,2.218,22,8015,0.5734,0.7809,11
51690,0,0.08633,0.0139,0.001055,0.00001243,0,3.25,21.5,2017-2025,4,state,0,0,5628,0.03915,0,0
51700,0.5472,0.08157,0.002708,0,0,0,2.25,20.75,2015-2025,10.75,county,18.33,197,84940,4.983,0.7541,82.5
51710,0.4369,0.04852,0.002154,0,0,0,3,18.25,2015-2025,10.75,county,13.77,148,116600,4.023,0.7095,90.75
51720,0.9828,0,0,0,0,0,1.5,3.25,2019-2024,2.583,county,11.23,29,1592,2.631,0.7483,15.5
51730,1.098,0.09898,0.002105,0,0,0,3,23.5,2015-2025,10.75,county,20.93,225,14890,9.833,0.8843,107
51735,1.308,0.01854,0,0,0,0,2.25,10.75,2015-2025,10.75,county,12,129,4657,6.822,0.8927,67.5
51740,0.5694,0.082,0.0007828,0,0,0,2.5,21.5,2015-2025,10.75,county,13.77,148,43200,5.111,0.7767,90
51750,0.06889,0.06999,0,0,0,0,2.75,10.75,2014-2025,9.333,county,2.786,26,5467,0.5607,0.7874,59
51760,0.2295,0.1137,0.007678,0,0,0,4.25,26.75,2015-2025,10.75,county,6.512,70,112600,3.003,0.7505,94.25
51770,0.5719,0.08566,0.005232,0,0,0,3.25,22,2014-2025,11.17,county,24.72,276,71380,6.721,0.6341,121.8
51775,0,0.08633,0.0139,0.001055,0.00001243,0,3.25,21.5,2015-2025,4.333,state,0,0,13870,0.02072,0,0
51790,0.6931,0.07395,0,0,0,0,3.25,19.5,2015-2025,10.75,county,12.56,135,11220,5.295,0.8685,74.75
51800,0.7173,0.05297,0.001057,0,0,0,2.75,15.75,2015-2025,10.75,county,17.4,187,36320,5.577,0.7977,87.75
51810,0.5415,0.09386,0.004927,0,0,0,3,22.75,2015-2025,10.75,county,16.28,175,190900,5.99,0.7535,99.25
51820,1.007,0.1225,0.0164,0,0,0,2.5,27.75,2015-2025,10.75,county,16.28,175,9431,9.011,0.9291,104.5
51830,0.6233,0.02203,0.004723,0,0,0,3,14.25,2015-2025,10.75,county,10.33,111,8943,3.751,0.8657,113.5
51840,0.4662,0.004089,0,0,0,0,2,4.5,2015-2025,10.33,county,8.806,91,15280,1.728,0.7513,48.75
53001,0.1909,0.0243,0,0,0,0,2.75,7.75,2014-2025,9.833,county,6.915,68,14910,1.486,0.5096,27.5
53003,0.2803,0.03011,0.00435,0,0,0,2.25,7.5,2015-2025,10.33,county,6.968,72,20800,1.866,0.6157,85.5
53005,0.1931,0.00193,0,0,0,0,1.75,6.5,2017-2025,8.083,county,6.68,54,80350,1.112,0.512,24.75
53007,0.4416,0.05393,0.004061,0,0,0,3,21.75,2019-2025,4,county,12.5,50,50460,4.21,0.837,90.25
53009,1.058,0.05542,0.003692,0,0,0,6,18,2019-2025,6.667,county,22.05,147,43730,9.455,0.884,100.5
53011,0.2863,0.01485,0,0,0,0,2.5,11.5,2017-2025,8.75,county,8,70,210600,1.968,0.6806,44.25
53013,1.307,0.004733,0,0,0,0,2.5,5,2017-2025,8.333,county,21.12,176,1960,5.242,0.8274,51.25
53015,0.2714,0.009128,0,0,0,0,2.5,8.75,2017-2025,7.167,county,9.907,71,50750,1.495,0.709,34.5
53017,0.6068,0.01973,0.002706,0.001418,0,0,1.75,7.25,2019-2025,6.417,county,15.12,97,15750,3.032,0.8282,225.5
53019,1.799,0.1029,0.01306,0,0,0,4.75,24.75,2015-2025,10.17,county,30.59,311,5807,15.16,0.931,173.8
53021,0.01972,0.09569,0.01457,0.0009282,0,0,4.75,23,2015-2025,7.667,state,0.913,7,32730,0.265,0.4306,27.25
53023,2.55,0.02639,0.004059,0.0005182,0,0,3,7,2015-2025,9,county,31.22,281,1009,13.07,0.8483,200
53025,0.0122,0.09569,0.01457,0.0009282,0,0,4.75,23,2016-2025,6.75,state,0.5926,4,50670,0.2539,0.3823,27.25
53027,0,0.09569,0.01457,0.0009282,0,0,4.75,23,2022-2024,2.917,state,0,0,42910,0,0,0
53029,0.8653,0.1592,0.01538,0,0,0,5.75,34,2015-2025,10.42,county,17.86,186,87200,11.64,0.9082,159.8
53031,1.106,0.06643,0.006648,0,0,0,3.25,15,2015-2025,7.833,county,23.74,186,27320,8.906,0.8259,115
53033,0.3383,0.1428,0.02604,0,0,0,8.25,33.5,2014-2025,11.17,county,8.776,98,963700,6.764,0.6854,157
53035,1.279,0.07272,0.0004721,0,0,0,4.5,20.5,2015-2025,10.42,county,34.85,363,126200,11.96,0.8463,85.75
53037,0.9084,0.08401,0.007233,0,0,0,3.25,18.5,2015-2025,10.42,county,19.01,198,21060,7.448,0.8504,148
53039,0.1346,0.09569,0.01457,0.0009282,0,0,4.75,23,2019-2020,1.5,state,4,6,12710,0.7396,0.657,72.5
53041,0.9654,0.01874,0,0,0,0,2.75,10.5,2015-2025,7.25,county,28.55,207,53920,5.338,0.7896,80.75
53043,1.384,0.04649,0.003846,0.000231,0,0,3.25,10.5,2014-2025,9.917,county,25.01,248,6307,9.312,0.849,226.5
53045,1.062,0.003624,0,0,0,0,3.5,9.75,2015-2025,7.333,county,23.86,175,37530,5.911,0.8265,61.75
53047,0.02734,0.09569,0.01457,0.0009282,0,0,4.75,23,2019-2024,1.833,state,1.091,2,24940,1.542,0.8528,118.2
53049,0,0.09569,0.01457,0.0009282,0,0,4.75,23,2022-2024,2.583,state,0,0,17500,0,0,0
53051,0.8682,0.07731,0.008569,0,0,0,3.5,18,2015-2025,8.5,county,18.47,157,9346,6.241,0.8711,85.25
53053,0.438,0.06649,0,0,0,0,3.5,20.5,2015-2025,10.42,county,11.42,119,341800,4.732,0.6771,72.25
53055,1.657,0.07851,0.001357,0,0,0,4.25,18.25,2017-2025,8.167,county,16.29,133,15570,12.42,0.8776,119.8
53057,0.9204,0.1038,0.0142,0,0,0,4.25,24.5,2015-2025,10.42,county,27.74,289,62220,9.667,0.7933,112
53059,0.1329,0.09569,0.01457,0.0009282,0,0,4.75,23,2017-2024,2.5,state,2.8,7,6101,0.375,0.5689,7.25
53061,0.2025,0.1431,0.02273,0,0,0,7.25,35,2015-2025,7.75,county,4.645,36,638000,3.421,0.7562,126
53063,0.2564,0.2489,0.1138,0.0234,0,0,5.25,83.75,2014-2025,11.17,county,7.433,83,217400,7.36,0.8388,217
53065,1.332,0.04834,0.005579,0,0,0,3.75,14.25,2014-2025,11.17,county,38.06,425,30670,10.11,0.7947,104.8
53067,0.7799,0.05233,0.0009881,0,0,0,3.25,16.75,2015-2025,10.42,county,24.77,258,141000,6.75,0.7503,84.25
53069,0,0.09569,0.01457,0.0009282,0,0,4.75,23,2019-2020,0.75,state,0,0,1954,0.08274,0,0
53071,0.4741,0.002936,0,0,0,0,4,9.5,2017-2025,8.417,county,10.46,88,30050,3.052,0.7271,53.25
53073,0.8856,0.08779,0.008772,0,0,0,3.25,21.75,2015-2025,10.42,county,26.5,276,91170,8.643,0.8017,117.8
53075,0.2117,0.04673,0.01477,0,0,0,3,14,2014-2025,11.17,county,8.418,94,47410,2.141,0.6281,122.2
53077,0.305,0.01938,0,0,0,0,2,10.75,2015-2025,8.583,county,15.61,134,120500,2.581,0.5059,53.25
54001,1.942,0.06755,0.0009967,0,0,0,4,16.25,2014-2025,11.08,county,31.94,354,8857,14.08,0.8926,113
54003,0.2781,0.008309,0,0,0,0,2,7,2014-2025,11.17,county,11.64,130,68860,1.525,0.5609,43.75
54005,2.606,0.116,0.01773,0.001223,0,0,4.75,26.5,2014-2025,11.17,county,60.72,678,13090,26.21,0.9023,329
54007,4.175,0.08134,0.005695,0,0,0,3.75,21,2014-2025,11.08,county,62.17,689,7157,32.73,0.9286,130.8
54009,1.209,0.0734,0.003011,0,0,0,3,16.75,2014-2025,11.08,county,22.92,254,14520,8.895,0.883,92.5
54011,1.072,0.1121,0.03418,0.007608,0,0,4,25.75,2014-2025,11.17,county,36.99,413,66140,15.68,0.8037,401.8
54013,5.298,0.06866,0.01096,0,0,0,3.75,19.75,2014-2025,11.08,county,57.02,632,3500,41.98,0.9512,145
54015,8.71,0.1349,0.01541,0.0002799,0,0,5.5,28.75,2014-2025,11.17,county,93.04,1039,2865,91.96,0.967,362
54017,4.325,0.09358,0.01459,0,0,0,4.5,21.75,2014-2025,11.08,county,54.59,605,3891,37.58,0.9475,162.8
54019,2.041,0.1129,0.009573,0.001375,0,0,4.75,25.5,2014-2025,11.17,county,59.19,661,23870,21.59,0.8648,315.8
54021,3.718,0.076,0.01516,0.0001688,0,0,3.75,19.75,2014-2025,11.08,county,54.5,604,4601,29,0.9318,182
54023,2.646,0.04405,0.001879,0,0,0,2.75,10.25,2014-2025,11,county,32.82,361,5906,14.12,0.896,83.5
54025,2.78,0.0792,0.005711,0,0,0,3.75,22,2014-2025,11.17,county,43.61,487,20090,24.12,0.8968,136
54027,2.605,0.07369,0.01053,0,0,0,3,16.25,2014-2025,11.17,county,46.21,516,11760,18.75,0.8957,131.2
54029,1.637,0.02668,0.002868,0.001059,0,0,2.5,10,2014-2025,11.08,county,24.36,270,17030,8.886,0.8977,205.5
54031,2.154,0.0717,0.008182,0,0,0,3.5,16.25,2014-2025,11.08,county,42.95,476,8586,15.02,0.8934,126.8
54033,1.264,0.04445,0.00386,0,0,0,3,13.75,2014-2025,11.17,county,34.39,384,42200,8.755,0.7796,113
54035,2.411,0.06452,0.01135,0.002277,0,0,3.75,18.75,2014-2025,11.17,county,46.3,517,16850,20.23,0.8816,352
54037,0.7901,0.02206,0.003829,0,0,0,1.75,7.5,2014-2025,11.17,county,22.12,247,30660,4.311,0.7431,166.2
54039,1.865,0.118,0.00804,0.0004499,0,0,4.75,27,2014-2025,11.17,county,65.1,727,77250,23.16,0.7622,272
54041,2.634,0.06907,0.005503,0,0,0,3.75,20.25,2014-2025,11.08,county,44.3,491,10380,19.74,0.9122,133.2
54043,4.487,0.09953,0.01845,0.003338,0.0006112,0,5,23.75,2014-2025,11.17,county,76.48,854,11820,48.85,0.9271,403.8
54045,2.067,0.09115,0.005872,0,0,0,4,22.5,2014-2025,11.17,county,54.99,614,20670,18.38,0.8573,118.5
54047,1.749,0.1337,0.02693,0.0003838,0,0,4.25,33.25,2014-2025,11.17,county,40.93,457,11340,21.89,0.8701,204.2
54049,1.346,0.06297,0.003307,0,0,0,3.75,17,2014-2025,11.08,county,32.93,365,33280,10.41,0.8059,110.2
54051,1.8,0.0968,0.01859,0.004078,0,0,5.25,23.5,2014-2025,11.17,county,40.75,455,20590,20.92,0.8666,329.8
54053,1.826,0.07849,0.01507,0.005497,0,0,4,20.25,2014-2025,11.17,county,41.37,462,14980,18.1,0.8833,427
54055,0.9727,0.13,0.055,0.006083,0,0,4.25,36.75,2014-2025,11.17,county,28.66,320,38080,14.77,0.8341,221
54057,1.075,0.02859,0.0006786,0,0,0,2.5,7.5,2014-2025,11.17,county,20.87,233,15220,5.785,0.7974,99
54059,3.008,0.1285,0.01255,0,0,0,5.25,28,2014-2025,11.17,county,64.48,720,14430,32.39,0.9172,152.2
54061,0.9133,0.05046,0.002863,0,0,0,3,16.75,2014-2025,11.08,county,27.52,305,66280,7.156,0.7934,94.75
54063,4.516,0.06463,0.002688,0,0,0,3.75,19.5,2014-2025,11.17,county,48.72,544,4596,33.56,0.9323,161.5
54065,2.113,0.04632,0.003018,0,0,0,3.25,12.75,2014-2025,11.08,county,31.31,347,8772,13.08,0.9048,92
54067,2.212,0.1135,0.00678,0,0,0,4.25,26,2014-2025,11.17,county,41.37,462,14720,21.2,0.8928,135.8
54069,0.958,0.0793,0.0113,0,0,0,4,20,2014-2025,11.17,county,29.55,330,32860,10.23,0.7601,129.5
54071,4.332,0.0604,0.02389,0,0,0,4,15.75,2014-2025,11.08,county,39.34,436,3221,27.67,0.95,100.2
54073,2.688,0.04693,0.01216,0,0,0,2.75,12.5,2014-2025,11,county,32.64,359,4505,16.8,0.9215,219.8
54075,6.035,0.06845,0.009531,0,0,0,3.5,14.5,2014-2025,11.08,county,49.62,550,4599,39.69,0.9552,107.5
54077,1.334,0.02475,0.005509,0.002523,0,0,3,9.5,2014-2025,11.17,county,32.96,368,18980,8.352,0.8028,168.5
54079,0.9832,0.1114,0.02603,0.004162,0,0,4.25,25.5,2014-2025,11.17,county,33.31,372,35150,13.42,0.796,403.5
54081,1.971,0.1152,0.009573,0,0,0,3.5,26.25,2014-2025,11.17,county,56.6,632,29400,20.13,0.836,153
54083,1.601,0.04144,0.002347,0,0,0,3.5,10.5,2014-2025,11.08,county,30.14,334,16900,9.731,0.852,113.5
54085,4.261,0.08218,0.01345,0,0,0,4.5,21,2014-2025,11.17,county,53.91,602,4984,37.7,0.9436,163.2
54087,3.432,0.1041,0.01517,0.0008539,0,0,4.5,24.25,2014-2025,11.17,county,60.99,681,8158,35.25,0.9118,346.5
54089,2.01,0.08406,0.01048,0.0002691,0,0,3.5,20,2014-2025,11.17,county,36.63,409,6622,17.27,0.9012,319.2
54091,1.823,0.05725,0.001559,0,0,0,3,15.75,2014-2025,11.08,county,34.2,379,8762,12.17,0.8608,114.8
54093,3.021,0.04988,0.001921,0,0,0,3.75,12.5,2014-2025,11,county,37.73,415,4027,18.76,0.9331,107.8
54095,3.736,0.05082,0.01221,0,0,0,3,11.5,2014-2025,11.08,county,43.04,477,4787,26.86,0.9233,161
54097,2.261,0.05455,0.005446,0,0,0,3.5,13,2014-2025,11.08,county,37.08,411,14390,15.16,0.8976,155
54099,3.016,0.1168,0.03824,0.0148,0.0005011,0,4.75,28,2014-2025,11.17,county,70.3,785,23000,43.8,0.9065,532.2
54101,7.322,0.07872,0.004792,0.00009422,0,0,3.25,19.5,2014-2025,11.17,county,76.66,856,4673,51.15,0.9469,235.5
54103,2.33,0.07686,0.01391,0,0,0,4,19.25,2014-2025,11.17,county,43.79,489,9256,19.25,0.8932,163.2
54105,5.444,0.06352,0.0162,0,0,0,5,18.5,2014-2025,11.08,county,56.66,628,2813,46.94,0.9643,162
54107,1.027,0.04161,0.01059,0,0,0,2.5,13.25,2014-2025,11.08,county,30.77,341,52410,7.22,0.7901,137.8
54109,3.169,0.1033,0.01567,0.0005488,0,0,4.25,24.5,2014-2025,11.17,county,57.67,644,7724,29.85,0.9112,219.5
55001,0.4099,0.02068,0.004413,0,0,0,2.25,12.75,2014-2025,10,county,11.9,119,20790,2.525,0.766,77
55003,0.6963,0.02771,0,0,0,0,3.25,10.25,2014-2025,10.33,county,10.55,109,6846,4.057,0.8567,52.25
55005,0.3008,0.04806,0.001247,0,0,0,3.25,16,2014-2025,10.67,county,8.156,87,29230,2.259,0.7982,117.5
55007,0.6436,0.03322,0,0,0,0,3.25,11,2014-2025,10.42,county,12.1,126,7557,3.974,0.8768,61.75
55009,0.173,0.07901,0,0,0,0,3,20.25,2014-2025,11.17,county,7.075,79,201700,1.789,0.703,70
55011,0.6771,0.008861,0,0,0,0,1.75,7,2014-2025,10.42,county,12.58,131,5936,2.825,0.8134,44
55013,0.5125,0.002177,0,0,0,0,1.75,5,2017-2025,8.667,county,8.538,74,9409,1.811,0.6648,38.5
55015,0.4193,0.06786,0,0,0,0,2,9,2014-2025,11.17,county,9.761,109,20710,2.401,0.8516,57.75
55017,0.2629,0.04112,0,0,0,0,2.5,13.75,2014-2025,10.42,county,6.816,71,31540,1.874,0.7183,49
55019,0.3397,0.03247,0,0,0,0,2.5,16.75,2014-2025,10.42,county,6.624,69,16000,2.215,0.847,49.5
55021,0.1753,0.03651,0.008913,0,0,0,2,13,2014-2025,10.08,county,6.942,70,53760,1.216,0.6669,75.25
55023,0.492,0.008358,0,0,0,0,2.25,7,2014-2025,8.25,county,7.879,65,6544,2.134,0.8689,45
55025,0.0685,0.06081,0,0,0,0,4.5,20,2014-2025,11.17,county,2.418,27,295500,1.033,0.4826,57.75
55027,0.4174,0.01968,0,0,0,0,2.25,8.25,2014-2025,11.17,county,12.36,138,35620,2.344,0.7362,47.25
55029,0.6494,0.09018,0.004002,0,0,0,4.5,23,2014-2025,11.17,county,13.25,148,26530,6.479,0.9104,97.25
55031,0.2079,0.02098,0,0,0,0,2.25,6.25,2014-2025,10.83,county,6,65,29090,1.091,0.699,61
55033,0.276,0.01271,0,0,0,0,2.5,10,2014-2025,10.33,county,8.032,83,24890,1.673,0.7108,34.5
55035,0.2372,0.01915,0.005968,0,0,0,1.75,6.5,2014-2025,10.42,county,6.432,67,55390,1.303,0.5906,80.5
55037,1.707,0.1126,0.007919,0,0,0,3.5,26.5,2014-2025,11.17,county,17.1,191,2842,14.46,0.9664,119.8
55039,0.1315,0.0415,0,0,0,0,2.25,17.25,2014-2025,11.17,county,5.552,62,89730,1.158,0.6174,55.5
55041,2.281,0.1279,0.03395,0,0,0,3,28.25,2014-2025,11.17,county,29.28,327,6340,23.27,0.96,119
55043,0.3292,0.03058,0,0,0,0,2,11.5,2014-2025,11.17,county,8.239,92,19860,1.797,0.7807,43.25
55045,0.4354,0.005183,0,0,0,0,2,4.75,2014-2025,11.17,county,11.91,133,15590,1.819,0.687,42.75
55047,0.4953,0.02543,0.002706,0,0,0,1.75,9.5,2014-2025,10.08,county,10.61,107,16500,2.649,0.802,79
55049,0.9778,0.02246,0,0,0,0,1.5,4.25,2014-2025,7.75,county,15.61,121,9795,3.609,0.7502,66.75
55051,2.201,0.05457,0.009955,0,0,0,3,15.5,2014-2025,10.33,county,23.32,241,2941,15.03,0.957,109
55053,0.04734,0.005774,0,0,0,0,4.25,14.75,2014-2025,10.25,county,2.146,22,14990,0.3742,0.7049,27.5
55055,0.8165,0.04332,0,0,0,0,2.5,9,2014-2025,11.17,county,19.07,213,34510,4.584,0.8704,72.75
55057,0.2522,0.02014,0,0,0,0,1.75,11.75,2014-2025,11.17,county,7.075,79,15440,1.227,0.7824,37.5
55059,0.3615,0.03156,0,0,0,0,3,15.5,2014-2025,11.17,county,13.61,152,105100,2.5,0.7398,66.25
55061,0.3699,0.03873,0,0,0,0,2.25,11.25,2014-2025,11.08,county,8.932,99,14370,2.071,0.8426,66.5
55063,0.4073,0,0,0,0,0,2.75,7.5,2014-2025,10.42,county,9.6,100,50180,2.128,0.7133,31.75
55065,0.3952,0.007699,0,0,0,0,2.25,8.75,2014-2025,11.17,county,7.164,80,6652,1.808,0.7595,50.5
55067,1.195,0.1453,0.0009273,0,0,0,3.5,30.25,2014-2025,11.17,county,19.34,216,14060,11.1,0.9273,113.8
55069,1.314,0.09349,0.003054,0,0,0,3.75,23,2014-2025,11.17,county,20.06,224,15800,11.16,0.9311,156
55071,0.1649,0.0175,0,0,0,0,2,11.25,2014-2025,11.17,county,6.985,78,47880,0.919,0.6678,40.75
55073,0.3815,0.05073,0.004142,0,0,0,2.25,16.75,2014-2025,11.17,county,12,134,80600,2.775,0.7955,77.5
55075,0.9643,0.1654,0.01562,0,0,0,4,42.25,2014-2025,11.17,county,20.6,230,29900,11.79,0.9185,116
55077,0.8256,0.05535,0,0,0,0,2.75,13.25,2014-2025,10,county,15.4,154,8847,5.329,0.8893,66
55078,2.613,0.04412,0,0,0,0,2.25,15.75,2014-2025,10,county,22,220,4260,14.93,0.943,64.25
55079,0.1477,0.1404,0.009369,0,0,0,6.5,28,2014-2025,10.83,county,5.815,63,594600,2.658,0.5901,93.25
55081,0.2795,0.005898,0,0,0,0,3,8.5,2014-2025,10.67,county,6.375,68,18030,1.597,0.7184,35
55083,0.7354,0.1431,0.02079,0.001666,0,0,3.25,32.75,2014-2025,11.17,county,13.34,149,26760,7.65,0.9208,188.5
55085,1.705,0.1765,0.002279,0,0,0,5.5,32.5,2014-2025,11.17,county,29.01,324,22260,19.4,0.9263,90.75
55087,0.4831,0.1945,0.03158,0,0,0,2.5,37.5,2014-2025,11,county,14,154,76650,6.002,0.9203,116.8
55089,0.6706,0.03925,0,0,0,0,3.25,13.75,2014-2025,10.83,county,18.37,199,37480,4.191,0.8657,58.25
55091,0.5828,0.003605,0,0,0,0,2.25,6.25,2014-2025,10.08,county,9.322,94,3918,2.089,0.8478,38.75
55093,0.2659,0,0,0,0,0,2,6,2014-2025,10.75,county,6.047,65,16790,1.302,0.6309,25
55095,0.4307,0.0317,0.01558,0.0009019,0,0,2.5,8.75,2014-2025,10.42,county,11.23,117,33360,3.116,0.7829,183.8
55097,0.6947,0.1206,0.007542,0,0,0,2.75,26.5,2014-2025,11.17,county,10.75,120,29310,6.413,0.9025,144
55099,0.2324,0.007584,0,0,0,0,2.5,9.75,2014-2025,10.42,county,6.144,64,10180,1.162,0.7677,37.5
55101,0.393,0.03037,0,0,0,0,3.25,13.75,2014-2025,10.83,county,13.75,149,115000,2.902,0.7656,50.75
55103,0.2246,0.01407,0,0,0,0,2,7,2014-2025,11.17,county,6.806,76,8020,0.9778,0.7945,60.75
55105,0.2728,0.008021,0,0,0,0,1.5,4.5,2014-2025,11,county,11.09,122,66440,1.384,0.5165,40.75
55107,0.3516,0.1184,0.005338,0,0,0,3,38.5,2014-2025,10.25,county,6.634,68,10340,3.184,0.915,86
55109,0.6298,0.02813,0,0,0,0,2.75,10.75,2014-2025,9.083,county,13.76,125,36000,3.585,0.8314,46
55111,0.1933,0.0154,0,0,0,0,1.75,8.5,2014-2025,11.17,county,8.418,94,60960,1.148,0.6048,41
55113,0.7529,0.1014,0,0,0,0,3.5,24.5,2014-2025,10.5,county,12.67,133,13020,6.551,0.9207,81
55115,0.3706,0.1174,0.00583,0,0,0,2.75,26,2014-2025,11.17,county,9.045,101,31420,3.299,0.8549,91.5
55117,0.4097,0.0398,0,0,0,0,2.25,9.25,2014-2025,11.17,county,11.82,132,49040,2.426,0.7448,70.25
55119,0.1441,0.01444,0,0,0,0,3,7.5,2014-2025,10.33,county,4.258,44,12560,0.7927,0.8058,46.75
55121,0.2623,0.008551,0,0,0,0,2.75,11.75,2014-2025,10.42,county,7.392,77,14810,1.523,0.7526,39.5
55123,0.2666,0.02406,0,0,0,0,2.5,15,2014-2025,11.08,county,7.669,85,12810,1.683,0.7939,40.25
55125,4.397,0.1221,0.0049,0,0,0,4,26.5,2014-2025,11.17,county,50.96,569,10650,41.97,0.9515,116.8
55127,0.6992,0.03185,0.001501,0,0,0,2.5,14.75,2014-2025,11.17,county,18.27,204,45650,4.693,0.806,137.5
55129,0.6538,0.01595,0,0,0,0,3.25,12,2014-2025,10.33,county,13.16,136,8409,3.501,0.9035,62
55131,0.6026,0.03381,0.0004055,0,0,0,2.5,12,2014-2025,10.83,county,19.57,212,56280,3.725,0.8054,79
55133,0.491,0.0939,0.001514,0,0,0,3.75,23,2014-2025,10.83,county,18.92,205,165700,4.995,0.7634,93.5
55135,0.5915,0.1266,0.01327,0,0,0,2.75,27.75,2014-2025,11.17,county,13.97,156,23620,5.968,0.8861,142.2
55137,0.377,0.09208,0.000865,0,0,0,3.25,21.5,2014-2025,10.92,county,9.893,108,21070,3.29,0.8003,74.25
55139,0.3065,0.03131,0.004102,0,0,0,2,10.5,2014-2025,11.17,county,9.493,106,74570,2.001,0.7501,90.75
55141,0.1913,0.09817,0.007859,0,0,0,3,22.5,2014-2025,11.17,county,6.716,75,46820,1.643,0.8108,75.5
56001,0.6187,0.0173,0,0,0,0,3.25,11.75,2017-2025,8.417,county,7.248,61,23300,3.208,0.8238,44.5
56003,0.8505,0,0,0,0,0,2,3.5,2017-2025,8.417,county,7.366,62,4262,2.646,0.8109,16.75
56005,0.5271,0.01193,0.0008024,0,0,0,2.25,7.25,2016-2025,7.5,county,18.13,136,28060,3.172,0.6069,107
56007,0.5979,0,0,0,0,0,2,15.25,2017-2025,8.417,county,10.81,91,10770,2.92,0.7657,21
56009,1.471,0.004374,0,0,0,0,3.5,7.5,2017-2025,8.417,county,26.97,227,7624,7.605,0.7913,47.75
56011,2.33,0.04093,0.006814,0.001449,0,0,3,14.25,2016-2025,6.583,county,34.33,226,4545,16.73,0.9092,168
56013,0.2667,0,0,0,0,0,2,3.5,2017-2025,8.417,county,4.99,42,26820,1.026,0.5783,20.75
56015,0.03447,0.01283,0.0007191,0.00007852,0,0,2.25,6.75,2019-2020,1.333,state,2.25,3,5069,0.2008,0.8021,7
56017,0.8958,0.004134,0,0,0,0,2.25,4,2017-2025,8.417,county,6.653,56,2310,3.136,0.8504,91
56019,0.9662,0.02303,0,0,0,0,3.5,6.75,2017-2025,8.75,county,20.57,180,5448,5.184,0.7797,50.75
56021,0.1738,0.04184,0,0,0,0,1.75,5.75,2016-2025,9.667,county,5.897,57,52990,1.01,0.5332,61.75
56023,0.3367,0.007763,0,0,0,0,2,5.5,2017-2025,8.417,county,9.386,79,12820,1.522,0.6563,61.5
56025,0.468,0,0,0,0,0,1.75,3.75,2017-2025,8.417,county,7.485,63,47990,1.901,0.5865,20.25
56027,0.5816,0.01879,0,0,0,0,1.75,5.75,2017-2024,3.5,county,10.86,38,1072,2.573,0.6644,31.75
56029,0.3006,0.01243,0,0,0,0,2.5,7,2014-2025,8.75,county,9.6,84,14000,1.551,0.7205,58.25
56031,0.2798,0.00745,0,0,0,0,3,6.25,2017-2025,7.083,county,4.941,35,3861,1.352,0.779,53.25
56033,0.4113,0.005363,0.001341,0,0,0,4,7.75,2017-2025,8.75,county,10.17,89,17620,2.472,0.7166,83.5
56035,1.301,0.006686,0.002692,0,0,0,1.5,5,2017-2025,8.417,county,18.18,153,5123,4.496,0.8577,166.5
56037,0.5285,0.01948,0,0,0,0,1.5,4.75,2017-2025,8.417,county,8.198,69,25480,2.606,0.6319,61.5
56039,0.07085,0.001417,0,0,0,0,3,9.25,2018-2025,7.5,county,3.467,26,18590,0.5975,0.4488,25.5
56041,0.2521,0.002743,0,0,0,0,2.5,6.25,2017-2025,8.417,county,6.297,53,12370,1.115,0.7369,31.25
56043,0.4167,0,0,0,0,0,1.75,4.5,2017-2025,8.417,county,6.059,51,3414,1.297,0.7162,21.75
56045,1.2,0.02835,0.003179,0,0,0,2.5,7.5,2016-2025,8.333,county,21.24,177,3933,5.854,0.7901,110.2
72001,3.408,0.1809,0.05334,0.03608,0.01009,0,7.5,39,2021-2025,5,island,101.6,508,7831,79.1,0.8198,765.8
72003,3.408,0.1809,0.05334,0.03608,0.01009,0,7.5,39,2021-2025,5,island,101.6,508,16430,79.1,0.8198,765.8
72005,3.408,0.1809,0.05334,0.03608,0.01009,0,7.5,39,2021-2025,5,island,101.6,508,26720,79.1,0.8198,765.8
72007,3.408,0.1809,0.05334,0.03608,0.01009,0,7.5,39,2021-2025,5,island,101.6,508,10130,79.1,0.8198,765.8
72009,3.408,0.1809,0.05334,0.03608,0.01009,0,7.5,39,2021-2025,5,island,101.6,508,11420,79.1,0.8198,765.8
72011,3.408,0.1809,0.05334,0.03608,0.01009,0,7.5,39,2021-2025,5,island,101.6,508,11140,79.1,0.8198,765.8
72013,3.408,0.1809,0.05334,0.03608,0.01009,0,7.5,39,2021-2025,5,island,101.6,508,41120,79.1,0.8198,765.8
72015,3.408,0.1809,0.05334,0.03608,0.01009,0,7.5,39,2021-2025,5,island,101.6,508,6741,79.1,0.8198,765.8
72017,3.408,0.1809,0.05334,0.03608,0.01009,0,7.5,39,2021-2025,5,island,101.6,508,11160,79.1,0.8198,765.8
72019,3.408,0.1809,0.05334,0.03608,0.01009,0,7.5,39,2021-2025,5,island,101.6,508,13020,79.1,0.8198,765.8
72021,3.408,0.1809,0.05334,0.03608,0.01009,0,7.5,39,2021-2025,5,island,101.6,508,84680,79.1,0.8198,765.8
72023,3.408,0.1809,0.05334,0.03608,0.01009,0,7.5,39,2021-2025,5,island,101.6,508,19880,79.1,0.8198,765.8
72025,3.408,0.1809,0.05334,0.03608,0.01009,0,7.5,39,2021-2025,5,island,101.6,508,58030,79.1,0.8198,765.8
72027,3.408,0.1809,0.05334,0.03608,0.01009,0,7.5,39,2021-2025,5,island,101.6,508,13780,79.1,0.8198,765.8
72029,3.408,0.1809,0.05334,0.03608,0.01009,0,7.5,39,2021-2025,5,island,101.6,508,16790,79.1,0.8198,765.8
72031,3.408,0.1809,0.05334,0.03608,0.01009,0,7.5,39,2021-2025,5,island,101.6,508,68480,79.1,0.8198,765.8
72033,3.408,0.1809,0.05334,0.03608,0.01009,0,7.5,39,2021-2025,5,island,101.6,508,11430,79.1,0.8198,765.8
72035,3.408,0.1809,0.05334,0.03608,0.01009,0,7.5,39,2021-2025,5,island,101.6,508,18950,79.1,0.8198,765.8
72037,3.408,0.1809,0.05334,0.03608,0.01009,0,7.5,39,2021-2025,5,island,101.6,508,4835,79.1,0.8198,765.8
72039,3.408,0.1809,0.05334,0.03608,0.01009,0,7.5,39,2021-2025,5,island,101.6,508,7222,79.1,0.8198,765.8
72041,3.408,0.1809,0.05334,0.03608,0.01009,0,7.5,39,2021-2025,5,island,101.6,508,16250,79.1,0.8198,765.8
72043,3.408,0.1809,0.05334,0.03608,0.01009,0,7.5,39,2021-2025,5,island,101.6,508,14800,79.1,0.8198,765.8
72045,3.408,0.1809,0.05334,0.03608,0.01009,0,7.5,39,2021-2025,5,island,101.6,508,7928,79.1,0.8198,765.8
72047,3.408,0.1809,0.05334,0.03608,0.01009,0,7.5,39,2021-2025,5,island,101.6,508,14850,79.1,0.8198,765.8
72049,3.408,0.1809,0.05334,0.03608,0.01009,0,7.5,39,2021-2025,5,island,101.6,508,726,79.1,0.8198,765.8
72051,3.408,0.1809,0.05334,0.03608,0.01009,0,7.5,39,2021-2025,5,island,101.6,508,15280,79.1,0.8198,765.8
72053,3.408,0.1809,0.05334,0.03608,0.01009,0,7.5,39,2021-2025,5,island,101.6,508,14960,79.1,0.8198,765.8
72054,3.408,0.1809,0.05334,0.03608,0.01009,0,7.5,39,2021-2025,5,island,101.6,508,4936,79.1,0.8198,765.8
72055,3.408,0.1809,0.05334,0.03608,0.01009,0,7.5,39,2021-2025,5,island,101.6,508,5848,79.1,0.8198,765.8
72057,3.408,0.1809,0.05334,0.03608,0.01009,0,7.5,39,2021-2025,5,island,101.6,508,16800,79.1,0.8198,765.8
72059,3.408,0.1809,0.05334,0.03608,0.01009,0,7.5,39,2021-2025,5,island,101.6,508,7527,79.1,0.8198,765.8
72061,3.408,0.1809,0.05334,0.03608,0.01009,0,7.5,39,2021-2025,5,island,101.6,508,45400,79.1,0.8198,765.8
72063,3.408,0.1809,0.05334,0.03608,0.01009,0,7.5,39,2021-2025,5,island,101.6,508,19060,79.1,0.8198,765.8
72065,3.408,0.1809,0.05334,0.03608,0.01009,0,7.5,39,2021-2025,5,island,101.6,508,16770,79.1,0.8198,765.8
72067,3.408,0.1809,0.05334,0.03608,0.01009,0,7.5,39,2021-2025,5,island,101.6,508,6332,79.1,0.8198,765.8
72069,3.408,0.1809,0.05334,0.03608,0.01009,0,7.5,39,2021-2025,5,island,101.6,508,24390,79.1,0.8198,765.8
72071,3.408,0.1809,0.05334,0.03608,0.01009,0,7.5,39,2021-2025,5,island,101.6,508,18860,79.1,0.8198,765.8
72073,3.408,0.1809,0.05334,0.03608,0.01009,0,7.5,39,2021-2025,5,island,101.6,508,6583,79.1,0.8198,765.8
72075,3.408,0.1809,0.05334,0.03608,0.01009,0,7.5,39,2021-2025,5,island,101.6,508,19160,79.1,0.8198,765.8
72077,3.408,0.1809,0.05334,0.03608,0.01009,0,7.5,39,2021-2025,5,island,101.6,508,16340,79.1,0.8198,765.8
72079,3.408,0.1809,0.05334,0.03608,0.01009,0,7.5,39,2021-2025,5,island,101.6,508,10160,79.1,0.8198,765.8
72081,3.408,0.1809,0.05334,0.03608,0.01009,0,7.5,39,2021-2025,5,island,101.6,508,12390,79.1,0.8198,765.8
72083,3.408,0.1809,0.05334,0.03608,0.01009,0,7.5,39,2021-2025,5,island,101.6,508,3665,79.1,0.8198,765.8
72085,3.408,0.1809,0.05334,0.03608,0.01009,0,7.5,39,2021-2025,5,island,101.6,508,15050,79.1,0.8198,765.8
72087,3.408,0.1809,0.05334,0.03608,0.01009,0,7.5,39,2021-2025,5,island,101.6,508,9045,79.1,0.8198,765.8
72089,3.408,0.1809,0.05334,0.03608,0.01009,0,7.5,39,2021-2025,5,island,101.6,508,7113,79.1,0.8198,765.8
72091,3.408,0.1809,0.05334,0.03608,0.01009,0,7.5,39,2021-2025,5,island,101.6,508,19530,79.1,0.8198,765.8
72093,3.408,0.1809,0.05334,0.03608,0.01009,0,7.5,39,2021-2025,5,island,101.6,508,2163,79.1,0.8198,765.8
72095,3.408,0.1809,0.05334,0.03608,0.01009,0,7.5,39,2021-2025,5,island,101.6,508,4457,79.1,0.8198,765.8
72097,3.408,0.1809,0.05334,0.03608,0.01009,0,7.5,39,2021-2025,5,island,101.6,508,37400,79.1,0.8198,765.8
72099,3.408,0.1809,0.05334,0.03608,0.01009,0,7.5,39,2021-2025,5,island,101.6,508,16010,79.1,0.8198,765.8
72101,3.408,0.1809,0.05334,0.03608,0.01009,0,7.5,39,2021-2025,5,island,101.6,508,11980,79.1,0.8198,765.8
72103,3.408,0.1809,0.05334,0.03608,0.01009,0,7.5,39,2021-2025,5,island,101.6,508,9148,79.1,0.8198,765.8
72105,3.408,0.1809,0.05334,0.03608,0.01009,0,7.5,39,2021-2025,5,island,101.6,508,13040,79.1,0.8198,765.8
72107,3.408,0.1809,0.05334,0.03608,0.01009,0,7.5,39,2021-2025,5,island,101.6,508,9503,79.1,0.8198,765.8
72109,3.408,0.1809,0.05334,0.03608,0.01009,0,7.5,39,2021-2025,5,island,101.6,508,6680,79.1,0.8198,765.8
72111,3.408,0.1809,0.05334,0.03608,0.01009,0,7.5,39,2021-2025,5,island,101.6,508,8266,79.1,0.8198,765.8
72113,3.408,0.1809,0.05334,0.03608,0.01009,0,7.5,39,2021-2025,5,island,101.6,508,65290,79.1,0.8198,765.8
72115,3.408,0.1809,0.05334,0.03608,0.01009,0,7.5,39,2021-2025,5,island,101.6,508,10160,79.1,0.8198,765.8
72117,3.408,0.1809,0.05334,0.03608,0.01009,0,7.5,39,2021-2025,5,island,101.6,508,6419,79.1,0.8198,765.8
72119,3.408,0.1809,0.05334,0.03608,0.01009,0,7.5,39,2021-2025,5,island,101.6,508,19110,79.1,0.8198,765.8
72121,3.408,0.1809,0.05334,0.03608,0.01009,0,7.5,39,2021-2025,5,island,101.6,508,9933,79.1,0.8198,765.8
72123,3.408,0.1809,0.05334,0.03608,0.01009,0,7.5,39,2021-2025,5,island,101.6,508,11330,79.1,0.8198,765.8
72125,3.408,0.1809,0.05334,0.03608,0.01009,0,7.5,39,2021-2025,5,island,101.6,508,14320,79.1,0.8198,765.8
72127,3.408,0.1809,0.05334,0.03608,0.01009,0,7.5,39,2021-2025,5,island,101.6,508,184500,79.1,0.8198,765.8
72129,3.408,0.1809,0.05334,0.03608,0.01009,0,7.5,39,2021-2025,5,island,101.6,508,15740,79.1,0.8198,765.8
72131,3.408,0.1809,0.05334,0.03608,0.01009,0,7.5,39,2021-2025,5,island,101.6,508,17480,79.1,0.8198,765.8
72133,3.408,0.1809,0.05334,0.03608,0.01009,0,7.5,39,2021-2025,5,island,101.6,508,9132,79.1,0.8198,765.8
72135,3.408,0.1809,0.05334,0.03608,0.01009,0,7.5,39,2021-2025,5,island,101.6,508,24760,79.1,0.8198,765.8
72137,3.408,0.1809,0.05334,0.03608,0.01009,0,7.5,39,2021-2025,5,island,101.6,508,30020,79.1,0.8198,765.8
72139,3.408,0.1809,0.05334,0.03608,0.01009,0,7.5,39,2021-2025,5,island,101.6,508,25900,79.1,0.8198,765.8
72141,3.408,0.1809,0.05334,0.03608,0.01009,0,7.5,39,2021-2025,5,island,101.6,508,12450,79.1,0.8198,765.8
72143,3.408,0.1809,0.05334,0.03608,0.01009,0,7.5,39,2021-2025,5,island,101.6,508,15230,79.1,0.8198,765.8
72145,3.408,0.1809,0.05334,0.03608,0.01009,0,7.5,39,2021-2025,5,island,101.6,508,24330,79.1,0.8198,765.8
72147,3.408,0.1809,0.05334,0.03608,0.01009,0,7.5,39,2021-2025,5,island,101.6,508,3611,79.1,0.8198,765.8
72149,3.408,0.1809,0.05334,0.03608,0.01009,0,7.5,39,2021-2025,5,island,101.6,508,9433,79.1,0.8198,765.8
72151,3.408,0.1809,0.05334,0.03608,0.01009,0,7.5,39,2021-2025,5,island,101.6,508,12660,79.1,0.8198,765.8
72153,3.408,0.1809,0.05334,0.03608,0.01009,0,7.5,39,2021-2025,5,island,101.6,508,15250,79.1,0.8198,765.8
78010,8.708,0.03629,0.00702,0.001082,0,0,2,8,2019-2025,6.917,county,57.4,397,30900,37.4,0.8388,301.5
78020,18.24,0.06273,0.01012,0,0,0,2.25,10.25,2019-2025,6.917,county,29.49,204,2683,89,0.9327,162.2
78030,14.94,0.0728,0.008807,0.0002593,0,0,2.5,15.75,2019-2025,6.917,county,70.7,489,22720,88.53,0.9204,255
