fips,p_pga_ge_0_1g_per_year,p_pga_ge_0_2g_per_year,mmi6_100yr,model
01001,0.0006057,0.0001682,0.09188,conus-2023-grid
01003,0.0001812,0.00005028,0.07665,conus-2023-grid
01005,0.0002092,0.00004795,0.1029,conus-2023-grid
01007,0.001138,0.0003667,0.1684,conus-2023-grid
01009,0.001243,0.0003607,0.198,conus-2023-grid
01011,0.0002713,0.00006294,0.1168,conus-2023-grid
01013,0.0002958,0.00007449,0.1197,conus-2023-grid
01015,0.001124,0.0003447,0.1867,conus-2023-grid
01017,0.0004778,0.0001259,0.1557,conus-2023-grid
01019,0.001461,0.0004773,0.1356,conus-2023-grid
01021,0.0008426,0.0002559,0.1556,conus-2023-grid
01023,0.0006153,0.0001829,0.1113,conus-2023-grid
01025,0.0004478,0.0001315,0.07449,conus-2023-grid
01027,0.000795,0.000238,0.1649,conus-2023-grid
01029,0.0009656,0.0002834,0.1462,conus-2023-grid
01031,0.0001717,0.00004122,0.1099,conus-2023-grid
01033,0.001892,0.0005979,0.1854,conus-2023-grid
01035,0.0002644,0.0000701,0.09255,conus-2023-grid
01037,0.0007253,0.0002182,0.1009,conus-2023-grid
01039,0.0001808,0.0000451,0.08303,conus-2023-grid
01041,0.0002483,0.0000601,0.09658,conus-2023-grid
01043,0.001313,0.0003735,0.1902,conus-2023-grid
01045,0.0001593,0.0000377,0.04271,conus-2023-grid
01047,0.000629,0.0001776,0.1791,conus-2023-grid
01049,0.001893,0.0006477,0.1662,conus-2023-grid
01051,0.0005072,0.0001404,0.1245,conus-2023-grid
01053,0.0002186,0.00005911,0.07563,conus-2023-grid
01055,0.001348,0.0004185,0.1329,conus-2023-grid
01057,0.001469,0.0004472,0.2338,conus-2023-grid
01059,0.001734,0.0005312,0.2518,conus-2023-grid
01061,0.0001354,0.0000334,0.09213,conus-2023-grid
01063,0.001491,0.0005473,0.2513,conus-2023-grid
01065,0.001254,0.0004335,0.1986,conus-2023-grid
01067,0.000161,0.00003754,0.05915,conus-2023-grid
01069,0.0001312,0.00003184,0.07647,conus-2023-grid
01071,0.001892,0.0006158,0.2074,conus-2023-grid
01073,0.001231,0.0003824,0.1554,conus-2023-grid
01075,0.001456,0.000425,0.2668,conus-2023-grid
01077,0.001943,0.0006201,0.2732,conus-2023-grid
01079,0.001566,0.0004612,0.1978,conus-2023-grid
01081,0.0003694,0.00009542,0.1017,conus-2023-grid
01083,0.001545,0.0004437,0.275,conus-2023-grid
01085,0.0004189,0.0001079,0.1375,conus-2023-grid
01087,0.0003375,0.00008109,0.1309,conus-2023-grid
01089,0.001525,0.000441,0.1541,conus-2023-grid
01091,0.0007663,0.0002336,0.1336,conus-2023-grid
01093,0.00159,0.0004778,0.1834,conus-2023-grid
01095,0.001425,0.0004247,0.1824,conus-2023-grid
01097,0.0002034,0.00005707,0.06002,conus-2023-grid
01099,0.0003533,0.00009855,0.05367,conus-2023-grid
01101,0.0003564,0.00008743,0.1365,conus-2023-grid
01103,0.001406,0.0003973,0.2381,conus-2023-grid
01105,0.0009352,0.0002919,0.1525,conus-2023-grid
01107,0.001509,0.0004949,0.1968,conus-2023-grid
01109,0.0002273,0.00005332,0.09335,conus-2023-grid
01111,0.0006727,0.0001848,0.179,conus-2023-grid
01113,0.0002813,0.00006653,0.1296,conus-2023-grid
01115,0.001154,0.0003538,0.1342,conus-2023-grid
01117,0.001074,0.0003436,0.1792,conus-2023-grid
01119,0.001162,0.0003926,0.1753,conus-2023-grid
01121,0.0009669,0.0003038,0.1523,conus-2023-grid
01123,0.0005462,0.0001521,0.09692,conus-2023-grid
01125,0.001463,0.0004882,0.1654,conus-2023-grid
01127,0.001382,0.0004198,0.1401,conus-2023-grid
01129,0.0003698,0.000109,0.1061,conus-2023-grid
01131,0.000485,0.000133,0.1553,conus-2023-grid
01133,0.001466,0.0004343,0.2407,conus-2023-grid
02013,0.02692,0.00788,0.9875,alaska-2023-grid
02016,0.06336,0.02052,0.9995,alaska-2023-grid
02020,0.04542,0.01785,0.9898,alaska-2023-grid
02050,0.0001373,0.00003385,0.05707,alaska-2023-grid
02060,0.006926,0.001609,0.9855,alaska-2023-grid
02063,0.03256,0.01597,0.9948,alaska-2023-grid
02066,0.01672,0.006235,0.8438,alaska-2023-grid
02068,0.03829,0.01217,0.9985,alaska-2023-grid
02070,0.0009359,0.0001519,0.6315,alaska-2023-grid
02090,0.00763,0.001962,0.8053,alaska-2023-grid
02100,0.01698,0.00464,0.7941,alaska-2023-grid
02105,0.01605,0.003774,0.9681,alaska-2023-grid
02110,0.00249,0.0007601,0.256,alaska-2023-grid
02122,0.05128,0.01871,1,alaska-2023-grid
02130,0.001301,0.0005106,0.1919,alaska-2023-grid
02150,0.04782,0.01883,0.9988,alaska-2023-grid
02158,0.0001603,0.00004535,0.02937,alaska-2023-grid
02164,0.02347,0.006974,0.9993,alaska-2023-grid
02170,0.04299,0.0154,0.9916,alaska-2023-grid
02180,0.002321,0.0006405,0.282,alaska-2023-grid
02185,0.0002072,0.00005648,0.05999,alaska-2023-grid
02188,0.001712,0.000418,0.3791,alaska-2023-grid
02195,0.001452,0.000534,0.1617,alaska-2023-grid
02198,0.00201,0.0003067,0.2305,alaska-2023-grid
02220,0.00683,0.001489,0.7063,alaska-2023-grid
02230,0.008769,0.00235,0.5233,alaska-2023-grid
02240,0.003327,0.000628,0.6751,alaska-2023-grid
02275,0.001381,0.0005212,0.1647,alaska-2023-grid
02282,0.06226,0.02233,1,alaska-2023-grid
02290,0.009793,0.002806,0.7576,alaska-2023-grid
04001,0.00106,0.0003811,0.1203,conus-2023-grid
04003,0.0001926,0.00004281,0.07148,conus-2023-grid
04005,0.002102,0.0008718,0.2325,conus-2023-grid
04007,0.000287,0.00006845,0.04845,conus-2023-grid
04009,0.0002049,0.00005563,0.08541,conus-2023-grid
04011,0.0001827,0.00004216,0.02344,conus-2023-grid
04012,0.0001722,0.0000148,0.1814,conus-2023-grid
04013,0.00008438,0.0000178,0.2082,conus-2023-grid
04015,0.0003619,0.00008403,0.1152,conus-2023-grid
04017,0.001222,0.0004584,0.1533,conus-2023-grid
04019,0.0001188,0.00003016,0.01949,conus-2023-grid
04021,0.0001178,0.00002801,0.05908,conus-2023-grid
04023,0.0001556,0.00004304,0.03828,conus-2023-grid
04025,0.0004882,0.0001434,0.05998,conus-2023-grid
04027,0.0009055,0.0001117,0.8865,conus-2023-grid
05001,0.00231,0.0008836,0.3211,conus-2023-grid
05003,0.001204,0.0004452,0.2157,conus-2023-grid
05005,0.002617,0.0008908,0.2343,conus-2023-grid
05007,0.0006259,0.0001479,0.1655,conus-2023-grid
05009,0.001592,0.000485,0.1679,conus-2023-grid
05011,0.001398,0.0005718,0.2237,conus-2023-grid
05013,0.001283,0.0004799,0.2176,conus-2023-grid
05015,0.0011,0.000303,0.136,conus-2023-grid
05017,0.001298,0.0004543,0.2383,conus-2023-grid
05019,0.001131,0.0003209,0.2121,conus-2023-grid
05021,0.009234,0.004117,0.5842,conus-2023-grid
05023,0.003891,0.0015,0.3103,conus-2023-grid
05025,0.001643,0.0005787,0.2514,conus-2023-grid
05027,0.000641,0.000159,0.1666,conus-2023-grid
05029,0.002815,0.0009854,0.3026,conus-2023-grid
05031,0.0088,0.004293,0.5974,conus-2023-grid
05033,0.0007486,0.0001899,0.169,conus-2023-grid
05035,0.006892,0.003637,0.5547,conus-2023-grid
05037,0.006163,0.003365,0.5117,conus-2023-grid
05039,0.001427,0.0004564,0.2515,conus-2023-grid
05041,0.00179,0.0006146,0.2842,conus-2023-grid
05043,0.001612,0.0006428,0.2514,conus-2023-grid
05045,0.004931,0.002301,0.4251,conus-2023-grid
05047,0.0009456,0.0002487,0.1088,conus-2023-grid
05049,0.003749,0.0014,0.3427,conus-2023-grid
05051,0.001443,0.000431,0.1454,conus-2023-grid
05053,0.001777,0.0005697,0.2365,conus-2023-grid
05055,0.008475,0.003817,0.5948,conus-2023-grid
05057,0.0007067,0.0001789,0.1457,conus-2023-grid
05059,0.001455,0.000437,0.1746,conus-2023-grid
05061,0.0007132,0.0001852,0.1616,conus-2023-grid
05063,0.004554,0.001899,0.3794,conus-2023-grid
05065,0.003607,0.001353,0.3565,conus-2023-grid
05067,0.005161,0.002346,0.4943,conus-2023-grid
05069,0.002021,0.0006943,0.3022,conus-2023-grid
05071,0.00132,0.000379,0.1397,conus-2023-grid
05073,0.0005314,0.0001273,0.1479,conus-2023-grid
05075,0.006321,0.002738,0.5325,conus-2023-grid
05077,0.003891,0.001873,0.4189,conus-2023-grid
05079,0.001799,0.000616,0.2812,conus-2023-grid
05081,0.0005179,0.0001274,0.1498,conus-2023-grid
05083,0.001063,0.0002869,0.1192,conus-2023-grid
05085,0.002852,0.001071,0.3556,conus-2023-grid
05087,0.001024,0.0002761,0.1182,conus-2023-grid
05089,0.002104,0.0006826,0.1924,conus-2023-grid
05091,0.0004791,0.0001143,0.1337,conus-2023-grid
05093,0.01241,0.006591,0.7114,conus-2023-grid
05095,0.003165,0.001391,0.3791,conus-2023-grid
05097,0.001014,0.000281,0.1259,conus-2023-grid
05099,0.0008429,0.0002224,0.1791,conus-2023-grid
05101,0.001573,0.0004778,0.1576,conus-2023-grid
05103,0.001064,0.0003284,0.1786,conus-2023-grid
05105,0.001944,0.0006185,0.2759,conus-2023-grid
05107,0.002839,0.00122,0.3537,conus-2023-grid
05109,0.0008991,0.0002449,0.1214,conus-2023-grid
05111,0.008333,0.004438,0.5615,conus-2023-grid
05113,0.0007254,0.0001941,0.08699,conus-2023-grid
05115,0.001927,0.0006131,0.1759,conus-2023-grid
05117,0.003154,0.001295,0.372,conus-2023-grid
05119,0.002747,0.0009694,0.238,conus-2023-grid
05121,0.006928,0.002977,0.5072,conus-2023-grid
05123,0.004894,0.00255,0.4352,conus-2023-grid
05125,0.00201,0.0006518,0.1928,conus-2023-grid
05127,0.0008315,0.00022,0.1079,conus-2023-grid
05129,0.002287,0.0007604,0.2234,conus-2023-grid
05131,0.0007519,0.0001946,0.1488,conus-2023-grid
05133,0.0006079,0.0001541,0.1416,conus-2023-grid
05135,0.005044,0.002058,0.447,conus-2023-grid
05137,0.003243,0.001183,0.2613,conus-2023-grid
05139,0.0008597,0.0002428,0.1784,conus-2023-grid
05141,0.002961,0.001048,0.2417,conus-2023-grid
05143,0.0007097,0.0001754,0.1067,conus-2023-grid
05145,0.00428,0.001763,0.4076,conus-2023-grid
05147,0.004289,0.001991,0.4278,conus-2023-grid
05149,0.001318,0.0003762,0.1373,conus-2023-grid
06001,0.04134,0.01616,1,conus-2023-grid
06003,0.007309,0.00215,0.5984,conus-2023-grid
06005,0.001389,0.0002005,0.3293,conus-2023-grid
06007,0.006061,0.001581,0.6531,conus-2023-grid
06009,0.001292,0.00017,0.2803,conus-2023-grid
06011,0.01156,0.002917,0.9941,conus-2023-grid
06013,0.03598,0.0126,0.9866,conus-2023-grid
06015,0.008701,0.004092,0.6702,conus-2023-grid
06017,0.002506,0.0004537,0.4091,conus-2023-grid
06019,0.005383,0.001142,0.9388,conus-2023-grid
06021,0.01031,0.002501,0.8619,conus-2023-grid
06023,0.03645,0.01231,0.9843,conus-2023-grid
06025,0.02948,0.009692,1,conus-2023-grid
06027,0.007773,0.002681,0.8325,conus-2023-grid
06029,0.01693,0.004671,0.952,conus-2023-grid
06031,0.01703,0.004529,0.9995,conus-2023-grid
06033,0.02936,0.008764,0.957,conus-2023-grid
06035,0.003272,0.0008643,0.3602,conus-2023-grid
06037,0.03355,0.0117,0.9681,conus-2023-grid
06039,0.004098,0.000869,0.4785,conus-2023-grid
06041,0.02462,0.01109,0.936,conus-2023-grid
06043,0.002885,0.0005731,0.4013,conus-2023-grid
06045,0.02968,0.01146,0.9891,conus-2023-grid
06047,0.01191,0.00259,0.9975,conus-2023-grid
06049,0.001526,0.0003457,0.2042,conus-2023-grid
06051,0.01515,0.004528,0.8599,conus-2023-grid
06053,0.03268,0.008598,0.9995,conus-2023-grid
06055,0.02651,0.009015,0.9523,conus-2023-grid
06057,0.00433,0.0009119,0.5885,conus-2023-grid
06059,0.02022,0.005555,0.9996,conus-2023-grid
06061,0.003265,0.0006423,0.4087,conus-2023-grid
06063,0.01003,0.003316,0.8732,conus-2023-grid
06065,0.02885,0.01062,0.9573,conus-2023-grid
06067,0.003857,0.0006365,0.7733,conus-2023-grid
06069,0.09629,0.03875,1,conus-2023-grid
06071,0.01326,0.003827,0.9767,conus-2023-grid
06073,0.01475,0.00344,0.9281,conus-2023-grid
06075,0.009936,0.002572,0.8047,conus-2023-grid
06077,0.00848,0.001721,0.9907,conus-2023-grid
06079,0.01567,0.004301,0.8716,conus-2023-grid
06081,0.02539,0.01018,0.9899,conus-2023-grid
06083,0.014,0.005253,0.9226,conus-2023-grid
06085,0.05869,0.02144,0.9998,conus-2023-grid
06087,0.03959,0.01384,0.9997,conus-2023-grid
06089,0.00625,0.001778,0.5545,conus-2023-grid
06091,0.00785,0.002243,0.6181,conus-2023-grid
06093,0.003271,0.0009973,0.4139,conus-2023-grid
06095,0.01966,0.005836,0.9985,conus-2023-grid
06097,0.03662,0.01344,0.9791,conus-2023-grid
06099,0.009269,0.001877,0.9951,conus-2023-grid
06101,0.004913,0.0009725,0.9671,conus-2023-grid
06103,0.007113,0.002278,0.9213,conus-2023-grid
06105,0.01308,0.003987,0.7952,conus-2023-grid
06107,0.003707,0.0006972,0.848,conus-2023-grid
06109,0.002619,0.000489,0.6098,conus-2023-grid
06111,0.02565,0.01037,0.9968,conus-2023-grid
06113,0.01095,0.002877,0.9246,conus-2023-grid
06115,0.003738,0.0009878,0.4381,conus-2023-grid
08001,0.0006834,0.0002496,0.1011,conus-2023-grid
08003,0.00052,0.000178,0.1695,conus-2023-grid
08005,0.0007827,0.0003156,0.1092,conus-2023-grid
08007,0.0005948,0.000155,0.1052,conus-2023-grid
08009,0.0003586,0.0001133,0.05383,conus-2023-grid
08011,0.0004196,0.000165,0.06809,conus-2023-grid
08013,0.001063,0.0004105,0.08795,conus-2023-grid
08014,0.0008461,0.0003037,0.08766,conus-2023-grid
08015,0.0004548,0.0001109,0.05115,conus-2023-grid
08017,0.0003227,0.0001256,0.05562,conus-2023-grid
08019,0.0008428,0.0002462,0.07656,conus-2023-grid
08021,0.0003961,0.00008351,0.1248,conus-2023-grid
08023,0.0006259,0.0002942,0.1186,conus-2023-grid
08025,0.0005228,0.0002418,0.06412,conus-2023-grid
08027,0.0004546,0.000114,0.05444,conus-2023-grid
08029,0.000962,0.0002642,0.1367,conus-2023-grid
08031,0.0007565,0.0002658,0.1083,conus-2023-grid
08033,0.001107,0.0004273,0.1356,conus-2023-grid
08035,0.000675,0.0002358,0.06796,conus-2023-grid
08037,0.0008331,0.0002313,0.09076,conus-2023-grid
08039,0.0008399,0.0003815,0.06902,conus-2023-grid
08041,0.0006581,0.0002507,0.05931,conus-2023-grid
08043,0.0004085,0.00008965,0.04505,conus-2023-grid
08045,0.001369,0.0005261,0.1294,conus-2023-grid
08047,0.000945,0.0003252,0.08261,conus-2023-grid
08049,0.001286,0.0005058,0.1206,conus-2023-grid
08051,0.000543,0.0001247,0.0697,conus-2023-grid
08053,0.0005887,0.0001439,0.06312,conus-2023-grid
08055,0.0005237,0.0001602,0.05722,conus-2023-grid
08057,0.001236,0.0004377,0.1337,conus-2023-grid
08059,0.000707,0.0002265,0.06688,conus-2023-grid
08061,0.0003898,0.0001869,0.06259,conus-2023-grid
08063,0.0002594,0.00008039,0.05767,conus-2023-grid
08065,0.0005811,0.0001334,0.1749,conus-2023-grid
08067,0.0006654,0.000168,0.08663,conus-2023-grid
08069,0.001171,0.0004577,0.1045,conus-2023-grid
08071,0.0007915,0.0003596,0.08253,conus-2023-grid
08073,0.0004313,0.0001434,0.07749,conus-2023-grid
08075,0.0002372,0.00005929,0.05677,conus-2023-grid
08077,0.001338,0.0004807,0.1544,conus-2023-grid
08079,0.0004691,0.0001105,0.09512,conus-2023-grid
08081,0.001199,0.0003653,0.1225,conus-2023-grid
08083,0.0009969,0.0003638,0.1727,conus-2023-grid
08085,0.001242,0.0004748,0.1449,conus-2023-grid
08087,0.0003874,0.0001063,0.08789,conus-2023-grid
08089,0.0005542,0.0002296,0.06475,conus-2023-grid
08091,0.000901,0.0002692,0.09356,conus-2023-grid
08093,0.0005777,0.000164,0.1285,conus-2023-grid
08095,0.0001844,0.00004875,0.05038,conus-2023-grid
08097,0.0006223,0.0001464,0.06532,conus-2023-grid
08099,0.0003101,0.0001023,0.05609,conus-2023-grid
08101,0.000576,0.0002141,0.0756,conus-2023-grid
08103,0.00141,0.0005117,0.1546,conus-2023-grid
08105,0.000368,0.00007791,0.04183,conus-2023-grid
08107,0.001343,0.0005004,0.1366,conus-2023-grid
08109,0.0004309,0.0001047,0.1043,conus-2023-grid
08111,0.000688,0.0001721,0.06687,conus-2023-grid
08113,0.001185,0.000461,0.1001,conus-2023-grid
08115,0.0002026,0.00005472,0.05095,conus-2023-grid
08117,0.0009126,0.0002906,0.08562,conus-2023-grid
08119,0.000492,0.0001275,0.05196,conus-2023-grid
08121,0.0002628,0.00006648,0.05779,conus-2023-grid
08123,0.0006028,0.000198,0.0825,conus-2023-grid
08125,0.0001858,0.00004876,0.03348,conus-2023-grid
09110,0.001259,0.0004575,0.1203,conus-2023-grid
09120,0.001536,0.0005715,0.1169,conus-2023-grid
09130,0.001327,0.0005038,0.1198,conus-2023-grid
09140,0.001466,0.0005461,0.1088,conus-2023-grid
09150,0.001145,0.0003969,0.09151,conus-2023-grid
09160,0.001236,0.0004323,0.09506,conus-2023-grid
09170,0.001373,0.0005102,0.1427,conus-2023-grid
09180,0.001175,0.0004306,0.1296,conus-2023-grid
09190,0.001739,0.0006735,0.145,conus-2023-grid
10001,0.0007979,0.0002756,0.1214,conus-2023-grid
10003,0.001361,0.0005242,0.1646,conus-2023-grid
10005,0.0004516,0.0001355,0.0931,conus-2023-grid
11001,0.0008607,0.0002697,0.1251,conus-2023-grid
12001,0.0001124,0.00002809,0.06538,conus-2023-grid
12003,0.0001748,0.00004043,0.08674,conus-2023-grid
12005,0.00007992,0.00002306,0.05945,conus-2023-grid
12007,0.0001394,0.00003299,0.07161,conus-2023-grid
12009,0.00006103,0.00001914,0.02373,conus-2023-grid
12011,0.00005801,0.0000213,0.0164,conus-2023-grid
12013,0.00008794,0.00002426,0.07773,conus-2023-grid
12015,0.00005712,0.00002061,0.01946,conus-2023-grid
12017,0.00007158,0.00002146,0.03216,conus-2023-grid
12019,0.0001514,0.00003516,0.07617,conus-2023-grid
12021,0.00005994,0.00002202,0.01619,conus-2023-grid
12023,0.0001477,0.0000349,0.0831,conus-2023-grid
12027,0.00005917,0.00002076,0.02148,conus-2023-grid
12029,0.00008291,0.00002289,0.06345,conus-2023-grid
12031,0.0002078,0.00004752,0.0878,conus-2023-grid
12033,0.000146,0.00004012,0.0718,conus-2023-grid
12035,0.0001102,0.0000268,0.04329,conus-2023-grid
12037,0.00005932,0.00001767,0.06291,conus-2023-grid
12039,0.0001007,0.00002631,0.07686,conus-2023-grid
12041,0.0001045,0.00002682,0.07045,conus-2023-grid
12043,0.00005952,0.00002096,0.02,conus-2023-grid
12045,0.00006926,0.00002107,0.06199,conus-2023-grid
12047,0.0001578,0.00003721,0.08683,conus-2023-grid
12049,0.00006023,0.00002068,0.02361,conus-2023-grid
12051,0.00005983,0.00002149,0.01776,conus-2023-grid
12053,0.00006581,0.00002069,0.03131,conus-2023-grid
12055,0.00006016,0.00002071,0.02275,conus-2023-grid
12057,0.00005939,0.00002019,0.02565,conus-2023-grid
12059,0.0001181,0.0000301,0.07651,conus-2023-grid
12061,0.00005603,0.00001911,0.02449,conus-2023-grid
12063,0.0001073,0.00002753,0.07234,conus-2023-grid
12065,0.0001073,0.00002753,0.06356,conus-2023-grid
12067,0.000109,0.00002774,0.06009,conus-2023-grid
12069,0.00007721,0.00002227,0.03661,conus-2023-grid
12071,0.00005538,0.00002041,0.01757,conus-2023-grid
12073,0.0001011,0.0000264,0.02777,conus-2023-grid
12075,0.00008119,0.00002282,0.05741,conus-2023-grid
12077,0.0000838,0.00002344,0.07249,conus-2023-grid
12079,0.000127,0.00003122,0.06417,conus-2023-grid
12081,0.0000563,0.00001994,0.02263,conus-2023-grid
12083,0.00009078,0.00002433,0.03902,conus-2023-grid
12085,0.00005441,0.00001947,0.02001,conus-2023-grid
12086,0.0000591,0.00002211,0.01402,conus-2023-grid
12087,0.00006112,0.00002277,0.01449,conus-2023-grid
12089,0.0002547,0.00005926,0.09741,conus-2023-grid
12091,0.0001218,0.00003255,0.0828,conus-2023-grid
12093,0.0000586,0.00002021,0.02317,conus-2023-grid
12095,0.0000708,0.00002122,0.03355,conus-2023-grid
12097,0.00006321,0.00002036,0.0285,conus-2023-grid
12099,0.00005633,0.00002041,0.01756,conus-2023-grid
12101,0.00006213,0.00002026,0.02921,conus-2023-grid
12103,0.00005333,0.00001876,0.02459,conus-2023-grid
12105,0.00006337,0.00002075,0.02736,conus-2023-grid
12107,0.0001172,0.00002853,0.05139,conus-2023-grid
12109,0.0001492,0.00003434,0.05608,conus-2023-grid
12111,0.00005425,0.00001909,0.0222,conus-2023-grid
12113,0.0001457,0.00003915,0.03679,conus-2023-grid
12115,0.00005375,0.00001945,0.02086,conus-2023-grid
12117,0.0000737,0.0000213,0.03573,conus-2023-grid
12119,0.00007424,0.000022,0.03232,conus-2023-grid
12121,0.000129,0.00003141,0.07186,conus-2023-grid
12123,0.00009331,0.00002489,0.06868,conus-2023-grid
12125,0.0001422,0.00003367,0.07783,conus-2023-grid
12127,0.00008607,0.00002287,0.04102,conus-2023-grid
12129,0.00008198,0.00002289,0.0711,conus-2023-grid
12131,0.0001065,0.00002855,0.06812,conus-2023-grid
12133,0.00009994,0.00002662,0.05914,conus-2023-grid
13001,0.0005208,0.0001397,0.1441,conus-2023-grid
13003,0.0002756,0.00006477,0.1155,conus-2023-grid
13005,0.0004133,0.0001043,0.1317,conus-2023-grid
13007,0.0001509,0.00003566,0.09407,conus-2023-grid
13009,0.0007948,0.0002462,0.1331,conus-2023-grid
13011,0.001186,0.0003286,0.137,conus-2023-grid
13013,0.0009076,0.0002371,0.1545,conus-2023-grid
13015,0.001615,0.000533,0.2258,conus-2023-grid
13017,0.0003253,0.00007855,0.09958,conus-2023-grid
13019,0.0002307,0.00005365,0.09795,conus-2023-grid
13021,0.0005419,0.000154,0.09749,conus-2023-grid
13023,0.0004891,0.0001305,0.1421,conus-2023-grid
13025,0.0003938,0.00009915,0.1211,conus-2023-grid
13027,0.0001507,0.00003593,0.09082,conus-2023-grid
13029,0.001025,0.0003554,0.1805,conus-2023-grid
13031,0.001088,0.0003652,0.1957,conus-2023-grid
13033,0.00123,0.0003807,0.2166,conus-2023-grid
13035,0.0006015,0.0001607,0.1121,conus-2023-grid
13037,0.0001648,0.00003834,0.09752,conus-2023-grid
13039,0.0003502,0.00008648,0.1017,conus-2023-grid
13043,0.0008976,0.0002746,0.178,conus-2023-grid
13045,0.0007675,0.0002068,0.1566,conus-2023-grid
13047,0.002944,0.001106,0.2432,conus-2023-grid
13049,0.0002606,0.00006087,0.1035,conus-2023-grid
13051,0.001194,0.0004514,0.1916,conus-2023-grid
13053,0.0002884,0.00006922,0.1473,conus-2023-grid
13055,0.002238,0.0008206,0.2369,conus-2023-grid
13057,0.00136,0.0004072,0.1315,conus-2023-grid
13059,0.001006,0.0002806,0.1593,conus-2023-grid
13061,0.0001703,0.00003932,0.0769,conus-2023-grid
13063,0.000651,0.000165,0.1119,conus-2023-grid
13065,0.0002299,0.00005333,0.1034,conus-2023-grid
13067,0.0009885,0.000275,0.1828,conus-2023-grid
13069,0.0003349,0.00008096,0.1095,conus-2023-grid
13071,0.0001718,0.00004031,0.08649,conus-2023-grid
13073,0.00161,0.0005523,0.1563,conus-2023-grid
13075,0.0001935,0.00004507,0.1048,conus-2023-grid
13077,0.0005705,0.0001433,0.1095,conus-2023-grid
13079,0.0004321,0.0001128,0.09143,conus-2023-grid
13081,0.0002715,0.00006382,0.1035,conus-2023-grid
13083,0.002514,0.0009111,0.2027,conus-2023-grid
13085,0.001477,0.0004328,0.2222,conus-2023-grid
13087,0.0001171,0.0000292,0.08844,conus-2023-grid
13089,0.0007667,0.0001967,0.1441,conus-2023-grid
13091,0.0004359,0.000112,0.139,conus-2023-grid
13093,0.0003126,0.00007501,0.1385,conus-2023-grid
13095,0.0001806,0.00004196,0.1136,conus-2023-grid
13097,0.0008027,0.0002152,0.1499,conus-2023-grid
13099,0.0001433,0.00003399,0.09887,conus-2023-grid
13101,0.0001847,0.00004298,0.09594,conus-2023-grid
13103,0.001373,0.0005252,0.198,conus-2023-grid
13105,0.001542,0.00053,0.2286,conus-2023-grid
13107,0.0008604,0.0002509,0.1557,conus-2023-grid
13109,0.0008655,0.0002707,0.1603,conus-2023-grid
13111,0.002759,0.000969,0.2256,conus-2023-grid
13113,0.0005848,0.0001467,0.1418,conus-2023-grid
13115,0.001838,0.0006446,0.1567,conus-2023-grid
13117,0.001141,0.0003114,0.1168,conus-2023-grid
13119,0.001268,0.0003699,0.1762,conus-2023-grid
13121,0.0008122,0.0002133,0.1413,conus-2023-grid
13123,0.002312,0.000787,0.1866,conus-2023-grid
13125,0.00109,0.0003308,0.1527,conus-2023-grid
13127,0.0004911,0.0001332,0.1275,conus-2023-grid
13129,0.002226,0.0007952,0.2729,conus-2023-grid
13131,0.0001254,0.00003086,0.06827,conus-2023-grid
13133,0.001026,0.0003136,0.1429,conus-2023-grid
13135,0.0008749,0.0002258,0.1509,conus-2023-grid
13137,0.001487,0.0004348,0.1853,conus-2023-grid
13139,0.001155,0.0003114,0.1705,conus-2023-grid
13141,0.000988,0.00031,0.1611,conus-2023-grid
13143,0.001025,0.0003018,0.1228,conus-2023-grid
13145,0.0003776,0.00009771,0.08702,conus-2023-grid
13147,0.001389,0.0004317,0.1608,conus-2023-grid
13149,0.0005916,0.0001533,0.1024,conus-2023-grid
13151,0.0006184,0.0001585,0.1022,conus-2023-grid
13153,0.0004225,0.0001093,0.1472,conus-2023-grid
13155,0.0002758,0.00006498,0.1056,conus-2023-grid
13157,0.001015,0.0002721,0.1922,conus-2023-grid
13159,0.0006932,0.0001962,0.1075,conus-2023-grid
13161,0.0004556,0.0001183,0.1396,conus-2023-grid
13163,0.001016,0.0002951,0.2122,conus-2023-grid
13165,0.001124,0.0003519,0.1884,conus-2023-grid
13167,0.0007641,0.0002147,0.1732,conus-2023-grid
13169,0.000665,0.0001989,0.1509,conus-2023-grid
13171,0.0004992,0.0001297,0.1231,conus-2023-grid
13173,0.0002124,0.00004929,0.1056,conus-2023-grid
13175,0.0005768,0.0001571,0.1437,conus-2023-grid
13177,0.00022,0.00005075,0.1046,conus-2023-grid
13179,0.0008598,0.0002808,0.1615,conus-2023-grid
13181,0.001915,0.0007478,0.2043,conus-2023-grid
13183,0.0007052,0.0002113,0.1559,conus-2023-grid
13185,0.0001712,0.00004017,0.09746,conus-2023-grid
13187,0.001572,0.0004596,0.2031,conus-2023-grid
13189,0.001447,0.0004881,0.2008,conus-2023-grid
13191,0.0006707,0.0002023,0.116,conus-2023-grid
13193,0.000329,0.00007899,0.1473,conus-2023-grid
13195,0.001166,0.0003394,0.2069,conus-2023-grid
13197,0.0002941,0.00006959,0.1168,conus-2023-grid
13199,0.0004472,0.0001119,0.1146,conus-2023-grid
13201,0.0001328,0.00003203,0.09471,conus-2023-grid
13205,0.0001525,0.00003614,0.103,conus-2023-grid
13207,0.0005376,0.0001473,0.1292,conus-2023-grid
13209,0.0006186,0.0001728,0.1367,conus-2023-grid
13211,0.0008356,0.0002349,0.1323,conus-2023-grid
13213,0.002841,0.001042,0.2255,conus-2023-grid
13215,0.0003246,0.00008204,0.0877,conus-2023-grid
13217,0.000705,0.0001868,0.1481,conus-2023-grid
13219,0.0009286,0.0002563,0.1879,conus-2023-grid
13221,0.001231,0.0003889,0.1721,conus-2023-grid
13223,0.00108,0.0003176,0.1372,conus-2023-grid
13225,0.0004227,0.0001088,0.1378,conus-2023-grid
13227,0.001774,0.0005715,0.1537,conus-2023-grid
13229,0.0004016,0.000101,0.1246,conus-2023-grid
13231,0.0004691,0.0001179,0.1353,conus-2023-grid
13233,0.001317,0.0004199,0.1462,conus-2023-grid
13235,0.0003909,0.00009851,0.1112,conus-2023-grid
13237,0.0008314,0.0002517,0.1394,conus-2023-grid
13239,0.0002014,0.0000462,0.04993,conus-2023-grid
13241,0.001823,0.0005745,0.1567,conus-2023-grid
13243,0.0001892,0.00004347,0.1198,conus-2023-grid
13245,0.001433,0.0004595,0.16,conus-2023-grid
13247,0.000711,0.000183,0.1451,conus-2023-grid
13249,0.0002828,0.00006621,0.0881,conus-2023-grid
13251,0.001385,0.0004888,0.2077,conus-2023-grid
13253,0.0001167,0.00002909,0.09442,conus-2023-grid
13255,0.0005366,0.000136,0.1038,conus-2023-grid
13257,0.001399,0.0004155,0.1802,conus-2023-grid
13259,0.0002344,0.00005444,0.1018,conus-2023-grid
13261,0.0002505,0.00005794,0.1053,conus-2023-grid
13263,0.0003682,0.00009372,0.07746,conus-2023-grid
13265,0.001265,0.0004181,0.1506,conus-2023-grid
13267,0.0007337,0.0002171,0.1656,conus-2023-grid
13269,0.0003503,0.00008618,0.1259,conus-2023-grid
13271,0.0004159,0.0001059,0.103,conus-2023-grid
13273,0.0001993,0.00004583,0.106,conus-2023-grid
13275,0.0001371,0.00003318,0.06143,conus-2023-grid
13277,0.0002225,0.0000518,0.09299,conus-2023-grid
13279,0.0006645,0.0001894,0.1054,conus-2023-grid
13281,0.002077,0.0006556,0.1715,conus-2023-grid
13283,0.0006912,0.0001947,0.1565,conus-2023-grid
13285,0.0004693,0.0001194,0.1072,conus-2023-grid
13287,0.0002522,0.000059,0.1053,conus-2023-grid
13289,0.0005581,0.0001561,0.1191,conus-2023-grid
13291,0.002187,0.0007006,0.2366,conus-2023-grid
13293,0.0004267,0.0001091,0.1009,conus-2023-grid
13295,0.002644,0.0009884,0.2087,conus-2023-grid
13297,0.0008099,0.0002126,0.09867,conus-2023-grid
13299,0.0002868,0.00006769,0.1117,conus-2023-grid
13301,0.001251,0.0004051,0.1858,conus-2023-grid
13303,0.0008538,0.0002468,0.172,conus-2023-grid
13305,0.0005475,0.0001507,0.135,conus-2023-grid
13307,0.0002342,0.00005413,0.07551,conus-2023-grid
13309,0.0005315,0.0001434,0.1127,conus-2023-grid
13311,0.001562,0.0004547,0.1633,conus-2023-grid
13313,0.002901,0.001089,0.2855,conus-2023-grid
13315,0.0003254,0.00007857,0.1241,conus-2023-grid
13317,0.001634,0.0006047,0.19,conus-2023-grid
13319,0.0006874,0.0001995,0.1646,conus-2023-grid
13321,0.0002055,0.00004775,0.1036,conus-2023-grid
15001,0.1597,0.05699,1,hawaii-2021.R2-grid
15003,0.00189,0.00053,0.2829,hawaii-2021.R2-grid
15005,0.006121,0.001766,0.5323,hawaii-2021.R2-grid
15007,0.0002495,0.00006919,0.02965,hawaii-2021.R2-grid
15009,0.008957,0.002362,0.5889,hawaii-2021.R2-grid
16001,0.0001071,0.00001481,0.1378,conus-2023-grid
16003,0.001309,0.0003621,0.1788,conus-2023-grid
16005,0.001457,0.0003241,0.1757,conus-2023-grid
16007,0.00427,0.001353,0.7686,conus-2023-grid
16009,0.000332,0.00008884,0.09766,conus-2023-grid
16011,0.000849,0.0001764,0.4809,conus-2023-grid
16013,0.000376,0.0000673,0.1776,conus-2023-grid
16015,0.001117,0.0002646,0.207,conus-2023-grid
16017,0.0003426,0.00009095,0.04455,conus-2023-grid
16019,0.003392,0.0009424,0.352,conus-2023-grid
16021,0.0002258,0.0000514,0.02219,conus-2023-grid
16023,0.0005545,0.0001586,0.202,conus-2023-grid
16025,0.0007693,0.0001578,0.1101,conus-2023-grid
16027,0.000115,0.00001939,0.1409,conus-2023-grid
16029,0.006002,0.001711,0.7822,conus-2023-grid
16031,0.0003726,0.0000834,0.04825,conus-2023-grid
16033,0.001695,0.0003736,0.3614,conus-2023-grid
16035,0.0002441,0.00005953,0.0486,conus-2023-grid
16037,0.007612,0.002388,0.4523,conus-2023-grid
16039,0.0001942,0.00002989,0.04869,conus-2023-grid
16041,0.002619,0.0006678,0.5247,conus-2023-grid
16043,0.002945,0.0006361,0.5111,conus-2023-grid
16045,0.0005654,0.0001745,0.0902,conus-2023-grid
16047,0.0001516,0.00003241,0.1704,conus-2023-grid
16049,0.0003155,0.00007854,0.1197,conus-2023-grid
16051,0.0007655,0.0001355,0.5399,conus-2023-grid
16053,0.0001775,0.00004117,0.1747,conus-2023-grid
16055,0.0004648,0.0001306,0.0729,conus-2023-grid
16057,0.0002179,0.0000567,0.05913,conus-2023-grid
16059,0.001971,0.0004975,0.2573,conus-2023-grid
16061,0.000238,0.00006445,0.09961,conus-2023-grid
16063,0.0001827,0.00003722,0.2342,conus-2023-grid
16065,0.001865,0.0004445,0.4846,conus-2023-grid
16067,0.0001829,0.00003256,0.1891,conus-2023-grid
16069,0.0002209,0.00005757,0.02422,conus-2023-grid
16071,0.002499,0.0007952,0.1609,conus-2023-grid
16073,0.000261,0.00007849,0.09163,conus-2023-grid
16075,0.0003182,0.00006389,0.1,conus-2023-grid
16077,0.0005292,0.0001043,0.1311,conus-2023-grid
16079,0.0006906,0.000191,0.07686,conus-2023-grid
16081,0.003192,0.0007523,0.6617,conus-2023-grid
16083,0.0001981,0.00004498,0.2006,conus-2023-grid
16085,0.002768,0.0007142,0.3442,conus-2023-grid
16087,0.0009763,0.0002705,0.1594,conus-2023-grid
17001,0.0005117,0.0001055,0.1581,conus-2023-grid
17003,0.01069,0.005181,0.6693,conus-2023-grid
17005,0.003869,0.001403,0.3888,conus-2023-grid
17007,0.0003453,0.0001194,0.08142,conus-2023-grid
17009,0.0006336,0.0001365,0.1757,conus-2023-grid
17011,0.000478,0.0001546,0.1269,conus-2023-grid
17013,0.001665,0.0004725,0.2108,conus-2023-grid
17015,0.0002873,0.00009059,0.0891,conus-2023-grid
17017,0.0007571,0.0001701,0.1805,conus-2023-grid
17019,0.000856,0.0002178,0.1929,conus-2023-grid
17021,0.001583,0.0004327,0.2607,conus-2023-grid
17023,0.002105,0.0006825,0.2916,conus-2023-grid
17025,0.004294,0.001532,0.4163,conus-2023-grid
17027,0.004949,0.001907,0.4538,conus-2023-grid
17029,0.001705,0.0004946,0.2702,conus-2023-grid
17031,0.0003503,0.0001113,0.1063,conus-2023-grid
17033,0.00317,0.001135,0.3606,conus-2023-grid
17035,0.002289,0.0007087,0.3135,conus-2023-grid
17037,0.0004995,0.0001809,0.1128,conus-2023-grid
17039,0.0007755,0.0001805,0.1869,conus-2023-grid
17041,0.001273,0.0003478,0.2356,conus-2023-grid
17043,0.0004442,0.0001535,0.1145,conus-2023-grid
17045,0.001416,0.0004259,0.2397,conus-2023-grid
17047,0.006635,0.002954,0.4712,conus-2023-grid
17049,0.002993,0.0009636,0.273,conus-2023-grid
17051,0.003341,0.00114,0.3734,conus-2023-grid
17053,0.0005856,0.0001457,0.1603,conus-2023-grid
17055,0.006486,0.002662,0.5255,conus-2023-grid
17057,0.0004905,0.0001079,0.1418,conus-2023-grid
17059,0.006869,0.002939,0.5338,conus-2023-grid
17061,0.001525,0.0004179,0.2209,conus-2023-grid
17063,0.0005318,0.0001695,0.135,conus-2023-grid
17065,0.006628,0.002733,0.5063,conus-2023-grid
17067,0.0003621,0.00007326,0.1196,conus-2023-grid
17069,0.006716,0.002856,0.4235,conus-2023-grid
17071,0.0003018,0.00006642,0.1129,conus-2023-grid
17073,0.0003553,0.0001009,0.1001,conus-2023-grid
17075,0.0005252,0.0001349,0.15,conus-2023-grid
17077,0.006484,0.002731,0.5223,conus-2023-grid
17079,0.003313,0.001148,0.3724,conus-2023-grid
17081,0.005682,0.002216,0.4745,conus-2023-grid
17083,0.002279,0.0007211,0.2899,conus-2023-grid
17085,0.0001936,0.00005793,0.03069,conus-2023-grid
17087,0.008219,0.003792,0.5978,conus-2023-grid
17089,0.0004729,0.0001698,0.1011,conus-2023-grid
17091,0.0004599,0.0001291,0.1188,conus-2023-grid
17093,0.0005372,0.0001872,0.07857,conus-2023-grid
17095,0.0003823,0.00009386,0.07399,conus-2023-grid
17097,0.0003126,0.0001014,0.0391,conus-2023-grid
17099,0.0005575,0.0001859,0.1233,conus-2023-grid
17101,0.004563,0.001809,0.4145,conus-2023-grid
17103,0.0004854,0.0001709,0.1163,conus-2023-grid
17105,0.0005385,0.0001467,0.1335,conus-2023-grid
17107,0.0007781,0.0001782,0.1879,conus-2023-grid
17109,0.0004209,0.00008904,0.1379,conus-2023-grid
17111,0.0003396,0.0001171,0.08426,conus-2023-grid
17113,0.0006148,0.0001463,0.1661,conus-2023-grid
17115,0.001082,0.0002652,0.2208,conus-2023-grid
17117,0.00212,0.0006472,0.2992,conus-2023-grid
17119,0.00387,0.001434,0.3934,conus-2023-grid
17121,0.004788,0.001816,0.4415,conus-2023-grid
17123,0.0005026,0.000143,0.09094,conus-2023-grid
17125,0.0006359,0.0001411,0.1731,conus-2023-grid
17127,0.008394,0.003914,0.5578,conus-2023-grid
17129,0.0008072,0.0001847,0.1591,conus-2023-grid
17131,0.0002762,0.00006934,0.1051,conus-2023-grid
17133,0.004945,0.001951,0.4306,conus-2023-grid
17135,0.002463,0.0007824,0.3128,conus-2023-grid
17137,0.001028,0.0002491,0.1977,conus-2023-grid
17139,0.001438,0.0003841,0.2481,conus-2023-grid
17141,0.000399,0.0001381,0.07417,conus-2023-grid
17143,0.0004644,0.0001136,0.1041,conus-2023-grid
17145,0.005772,0.00229,0.4947,conus-2023-grid
17147,0.0009455,0.000232,0.2026,conus-2023-grid
17149,0.0008487,0.0001955,0.1529,conus-2023-grid
17151,0.007613,0.003388,0.4664,conus-2023-grid
17153,0.01016,0.004974,0.6468,conus-2023-grid
17155,0.000514,0.000159,0.06316,conus-2023-grid
17157,0.005577,0.00223,0.492,conus-2023-grid
17159,0.005064,0.002033,0.4499,conus-2023-grid
17161,0.0002725,0.00007441,0.06993,conus-2023-grid
17163,0.00496,0.001946,0.4307,conus-2023-grid
17165,0.007605,0.003395,0.5637,conus-2023-grid
17167,0.001135,0.0002823,0.2214,conus-2023-grid
17169,0.0005535,0.0001176,0.1642,conus-2023-grid
17171,0.001016,0.0002451,0.1954,conus-2023-grid
17173,0.001962,0.000564,0.2221,conus-2023-grid
17175,0.0004321,0.000119,0.1315,conus-2023-grid
17177,0.0002568,0.00008181,0.06117,conus-2023-grid
17179,0.0005617,0.0001298,0.1535,conus-2023-grid
17181,0.008126,0.003748,0.5452,conus-2023-grid
17183,0.0008268,0.0002234,0.1158,conus-2023-grid
17185,0.006322,0.002839,0.4818,conus-2023-grid
17187,0.0003379,0.00007758,0.1281,conus-2023-grid
17189,0.005407,0.002102,0.4722,conus-2023-grid
17191,0.00554,0.002102,0.4791,conus-2023-grid
17193,0.006439,0.002613,0.5211,conus-2023-grid
17195,0.0003554,0.0001131,0.09357,conus-2023-grid
17197,0.0004655,0.0001471,0.1163,conus-2023-grid
17199,0.007255,0.003162,0.5137,conus-2023-grid
17201,0.0003164,0.0001067,0.08391,conus-2023-grid
17203,0.000525,0.0001347,0.1363,conus-2023-grid
18001,0.0006779,0.0002142,0.1445,conus-2023-grid
18003,0.0005407,0.0001697,0.1117,conus-2023-grid
18005,0.000955,0.0002768,0.2055,conus-2023-grid
18007,0.0005523,0.0001453,0.1536,conus-2023-grid
18009,0.0005559,0.000156,0.1323,conus-2023-grid
18011,0.0007685,0.0002265,0.179,conus-2023-grid
18013,0.001151,0.0003445,0.1456,conus-2023-grid
18015,0.0005055,0.0001355,0.1446,conus-2023-grid
18017,0.0004381,0.0001152,0.1118,conus-2023-grid
18019,0.0009721,0.0002527,0.1525,conus-2023-grid
18021,0.00163,0.0005384,0.2033,conus-2023-grid
18023,0.0006243,0.0001755,0.1625,conus-2023-grid
18025,0.00168,0.0004872,0.1737,conus-2023-grid
18027,0.002543,0.0008479,0.3119,conus-2023-grid
18029,0.0006256,0.000164,0.1504,conus-2023-grid
18031,0.0007542,0.00021,0.1544,conus-2023-grid
18033,0.0005159,0.0001709,0.1108,conus-2023-grid
18035,0.0005652,0.0001543,0.1509,conus-2023-grid
18037,0.002415,0.0007723,0.2323,conus-2023-grid
18039,0.0003445,0.0001033,0.07833,conus-2023-grid
18041,0.0006149,0.0001661,0.1083,conus-2023-grid
18043,0.001125,0.0002971,0.1532,conus-2023-grid
18045,0.0008612,0.0002512,0.1334,conus-2023-grid
18047,0.0006147,0.0001637,0.1222,conus-2023-grid
18049,0.0003716,0.00009759,0.1226,conus-2023-grid
18051,0.005035,0.001979,0.4607,conus-2023-grid
18053,0.0005032,0.0001367,0.1434,conus-2023-grid
18055,0.001968,0.0006494,0.2857,conus-2023-grid
18057,0.0006649,0.0001884,0.1668,conus-2023-grid
18059,0.000701,0.0001996,0.1734,conus-2023-grid
18061,0.001306,0.0003531,0.2097,conus-2023-grid
18063,0.0009703,0.0002996,0.1862,conus-2023-grid
18065,0.0006056,0.0001652,0.1552,conus-2023-grid
18067,0.0005126,0.0001386,0.1459,conus-2023-grid
18069,0.0004774,0.0001345,0.07411,conus-2023-grid
18071,0.001111,0.0003151,0.217,conus-2023-grid
18073,0.0004026,0.0001042,0.123,conus-2023-grid
18075,0.0006869,0.0002072,0.1519,conus-2023-grid
18077,0.000801,0.0002084,0.196,conus-2023-grid
18079,0.0008575,0.0002345,0.1767,conus-2023-grid
18081,0.0009482,0.0002842,0.1974,conus-2023-grid
18083,0.003517,0.001271,0.3425,conus-2023-grid
18085,0.0003722,0.0001041,0.117,conus-2023-grid
18087,0.0004123,0.0001344,0.08679,conus-2023-grid
18089,0.0003585,0.0001012,0.1111,conus-2023-grid
18091,0.0003,0.00008114,0.108,conus-2023-grid
18093,0.001517,0.0004527,0.2325,conus-2023-grid
18095,0.0005832,0.0001599,0.1568,conus-2023-grid
18097,0.0008257,0.000245,0.182,conus-2023-grid
18099,0.000332,0.00008947,0.1126,conus-2023-grid
18101,0.002012,0.0006318,0.2604,conus-2023-grid
18103,0.0004316,0.0001144,0.07165,conus-2023-grid
18105,0.001379,0.0004259,0.2294,conus-2023-grid
18107,0.0008758,0.0002641,0.1433,conus-2023-grid
18109,0.001132,0.000352,0.16,conus-2023-grid
18111,0.0004373,0.0001137,0.126,conus-2023-grid
18113,0.0004305,0.0001344,0.09619,conus-2023-grid
18115,0.0006505,0.0001696,0.1011,conus-2023-grid
18117,0.001654,0.0004859,0.1616,conus-2023-grid
18119,0.001513,0.0004899,0.197,conus-2023-grid
18121,0.0012,0.0003782,0.1524,conus-2023-grid
18123,0.00203,0.0006135,0.1908,conus-2023-grid
18125,0.003403,0.001192,0.3429,conus-2023-grid
18127,0.0003214,0.0000877,0.1021,conus-2023-grid
18129,0.005762,0.002287,0.4415,conus-2023-grid
18131,0.0003753,0.00009707,0.1255,conus-2023-grid
18133,0.001194,0.0003818,0.1323,conus-2023-grid
18135,0.0006437,0.0001829,0.1466,conus-2023-grid
18137,0.0007007,0.0001862,0.08503,conus-2023-grid
18139,0.0006799,0.0001897,0.1615,conus-2023-grid
18141,0.0003018,0.00008504,0.09949,conus-2023-grid
18143,0.0009667,0.000257,0.1854,conus-2023-grid
18145,0.0008113,0.0002358,0.1842,conus-2023-grid
18147,0.002978,0.00101,0.2878,conus-2023-grid
18149,0.0003321,0.00008717,0.1023,conus-2023-grid
18151,0.000488,0.0001674,0.09882,conus-2023-grid
18153,0.002436,0.0008403,0.313,conus-2023-grid
18155,0.0006781,0.0001755,0.1518,conus-2023-grid
18157,0.0006321,0.000176,0.08498,conus-2023-grid
18159,0.0005681,0.0001563,0.1563,conus-2023-grid
18161,0.0005818,0.0001548,0.1212,conus-2023-grid
18163,0.004928,0.001913,0.3948,conus-2023-grid
18165,0.001154,0.0003482,0.2183,conus-2023-grid
18167,0.001737,0.0005708,0.2645,conus-2023-grid
18169,0.000431,0.0001164,0.1269,conus-2023-grid
18171,0.0006954,0.0001901,0.1507,conus-2023-grid
18173,0.003785,0.001373,0.3645,conus-2023-grid
18175,0.001232,0.0003407,0.1814,conus-2023-grid
18177,0.0005947,0.0001607,0.1251,conus-2023-grid
18179,0.0005541,0.0001629,0.1379,conus-2023-grid
18181,0.0004638,0.0001214,0.1404,conus-2023-grid
18183,0.0004367,0.0001276,0.1086,conus-2023-grid
19001,0.00008023,0.00002135,0.0436,conus-2023-grid
19003,0.0000927,0.00002506,0.04726,conus-2023-grid
19005,0.00005579,0.00001564,0.02294,conus-2023-grid
19007,0.0001416,0.0000289,0.06951,conus-2023-grid
19009,0.0000774,0.00002212,0.02285,conus-2023-grid
19011,0.00009181,0.00002323,0.03719,conus-2023-grid
19013,0.00006794,0.00001798,0.05257,conus-2023-grid
19015,0.00006388,0.00001766,0.01621,conus-2023-grid
19017,0.0000575,0.00001573,0.05402,conus-2023-grid
19019,0.00008044,0.00002135,0.03368,conus-2023-grid
19021,0.00007768,0.00002415,0.04313,conus-2023-grid
19023,0.00005394,0.00001496,0.04467,conus-2023-grid
19025,0.00006656,0.00001997,0.05135,conus-2023-grid
19027,0.00007297,0.00002147,0.03029,conus-2023-grid
19029,0.00008453,0.00002362,0.03541,conus-2023-grid
19031,0.0001756,0.00004673,0.07577,conus-2023-grid
19033,0.00004774,0.00001408,0.03601,conus-2023-grid
19035,0.00009687,0.00003036,0.0445,conus-2023-grid
19037,0.00005038,0.00001414,0.04643,conus-2023-grid
19039,0.00009449,0.00002201,0.05541,conus-2023-grid
19041,0.0000783,0.00002471,0.04132,conus-2023-grid
19043,0.00007747,0.00002137,0.0536,conus-2023-grid
19045,0.0002273,0.00006569,0.07494,conus-2023-grid
19047,0.00008649,0.00002592,0.01894,conus-2023-grid
19049,0.00007096,0.0000189,0.01866,conus-2023-grid
19051,0.0001687,0.00003389,0.08233,conus-2023-grid
19053,0.0001088,0.00002426,0.05442,conus-2023-grid
19055,0.00009904,0.00002689,0.0481,conus-2023-grid
19057,0.0002578,0.00005684,0.05767,conus-2023-grid
19059,0.00008063,0.00002573,0.03326,conus-2023-grid
19061,0.0001269,0.00003569,0.05449,conus-2023-grid
19063,0.00006513,0.00002063,0.04072,conus-2023-grid
19065,0.00006301,0.00001724,0.04503,conus-2023-grid
19067,0.00004786,0.00001372,0.0362,conus-2023-grid
19069,0.00005215,0.0000149,0.03431,conus-2023-grid
19071,0.0001289,0.00004184,0.06805,conus-2023-grid
19073,0.00006621,0.00001896,0.04909,conus-2023-grid
19075,0.000062,0.00001655,0.04467,conus-2023-grid
19077,0.00007261,0.00002016,0.04212,conus-2023-grid
19079,0.00005775,0.00001639,0.04725,conus-2023-grid
19081,0.00005073,0.00001535,0.04167,conus-2023-grid
19083,0.00005842,0.00001601,0.04658,conus-2023-grid
19085,0.0001057,0.00003176,0.01674,conus-2023-grid
19087,0.000211,0.00004568,0.07348,conus-2023-grid
19089,0.00004415,0.00001274,0.03515,conus-2023-grid
19091,0.00005747,0.00001741,0.04745,conus-2023-grid
19093,0.00009099,0.00002797,0.02562,conus-2023-grid
19095,0.0001151,0.00002748,0.05656,conus-2023-grid
19097,0.0001866,0.00005392,0.08168,conus-2023-grid
19099,0.00008112,0.00001969,0.06988,conus-2023-grid
19101,0.0001731,0.00003657,0.07182,conus-2023-grid
19103,0.0001451,0.00003595,0.07525,conus-2023-grid
19105,0.000143,0.00003903,0.0656,conus-2023-grid
19107,0.0001324,0.00002951,0.06367,conus-2023-grid
19109,0.00005604,0.00001743,0.04347,conus-2023-grid
19111,0.000267,0.00005438,0.1077,conus-2023-grid
19113,0.0001146,0.00002974,0.06935,conus-2023-grid
19115,0.0002145,0.00005065,0.1049,conus-2023-grid
19117,0.0001043,0.0000231,0.06849,conus-2023-grid
19119,0.0001335,0.00004358,0.04154,conus-2023-grid
19121,0.0000804,0.00002024,0.05954,conus-2023-grid
19123,0.0001104,0.00002459,0.0458,conus-2023-grid
19125,0.00009552,0.0000218,0.02888,conus-2023-grid
19127,0.00006992,0.0000179,0.04601,conus-2023-grid
19129,0.0001109,0.00003386,0.03036,conus-2023-grid
19131,0.00004369,0.00001287,0.03463,conus-2023-grid
19133,0.0001152,0.00003555,0.01631,conus-2023-grid
19135,0.0001202,0.00002568,0.03544,conus-2023-grid
19137,0.0001008,0.00002938,0.036,conus-2023-grid
19139,0.0002038,0.00005194,0.08235,conus-2023-grid
19141,0.00009732,0.00003091,0.03167,conus-2023-grid
19143,0.0000989,0.00003174,0.03804,conus-2023-grid
19145,0.0001167,0.00003523,0.04914,conus-2023-grid
19147,0.00006498,0.00002032,0.04388,conus-2023-grid
19149,0.0001333,0.00004252,0.02726,conus-2023-grid
19151,0.00006573,0.0000202,0.04307,conus-2023-grid
19153,0.00007342,0.00001865,0.02617,conus-2023-grid
19155,0.00009736,0.00002852,0.03225,conus-2023-grid
19157,0.00009554,0.00002263,0.04035,conus-2023-grid
19159,0.0001032,0.00002497,0.04254,conus-2023-grid
19161,0.00007701,0.00002345,0.02404,conus-2023-grid
19163,0.0002474,0.00006917,0.08315,conus-2023-grid
19165,0.00008593,0.0000251,0.01778,conus-2023-grid
19167,0.0001298,0.00004171,0.04084,conus-2023-grid
19169,0.00006495,0.00001724,0.06087,conus-2023-grid
19171,0.00007778,0.00001961,0.0396,conus-2023-grid
19173,0.0001063,0.00002885,0.06521,conus-2023-grid
19175,0.00009013,0.0000225,0.07165,conus-2023-grid
19177,0.0002032,0.00004106,0.08602,conus-2023-grid
19179,0.0001421,0.0000299,0.06575,conus-2023-grid
19181,0.0000853,0.00002038,0.02966,conus-2023-grid
19183,0.0001618,0.00003712,0.09231,conus-2023-grid
19185,0.0001218,0.00002575,0.07758,conus-2023-grid
19187,0.00005991,0.00001762,0.05258,conus-2023-grid
19189,0.00004916,0.00001519,0.03329,conus-2023-grid
19191,0.00004903,0.00001384,0.03283,conus-2023-grid
19193,0.0001223,0.00003843,0.03979,conus-2023-grid
19195,0.00004499,0.0000136,0.03895,conus-2023-grid
19197,0.00005351,0.00001574,0.03898,conus-2023-grid
20001,0.0001931,0.00003911,0.09849,conus-2023-grid
20003,0.0001934,0.00004328,0.07737,conus-2023-grid
20005,0.0001891,0.00005709,0.0814,conus-2023-grid
20007,0.0002454,0.00007695,0.06547,conus-2023-grid
20009,0.000134,0.00004335,0.0634,conus-2023-grid
20011,0.0002434,0.0000478,0.1189,conus-2023-grid
20013,0.0001656,0.00005059,0.0673,conus-2023-grid
20015,0.000127,0.00003051,0.07605,conus-2023-grid
20017,0.0001513,0.00004332,0.06277,conus-2023-grid
20019,0.0001681,0.0000357,0.04414,conus-2023-grid
20021,0.0003052,0.00006019,0.1198,conus-2023-grid
20023,0.0001589,0.00004413,0.03429,conus-2023-grid
20025,0.0002375,0.0000715,0.05808,conus-2023-grid
20027,0.0001316,0.0000413,0.04607,conus-2023-grid
20029,0.0001074,0.00003212,0.03599,conus-2023-grid
20031,0.0001789,0.00004515,0.07424,conus-2023-grid
20033,0.0002443,0.00007381,0.04278,conus-2023-grid
20035,0.0001559,0.00003614,0.06741,conus-2023-grid
20037,0.0002693,0.0000522,0.1065,conus-2023-grid
20039,0.0001415,0.00004428,0.03398,conus-2023-grid
20041,0.0001382,0.0000432,0.05543,conus-2023-grid
20043,0.0001616,0.00004531,0.05535,conus-2023-grid
20045,0.00022,0.00006428,0.03618,conus-2023-grid
20047,0.0001515,0.00004464,0.06476,conus-2023-grid
20049,0.0001485,0.00003144,0.07321,conus-2023-grid
20051,0.0001472,0.00005176,0.04102,conus-2023-grid
20053,0.0001128,0.00003414,0.03362,conus-2023-grid
20055,0.000164,0.00004705,0.05725,conus-2023-grid
20057,0.0001716,0.00004981,0.0496,conus-2023-grid
20059,0.0002074,0.0000537,0.07361,conus-2023-grid
20061,0.0001825,0.00006326,0.02671,conus-2023-grid
20063,0.0001322,0.00003898,0.03714,conus-2023-grid
20065,0.0001297,0.00004091,0.04632,conus-2023-grid
20067,0.0002368,0.00007008,0.03516,conus-2023-grid
20069,0.0001783,0.0000517,0.0636,conus-2023-grid
20071,0.0002233,0.00006946,0.04218,conus-2023-grid
20073,0.000143,0.00003312,0.07008,conus-2023-grid
20075,0.0002374,0.00007182,0.03214,conus-2023-grid
20077,0.0002252,0.00006678,0.08149,conus-2023-grid
20079,0.0001194,0.0000321,0.06741,conus-2023-grid
20081,0.0002152,0.00006321,0.06067,conus-2023-grid
20083,0.0001453,0.00004284,0.05167,conus-2023-grid
20085,0.0002137,0.00007258,0.06997,conus-2023-grid
20087,0.0002166,0.00006797,0.06737,conus-2023-grid
20089,0.0001051,0.00003185,0.02691,conus-2023-grid
20091,0.0002193,0.00005513,0.08236,conus-2023-grid
20093,0.0001966,0.00005714,0.04961,conus-2023-grid
20095,0.0001709,0.00005008,0.0727,conus-2023-grid
20097,0.0001809,0.00005297,0.0656,conus-2023-grid
20099,0.0002324,0.00004526,0.1162,conus-2023-grid
20101,0.0001396,0.00004069,0.05845,conus-2023-grid
20103,0.0002088,0.00005907,0.08591,conus-2023-grid
20105,0.0001088,0.00003328,0.04128,conus-2023-grid
20107,0.0002283,0.00004768,0.07812,conus-2023-grid
20109,0.0001529,0.00004389,0.0247,conus-2023-grid
20111,0.0001914,0.00005908,0.07209,conus-2023-grid
20113,0.0001128,0.00003172,0.0693,conus-2023-grid
20115,0.0001271,0.00003587,0.0603,conus-2023-grid
20117,0.0001499,0.00004793,0.05604,conus-2023-grid
20119,0.0002527,0.00007753,0.03957,conus-2023-grid
20121,0.0002239,0.00005175,0.07214,conus-2023-grid
20123,0.0001044,0.00003166,0.04278,conus-2023-grid
20125,0.0001901,0.00003807,0.09293,conus-2023-grid
20127,0.0001815,0.00006065,0.06839,conus-2023-grid
20129,0.0003228,0.0001006,0.06114,conus-2023-grid
20131,0.0001683,0.00005418,0.06762,conus-2023-grid
20133,0.0002033,0.00003943,0.07718,conus-2023-grid
20135,0.0001408,0.00004409,0.05342,conus-2023-grid
20137,0.0001367,0.0000437,0.02126,conus-2023-grid
20139,0.0002189,0.0000679,0.06161,conus-2023-grid
20141,0.0001165,0.00003722,0.04457,conus-2023-grid
20143,0.0001099,0.0000327,0.06288,conus-2023-grid
20145,0.0001408,0.00004335,0.05238,conus-2023-grid
20147,0.0001229,0.0000382,0.03981,conus-2023-grid
20149,0.0002021,0.00007127,0.04697,conus-2023-grid
20151,0.0001718,0.00005145,0.06235,conus-2023-grid
20153,0.0001408,0.00004055,0.03643,conus-2023-grid
20155,0.0001338,0.00003891,0.07028,conus-2023-grid
20157,0.0001064,0.00003184,0.0469,conus-2023-grid
20159,0.0001185,0.00003503,0.06583,conus-2023-grid
20161,0.0001751,0.00006003,0.03535,conus-2023-grid
20163,0.0001276,0.00004158,0.03834,conus-2023-grid
20165,0.0001471,0.0000496,0.05526,conus-2023-grid
20167,0.0001319,0.00004463,0.0271,conus-2023-grid
20169,0.0001113,0.00003248,0.06667,conus-2023-grid
20171,0.0001523,0.00004358,0.05987,conus-2023-grid
20173,0.0001352,0.00003559,0.0769,conus-2023-grid
20175,0.0002803,0.00008628,0.05838,conus-2023-grid
20177,0.0002398,0.00008252,0.0603,conus-2023-grid
20179,0.0001298,0.00003884,0.03876,conus-2023-grid
20181,0.0001782,0.00005252,0.04113,conus-2023-grid
20183,0.0001121,0.00003445,0.02999,conus-2023-grid
20185,0.0001397,0.00004205,0.06596,conus-2023-grid
20187,0.000267,0.00008039,0.04842,conus-2023-grid
20189,0.0002948,0.00009093,0.0606,conus-2023-grid
20191,0.0001792,0.0000476,0.08,conus-2023-grid
20193,0.0001411,0.00004033,0.03876,conus-2023-grid
20195,0.0001395,0.00004572,0.04801,conus-2023-grid
20197,0.0002369,0.00008603,0.03424,conus-2023-grid
20199,0.0002037,0.00006274,0.04033,conus-2023-grid
20201,0.0001213,0.000037,0.04828,conus-2023-grid
20203,0.0001782,0.00005194,0.04807,conus-2023-grid
20205,0.0001681,0.00003377,0.05665,conus-2023-grid
20207,0.0001631,0.00003538,0.09509,conus-2023-grid
20209,0.0002117,0.00005466,0.05676,conus-2023-grid
21001,0.0009271,0.0002062,0.1187,conus-2023-grid
21003,0.001284,0.0003169,0.2098,conus-2023-grid
21005,0.0007912,0.0002032,0.1671,conus-2023-grid
21007,0.01154,0.005881,0.693,conus-2023-grid
21009,0.001129,0.0002639,0.1571,conus-2023-grid
21011,0.0008617,0.0002845,0.1284,conus-2023-grid
21013,0.002219,0.0008046,0.1744,conus-2023-grid
21015,0.0006234,0.0001664,0.0773,conus-2023-grid
21017,0.0008332,0.0002624,0.1591,conus-2023-grid
21019,0.0006611,0.0002064,0.1024,conus-2023-grid
21021,0.0008166,0.0001997,0.1001,conus-2023-grid
21023,0.0007338,0.0002341,0.1377,conus-2023-grid
21025,0.001009,0.0003058,0.138,conus-2023-grid
21027,0.001705,0.0004827,0.2616,conus-2023-grid
21029,0.001004,0.0002488,0.1428,conus-2023-grid
21031,0.001916,0.0005613,0.2941,conus-2023-grid
21033,0.004932,0.001966,0.3687,conus-2023-grid
21035,0.006166,0.002677,0.5251,conus-2023-grid
21037,0.0006263,0.00018,0.08496,conus-2023-grid
21039,0.01162,0.005717,0.6983,conus-2023-grid
21041,0.0007209,0.0001849,0.1089,conus-2023-grid
21043,0.0007158,0.0002264,0.08044,conus-2023-grid
21045,0.0008792,0.0002075,0.1068,conus-2023-grid
21047,0.003472,0.001272,0.3358,conus-2023-grid
21049,0.0008564,0.0002618,0.134,conus-2023-grid
21051,0.001377,0.0004429,0.1736,conus-2023-grid
21053,0.001117,0.0002643,0.1308,conus-2023-grid
21055,0.005932,0.002444,0.4728,conus-2023-grid
21057,0.001032,0.0002313,0.1549,conus-2023-grid
21059,0.003137,0.001084,0.3655,conus-2023-grid
21061,0.001352,0.0003469,0.1486,conus-2023-grid
21063,0.0007596,0.0002353,0.08867,conus-2023-grid
21065,0.0009098,0.0002682,0.09695,conus-2023-grid
21067,0.0008101,0.0002345,0.1641,conus-2023-grid
21069,0.0008316,0.0002814,0.1311,conus-2023-grid
21071,0.001009,0.000314,0.1117,conus-2023-grid
21073,0.0007613,0.0002028,0.1752,conus-2023-grid
21075,0.01327,0.006216,0.6949,conus-2023-grid
21077,0.0006693,0.0001764,0.08894,conus-2023-grid
21079,0.0008446,0.0002228,0.1176,conus-2023-grid
21081,0.0006867,0.0001911,0.1702,conus-2023-grid
21083,0.008335,0.003805,0.6019,conus-2023-grid
21085,0.001528,0.0004128,0.2052,conus-2023-grid
21087,0.0009393,0.0002096,0.1269,conus-2023-grid
21089,0.0006518,0.0002092,0.06989,conus-2023-grid
21091,0.00239,0.0007557,0.2674,conus-2023-grid
21093,0.001172,0.0002918,0.2199,conus-2023-grid
21095,0.001797,0.0006198,0.1497,conus-2023-grid
21097,0.0007698,0.0002359,0.1528,conus-2023-grid
21099,0.001095,0.0002582,0.1308,conus-2023-grid
21101,0.004731,0.001836,0.4492,conus-2023-grid
21103,0.0007536,0.0001929,0.09212,conus-2023-grid
21105,0.01085,0.005082,0.6411,conus-2023-grid
21107,0.003953,0.001461,0.4119,conus-2023-grid
21109,0.001044,0.0003043,0.1194,conus-2023-grid
21111,0.0009719,0.0002459,0.198,conus-2023-grid
21113,0.0008095,0.0002212,0.1614,conus-2023-grid
21115,0.0008165,0.0002448,0.1075,conus-2023-grid
21117,0.0006256,0.0001739,0.1114,conus-2023-grid
21119,0.00114,0.0003567,0.155,conus-2023-grid
21121,0.001834,0.000631,0.1544,conus-2023-grid
21123,0.0009927,0.0002309,0.2159,conus-2023-grid
21125,0.001328,0.0004091,0.2107,conus-2023-grid
21127,0.0007314,0.0002214,0.07761,conus-2023-grid
21129,0.0009498,0.0002822,0.1646,conus-2023-grid
21131,0.001489,0.0004921,0.1306,conus-2023-grid
21133,0.00137,0.0004468,0.1574,conus-2023-grid
21135,0.0007365,0.0002441,0.08423,conus-2023-grid
21137,0.0008766,0.0002227,0.1027,conus-2023-grid
21139,0.007165,0.003145,0.4859,conus-2023-grid
21141,0.002071,0.0006317,0.241,conus-2023-grid
21143,0.005828,0.002451,0.487,conus-2023-grid
21145,0.009022,0.004267,0.6401,conus-2023-grid
21147,0.001583,0.0004757,0.1553,conus-2023-grid
21149,0.003449,0.001224,0.3775,conus-2023-grid
21151,0.0008643,0.0002443,0.1656,conus-2023-grid
21153,0.000891,0.0002672,0.09031,conus-2023-grid
21155,0.000848,0.0001932,0.1802,conus-2023-grid
21157,0.006843,0.003008,0.5191,conus-2023-grid
21159,0.0008776,0.0002724,0.08597,conus-2023-grid
21161,0.000782,0.0002636,0.1523,conus-2023-grid
21163,0.001414,0.0003834,0.2553,conus-2023-grid
21165,0.0008668,0.0002727,0.09012,conus-2023-grid
21167,0.0008005,0.0002033,0.1643,conus-2023-grid
21169,0.001004,0.000224,0.237,conus-2023-grid
21171,0.001083,0.0002445,0.1534,conus-2023-grid
21173,0.0008709,0.0002788,0.1509,conus-2023-grid
21175,0.0008244,0.0002522,0.08633,conus-2023-grid
21177,0.002776,0.0009251,0.2682,conus-2023-grid
21179,0.0008937,0.0002117,0.2144,conus-2023-grid
21181,0.0008373,0.0002761,0.1402,conus-2023-grid
21183,0.002347,0.0007353,0.2439,conus-2023-grid
21185,0.0008573,0.0002171,0.1382,conus-2023-grid
21187,0.000715,0.0001906,0.1544,conus-2023-grid
21189,0.001077,0.0003253,0.1338,conus-2023-grid
21191,0.0007003,0.0002097,0.09237,conus-2023-grid
21193,0.001261,0.0004008,0.1156,conus-2023-grid
21195,0.001187,0.000404,0.135,conus-2023-grid
21197,0.0008886,0.0002705,0.1103,conus-2023-grid
21199,0.001098,0.0002954,0.1772,conus-2023-grid
21201,0.0007915,0.0002589,0.1583,conus-2023-grid
21203,0.001004,0.0002786,0.123,conus-2023-grid
21205,0.0008111,0.0002648,0.1041,conus-2023-grid
21207,0.0009896,0.0002306,0.1913,conus-2023-grid
21209,0.0007642,0.0002182,0.1403,conus-2023-grid
21211,0.0008033,0.0002027,0.1442,conus-2023-grid
21213,0.001625,0.0004487,0.273,conus-2023-grid
21215,0.0008444,0.0002083,0.1615,conus-2023-grid
21217,0.0008772,0.0001953,0.1916,conus-2023-grid
21219,0.002632,0.0008813,0.2668,conus-2023-grid
21221,0.004741,0.001918,0.4385,conus-2023-grid
21223,0.0007891,0.0002013,0.09609,conus-2023-grid
21225,0.005681,0.002271,0.4472,conus-2023-grid
21227,0.001511,0.0004025,0.2546,conus-2023-grid
21229,0.0008222,0.0001959,0.1567,conus-2023-grid
21231,0.001212,0.0003131,0.1276,conus-2023-grid
21233,0.004651,0.001782,0.3628,conus-2023-grid
21235,0.001903,0.0006409,0.1633,conus-2023-grid
21237,0.0008981,0.0002721,0.1146,conus-2023-grid
21239,0.0007851,0.0002123,0.176,conus-2023-grid
22001,0.0001384,0.00003943,0.0677,conus-2023-grid
22003,0.00015,0.00004151,0.06625,conus-2023-grid
22005,0.0001622,0.00004684,0.07692,conus-2023-grid
22007,0.000157,0.00004806,0.06965,conus-2023-grid
22009,0.0001898,0.00004529,0.08095,conus-2023-grid
22011,0.0001481,0.00004351,0.06471,conus-2023-grid
22013,0.000352,0.00007842,0.1044,conus-2023-grid
22015,0.0003702,0.00008575,0.0939,conus-2023-grid
22017,0.0003143,0.00007463,0.1062,conus-2023-grid
22019,0.0001382,0.00004445,0.05714,conus-2023-grid
22021,0.0003714,0.00008158,0.09787,conus-2023-grid
22023,0.0001234,0.00003995,0.05948,conus-2023-grid
22025,0.0002754,0.00006021,0.1093,conus-2023-grid
22027,0.0005283,0.0001248,0.1132,conus-2023-grid
22029,0.0002471,0.0000547,0.09315,conus-2023-grid
22031,0.0002401,0.00005711,0.07219,conus-2023-grid
22033,0.0001697,0.00004526,0.08427,conus-2023-grid
22035,0.0007518,0.000193,0.1847,conus-2023-grid
22037,0.0001863,0.00004592,0.07467,conus-2023-grid
22039,0.0001561,0.00004113,0.07825,conus-2023-grid
22041,0.0004137,0.00009134,0.1379,conus-2023-grid
22043,0.0002328,0.00005271,0.074,conus-2023-grid
22045,0.0001333,0.0000421,0.06069,conus-2023-grid
22047,0.0001577,0.00004514,0.07062,conus-2023-grid
22049,0.0003963,0.00008829,0.1115,conus-2023-grid
22051,0.0001615,0.0000491,0.02829,conus-2023-grid
22053,0.000137,0.00004079,0.06781,conus-2023-grid
22055,0.0001406,0.00004027,0.07085,conus-2023-grid
22057,0.0001601,0.00004904,0.0649,conus-2023-grid
22059,0.000265,0.00005838,0.1015,conus-2023-grid
22061,0.0004974,0.0001151,0.1094,conus-2023-grid
22063,0.0001694,0.00004596,0.08271,conus-2023-grid
22065,0.0005201,0.0001192,0.1531,conus-2023-grid
22067,0.0007874,0.0002091,0.1842,conus-2023-grid
22069,0.0002306,0.00005333,0.09359,conus-2023-grid
22071,0.0001603,0.00004542,0.07732,conus-2023-grid
22073,0.0005227,0.0001212,0.1524,conus-2023-grid
22075,0.0001711,0.00005383,0.06689,conus-2023-grid
22077,0.0001686,0.00004327,0.07791,conus-2023-grid
22079,0.0001868,0.00004521,0.06468,conus-2023-grid
22081,0.0002723,0.0000618,0.08773,conus-2023-grid
22083,0.0005298,0.0001223,0.1548,conus-2023-grid
22085,0.000194,0.00004882,0.08971,conus-2023-grid
22087,0.0001593,0.00004686,0.0313,conus-2023-grid
22089,0.000158,0.00004629,0.0717,conus-2023-grid
22091,0.0001899,0.00004682,0.07101,conus-2023-grid
22093,0.0001601,0.00004748,0.06265,conus-2023-grid
22095,0.0001618,0.00004611,0.07664,conus-2023-grid
22097,0.0001551,0.00004124,0.07923,conus-2023-grid
22099,0.0001495,0.00004399,0.06427,conus-2023-grid
22101,0.0001458,0.00004645,0.06373,conus-2023-grid
22103,0.0001737,0.00004674,0.08552,conus-2023-grid
22105,0.0001802,0.00004638,0.07635,conus-2023-grid
22107,0.0003799,0.00008281,0.1316,conus-2023-grid
22109,0.0001566,0.00004919,0.062,conus-2023-grid
22111,0.0006776,0.0001703,0.145,conus-2023-grid
22113,0.0001249,0.00003818,0.06262,conus-2023-grid
22115,0.0001673,0.00004401,0.05428,conus-2023-grid
22117,0.0002052,0.00005126,0.08409,conus-2023-grid
22119,0.0004234,0.00009738,0.1408,conus-2023-grid
22121,0.0001636,0.00004465,0.08076,conus-2023-grid
22123,0.0007971,0.0002108,0.1888,conus-2023-grid
22125,0.0001824,0.00004484,0.04406,conus-2023-grid
22127,0.00029,0.00006397,0.1153,conus-2023-grid
23001,0.001279,0.0004599,0.1004,conus-2023-grid
23003,0.001368,0.0004086,0.1336,conus-2023-grid
23005,0.001327,0.0004726,0.1096,conus-2023-grid
23007,0.001072,0.0003507,0.09154,conus-2023-grid
23009,0.0007863,0.0002653,0.07004,conus-2023-grid
23011,0.001207,0.0004392,0.1097,conus-2023-grid
23013,0.0008079,0.0002686,0.07893,conus-2023-grid
23015,0.0009994,0.0003447,0.1315,conus-2023-grid
23017,0.001226,0.0004268,0.09982,conus-2023-grid
23019,0.0009149,0.0002904,0.08162,conus-2023-grid
23021,0.001007,0.0002906,0.09158,conus-2023-grid
23023,0.00113,0.0003953,0.1445,conus-2023-grid
23025,0.001003,0.0003003,0.09039,conus-2023-grid
23027,0.001,0.0003523,0.08264,conus-2023-grid
23029,0.0007886,0.0002785,0.07003,conus-2023-grid
23031,0.00166,0.0006234,0.133,conus-2023-grid
24001,0.0005929,0.000196,0.08931,conus-2023-grid
24003,0.0007495,0.0002304,0.09911,conus-2023-grid
24005,0.001076,0.0003765,0.08346,conus-2023-grid
24009,0.0006374,0.0001827,0.1207,conus-2023-grid
24011,0.0006337,0.0001975,0.101,conus-2023-grid
24013,0.0009967,0.0003446,0.07798,conus-2023-grid
24015,0.00137,0.0005231,0.1246,conus-2023-grid
24017,0.0008613,0.0002623,0.1258,conus-2023-grid
24019,0.0004824,0.0001337,0.1042,conus-2023-grid
24021,0.0009052,0.0003069,0.1045,conus-2023-grid
24023,0.0004425,0.0001362,0.04867,conus-2023-grid
24025,0.001256,0.0004638,0.1361,conus-2023-grid
24027,0.0009349,0.0003106,0.09046,conus-2023-grid
24029,0.00092,0.0003118,0.115,conus-2023-grid
24031,0.0009284,0.0003058,0.09528,conus-2023-grid
24033,0.0007704,0.0002331,0.1351,conus-2023-grid
24035,0.0007583,0.0002432,0.1191,conus-2023-grid
24037,0.0006249,0.0001767,0.08019,conus-2023-grid
24039,0.0003653,0.00009688,0.0457,conus-2023-grid
24041,0.0006051,0.0001779,0.1154,conus-2023-grid
24043,0.0008168,0.00028,0.08802,conus-2023-grid
24045,0.0003834,0.0001065,0.08615,conus-2023-grid
24047,0.0002943,0.00008104,0.07692,conus-2023-grid
24510,0.0009464,0.0003154,0.09037,conus-2023-grid
25001,0.0006634,0.0002227,0.104,conus-2023-grid
25003,0.0008678,0.0002622,0.09795,conus-2023-grid
25005,0.001061,0.0003796,0.1098,conus-2023-grid
25007,0.0006889,0.0002399,0.09159,conus-2023-grid
25009,0.002004,0.0008203,0.1907,conus-2023-grid
25011,0.0009555,0.0002947,0.1113,conus-2023-grid
25013,0.001058,0.0003486,0.08518,conus-2023-grid
25015,0.0009701,0.0003046,0.09594,conus-2023-grid
25017,0.001747,0.0006818,0.1829,conus-2023-grid
25019,0.0004467,0.000146,0.04838,conus-2023-grid
25021,0.001376,0.0004995,0.1007,conus-2023-grid
25023,0.001131,0.0004035,0.1417,conus-2023-grid
25025,0.001611,0.0006172,0.1289,conus-2023-grid
25027,0.001243,0.000427,0.1018,conus-2023-grid
26001,0.00007087,0.0000225,0.0111,conus-2023-grid
26003,0.00003079,0.00001007,0.00407,conus-2023-grid
26005,0.0002144,0.00006594,0.07374,conus-2023-grid
26007,0.00006603,0.00002106,0.01006,conus-2023-grid
26009,0.00004441,0.00001411,0.03163,conus-2023-grid
26011,0.00008318,0.00002574,0.04283,conus-2023-grid
26013,0.00003485,0.00001215,0.003161,conus-2023-grid
26015,0.0002534,0.0000848,0.07854,conus-2023-grid
26017,0.00009989,0.00003036,0.04857,conus-2023-grid
26019,0.00004178,0.00001286,0.008322,conus-2023-grid
26021,0.0002724,0.00007593,0.06561,conus-2023-grid
26023,0.0004321,0.0001507,0.0641,conus-2023-grid
26025,0.0003594,0.0001247,0.08418,conus-2023-grid
26027,0.0003011,0.00009327,0.06577,conus-2023-grid
26029,0.00003731,0.00001204,0.006316,conus-2023-grid
26031,0.00004844,0.00001563,0.006635,conus-2023-grid
26033,0.0000495,0.00001613,0.01252,conus-2023-grid
26035,0.00007308,0.00002217,0.01748,conus-2023-grid
26037,0.0001936,0.00006226,0.06233,conus-2023-grid
26039,0.00005475,0.00001729,0.02979,conus-2023-grid
26041,0.00002845,0.000009108,0.01777,conus-2023-grid
26043,0.0000265,0.000008455,0.009463,conus-2023-grid
26045,0.0002712,0.00009067,0.07458,conus-2023-grid
26047,0.0000426,0.00001377,0.009602,conus-2023-grid
26049,0.0001862,0.00005816,0.05844,conus-2023-grid
26051,0.00007809,0.00002386,0.03543,conus-2023-grid
26053,0.00004377,0.00001718,0.008554,conus-2023-grid
26055,0.00004523,0.00001413,0.009158,conus-2023-grid
26057,0.0001351,0.00004155,0.03073,conus-2023-grid
26059,0.0004706,0.0001653,0.09582,conus-2023-grid
26061,0.00003916,0.00001417,0.003367,conus-2023-grid
26063,0.00009899,0.00003079,0.04553,conus-2023-grid
26065,0.0002779,0.00009151,0.06575,conus-2023-grid
26067,0.0001824,0.00005811,0.06717,conus-2023-grid
26069,0.00007526,0.00002372,0.03848,conus-2023-grid
26071,0.00002908,0.000009504,0.01087,conus-2023-grid
26073,0.000094,0.00002817,0.0504,conus-2023-grid
26075,0.0003844,0.0001315,0.0862,conus-2023-grid
26077,0.0003134,0.0001066,0.07607,conus-2023-grid
26079,0.00005001,0.0000157,0.02894,conus-2023-grid
26081,0.0001508,0.00004642,0.03163,conus-2023-grid
26083,0.00003681,0.00001304,0.003201,conus-2023-grid
26085,0.00006313,0.00001887,0.02416,conus-2023-grid
26087,0.0001764,0.00005522,0.04418,conus-2023-grid
26089,0.00003614,0.00001142,0.006879,conus-2023-grid
26091,0.0005268,0.000189,0.07331,conus-2023-grid
26093,0.0002903,0.00009611,0.06947,conus-2023-grid
26095,0.00003874,0.00001275,0.01188,conus-2023-grid
26097,0.00003954,0.00001291,0.007265,conus-2023-grid
26099,0.0002671,0.00008905,0.07225,conus-2023-grid
26101,0.00005066,0.00001524,0.03865,conus-2023-grid
26103,0.00003043,0.00001012,0.003034,conus-2023-grid
26105,0.00006024,0.00001783,0.02695,conus-2023-grid
26107,0.00008803,0.00002613,0.05005,conus-2023-grid
26109,0.00002704,0.000008509,0.02238,conus-2023-grid
26111,0.00009942,0.00003001,0.05013,conus-2023-grid
26113,0.0000583,0.00001797,0.03942,conus-2023-grid
26115,0.0005722,0.0002186,0.1068,conus-2023-grid
26117,0.000122,0.00003687,0.05214,conus-2023-grid
26119,0.00005538,0.00001773,0.02335,conus-2023-grid
26121,0.00009008,0.00002618,0.04031,conus-2023-grid
26123,0.00008729,0.0000257,0.02532,conus-2023-grid
26125,0.0002823,0.00009465,0.07449,conus-2023-grid
26127,0.00007797,0.00002274,0.03572,conus-2023-grid
26129,0.00006813,0.00002128,0.01144,conus-2023-grid
26131,0.0000452,0.00001742,0.005746,conus-2023-grid
26133,0.00006764,0.00002036,0.01154,conus-2023-grid
26135,0.00005997,0.00001902,0.0135,conus-2023-grid
26137,0.00005026,0.00001606,0.02647,conus-2023-grid
26139,0.0001278,0.00003784,0.06404,conus-2023-grid
26141,0.00006401,0.00002044,0.01325,conus-2023-grid
26143,0.00006269,0.00001947,0.02915,conus-2023-grid
26145,0.0001355,0.00004133,0.05573,conus-2023-grid
26147,0.0002001,0.00006369,0.05279,conus-2023-grid
26149,0.0003688,0.0001232,0.06669,conus-2023-grid
26151,0.000132,0.00004086,0.03793,conus-2023-grid
26153,0.00003207,0.00001041,0.007098,conus-2023-grid
26155,0.0001974,0.00006254,0.06589,conus-2023-grid
26157,0.000123,0.00003764,0.04253,conus-2023-grid
26159,0.00023,0.00006991,0.08537,conus-2023-grid
26161,0.0004259,0.0001514,0.05403,conus-2023-grid
26163,0.000432,0.0001594,0.08905,conus-2023-grid
26165,0.0000537,0.00001643,0.03013,conus-2023-grid
27001,0.0000397,0.00001329,0.008004,conus-2023-grid
27003,0.00004132,0.00001354,0.02452,conus-2023-grid
27005,0.00006299,0.00002088,0.01013,conus-2023-grid
27007,0.00004151,0.00001395,0.004106,conus-2023-grid
27009,0.00005337,0.00001757,0.007607,conus-2023-grid
27011,0.0001616,0.0000605,0.02264,conus-2023-grid
27013,0.00005375,0.0000172,0.03542,conus-2023-grid
27015,0.00007161,0.00002334,0.02771,conus-2023-grid
27017,0.00003378,0.00001131,0.004471,conus-2023-grid
27019,0.00005151,0.00001684,0.02853,conus-2023-grid
27021,0.00004625,0.00001547,0.007243,conus-2023-grid
27023,0.0001156,0.00004057,0.01951,conus-2023-grid
27025,0.00003683,0.00001212,0.01284,conus-2023-grid
27027,0.00007228,0.00002395,0.01366,conus-2023-grid
27029,0.00004639,0.00001552,0.006008,conus-2023-grid
27031,0.00003226,0.00001075,0.00275,conus-2023-grid
27033,0.00008279,0.00002673,0.02965,conus-2023-grid
27035,0.0000478,0.00001591,0.005124,conus-2023-grid
27037,0.00003925,0.00001266,0.02215,conus-2023-grid
27039,0.00003869,0.00001204,0.03661,conus-2023-grid
27041,0.000105,0.00003741,0.01557,conus-2023-grid
27043,0.00005128,0.00001619,0.0336,conus-2023-grid
27045,0.0000397,0.00001166,0.02795,conus-2023-grid
27047,0.00004403,0.00001365,0.02572,conus-2023-grid
27049,0.0000362,0.00001147,0.02587,conus-2023-grid
27051,0.0001409,0.00005378,0.01842,conus-2023-grid
27053,0.00004515,0.00001473,0.0189,conus-2023-grid
27055,0.00004261,0.00001226,0.02466,conus-2023-grid
27057,0.00005015,0.00001673,0.004594,conus-2023-grid
27059,0.00004157,0.00001369,0.01395,conus-2023-grid
27061,0.00003792,0.00001281,0.005452,conus-2023-grid
27063,0.00007996,0.00002567,0.03435,conus-2023-grid
27065,0.00004054,0.00001343,0.008756,conus-2023-grid
27067,0.00009945,0.00003607,0.01652,conus-2023-grid
27069,0.00003956,0.00001326,0.008412,conus-2023-grid
27071,0.00003725,0.00001263,0.006491,conus-2023-grid
27073,0.0001322,0.00004512,0.02211,conus-2023-grid
27075,0.00003153,0.00001058,0.006113,conus-2023-grid
27077,0.0000368,0.00001246,0.005639,conus-2023-grid
27079,0.00004871,0.00001568,0.03071,conus-2023-grid
27081,0.000135,0.00004523,0.0272,conus-2023-grid
27083,0.0001125,0.00003701,0.02222,conus-2023-grid
27085,0.00006609,0.00002238,0.02967,conus-2023-grid
27087,0.00005329,0.00001771,0.0104,conus-2023-grid
27089,0.00004098,0.00001367,0.008702,conus-2023-grid
27091,0.00006278,0.00002003,0.03665,conus-2023-grid
27093,0.00007797,0.0000274,0.01695,conus-2023-grid
27095,0.00004517,0.00001493,0.007796,conus-2023-grid
27097,0.00005613,0.00001851,0.00955,conus-2023-grid
27099,0.00004035,0.0000122,0.03661,conus-2023-grid
27101,0.0001084,0.00003557,0.03301,conus-2023-grid
27103,0.00005967,0.0000194,0.02845,conus-2023-grid
27105,0.0001073,0.00003492,0.0401,conus-2023-grid
27107,0.00005718,0.00001893,0.01153,conus-2023-grid
27109,0.00003635,0.0000111,0.01531,conus-2023-grid
27111,0.00008841,0.00003045,0.008262,conus-2023-grid
27113,0.00004296,0.00001436,0.00892,conus-2023-grid
27115,0.0000347,0.00001152,0.005949,conus-2023-grid
27117,0.0001425,0.00004874,0.03525,conus-2023-grid
27119,0.00004807,0.00001601,0.01014,conus-2023-grid
27121,0.0001152,0.00004146,0.01167,conus-2023-grid
27123,0.00003956,0.00001289,0.01344,conus-2023-grid
27125,0.00004561,0.00001522,0.008963,conus-2023-grid
27127,0.00009052,0.00002992,0.0338,conus-2023-grid
27129,0.00009117,0.00003212,0.03163,conus-2023-grid
27131,0.00004224,0.00001351,0.02859,conus-2023-grid
27133,0.0001413,0.00004741,0.02523,conus-2023-grid
27135,0.00003741,0.00001258,0.00565,conus-2023-grid
27137,0.00003403,0.00001152,0.004734,conus-2023-grid
27139,0.0000459,0.00001486,0.01988,conus-2023-grid
27141,0.00004995,0.00001642,0.01433,conus-2023-grid
27143,0.00006171,0.00002037,0.03112,conus-2023-grid
27145,0.00007426,0.00002517,0.01214,conus-2023-grid
27147,0.0000417,0.00001312,0.03378,conus-2023-grid
27149,0.0001519,0.00005818,0.02017,conus-2023-grid
27151,0.0001262,0.00004523,0.02009,conus-2023-grid
27153,0.00007343,0.00002468,0.008514,conus-2023-grid
27155,0.0001698,0.00006678,0.02359,conus-2023-grid
27157,0.00003377,0.00001046,0.01039,conus-2023-grid
27159,0.00006165,0.0000205,0.0102,conus-2023-grid
27161,0.00004604,0.00001462,0.02875,conus-2023-grid
27163,0.00003706,0.00001206,0.01621,conus-2023-grid
27165,0.00006559,0.00002108,0.03572,conus-2023-grid
27167,0.0001125,0.00004016,0.01817,conus-2023-grid
27169,0.00003581,0.00001065,0.0092,conus-2023-grid
27171,0.00005605,0.00001855,0.01526,conus-2023-grid
27173,0.0001158,0.00003866,0.02123,conus-2023-grid
28001,0.0002568,0.00005657,0.06739,conus-2023-grid
28003,0.002764,0.001007,0.3446,conus-2023-grid
28005,0.000226,0.00005168,0.07944,conus-2023-grid
28007,0.0009433,0.0002404,0.1981,conus-2023-grid
28009,0.003395,0.001331,0.3357,conus-2023-grid
28011,0.00179,0.0006111,0.286,conus-2023-grid
28013,0.001748,0.0005578,0.2132,conus-2023-grid
28015,0.001264,0.000364,0.244,conus-2023-grid
28017,0.001619,0.000488,0.1976,conus-2023-grid
28019,0.001122,0.0002989,0.2333,conus-2023-grid
28021,0.000383,0.00008393,0.1108,conus-2023-grid
28023,0.0005951,0.000169,0.1152,conus-2023-grid
28025,0.001353,0.0003774,0.2492,conus-2023-grid
28027,0.002513,0.001003,0.3406,conus-2023-grid
28029,0.0003655,0.0000816,0.1087,conus-2023-grid
28031,0.0003547,0.00008821,0.1162,conus-2023-grid
28033,0.004801,0.002212,0.4289,conus-2023-grid
28035,0.0002829,0.00007524,0.07636,conus-2023-grid
28037,0.0002659,0.00005881,0.0464,conus-2023-grid
28039,0.000239,0.00006709,0.08102,conus-2023-grid
28041,0.0003106,0.00008764,0.0617,conus-2023-grid
28043,0.001653,0.0005302,0.2717,conus-2023-grid
28045,0.0001804,0.00005012,0.0866,conus-2023-grid
28047,0.000187,0.00005315,0.08676,conus-2023-grid
28049,0.0004991,0.0001152,0.1215,conus-2023-grid
28051,0.0009833,0.0002609,0.218,conus-2023-grid
28053,0.001027,0.0002837,0.2218,conus-2023-grid
28055,0.0007654,0.000196,0.1843,conus-2023-grid
28057,0.001786,0.0005494,0.2468,conus-2023-grid
28059,0.000188,0.00005375,0.08769,conus-2023-grid
28061,0.0005133,0.000136,0.1241,conus-2023-grid
28063,0.0003152,0.00006857,0.09885,conus-2023-grid
28065,0.0003209,0.00007668,0.05748,conus-2023-grid
28067,0.0003834,0.0001019,0.09771,conus-2023-grid
28069,0.001017,0.0002995,0.2146,conus-2023-grid
28071,0.002533,0.0009328,0.296,conus-2023-grid
28073,0.0002714,0.00006965,0.09131,conus-2023-grid
28075,0.00078,0.0002194,0.1776,conus-2023-grid
28077,0.0003039,0.00007025,0.1013,conus-2023-grid
28079,0.0007541,0.0001829,0.1672,conus-2023-grid
28081,0.001939,0.0006214,0.3243,conus-2023-grid
28083,0.001434,0.0004425,0.2627,conus-2023-grid
28085,0.0002882,0.0000647,0.09844,conus-2023-grid
28087,0.001344,0.0003876,0.2637,conus-2023-grid
28089,0.0006745,0.0001653,0.1827,conus-2023-grid
28091,0.0002607,0.00006378,0.08922,conus-2023-grid
28093,0.003703,0.001513,0.3487,conus-2023-grid
28095,0.001501,0.000433,0.2871,conus-2023-grid
28097,0.00129,0.00037,0.2566,conus-2023-grid
28099,0.000803,0.000201,0.1787,conus-2023-grid
28101,0.0006514,0.0001641,0.1288,conus-2023-grid
28103,0.001224,0.000365,0.2366,conus-2023-grid
28105,0.0012,0.0003246,0.2497,conus-2023-grid
28107,0.00282,0.001115,0.3424,conus-2023-grid
28109,0.0002122,0.00005619,0.08204,conus-2023-grid
28111,0.0002916,0.00008005,0.08826,conus-2023-grid
28113,0.000232,0.00005404,0.0809,conus-2023-grid
28115,0.002034,0.0006755,0.2903,conus-2023-grid
28117,0.002272,0.0007709,0.2534,conus-2023-grid
28119,0.002595,0.001024,0.3461,conus-2023-grid
28121,0.0005148,0.0001222,0.1558,conus-2023-grid
28123,0.0005966,0.0001447,0.1623,conus-2023-grid
28125,0.0008587,0.0002274,0.1978,conus-2023-grid
28127,0.0003977,0.00009328,0.07613,conus-2023-grid
28129,0.0004647,0.0001152,0.09657,conus-2023-grid
28131,0.0002277,0.00006332,0.08346,conus-2023-grid
28133,0.001534,0.0004908,0.2672,conus-2023-grid
28135,0.002007,0.0007098,0.3084,conus-2023-grid
28137,0.003719,0.001594,0.3386,conus-2023-grid
28139,0.002907,0.00108,0.3528,conus-2023-grid
28141,0.002214,0.0007429,0.3381,conus-2023-grid
28143,0.003758,0.001718,0.4123,conus-2023-grid
28145,0.002445,0.0008638,0.2634,conus-2023-grid
28147,0.0002395,0.00005715,0.06961,conus-2023-grid
28149,0.0005303,0.0001222,0.138,conus-2023-grid
28151,0.001234,0.0003772,0.2347,conus-2023-grid
28153,0.0004363,0.0001254,0.1158,conus-2023-grid
28155,0.001352,0.0003872,0.1939,conus-2023-grid
28157,0.0002106,0.00004857,0.097,conus-2023-grid
28159,0.0009827,0.000254,0.2156,conus-2023-grid
28161,0.002024,0.0007003,0.2396,conus-2023-grid
28163,0.000751,0.0001889,0.1867,conus-2023-grid
29001,0.0002284,0.00004389,0.07087,conus-2023-grid
29003,0.0001435,0.0000369,0.05288,conus-2023-grid
29005,0.000141,0.00004543,0.04588,conus-2023-grid
29007,0.0007399,0.0001688,0.1744,conus-2023-grid
29009,0.0007621,0.0001866,0.105,conus-2023-grid
29011,0.0003793,0.00007722,0.1425,conus-2023-grid
29013,0.0002982,0.00006313,0.1073,conus-2023-grid
29015,0.0005651,0.0001295,0.1139,conus-2023-grid
29017,0.007403,0.00324,0.5086,conus-2023-grid
29019,0.0006743,0.0001551,0.1799,conus-2023-grid
29021,0.0001692,0.00004426,0.06851,conus-2023-grid
29023,0.01005,0.004746,0.6654,conus-2023-grid
29025,0.0001904,0.00004147,0.07847,conus-2023-grid
29027,0.0009522,0.0002339,0.177,conus-2023-grid
29029,0.0009181,0.0002324,0.1509,conus-2023-grid
29031,0.007903,0.003564,0.5563,conus-2023-grid
29033,0.0002602,0.0000532,0.06818,conus-2023-grid
29035,0.006426,0.002712,0.5156,conus-2023-grid
29037,0.0002682,0.00006063,0.07437,conus-2023-grid
29039,0.0004928,0.0001073,0.1353,conus-2023-grid
29041,0.0003182,0.00006431,0.113,conus-2023-grid
29043,0.00112,0.0003003,0.1971,conus-2023-grid
29045,0.0002844,0.00005567,0.1138,conus-2023-grid
29047,0.0002068,0.00004985,0.05528,conus-2023-grid
29049,0.0001791,0.00004268,0.0586,conus-2023-grid
29051,0.0009587,0.000242,0.1612,conus-2023-grid
29053,0.0005572,0.0001266,0.09921,conus-2023-grid
29055,0.00264,0.000878,0.2694,conus-2023-grid
29057,0.0005546,0.0001228,0.1352,conus-2023-grid
29059,0.0009063,0.0002298,0.1396,conus-2023-grid
29061,0.0001589,0.00003427,0.04044,conus-2023-grid
29063,0.0001526,0.00003592,0.08091,conus-2023-grid
29065,0.002847,0.0009726,0.2974,conus-2023-grid
29067,0.001838,0.0005592,0.1797,conus-2023-grid
29069,0.01322,0.006277,0.7472,conus-2023-grid
29071,0.00246,0.0007933,0.2616,conus-2023-grid
29073,0.001698,0.0004901,0.1959,conus-2023-grid
29075,0.0001304,0.00003101,0.04777,conus-2023-grid
29077,0.0008764,0.0002186,0.1722,conus-2023-grid
29079,0.0001635,0.00003327,0.06895,conus-2023-grid
29081,0.0001277,0.00002815,0.06894,conus-2023-grid
29083,0.0003973,0.00008748,0.121,conus-2023-grid
29085,0.0006576,0.0001552,0.1121,conus-2023-grid
29087,0.0001447,0.00004173,0.04017,conus-2023-grid
29089,0.0004847,0.0001058,0.1097,conus-2023-grid
29091,0.003193,0.001131,0.2853,conus-2023-grid
29093,0.004736,0.001854,0.3394,conus-2023-grid
29095,0.0002399,0.00005617,0.08927,conus-2023-grid
29097,0.000427,0.00008914,0.08961,conus-2023-grid
29099,0.00407,0.001525,0.3726,conus-2023-grid
29101,0.0003362,0.0000742,0.09913,conus-2023-grid
29103,0.0002924,0.00005653,0.1114,conus-2023-grid
29105,0.00124,0.0003372,0.1882,conus-2023-grid
29107,0.0002843,0.0000615,0.1009,conus-2023-grid
29109,0.0006465,0.0001493,0.1253,conus-2023-grid
29111,0.0003687,0.00007258,0.1234,conus-2023-grid
29113,0.00152,0.0004201,0.1863,conus-2023-grid
29115,0.0002308,0.00004513,0.0988,conus-2023-grid
29117,0.0002032,0.00004111,0.09219,conus-2023-grid
29119,0.0005309,0.0001189,0.12,conus-2023-grid
29121,0.0003079,0.00006094,0.09374,conus-2023-grid
29123,0.006038,0.002514,0.484,conus-2023-grid
29125,0.001487,0.0004165,0.2038,conus-2023-grid
29127,0.0004903,0.0001005,0.07366,conus-2023-grid
29129,0.0001358,0.00002828,0.07944,conus-2023-grid
29131,0.00103,0.0002654,0.1349,conus-2023-grid
29133,0.01368,0.006823,0.751,conus-2023-grid
29135,0.0007334,0.000176,0.1597,conus-2023-grid
29137,0.0005347,0.0001143,0.1289,conus-2023-grid
29139,0.001192,0.0003072,0.2311,conus-2023-grid
29141,0.0006926,0.000165,0.1244,conus-2023-grid
29143,0.01893,0.01015,0.8375,conus-2023-grid
29145,0.0004798,0.0001036,0.0794,conus-2023-grid
29147,0.0001276,0.00003542,0.06234,conus-2023-grid
29149,0.004941,0.001956,0.4333,conus-2023-grid
29151,0.001292,0.0003467,0.1418,conus-2023-grid
29153,0.002158,0.0006922,0.1996,conus-2023-grid
29155,0.01869,0.009657,0.824,conus-2023-grid
29157,0.006294,0.002641,0.494,conus-2023-grid
29159,0.0004526,0.0001004,0.1207,conus-2023-grid
29161,0.001941,0.0005881,0.2671,conus-2023-grid
29163,0.0009839,0.0002375,0.1188,conus-2023-grid
29165,0.0001941,0.00005096,0.04603,conus-2023-grid
29167,0.0007169,0.0001707,0.1471,conus-2023-grid
29169,0.001473,0.0004134,0.1564,conus-2023-grid
29171,0.0001585,0.00003154,0.07737,conus-2023-grid
29173,0.0006543,0.0001426,0.1598,conus-2023-grid
29175,0.0004361,0.00009248,0.1102,conus-2023-grid
29177,0.0002316,0.00005114,0.08401,conus-2023-grid
29179,0.004767,0.001875,0.3496,conus-2023-grid
29181,0.007603,0.003313,0.5528,conus-2023-grid
29183,0.002606,0.0008632,0.3073,conus-2023-grid
29185,0.0004591,0.0001004,0.07171,conus-2023-grid
29186,0.005394,0.002163,0.4669,conus-2023-grid
29187,0.00487,0.001911,0.3514,conus-2023-grid
29189,0.003568,0.001309,0.3675,conus-2023-grid
29195,0.0003653,0.00007678,0.1097,conus-2023-grid
29197,0.0001943,0.00003784,0.09204,conus-2023-grid
29199,0.0002312,0.00004488,0.1109,conus-2023-grid
29201,0.01053,0.004976,0.6842,conus-2023-grid
29203,0.004032,0.001519,0.3165,conus-2023-grid
29205,0.0003984,0.00008027,0.1441,conus-2023-grid
29207,0.01076,0.004976,0.6474,conus-2023-grid
29209,0.001007,0.0002657,0.1289,conus-2023-grid
29211,0.0001819,0.00003562,0.04859,conus-2023-grid
29213,0.001439,0.0004202,0.1488,conus-2023-grid
29215,0.002326,0.0007494,0.2841,conus-2023-grid
29217,0.0003351,0.0000678,0.1222,conus-2023-grid
29219,0.00175,0.0005073,0.277,conus-2023-grid
29221,0.003624,0.001317,0.3028,conus-2023-grid
29223,0.007566,0.003313,0.4875,conus-2023-grid
29225,0.001222,0.0003336,0.2041,conus-2023-grid
29227,0.000116,0.00002857,0.03173,conus-2023-grid
29229,0.001626,0.0004755,0.2609,conus-2023-grid
29510,0.004078,0.001556,0.3929,conus-2023-grid
30001,0.00219,0.000593,0.2915,conus-2023-grid
30003,0.0008033,0.0002072,0.09572,conus-2023-grid
30005,0.000116,0.00003116,0.02742,conus-2023-grid
30007,0.003295,0.001041,0.5682,conus-2023-grid
30009,0.001552,0.0004462,0.1438,conus-2023-grid
30011,0.0003163,0.00007946,0.05188,conus-2023-grid
30013,0.0006993,0.0002656,0.06219,conus-2023-grid
30015,0.000221,0.0000557,0.02398,conus-2023-grid
30017,0.0002252,0.00005469,0.0281,conus-2023-grid
30019,0.0001237,0.00003832,0.01543,conus-2023-grid
30021,0.0001295,0.00003586,0.01889,conus-2023-grid
30023,0.0005449,0.0001113,0.07725,conus-2023-grid
30025,0.0001445,0.00003474,0.0204,conus-2023-grid
30027,0.0002001,0.00004777,0.02487,conus-2023-grid
30029,0.003538,0.001016,0.3072,conus-2023-grid
30031,0.003852,0.0009722,0.3253,conus-2023-grid
30033,0.0002868,0.00009493,0.04155,conus-2023-grid
30035,0.001372,0.0006121,0.1616,conus-2023-grid
30037,0.0004382,0.0001122,0.05564,conus-2023-grid
30039,0.0007371,0.000175,0.09467,conus-2023-grid
30041,0.0001417,0.00003568,0.0381,conus-2023-grid
30043,0.002289,0.00061,0.2003,conus-2023-grid
30045,0.0004026,0.0001233,0.04266,conus-2023-grid
30047,0.006309,0.001983,0.6358,conus-2023-grid
30049,0.001504,0.0004074,0.1484,conus-2023-grid
30051,0.0002907,0.00008255,0.05704,conus-2023-grid
30053,0.0005297,0.0001248,0.0537,conus-2023-grid
30055,0.0002799,0.0001023,0.03828,conus-2023-grid
30057,0.004654,0.001335,0.5293,conus-2023-grid
30059,0.001071,0.0002676,0.09576,conus-2023-grid
30061,0.0006737,0.0001274,0.1467,conus-2023-grid
30063,0.001582,0.0004377,0.1681,conus-2023-grid
30065,0.0002945,0.00006822,0.0461,conus-2023-grid
30067,0.002779,0.0007846,0.2269,conus-2023-grid
30069,0.0001927,0.00004746,0.03759,conus-2023-grid
30071,0.0001743,0.00005256,0.02975,conus-2023-grid
30073,0.00111,0.0004768,0.09788,conus-2023-grid
30075,0.0006057,0.0001656,0.05904,conus-2023-grid
30077,0.002045,0.0006036,0.2914,conus-2023-grid
30079,0.0001677,0.00004328,0.03228,conus-2023-grid
30081,0.0004564,0.0001957,0.07709,conus-2023-grid
30083,0.000108,0.00003139,0.02643,conus-2023-grid
30085,0.000126,0.00003823,0.0164,conus-2023-grid
30087,0.0003023,0.0000715,0.0424,conus-2023-grid
30089,0.001534,0.0003702,0.3123,conus-2023-grid
30091,0.0000842,0.00002564,0.01114,conus-2023-grid
30093,0.001218,0.0002846,0.2545,conus-2023-grid
30095,0.001211,0.0003718,0.1088,conus-2023-grid
30097,0.001453,0.0005227,0.1344,conus-2023-grid
30099,0.00118,0.0004805,0.1004,conus-2023-grid
30101,0.000574,0.0002011,0.06132,conus-2023-grid
30103,0.0003057,0.0000704,0.03542,conus-2023-grid
30105,0.000362,0.0001524,0.03506,conus-2023-grid
30107,0.0005869,0.0001798,0.06776,conus-2023-grid
30109,0.000103,0.00002682,0.01538,conus-2023-grid
30111,0.0004912,0.0001154,0.06294,conus-2023-grid
31001,0.0001382,0.00004257,0.05249,conus-2023-grid
31003,0.0003277,0.0001192,0.04341,conus-2023-grid
31005,0.0002974,0.0000909,0.03025,conus-2023-grid
31007,0.0004135,0.0001097,0.04939,conus-2023-grid
31009,0.0003794,0.0001276,0.05332,conus-2023-grid
31011,0.0003005,0.00011,0.053,conus-2023-grid
31013,0.0005213,0.000158,0.09071,conus-2023-grid
31015,0.0003577,0.000129,0.04125,conus-2023-grid
31017,0.0003683,0.0001246,0.05375,conus-2023-grid
31019,0.0001911,0.00006033,0.04144,conus-2023-grid
31021,0.0001506,0.00004892,0.04802,conus-2023-grid
31023,0.0001953,0.000068,0.06189,conus-2023-grid
31025,0.0001263,0.00003976,0.04832,conus-2023-grid
31027,0.0002701,0.00009757,0.03377,conus-2023-grid
31029,0.0001676,0.00004663,0.0508,conus-2023-grid
31031,0.0005172,0.0001853,0.07868,conus-2023-grid
31033,0.0002693,0.0000706,0.06977,conus-2023-grid
31035,0.0001306,0.00004001,0.05358,conus-2023-grid
31037,0.0002507,0.00009424,0.04415,conus-2023-grid
31039,0.0002225,0.00008022,0.02423,conus-2023-grid
31041,0.000448,0.0001658,0.05928,conus-2023-grid
31043,0.0001752,0.00005821,0.03057,conus-2023-grid
31045,0.0007446,0.0002496,0.06324,conus-2023-grid
31047,0.0002576,0.00008535,0.05599,conus-2023-grid
31049,0.0002265,0.00006282,0.06311,conus-2023-grid
31051,0.0002148,0.0000743,0.02254,conus-2023-grid
31053,0.0001838,0.00006343,0.06072,conus-2023-grid
31055,0.0001224,0.00003751,0.03926,conus-2023-grid
31057,0.0001551,0.00004266,0.05123,conus-2023-grid
31059,0.0001249,0.00003792,0.05353,conus-2023-grid
31061,0.0001263,0.00003854,0.05044,conus-2023-grid
31063,0.0001863,0.00005744,0.02441,conus-2023-grid
31065,0.0001549,0.00004918,0.03883,conus-2023-grid
31067,0.0001281,0.0000399,0.05802,conus-2023-grid
31069,0.0003191,0.00009553,0.06697,conus-2023-grid
31071,0.0002819,0.00009195,0.05014,conus-2023-grid
31073,0.0001811,0.000057,0.04414,conus-2023-grid
31075,0.0003893,0.0001266,0.07359,conus-2023-grid
31077,0.0002673,0.00009198,0.05525,conus-2023-grid
31079,0.0001755,0.00005645,0.05874,conus-2023-grid
31081,0.0001662,0.0000534,0.05872,conus-2023-grid
31083,0.0001381,0.00004253,0.03709,conus-2023-grid
31085,0.0001707,0.00004965,0.02947,conus-2023-grid
31087,0.0001502,0.00004361,0.01927,conus-2023-grid
31089,0.0003247,0.0001122,0.04768,conus-2023-grid
31091,0.0003767,0.0001229,0.06802,conus-2023-grid
31093,0.0002265,0.00007693,0.04618,conus-2023-grid
31095,0.0001159,0.00003494,0.05174,conus-2023-grid
31097,0.0001413,0.00004659,0.05398,conus-2023-grid
31099,0.0001476,0.00004528,0.05005,conus-2023-grid
31101,0.0002306,0.00006738,0.02371,conus-2023-grid
31103,0.0003592,0.0001214,0.03908,conus-2023-grid
31105,0.0003626,0.00009438,0.08663,conus-2023-grid
31107,0.0003296,0.0001208,0.02875,conus-2023-grid
31109,0.0001314,0.00004086,0.04759,conus-2023-grid
31111,0.0002656,0.00008316,0.04938,conus-2023-grid
31113,0.0005081,0.0001911,0.06348,conus-2023-grid
31115,0.0003162,0.0001027,0.05153,conus-2023-grid
31117,0.0003225,0.0001013,0.04314,conus-2023-grid
31119,0.0003294,0.0001271,0.03674,conus-2023-grid
31121,0.0002154,0.00007394,0.06112,conus-2023-grid
31123,0.0003627,0.000102,0.03839,conus-2023-grid
31125,0.0002593,0.00009335,0.03784,conus-2023-grid
31127,0.0001497,0.00005058,0.0399,conus-2023-grid
31129,0.0001125,0.00003406,0.03499,conus-2023-grid
31131,0.0001369,0.00004513,0.04838,conus-2023-grid
31133,0.0001463,0.00004742,0.02683,conus-2023-grid
31135,0.0001916,0.00005458,0.05531,conus-2023-grid
31137,0.000165,0.00005112,0.05053,conus-2023-grid
31139,0.0003283,0.0001239,0.05739,conus-2023-grid
31141,0.0002899,0.0001108,0.05003,conus-2023-grid
31143,0.0002106,0.00007338,0.06054,conus-2023-grid
31145,0.0001574,0.00004922,0.03481,conus-2023-grid
31147,0.0001536,0.00004912,0.04314,conus-2023-grid
31149,0.0003258,0.0001078,0.05428,conus-2023-grid
31151,0.0001231,0.00003738,0.05029,conus-2023-grid
31153,0.0001209,0.00003714,0.03634,conus-2023-grid
31155,0.0001539,0.00005015,0.05473,conus-2023-grid
31157,0.0004767,0.0001293,0.04718,conus-2023-grid
31159,0.0001461,0.00004617,0.05361,conus-2023-grid
31161,0.0006173,0.0002145,0.08108,conus-2023-grid
31163,0.0002345,0.00007665,0.03148,conus-2023-grid
31165,0.0007402,0.0002268,0.08247,conus-2023-grid
31167,0.0002905,0.0001115,0.05177,conus-2023-grid
31169,0.0001111,0.00003332,0.03749,conus-2023-grid
31171,0.0003961,0.0001336,0.0578,conus-2023-grid
31173,0.0001769,0.00005934,0.04867,conus-2023-grid
31175,0.0002655,0.00008698,0.0629,conus-2023-grid
31177,0.0001316,0.00004121,0.04982,conus-2023-grid
31179,0.0002758,0.0001024,0.04973,conus-2023-grid
31181,0.0001179,0.00003591,0.0475,conus-2023-grid
31183,0.0002918,0.00009985,0.05388,conus-2023-grid
31185,0.0001571,0.00005007,0.04505,conus-2023-grid
32001,0.003928,0.001195,0.2985,conus-2023-grid
32003,0.001342,0.0003926,0.1393,conus-2023-grid
32005,0.01008,0.003392,0.8298,conus-2023-grid
32007,0.001229,0.000374,0.2756,conus-2023-grid
32009,0.006393,0.001556,0.6378,conus-2023-grid
32011,0.001124,0.0003459,0.3135,conus-2023-grid
32013,0.001148,0.0003714,0.5096,conus-2023-grid
32015,0.001689,0.0004866,0.3089,conus-2023-grid
32017,0.003037,0.0008568,0.4476,conus-2023-grid
32019,0.006368,0.00167,0.8593,conus-2023-grid
32021,0.01355,0.004704,0.8734,conus-2023-grid
32023,0.002657,0.0008183,0.3499,conus-2023-grid
32027,0.001316,0.0003513,0.3907,conus-2023-grid
32029,0.00776,0.002319,0.6187,conus-2023-grid
32031,0.002238,0.0006569,0.3578,conus-2023-grid
32033,0.0006037,0.0001596,0.06998,conus-2023-grid
32510,0.009896,0.003806,0.9224,conus-2023-grid
33001,0.001592,0.0005843,0.1202,conus-2023-grid
33003,0.001428,0.0005098,0.1747,conus-2023-grid
33005,0.001211,0.0004096,0.102,conus-2023-grid
33007,0.001092,0.0003559,0.09274,conus-2023-grid
33009,0.001258,0.0004258,0.1076,conus-2023-grid
33011,0.001745,0.0006747,0.1509,conus-2023-grid
33013,0.001623,0.0006032,0.19,conus-2023-grid
33015,0.002135,0.0008727,0.2149,conus-2023-grid
33017,0.001855,0.0007141,0.1488,conus-2023-grid
33019,0.001204,0.0003994,0.09922,conus-2023-grid
34001,0.0008256,0.0002803,0.1254,conus-2023-grid
34003,0.002151,0.0008805,0.2039,conus-2023-grid
34005,0.00125,0.0004563,0.1653,conus-2023-grid
34007,0.00129,0.0004764,0.1671,conus-2023-grid
34009,0.0005991,0.0001946,0.09766,conus-2023-grid
34011,0.0009429,0.0003417,0.1365,conus-2023-grid
34013,0.002147,0.000876,0.1478,conus-2023-grid
34015,0.001318,0.0004973,0.1582,conus-2023-grid
34017,0.00211,0.0008613,0.2081,conus-2023-grid
34019,0.001599,0.000591,0.1337,conus-2023-grid
34021,0.001707,0.0006578,0.1704,conus-2023-grid
34023,0.001925,0.0007751,0.1979,conus-2023-grid
34025,0.001681,0.000669,0.1973,conus-2023-grid
34027,0.001878,0.0007332,0.1322,conus-2023-grid
34029,0.001103,0.000398,0.1466,conus-2023-grid
34031,0.002018,0.0008099,0.1698,conus-2023-grid
34033,0.001293,0.0004973,0.1314,conus-2023-grid
34035,0.001899,0.0007482,0.1872,conus-2023-grid
34037,0.001531,0.000565,0.1104,conus-2023-grid
34039,0.002124,0.0008686,0.2069,conus-2023-grid
34041,0.001381,0.0004882,0.1032,conus-2023-grid
35001,0.000971,0.0003276,0.2107,conus-2023-grid
35003,0.0002285,0.00004681,0.06917,conus-2023-grid
35005,0.00007452,0.00002138,0.03841,conus-2023-grid
35006,0.001113,0.00045,0.1403,conus-2023-grid
35007,0.0005205,0.0001882,0.09641,conus-2023-grid
35009,0.0002095,0.0000636,0.03259,conus-2023-grid
35011,0.0001473,0.0000463,0.04417,conus-2023-grid
35013,0.0003676,0.0001446,0.09336,conus-2023-grid
35015,0.00009528,0.00003175,0.01319,conus-2023-grid
35017,0.0001574,0.00003081,0.04118,conus-2023-grid
35019,0.000251,0.00009195,0.04197,conus-2023-grid
35021,0.0003757,0.0001208,0.03322,conus-2023-grid
35023,0.0004242,0.0001778,0.07874,conus-2023-grid
35025,0.0001287,0.00004399,0.02796,conus-2023-grid
35027,0.0001199,0.00003409,0.02333,conus-2023-grid
35028,0.001041,0.0003386,0.1594,conus-2023-grid
35029,0.0002184,0.0001061,0.1081,conus-2023-grid
35031,0.00167,0.000729,0.1584,conus-2023-grid
35033,0.0005562,0.0002189,0.04857,conus-2023-grid
35035,0.0001875,0.00006807,0.02318,conus-2023-grid
35037,0.0003076,0.00009971,0.06263,conus-2023-grid
35039,0.0006995,0.0001875,0.1753,conus-2023-grid
35041,0.0001268,0.00003668,0.02649,conus-2023-grid
35043,0.0007854,0.0002102,0.1257,conus-2023-grid
35045,0.00117,0.0004404,0.1424,conus-2023-grid
35047,0.0003945,0.0001504,0.06381,conus-2023-grid
35049,0.0007791,0.0002769,0.148,conus-2023-grid
35051,0.000351,0.0001168,0.07024,conus-2023-grid
35053,0.0009333,0.000311,0.184,conus-2023-grid
35055,0.0005585,0.0001446,0.07446,conus-2023-grid
35057,0.0002965,0.0000644,0.06202,conus-2023-grid
35059,0.0004414,0.0001418,0.0435,conus-2023-grid
35061,0.001256,0.000399,0.1949,conus-2023-grid
36001,0.0008322,0.0002628,0.07838,conus-2023-grid
36003,0.0003191,0.0001052,0.06192,conus-2023-grid
36005,0.002028,0.0008171,0.1673,conus-2023-grid
36007,0.0004863,0.0001453,0.0448,conus-2023-grid
36009,0.0002868,0.00009416,0.02692,conus-2023-grid
36011,0.0003784,0.000112,0.08605,conus-2023-grid
36013,0.0002428,0.00007609,0.0235,conus-2023-grid
36015,0.000375,0.0001145,0.03665,conus-2023-grid
36017,0.0004896,0.000142,0.04994,conus-2023-grid
36019,0.002998,0.001163,0.204,conus-2023-grid
36021,0.0009134,0.0002868,0.07529,conus-2023-grid
36023,0.0004133,0.0001197,0.03978,conus-2023-grid
36025,0.0006553,0.0001956,0.05816,conus-2023-grid
36027,0.001397,0.0005133,0.1163,conus-2023-grid
36029,0.0003539,0.0001289,0.03312,conus-2023-grid
36031,0.002323,0.0008713,0.166,conus-2023-grid
36033,0.002971,0.001127,0.2462,conus-2023-grid
36035,0.0009846,0.0003146,0.08495,conus-2023-grid
36037,0.0004015,0.0001492,0.07422,conus-2023-grid
36039,0.0008613,0.0002746,0.07169,conus-2023-grid
36041,0.00215,0.0008702,0.1519,conus-2023-grid
36043,0.001474,0.0005234,0.1088,conus-2023-grid
36045,0.0006575,0.0001817,0.1003,conus-2023-grid
36047,0.001898,0.0007584,0.1914,conus-2023-grid
36049,0.0009739,0.0003004,0.1075,conus-2023-grid
36051,0.0003697,0.0001288,0.05146,conus-2023-grid
36053,0.0005092,0.0001465,0.06197,conus-2023-grid
36055,0.0003654,0.0001238,0.06147,conus-2023-grid
36057,0.0008459,0.0002657,0.07171,conus-2023-grid
36059,0.001543,0.0005817,0.1773,conus-2023-grid
36061,0.002097,0.0008535,0.1561,conus-2023-grid
36063,0.0003697,0.0001384,0.06872,conus-2023-grid
36065,0.0006863,0.0002061,0.106,conus-2023-grid
36067,0.0004177,0.0001196,0.0406,conus-2023-grid
36069,0.0003566,0.0001163,0.03546,conus-2023-grid
36071,0.001689,0.000656,0.1445,conus-2023-grid
36073,0.0003716,0.0001327,0.0628,conus-2023-grid
36075,0.0004828,0.0001375,0.07647,conus-2023-grid
36077,0.0006217,0.0001846,0.05579,conus-2023-grid
36079,0.001835,0.0007323,0.1284,conus-2023-grid
36081,0.00181,0.0007146,0.1918,conus-2023-grid
36083,0.0008147,0.0002412,0.07992,conus-2023-grid
36085,0.00203,0.0008288,0.198,conus-2023-grid
36087,0.002094,0.0008582,0.1441,conus-2023-grid
36089,0.001932,0.0006543,0.2193,conus-2023-grid
36091,0.0009841,0.0003081,0.09662,conus-2023-grid
36093,0.000856,0.0002689,0.07287,conus-2023-grid
36095,0.0007766,0.0002457,0.07134,conus-2023-grid
36097,0.000348,0.0001067,0.03365,conus-2023-grid
36099,0.0003556,0.0001084,0.06651,conus-2023-grid
36101,0.0003329,0.000105,0.05621,conus-2023-grid
36103,0.0009739,0.0003283,0.1336,conus-2023-grid
36105,0.0009618,0.0003151,0.1222,conus-2023-grid
36107,0.0004198,0.0001267,0.0394,conus-2023-grid
36109,0.0003775,0.0001123,0.08012,conus-2023-grid
36111,0.001034,0.0003469,0.08215,conus-2023-grid
36113,0.001559,0.0005479,0.161,conus-2023-grid
36115,0.00105,0.0003255,0.1042,conus-2023-grid
36117,0.0003672,0.0001153,0.08152,conus-2023-grid
36119,0.002013,0.0008154,0.1562,conus-2023-grid
36121,0.0003831,0.0001408,0.03697,conus-2023-grid
36123,0.0003461,0.0001085,0.03335,conus-2023-grid
37001,0.0004262,0.0001026,0.125,conus-2023-grid
37003,0.000952,0.0002914,0.1286,conus-2023-grid
37005,0.001176,0.000405,0.1042,conus-2023-grid
37007,0.000887,0.0002585,0.1598,conus-2023-grid
37009,0.00133,0.0004618,0.1144,conus-2023-grid
37011,0.001379,0.0004571,0.1197,conus-2023-grid
37013,0.0001858,0.00004509,0.0591,conus-2023-grid
37015,0.0002331,0.00005388,0.08536,conus-2023-grid
37017,0.0005786,0.0001608,0.09903,conus-2023-grid
37019,0.0006398,0.000193,0.1266,conus-2023-grid
37021,0.001755,0.0005859,0.1484,conus-2023-grid
37023,0.001152,0.0003564,0.1071,conus-2023-grid
37025,0.0007502,0.000203,0.1352,conus-2023-grid
37027,0.001128,0.0003603,0.1543,conus-2023-grid
37029,0.0001819,0.00004511,0.06922,conus-2023-grid
37031,0.0001605,0.00004071,0.06737,conus-2023-grid
37033,0.0004642,0.0001134,0.0686,conus-2023-grid
37035,0.0009023,0.0002594,0.1489,conus-2023-grid
37037,0.0004154,0.00009794,0.105,conus-2023-grid
37039,0.003613,0.001373,0.259,conus-2023-grid
37041,0.0002043,0.00004863,0.07725,conus-2023-grid
37043,0.002507,0.000836,0.1942,conus-2023-grid
37045,0.001038,0.0002983,0.1474,conus-2023-grid
37047,0.0007584,0.0002381,0.1552,conus-2023-grid
37049,0.0002133,0.00005214,0.08095,conus-2023-grid
37051,0.0004903,0.0001236,0.136,conus-2023-grid
37053,0.0001613,0.000041,0.0647,conus-2023-grid
37055,0.0001113,0.00003016,0.02189,conus-2023-grid
37057,0.0005962,0.0001588,0.1312,conus-2023-grid
37059,0.0007014,0.0001985,0.1148,conus-2023-grid
37061,0.0003395,0.00008149,0.09331,conus-2023-grid
37063,0.0003738,0.00008567,0.07473,conus-2023-grid
37065,0.0002722,0.0000612,0.08119,conus-2023-grid
37067,0.0006284,0.0001756,0.08678,conus-2023-grid
37069,0.0003538,0.00008103,0.08389,conus-2023-grid
37071,0.0009283,0.0002593,0.1539,conus-2023-grid
37073,0.0002768,0.00006741,0.08776,conus-2023-grid
37075,0.003714,0.001395,0.3511,conus-2023-grid
37077,0.0004258,0.0001006,0.1204,conus-2023-grid
37079,0.0002549,0.00005717,0.07273,conus-2023-grid
37081,0.0004944,0.0001262,0.1032,conus-2023-grid
37083,0.0003672,0.00008878,0.09323,conus-2023-grid
37085,0.0004103,0.00009732,0.0809,conus-2023-grid
37087,0.002265,0.0007865,0.1799,conus-2023-grid
37089,0.001637,0.0005388,0.1474,conus-2023-grid
37091,0.0003048,0.00007342,0.09495,conus-2023-grid
37093,0.0006076,0.0001616,0.1315,conus-2023-grid
37095,0.0001312,0.00003407,0.06068,conus-2023-grid
37097,0.0007976,0.0002288,0.1738,conus-2023-grid
37099,0.00221,0.0007584,0.1758,conus-2023-grid
37101,0.0003222,0.00007325,0.1028,conus-2023-grid
37103,0.0002459,0.00005841,0.07943,conus-2023-grid
37105,0.0004385,0.0001048,0.07722,conus-2023-grid
37107,0.0002627,0.00006014,0.09285,conus-2023-grid
37109,0.0009023,0.0002531,0.1064,conus-2023-grid
37111,0.001355,0.0004321,0.1749,conus-2023-grid
37113,0.002307,0.0007741,0.1896,conus-2023-grid
37115,0.002006,0.0006878,0.1611,conus-2023-grid
37117,0.000222,0.00005044,0.08643,conus-2023-grid
37119,0.0008678,0.0002405,0.1363,conus-2023-grid
37121,0.001513,0.0005025,0.1295,conus-2023-grid
37123,0.0006386,0.000169,0.091,conus-2023-grid
37125,0.0005501,0.0001401,0.08887,conus-2023-grid
37127,0.0003101,0.00007056,0.09072,conus-2023-grid
37129,0.0004593,0.0001242,0.1056,conus-2023-grid
37131,0.0004034,0.0001005,0.0991,conus-2023-grid
37133,0.0002884,0.00006959,0.0866,conus-2023-grid
37135,0.0003969,0.00009286,0.09846,conus-2023-grid
37137,0.0001742,0.00004459,0.06733,conus-2023-grid
37139,0.0001839,0.0000452,0.07014,conus-2023-grid
37141,0.0004056,0.0001045,0.09914,conus-2023-grid
37143,0.0001891,0.0000458,0.06334,conus-2023-grid
37145,0.0004509,0.0001079,0.1031,conus-2023-grid
37147,0.0002283,0.00005134,0.07246,conus-2023-grid
37149,0.001378,0.000433,0.2224,conus-2023-grid
37151,0.0005148,0.0001302,0.08128,conus-2023-grid
37153,0.0007722,0.00022,0.135,conus-2023-grid
37155,0.0007588,0.0002248,0.1663,conus-2023-grid
37157,0.0005256,0.0001373,0.06737,conus-2023-grid
37159,0.0006912,0.0001876,0.1468,conus-2023-grid
37161,0.001218,0.0003697,0.1776,conus-2023-grid
37163,0.0004093,0.0001001,0.1007,conus-2023-grid
37165,0.0007776,0.0002248,0.1644,conus-2023-grid
37167,0.0007206,0.0001948,0.08915,conus-2023-grid
37169,0.0006897,0.0002026,0.07011,conus-2023-grid
37171,0.000906,0.0002931,0.1246,conus-2023-grid
37173,0.00314,0.001148,0.2242,conus-2023-grid
37175,0.001882,0.0006379,0.1548,conus-2023-grid
37177,0.000145,0.00003646,0.06175,conus-2023-grid
37179,0.0009678,0.0002817,0.1577,conus-2023-grid
37181,0.0004554,0.0001104,0.0574,conus-2023-grid
37183,0.0003393,0.0000763,0.052,conus-2023-grid
37185,0.0004721,0.0001179,0.08546,conus-2023-grid
37187,0.0001749,0.00004193,0.07243,conus-2023-grid
37189,0.001334,0.0004512,0.1165,conus-2023-grid
37191,0.0002939,0.00006744,0.08933,conus-2023-grid
37193,0.001064,0.0003503,0.1481,conus-2023-grid
37195,0.0002772,0.00006245,0.07438,conus-2023-grid
37197,0.0007989,0.0002423,0.151,conus-2023-grid
37199,0.001597,0.0005306,0.1362,conus-2023-grid
38001,0.0001104,0.00003095,0.03532,conus-2023-grid
38003,0.00007391,0.00002444,0.009701,conus-2023-grid
38005,0.00005388,0.00001791,0.008734,conus-2023-grid
38007,0.00008318,0.00002277,0.01174,conus-2023-grid
38009,0.00006254,0.00002091,0.01705,conus-2023-grid
38011,0.0001327,0.00003416,0.04,conus-2023-grid
38013,0.00006735,0.00002172,0.01431,conus-2023-grid
38015,0.00006954,0.00002232,0.01129,conus-2023-grid
38017,0.00007452,0.00002468,0.01505,conus-2023-grid
38019,0.00004763,0.00001603,0.01127,conus-2023-grid
38021,0.0001134,0.00003793,0.02396,conus-2023-grid
38023,0.00007033,0.00002199,0.01286,conus-2023-grid
38025,0.00006982,0.00002079,0.02855,conus-2023-grid
38027,0.00005575,0.00001846,0.01544,conus-2023-grid
38029,0.00009406,0.00002988,0.01193,conus-2023-grid
38031,0.00005946,0.00001962,0.01417,conus-2023-grid
38033,0.00009314,0.00002459,0.02281,conus-2023-grid
38035,0.00004922,0.00001636,0.01016,conus-2023-grid
38037,0.00008934,0.00002694,0.01984,conus-2023-grid
38039,0.00005902,0.00001951,0.01482,conus-2023-grid
38041,0.00009194,0.00002634,0.01945,conus-2023-grid
38043,0.00007092,0.00002301,0.01271,conus-2023-grid
38045,0.00009366,0.00003111,0.0215,conus-2023-grid
38047,0.0000878,0.00002834,0.01797,conus-2023-grid
38049,0.00005813,0.00001921,0.01801,conus-2023-grid
38051,0.0001091,0.00003566,0.01974,conus-2023-grid
38053,0.00008071,0.00002499,0.01804,conus-2023-grid
38055,0.00006152,0.00001963,0.01807,conus-2023-grid
38057,0.00006595,0.00002042,0.01029,conus-2023-grid
38059,0.00007675,0.0000238,0.01238,conus-2023-grid
38061,0.00006527,0.00002078,0.02271,conus-2023-grid
38063,0.00005155,0.00001712,0.01043,conus-2023-grid
38065,0.00006757,0.00002124,0.01337,conus-2023-grid
38067,0.00004265,0.0000143,0.009321,conus-2023-grid
38069,0.00005567,0.00001851,0.01429,conus-2023-grid
38071,0.00005041,0.0000168,0.01302,conus-2023-grid
38073,0.0001024,0.00003506,0.01876,conus-2023-grid
38075,0.00006472,0.00002129,0.01912,conus-2023-grid
38077,0.0001246,0.00004493,0.02,conus-2023-grid
38079,0.00005657,0.00001906,0.01354,conus-2023-grid
38081,0.0001264,0.00004438,0.02269,conus-2023-grid
38083,0.00005994,0.00001959,0.0153,conus-2023-grid
38085,0.00009897,0.00003035,0.01102,conus-2023-grid
38087,0.0001073,0.00002816,0.02868,conus-2023-grid
38089,0.00008011,0.00002295,0.01051,conus-2023-grid
38091,0.00005833,0.0000193,0.01056,conus-2023-grid
38093,0.00007099,0.00002324,0.01543,conus-2023-grid
38095,0.00005248,0.00001766,0.0132,conus-2023-grid
38097,0.00005709,0.00001889,0.01238,conus-2023-grid
38099,0.0000454,0.00001512,0.009314,conus-2023-grid
38101,0.00006087,0.00001973,0.01543,conus-2023-grid
38103,0.0000589,0.00001939,0.01768,conus-2023-grid
38105,0.00007686,0.0000243,0.01196,conus-2023-grid
39001,0.0006539,0.0002125,0.07101,conus-2023-grid
39003,0.001109,0.0004186,0.1536,conus-2023-grid
39005,0.0003239,0.00009976,0.08604,conus-2023-grid
39007,0.0003754,0.0001419,0.07131,conus-2023-grid
39009,0.0004068,0.0001319,0.07014,conus-2023-grid
39011,0.001885,0.0009162,0.2192,conus-2023-grid
39013,0.00023,0.00006577,0.05547,conus-2023-grid
39015,0.00065,0.0002062,0.1451,conus-2023-grid
39017,0.0005521,0.000147,0.07555,conus-2023-grid
39019,0.0002287,0.00006714,0.04375,conus-2023-grid
39021,0.0007875,0.0002556,0.1358,conus-2023-grid
39023,0.0005907,0.0001705,0.1175,conus-2023-grid
39025,0.0006057,0.0001793,0.07084,conus-2023-grid
39027,0.0005034,0.0001418,0.1241,conus-2023-grid
39029,0.0002373,0.00007175,0.03335,conus-2023-grid
39031,0.0002579,0.0000738,0.04252,conus-2023-grid
39033,0.0004322,0.0001356,0.1094,conus-2023-grid
39035,0.0004047,0.0001492,0.07615,conus-2023-grid
39037,0.0009104,0.0002994,0.1711,conus-2023-grid
39039,0.0006088,0.0002063,0.1253,conus-2023-grid
39041,0.0003926,0.0001112,0.1142,conus-2023-grid
39043,0.0004282,0.0001447,0.09039,conus-2023-grid
39045,0.0003466,0.00009929,0.09002,conus-2023-grid
39047,0.0004487,0.0001246,0.1366,conus-2023-grid
39049,0.0003747,0.0001034,0.07128,conus-2023-grid
39051,0.0005876,0.0002075,0.1156,conus-2023-grid
39053,0.0005472,0.0001796,0.07603,conus-2023-grid
39055,0.0004043,0.000153,0.04495,conus-2023-grid
39057,0.0005236,0.0001449,0.09357,conus-2023-grid
39059,0.0002399,0.00006808,0.06757,conus-2023-grid
39061,0.0005723,0.0001543,0.1302,conus-2023-grid
39063,0.0006441,0.0002128,0.1284,conus-2023-grid
39065,0.0008108,0.0002804,0.128,conus-2023-grid
39067,0.000221,0.00006282,0.02845,conus-2023-grid
39069,0.0006266,0.0002146,0.1255,conus-2023-grid
39071,0.0005374,0.0001609,0.1276,conus-2023-grid
39073,0.0003888,0.0001191,0.07798,conus-2023-grid
39075,0.0002667,0.00007833,0.03264,conus-2023-grid
39077,0.0004038,0.0001318,0.08207,conus-2023-grid
39079,0.0005176,0.0001676,0.08521,conus-2023-grid
39081,0.0002206,0.00006382,0.06685,conus-2023-grid
39083,0.0003044,0.00008772,0.05336,conus-2023-grid
39085,0.0004324,0.0001695,0.04453,conus-2023-grid
39087,0.0006023,0.0001933,0.06416,conus-2023-grid
39089,0.0003082,0.00008691,0.08534,conus-2023-grid
39091,0.001084,0.0004069,0.09274,conus-2023-grid
39093,0.0003788,0.0001267,0.09072,conus-2023-grid
39095,0.0006042,0.0002268,0.1111,conus-2023-grid
39097,0.0004514,0.0001249,0.1155,conus-2023-grid
39099,0.0002676,0.00008548,0.06579,conus-2023-grid
39101,0.0004728,0.0001421,0.1094,conus-2023-grid
39103,0.0003299,0.0001072,0.03877,conus-2023-grid
39105,0.0004658,0.0001539,0.09706,conus-2023-grid
39107,0.001168,0.0004426,0.1561,conus-2023-grid
39109,0.001016,0.000358,0.155,conus-2023-grid
39111,0.0002586,0.00007531,0.03252,conus-2023-grid
39113,0.0005904,0.0001636,0.1342,conus-2023-grid
39115,0.0003227,0.00009913,0.08421,conus-2023-grid
39117,0.00037,0.0001087,0.09231,conus-2023-grid
39119,0.0002739,0.00007911,0.08068,conus-2023-grid
39121,0.0002669,0.00007762,0.03537,conus-2023-grid
39123,0.0005368,0.0001949,0.05678,conus-2023-grid
39125,0.0006584,0.0002192,0.1338,conus-2023-grid
39127,0.0003246,0.00009652,0.06703,conus-2023-grid
39129,0.0003922,0.0001093,0.06669,conus-2023-grid
39131,0.0005176,0.0001593,0.07808,conus-2023-grid
39133,0.0003249,0.0001114,0.05471,conus-2023-grid
39135,0.0005854,0.0001583,0.1376,conus-2023-grid
39137,0.000743,0.0002504,0.1413,conus-2023-grid
39139,0.0003531,0.0001083,0.04137,conus-2023-grid
39141,0.0004476,0.0001312,0.0537,conus-2023-grid
39143,0.0005417,0.0001909,0.1102,conus-2023-grid
39145,0.0005931,0.0001893,0.1376,conus-2023-grid
39147,0.0005102,0.0001708,0.1139,conus-2023-grid
39149,0.002083,0.001112,0.2359,conus-2023-grid
39151,0.0002609,0.00008028,0.05551,conus-2023-grid
39153,0.0003231,0.0001081,0.06086,conus-2023-grid
39155,0.000327,0.0001145,0.06045,conus-2023-grid
39157,0.0002345,0.00006777,0.04088,conus-2023-grid
39159,0.0005281,0.0001563,0.116,conus-2023-grid
39161,0.0008355,0.0002864,0.1498,conus-2023-grid
39163,0.00045,0.000144,0.05223,conus-2023-grid
39165,0.0005307,0.000146,0.09193,conus-2023-grid
39167,0.0003277,0.0001012,0.03927,conus-2023-grid
39169,0.0002884,0.00008846,0.08576,conus-2023-grid
39171,0.0005557,0.0001929,0.1056,conus-2023-grid
39173,0.0006078,0.0002133,0.1194,conus-2023-grid
39175,0.0005396,0.0001715,0.1203,conus-2023-grid
40001,0.0005737,0.0001438,0.08383,conus-2023-grid
40003,0.0003733,0.0001225,0.09207,conus-2023-grid
40005,0.0006419,0.0002129,0.06663,conus-2023-grid
40007,0.0003847,0.0001262,0.08161,conus-2023-grid
40009,0.0006216,0.0002194,0.08686,conus-2023-grid
40011,0.0006799,0.0002413,0.08384,conus-2023-grid
40013,0.0004925,0.0001515,0.1049,conus-2023-grid
40015,0.0009788,0.0004546,0.1098,conus-2023-grid
40017,0.0008469,0.0003163,0.108,conus-2023-grid
40019,0.0007984,0.0002926,0.1009,conus-2023-grid
40021,0.0005045,0.0001315,0.1391,conus-2023-grid
40023,0.0004725,0.0001339,0.1195,conus-2023-grid
40025,0.0004379,0.0001436,0.06461,conus-2023-grid
40027,0.0009299,0.0003449,0.1249,conus-2023-grid
40029,0.0007283,0.0002506,0.1237,conus-2023-grid
40031,0.0009893,0.0006012,0.1169,conus-2023-grid
40033,0.000784,0.0003573,0.1025,conus-2023-grid
40035,0.0002965,0.00006159,0.08386,conus-2023-grid
40037,0.0004128,0.0001148,0.1195,conus-2023-grid
40039,0.0006605,0.000235,0.08912,conus-2023-grid
40041,0.0004349,0.00009792,0.07564,conus-2023-grid
40043,0.0005827,0.0001985,0.06572,conus-2023-grid
40045,0.0004834,0.0001572,0.08113,conus-2023-grid
40047,0.0004535,0.0001484,0.08852,conus-2023-grid
40049,0.001032,0.000404,0.1328,conus-2023-grid
40051,0.001121,0.0004943,0.1118,conus-2023-grid
40053,0.0003032,0.00009192,0.08075,conus-2023-grid
40055,0.0006097,0.0002256,0.1004,conus-2023-grid
40057,0.0005094,0.0001737,0.06869,conus-2023-grid
40059,0.0003289,0.0001017,0.05181,conus-2023-grid
40061,0.0005869,0.0001657,0.07645,conus-2023-grid
40063,0.0007012,0.0002356,0.1153,conus-2023-grid
40065,0.0005535,0.0002066,0.09555,conus-2023-grid
40067,0.0007125,0.0002693,0.1126,conus-2023-grid
40069,0.000701,0.0002395,0.1171,conus-2023-grid
40071,0.0002289,0.0000597,0.08972,conus-2023-grid
40073,0.0006631,0.0002345,0.1016,conus-2023-grid
40075,0.0008433,0.0004716,0.1121,conus-2023-grid
40077,0.0006007,0.0001776,0.07075,conus-2023-grid
40079,0.0006491,0.0001782,0.1155,conus-2023-grid
40081,0.0005552,0.0001724,0.06443,conus-2023-grid
40083,0.0005947,0.0001984,0.1053,conus-2023-grid
40085,0.0005585,0.0001836,0.1128,conus-2023-grid
40087,0.001056,0.000416,0.1124,conus-2023-grid
40089,0.0005483,0.0001505,0.1356,conus-2023-grid
40091,0.000549,0.0001621,0.1258,conus-2023-grid
40093,0.0005164,0.0001745,0.08765,conus-2023-grid
40095,0.0005608,0.0001803,0.1357,conus-2023-grid
40097,0.000379,0.00009048,0.1158,conus-2023-grid
40099,0.0008799,0.0003239,0.1365,conus-2023-grid
40101,0.0005078,0.0001416,0.09555,conus-2023-grid
40103,0.0003569,0.0001039,0.0801,conus-2023-grid
40105,0.0002457,0.00005232,0.1076,conus-2023-grid
40107,0.0005756,0.0001799,0.122,conus-2023-grid
40109,0.0007635,0.0002674,0.1258,conus-2023-grid
40111,0.0004815,0.0001384,0.1305,conus-2023-grid
40113,0.0002344,0.00005536,0.05606,conus-2023-grid
40115,0.0003584,0.00007369,0.1238,conus-2023-grid
40117,0.0003121,0.00008183,0.07138,conus-2023-grid
40119,0.0004192,0.0001218,0.07827,conus-2023-grid
40121,0.0006292,0.0001987,0.1227,conus-2023-grid
40123,0.0008268,0.0002928,0.08526,conus-2023-grid
40125,0.0008083,0.0002818,0.08027,conus-2023-grid
40127,0.0005684,0.0001727,0.06617,conus-2023-grid
40129,0.000586,0.000197,0.08731,conus-2023-grid
40131,0.0003222,0.0000779,0.08408,conus-2023-grid
40133,0.0007381,0.0002508,0.1087,conus-2023-grid
40135,0.0006079,0.0001612,0.1505,conus-2023-grid
40137,0.001033,0.0004657,0.1288,conus-2023-grid
40139,0.0004143,0.0001355,0.0566,conus-2023-grid
40141,0.0006181,0.0002526,0.08984,conus-2023-grid
40143,0.0003541,0.00009209,0.0863,conus-2023-grid
40145,0.0004226,0.0001122,0.1336,conus-2023-grid
40147,0.0002382,0.00005325,0.09664,conus-2023-grid
40149,0.0007668,0.0003237,0.1078,conus-2023-grid
40151,0.0003753,0.0001227,0.05859,conus-2023-grid
40153,0.0004385,0.0001414,0.0764,conus-2023-grid
41001,0.0007237,0.0002188,0.2169,conus-2023-grid
41003,0.003594,0.001622,0.6536,conus-2023-grid
41005,0.002589,0.0007472,0.2988,conus-2023-grid
41007,0.003696,0.002008,0.6107,conus-2023-grid
41009,0.003938,0.001547,0.3912,conus-2023-grid
41011,0.004638,0.002888,0.5415,conus-2023-grid
41013,0.0002151,0.00004271,0.04982,conus-2023-grid
41015,0.00624,0.003645,0.6755,conus-2023-grid
41017,0.0006737,0.0001692,0.1182,conus-2023-grid
41019,0.00211,0.000959,0.3497,conus-2023-grid
41021,0.0008162,0.0002134,0.1153,conus-2023-grid
41023,0.0002308,0.00006156,0.03702,conus-2023-grid
41025,0.0001461,0.00002375,0.03309,conus-2023-grid
41027,0.001953,0.0005359,0.2437,conus-2023-grid
41029,0.002018,0.0006665,0.2744,conus-2023-grid
41031,0.0008905,0.0002405,0.2128,conus-2023-grid
41033,0.003753,0.001892,0.5358,conus-2023-grid
41035,0.001073,0.0002613,0.1673,conus-2023-grid
41037,0.001194,0.0005156,0.1512,conus-2023-grid
41039,0.001876,0.0007491,0.3345,conus-2023-grid
41041,0.006608,0.00302,0.6848,conus-2023-grid
41043,0.002093,0.0006933,0.2638,conus-2023-grid
41045,0.00005957,0.000009445,0.2903,conus-2023-grid
41047,0.002985,0.001004,0.4417,conus-2023-grid
41049,0.0005671,0.000146,0.08132,conus-2023-grid
41051,0.003518,0.001166,0.833,conus-2023-grid
41053,0.003881,0.001726,0.3994,conus-2023-grid
41055,0.0009752,0.0002449,0.1381,conus-2023-grid
41057,0.003939,0.00211,0.5055,conus-2023-grid
41059,0.0006913,0.0001766,0.08705,conus-2023-grid
41061,0.001102,0.0005708,0.2252,conus-2023-grid
41063,0.0004617,0.0001102,0.06241,conus-2023-grid
41065,0.001246,0.0003275,0.168,conus-2023-grid
41067,0.004275,0.001844,0.6834,conus-2023-grid
41069,0.0003599,0.00009353,0.06128,conus-2023-grid
41071,0.004028,0.001794,0.3999,conus-2023-grid
42001,0.000921,0.0003189,0.1072,conus-2023-grid
42003,0.00025,0.00007701,0.02874,conus-2023-grid
42005,0.0002645,0.00008279,0.03422,conus-2023-grid
42007,0.0002344,0.00007113,0.08022,conus-2023-grid
42009,0.0005305,0.0001756,0.0472,conus-2023-grid
42011,0.001341,0.0004959,0.1583,conus-2023-grid
42013,0.0004349,0.0001404,0.03953,conus-2023-grid
42015,0.0004579,0.000143,0.04164,conus-2023-grid
42017,0.001518,0.0005531,0.1418,conus-2023-grid
42019,0.0002485,0.00007817,0.03102,conus-2023-grid
42021,0.0003671,0.0001165,0.0518,conus-2023-grid
42023,0.000297,0.00009111,0.02882,conus-2023-grid
42025,0.0009561,0.0003144,0.1074,conus-2023-grid
42027,0.0004083,0.000127,0.08336,conus-2023-grid
42029,0.001664,0.0006582,0.121,conus-2023-grid
42031,0.0002545,0.00008082,0.02731,conus-2023-grid
42033,0.0003198,0.00009984,0.03077,conus-2023-grid
42035,0.000375,0.0001144,0.03481,conus-2023-grid
42037,0.0006967,0.0002248,0.05808,conus-2023-grid
42039,0.0002837,0.00009584,0.03161,conus-2023-grid
42041,0.0008245,0.0002816,0.09589,conus-2023-grid
42043,0.001003,0.0003627,0.08345,conus-2023-grid
42045,0.001595,0.0006192,0.1276,conus-2023-grid
42047,0.0002709,0.00008416,0.03262,conus-2023-grid
42049,0.0002614,0.00008555,0.03403,conus-2023-grid
42051,0.0003127,0.00009394,0.03449,conus-2023-grid
42053,0.000248,0.00007816,0.03998,conus-2023-grid
42055,0.0007329,0.0002474,0.07829,conus-2023-grid
42057,0.0006491,0.0002198,0.05546,conus-2023-grid
42059,0.0002632,0.00007698,0.03147,conus-2023-grid
42061,0.000517,0.0001683,0.04597,conus-2023-grid
42063,0.0003015,0.00009406,0.06115,conus-2023-grid
42065,0.0002702,0.00008463,0.0301,conus-2023-grid
42067,0.0006137,0.0001979,0.0525,conus-2023-grid
42069,0.0007508,0.0002394,0.0625,conus-2023-grid
42071,0.001629,0.0006664,0.1437,conus-2023-grid
42073,0.0002494,0.00007795,0.03101,conus-2023-grid
42075,0.001266,0.0004867,0.1022,conus-2023-grid
42077,0.001182,0.0004047,0.1008,conus-2023-grid
42079,0.0007531,0.0002427,0.06307,conus-2023-grid
42081,0.000448,0.0001387,0.04069,conus-2023-grid
42083,0.0002673,0.00008401,0.03263,conus-2023-grid
42085,0.0002763,0.00009136,0.02886,conus-2023-grid
42087,0.0005249,0.0001674,0.04609,conus-2023-grid
42089,0.001042,0.0003451,0.08122,conus-2023-grid
42091,0.001509,0.0005571,0.1281,conus-2023-grid
42093,0.00063,0.0002009,0.06782,conus-2023-grid
42095,0.001213,0.000413,0.09241,conus-2023-grid
42097,0.0007041,0.0002293,0.06368,conus-2023-grid
42099,0.0007246,0.000241,0.06007,conus-2023-grid
42101,0.001537,0.0005788,0.1574,conus-2023-grid
42103,0.001073,0.0003593,0.08202,conus-2023-grid
42105,0.0003041,0.00009375,0.02934,conus-2023-grid
42107,0.0009835,0.0003397,0.07713,conus-2023-grid
42109,0.0006266,0.0002007,0.05385,conus-2023-grid
42111,0.0004081,0.0001286,0.04349,conus-2023-grid
42113,0.0005349,0.0001691,0.04714,conus-2023-grid
42115,0.0005728,0.0001779,0.05103,conus-2023-grid
42117,0.0003591,0.0001108,0.0341,conus-2023-grid
42119,0.0005485,0.0001719,0.07755,conus-2023-grid
42121,0.0002506,0.0000793,0.02683,conus-2023-grid
42123,0.000238,0.0000733,0.02444,conus-2023-grid
42125,0.0002441,0.00007351,0.0293,conus-2023-grid
42127,0.0007627,0.0002397,0.06351,conus-2023-grid
42129,0.0002944,0.00009037,0.04265,conus-2023-grid
42131,0.00062,0.0001972,0.05307,conus-2023-grid
42133,0.00128,0.0004914,0.1085,conus-2023-grid
44001,0.001063,0.0003779,0.09127,conus-2023-grid
44003,0.001074,0.0003772,0.1057,conus-2023-grid
44005,0.000972,0.0003484,0.09307,conus-2023-grid
44007,0.001128,0.0003895,0.106,conus-2023-grid
44009,0.000981,0.0003475,0.09306,conus-2023-grid
45001,0.001741,0.0006191,0.2059,conus-2023-grid
45003,0.001711,0.0005745,0.214,conus-2023-grid
45005,0.001793,0.0006806,0.238,conus-2023-grid
45007,0.001507,0.0004848,0.2159,conus-2023-grid
45009,0.002301,0.0009299,0.281,conus-2023-grid
45011,0.001802,0.0006445,0.2572,conus-2023-grid
45013,0.002045,0.0009885,0.2356,conus-2023-grid
45015,0.00478,0.002724,0.3863,conus-2023-grid
45017,0.002295,0.0008902,0.2671,conus-2023-grid
45019,0.004754,0.002697,0.3873,conus-2023-grid
45021,0.00115,0.0003398,0.1843,conus-2023-grid
45023,0.001405,0.0004585,0.1804,conus-2023-grid
45025,0.001171,0.0003718,0.1819,conus-2023-grid
45027,0.002538,0.00113,0.29,conus-2023-grid
45029,0.003272,0.001681,0.323,conus-2023-grid
45031,0.001374,0.0004731,0.2195,conus-2023-grid
45033,0.001049,0.0003498,0.1925,conus-2023-grid
45035,0.005041,0.002739,0.4024,conus-2023-grid
45037,0.001793,0.0006191,0.2382,conus-2023-grid
45039,0.001745,0.0006155,0.1909,conus-2023-grid
45041,0.001586,0.0006168,0.228,conus-2023-grid
45043,0.001898,0.0008987,0.2361,conus-2023-grid
45045,0.001471,0.0004695,0.213,conus-2023-grid
45047,0.001767,0.0006146,0.1993,conus-2023-grid
45049,0.001981,0.0008369,0.2516,conus-2023-grid
45051,0.001162,0.0004377,0.1909,conus-2023-grid
45053,0.001773,0.0007762,0.2368,conus-2023-grid
45055,0.001676,0.000586,0.2014,conus-2023-grid
45057,0.001309,0.0004202,0.2011,conus-2023-grid
45059,0.00151,0.0004846,0.17,conus-2023-grid
45061,0.001693,0.0006116,0.2451,conus-2023-grid
45063,0.001956,0.0006904,0.2039,conus-2023-grid
45065,0.001944,0.0007446,0.2064,conus-2023-grid
45067,0.001296,0.0004856,0.206,conus-2023-grid
45069,0.001019,0.0003211,0.192,conus-2023-grid
45071,0.001736,0.0005975,0.2293,conus-2023-grid
45073,0.001605,0.0005132,0.1672,conus-2023-grid
45075,0.002549,0.001046,0.2955,conus-2023-grid
45077,0.001632,0.0005376,0.1609,conus-2023-grid
45079,0.001988,0.0007184,0.2543,conus-2023-grid
45081,0.001817,0.0006226,0.2255,conus-2023-grid
45083,0.001309,0.0004013,0.1802,conus-2023-grid
45085,0.002058,0.0007965,0.2703,conus-2023-grid
45087,0.001408,0.000452,0.1696,conus-2023-grid
45089,0.002238,0.001067,0.2595,conus-2023-grid
45091,0.001116,0.0003318,0.1666,conus-2023-grid
46003,0.000355,0.0001311,0.05067,conus-2023-grid
46005,0.0002826,0.0001038,0.04216,conus-2023-grid
46007,0.0006248,0.0002279,0.06588,conus-2023-grid
46009,0.0003215,0.0001174,0.04865,conus-2023-grid
46011,0.00017,0.00005847,0.02135,conus-2023-grid
46013,0.0001443,0.00004826,0.02789,conus-2023-grid
46015,0.0003569,0.0001288,0.04197,conus-2023-grid
46017,0.0003443,0.0001255,0.05127,conus-2023-grid
46019,0.000355,0.00009754,0.0566,conus-2023-grid
46021,0.0001375,0.00004669,0.02368,conus-2023-grid
46023,0.0003571,0.0001291,0.05184,conus-2023-grid
46025,0.0001854,0.00006247,0.02604,conus-2023-grid
46027,0.0002126,0.0000723,0.02771,conus-2023-grid
46029,0.0001594,0.00005311,0.02479,conus-2023-grid
46031,0.0001237,0.00003745,0.02943,conus-2023-grid
46033,0.0008587,0.000292,0.07218,conus-2023-grid
46035,0.000325,0.0001184,0.04292,conus-2023-grid
46037,0.0001561,0.00005303,0.02094,conus-2023-grid
46039,0.0001472,0.000049,0.02505,conus-2023-grid
46041,0.0001718,0.00005356,0.01994,conus-2023-grid
46043,0.0003428,0.0001238,0.04726,conus-2023-grid
46045,0.0001686,0.00005749,0.03029,conus-2023-grid
46047,0.0009544,0.0003289,0.1084,conus-2023-grid
46049,0.0001975,0.0000665,0.03198,conus-2023-grid
46051,0.0001524,0.00005265,0.01596,conus-2023-grid
46053,0.0003558,0.0001244,0.03263,conus-2023-grid
46055,0.0003045,0.00009447,0.03179,conus-2023-grid
46057,0.0001726,0.00005797,0.02851,conus-2023-grid
46059,0.0002785,0.00009992,0.04068,conus-2023-grid
46061,0.0002864,0.000102,0.03828,conus-2023-grid
46063,0.0001929,0.00004973,0.0344,conus-2023-grid
46065,0.0002855,0.00009839,0.02924,conus-2023-grid
46067,0.0002907,0.0001032,0.04414,conus-2023-grid
46069,0.0002698,0.00009372,0.03735,conus-2023-grid
46071,0.0004687,0.0001573,0.06452,conus-2023-grid
46073,0.0003461,0.0001299,0.04147,conus-2023-grid
46075,0.0003485,0.0001185,0.03531,conus-2023-grid
46077,0.0002221,0.0000781,0.0344,conus-2023-grid
46079,0.0002138,0.00007592,0.03096,conus-2023-grid
46081,0.0006287,0.0001858,0.05744,conus-2023-grid
46083,0.0001761,0.0000584,0.04621,conus-2023-grid
46085,0.0003363,0.0001166,0.0415,conus-2023-grid
46087,0.0002388,0.00008316,0.03778,conus-2023-grid
46089,0.0001354,0.00004545,0.02858,conus-2023-grid
46091,0.0001471,0.00005174,0.01609,conus-2023-grid
46093,0.0003383,0.0001,0.03891,conus-2023-grid
46095,0.0004005,0.000136,0.06049,conus-2023-grid
46097,0.0002588,0.00009293,0.03354,conus-2023-grid
46099,0.0001863,0.00006402,0.03797,conus-2023-grid
46101,0.0001773,0.00006242,0.03023,conus-2023-grid
46102,0.0007208,0.0002527,0.06206,conus-2023-grid
46103,0.0005714,0.0001869,0.07625,conus-2023-grid
46105,0.0001603,0.00004486,0.02097,conus-2023-grid
46107,0.0002033,0.00006914,0.03465,conus-2023-grid
46109,0.000166,0.00006185,0.02065,conus-2023-grid
46111,0.0003105,0.0001147,0.03093,conus-2023-grid
46115,0.0002019,0.00006882,0.02955,conus-2023-grid
46117,0.0002755,0.0000913,0.05127,conus-2023-grid
46119,0.0002336,0.00007785,0.04195,conus-2023-grid
46121,0.0004429,0.0001524,0.05821,conus-2023-grid
46123,0.0003524,0.0001179,0.04345,conus-2023-grid
46125,0.0002213,0.00007541,0.04319,conus-2023-grid
46127,0.0001742,0.00005735,0.03217,conus-2023-grid
46129,0.0001748,0.00006141,0.0294,conus-2023-grid
46135,0.0002645,0.00009378,0.04152,conus-2023-grid
46137,0.0001925,0.00005693,0.04309,conus-2023-grid
47001,0.003563,0.001345,0.3055,conus-2023-grid
47003,0.00151,0.0004089,0.2421,conus-2023-grid
47005,0.004317,0.001773,0.3601,conus-2023-grid
47007,0.002601,0.0008795,0.3227,conus-2023-grid
47009,0.004929,0.002103,0.3162,conus-2023-grid
47011,0.00363,0.001388,0.3,conus-2023-grid
47013,0.002684,0.0009626,0.2072,conus-2023-grid
47015,0.001429,0.0003664,0.1527,conus-2023-grid
47017,0.00525,0.002274,0.3972,conus-2023-grid
47019,0.001535,0.0005193,0.1313,conus-2023-grid
47021,0.002156,0.0006921,0.2718,conus-2023-grid
47023,0.004087,0.001679,0.4476,conus-2023-grid
47025,0.002749,0.001041,0.2066,conus-2023-grid
47027,0.001127,0.0002565,0.1341,conus-2023-grid
47029,0.002635,0.000953,0.1969,conus-2023-grid
47031,0.001579,0.0004331,0.2644,conus-2023-grid
47033,0.008125,0.00375,0.611,conus-2023-grid
47035,0.002309,0.0007328,0.2798,conus-2023-grid
47037,0.001722,0.0004986,0.205,conus-2023-grid
47039,0.003464,0.001363,0.2837,conus-2023-grid
47041,0.001382,0.0003437,0.16,conus-2023-grid
47043,0.002548,0.0008805,0.3019,conus-2023-grid
47045,0.01485,0.007497,0.7437,conus-2023-grid
47047,0.005372,0.002349,0.4912,conus-2023-grid
47049,0.001608,0.0004424,0.2498,conus-2023-grid
47051,0.001719,0.000507,0.2204,conus-2023-grid
47053,0.007851,0.003622,0.5905,conus-2023-grid
47055,0.001671,0.0004891,0.2267,conus-2023-grid
47057,0.003089,0.001188,0.2223,conus-2023-grid
47059,0.002159,0.000757,0.2048,conus-2023-grid
47061,0.001971,0.0006049,0.2396,conus-2023-grid
47063,0.002811,0.001054,0.2183,conus-2023-grid
47065,0.002993,0.001097,0.2281,conus-2023-grid
47067,0.002364,0.0008647,0.1864,conus-2023-grid
47069,0.004325,0.001789,0.3567,conus-2023-grid
47071,0.002882,0.00107,0.281,conus-2023-grid
47073,0.002095,0.0007372,0.1682,conus-2023-grid
47075,0.007151,0.003235,0.5753,conus-2023-grid
47077,0.004174,0.00173,0.4299,conus-2023-grid
47079,0.005563,0.002397,0.4709,conus-2023-grid
47081,0.002441,0.0008428,0.3198,conus-2023-grid
47083,0.003551,0.001363,0.3212,conus-2023-grid
47085,0.003441,0.001326,0.3284,conus-2023-grid
47087,0.001206,0.00028,0.1367,conus-2023-grid
47089,0.003251,0.00124,0.2339,conus-2023-grid
47091,0.001479,0.0005139,0.1247,conus-2023-grid
47093,0.004273,0.001734,0.317,conus-2023-grid
47095,0.02029,0.01093,0.8667,conus-2023-grid
47097,0.01121,0.00543,0.6328,conus-2023-grid
47099,0.001936,0.0006126,0.2999,conus-2023-grid
47101,0.002255,0.0007593,0.2701,conus-2023-grid
47103,0.001543,0.0004326,0.2771,conus-2023-grid
47105,0.00509,0.00216,0.3597,conus-2023-grid
47107,0.004917,0.002094,0.3693,conus-2023-grid
47109,0.003343,0.001297,0.3852,conus-2023-grid
47111,0.001196,0.0002817,0.2117,conus-2023-grid
47113,0.0054,0.002349,0.4981,conus-2023-grid
47115,0.002317,0.0007854,0.1948,conus-2023-grid
47117,0.001593,0.0004483,0.2463,conus-2023-grid
47119,0.001834,0.0005572,0.2949,conus-2023-grid
47121,0.003878,0.001487,0.2771,conus-2023-grid
47123,0.005628,0.002529,0.3507,conus-2023-grid
47125,0.002873,0.001016,0.271,conus-2023-grid
47127,0.001554,0.0004312,0.1592,conus-2023-grid
47129,0.002533,0.0008348,0.2002,conus-2023-grid
47131,0.01254,0.005878,0.6789,conus-2023-grid
47133,0.001349,0.0003345,0.1407,conus-2023-grid
47135,0.003056,0.001153,0.2595,conus-2023-grid
47137,0.001276,0.0003174,0.1348,conus-2023-grid
47139,0.004041,0.001611,0.2799,conus-2023-grid
47141,0.001413,0.0003545,0.2481,conus-2023-grid
47143,0.003275,0.001187,0.2423,conus-2023-grid
47145,0.003892,0.001474,0.3767,conus-2023-grid
47147,0.001929,0.0005805,0.2699,conus-2023-grid
47149,0.001457,0.0003843,0.2513,conus-2023-grid
47151,0.002079,0.0006634,0.1742,conus-2023-grid
47153,0.002466,0.0008331,0.2049,conus-2023-grid
47155,0.003528,0.00134,0.2432,conus-2023-grid
47157,0.006604,0.003218,0.5087,conus-2023-grid
47159,0.00125,0.0002969,0.1984,conus-2023-grid
47161,0.004159,0.001656,0.4236,conus-2023-grid
47163,0.001626,0.0005561,0.1738,conus-2023-grid
47165,0.001471,0.0003887,0.1794,conus-2023-grid
47167,0.008652,0.004239,0.6042,conus-2023-grid
47169,0.001282,0.000313,0.1574,conus-2023-grid
47171,0.001706,0.0005744,0.1419,conus-2023-grid
47173,0.003278,0.001259,0.2334,conus-2023-grid
47175,0.001976,0.0005947,0.1788,conus-2023-grid
47177,0.001638,0.0004507,0.2626,conus-2023-grid
47179,0.00175,0.0005928,0.1952,conus-2023-grid
47181,0.002421,0.0008454,0.2496,conus-2023-grid
47183,0.007532,0.003402,0.5797,conus-2023-grid
47185,0.00168,0.0004627,0.2632,conus-2023-grid
47187,0.001765,0.0005216,0.1943,conus-2023-grid
47189,0.001374,0.0003488,0.2167,conus-2023-grid
48001,0.000149,0.00004508,0.03537,conus-2023-grid
48003,0.0001632,0.00005837,0.02511,conus-2023-grid
48005,0.0001443,0.0000416,0.07308,conus-2023-grid
48007,0.00007423,0.0000256,0.00767,conus-2023-grid
48009,0.0003047,0.00009147,0.06192,conus-2023-grid
48011,0.0005775,0.0002073,0.08549,conus-2023-grid
48013,0.00007682,0.00002672,0.01383,conus-2023-grid
48015,0.0000946,0.00003197,0.03982,conus-2023-grid
48017,0.0001521,0.00004418,0.02621,conus-2023-grid
48019,0.00004887,0.00001393,0.005925,conus-2023-grid
48021,0.00008123,0.0000275,0.01463,conus-2023-grid
48023,0.0002432,0.00006891,0.05464,conus-2023-grid
48025,0.00007911,0.00002735,0.01401,conus-2023-grid
48027,0.00006391,0.00001742,0.02762,conus-2023-grid
48029,0.00005349,0.00001522,0.01425,conus-2023-grid
48031,0.00004731,0.00001349,0.01106,conus-2023-grid
48033,0.00008994,0.00002599,0.01048,conus-2023-grid
48035,0.00007567,0.00001846,0.02033,conus-2023-grid
48037,0.0004145,0.0001006,0.1425,conus-2023-grid
48039,0.00009603,0.00003368,0.03931,conus-2023-grid
48041,0.00009768,0.00003177,0.03971,conus-2023-grid
48043,0.0004151,0.0001554,0.03239,conus-2023-grid
48045,0.0003376,0.0001043,0.03201,conus-2023-grid
48047,0.00009629,0.0000309,0.01709,conus-2023-grid
48049,0.00005482,0.00001473,0.01311,conus-2023-grid
48051,0.00009207,0.00003026,0.04532,conus-2023-grid
48053,0.00004971,0.00001422,0.01499,conus-2023-grid
48055,0.00007202,0.00002305,0.03597,conus-2023-grid
48057,0.00007724,0.00002668,0.02954,conus-2023-grid
48059,0.00006862,0.00001733,0.03423,conus-2023-grid
48061,0.00009365,0.00003099,0.01574,conus-2023-grid
48063,0.000263,0.00006706,0.09803,conus-2023-grid
48065,0.0008065,0.0003131,0.1059,conus-2023-grid
48067,0.000344,0.00008312,0.1044,conus-2023-grid
48069,0.0002909,0.00009153,0.04748,conus-2023-grid
48071,0.000111,0.00003803,0.04854,conus-2023-grid
48073,0.0001642,0.00004825,0.02674,conus-2023-grid
48075,0.0003906,0.0001223,0.06032,conus-2023-grid
48077,0.0004437,0.0001471,0.0851,conus-2023-grid
48079,0.0001119,0.00003227,0.03042,conus-2023-grid
48081,0.00009357,0.00003209,0.009236,conus-2023-grid
48083,0.00005802,0.00001554,0.01582,conus-2023-grid
48085,0.0002487,0.00006621,0.05119,conus-2023-grid
48087,0.0005458,0.0001855,0.05855,conus-2023-grid
48089,0.00009887,0.00003525,0.03855,conus-2023-grid
48091,0.00005085,0.0000143,0.02138,conus-2023-grid
48093,0.00006214,0.00001563,0.02548,conus-2023-grid
48095,0.00005622,0.00001646,0.008464,conus-2023-grid
48097,0.0003908,0.0001161,0.08403,conus-2023-grid
48099,0.00005976,0.00001548,0.02831,conus-2023-grid
48101,0.0002527,0.0000708,0.04829,conus-2023-grid
48103,0.0002078,0.00007247,0.03008,conus-2023-grid
48105,0.0001181,0.00003756,0.01655,conus-2023-grid
48107,0.0001251,0.00003298,0.04118,conus-2023-grid
48109,0.0001866,0.00005407,0.02114,conus-2023-grid
48111,0.0005475,0.0001921,0.0708,conus-2023-grid
48113,0.0001653,0.00004102,0.04043,conus-2023-grid
48115,0.00009953,0.00002991,0.02466,conus-2023-grid
48117,0.0004311,0.0001508,0.06399,conus-2023-grid
48119,0.0003065,0.00008375,0.1103,conus-2023-grid
48121,0.0002384,0.00006167,0.07199,conus-2023-grid
48123,0.00008916,0.00003205,0.02371,conus-2023-grid
48125,0.0001364,0.00003478,0.0166,conus-2023-grid
48127,0.00009233,0.00003249,0.01517,conus-2023-grid
48129,0.000556,0.0001929,0.08797,conus-2023-grid
48131,0.0000868,0.0000288,0.01322,conus-2023-grid
48133,0.00007486,0.00001833,0.03274,conus-2023-grid
48135,0.0001773,0.00006173,0.02682,conus-2023-grid
48137,0.00006616,0.00001997,0.01128,conus-2023-grid
48139,0.0001291,0.00003309,0.06498,conus-2023-grid
48141,0.0001924,0.00005926,0.09956,conus-2023-grid
48143,0.0000779,0.00001824,0.04193,conus-2023-grid
48145,0.00009296,0.00002876,0.03999,conus-2023-grid
48147,0.0003582,0.0001028,0.1008,conus-2023-grid
48149,0.00009811,0.00003533,0.03338,conus-2023-grid
48151,0.0000854,0.00002282,0.03135,conus-2023-grid
48153,0.0001948,0.00005383,0.05255,conus-2023-grid
48155,0.0002678,0.0000772,0.05549,conus-2023-grid
48157,0.00009565,0.00003247,0.0349,conus-2023-grid
48159,0.0002811,0.00007252,0.07582,conus-2023-grid
48161,0.0001321,0.00004121,0.04719,conus-2023-grid
48163,0.00007635,0.00002609,0.01394,conus-2023-grid
48165,0.0001265,0.00004186,0.02768,conus-2023-grid
48167,0.0001036,0.0000371,0.04327,conus-2023-grid
48169,0.00009653,0.00002598,0.02768,conus-2023-grid
48171,0.0000449,0.00001288,0.02383,conus-2023-grid
48173,0.0001017,0.00003138,0.02717,conus-2023-grid
48175,0.00007896,0.000027,0.02608,conus-2023-grid
48177,0.00009108,0.00003346,0.02574,conus-2023-grid
48179,0.0007521,0.0002832,0.06641,conus-2023-grid
48181,0.0003807,0.0001116,0.1058,conus-2023-grid
48183,0.000223,0.00005891,0.08843,conus-2023-grid
48185,0.00009997,0.00003235,0.04328,conus-2023-grid
48187,0.00006153,0.00001846,0.02313,conus-2023-grid
48189,0.0001819,0.00005165,0.03617,conus-2023-grid
48191,0.0003338,0.0000997,0.03852,conus-2023-grid
48193,0.00006045,0.00001502,0.02042,conus-2023-grid
48195,0.0005922,0.0002088,0.09488,conus-2023-grid
48197,0.0003752,0.0001192,0.0711,conus-2023-grid
48199,0.000121,0.00003802,0.05754,conus-2023-grid
48201,0.0001031,0.00003458,0.0453,conus-2023-grid
48203,0.000264,0.00006626,0.09425,conus-2023-grid
48205,0.0006468,0.0002412,0.07544,conus-2023-grid
48207,0.0001251,0.00003092,0.05097,conus-2023-grid
48209,0.00005252,0.00001484,0.02131,conus-2023-grid
48211,0.000629,0.0002192,0.06851,conus-2023-grid
48213,0.0001584,0.00004531,0.0669,conus-2023-grid
48215,0.0001236,0.00003869,0.01996,conus-2023-grid
48217,0.00009622,0.00002462,0.06705,conus-2023-grid
48219,0.0001161,0.00003285,0.03049,conus-2023-grid
48221,0.00009776,0.00002247,0.03787,conus-2023-grid
48223,0.0002638,0.00007055,0.0978,conus-2023-grid
48225,0.0001287,0.00003877,0.04626,conus-2023-grid
48227,0.0000968,0.00002981,0.01955,conus-2023-grid
48229,0.0001772,0.00003632,0.04714,conus-2023-grid
48231,0.000248,0.00006857,0.09301,conus-2023-grid
48233,0.0007783,0.0002956,0.06754,conus-2023-grid
48235,0.00008758,0.00002695,0.01347,conus-2023-grid
48237,0.0002194,0.00005845,0.05925,conus-2023-grid
48239,0.00008751,0.00003046,0.03267,conus-2023-grid
48241,0.0001395,0.00004161,0.05637,conus-2023-grid
48243,0.0003691,0.0001022,0.033,conus-2023-grid
48245,0.0001151,0.00003799,0.05422,conus-2023-grid
48247,0.0001115,0.00003526,0.01606,conus-2023-grid
48249,0.00008234,0.0000276,0.01541,conus-2023-grid
48251,0.0001061,0.00002454,0.04002,conus-2023-grid
48253,0.000086,0.00002148,0.03283,conus-2023-grid
48255,0.00007849,0.00002703,0.01379,conus-2023-grid
48257,0.0001697,0.00004576,0.0704,conus-2023-grid
48259,0.00004619,0.00001292,0.01995,conus-2023-grid
48261,0.00008405,0.00002789,0.015,conus-2023-grid
48263,0.00009984,0.0000256,0.01397,conus-2023-grid
48265,0.00004717,0.0000135,0.008837,conus-2023-grid
48267,0.00005076,0.00001481,0.01073,conus-2023-grid
48269,0.00016,0.00004088,0.03362,conus-2023-grid
48271,0.00008053,0.00002553,0.00811,conus-2023-grid
48273,0.00007888,0.00002645,0.01474,conus-2023-grid
48275,0.0001942,0.00005168,0.04126,conus-2023-grid
48277,0.0003758,0.0001033,0.1052,conus-2023-grid
48279,0.0001678,0.00004846,0.03742,conus-2023-grid
48281,0.00005057,0.00001366,0.01658,conus-2023-grid
48283,0.00008349,0.00002858,0.01391,conus-2023-grid
48285,0.0001042,0.00003945,0.02865,conus-2023-grid
48287,0.00008714,0.00002918,0.04545,conus-2023-grid
48289,0.0001189,0.00003762,0.02351,conus-2023-grid
48291,0.0001124,0.0000364,0.04687,conus-2023-grid
48293,0.0001174,0.00003754,0.06071,conus-2023-grid
48295,0.0005088,0.0001709,0.06843,conus-2023-grid
48297,0.0000847,0.00003033,0.0122,conus-2023-grid
48299,0.00004651,0.00001368,0.02269,conus-2023-grid
48301,0.0001872,0.00006594,0.02986,conus-2023-grid
48303,0.0001203,0.00003299,0.031,conus-2023-grid
48305,0.00009785,0.00002757,0.02734,conus-2023-grid
48307,0.00004877,0.00001399,0.02679,conus-2023-grid
48309,0.00008216,0.0000223,0.03821,conus-2023-grid
48311,0.00008699,0.00003141,0.01033,conus-2023-grid
48313,0.0001091,0.00003462,0.04315,conus-2023-grid
48315,0.0002989,0.00007347,0.09177,conus-2023-grid
48317,0.0001117,0.00003497,0.02615,conus-2023-grid
48319,0.00004729,0.00001411,0.008871,conus-2023-grid
48321,0.00008336,0.00002886,0.03303,conus-2023-grid
48323,0.0001011,0.00003648,0.01641,conus-2023-grid
48325,0.00005743,0.00001711,0.01539,conus-2023-grid
48327,0.00005252,0.00001517,0.01444,conus-2023-grid
48329,0.0001285,0.00004099,0.02934,conus-2023-grid
48331,0.00008657,0.00002809,0.03662,conus-2023-grid
48333,0.00005154,0.00001385,0.01365,conus-2023-grid
48335,0.00009569,0.00003116,0.01726,conus-2023-grid
48337,0.0004116,0.0001276,0.05242,conus-2023-grid
48339,0.000104,0.00003368,0.0403,conus-2023-grid
48341,0.0007348,0.0002745,0.06064,conus-2023-grid
48343,0.000307,0.00007618,0.1161,conus-2023-grid
48345,0.0002086,0.00005628,0.04138,conus-2023-grid
48347,0.0001628,0.00004511,0.05199,conus-2023-grid
48349,0.0001347,0.00003984,0.05928,conus-2023-grid
48351,0.000146,0.0000428,0.05104,conus-2023-grid
48353,0.0000867,0.00002722,0.02707,conus-2023-grid
48355,0.00007627,0.00002586,0.01465,conus-2023-grid
48357,0.0005755,0.000203,0.09407,conus-2023-grid
48359,0.0006402,0.0002449,0.05936,conus-2023-grid
48361,0.0001258,0.00004062,0.05803,conus-2023-grid
48363,0.0001216,0.00002922,0.0404,conus-2023-grid
48365,0.0002217,0.00005628,0.07689,conus-2023-grid
48367,0.0001345,0.00003124,0.02759,conus-2023-grid
48369,0.000247,0.00007656,0.04031,conus-2023-grid
48371,0.0003182,0.0001136,0.03097,conus-2023-grid
48373,0.0001226,0.00003742,0.0572,conus-2023-grid
48375,0.0007732,0.0003008,0.06232,conus-2023-grid
48377,0.0003096,0.00008094,0.03959,conus-2023-grid
48379,0.0002157,0.00005816,0.0809,conus-2023-grid
48381,0.0005481,0.0001979,0.06121,conus-2023-grid
48383,0.0001107,0.00003488,0.01999,conus-2023-grid
48385,0.00005491,0.00001614,0.006181,conus-2023-grid
48387,0.0003879,0.0001009,0.1106,conus-2023-grid
48389,0.0002277,0.0000788,0.03774,conus-2023-grid
48391,0.00007619,0.00002602,0.02297,conus-2023-grid
48393,0.0007431,0.0002788,0.06565,conus-2023-grid
48395,0.0001029,0.00003341,0.03579,conus-2023-grid
48397,0.0002017,0.00005414,0.06774,conus-2023-grid
48399,0.00006708,0.00001998,0.02047,conus-2023-grid
48401,0.0001943,0.00005284,0.06953,conus-2023-grid
48403,0.0001702,0.0000462,0.08556,conus-2023-grid
48405,0.0001642,0.00004545,0.08033,conus-2023-grid
48407,0.0001125,0.00003536,0.03885,conus-2023-grid
48409,0.0000765,0.00002602,0.01509,conus-2023-grid
48411,0.00004769,0.00001371,0.0113,conus-2023-grid
48413,0.00006946,0.00002086,0.02136,conus-2023-grid
48415,0.00008704,0.00002443,0.02958,conus-2023-grid
48417,0.00009394,0.00002275,0.01756,conus-2023-grid
48419,0.0001921,0.00004963,0.06188,conus-2023-grid
48421,0.0005668,0.000196,0.06942,conus-2023-grid
48423,0.0001903,0.00005287,0.08588,conus-2023-grid
48425,0.00008559,0.00001989,0.02326,conus-2023-grid
48427,0.00016,0.00005012,0.02088,conus-2023-grid
48429,0.0001063,0.00002553,0.04835,conus-2023-grid
48431,0.00009873,0.00003249,0.01579,conus-2023-grid
48433,0.0001089,0.00002704,0.03737,conus-2023-grid
48435,0.00007066,0.00002142,0.0207,conus-2023-grid
48437,0.0003197,0.0001005,0.05354,conus-2023-grid
48439,0.0001471,0.00003416,0.08062,conus-2023-grid
48441,0.00007166,0.00001951,0.01097,conus-2023-grid
48443,0.0002015,0.00006663,0.01829,conus-2023-grid
48445,0.0001026,0.00003014,0.02712,conus-2023-grid
48447,0.0001486,0.00003739,0.03518,conus-2023-grid
48449,0.0003039,0.00007661,0.1022,conus-2023-grid
48451,0.00007374,0.00002278,0.02029,conus-2023-grid
48453,0.00005998,0.00001734,0.04152,conus-2023-grid
48455,0.0001251,0.0000375,0.04514,conus-2023-grid
48457,0.0001322,0.00003985,0.03953,conus-2023-grid
48459,0.0002376,0.00006172,0.06872,conus-2023-grid
48461,0.0001556,0.00005119,0.02312,conus-2023-grid
48463,0.00006515,0.00001991,0.01253,conus-2023-grid
48465,0.0001046,0.00003309,0.0121,conus-2023-grid
48467,0.0001808,0.00004901,0.0697,conus-2023-grid
48469,0.00008333,0.00002881,0.03058,conus-2023-grid
48471,0.0001092,0.00003434,0.04201,conus-2023-grid
48473,0.00009585,0.00003177,0.03461,conus-2023-grid
48475,0.0002239,0.000078,0.03013,conus-2023-grid
48477,0.00009295,0.00003084,0.0362,conus-2023-grid
48479,0.00009324,0.00003076,0.01476,conus-2023-grid
48481,0.00009165,0.00003155,0.03649,conus-2023-grid
48483,0.0006485,0.000229,0.07512,conus-2023-grid
48485,0.0004652,0.0001622,0.08202,conus-2023-grid
48487,0.0003927,0.0001298,0.08231,conus-2023-grid
48489,0.00009145,0.00002996,0.01567,conus-2023-grid
48491,0.00005953,0.00001667,0.02358,conus-2023-grid
48493,0.00006842,0.000022,0.02166,conus-2023-grid
48495,0.0002045,0.0000734,0.03481,conus-2023-grid
48497,0.0002298,0.00005986,0.06485,conus-2023-grid
48499,0.0002172,0.00005743,0.08273,conus-2023-grid
48501,0.0001074,0.00003275,0.02479,conus-2023-grid
48503,0.000176,0.00004534,0.03899,conus-2023-grid
48505,0.00013,0.00004095,0.01911,conus-2023-grid
48507,0.00008484,0.00002941,0.01481,conus-2023-grid
49001,0.002055,0.0005417,0.1827,conus-2023-grid
49003,0.001457,0.000412,0.4797,conus-2023-grid
49005,0.002711,0.0007517,0.1625,conus-2023-grid
49007,0.00307,0.001177,0.2499,conus-2023-grid
49009,0.001574,0.0005128,0.1253,conus-2023-grid
49011,0.003498,0.001257,0.6291,conus-2023-grid
49013,0.002018,0.0006593,0.1575,conus-2023-grid
49015,0.00418,0.001652,0.2723,conus-2023-grid
49017,0.004149,0.001625,0.2768,conus-2023-grid
49019,0.001796,0.000589,0.1395,conus-2023-grid
49021,0.002199,0.0006143,0.503,conus-2023-grid
49023,0.001051,0.0002356,0.4264,conus-2023-grid
49025,0.002503,0.0009157,0.1836,conus-2023-grid
49027,0.001392,0.0003641,0.4299,conus-2023-grid
49029,0.002545,0.0006035,0.1689,conus-2023-grid
49031,0.007,0.002716,0.6865,conus-2023-grid
49033,0.002126,0.0005337,0.4547,conus-2023-grid
49035,0.004275,0.001928,0.6863,conus-2023-grid
49037,0.001112,0.0003266,0.1042,conus-2023-grid
49039,0.004628,0.001598,0.6022,conus-2023-grid
49041,0.006888,0.002847,0.402,conus-2023-grid
49043,0.002111,0.0007163,0.4703,conus-2023-grid
49045,0.0005825,0.0001121,0.3754,conus-2023-grid
49047,0.001661,0.000548,0.1332,conus-2023-grid
49049,0.004353,0.001846,0.6409,conus-2023-grid
49051,0.002241,0.0005205,0.1778,conus-2023-grid
49053,0.001589,0.0004754,0.1126,conus-2023-grid
49055,0.003759,0.001378,0.2535,conus-2023-grid
49057,0.003474,0.001334,0.2432,conus-2023-grid
50001,0.001475,0.0004848,0.1175,conus-2023-grid
50003,0.0008613,0.000249,0.07521,conus-2023-grid
50005,0.001084,0.0003296,0.09324,conus-2023-grid
50007,0.001709,0.0005751,0.1375,conus-2023-grid
50009,0.001012,0.0003071,0.08956,conus-2023-grid
50011,0.001652,0.0005396,0.1447,conus-2023-grid
50013,0.002331,0.000849,0.249,conus-2023-grid
50015,0.001287,0.0003925,0.1079,conus-2023-grid
50017,0.001118,0.0003434,0.0941,conus-2023-grid
50019,0.001057,0.0003025,0.09322,conus-2023-grid
50021,0.001125,0.0003464,0.1381,conus-2023-grid
50023,0.001203,0.0003657,0.1007,conus-2023-grid
50025,0.0009249,0.0002762,0.07922,conus-2023-grid
50027,0.001044,0.0003146,0.08786,conus-2023-grid
51001,0.0002977,0.00007715,0.08127,conus-2023-grid
51003,0.002305,0.0009353,0.1666,conus-2023-grid
51005,0.0008317,0.0002659,0.07524,conus-2023-grid
51007,0.002611,0.001099,0.2244,conus-2023-grid
51009,0.001261,0.0004198,0.1029,conus-2023-grid
51011,0.001617,0.0005825,0.1578,conus-2023-grid
51013,0.0008925,0.0002816,0.07537,conus-2023-grid
51015,0.00109,0.0003506,0.1064,conus-2023-grid
51017,0.0007691,0.0002324,0.07097,conus-2023-grid
51019,0.0008216,0.0002401,0.09982,conus-2023-grid
51021,0.001425,0.0005357,0.1168,conus-2023-grid
51023,0.000839,0.0002575,0.0769,conus-2023-grid
51025,0.0008388,0.0002535,0.1296,conus-2023-grid
51027,0.001588,0.0006104,0.1299,conus-2023-grid
51029,0.002854,0.001244,0.2031,conus-2023-grid
51031,0.0009908,0.0003014,0.1287,conus-2023-grid
51033,0.001592,0.0006134,0.1927,conus-2023-grid
51035,0.00108,0.0003754,0.1011,conus-2023-grid
51036,0.001067,0.0003627,0.1566,conus-2023-grid
51037,0.001049,0.0003252,0.1145,conus-2023-grid
51041,0.002293,0.0009619,0.2199,conus-2023-grid
51043,0.0009512,0.0003208,0.1206,conus-2023-grid
51045,0.0009811,0.000341,0.0999,conus-2023-grid
51047,0.001457,0.0005169,0.1545,conus-2023-grid
51049,0.00335,0.00154,0.2531,conus-2023-grid
51051,0.001518,0.0005472,0.1268,conus-2023-grid
51053,0.001424,0.0005136,0.161,conus-2023-grid
51057,0.0009851,0.0003238,0.1216,conus-2023-grid
51059,0.0009702,0.0003115,0.09103,conus-2023-grid
51061,0.001145,0.0003817,0.1086,conus-2023-grid
51063,0.0009539,0.0003245,0.09412,conus-2023-grid
51065,0.003553,0.001731,0.2778,conus-2023-grid
51067,0.0007442,0.0002232,0.08277,conus-2023-grid
51069,0.000867,0.0002929,0.09551,conus-2023-grid
51071,0.001246,0.0004685,0.1167,conus-2023-grid
51073,0.0005403,0.0001516,0.06603,conus-2023-grid
51075,0.003668,0.001815,0.2827,conus-2023-grid
51077,0.001292,0.0004567,0.1095,conus-2023-grid
51079,0.001664,0.0006028,0.1246,conus-2023-grid
51081,0.0006648,0.0001919,0.1023,conus-2023-grid
51083,0.0006481,0.0001714,0.1104,conus-2023-grid
51085,0.002397,0.00105,0.2237,conus-2023-grid
51087,0.001654,0.0006418,0.1729,conus-2023-grid
51089,0.0006428,0.0001835,0.08424,conus-2023-grid
51091,0.0007189,0.0002141,0.06744,conus-2023-grid
51093,0.0004421,0.0001187,0.08988,conus-2023-grid
51095,0.0007051,0.0002122,0.1205,conus-2023-grid
51097,0.0009806,0.0003238,0.1225,conus-2023-grid
51099,0.00106,0.0003458,0.1467,conus-2023-grid
51101,0.001279,0.0004629,0.1677,conus-2023-grid
51103,0.0005272,0.0001454,0.09968,conus-2023-grid
51105,0.001986,0.0006981,0.1661,conus-2023-grid
51107,0.0009693,0.0003232,0.07706,conus-2023-grid
51109,0.003069,0.001487,0.2204,conus-2023-grid
51111,0.001146,0.000369,0.1389,conus-2023-grid
51113,0.001536,0.0005449,0.119,conus-2023-grid
51115,0.0004097,0.0001087,0.05039,conus-2023-grid
51117,0.0007051,0.0001952,0.106,conus-2023-grid
51119,0.0005898,0.0001677,0.1164,conus-2023-grid
51121,0.001068,0.0003827,0.1638,conus-2023-grid
51125,0.001847,0.0006974,0.1326,conus-2023-grid
51127,0.001074,0.0003658,0.1392,conus-2023-grid
51131,0.000276,0.00007052,0.07982,conus-2023-grid
51133,0.0005261,0.0001445,0.09654,conus-2023-grid
51135,0.001778,0.0006591,0.1886,conus-2023-grid
51137,0.002028,0.000836,0.1891,conus-2023-grid
51139,0.001154,0.0003845,0.1132,conus-2023-grid
51141,0.0007983,0.0002509,0.08114,conus-2023-grid
51143,0.0006062,0.0001587,0.09337,conus-2023-grid
51145,0.003463,0.001635,0.2472,conus-2023-grid
51147,0.001822,0.000673,0.1639,conus-2023-grid
51149,0.001119,0.0003845,0.1523,conus-2023-grid
51153,0.001087,0.0003551,0.133,conus-2023-grid
51155,0.001219,0.0004485,0.1117,conus-2023-grid
51157,0.001196,0.0004026,0.1291,conus-2023-grid
51159,0.0007716,0.0002333,0.1335,conus-2023-grid
51161,0.0009678,0.0003331,0.08586,conus-2023-grid
51163,0.0009563,0.0002947,0.1441,conus-2023-grid
51165,0.001037,0.0003356,0.1471,conus-2023-grid
51167,0.001661,0.0006172,0.135,conus-2023-grid
51169,0.001662,0.0005631,0.1393,conus-2023-grid
51171,0.0009496,0.0003129,0.09169,conus-2023-grid
51173,0.001529,0.0005628,0.1371,conus-2023-grid
51175,0.0005076,0.0001384,0.09356,conus-2023-grid
51177,0.001931,0.0007977,0.1941,conus-2023-grid
51179,0.001234,0.0004152,0.1171,conus-2023-grid
51181,0.0006702,0.0001996,0.1041,conus-2023-grid
51183,0.000792,0.0002447,0.1261,conus-2023-grid
51185,0.001615,0.0006219,0.1523,conus-2023-grid
51187,0.001024,0.0003426,0.08256,conus-2023-grid
51191,0.001616,0.0005875,0.1461,conus-2023-grid
51193,0.0008081,0.0002453,0.1323,conus-2023-grid
51195,0.00151,0.0005113,0.13,conus-2023-grid
51197,0.001338,0.0004872,0.112,conus-2023-grid
51199,0.000418,0.0001115,0.09841,conus-2023-grid
51510,0.0008718,0.0002711,0.0792,conus-2023-grid
51520,0.001603,0.0005605,0.147,conus-2023-grid
51530,0.001026,0.0003209,0.08848,conus-2023-grid
51540,0.002402,0.0009942,0.2216,conus-2023-grid
51550,0.0002542,0.00006334,0.08048,conus-2023-grid
51570,0.001573,0.0005964,0.1353,conus-2023-grid
51580,0.0008307,0.0002644,0.07524,conus-2023-grid
51590,0.0005174,0.00013,0.06651,conus-2023-grid
51595,0.0006728,0.0001952,0.1023,conus-2023-grid
51600,0.0009731,0.0003136,0.09813,conus-2023-grid
51610,0.0009308,0.0002976,0.08325,conus-2023-grid
51620,0.0004263,0.0001119,0.08509,conus-2023-grid
51630,0.001424,0.0005126,0.1571,conus-2023-grid
51640,0.001148,0.0004006,0.09926,conus-2023-grid
51650,0.0003358,0.00008667,0.08957,conus-2023-grid
51660,0.001106,0.0003609,0.1414,conus-2023-grid
51670,0.001415,0.0005218,0.1601,conus-2023-grid
51678,0.0009606,0.0002959,0.1441,conus-2023-grid
51680,0.001069,0.0003349,0.1161,conus-2023-grid
51683,0.001064,0.0003468,0.1136,conus-2023-grid
51685,0.00104,0.0003378,0.129,conus-2023-grid
51690,0.0006261,0.0001753,0.122,conus-2023-grid
51700,0.0004296,0.0001153,0.1007,conus-2023-grid
51710,0.0002921,0.00007408,0.08425,conus-2023-grid
51720,0.001536,0.00052,0.1301,conus-2023-grid
51730,0.001446,0.0005335,0.1643,conus-2023-grid
51735,0.0003573,0.00009309,0.04698,conus-2023-grid
51740,0.0003069,0.00007794,0.08381,conus-2023-grid
51750,0.001152,0.000421,0.1502,conus-2023-grid
51760,0.00228,0.0009695,0.1672,conus-2023-grid
51770,0.0008525,0.0002719,0.113,conus-2023-grid
51775,0.000894,0.0002941,0.09796,conus-2023-grid
51790,0.001185,0.0003896,0.09766,conus-2023-grid
51800,0.0003368,0.00008553,0.09364,conus-2023-grid
51810,0.0002213,0.00005552,0.07527,conus-2023-grid
51820,0.001504,0.000529,0.1171,conus-2023-grid
51830,0.0006203,0.0001808,0.09341,conus-2023-grid
51840,0.0008993,0.0003041,0.08227,conus-2023-grid
53001,0.0004768,0.0001217,0.1861,conus-2023-grid
53003,0.0003189,0.00008121,0.1284,conus-2023-grid
53005,0.001065,0.0003654,0.3007,conus-2023-grid
53007,0.002031,0.0005272,0.245,conus-2023-grid
53009,0.009019,0.003919,0.6363,conus-2023-grid
53011,0.003665,0.001148,0.6514,conus-2023-grid
53013,0.0006383,0.000179,0.1916,conus-2023-grid
53015,0.005103,0.001657,0.4674,conus-2023-grid
53017,0.001431,0.0003923,0.2629,conus-2023-grid
53019,0.0007487,0.000211,0.1442,conus-2023-grid
53021,0.000805,0.0002417,0.2438,conus-2023-grid
53023,0.0003627,0.00009532,0.1465,conus-2023-grid
53025,0.000966,0.0002509,0.1995,conus-2023-grid
53027,0.009322,0.004155,0.7488,conus-2023-grid
53029,0.01367,0.004746,0.8273,conus-2023-grid
53031,0.01286,0.005095,0.75,conus-2023-grid
53033,0.01087,0.003539,0.7182,conus-2023-grid
53035,0.01796,0.006563,0.9961,conus-2023-grid
53037,0.002493,0.0007053,0.8143,conus-2023-grid
53039,0.001501,0.0003914,0.1905,conus-2023-grid
53041,0.009183,0.003008,0.6536,conus-2023-grid
53043,0.0004851,0.0001248,0.06481,conus-2023-grid
53045,0.01673,0.006659,0.869,conus-2023-grid
53047,0.001895,0.0005758,0.227,conus-2023-grid
53049,0.005825,0.002894,0.4865,conus-2023-grid
53051,0.0002072,0.00005218,0.03328,conus-2023-grid
53053,0.01177,0.003786,0.8479,conus-2023-grid
53055,0.0121,0.004321,0.739,conus-2023-grid
53057,0.00475,0.001303,0.5946,conus-2023-grid
53059,0.003696,0.001016,0.3728,conus-2023-grid
53061,0.006726,0.001915,0.5531,conus-2023-grid
53063,0.0003835,0.0001107,0.1428,conus-2023-grid
53065,0.0003044,0.00007738,0.07323,conus-2023-grid
53067,0.0126,0.004567,0.9851,conus-2023-grid
53069,0.004624,0.002033,0.4334,conus-2023-grid
53071,0.000872,0.0002512,0.2387,conus-2023-grid
53073,0.004068,0.00118,0.4342,conus-2023-grid
53075,0.0002578,0.00006626,0.126,conus-2023-grid
53077,0.002312,0.0006553,0.2649,conus-2023-grid
54001,0.0003779,0.0001078,0.04131,conus-2023-grid
54003,0.0008267,0.0002835,0.06786,conus-2023-grid
54005,0.0008269,0.000271,0.07965,conus-2023-grid
54007,0.0004487,0.0001325,0.04868,conus-2023-grid
54009,0.0002288,0.00006787,0.02839,conus-2023-grid
54011,0.0006191,0.0001936,0.08546,conus-2023-grid
54013,0.0004237,0.0001281,0.05072,conus-2023-grid
54015,0.0005586,0.0001732,0.05787,conus-2023-grid
54017,0.0003126,0.00008955,0.06274,conus-2023-grid
54019,0.0008482,0.0002905,0.07775,conus-2023-grid
54021,0.0003887,0.000114,0.04948,conus-2023-grid
54023,0.0005855,0.0001805,0.05506,conus-2023-grid
54025,0.000858,0.0002936,0.07851,conus-2023-grid
54027,0.0007245,0.0002407,0.07722,conus-2023-grid
54029,0.0002262,0.00006695,0.04691,conus-2023-grid
54031,0.00076,0.0002448,0.06686,conus-2023-grid
54033,0.0003171,0.00008998,0.03689,conus-2023-grid
54035,0.0004852,0.000156,0.06241,conus-2023-grid
54037,0.0008957,0.0003048,0.1101,conus-2023-grid
54039,0.0006401,0.0002032,0.09777,conus-2023-grid
54041,0.0003703,0.0001063,0.06066,conus-2023-grid
54043,0.0007017,0.000218,0.09354,conus-2023-grid
54045,0.000979,0.0003308,0.08823,conus-2023-grid
54047,0.001538,0.0005967,0.1226,conus-2023-grid
54049,0.0002943,0.00008407,0.03625,conus-2023-grid
54051,0.0002461,0.00007176,0.03173,conus-2023-grid
54053,0.0005342,0.000174,0.06615,conus-2023-grid
54055,0.001383,0.0005266,0.1119,conus-2023-grid
54057,0.0005735,0.0001834,0.05346,conus-2023-grid
54059,0.001042,0.0003527,0.09685,conus-2023-grid
54061,0.0002951,0.0000854,0.03609,conus-2023-grid
54063,0.001115,0.0004112,0.09449,conus-2023-grid
54065,0.0007422,0.0002542,0.06268,conus-2023-grid
54067,0.0006393,0.0002033,0.07827,conus-2023-grid
54069,0.0002337,0.00006902,0.03097,conus-2023-grid
54071,0.0006877,0.0002073,0.06382,conus-2023-grid
54073,0.0003153,0.00009461,0.03858,conus-2023-grid
54075,0.0006201,0.0001853,0.06009,conus-2023-grid
54077,0.0003711,0.0001092,0.04017,conus-2023-grid
54079,0.0005827,0.0001843,0.0727,conus-2023-grid
54081,0.001108,0.0004015,0.1163,conus-2023-grid
54083,0.0004889,0.0001405,0.04993,conus-2023-grid
54085,0.0003431,0.0001021,0.03989,conus-2023-grid
54087,0.0004742,0.0001475,0.05695,conus-2023-grid
54089,0.001156,0.0004305,0.09751,conus-2023-grid
54091,0.0003369,0.00009621,0.03789,conus-2023-grid
54093,0.0004701,0.0001383,0.04795,conus-2023-grid
54095,0.0002854,0.0000827,0.03537,conus-2023-grid
54097,0.0004066,0.0001164,0.04446,conus-2023-grid
54099,0.000703,0.0002145,0.1052,conus-2023-grid
54101,0.0005311,0.0001588,0.09281,conus-2023-grid
54103,0.0002675,0.00007674,0.04429,conus-2023-grid
54105,0.0004083,0.0001278,0.05196,conus-2023-grid
54107,0.0003822,0.0001213,0.0671,conus-2023-grid
54109,0.001297,0.0004838,0.1083,conus-2023-grid
55001,0.00004791,0.00001385,0.04376,conus-2023-grid
55003,0.00003014,0.00001003,0.004322,conus-2023-grid
55005,0.00002859,0.000009286,0.01701,conus-2023-grid
55007,0.00002841,0.000009316,0.005324,conus-2023-grid
55009,0.00003844,0.00001145,0.03741,conus-2023-grid
55011,0.00003163,0.000009713,0.01441,conus-2023-grid
55013,0.00003175,0.00001049,0.009142,conus-2023-grid
55015,0.00005109,0.00001498,0.04261,conus-2023-grid
55017,0.00002687,0.000008498,0.0214,conus-2023-grid
55019,0.00002796,0.000008528,0.02191,conus-2023-grid
55021,0.00008415,0.00002463,0.02598,conus-2023-grid
55023,0.00006598,0.00001858,0.01582,conus-2023-grid
55025,0.000129,0.00003879,0.0542,conus-2023-grid
55027,0.00009409,0.00002773,0.05586,conus-2023-grid
55029,0.00003132,0.000009733,0.009123,conus-2023-grid
55031,0.00002953,0.0000098,0.006901,conus-2023-grid
55033,0.00002949,0.000009413,0.01282,conus-2023-grid
55035,0.00002842,0.000008813,0.007633,conus-2023-grid
55037,0.0000261,0.00000825,0.01472,conus-2023-grid
55039,0.00006782,0.0000198,0.049,conus-2023-grid
55041,0.00002551,0.000007977,0.02268,conus-2023-grid
55043,0.00009894,0.00002809,0.04308,conus-2023-grid
55045,0.0001882,0.0000582,0.04423,conus-2023-grid
55047,0.00006413,0.00001866,0.01337,conus-2023-grid
55049,0.0001103,0.00003216,0.03768,conus-2023-grid
55051,0.00003325,0.00001163,0.004361,conus-2023-grid
55053,0.00003276,0.000009722,0.03655,conus-2023-grid
55055,0.0001504,0.00004599,0.06923,conus-2023-grid
55057,0.0000466,0.00001343,0.04348,conus-2023-grid
55059,0.0002169,0.00006705,0.08142,conus-2023-grid
55061,0.00003686,0.00001112,0.02552,conus-2023-grid
55063,0.00003952,0.00001146,0.03041,conus-2023-grid
55065,0.0001544,0.00004584,0.05238,conus-2023-grid
55067,0.00002566,0.000007893,0.008187,conus-2023-grid
55069,0.00002501,0.000007752,0.01911,conus-2023-grid
55071,0.00004905,0.00001448,0.03368,conus-2023-grid
55073,0.00002733,0.000008299,0.009198,conus-2023-grid
55075,0.00002666,0.00000828,0.02185,conus-2023-grid
55077,0.00005805,0.00001681,0.03202,conus-2023-grid
55078,0.000028,0.000008517,0.01078,conus-2023-grid
55079,0.0001535,0.00004577,0.02482,conus-2023-grid
55081,0.00004193,0.0000121,0.03842,conus-2023-grid
55083,0.00002882,0.000008794,0.02232,conus-2023-grid
55085,0.00002625,0.000008323,0.02041,conus-2023-grid
55087,0.00003868,0.00001145,0.03045,conus-2023-grid
55089,0.00008577,0.00002504,0.05488,conus-2023-grid
55091,0.00003035,0.000009503,0.01011,conus-2023-grid
55093,0.00003322,0.00001062,0.008686,conus-2023-grid
55095,0.00003253,0.00001067,0.01199,conus-2023-grid
55097,0.00003416,0.00001009,0.03374,conus-2023-grid
55099,0.00002529,0.000008013,0.02179,conus-2023-grid
55101,0.0001721,0.0000515,0.03148,conus-2023-grid
55103,0.00006956,0.00001984,0.01524,conus-2023-grid
55105,0.0002201,0.0000705,0.04015,conus-2023-grid
55107,0.00002586,0.00000828,0.0223,conus-2023-grid
55109,0.00003287,0.00001064,0.02556,conus-2023-grid
55111,0.0000767,0.00002216,0.01514,conus-2023-grid
55113,0.00002613,0.000008448,0.009902,conus-2023-grid
55115,0.00003034,0.000009134,0.02958,conus-2023-grid
55117,0.0000688,0.00002009,0.02727,conus-2023-grid
55119,0.00002523,0.000007888,0.02009,conus-2023-grid
55121,0.00003216,0.000009676,0.02316,conus-2023-grid
55123,0.00005158,0.00001468,0.01494,conus-2023-grid
55125,0.00003205,0.00001104,0.01516,conus-2023-grid
55127,0.0002282,0.00007347,0.07362,conus-2023-grid
55129,0.00002829,0.000009281,0.004972,conus-2023-grid
55131,0.00009769,0.00002872,0.02136,conus-2023-grid
55133,0.0001469,0.00004437,0.04906,conus-2023-grid
55135,0.00003581,0.00001059,0.03409,conus-2023-grid
55137,0.00004595,0.00001337,0.03208,conus-2023-grid
55139,0.00004958,0.00001449,0.0295,conus-2023-grid
55141,0.00003268,0.000009675,0.03279,conus-2023-grid
56001,0.001091,0.000337,0.1195,conus-2023-grid
56003,0.002282,0.000743,0.1927,conus-2023-grid
56005,0.002697,0.001051,0.2218,conus-2023-grid
56007,0.001464,0.0004432,0.1904,conus-2023-grid
56009,0.002193,0.0007582,0.256,conus-2023-grid
56011,0.0008278,0.0002415,0.07281,conus-2023-grid
56013,0.00369,0.001323,0.3625,conus-2023-grid
56015,0.0007664,0.0002318,0.08558,conus-2023-grid
56017,0.003224,0.001053,0.3662,conus-2023-grid
56019,0.004595,0.001929,0.3179,conus-2023-grid
56021,0.0006754,0.0002092,0.1046,conus-2023-grid
56023,0.003215,0.0009658,0.257,conus-2023-grid
56025,0.003166,0.001112,0.3259,conus-2023-grid
56027,0.001392,0.0005012,0.111,conus-2023-grid
56029,0.005662,0.002452,0.359,conus-2023-grid
56031,0.0011,0.0003557,0.1608,conus-2023-grid
56033,0.001974,0.000654,0.1503,conus-2023-grid
56035,0.004126,0.001489,0.4972,conus-2023-grid
56037,0.001995,0.0006589,0.2545,conus-2023-grid
56039,0.006169,0.001995,0.5012,conus-2023-grid
56041,0.002076,0.0007586,0.4395,conus-2023-grid
56043,0.004176,0.001655,0.3677,conus-2023-grid
56045,0.001239,0.0003831,0.1359,conus-2023-grid
72001,0.01456,0.00415,,prvi-2025.R1
72003,0.02103,0.006253,,prvi-2025.R1
72005,0.01923,0.005458,,prvi-2025.R1
72007,0.009233,0.002525,,prvi-2025.R1
72009,0.009179,0.002524,,prvi-2025.R1
72011,0.02195,0.006852,,prvi-2025.R1
72013,0.01229,0.003414,,prvi-2025.R1
72015,0.009799,0.00281,,prvi-2025.R1
72017,0.01087,0.002997,,prvi-2025.R1
72019,0.009191,0.002491,,prvi-2025.R1
72021,0.009189,0.002513,,prvi-2025.R1
72023,0.01952,0.006032,,prvi-2025.R1
72025,0.009591,0.002652,,prvi-2025.R1
72027,0.01518,0.004254,,prvi-2025.R1
72029,0.01085,0.003089,,prvi-2025.R1
72031,0.01029,0.0029,,prvi-2025.R1
72033,0.009388,0.002587,,prvi-2025.R1
72035,0.009273,0.002561,,prvi-2025.R1
72037,0.01255,0.003574,,prvi-2025.R1
72039,0.01051,0.002874,,prvi-2025.R1
72041,0.009161,0.0025,,prvi-2025.R1
72043,0.009506,0.002668,,prvi-2025.R1
72045,0.009059,0.002457,,prvi-2025.R1
72047,0.009227,0.002502,,prvi-2025.R1
72049,0.01422,0.004043,,prvi-2025.R1
72051,0.009328,0.002562,,prvi-2025.R1
72053,0.01303,0.00372,,prvi-2025.R1
72054,0.01097,0.003019,,prvi-2025.R1
72055,0.01686,0.005422,,prvi-2025.R1
72057,0.009444,0.002744,,prvi-2025.R1
72059,0.01523,0.00459,,prvi-2025.R1
72061,0.009348,0.00257,,prvi-2025.R1
72063,0.01005,0.002812,,prvi-2025.R1
72065,0.01412,0.00395,,prvi-2025.R1
72067,0.02222,0.007186,,prvi-2025.R1
72069,0.01178,0.003415,,prvi-2025.R1
72071,0.01735,0.004852,,prvi-2025.R1
72073,0.01146,0.003156,,prvi-2025.R1
72075,0.01035,0.003034,,prvi-2025.R1
72077,0.0106,0.002999,,prvi-2025.R1
72079,0.01846,0.005728,,prvi-2025.R1
72081,0.01664,0.004795,,prvi-2025.R1
72083,0.01975,0.005998,,prvi-2025.R1
72085,0.01095,0.003117,,prvi-2025.R1
72087,0.0106,0.003006,,prvi-2025.R1
72089,0.01225,0.003531,,prvi-2025.R1
72091,0.01028,0.002822,,prvi-2025.R1
72093,0.01882,0.005687,,prvi-2025.R1
72095,0.01097,0.003241,,prvi-2025.R1
72097,0.0226,0.007145,,prvi-2025.R1
72099,0.01969,0.0057,,prvi-2025.R1
72101,0.009692,0.002635,,prvi-2025.R1
72103,0.01195,0.003423,,prvi-2025.R1
72105,0.009074,0.002461,,prvi-2025.R1
72107,0.009841,0.002673,,prvi-2025.R1
72109,0.01018,0.002931,,prvi-2025.R1
72111,0.01388,0.004046,,prvi-2025.R1
72113,0.01168,0.003323,,prvi-2025.R1
72115,0.0161,0.004503,,prvi-2025.R1
72117,0.02204,0.006973,,prvi-2025.R1
72119,0.01165,0.003363,,prvi-2025.R1
72121,0.0187,0.005761,,prvi-2025.R1
72123,0.009373,0.002913,,prvi-2025.R1
72125,0.02067,0.006484,,prvi-2025.R1
72127,0.009672,0.002684,,prvi-2025.R1
72129,0.01014,0.002849,,prvi-2025.R1
72131,0.01838,0.005336,,prvi-2025.R1
72133,0.009637,0.002991,,prvi-2025.R1
72135,0.009132,0.002489,,prvi-2025.R1
72137,0.009319,0.002563,,prvi-2025.R1
72139,0.009946,0.002779,,prvi-2025.R1
72141,0.01321,0.0037,,prvi-2025.R1
72143,0.009388,0.002569,,prvi-2025.R1
72145,0.009671,0.002649,,prvi-2025.R1
72147,0.01344,0.003972,,prvi-2025.R1
72149,0.01022,0.00282,,prvi-2025.R1
72151,0.01129,0.003311,,prvi-2025.R1
72153,0.0168,0.005034,,prvi-2025.R1
78010,0.008608,0.002696,,prvi-2025.R1
78020,0.01752,0.005062,,prvi-2025.R1
78030,0.01696,0.004931,,prvi-2025.R1
