fips,smoke_days_35,smoke_days_55,smoke_trend,hms_smoke_days,smoke_basis
01001,0,0,0,11.4,imputed
01003,0,0,0,9.38,monitor
01005,0,0,0,10.5,imputed
01007,0,0,0,12.4,imputed
01009,0,0,0,11.6,imputed
01011,0,0,0,10.8,imputed
01013,0,0,0,9.88,imputed
01015,0,0,0,12,imputed
01017,0,0,0,11.6,imputed
01019,0,0,0,12,imputed
01021,0.306,0,0.141,12.2,imputed
01023,0,0,0,11.4,imputed
01025,0,0,0,11,imputed
01027,0,0,0,12.1,monitor
01029,0,0,0,11.8,imputed
01031,0,0,0,9.88,imputed
01033,0,0,0,13.2,imputed
01035,0,0,0,11.6,imputed
01037,0,0,0,12.1,imputed
01039,0,0,0,10.8,imputed
01041,0,0,0,9.62,imputed
01043,0,0,0,12.8,imputed
01045,0,0,0,10.2,imputed
01047,0,0,0,11.8,imputed
01049,0,0,0,11.6,monitor
01051,0,0,0,11.4,imputed
01053,0,0,0,10.6,imputed
01055,0,0,0,11.6,monitor
01057,0,0,0,12.5,imputed
01059,0,0,0,12.6,imputed
01061,0,0,0,10.2,imputed
01063,0,0,0,12.1,imputed
01065,0,0,0,12.2,imputed
01067,0,0,0,9.5,imputed
01069,0.916,0.114,0.418,9.5,imputed
01071,0,0,0,11.9,imputed
01073,0.25,0,0.167,11.6,monitor
01075,0,0,0,12.2,imputed
01077,0,0,0,13.8,imputed
01079,0,0,0,12.6,imputed
01081,0,0,0,11.5,imputed
01083,0.178,0,0.0811,13.5,imputed
01085,0,0,0,10.1,imputed
01087,0,0,0,12.2,imputed
01089,0.127,0,0.0826,12.2,monitor
01091,0,0,0,12.5,imputed
01093,0,0,0,12.2,imputed
01095,0,0,0,12,imputed
01097,0,0,0,9.25,monitor
01099,0,0,0,10.9,imputed
01101,0,0,0,10.8,monitor
01103,0,0,0,12.2,monitor
01105,0,0,0,12,imputed
01107,0,0,0,12.9,imputed
01109,0,0,0,10.4,imputed
01111,0,0,0,11,imputed
01113,0,0,0,11.5,monitor
01115,0,0,0,11.9,imputed
01117,0.294,0,0.138,11.8,imputed
01119,0,0,0,12.9,monitor
01121,0,0,0,12,imputed
01123,0,0,0,12.1,imputed
01125,0,0,0,11.9,monitor
01127,0.316,0,0.143,12.6,imputed
01129,0,0,0,10.6,imputed
01131,0,0,0,11,imputed
01133,0,0,0,12.6,imputed
02013,0.234,0.167,0.0372,1.12,imputed
02016,0.026,0.0185,0.0174,0.125,imputed
02020,0.75,0.375,0,4.88,monitor
02050,0.703,0.5,0.141,3.38,imputed
02060,0.625,0.444,0.0942,3,imputed
02063,0.729,0.519,0.134,3.5,imputed
02066,1.22,0.87,0.375,5.88,imputed
02068,1.95,1.39,0.613,9.38,imputed
02070,0.625,0.444,0.104,3,imputed
02090,4.47,3.69,1.56,11.5,monitor
02100,0.365,0,0.0952,4.75,imputed
02105,0.298,0,0.0723,3.88,imputed
02110,0.406,0,-0.0387,5.12,monitor
02122,1.12,0.796,0.186,5.38,imputed
02130,1.15,0.815,0.263,5.5,imputed
02150,0.599,0.426,0.117,2.88,imputed
02158,0.677,0.481,0.154,3.25,imputed
02164,0.625,0.444,0.114,3,imputed
02170,0.125,0,-0.0119,5.88,monitor
02180,0.729,0.519,0.0694,3.5,imputed
02185,1.22,0.87,0.33,5.88,imputed
02188,1.12,0.796,0.26,5.38,imputed
02195,1.46,1.04,0.313,7,imputed
02198,0.885,0.63,0.228,4.25,imputed
02220,0.327,0,0.0769,4.25,imputed
02230,0.442,0,0.126,5.75,imputed
02240,2.03,1.44,0.595,9.75,imputed
02275,1.2,0.852,0.322,5.75,imputed
02282,0.755,0.537,0.161,3.62,imputed
02290,2.29,1.63,0.595,11,imputed
04001,0,0,0,8.38,monitor
04003,0,0,0,4.75,imputed
04005,1.89,0.98,0.186,8.75,imputed
04007,1.41,0,0.0288,10.5,imputed
04009,1.13,0,0.168,8.38,imputed
04011,1.98,1.02,0.26,9.12,imputed
04012,0,0,0,6,monitor
04013,0,0,0,6.12,monitor
04015,0,0,0,7.12,monitor
04017,0,0,0,9.38,imputed
04019,0,0,0,4.88,monitor
04021,0.875,0,0.107,6.5,monitor
04023,0,0,0,4.75,monitor
04025,0,0,0,7.88,imputed
04027,0,0,0,5.88,monitor
05001,0,0,0,21.4,monitor
05003,0.313,0,0.198,17.6,monitor
05005,0,0,0,19,imputed
05007,0,0,0,18.6,imputed
05009,0,0,0,17.6,imputed
05011,0.343,0,0.146,17.1,imputed
05013,0.419,0,0.176,16.8,imputed
05015,0,0,0,18.5,imputed
05017,0.37,0,0.162,18.5,imputed
05019,0,0,0,17.2,imputed
05021,0.149,0,0.0578,23.2,imputed
05023,0,0,0,19,imputed
05025,0,0,0,17.6,imputed
05027,0.359,0,0.147,14.4,imputed
05029,0,0,0,18.1,imputed
05031,0,0,0,23,imputed
05033,0,0,0,17.5,imputed
05035,0,0,0,21.2,monitor
05037,0,0,0,23.2,imputed
05039,0,0,0,16.8,imputed
05041,0,0,0,20,imputed
05043,0.37,0,0.156,18.5,imputed
05045,0,0,0,19.2,imputed
05047,0,0,0,18.5,imputed
05049,0,0,0,18.4,imputed
05051,0,0,0,17.8,monitor
05053,0,0,0,17.6,imputed
05055,0,0,0,22.8,imputed
05057,0,0,0,15.8,imputed
05059,0,0,0,17.2,imputed
05061,0,0,0,15.6,imputed
05063,0,0,0,20.6,imputed
05065,0,0,0,18.4,imputed
05067,0,0,0,21.8,monitor
05069,0,0,0,20.2,imputed
05071,0,0,0,18,imputed
05073,0,0,0,14.6,imputed
05075,0,0,0,22.1,imputed
05077,0,0,0,21.2,imputed
05079,0,0,0,20.9,imputed
05081,0,0,0,15.4,imputed
05083,0,0,0,18.6,imputed
05085,0,0,0,21.1,imputed
05087,0,0,0,18.4,imputed
05089,0,0,0,18.5,imputed
05091,0,0,0,15.5,imputed
05093,0,0,0,22.5,imputed
05095,0,0,0,20.6,imputed
05097,0,0,0,18.2,imputed
05099,0.369,0,0.153,14.8,imputed
05101,0,0,0,18.1,imputed
05103,0.397,0,0.166,15.9,imputed
05105,0,0,0,17.4,imputed
05107,0,0,0,21.2,imputed
05109,0,0,0,17,imputed
05111,0,0,0,23.1,imputed
05113,0,0,0,17.1,monitor
05115,0,0,0,17.9,imputed
05117,0,0,0,21.5,imputed
05119,0,0,0,19.2,monitor
05121,0,0,0,20.8,imputed
05123,0,0,0,22,imputed
05125,0,0,0,17.6,imputed
05127,0,0,0,17.6,imputed
05129,0,0,0,18.1,imputed
05131,0,0,0,18,imputed
05133,0,0,0,16.1,imputed
05135,0,0,0,19.2,imputed
05137,0,0,0,17.8,imputed
05139,0.311,0,0.193,14.4,monitor
05141,0,0,0,18,imputed
05143,0,0,0,18.2,monitor
05145,0,0,0,20.1,imputed
05147,0,0,0,21.8,imputed
05149,0,0,0,18.1,imputed
06001,3.62,2.12,-0.179,16.8,monitor
06003,8.18,5.75,0.814,22.2,imputed
06005,5.81,2.54,0.321,22.6,imputed
06007,8.27,4.25,0.265,25.9,monitor
06009,6.18,2.71,-0.259,24.2,monitor
06011,9.6,5.84,0.0863,24.8,monitor
06013,3.88,2.25,-0.274,18.8,monitor
06015,0,0,0,28.8,monitor
06017,7.5,4.14,0.635,22.4,imputed
06019,10.6,6.25,0.44,24,monitor
06021,10.1,6.1,0.277,26.4,imputed
06023,2.87,1.17,0.616,23.8,monitor
06025,0.125,0,0.0595,6.5,monitor
06027,7,5,0.929,13.8,monitor
06029,7,2.38,0.881,17.4,monitor
06031,6.88,2.62,0.321,19.4,monitor
06033,7.01,5.09,-0.503,20.8,monitor
06035,7.97,5.1,0.677,23.1,imputed
06037,1.75,1,0.119,7.88,monitor
06039,6.85,2.76,0.367,24.4,monitor
06041,2.25,1.38,-0.333,16.6,monitor
06043,7.45,3.04,0.0603,26.5,imputed
06045,6.29,2.52,0.0833,19.8,monitor
06047,5.62,2.38,0.0595,19.9,monitor
06049,8.49,5.43,0.529,24.6,imputed
06051,10.7,7.88,0.56,20.8,monitor
06053,3.62,2.38,-0.774,16.4,monitor
06055,5.63,3.38,-0.187,21,monitor
06057,8.11,5.31,0.915,21.5,monitor
06059,0.75,0.25,0.0714,7.25,monitor
06061,7.49,4.09,0.912,22.2,monitor
06063,8.86,5.23,0.944,22.5,monitor
06065,1,0.25,0.0952,5.88,monitor
06067,6.12,3.5,0.25,21.5,monitor
06069,2.14,1,-0.0175,17.8,monitor
06071,1.38,0.25,0.131,8,monitor
06073,1.12,0.625,0.107,5.12,monitor
06075,1.9,1.15,-0.282,15.4,monitor
06077,4.88,2.88,-0.131,20.2,monitor
06079,1.88,1.25,0.131,13.1,monitor
06081,2.28,1.46,-0.362,15.4,monitor
06083,1.88,1.12,-0.25,10.9,monitor
06085,3.12,1.38,-0.202,16.9,monitor
06087,2.5,1.5,-0.0238,15.6,monitor
06089,13,11.9,0.808,26.5,monitor
06091,7.65,4.94,0.775,19.6,imputed
06093,15.4,9.53,0.593,33.1,monitor
06095,3.4,2.15,-0.589,21.2,monitor
06097,2.12,1.88,-0.226,18.6,monitor
06099,6.38,3.25,0.131,19.4,monitor
06101,6.42,2.54,0.454,23.4,monitor
06103,10.3,6.53,0.395,28.1,monitor
06105,5.11,2.36,0.464,27.5,imputed
06107,8.75,3.35,0.916,24.8,monitor
06109,6.39,2.79,0.413,24.9,imputed
06111,2,1.25,-0.571,10.5,monitor
06113,6.04,2.81,-0.388,22.1,monitor
06115,6.48,2.64,0.315,23,imputed
08001,1.02,0.255,0.201,18.9,monitor
08003,0.145,0,0.0215,9,imputed
08005,0.823,0,-0.00298,18.9,monitor
08007,2.11,1.27,0.213,8.88,imputed
08009,3.95,2.04,0.593,18.2,imputed
08011,1.08,0,0.15,17.8,imputed
08013,3.14,0.517,0.324,16.5,monitor
08014,2.43,0.486,0.325,17.2,imputed
08015,1.15,0.328,0.158,10,imputed
08017,4.09,2.11,0.57,18.9,imputed
08019,2.64,0.459,0.337,13.9,imputed
08021,0.143,0,0.0221,8.88,imputed
08023,0.161,0,0.025,10,imputed
08025,1.09,0,0.0967,18,imputed
08027,0.636,0,0.0924,10.5,imputed
08029,0.402,0,0.103,11.5,monitor
08031,2.5,0.5,0.405,17.8,monitor
08033,2.23,1.34,0.235,9.38,imputed
08035,1.79,0.518,0.368,16.1,monitor
08037,0.349,0.116,0.0529,11.9,imputed
08039,0.788,0,0.0999,18.1,imputed
08041,0.503,0.125,0.144,16.4,monitor
08043,0.72,0,0.0685,11.9,imputed
08045,0.393,0.131,0.0921,13.4,monitor
08047,2.85,0.496,0.38,15,imputed
08049,2.8,0.488,0.403,14.8,imputed
08051,0.315,0,0.041,10.2,imputed
08053,2.17,1.3,0.207,9.12,imputed
08055,0.72,0,0.0815,11.9,imputed
08057,0,0,0,16.2,monitor
08059,2.27,0.454,0.273,16.1,imputed
08061,4.03,2.09,0.549,18.6,imputed
08063,3.98,2.06,0.611,18.4,imputed
08065,1.35,0.385,0.186,11.8,imputed
08067,2.11,1.27,0.179,9,monitor
08069,2.06,0.26,0.113,19.6,monitor
08071,0.886,0,0.135,14.6,imputed
08073,0.585,0.146,0.069,18.9,imputed
08075,1.87,0.268,0.196,22.9,imputed
08077,0.25,0,0.0714,11.9,monitor
08079,2.17,1.3,0.224,9.12,imputed
08081,0.77,0.154,0.0909,14.6,imputed
08083,2.08,1.25,0.215,8.75,imputed
08085,0.288,0,0.0436,9.38,imputed
08087,1.68,0.24,0.228,20.5,imputed
08089,1.02,0,0.116,16.9,imputed
08091,0.292,0,0.0374,9.5,imputed
08093,1.36,0.389,0.198,11.9,imputed
08095,4.95,2.56,0.6,22.9,imputed
08097,0.323,0,0.0498,10.5,imputed
08099,3.92,2.03,0.575,18.1,imputed
08101,0.89,0,-0.0949,15.6,monitor
08103,0.668,0.125,0.159,13.5,monitor
08105,0.157,0,0.0234,9.75,imputed
08107,0,0,0,14.2,imputed
08109,1.98,1.02,0.276,9.12,imputed
08111,2.29,1.38,0.213,9.62,imputed
08113,2.29,1.38,0.207,9.62,imputed
08115,5.03,2.6,0.505,23.2,imputed
08117,2.45,0.426,0.319,12.9,imputed
08119,1.51,0.43,0.165,13.1,imputed
08121,1.07,0.269,0.164,19.9,imputed
08123,1.75,0.25,0.262,21.4,monitor
08125,4.63,2.39,0.683,21.4,imputed
09110,0.875,0.375,0.488,14.2,monitor
09120,0.785,0.518,0.471,15.2,monitor
09130,0.959,0.36,0.356,14.5,imputed
09140,1.06,0.382,0.523,14.9,monitor
09150,0.379,0,0.145,13.5,imputed
09160,0.762,0.375,0.408,14.4,monitor
09170,1,0.375,0.524,15.2,monitor
09180,0.774,0.389,0.468,14,monitor
09190,0.875,0.375,0.488,14.9,monitor
10001,0.875,0.375,0.583,14.6,monitor
10003,0.875,0.375,0.488,13.6,monitor
10005,0.75,0.375,0.5,14.1,monitor
11001,0.75,0.375,0.452,12.6,monitor
12001,0.141,0,0.0764,4.38,monitor
12003,0.131,0,0.0479,5.38,imputed
12005,0.254,0,0.116,7.88,imputed
12007,0.145,0,0.0538,4.5,imputed
12009,0.137,0,0.0799,2.88,monitor
12011,0.125,0,0.0833,1.75,monitor
12013,0.315,0,0.137,9.75,imputed
12015,0,0,0,2.25,imputed
12017,0.137,0,0.0622,4.25,imputed
12019,0.119,0,0.0357,4.88,imputed
12021,0,0,0,2.38,imputed
12023,0.173,0,0.0657,5.38,imputed
12027,0.119,0,0.0567,2.5,imputed
12029,0.137,0,0.0584,4.25,imputed
12031,0.128,0,0.083,5.25,monitor
12033,0,0,0,9,monitor
12035,0.121,0,0.0492,3.75,imputed
12037,0.262,0,0.0979,8.12,imputed
12039,0.323,0,0.136,10,imputed
12041,0.141,0,0.0572,4.38,imputed
12043,0.125,0,0.0569,2.25,imputed
12045,0.242,0,0.111,7.5,imputed
12047,0.399,0,0.153,6.25,imputed
12049,0,0,0,2.62,imputed
12051,0.139,0,0.0595,2.5,imputed
12053,0.138,0,0.0616,4,imputed
12055,0,0,0,2,imputed
12057,0.125,0,0.0833,3.62,monitor
12059,0,0,0,9.38,imputed
12061,0.113,0,0.0402,2.38,imputed
12063,0.306,0,0.137,9.5,imputed
12065,0.282,0,0.114,8.75,imputed
12067,0.157,0,0.0657,4.88,imputed
12069,0,0,0,4.38,imputed
12071,0,0,0,2.12,monitor
12073,0.257,0,0.136,9.62,monitor
12075,0.137,0,0.063,4.25,imputed
12077,0.351,0,0.14,10.9,imputed
12079,0.407,0,0.172,6.38,imputed
12081,0.155,0,0.0692,3.25,imputed
12083,0.125,0,0.0595,3.88,imputed
12085,0.104,0,0.0311,1.88,imputed
12086,0,0,0,1.38,monitor
12087,0,0,0,2.25,imputed
12089,0.143,0,0.0473,5.88,imputed
12091,0,0,0,11.1,imputed
12093,0.118,0,0.0456,2.12,imputed
12095,0,0,0,3.12,monitor
12097,0.149,0,0.0561,3.12,imputed
12099,0.139,0,0.0794,2.5,monitor
12101,0.125,0,0.062,3.62,imputed
12103,0.125,0,0.0833,3.88,monitor
12105,0,0,0,3,monitor
12107,0.125,0,0.0611,3.88,imputed
12109,0.107,0,0.0427,4.38,imputed
12111,0.0903,0,0.0337,1.62,imputed
12113,0,0,0,9.88,imputed
12115,0.125,0,0.0833,2.75,monitor
12117,0.125,0,0.0833,3.5,monitor
12119,0,0,0,4,imputed
12121,0.343,0,0.138,5.38,imputed
12123,0.169,0,0.0699,5.25,imputed
12125,0.161,0,0.0645,5,imputed
12127,0.125,0,0.0833,3.88,monitor
12129,0.29,0,0.109,9,imputed
12131,0,0,0,9.25,imputed
12133,0.278,0,0.123,8.62,imputed
13001,0.41,0,0.175,7.38,imputed
13003,0.424,0,0.162,7.62,imputed
13005,0.389,0,0.163,7,imputed
13007,0.976,0.122,0.437,10.1,imputed
13009,0.442,0,0.189,10.8,imputed
13011,0.25,0,0.118,9.75,imputed
13013,0.271,0,0.124,11.4,imputed
13015,0.367,0,0.168,11,imputed
13017,0.458,0,0.208,8.25,imputed
13019,0.438,0,0.191,7.88,imputed
13021,0.127,0.127,0.0826,10.5,monitor
13023,0.247,0.123,0.108,9.25,imputed
13025,0.18,0,0.0677,5.75,imputed
13027,0.527,0,0.222,8.25,imputed
13029,0.176,0,0.0531,10.4,imputed
13031,0.144,0,0.0597,8.5,imputed
13033,0,0,0,9.12,imputed
13035,0,0,0,11.2,imputed
13037,0.976,0.122,0.435,10.1,imputed
13039,0.16,0,0.0636,5.12,imputed
13043,0.344,0,0.151,8.38,imputed
13045,0.375,0,0.17,12,imputed
13047,0.144,0,0.0661,11.5,imputed
13049,0.152,0,0.0523,6.25,imputed
13051,0.129,0,0.0813,7.62,monitor
13053,0.158,0,0.0746,11.4,imputed
13055,0.147,0,0.0631,11.8,imputed
13057,0.346,0,0.157,10.4,imputed
13059,0.25,0,0.167,10.1,monitor
13061,0.952,0.119,0.428,9.88,imputed
13063,0,0,0,11.6,monitor
13065,0.415,0,0.143,6.5,imputed
13067,0.358,0,0.227,11.1,monitor
13069,0.375,0,0.193,7.5,monitor
13071,0.88,0.11,0.387,9.12,imputed
13073,0,0,0,8.88,imputed
13075,0.511,0,0.205,8,imputed
13077,0,0,0,10.9,imputed
13079,0.128,0.128,0.0584,10.6,imputed
13081,0.243,0.122,0.108,9.12,imputed
13083,0.148,0,0.0671,11.9,imputed
13085,0.276,0,0.121,10.8,imputed
13087,0.331,0,0.151,10.2,imputed
13089,0.5,0.125,0.167,11,monitor
13091,0.233,0.117,0.108,8.75,imputed
13093,0.247,0.123,0.11,9.25,imputed
13095,1,0.125,0.571,10.4,monitor
13097,0.363,0,0.168,11.6,imputed
13099,0.928,0.116,0.43,9.62,imputed
13101,0.383,0,0.15,6,imputed
13103,0.133,0,0.0567,7.88,imputed
13105,0.25,0,0.115,9.75,imputed
13107,0.36,0,0.167,8.75,imputed
13109,0.133,0,0.0571,7.88,imputed
13111,0.122,0,0.0559,11.1,imputed
13113,0,0,0,11.1,imputed
13115,0.141,0,0.0634,11.2,imputed
13117,0.272,0,0.124,10.6,imputed
13119,0.266,0,0.118,10.4,imputed
13121,0.347,0,0.216,11.2,monitor
13123,0.288,0,0.116,11.2,imputed
13125,0.406,0,0.174,9.88,imputed
13127,0.141,0,0.0558,5.5,monitor
13129,0.139,0,0.0641,11.1,imputed
13131,0.294,0,0.139,9.12,imputed
13133,0.266,0,0.12,10.4,imputed
13135,0.25,0,0.167,11.1,monitor
13137,0.256,0,0.114,10,imputed
13139,0.256,0,0.162,10,monitor
13141,0.411,0,0.182,10,imputed
13143,0.387,0,0.181,11.6,imputed
13145,0.158,0,0.0736,11.4,imputed
13147,0.247,0,0.117,9.62,imputed
13149,0,0,0,11.4,imputed
13151,0,0,0,11.2,imputed
13153,0.253,0.127,0.141,9.62,monitor
13155,0.444,0,0.201,8,imputed
13157,0.272,0,0.127,10.6,imputed
13159,0.139,0.139,0.0611,11.5,imputed
13161,0.431,0,0.183,7.75,imputed
13163,0.396,0,0.182,9.62,imputed
13165,0,0,0,9.25,imputed
13167,0.38,0,0.17,9.25,imputed
13169,0.139,0.139,0.0622,11.5,imputed
13171,0.134,0.134,0.0621,11.1,imputed
13173,0.447,0,0.178,7,imputed
13175,0.344,0,0.157,8.38,imputed
13177,0.916,0.114,0.411,9.5,imputed
13179,0.131,0,0.0525,7.75,imputed
13181,0,0,0,9.5,imputed
13183,0.223,0,0.0904,7.12,imputed
13185,0.431,0,0.239,6.75,monitor
13187,0.263,0,0.121,10.2,imputed
13189,0,0,0,9.5,imputed
13191,0.184,0,0.0755,5.88,imputed
13193,0.28,0.14,0.128,10.5,imputed
13195,0.256,0,0.12,10,imputed
13197,0.165,0,0.0746,11.9,imputed
13199,0.155,0,0.0719,11.1,imputed
13201,1,0.125,0.46,10.4,imputed
13205,0.976,0.122,0.433,10.1,imputed
13207,0.134,0.134,0.0607,11.1,imputed
13209,0.479,0,0.222,8.62,imputed
13211,0.269,0,0.125,10.5,imputed
13213,0.139,0,0.0638,11.1,imputed
13215,0.132,0,0.081,11.4,monitor
13217,0.494,0.124,0.221,10.9,imputed
13219,0.272,0,0.127,10.6,imputed
13221,0.272,0,0.124,10.6,imputed
13223,0.388,0,0.173,11.6,imputed
13225,0.27,0.135,0.123,10.1,imputed
13227,0.362,0,0.163,10.9,imputed
13229,0.375,0,0.143,6.75,imputed
13231,0,0,0,11.4,imputed
13233,0.396,0,0.184,11.9,imputed
13235,0.237,0.118,0.107,8.88,imputed
13237,0.133,0.133,0.0625,11,imputed
13239,0,0,0,9.75,imputed
13241,0.298,0,0.114,11.6,imputed
13243,0.928,0.116,0.421,9.62,imputed
13245,0,0,0,9.12,monitor
13247,0.489,0.122,0.226,10.8,imputed
13249,0.142,0,0.0658,10.2,imputed
13251,0,0,0,8.62,imputed
13253,0.306,0,0.144,9.5,imputed
13255,0,0,0,11.4,imputed
13257,0.276,0,0.119,10.8,imputed
13259,0,0,0,9.88,imputed
13261,0.952,0.119,0.428,9.88,imputed
13263,0.151,0,0.0686,10.9,imputed
13265,0.26,0,0.123,10.1,imputed
13267,0.125,0,0.0559,7.38,imputed
13269,0.293,0.147,0.136,11,imputed
13271,0.451,0,0.208,8.12,imputed
13273,0.952,0.119,0.433,9.88,imputed
13275,0.306,0,0.134,9.5,imputed
13277,0.807,0.101,0.352,8.38,imputed
13279,0.444,0,0.194,8,imputed
13281,0.276,0,0.128,10.8,imputed
13283,0.339,0,0.159,8.25,imputed
13285,0.151,0,0.0709,10.9,imputed
13287,0.843,0.105,0.372,8.75,imputed
13289,0.123,0.123,0.0539,10.2,imputed
13291,0.279,0,0.132,10.9,imputed
13293,0.136,0.136,0.062,11.2,imputed
13295,0.138,0,0.087,11.1,monitor
13297,0.259,0,0.118,10.9,imputed
13299,0.354,0,0.134,6.38,imputed
13301,0.406,0,0.172,9.88,imputed
13303,0.451,0,0.118,10,monitor
13305,0.199,0,0.0763,6.38,imputed
13307,0.13,0,0.0584,9.38,imputed
13309,0.472,0,0.217,8.5,imputed
13311,0.247,0,0.116,9.62,imputed
13313,0.148,0,0.0656,11.9,imputed
13315,0.233,0.117,0.104,8.75,imputed
13317,0.247,0,0.113,9.62,imputed
13319,0.426,0,0.17,10.4,imputed
13321,0.88,0.11,0.391,9.12,imputed
15001,0,0,0,0,hms_only
15003,,,,0.125,hms_only
15005,0,0,0,0,hms_only
15007,0,0,0,0,hms_only
15009,0,0,0,0,hms_only
16001,4.46,0.806,-0.0211,25.6,monitor
16003,5.46,1.75,0.54,26.1,imputed
16005,3.51,2.11,0.467,21.2,monitor
16007,1.59,0.145,0.152,18.2,imputed
16009,5.06,2.72,0.0132,26.2,monitor
16011,4.38,2.62,0.339,22.8,imputed
16013,4.08,0.371,0.238,24.5,imputed
16015,4.66,0.848,0.0307,27.1,imputed
16017,5.83,3.59,0.806,26,imputed
16019,4.11,2.47,0.355,21.4,imputed
16021,5.81,3.58,0.845,26,monitor
16023,4.66,2.8,0.325,24.2,imputed
16025,4.02,0.366,0.188,24.1,imputed
16027,5.02,1.58,0.193,26.1,monitor
16029,3.73,2.24,0.304,19.4,imputed
16031,3.52,0.32,0.204,21.1,imputed
16033,7.23,3.13,0.492,23.6,imputed
16035,5.27,2.94,0.676,26,imputed
16037,7.81,3.38,0.379,25.5,imputed
16039,4.32,0.785,0.276,25.1,imputed
16041,1.58,0.132,-0.0117,19.2,monitor
16043,5.43,3.04,0.452,22,imputed
16045,5.49,1.76,0.448,26.2,imputed
16047,4.35,0.396,0.24,26.1,imputed
16049,6.42,3.59,0.699,26,imputed
16051,4.47,2.68,0.325,23.2,imputed
16053,3.52,0.326,0.0279,25,monitor
16055,5.9,3.18,0.763,27.2,imputed
16057,5.69,3.06,0.66,26.2,imputed
16059,6.49,2.42,1.02,27.1,monitor
16061,5.69,3.06,0.557,26.2,imputed
16063,4.19,0.381,0.204,25.1,imputed
16065,4.33,2.6,0.311,22.5,imputed
16067,3.98,0.362,0.292,23.9,imputed
16069,5.5,2.96,0.632,25.4,imputed
16071,1.75,0.159,0.141,20,imputed
16073,4.04,0.734,0.295,23.5,imputed
16075,5.41,1.74,0.41,25.9,imputed
16077,4.35,2.61,0.327,22.6,imputed
16079,5.39,3.02,0.117,26.8,monitor
16081,4.16,2.5,0.318,21.6,imputed
16083,3.75,0.341,0.286,22.5,imputed
16085,7.58,3.28,0.897,24.8,imputed
16087,5.49,1.76,0.473,26.2,imputed
17001,0,0,0,22.8,imputed
17003,0.14,0,0.0505,21.8,imputed
17005,0,0,0,20.9,imputed
17007,1.45,0.434,0.397,26.5,imputed
17009,0.405,0.27,0.126,21.9,imputed
17011,0,0,0,24.4,imputed
17013,0.399,0.133,0.133,21.1,imputed
17015,0.658,0.494,0.182,26.5,imputed
17017,0.4,0.267,0.122,21.6,imputed
17019,0.382,0.255,0.255,20.1,monitor
17021,0.377,0.252,0.114,20.4,imputed
17023,0.388,0.259,0.13,18.6,imputed
17025,0.534,0.133,0.172,19.9,imputed
17027,0.443,0.221,0.145,20.4,imputed
17029,0.37,0.247,0.12,19.6,imputed
17031,0.875,0.625,0.536,23.8,monitor
17033,0,0,0,19,imputed
17035,0,0,0,19.8,imputed
17037,0.673,0.673,0.178,25.2,imputed
17039,0.632,0.379,0.187,21.4,imputed
17041,0.363,0.242,0.113,19.2,imputed
17043,0.454,0.454,0.303,24,monitor
17045,0.396,0.264,0.132,19,imputed
17047,0.5,0.125,0.17,18.6,imputed
17049,0.722,0.241,0.227,19.6,imputed
17051,0,0,0,20.1,imputed
17053,0.392,0.261,0.116,20.8,imputed
17055,0.53,0.133,0.191,19.8,imputed
17057,0,0,0,22,imputed
17059,0.503,0.126,0.178,18.8,imputed
17061,0.403,0.134,0.127,21.4,imputed
17063,0.75,0.5,0.203,22.5,imputed
17065,0.508,0.125,0.288,19.1,monitor
17067,0,0,0,22.2,imputed
17069,0.487,0.122,0.179,18.1,imputed
17071,0,0,0,23.6,imputed
17073,0.769,0.385,0.21,24.9,imputed
17075,0.406,0.27,0.119,21.5,imputed
17077,0.131,0,0.0478,20.4,imputed
17079,0,0,0,19.2,imputed
17081,0.54,0.135,0.183,20.1,imputed
17083,0.377,0.126,0.248,21,monitor
17085,0.643,0.482,0.182,25.9,imputed
17087,0.51,0.128,0.183,19,imputed
17089,0.639,0.639,0.426,24.8,monitor
17091,0.733,0.489,0.202,22,imputed
17093,0.623,0.623,0.167,23.4,imputed
17095,0,0,0,23.5,imputed
17097,0.922,0.658,0.242,24.8,imputed
17099,0.62,0.62,0.167,23.2,imputed
17101,0,0,0,18.4,imputed
17103,1.42,0.426,0.39,26,imputed
17105,0.64,0.384,0.181,21.6,imputed
17107,0.782,0.261,0.231,21.2,imputed
17109,0,0,0,22.4,imputed
17111,0.782,0.391,0.479,25.8,monitor
17113,0.627,0.375,0.37,21.4,monitor
17115,0.75,0.25,0.357,21.1,monitor
17117,0.401,0.134,0.126,21.2,imputed
17119,0,0,0,20.6,monitor
17121,0.544,0.136,0.176,20.2,imputed
17123,0,0,0,22.9,imputed
17125,0.414,0.276,0.125,22.4,imputed
17127,0.493,0.123,0.19,18.4,imputed
17129,0.4,0.267,0.121,21.6,imputed
17131,0.769,0.385,0.226,24.9,imputed
17133,0.448,0.224,0.151,20.6,imputed
17135,0,0,0,20.5,imputed
17137,0.391,0.261,0.124,21.1,imputed
17139,0.741,0.247,0.234,20.1,imputed
17141,1.41,0.424,0.378,25.9,imputed
17143,0,0,0,22.6,monitor
17145,0.132,0,0.0456,20.5,imputed
17147,0.755,0.252,0.238,20.5,imputed
17149,0.408,0.136,0.134,21.6,imputed
17151,0.5,0.125,0.179,18.6,imputed
17153,0.547,0.137,0.198,20.4,imputed
17155,0,0,0,23.8,imputed
17157,0.13,0,0.0857,20.4,monitor
17159,0,0,0,19.6,imputed
17161,0.752,0.375,0.453,25.5,monitor
17163,0.257,0.129,0.168,20.1,monitor
17165,0.503,0.126,0.18,18.8,imputed
17167,0.375,0.25,0.25,21,monitor
17169,0,0,0,21.9,imputed
17171,0.399,0.133,0.128,21.1,imputed
17173,0.745,0.248,0.231,20.2,imputed
17175,0,0,0,23.6,imputed
17177,1.43,0.43,0.398,26.2,imputed
17179,0,0,0,22.2,imputed
17181,0.132,0,0.0478,20.5,imputed
17183,0.377,0.252,0.128,20,imputed
17185,0.397,0.132,0.135,18.1,imputed
17187,0.727,0.363,0.216,23.5,imputed
17189,0.44,0.22,0.148,20.2,imputed
17191,0.517,0.129,0.175,19.2,imputed
17193,0.487,0.122,0.174,18.1,imputed
17195,0.646,0.484,0.178,26,imputed
17197,0.75,0.5,0.5,23,monitor
17199,0.527,0.132,0.188,19.6,imputed
17201,1.38,0.414,0.701,26.6,monitor
17203,0.662,0.397,0.184,22.4,imputed
18001,0,0,0,20,imputed
18003,0,0,0,20.5,monitor
18005,0.264,0.132,0.176,18.2,monitor
18007,0.676,0.27,0.197,21.5,imputed
18009,0.377,0,0.125,20.4,imputed
18011,0.625,0.25,0.206,19.8,imputed
18013,0.521,0.26,0.172,19,imputed
18015,0.66,0.264,0.203,21,imputed
18017,0.656,0.262,0.211,21.1,imputed
18019,0.75,0.125,0.5,17.2,monitor
18021,0.383,0.255,0.131,18.4,imputed
18023,0.66,0.264,0.21,21,imputed
18025,0.254,0,0.0924,17.2,imputed
18027,0.635,0.424,0.219,18,imputed
18029,1.04,0.259,0.352,18,imputed
18031,0.259,0.129,0.0869,18.5,imputed
18033,0,0,0,20.9,imputed
18035,0.41,0,0.273,20,monitor
18037,0.189,0,0.126,17.6,monitor
18039,0.515,0.257,0.343,22.5,monitor
18041,1.72,0.381,0.559,18.5,imputed
18043,0.687,0.343,0.273,16.8,monitor
18045,0.621,0.248,0.214,19.8,imputed
18047,1.68,0.611,0.551,18.6,imputed
18049,0.725,0.363,0.22,22.1,imputed
18051,0.391,0.13,0.138,17.9,imputed
18053,0.375,0,0.122,20.2,imputed
18055,0.375,0.25,0.25,18.5,monitor
18057,0.636,0.254,0.424,19.9,monitor
18059,1.42,0.258,0.478,19.2,imputed
18061,0.689,0.344,0.252,16.9,imputed
18063,1.4,0.255,0.466,19,imputed
18065,1.12,0.25,0.75,19.8,monitor
18067,0.689,0.275,0.459,20.9,monitor
18069,1.04,0.446,0.344,20.5,imputed
18071,0.253,0.127,0.0847,18.1,imputed
18073,0.733,0.244,0.209,22.1,imputed
18075,0.373,0,0.123,20.1,imputed
18077,0.826,0.138,0.284,17.6,imputed
18079,0.252,0.126,0.0839,18,imputed
18081,1.39,0.253,0.458,18.9,imputed
18083,0,0,0,18.4,imputed
18085,1.13,0.486,0.344,22.4,imputed
18087,0.494,0.247,0.158,21.6,imputed
18089,0.75,0.25,0.5,22.6,monitor
18091,0.37,0,0.247,23,monitor
18093,0.507,0.253,0.174,18.5,imputed
18095,1.02,0.254,0.678,20,monitor
18097,1.38,0.25,0.774,18.6,monitor
18099,0.75,0.375,0.222,22.9,imputed
18101,0.274,0,0.0968,18.6,imputed
18103,0.652,0.261,0.211,21,imputed
18105,0.5,0.25,0.333,18.8,monitor
18107,0.609,0.244,0.207,19.4,imputed
18109,0.517,0.259,0.172,18.9,imputed
18111,0.725,0.242,0.206,21.9,imputed
18113,1.1,0.47,0.347,21.6,imputed
18115,0.971,0.243,0.328,16.9,imputed
18117,0.256,0,0.0902,17.4,imputed
18119,0.503,0.252,0.174,18.4,imputed
18121,0.393,0.262,0.133,18.9,imputed
18123,0,0,0,17.1,imputed
18125,0.256,0,0.0898,17.4,imputed
18127,0.542,0.271,0.361,22.2,monitor
18129,0.386,0.129,0.14,17.6,imputed
18131,0.326,0,0.0959,22.5,imputed
18133,0.401,0.267,0.136,19.2,imputed
18135,0.352,0,0.117,19,imputed
18137,0.259,0.129,0.0866,18.5,imputed
18139,1.79,0.397,0.577,19.2,imputed
18141,0.75,0.375,0.5,22.9,monitor
18143,0.844,0.141,0.285,18,imputed
18145,0.267,0.134,0.0894,19.1,imputed
18147,0,0,0,16.8,monitor
18149,0.326,0,0.097,22.5,imputed
18151,0,0,0,21.6,imputed
18153,0,0,0,18.9,monitor
18155,0.971,0.243,0.332,16.9,imputed
18157,0.692,0.277,0.461,20.9,monitor
18159,0.625,0.25,0.201,20.1,imputed
18161,1.02,0.383,0.345,18.5,imputed
18163,0.38,0.127,0.206,17.4,monitor
18165,0.401,0.267,0.134,19.2,imputed
18167,0.397,0.265,0.265,18.6,monitor
18169,1.07,0.457,0.341,21,imputed
18171,0.625,0.25,0.207,19.9,imputed
18173,0,0,0,17.2,imputed
18175,0.73,0.365,0.255,17.9,imputed
18177,1.04,0.391,0.357,18.9,imputed
18179,0,0,0,20.2,imputed
18181,0.676,0.27,0.201,21.5,imputed
18183,0.875,0.375,0.583,20.8,monitor
19001,0.363,0,0.0981,27.2,imputed
19003,0.36,0,0.105,27,imputed
19005,0.786,0.262,0.211,27.2,imputed
19007,0,0,0,26.2,imputed
19009,0.708,0.354,0.185,27.6,imputed
19011,0.79,0.395,0.223,27.2,imputed
19013,0,0,0,27.2,monitor
19015,0.764,0.382,0.209,27.5,imputed
19017,0,0,0,27.8,imputed
19019,0,0,0,26.5,imputed
19021,1.03,0.344,0.245,29.2,imputed
19023,0,0,0,28.5,imputed
19025,1.02,0.34,0.258,28.9,imputed
19027,0.721,0.361,0.185,28.1,imputed
19029,0.362,0,0.0973,27.1,imputed
19031,0.382,0.255,0.119,25.6,imputed
19033,0,0,0,29,imputed
19035,1.08,1.08,0.257,28.8,imputed
19037,0,0,0,28.8,imputed
19039,0.743,0.372,0.208,26.8,imputed
19041,1.06,0.354,0.251,30.1,imputed
19043,0.782,0.261,0.221,27.1,imputed
19045,0.5,0.375,0.333,25.5,monitor
19047,1.08,1.08,0.261,28.8,imputed
19049,0.757,0.378,0.201,27.2,imputed
19051,0,0,0,24.5,imputed
19053,0.712,0.356,0.215,25.6,imputed
19055,0.775,0.388,0.22,26.8,imputed
19057,0,0,0,24,imputed
19059,1.07,0.356,0.245,30.2,imputed
19061,0.75,0.25,0.219,26,imputed
19063,1.08,0.36,0.256,30.6,imputed
19065,0,0,0,27.9,imputed
19067,0,0,0,28.1,imputed
19069,0,0,0,28.8,imputed
19071,0.36,0,0.0984,27,imputed
19073,0.778,0.389,0.202,28,imputed
19075,0,0,0,27.9,imputed
19077,0.753,0.377,0.203,27.1,imputed
19079,0.788,0.394,0.201,28.4,imputed
19081,1.03,0.344,0.262,29.2,imputed
19083,0,0,0,28.5,imputed
19085,0.708,0.354,0.179,27.6,imputed
19087,0,0,0,24.4,imputed
19089,1.25,0.139,0.35,29,imputed
19091,1.02,0.34,0.247,28.9,imputed
19093,1.08,1.08,0.25,28.8,imputed
19095,0.634,0.381,0.179,25.9,imputed
19097,0.637,0.477,0.181,25.6,imputed
19099,0.753,0.377,0.212,27.1,imputed
19101,0,0,0,25.1,imputed
19103,0.625,0.375,0.417,26,monitor
19105,0.754,0.377,0.219,26,imputed
19107,0.637,0.382,0.186,26,imputed
19109,1.05,0.351,0.257,29.9,imputed
19111,0,0,0,22.9,monitor
19113,0.75,0.375,0.333,26,monitor
19115,0.379,0.252,0.115,25.4,imputed
19117,0.729,0.365,0.207,26.2,imputed
19119,1.08,1.08,0.237,28.9,imputed
19121,0.747,0.373,0.203,26.9,imputed
19123,0,0,0,26.2,imputed
19125,0.74,0.37,0.211,26.6,imputed
19127,0.76,0.38,0.208,27.4,imputed
19129,0.679,0.34,0.192,26.5,imputed
19131,1.28,0.142,0.337,29.5,imputed
19133,1.08,1.08,0.257,28.8,imputed
19135,0,0,0,26.6,imputed
19137,0.413,0,0.275,27,monitor
19139,0.375,0.25,0.25,25.4,monitor
19141,1.01,0.335,0.232,28.5,imputed
19143,1.04,0.346,0.243,29.4,imputed
19145,0.353,0,0.104,26.5,imputed
19147,1.09,0.375,0.587,30.5,monitor
19149,1.07,1.07,0.242,28.6,imputed
19151,1.05,0.349,0.244,29.6,imputed
19153,0.75,0.375,0.452,27,monitor
19155,0.755,0.413,0.373,27.2,monitor
19157,0.653,0.392,0.188,26.6,imputed
19159,0.343,0,0.102,25.8,imputed
19161,1.06,1.06,0.267,28.4,imputed
19163,0.75,0.375,0.405,25.8,monitor
19165,0.715,0.357,0.182,27.9,imputed
19167,1.09,1.09,0.251,29,imputed
19169,0.767,0.384,0.211,27.6,imputed
19171,0,0,0,27.6,imputed
19173,0.357,0,0.104,26.8,imputed
19175,0.355,0,0.1,26.6,imputed
19177,0,0,0,23.8,monitor
19179,0,0,0,25.8,imputed
19181,0.747,0.373,0.203,26.9,imputed
19183,0.637,0.382,0.19,26,imputed
19185,0.715,0.358,0.204,25.8,imputed
19187,1.01,0.338,0.258,28.8,imputed
19189,1.03,0.343,0.265,29.1,imputed
19191,1.23,0.137,0.333,28.5,imputed
19193,1.18,1.18,0.628,28.6,monitor
19195,1.27,0.141,0.333,29.4,imputed
19197,1.03,0.344,0.267,29.2,imputed
20001,0.581,0.145,0.176,23.4,imputed
20003,0.593,0.148,0.19,23.9,imputed
20005,0.423,0.141,0.131,25.5,imputed
20007,0.589,0.147,0.131,20.8,imputed
20009,0.81,0.135,0.182,21.9,imputed
20011,0.559,0.14,0.185,22.5,imputed
20013,0.685,0.548,0.205,25.8,imputed
20015,0.793,0.198,0.223,23,imputed
20017,0.884,0.221,0.234,25.6,imputed
20019,0.831,0,0.224,23,imputed
20021,1.95,0.487,0.648,21.8,imputed
20023,0.368,0.0576,0.0589,21.6,imputed
20025,0.317,0.0496,0.0617,18.6,imputed
20027,0.665,0.532,0.174,25,imputed
20029,0.429,0.0672,0.111,25.2,imputed
20031,0.609,0.152,0.179,24.5,imputed
20033,0.284,0,0.0617,19.8,imputed
20035,0.908,0.151,0.256,22.2,imputed
20037,0.578,0.144,0.193,23.2,imputed
20039,0.866,0.144,0.144,23.4,imputed
20041,0.648,0.519,0.186,24.4,imputed
20043,0.437,0.146,0.132,26.4,imputed
20045,0.53,0,0.175,24.5,imputed
20047,0.764,0.127,0.169,20.6,imputed
20049,0.587,0.147,0.152,23.6,imputed
20051,0.843,0.14,0.171,22.8,imputed
20053,0.784,0.196,0.19,22.8,imputed
20055,0.713,0.119,0.129,19.2,imputed
20057,0.731,0.122,0.153,19.8,imputed
20059,0.522,0,0.168,24.1,imputed
20061,0.675,0.54,0.193,25.4,imputed
20063,0.81,0.135,0.145,21.9,imputed
20065,0.852,0.142,0.154,23,imputed
20067,0.312,0.0489,0.0512,18.4,imputed
20069,0.722,0.12,0.143,19.5,imputed
20071,0.325,0.0509,0.0504,19.1,imputed
20073,0.587,0.147,0.164,23.6,imputed
20075,0.312,0.0489,0.05,18.4,imputed
20077,0.599,0.15,0.146,21.1,imputed
20079,0.763,0.191,0.201,22.1,imputed
20081,0.314,0.0493,0.0534,18.5,imputed
20083,0.75,0.125,0.167,20.2,imputed
20085,0.698,0.559,0.212,26.2,imputed
20087,0.668,0.535,0.212,25.1,imputed
20089,0.408,0.0639,0.0955,24,imputed
20091,0.503,0,0.236,24.4,monitor
20093,0.331,0.0519,0.0538,19.5,imputed
20095,0.746,0.186,0.183,21.6,imputed
20097,0.336,0.0526,0.072,19.8,imputed
20099,0.547,0.137,0.169,22,imputed
20101,0.778,0.13,0.157,21,imputed
20103,0.41,0.137,0.134,24.8,imputed
20105,0.884,0.147,0.209,23.9,imputed
20107,0.5,0,0.161,23.1,imputed
20109,0.796,0.133,0.139,21.5,imputed
20111,0.672,0.537,0.196,25.2,imputed
20113,0.81,0.203,0.199,23.5,imputed
20115,0.828,0.207,0.221,24,imputed
20117,0.701,0.561,0.195,26.4,imputed
20119,0.31,0.0486,0.0615,18.2,imputed
20121,0.519,0,0.172,24,imputed
20123,0.402,0.0629,0.0961,23.6,imputed
20125,0.503,0,0.142,21.6,imputed
20127,0.678,0.543,0.191,25.5,imputed
20129,0.308,0.0483,0.0536,18.1,imputed
20131,0.685,0.548,0.204,25.8,imputed
20133,0.535,0.134,0.21,22.6,monitor
20135,0.792,0.132,0.149,21.4,imputed
20137,0.903,0.15,0.156,24.4,imputed
20139,0.672,0.537,0.205,25.2,imputed
20141,0.856,0.143,0.19,23.1,imputed
20143,0.423,0.0662,0.103,24.9,imputed
20145,0.764,0.127,0.168,20.6,imputed
20147,0.917,0.153,0.183,24.8,imputed
20149,0.705,0.564,0.201,26.5,imputed
20151,0.72,0.18,0.171,20.9,imputed
20153,0.852,0.142,0.138,23,imputed
20155,0.759,0.19,0.194,22,imputed
20157,0.429,0.0672,0.114,25.2,imputed
20159,0.772,0.193,0.186,22.4,imputed
20161,0.688,0.551,0.18,25.9,imputed
20163,0.861,0.144,0.168,23.2,imputed
20165,0.819,0.137,0.173,22.1,imputed
20167,0.861,0.144,0.198,23.2,imputed
20169,0.815,0.204,0.202,23.6,imputed
20171,0.745,0.124,0.14,20.1,imputed
20173,0.867,0.202,0.402,21.1,monitor
20175,0.31,0.0486,0.0591,18.2,imputed
20177,0.632,0.505,0.222,25.4,monitor
20179,0.833,0.139,0.151,22.5,imputed
20181,0.351,0.0549,0.0597,20.6,imputed
20183,0.907,0.151,0.191,24.5,imputed
20185,0.728,0.182,0.176,21.1,imputed
20187,0.314,0.0493,0.0526,18.5,imputed
20189,0.321,0.0503,0.0561,18.9,imputed
20191,0.581,0.165,0.292,21.2,monitor
20193,0.829,0.138,0.149,22.4,imputed
20195,0.757,0.125,0.359,22.5,monitor
20197,0.685,0.548,0.189,25.8,imputed
20199,0.329,0.0516,0.0504,19.4,imputed
20201,0.698,0.559,0.193,26.2,imputed
20203,0.745,0.124,0.122,20.1,imputed
20205,0.559,0.14,0.16,22.5,imputed
20207,0.606,0.151,0.169,24.4,imputed
20209,0.399,0.126,0.207,24.8,monitor
21001,0.292,0,0.12,14.8,imputed
21003,0.509,0.127,0.21,14.9,imputed
21005,0.13,0.13,0.0495,15.9,imputed
21007,0.149,0,0.0558,20.2,imputed
21009,0.509,0.127,0.21,14.9,imputed
21011,0.363,0.181,0.141,14.9,imputed
21013,0.398,0,0.203,11.4,monitor
21015,0.644,0.258,0.215,17,imputed
21017,0.126,0.126,0.0477,15.4,imputed
21019,0.634,0.255,0.375,14.4,monitor
21021,0.128,0.128,0.0483,15.6,imputed
21023,0.601,0.241,0.22,15.9,imputed
21025,0.529,0,0.212,13.8,imputed
21027,0.262,0.131,0.0987,16.2,imputed
21029,0.728,0.121,0.274,16.2,imputed
21031,0.543,0.136,0.21,15.9,imputed
21033,0.283,0,0.115,16.2,imputed
21035,0.119,0,0.0492,16.2,imputed
21037,0.625,0.25,0.417,17.1,monitor
21039,0.143,0,0.0553,19.5,imputed
21041,0.761,0.127,0.254,17,imputed
21043,0.256,0.128,0.163,14.4,monitor
21045,0.302,0,0.116,15.2,imputed
21047,0.268,0,0.173,16.4,monitor
21049,0.122,0.122,0.0464,14.9,imputed
21051,0.51,0,0.199,13.2,imputed
21053,0.282,0,0.119,14.2,imputed
21055,0.127,0,0.0494,17.2,imputed
21057,0.149,0,0.0625,14.1,imputed
21059,0.688,0.172,0.443,16.5,monitor
21061,0.526,0.131,0.21,15.4,imputed
21063,0.335,0.168,0.132,13.8,imputed
21065,0.119,0.119,0.0455,14.5,imputed
21067,0.126,0.126,0.0828,15.8,monitor
21069,0.357,0.178,0.139,14.6,imputed
21071,0.262,0,0.106,13.8,imputed
21073,0.131,0.131,0.0482,16,imputed
21075,0.132,0,0.0529,20.6,imputed
21077,0.625,0.25,0.216,16.5,imputed
21079,0.124,0.124,0.0473,15.1,imputed
21081,0.611,0.244,0.213,16.1,imputed
21083,0.132,0,0.0546,18,imputed
21085,0.254,0.127,0.0979,15.8,imputed
21087,0.246,0.123,0.0991,15.2,imputed
21089,0.363,0.181,0.147,14.9,imputed
21091,0.594,0.148,0.226,16.6,imputed
21093,0.254,0.127,0.165,16.1,monitor
21095,0.462,0,0.192,12,imputed
21097,0.131,0.131,0.0494,16,imputed
21099,0.248,0.124,0.0989,15.4,imputed
21101,0.607,0.152,0.221,17,imputed
21103,0.772,0.129,0.276,17.2,imputed
21105,0.143,0,0.0565,19.5,imputed
21107,0.285,0,0.114,16.4,imputed
21109,0.282,0,0.108,14.2,imputed
21111,0.75,0.125,0.452,16.8,monitor
21113,0.129,0.129,0.0492,15.8,imputed
21115,0.257,0,0.106,13.5,imputed
21117,0.649,0.259,0.218,17.1,imputed
21119,0.514,0,0.213,13.4,imputed
21121,0.482,0,0.196,12.4,imputed
21123,0.256,0.128,0.101,15.9,imputed
21125,0.275,0,0.105,13.9,imputed
21127,0.614,0.246,0.25,14,imputed
21129,0.543,0,0.211,14.1,imputed
21131,0.505,0,0.209,13.1,imputed
21133,0.476,0,0.2,12.4,imputed
21135,0.363,0.181,0.142,14.9,imputed
21137,0.304,0,0.117,15.4,imputed
21139,0.131,0,0.0495,17.9,imputed
21141,0.538,0.135,0.217,15.8,imputed
21143,0.287,0,0.116,16.5,imputed
21145,0.129,0,0.0862,18.9,monitor
21147,0.257,0,0.11,13,imputed
21149,0.58,0.145,0.222,16.2,imputed
21151,0.125,0.125,0.0474,15.2,imputed
21153,0.529,0,0.212,13.8,imputed
21155,0.258,0.129,0.0983,16,imputed
21157,0.124,0,0.0514,16.9,imputed
21159,0.271,0,0.111,14.2,imputed
21161,0.597,0.239,0.228,15.8,imputed
21163,0.266,0.133,0.101,16.5,imputed
21165,0.345,0.172,0.139,14.1,imputed
21167,0.127,0.127,0.0492,15.5,imputed
21169,0.5,0.125,0.206,14.6,imputed
21171,0.153,0,0.0637,14.5,imputed
21173,0.121,0.121,0.0468,14.8,imputed
21175,0.345,0.172,0.136,14.1,imputed
21177,0.276,0,0.109,15.9,imputed
21179,0.26,0.13,0.0997,16.1,imputed
21181,0.127,0.127,0.0488,15.5,imputed
21183,0.567,0.142,0.217,15.9,imputed
21185,0.767,0.128,0.277,17.1,imputed
21187,0.132,0.132,0.0467,16.1,imputed
21189,0.514,0,0.202,13.4,imputed
21191,0.611,0.244,0.211,16.1,imputed
21193,0.51,0,0.328,13.5,monitor
21195,0.252,0,0.166,13.4,monitor
21197,0.118,0.118,0.0458,14.4,imputed
21199,0.25,0,0.119,14.5,monitor
21201,0.601,0.241,0.227,15.9,imputed
21203,0.304,0,0.116,15.4,imputed
21205,0.338,0.169,0.134,13.9,imputed
21207,0.28,0,0.115,14.1,imputed
21209,0.132,0.132,0.0491,16.1,imputed
21211,0.75,0.125,0.271,16.8,imputed
21213,0.534,0.134,0.213,15.6,imputed
21215,0.733,0.122,0.273,16.4,imputed
21217,0.25,0.125,0.0991,15.5,imputed
21219,0.274,0,0.112,15.8,imputed
21221,0.278,0,0.118,16,imputed
21223,0.772,0.129,0.265,17.2,imputed
21225,0.621,0.155,0.237,17.4,imputed
21227,0.513,0.129,0.237,15.5,monitor
21229,0.683,0.114,0.259,15.2,imputed
21231,0.272,0,0.113,13.8,imputed
21233,0.598,0.15,0.235,16.8,imputed
21235,0.511,0,0.213,13.1,imputed
21237,0.534,0,0.21,13.9,imputed
21239,0.13,0.13,0.0489,15.9,imputed
22001,0,0,0,12.6,imputed
22003,0,0,0,12.6,imputed
22005,0,0,0,12.1,imputed
22007,0,0,0,13.2,imputed
22009,0,0,0,13.5,imputed
22011,0.173,0,0.0794,13,imputed
22013,0,0,0,15,imputed
22015,0,0,0,14.4,imputed
22017,0,0,0,14.4,monitor
22019,0.145,0,0.0798,13,monitor
22021,0,0,0,14.6,imputed
22023,0.172,0,0.0722,12.9,imputed
22025,0,0,0,13.4,imputed
22027,0.369,0,0.153,14.8,imputed
22029,0,0,0,13,imputed
22031,0,0,0,14.1,imputed
22033,0,0,0,11.5,monitor
22035,0.325,0,0.151,16.2,imputed
22037,0,0,0,12,imputed
22039,0,0,0,12.6,imputed
22041,0,0,0,14.5,imputed
22043,0,0,0,15,imputed
22045,0,0,0,12.8,imputed
22047,0,0,0,12.4,monitor
22049,0,0,0,15.1,imputed
22051,0,0,0,10.8,monitor
22053,0.175,0,0.0713,13.1,imputed
22055,0,0,0,13.4,monitor
22057,0,0,0,11.6,imputed
22059,0,0,0,14.2,imputed
22061,0,0,0,14.6,imputed
22063,0,0,0,10.6,imputed
22065,0,0,0,15.4,imputed
22067,0.338,0,0.155,16.9,imputed
22069,0,0,0,13.8,imputed
22071,0,0,0,10.1,monitor
22073,0,0,0,16,monitor
22075,0,0,0,10.8,imputed
22077,0,0,0,14,imputed
22079,0,0,0,14,monitor
22081,0,0,0,13.8,imputed
22083,0,0,0,15.6,imputed
22085,0,0,0,14.6,imputed
22087,0,0,0,8.88,monitor
22089,0,0,0,10.9,imputed
22091,0,0,0,10.9,imputed
22093,0,0,0,12.2,imputed
22095,0,0,0,10.4,imputed
22097,0,0,0,13,imputed
22099,0,0,0,12.5,imputed
22101,0.422,0.422,0.185,12.2,imputed
22103,0,0,0,10,imputed
22105,0,0,0,9.88,monitor
22107,0,0,0,13.1,imputed
22109,0.414,0.414,0.257,12,monitor
22111,0.388,0,0.163,15.5,imputed
22113,0,0,0,12,imputed
22115,0,0,0,13.6,imputed
22117,0,0,0,9.62,imputed
22119,0,0,0,14.8,imputed
22121,0,0,0,12.9,monitor
22123,0.33,0,0.152,16.5,imputed
22125,0,0,0,12,imputed
22127,0,0,0,15.5,imputed
23001,0,0,0,13.6,monitor
23003,0.375,0,0.25,13.2,monitor
23005,0.133,0,0.0887,13.5,monitor
23007,0.133,0,0.0448,13.9,imputed
23009,0,0,0,12.9,monitor
23011,0,0,0,13.1,monitor
23013,0,0,0,13,imputed
23015,0,0,0,12.6,imputed
23017,0.125,0,0.0357,13.5,monitor
23019,0,0,0,13.2,monitor
23021,0,0,0,13.5,imputed
23023,0,0,0,13.2,imputed
23025,0,0,0,13.9,imputed
23027,0,0,0,13.6,imputed
23029,0,0,0,12.6,monitor
23031,0.127,0,0.0424,13.1,imputed
24001,0.248,0.248,0.106,13.1,imputed
24003,0.502,0.502,0.218,13.4,imputed
24005,0.644,0.389,0.382,13,monitor
24009,0.505,0.379,0.219,13,imputed
24011,0.845,0.362,0.351,14,imputed
24013,0.52,0.39,0.236,12.9,imputed
24015,0.666,0.541,0.396,13,monitor
24017,0.469,0.469,0.208,12.5,imputed
24019,0.51,0.382,0.34,13,monitor
24021,0.619,0.248,0.285,12.5,imputed
24023,0.25,0.25,0.167,13.8,monitor
24025,0.529,0.397,0.353,13,monitor
24027,0.541,0.406,0.361,12.9,monitor
24029,0.509,0.382,0.339,13.6,monitor
24031,0.403,0.403,0.257,12.4,monitor
24033,0.398,0.398,0.265,12.6,monitor
24035,0.519,0.389,0.223,14,imputed
24037,0.495,0.371,0.219,12.8,imputed
24039,0.529,0.397,0.226,13.6,imputed
24041,0.519,0.39,0.222,13.4,imputed
24043,0.676,0.27,0.451,13.2,monitor
24045,0.524,0.393,0.224,13.5,imputed
24047,0.717,0.358,0.302,13.5,imputed
24510,0.519,0.389,0.346,13.1,monitor
25001,0.382,0,0.14,13.9,imputed
25003,0.875,0.25,0.536,14.2,monitor
25005,0.625,0,0.417,13.8,monitor
25007,0.659,0,0.241,14.4,imputed
25009,0.25,0,0.119,13.5,monitor
25011,0.75,0.125,0.5,13.9,monitor
25013,0.625,0.125,0.369,13.9,monitor
25015,0.51,0,0.34,13.6,monitor
25017,0.275,0.137,0.07,13.4,monitor
25019,0.416,0,0.151,15.1,imputed
25021,0.15,0,0.0286,13.5,monitor
25023,0.39,0,0.207,13.9,monitor
25025,0.25,0,0.0714,13.2,monitor
25027,0.654,0,0.335,13.5,monitor
26001,0.86,0.43,0.248,24.5,imputed
26003,0.253,0,0.0603,27.9,imputed
26005,0,0,0,23.8,monitor
26007,0.868,0.434,0.252,24.8,imputed
26009,0.289,0.289,0.0771,25,imputed
26011,0.864,0.432,0.258,24.6,imputed
26013,1.15,0.143,0.293,28.5,imputed
26015,1.02,0.509,0.314,22.8,imputed
26017,0.75,0.375,0.5,24.9,monitor
26019,0,0,0,25,imputed
26021,0.341,0,0.102,23.5,imputed
26023,0.979,0.49,0.315,21.9,imputed
26025,1,0.501,0.313,22.4,imputed
26027,0.514,0.257,0.153,22.5,imputed
26029,0.239,0,0.0641,26.2,imputed
26031,0,0,0,25,imputed
26033,0,0,0,26.9,monitor
26035,0.283,0.283,0.0867,24.5,imputed
26037,1.23,0.616,0.395,23.2,imputed
26039,0.293,0.293,0.0808,25.4,imputed
26041,0.243,0,0.0602,26.8,imputed
26043,1.43,0.389,0.354,27.8,imputed
26045,1.19,0.596,0.377,22.5,imputed
26047,0,0,0,25.9,imputed
26049,0.633,0.38,0.422,23,monitor
26051,0.855,0.428,0.262,24.4,imputed
26053,1.14,0.143,0.315,28.4,imputed
26055,0.289,0.289,0.0812,25,imputed
26057,0.855,0.428,0.27,24.4,imputed
26059,0.93,0.372,0.297,22.5,imputed
26061,1.15,0.144,0.292,28.6,imputed
26063,0.798,0.399,0.243,22.8,imputed
26065,1.01,0.507,0.676,22.6,monitor
26067,0.908,0.454,0.292,23.8,imputed
26069,0.855,0.428,0.248,24.4,imputed
26071,1.45,0.396,0.354,28.2,imputed
26073,0.846,0.423,0.266,24.1,imputed
26075,1.16,0.579,0.371,21.9,imputed
26077,0.859,0.429,0.573,22.6,monitor
26079,0.285,0.285,0.0791,24.6,imputed
26081,0.75,0.375,0.5,23.8,monitor
26083,1.04,0.428,0.266,29,imputed
26085,0,0,0,25.1,imputed
26087,0.647,0.388,0.213,22.1,imputed
26089,0.239,0,0.0613,26.2,imputed
26091,1.1,0.441,0.735,21.2,monitor
26093,1.17,0.586,0.383,22.1,imputed
26095,0.241,0,0.063,26.5,imputed
26097,0,0,0,25.6,imputed
26099,0.75,0.5,0.5,21.9,monitor
26101,0,0,0,25.1,monitor
26103,0.258,0,0.0631,28.4,imputed
26105,0,0,0,25.4,imputed
26107,0.941,0.471,0.292,24.6,imputed
26109,1.4,0.382,0.349,27.2,imputed
26111,0.877,0.439,0.272,25,imputed
26113,0.25,0.25,0.167,24,monitor
26115,0.703,0.352,0.218,20.8,imputed
26117,0.903,0.451,0.293,23.6,imputed
26119,0.285,0.285,0.0816,24.6,imputed
26121,0.848,0.509,0.252,24.8,imputed
26123,0.936,0.468,0.264,24.5,imputed
26125,0.974,0.487,0.649,21.6,monitor
26127,0.848,0.509,0.25,24.8,imputed
26129,0.864,0.432,0.251,24.6,imputed
26131,1.15,0.144,0.321,28.6,imputed
26133,0.283,0.283,0.0837,24.5,imputed
26135,0.286,0.286,0.079,24.8,imputed
26137,0.286,0.286,0.0762,24.8,imputed
26139,0.733,0.44,0.412,24.5,monitor
26141,0,0,0,24.9,imputed
26143,0.288,0.288,0.0802,24.9,imputed
26145,0.855,0.428,0.274,24.4,imputed
26147,1.04,0.52,0.694,21.4,monitor
26149,0.985,0.493,0.303,22,imputed
26151,1.28,0.642,0.412,22,imputed
26153,0.178,0,0.0137,27,monitor
26155,0.683,0.41,0.22,23.4,imputed
26157,0.816,0.408,0.266,23.2,imputed
26159,0,0,0,23.9,imputed
26161,0.875,0.5,0.583,21.5,monitor
26163,1.75,0.5,1.12,21.4,monitor
26165,0.288,0.288,0.0844,24.9,imputed
27001,1.25,0.5,0.311,30.6,imputed
27003,0.894,0.384,0.232,30.5,monitor
27005,2.06,0.9,0.829,32.5,monitor
27007,2.37,0.802,0.79,33.5,monitor
27009,1.61,0.671,0.38,31.2,imputed
27011,1.88,0.672,0.457,32,imputed
27013,0.83,0.498,0.212,30.9,imputed
27015,1.87,0.667,0.441,31.8,imputed
27017,1,0.125,0.476,30.1,monitor
27019,0.837,0.502,0.21,31.1,imputed
27021,2.11,0.702,0.556,32,monitor
27023,1.85,0.659,0.445,31.4,imputed
27025,0.882,0.378,0.212,30.1,imputed
27027,2.16,0.944,0.465,34.2,imputed
27029,2.24,0.747,0.516,32.5,imputed
27031,0.631,0.125,0.23,30.5,monitor
27033,1.81,0.646,0.413,30.8,imputed
27035,1.29,0.52,0.483,31.4,monitor
27037,1.25,0.5,0.524,29.9,monitor
27039,1.27,0.141,0.344,29.2,imputed
27041,2.09,0.913,0.499,33.1,imputed
27043,1.07,0.357,0.265,30.4,imputed
27045,1.25,0.139,0.343,29,imputed
27047,1.28,0.142,0.331,29.6,imputed
27049,1.25,0.5,0.326,29.8,imputed
27051,2.09,0.913,0.472,33.1,imputed
27053,1.42,0.642,0.633,30.6,monitor
27055,0.642,0.514,0.177,28.1,imputed
27057,2.2,0.733,0.489,33.1,imputed
27059,0.89,0.381,0.219,30.4,imputed
27061,2.12,0.708,0.507,32,imputed
27063,1.07,0.357,0.247,30.4,imputed
27065,1.56,0.652,0.399,30.4,imputed
27067,1.23,0.494,0.295,30.8,imputed
27069,1.24,0.508,0.266,34.4,imputed
27071,2.16,0.718,0.522,31.2,imputed
27073,1.85,0.659,0.445,31.4,imputed
27075,0.768,0.129,0.315,30.8,monitor
27077,2.29,0.764,0.519,33.2,imputed
27079,0.82,0.492,0.211,30.5,imputed
27081,1.76,0.628,0.418,29.9,imputed
27083,1.76,0.63,0.932,30.4,monitor
27085,1.26,0.504,0.309,31.4,imputed
27087,2.08,0.909,0.438,33,imputed
27089,2.34,0.779,0.495,33.9,imputed
27091,1.06,0.354,0.259,30.1,imputed
27093,1.27,0.508,0.305,31.6,imputed
27095,1.6,0.665,0.397,31,imputed
27097,1.29,0.514,0.316,31.5,imputed
27099,1.24,0.138,0.336,28.6,imputed
27101,1.77,0.633,0.4,30.1,imputed
27103,0.843,0.506,0.206,31.4,imputed
27105,1.75,0.625,0.394,29.8,imputed
27107,2.15,0.94,0.448,34.1,imputed
27109,1.26,0.13,0.511,28.4,monitor
27111,2.12,0.927,0.488,33.6,imputed
27113,2.34,0.779,0.489,33.9,imputed
27115,1.03,0.129,0.273,30,imputed
27117,1.74,0.62,0.381,29.5,imputed
27119,2.34,0.782,0.494,34,imputed
27121,1.28,0.512,0.306,31.9,imputed
27123,1.13,0.375,0.442,30.1,monitor
27125,2.34,0.779,0.485,33.9,imputed
27127,1.84,0.657,0.441,31.2,imputed
27129,1.83,0.654,0.445,31.1,imputed
27131,0.813,0.488,0.212,30.2,imputed
27133,1.72,0.614,0.361,29.2,imputed
27135,2.4,0.799,0.484,34.8,imputed
27137,2,0.375,0.571,30.5,monitor
27139,0.625,0.375,0.417,30.2,monitor
27141,1.53,0.638,0.722,31,monitor
27143,0.853,0.512,0.208,31.8,imputed
27145,1.27,0.506,0.289,31.5,imputed
27147,1.3,0.145,0.331,30.1,imputed
27149,1.93,0.688,0.457,32.8,imputed
27151,1.88,0.672,0.452,32,imputed
27153,1.34,0.535,0.319,32.8,imputed
27155,2.02,0.885,0.464,32.1,imputed
27157,1.27,0.141,0.348,29.2,imputed
27159,2.16,0.719,0.507,32.5,imputed
27161,0.817,0.49,0.212,30.4,imputed
27163,0,0,0,29.9,monitor
27165,1.09,0.365,0.266,31,imputed
27167,2.09,0.916,0.457,33.2,imputed
27169,1.23,0.137,0.334,28.5,imputed
27171,1.25,0.5,0.476,31.5,monitor
27173,1.85,0.659,0.431,31.4,imputed
28001,0,0,0,12.9,imputed
28003,0.219,0,0.0962,13.9,imputed
28005,0,0,0,11.5,imputed
28007,0,0,0,14.4,imputed
28009,0,0,0,15.2,imputed
28011,0,0,0,19.4,monitor
28013,0,0,0,14.6,imputed
28015,0,0,0,15,imputed
28017,0,0,0,13.9,imputed
28019,0,0,0,14.1,imputed
28021,0,0,0,13,imputed
28023,0,0,0,12.4,imputed
28025,0,0,0,13.9,imputed
28027,0,0,0,19,imputed
28029,0,0,0,11.6,imputed
28031,0.131,0,0.0598,10.5,imputed
28033,0,0,0,18.1,monitor
28035,0.125,0,0.0595,10,monitor
28037,0,0,0,12.9,imputed
28039,0,0,0,8.88,imputed
28041,0.128,0,0.0551,10.2,imputed
28043,0,0,0,16,imputed
28045,0,0,0,9.25,monitor
28047,0,0,0,8.75,monitor
28049,0,0,0,13,monitor
28051,0,0,0,15.5,imputed
28053,0,0,0,17,imputed
28055,0,0,0,16.1,imputed
28057,0,0,0,13.2,imputed
28059,0,0,0,9.25,monitor
28061,0.153,0,0.0676,12.2,imputed
28063,0,0,0,13,imputed
28065,0.134,0,0.0604,10.8,imputed
28067,0.148,0,0.0626,11.9,imputed
28069,0,0,0,11.6,imputed
28071,0,0,0,15,imputed
28073,0.128,0,0.0592,10.2,imputed
28075,0,0,0,12.2,imputed
28077,0,0,0,10.8,imputed
28079,0,0,0,13.8,imputed
28081,0,0,0,13.2,imputed
28083,0,0,0,16.6,imputed
28085,0,0,0,11.9,imputed
28087,0,0,0,13,imputed
28089,0,0,0,13.6,imputed
28091,0.131,0,0.0592,10.5,imputed
28093,0,0,0,16.2,imputed
28095,0,0,0,13.1,imputed
28097,0,0,0,14.8,imputed
28099,0,0,0,13,imputed
28101,0,0,0,12.2,imputed
28103,0,0,0,12.2,imputed
28105,0,0,0,13.4,imputed
28107,0,0,0,16.9,imputed
28109,0,0,0,9.62,imputed
28111,0.13,0,0.0519,10.4,imputed
28113,0,0,0,10.4,imputed
28115,0,0,0,14.1,imputed
28117,0.222,0,0.0988,14.1,imputed
28119,0,0,0,17.9,imputed
28121,0,0,0,12.2,imputed
28123,0,0,0,12.5,imputed
28125,0,0,0,16.6,imputed
28127,0,0,0,11.1,imputed
28129,0.141,0,0.0655,11.2,imputed
28131,0,0,0,9.25,imputed
28133,0,0,0,17.9,imputed
28135,0,0,0,17.2,imputed
28137,0,0,0,17.1,imputed
28139,0.226,0,0.0981,14.4,imputed
28141,0,0,0,13.8,imputed
28143,0,0,0,18.9,imputed
28145,0,0,0,14,imputed
28147,0,0,0,10.6,imputed
28149,0,0,0,14.4,imputed
28151,0,0,0,17.9,imputed
28153,0.152,0,0.0609,12.1,imputed
28155,0,0,0,14.8,imputed
28157,0,0,0,12.4,imputed
28159,0,0,0,12.8,imputed
28161,0,0,0,15.9,imputed
28163,0,0,0,15.1,imputed
29001,0,0,0,24.6,imputed
29003,0.666,0,0.206,26.6,imputed
29005,0.35,0,0.102,26.2,imputed
29007,0.417,0.139,0.141,22.1,imputed
29009,0.123,0,0.0432,19.4,imputed
29011,0,0,0,21.5,imputed
29013,0.126,0,0.0435,22.1,imputed
29015,0,0,0,21.8,imputed
29017,0.138,0,0.05,21.4,imputed
29019,0.815,0.334,0.272,22.6,imputed
29021,0.636,0,0.303,25.4,monitor
29023,0.819,0.336,0.307,22.8,imputed
29025,0.138,0,0.0442,25.8,imputed
29027,0.133,0.133,0.045,21.1,imputed
29029,0.133,0,0.0485,21,imputed
29031,0.139,0,0.0498,21.5,imputed
29033,0.134,0,0.0426,24.9,imputed
29035,0.716,0.294,0.277,19.9,imputed
29037,0.138,0,0.0918,23,monitor
29039,0,0,0,20.9,monitor
29041,0.133,0,0.0428,24.8,imputed
29043,0.123,0,0.0446,19.5,imputed
29045,0,0,0,23.4,imputed
29047,0.139,0,0.0929,24.9,monitor
29049,0.14,0,0.0444,26,imputed
29051,0.77,0.316,0.256,21.4,imputed
29053,0.605,0.121,0.202,22.6,imputed
29055,0.283,0.142,0.0982,21.4,imputed
29057,0,0,0,20.5,imputed
29059,0.129,0,0.0484,20.4,imputed
29061,0.659,0,0.201,26.4,imputed
29063,0.644,0,0.204,25.8,imputed
29065,0.267,0.133,0.0941,20.1,imputed
29067,0.12,0,0.0445,19,imputed
29069,0.824,0.338,0.336,22.9,imputed
29071,0.283,0.142,0.0979,21.4,imputed
29073,0.278,0.139,0.093,21,imputed
29075,0.666,0,0.2,26.6,imputed
29077,0.125,0,0.0833,20.1,monitor
29079,0.142,0,0.0433,26.4,imputed
29081,0.659,0,0.2,26.4,imputed
29083,0.126,0,0.0431,22.1,imputed
29085,0,0,0,21.2,imputed
29087,0.653,0,0.201,26.1,imputed
29089,0.622,0.124,0.201,23.2,imputed
29091,0.119,0,0.0436,18.8,imputed
29093,0.265,0.132,0.0952,20,imputed
29095,0.654,0.139,0.293,24.2,monitor
29097,0,0,0,20.8,imputed
29099,0.288,0.131,0.142,20.9,monitor
29101,0.129,0,0.0441,22.8,imputed
29103,0,0,0,22.9,imputed
29105,0.127,0,0.0481,20.1,imputed
29107,0.642,0.128,0.214,24,imputed
29109,0.129,0,0.0447,20.4,imputed
29111,0,0,0,22.5,imputed
29113,0.42,0.14,0.137,22.2,imputed
29115,0.135,0,0.0417,25.1,imputed
29117,0.137,0,0.0425,25.5,imputed
29119,0.123,0,0.0412,19.4,imputed
29121,0,0,0,23.5,imputed
29123,0.128,0,0.0483,19.9,imputed
29125,0.283,0.142,0.101,21.4,imputed
29127,0,0,0,22.8,imputed
29129,0.653,0,0.193,26.1,imputed
29131,0.134,0,0.0472,21.1,imputed
29133,0.145,0,0.057,22.5,imputed
29135,0,0,0,21.9,imputed
29137,0,0,0,22.8,imputed
29139,0.137,0.137,0.0442,21.8,imputed
29141,0,0,0,22,imputed
29143,0.837,0.343,0.327,23.2,imputed
29145,0.13,0,0.0434,20.5,imputed
29147,0.35,0,0.107,26.2,imputed
29149,0.671,0.275,0.263,18.6,imputed
29151,0.286,0.143,0.0973,21.6,imputed
29153,0.119,0,0.0453,18.9,imputed
29155,0.806,0.331,0.327,22.4,imputed
29157,0.133,0,0.0471,20.6,imputed
29159,0.128,0,0.0432,22.5,imputed
29161,0.286,0.143,0.104,21.6,imputed
29163,0.42,0.14,0.133,22.2,imputed
29165,0.134,0,0.0426,24.9,imputed
29167,0.13,0,0.0481,20.5,imputed
29169,0.132,0,0.0497,20.9,imputed
29171,0,0,0,25.8,imputed
29173,0.425,0.142,0.137,22.5,imputed
29175,0.846,0.347,0.279,23.5,imputed
29177,0.132,0,0.0412,24.6,imputed
29179,0.265,0.132,0.0968,20,imputed
29181,0.725,0.297,0.287,20.1,imputed
29183,0.131,0.131,0.0444,20.9,imputed
29185,0,0,0,21.4,imputed
29186,0.128,0,0.0446,19.9,imputed
29187,0.263,0.132,0.0944,19.9,imputed
29189,0.134,0.134,0.0895,21,monitor
29195,0.638,0.128,0.207,23.9,imputed
29197,0,0,0,24.9,imputed
29199,0,0,0,23.6,imputed
29201,0.148,0,0.0555,22.9,imputed
29203,0.26,0.13,0.0954,19.6,imputed
29205,0,0,0,22.4,imputed
29207,0.152,0,0.0568,23.5,imputed
29209,0.119,0,0.0429,18.8,imputed
29211,0,0,0,25.5,imputed
29213,0.117,0,0.0436,18.5,imputed
29215,0.123,0,0.046,19.4,imputed
29217,0,0,0,22.2,imputed
29219,0.136,0.136,0.0454,21.6,imputed
29221,0.265,0.132,0.0952,20,imputed
29223,0.131,0,0.05,20.4,imputed
29225,0.123,0,0.0457,19.5,imputed
29227,0.345,0,0.105,25.9,imputed
29229,0.122,0,0.0458,19.2,imputed
29510,0.75,0.125,0.405,20.6,monitor
30001,2.92,0,0.316,27.8,monitor
30003,2.84,0.388,0.398,27,imputed
30005,2.81,1.02,0.465,30.5,imputed
30007,2.42,0,0.263,26.5,imputed
30009,1.37,0,0.127,25.5,imputed
30011,4.95,1.7,0.65,31.1,imputed
30013,6.65,2.43,0.823,27.5,imputed
30015,3.58,2.39,0.521,29.9,imputed
30017,3.93,2.18,0.579,30.8,monitor
30019,1.96,0.701,0.373,32.4,imputed
30021,1.95,0.695,0.33,32.1,imputed
30023,7.01,1.82,0.722,27.4,imputed
30025,4.14,2.3,0.543,31.8,imputed
30027,4,0.875,0.452,27.9,monitor
30029,6.12,2.12,0.155,26.6,monitor
30031,2.36,0,0.0788,25.5,monitor
30033,4.09,0.744,0.661,30.9,imputed
30035,3.23,0.538,0.437,28.5,monitor
30037,2.86,0.389,0.367,27.1,imputed
30039,9.72,4.47,0.851,28.1,imputed
30041,3.5,2.33,0.559,29.1,monitor
30043,6.85,1.77,0.713,26.8,imputed
30045,4.04,0.883,0.559,28.1,imputed
30047,7.88,3.23,0.89,26.9,imputed
30049,6.5,2.38,0.0714,26.9,monitor
30051,3.33,2.22,0.52,27.8,imputed
30053,7.18,4.18,-0.0301,26.4,monitor
30055,1.91,0.682,0.351,31.5,imputed
30057,2.27,0,0.293,24.9,imputed
30059,2.43,0,0.291,26.6,imputed
30061,7.48,3.06,0.95,25.5,imputed
30063,7.62,3.12,0.107,26,monitor
30065,3,0.409,0.439,28.5,imputed
30067,2.27,0,0.214,24.9,imputed
30069,4.29,0.938,0.736,29.9,imputed
30071,2.86,1.03,0.683,30.8,monitor
30073,3.24,0.54,0.414,28.6,imputed
30075,4.95,1.7,1.12,30.4,monitor
30077,6.23,2.28,0.553,25.8,imputed
30079,4.01,2.23,0.627,30.8,imputed
30081,9.5,4.38,-0.429,27.8,monitor
30083,1.88,0.625,0.628,30.9,monitor
30085,1.96,0.701,0.418,32.4,imputed
30087,4.02,0.736,0.874,30.4,monitor
30089,7.02,4.07,0.876,25.9,imputed
30091,0.816,0,0.171,32.2,imputed
30093,6.88,1.78,0.405,26.8,monitor
30095,2.75,0.375,0.249,26.1,imputed
30097,2.33,0,0.196,25.5,imputed
30099,6.62,2.42,0.775,27.4,imputed
30101,3.28,0.547,0.501,29,imputed
30103,3.91,0.711,0.6,29.5,imputed
30105,2.95,1.07,0.548,32,imputed
30107,3.91,0.855,0.543,27.2,imputed
30109,1.58,0.659,0.246,31.1,imputed
30111,2.75,0.375,0.381,26.4,monitor
31001,0.749,0.45,0.163,24.9,imputed
31003,2.11,1.05,0.484,27.4,imputed
31005,2.56,0.927,0.363,25.5,imputed
31007,0.555,0.185,0.0666,23.1,imputed
31009,2.61,0.946,0.488,26,imputed
31011,0.791,0.474,0.178,26.2,imputed
31013,0.597,0.199,0.0729,24.9,imputed
31015,2.15,1.08,0.456,28,imputed
31017,2.66,0.964,0.459,26.5,imputed
31019,0.764,0.459,0.155,25.4,imputed
31021,1.07,0.213,0.265,28.4,imputed
31023,0.384,0.384,0.0939,26.5,imputed
31025,0.551,0.138,0.154,26.9,imputed
31027,2.15,1.08,0.487,28,imputed
31029,2.35,0.85,0.324,23.4,imputed
31031,1.26,0.799,0.214,26.2,imputed
31033,0.576,0.192,0.0657,24,imputed
31035,0.761,0.456,0.184,25.2,imputed
31037,1.02,0.205,0.253,27.2,imputed
31039,1.06,0.212,0.256,28.2,imputed
31041,0.761,0.456,0.133,25.2,imputed
31043,0.791,0.395,0.184,27.9,imputed
31045,0.606,0.202,0.0749,25.2,imputed
31047,0.779,0.468,0.137,25.9,imputed
31049,0.567,0.189,0.0603,23.6,imputed
31051,0.798,0.399,0.191,28.1,imputed
31053,1.04,0.208,0.26,27.6,imputed
31055,0.75,0.125,0.19,27.1,monitor
31057,2.3,0.832,0.355,22.9,imputed
31059,0.373,0.373,0.0932,25.8,imputed
31061,0.761,0.456,0.157,25.2,imputed
31063,2.47,0.896,0.403,24.6,imputed
31065,0.761,0.456,0.135,25.2,imputed
31067,0.839,0.203,0.257,26.1,monitor
31069,0.588,0.196,0.0834,24.5,imputed
31071,0.809,0.486,0.165,26.9,imputed
31073,0.779,0.468,0.137,25.9,imputed
31075,2.5,0.905,0.379,24.9,imputed
31077,0.791,0.474,0.168,26.2,imputed
31079,0.642,0.392,0.333,25.2,monitor
31081,0.772,0.463,0.179,25.6,imputed
31083,0.749,0.45,0.145,24.9,imputed
31085,2.43,0.882,0.359,24.2,imputed
31087,2.35,0.85,0.384,23.4,imputed
31089,2.76,1,0.559,27.5,imputed
31091,2.52,0.914,0.405,25.1,imputed
31093,0.787,0.472,0.163,26.1,imputed
31095,0.872,0.218,0.226,25.5,imputed
31097,0.88,0.22,0.244,25.8,imputed
31099,0.761,0.456,0.156,25.2,imputed
31101,2.46,0.891,0.349,24.5,imputed
31103,2.74,0.991,0.516,27.2,imputed
31105,0.552,0.184,0.0634,23,imputed
31107,2.17,1.09,0.478,28.2,imputed
31109,0.434,0.434,0.289,26.4,monitor
31111,2.56,0.927,0.38,25.5,imputed
31113,2.62,0.95,0.422,26.1,imputed
31115,0.798,0.479,0.151,26.5,imputed
31117,2.59,0.936,0.418,25.8,imputed
31119,1.03,0.207,0.236,27.5,imputed
31121,0.787,0.472,0.172,26.1,imputed
31123,0.564,0.188,0.0789,23.5,imputed
31125,0.787,0.472,0.173,26.1,imputed
31127,0.885,0.221,0.259,25.9,imputed
31129,0.772,0.463,0.186,25.6,imputed
31131,0.382,0.382,0.109,26.4,imputed
31133,0.88,0.22,0.252,25.8,imputed
31135,2.5,0.905,0.326,24.9,imputed
31137,0.761,0.456,0.143,25.2,imputed
31139,2.12,1.06,0.478,27.5,imputed
31141,1.01,0.201,0.232,26.8,imputed
31143,0.794,0.477,0.185,26.4,imputed
31145,2.45,0.886,0.388,24.4,imputed
31147,0.889,0.222,0.268,26,imputed
31149,2.69,0.973,0.492,26.8,imputed
31151,0.375,0.375,0.0999,25.9,imputed
31153,0.57,0.152,0.279,26.9,monitor
31155,0.768,0.128,0.202,26.9,imputed
31157,0.882,0.125,-0.202,23.4,monitor
31159,0.38,0.38,0.099,26.2,imputed
31161,0.6,0.2,0.0834,25,imputed
31163,0.761,0.456,0.149,25.2,imputed
31165,0.585,0.195,0.0609,24.4,imputed
31167,1.03,0.207,0.249,27.5,imputed
31169,0.859,0.215,0.228,25.1,imputed
31171,2.61,0.946,0.466,26,imputed
31173,1.08,0.215,0.256,28.6,imputed
31175,0.787,0.472,0.16,26.1,imputed
31177,0.901,0.133,0.46,27.5,monitor
31179,0.798,0.399,0.182,28.1,imputed
31181,0.749,0.45,0.162,24.9,imputed
31183,0.809,0.486,0.171,26.9,imputed
31185,0.787,0.472,0.193,26.1,imputed
32001,6.86,3.65,0.626,18.2,imputed
32003,0.5,0.25,0.0476,8.5,monitor
32005,8,5.62,1.26,21.8,monitor
32007,4.17,2.16,0.361,19.2,imputed
32009,6.77,5,0.977,13.1,imputed
32011,3.3,1.71,0.325,15.2,imputed
32013,7.45,4.76,0.693,21.6,imputed
32015,3.57,1.85,0.299,16.5,imputed
32017,0.269,0.135,0.0425,8.75,imputed
32019,7.31,5.14,0.784,19.9,imputed
32021,8.06,5.95,0.817,15.6,imputed
32023,2.22,1.15,0.345,10.2,imputed
32027,6.94,4.43,0.472,20.1,imputed
32029,7.47,3.98,0.899,19.9,imputed
32031,7.62,4.88,1.37,22.1,monitor
32033,2.33,1.2,0.361,10.8,imputed
32510,7.79,4.14,1.15,20.8,monitor
33001,0.258,0,0.114,13.5,monitor
33003,0.28,0,0.0952,13,imputed
33005,0.375,0,0.202,13.2,monitor
33007,0.13,0,0.0451,13.5,imputed
33009,0.125,0,0.0357,13.8,monitor
33011,0.505,0,0.241,13.5,monitor
33013,0.298,0,0.0981,13.9,imputed
33015,0.25,0,0.0714,14,monitor
33017,0.234,0,0.0776,13.1,imputed
33019,0.375,0,0.124,13.1,imputed
34001,0.75,0.375,0.476,14.8,monitor
34003,0.625,0.375,0.369,15.2,monitor
34005,0.898,0.385,0.372,14.8,imputed
34007,0.886,0.375,0.491,14.5,monitor
34009,0.671,0.268,0.281,14.6,imputed
34011,0.631,0.252,0.414,14.4,monitor
34013,0.273,0,0.129,15.2,monitor
34015,0.67,0.67,0.447,14.5,monitor
34017,0.5,0.5,0.333,15.4,monitor
34019,0.649,0.519,0.432,14.1,monitor
34021,0.875,0.5,0.488,14.4,monitor
34023,0.875,0.5,0.488,15.2,monitor
34025,0.868,0.496,0.337,15,imputed
34027,0.596,0.298,0.39,14.4,monitor
34029,0.949,0.268,0.51,14.8,monitor
34031,0.826,0.619,0.438,14.6,monitor
34033,0.812,0.812,0.321,14.6,imputed
34035,0.861,0.492,0.344,14.9,imputed
34037,0.712,0.356,0.288,13.9,imputed
34039,0.75,0.5,0.452,15,monitor
34041,0.825,0.56,0.502,13.9,monitor
35001,0.625,0.25,0.202,9.25,monitor
35003,2.19,1.13,0.245,10.1,imputed
35005,0.286,0,0.0401,10,imputed
35006,0.532,0.213,0.07,7.88,imputed
35007,0.212,0,0.039,13.1,imputed
35009,2.95,1.53,0.595,13.6,imputed
35011,2.62,1.36,0.451,12.1,imputed
35013,0.5,0.125,0.167,8,monitor
35015,0.236,0,0.0422,8.25,imputed
35017,1.68,0.868,0.232,7.75,imputed
35019,0.163,0,0.0295,11.9,imputed
35021,3.38,1.75,0.75,15.6,imputed
35023,1.24,0.644,0.144,5.75,imputed
35025,0.25,0,0.0238,9.25,monitor
35027,2.19,1.13,0.379,10.1,imputed
35028,0.134,0,0.0245,9.75,imputed
35029,0.438,0.109,0.061,7,imputed
35031,0,0,0,8.25,imputed
35033,0.24,0,0.0559,14.9,imputed
35035,0.461,0.115,0.0811,7.38,imputed
35037,3.03,1.57,0.675,14,imputed
35039,0.131,0,0.0171,8.12,imputed
35041,0.343,0,0.0667,12,imputed
35043,0.566,0.226,0.0684,8.38,imputed
35045,2.08,1.25,0.21,8.75,imputed
35047,0.178,0,0.0404,13,imputed
35049,0.127,0,0.0346,9.5,monitor
35051,0.656,0.164,0.147,10.5,imputed
35053,0.752,0.301,0.141,11.1,imputed
35055,0.181,0,0.0425,9.38,monitor
35057,0.735,0.294,0.115,10.9,imputed
35059,3.68,1.9,0.711,17,imputed
35061,0.6,0.24,0.0861,8.88,imputed
36001,0.883,0.252,0.483,14.4,monitor
36003,0.889,0.635,0.341,15.4,imputed
36005,0.756,0.63,0.449,15.6,monitor
36007,0.522,0,0.203,14.6,imputed
36009,0.623,0,0.226,15.9,imputed
36011,0.902,0.515,0.324,16.9,imputed
36013,1.05,0,0.702,16.9,monitor
36015,0.212,0,0.0807,15.2,imputed
36017,0.549,0,0.203,15.4,imputed
36019,0.694,0.278,0.229,16.4,imputed
36021,0.875,0.25,0.33,14.2,imputed
36023,0.855,0.489,0.313,16,imputed
36025,0.527,0,0.196,14.8,imputed
36027,0.75,0.375,0.281,14.1,imputed
36029,0.615,0,0.41,16.8,monitor
36031,0,0,0,15.5,monitor
36033,0,0,0,16.8,imputed
36035,0.929,0.265,0.325,15.1,imputed
36037,0.62,0.372,0.217,16.6,imputed
36039,0.867,0.248,0.331,14.1,imputed
36041,0,0,0,15.2,imputed
36043,0,0,0,16,imputed
36045,0.962,0.55,0.313,18,imputed
36047,0.189,0.189,0.126,15.8,monitor
36049,0.942,0.538,0.312,17.6,imputed
36051,0.606,0.364,0.219,16.2,imputed
36053,0.828,0.473,0.302,15.5,imputed
36055,0.658,0.395,0.439,17.1,monitor
36057,0.929,0.265,0.33,15.1,imputed
36059,0.868,0.62,0.322,15.6,imputed
36061,0.326,0.326,0.214,15.6,monitor
36063,0.686,0,0.237,17.5,imputed
36065,0.855,0.489,0.299,16,imputed
36067,0.888,0.508,0.544,16.6,monitor
36069,0.62,0.372,0.227,16.6,imputed
36071,0.302,0,0.194,13.9,monitor
36073,0.63,0.378,0.218,16.9,imputed
36075,0.915,0.523,0.302,17.1,imputed
36077,0.936,0.268,0.326,15.2,imputed
36079,0.906,0.388,0.351,14.5,imputed
36081,0.875,0.625,0.536,15.8,monitor
36083,0.86,0.246,0.326,14,imputed
36085,0.641,0,0.421,15.2,monitor
36087,0.609,0.366,0.236,14.5,imputed
36089,0,0,0,18.1,imputed
36091,0.867,0.248,0.327,14.1,imputed
36093,0.867,0.248,0.324,14.1,imputed
36095,0.913,0.261,0.324,14.9,imputed
36097,0.904,0.646,0.337,15.6,imputed
36099,0.868,0.496,0.314,16.2,imputed
36101,0.888,0.636,0.544,15.4,monitor
36103,0,0,0,15.2,monitor
36105,0.389,0,0.144,14,imputed
36107,0.214,0,0.0822,15.4,imputed
36109,0.828,0.473,0.308,15.5,imputed
36111,0.382,0,0.144,13.8,imputed
36113,0,0,0,14.8,imputed
36115,0.75,0.25,0.27,14.1,imputed
36117,0.653,0.392,0.223,17.5,imputed
36119,0.93,0.398,0.355,14.9,imputed
36121,0.642,0,0.23,16.4,imputed
36123,0.933,0.666,0.338,16.1,imputed
37001,0.394,0,0.176,10.2,imputed
37003,0.518,0.13,0.236,10.8,imputed
37005,0.806,0.134,0.346,10.8,imputed
37007,0.193,0,0.0928,9.25,imputed
37009,0.759,0,0.329,10.6,imputed
37011,0.127,0,0.0579,10,imputed
37013,0.138,0,0.0621,9.38,imputed
37015,0.125,0,0.0607,9.75,imputed
37017,0.111,0,0.0508,7.88,imputed
37019,0.121,0,0.0539,7.12,imputed
37021,0,0,0,9.88,monitor
37023,0.518,0.13,0.236,10.8,imputed
37025,0.408,0,0.197,9.38,imputed
37027,0.506,0.127,0.229,10.5,imputed
37029,0.173,0.173,0.0772,10.4,imputed
37031,0.129,0,0.0564,8.75,imputed
37033,0.404,0,0.181,10.5,imputed
37035,0.5,0.125,0.167,10.4,monitor
37037,0.38,0,0.17,10.1,imputed
37039,0.124,0,0.0518,11.2,imputed
37041,0.127,0,0.0597,9.88,imputed
37043,0.135,0,0.0623,10.5,imputed
37045,0.482,0.12,0.224,10,imputed
37047,0,0,0,7.75,imputed
37049,0.132,0,0.0581,9,imputed
37051,0.125,0,0.0833,9,monitor
37053,0.175,0.175,0.077,10.5,imputed
37055,0.158,0.158,0.0679,9.5,imputed
37057,0.385,0,0.251,9.62,monitor
37059,0.435,0,0.197,10,imputed
37061,0.121,0,0.0548,7.88,imputed
37063,0.375,0,0.25,10,monitor
37065,0.138,0,0.065,9.38,imputed
37067,0.75,0.125,0.452,10,monitor
37069,0.649,0,0.295,10.1,imputed
37071,0.38,0,0.173,9.75,imputed
37073,0.139,0,0.0636,10.9,imputed
37075,0.392,0,0.162,11.5,imputed
37077,0.384,0,0.173,10.2,imputed
37079,0.127,0,0.0593,8.62,imputed
37081,0.375,0,0.25,9.75,monitor
37083,0.125,0,0.0589,9.75,imputed
37085,0.132,0,0.0612,9.38,imputed
37087,0,0,0,9.62,imputed
37089,0,0,0,9.5,imputed
37091,0.13,0,0.0621,10.1,imputed
37093,0.13,0,0.0627,9.25,imputed
37095,0.136,0,0.0578,9.25,imputed
37097,0.482,0.12,0.224,10,imputed
37099,0.127,0,0.0551,9.88,imputed
37101,0.156,0,0.104,9.12,monitor
37103,0.127,0,0.0569,8.62,imputed
37105,0.143,0,0.0642,10.1,imputed
37107,0.125,0,0.0581,8.5,imputed
37109,0.476,0.119,0.22,9.88,imputed
37111,0.128,0,0.0595,10.1,imputed
37113,0.141,0,0.0562,11,imputed
37115,0,0,0,9.75,imputed
37117,0.138,0,0.0664,9.38,imputed
37119,0.375,0,0.25,9.62,monitor
37121,0.125,0,0.0833,9.88,monitor
37123,0.263,0,0.175,10.2,monitor
37125,0.267,0,0.128,10,imputed
37127,0.148,0,0.0698,9.62,imputed
37129,0.125,0,0.0833,7.5,monitor
37131,0.13,0,0.0813,10.5,monitor
37133,0.153,0,0.065,9,imputed
37135,0.384,0,0.172,10.2,imputed
37137,0.132,0,0.0585,9,imputed
37139,0.175,0.175,0.0782,10.5,imputed
37141,0.133,0,0.0583,7.88,imputed
37143,0.169,0.169,0.0784,10.1,imputed
37145,0.384,0,0.171,10.2,imputed
37147,0.14,0,0.0887,9.25,monitor
37149,0.275,0,0.123,9.75,imputed
37151,0.405,0,0.185,10.1,imputed
37153,0.257,0,0.123,9.62,imputed
37155,0.123,0,0.057,8.75,imputed
37157,0.385,0,0.172,10,imputed
37159,0.402,0,0.244,9.38,monitor
37161,0.282,0,0.117,10,imputed
37163,0.109,0,0.052,7.75,imputed
37165,0.123,0,0.0594,8.75,imputed
37167,0.253,0,0.12,9.5,imputed
37169,0.788,0.131,0.348,10.5,imputed
37171,0.816,0.136,0.356,10.9,imputed
37173,0.125,0,0.0833,10.2,monitor
37175,0,0,0,9.75,imputed
37177,0.173,0.173,0.078,10.4,imputed
37179,0.37,0,0.175,9.5,imputed
37181,0.384,0,0.173,10.2,imputed
37183,0.625,0,0.417,9.75,monitor
37185,0.135,0,0.0617,10.5,imputed
37187,0.143,0,0.0686,9.75,imputed
37189,0.136,0,0.0591,10.8,imputed
37191,0.129,0,0.061,8.38,imputed
37193,0.512,0.128,0.222,10.6,imputed
37195,0.142,0,0.0667,9.25,imputed
37197,0.769,0.128,0.334,10.2,imputed
37199,0.127,0,0.0582,10,imputed
38001,1.54,0.641,0.235,30.2,imputed
38003,3.48,1.47,0.694,33.9,imputed
38005,4.51,1.91,0.959,33.5,imputed
38007,1.64,0.682,0.652,31.1,monitor
38009,4.31,1.53,0.854,34.5,imputed
38011,1.53,0.636,0.223,30,imputed
38013,3.25,1.38,1.48,33.4,monitor
38015,4.23,1.76,1.26,32.2,monitor
38017,3.35,1.41,1.17,34.1,monitor
38019,3.46,1.25,0.688,34.5,imputed
38021,1.96,0.652,0.398,32.6,imputed
38023,0.848,0,0.168,33.5,imputed
38025,3.13,1.08,1.28,30.6,monitor
38027,4.6,1.95,0.96,34.1,imputed
38029,4.19,1.78,0.672,31.1,imputed
38031,4.51,1.91,0.869,33.5,imputed
38033,1.59,0.662,0.247,31.2,imputed
38035,3.57,1.51,0.766,34.8,imputed
38037,3.73,1.74,0.61,30.1,imputed
38039,3.49,1.48,0.71,34,imputed
38041,1.56,0.649,0.242,30.6,imputed
38043,4.48,1.9,0.773,33.2,imputed
38045,1.96,0.655,0.403,32.8,imputed
38047,4.36,1.85,0.73,32.4,imputed
38049,4.19,1.49,0.81,33.5,imputed
38051,1.96,0.652,0.326,32.6,imputed
38053,2.42,0.895,1.01,31.2,monitor
38055,3.28,1.37,0.616,31.8,imputed
38057,3.15,1.28,1.04,30.6,monitor
38059,3.9,1.82,0.643,31.5,imputed
38061,4.09,1.45,0.768,32.8,imputed
38063,3.62,1.53,0.734,35.2,imputed
38065,3.83,1.79,1.6,31.5,monitor
38067,3.41,1.24,0.691,34,imputed
38069,4.23,1.5,0.853,33.9,imputed
38071,3.5,1.27,0.709,34.9,imputed
38073,3.39,1.43,0.712,33,imputed
38075,4.22,1.5,0.827,33.8,imputed
38077,3.39,1.43,0.722,33,imputed
38079,4.28,1.52,0.86,34.2,imputed
38081,1.96,0.652,0.401,32.6,imputed
38083,4.34,1.84,0.818,32.2,imputed
38085,4.16,1.76,0.704,30.9,imputed
38087,1.55,0.646,0.226,30.5,imputed
38089,1.55,0.646,0.26,30.5,imputed
38091,3.51,1.48,0.738,34.1,imputed
38093,4.39,1.86,0.813,32.6,imputed
38095,3.4,1.23,0.716,33.9,imputed
38097,3.51,1.48,0.752,34.1,imputed
38099,3.4,1.23,0.711,33.9,imputed
38101,4.16,1.47,1.21,33,monitor
38103,4.36,1.85,0.884,32.4,imputed
38105,0.813,0,0.133,32.1,monitor
39001,1.02,0.408,0.385,15.5,imputed
39003,0.625,0.375,0.417,18.6,monitor
39005,0.756,0.378,0.27,16.4,imputed
39007,0.724,0.362,0.252,17.4,imputed
39009,0.195,0.195,0.13,15,monitor
39011,0.679,0.407,0.224,19,imputed
39013,0.197,0.197,0.131,14.8,monitor
39015,0.942,0.236,0.332,16.4,imputed
39017,1.4,0.509,0.934,18.2,monitor
39019,0,0,0,15.1,imputed
39021,0.942,0.404,0.328,17.5,imputed
39023,0.875,0.375,0.583,17,monitor
39025,0.978,0.245,0.325,17,imputed
39027,0.915,0.392,0.324,17,imputed
39029,1.03,0.513,0.382,14.9,imputed
39031,0,0,0,14.9,imputed
39033,0,0,0,17.9,imputed
39035,1,0.375,0.667,17.4,monitor
39037,1.03,0.385,0.34,18.6,imputed
39039,0,0,0,20.5,imputed
39041,1.21,0.536,0.43,16.8,imputed
39043,0,0,0,18.9,imputed
39045,1.11,0.492,0.407,15.4,imputed
39047,0.882,0.378,0.31,16.4,imputed
39049,1.12,0.5,0.75,16.6,monitor
39051,0.852,0.341,0.281,20.6,imputed
39053,0.705,0.282,0.272,15.4,imputed
39055,0.698,0.349,0.246,16.8,imputed
39057,0.915,0.392,0.327,17,imputed
39059,0,0,0,14.5,imputed
39061,1,0.25,0.667,17.4,monitor
39063,0.665,0.399,0.233,18.6,imputed
39065,0.643,0.386,0.22,18,imputed
39067,0,0,0,14.6,monitor
39069,0.719,0.431,0.24,20.1,imputed
39071,1.09,0.434,0.381,16.5,imputed
39073,0.273,0.273,0.104,14.8,imputed
39075,1.04,0.391,0.368,15.5,imputed
39077,0,0,0,18,imputed
39079,1.02,0.408,0.381,15.5,imputed
39081,0.75,0.375,0.357,15,monitor
39083,1.12,0.496,0.413,15.5,imputed
39085,0.716,0.358,0.477,17.4,monitor
39087,0.631,0.252,0.414,14.9,monitor
39089,1.12,0.496,0.408,15.5,imputed
39091,0.643,0.386,0.218,18,imputed
39093,0,0,0,18.2,monitor
39095,0.716,0.358,0.477,20.2,monitor
39097,0.909,0.389,0.321,16.9,imputed
39099,0.793,0.397,0.529,15.8,monitor
39101,1.26,0.56,0.427,17.5,imputed
39103,0.764,0.382,0.509,16.8,monitor
39105,0.275,0.275,0.108,14.9,imputed
39107,0.701,0.421,0.233,19.6,imputed
39109,0.945,0.405,0.316,18.5,imputed
39111,0.24,0.24,0.0919,14.4,imputed
39113,0.907,0.389,0.605,18,monitor
39115,0.271,0.271,0.101,14.6,imputed
39117,1.21,0.536,0.423,16.8,imputed
39119,0.275,0.275,0.104,14.9,imputed
39121,0.24,0.24,0.0903,14.4,imputed
39123,0.665,0.333,0.222,19.6,imputed
39125,0,0,0,20.2,imputed
39127,0.282,0.282,0.108,15.2,imputed
39129,1.14,0.508,0.412,15.9,imputed
39131,1.04,0.414,0.39,15.8,imputed
39133,0,0,0,16.1,monitor
39135,1,0.375,0.667,18.6,monitor
39137,0.71,0.426,0.244,19.9,imputed
39139,0.785,0.392,0.275,17,imputed
39141,1.06,0.424,0.375,16.1,imputed
39143,0.661,0.331,0.22,19.5,imputed
39145,0.633,0.253,0.413,14.9,monitor
39147,0.636,0.318,0.217,18.8,imputed
39149,0.67,0.402,0.219,18.8,imputed
39151,1,0.375,0.619,15.4,monitor
39153,0.848,0.448,0.47,16.2,monitor
39155,1.12,0.375,0.607,16,monitor
39157,0,0,0,14.9,imputed
39159,1.29,0.572,0.445,17.9,imputed
39161,0.719,0.431,0.239,20.1,imputed
39163,0.28,0.28,0.105,15.1,imputed
39165,1.61,0.586,0.551,17.9,imputed
39167,0.275,0.275,0.104,14.9,imputed
39169,0.733,0.366,0.253,15.9,imputed
39171,0.863,0.345,0.285,20.9,imputed
39173,0.674,0.337,0.228,19.9,imputed
39175,0.652,0.391,0.224,18.2,imputed
40001,0,0,0,18.6,monitor
40003,0.596,0.149,0.14,21,imputed
40005,0.477,0,0.168,15.8,imputed
40007,0.327,0.0512,0.0684,19.2,imputed
40009,0.241,0,0.0466,16.8,imputed
40011,0.275,0,0.0697,19.1,imputed
40013,0.125,0,0.0437,15,imputed
40015,0.294,0,0.0764,16.8,imputed
40017,0.375,0,0.0899,18.1,imputed
40019,0.125,0,0.0357,15.8,monitor
40021,0,0,0,18.6,imputed
40023,0.489,0,0.167,16.1,imputed
40025,0.31,0.0486,0.0554,18.2,imputed
40027,0.472,0,0.167,17.1,monitor
40029,0.492,0,0.177,16.2,imputed
40031,0.25,0,0.0714,15.8,monitor
40033,0.25,0,0.0739,14.2,imputed
40035,1.88,0.47,0.612,21,imputed
40037,0.467,0,0.144,19.6,imputed
40039,0.272,0,0.0608,18.9,imputed
40041,1.72,0.431,0.588,19.2,imputed
40043,0.263,0,-0.0202,18.8,monitor
40045,0.277,0,0.0562,19.2,imputed
40047,0.806,0.134,0.193,19.8,imputed
40049,0.138,0,0.0407,16.5,imputed
40051,0.407,0,0.111,16.1,imputed
40053,0.596,0.149,0.151,21,imputed
40055,0.283,0,0.0637,16.1,imputed
40057,0.261,0,0.0574,14.9,imputed
40059,0.268,0,0.0516,18.6,imputed
40061,0,0,0,17.8,imputed
40063,0.523,0,0.187,17.2,imputed
40065,0.263,0,0.056,15,imputed
40067,0.126,0,0.0372,15.1,imputed
40069,0.131,0,0.045,15.8,imputed
40071,0.768,0.125,0.155,20.2,monitor
40073,0.403,0,0.104,19.5,imputed
40075,0.296,0,0.0683,16.9,imputed
40077,0.523,0,0.202,17.2,imputed
40079,0,0,0,17.8,imputed
40081,0.385,0,0.114,18.6,imputed
40083,0.393,0,0.105,19,imputed
40085,0.127,0,0.0415,15.2,imputed
40087,0.419,0,0.12,16.6,imputed
40089,0,0,0,16.4,imputed
40091,0.549,0,0.197,18.1,imputed
40093,0.295,0,0.0641,20.5,imputed
40095,0.125,0,0.0403,15,imputed
40097,0.468,0,0.159,20.1,imputed
40099,0.129,0,0.0411,15.5,imputed
40101,0,0,0,19.2,imputed
40103,0.847,0.141,0.224,20.8,imputed
40105,0.491,0,0.21,21,monitor
40107,0.583,0,0.192,19.2,imputed
40109,0.375,0,0.107,18.1,monitor
40111,0.458,0,0.156,19.2,imputed
40113,0.795,0,0.24,22,imputed
40115,1.69,0.424,0.453,21.1,monitor
40117,0.832,0.139,0.249,20.4,imputed
40119,0.416,0,0.118,20.1,imputed
40121,0.5,0,0.167,16.5,monitor
40123,0.141,0,0.0467,16.9,imputed
40125,0.438,0,0.141,17.4,imputed
40127,0.504,0,0.184,16.6,imputed
40129,0.272,0,0.0505,18.9,imputed
40131,0.509,0,0.162,21.4,imputed
40133,0.454,0,0.154,18,imputed
40135,0,0,0,17.5,monitor
40137,0.12,0,0.0346,14.4,imputed
40139,0.302,0.0473,0.0575,17.8,imputed
40141,0.241,0,0.0581,13.8,imputed
40143,0.5,0,0.0714,21,monitor
40145,0.467,0,0.157,19.6,imputed
40147,0.804,0,0.299,22.2,monitor
40149,0.259,0,0.0562,18,imputed
40151,0.295,0,0.0606,20.5,imputed
40153,0.273,0,0.0579,19,imputed
41001,5.33,1.71,0.393,25.5,imputed
41003,7.98,5.51,1.24,17.9,imputed
41005,1.8,0.598,0.199,19.8,imputed
41007,1.57,0.447,0.193,12.8,imputed
41009,1.87,0.535,0.243,15.2,imputed
41011,7.17,4.69,1.17,20.1,imputed
41013,6.41,4.46,-0.227,25.9,monitor
41015,9.22,6.03,1.31,25.9,imputed
41017,8.05,4.98,1.01,28.8,imputed
41019,12.9,8.9,1.86,28.9,imputed
41021,9.01,5.38,0.858,24.8,imputed
41023,6.62,4.09,0.55,23.6,imputed
41025,3.67,2.08,0.191,24.8,monitor
41027,1.85,0.617,0.205,20.4,imputed
41029,12.8,9.76,0.959,34,monitor
41031,7.39,4.57,0.79,26.4,imputed
41033,9.88,8.44,0.417,32.6,monitor
41035,14.9,10.5,0.185,30.8,monitor
41037,10.5,3.16,-0.222,28.8,monitor
41039,10.6,7.12,1.9,24.9,monitor
41041,6.75,4.66,1.06,15.1,imputed
41043,9.99,6.9,1.38,22.4,imputed
41045,5.2,1.67,0.475,24.9,imputed
41047,1.98,0.659,0.232,21.8,imputed
41049,8.97,5.35,1,24.6,imputed
41051,1.93,0.67,-0.261,18.4,monitor
41053,2,0.57,0.333,16.2,imputed
41055,9.19,5.49,0.858,25.2,imputed
41057,1.66,0.474,0.246,13.5,imputed
41059,6.26,3.51,0.714,25.4,imputed
41061,5.8,3.25,0.664,23.5,imputed
41063,5.92,3.32,0.729,24,imputed
41065,2.19,0.731,0.205,24.1,imputed
41067,2.39,0.705,-0.451,16,monitor
41069,7.14,4.42,0.7,25.5,imputed
41071,1.9,0.544,0.33,15.5,imputed
42001,1.25,0.5,0.738,13.1,monitor
42003,1.25,0.375,0.738,14.8,monitor
42005,0.645,0.39,0.382,14.5,monitor
42007,1.38,0.25,0.821,15,monitor
42009,0.891,0.637,0.37,13.6,imputed
42011,0.875,0.625,0.536,13.4,monitor
42013,0.904,0.649,0.555,13.6,monitor
42015,0.125,0,0.0357,15.2,monitor
42017,0.891,0.636,0.368,14,imputed
42019,0.663,0.398,0.246,15.1,imputed
42021,0.5,0.375,0.286,13.8,monitor
42023,0.907,0.648,0.37,14,imputed
42025,0.934,0.8,0.398,13.9,imputed
42027,0.934,0.674,0.575,14,monitor
42029,1.01,0.51,0.581,13.6,monitor
42031,0.658,0.395,0.253,15,imputed
42033,0.883,0.631,0.357,13.6,imputed
42035,0.924,0.66,0.384,14.2,imputed
42037,0.287,0,0.122,14.4,imputed
42039,0.741,0.296,0.262,16.8,imputed
42041,1,0.5,0.619,13.2,monitor
42043,1.12,0.625,0.655,13.4,monitor
42045,0.875,0.5,0.488,13.9,monitor
42047,0.907,0.648,0.361,14,imputed
42049,0.625,0.375,0.417,17.4,monitor
42051,0.131,0,0.0329,13.9,monitor
42053,0.674,0.405,0.253,15.4,imputed
42055,0.656,0.262,0.296,13.2,imputed
42057,0.675,0.27,0.293,13.6,imputed
42059,0.131,0,0.0329,14.4,monitor
42061,0.891,0.637,0.375,13.6,imputed
42063,1.59,0.713,0.784,14.1,monitor
42065,0.63,0.378,0.252,14.4,imputed
42067,1.04,0.519,0.437,13.8,imputed
42069,0.762,0.51,0.46,14.1,monitor
42071,1.5,0.625,0.905,13,monitor
42073,1.4,0.254,0.507,15.1,imputed
42075,1.1,0.692,0.646,13.4,monitor
42077,0.91,0.78,0.557,13.4,monitor
42079,0.287,0,0.117,14.4,imputed
42081,0.147,0,0.0277,14.8,monitor
42083,0.476,0,0.184,14.8,imputed
42085,0.721,0.298,0.433,15.9,monitor
42087,0.899,0.642,0.376,13.9,imputed
42089,0.86,0.614,0.343,13.9,imputed
42091,0.875,0.625,0.488,13.9,monitor
42093,0.284,0,0.122,14.8,imputed
42095,0.875,0.625,0.536,14.1,monitor
42097,1.26,0.698,0.532,14.4,imputed
42099,1.02,0.509,0.447,13.5,imputed
42101,1.12,0.75,0.655,14.2,monitor
42103,0.771,0.514,0.309,13.6,imputed
42105,0.222,0,0.0896,14.6,imputed
42107,0.883,0.631,0.382,13.5,imputed
42109,1.26,0.698,0.542,14.4,imputed
42111,0.207,0,0.0876,13.9,imputed
42113,0.201,0,0.081,14.5,imputed
42115,0.324,0,0.0603,14.5,monitor
42117,0.151,0,0.0432,14.8,monitor
42119,0.279,0,0.118,14.5,imputed
42121,0.691,0.277,0.254,15.6,imputed
42123,0.508,0,0.191,15.8,imputed
42125,1.12,0.375,0.702,14.8,monitor
42127,0.771,0.514,0.301,13.6,imputed
42129,0.125,0,0.0357,14.4,monitor
42131,0.177,0,0.0296,14.5,monitor
42133,1.14,0.509,0.665,12.6,monitor
44001,0.631,0,0.233,13.8,imputed
44003,0.417,0,0.224,13.8,monitor
44005,0.533,0,0.193,14.1,imputed
44007,0.375,0,0.202,13.5,monitor
44009,0.539,0,0.359,14.5,monitor
45001,0,0,0,9,imputed
45003,0,0,0,8.88,imputed
45005,0,0,0,8.12,imputed
45007,0.267,0,0.123,9.75,imputed
45009,0.258,0,0.119,8.25,imputed
45011,0,0,0,9.5,imputed
45013,0.125,0,0.0551,7.38,imputed
45015,0,0,0,7.5,imputed
45017,0.161,0,0.0765,7.88,imputed
45019,0,0,0,7.38,monitor
45021,0.275,0,0.131,9.75,imputed
45023,0.122,0,0.0576,9.12,imputed
45025,0.148,0,0.0776,9.38,monitor
45027,0.174,0,0.0807,8,imputed
45029,0,0,0,8,imputed
45031,0.182,0,0.0804,8.75,imputed
45033,0.185,0,0.0864,8.5,imputed
45035,0,0,0,7.38,imputed
45037,0,0,0,9.62,monitor
45039,0.181,0,0.0882,8.88,imputed
45041,0.139,0,0.08,8.38,monitor
45043,0,0,0,7.5,imputed
45045,0.25,0,0.167,9.25,monitor
45047,0,0,0,9.5,imputed
45049,0.136,0,0.0609,8,imputed
45051,0,0,0,7,monitor
45053,0.133,0,0.0595,7.88,imputed
45055,0.176,0,0.0809,8.62,imputed
45057,0.188,0,0.0888,9,imputed
45059,0.264,0,0.124,9.38,imputed
45061,0.185,0,0.0859,8.5,imputed
45063,0.125,0,0.0357,8,monitor
45065,0,0,0,9.75,imputed
45067,0.177,0,0.082,8.12,imputed
45069,0.193,0,0.0888,9.25,imputed
45071,0.293,0,0.139,9.38,imputed
45073,0.271,0,0.118,9.88,imputed
45075,0.163,0,0.0773,8,imputed
45077,0.271,0,0.118,9.88,imputed
45079,0.14,0,0.0799,8.12,monitor
45081,0,0,0,9.12,imputed
45083,0.25,0,0.167,9.12,monitor
45085,0.163,0,0.0763,8,imputed
45087,0.268,0,0.122,9.5,imputed
45089,0.163,0,0.0751,7.5,imputed
45091,0.128,0,0.0854,9.88,monitor
46003,1.13,0.756,0.244,29.4,imputed
46005,1.35,0.492,0.283,30.5,imputed
46007,1.3,0.826,0.223,27.1,imputed
46009,2.19,1.1,0.491,28.5,imputed
46011,1.21,0.536,0.542,30.5,monitor
46013,1.83,0.564,0.679,32.8,monitor
46015,1.13,0.753,0.223,29.2,imputed
46017,1.15,0.766,0.219,29.8,imputed
46019,1.89,0.811,0.256,30.1,imputed
46021,1.88,0.627,0.322,31.4,imputed
46023,2.17,1.09,0.469,28.2,imputed
46025,1.37,0.498,0.3,30.9,imputed
46027,2.2,1.1,0.525,28.8,monitor
46029,1.38,0.5,0.56,31,monitor
46031,3.06,1.11,0.483,30.5,imputed
46033,1.71,0.63,0.677,28,monitor
46035,1.17,0.65,0.276,29.2,imputed
46037,1.47,0.534,0.33,33.1,imputed
46039,1.18,0.523,0.283,30.8,imputed
46041,1.17,0.782,0.201,30.4,imputed
46043,2.19,1.1,0.478,28.5,imputed
46045,1.94,0.645,0.357,32.2,imputed
46047,1.41,0.512,0.201,26.2,imputed
46049,1.9,0.635,0.354,31.8,imputed
46051,1.39,0.504,0.32,31.2,imputed
46053,1.1,0.731,0.229,28.4,imputed
46055,1.43,0.909,0.235,29.9,imputed
46057,1.38,0.5,0.317,31,imputed
46059,1.15,0.766,0.223,29.8,imputed
46061,1.17,0.65,0.28,29.2,imputed
46063,2.95,1.07,0.467,29.4,imputed
46065,1.15,0.767,0.669,29.9,monitor
46067,2.25,1.13,0.513,29.2,imputed
46069,1.14,0.763,0.206,29.6,imputed
46071,1.38,0.875,0.536,28.8,monitor
46073,1.16,0.773,0.234,30,imputed
46075,1.12,0.75,0.205,29.1,imputed
46077,1.15,0.511,0.245,30,imputed
46079,1.13,0.504,0.26,29.6,imputed
46081,1.49,0.541,0.22,27.8,imputed
46083,1.16,0.642,0.26,28.9,imputed
46085,1.14,0.76,0.213,29.5,imputed
46087,1.19,0.661,0.272,29.8,imputed
46089,1.95,0.65,0.349,32.5,imputed
46091,1.98,0.66,0.437,33,imputed
46093,1.9,0.814,0.277,30.2,imputed
46095,1.36,0.867,0.23,28.5,imputed
46097,1.15,0.513,0.271,30.1,imputed
46099,1.15,0.64,0.523,28.6,monitor
46101,1.18,0.653,0.263,29.4,imputed
46102,1.72,0.737,0.279,27.4,imputed
46103,1.76,0.75,0.578,28.1,monitor
46105,3.09,1.12,0.464,30.8,imputed
46107,1.18,0.785,0.205,30.5,imputed
46109,1.43,0.52,0.338,32.2,imputed
46111,1.16,0.517,0.269,30.4,imputed
46115,1.86,0.62,0.381,31,imputed
46117,1.15,0.769,0.203,29.9,imputed
46119,1.17,0.779,0.201,30.2,imputed
46121,1.34,0.852,0.229,28,imputed
46123,1.11,0.737,0.205,28.6,imputed
46125,2.22,1.11,0.508,28.9,imputed
46127,0.814,0.411,0.211,28.5,monitor
46129,1.19,0.792,0.222,30.8,imputed
46135,2.25,1.13,0.507,29.2,imputed
46137,1.96,0.841,0.318,31.2,imputed
47001,0.695,0,0.296,12.4,imputed
47003,0.119,0,0.0537,12,imputed
47005,0.263,0,0.117,15.2,imputed
47007,0.337,0,0.136,12.1,imputed
47009,0.379,0,0.248,11.1,monitor
47011,0.319,0,0.143,11.5,imputed
47013,0.66,0,0.285,11.8,imputed
47015,0.122,0,0.0545,11.6,imputed
47017,0.244,0,0.108,15.5,imputed
47019,0.241,0,0.105,10.4,imputed
47021,0.261,0,0.111,14.5,imputed
47023,0.244,0,0.106,15.5,imputed
47025,0.448,0,0.197,11.5,imputed
47027,0.146,0,0.0618,13.9,imputed
47029,0.135,0,0.0522,10.5,imputed
47031,0.337,0,0.147,12.1,imputed
47033,0.114,0,0.0502,17.8,imputed
47035,0.128,0,0.0527,12,imputed
47037,0.25,0,0.0714,13.9,monitor
47039,0.232,0,0.102,14.8,imputed
47041,0.124,0,0.0544,11.8,imputed
47043,0.25,0,0.109,14.5,imputed
47045,0.125,0,0.0357,19.6,monitor
47047,0,0,0,17.4,imputed
47049,0.13,0,0.0545,12.4,imputed
47051,0.16,0,0.0703,12.1,imputed
47053,0.112,0,0.0491,17.5,imputed
47055,0,0,0,13,imputed
47057,0.646,0,0.281,11.5,imputed
47059,0.241,0,0.104,10.4,imputed
47061,0.33,0,0.143,11.9,imputed
47063,0.604,0,0.264,10.8,imputed
47065,0.344,0,0.225,11.9,monitor
47067,0.433,0,0.189,11.1,imputed
47069,0.25,0,0.107,15.9,imputed
47071,0,0,0,14.4,imputed
47073,0.247,0,0.108,10.6,imputed
47075,0.281,0,0.122,17.9,imputed
47077,0.236,0,0.103,15,imputed
47079,0.272,0,0.117,15.8,imputed
47081,0.137,0,0.0616,13.9,imputed
47083,0.269,0,0.113,15.6,imputed
47085,0.259,0,0.112,15,imputed
47087,0.141,0,0.0593,13.4,imputed
47089,0.618,0,0.27,11,imputed
47091,0.777,0,0.332,10.9,imputed
47093,0.632,0,0.318,11.4,monitor
47095,0.138,0,0.056,21.5,imputed
47097,0.126,0,0.0532,19.6,imputed
47099,0,0,0,13.4,monitor
47101,0,0,0,14.2,imputed
47103,0.163,0,0.0735,12.4,imputed
47105,0.133,0,0.0889,11.4,monitor
47107,0.128,0,0.082,11.6,monitor
47109,0.226,0,0.0999,14.4,imputed
47111,0.125,0,0.0519,14.8,imputed
47113,0.264,0,0.0992,16.2,monitor
47115,0.326,0,0.146,11.8,imputed
47117,0.124,0,0.0561,12.5,imputed
47119,0.125,0,0.0357,13.2,monitor
47121,0.13,0,0.0546,11.9,imputed
47123,0.129,0,0.0529,11.4,imputed
47125,0.257,0,0.124,15.1,monitor
47127,0.16,0,0.0719,12.1,imputed
47129,0.126,0,0.0538,11.9,imputed
47131,0.126,0,0.0515,19.6,imputed
47133,0.132,0,0.0549,12.5,imputed
47135,0,0,0,14,imputed
47137,0.137,0,0.0574,13,imputed
47139,0.129,0,0.0568,11.8,imputed
47141,0.128,0,0.0851,12,monitor
47143,0.126,0,0.0547,11.5,imputed
47145,0.125,0,0.0833,11.8,monitor
47147,0.128,0,0.0518,15.1,imputed
47149,0.223,0,0.0997,12.4,imputed
47151,0.129,0,0.0551,12.1,imputed
47153,0.33,0,0.145,11.9,imputed
47155,0.141,0,0.0586,11,imputed
47157,0,0,0,18,monitor
47159,0.139,0,0.0586,13.2,imputed
47161,0.269,0,0.111,15.6,imputed
47163,0.25,0,0.167,10.8,monitor
47165,0.125,0,0.0357,15.1,monitor
47167,0,0,0,18.8,imputed
47169,0.121,0,0.0506,14.2,imputed
47171,0.128,0,0.0562,10.1,imputed
47173,0.653,0,0.286,11.6,imputed
47175,0.121,0,0.0526,11.5,imputed
47177,0.124,0,0.0546,11.8,imputed
47179,0.238,0,0.105,10.2,imputed
47181,0,0,0,13.6,imputed
47183,0.109,0,0.0461,17,imputed
47185,0.125,0,0.054,11.9,imputed
47187,0.232,0,0.107,12.9,imputed
47189,0.111,0,0.0481,13.1,imputed
48001,0,0,0,12.8,imputed
48003,0,0,0,9.62,imputed
48005,0,0,0,12,imputed
48007,0,0,0,13.2,imputed
48009,0.23,0,0.065,13.1,imputed
48011,0.263,0,0.0631,15.1,imputed
48013,0,0,0,8,monitor
48015,0,0,0,10.1,imputed
48017,0,0,0,12.9,imputed
48019,0,0,0,7.5,imputed
48021,0,0,0,9.25,imputed
48023,0.217,0,0.0553,12.4,imputed
48025,0,0,0,11.1,imputed
48027,0,0,0,10.9,monitor
48029,0,0,0,7.75,monitor
48031,0,0,0,9,imputed
48033,0,0,0,9.88,imputed
48035,0,0,0,12.5,imputed
48037,0,0,0,14.8,monitor
48039,0,0,0,12.4,imputed
48041,0,0,0,10.2,monitor
48043,0,0,0,4.75,monitor
48045,0.248,0,0.0592,14.2,imputed
48047,0,0,0,13.9,imputed
48049,0.185,0.029,0.0556,10.9,imputed
48051,0,0,0,10,imputed
48053,0,0,0,9.75,imputed
48055,0,0,0,8.75,imputed
48057,0,0,0,12.8,imputed
48059,0.17,0.0266,0.0478,10,imputed
48061,0.5,0,0.262,18.9,monitor
48063,0,0,0,13.9,imputed
48065,0.293,0,0.0669,16.9,imputed
48067,0,0,0,15,imputed
48069,0.248,0,0.0534,14.2,imputed
48071,0,0,0,12.8,imputed
48073,0,0,0,12.8,imputed
48075,0.232,0.0363,0.0528,13.6,imputed
48077,0.118,0,0.0364,14.1,imputed
48079,0,0,0,11,imputed
48081,0.149,0.0233,0.0421,8.75,imputed
48083,0.164,0.0256,0.0488,9.62,imputed
48085,0,0,0,14.6,imputed
48087,0.253,0.0396,0.0528,14.9,imputed
48089,0,0,0,10.4,imputed
48091,0,0,0,8.38,imputed
48093,0,0,0,11.4,imputed
48095,0.149,0.0233,0.0437,8.75,imputed
48097,0,0,0,14.6,imputed
48099,0,0,0,11.4,imputed
48101,0.221,0.0346,0.0546,13,imputed
48103,0,0,0,8,imputed
48105,0.123,0.0193,0.0372,7.25,imputed
48107,0,0,0,11.5,imputed
48109,0.119,0.0186,0.019,7,imputed
48111,0.289,0,0.054,16.6,imputed
48113,0,0,0,13.9,monitor
48115,0,0,0,10.4,imputed
48117,0.248,0,0.0567,14.2,imputed
48119,0,0,0,15,imputed
48121,0,0,0,14.8,monitor
48123,0,0,0,9.88,imputed
48125,0,0,0,12.1,imputed
48127,0.134,0,0.0554,7.75,imputed
48129,0.259,0,0.0553,14.9,imputed
48131,0.428,0,0.188,11.1,imputed
48133,0.193,0.0303,0.0601,11.4,imputed
48135,0,0,0,8.88,monitor
48137,0.123,0,0.0445,7.12,imputed
48139,0,0,0,13.1,imputed
48141,0,0,0,6.25,monitor
48143,0,0,0,11.8,imputed
48145,0,0,0,11.5,imputed
48147,0,0,0,15.2,imputed
48149,0,0,0,9.38,imputed
48151,0.168,0.0263,0.0407,9.88,imputed
48153,0,0,0,12.2,imputed
48155,0.228,0,0.0564,13,imputed
48157,0,0,0,11.4,imputed
48159,0,0,0,14.4,imputed
48161,0,0,0,11.8,imputed
48163,0,0,0,8.38,imputed
48165,0,0,0,10,imputed
48167,0,0,0,13.1,monitor
48169,0,0,0,11,imputed
48171,0,0,0,8.75,imputed
48173,0,0,0,9.38,imputed
48175,0,0,0,10.8,imputed
48177,0,0,0,9.12,imputed
48179,0.291,0,0.0609,16.8,imputed
48181,0,0,0,15.2,imputed
48183,0,0,0,13.8,imputed
48185,0,0,0,10.4,imputed
48187,0,0,0,8.25,imputed
48189,0,0,0,12.9,imputed
48191,0,0,0,13.8,imputed
48193,0,0,0,11.2,imputed
48195,0.311,0,0.059,17.9,imputed
48197,0.246,0,0.0589,14,imputed
48199,0,0,0,12.5,imputed
48201,0,0,0,11.2,monitor
48203,0,0,0,13.8,monitor
48205,0.267,0,0.0532,15.4,imputed
48207,0.191,0.03,0.0498,11.2,imputed
48209,0,0,0,9,imputed
48211,0.248,0,0.0483,17.2,imputed
48213,0,0,0,13.1,imputed
48215,0.128,0,-0.014,15,monitor
48217,0,0,0,12.6,imputed
48219,0,0,0,11.1,imputed
48221,0,0,0,12.4,imputed
48223,0,0,0,14.9,imputed
48225,0,0,0,12,imputed
48227,0,0,0,9.38,imputed
48229,0,0,0,6.12,imputed
48231,0,0,0,14.5,imputed
48233,0.302,0,0.0615,17.4,imputed
48235,0.14,0.022,0.0409,8.25,imputed
48237,0,0,0,13.8,imputed
48239,0.189,0.0296,0.0856,11.1,imputed
48241,0,0,0,13.1,imputed
48243,0,0,0,6.12,imputed
48245,0,0,0,13.4,monitor
48247,0.108,0,0.0461,11.8,imputed
48249,0,0,0,11.9,imputed
48251,0,0,0,12.8,imputed
48253,0.181,0.0283,0.048,10.6,imputed
48255,0,0,0,9.25,imputed
48257,0,0,0,13.9,monitor
48259,0,0,0,8.25,imputed
48261,0,0,0,16.4,imputed
48263,0,0,0,10.9,imputed
48265,0,0,0,8.62,imputed
48267,0.14,0.022,0.049,8.25,imputed
48269,0,0,0,12,imputed
48271,0.134,0,0.0521,7.75,imputed
48273,0,0,0,14.1,monitor
48275,0.198,0.0309,0.0484,11.6,imputed
48277,0,0,0,16.1,imputed
48279,0,0,0,12.6,imputed
48281,0,0,0,10.2,imputed
48283,0.337,0,0.144,8.75,imputed
48285,0,0,0,9.62,imputed
48287,0,0,0,9.5,imputed
48289,0,0,0,11.6,imputed
48291,0,0,0,11.6,imputed
48293,0,0,0,11.9,imputed
48295,0.257,0,0.0533,17.9,imputed
48297,0,0,0,9.62,imputed
48299,0,0,0,9.12,imputed
48301,0,0,0,8.12,imputed
48303,0,0,0,11.9,monitor
48305,0,0,0,11.1,imputed
48307,0.164,0.0256,0.0516,9.62,imputed
48309,0,0,0,11.8,imputed
48311,0,0,0,8.62,imputed
48313,0,0,0,11.1,imputed
48315,0,0,0,14,imputed
48317,0,0,0,9.62,imputed
48319,0.149,0.0233,0.0502,8.75,imputed
48321,0,0,0,12.6,imputed
48323,0.129,0,0.0813,7.62,monitor
48325,0,0,0,7.38,imputed
48327,0.138,0.0216,0.0443,8.12,imputed
48329,0,0,0,9.25,imputed
48331,0,0,0,11.1,imputed
48333,0,0,0,11,imputed
48335,0.161,0.0253,0.0397,9.5,imputed
48337,0.125,0,0.0399,15,imputed
48339,0,0,0,11,monitor
48341,0.289,0,0.0582,16.6,imputed
48343,0,0,0,14.5,imputed
48345,0,0,0,12.9,imputed
48347,0,0,0,12.8,imputed
48349,0,0,0,12.1,monitor
48351,0,0,0,13.1,imputed
48353,0.166,0.026,0.0429,9.75,imputed
48355,0,0,0,12.9,monitor
48357,0.315,0,0.066,18.1,imputed
48359,0.265,0,0.0576,15.2,imputed
48361,0,0,0,12.8,monitor
48363,0,0,0,12.4,imputed
48365,0,0,0,13.6,imputed
48367,0,0,0,12.9,imputed
48369,0.241,0,0.0524,13.9,imputed
48371,0,0,0,7,imputed
48373,0,0,0,12.5,imputed
48375,0.292,0,0.0322,16.2,monitor
48377,0,0,0,4.5,imputed
48379,0,0,0,14.1,imputed
48381,0.267,0,0.0598,15.4,imputed
48383,0,0,0,8.25,imputed
48385,0.131,0,0.0507,7.62,imputed
48387,0,0,0,14.8,imputed
48389,0,0,0,7.88,imputed
48391,0,0,0,12.8,imputed
48393,0.293,0,0.0636,16.9,imputed
48395,0,0,0,11.1,imputed
48397,0,0,0,14.8,imputed
48399,0.161,0.0253,0.0449,9.5,imputed
48401,0,0,0,13.2,imputed
48403,0,0,0,13.4,imputed
48405,0,0,0,13.2,imputed
48407,0,0,0,11.9,imputed
48409,0,0,0,11.8,imputed
48411,0,0,0,9.75,imputed
48413,0.134,0.021,0.0435,7.88,imputed
48415,0,0,0,9.62,imputed
48417,0.193,0.0303,0.052,11.4,imputed
48419,0,0,0,14,imputed
48421,0.293,0,0.0536,16.9,imputed
48423,0,0,0,13.4,imputed
48425,0,0,0,12.6,imputed
48427,0.112,0,0.0481,12.2,imputed
48429,0,0,0,11.2,imputed
48431,0,0,0,8.38,imputed
48433,0.187,0.0293,0.0457,11,imputed
48435,0.127,0.02,0.0457,7.5,imputed
48437,0.246,0,0.0565,14.1,imputed
48439,0,0,0,13.4,monitor
48441,0.168,0.0263,0.0496,9.88,imputed
48443,0,0,0,5.88,imputed
48445,0,0,0,11,imputed
48447,0.208,0.0326,0.055,12.2,imputed
48449,0,0,0,14.4,imputed
48451,0.147,0.023,0.0415,8.62,imputed
48453,0,0,0,9.38,monitor
48455,0,0,0,12,imputed
48457,0,0,0,12.6,imputed
48459,0,0,0,13.9,imputed
48461,0,0,0,8.12,imputed
48463,0.134,0,0.0513,7.75,imputed
48465,0.104,0.0163,0.0354,6.12,imputed
48467,0,0,0,13.6,imputed
48469,0,0,0,11.2,imputed
48471,0,0,0,11.9,imputed
48473,0,0,0,10.5,imputed
48475,0,0,0,8.5,imputed
48477,0,0,0,10.5,imputed
48479,0.38,0,0.152,9.88,monitor
48481,0,0,0,11.1,imputed
48483,0.232,0,0.0461,16.1,imputed
48485,0.237,0,0.0698,13.5,imputed
48487,0.239,0,0.0587,13.6,imputed
48489,0.473,0,0.202,17.5,imputed
48491,0,0,0,9.5,imputed
48493,0,0,0,8.5,imputed
48495,0,0,0,8.25,imputed
48497,0,0,0,13.1,imputed
48499,0,0,0,14,imputed
48501,0,0,0,10.4,imputed
48503,0,0,0,12.2,imputed
48505,0.394,0,0.173,10.2,imputed
48507,0.129,0,0.0521,7.5,imputed
49001,0.412,0.137,0.0634,9.75,imputed
49003,1.95,0,0.114,19.9,monitor
49005,2,0.375,-0.0952,18,monitor
49007,0,0,0,12.9,monitor
49009,0.724,0.145,0.0564,16.5,imputed
49011,1.38,0.125,0.179,15.4,monitor
49013,1.08,0.141,0.189,16.8,monitor
49015,0,0,0,11,imputed
49017,2.19,1.13,0.0954,10.1,imputed
49019,0.224,0,0.0243,10.6,imputed
49021,0.396,0.132,0.0951,9.5,monitor
49023,1.45,0.29,0.187,11.9,imputed
49025,0.296,0.148,0.0201,9.62,imputed
49027,0.428,0.143,0.0639,10.1,imputed
49029,1.29,0,0.127,14.9,imputed
49031,0.496,0.165,0.0473,11.8,imputed
49033,1.93,0.362,0.181,17.4,imputed
49035,2.12,0.5,0.321,14.1,monitor
49037,1.98,1.02,0.173,9.12,imputed
49039,2.01,0.223,0.241,12.4,imputed
49041,0,0,0,11.4,imputed
49043,0.953,0.119,0.0759,15.2,imputed
49045,1.88,0.375,0.298,15.4,monitor
49047,0.646,0.13,0.161,14.6,monitor
49049,2.25,0.25,0.119,13.9,monitor
49051,2.55,0.284,0.143,15.8,imputed
49053,0.25,0.125,0.0714,8.25,monitor
49055,2.16,1.12,0.258,10,imputed
49057,1.36,0,0.197,15.6,monitor
50001,0.392,0,0.14,14.5,imputed
50003,0.75,0.25,0.452,14.1,monitor
50005,0.13,0,0.0464,14.1,imputed
50007,0.625,0.25,0.369,14.8,monitor
50009,0.139,0,0.0492,14.5,imputed
50011,0.651,0.261,0.234,15.4,imputed
50013,0.673,0.269,0.235,15.9,imputed
50015,0.62,0.248,0.222,14.6,imputed
50017,0.128,0,0.0452,14,imputed
50019,0.636,0.254,0.226,15,imputed
50021,0.395,0,0.213,14.4,monitor
50023,0.625,0.25,0.228,14.8,imputed
50025,0.723,0.241,0.251,13.6,imputed
50027,0.358,0,0.125,13.2,imputed
51001,0.277,0.139,0.122,12.8,imputed
51003,0.766,0.383,0.498,12,monitor
51005,0.685,0.137,0.325,11.5,imputed
51007,0.495,0,0.228,11.4,imputed
51009,0.776,0,0.371,11.2,imputed
51011,0.776,0,0.355,11.2,imputed
51013,0.814,0.814,0.518,12.6,monitor
51015,0.773,0.387,0.358,12.4,imputed
51017,0.75,0.375,0.336,12,imputed
51019,0.759,0,0.342,11,imputed
51021,0.677,0.135,0.293,11.4,imputed
51023,0.388,0,0.183,11.2,imputed
51025,0.136,0,0.0618,10.6,imputed
51027,0.236,0,0.0995,12.4,imputed
51029,0.726,0.363,0.35,11.2,imputed
51031,0.77,0,0.469,11.6,monitor
51033,0.666,0.399,0.294,12.2,imputed
51035,0.825,0.138,0.366,11,imputed
51036,0.408,0.136,0.247,12,monitor
51037,0.75,0,0.344,10.9,imputed
51041,0.456,0,0.276,11.1,monitor
51043,0.852,0.426,0.386,12.5,imputed
51045,0.677,0.135,0.301,11.4,imputed
51047,0.99,0.371,0.44,12.1,imputed
51049,0.484,0,0.23,11.1,imputed
51051,0.231,0,0.0959,12.1,imputed
51053,0.462,0,0.209,10.6,imputed
51057,0.776,0.155,0.329,12.9,imputed
51059,1,0.375,0.619,12.2,monitor
51061,0.735,0.735,0.331,12.1,imputed
51063,0.64,0.128,0.281,10.8,imputed
51065,0.75,0.375,0.359,11.6,imputed
51067,0.375,0,0.163,10.9,imputed
51069,0.784,0.392,0.497,12.5,monitor
51071,0.692,0.138,0.304,11.6,imputed
51073,0.261,0.13,0.122,12,imputed
51075,0.639,0.383,0.294,11.8,imputed
51077,0.777,0,0.336,10.9,imputed
51079,0.782,0.391,0.334,12.1,imputed
51081,0.138,0,0.062,10.8,imputed
51083,0.716,0,0.328,10.4,imputed
51085,0.618,0.371,0.288,11.4,imputed
51087,0.653,0.128,0.371,11.1,monitor
51089,0.759,0.127,0.337,10.1,imputed
51091,0.758,0.379,0.336,12.1,imputed
51093,0.253,0.126,0.113,11.6,imputed
51095,0.605,0.202,0.271,11.5,imputed
51097,0.645,0.215,0.289,12.2,imputed
51099,1.03,0.386,0.458,12.6,imputed
51101,0.73,0.146,0.326,12.1,imputed
51103,0.632,0.211,0.289,12,imputed
51105,0.448,0,0.194,11.5,imputed
51107,0.731,0.731,0.47,12.2,monitor
51109,0.758,0.379,0.341,11.8,imputed
51111,0.489,0,0.225,11.2,imputed
51113,0.798,0.399,0.354,12.4,imputed
51115,0.269,0.135,0.118,12.4,imputed
51117,0.408,0,0.181,10.9,imputed
51119,0.638,0.213,0.293,12.1,imputed
51121,0.655,0.131,0.298,11,imputed
51125,0.774,0.387,0.363,12,imputed
51127,0.632,0.211,0.284,12,imputed
51131,0.261,0.13,0.111,12,imputed
51133,0.664,0.221,0.289,12.6,imputed
51135,0.484,0,0.22,11.1,imputed
51137,0.75,0.375,0.334,11.6,imputed
51139,0.75,0.375,0.327,12,imputed
51141,0.769,0.128,0.336,10.2,imputed
51143,0.707,0,0.305,10.2,imputed
51145,0.5,0,0.233,11.5,imputed
51147,0.784,0,0.357,11.4,imputed
51149,0.579,0.193,0.264,11,imputed
51153,0.969,0.364,0.438,11.9,imputed
51155,0.67,0.134,0.295,11.2,imputed
51157,0.844,0.422,0.376,12.4,imputed
51159,0.671,0.224,0.293,12.8,imputed
51161,0.67,0.134,0.358,11.2,monitor
51163,0.81,0,0.383,11.8,imputed
51165,0.774,0.387,0.479,12.6,monitor
51167,0.804,0,0.349,11.2,imputed
51169,0.25,0,0.109,10.8,imputed
51171,0.801,0.401,0.359,11.8,imputed
51173,0.786,0,0.342,11,imputed
51175,0.141,0,0.0644,11,imputed
51177,0.652,0.391,0.294,12,imputed
51179,0.959,0.36,0.433,11.8,imputed
51181,0.605,0.202,0.268,11.5,imputed
51183,0.566,0.189,0.261,10.8,imputed
51185,0.812,0,0.349,11.4,imputed
51187,0.861,0.43,0.376,12.6,imputed
51191,0.786,0,0.344,11,imputed
51193,0.684,0.228,0.301,13,imputed
51195,0.839,0,0.35,11.8,imputed
51197,0.662,0.132,0.284,11.1,imputed
51199,0.253,0.126,0.113,11.6,imputed
51510,0.806,0.806,0.355,12.5,imputed
51520,0.795,0,0.492,10.8,monitor
51530,0.784,0,0.369,11.4,imputed
51540,0.766,0.383,0.346,11.9,imputed
51550,0.188,0.188,0.0802,11.2,imputed
51570,0.489,0,0.22,11.2,imputed
51580,0.692,0.138,0.322,11.6,imputed
51590,0.385,0,0.172,10,imputed
51595,0.138,0,0.062,10.8,imputed
51600,1,0.375,0.443,12.2,imputed
51610,0.806,0.806,0.352,12.5,imputed
51620,0.143,0,0.0655,11.1,imputed
51630,0.969,0.364,0.431,11.9,imputed
51640,0.834,0.139,0.365,11.1,imputed
51650,0.25,0.125,0.167,11.8,monitor
51660,0.781,0.391,0.335,12.5,imputed
51670,0.67,0.134,0.311,11.1,imputed
51678,0.802,0,0.377,11.6,imputed
51680,0.81,0,0.365,11.8,imputed
51683,0.98,0.367,0.441,12,imputed
51685,0.969,0.364,0.436,11.9,imputed
51690,0.389,0,0.174,10.1,imputed
51700,0.25,0.125,0.109,11.5,imputed
51710,0,0,0,11.6,monitor
51720,0.839,0,0.35,11.8,imputed
51730,0.484,0,0.218,11.1,imputed
51735,0.253,0.126,0.105,11.6,imputed
51740,0,0,0,11.1,imputed
51750,0.67,0.134,0.299,11.2,imputed
51760,0.625,0.375,0.369,11.5,monitor
51770,0.392,0,0.175,11.4,imputed
51775,0.385,0,0.235,11.4,monitor
51790,0.766,0.383,0.353,12.2,imputed
51800,0,0,0,11.4,imputed
51810,0.125,0.125,0.0833,11.2,monitor
51820,0.79,0.395,0.352,12.2,imputed
51830,0.612,0.204,0.275,11.6,imputed
51840,0.852,0.426,0.386,12.5,imputed
53001,5.44,3.36,0.575,25.1,imputed
53003,5.34,2.87,0.586,24.6,imputed
53005,8.6,5.14,0.681,23.6,imputed
53007,5.84,2.71,0.919,24.5,imputed
53009,2.16,0.866,0.29,12.9,imputed
53011,2.75,1.5,-0.167,17.5,monitor
53013,5.5,2.96,0.642,25.4,imputed
53015,2.49,1.36,0.339,15.9,imputed
53017,9.43,6.51,0.924,25.6,imputed
53019,6.45,4.23,0.887,27,imputed
53021,8.88,5.3,0.854,24.4,imputed
53023,5.36,2.89,0.557,24.8,imputed
53025,5.84,2.71,0.63,24.5,imputed
53027,2.14,0.857,0.24,12.8,imputed
53029,2.75,1.1,0.53,16.4,imputed
53031,2.33,0.933,0.294,13.9,imputed
53033,4,1.62,0.119,17,monitor
53035,2.77,1.26,-0.144,15.9,monitor
53037,5.35,2.46,-0.518,22.4,monitor
53039,8.1,4.84,0.884,22.2,imputed
53041,3.08,2.01,0.413,15.9,imputed
53043,5.44,3.36,0.554,25.1,imputed
53045,2.27,0.908,0.316,13.5,imputed
53047,10.2,7.26,-0.0783,26.8,monitor
53049,1.57,0.447,0.164,12.8,imputed
53051,6.06,3.98,0.861,25.4,imputed
53053,3.25,2.12,0.119,16.8,monitor
53055,0.75,0.5,0.143,15.2,imputed
53057,0.842,0.561,-0.015,17.4,monitor
53059,2.75,1.5,0.404,17.5,imputed
53061,5.93,2.78,0.588,18.2,monitor
53063,5.89,3.63,-0.0981,27.2,monitor
53065,6.33,4.15,0.576,26.6,monitor
53067,2.93,1.92,0.395,15.1,imputed
53069,1.67,0.478,0.212,13.6,imputed
53071,6.11,3.42,0.629,24.8,imputed
53073,2.75,1.38,-0.0476,17,monitor
53075,5.39,2.9,0.555,24.9,imputed
53077,8.44,5.05,0.0181,23.1,monitor
54001,0.358,0.358,0.154,13.2,imputed
54003,0.738,0.369,0.469,12.8,monitor
54005,0.13,0.13,0.0547,13.5,imputed
54007,0.358,0.358,0.147,13.2,imputed
54009,0.697,0.349,0.465,14.6,monitor
54011,0.341,0,0.224,14.8,monitor
54013,0.318,0.318,0.128,14,imputed
54015,0.131,0.131,0.0546,13.6,imputed
54017,0.385,0.385,0.16,14.2,imputed
54019,0.123,0.123,0.0543,12.8,imputed
54021,0.375,0.375,0.154,13.9,imputed
54023,0.238,0.238,0.104,12.6,imputed
54025,0.109,0.109,0.0512,11.4,imputed
54027,0.728,0.364,0.327,12.4,imputed
54029,0.711,0.355,0.474,15,monitor
54031,0.229,0.229,0.104,12.1,imputed
54033,0.45,0.45,0.3,13.6,monitor
54035,0.318,0.318,0.129,14,imputed
54037,0.743,0.371,0.338,12.6,imputed
54039,0.135,0.135,0.09,14.1,monitor
54041,0.378,0.378,0.159,14,imputed
54043,0.35,0,0.143,14,imputed
54045,0.131,0.131,0.0553,13.6,imputed
54047,0.118,0.118,0.049,12.2,imputed
54049,0.39,0.39,0.26,14,monitor
54051,0.515,0.26,0.296,14.5,monitor
54053,0.372,0,0.146,14.9,imputed
54055,0.112,0.112,0.0486,11.6,imputed
54057,0.245,0.245,0.105,13,imputed
54059,0.356,0,0.151,14.2,imputed
54061,0.396,0.396,0.257,13.8,monitor
54063,0.111,0.111,0.049,11.5,imputed
54065,0.765,0.382,0.332,13,imputed
54067,0.123,0.123,0.0545,12.8,imputed
54069,0.736,0.368,0.491,14.8,monitor
54071,0.226,0.226,0.0997,12,imputed
54073,0.327,0.327,0.131,14.4,imputed
54075,0.321,0.321,0.143,11.9,imputed
54077,0.257,0.257,0.11,13.6,imputed
54079,0.353,0,0.143,14.1,imputed
54081,0.121,0.121,0.0541,12.6,imputed
54083,0.341,0.341,0.151,12.6,imputed
54085,0.321,0.321,0.131,14.1,imputed
54087,0.135,0.135,0.0549,14,imputed
54089,0.112,0.112,0.0521,11.6,imputed
54091,0.341,0.341,0.147,13.6,imputed
54093,0.241,0.241,0.103,12.8,imputed
54095,0.564,0.282,0.226,14.4,imputed
54097,0.365,0.365,0.16,13.5,imputed
54099,0.359,0,0.143,14.4,imputed
54101,0.351,0.351,0.155,13,imputed
54103,0.554,0.277,0.223,14.1,imputed
54105,0.33,0.33,0.135,14.5,imputed
54107,0.355,0.355,0.237,14.6,monitor
54109,0.123,0.123,0.0508,12.8,imputed
55001,1.04,0.519,0.277,27.8,imputed
55003,1,0.125,0.524,30.1,monitor
55005,1.39,0.63,0.364,28.9,imputed
55007,1.22,0.153,0.314,30.8,imputed
55009,1.25,0.5,0.738,25.8,monitor
55011,1.38,0.628,0.374,28.8,imputed
55013,1.01,0.127,0.266,29.4,imputed
55015,1.27,0.507,0.34,26.1,imputed
55017,1.41,0.639,0.357,29.2,imputed
55019,1.13,0.377,0.31,27.9,imputed
55021,1.13,0.502,0.301,26.5,imputed
55023,0.775,0.258,0.219,26.9,imputed
55025,1.12,0.5,0.75,26.9,monitor
55027,0.875,0.5,0.583,25.9,monitor
55029,1.31,0.526,0.352,25.6,imputed
55031,1.03,0.129,0.27,30,imputed
55033,1.42,0.644,0.373,29.5,imputed
55035,1.4,0.636,0.71,29.1,monitor
55037,1.43,0.389,0.355,27.8,imputed
55039,0.932,0.532,0.248,26.6,imputed
55041,1.4,0.381,0.737,27.9,monitor
55043,0.75,0.25,0.5,26.4,monitor
55045,1.15,0.512,0.311,27,imputed
55047,0.927,0.53,0.249,26.5,imputed
55049,0.775,0.258,0.208,26.9,imputed
55051,1.17,0.146,0.303,29.4,imputed
55053,1.12,0.373,0.435,27.5,monitor
55055,1.09,0.408,0.289,26.6,imputed
55057,0.747,0.373,0.2,27.6,imputed
55059,0.661,0.397,0.441,25.5,monitor
55061,1.29,0.515,0.35,25.1,imputed
55063,0.628,0.5,0.37,28,monitor
55065,0.754,0.251,0.216,26.1,imputed
55067,1.39,0.379,0.367,27,imputed
55069,1.55,0.903,0.386,28,imputed
55071,1.29,0.515,0.339,25.1,imputed
55073,1.55,0.903,0.383,28,imputed
55075,1.39,0.38,0.359,27.1,imputed
55077,1.01,0.505,0.254,27,imputed
55078,1.32,0.527,0.351,27.1,imputed
55079,0.875,0.375,0.583,25,monitor
55081,0.757,0.378,0.285,28,monitor
55083,1.35,0.541,0.385,26.4,imputed
55085,1.14,0.142,0.29,28.2,imputed
55087,1.25,0.5,0.738,26.5,monitor
55089,0.644,0.386,0.404,25.4,monitor
55091,1.4,0.636,0.369,29.1,imputed
55093,0,0,0,29.2,imputed
55095,0,0,0,29.2,imputed
55097,1.32,0.527,0.344,27.1,imputed
55099,1.57,0.915,0.419,28.4,imputed
55101,0.897,0.385,0.255,25.2,imputed
55103,1,0.502,0.268,26.9,imputed
55105,1.48,0.443,0.39,27,imputed
55107,1.56,0.907,0.394,28.1,imputed
55109,0,0,0,29.8,imputed
55111,1,0.5,0.571,27.4,monitor
55113,1.12,0.141,0.298,28.2,imputed
55115,1.3,0.519,0.356,26.8,imputed
55117,0.66,0.396,0.187,26,imputed
55119,1.55,0.905,0.792,28,monitor
55121,1.15,0.382,0.315,28.2,imputed
55123,0.611,0.489,0.168,26.8,imputed
55125,1.07,0.133,0.53,28.2,monitor
55127,1.1,0.549,0.299,26,imputed
55129,1,0.125,0.261,29,imputed
55131,0.66,0.396,0.189,26,imputed
55133,1,0.375,0.667,25,monitor
55135,1.3,0.519,0.346,26.8,imputed
55137,1.31,0.524,0.333,27,imputed
55139,1.3,0.519,0.339,26.8,imputed
55141,1.12,0.375,0.288,27.8,imputed
56001,0.89,0.146,0.0984,19.8,monitor
56003,1.17,0.391,0.0872,23.9,imputed
56005,1.96,0.375,0.49,27.4,monitor
56007,0.681,0.17,0.0585,17.9,imputed
56009,1.01,0,-0.0626,23.9,monitor
56011,2.21,0.442,0.289,28.1,imputed
56013,1.25,0.125,0.0952,21,monitor
56015,0.576,0.192,0.0526,24,imputed
56017,1.38,0.138,0.0645,23.1,imputed
56019,1.24,0.412,0.0907,25.1,imputed
56021,1.51,0.625,0.194,23.1,monitor
56023,0.562,0,0.033,18,monitor
56025,1.02,0,0.0866,22.2,monitor
56027,0.94,0,0.112,25.4,imputed
56029,1.62,0,0.054,23.4,monitor
56031,0.895,0.224,0.0635,23.5,imputed
56033,0.942,0.344,0.00463,26.8,monitor
56035,0.875,0.125,-0.0119,19.5,monitor
56037,0.127,0,0.0355,16.9,monitor
56039,2.92,0.625,0.373,21,monitor
56041,0.492,0,0.0344,16,imputed
56043,1.15,0.383,0.0498,23.4,imputed
56045,2.1,0.42,0.251,26.8,imputed
72001,0,0,0,0,hms_only
72003,0,0,0,0,hms_only
72005,0,0,0,0,hms_only
72007,0,0,0,0,hms_only
72009,0,0,0,0,hms_only
72011,0,0,0,0,hms_only
72013,0,0,0,0,hms_only
72015,0,0,0,0,hms_only
72017,0,0,0,0,hms_only
72019,0,0,0,0,hms_only
72021,0,0,0,0,hms_only
72023,0,0,0,0,hms_only
72025,0,0,0,0,hms_only
72027,0,0,0,0,hms_only
72029,0,0,0,0,hms_only
72031,0,0,0,0,hms_only
72033,0,0,0,0,hms_only
72035,0,0,0,0,hms_only
72037,0,0,0,0,hms_only
72039,0,0,0,0,hms_only
72041,0,0,0,0,hms_only
72043,0,0,0,0,hms_only
72045,0,0,0,0,hms_only
72047,0,0,0,0,hms_only
72049,0,0,0,0,hms_only
72051,0,0,0,0,hms_only
72053,0,0,0,0,hms_only
72054,0,0,0,0,hms_only
72055,0,0,0,0,hms_only
72057,0,0,0,0,hms_only
72059,0,0,0,0,hms_only
72061,0,0,0,0,hms_only
72063,0,0,0,0,hms_only
72065,0,0,0,0,hms_only
72067,0,0,0,0,hms_only
72069,0,0,0,0,hms_only
72071,0,0,0,0,hms_only
72073,0,0,0,0,hms_only
72075,0,0,0,0,hms_only
72077,0,0,0,0,hms_only
72079,0,0,0,0,hms_only
72081,0,0,0,0,hms_only
72083,0,0,0,0,hms_only
72085,0,0,0,0,hms_only
72087,0,0,0,0,hms_only
72089,0,0,0,0,hms_only
72091,0,0,0,0,hms_only
72093,0,0,0,0,hms_only
72095,0,0,0,0,hms_only
72097,0,0,0,0,hms_only
72099,0,0,0,0,hms_only
72101,0,0,0,0,hms_only
72103,0,0,0,0,hms_only
72105,0,0,0,0,hms_only
72107,0,0,0,0,hms_only
72109,0,0,0,0,hms_only
72111,0,0,0,0,hms_only
72113,0,0,0,0,hms_only
72115,0,0,0,0,hms_only
72117,0,0,0,0,hms_only
72119,0,0,0,0,hms_only
72121,0,0,0,0,hms_only
72123,0,0,0,0,hms_only
72125,0,0,0,0,hms_only
72127,0,0,0,0,hms_only
72129,0,0,0,0,hms_only
72131,0,0,0,0,hms_only
72133,0,0,0,0,hms_only
72135,0,0,0,0,hms_only
72137,0,0,0,0,hms_only
72139,0,0,0,0,hms_only
72141,0,0,0,0,hms_only
72143,0,0,0,0,hms_only
72145,0,0,0,0,hms_only
72147,,,,0.125,hms_only
72149,0,0,0,0,hms_only
72151,0,0,0,0,hms_only
72153,0,0,0,0,hms_only
78010,0,0,0,0,hms_only
78020,0,0,0,0,hms_only
78030,0,0,0,0,hms_only
