fips,tmax_ge_90f_01,tmax_ge_90f_02,tmax_ge_90f_03,tmax_ge_90f_04,tmax_ge_90f_05,tmax_ge_90f_06,tmax_ge_90f_07,tmax_ge_90f_08,tmax_ge_90f_09,tmax_ge_90f_10,tmax_ge_90f_11,tmax_ge_90f_12,tmax_ge_100f_01,tmax_ge_100f_02,tmax_ge_100f_03,tmax_ge_100f_04,tmax_ge_100f_05,tmax_ge_100f_06,tmax_ge_100f_07,tmax_ge_100f_08,tmax_ge_100f_09,tmax_ge_100f_10,tmax_ge_100f_11,tmax_ge_100f_12,tmin_le_20f_01,tmin_le_20f_02,tmin_le_20f_03,tmin_le_20f_04,tmin_le_20f_05,tmin_le_20f_06,tmin_le_20f_07,tmin_le_20f_08,tmin_le_20f_09,tmin_le_20f_10,tmin_le_20f_11,tmin_le_20f_12,tmin_le_0f_01,tmin_le_0f_02,tmin_le_0f_03,tmin_le_0f_04,tmin_le_0f_05,tmin_le_0f_06,tmin_le_0f_07,tmin_le_0f_08,tmin_le_0f_09,tmin_le_0f_10,tmin_le_0f_11,tmin_le_0f_12,outage_hot_share,outage_cold_share,region_outage_hot_share,region_outage_cold_share
01001,0,0,0,0,0.14,0.47,0.69,0.62,0.33,0.01,0,0,0,0,0,0,0,0,0.01,0.02,0,0,0,0,0.06,0.02,0,0,0,0,0,0,0,0,0,0.02,0,0,0,0,0,0,0,0,0,0,0,0,0.0274,0.00198,0.0202,0.0136
01003,0,0,0,0,0.1,0.44,0.65,0.62,0.3,0.01,0,0,0,0,0,0,0,0,0,0,0,0,0,0,0.01,0,0,0,0,0,0,0,0,0,0,0,0,0,0,0,0,0,0,0,0,0,0,0,0,0.00127,0.0112,0.00727
01005,0,0,0,0,0.13,0.43,0.66,0.57,0.27,0.01,0,0,0,0,0,0,0,0,0.01,0.01,0,0,0,0,0.04,0.01,0,0,0,0,0,0,0,0,0,0.01,0,0,0,0,0,0,0,0,0,0,0,0,0.0652,0.000502,0.0175,0.00411
01007,0,0,0,0,0.08,0.39,0.64,0.56,0.27,0.01,0,0,0,0,0,0,0,0,0.01,0.02,0,0,0,0,0.09,0.02,0.01,0,0,0,0,0,0,0,0,0.03,0,0,0,0,0,0,0,0,0,0,0,0,0.0297,0.00428,0.0236,0.0206
01009,0,0,0,0,0.04,0.27,0.49,0.43,0.17,0.01,0,0,0,0,0,0,0,0,0,0.01,0,0,0,0,0.14,0.04,0.01,0,0,0,0,0,0,0,0,0.04,0,0,0,0,0,0,0,0,0,0,0,0,0.00351,0.00454,0.0208,0.0264
01011,0,0,0,0,0.11,0.41,0.64,0.56,0.25,0.01,0,0,0,0,0,0,0,0,0.01,0.01,0,0,0,0,0.05,0.01,0,0,0,0,0,0,0,0,0,0.02,0,0,0,0,0,0,0,0,0,0,0,0,0.0775,0.00444,0.0183,0.00605
01013,0,0,0,0,0.13,0.43,0.65,0.57,0.31,0.01,0,0,0,0,0,0,0,0,0.01,0.01,0,0,0,0,0.06,0.01,0,0,0,0,0,0,0,0,0,0.01,0,0,0,0,0,0,0,0,0,0,0,0,0.054,0.000219,0.0175,0.00932
01015,0,0,0,0,0.04,0.29,0.52,0.45,0.2,0.01,0,0,0,0,0,0,0,0,0,0.01,0,0,0,0,0.12,0.03,0.01,0,0,0,0,0,0,0,0,0.03,0,0,0,0,0,0,0,0,0,0,0,0,0.019,0,0.017,0.0205
01017,0,0,0,0,0.06,0.32,0.55,0.43,0.16,0.01,0,0,0,0,0,0,0,0,0,0.01,0,0,0,0,0.11,0.03,0.01,0,0,0,0,0,0,0,0,0.03,0,0,0,0,0,0,0,0,0,0,0,0,0.022,0.00623,0.0186,0.0102
01019,0,0,0,0,0.03,0.28,0.49,0.44,0.18,0.01,0,0,0,0,0,0,0,0,0,0.01,0,0,0,0,0.13,0.03,0.01,0,0,0,0,0,0,0,0.01,0.04,0,0,0,0,0,0,0,0,0,0,0,0,0,0,0.0149,0.0225
01021,0,0,0,0,0.09,0.39,0.62,0.55,0.25,0.01,0,0,0,0,0,0,0,0,0.01,0.02,0,0,0,0,0.1,0.02,0.01,0,0,0,0,0,0,0,0,0.03,0,0,0,0,0,0,0,0,0,0,0,0,0.0118,0.00344,0.0209,0.0165
01023,0,0,0,0,0.12,0.48,0.7,0.65,0.33,0.02,0,0,0,0,0,0,0,0,0.01,0.02,0,0,0,0,0.05,0.01,0,0,0,0,0,0,0,0,0,0.01,0,0,0,0,0,0,0,0,0,0,0,0,0.0094,0.00245,0.0195,0.0166
01025,0,0,0,0,0.13,0.47,0.68,0.64,0.33,0.02,0,0,0,0,0,0,0,0,0.01,0.01,0,0,0,0,0.04,0.01,0,0,0,0,0,0,0,0,0,0.01,0,0,0,0,0,0,0,0,0,0,0,0,0.0155,0.00349,0.0169,0.0138
01027,0,0,0,0,0.03,0.24,0.44,0.37,0.15,0.01,0,0,0,0,0,0,0,0,0,0.01,0,0,0,0,0.13,0.04,0.01,0,0,0,0,0,0,0,0,0.04,0,0,0,0,0,0,0,0,0,0,0,0,0.00111,0.00397,0.019,0.0154
01029,0,0,0,0,0.02,0.21,0.39,0.32,0.14,0.01,0,0,0,0,0,0,0,0,0,0,0,0,0,0,0.14,0.04,0.01,0,0,0,0,0,0,0,0,0.04,0,0,0,0,0,0,0,0,0,0,0,0,0.000766,0.0121,0.0165,0.0178
01031,0,0,0,0,0.16,0.47,0.68,0.59,0.32,0.01,0,0,0,0,0,0,0,0.01,0.01,0.01,0,0,0,0,0.04,0.01,0,0,0,0,0,0,0,0,0,0.01,0,0,0,0,0,0,0,0,0,0,0,0,0.024,0.00181,0.0158,0.0041
01033,0,0,0,0,0.04,0.32,0.56,0.48,0.2,0.01,0,0,0,0,0,0,0,0,0.01,0.02,0,0,0,0,0.17,0.06,0.02,0,0,0,0,0,0,0,0.01,0.07,0,0,0,0,0,0,0,0,0,0,0,0,,,0.0398,0.0345
01035,0,0,0,0,0.14,0.47,0.66,0.59,0.29,0.01,0,0,0,0,0,0,0,0,0.01,0.01,0,0,0,0,0.04,0.01,0,0,0,0,0,0,0,0,0,0.01,0,0,0,0,0,0,0,0,0,0,0,0,0.0126,0,0.0156,0.00934
01037,0,0,0,0,0.08,0.35,0.59,0.48,0.21,0.01,0,0,0,0,0,0,0,0,0,0.02,0,0,0,0,0.1,0.02,0.01,0,0,0,0,0,0,0,0,0.03,0,0,0,0,0,0,0,0,0,0,0,0,0.0126,0.00269,0.0201,0.0141
01039,0,0,0,0,0.15,0.5,0.69,0.61,0.34,0.01,0,0,0,0,0,0,0,0,0.01,0.01,0,0,0,0,0.05,0.01,0,0,0,0,0,0,0,0,0,0.01,0,0,0,0,0,0,0,0,0,0,0,0,0.0645,0.00128,0.015,0.00559
01041,0,0,0,0,0.13,0.44,0.64,0.57,0.31,0.01,0,0,0,0,0,0,0,0,0.01,0.01,0,0,0,0,0.06,0.02,0,0,0,0,0,0,0,0,0,0.01,0,0,0,0,0,0,0,0,0,0,0,0,0.0355,0.00724,0.0173,0.00705
01043,0,0,0,0,0.03,0.23,0.46,0.43,0.17,0.01,0,0,0,0,0,0,0,0,0,0.02,0,0,0,0,0.16,0.05,0.01,0,0,0,0,0,0,0,0.01,0.04,0,0,0,0,0,0,0,0,0,0,0,0,0.0094,0.00993,0.024,0.029
01045,0,0,0,0,0.17,0.47,0.67,0.59,0.31,0.01,0,0,0,0,0,0,0,0,0.01,0.01,0,0,0,0,0.03,0.01,0,0,0,0,0,0,0,0,0,0.01,0,0,0,0,0,0,0,0,0,0,0,0,0.0264,0.00198,0.0159,0.00301
01047,0,0,0,0,0.12,0.45,0.69,0.62,0.33,0.01,0,0,0,0,0,0,0,0,0.01,0.02,0,0,0,0,0.05,0.01,0,0,0,0,0,0,0,0,0,0.01,0,0,0,0,0,0,0,0,0,0,0,0,0.0565,0.00209,0.0202,0.0156
01049,0,0,0,0,0,0.15,0.28,0.25,0.11,0.01,0,0,0,0,0,0,0,0,0,0,0,0,0,0,0.17,0.05,0.01,0,0,0,0,0,0,0,0.01,0.05,0,0,0,0,0,0,0,0,0,0,0,0,0,0,0.0136,0.0277
01051,0,0,0,0,0.12,0.45,0.68,0.6,0.3,0.01,0,0,0,0,0,0,0,0,0.01,0.02,0,0,0,0,0.06,0.01,0,0,0,0,0,0,0,0,0,0.02,0,0,0,0,0,0,0,0,0,0,0,0,0.0325,0.000838,0.0198,0.0109
01053,0,0,0,0,0.16,0.51,0.68,0.62,0.33,0.01,0,0,0,0,0,0,0,0,0.01,0.01,0,0,0,0,0.03,0.01,0,0,0,0,0,0,0,0,0,0.01,0,0,0,0,0,0,0,0,0,0,0,0,0.0035,0.0147,0.0137,0.00834
01055,0,0,0,0,0.04,0.28,0.5,0.44,0.19,0.01,0,0,0,0,0,0,0,0,0,0.01,0,0,0,0,0.12,0.03,0.01,0,0,0,0,0,0,0,0,0.03,0,0,0,0,0,0,0,0,0,0,0,0,0.0192,0.00501,0.0166,0.0245
01057,0,0,0,0,0.05,0.36,0.6,0.55,0.23,0.01,0,0,0,0,0,0,0,0,0.01,0.02,0,0,0,0,0.13,0.03,0.01,0,0,0,0,0,0,0,0,0.04,0,0,0,0,0,0,0,0,0,0,0,0,0.0234,0.00387,0.0362,0.0293
01059,0,0,0,0,0.03,0.26,0.49,0.44,0.17,0.01,0,0,0,0,0,0,0,0,0,0.02,0,0,0,0,0.18,0.07,0.02,0,0,0,0,0,0,0,0.01,0.07,0,0,0,0,0,0,0,0,0,0,0,0,0.00617,0.33,0.0404,0.0331
01061,0,0,0,0,0.2,0.53,0.72,0.63,0.37,0.02,0,0,0,0,0,0,0,0.01,0.01,0.01,0,0,0,0,0.02,0.01,0,0,0,0,0,0,0,0,0,0.01,0,0,0,0,0,0,0,0,0,0,0,0,0.0332,0.000055,0.0143,0.00258
01063,0,0,0,0,0.09,0.46,0.7,0.62,0.33,0.01,0,0,0,0,0,0,0,0,0,0.02,0,0,0,0,0.06,0.01,0,0,0,0,0,0,0,0,0,0.02,0,0,0,0,0,0,0,0,0,0,0,0,0.0436,0.00235,0.0292,0.0238
01065,0,0,0,0,0.09,0.44,0.67,0.59,0.31,0.01,0,0,0,0,0,0,0,0,0.01,0.02,0,0,0,0,0.06,0.02,0,0,0,0,0,0,0,0,0,0.02,0,0,0,0,0,0,0,0,0,0,0,0,0.0864,0.0166,0.0253,0.0217
01067,0,0,0,0,0.17,0.46,0.66,0.57,0.3,0.01,0,0,0,0,0,0,0,0.01,0.01,0,0,0,0,0,0.02,0.01,0,0,0,0,0,0,0,0,0,0.01,0,0,0,0,0,0,0,0,0,0,0,0,0.0142,0.00448,0.0161,0.00262
01069,0,0,0,0.01,0.21,0.56,0.73,0.63,0.36,0.02,0,0,0,0,0,0,0,0.01,0.01,0.01,0,0,0,0,0.01,0,0,0,0,0,0,0,0,0,0,0,0,0,0,0,0,0,0,0,0,0,0,0,0.0083,0,0.0145,0.00183
01071,0,0,0,0,0.01,0.18,0.34,0.31,0.12,0.01,0,0,0,0,0,0,0,0,0,0,0,0,0,0,0.17,0.06,0.02,0,0,0,0,0,0,0,0.01,0.06,0,0,0,0,0,0,0,0,0,0,0,0,0,0.0934,0.0133,0.0324
01073,0,0,0,0,0.06,0.35,0.6,0.55,0.23,0.01,0,0,0,0,0,0,0,0,0.01,0.02,0,0,0,0,0.11,0.03,0.01,0,0,0,0,0,0,0,0,0.03,0,0,0,0,0,0,0,0,0,0,0,0,0.0223,0,0.0237,0.0239
01075,0,0,0,0,0.06,0.4,0.62,0.57,0.25,0.01,0,0,0,0,0,0,0,0,0.01,0.03,0,0,0,0,0.12,0.03,0.01,0,0,0,0,0,0,0,0,0.04,0,0,0,0,0,0,0,0,0,0,0,0,0.0437,0.061,0.042,0.0304
01077,0,0,0,0,0.03,0.29,0.53,0.45,0.19,0.01,0,0,0,0,0,0,0,0,0.01,0.02,0,0,0,0,0.18,0.07,0.02,0,0,0,0,0,0,0,0.01,0.08,0,0,0,0,0,0,0,0,0,0,0,0,0.0163,0.0247,0.0369,0.036
01079,0,0,0,0,0.03,0.26,0.48,0.44,0.18,0.01,0,0,0,0,0,0,0,0,0,0.02,0,0,0,0,0.18,0.06,0.02,0,0,0,0,0,0,0,0.01,0.06,0,0,0,0,0,0,0,0,0,0,0,0,0.012,0,0.0309,0.0333
01081,0,0,0,0,0.09,0.37,0.6,0.48,0.2,0.01,0,0,0,0,0,0,0,0,0,0.01,0,0,0,0,0.06,0.02,0,0,0,0,0,0,0,0,0,0.01,0,0,0,0,0,0,0,0,0,0,0,0,0.00474,0.00215,0.0187,0.00775
01083,0,0,0,0,0.04,0.28,0.5,0.45,0.19,0.01,0,0,0,0,0,0,0,0,0,0.02,0,0,0,0,0.18,0.06,0.02,0,0,0,0,0,0,0,0.01,0.07,0,0,0,0,0,0,0,0,0,0,0,0,,,0.025,0.0356
01085,0,0,0,0,0.15,0.48,0.72,0.64,0.35,0.01,0,0,0,0,0,0,0,0,0.01,0.02,0,0,0,0,0.05,0.01,0,0,0,0,0,0,0,0,0,0.01,0,0,0,0,0,0,0,0,0,0,0,0,0.0626,0.000616,0.0191,0.0113
01087,0,0,0,0,0.12,0.44,0.68,0.58,0.28,0.01,0,0,0,0,0,0,0,0,0.01,0.02,0,0,0,0,0.05,0.01,0,0,0,0,0,0,0,0,0,0.02,0,0,0,0,0,0,0,0,0,0,0,0,0.0587,0,0.0189,0.00752
01089,0,0,0,0,0.03,0.27,0.45,0.43,0.18,0.01,0,0,0,0,0,0,0,0,0,0.01,0,0,0,0,0.16,0.05,0.01,0,0,0,0,0,0,0,0.01,0.06,0,0,0,0,0,0,0,0,0,0,0,0,0.0109,0.0638,0.019,0.0347
01091,0,0,0,0,0.12,0.48,0.7,0.64,0.33,0.02,0,0,0,0,0,0,0,0,0.01,0.02,0,0,0,0,0.05,0.01,0,0,0,0,0,0,0,0,0,0.01,0,0,0,0,0,0,0,0,0,0,0,0,0.0519,0.00582,0.0209,0.0183
01093,0,0,0,0,0.04,0.28,0.54,0.49,0.19,0.01,0,0,0,0,0,0,0,0,0,0.03,0,0,0,0,0.17,0.06,0.01,0,0,0,0,0,0,0,0.01,0.06,0,0,0,0,0,0,0,0,0,0,0,0,0.00596,0.116,0.0404,0.0318
01095,0,0,0,0,0.03,0.23,0.4,0.37,0.15,0.01,0,0,0,0,0,0,0,0,0,0.01,0,0,0,0,0.14,0.04,0.01,0,0,0,0,0,0,0,0,0.04,0,0,0,0,0,0,0,0,0,0,0,0,0,0,0.0178,0.0287
01097,0,0,0,0,0.09,0.45,0.66,0.64,0.3,0.01,0,0,0,0,0,0,0,0,0,0,0,0,0,0,0.01,0,0,0,0,0,0,0,0,0,0,0,0,0,0,0,0,0,0,0,0,0,0,0,0.00495,0.0000919,0.0117,0.00801
01099,0,0,0,0,0.13,0.46,0.67,0.61,0.32,0.01,0,0,0,0,0,0,0,0,0.01,0.01,0,0,0,0,0.04,0.01,0,0,0,0,0,0,0,0,0,0.01,0,0,0,0,0,0,0,0,0,0,0,0,0.00976,0,0.0162,0.0119
01101,0,0,0,0,0.16,0.49,0.72,0.65,0.36,0.01,0,0,0,0,0,0,0,0,0.01,0.02,0,0,0,0,0.06,0.01,0,0,0,0,0,0,0,0,0,0.02,0,0,0,0,0,0,0,0,0,0,0,0,0.0613,0,0.0189,0.00882
01103,0,0,0,0,0.04,0.27,0.48,0.45,0.19,0.01,0,0,0,0,0,0,0,0,0,0.02,0,0,0,0,0.16,0.05,0.01,0,0,0,0,0,0,0,0.01,0.05,0,0,0,0,0,0,0,0,0,0,0,0,0,0.0291,0.0235,0.0319
01105,0,0,0,0,0.1,0.42,0.65,0.58,0.3,0.01,0,0,0,0,0,0,0,0,0.01,0.02,0,0,0,0,0.06,0.02,0,0,0,0,0,0,0,0,0,0.02,0,0,0,0,0,0,0,0,0,0,0,0,0.0575,0.00165,0.0223,0.0189
01107,0,0,0,0,0.08,0.43,0.67,0.61,0.3,0.01,0,0,0,0,0,0,0,0,0.01,0.03,0,0,0,0,0.09,0.02,0,0,0,0,0,0,0,0,0,0.03,0,0,0,0,0,0,0,0,0,0,0,0,0.0318,0.00311,0.037,0.0277
01109,0,0,0,0,0.13,0.42,0.62,0.54,0.27,0.01,0,0,0,0,0,0,0,0,0.01,0.01,0,0,0,0,0.06,0.01,0,0,0,0,0,0,0,0,0,0.01,0,0,0,0,0,0,0,0,0,0,0,0,0.05,0,0.0175,0.00551
01111,0,0,0,0,0.04,0.26,0.45,0.37,0.14,0.01,0,0,0,0,0,0,0,0,0,0.01,0,0,0,0,0.13,0.04,0.01,0,0,0,0,0,0,0,0,0.04,0,0,0,0,0,0,0,0,0,0,0,0,0.00706,0.00302,0.0178,0.0139
01113,0,0,0,0,0.13,0.44,0.71,0.56,0.29,0.01,0,0,0,0,0,0,0,0,0.01,0.01,0,0,0,0,0.05,0.01,0,0,0,0,0,0,0,0,0,0.01,0,0,0,0,0,0,0,0,0,0,0,0,0.0662,0.000968,0.0182,0.00551
01115,0,0,0,0,0.05,0.31,0.55,0.48,0.21,0.01,0,0,0,0,0,0,0,0,0,0.02,0,0,0,0,0.12,0.03,0.01,0,0,0,0,0,0,0,0,0.04,0,0,0,0,0,0,0,0,0,0,0,0,0.00999,0.00396,0.0192,0.0225
01117,0,0,0,0,0.08,0.36,0.62,0.55,0.24,0.01,0,0,0,0,0,0,0,0,0,0.02,0,0,0,0,0.11,0.03,0.01,0,0,0,0,0,0,0,0,0.03,0,0,0,0,0,0,0,0,0,0,0,0,0.0152,0.000678,0.0214,0.0198
01119,0,0,0,0,0.11,0.47,0.7,0.65,0.35,0.02,0,0,0,0,0,0,0,0,0,0.02,0,0,0,0,0.06,0.01,0,0,0,0,0,0,0,0,0,0.02,0,0,0,0,0,0,0,0,0,0,0,0,0.113,0.00842,0.0272,0.0223
01121,0,0,0,0,0.06,0.34,0.6,0.5,0.22,0.01,0,0,0,0,0,0,0,0,0,0.02,0,0,0,0,0.11,0.03,0.01,0,0,0,0,0,0,0,0,0.03,0,0,0,0,0,0,0,0,0,0,0,0,0.0132,0.00241,0.0195,0.0181
01123,0,0,0,0,0.08,0.36,0.61,0.49,0.21,0.01,0,0,0,0,0,0,0,0,0,0.02,0,0,0,0,0.11,0.03,0.01,0,0,0,0,0,0,0,0,0.03,0,0,0,0,0,0,0,0,0,0,0,0,0.0192,0.00576,0.0195,0.0113
01125,0,0,0,0,0.07,0.41,0.65,0.6,0.27,0.01,0,0,0,0,0,0,0,0,0.01,0.03,0,0,0,0,0.09,0.02,0.01,0,0,0,0,0,0,0,0,0.02,0,0,0,0,0,0,0,0,0,0,0,0,0.023,0,0.0295,0.0253
01127,0,0,0,0,0.05,0.33,0.6,0.54,0.23,0.01,0,0,0,0,0,0,0,0,0.01,0.02,0,0,0,0,0.14,0.03,0.01,0,0,0,0,0,0,0,0,0.04,0,0,0,0,0,0,0,0,0,0,0,0,0.0169,0.0085,0.0294,0.0279
01129,0,0,0,0,0.15,0.52,0.7,0.67,0.34,0.02,0,0,0,0,0,0,0,0,0.01,0.01,0,0,0,0,0.04,0,0,0,0,0,0,0,0,0,0,0.01,0,0,0,0,0,0,0,0,0,0,0,0,0.00896,0,0.0154,0.0121
01131,0,0,0,0,0.13,0.47,0.69,0.62,0.34,0.02,0,0,0,0,0,0,0,0,0.01,0.02,0,0,0,0,0.05,0.01,0,0,0,0,0,0,0,0,0,0.01,0,0,0,0,0,0,0,0,0,0,0,0,0.062,0.00416,0.0187,0.0144
01133,0,0,0,0,0.03,0.22,0.46,0.43,0.17,0.01,0,0,0,0,0,0,0,0,0,0.01,0,0,0,0,0.18,0.06,0.02,0,0,0,0,0,0,0,0.01,0.06,0,0,0,0,0,0,0,0,0,0,0,0,0.000437,0.0452,0.0314,0.0308
04001,0,0,0,0,0.01,0.19,0.29,0.11,0.01,0,0,0,0,0,0,0,0,0,0,0,0,0,0,0,0.55,0.3,0.1,0,0,0,0,0,0,0.01,0.17,0.56,0.01,0,0,0,0,0,0,0,0,0,0,0,0.0109,0,0.102,0.0623
04003,0,0,0,0.02,0.22,0.8,0.68,0.55,0.31,0.03,0,0,0,0,0,0,0.01,0.1,0.07,0.02,0,0,0,0,0.02,0.01,0,0,0,0,0,0,0,0,0.01,0.02,0,0,0,0,0,0,0,0,0,0,0,0,0.178,0,0.527,0.00938
04005,0,0,0,0,0.03,0.34,0.52,0.3,0.04,0,0,0,0,0,0,0,0,0,0.01,0,0,0,0,0,0.3,0.18,0.04,0,0,0,0,0,0,0.01,0.09,0.39,0,0,0,0,0,0,0,0,0,0,0,0,0.0885,0.103,0.308,0.0447
04007,0,0,0,0.01,0.12,0.67,0.76,0.61,0.3,0.02,0,0,0,0,0,0,0,0.04,0.08,0.02,0,0,0,0,0.03,0.01,0,0,0,0,0,0,0,0,0,0.03,0,0,0,0,0,0,0,0,0,0,0,0,0.185,0.00574,0.529,0.0177
04009,0,0,0,0.01,0.17,0.76,0.74,0.6,0.29,0.03,0,0,0,0,0,0,0.01,0.06,0.08,0.02,0,0,0,0,0.02,0.01,0,0,0,0,0,0,0,0,0,0.02,0,0,0,0,0,0,0,0,0,0,0,0,,,0.514,0.0141
04011,0,0,0,0,0.03,0.41,0.38,0.21,0.03,0,0,0,0,0,0,0,0,0.01,0.01,0,0,0,0,0,0.09,0.05,0.01,0,0,0,0,0,0,0,0.02,0.12,0,0,0,0,0,0,0,0,0,0,0,0,0.00129,0,0.377,0.0212
04012,0,0,0.04,0.25,0.67,0.96,1,1,0.92,0.44,0.01,0,0,0,0,0.02,0.18,0.71,0.92,0.88,0.54,0.05,0,0,0,0,0,0,0,0,0,0,0,0,0,0,0,0,0,0,0,0,0,0,0,0,0,0,0.388,0,0.276,0.00138
04013,0,0,0.03,0.23,0.66,0.97,1,0.99,0.92,0.4,0.01,0,0,0,0,0.01,0.15,0.68,0.84,0.78,0.39,0.03,0,0,0,0,0,0,0,0,0,0,0,0,0,0,0,0,0,0,0,0,0,0,0,0,0,0,0.828,0,0.577,0.0058
04015,0,0,0,0.02,0.2,0.72,0.93,0.9,0.54,0.06,0,0,0,0,0,0,0.01,0.16,0.33,0.21,0.02,0,0,0,0.01,0,0,0,0,0,0,0,0,0,0,0.01,0,0,0,0,0,0,0,0,0,0,0,0,0.545,0,0.249,0.0113
04017,0,0,0,0,0.02,0.33,0.48,0.27,0.03,0,0,0,0,0,0,0,0,0,0,0,0,0,0,0,0.47,0.25,0.05,0,0,0,0,0,0,0.01,0.14,0.53,0.01,0,0,0,0,0,0,0,0,0,0,0,0.027,0.0895,0.235,0.0498
04019,0,0,0.02,0.14,0.55,0.94,0.96,0.94,0.81,0.32,0.01,0,0,0,0,0,0.06,0.52,0.48,0.37,0.15,0.01,0,0,0,0,0,0,0,0,0,0,0,0,0,0,0,0,0,0,0,0,0,0,0,0,0,0,0.676,0,0.662,0.00169
04021,0,0,0.02,0.16,0.62,0.96,0.99,0.97,0.87,0.34,0,0,0,0,0,0,0.1,0.64,0.69,0.55,0.23,0.01,0,0,0,0,0,0,0,0,0,0,0,0,0,0,0,0,0,0,0,0,0,0,0,0,0,0,0.726,0,0.617,0.00715
04023,0,0,0,0.01,0.16,0.71,0.52,0.37,0.22,0.03,0,0,0,0,0,0,0,0.04,0.02,0,0,0,0,0,0.02,0.01,0,0,0,0,0,0,0,0,0.01,0.03,0,0,0,0,0,0,0,0,0,0,0,0,0.075,0,0.631,0.00352
04025,0,0,0,0.01,0.13,0.65,0.8,0.69,0.34,0.02,0,0,0,0,0,0,0,0.05,0.12,0.05,0,0,0,0,0.03,0.02,0,0,0,0,0,0,0,0,0,0.04,0,0,0,0,0,0,0,0,0,0,0,0,0.38,0.0202,0.445,0.0145
04027,0,0,0.06,0.31,0.71,0.97,1,1,0.96,0.54,0.03,0,0,0,0,0.03,0.2,0.72,0.92,0.91,0.62,0.08,0,0,0,0,0,0,0,0,0,0,0,0,0,0,0,0,0,0,0,0,0,0,0,0,0,0,0.525,0,0.34,0.000539
05001,0,0,0,0,0.06,0.42,0.65,0.58,0.27,0.02,0,0,0,0,0,0,0,0,0.01,0.02,0,0,0,0,0.07,0.01,0.01,0,0,0,0,0,0,0,0,0.03,0,0,0,0,0,0,0,0,0,0,0,0,0.0487,0.000564,0.0913,0.0182
05003,0,0,0,0,0.11,0.53,0.75,0.7,0.39,0.04,0,0,0,0,0,0,0,0,0.02,0.06,0.01,0,0,0,0.06,0.01,0.01,0,0,0,0,0,0,0,0,0.02,0,0,0,0,0,0,0,0,0,0,0,0,0.0887,0.00285,0.0759,0.0192
05005,0,0,0,0,0.01,0.19,0.52,0.47,0.14,0,0,0,0,0,0,0,0,0,0.02,0.03,0.01,0,0,0,0.26,0.16,0.04,0,0,0,0,0,0,0,0.03,0.14,0,0,0,0,0,0,0,0,0,0,0,0,0.0174,0.00534,0.0863,0.0235
05007,0,0,0,0,0.01,0.15,0.48,0.45,0.12,0,0,0,0,0,0,0,0,0.01,0.03,0.03,0.01,0,0,0,0.26,0.17,0.04,0,0,0,0,0,0,0,0.04,0.16,0.01,0.01,0,0,0,0,0,0,0,0,0,0,0.0382,0.00893,0.0727,0.0214
05009,0,0,0,0,0.01,0.15,0.43,0.4,0.11,0,0,0,0,0,0,0,0,0,0.02,0.02,0.01,0,0,0,0.27,0.17,0.04,0,0,0,0,0,0,0,0.04,0.16,0.01,0,0,0,0,0,0,0,0,0,0,0,0.0164,0.0336,0.081,0.0236
05011,0,0,0,0,0.07,0.47,0.72,0.67,0.36,0.03,0,0,0,0,0,0,0,0.01,0.03,0.06,0.01,0,0,0,0.07,0.01,0.01,0,0,0,0,0,0,0,0,0.03,0,0,0,0,0,0,0,0,0,0,0,0,0.0979,0,0.0831,0.0197
05013,0,0,0,0,0.05,0.48,0.73,0.67,0.34,0.02,0,0,0,0,0,0,0,0.01,0.04,0.07,0.01,0,0,0,0.08,0.01,0.01,0,0,0,0,0,0,0,0,0.04,0,0,0,0,0,0,0,0,0,0,0,0,0.0498,0.00111,0.0848,0.0214
05015,0,0,0,0,0.01,0.11,0.41,0.39,0.1,0,0,0,0,0,0,0,0,0,0.02,0.02,0.01,0,0,0,0.26,0.16,0.04,0,0,0,0,0,0,0,0.04,0.16,0.01,0,0,0,0,0,0,0,0,0,0,0,0.017,0.0368,0.0771,0.0232
05017,0,0,0,0,0.12,0.55,0.74,0.7,0.39,0.04,0,0,0,0,0,0,0,0,0.01,0.04,0.01,0,0,0,0.05,0.01,0,0,0,0,0,0,0,0,0,0.01,0,0,0,0,0,0,0,0,0,0,0,0,0.107,0.0082,0.0753,0.0195
05019,0,0,0,0,0.05,0.42,0.72,0.67,0.31,0.02,0,0,0,0,0,0,0,0,0.06,0.09,0.01,0,0,0,0.1,0.02,0.01,0,0,0,0,0,0,0,0,0.05,0,0,0,0,0,0,0,0,0,0,0,0,0.047,0.00434,0.0864,0.0318
05021,0,0,0,0,0.05,0.38,0.54,0.43,0.18,0.01,0,0,0,0,0,0,0,0,0.01,0.01,0,0,0,0,0.19,0.1,0.02,0,0,0,0,0,0,0,0.01,0.1,0,0,0,0,0,0,0,0,0,0,0,0,0.0236,0.0163,0.0827,0.0259
05023,0,0,0,0,0.01,0.22,0.54,0.48,0.15,0.01,0,0,0,0,0,0,0,0,0.02,0.03,0.01,0,0,0,0.18,0.09,0.02,0,0,0,0,0,0,0,0.01,0.08,0,0,0,0,0,0,0,0,0,0,0,0,0.0706,0.0188,0.091,0.0201
05025,0,0,0,0,0.05,0.45,0.7,0.62,0.29,0.02,0,0,0,0,0,0,0,0,0.03,0.05,0.01,0,0,0,0.08,0.01,0.01,0,0,0,0,0,0,0,0,0.03,0,0,0,0,0,0,0,0,0,0,0,0,0.03,0,0.0896,0.0184
05027,0,0,0,0,0.06,0.44,0.73,0.69,0.35,0.02,0,0,0,0,0,0,0,0,0.05,0.1,0.01,0,0,0,0.06,0.01,0,0,0,0,0,0,0,0,0,0.02,0,0,0,0,0,0,0,0,0,0,0,0,0.0398,0.00289,0.0756,0.042
05029,0,0,0,0,0.05,0.35,0.69,0.62,0.25,0.01,0,0,0,0,0,0,0,0.01,0.06,0.08,0.01,0,0,0,0.15,0.06,0.02,0,0,0,0,0,0,0,0.01,0.08,0,0,0,0,0,0,0,0,0,0,0,0,0.129,0.0273,0.091,0.0192
05031,0,0,0,0,0.05,0.4,0.58,0.48,0.2,0.01,0,0,0,0,0,0,0,0,0.01,0.01,0,0,0,0,0.15,0.07,0.02,0,0,0,0,0,0,0,0.01,0.07,0,0,0,0,0,0,0,0,0,0,0,0,0.0217,0,0.0864,0.0227
05033,0,0,0,0,0.03,0.26,0.64,0.56,0.2,0,0,0,0,0,0,0,0,0.01,0.05,0.06,0.01,0,0,0,0.18,0.09,0.03,0,0,0,0,0,0,0,0.01,0.1,0,0,0,0,0,0,0,0,0,0,0,0,0.0962,0.015,0.0753,0.0279
05035,0,0,0,0,0.07,0.46,0.64,0.55,0.26,0.02,0,0,0,0,0,0,0,0,0.01,0.02,0,0,0,0,0.11,0.03,0.01,0,0,0,0,0,0,0,0,0.04,0,0,0,0,0,0,0,0,0,0,0,0,0.089,0.00938,0.0846,0.0224
05037,0,0,0,0,0.06,0.43,0.61,0.51,0.23,0.01,0,0,0,0,0,0,0,0,0.01,0.02,0,0,0,0,0.11,0.03,0.01,0,0,0,0,0,0,0,0,0.05,0,0,0,0,0,0,0,0,0,0,0,0,0.0193,0.0076,0.0888,0.0203
05039,0,0,0,0,0.05,0.44,0.71,0.65,0.29,0.02,0,0,0,0,0,0,0,0,0.04,0.08,0.01,0,0,0,0.09,0.02,0.01,0,0,0,0,0,0,0,0,0.04,0,0,0,0,0,0,0,0,0,0,0,0,0.0133,0.000997,0.0894,0.021
05041,0,0,0,0,0.07,0.46,0.66,0.62,0.32,0.02,0,0,0,0,0,0,0,0,0,0.02,0.01,0,0,0,0.07,0.01,0.01,0,0,0,0,0,0,0,0,0.02,0,0,0,0,0,0,0,0,0,0,0,0,0.0665,0.00433,0.0863,0.0194
05043,0,0,0,0,0.08,0.48,0.7,0.66,0.34,0.03,0,0,0,0,0,0,0,0,0.01,0.04,0.01,0,0,0,0.06,0.01,0.01,0,0,0,0,0,0,0,0,0.02,0,0,0,0,0,0,0,0,0,0,0,0,0.0736,0.000677,0.0845,0.0187
05045,0,0,0,0,0.04,0.37,0.7,0.61,0.26,0.01,0,0,0,0,0,0,0,0.01,0.05,0.07,0.01,0,0,0,0.13,0.05,0.02,0,0,0,0,0,0,0,0,0.06,0,0,0,0,0,0,0,0,0,0,0,0,0.133,0.07,0.093,0.0184
05047,0,0,0,0,0.03,0.25,0.62,0.56,0.19,0,0,0,0,0,0,0,0,0.01,0.04,0.05,0.01,0,0,0,0.17,0.09,0.03,0,0,0,0,0,0,0,0.01,0.1,0,0,0,0,0,0,0,0,0,0,0,0,0.122,0.016,0.0791,0.0246
05049,0,0,0,0,0.01,0.19,0.5,0.45,0.14,0,0,0,0,0,0,0,0,0,0.01,0.02,0,0,0,0,0.29,0.16,0.04,0,0,0,0,0,0,0,0.03,0.15,0,0,0,0,0,0,0,0,0,0,0,0,0.0321,0.000914,0.0878,0.024
05051,0,0,0,0,0.02,0.3,0.65,0.6,0.23,0.01,0,0,0,0,0,0,0,0,0.04,0.07,0.01,0,0,0,0.12,0.04,0.02,0,0,0,0,0,0,0,0.01,0.06,0,0,0,0,0,0,0,0,0,0,0,0,0.082,0.0233,0.0892,0.024
05053,0,0,0,0,0.07,0.46,0.73,0.65,0.3,0.02,0,0,0,0,0,0,0,0,0.05,0.07,0.01,0,0,0,0.09,0.02,0.01,0,0,0,0,0,0,0,0,0.04,0,0,0,0,0,0,0,0,0,0,0,0,0.0476,0.0118,0.0924,0.018
05055,0,0,0,0,0.05,0.38,0.55,0.43,0.18,0.01,0,0,0,0,0,0,0,0,0.01,0.01,0,0,0,0,0.17,0.09,0.02,0,0,0,0,0,0,0,0.01,0.08,0,0,0,0,0,0,0,0,0,0,0,0,0.0302,0.00564,0.0849,0.0242
05057,0,0,0,0,0.05,0.4,0.7,0.68,0.32,0.02,0,0,0,0,0,0,0,0,0.06,0.11,0.02,0,0,0,0.08,0.02,0.01,0,0,0,0,0,0,0,0,0.03,0,0,0,0,0,0,0,0,0,0,0,0,0.0377,0.0112,0.0782,0.0624
05059,0,0,0,0,0.04,0.39,0.7,0.65,0.28,0.02,0,0,0,0,0,0,0,0,0.05,0.08,0.01,0,0,0,0.1,0.03,0.01,0,0,0,0,0,0,0,0,0.04,0,0,0,0,0,0,0,0,0,0,0,0,0.0515,0.00547,0.09,0.0228
05061,0,0,0,0,0.02,0.33,0.66,0.64,0.27,0.01,0,0,0,0,0,0,0,0,0.05,0.08,0.02,0,0,0,0.1,0.03,0.01,0,0,0,0,0,0,0,0.01,0.05,0,0,0,0,0,0,0,0,0,0,0,0,0.0533,0.0141,0.0759,0.0755
05063,0,0,0,0,0.02,0.29,0.55,0.48,0.18,0.01,0,0,0,0,0,0,0,0,0.02,0.02,0,0,0,0,0.18,0.09,0.02,0,0,0,0,0,0,0,0.01,0.09,0,0,0,0,0,0,0,0,0,0,0,0,0.0407,0.0767,0.0904,0.0207
05065,0,0,0,0,0.01,0.2,0.52,0.45,0.14,0,0,0,0,0,0,0,0,0,0.02,0.02,0,0,0,0,0.25,0.13,0.03,0,0,0,0,0,0,0,0.03,0.12,0,0,0,0,0,0,0,0,0,0,0,0,0.0296,0.036,0.0886,0.0225
05067,0,0,0,0,0.04,0.37,0.58,0.49,0.19,0.01,0,0,0,0,0,0,0,0,0.01,0.02,0,0,0,0,0.14,0.06,0.02,0,0,0,0,0,0,0,0.01,0.06,0,0,0,0,0,0,0,0,0,0,0,0,0.0187,0.0126,0.0903,0.0203
05069,0,0,0,0,0.06,0.44,0.69,0.61,0.28,0.01,0,0,0,0,0,0,0,0,0.02,0.05,0.01,0,0,0,0.08,0.01,0.01,0,0,0,0,0,0,0,0,0.03,0,0,0,0,0,0,0,0,0,0,0,0,0.0487,0.00342,0.0927,0.0172
05071,0,0,0,0,0.02,0.19,0.51,0.48,0.15,0,0,0,0,0,0,0,0,0.01,0.03,0.04,0.01,0,0,0,0.19,0.1,0.03,0,0,0,0,0,0,0,0.02,0.1,0,0,0,0,0,0,0,0,0,0,0,0,0.0723,0.0714,0.0831,0.0214
05073,0,0,0,0,0.08,0.47,0.75,0.71,0.38,0.03,0,0,0,0,0,0,0,0.01,0.06,0.12,0.01,0,0,0,0.06,0.02,0,0,0,0,0,0,0,0,0,0.02,0,0,0,0,0,0,0,0,0,0,0,0,0.0526,0.02,0.073,0.0636
05075,0,0,0,0,0.03,0.33,0.56,0.46,0.17,0.01,0,0,0,0,0,0,0,0,0.01,0.01,0,0,0,0,0.18,0.09,0.02,0,0,0,0,0,0,0,0.01,0.09,0,0,0,0,0,0,0,0,0,0,0,0,0.0263,0.0252,0.0885,0.0224
05077,0,0,0,0,0.07,0.45,0.64,0.56,0.26,0.02,0,0,0,0,0,0,0,0,0,0.02,0,0,0,0,0.09,0.02,0.01,0,0,0,0,0,0,0,0,0.04,0,0,0,0,0,0,0,0,0,0,0,0,0.0474,0.00451,0.0894,0.0197
05079,0,0,0,0,0.06,0.43,0.67,0.61,0.3,0.02,0,0,0,0,0,0,0,0,0.01,0.04,0.01,0,0,0,0.07,0.01,0.01,0,0,0,0,0,0,0,0,0.02,0,0,0,0,0,0,0,0,0,0,0,0,0.0406,0,0.0899,0.0179
05081,0,0,0,0,0.06,0.42,0.73,0.69,0.35,0.02,0,0,0,0,0,0,0,0.01,0.06,0.11,0.02,0,0,0,0.07,0.02,0.01,0,0,0,0,0,0,0,0,0.02,0,0,0,0,0,0,0,0,0,0,0,0,0.0585,0.0169,0.0708,0.103
05083,0,0,0,0,0.05,0.32,0.67,0.63,0.24,0.01,0,0,0,0,0,0,0,0.01,0.07,0.09,0.01,0,0,0,0.15,0.07,0.02,0,0,0,0,0,0,0,0.01,0.08,0,0,0,0,0,0,0,0,0,0,0,0,0.0775,0.0255,0.082,0.0263
05085,0,0,0,0,0.05,0.42,0.68,0.61,0.26,0.01,0,0,0,0,0,0,0,0,0.02,0.04,0.01,0,0,0,0.1,0.03,0.01,0,0,0,0,0,0,0,0,0.04,0,0,0,0,0,0,0,0,0,0,0,0,0.266,0.0105,0.0942,0.0173
05087,0,0,0,0,0,0.07,0.32,0.33,0.06,0,0,0,0,0,0,0,0,0,0.01,0.01,0.01,0,0,0,0.25,0.17,0.04,0,0,0,0,0,0,0,0.05,0.16,0.01,0,0,0,0,0,0,0,0,0,0,0,0.0181,0.117,0.0778,0.022
05089,0,0,0,0,0.02,0.19,0.52,0.46,0.14,0,0,0,0,0,0,0,0,0,0.03,0.03,0.01,0,0,0,0.28,0.17,0.04,0,0,0,0,0,0,0,0.04,0.16,0,0,0,0,0,0,0,0,0,0,0,0,0.00485,0.0352,0.0843,0.0234
05091,0,0,0,0,0.09,0.47,0.75,0.71,0.38,0.03,0,0,0,0,0,0,0,0.01,0.06,0.12,0.02,0,0,0,0.05,0.02,0,0,0,0,0,0,0,0,0,0.01,0,0,0,0,0,0,0,0,0,0,0,0,0.0986,0.0229,0.0711,0.0836
05093,0,0,0,0,0.06,0.42,0.58,0.47,0.2,0.01,0,0,0,0,0,0,0,0,0.01,0.01,0,0,0,0,0.14,0.05,0.02,0,0,0,0,0,0,0,0.01,0.05,0,0,0,0,0,0,0,0,0,0,0,0,0.0713,0.0244,0.0802,0.0256
05095,0,0,0,0,0.05,0.42,0.63,0.55,0.25,0.01,0,0,0,0,0,0,0,0,0,0.02,0,0,0,0,0.08,0.02,0.01,0,0,0,0,0,0,0,0,0.03,0,0,0,0,0,0,0,0,0,0,0,0,0.0635,0.00257,0.0919,0.0184
05097,0,0,0,0,0.02,0.25,0.6,0.58,0.21,0.01,0,0,0,0,0,0,0,0,0.04,0.06,0.01,0,0,0,0.14,0.05,0.02,0,0,0,0,0,0,0,0.01,0.07,0,0,0,0,0,0,0,0,0,0,0,0,0.0288,0.0218,0.0825,0.0412
05099,0,0,0,0,0.05,0.41,0.71,0.66,0.33,0.02,0,0,0,0,0,0,0,0.01,0.06,0.11,0.01,0,0,0,0.08,0.02,0.01,0,0,0,0,0,0,0,0,0.03,0,0,0,0,0,0,0,0,0,0,0,0,0.0438,0.0145,0.0816,0.0424
05101,0,0,0,0,0,0.07,0.3,0.32,0.06,0,0,0,0,0,0,0,0,0,0.01,0.01,0.01,0,0,0,0.26,0.17,0.04,0,0,0,0,0,0,0,0.04,0.16,0,0,0,0,0,0,0,0,0,0,0,0,0.00757,0.0285,0.0826,0.022
05103,0,0,0,0,0.06,0.48,0.73,0.68,0.34,0.02,0,0,0,0,0,0,0,0.01,0.05,0.09,0.01,0,0,0,0.08,0.01,0.01,0,0,0,0,0,0,0,0,0.04,0,0,0,0,0,0,0,0,0,0,0,0,0.0451,0.00241,0.084,0.0273
05105,0,0,0,0,0.05,0.37,0.7,0.63,0.26,0.01,0,0,0,0,0,0,0,0.01,0.06,0.09,0.01,0,0,0,0.12,0.04,0.02,0,0,0,0,0,0,0,0.01,0.06,0,0,0,0,0,0,0,0,0,0,0,0,0.373,0.000785,0.0908,0.0196
05107,0,0,0,0,0.06,0.44,0.65,0.58,0.28,0.02,0,0,0,0,0,0,0,0,0,0.02,0,0,0,0,0.08,0.01,0.01,0,0,0,0,0,0,0,0,0.03,0,0,0,0,0,0,0,0,0,0,0,0,0.0234,0.000294,0.089,0.0198
05109,0,0,0,0,0.02,0.33,0.66,0.63,0.26,0.01,0,0,0,0,0,0,0,0,0.05,0.08,0.01,0,0,0,0.12,0.04,0.02,0,0,0,0,0,0,0,0.01,0.06,0,0,0,0,0,0,0,0,0,0,0,0,0.0362,0.0202,0.081,0.0523
05111,0,0,0,0,0.06,0.42,0.6,0.5,0.21,0.01,0,0,0,0,0,0,0,0,0.01,0.01,0,0,0,0,0.13,0.04,0.02,0,0,0,0,0,0,0,0,0.05,0,0,0,0,0,0,0,0,0,0,0,0,0.0975,0.00864,0.0875,0.0215
05113,0,0,0,0,0.01,0.16,0.51,0.52,0.17,0,0,0,0,0,0,0,0,0,0.02,0.05,0.01,0,0,0,0.15,0.06,0.02,0,0,0,0,0,0,0,0.02,0.09,0,0,0,0,0,0,0,0,0,0,0,0,0.0202,0.0404,0.0738,0.0746
05115,0,0,0,0,0.02,0.25,0.59,0.55,0.19,0.01,0,0,0,0,0,0,0,0.01,0.04,0.05,0.01,0,0,0,0.18,0.08,0.02,0,0,0,0,0,0,0,0.02,0.1,0,0,0,0,0,0,0,0,0,0,0,0,0.0975,0.0654,0.0877,0.0203
05117,0,0,0,0,0.05,0.41,0.64,0.57,0.24,0.01,0,0,0,0,0,0,0,0,0.01,0.03,0.01,0,0,0,0.09,0.02,0.01,0,0,0,0,0,0,0,0,0.04,0,0,0,0,0,0,0,0,0,0,0,0,0.131,0.00172,0.0934,0.0177
05119,0,0,0,0,0.05,0.42,0.7,0.64,0.27,0.01,0,0,0,0,0,0,0,0,0.04,0.08,0.01,0,0,0,0.11,0.03,0.01,0,0,0,0,0,0,0,0,0.04,0,0,0,0,0,0,0,0,0,0,0,0,0.207,0.00496,0.094,0.0175
05121,0,0,0,0,0.03,0.3,0.54,0.45,0.17,0.01,0,0,0,0,0,0,0,0,0.01,0.02,0,0,0,0,0.23,0.13,0.03,0,0,0,0,0,0,0,0.02,0.12,0,0,0,0,0,0,0,0,0,0,0,0,0.00651,0.00103,0.0873,0.024
05123,0,0,0,0,0.06,0.44,0.63,0.54,0.26,0.02,0,0,0,0,0,0,0,0,0.01,0.02,0,0,0,0,0.1,0.03,0.01,0,0,0,0,0,0,0,0,0.04,0,0,0,0,0,0,0,0,0,0,0,0,0.0277,0.00768,0.0892,0.0199
05125,0,0,0,0,0.04,0.36,0.67,0.62,0.26,0.01,0,0,0,0,0,0,0,0,0.04,0.08,0.01,0,0,0,0.11,0.03,0.02,0,0,0,0,0,0,0,0.01,0.05,0,0,0,0,0,0,0,0,0,0,0,0,0.0864,0.0185,0.0926,0.0185
05127,0,0,0,0,0.03,0.25,0.61,0.58,0.21,0.01,0,0,0,0,0,0,0,0.01,0.04,0.06,0.01,0,0,0,0.15,0.06,0.03,0,0,0,0,0,0,0,0.01,0.08,0,0,0,0,0,0,0,0,0,0,0,0,0.046,0.0228,0.0771,0.0484
05129,0,0,0,0,0.01,0.13,0.42,0.4,0.11,0,0,0,0,0,0,0,0,0,0.02,0.02,0.01,0,0,0,0.25,0.16,0.04,0,0,0,0,0,0,0,0.04,0.15,0,0,0,0,0,0,0,0,0,0,0,0,0.0181,0.0197,0.0863,0.0218
05131,0,0,0,0,0.05,0.35,0.71,0.64,0.26,0.01,0,0,0,0,0,0,0,0.01,0.09,0.11,0.02,0,0,0,0.14,0.06,0.02,0,0,0,0,0,0,0,0.01,0.08,0,0,0,0,0,0,0,0,0,0,0,0,0.0843,0.0303,0.0747,0.0422
05133,0,0,0,0,0.04,0.36,0.7,0.67,0.31,0.02,0,0,0,0,0,0,0,0,0.06,0.1,0.02,0,0,0,0.08,0.03,0.01,0,0,0,0,0,0,0,0,0.04,0,0,0,0,0,0,0,0,0,0,0,0,0.0588,0.0245,0.072,0.0956
05135,0,0,0,0,0.01,0.23,0.52,0.43,0.15,0,0,0,0,0,0,0,0,0,0.01,0.02,0,0,0,0,0.24,0.13,0.03,0,0,0,0,0,0,0,0.02,0.12,0,0,0,0,0,0,0,0,0,0,0,0,0.0157,0.0175,0.0888,0.0229
05137,0,0,0,0,0.01,0.16,0.47,0.43,0.12,0,0,0,0,0,0,0,0,0,0.02,0.02,0,0,0,0,0.22,0.12,0.02,0,0,0,0,0,0,0,0.02,0.11,0,0,0,0,0,0,0,0,0,0,0,0,0.0218,0.0677,0.0891,0.0214
05139,0,0,0,0,0.07,0.51,0.75,0.72,0.38,0.03,0,0,0,0,0,0,0,0.01,0.04,0.09,0.01,0,0,0,0.06,0.01,0.01,0,0,0,0,0,0,0,0,0.02,0,0,0,0,0,0,0,0,0,0,0,0,0.123,0.00113,0.0768,0.0235
05141,0,0,0,0,0.01,0.18,0.51,0.46,0.14,0.01,0,0,0,0,0,0,0,0,0.02,0.03,0.01,0,0,0,0.2,0.12,0.02,0,0,0,0,0,0,0,0.02,0.11,0,0,0,0,0,0,0,0,0,0,0,0,,,0.0896,0.0203
05143,0,0,0,0,0.01,0.11,0.43,0.39,0.1,0,0,0,0,0,0,0,0,0,0.02,0.02,0.01,0,0,0,0.24,0.15,0.04,0,0,0,0,0,0,0,0.04,0.15,0,0.01,0,0,0,0,0,0,0,0,0,0,0.0188,0.0734,0.0743,0.0224
05145,0,0,0,0,0.04,0.36,0.63,0.55,0.21,0.01,0,0,0,0,0,0,0,0,0.02,0.03,0.01,0,0,0,0.13,0.04,0.02,0,0,0,0,0,0,0,0,0.05,0,0,0,0,0,0,0,0,0,0,0,0,0.0705,0.0275,0.0929,0.0186
05147,0,0,0,0,0.05,0.41,0.62,0.52,0.23,0.01,0,0,0,0,0,0,0,0,0.01,0.02,0,0,0,0,0.11,0.03,0.01,0,0,0,0,0,0,0,0,0.05,0,0,0,0,0,0,0,0,0,0,0,0,0.0409,0.00446,0.0916,0.0189
05149,0,0,0,0,0.04,0.35,0.68,0.64,0.27,0.01,0,0,0,0,0,0,0,0.01,0.07,0.09,0.01,0,0,0,0.13,0.04,0.02,0,0,0,0,0,0,0,0.01,0.07,0,0,0,0,0,0,0,0,0,0,0,0,0.104,0.038,0.0863,0.0241
06001,0,0,0,0,0.03,0.1,0.15,0.15,0.14,0.02,0,0,0,0,0,0,0,0,0,0.01,0.01,0,0,0,0,0,0,0,0,0,0,0,0,0,0,0,0,0,0,0,0,0,0,0,0,0,0,0,0.043,0,0.044,0.00923
06003,0,0,0,0,0,0,0,0,0,0,0,0,0,0,0,0,0,0,0,0,0,0,0,0,0.32,0.37,0.26,0.14,0.01,0,0,0,0,0.02,0.18,0.37,0.01,0,0,0,0,0,0,0,0,0,0,0.01,0,0.298,0.0403,0.022
06005,0,0,0,0,0.03,0.24,0.56,0.51,0.26,0.02,0,0,0,0,0,0,0,0.01,0.05,0.02,0,0,0,0,0,0,0,0,0,0,0,0,0,0,0,0.01,0,0,0,0,0,0,0,0,0,0,0,0,0.0454,0,0.042,0.0169
06007,0,0,0,0,0.09,0.35,0.7,0.64,0.4,0.05,0,0,0,0,0,0,0,0.03,0.09,0.06,0.02,0,0,0,0,0,0,0,0,0,0,0,0,0,0,0,0,0,0,0,0,0,0,0,0,0,0,0,0.063,0,0.0411,0.0174
06009,0,0,0,0,0.04,0.26,0.62,0.56,0.31,0.04,0,0,0,0,0,0,0,0.02,0.05,0.03,0.01,0,0,0,0,0,0,0,0,0,0,0,0,0,0,0.01,0,0,0,0,0,0,0,0,0,0,0,0,0.0665,0,0.0424,0.0162
06011,0,0,0,0.01,0.17,0.47,0.8,0.76,0.52,0.1,0,0,0,0,0,0,0.01,0.08,0.18,0.13,0.05,0,0,0,0,0,0,0,0,0,0,0,0,0,0,0,0,0,0,0,0,0,0,0,0,0,0,0,0.112,0,0.0419,0.013
06013,0,0,0,0,0.05,0.18,0.26,0.27,0.21,0.04,0,0,0,0,0,0,0,0.02,0.02,0.03,0.01,0,0,0,0,0,0,0,0,0,0,0,0,0,0,0,0,0,0,0,0,0,0,0,0,0,0,0,0.0741,0,0.0435,0.0101
06015,0,0,0,0,0,0.03,0.07,0.06,0.03,0,0,0,0,0,0,0,0,0,0,0,0,0,0,0,0,0,0,0,0,0,0,0,0,0,0,0.01,0,0,0,0,0,0,0,0,0,0,0,0,0,0,0.033,0.00646
06017,0,0,0,0,0,0.06,0.24,0.2,0.05,0,0,0,0,0,0,0,0,0,0,0,0,0,0,0,0.03,0.03,0,0,0,0,0,0,0,0,0.01,0.03,0,0,0,0,0,0,0,0,0,0,0,0,0.00745,0.0214,0.0413,0.0189
06019,0,0,0,0,0.01,0.15,0.41,0.33,0.1,0,0,0,0,0,0,0,0,0,0,0,0,0,0,0,0.02,0.01,0,0,0,0,0,0,0,0,0,0.02,0,0,0,0,0,0,0,0,0,0,0,0,0.0407,0,0.0484,0.0122
06021,0,0,0,0.01,0.11,0.37,0.72,0.67,0.45,0.07,0,0,0,0,0,0,0,0.05,0.11,0.09,0.03,0,0,0,0,0,0,0,0,0,0,0,0,0,0,0,0,0,0,0,0,0,0,0,0,0,0,0,0.0706,0,0.0415,0.0136
06023,0,0,0,0,0,0.04,0.1,0.09,0.07,0,0,0,0,0,0,0,0,0,0,0,0,0,0,0,0,0,0,0,0,0,0,0,0,0,0,0.01,0,0,0,0,0,0,0,0,0,0,0,0,0.00621,0,0.0397,0.00787
06025,0,0,0.09,0.31,0.72,0.97,1,1,0.96,0.55,0.03,0,0,0,0,0.03,0.23,0.73,0.96,0.94,0.67,0.09,0,0,0,0,0,0,0,0,0,0,0,0,0,0,0,0,0,0,0,0,0,0,0,0,0,0,0.415,0,0.132,0.0000993
06027,0,0,0,0.01,0.13,0.6,0.91,0.9,0.45,0.03,0,0,0,0,0,0,0,0.08,0.23,0.13,0.01,0,0,0,0.02,0,0,0,0,0,0,0,0,0,0,0.01,0,0,0,0,0,0,0,0,0,0,0,0,0.148,0,0.0853,0.0125
06029,0,0,0,0.01,0.13,0.53,0.88,0.86,0.53,0.07,0,0,0,0,0,0,0,0.06,0.18,0.13,0.02,0,0,0,0,0,0,0,0,0,0,0,0,0,0,0,0,0,0,0,0,0,0,0,0,0,0,0,0.215,0,0.0593,0.00288
06031,0,0,0,0.04,0.25,0.64,0.94,0.91,0.63,0.11,0,0,0,0,0,0,0.02,0.15,0.33,0.25,0.05,0,0,0,0,0,0,0,0,0,0,0,0,0,0,0,0,0,0,0,0,0,0,0,0,0,0,0,0.33,0,0.0519,0.00702
06033,0,0,0,0,0.03,0.19,0.47,0.41,0.26,0.04,0,0,0,0,0,0,0,0.01,0.04,0.03,0.01,0,0,0,0,0,0,0,0,0,0,0,0,0,0,0.01,0,0,0,0,0,0,0,0,0,0,0,0,0.0492,0,0.0421,0.0108
06035,0,0,0,0,0,0.03,0.23,0.13,0.02,0,0,0,0,0,0,0,0,0,0,0,0,0,0,0,0.35,0.29,0.14,0.03,0,0,0,0,0,0.02,0.17,0.4,0.01,0,0,0,0,0,0,0,0,0,0,0.01,0,0.251,0.0392,0.0283
06037,0,0,0,0,0.04,0.15,0.42,0.49,0.28,0.05,0,0,0,0,0,0,0,0.01,0.02,0.02,0.01,0,0,0,0,0,0,0,0,0,0,0,0,0,0,0,0,0,0,0,0,0,0,0,0,0,0,0,0.0172,0,0.0561,0.00000711
06039,0,0,0,0,0.02,0.21,0.51,0.43,0.16,0,0,0,0,0,0,0,0,0,0.01,0,0,0,0,0,0.02,0.01,0,0,0,0,0,0,0,0,0,0.01,0,0,0,0,0,0,0,0,0,0,0,0,0.0834,0.00301,0.0459,0.0147
06041,0,0,0,0,0,0.01,0,0.01,0.02,0,0,0,0,0,0,0,0,0,0,0,0,0,0,0,0,0,0,0,0,0,0,0,0,0,0,0,0,0,0,0,0,0,0,0,0,0,0,0,0.000266,0,0.0434,0.0077
06043,0,0,0,0,0.02,0.16,0.46,0.4,0.15,0.01,0,0,0,0,0,0,0,0,0.01,0,0,0,0,0,0.02,0.02,0,0,0,0,0,0,0,0,0,0.02,0,0,0,0,0,0,0,0,0,0,0,0,0.078,0.0066,0.0442,0.0161
06045,0,0,0,0,0.01,0.05,0.14,0.14,0.11,0.03,0,0,0,0,0,0,0,0,0,0,0,0,0,0,0,0,0,0,0,0,0,0,0,0,0,0,0,0,0,0,0,0,0,0,0,0,0,0,0.00314,0,0.0415,0.00863
06047,0,0,0,0.02,0.15,0.45,0.77,0.73,0.48,0.08,0,0,0,0,0,0,0.01,0.07,0.14,0.09,0.02,0,0,0,0,0,0,0,0,0,0,0,0,0,0,0,0,0,0,0,0,0,0,0,0,0,0,0,0.113,0,0.0456,0.0113
06049,0,0,0,0,0,0.03,0.23,0.14,0.02,0,0,0,0,0,0,0,0,0,0,0,0,0,0,0,0.33,0.28,0.13,0.03,0,0,0,0,0,0.02,0.17,0.38,0.01,0,0,0,0,0,0,0,0,0,0,0.01,0.116,0.0455,0.0403,0.0323
06051,0,0,0,0,0,0,0.01,0,0,0,0,0,0,0,0,0,0,0,0,0,0,0,0,0,0.58,0.54,0.33,0.17,0.01,0,0,0,0,0.05,0.29,0.62,0.02,0,0,0,0,0,0,0,0,0,0,0.01,0,0.136,0.0411,0.0241
06053,0,0,0,0.01,0.04,0.15,0.25,0.29,0.2,0.07,0,0,0,0,0,0,0,0.01,0.01,0.01,0.01,0,0,0,0,0,0,0,0,0,0,0,0,0,0,0,0,0,0,0,0,0,0,0,0,0,0,0,0.0143,0,0.0495,0.00484
06055,0,0,0,0,0.06,0.24,0.42,0.4,0.29,0.06,0,0,0,0,0,0,0,0.02,0.04,0.04,0.02,0,0,0,0,0,0,0,0,0,0,0,0,0,0,0,0,0,0,0,0,0,0,0,0,0,0,0,0.106,0,0.0428,0.0107
06057,0,0,0,0,0,0.04,0.19,0.15,0.03,0,0,0,0,0,0,0,0,0,0,0,0,0,0,0,0.05,0.05,0,0,0,0,0,0,0,0,0.01,0.06,0,0,0,0,0,0,0,0,0,0,0,0,0.00652,0.0617,0.0409,0.0199
06059,0,0,0.01,0.02,0.02,0.04,0.1,0.2,0.2,0.11,0.02,0,0,0,0,0,0,0,0,0,0.01,0,0,0,0,0,0,0,0,0,0,0,0,0,0,0,0,0,0,0,0,0,0,0,0,0,0,0,0,0,0.0573,0
06061,0,0,0,0,0,0.07,0.26,0.2,0.05,0,0,0,0,0,0,0,0,0,0,0,0,0,0,0,0.03,0.03,0,0,0,0,0,0,0,0,0.01,0.04,0,0,0,0,0,0,0,0,0,0,0,0,0.00582,0.0147,0.0411,0.0191
06063,0,0,0,0,0,0.02,0.12,0.08,0.02,0,0,0,0,0,0,0,0,0,0,0,0,0,0,0,0.24,0.21,0.1,0.02,0,0,0,0,0,0,0.09,0.25,0,0,0,0,0,0,0,0,0,0,0,0.01,0.00315,0.0994,0.04,0.0229
06065,0,0,0.02,0.09,0.35,0.8,0.99,0.99,0.81,0.25,0,0,0,0,0,0,0.04,0.28,0.54,0.55,0.19,0.01,0,0,0,0,0,0,0,0,0,0,0,0,0,0,0,0,0,0,0,0,0,0,0,0,0,0,0.0538,0,0.0951,0.0000446
06067,0,0,0,0.01,0.15,0.45,0.75,0.72,0.48,0.09,0,0,0,0,0,0,0.01,0.08,0.15,0.12,0.04,0,0,0,0,0,0,0,0,0,0,0,0,0,0,0,0,0,0,0,0,0,0,0,0,0,0,0,0.0118,0,0.0425,0.0141
06069,0,0,0,0,0.05,0.22,0.43,0.4,0.26,0.06,0,0,0,0,0,0,0,0,0.02,0.02,0.01,0,0,0,0,0,0,0,0,0,0,0,0,0,0,0.01,0,0,0,0,0,0,0,0,0,0,0,0,0.219,0,0.0479,0.00734
06071,0,0,0,0.06,0.33,0.8,0.98,0.98,0.75,0.14,0,0,0,0,0,0,0.03,0.32,0.58,0.51,0.1,0,0,0,0,0,0,0,0,0,0,0,0,0,0,0,0,0,0,0,0,0,0,0,0,0,0,0,0.16,0,0.0978,0.00007
06073,0,0,0,0.01,0.05,0.22,0.54,0.64,0.4,0.09,0,0,0,0,0,0,0,0.01,0.03,0.04,0.01,0,0,0,0,0,0,0,0,0,0,0,0,0,0,0,0,0,0,0,0,0,0,0,0,0,0,0,0.0557,0,0.0673,0
06075,0,0,0,0,0,0.01,0,0.01,0.02,0,0,0,0,0,0,0,0,0,0,0,0,0,0,0,0,0,0,0,0,0,0,0,0,0,0,0,0,0,0,0,0,0,0,0,0,0,0,0,0,0,0.0438,0.00562
06077,0,0,0,0.02,0.15,0.42,0.7,0.65,0.44,0.08,0,0,0,0,0,0,0.01,0.08,0.14,0.1,0.03,0,0,0,0,0,0,0,0,0,0,0,0,0,0,0,0,0,0,0,0,0,0,0,0,0,0,0,0.11,0,0.0433,0.0125
06079,0,0,0,0.01,0.05,0.18,0.37,0.38,0.22,0.05,0,0,0,0,0,0,0,0,0.01,0.01,0.01,0,0,0,0,0,0,0,0,0,0,0,0,0,0,0,0,0,0,0,0,0,0,0,0,0,0,0,0.0668,0,0.0517,0.00261
06081,0,0,0,0,0,0.02,0.02,0.03,0.05,0.01,0,0,0,0,0,0,0,0,0,0,0,0,0,0,0,0,0,0,0,0,0,0,0,0,0,0,0,0,0,0,0,0,0,0,0,0,0,0,0.00981,0,0.0445,0.00685
06083,0,0,0,0,0.01,0.03,0.07,0.09,0.08,0.03,0,0,0,0,0,0,0,0,0,0,0.01,0,0,0,0,0,0,0,0,0,0,0,0,0,0,0,0,0,0,0,0,0,0,0,0,0,0,0,0.0784,0,0.0447,0.000152
06085,0,0,0,0,0.02,0.1,0.15,0.16,0.15,0.03,0,0,0,0,0,0,0,0,0.01,0.01,0.01,0,0,0,0,0,0,0,0,0,0,0,0,0,0,0,0,0,0,0,0,0,0,0,0,0,0,0,0.133,0,0.0451,0.00833
06087,0,0,0,0,0.01,0.03,0.03,0.04,0.07,0.03,0,0,0,0,0,0,0,0,0,0,0.01,0,0,0,0,0,0,0,0,0,0,0,0,0,0,0,0,0,0,0,0,0,0,0,0,0,0,0,0.0279,0,0.0457,0.00643
06089,0,0,0,0,0.04,0.22,0.57,0.52,0.27,0.03,0,0,0,0,0,0,0,0.01,0.06,0.04,0.01,0,0,0,0.03,0.01,0,0,0,0,0,0,0,0,0,0.03,0,0,0,0,0,0,0,0,0,0,0,0,0.0759,0.00813,0.0405,0.0189
06091,0,0,0,0,0,0.01,0.05,0.04,0.01,0,0,0,0,0,0,0,0,0,0,0,0,0,0,0,0.21,0.23,0.11,0.03,0,0,0,0,0,0,0.08,0.25,0,0,0,0,0,0,0,0,0,0,0,0,0,0.294,0.0401,0.0226
06093,0,0,0,0,0,0.04,0.21,0.14,0.04,0,0,0,0,0,0,0,0,0,0,0,0,0,0,0,0.1,0.09,0.03,0,0,0,0,0,0,0,0.03,0.11,0,0,0,0,0,0,0,0,0,0,0,0,0.0296,0.0169,0.0394,0.0168
06095,0,0,0,0.01,0.09,0.29,0.45,0.43,0.31,0.07,0,0,0,0,0,0,0,0.03,0.06,0.05,0.02,0,0,0,0,0,0,0,0,0,0,0,0,0,0,0,0,0,0,0,0,0,0,0,0,0,0,0,0.112,0,0.043,0.0113
06097,0,0,0,0,0.01,0.05,0.06,0.09,0.1,0.03,0,0,0,0,0,0,0,0,0,0,0,0,0,0,0,0,0,0,0,0,0,0,0,0,0,0,0,0,0,0,0,0,0,0,0,0,0,0,0.0207,0,0.0428,0.00844
06099,0,0,0,0.01,0.13,0.4,0.72,0.65,0.41,0.07,0,0,0,0,0,0,0,0.06,0.12,0.09,0.02,0,0,0,0,0,0,0,0,0,0,0,0,0,0,0,0,0,0,0,0,0,0,0,0,0,0,0,0.0202,0,0.0442,0.0119
06101,0,0,0,0.02,0.21,0.56,0.87,0.82,0.58,0.11,0,0,0,0,0,0,0.02,0.12,0.25,0.18,0.05,0,0,0,0,0,0,0,0,0,0,0,0,0,0,0,0,0,0,0,0,0,0,0,0,0,0,0,0.193,0,0.0419,0.0148
06103,0,0,0,0,0.07,0.31,0.67,0.61,0.39,0.05,0,0,0,0,0,0,0,0.03,0.09,0.07,0.01,0,0,0,0,0,0,0,0,0,0,0,0,0,0,0.01,0,0,0,0,0,0,0,0,0,0,0,0,0.117,0,0.0409,0.016
06105,0,0,0,0,0.02,0.14,0.41,0.35,0.19,0.01,0,0,0,0,0,0,0,0.01,0.02,0.02,0,0,0,0,0.03,0.02,0,0,0,0,0,0,0,0,0.01,0.02,0,0,0,0,0,0,0,0,0,0,0,0,0.0399,0.0277,0.0405,0.0126
06107,0,0,0,0,0,0.08,0.27,0.18,0.04,0,0,0,0,0,0,0,0,0,0,0,0,0,0,0,0.03,0.03,0,0,0,0,0,0,0,0,0,0.04,0,0,0,0,0,0,0,0,0,0,0,0,0.0362,0,0.0579,0.00942
06109,0,0,0,0,0,0.01,0.05,0.04,0,0,0,0,0,0,0,0,0,0,0,0,0,0,0,0,0.11,0.12,0.07,0.02,0,0,0,0,0,0,0.04,0.14,0,0,0,0,0,0,0,0,0,0,0,0,0.00106,0.0474,0.0423,0.0181
06111,0,0,0,0,0.01,0.04,0.13,0.21,0.13,0.03,0,0,0,0,0,0,0,0,0,0,0,0,0,0,0,0,0,0,0,0,0,0,0,0,0,0,0,0,0,0,0,0,0,0,0,0,0,0,0.00401,0,0.0484,0.0000431
06113,0,0,0,0.02,0.17,0.47,0.78,0.75,0.52,0.1,0,0,0,0,0,0,0.01,0.09,0.17,0.15,0.05,0,0,0,0,0,0,0,0,0,0,0,0,0,0,0,0,0,0,0,0,0,0,0,0,0,0,0,0.0802,0,0.0424,0.0128
06115,0,0,0,0,0.11,0.39,0.76,0.69,0.42,0.06,0,0,0,0,0,0,0,0.05,0.14,0.09,0.02,0,0,0,0,0,0,0,0,0,0,0,0,0,0,0,0,0,0,0,0,0,0,0,0,0,0,0,0.133,0,0.0414,0.0171
08001,0,0,0,0,0.03,0.27,0.54,0.39,0.12,0,0,0,0,0,0,0,0,0.01,0.02,0.01,0,0,0,0,0.66,0.53,0.2,0.05,0,0,0,0,0,0.04,0.27,0.65,0.08,0.06,0.01,0,0,0,0,0,0,0,0.02,0.05,0.0488,0.0826,0.0158,0.121
08003,0,0,0,0,0,0.01,0.01,0,0,0,0,0,0,0,0,0,0,0,0,0,0,0,0,0,0.97,0.85,0.44,0.14,0.01,0,0,0,0,0.1,0.65,0.95,0.27,0.08,0,0,0,0,0,0,0,0,0.02,0.23,0,0.201,0.0106,0.127
08005,0,0,0,0,0.02,0.21,0.48,0.31,0.08,0,0,0,0,0,0,0,0,0.01,0.01,0,0,0,0,0,0.64,0.54,0.21,0.06,0,0,0,0,0,0.04,0.29,0.64,0.07,0.06,0.01,0,0,0,0,0,0,0,0.01,0.05,0.033,0.0688,0.0157,0.121
08007,0,0,0,0,0,0,0.01,0,0,0,0,0,0,0,0,0,0,0,0,0,0,0,0,0,0.86,0.73,0.36,0.11,0.01,0,0,0,0,0.05,0.39,0.82,0.07,0.04,0.01,0,0,0,0,0,0,0,0.01,0.06,0,0.254,0.0107,0.127
08009,0,0,0,0.01,0.11,0.45,0.67,0.51,0.2,0.01,0,0,0,0,0,0,0,0.04,0.07,0.02,0,0,0,0,0.51,0.36,0.11,0.01,0,0,0,0,0,0.02,0.15,0.45,0.02,0.02,0,0,0,0,0,0,0,0,0,0.02,0,0.174,0.0563,0.0818
08011,0,0,0,0.01,0.12,0.5,0.72,0.59,0.29,0.02,0,0,0,0,0,0,0,0.09,0.14,0.05,0.01,0,0,0,0.6,0.41,0.11,0.01,0,0,0,0,0,0.02,0.18,0.57,0.04,0.03,0,0,0,0,0,0,0,0,0,0.03,,,0.0283,0.105
08013,0,0,0,0,0,0.01,0.03,0.01,0,0,0,0,0,0,0,0,0,0,0,0,0,0,0,0,0.6,0.57,0.28,0.09,0,0,0,0,0,0.05,0.3,0.64,0.05,0.05,0.01,0,0,0,0,0,0,0,0.01,0.05,0,0.0994,0.0135,0.125
08014,0,0,0,0,0.02,0.25,0.5,0.35,0.09,0,0,0,0,0,0,0,0,0.01,0.02,0,0,0,0,0,0.47,0.39,0.15,0.03,0,0,0,0,0,0.03,0.19,0.51,0.05,0.04,0.01,0,0,0,0,0,0,0,0.01,0.03,0.0336,0.0759,0.0142,0.124
08015,0,0,0,0,0,0,0,0,0,0,0,0,0,0,0,0,0,0,0,0,0,0,0,0,0.93,0.9,0.66,0.3,0.03,0,0,0,0,0.12,0.61,0.9,0.16,0.13,0.03,0,0,0,0,0,0,0,0.03,0.16,0,0.0892,0.0109,0.131
08017,0,0,0,0,0.05,0.34,0.6,0.45,0.18,0,0,0,0,0,0,0,0,0.03,0.06,0.01,0,0,0,0,0.64,0.49,0.16,0.03,0,0,0,0,0,0.03,0.23,0.58,0.04,0.03,0,0,0,0,0,0,0,0,0,0.04,0.0951,0.0306,0.0245,0.106
08019,0,0,0,0,0,0,0,0,0,0,0,0,0,0,0,0,0,0,0,0,0,0,0,0,0.84,0.8,0.61,0.31,0.05,0,0,0,0.01,0.13,0.53,0.81,0.1,0.09,0.03,0,0,0,0,0,0,0,0.03,0.1,0,0.344,0.0128,0.126
08021,0,0,0,0,0,0,0,0,0,0,0,0,0,0,0,0,0,0,0,0,0,0,0,0,0.94,0.85,0.51,0.2,0.02,0,0,0,0,0.09,0.54,0.91,0.18,0.08,0.01,0,0,0,0,0,0,0,0.02,0.17,0,0.191,0.0104,0.125
08023,0,0,0,0,0,0,0,0,0,0,0,0,0,0,0,0,0,0,0,0,0,0,0,0,0.9,0.76,0.41,0.17,0.02,0,0,0,0,0.09,0.48,0.86,0.12,0.05,0.01,0,0,0,0,0,0,0,0.02,0.1,0,0.114,0.0117,0.124
08025,0,0,0,0,0.09,0.44,0.7,0.54,0.24,0,0,0,0,0,0,0,0,0.05,0.1,0.02,0,0,0,0,0.73,0.51,0.16,0.03,0,0,0,0,0,0.03,0.27,0.67,0.05,0.04,0,0,0,0,0,0,0,0,0.01,0.04,0.0712,0.392,0.0183,0.117
08027,0,0,0,0,0,0,0,0,0,0,0,0,0,0,0,0,0,0,0,0,0,0,0,0,0.82,0.73,0.44,0.18,0.02,0,0,0,0,0.09,0.45,0.79,0.09,0.07,0.01,0,0,0,0,0,0,0,0.02,0.09,0,0.507,0.0119,0.127
08029,0,0,0,0,0,0.03,0.14,0.03,0,0,0,0,0,0,0,0,0,0,0,0,0,0,0,0,0.71,0.5,0.18,0.04,0,0,0,0,0,0.03,0.27,0.66,0.03,0.02,0,0,0,0,0,0,0,0,0,0.03,0,0.0581,0.00863,0.139
08031,0,0,0,0,0.02,0.26,0.51,0.35,0.11,0,0,0,0,0,0,0,0,0.01,0.02,0,0,0,0,0,0.49,0.4,0.15,0.04,0,0,0,0,0,0.03,0.2,0.53,0.05,0.04,0.01,0,0,0,0,0,0,0,0.01,0.03,0.0315,0.071,0.0145,0.123
08033,0,0,0,0,0,0,0,0,0,0,0,0,0,0,0,0,0,0,0,0,0,0,0,0,0.77,0.62,0.33,0.1,0.01,0,0,0,0,0.05,0.37,0.72,0.04,0.02,0.01,0,0,0,0,0,0,0,0.01,0.04,,,0.0144,0.138
08035,0,0,0,0,0,0.05,0.13,0.03,0.01,0,0,0,0,0,0,0,0,0,0,0,0,0,0,0,0.6,0.55,0.25,0.08,0,0,0,0,0,0.05,0.3,0.62,0.05,0.06,0.01,0,0,0,0,0,0,0,0.02,0.04,0,0.068,0.0141,0.124
08037,0,0,0,0,0,0,0,0,0,0,0,0,0,0,0,0,0,0,0,0,0,0,0,0,0.87,0.8,0.55,0.21,0.02,0,0,0,0,0.11,0.52,0.85,0.13,0.09,0.02,0,0,0,0,0,0,0,0.03,0.13,0,0.297,0.0109,0.131
08039,0,0,0,0,0.01,0.14,0.36,0.17,0.04,0,0,0,0,0,0,0,0,0,0,0,0,0,0,0,0.73,0.64,0.28,0.07,0,0,0,0,0,0.05,0.38,0.7,0.09,0.06,0.01,0,0,0,0,0,0,0,0.02,0.06,0.0215,0.178,0.0162,0.12
08041,0,0,0,0,0,0.1,0.23,0.07,0.01,0,0,0,0,0,0,0,0,0,0,0,0,0,0,0,0.65,0.58,0.24,0.06,0,0,0,0,0,0.04,0.31,0.65,0.06,0.05,0,0,0,0,0,0,0,0,0.01,0.04,0,0.225,0.0149,0.122
08043,0,0,0,0,0,0.02,0.03,0,0,0,0,0,0,0,0,0,0,0,0,0,0,0,0,0,0.77,0.63,0.3,0.08,0,0,0,0,0,0.05,0.36,0.74,0.06,0.05,0,0,0,0,0,0,0,0,0.01,0.06,0,0.0923,0.0122,0.127
08045,0,0,0,0,0,0,0.01,0,0,0,0,0,0,0,0,0,0,0,0,0,0,0,0,0,0.71,0.59,0.32,0.11,0.01,0,0,0,0,0.06,0.36,0.7,0.06,0.03,0,0,0,0,0,0,0,0,0.01,0.05,0,0.16,0.00834,0.136
08047,0,0,0,0,0,0,0,0,0,0,0,0,0,0,0,0,0,0,0,0,0,0,0,0,0.71,0.69,0.48,0.22,0.03,0,0,0,0,0.1,0.42,0.71,0.07,0.07,0.02,0,0,0,0,0,0,0,0.02,0.06,0,0.133,0.0132,0.126
08049,0,0,0,0,0,0,0,0,0,0,0,0,0,0,0,0,0,0,0,0,0,0,0,0,0.92,0.87,0.66,0.28,0.04,0,0,0,0.01,0.15,0.6,0.88,0.2,0.16,0.04,0,0,0,0,0,0,0,0.05,0.19,0,0.0952,0.0122,0.128
08051,0,0,0,0,0,0,0,0,0,0,0,0,0,0,0,0,0,0,0,0,0,0,0,0,0.94,0.91,0.63,0.26,0.02,0,0,0,0,0.12,0.58,0.9,0.2,0.14,0.03,0,0,0,0,0,0,0,0.04,0.2,0,0.194,0.00967,0.135
08053,0,0,0,0,0,0,0,0,0,0,0,0,0,0,0,0,0,0,0,0,0,0,0,0,0.95,0.94,0.74,0.4,0.05,0,0,0,0.01,0.16,0.62,0.93,0.2,0.16,0.05,0,0,0,0,0,0,0,0.06,0.21,0,0.462,0.00928,0.136
08055,0,0,0,0,0,0.03,0.05,0,0,0,0,0,0,0,0,0,0,0,0,0,0,0,0,0,0.62,0.52,0.25,0.07,0,0,0,0,0,0.05,0.28,0.62,0.03,0.03,0,0,0,0,0,0,0,0,0.01,0.03,,,0.013,0.124
08057,0,0,0,0,0,0,0,0,0,0,0,0,0,0,0,0,0,0,0,0,0,0,0,0,0.91,0.86,0.65,0.31,0.05,0,0,0,0.01,0.2,0.62,0.88,0.21,0.18,0.05,0.01,0,0,0,0,0,0.01,0.06,0.2,0,0.124,0.012,0.129
08059,0,0,0,0,0,0.02,0.06,0.01,0,0,0,0,0,0,0,0,0,0,0,0,0,0,0,0,0.55,0.53,0.25,0.08,0,0,0,0,0,0.05,0.28,0.59,0.04,0.05,0,0,0,0,0,0,0,0,0.01,0.05,0,0.061,0.0136,0.125
08061,0,0,0,0,0.08,0.42,0.67,0.52,0.23,0.01,0,0,0,0,0,0,0,0.05,0.09,0.03,0,0,0,0,0.64,0.47,0.14,0.02,0,0,0,0,0,0.02,0.21,0.58,0.04,0.02,0,0,0,0,0,0,0,0,0,0.03,,,0.0266,0.105
08063,0,0,0,0,0.04,0.28,0.55,0.4,0.16,0,0,0,0,0,0,0,0,0.02,0.03,0.01,0,0,0,0,0.59,0.47,0.17,0.04,0,0,0,0,0,0.03,0.22,0.54,0.05,0.04,0.01,0,0,0,0,0,0,0,0.01,0.04,0.0262,0.0447,0.0227,0.108
08065,0,0,0,0,0,0,0,0,0,0,0,0,0,0,0,0,0,0,0,0,0,0,0,0,0.97,0.95,0.82,0.48,0.08,0,0,0,0.01,0.2,0.71,0.94,0.25,0.23,0.08,0.01,0,0,0,0,0,0,0.08,0.24,0,0.396,0.0112,0.13
08067,0,0,0,0,0,0,0.01,0,0,0,0,0,0,0,0,0,0,0,0,0,0,0,0,0,0.78,0.58,0.27,0.07,0,0,0,0,0,0.04,0.31,0.69,0.04,0.02,0,0,0,0,0,0,0,0,0,0.03,0,0.139,0.0128,0.127
08069,0,0,0,0,0,0,0.01,0,0,0,0,0,0,0,0,0,0,0,0,0,0,0,0,0,0.69,0.66,0.39,0.15,0.02,0,0,0,0,0.08,0.39,0.68,0.08,0.07,0.01,0,0,0,0,0,0,0,0.02,0.07,0,0.195,0.0136,0.126
08071,0,0,0,0,0.01,0.22,0.4,0.2,0.04,0,0,0,0,0,0,0,0,0,0,0,0,0,0,0,0.52,0.4,0.15,0.03,0,0,0,0,0,0.02,0.18,0.5,0.02,0.02,0,0,0,0,0,0,0,0,0,0.02,,,0.0231,0.114
08073,0,0,0,0,0.03,0.27,0.55,0.36,0.12,0,0,0,0,0,0,0,0,0.01,0.01,0,0,0,0,0,0.72,0.57,0.23,0.06,0,0,0,0,0,0.05,0.32,0.67,0.07,0.05,0.01,0,0,0,0,0,0,0,0.01,0.05,0.0368,0.0971,0.0183,0.116
08075,0,0,0,0,0.03,0.25,0.55,0.42,0.15,0,0,0,0,0,0,0,0,0.02,0.06,0.01,0,0,0,0,0.59,0.47,0.18,0.05,0,0,0,0,0,0.04,0.23,0.58,0.08,0.05,0.01,0,0,0,0,0,0,0,0.01,0.05,0.0497,0.0448,0.0198,0.114
08077,0,0,0,0,0,0.05,0.2,0.06,0,0,0,0,0,0,0,0,0,0,0,0,0,0,0,0,0.65,0.46,0.15,0.03,0,0,0,0,0,0.03,0.24,0.61,0.02,0.01,0,0,0,0,0,0,0,0,0,0.02,0,0.0748,0.00788,0.14
08079,0,0,0,0,0,0,0,0,0,0,0,0,0,0,0,0,0,0,0,0,0,0,0,0,0.96,0.94,0.72,0.37,0.05,0,0,0,0.01,0.15,0.63,0.93,0.22,0.16,0.05,0,0,0,0,0,0,0,0.05,0.23,0,0.153,0.00961,0.132
08081,0,0,0,0,0,0.03,0.15,0.04,0,0,0,0,0,0,0,0,0,0,0,0,0,0,0,0,0.77,0.66,0.29,0.07,0,0,0,0,0,0.07,0.4,0.76,0.12,0.08,0,0,0,0,0,0,0,0.01,0.03,0.1,0,0.113,0.00639,0.13
08083,0,0,0,0,0,0.09,0.25,0.09,0.01,0,0,0,0,0,0,0,0,0,0,0,0,0,0,0,0.6,0.4,0.13,0.02,0,0,0,0,0,0.02,0.21,0.59,0.02,0,0,0,0,0,0,0,0,0,0,0.01,,,0.0185,0.121
08085,0,0,0,0,0,0.07,0.23,0.06,0.01,0,0,0,0,0,0,0,0,0,0,0,0,0,0,0,0.69,0.46,0.15,0.03,0,0,0,0,0,0.02,0.25,0.65,0.03,0.02,0,0,0,0,0,0,0,0,0,0.03,0,0.104,0.00916,0.145
08087,0,0,0,0,0.04,0.28,0.58,0.44,0.17,0,0,0,0,0,0,0,0,0.02,0.05,0.01,0,0,0,0,0.71,0.56,0.2,0.05,0,0,0,0,0,0.04,0.3,0.68,0.1,0.06,0.01,0,0,0,0,0,0,0,0.02,0.07,0.0327,0.0371,0.0172,0.118
08089,0,0,0,0,0.11,0.48,0.72,0.58,0.26,0.01,0,0,0,0,0,0,0,0.06,0.11,0.03,0,0,0,0,0.58,0.39,0.12,0.01,0,0,0,0,0,0.02,0.18,0.54,0.03,0.03,0,0,0,0,0,0,0,0,0,0.03,0.072,0.184,0.021,0.115
08091,0,0,0,0,0,0,0,0,0,0,0,0,0,0,0,0,0,0,0,0,0,0,0,0,0.85,0.76,0.45,0.17,0.01,0,0,0,0,0.07,0.45,0.81,0.09,0.06,0.01,0,0,0,0,0,0,0,0.02,0.1,,,0.00898,0.141
08093,0,0,0,0,0,0,0,0,0,0,0,0,0,0,0,0,0,0,0,0,0,0,0,0,0.93,0.89,0.63,0.31,0.04,0,0,0,0.01,0.13,0.61,0.89,0.18,0.15,0.03,0,0,0,0,0,0,0.01,0.04,0.16,0,0.388,0.0123,0.127
08095,0,0,0,0,0.04,0.25,0.53,0.39,0.16,0,0,0,0,0,0,0,0,0.02,0.06,0.02,0,0,0,0,0.63,0.51,0.19,0.05,0,0,0,0,0,0.04,0.24,0.62,0.08,0.06,0.01,0,0,0,0,0,0,0,0.01,0.06,,,0.0238,0.108
08097,0,0,0,0,0,0,0,0,0,0,0,0,0,0,0,0,0,0,0,0,0,0,0,0,0.9,0.85,0.62,0.28,0.03,0,0,0,0,0.12,0.55,0.87,0.14,0.1,0.04,0,0,0,0,0,0,0,0.04,0.14,0,0.148,0.0103,0.132
08099,0,0,0,0.01,0.12,0.49,0.7,0.56,0.27,0.02,0,0,0,0,0,0,0,0.09,0.16,0.06,0.01,0,0,0,0.58,0.42,0.12,0.01,0,0,0,0,0,0.02,0.18,0.54,0.03,0.03,0,0,0,0,0,0,0,0,0,0.02,,,0.0403,0.0916
08101,0,0,0,0,0.05,0.35,0.61,0.42,0.12,0,0,0,0,0,0,0,0,0.02,0.03,0,0,0,0,0,0.54,0.4,0.13,0.02,0,0,0,0,0,0.02,0.18,0.52,0.03,0.03,0,0,0,0,0,0,0,0,0,0.03,0.0356,0.00773,0.0148,0.122
08103,0,0,0,0,0,0.02,0.08,0.01,0,0,0,0,0,0,0,0,0,0,0,0,0,0,0,0,0.76,0.61,0.29,0.09,0,0,0,0,0,0.06,0.36,0.74,0.08,0.05,0,0,0,0,0,0,0,0,0.02,0.06,0,0.517,0.00718,0.132
08105,0,0,0,0,0,0,0,0,0,0,0,0,0,0,0,0,0,0,0,0,0,0,0,0,0.97,0.89,0.6,0.24,0.02,0,0,0,0,0.12,0.63,0.95,0.25,0.12,0.01,0,0,0,0,0,0,0,0.03,0.24,0,0.0637,0.00983,0.129
08107,0,0,0,0,0,0,0,0,0,0,0,0,0,0,0,0,0,0,0,0,0,0,0,0,0.86,0.77,0.48,0.17,0.02,0,0,0,0,0.11,0.5,0.82,0.15,0.11,0.01,0,0,0,0,0,0,0,0.04,0.14,0,0.192,0.0106,0.132
08109,0,0,0,0,0,0,0,0,0,0,0,0,0,0,0,0,0,0,0,0,0,0,0,0,0.96,0.89,0.6,0.24,0.02,0,0,0,0,0.12,0.62,0.93,0.2,0.1,0.02,0,0,0,0,0,0,0,0.03,0.2,0,0.307,0.0102,0.131
08111,0,0,0,0,0,0,0,0,0,0,0,0,0,0,0,0,0,0,0,0,0,0,0,0,0.91,0.89,0.72,0.42,0.07,0,0,0,0.01,0.17,0.58,0.87,0.14,0.14,0.05,0,0,0,0,0,0,0,0.06,0.17,0,0.188,0.00967,0.138
08113,0,0,0,0,0,0,0.03,0,0,0,0,0,0,0,0,0,0,0,0,0,0,0,0,0,0.75,0.58,0.26,0.07,0,0,0,0,0,0.04,0.34,0.72,0.04,0.02,0,0,0,0,0,0,0,0,0.01,0.04,,,0.0116,0.144
08115,0,0,0,0,0.03,0.22,0.5,0.37,0.14,0,0,0,0,0,0,0,0,0.01,0.05,0.01,0,0,0,0,0.62,0.5,0.19,0.05,0,0,0,0,0,0.03,0.23,0.6,0.08,0.06,0.01,0,0,0,0,0,0,0,0.01,0.06,,,0.024,0.109
08117,0,0,0,0,0,0,0,0,0,0,0,0,0,0,0,0,0,0,0,0,0,0,0,0,0.94,0.91,0.73,0.39,0.06,0,0,0,0.01,0.17,0.65,0.92,0.19,0.15,0.05,0.01,0,0,0,0,0,0.01,0.06,0.19,0,0.361,0.0119,0.128
08119,0,0,0,0,0,0,0,0,0,0,0,0,0,0,0,0,0,0,0,0,0,0,0,0,0.9,0.82,0.57,0.26,0.03,0,0,0,0.01,0.12,0.56,0.87,0.17,0.13,0.03,0.01,0,0,0,0,0,0.01,0.04,0.15,0,0.271,0.0132,0.126
08121,0,0,0,0,0.03,0.28,0.55,0.4,0.14,0,0,0,0,0,0,0,0,0.02,0.04,0.01,0,0,0,0,0.62,0.5,0.19,0.06,0,0,0,0,0,0.04,0.25,0.61,0.07,0.06,0.01,0,0,0,0,0,0,0,0.01,0.05,0.0901,0,0.0191,0.114
08123,0,0,0,0,0.02,0.24,0.51,0.36,0.11,0,0,0,0,0,0,0,0,0.02,0.03,0.01,0,0,0,0,0.68,0.54,0.22,0.06,0,0,0,0,0,0.05,0.31,0.68,0.09,0.06,0.01,0,0,0,0,0,0,0,0.02,0.07,0.0439,0.205,0.0159,0.121
08125,0,0,0,0,0.04,0.29,0.56,0.43,0.17,0,0,0,0,0,0,0,0,0.03,0.07,0.02,0,0,0,0,0.58,0.45,0.15,0.04,0,0,0,0,0,0.03,0.2,0.56,0.06,0.05,0.01,0,0,0,0,0,0,0,0.01,0.05,,,0.0232,0.108
09110,0,0,0,0,0.01,0.05,0.13,0.07,0.01,0,0,0,0,0,0,0,0,0,0,0,0,0,0,0,0.57,0.48,0.19,0,0,0,0,0,0,0,0.06,0.33,0.06,0.03,0,0,0,0,0,0,0,0,0,0,0.000026,0.0145,0.00632,0.0472
09120,0,0,0,0,0.01,0.04,0.14,0.05,0.01,0,0,0,0,0,0,0,0,0,0,0,0,0,0,0,0.5,0.4,0.14,0,0,0,0,0,0,0,0.03,0.24,0.03,0.01,0,0,0,0,0,0,0,0,0,0,0.00131,0.00624,0.0104,0.0351
09130,0,0,0,0,0.01,0.03,0.1,0.04,0,0,0,0,0,0,0,0,0,0,0,0,0,0,0,0,0.49,0.41,0.14,0,0,0,0,0,0,0,0.04,0.25,0.03,0.01,0,0,0,0,0,0,0,0,0,0,0,0.0172,0.00761,0.0408
09140,0,0,0,0,0.01,0.03,0.1,0.04,0.01,0,0,0,0,0,0,0,0,0,0,0,0,0,0,0,0.55,0.48,0.19,0.01,0,0,0,0,0,0,0.06,0.31,0.05,0.03,0,0,0,0,0,0,0,0,0,0,0.000188,0.0192,0.00867,0.0403
09150,0,0,0,0,0.01,0.03,0.07,0.04,0,0,0,0,0,0,0,0,0,0,0,0,0,0,0,0,0.55,0.47,0.19,0,0,0,0,0,0,0,0.06,0.32,0.06,0.03,0,0,0,0,0,0,0,0,0,0,0.00000605,0.0555,0.0049,0.0505
09160,0,0,0,0,0,0.02,0.07,0.03,0,0,0,0,0,0,0,0,0,0,0,0,0,0,0,0,0.64,0.58,0.29,0.01,0,0,0,0,0,0,0.1,0.4,0.09,0.06,0.01,0,0,0,0,0,0,0,0,0.01,0,0.0311,0.00758,0.0452
09170,0,0,0,0,0.01,0.03,0.11,0.04,0,0,0,0,0,0,0,0,0,0,0,0,0,0,0,0,0.51,0.43,0.15,0,0,0,0,0,0,0,0.04,0.26,0.04,0.01,0,0,0,0,0,0,0,0,0,0,0,0.0188,0.00898,0.0376
09180,0,0,0,0,0.01,0.02,0.07,0.03,0,0,0,0,0,0,0,0,0,0,0,0,0,0,0,0,0.48,0.39,0.14,0,0,0,0,0,0,0,0.03,0.25,0.03,0.01,0,0,0,0,0,0,0,0,0,0,0,0.0369,0.00639,0.0434
09190,0,0,0,0,0.01,0.03,0.13,0.05,0.01,0,0,0,0,0,0,0,0,0,0,0,0,0,0,0,0.52,0.43,0.16,0,0,0,0,0,0,0,0.04,0.27,0.04,0.02,0,0,0,0,0,0,0,0,0,0,0.00124,0.00771,0.0107,0.0358
10001,0,0,0,0,0.03,0.13,0.32,0.18,0.04,0,0,0,0,0,0,0,0,0,0,0,0,0,0,0,0.25,0.18,0.04,0,0,0,0,0,0,0,0,0.08,0,0,0,0,0,0,0,0,0,0,0,0,0.0104,0.0104,0.0324,0.0276
10003,0,0,0,0,0.03,0.11,0.29,0.15,0.04,0,0,0,0,0,0,0,0,0,0,0,0,0,0,0,0.28,0.21,0.05,0,0,0,0,0,0,0,0,0.1,0,0,0,0,0,0,0,0,0,0,0,0,0.0235,0.00595,0.0294,0.0273
10005,0,0,0,0.01,0.03,0.14,0.34,0.19,0.04,0,0,0,0,0,0,0,0,0,0.01,0,0,0,0,0,0.21,0.15,0.03,0,0,0,0,0,0,0,0,0.07,0,0,0,0,0,0,0,0,0,0,0,0,0.00867,0.048,0.0346,0.0281
12001,0,0,0,0.04,0.36,0.61,0.76,0.69,0.42,0.05,0,0,0,0,0,0,0,0,0,0,0,0,0,0,0,0,0,0,0,0,0,0,0,0,0,0,0,0,0,0,0,0,0,0,0,0,0,0,0.000306,0,0.00373,0.0000332
12003,0,0,0,0.04,0.29,0.61,0.79,0.67,0.34,0.02,0,0,0,0,0,0,0,0.01,0,0,0,0,0,0,0,0,0,0,0,0,0,0,0,0,0,0,0,0,0,0,0,0,0,0,0,0,0,0,0.0164,0,0.00572,0.0000847
12005,0,0,0,0,0.09,0.4,0.59,0.55,0.26,0.01,0,0,0,0,0,0,0,0,0,0,0,0,0,0,0,0,0,0,0,0,0,0,0,0,0,0,0,0,0,0,0,0,0,0,0,0,0,0,0.00335,0,0.00977,0.000849
12007,0,0,0,0.04,0.32,0.6,0.76,0.67,0.34,0.02,0,0,0,0,0,0,0,0.01,0,0,0,0,0,0,0,0,0,0,0,0,0,0,0,0,0,0,0,0,0,0,0,0,0,0,0,0,0,0,0.013,0,0.0044,0.0000405
12009,0,0,0,0.01,0.11,0.32,0.58,0.48,0.18,0.02,0,0,0,0,0,0,0,0,0,0,0,0,0,0,0,0,0,0,0,0,0,0,0,0,0,0,0,0,0,0,0,0,0,0,0,0,0,0,0,0,0.00142,0.000000151
12011,0,0,0.01,0.08,0.32,0.64,0.83,0.86,0.61,0.15,0,0,0,0,0,0,0,0,0,0,0,0,0,0,0,0,0,0,0,0,0,0,0,0,0,0,0,0,0,0,0,0,0,0,0,0,0,0,0,0,0.000473,0
12013,0,0,0,0.01,0.22,0.55,0.71,0.62,0.33,0.02,0,0,0,0,0,0,0,0.01,0,0,0,0,0,0,0,0,0,0,0,0,0,0,0,0,0,0,0,0,0,0,0,0,0,0,0,0,0,0,0.0138,0.0127,0.0104,0.000825
12015,0,0,0,0.07,0.46,0.74,0.85,0.86,0.68,0.18,0.01,0,0,0,0,0,0,0,0,0,0,0,0,0,0,0,0,0,0,0,0,0,0,0,0,0,0,0,0,0,0,0,0,0,0,0,0,0,0.000901,0,0.000772,0
12017,0,0,0,0.02,0.32,0.59,0.71,0.7,0.45,0.06,0,0,0,0,0,0,0,0,0,0,0,0,0,0,0,0,0,0,0,0,0,0,0,0,0,0,0,0,0,0,0,0,0,0,0,0,0,0,0.0041,0,0.00227,0.0000156
12019,0,0,0,0.03,0.26,0.56,0.73,0.65,0.28,0.02,0,0,0,0,0,0,0,0.01,0,0,0,0,0,0,0,0,0,0,0,0,0,0,0,0,0,0,0,0,0,0,0,0,0,0,0,0,0,0,0.0186,0,0.00439,0.0000312
12021,0,0,0,0.11,0.52,0.78,0.9,0.91,0.74,0.25,0.01,0,0,0,0,0,0,0,0,0,0,0,0,0,0,0,0,0,0,0,0,0,0,0,0,0,0,0,0,0,0,0,0,0,0,0,0,0,0.000121,0,0.000505,0
12023,0,0,0,0.04,0.3,0.61,0.77,0.67,0.38,0.03,0,0,0,0,0,0,0,0.01,0,0,0,0,0,0,0.01,0,0,0,0,0,0,0,0,0,0,0,0,0,0,0,0,0,0,0,0,0,0,0,0.00684,0,0.00555,0.000093
12027,0,0,0,0.09,0.49,0.72,0.83,0.85,0.66,0.15,0.01,0,0,0,0,0,0,0,0,0,0,0,0,0,0,0,0,0,0,0,0,0,0,0,0,0,0,0,0,0,0,0,0,0,0,0,0,0,0.00131,0,0.00088,0.000000000845
12029,0,0,0,0.01,0.25,0.56,0.71,0.65,0.39,0.03,0,0,0,0,0,0,0,0,0,0,0,0,0,0,0,0,0,0,0,0,0,0,0,0,0,0,0,0,0,0,0,0,0,0,0,0,0,0,0.00293,0,0.00383,0.000068
12031,0,0,0,0.02,0.18,0.46,0.72,0.6,0.21,0.01,0,0,0,0,0,0,0,0.01,0,0,0,0,0,0,0,0,0,0,0,0,0,0,0,0,0,0,0,0,0,0,0,0,0,0,0,0,0,0,0.00562,0,0.00541,0.0000488
12033,0,0,0,0,0.1,0.45,0.65,0.61,0.3,0.01,0,0,0,0,0,0,0,0,0,0,0,0,0,0,0.01,0,0,0,0,0,0,0,0,0,0,0,0,0,0,0,0,0,0,0,0,0,0,0,0.00242,0.000236,0.0106,0.00571
12035,0,0,0,0.03,0.19,0.48,0.68,0.61,0.22,0.02,0,0,0,0,0,0,0,0,0,0,0,0,0,0,0,0,0,0,0,0,0,0,0,0,0,0,0,0,0,0,0,0,0,0,0,0,0,0,0.000557,0,0.00302,0.00000644
12037,0,0,0,0,0.16,0.45,0.65,0.58,0.3,0.02,0,0,0,0,0,0,0,0.01,0,0,0,0,0,0,0,0,0,0,0,0,0,0,0,0,0,0,0,0,0,0,0,0,0,0,0,0,0,0,0.00121,0,0.00611,0.000362
12039,0,0,0,0.01,0.27,0.55,0.73,0.65,0.36,0.03,0,0,0,0,0,0,0,0.01,0,0,0,0,0,0,0.01,0.01,0,0,0,0,0,0,0,0,0,0,0,0,0,0,0,0,0,0,0,0,0,0,0.00683,0.00213,0.0106,0.000734
12041,0,0,0,0.02,0.32,0.61,0.73,0.67,0.44,0.04,0,0,0,0,0,0,0,0,0,0,0,0,0,0,0,0,0,0,0,0,0,0,0,0,0,0,0,0,0,0,0,0,0,0,0,0,0,0,0.00654,0,0.00404,0.0000547
12043,0,0,0.01,0.12,0.46,0.69,0.84,0.85,0.62,0.16,0,0,0,0,0,0,0,0,0,0,0,0,0,0,0,0,0,0,0,0,0,0,0,0,0,0,0,0,0,0,0,0,0,0,0,0,0,0,0.00353,0,0.000753,0
12045,0,0,0,0,0.11,0.39,0.56,0.53,0.27,0.02,0,0,0,0,0,0,0,0,0,0,0,0,0,0,0,0,0,0,0,0,0,0,0,0,0,0,0,0,0,0,0,0,0,0,0,0,0,0,0.0263,0.000098,0.00792,0.000607
12047,0,0,0,0.02,0.26,0.58,0.78,0.66,0.36,0.02,0,0,0,0,0,0,0,0.01,0,0,0,0,0,0,0.01,0,0,0,0,0,0,0,0,0,0,0,0,0,0,0,0,0,0,0,0,0,0,0,0.0135,0,0.00705,0.000188
12049,0,0,0.01,0.09,0.46,0.69,0.81,0.83,0.64,0.13,0,0,0,0,0,0,0,0,0,0,0,0,0,0,0,0,0,0,0,0,0,0,0,0,0,0,0,0,0,0,0,0,0,0,0,0,0,0,0.0157,0,0.00102,0.000000104
12051,0,0,0.01,0.14,0.52,0.73,0.87,0.88,0.69,0.21,0.01,0,0,0,0,0,0,0,0,0,0,0,0,0,0,0,0,0,0,0,0,0,0,0,0,0,0,0,0,0,0,0,0,0,0,0,0,0,0.0014,0,0.000616,0
12053,0,0,0,0.03,0.29,0.55,0.67,0.67,0.45,0.07,0,0,0,0,0,0,0,0,0,0,0,0,0,0,0,0,0,0,0,0,0,0,0,0,0,0,0,0,0,0,0,0,0,0,0,0,0,0,0.00367,0,0.0019,0.0000094
12055,0,0,0.01,0.11,0.47,0.69,0.84,0.85,0.62,0.13,0,0,0,0,0,0,0,0,0,0,0,0,0,0,0,0,0,0,0,0,0,0,0,0,0,0,0,0,0,0,0,0,0,0,0,0,0,0,0.00189,0,0.000921,0
12057,0,0,0,0.03,0.26,0.59,0.7,0.72,0.53,0.08,0,0,0,0,0,0,0,0,0,0,0,0,0,0,0,0,0,0,0,0,0,0,0,0,0,0,0,0,0,0,0,0,0,0,0,0,0,0,0,0,0.0013,0.0000014
12059,0,0,0,0.01,0.22,0.57,0.73,0.65,0.39,0.02,0,0,0,0,0,0,0,0.01,0.01,0,0,0,0,0,0.02,0,0,0,0,0,0,0,0,0,0,0.01,0,0,0,0,0,0,0,0,0,0,0,0,0.0338,0.000355,0.0132,0.00202
12061,0,0,0,0.03,0.15,0.4,0.62,0.6,0.24,0.04,0,0,0,0,0,0,0,0,0,0,0,0,0,0,0,0,0,0,0,0,0,0,0,0,0,0,0,0,0,0,0,0,0,0,0,0,0,0,0.000979,0,0.00103,0
12063,0,0,0,0.02,0.26,0.61,0.75,0.67,0.4,0.02,0,0,0,0,0,0,0,0.01,0.01,0,0,0,0,0,0.01,0,0,0,0,0,0,0,0,0,0,0,0,0,0,0,0,0,0,0,0,0,0,0,0.00345,0,0.0126,0.00121
12065,0,0,0,0,0.23,0.53,0.72,0.65,0.34,0.02,0,0,0,0,0,0,0,0.01,0,0,0,0,0,0,0,0,0,0,0,0,0,0,0,0,0,0,0,0,0,0,0,0,0,0,0,0,0,0,0.0084,0.000533,0.00802,0.000349
12067,0,0,0,0.01,0.29,0.59,0.73,0.67,0.42,0.03,0,0,0,0,0,0,0,0,0,0,0,0,0,0,0.01,0,0,0,0,0,0,0,0,0,0,0,0,0,0,0,0,0,0,0,0,0,0,0,0.00447,0,0.00513,0.000107
12069,0,0,0.01,0.05,0.37,0.61,0.76,0.75,0.46,0.06,0,0,0,0,0,0,0,0,0,0,0,0,0,0,0,0,0,0,0,0,0,0,0,0,0,0,0,0,0,0,0,0,0,0,0,0,0,0,0.00585,0,0.00198,0.00000341
12071,0,0,0,0.07,0.42,0.71,0.84,0.86,0.66,0.19,0,0,0,0,0,0,0,0,0,0,0,0,0,0,0,0,0,0,0,0,0,0,0,0,0,0,0,0,0,0,0,0,0,0,0,0,0,0,0,0,0.000654,0
12073,0,0,0,0.01,0.29,0.57,0.76,0.68,0.38,0.02,0,0,0,0,0,0,0,0.01,0,0,0,0,0,0,0.01,0,0,0,0,0,0,0,0,0,0,0,0,0,0,0,0,0,0,0,0,0,0,0,0.0051,0,0.00912,0.000504
12075,0,0,0,0.01,0.27,0.59,0.72,0.64,0.41,0.05,0,0,0,0,0,0,0,0,0,0,0,0,0,0,0,0,0,0,0,0,0,0,0,0,0,0,0,0,0,0,0,0,0,0,0,0,0,0,0.00772,0,0.00302,0.000034
12077,0,0,0,0.01,0.26,0.55,0.71,0.62,0.35,0.03,0,0,0,0,0,0,0,0.01,0,0,0,0,0,0,0,0,0,0,0,0,0,0,0,0,0,0,0,0,0,0,0,0,0,0,0,0,0,0,0.0134,0.0011,0.00916,0.000609
12079,0,0,0,0.01,0.23,0.53,0.73,0.63,0.33,0.02,0,0,0,0,0,0,0,0,0,0,0,0,0,0,0,0,0,0,0,0,0,0,0,0,0,0,0,0,0,0,0,0,0,0,0,0,0,0,0.00349,0.000556,0.00751,0.000262
12081,0,0,0,0.03,0.31,0.66,0.77,0.78,0.6,0.09,0,0,0,0,0,0,0,0,0,0,0,0,0,0,0,0,0,0,0,0,0,0,0,0,0,0,0,0,0,0,0,0,0,0,0,0,0,0,0.000693,0,0.00105,0.000000316
12083,0,0,0,0.06,0.38,0.62,0.76,0.71,0.45,0.06,0,0,0,0,0,0,0,0,0,0,0,0,0,0,0,0,0,0,0,0,0,0,0,0,0,0,0,0,0,0,0,0,0,0,0,0,0,0,0.00904,0,0.00267,0.0000125
12085,0,0,0,0.04,0.18,0.46,0.69,0.73,0.31,0.07,0,0,0,0,0,0,0,0,0,0,0,0,0,0,0,0,0,0,0,0,0,0,0,0,0,0,0,0,0,0,0,0,0,0,0,0,0,0,0,0,0.00074,0
12086,0,0,0,0.07,0.27,0.6,0.81,0.84,0.58,0.12,0,0,0,0,0,0,0,0,0,0,0,0,0,0,0,0,0,0,0,0,0,0,0,0,0,0,0,0,0,0,0,0,0,0,0,0,0,0,0.000179,0,0.000336,0
12087,0,0,0,0.04,0.25,0.62,0.84,0.85,0.64,0.13,0,0,0,0,0,0,0,0,0,0,0,0,0,0,0,0,0,0,0,0,0,0,0,0,0,0,0,0,0,0,0,0,0,0,0,0,0,0,0,0,0.000357,0
12089,0,0,0,0.02,0.21,0.52,0.77,0.63,0.23,0.02,0,0,0,0,0,0,0,0.01,0.01,0,0,0,0,0,0,0,0,0,0,0,0,0,0,0,0,0,0,0,0,0,0,0,0,0,0,0,0,0,0.00852,0,0.00651,0.0000929
12091,0,0,0,0,0.12,0.47,0.66,0.61,0.31,0.02,0,0,0,0,0,0,0,0,0,0,0,0,0,0,0.01,0,0,0,0,0,0,0,0,0,0,0,0,0,0,0,0,0,0,0,0,0,0,0,0.00921,0.00144,0.0117,0.00373
12093,0,0,0,0.06,0.32,0.57,0.78,0.78,0.44,0.09,0,0,0,0,0,0,0,0,0,0,0,0,0,0,0,0,0,0,0,0,0,0,0,0,0,0,0,0,0,0,0,0,0,0,0,0,0,0,0.00423,0,0.000906,0
12095,0,0,0.01,0.06,0.33,0.6,0.79,0.78,0.46,0.07,0,0,0,0,0,0,0,0,0,0,0,0,0,0,0,0,0,0,0,0,0,0,0,0,0,0,0,0,0,0,0,0,0,0,0,0,0,0,0.000423,0,0.00167,0.00000102
12097,0,0,0.01,0.07,0.34,0.61,0.81,0.79,0.49,0.08,0,0,0,0,0,0,0,0,0,0,0,0,0,0,0,0,0,0,0,0,0,0,0,0,0,0,0,0,0,0,0,0,0,0,0,0,0,0,0.00693,0,0.0013,0.000000231
12099,0,0,0.01,0.07,0.27,0.59,0.79,0.82,0.52,0.12,0,0,0,0,0,0,0,0,0,0,0,0,0,0,0,0,0,0,0,0,0,0,0,0,0,0,0,0,0,0,0,0,0,0,0,0,0,0,0,0,0.000601,0
12101,0,0,0,0.03,0.27,0.55,0.66,0.68,0.48,0.08,0,0,0,0,0,0,0,0,0,0,0,0,0,0,0,0,0,0,0,0,0,0,0,0,0,0,0,0,0,0,0,0,0,0,0,0,0,0,0.00142,0,0.00166,0.00000587
12103,0,0,0,0,0.12,0.46,0.64,0.62,0.43,0.07,0,0,0,0,0,0,0,0,0,0,0,0,0,0,0,0,0,0,0,0,0,0,0,0,0,0,0,0,0,0,0,0,0,0,0,0,0,0,0.00011,0,0.00135,0.00000364
12105,0,0,0.01,0.08,0.43,0.68,0.82,0.81,0.6,0.11,0,0,0,0,0,0,0,0,0,0,0,0,0,0,0,0,0,0,0,0,0,0,0,0,0,0,0,0,0,0,0,0,0,0,0,0,0,0,0.00305,0,0.00128,0.0000005
12107,0,0,0,0.04,0.29,0.56,0.73,0.67,0.32,0.03,0,0,0,0,0,0,0,0.01,0,0,0,0,0,0,0,0,0,0,0,0,0,0,0,0,0,0,0,0,0,0,0,0,0,0,0,0,0,0,0.00683,0,0.00336,0.0000145
12109,0,0,0,0.01,0.13,0.41,0.61,0.5,0.16,0.01,0,0,0,0,0,0,0,0.01,0,0,0,0,0,0,0,0,0,0,0,0,0,0,0,0,0,0,0,0,0,0,0,0,0,0,0,0,0,0,0.00119,0,0.00399,0.0000147
12111,0,0,0,0.03,0.16,0.42,0.66,0.66,0.25,0.05,0,0,0,0,0,0,0,0,0,0,0,0,0,0,0,0,0,0,0,0,0,0,0,0,0,0,0,0,0,0,0,0,0,0,0,0,0,0,0,0,0.000863,0
12113,0,0,0,0,0.11,0.48,0.66,0.61,0.31,0.01,0,0,0,0,0,0,0,0,0,0,0,0,0,0,0.01,0,0,0,0,0,0,0,0,0,0,0,0,0,0,0,0,0,0,0,0,0,0,0,0.00339,0.00525,0.0114,0.0055
12115,0,0,0,0.03,0.36,0.72,0.83,0.84,0.65,0.15,0,0,0,0,0,0,0,0,0,0,0,0,0,0,0,0,0,0,0,0,0,0,0,0,0,0,0,0,0,0,0,0,0,0,0,0,0,0,0.000235,0,0.000918,0.0000000817
12117,0,0,0.01,0.06,0.32,0.6,0.79,0.76,0.42,0.06,0,0,0,0,0,0,0,0,0,0,0,0,0,0,0,0,0,0,0,0,0,0,0,0,0,0,0,0,0,0,0,0,0,0,0,0,0,0,0.00257,0,0.00182,0.00000111
12119,0,0,0,0.05,0.38,0.62,0.72,0.74,0.49,0.08,0,0,0,0,0,0,0,0,0,0,0,0,0,0,0,0,0,0,0,0,0,0,0,0,0,0,0,0,0,0,0,0,0,0,0,0,0,0,0.0124,0,0.00199,0.00000605
12121,0,0,0,0.02,0.29,0.59,0.76,0.68,0.39,0.03,0,0,0,0,0,0,0,0.01,0,0,0,0,0,0,0.01,0,0,0,0,0,0,0,0,0,0,0,0,0,0,0,0,0,0,0,0,0,0,0,0.00829,0,0.00572,0.000119
12123,0,0,0,0,0.21,0.56,0.72,0.64,0.36,0.02,0,0,0,0,0,0,0,0,0,0,0,0,0,0,0.01,0,0,0,0,0,0,0,0,0,0,0,0,0,0,0,0,0,0,0,0,0,0,0,0.00301,0,0.0055,0.000157
12125,0,0,0,0.04,0.33,0.61,0.77,0.68,0.37,0.02,0,0,0,0,0,0,0,0.01,0,0,0,0,0,0,0,0,0,0,0,0,0,0,0,0,0,0,0,0,0,0,0,0,0,0,0,0,0,0,0.00645,0,0.00481,0.0000575
12127,0,0,0.01,0.04,0.23,0.52,0.74,0.68,0.29,0.02,0,0,0,0,0,0,0,0,0,0,0,0,0,0,0,0,0,0,0,0,0,0,0,0,0,0,0,0,0,0,0,0,0,0,0,0,0,0,0.000303,0,0.00228,0.00000252
12129,0,0,0,0,0.28,0.57,0.76,0.67,0.38,0.02,0,0,0,0,0,0,0,0.01,0,0,0,0,0,0,0,0,0,0,0,0,0,0,0,0,0,0,0,0,0,0,0,0,0,0,0,0,0,0,0.00845,0,0.00715,0.000344
12131,0,0,0,0,0.13,0.46,0.64,0.6,0.31,0.01,0,0,0,0,0,0,0,0,0,0,0,0,0,0,0.01,0,0,0,0,0,0,0,0,0,0,0,0,0,0,0,0,0,0,0,0,0,0,0,0.028,0.0145,0.0118,0.0022
12133,0,0,0,0.01,0.21,0.57,0.72,0.65,0.35,0.02,0,0,0,0,0,0,0,0,0.01,0,0,0,0,0,0.01,0,0,0,0,0,0,0,0,0,0,0,0,0,0,0,0,0,0,0,0,0,0,0,0.0189,0,0.0119,0.00133
13001,0,0,0,0.02,0.25,0.59,0.83,0.69,0.3,0.02,0,0,0,0,0,0,0,0.01,0.02,0.01,0,0,0,0,0.01,0,0,0,0,0,0,0,0,0,0,0,0,0,0,0,0,0,0,0,0,0,0,0,0.0113,0,0.0123,0.00111
13003,0,0,0,0.01,0.23,0.57,0.81,0.7,0.31,0.02,0,0,0,0,0,0,0,0.01,0,0,0,0,0,0,0.01,0,0,0,0,0,0,0,0,0,0,0,0,0,0,0,0,0,0,0,0,0,0,0,0.0136,0,0.0112,0.00076
13005,0,0,0,0.02,0.24,0.59,0.83,0.69,0.31,0.02,0,0,0,0,0,0,0,0.01,0.01,0.01,0,0,0,0,0.01,0,0,0,0,0,0,0,0,0,0,0,0,0,0,0,0,0,0,0,0,0,0,0,0.00929,0,0.0118,0.000893
13007,0,0,0,0.01,0.2,0.54,0.73,0.64,0.34,0.02,0,0,0,0,0,0,0,0.01,0,0.01,0,0,0,0,0.01,0,0,0,0,0,0,0,0,0,0,0,0,0,0,0,0,0,0,0,0,0,0,0,0.0164,0.000213,0.0143,0.00164
13009,0,0,0,0.01,0.15,0.47,0.72,0.59,0.26,0.01,0,0,0,0,0,0,0,0.01,0.03,0.03,0,0,0,0,0.06,0.01,0,0,0,0,0,0,0,0,0,0.01,0,0,0,0,0,0,0,0,0,0,0,0,0.0869,0.028,0.0141,0.00711
13011,0,0,0,0,0.02,0.23,0.45,0.31,0.11,0.01,0,0,0,0,0,0,0,0,0,0,0,0,0,0,0.1,0.02,0.01,0,0,0,0,0,0,0,0,0.03,0,0,0,0,0,0,0,0,0,0,0,0,0.00914,0.004,0.0112,0.0156
13013,0,0,0,0,0.03,0.25,0.47,0.32,0.1,0.01,0,0,0,0,0,0,0,0,0,0.01,0,0,0,0,0.1,0.02,0.01,0,0,0,0,0,0,0,0,0.03,0,0,0,0,0,0,0,0,0,0,0,0,0.028,0.0156,0.0122,0.0137
13015,0,0,0,0,0.03,0.28,0.49,0.41,0.15,0.01,0,0,0,0,0,0,0,0,0,0.01,0,0,0,0,0.14,0.03,0.01,0,0,0,0,0,0,0,0.01,0.04,0,0,0,0,0,0,0,0,0,0,0,0,0.0209,0.0145,0.0121,0.02
13017,0,0,0,0,0.17,0.51,0.74,0.63,0.26,0.02,0,0,0,0,0,0,0,0,0,0.01,0,0,0,0,0.01,0.01,0,0,0,0,0,0,0,0,0,0,0,0,0,0,0,0,0,0,0,0,0,0,0.0163,0,0.0134,0.00168
13019,0,0,0,0,0.18,0.51,0.75,0.64,0.26,0.02,0,0,0,0,0,0,0,0,0,0,0,0,0,0,0.01,0,0,0,0,0,0,0,0,0,0,0,0,0,0,0,0,0,0,0,0,0,0,0,0.00528,0,0.0118,0.000922
13021,0,0,0,0,0.15,0.49,0.69,0.59,0.26,0.01,0,0,0,0,0,0,0,0.01,0.01,0.02,0,0,0,0,0.05,0.02,0,0,0,0,0,0,0,0,0,0.02,0,0,0,0,0,0,0,0,0,0,0,0,0.0203,0.00182,0.0148,0.00624
13023,0,0,0,0.01,0.18,0.52,0.74,0.62,0.28,0.01,0,0,0,0,0,0,0,0.01,0.01,0.02,0,0,0,0,0.03,0.01,0,0,0,0,0,0,0,0,0,0.01,0,0,0,0,0,0,0,0,0,0,0,0,0.00304,0,0.0146,0.00396
13025,0,0,0,0.04,0.24,0.57,0.82,0.66,0.28,0.02,0,0,0,0,0,0,0,0.01,0.01,0,0,0,0,0,0.01,0,0,0,0,0,0,0,0,0,0,0,0,0,0,0,0,0,0,0,0,0,0,0,0.0226,0,0.00955,0.000338
13027,0,0,0,0,0.18,0.48,0.7,0.6,0.26,0.01,0,0,0,0,0,0,0,0,0,0,0,0,0,0,0.01,0,0,0,0,0,0,0,0,0,0,0,0,0,0,0,0,0,0,0,0,0,0,0,0.00259,0,0.00991,0.000543
13029,0,0,0,0.01,0.18,0.51,0.75,0.61,0.22,0.02,0,0,0,0,0,0,0,0,0.01,0.01,0,0,0,0,0.01,0,0,0,0,0,0,0,0,0,0,0,0,0,0,0,0,0,0,0,0,0,0,0,0.013,0.000516,0.0129,0.00124
13031,0,0,0,0.01,0.22,0.51,0.73,0.6,0.24,0.02,0,0,0,0,0,0,0.01,0.01,0.02,0.01,0,0,0,0,0.01,0,0,0,0,0,0,0,0,0,0,0,0,0,0,0,0,0,0,0,0,0,0,0,0.0497,0,0.014,0.00251
13033,0,0,0,0.01,0.17,0.47,0.7,0.58,0.27,0.02,0,0,0,0,0,0,0,0.01,0.02,0.02,0,0,0,0,0.04,0.01,0,0,0,0,0,0,0,0,0,0.01,0,0,0,0,0,0,0,0,0,0,0,0,0.0173,0,0.0143,0.00562
13035,0,0,0,0,0.1,0.4,0.62,0.5,0.2,0.01,0,0,0,0,0,0,0,0,0.01,0.02,0,0,0,0,0.09,0.02,0.01,0,0,0,0,0,0,0,0,0.02,0,0,0,0,0,0,0,0,0,0,0,0,0.0385,0,0.0142,0.00959
13037,0,0,0,0,0.17,0.5,0.69,0.6,0.32,0.02,0,0,0,0,0,0,0,0,0,0.01,0,0,0,0,0.02,0.01,0,0,0,0,0,0,0,0,0,0.01,0,0,0,0,0,0,0,0,0,0,0,0,0.00341,0,0.0154,0.00215
13039,0,0,0,0.01,0.15,0.47,0.75,0.58,0.18,0.01,0,0,0,0,0,0,0,0,0,0,0,0,0,0,0,0,0,0,0,0,0,0,0,0,0,0,0,0,0,0,0,0,0,0,0,0,0,0,0.0133,0,0.00783,0.00015
13043,0,0,0,0.02,0.22,0.54,0.75,0.62,0.26,0.02,0,0,0,0,0,0,0,0.01,0.02,0.01,0,0,0,0,0.01,0,0,0,0,0,0,0,0,0,0,0,0,0,0,0,0,0,0,0,0,0,0,0,0.0372,0.000122,0.014,0.00274
13045,0,0,0,0,0.03,0.23,0.4,0.33,0.11,0.01,0,0,0,0,0,0,0,0,0,0,0,0,0,0,0.13,0.03,0.01,0,0,0,0,0,0,0,0,0.04,0,0,0,0,0,0,0,0,0,0,0,0,0.00881,0.00671,0.0156,0.015
13047,0,0,0,0,0.03,0.23,0.44,0.37,0.16,0.01,0,0,0,0,0,0,0,0,0,0,0,0,0,0,0.17,0.04,0.01,0,0,0,0,0,0,0,0.01,0.05,0,0,0,0,0,0,0,0,0,0,0,0,0.0206,0.0366,0.00977,0.0286
13049,0,0,0,0.04,0.28,0.62,0.83,0.69,0.33,0.02,0,0,0,0,0,0,0,0.01,0.01,0,0,0,0,0,0,0,0,0,0,0,0,0,0,0,0,0,0,0,0,0,0,0,0,0,0,0,0,0,0.0332,0,0.00756,0.000166
13051,0,0,0,0,0.13,0.43,0.71,0.54,0.18,0.01,0,0,0,0,0,0,0,0,0,0,0,0,0,0,0,0,0,0,0,0,0,0,0,0,0,0,0,0,0,0,0,0,0,0,0,0,0,0,0.0103,0,0.0126,0.00104
13053,0,0,0,0,0.13,0.45,0.69,0.55,0.28,0.01,0,0,0,0,0,0,0,0,0,0.01,0,0,0,0,0.05,0.01,0,0,0,0,0,0,0,0,0,0.01,0,0,0,0,0,0,0,0,0,0,0,0,0.0384,0,0.0175,0.00512
13055,0,0,0,0,0.02,0.24,0.44,0.38,0.15,0.01,0,0,0,0,0,0,0,0,0,0,0,0,0,0,0.16,0.04,0.01,0,0,0,0,0,0,0,0.01,0.05,0,0,0,0,0,0,0,0,0,0,0,0,0.0172,0.087,0.0121,0.0251
13057,0,0,0,0,0.02,0.18,0.37,0.28,0.1,0.01,0,0,0,0,0,0,0,0,0,0,0,0,0,0,0.14,0.04,0.01,0,0,0,0,0,0,0,0.01,0.04,0,0,0,0,0,0,0,0,0,0,0,0,0,0.00904,0.0116,0.0184
13059,0,0,0,0,0.05,0.3,0.52,0.37,0.12,0.01,0,0,0,0,0,0,0,0,0,0.01,0,0,0,0,0.09,0.02,0.01,0,0,0,0,0,0,0,0,0.02,0,0,0,0,0,0,0,0,0,0,0,0,0.0053,0,0.0124,0.0125
13061,0,0,0,0,0.15,0.45,0.66,0.56,0.3,0.02,0,0,0,0,0,0,0,0,0.01,0.01,0,0,0,0,0.02,0.01,0,0,0,0,0,0,0,0,0,0.01,0,0,0,0,0,0,0,0,0,0,0,0,0.0147,0.000206,0.0162,0.00265
13063,0,0,0,0,0.05,0.28,0.49,0.39,0.13,0.01,0,0,0,0,0,0,0,0,0,0.01,0,0,0,0,0.09,0.02,0.01,0,0,0,0,0,0,0,0,0.02,0,0,0,0,0,0,0,0,0,0,0,0,0.0474,0.00946,0.0141,0.0125
13065,0,0,0,0.03,0.27,0.62,0.83,0.71,0.36,0.02,0,0,0,0,0,0,0,0.01,0.01,0,0,0,0,0,0.01,0,0,0,0,0,0,0,0,0,0,0,0,0,0,0,0,0,0,0,0,0,0,0,0.0185,0,0.0089,0.000342
13067,0,0,0,0,0.03,0.23,0.43,0.34,0.12,0.01,0,0,0,0,0,0,0,0,0,0.01,0,0,0,0,0.11,0.03,0.01,0,0,0,0,0,0,0,0,0.03,0,0,0,0,0,0,0,0,0,0,0,0,0.0224,0.00109,0.0129,0.0161
13069,0,0,0,0.01,0.2,0.55,0.79,0.67,0.28,0.02,0,0,0,0,0,0,0,0.01,0.01,0,0,0,0,0,0.01,0.01,0,0,0,0,0,0,0,0,0,0,0,0,0,0,0,0,0,0,0,0,0,0,0.00636,0,0.0123,0.00111
13071,0,0,0,0,0.15,0.46,0.67,0.58,0.23,0.01,0,0,0,0,0,0,0,0,0,0,0,0,0,0,0.01,0,0,0,0,0,0,0,0,0,0,0,0,0,0,0,0,0,0,0,0,0,0,0,0.0137,0,0.0124,0.00106
13073,0,0,0,0,0.13,0.43,0.67,0.53,0.23,0.01,0,0,0,0,0,0,0,0.01,0.01,0.02,0,0,0,0,0.05,0.01,0,0,0,0,0,0,0,0,0,0.01,0,0,0,0,0,0,0,0,0,0,0,0,0.00457,0.005,0.0137,0.0085
13075,0,0,0,0,0.17,0.48,0.71,0.61,0.24,0.01,0,0,0,0,0,0,0,0,0,0,0,0,0,0,0.01,0,0,0,0,0,0,0,0,0,0,0,0,0,0,0,0,0,0,0,0,0,0,0,0.00214,0,0.0115,0.000833
13077,0,0,0,0,0.04,0.28,0.47,0.39,0.14,0.01,0,0,0,0,0,0,0,0,0,0.01,0,0,0,0,0.1,0.02,0.01,0,0,0,0,0,0,0,0,0.02,0,0,0,0,0,0,0,0,0,0,0,0,0.0271,0.0342,0.0156,0.012
13079,0,0,0,0,0.14,0.47,0.64,0.56,0.24,0.01,0,0,0,0,0,0,0,0,0,0.02,0,0,0,0,0.06,0.02,0,0,0,0,0,0,0,0,0,0.02,0,0,0,0,0,0,0,0,0,0,0,0,0.0364,0,0.0154,0.00605
13081,0,0,0,0.01,0.18,0.5,0.7,0.6,0.26,0.02,0,0,0,0,0,0,0,0,0,0.01,0,0,0,0,0.02,0.01,0,0,0,0,0,0,0,0,0,0.01,0,0,0,0,0,0,0,0,0,0,0,0,,,0.0149,0.0026
13083,0,0,0,0,0,0.12,0.25,0.23,0.09,0,0,0,0,0,0,0,0,0,0,0,0,0,0,0,0.19,0.07,0.01,0,0,0,0,0,0,0,0.01,0.07,0,0,0,0,0,0,0,0,0,0,0,0,0.00824,0.00302,0.0108,0.0305
13085,0,0,0,0,0,0.09,0.21,0.15,0.04,0.01,0,0,0,0,0,0,0,0,0,0,0,0,0,0,0.16,0.05,0.02,0,0,0,0,0,0,0,0.01,0.05,0,0,0,0,0,0,0,0,0,0,0,0,0,0.0863,0.0108,0.0188
13087,0,0,0,0.01,0.25,0.58,0.75,0.67,0.37,0.03,0,0,0,0,0,0,0,0.01,0.01,0,0,0,0,0,0.01,0.01,0,0,0,0,0,0,0,0,0,0,0,0,0,0,0,0,0,0,0,0,0,0,0.0187,0,0.0124,0.00103
13089,0,0,0,0,0.04,0.26,0.47,0.36,0.12,0.01,0,0,0,0,0,0,0,0,0,0.01,0,0,0,0,0.1,0.02,0.01,0,0,0,0,0,0,0,0,0.03,0,0,0,0,0,0,0,0,0,0,0,0,0.0155,0.00857,0.0131,0.0136
13091,0,0,0,0.01,0.18,0.51,0.75,0.64,0.28,0.01,0,0,0,0,0,0,0,0.01,0.01,0.02,0,0,0,0,0.02,0.01,0,0,0,0,0,0,0,0,0,0.01,0,0,0,0,0,0,0,0,0,0,0,0,0.0107,0,0.0143,0.00281
13093,0,0,0,0.01,0.17,0.51,0.71,0.6,0.28,0.01,0,0,0,0,0,0,0,0,0,0.02,0,0,0,0,0.03,0.01,0,0,0,0,0,0,0,0,0,0.01,0,0,0,0,0,0,0,0,0,0,0,0,0.0613,0.00468,0.0153,0.00335
13095,0,0,0,0.01,0.19,0.54,0.73,0.64,0.32,0.02,0,0,0,0,0,0,0,0,0,0.01,0,0,0,0,0.01,0,0,0,0,0,0,0,0,0,0,0,0,0,0,0,0,0,0,0,0,0,0,0,0.0144,0,0.0147,0.00195
13097,0,0,0,0,0.03,0.24,0.43,0.34,0.12,0.01,0,0,0,0,0,0,0,0,0,0,0,0,0,0,0.11,0.02,0.01,0,0,0,0,0,0,0,0,0.03,0,0,0,0,0,0,0,0,0,0,0,0,0.0343,0.00599,0.0142,0.0149
13099,0,0,0,0.01,0.19,0.52,0.7,0.62,0.34,0.02,0,0,0,0,0,0,0,0.01,0.01,0.01,0,0,0,0,0.02,0.01,0,0,0,0,0,0,0,0,0,0.01,0,0,0,0,0,0,0,0,0,0,0,0,0.0274,0,0.015,0.00187
13101,0,0,0,0.02,0.25,0.58,0.8,0.68,0.35,0.02,0,0,0,0,0,0,0,0.01,0.01,0,0,0,0,0,0,0,0,0,0,0,0,0,0,0,0,0,0,0,0,0,0,0,0,0,0,0,0,0,0.0133,0,0.00808,0.00027
13103,0,0,0,0.01,0.19,0.48,0.71,0.58,0.21,0.02,0,0,0,0,0,0,0.01,0.01,0.01,0,0,0,0,0,0.01,0,0,0,0,0,0,0,0,0,0,0,0,0,0,0,0,0,0,0,0,0,0,0,0.0136,0,0.014,0.00219
13105,0,0,0,0,0.05,0.31,0.55,0.42,0.17,0.01,0,0,0,0,0,0,0,0,0,0.01,0,0,0,0,0.09,0.02,0.01,0,0,0,0,0,0,0,0,0.02,0,0,0,0,0,0,0,0,0,0,0,0,0.00519,0.00277,0.0122,0.0125
13107,0,0,0,0.01,0.2,0.51,0.74,0.61,0.26,0.02,0,0,0,0,0,0,0,0.01,0.02,0.01,0,0,0,0,0.02,0.01,0,0,0,0,0,0,0,0,0,0.01,0,0,0,0,0,0,0,0,0,0,0,0,0.0174,0.0000633,0.0142,0.00366
13109,0,0,0,0.02,0.25,0.56,0.8,0.66,0.28,0.02,0,0,0,0,0,0,0.01,0.01,0.02,0.01,0,0,0,0,0.01,0,0,0,0,0,0,0,0,0,0,0,0,0,0,0,0,0,0,0,0,0,0,0,0.0414,0,0.0134,0.00182
13111,0,0,0,0,0,0.02,0.05,0.06,0.01,0,0,0,0,0,0,0,0,0,0,0,0,0,0,0,0.24,0.14,0.03,0,0,0,0,0,0,0,0.02,0.11,0,0,0,0,0,0,0,0,0,0,0,0,0,0.0155,0.00927,0.0234
13113,0,0,0,0,0.05,0.29,0.49,0.4,0.14,0.01,0,0,0,0,0,0,0,0,0,0.01,0,0,0,0,0.09,0.02,0.01,0,0,0,0,0,0,0,0,0.02,0,0,0,0,0,0,0,0,0,0,0,0,0.0538,0.00505,0.0147,0.0117
13115,0,0,0,0,0.04,0.31,0.52,0.45,0.18,0.01,0,0,0,0,0,0,0,0,0.01,0.01,0,0,0,0,0.14,0.03,0.01,0,0,0,0,0,0,0,0,0.04,0,0,0,0,0,0,0,0,0,0,0,0,0.0215,0.00895,0.0127,0.0221
13117,0,0,0,0,0.01,0.16,0.34,0.24,0.07,0.01,0,0,0,0,0,0,0,0,0,0,0,0,0,0,0.13,0.03,0.01,0,0,0,0,0,0,0,0,0.03,0,0,0,0,0,0,0,0,0,0,0,0,0,0,0.0115,0.0168
13119,0,0,0,0,0.02,0.26,0.48,0.36,0.13,0.01,0,0,0,0,0,0,0,0,0,0,0,0,0,0,0.1,0.03,0.01,0,0,0,0,0,0,0,0,0.03,0,0,0,0,0,0,0,0,0,0,0,0,0.0175,0,0.0113,0.015
13121,0,0,0,0,0.03,0.23,0.43,0.34,0.12,0.01,0,0,0,0,0,0,0,0,0,0.01,0,0,0,0,0.11,0.02,0.01,0,0,0,0,0,0,0,0,0.03,0,0,0,0,0,0,0,0,0,0,0,0,0.0148,0.00532,0.0133,0.0145
13123,0,0,0,0,0,0.03,0.09,0.09,0.02,0,0,0,0,0,0,0,0,0,0,0,0,0,0,0,0.21,0.1,0.02,0,0,0,0,0,0,0,0.01,0.08,0,0,0,0,0,0,0,0,0,0,0,0,0,0.00745,0.00991,0.0224
13125,0,0,0,0,0.13,0.41,0.66,0.52,0.22,0.01,0,0,0,0,0,0,0,0.01,0.01,0.02,0,0,0,0,0.05,0.02,0,0,0,0,0,0,0,0,0,0.02,0,0,0,0,0,0,0,0,0,0,0,0,0.025,0,0.0139,0.00721
13127,0,0,0,0.01,0.15,0.47,0.76,0.57,0.17,0.01,0,0,0,0,0,0,0,0,0,0,0,0,0,0,0,0,0,0,0,0,0,0,0,0,0,0,0,0,0,0,0,0,0,0,0,0,0,0,0.00794,0,0.00922,0.000246
13129,0,0,0,0,0.03,0.28,0.5,0.41,0.16,0.01,0,0,0,0,0,0,0,0,0.01,0.01,0,0,0,0,0.16,0.04,0.01,0,0,0,0,0,0,0,0.01,0.05,0,0,0,0,0,0,0,0,0,0,0,0,0.0231,0.0906,0.011,0.0228
13131,0,0,0,0.01,0.22,0.53,0.7,0.63,0.32,0.02,0,0,0,0,0,0,0,0.01,0,0,0,0,0,0,0.01,0,0,0,0,0,0,0,0,0,0,0,0,0,0,0,0,0,0,0,0,0,0,0,0.0106,0,0.0117,0.000878
13133,0,0,0,0,0.11,0.39,0.63,0.48,0.19,0.01,0,0,0,0,0,0,0,0.01,0.02,0.02,0,0,0,0,0.08,0.02,0,0,0,0,0,0,0,0,0,0.03,0,0,0,0,0,0,0,0,0,0,0,0,0.0229,0.00311,0.0132,0.00994
13135,0,0,0,0,0.02,0.22,0.42,0.3,0.1,0.01,0,0,0,0,0,0,0,0,0,0.01,0,0,0,0,0.11,0.03,0.01,0,0,0,0,0,0,0,0,0.03,0,0,0,0,0,0,0,0,0,0,0,0,0.00703,0.0121,0.0123,0.0144
13137,0,0,0,0,0.01,0.1,0.24,0.15,0.03,0,0,0,0,0,0,0,0,0,0,0,0,0,0,0,0.13,0.03,0.01,0,0,0,0,0,0,0,0,0.04,0,0,0,0,0,0,0,0,0,0,0,0,0.000322,0.00597,0.0104,0.018
13139,0,0,0,0,0.01,0.17,0.35,0.24,0.07,0.01,0,0,0,0,0,0,0,0,0,0,0,0,0,0,0.12,0.03,0.01,0,0,0,0,0,0,0,0,0.03,0,0,0,0,0,0,0,0,0,0,0,0,0.00448,0.0125,0.0112,0.0164
13141,0,0,0,0,0.13,0.42,0.67,0.52,0.22,0.01,0,0,0,0,0,0,0,0.01,0.02,0.02,0,0,0,0,0.07,0.02,0,0,0,0,0,0,0,0,0,0.02,0,0,0,0,0,0,0,0,0,0,0,0,0.0923,0.00156,0.0138,0.00796
13143,0,0,0,0,0.02,0.2,0.35,0.3,0.11,0.01,0,0,0,0,0,0,0,0,0,0,0,0,0,0,0.15,0.04,0.01,0,0,0,0,0,0,0,0,0.05,0,0,0,0,0,0,0,0,0,0,0,0,0.00685,0.00526,0.015,0.0176
13145,0,0,0,0,0.08,0.34,0.56,0.45,0.17,0.01,0,0,0,0,0,0,0,0,0,0.01,0,0,0,0,0.06,0.02,0.01,0,0,0,0,0,0,0,0,0.01,0,0,0,0,0,0,0,0,0,0,0,0,0.0117,0.00329,0.0176,0.0076
13147,0,0,0,0,0.04,0.27,0.5,0.37,0.14,0.01,0,0,0,0,0,0,0,0,0,0,0,0,0,0,0.1,0.02,0,0,0,0,0,0,0,0,0,0.03,0,0,0,0,0,0,0,0,0,0,0,0,0.00533,0.00339,0.0116,0.0142
13149,0,0,0,0,0.04,0.29,0.49,0.4,0.14,0.01,0,0,0,0,0,0,0,0,0,0.01,0,0,0,0,0.11,0.02,0.01,0,0,0,0,0,0,0,0,0.03,0,0,0,0,0,0,0,0,0,0,0,0,0.0224,0.00227,0.0169,0.0126
13151,0,0,0,0,0.07,0.34,0.55,0.43,0.15,0.01,0,0,0,0,0,0,0,0,0,0.01,0,0,0,0,0.09,0.02,0.01,0,0,0,0,0,0,0,0,0.02,0,0,0,0,0,0,0,0,0,0,0,0,0.0485,0,0.014,0.0111
13153,0,0,0,0,0.18,0.52,0.7,0.62,0.29,0.01,0,0,0,0,0,0,0,0.01,0.01,0.02,0,0,0,0,0.04,0.01,0,0,0,0,0,0,0,0,0,0.01,0,0,0,0,0,0,0,0,0,0,0,0,0.0266,0,0.0151,0.0044
13155,0,0,0,0,0.17,0.49,0.73,0.62,0.25,0.02,0,0,0,0,0,0,0,0,0,0,0,0,0,0,0.01,0.01,0,0,0,0,0,0,0,0,0,0,0,0,0,0,0,0,0,0,0,0,0,0,0.0068,0.000113,0.0132,0.00149
13157,0,0,0,0,0.03,0.25,0.46,0.32,0.11,0.01,0,0,0,0,0,0,0,0,0,0,0,0,0,0,0.09,0.02,0.01,0,0,0,0,0,0,0,0,0.03,0,0,0,0,0,0,0,0,0,0,0,0,0.00721,0.0183,0.0118,0.0142
13159,0,0,0,0,0.1,0.43,0.64,0.52,0.22,0.01,0,0,0,0,0,0,0,0.01,0.01,0.02,0,0,0,0,0.09,0.02,0.01,0,0,0,0,0,0,0,0,0.03,0,0,0,0,0,0,0,0,0,0,0,0,0.026,0.000318,0.0139,0.00928
13161,0,0,0,0.01,0.2,0.57,0.81,0.66,0.29,0.02,0,0,0,0,0,0,0,0.01,0.01,0.01,0,0,0,0,0.01,0.01,0,0,0,0,0,0,0,0,0,0,0,0,0,0,0,0,0,0,0,0,0,0,0.0037,0,0.0129,0.00147
13163,0,0,0,0.01,0.15,0.46,0.69,0.56,0.25,0.01,0,0,0,0,0,0,0,0.01,0.01,0.02,0,0,0,0,0.04,0.01,0,0,0,0,0,0,0,0,0,0.01,0,0,0,0,0,0,0,0,0,0,0,0,0.0149,0.000121,0.0141,0.00608
13165,0,0,0,0.01,0.19,0.5,0.71,0.59,0.27,0.02,0,0,0,0,0,0,0,0.01,0.02,0.01,0,0,0,0,0.03,0.01,0,0,0,0,0,0,0,0,0,0.01,0,0,0,0,0,0,0,0,0,0,0,0,0.0355,0.000442,0.0143,0.00428
13167,0,0,0,0.01,0.18,0.49,0.74,0.59,0.26,0.01,0,0,0,0,0,0,0,0.01,0.02,0.02,0,0,0,0,0.03,0.01,0,0,0,0,0,0,0,0,0,0.01,0,0,0,0,0,0,0,0,0,0,0,0,0.0404,0.000898,0.0142,0.00449
13169,0,0,0,0,0.14,0.46,0.68,0.56,0.25,0.01,0,0,0,0,0,0,0,0.01,0.01,0.02,0,0,0,0,0.07,0.02,0,0,0,0,0,0,0,0,0,0.02,0,0,0,0,0,0,0,0,0,0,0,0,0.0368,0.00371,0.0143,0.00729
13171,0,0,0,0,0.09,0.37,0.55,0.45,0.18,0.01,0,0,0,0,0,0,0,0,0,0.01,0,0,0,0,0.08,0.02,0.01,0,0,0,0,0,0,0,0,0.02,0,0,0,0,0,0,0,0,0,0,0,0,0.031,0.0166,0.015,0.00854
13173,0,0,0,0.01,0.22,0.55,0.79,0.66,0.31,0.02,0,0,0,0,0,0,0,0.01,0,0,0,0,0,0,0.01,0,0,0,0,0,0,0,0,0,0,0,0,0,0,0,0,0,0,0,0,0,0,0,0.000749,0,0.0102,0.000548
13175,0,0,0,0.01,0.19,0.51,0.77,0.63,0.29,0.01,0,0,0,0,0,0,0,0.01,0.02,0.02,0,0,0,0,0.02,0.01,0,0,0,0,0,0,0,0,0,0.01,0,0,0,0,0,0,0,0,0,0,0,0,0.0425,0,0.0142,0.0034
13177,0,0,0,0,0.18,0.51,0.71,0.61,0.3,0.02,0,0,0,0,0,0,0,0,0,0.01,0,0,0,0,0.02,0.01,0,0,0,0,0,0,0,0,0,0.01,0,0,0,0,0,0,0,0,0,0,0,0,0.0221,0,0.0154,0.00261
13179,0,0,0,0.02,0.19,0.52,0.78,0.62,0.23,0.01,0,0,0,0,0,0,0,0,0.01,0.01,0,0,0,0,0,0,0,0,0,0,0,0,0,0,0,0,0,0,0,0,0,0,0,0,0,0,0,0,0.00922,0,0.012,0.00082
13181,0,0,0,0,0.11,0.38,0.64,0.51,0.22,0.01,0,0,0,0,0,0,0,0,0.01,0.02,0,0,0,0,0.06,0.02,0,0,0,0,0,0,0,0,0,0.02,0,0,0,0,0,0,0,0,0,0,0,0,0.0102,0.00259,0.0131,0.01
13183,0,0,0,0.03,0.24,0.57,0.83,0.67,0.28,0.02,0,0,0,0,0,0,0,0.01,0.02,0.01,0,0,0,0,0,0,0,0,0,0,0,0,0,0,0,0,0,0,0,0,0,0,0,0,0,0,0,0,0.0121,0.000225,0.0119,0.000843
13185,0,0,0,0.01,0.2,0.51,0.74,0.62,0.27,0.02,0,0,0,0,0,0,0,0.01,0,0,0,0,0,0,0,0,0,0,0,0,0,0,0,0,0,0,0,0,0,0,0,0,0,0,0,0,0,0,0.00188,0,0.00935,0.000445
13187,0,0,0,0,0,0.06,0.15,0.11,0.02,0,0,0,0,0,0,0,0,0,0,0,0,0,0,0,0.18,0.07,0.02,0,0,0,0,0,0,0,0.01,0.06,0,0,0,0,0,0,0,0,0,0,0,0,0,0.083,0.0103,0.0192
13189,0,0,0,0,0.11,0.39,0.62,0.49,0.22,0.01,0,0,0,0,0,0,0,0,0.01,0.02,0,0,0,0,0.05,0.02,0,0,0,0,0,0,0,0,0,0.02,0,0,0,0,0,0,0,0,0,0,0,0,0.0244,0.000202,0.0137,0.0084
13191,0,0,0,0.01,0.15,0.48,0.76,0.57,0.18,0.01,0,0,0,0,0,0,0,0,0.01,0,0,0,0,0,0,0,0,0,0,0,0,0,0,0,0,0,0,0,0,0,0,0,0,0,0,0,0,0,0.0194,0,0.0105,0.000409
13193,0,0,0,0,0.16,0.5,0.68,0.57,0.27,0.01,0,0,0,0,0,0,0,0,0,0.01,0,0,0,0,0.04,0.01,0,0,0,0,0,0,0,0,0,0.01,0,0,0,0,0,0,0,0,0,0,0,0,0.0593,0.000445,0.0158,0.00439
13195,0,0,0,0,0.03,0.27,0.48,0.35,0.13,0.01,0,0,0,0,0,0,0,0,0,0.01,0,0,0,0,0.1,0.02,0.01,0,0,0,0,0,0,0,0,0.03,0,0,0,0,0,0,0,0,0,0,0,0,0.0186,0.00441,0.012,0.0133
13197,0,0,0,0,0.11,0.42,0.6,0.5,0.22,0.01,0,0,0,0,0,0,0,0,0,0.01,0,0,0,0,0.05,0.02,0,0,0,0,0,0,0,0,0,0.01,0,0,0,0,0,0,0,0,0,0,0,0,0.13,0,0.0169,0.00485
13199,0,0,0,0,0.06,0.3,0.49,0.4,0.14,0.01,0,0,0,0,0,0,0,0,0,0.01,0,0,0,0,0.08,0.02,0.01,0,0,0,0,0,0,0,0,0.02,0,0,0,0,0,0,0,0,0,0,0,0,0.0351,0.0117,0.0163,0.00923
13201,0,0,0,0.01,0.22,0.56,0.73,0.66,0.35,0.02,0,0,0,0,0,0,0,0.01,0.01,0.01,0,0,0,0,0.01,0.01,0,0,0,0,0,0,0,0,0,0,0,0,0,0,0,0,0,0,0,0,0,0,0.0178,0,0.014,0.00149
13205,0,0,0,0.01,0.19,0.52,0.71,0.62,0.3,0.02,0,0,0,0,0,0,0,0.01,0,0,0,0,0,0,0.01,0,0,0,0,0,0,0,0,0,0,0,0,0,0,0,0,0,0,0,0,0,0,0,0.0384,0.000941,0.0135,0.00135
13207,0,0,0,0,0.12,0.43,0.63,0.54,0.23,0.01,0,0,0,0,0,0,0,0,0.01,0.02,0,0,0,0,0.08,0.02,0.01,0,0,0,0,0,0,0,0,0.02,0,0,0,0,0,0,0,0,0,0,0,0,0.0309,0,0.0148,0.00781
13209,0,0,0,0.01,0.22,0.56,0.79,0.66,0.29,0.02,0,0,0,0,0,0,0,0.01,0.02,0.01,0,0,0,0,0.01,0.01,0,0,0,0,0,0,0,0,0,0,0,0,0,0,0,0,0,0,0,0,0,0,0.0281,0,0.0137,0.00231
13211,0,0,0,0,0.1,0.38,0.61,0.47,0.18,0.01,0,0,0,0,0,0,0,0,0.01,0.02,0,0,0,0,0.09,0.02,0.01,0,0,0,0,0,0,0,0,0.03,0,0,0,0,0,0,0,0,0,0,0,0,0.0162,0,0.0132,0.0107
13213,0,0,0,0,0.02,0.17,0.38,0.3,0.11,0.01,0,0,0,0,0,0,0,0,0,0,0,0,0,0,0.18,0.05,0.01,0,0,0,0,0,0,0,0.01,0.06,0,0,0,0,0,0,0,0,0,0,0,0,0.00157,0.0236,0.00966,0.025
13215,0,0,0,0,0.12,0.44,0.68,0.54,0.27,0.01,0,0,0,0,0,0,0,0,0,0.01,0,0,0,0,0.05,0.01,0,0,0,0,0,0,0,0,0,0.01,0,0,0,0,0,0,0,0,0,0,0,0,0.0814,0.000864,0.0177,0.00613
13217,0,0,0,0,0.08,0.35,0.58,0.45,0.17,0.01,0,0,0,0,0,0,0,0,0.01,0.01,0,0,0,0,0.1,0.02,0.01,0,0,0,0,0,0,0,0,0.03,0,0,0,0,0,0,0,0,0,0,0,0,0.0316,0,0.0134,0.0111
13219,0,0,0,0,0.07,0.33,0.56,0.4,0.14,0.01,0,0,0,0,0,0,0,0,0,0.01,0,0,0,0,0.09,0.02,0.01,0,0,0,0,0,0,0,0,0.02,0,0,0,0,0,0,0,0,0,0,0,0,0.00902,0,0.0126,0.012
13221,0,0,0,0,0.08,0.34,0.56,0.43,0.16,0.01,0,0,0,0,0,0,0,0,0.01,0.01,0,0,0,0,0.09,0.02,0.01,0,0,0,0,0,0,0,0,0.03,0,0,0,0,0,0,0,0,0,0,0,0,0.0276,0,0.0127,0.0114
13223,0,0,0,0,0.03,0.23,0.43,0.34,0.12,0.01,0,0,0,0,0,0,0,0,0,0,0,0,0,0,0.13,0.03,0.01,0,0,0,0,0,0,0,0,0.04,0,0,0,0,0,0,0,0,0,0,0,0,0.022,0,0.0135,0.0172
13225,0,0,0,0,0.15,0.5,0.66,0.57,0.26,0.01,0,0,0,0,0,0,0,0.01,0,0.02,0,0,0,0,0.04,0.02,0,0,0,0,0,0,0,0,0,0.01,0,0,0,0,0,0,0,0,0,0,0,0,0.0327,0.0137,0.0153,0.00513
13227,0,0,0,0,0,0.1,0.22,0.17,0.05,0.01,0,0,0,0,0,0,0,0,0,0,0,0,0,0,0.16,0.05,0.02,0,0,0,0,0,0,0,0.01,0.05,0,0,0,0,0,0,0,0,0,0,0,0,0,0.0166,0.0108,0.0203
13229,0,0,0,0.03,0.26,0.61,0.84,0.7,0.32,0.02,0,0,0,0,0,0,0,0.02,0.01,0.01,0,0,0,0,0.01,0,0,0,0,0,0,0,0,0,0,0,0,0,0,0,0,0,0,0,0,0,0,0,0.0115,0,0.0106,0.000538
13231,0,0,0,0,0.07,0.33,0.51,0.43,0.16,0.01,0,0,0,0,0,0,0,0,0,0.01,0,0,0,0,0.08,0.02,0.01,0,0,0,0,0,0,0,0,0.02,0,0,0,0,0,0,0,0,0,0,0,0,0.0453,0.00831,0.0155,0.00904
13233,0,0,0,0,0.03,0.27,0.47,0.41,0.16,0.01,0,0,0,0,0,0,0,0,0,0.01,0,0,0,0,0.14,0.03,0.01,0,0,0,0,0,0,0,0,0.04,0,0,0,0,0,0,0,0,0,0,0,0,0.00917,0.0199,0.014,0.0193
13235,0,0,0,0.01,0.19,0.53,0.75,0.64,0.31,0.02,0,0,0,0,0,0,0,0.01,0.01,0.02,0,0,0,0,0.02,0.01,0,0,0,0,0,0,0,0,0,0.01,0,0,0,0,0,0,0,0,0,0,0,0,0.0311,0.00626,0.0148,0.00334
13237,0,0,0,0,0.12,0.43,0.67,0.54,0.23,0.01,0,0,0,0,0,0,0,0.01,0.02,0.02,0,0,0,0,0.07,0.02,0,0,0,0,0,0,0,0,0,0.02,0,0,0,0,0,0,0,0,0,0,0,0,0.0647,0.00103,0.0137,0.00879
13239,0,0,0,0,0.14,0.45,0.68,0.55,0.3,0.01,0,0,0,0,0,0,0,0,0.01,0.01,0,0,0,0,0.03,0.01,0,0,0,0,0,0,0,0,0,0.01,0,0,0,0,0,0,0,0,0,0,0,0,0.0452,0.00208,0.017,0.00342
13241,0,0,0,0,0,0.03,0.06,0.05,0,0,0,0,0,0,0,0,0,0,0,0,0,0,0,0,0.19,0.08,0.02,0,0,0,0,0,0,0,0.01,0.08,0,0,0,0,0,0,0,0,0,0,0,0,0,0.0129,0.00969,0.0199
13243,0,0,0,0,0.15,0.44,0.66,0.54,0.28,0.01,0,0,0,0,0,0,0,0,0,0.01,0,0,0,0,0.03,0.01,0,0,0,0,0,0,0,0,0,0.01,0,0,0,0,0,0,0,0,0,0,0,0,0.0147,0.00105,0.0164,0.00287
13245,0,0,0,0.01,0.15,0.48,0.7,0.57,0.26,0.01,0,0,0,0,0,0,0,0.01,0.02,0.02,0,0,0,0,0.04,0.01,0,0,0,0,0,0,0,0,0,0.01,0,0,0,0,0,0,0,0,0,0,0,0,0.00323,0,0.014,0.00729
13247,0,0,0,0,0.06,0.3,0.54,0.42,0.14,0.01,0,0,0,0,0,0,0,0,0,0.01,0,0,0,0,0.1,0.02,0.01,0,0,0,0,0,0,0,0,0.02,0,0,0,0,0,0,0,0,0,0,0,0,0.0231,0.00212,0.0133,0.0121
13249,0,0,0,0,0.13,0.45,0.62,0.53,0.23,0.01,0,0,0,0,0,0,0,0,0,0.01,0,0,0,0,0.05,0.01,0,0,0,0,0,0,0,0,0,0.01,0,0,0,0,0,0,0,0,0,0,0,0,0.0488,0,0.0164,0.00423
13251,0,0,0,0.02,0.19,0.5,0.71,0.57,0.24,0.02,0,0,0,0,0,0,0,0.01,0.02,0.01,0,0,0,0,0.03,0.01,0,0,0,0,0,0,0,0,0,0.01,0,0,0,0,0,0,0,0,0,0,0,0,0.0466,0,0.0145,0.00378
13253,0,0,0,0.01,0.25,0.6,0.75,0.68,0.39,0.03,0,0,0,0,0,0,0,0.01,0.01,0,0,0,0,0,0.01,0.01,0,0,0,0,0,0,0,0,0,0,0,0,0,0,0,0,0,0,0,0,0,0,0.0154,0.00225,0.0131,0.00121
13255,0,0,0,0,0.08,0.34,0.53,0.43,0.15,0.01,0,0,0,0,0,0,0,0,0,0.01,0,0,0,0,0.08,0.02,0.01,0,0,0,0,0,0,0,0,0.02,0,0,0,0,0,0,0,0,0,0,0,0,0.0168,0.0032,0.0148,0.0101
13257,0,0,0,0,0.02,0.23,0.45,0.31,0.11,0.01,0,0,0,0,0,0,0,0,0,0,0,0,0,0,0.1,0.03,0.01,0,0,0,0,0,0,0,0,0.03,0,0,0,0,0,0,0,0,0,0,0,0,0.00629,0.00452,0.0108,0.0166
13259,0,0,0,0,0.14,0.45,0.68,0.55,0.29,0.01,0,0,0,0,0,0,0,0,0,0.01,0,0,0,0,0.04,0.01,0,0,0,0,0,0,0,0,0,0.01,0,0,0,0,0,0,0,0,0,0,0,0,0.0337,0,0.0172,0.00399
13261,0,0,0,0,0.15,0.48,0.66,0.56,0.26,0.01,0,0,0,0,0,0,0,0,0.01,0.01,0,0,0,0,0.03,0.01,0,0,0,0,0,0,0,0,0,0.01,0,0,0,0,0,0,0,0,0,0,0,0,0.0191,0.00379,0.0159,0.00332
13263,0,0,0,0,0.1,0.37,0.57,0.48,0.19,0.01,0,0,0,0,0,0,0,0,0,0.01,0,0,0,0,0.06,0.02,0.01,0,0,0,0,0,0,0,0,0.02,0,0,0,0,0,0,0,0,0,0,0,0,0.046,0,0.0167,0.00679
13265,0,0,0,0,0.1,0.37,0.61,0.47,0.2,0.01,0,0,0,0,0,0,0,0,0.01,0.02,0,0,0,0,0.08,0.02,0,0,0,0,0,0,0,0,0,0.02,0,0,0,0,0,0,0,0,0,0,0,0,0.0774,0.00245,0.0134,0.00938
13267,0,0,0,0.02,0.25,0.58,0.82,0.68,0.29,0.02,0,0,0,0,0,0,0.01,0.01,0.03,0.01,0,0,0,0,0.01,0,0,0,0,0,0,0,0,0,0,0,0,0,0,0,0,0,0,0,0,0,0,0,0.0301,0,0.0132,0.00162
13269,0,0,0,0,0.12,0.44,0.62,0.53,0.23,0.01,0,0,0,0,0,0,0,0,0.01,0.02,0,0,0,0,0.06,0.02,0,0,0,0,0,0,0,0,0,0.02,0,0,0,0,0,0,0,0,0,0,0,0,0.0509,0.000879,0.0162,0.00553
13271,0,0,0,0.01,0.19,0.55,0.78,0.67,0.29,0.02,0,0,0,0,0,0,0,0,0.01,0.01,0,0,0,0,0.01,0,0,0,0,0,0,0,0,0,0,0,0,0,0,0,0,0,0,0,0,0,0,0,0.0076,0,0.0136,0.00192
13273,0,0,0,0,0.17,0.48,0.68,0.57,0.3,0.02,0,0,0,0,0,0,0,0,0,0.01,0,0,0,0,0.02,0.01,0,0,0,0,0,0,0,0,0,0.01,0,0,0,0,0,0,0,0,0,0,0,0,0.0313,0,0.0159,0.0027
13275,0,0,0,0,0.19,0.48,0.69,0.6,0.28,0.01,0,0,0,0,0,0,0,0.01,0,0,0,0,0,0,0.01,0,0,0,0,0,0,0,0,0,0,0,0,0,0,0,0,0,0,0,0,0,0,0,0.00376,0,0.0109,0.000719
13277,0,0,0,0,0.16,0.46,0.68,0.59,0.22,0.01,0,0,0,0,0,0,0,0,0,0,0,0,0,0,0.01,0.01,0,0,0,0,0,0,0,0,0,0,0,0,0,0,0,0,0,0,0,0,0,0,0.0112,0,0.0131,0.00138
13279,0,0,0,0.01,0.23,0.58,0.81,0.67,0.3,0.02,0,0,0,0,0,0,0,0.01,0.02,0.01,0,0,0,0,0.01,0,0,0,0,0,0,0,0,0,0,0,0,0,0,0,0,0,0,0,0,0,0,0,0.0148,0,0.0135,0.002
13281,0,0,0,0,0,0.01,0.03,0.03,0,0,0,0,0,0,0,0,0,0,0,0,0,0,0,0,0.22,0.12,0.03,0,0,0,0,0,0,0,0.02,0.1,0,0,0,0,0,0,0,0,0,0,0,0,0,0.0294,0.00939,0.0212
13283,0,0,0,0.01,0.21,0.53,0.77,0.63,0.27,0.01,0,0,0,0,0,0,0,0.01,0.02,0.01,0,0,0,0,0.02,0.01,0,0,0,0,0,0,0,0,0,0.01,0,0,0,0,0,0,0,0,0,0,0,0,0.0536,0.0000467,0.014,0.00315
13285,0,0,0,0,0.06,0.33,0.54,0.43,0.15,0.01,0,0,0,0,0,0,0,0,0,0.01,0,0,0,0,0.09,0.02,0.01,0,0,0,0,0,0,0,0,0.02,0,0,0,0,0,0,0,0,0,0,0,0,0.0302,0.0028,0.0173,0.0101
13287,0,0,0,0,0.16,0.48,0.69,0.58,0.23,0.02,0,0,0,0,0,0,0,0,0,0.01,0,0,0,0,0.02,0.01,0,0,0,0,0,0,0,0,0,0.01,0,0,0,0,0,0,0,0,0,0,0,0,0.0148,0.000826,0.0142,0.002
13289,0,0,0,0,0.16,0.5,0.71,0.59,0.27,0.01,0,0,0,0,0,0,0,0.01,0.01,0.02,0,0,0,0,0.04,0.01,0,0,0,0,0,0,0,0,0,0.01,0,0,0,0,0,0,0,0,0,0,0,0,0.0672,0.00299,0.0146,0.00514
13291,0,0,0,0,0,0.01,0.03,0.04,0,0,0,0,0,0,0,0,0,0,0,0,0,0,0,0,0.23,0.13,0.03,0,0,0,0,0,0,0,0.02,0.1,0,0,0,0,0,0,0,0,0,0,0,0,0,0.00714,0.00946,0.0215
13293,0,0,0,0,0.1,0.36,0.57,0.48,0.19,0.01,0,0,0,0,0,0,0,0,0,0.01,0,0,0,0,0.07,0.02,0.01,0,0,0,0,0,0,0,0,0.02,0,0,0,0,0,0,0,0,0,0,0,0,0.0284,0.00561,0.0158,0.00755
13295,0,0,0,0,0.01,0.17,0.36,0.3,0.12,0.01,0,0,0,0,0,0,0,0,0,0,0,0,0,0,0.18,0.05,0.01,0,0,0,0,0,0,0,0.01,0.06,0,0,0,0,0,0,0,0,0,0,0,0,0.0209,0.0191,0.0108,0.0278
13297,0,0,0,0,0.05,0.28,0.52,0.38,0.13,0.01,0,0,0,0,0,0,0,0,0,0.01,0,0,0,0,0.1,0.02,0.01,0,0,0,0,0,0,0,0,0.03,0,0,0,0,0,0,0,0,0,0,0,0,0.0406,0.0189,0.0128,0.0123
13299,0,0,0,0.04,0.27,0.63,0.85,0.72,0.34,0.02,0,0,0,0,0,0,0,0.02,0.01,0,0,0,0,0,0.01,0,0,0,0,0,0,0,0,0,0,0,0,0,0,0,0,0,0,0,0,0,0,0,0.00738,0,0.00925,0.000355
13301,0,0,0,0,0.11,0.38,0.62,0.49,0.21,0.01,0,0,0,0,0,0,0,0.01,0.01,0.02,0,0,0,0,0.06,0.02,0,0,0,0,0,0,0,0,0,0.02,0,0,0,0,0,0,0,0,0,0,0,0,0.0117,0,0.0137,0.00827
13303,0,0,0,0.01,0.15,0.46,0.71,0.56,0.25,0.01,0,0,0,0,0,0,0,0.01,0.02,0.02,0,0,0,0,0.05,0.01,0,0,0,0,0,0,0,0,0,0.01,0,0,0,0,0,0,0,0,0,0,0,0,0.0309,0.000529,0.0141,0.00607
13305,0,0,0,0.03,0.24,0.57,0.84,0.66,0.28,0.02,0,0,0,0,0,0,0,0.01,0.01,0,0,0,0,0,0.01,0,0,0,0,0,0,0,0,0,0,0,0,0,0,0,0,0,0,0,0,0,0,0,0.0113,0,0.0112,0.000639
13307,0,0,0,0,0.14,0.45,0.65,0.53,0.26,0.01,0,0,0,0,0,0,0,0,0,0.01,0,0,0,0,0.04,0.01,0,0,0,0,0,0,0,0,0,0.01,0,0,0,0,0,0,0,0,0,0,0,0,0.0167,0,0.0167,0.00362
13309,0,0,0,0.01,0.22,0.56,0.79,0.67,0.31,0.02,0,0,0,0,0,0,0,0.01,0.02,0.01,0,0,0,0,0.01,0.01,0,0,0,0,0,0,0,0,0,0.01,0,0,0,0,0,0,0,0,0,0,0,0,0.0069,0,0.0137,0.00226
13311,0,0,0,0,0,0.07,0.17,0.12,0.02,0,0,0,0,0,0,0,0,0,0,0,0,0,0,0,0.18,0.05,0.02,0,0,0,0,0,0,0,0.01,0.06,0,0,0,0,0,0,0,0,0,0,0,0,0,0.0219,0.0102,0.0188
13313,0,0,0,0,0.03,0.23,0.44,0.38,0.15,0.01,0,0,0,0,0,0,0,0,0,0.01,0,0,0,0,0.17,0.04,0.01,0,0,0,0,0,0,0,0.01,0.05,0,0,0,0,0,0,0,0,0,0,0,0,0.00928,0.0901,0.00989,0.0264
13315,0,0,0,0.01,0.17,0.51,0.73,0.63,0.27,0.02,0,0,0,0,0,0,0,0,0.01,0.01,0,0,0,0,0.02,0.01,0,0,0,0,0,0,0,0,0,0.01,0,0,0,0,0,0,0,0,0,0,0,0,0.0431,0.000933,0.0144,0.00246
13317,0,0,0,0,0.09,0.34,0.59,0.46,0.2,0.01,0,0,0,0,0,0,0,0,0.01,0.02,0,0,0,0,0.07,0.02,0,0,0,0,0,0,0,0,0,0.02,0,0,0,0,0,0,0,0,0,0,0,0,0.0153,0,0.013,0.0104
13319,0,0,0,0.01,0.17,0.5,0.75,0.6,0.28,0.01,0,0,0,0,0,0,0,0.01,0.02,0.03,0,0,0,0,0.04,0.01,0,0,0,0,0,0,0,0,0,0.01,0,0,0,0,0,0,0,0,0,0,0,0,0.0631,0,0.0143,0.00559
13321,0,0,0,0,0.16,0.49,0.69,0.58,0.24,0.02,0,0,0,0,0,0,0,0,0,0.01,0,0,0,0,0.02,0.01,0,0,0,0,0,0,0,0,0,0,0,0,0,0,0,0,0,0,0,0,0,0,0.0571,0.000448,0.0141,0.00177
16001,0,0,0,0,0.04,0.18,0.67,0.57,0.13,0,0,0,0,0,0,0,0,0.01,0.09,0.03,0,0,0,0,0.25,0.14,0.01,0,0,0,0,0,0,0.01,0.08,0.31,0.01,0,0,0,0,0,0,0,0,0,0,0.01,0.165,0.0199,0.0554,0.121
16003,0,0,0,0,0,0.01,0.15,0.11,0.01,0,0,0,0,0,0,0,0,0,0,0,0,0,0,0,0.52,0.48,0.23,0.05,0,0,0,0,0,0.02,0.26,0.59,0.03,0.02,0,0,0,0,0,0,0,0,0.01,0.03,0.000147,0.0393,0.0288,0.102
16005,0,0,0,0,0,0.02,0.2,0.1,0.01,0,0,0,0,0,0,0,0,0,0,0,0,0,0,0,0.58,0.52,0.18,0.03,0,0,0,0,0,0.03,0.29,0.61,0.05,0.02,0,0,0,0,0,0,0,0,0.01,0.03,0,0.148,0.0096,0.0884
16007,0,0,0,0,0,0,0.02,0.01,0,0,0,0,0,0,0,0,0,0,0,0,0,0,0,0,0.81,0.76,0.44,0.15,0.01,0,0,0,0,0.08,0.47,0.78,0.13,0.11,0.01,0,0,0,0,0,0,0,0.03,0.13,0,0.364,0.00674,0.0816
16009,0,0,0,0,0,0.02,0.13,0.14,0.01,0,0,0,0,0,0,0,0,0,0,0,0,0,0,0,0.24,0.19,0.07,0,0,0,0,0,0,0.02,0.1,0.23,0.01,0.01,0,0,0,0,0,0,0,0,0,0.01,0.00155,0.0219,0.00769,0.0991
16011,0,0,0,0,0,0.02,0.24,0.14,0.01,0,0,0,0,0,0,0,0,0,0,0,0,0,0,0,0.67,0.58,0.19,0.03,0,0,0,0,0,0.04,0.36,0.68,0.09,0.04,0.01,0,0,0,0,0,0,0,0.02,0.06,0.000518,0.132,0.0105,0.103
16013,0,0,0,0,0,0.01,0.09,0.03,0,0,0,0,0,0,0,0,0,0,0,0,0,0,0,0,0.77,0.68,0.36,0.11,0,0,0,0,0,0.05,0.42,0.76,0.08,0.04,0,0,0,0,0,0,0,0,0.02,0.07,0,0.124,0.026,0.115
16015,0,0,0,0,0,0.01,0.11,0.06,0.01,0,0,0,0,0,0,0,0,0,0,0,0,0,0,0,0.54,0.52,0.27,0.09,0,0,0,0,0,0.03,0.3,0.61,0.04,0.02,0,0,0,0,0,0,0,0,0.01,0.03,0.00022,0.109,0.0431,0.12
16017,0,0,0,0,0,0.01,0.05,0.03,0,0,0,0,0,0,0,0,0,0,0,0,0,0,0,0,0.33,0.32,0.12,0.01,0,0,0,0,0,0.03,0.14,0.34,0.03,0.02,0,0,0,0,0,0,0,0,0,0.02,0.000293,0.127,0.00646,0.102
16019,0,0,0,0,0,0,0.05,0.02,0,0,0,0,0,0,0,0,0,0,0,0,0,0,0,0,0.71,0.65,0.32,0.08,0,0,0,0,0,0.06,0.39,0.69,0.09,0.07,0.01,0,0,0,0,0,0,0,0.02,0.08,0,0.106,0.00611,0.11
16021,0,0,0,0,0,0,0.01,0.01,0,0,0,0,0,0,0,0,0,0,0,0,0,0,0,0,0.43,0.42,0.21,0.04,0,0,0,0,0,0.03,0.21,0.46,0.05,0.04,0.01,0,0,0,0,0,0,0,0.01,0.04,0,0.134,0.00599,0.104
16023,0,0,0,0,0,0.01,0.13,0.05,0,0,0,0,0,0,0,0,0,0,0,0,0,0,0,0,0.89,0.75,0.37,0.1,0,0,0,0,0,0.09,0.53,0.83,0.17,0.11,0.01,0,0,0,0,0,0,0,0.03,0.14,0,0.184,0.0171,0.119
16025,0,0,0,0,0,0,0.03,0.01,0,0,0,0,0,0,0,0,0,0,0,0,0,0,0,0,0.72,0.66,0.38,0.14,0,0,0,0,0,0.05,0.4,0.75,0.06,0.04,0,0,0,0,0,0,0,0,0.01,0.06,0,0.0823,0.0371,0.123
16027,0,0,0,0,0.05,0.23,0.71,0.62,0.15,0,0,0,0,0,0,0,0,0.01,0.12,0.04,0,0,0,0,0.27,0.14,0.01,0,0,0,0,0,0,0.01,0.1,0.31,0.02,0,0,0,0,0,0,0,0,0,0,0.01,0.172,0.22,0.057,0.118
16029,0,0,0,0,0,0,0.05,0.02,0,0,0,0,0,0,0,0,0,0,0,0,0,0,0,0,0.73,0.65,0.36,0.11,0,0,0,0,0,0.07,0.39,0.7,0.08,0.07,0.01,0,0,0,0,0,0,0,0.02,0.07,0,0.23,0.00678,0.0922
16031,0,0,0,0,0,0.02,0.24,0.13,0.01,0,0,0,0,0,0,0,0,0,0,0,0,0,0,0,0.5,0.41,0.14,0.03,0,0,0,0,0,0.03,0.25,0.54,0.02,0.01,0,0,0,0,0,0,0,0,0,0.02,0,0.107,0.0187,0.0811
16033,0,0,0,0,0,0,0.04,0.01,0,0,0,0,0,0,0,0,0,0,0,0,0,0,0,0,0.87,0.77,0.43,0.16,0.01,0,0,0,0,0.1,0.51,0.82,0.13,0.1,0.01,0,0,0,0,0,0,0,0.04,0.12,0,0.143,0.00784,0.129
16035,0,0,0,0,0,0.01,0.08,0.07,0.01,0,0,0,0,0,0,0,0,0,0,0,0,0,0,0,0.31,0.29,0.12,0.02,0,0,0,0,0,0.02,0.14,0.35,0.02,0.02,0,0,0,0,0,0,0,0,0,0.02,0,0.0616,0.00752,0.0968
16037,0,0,0,0,0,0,0.01,0,0,0,0,0,0,0,0,0,0,0,0,0,0,0,0,0,0.88,0.78,0.56,0.3,0.04,0,0,0,0.01,0.13,0.57,0.86,0.13,0.1,0.02,0,0,0,0,0,0,0,0.04,0.13,0,0.481,0.0255,0.122
16039,0,0,0,0,0,0.04,0.34,0.25,0.02,0,0,0,0,0,0,0,0,0,0.01,0,0,0,0,0,0.43,0.38,0.13,0.02,0,0,0,0,0,0.02,0.2,0.5,0.02,0,0,0,0,0,0,0,0,0,0,0.01,0.0156,0.0686,0.0471,0.124
16041,0,0,0,0,0,0.01,0.17,0.06,0,0,0,0,0,0,0,0,0,0,0,0,0,0,0,0,0.65,0.58,0.22,0.04,0,0,0,0,0,0.04,0.29,0.64,0.05,0.03,0,0,0,0,0,0,0,0,0.01,0.03,0,0.0591,0.00825,0.0782
16043,0,0,0,0,0,0,0.02,0.01,0,0,0,0,0,0,0,0,0,0,0,0,0,0,0,0,0.81,0.76,0.46,0.16,0,0,0,0,0,0.1,0.5,0.78,0.19,0.15,0.03,0,0,0,0,0,0,0,0.05,0.16,0,0.274,0.00424,0.133
16045,0,0,0,0,0.01,0.1,0.52,0.43,0.07,0,0,0,0,0,0,0,0,0,0.03,0,0,0,0,0,0.34,0.24,0.04,0,0,0,0,0,0,0.01,0.13,0.4,0.01,0,0,0,0,0,0,0,0,0,0,0.02,0.0145,0.0821,0.0476,0.115
16047,0,0,0,0,0.01,0.12,0.55,0.42,0.06,0,0,0,0,0,0,0,0,0.01,0.03,0.01,0,0,0,0,0.45,0.34,0.06,0,0,0,0,0,0,0.01,0.18,0.51,0.02,0.01,0,0,0,0,0,0,0,0,0.01,0.02,0.119,0.0495,0.038,0.111
16049,0,0,0,0,0,0.01,0.05,0.03,0,0,0,0,0,0,0,0,0,0,0,0,0,0,0,0,0.53,0.53,0.29,0.09,0,0,0,0,0,0.04,0.3,0.6,0.05,0.03,0,0,0,0,0,0,0,0,0.01,0.04,0,0.161,0.0117,0.0961
16051,0,0,0,0,0,0.04,0.33,0.19,0.02,0,0,0,0,0,0,0,0,0,0,0,0,0,0,0,0.83,0.71,0.28,0.04,0,0,0,0,0,0.07,0.46,0.78,0.18,0.11,0.01,0,0,0,0,0,0,0,0.03,0.14,0.0139,0.186,0.00923,0.122
16053,0,0,0,0,0.01,0.1,0.51,0.39,0.06,0,0,0,0,0,0,0,0,0,0.02,0,0,0,0,0,0.42,0.3,0.05,0,0,0,0,0,0,0.01,0.18,0.47,0.02,0.01,0,0,0,0,0,0,0,0,0.01,0.02,0.109,0.103,0.0281,0.0961
16055,0,0,0,0,0,0.01,0.09,0.07,0.01,0,0,0,0,0,0,0,0,0,0,0,0,0,0,0,0.24,0.21,0.07,0,0,0,0,0,0,0.02,0.09,0.24,0.01,0.01,0,0,0,0,0,0,0,0,0,0.01,0.000821,0.00293,0.00716,0.0996
16057,0,0,0,0,0.01,0.03,0.19,0.2,0.03,0,0,0,0,0,0,0,0,0,0,0,0,0,0,0,0.23,0.18,0.05,0,0,0,0,0,0,0.02,0.1,0.23,0.01,0.01,0,0,0,0,0,0,0,0,0,0.01,0.00803,0.0166,0.00863,0.0986
16059,0,0,0,0,0,0,0.01,0,0,0,0,0,0,0,0,0,0,0,0,0,0,0,0,0,0.78,0.73,0.45,0.21,0.02,0,0,0,0,0.09,0.48,0.8,0.09,0.07,0.01,0,0,0,0,0,0,0.01,0.03,0.07,0,0.108,0.0149,0.109
16061,0,0,0,0,0,0.02,0.14,0.15,0.02,0,0,0,0,0,0,0,0,0,0,0,0,0,0,0,0.3,0.25,0.09,0,0,0,0,0,0,0.02,0.12,0.33,0.01,0.01,0,0,0,0,0,0,0,0,0,0.02,0.0623,0.0518,0.0108,0.0978
16063,0,0,0,0,0,0.07,0.43,0.32,0.03,0,0,0,0,0,0,0,0,0,0.01,0,0,0,0,0,0.6,0.49,0.12,0.01,0,0,0,0,0,0.02,0.26,0.61,0.06,0.01,0,0,0,0,0,0,0,0,0.01,0.03,0.0105,0.146,0.0277,0.104
16065,0,0,0,0,0,0.01,0.08,0.04,0,0,0,0,0,0,0,0,0,0,0,0,0,0,0,0,0.71,0.65,0.3,0.05,0,0,0,0,0,0.05,0.39,0.69,0.12,0.08,0.01,0,0,0,0,0,0,0,0.03,0.1,0,0.245,0.00556,0.123
16067,0,0,0,0,0,0.07,0.43,0.35,0.04,0,0,0,0,0,0,0,0,0,0.01,0,0,0,0,0,0.59,0.48,0.13,0.01,0,0,0,0,0,0.03,0.28,0.62,0.07,0.01,0,0,0,0,0,0,0,0,0.01,0.04,0.0449,0.284,0.021,0.0966
16069,0,0,0,0,0.01,0.05,0.33,0.34,0.07,0,0,0,0,0,0,0,0,0,0.02,0.02,0,0,0,0,0.19,0.14,0.04,0,0,0,0,0,0,0.01,0.08,0.18,0.01,0.01,0,0,0,0,0,0,0,0,0,0.01,0.0586,0.00477,0.0107,0.0983
16071,0,0,0,0,0,0.04,0.3,0.17,0.01,0,0,0,0,0,0,0,0,0,0,0,0,0,0,0,0.58,0.5,0.15,0.02,0,0,0,0,0,0.03,0.25,0.61,0.03,0.01,0,0,0,0,0,0,0,0,0.01,0.02,0.00916,0.257,0.0109,0.0773
16073,0,0,0,0,0,0.06,0.41,0.3,0.03,0,0,0,0,0,0,0,0,0,0.01,0,0,0,0,0,0.42,0.35,0.1,0.02,0,0,0,0,0,0.02,0.22,0.49,0.02,0,0,0,0,0,0,0,0,0,0.01,0.01,0.0237,0.101,0.0615,0.114
16075,0,0,0,0,0.04,0.18,0.68,0.58,0.11,0,0,0,0,0,0,0,0,0.01,0.1,0.03,0,0,0,0,0.28,0.15,0.01,0,0,0,0,0,0,0,0.1,0.3,0.02,0,0,0,0,0,0,0,0,0,0,0.01,0.242,0.145,0.0512,0.113
16077,0,0,0,0,0,0.03,0.29,0.2,0.02,0,0,0,0,0,0,0,0,0,0,0,0,0,0,0,0.57,0.48,0.15,0.03,0,0,0,0,0,0.03,0.28,0.62,0.05,0.01,0,0,0,0,0,0,0,0,0.01,0.03,0.00716,0.0424,0.0134,0.0889
16079,0,0,0,0,0,0.01,0.04,0.02,0,0,0,0,0,0,0,0,0,0,0,0,0,0,0,0,0.3,0.29,0.14,0.02,0,0,0,0,0,0.02,0.14,0.34,0.02,0.02,0,0,0,0,0,0,0,0,0,0.02,0,0.0488,0.00664,0.0984
16081,0,0,0,0,0,0,0.01,0.01,0,0,0,0,0,0,0,0,0,0,0,0,0,0,0,0,0.78,0.72,0.44,0.17,0.01,0,0,0,0,0.09,0.48,0.75,0.14,0.13,0.02,0,0,0,0,0,0,0,0.04,0.14,0,0.38,0.00436,0.125
16083,0,0,0,0,0,0.05,0.38,0.25,0.02,0,0,0,0,0,0,0,0,0,0.01,0,0,0,0,0,0.42,0.34,0.09,0.02,0,0,0,0,0,0.02,0.22,0.5,0.01,0,0,0,0,0,0,0,0,0,0.01,0.02,0.0135,0.116,0.0325,0.0897
16085,0,0,0,0,0,0,0.03,0.01,0,0,0,0,0,0,0,0,0,0,0,0,0,0,0,0,0.74,0.7,0.49,0.25,0.03,0,0,0,0,0.09,0.48,0.76,0.11,0.09,0.02,0,0,0,0,0,0,0,0.03,0.09,0,0.273,0.0263,0.103
16087,0,0,0,0,0.01,0.06,0.42,0.33,0.03,0,0,0,0,0,0,0,0,0,0.02,0,0,0,0,0,0.38,0.27,0.06,0,0,0,0,0,0,0.01,0.13,0.41,0.01,0,0,0,0,0,0,0,0,0,0,0.01,0.0988,0.0601,0.0409,0.106
17001,0,0,0,0,0.02,0.15,0.28,0.2,0.09,0,0,0,0,0,0,0,0,0,0.01,0,0,0,0,0,0.5,0.37,0.1,0.01,0,0,0,0,0,0,0.09,0.32,0.08,0.04,0,0,0,0,0,0,0,0,0,0.03,0.000518,0.0164,0.0486,0.0248
17003,0,0,0,0,0.03,0.28,0.46,0.36,0.14,0.01,0,0,0,0,0,0,0,0,0.01,0.01,0,0,0,0,0.26,0.15,0.03,0,0,0,0,0,0,0,0.03,0.14,0.01,0.01,0,0,0,0,0,0,0,0,0,0,0.011,0.000584,0.0633,0.033
17005,0,0,0,0,0.02,0.22,0.32,0.24,0.11,0.01,0,0,0,0,0,0,0,0,0.01,0,0,0,0,0,0.41,0.27,0.07,0,0,0,0,0,0,0,0.06,0.23,0.05,0.02,0,0,0,0,0,0,0,0,0,0,0.00611,0.0542,0.0533,0.0273
17007,0,0,0,0,0.02,0.08,0.12,0.06,0.02,0,0,0,0,0,0,0,0,0,0,0,0,0,0,0,0.64,0.54,0.23,0.02,0,0,0,0,0,0,0.15,0.47,0.18,0.11,0.01,0,0,0,0,0,0,0,0,0.08,0,0.0433,0.00415,0.0325
17009,0,0,0,0,0.02,0.16,0.28,0.2,0.09,0,0,0,0,0,0,0,0,0,0.01,0,0,0,0,0,0.5,0.37,0.11,0.01,0,0,0,0,0,0,0.09,0.33,0.08,0.05,0,0,0,0,0,0,0,0,0,0.03,0.0257,0.124,0.0467,0.0246
17011,0,0,0,0,0.02,0.1,0.16,0.08,0.04,0,0,0,0,0,0,0,0,0,0,0,0,0,0,0,0.61,0.48,0.17,0.01,0,0,0,0,0,0,0.13,0.44,0.16,0.09,0.01,0,0,0,0,0,0,0,0,0.06,0.00338,0.081,0.00967,0.0249
17013,0,0,0,0,0.02,0.2,0.34,0.26,0.11,0.01,0,0,0,0,0,0,0,0,0.01,0.01,0,0,0,0,0.45,0.31,0.08,0,0,0,0,0,0,0,0.07,0.26,0.05,0.02,0,0,0,0,0,0,0,0,0,0.01,0.0708,0.0121,0.0653,0.0281
17015,0,0,0,0,0.02,0.09,0.13,0.06,0.03,0,0,0,0,0,0,0,0,0,0,0,0,0,0,0,0.65,0.52,0.19,0.01,0,0,0,0,0,0,0.15,0.48,0.2,0.11,0.01,0,0,0,0,0,0,0,0,0.07,0,0.05,0.00519,0.0262
17017,0,0,0,0,0.02,0.17,0.28,0.2,0.09,0.01,0,0,0,0,0,0,0,0,0.01,0,0,0,0,0,0.5,0.37,0.1,0,0,0,0,0,0,0,0.09,0.33,0.08,0.05,0.01,0,0,0,0,0,0,0,0,0.02,0.0225,0.0574,0.0424,0.0242
17019,0,0,0,0,0.03,0.16,0.2,0.13,0.09,0,0,0,0,0,0,0,0,0,0.01,0,0,0,0,0,0.52,0.39,0.13,0,0,0,0,0,0,0,0.09,0.33,0.1,0.06,0,0,0,0,0,0,0,0,0,0.02,0,0,0.0179,0.0235
17021,0,0,0,0,0.02,0.17,0.26,0.19,0.09,0,0,0,0,0,0,0,0,0,0.01,0,0,0,0,0,0.46,0.34,0.09,0,0,0,0,0,0,0,0.07,0.29,0.07,0.03,0,0,0,0,0,0,0,0,0,0.01,0,0.0118,0.0404,0.0247
17023,0,0,0,0,0.02,0.18,0.25,0.19,0.1,0.01,0,0,0,0,0,0,0,0,0.01,0,0,0,0,0,0.45,0.31,0.08,0,0,0,0,0,0,0,0.07,0.26,0.07,0.03,0,0,0,0,0,0,0,0,0,0.01,0.029,0.012,0.0224,0.0242
17025,0,0,0,0,0.02,0.21,0.29,0.23,0.11,0.01,0,0,0,0,0,0,0,0,0.01,0,0,0,0,0,0.4,0.26,0.06,0,0,0,0,0,0,0,0.06,0.23,0.04,0.02,0,0,0,0,0,0,0,0,0,0.01,0,0.0164,0.0377,0.0271
17027,0,0,0,0,0.02,0.24,0.37,0.27,0.12,0.01,0,0,0,0,0,0,0,0,0.02,0,0,0,0,0,0.39,0.26,0.06,0,0,0,0,0,0,0,0.05,0.22,0.04,0.01,0,0,0,0,0,0,0,0,0,0,0.0265,0.0475,0.0557,0.0286
17029,0,0,0,0,0.02,0.16,0.23,0.17,0.08,0,0,0,0,0,0,0,0,0,0.01,0,0,0,0,0,0.46,0.32,0.09,0,0,0,0,0,0,0,0.08,0.28,0.08,0.04,0,0,0,0,0,0,0,0,0,0.01,0.00381,0.00226,0.0262,0.0237
17031,0,0,0,0,0.02,0.1,0.15,0.09,0.04,0,0,0,0,0,0,0,0,0,0.01,0,0,0,0,0,0.56,0.44,0.16,0.01,0,0,0,0,0,0,0.1,0.34,0.11,0.07,0.01,0,0,0,0,0,0,0,0,0.03,0.0115,0.00254,0.004,0.0342
17033,0,0,0,0,0.02,0.19,0.28,0.21,0.11,0.01,0,0,0,0,0,0,0,0,0.01,0,0,0,0,0,0.41,0.27,0.06,0,0,0,0,0,0,0,0.06,0.24,0.05,0.02,0,0,0,0,0,0,0,0,0,0.01,0.00206,0.0184,0.0244,0.0259
17035,0,0,0,0,0.02,0.16,0.25,0.18,0.09,0.01,0,0,0,0,0,0,0,0,0.01,0,0,0,0,0,0.45,0.3,0.08,0,0,0,0,0,0,0,0.07,0.26,0.06,0.03,0,0,0,0,0,0,0,0,0,0.01,0.00348,0.00888,0.0292,0.0243
17037,0,0,0,0,0.02,0.1,0.12,0.07,0.03,0,0,0,0,0,0,0,0,0,0,0,0,0,0,0,0.63,0.5,0.21,0.01,0,0,0,0,0,0,0.15,0.45,0.17,0.09,0.01,0,0,0,0,0,0,0,0,0.08,0,0.0636,0.00448,0.0303
17039,0,0,0,0,0.02,0.16,0.21,0.14,0.08,0,0,0,0,0,0,0,0,0,0.01,0,0,0,0,0,0.53,0.41,0.13,0,0,0,0,0,0,0,0.1,0.35,0.1,0.05,0,0,0,0,0,0,0,0,0,0.03,0,0.0241,0.0242,0.0235
17041,0,0,0,0,0.02,0.16,0.22,0.16,0.09,0,0,0,0,0,0,0,0,0,0.01,0,0,0,0,0,0.48,0.34,0.1,0,0,0,0,0,0,0,0.08,0.29,0.08,0.04,0,0,0,0,0,0,0,0,0,0.01,0.00274,0.0468,0.0231,0.0235
17043,0,0,0,0,0.02,0.12,0.16,0.09,0.04,0,0,0,0,0,0,0,0,0,0.01,0,0,0,0,0,0.59,0.47,0.18,0.01,0,0,0,0,0,0,0.12,0.38,0.13,0.08,0.01,0,0,0,0,0,0,0,0,0.04,0,0.00969,0.00396,0.0329
17045,0,0,0,0,0.02,0.15,0.22,0.15,0.09,0,0,0,0,0,0,0,0,0,0.01,0,0,0,0,0,0.48,0.34,0.1,0,0,0,0,0,0,0,0.08,0.29,0.09,0.04,0,0,0,0,0,0,0,0,0,0.02,0.00662,0.00292,0.0186,0.0234
17047,0,0,0,0,0.02,0.24,0.36,0.27,0.13,0.01,0,0,0,0,0,0,0,0,0.02,0,0,0,0,0,0.35,0.22,0.05,0,0,0,0,0,0,0,0.04,0.19,0.03,0.01,0,0,0,0,0,0,0,0,0,0,0,0.0483,0.0315,0.0299
17049,0,0,0,0,0.02,0.18,0.28,0.21,0.1,0.01,0,0,0,0,0,0,0,0,0.01,0,0,0,0,0,0.43,0.29,0.07,0,0,0,0,0,0,0,0.07,0.25,0.05,0.03,0,0,0,0,0,0,0,0,0,0.01,0.0107,0.0308,0.0371,0.0255
17051,0,0,0,0,0.02,0.19,0.3,0.22,0.1,0.01,0,0,0,0,0,0,0,0,0.01,0,0,0,0,0,0.42,0.27,0.07,0,0,0,0,0,0,0,0.07,0.25,0.06,0.02,0,0,0,0,0,0,0,0,0,0,0.00988,0.0189,0.0448,0.0262
17053,0,0,0,0,0.03,0.16,0.18,0.11,0.08,0,0,0,0,0,0,0,0,0,0.01,0,0,0,0,0,0.55,0.42,0.15,0.01,0,0,0,0,0,0,0.11,0.36,0.12,0.07,0,0,0,0,0,0,0,0,0,0.03,0,0.0415,0.0124,0.0249
17055,0,0,0,0,0.02,0.2,0.36,0.27,0.1,0.01,0,0,0,0,0,0,0,0,0.02,0,0,0,0,0,0.34,0.21,0.05,0,0,0,0,0,0,0,0.04,0.19,0.02,0.01,0,0,0,0,0,0,0,0,0,0,0.024,0.0517,0.0509,0.0314
17057,0,0,0,0,0.02,0.16,0.25,0.16,0.07,0,0,0,0,0,0,0,0,0,0.01,0,0,0,0,0,0.54,0.41,0.12,0.01,0,0,0,0,0,0,0.11,0.36,0.11,0.06,0,0,0,0,0,0,0,0,0,0.04,0,0.0199,0.0298,0.023
17059,0,0,0,0,0.02,0.22,0.4,0.3,0.14,0,0,0,0,0,0,0,0,0,0.01,0,0,0,0,0,0.29,0.19,0.04,0,0,0,0,0,0,0,0.04,0.16,0.02,0.01,0,0,0,0,0,0,0,0,0,0,0.000496,0.128,0.0381,0.0345
17061,0,0,0,0,0.02,0.19,0.32,0.24,0.1,0.01,0,0,0,0,0,0,0,0,0.01,0,0,0,0,0,0.46,0.33,0.09,0,0,0,0,0,0,0,0.07,0.28,0.06,0.02,0,0,0,0,0,0,0,0,0,0.01,0.0871,0.0632,0.0587,0.0271
17063,0,0,0,0,0.04,0.14,0.18,0.1,0.07,0,0,0,0,0,0,0,0,0,0.01,0,0,0,0,0,0.57,0.44,0.15,0.01,0,0,0,0,0,0,0.11,0.38,0.12,0.08,0.01,0,0,0,0,0,0,0,0,0.04,0.0112,0.00694,0.00663,0.0283
17065,0,0,0,0,0.02,0.21,0.36,0.28,0.12,0.01,0,0,0,0,0,0,0,0,0.02,0,0,0,0,0,0.33,0.21,0.05,0,0,0,0,0,0,0,0.05,0.19,0.02,0.01,0,0,0,0,0,0,0,0,0,0,0.0057,0.158,0.0425,0.0315
17067,0,0,0,0,0.02,0.14,0.25,0.18,0.07,0,0,0,0,0,0,0,0,0,0.01,0,0,0,0,0,0.54,0.4,0.12,0.01,0,0,0,0,0,0,0.1,0.36,0.1,0.05,0,0,0,0,0,0,0,0,0,0.03,0.00162,0.0181,0.0367,0.0235
17069,0,0,0,0,0.02,0.21,0.41,0.3,0.14,0,0,0,0,0,0,0,0,0,0.01,0.01,0,0,0,0,0.28,0.18,0.04,0,0,0,0,0,0,0,0.04,0.16,0.01,0.01,0,0,0,0,0,0,0,0,0,0,0.00396,0.287,0.0404,0.0361
17071,0,0,0,0,0.01,0.12,0.23,0.14,0.06,0,0,0,0,0,0,0,0,0,0,0,0,0,0,0,0.58,0.44,0.13,0.01,0,0,0,0,0,0,0.12,0.41,0.13,0.07,0.01,0,0,0,0,0,0,0,0,0.04,0.00375,0.0241,0.0248,0.023
17073,0,0,0,0,0.02,0.1,0.17,0.08,0.04,0,0,0,0,0,0,0,0,0,0,0,0,0,0,0,0.6,0.48,0.17,0.01,0,0,0,0,0,0,0.14,0.44,0.16,0.09,0.01,0,0,0,0,0,0,0,0,0.06,0,0.0747,0.0122,0.0239
17075,0,0,0,0,0.03,0.16,0.18,0.1,0.08,0,0,0,0,0,0,0,0,0,0,0,0,0,0,0,0.55,0.42,0.15,0.01,0,0,0,0,0,0,0.1,0.36,0.12,0.07,0.01,0,0,0,0,0,0,0,0,0.04,0,0.0466,0.00845,0.0268
17077,0,0,0,0,0.03,0.23,0.41,0.31,0.12,0.01,0,0,0,0,0,0,0,0,0.02,0.01,0,0,0,0,0.34,0.2,0.05,0,0,0,0,0,0,0,0.04,0.19,0.02,0.01,0,0,0,0,0,0,0,0,0,0,0.0203,0.0266,0.0607,0.0315
17079,0,0,0,0,0.02,0.17,0.26,0.19,0.09,0.01,0,0,0,0,0,0,0,0,0.01,0,0,0,0,0,0.42,0.27,0.06,0,0,0,0,0,0,0,0.06,0.25,0.05,0.02,0,0,0,0,0,0,0,0,0,0.01,0.000349,0.0224,0.0303,0.0255
17081,0,0,0,0,0.01,0.18,0.32,0.24,0.1,0.01,0,0,0,0,0,0,0,0,0.01,0,0,0,0,0,0.36,0.23,0.06,0,0,0,0,0,0,0,0.05,0.21,0.03,0.01,0,0,0,0,0,0,0,0,0,0,0.0454,0.118,0.0488,0.0298
17083,0,0,0,0,0.02,0.2,0.34,0.26,0.1,0.01,0,0,0,0,0,0,0,0,0.01,0.01,0,0,0,0,0.43,0.3,0.08,0,0,0,0,0,0,0,0.07,0.25,0.05,0.02,0,0,0,0,0,0,0,0,0,0.01,0.00896,0.0752,0.0638,0.0282
17085,0,0,0,0,0.01,0.06,0.11,0.05,0.02,0,0,0,0,0,0,0,0,0,0,0,0,0,0,0,0.67,0.56,0.22,0.02,0,0,0,0,0,0,0.16,0.51,0.22,0.14,0.02,0,0,0,0,0,0,0,0,0.09,0,0.0583,0.00496,0.0265
17087,0,0,0,0,0.02,0.2,0.39,0.3,0.11,0,0,0,0,0,0,0,0,0,0.01,0,0,0,0,0,0.29,0.17,0.04,0,0,0,0,0,0,0,0.03,0.16,0.01,0.01,0,0,0,0,0,0,0,0,0,0,0.00878,0.0677,0.0533,0.0339
17089,0,0,0,0,0.02,0.1,0.14,0.08,0.04,0,0,0,0,0,0,0,0,0,0,0,0,0,0,0,0.61,0.5,0.21,0.01,0,0,0,0,0,0,0.14,0.43,0.16,0.09,0.01,0,0,0,0,0,0,0,0,0.06,0,0.0355,0.00412,0.0321
17091,0,0,0,0,0.04,0.15,0.18,0.11,0.07,0,0,0,0,0,0,0,0,0,0,0,0,0,0,0,0.56,0.43,0.15,0.01,0,0,0,0,0,0,0.11,0.36,0.12,0.07,0.01,0,0,0,0,0,0,0,0,0.03,0,0.00381,0.00576,0.0292
17093,0,0,0,0,0.03,0.13,0.16,0.09,0.05,0,0,0,0,0,0,0,0,0,0,0,0,0,0,0,0.58,0.45,0.17,0.01,0,0,0,0,0,0,0.12,0.4,0.14,0.08,0.01,0,0,0,0,0,0,0,0,0.05,0,0.0167,0.00502,0.03
17095,0,0,0,0,0.02,0.11,0.18,0.11,0.05,0,0,0,0,0,0,0,0,0,0,0,0,0,0,0,0.58,0.46,0.16,0.01,0,0,0,0,0,0,0.13,0.42,0.14,0.08,0.01,0,0,0,0,0,0,0,0,0.05,0.00181,0.0454,0.0197,0.023
17097,0,0,0,0,0.01,0.06,0.11,0.07,0.01,0,0,0,0,0,0,0,0,0,0.01,0,0,0,0,0,0.59,0.48,0.21,0.01,0,0,0,0,0,0,0.12,0.39,0.13,0.08,0.01,0,0,0,0,0,0,0,0,0.05,0.0415,0.0101,0.0038,0.0356
17099,0,0,0,0,0.03,0.12,0.16,0.1,0.06,0,0,0,0,0,0,0,0,0,0.01,0,0,0,0,0,0.59,0.46,0.17,0.01,0,0,0,0,0,0,0.12,0.41,0.14,0.08,0.01,0,0,0,0,0,0,0,0,0.05,0.00089,0.0313,0.00798,0.0266
17101,0,0,0,0,0.03,0.22,0.31,0.24,0.12,0.01,0,0,0,0,0,0,0,0,0.01,0,0,0,0,0,0.37,0.25,0.05,0,0,0,0,0,0,0,0.05,0.22,0.04,0.02,0,0,0,0,0,0,0,0,0,0.01,0.0156,0.0123,0.0254,0.0281
17103,0,0,0,0,0.02,0.09,0.12,0.07,0.03,0,0,0,0,0,0,0,0,0,0,0,0,0,0,0,0.62,0.49,0.19,0.01,0,0,0,0,0,0,0.14,0.46,0.17,0.1,0.01,0,0,0,0,0,0,0,0,0.07,0,0.0395,0.00594,0.0271
17105,0,0,0,0,0.03,0.15,0.18,0.11,0.07,0,0,0,0,0,0,0,0,0,0.01,0,0,0,0,0,0.56,0.44,0.15,0.01,0,0,0,0,0,0,0.11,0.38,0.12,0.07,0.01,0,0,0,0,0,0,0,0,0.04,0.0145,0.034,0.011,0.0254
17107,0,0,0,0,0.02,0.16,0.23,0.16,0.09,0,0,0,0,0,0,0,0,0,0.01,0,0,0,0,0,0.52,0.4,0.11,0,0,0,0,0,0,0,0.1,0.33,0.09,0.05,0,0,0,0,0,0,0,0,0,0.02,0.00598,0.0201,0.0298,0.0235
17109,0,0,0,0,0.01,0.13,0.22,0.15,0.07,0,0,0,0,0,0,0,0,0,0.01,0,0,0,0,0,0.55,0.41,0.13,0.01,0,0,0,0,0,0,0.11,0.38,0.12,0.06,0.01,0,0,0,0,0,0,0,0,0.04,0.0027,0.0233,0.0329,0.0231
17111,0,0,0,0,0.01,0.08,0.13,0.06,0.02,0,0,0,0,0,0,0,0,0,0,0,0,0,0,0,0.63,0.53,0.24,0.02,0,0,0,0,0,0,0.15,0.46,0.18,0.1,0.01,0,0,0,0,0,0,0,0,0.07,0.000871,0.0419,0.00394,0.0344
17113,0,0,0,0,0.03,0.16,0.19,0.12,0.08,0,0,0,0,0,0,0,0,0,0.01,0,0,0,0,0,0.55,0.43,0.14,0.01,0,0,0,0,0,0,0.12,0.37,0.12,0.07,0.01,0,0,0,0,0,0,0,0,0.03,0,0.0277,0.0185,0.0236
17115,0,0,0,0,0.02,0.15,0.22,0.15,0.09,0,0,0,0,0,0,0,0,0,0.01,0,0,0,0,0,0.5,0.38,0.1,0,0,0,0,0,0,0,0.09,0.31,0.09,0.04,0,0,0,0,0,0,0,0,0,0.02,0.00124,0.0107,0.0305,0.0237
17117,0,0,0,0,0.02,0.18,0.28,0.21,0.1,0.01,0,0,0,0,0,0,0,0,0.01,0,0,0,0,0,0.44,0.32,0.09,0,0,0,0,0,0,0,0.07,0.26,0.06,0.02,0,0,0,0,0,0,0,0,0,0.01,0.0967,0.0491,0.0549,0.0268
17119,0,0,0,0,0.03,0.24,0.36,0.27,0.11,0.01,0,0,0,0,0,0,0,0,0.02,0,0,0,0,0,0.4,0.27,0.06,0,0,0,0,0,0,0,0.05,0.22,0.04,0.01,0,0,0,0,0,0,0,0,0,0,0.0249,0.0338,0.0614,0.0285
17121,0,0,0,0,0.01,0.19,0.3,0.22,0.1,0.01,0,0,0,0,0,0,0,0,0.01,0,0,0,0,0,0.39,0.26,0.06,0,0,0,0,0,0,0,0.06,0.24,0.04,0.02,0,0,0,0,0,0,0,0,0,0.01,0.0561,0.0563,0.0463,0.0279
17123,0,0,0,0,0.02,0.14,0.2,0.12,0.06,0,0,0,0,0,0,0,0,0,0.01,0,0,0,0,0,0.57,0.45,0.16,0.01,0,0,0,0,0,0,0.12,0.39,0.13,0.07,0.01,0,0,0,0,0,0,0,0,0.04,0.0049,0.026,0.0138,0.024
17125,0,0,0,0,0.03,0.17,0.27,0.18,0.09,0,0,0,0,0,0,0,0,0,0.01,0,0,0,0,0,0.52,0.4,0.11,0,0,0,0,0,0,0,0.1,0.33,0.09,0.05,0,0,0,0,0,0,0,0,0,0.03,0.0404,0.0198,0.0328,0.0234
17127,0,0,0,0,0.02,0.25,0.44,0.36,0.14,0.01,0,0,0,0,0,0,0,0,0.01,0.01,0,0,0,0,0.26,0.16,0.03,0,0,0,0,0,0,0,0.02,0.15,0.01,0.01,0,0,0,0,0,0,0,0,0,0,0.0041,0,0.0511,0.0357
17129,0,0,0,0,0.02,0.16,0.25,0.18,0.09,0,0,0,0,0,0,0,0,0,0.01,0,0,0,0,0,0.5,0.38,0.11,0,0,0,0,0,0,0,0.09,0.32,0.08,0.05,0,0,0,0,0,0,0,0,0,0.02,0.0389,0.0281,0.0366,0.0238
17131,0,0,0,0,0.01,0.1,0.19,0.1,0.05,0,0,0,0,0,0,0,0,0,0,0,0,0,0,0,0.6,0.48,0.16,0.01,0,0,0,0,0,0,0.14,0.43,0.16,0.09,0.01,0,0,0,0,0,0,0,0,0.06,0.00118,0.0285,0.0158,0.0233
17133,0,0,0,0,0.04,0.26,0.44,0.34,0.13,0.01,0,0,0,0,0,0,0,0,0.02,0.01,0,0,0,0,0.36,0.22,0.05,0,0,0,0,0,0,0,0.05,0.2,0.03,0.01,0,0,0,0,0,0,0,0,0,0,0.362,0.00549,0.07,0.03
17135,0,0,0,0,0.02,0.18,0.27,0.2,0.1,0.01,0,0,0,0,0,0,0,0,0.01,0,0,0,0,0,0.45,0.31,0.08,0,0,0,0,0,0,0,0.07,0.27,0.06,0.03,0,0,0,0,0,0,0,0,0,0.01,0.114,0.0338,0.049,0.0261
17137,0,0,0,0,0.02,0.17,0.28,0.19,0.09,0.01,0,0,0,0,0,0,0,0,0.01,0,0,0,0,0,0.48,0.35,0.1,0.01,0,0,0,0,0,0,0.08,0.31,0.08,0.04,0,0,0,0,0,0,0,0,0,0.01,0,0.0121,0.0483,0.0252
17139,0,0,0,0,0.02,0.15,0.23,0.16,0.08,0,0,0,0,0,0,0,0,0,0.01,0,0,0,0,0,0.48,0.34,0.09,0,0,0,0,0,0,0,0.08,0.29,0.08,0.04,0,0,0,0,0,0,0,0,0,0.01,0,0.113,0.03,0.0238
17141,0,0,0,0,0.02,0.09,0.12,0.06,0.03,0,0,0,0,0,0,0,0,0,0,0,0,0,0,0,0.64,0.52,0.2,0.01,0,0,0,0,0,0,0.14,0.47,0.19,0.11,0.01,0,0,0,0,0,0,0,0,0.08,0,0.0257,0.00469,0.0284
17143,0,0,0,0,0.02,0.14,0.23,0.14,0.07,0,0,0,0,0,0,0,0,0,0.01,0,0,0,0,0,0.55,0.43,0.14,0.01,0,0,0,0,0,0,0.12,0.38,0.12,0.06,0,0,0,0,0,0,0,0,0,0.04,0.00609,0.0119,0.0202,0.0231
17145,0,0,0,0,0.02,0.23,0.38,0.28,0.12,0.01,0,0,0,0,0,0,0,0,0.02,0.01,0,0,0,0,0.36,0.22,0.05,0,0,0,0,0,0,0,0.05,0.2,0.03,0.01,0,0,0,0,0,0,0,0,0,0,0.0406,0.0115,0.0586,0.0306
17147,0,0,0,0,0.03,0.15,0.22,0.15,0.09,0,0,0,0,0,0,0,0,0,0.01,0,0,0,0,0,0.51,0.39,0.11,0,0,0,0,0,0,0,0.09,0.32,0.09,0.05,0,0,0,0,0,0,0,0,0,0.02,0,0.0346,0.0238,0.0235
17149,0,0,0,0,0.02,0.17,0.3,0.22,0.1,0.01,0,0,0,0,0,0,0,0,0.01,0.01,0,0,0,0,0.48,0.34,0.09,0,0,0,0,0,0,0,0.08,0.29,0.07,0.03,0,0,0,0,0,0,0,0,0,0.01,0.0901,0.0182,0.0566,0.0262
17151,0,0,0,0,0.02,0.2,0.39,0.3,0.13,0,0,0,0,0,0,0,0,0,0.01,0,0,0,0,0,0.28,0.17,0.04,0,0,0,0,0,0,0,0.03,0.16,0.01,0.01,0,0,0,0,0,0,0,0,0,0,0.0036,0.171,0.0467,0.0354
17153,0,0,0,0,0.03,0.27,0.46,0.37,0.14,0,0,0,0,0,0,0,0,0,0.01,0.01,0,0,0,0,0.26,0.15,0.03,0,0,0,0,0,0,0,0.03,0.14,0.01,0,0,0,0,0,0,0,0,0,0,0,0.0161,0.0144,0.0591,0.0338
17155,0,0,0,0,0.03,0.14,0.2,0.11,0.06,0,0,0,0,0,0,0,0,0,0.01,0,0,0,0,0,0.58,0.46,0.16,0.01,0,0,0,0,0,0,0.12,0.4,0.14,0.08,0.01,0,0,0,0,0,0,0,0,0.04,0.000345,0.0342,0.0113,0.0246
17157,0,0,0,0,0.03,0.26,0.43,0.31,0.12,0.01,0,0,0,0,0,0,0,0,0.02,0.01,0,0,0,0,0.35,0.22,0.05,0,0,0,0,0,0,0,0.05,0.2,0.02,0.01,0,0,0,0,0,0,0,0,0,0,0.0426,0.0234,0.0664,0.0304
17159,0,0,0,0,0.02,0.21,0.3,0.23,0.11,0.01,0,0,0,0,0,0,0,0,0.01,0,0,0,0,0,0.39,0.25,0.05,0,0,0,0,0,0,0,0.05,0.22,0.04,0.02,0,0,0,0,0,0,0,0,0,0.01,0.00164,0.0375,0.0311,0.0275
17161,0,0,0,0,0.01,0.1,0.17,0.09,0.04,0,0,0,0,0,0,0,0,0,0,0,0,0,0,0,0.6,0.49,0.16,0.01,0,0,0,0,0,0,0.14,0.44,0.16,0.09,0.01,0,0,0,0,0,0,0,0,0.06,0.00198,0.0182,0.0112,0.0239
17163,0,0,0,0,0.04,0.27,0.43,0.32,0.13,0.01,0,0,0,0,0,0,0,0,0.02,0.01,0,0,0,0,0.37,0.24,0.06,0,0,0,0,0,0,0,0.05,0.2,0.03,0.01,0,0,0,0,0,0,0,0,0,0,0.0967,0.00987,0.0651,0.0295
17165,0,0,0,0,0.02,0.21,0.39,0.28,0.12,0,0,0,0,0,0,0,0,0,0.02,0,0,0,0,0,0.3,0.19,0.04,0,0,0,0,0,0,0,0.04,0.18,0.02,0.01,0,0,0,0,0,0,0,0,0,0,0.00511,0.0995,0.0447,0.0335
17167,0,0,0,0,0.02,0.17,0.25,0.18,0.09,0,0,0,0,0,0,0,0,0,0.01,0,0,0,0,0,0.48,0.36,0.1,0,0,0,0,0,0,0,0.08,0.31,0.08,0.04,0,0,0,0,0,0,0,0,0,0.01,0,0.0142,0.0411,0.0245
17169,0,0,0,0,0.02,0.16,0.26,0.19,0.08,0,0,0,0,0,0,0,0,0,0.01,0,0,0,0,0,0.52,0.38,0.11,0.01,0,0,0,0,0,0,0.1,0.35,0.09,0.05,0,0,0,0,0,0,0,0,0,0.03,0,0.015,0.0405,0.0238
17171,0,0,0,0,0.02,0.18,0.3,0.22,0.1,0.01,0,0,0,0,0,0,0,0,0.01,0,0,0,0,0,0.48,0.34,0.09,0,0,0,0,0,0,0,0.08,0.3,0.07,0.04,0,0,0,0,0,0,0,0,0,0.01,0.0304,0.0238,0.053,0.0259
17173,0,0,0,0,0.02,0.17,0.25,0.18,0.09,0.01,0,0,0,0,0,0,0,0,0.01,0,0,0,0,0,0.45,0.31,0.09,0,0,0,0,0,0,0,0.07,0.26,0.07,0.03,0,0,0,0,0,0,0,0,0,0.01,0.0308,0.0283,0.0362,0.0245
17175,0,0,0,0,0.02,0.11,0.17,0.1,0.05,0,0,0,0,0,0,0,0,0,0.01,0,0,0,0,0,0.59,0.47,0.17,0.01,0,0,0,0,0,0,0.14,0.43,0.14,0.08,0.01,0,0,0,0,0,0,0,0,0.05,0.0022,0.0868,0.015,0.0236
17177,0,0,0,0,0.02,0.07,0.11,0.06,0.02,0,0,0,0,0,0,0,0,0,0,0,0,0,0,0,0.67,0.58,0.23,0.01,0,0,0,0,0,0,0.16,0.5,0.22,0.13,0.02,0,0,0,0,0,0,0,0,0.08,0,0.0635,0.00465,0.0284
17179,0,0,0,0,0.03,0.16,0.24,0.16,0.08,0,0,0,0,0,0,0,0,0,0.01,0,0,0,0,0,0.53,0.42,0.13,0.01,0,0,0,0,0,0,0.11,0.36,0.11,0.06,0,0,0,0,0,0,0,0,0,0.03,0.00664,0.0278,0.0237,0.0232
17181,0,0,0,0,0.02,0.23,0.42,0.32,0.12,0,0,0,0,0,0,0,0,0,0.01,0.01,0,0,0,0,0.31,0.18,0.04,0,0,0,0,0,0,0,0.03,0.17,0.02,0.01,0,0,0,0,0,0,0,0,0,0,0.0288,0.0237,0.0599,0.0327
17183,0,0,0,0,0.02,0.15,0.19,0.12,0.08,0,0,0,0,0,0,0,0,0,0.01,0,0,0,0,0,0.52,0.39,0.13,0.01,0,0,0,0,0,0,0.09,0.33,0.11,0.06,0,0,0,0,0,0,0,0,0,0.02,0.000514,0.00781,0.0132,0.0241
17185,0,0,0,0,0.02,0.24,0.35,0.26,0.13,0.01,0,0,0,0,0,0,0,0,0.01,0,0,0,0,0,0.35,0.22,0.05,0,0,0,0,0,0,0,0.04,0.2,0.03,0.01,0,0,0,0,0,0,0,0,0,0,0.00382,0.104,0.028,0.0302
17187,0,0,0,0,0.01,0.1,0.19,0.12,0.05,0,0,0,0,0,0,0,0,0,0,0,0,0,0,0,0.59,0.46,0.15,0.01,0,0,0,0,0,0,0.14,0.43,0.14,0.08,0.01,0,0,0,0,0,0,0,0,0.05,0.00222,0.045,0.0229,0.0229
17189,0,0,0,0,0.02,0.22,0.37,0.28,0.12,0.01,0,0,0,0,0,0,0,0,0.01,0.01,0,0,0,0,0.38,0.24,0.06,0,0,0,0,0,0,0,0.05,0.22,0.04,0.01,0,0,0,0,0,0,0,0,0,0,0.176,0.0488,0.0576,0.0296
17191,0,0,0,0,0.02,0.22,0.35,0.27,0.12,0.01,0,0,0,0,0,0,0,0,0.01,0,0,0,0,0,0.36,0.22,0.05,0,0,0,0,0,0,0,0.04,0.21,0.03,0.01,0,0,0,0,0,0,0,0,0,0,0.0241,0.0306,0.0385,0.0292
17193,0,0,0,0,0.02,0.23,0.37,0.28,0.14,0.01,0,0,0,0,0,0,0,0,0.02,0.01,0,0,0,0,0.31,0.2,0.04,0,0,0,0,0,0,0,0.04,0.17,0.02,0.01,0,0,0,0,0,0,0,0,0,0,0.062,0.0572,0.0353,0.0323
17195,0,0,0,0,0.02,0.1,0.16,0.08,0.04,0,0,0,0,0,0,0,0,0,0,0,0,0,0,0,0.63,0.5,0.18,0.01,0,0,0,0,0,0,0.14,0.46,0.17,0.1,0.01,0,0,0,0,0,0,0,0,0.06,0,0.0226,0.00704,0.0252
17197,0,0,0,0,0.03,0.14,0.17,0.09,0.06,0,0,0,0,0,0,0,0,0,0,0,0,0,0,0,0.58,0.44,0.15,0.01,0,0,0,0,0,0,0.11,0.36,0.12,0.07,0.01,0,0,0,0,0,0,0,0,0.04,0,0.00449,0.00464,0.0308
17199,0,0,0,0,0.02,0.17,0.36,0.28,0.1,0.01,0,0,0,0,0,0,0,0,0.02,0.01,0,0,0,0,0.32,0.2,0.04,0,0,0,0,0,0,0,0.04,0.18,0.02,0.01,0,0,0,0,0,0,0,0,0,0,0.00169,0.134,0.0526,0.0326
17201,0,0,0,0,0.02,0.08,0.13,0.07,0.02,0,0,0,0,0,0,0,0,0,0,0,0,0,0,0,0.65,0.54,0.22,0.01,0,0,0,0,0,0,0.14,0.47,0.19,0.11,0.01,0,0,0,0,0,0,0,0,0.08,0.00122,0.0714,0.00433,0.0309
17203,0,0,0,0,0.03,0.15,0.21,0.13,0.07,0,0,0,0,0,0,0,0,0,0.01,0,0,0,0,0,0.56,0.44,0.14,0.01,0,0,0,0,0,0,0.12,0.39,0.12,0.07,0.01,0,0,0,0,0,0,0,0,0.04,0.0106,0.00376,0.0166,0.0236
18001,0,0,0,0,0.01,0.1,0.15,0.06,0.04,0,0,0,0,0,0,0,0,0,0,0,0,0,0,0,0.51,0.41,0.15,0.01,0,0,0,0,0,0,0.06,0.29,0.09,0.05,0,0,0,0,0,0,0,0,0,0.02,0.00787,0.049,0.00741,0.0292
18003,0,0,0,0,0.02,0.1,0.16,0.07,0.04,0,0,0,0,0,0,0,0,0,0.01,0,0,0,0,0,0.52,0.44,0.17,0.01,0,0,0,0,0,0,0.07,0.31,0.09,0.06,0,0,0,0,0,0,0,0,0,0.03,0.0719,0.0144,0.00748,0.0281
18005,0,0,0,0,0.01,0.1,0.19,0.15,0.07,0,0,0,0,0,0,0,0,0,0,0,0,0,0,0,0.4,0.27,0.08,0,0,0,0,0,0,0,0.05,0.24,0.05,0.03,0,0,0,0,0,0,0,0,0,0.01,0.00147,0.0193,0.00686,0.0391
18007,0,0,0,0,0.03,0.12,0.14,0.09,0.06,0,0,0,0,0,0,0,0,0,0,0,0,0,0,0,0.55,0.41,0.15,0.01,0,0,0,0,0,0,0.1,0.35,0.13,0.07,0.01,0,0,0,0,0,0,0,0,0.03,0,0.0295,0.0071,0.027
18009,0,0,0,0,0.01,0.1,0.15,0.07,0.04,0,0,0,0,0,0,0,0,0,0,0,0,0,0,0,0.49,0.38,0.14,0,0,0,0,0,0,0,0.06,0.28,0.08,0.05,0,0,0,0,0,0,0,0,0,0.02,0,0.0104,0.00699,0.0295
18011,0,0,0,0,0.01,0.06,0.1,0.07,0.04,0,0,0,0,0,0,0,0,0,0,0,0,0,0,0,0.51,0.39,0.14,0,0,0,0,0,0,0,0.08,0.32,0.1,0.06,0,0,0,0,0,0,0,0,0,0.03,0,0.00887,0.00679,0.0264
18013,0,0,0,0,0.01,0.06,0.16,0.13,0.06,0,0,0,0,0,0,0,0,0,0.01,0,0,0,0,0,0.43,0.3,0.1,0,0,0,0,0,0,0,0.06,0.26,0.06,0.03,0,0,0,0,0,0,0,0,0,0.01,0,0.0179,0.00817,0.0347
18015,0,0,0,0,0.02,0.11,0.14,0.08,0.06,0,0,0,0,0,0,0,0,0,0,0,0,0,0,0,0.51,0.39,0.14,0.01,0,0,0,0,0,0,0.08,0.32,0.1,0.06,0,0,0,0,0,0,0,0,0,0.02,0,0.0246,0.00584,0.0274
18017,0,0,0,0,0.01,0.1,0.13,0.07,0.05,0,0,0,0,0,0,0,0,0,0,0,0,0,0,0,0.51,0.4,0.15,0.01,0,0,0,0,0,0,0.08,0.32,0.1,0.06,0,0,0,0,0,0,0,0,0,0.03,0,0.0491,0.00595,0.0281
18019,0,0,0,0,0.02,0.17,0.29,0.23,0.11,0.01,0,0,0,0,0,0,0,0,0.01,0,0,0,0,0,0.35,0.24,0.06,0,0,0,0,0,0,0,0.04,0.21,0.03,0.01,0,0,0,0,0,0,0,0,0,0,0.0172,0.00804,0.007,0.0505
18021,0,0,0,0,0.01,0.13,0.22,0.17,0.08,0,0,0,0,0,0,0,0,0,0.01,0,0,0,0,0,0.46,0.33,0.1,0,0,0,0,0,0,0,0.07,0.28,0.08,0.03,0,0,0,0,0,0,0,0,0,0.02,0.00561,0.0144,0.0142,0.0255
18023,0,0,0,0,0.01,0.08,0.1,0.07,0.04,0,0,0,0,0,0,0,0,0,0,0,0,0,0,0,0.51,0.39,0.14,0.01,0,0,0,0,0,0,0.08,0.32,0.1,0.06,0,0,0,0,0,0,0,0,0,0.03,0,0.0779,0.00624,0.0266
18025,0,0,0,0,0.01,0.15,0.25,0.22,0.1,0,0,0,0,0,0,0,0,0,0.01,0,0,0,0,0,0.37,0.25,0.07,0,0,0,0,0,0,0,0.06,0.22,0.03,0.01,0,0,0,0,0,0,0,0,0,0.01,0.000831,0.0128,0.0107,0.0419
18027,0,0,0,0,0.02,0.16,0.27,0.21,0.11,0,0,0,0,0,0,0,0,0,0.01,0,0,0,0,0,0.41,0.29,0.07,0,0,0,0,0,0,0,0.07,0.24,0.05,0.02,0,0,0,0,0,0,0,0,0,0.01,0,0.0163,0.0167,0.0312
18029,0,0,0,0,0.01,0.07,0.18,0.15,0.06,0,0,0,0,0,0,0,0,0,0,0,0,0,0,0,0.4,0.29,0.08,0,0,0,0,0,0,0,0.05,0.23,0.05,0.02,0,0,0,0,0,0,0,0,0,0.01,0,0.033,0.00581,0.0529
18031,0,0,0,0,0.01,0.06,0.14,0.11,0.05,0,0,0,0,0,0,0,0,0,0,0,0,0,0,0,0.42,0.29,0.1,0,0,0,0,0,0,0,0.06,0.25,0.06,0.03,0,0,0,0,0,0,0,0,0,0.01,0,0.0703,0.0062,0.0433
18033,0,0,0,0,0.01,0.09,0.13,0.05,0.03,0,0,0,0,0,0,0,0,0,0,0,0,0,0,0,0.55,0.47,0.2,0.01,0,0,0,0,0,0,0.08,0.35,0.11,0.06,0.01,0,0,0,0,0,0,0,0,0.03,0.000723,0.0717,0.00761,0.0284
18035,0,0,0,0,0.01,0.09,0.14,0.07,0.04,0,0,0,0,0,0,0,0,0,0,0,0,0,0,0,0.48,0.37,0.13,0,0,0,0,0,0,0,0.06,0.28,0.08,0.04,0,0,0,0,0,0,0,0,0,0.02,0,0.0461,0.00678,0.0311
18037,0,0,0,0,0.01,0.16,0.26,0.21,0.11,0,0,0,0,0,0,0,0,0,0.01,0,0,0,0,0,0.38,0.26,0.06,0,0,0,0,0,0,0,0.07,0.23,0.04,0.01,0,0,0,0,0,0,0,0,0,0.01,,,0.0148,0.0361
18039,0,0,0,0,0.01,0.09,0.12,0.05,0.03,0,0,0,0,0,0,0,0,0,0,0,0,0,0,0,0.55,0.47,0.2,0.01,0,0,0,0,0,0,0.08,0.33,0.1,0.06,0.01,0,0,0,0,0,0,0,0,0.03,0,0.0196,0.00671,0.0306
18041,0,0,0,0,0.01,0.07,0.14,0.09,0.04,0,0,0,0,0,0,0,0,0,0,0,0,0,0,0,0.47,0.34,0.12,0,0,0,0,0,0,0,0.07,0.27,0.08,0.04,0,0,0,0,0,0,0,0,0,0.02,0,0.025,0.0063,0.0413
18043,0,0,0,0,0.01,0.16,0.27,0.23,0.11,0.01,0,0,0,0,0,0,0,0,0.01,0,0,0,0,0,0.35,0.23,0.06,0,0,0,0,0,0,0,0.04,0.2,0.02,0.01,0,0,0,0,0,0,0,0,0,0,0.0387,0.0101,0.00763,0.0492
18045,0,0,0,0,0.02,0.13,0.17,0.11,0.08,0,0,0,0,0,0,0,0,0,0.01,0,0,0,0,0,0.5,0.39,0.13,0,0,0,0,0,0,0,0.09,0.32,0.1,0.06,0,0,0,0,0,0,0,0,0,0.02,0,0.0325,0.01,0.0246
18047,0,0,0,0,0.01,0.07,0.16,0.12,0.05,0,0,0,0,0,0,0,0,0,0,0,0,0,0,0,0.43,0.31,0.1,0,0,0,0,0,0,0,0.06,0.25,0.06,0.03,0,0,0,0,0,0,0,0,0,0.01,0,0.0386,0.00605,0.047
18049,0,0,0,0,0.02,0.09,0.13,0.06,0.05,0,0,0,0,0,0,0,0,0,0,0,0,0,0,0,0.55,0.42,0.18,0.01,0,0,0,0,0,0,0.08,0.32,0.11,0.06,0.01,0,0,0,0,0,0,0,0,0.03,0.00117,0.0538,0.00608,0.0292
18051,0,0,0,0,0.02,0.23,0.35,0.26,0.13,0.01,0,0,0,0,0,0,0,0,0.01,0,0,0,0,0,0.34,0.22,0.04,0,0,0,0,0,0,0,0.04,0.18,0.02,0.01,0,0,0,0,0,0,0,0,0,0,0.00113,0.00982,0.0241,0.0323
18053,0,0,0,0,0.02,0.09,0.14,0.07,0.04,0,0,0,0,0,0,0,0,0,0,0,0,0,0,0,0.49,0.39,0.14,0.01,0,0,0,0,0,0,0.07,0.29,0.09,0.05,0,0,0,0,0,0,0,0,0,0.02,0,0.0607,0.00674,0.0283
18055,0,0,0,0,0.01,0.12,0.23,0.18,0.08,0,0,0,0,0,0,0,0,0,0.01,0,0,0,0,0,0.43,0.31,0.09,0,0,0,0,0,0,0,0.07,0.26,0.06,0.02,0,0,0,0,0,0,0,0,0,0.02,0.0376,0.0568,0.0148,0.0284
18057,0,0,0,0,0.01,0.08,0.13,0.08,0.04,0,0,0,0,0,0,0,0,0,0,0,0,0,0,0,0.48,0.36,0.13,0,0,0,0,0,0,0,0.08,0.3,0.09,0.05,0,0,0,0,0,0,0,0,0,0.02,0,0.0462,0.00632,0.0286
18059,0,0,0,0,0.01,0.08,0.14,0.08,0.05,0,0,0,0,0,0,0,0,0,0,0,0,0,0,0,0.46,0.33,0.12,0,0,0,0,0,0,0,0.07,0.28,0.07,0.04,0,0,0,0,0,0,0,0,0,0.02,0,0.0209,0.00637,0.0325
18061,0,0,0,0,0.01,0.16,0.27,0.24,0.11,0.01,0,0,0,0,0,0,0,0,0.01,0,0,0,0,0,0.35,0.23,0.06,0,0,0,0,0,0,0,0.05,0.2,0.02,0.01,0,0,0,0,0,0,0,0,0,0,0.015,0.018,0.00846,0.0477
18063,0,0,0,0,0.01,0.05,0.12,0.07,0.04,0,0,0,0,0,0,0,0,0,0,0,0,0,0,0,0.49,0.36,0.13,0,0,0,0,0,0,0,0.08,0.3,0.09,0.05,0,0,0,0,0,0,0,0,0,0.02,0,0.0252,0.0078,0.0269
18065,0,0,0,0,0.01,0.06,0.11,0.06,0.04,0,0,0,0,0,0,0,0,0,0,0,0,0,0,0,0.49,0.37,0.14,0,0,0,0,0,0,0,0.08,0.29,0.09,0.05,0,0,0,0,0,0,0,0,0,0.02,0,0.0387,0.00654,0.0345
18067,0,0,0,0,0.01,0.08,0.12,0.06,0.04,0,0,0,0,0,0,0,0,0,0,0,0,0,0,0,0.51,0.39,0.15,0.01,0,0,0,0,0,0,0.08,0.3,0.1,0.05,0,0,0,0,0,0,0,0,0,0.02,0,0.0292,0.00625,0.0275
18069,0,0,0,0,0.02,0.09,0.15,0.06,0.04,0,0,0,0,0,0,0,0,0,0,0,0,0,0,0,0.51,0.41,0.16,0.01,0,0,0,0,0,0,0.07,0.3,0.09,0.05,0,0,0,0,0,0,0,0,0,0.02,0,0.0367,0.00704,0.0282
18071,0,0,0,0,0.01,0.1,0.22,0.18,0.09,0,0,0,0,0,0,0,0,0,0.01,0,0,0,0,0,0.39,0.27,0.08,0,0,0,0,0,0,0,0.06,0.23,0.04,0.02,0,0,0,0,0,0,0,0,0,0.01,0,0.0407,0.00778,0.0407
18073,0,0,0,0,0.03,0.13,0.15,0.08,0.07,0,0,0,0,0,0,0,0,0,0,0,0,0,0,0,0.55,0.43,0.16,0.01,0,0,0,0,0,0,0.1,0.33,0.12,0.06,0.01,0,0,0,0,0,0,0,0,0.04,0,0.0148,0.00506,0.0296
18075,0,0,0,0,0.01,0.09,0.15,0.07,0.04,0,0,0,0,0,0,0,0,0,0,0,0,0,0,0,0.5,0.39,0.15,0,0,0,0,0,0,0,0.07,0.28,0.09,0.05,0,0,0,0,0,0,0,0,0,0.02,0,0.0179,0.00715,0.0312
18077,0,0,0,0,0.01,0.1,0.21,0.18,0.08,0.01,0,0,0,0,0,0,0,0,0,0,0,0,0,0,0.37,0.25,0.07,0,0,0,0,0,0,0,0.04,0.22,0.04,0.01,0,0,0,0,0,0,0,0,0,0,0.00274,0.0521,0.00643,0.0511
18079,0,0,0,0,0.01,0.09,0.19,0.16,0.08,0,0,0,0,0,0,0,0,0,0,0,0,0,0,0,0.39,0.27,0.08,0,0,0,0,0,0,0,0.05,0.23,0.04,0.02,0,0,0,0,0,0,0,0,0,0,0.000891,0.0218,0.00655,0.0458
18081,0,0,0,0,0.01,0.07,0.15,0.1,0.05,0,0,0,0,0,0,0,0,0,0.01,0,0,0,0,0,0.46,0.31,0.11,0,0,0,0,0,0,0,0.07,0.27,0.07,0.04,0,0,0,0,0,0,0,0,0,0.02,0,0.0267,0.00694,0.0329
18083,0,0,0,0,0.02,0.21,0.3,0.23,0.13,0.01,0,0,0,0,0,0,0,0,0.01,0,0,0,0,0,0.39,0.26,0.06,0,0,0,0,0,0,0,0.06,0.22,0.04,0.02,0,0,0,0,0,0,0,0,0,0.01,0.0113,0.00598,0.0211,0.0294
18085,0,0,0,0,0.02,0.08,0.12,0.05,0.04,0,0,0,0,0,0,0,0,0,0,0,0,0,0,0,0.55,0.44,0.18,0.01,0,0,0,0,0,0,0.08,0.33,0.11,0.06,0.01,0,0,0,0,0,0,0,0,0.03,0,0.0322,0.00669,0.0294
18087,0,0,0,0,0.01,0.08,0.12,0.05,0.02,0,0,0,0,0,0,0,0,0,0,0,0,0,0,0,0.56,0.48,0.22,0.01,0,0,0,0,0,0,0.08,0.34,0.1,0.06,0.01,0,0,0,0,0,0,0,0,0.03,0,0.0297,0.00724,0.0299
18089,0,0,0,0,0.02,0.11,0.14,0.07,0.05,0,0,0,0,0,0,0,0,0,0,0,0,0,0,0,0.56,0.44,0.16,0.01,0,0,0,0,0,0,0.09,0.34,0.11,0.06,0.01,0,0,0,0,0,0,0,0,0.03,0,0.0196,0.00436,0.0321
18091,0,0,0,0,0.02,0.09,0.12,0.06,0.03,0,0,0,0,0,0,0,0,0,0,0,0,0,0,0,0.56,0.45,0.19,0.01,0,0,0,0,0,0,0.08,0.33,0.11,0.06,0.01,0,0,0,0,0,0,0,0,0.03,0,0.023,0.0053,0.032
18093,0,0,0,0,0.01,0.1,0.21,0.18,0.08,0,0,0,0,0,0,0,0,0,0.01,0,0,0,0,0,0.43,0.31,0.1,0,0,0,0,0,0,0,0.08,0.26,0.06,0.02,0,0,0,0,0,0,0,0,0,0.01,0,0.0327,0.0106,0.0353
18095,0,0,0,0,0.01,0.08,0.14,0.08,0.04,0,0,0,0,0,0,0,0,0,0,0,0,0,0,0,0.47,0.36,0.12,0,0,0,0,0,0,0,0.07,0.28,0.08,0.05,0,0,0,0,0,0,0,0,0,0.02,0,0.0737,0.00652,0.0297
18097,0,0,0,0,0.01,0.07,0.15,0.09,0.05,0,0,0,0,0,0,0,0,0,0,0,0,0,0,0,0.47,0.33,0.12,0,0,0,0,0,0,0,0.07,0.28,0.08,0.04,0,0,0,0,0,0,0,0,0,0.02,0,0.00763,0.00661,0.0296
18099,0,0,0,0,0.02,0.09,0.13,0.06,0.04,0,0,0,0,0,0,0,0,0,0,0,0,0,0,0,0.56,0.45,0.19,0.01,0,0,0,0,0,0,0.09,0.33,0.11,0.06,0.01,0,0,0,0,0,0,0,0,0.03,0.00114,0.0301,0.00609,0.0303
18101,0,0,0,0,0.01,0.12,0.23,0.2,0.09,0,0,0,0,0,0,0,0,0,0.01,0,0,0,0,0,0.43,0.3,0.09,0,0,0,0,0,0,0,0.08,0.26,0.06,0.02,0,0,0,0,0,0,0,0,0,0.01,0,0.00764,0.0137,0.0333
18103,0,0,0,0,0.01,0.09,0.13,0.06,0.05,0,0,0,0,0,0,0,0,0,0,0,0,0,0,0,0.51,0.39,0.15,0.01,0,0,0,0,0,0,0.07,0.31,0.09,0.05,0,0,0,0,0,0,0,0,0,0.02,0,0.0163,0.00637,0.0281
18105,0,0,0,0,0.01,0.07,0.17,0.14,0.06,0,0,0,0,0,0,0,0,0,0.01,0,0,0,0,0,0.44,0.31,0.11,0,0,0,0,0,0,0,0.07,0.27,0.07,0.03,0,0,0,0,0,0,0,0,0,0.02,0,0.0143,0.0101,0.0315
18107,0,0,0,0,0.02,0.09,0.12,0.09,0.05,0,0,0,0,0,0,0,0,0,0,0,0,0,0,0,0.51,0.39,0.14,0.01,0,0,0,0,0,0,0.08,0.32,0.1,0.06,0,0,0,0,0,0,0,0,0,0.02,0,0.0303,0.00846,0.0251
18109,0,0,0,0,0.01,0.06,0.15,0.11,0.06,0,0,0,0,0,0,0,0,0,0.01,0,0,0,0,0,0.45,0.32,0.11,0,0,0,0,0,0,0,0.07,0.27,0.08,0.04,0,0,0,0,0,0,0,0,0,0.01,0.00174,0.0201,0.00854,0.0292
18111,0,0,0,0,0.03,0.14,0.16,0.1,0.07,0,0,0,0,0,0,0,0,0,0,0,0,0,0,0,0.55,0.42,0.16,0.01,0,0,0,0,0,0,0.1,0.35,0.12,0.07,0.01,0,0,0,0,0,0,0,0,0.03,0.0000665,0.0476,0.00549,0.0291
18113,0,0,0,0,0.01,0.08,0.12,0.05,0.03,0,0,0,0,0,0,0,0,0,0,0,0,0,0,0,0.55,0.47,0.2,0.01,0,0,0,0,0,0,0.08,0.34,0.11,0.06,0.01,0,0,0,0,0,0,0,0,0.03,0.00397,0.0121,0.00723,0.0291
18115,0,0,0,0,0.01,0.08,0.2,0.16,0.06,0,0,0,0,0,0,0,0,0,0,0,0,0,0,0,0.37,0.25,0.07,0,0,0,0,0,0,0,0.04,0.21,0.04,0.01,0,0,0,0,0,0,0,0,0,0,0,0.0233,0.00578,0.0559
18117,0,0,0,0,0.01,0.12,0.23,0.19,0.09,0,0,0,0,0,0,0,0,0,0.01,0,0,0,0,0,0.4,0.28,0.09,0,0,0,0,0,0,0,0.07,0.25,0.05,0.02,0,0,0,0,0,0,0,0,0,0.01,0,0,0.011,0.0384
18119,0,0,0,0,0.01,0.09,0.18,0.15,0.07,0,0,0,0,0,0,0,0,0,0.01,0,0,0,0,0,0.45,0.32,0.11,0,0,0,0,0,0,0,0.07,0.28,0.08,0.03,0,0,0,0,0,0,0,0,0,0.02,0.000292,0.0148,0.012,0.0274
18121,0,0,0,0,0.02,0.13,0.19,0.13,0.08,0,0,0,0,0,0,0,0,0,0.01,0,0,0,0,0,0.48,0.37,0.11,0,0,0,0,0,0,0,0.08,0.3,0.09,0.05,0,0,0,0,0,0,0,0,0,0.02,0.00109,0.0247,0.0124,0.024
18123,0,0,0,0,0.01,0.17,0.27,0.24,0.11,0,0,0,0,0,0,0,0,0,0.01,0,0,0,0,0,0.33,0.21,0.05,0,0,0,0,0,0,0,0.05,0.19,0.02,0.01,0,0,0,0,0,0,0,0,0,0,0,0,0.0122,0.0418
18125,0,0,0,0,0.02,0.2,0.3,0.22,0.12,0,0,0,0,0,0,0,0,0,0.01,0,0,0,0,0,0.37,0.26,0.06,0,0,0,0,0,0,0,0.05,0.22,0.03,0.01,0,0,0,0,0,0,0,0,0,0,0.00257,0.0173,0.0191,0.0332
18127,0,0,0,0,0.02,0.1,0.12,0.07,0.04,0,0,0,0,0,0,0,0,0,0,0,0,0,0,0,0.57,0.44,0.17,0.01,0,0,0,0,0,0,0.09,0.34,0.11,0.06,0.01,0,0,0,0,0,0,0,0,0.03,0,0.0339,0.00476,0.0322
18129,0,0,0,0,0.02,0.22,0.37,0.3,0.13,0.01,0,0,0,0,0,0,0,0,0.01,0.01,0,0,0,0,0.3,0.19,0.03,0,0,0,0,0,0,0,0.03,0.16,0.02,0.01,0,0,0,0,0,0,0,0,0,0,0.0112,0.0847,0.0296,0.0339
18131,0,0,0,0,0.02,0.12,0.15,0.09,0.05,0,0,0,0,0,0,0,0,0,0,0,0,0,0,0,0.56,0.43,0.17,0.01,0,0,0,0,0,0,0.09,0.34,0.12,0.06,0,0,0,0,0,0,0,0,0,0.04,0,0.0249,0.00542,0.0296
18133,0,0,0,0,0.01,0.06,0.13,0.08,0.05,0,0,0,0,0,0,0,0,0,0,0,0,0,0,0,0.48,0.37,0.13,0,0,0,0,0,0,0,0.08,0.31,0.09,0.05,0,0,0,0,0,0,0,0,0,0.02,0,0.00931,0.0104,0.0253
18135,0,0,0,0,0.01,0.06,0.11,0.05,0.03,0,0,0,0,0,0,0,0,0,0,0,0,0,0,0,0.5,0.39,0.15,0,0,0,0,0,0,0,0.08,0.29,0.09,0.05,0,0,0,0,0,0,0,0,0,0.02,0,0.065,0.0069,0.0342
18137,0,0,0,0,0.01,0.05,0.14,0.11,0.05,0,0,0,0,0,0,0,0,0,0,0,0,0,0,0,0.41,0.29,0.09,0,0,0,0,0,0,0,0.06,0.24,0.06,0.02,0,0,0,0,0,0,0,0,0,0.01,0,0.0187,0.00605,0.0497
18139,0,0,0,0,0.01,0.07,0.13,0.08,0.04,0,0,0,0,0,0,0,0,0,0,0,0,0,0,0,0.46,0.33,0.12,0,0,0,0,0,0,0,0.07,0.27,0.07,0.04,0,0,0,0,0,0,0,0,0,0.02,0,0.0853,0.0063,0.0385
18141,0,0,0,0,0.02,0.09,0.12,0.05,0.03,0,0,0,0,0,0,0,0,0,0,0,0,0,0,0,0.56,0.46,0.2,0.01,0,0,0,0,0,0,0.07,0.33,0.1,0.06,0.01,0,0,0,0,0,0,0,0,0.03,0,0.0488,0.00608,0.0315
18143,0,0,0,0,0.01,0.13,0.26,0.2,0.1,0.01,0,0,0,0,0,0,0,0,0.01,0,0,0,0,0,0.38,0.26,0.06,0,0,0,0,0,0,0,0.05,0.22,0.04,0.01,0,0,0,0,0,0,0,0,0,0,0.00172,0.0136,0.00701,0.0477
18145,0,0,0,0,0.01,0.09,0.16,0.11,0.06,0,0,0,0,0,0,0,0,0,0,0,0,0,0,0,0.44,0.3,0.1,0,0,0,0,0,0,0,0.06,0.26,0.07,0.03,0,0,0,0,0,0,0,0,0,0.01,0,0.0161,0.00636,0.0361
18147,0,0,0,0,0.01,0.21,0.31,0.26,0.12,0,0,0,0,0,0,0,0,0,0.01,0,0,0,0,0,0.32,0.2,0.04,0,0,0,0,0,0,0,0.04,0.17,0.02,0.01,0,0,0,0,0,0,0,0,0,0,0.00509,0.0744,0.0162,0.0388
18149,0,0,0,0,0.02,0.1,0.14,0.07,0.05,0,0,0,0,0,0,0,0,0,0,0,0,0,0,0,0.57,0.44,0.19,0.01,0,0,0,0,0,0,0.09,0.34,0.12,0.06,0.01,0,0,0,0,0,0,0,0,0.03,0,0.0124,0.00547,0.0306
18151,0,0,0,0,0.01,0.06,0.11,0.04,0.02,0,0,0,0,0,0,0,0,0,0,0,0,0,0,0,0.56,0.5,0.23,0.01,0,0,0,0,0,0,0.1,0.36,0.11,0.06,0.01,0,0,0,0,0,0,0,0,0.03,0,0.0349,0.00764,0.029
18153,0,0,0,0,0.02,0.18,0.27,0.2,0.1,0.01,0,0,0,0,0,0,0,0,0.01,0,0,0,0,0,0.42,0.28,0.07,0,0,0,0,0,0,0,0.07,0.25,0.05,0.02,0,0,0,0,0,0,0,0,0,0.01,0.0197,0.0374,0.0193,0.0262
18155,0,0,0,0,0.01,0.07,0.21,0.17,0.07,0.01,0,0,0,0,0,0,0,0,0,0,0,0,0,0,0.37,0.23,0.06,0,0,0,0,0,0,0,0.04,0.21,0.04,0.01,0,0,0,0,0,0,0,0,0,0,0.0241,0.00429,0.0059,0.0563
18157,0,0,0,0,0.02,0.11,0.14,0.1,0.06,0,0,0,0,0,0,0,0,0,0,0,0,0,0,0,0.51,0.39,0.14,0.01,0,0,0,0,0,0,0.09,0.32,0.11,0.06,0,0,0,0,0,0,0,0,0,0.03,0.00301,0.0295,0.00676,0.0263
18159,0,0,0,0,0.01,0.08,0.12,0.07,0.04,0,0,0,0,0,0,0,0,0,0,0,0,0,0,0,0.5,0.39,0.14,0.01,0,0,0,0,0,0,0.08,0.3,0.1,0.06,0,0,0,0,0,0,0,0,0,0.02,0,0.057,0.0063,0.0276
18161,0,0,0,0,0.01,0.07,0.15,0.11,0.04,0,0,0,0,0,0,0,0,0,0,0,0,0,0,0,0.46,0.34,0.11,0,0,0,0,0,0,0,0.07,0.27,0.07,0.04,0,0,0,0,0,0,0,0,0,0.01,0,0.00607,0.00624,0.0443
18163,0,0,0,0,0.02,0.22,0.37,0.29,0.13,0.01,0,0,0,0,0,0,0,0,0.01,0,0,0,0,0,0.31,0.19,0.03,0,0,0,0,0,0,0,0.03,0.16,0.02,0.01,0,0,0,0,0,0,0,0,0,0,0.00571,0.0671,0.0246,0.0352
18165,0,0,0,0,0.03,0.16,0.21,0.15,0.09,0,0,0,0,0,0,0,0,0,0.01,0,0,0,0,0,0.48,0.36,0.11,0,0,0,0,0,0,0,0.08,0.3,0.09,0.05,0,0,0,0,0,0,0,0,0,0.02,0.00112,0.0454,0.0141,0.0236
18167,0,0,0,0,0.02,0.18,0.25,0.19,0.09,0,0,0,0,0,0,0,0,0,0.01,0,0,0,0,0,0.45,0.31,0.09,0,0,0,0,0,0,0,0.07,0.26,0.07,0.03,0,0,0,0,0,0,0,0,0,0.01,0.00339,0.0022,0.0168,0.0244
18169,0,0,0,0,0.02,0.09,0.14,0.06,0.04,0,0,0,0,0,0,0,0,0,0,0,0,0,0,0,0.51,0.4,0.15,0.01,0,0,0,0,0,0,0.07,0.3,0.09,0.05,0,0,0,0,0,0,0,0,0,0.03,0,0.0474,0.0067,0.0282
18171,0,0,0,0,0.02,0.14,0.16,0.11,0.08,0,0,0,0,0,0,0,0,0,0.01,0,0,0,0,0,0.53,0.4,0.14,0.01,0,0,0,0,0,0,0.1,0.34,0.11,0.06,0,0,0,0,0,0,0,0,0,0.03,0,0.0247,0.00914,0.0254
18173,0,0,0,0,0.02,0.22,0.33,0.26,0.12,0,0,0,0,0,0,0,0,0,0.01,0,0,0,0,0,0.33,0.21,0.04,0,0,0,0,0,0,0,0.04,0.18,0.02,0.01,0,0,0,0,0,0,0,0,0,0,0.0133,0.0599,0.0197,0.036
18175,0,0,0,0,0.01,0.1,0.21,0.18,0.09,0,0,0,0,0,0,0,0,0,0.01,0,0,0,0,0,0.4,0.27,0.08,0,0,0,0,0,0,0,0.06,0.24,0.04,0.02,0,0,0,0,0,0,0,0,0,0.01,0.00149,0.0191,0.00837,0.0433
18177,0,0,0,0,0.01,0.07,0.12,0.07,0.04,0,0,0,0,0,0,0,0,0,0,0,0,0,0,0,0.49,0.38,0.13,0,0,0,0,0,0,0,0.07,0.29,0.08,0.05,0,0,0,0,0,0,0,0,0,0.02,0,0.0709,0.00655,0.0389
18179,0,0,0,0,0.02,0.1,0.15,0.06,0.04,0,0,0,0,0,0,0,0,0,0,0,0,0,0,0,0.5,0.41,0.15,0.01,0,0,0,0,0,0,0.07,0.29,0.09,0.05,0,0,0,0,0,0,0,0,0,0.02,0.00459,0.0721,0.00723,0.0286
18181,0,0,0,0,0.03,0.12,0.15,0.08,0.07,0,0,0,0,0,0,0,0,0,0,0,0,0,0,0,0.54,0.4,0.15,0.01,0,0,0,0,0,0,0.09,0.33,0.12,0.06,0,0,0,0,0,0,0,0,0,0.02,0,0.005,0.00558,0.0281
18183,0,0,0,0,0.01,0.08,0.13,0.05,0.03,0,0,0,0,0,0,0,0,0,0,0,0,0,0,0,0.54,0.44,0.18,0.01,0,0,0,0,0,0,0.08,0.33,0.1,0.06,0.01,0,0,0,0,0,0,0,0,0.03,0.124,0.027,0.0071,0.0285
19001,0,0,0,0,0.02,0.08,0.19,0.11,0.03,0,0,0,0,0,0,0,0,0,0,0,0,0,0,0,0.68,0.57,0.23,0.03,0,0,0,0,0,0.01,0.22,0.54,0.19,0.12,0.02,0,0,0,0,0,0,0,0.01,0.09,0,0.0332,0.0311,0.0229
19003,0,0,0,0,0.02,0.09,0.22,0.13,0.03,0,0,0,0,0,0,0,0,0,0,0,0,0,0,0,0.66,0.55,0.19,0.02,0,0,0,0,0,0.01,0.2,0.52,0.17,0.11,0.02,0,0,0,0,0,0,0,0,0.08,0.00153,0.052,0.0382,0.0223
19005,0,0,0,0,0.01,0.04,0.08,0.03,0.01,0,0,0,0,0,0,0,0,0,0,0,0,0,0,0,0.74,0.65,0.3,0.03,0,0,0,0,0,0,0.22,0.58,0.29,0.2,0.04,0,0,0,0,0,0,0,0.01,0.12,0,0.0371,0.00483,0.03
19007,0,0,0,0,0.01,0.07,0.24,0.16,0.04,0,0,0,0,0,0,0,0,0,0.01,0,0,0,0,0,0.62,0.47,0.18,0.01,0,0,0,0,0,0,0.15,0.44,0.15,0.09,0.01,0,0,0,0,0,0,0,0,0.05,0.0163,0.0573,0.0311,0.0232
19009,0,0,0,0,0.02,0.08,0.15,0.08,0.03,0,0,0,0,0,0,0,0,0,0,0,0,0,0,0,0.71,0.59,0.24,0.04,0,0,0,0,0,0.01,0.25,0.58,0.22,0.14,0.03,0,0,0,0,0,0,0,0.01,0.1,0.00273,0.084,0.0287,0.0253
19011,0,0,0,0,0.01,0.06,0.13,0.07,0.03,0,0,0,0,0,0,0,0,0,0,0,0,0,0,0,0.71,0.58,0.24,0.02,0,0,0,0,0,0,0.23,0.55,0.26,0.18,0.02,0,0,0,0,0,0,0,0.01,0.1,0.000297,0.00743,0.00597,0.0246
19013,0,0,0,0,0.02,0.07,0.12,0.06,0.03,0,0,0,0,0,0,0,0,0,0,0,0,0,0,0,0.74,0.6,0.26,0.03,0,0,0,0,0,0,0.24,0.57,0.28,0.2,0.03,0,0,0,0,0,0,0,0.01,0.12,0,0.024,0.00576,0.0247
19015,0,0,0,0,0.02,0.09,0.18,0.09,0.04,0,0,0,0,0,0,0,0,0,0,0,0,0,0,0,0.71,0.57,0.22,0.02,0,0,0,0,0,0,0.22,0.54,0.24,0.16,0.02,0,0,0,0,0,0,0,0.01,0.11,0.00146,0.0169,0.0161,0.0247
19017,0,0,0,0,0.02,0.06,0.1,0.05,0.02,0,0,0,0,0,0,0,0,0,0,0,0,0,0,0,0.76,0.63,0.28,0.03,0,0,0,0,0,0,0.25,0.59,0.3,0.21,0.04,0,0,0,0,0,0,0,0.01,0.13,0.0122,0.0352,0.00544,0.0254
19019,0,0,0,0,0.01,0.06,0.1,0.06,0.02,0,0,0,0,0,0,0,0,0,0,0,0,0,0,0,0.74,0.61,0.27,0.03,0,0,0,0,0,0,0.25,0.58,0.28,0.2,0.03,0,0,0,0,0,0,0,0.01,0.12,0,0.0744,0.00514,0.0252
19021,0,0,0,0,0.02,0.08,0.13,0.06,0.02,0,0,0,0,0,0,0,0,0,0,0,0,0,0,0,0.75,0.64,0.28,0.05,0,0,0,0,0,0.01,0.29,0.63,0.3,0.19,0.03,0,0,0,0,0,0,0,0.01,0.14,0.00171,0.00165,0.0173,0.0363
19023,0,0,0,0,0.02,0.07,0.11,0.05,0.02,0,0,0,0,0,0,0,0,0,0,0,0,0,0,0,0.76,0.61,0.27,0.03,0,0,0,0,0,0,0.25,0.59,0.29,0.2,0.04,0,0,0,0,0,0,0,0.01,0.13,0.00319,0.0385,0.00654,0.0251
19025,0,0,0,0,0.02,0.09,0.15,0.07,0.03,0,0,0,0,0,0,0,0,0,0,0,0,0,0,0,0.75,0.6,0.25,0.03,0,0,0,0,0,0.01,0.26,0.59,0.27,0.18,0.03,0,0,0,0,0,0,0,0.01,0.11,0,0.0851,0.0168,0.0296
19027,0,0,0,0,0.02,0.09,0.16,0.08,0.04,0,0,0,0,0,0,0,0,0,0,0,0,0,0,0,0.73,0.61,0.24,0.04,0,0,0,0,0,0.01,0.25,0.59,0.25,0.15,0.02,0,0,0,0,0,0,0,0.01,0.11,0.00519,0.0713,0.0227,0.0279
19029,0,0,0,0,0.02,0.1,0.19,0.11,0.04,0,0,0,0,0,0,0,0,0,0,0,0,0,0,0,0.68,0.57,0.21,0.03,0,0,0,0,0,0.01,0.21,0.54,0.18,0.12,0.02,0,0,0,0,0,0,0,0,0.08,0,0.00829,0.0348,0.0235
19031,0,0,0,0,0.02,0.08,0.14,0.07,0.03,0,0,0,0,0,0,0,0,0,0,0,0,0,0,0,0.65,0.53,0.2,0.01,0,0,0,0,0,0,0.17,0.49,0.21,0.12,0.02,0,0,0,0,0,0,0,0,0.08,0.00227,0.00959,0.0075,0.0244
19033,0,0,0,0,0.02,0.06,0.09,0.04,0.02,0,0,0,0,0,0,0,0,0,0,0,0,0,0,0,0.77,0.66,0.3,0.04,0,0,0,0,0,0.01,0.27,0.62,0.31,0.22,0.04,0,0,0,0,0,0,0,0.01,0.15,0.113,0.0221,0.0072,0.0275
19035,0,0,0,0.01,0.03,0.09,0.15,0.07,0.02,0,0,0,0,0,0,0,0,0,0,0,0,0,0,0,0.77,0.65,0.28,0.04,0,0,0,0,0,0.02,0.29,0.64,0.29,0.19,0.04,0,0,0,0,0,0,0,0.02,0.14,0.0356,0.0834,0.0205,0.0408
19037,0,0,0,0,0.02,0.05,0.08,0.03,0.01,0,0,0,0,0,0,0,0,0,0,0,0,0,0,0,0.78,0.67,0.32,0.04,0,0,0,0,0,0.01,0.28,0.61,0.32,0.23,0.04,0,0,0,0,0,0,0,0.01,0.15,0,0.0541,0.00516,0.0264
19039,0,0,0,0,0.01,0.08,0.23,0.14,0.04,0,0,0,0,0,0,0,0,0,0.01,0,0,0,0,0,0.64,0.51,0.19,0.02,0,0,0,0,0,0,0.18,0.49,0.17,0.1,0.02,0,0,0,0,0,0,0,0,0.07,0.0063,0.0249,0.0301,0.0224
19041,0,0,0,0,0.02,0.08,0.14,0.05,0.02,0,0,0,0,0,0,0,0,0,0,0,0,0,0,0,0.78,0.67,0.31,0.05,0,0,0,0,0,0.02,0.31,0.66,0.31,0.22,0.04,0,0,0,0,0,0,0,0.01,0.15,0.00875,0.0946,0.0155,0.0402
19043,0,0,0,0,0.01,0.04,0.08,0.04,0.01,0,0,0,0,0,0,0,0,0,0,0,0,0,0,0,0.72,0.61,0.28,0.03,0,0,0,0,0,0,0.21,0.57,0.29,0.2,0.03,0,0,0,0,0,0,0,0.01,0.12,0,0.0721,0.00499,0.0269
19045,0,0,0,0,0.02,0.09,0.15,0.07,0.03,0,0,0,0,0,0,0,0,0,0,0,0,0,0,0,0.64,0.52,0.19,0.01,0,0,0,0,0,0,0.15,0.48,0.19,0.12,0.01,0,0,0,0,0,0,0,0,0.07,0.0000317,0.0117,0.0065,0.0249
19047,0,0,0,0,0.02,0.09,0.16,0.08,0.04,0,0,0,0,0,0,0,0,0,0,0,0,0,0,0,0.72,0.6,0.25,0.03,0,0,0,0,0,0.01,0.25,0.58,0.23,0.15,0.03,0,0,0,0,0,0,0,0.01,0.1,0.00422,0.0962,0.0261,0.0303
19049,0,0,0,0,0.02,0.1,0.22,0.11,0.05,0,0,0,0,0,0,0,0,0,0,0,0,0,0,0,0.68,0.54,0.21,0.02,0,0,0,0,0,0,0.19,0.51,0.2,0.13,0.02,0,0,0,0,0,0,0,0.01,0.09,0,0.0185,0.0218,0.0235
19051,0,0,0,0,0.01,0.09,0.24,0.17,0.05,0,0,0,0,0,0,0,0,0,0.01,0,0,0,0,0,0.61,0.46,0.16,0.01,0,0,0,0,0,0,0.14,0.43,0.15,0.09,0.01,0,0,0,0,0,0,0,0,0.05,0,0.0662,0.03,0.0235
19053,0,0,0,0,0.01,0.08,0.26,0.16,0.05,0,0,0,0,0,0,0,0,0,0.01,0.01,0,0,0,0,0.63,0.49,0.17,0.01,0,0,0,0,0,0,0.17,0.47,0.16,0.09,0.01,0,0,0,0,0,0,0,0,0.06,0.0073,0.156,0.0354,0.0228
19055,0,0,0,0,0.01,0.05,0.09,0.05,0.02,0,0,0,0,0,0,0,0,0,0,0,0,0,0,0,0.71,0.6,0.27,0.03,0,0,0,0,0,0,0.22,0.56,0.28,0.2,0.03,0,0,0,0,0,0,0,0.01,0.12,0,0.057,0.00508,0.0255
19057,0,0,0,0,0.01,0.11,0.22,0.14,0.05,0,0,0,0,0,0,0,0,0,0,0,0,0,0,0,0.58,0.45,0.15,0.01,0,0,0,0,0,0,0.12,0.42,0.14,0.08,0.01,0,0,0,0,0,0,0,0,0.04,0.132,0.0578,0.0229,0.0231
19059,0,0,0,0,0.02,0.07,0.12,0.04,0.01,0,0,0,0,0,0,0,0,0,0,0,0,0,0,0,0.79,0.69,0.34,0.06,0,0,0,0,0,0.02,0.33,0.68,0.35,0.25,0.05,0,0,0,0,0,0,0,0.01,0.18,0.00187,0.229,0.0139,0.0445
19061,0,0,0,0,0.01,0.05,0.09,0.04,0.01,0,0,0,0,0,0,0,0,0,0,0,0,0,0,0,0.68,0.57,0.24,0.02,0,0,0,0,0,0,0.19,0.52,0.25,0.17,0.02,0,0,0,0,0,0,0,0,0.1,0,0.0462,0.0051,0.0259
19063,0,0,0,0,0.02,0.07,0.11,0.04,0.02,0,0,0,0,0,0,0,0,0,0,0,0,0,0,0,0.8,0.68,0.32,0.06,0,0,0,0,0,0.02,0.32,0.67,0.35,0.24,0.05,0,0,0,0,0,0,0,0.01,0.17,0,0.135,0.0115,0.0389
19065,0,0,0,0,0.01,0.04,0.08,0.03,0.01,0,0,0,0,0,0,0,0,0,0,0,0,0,0,0,0.75,0.64,0.29,0.04,0,0,0,0,0,0,0.26,0.6,0.3,0.22,0.04,0,0,0,0,0,0,0,0.01,0.14,0,0.0177,0.00495,0.0263
19067,0,0,0,0,0.02,0.06,0.09,0.04,0.02,0,0,0,0,0,0,0,0,0,0,0,0,0,0,0,0.77,0.66,0.29,0.03,0,0,0,0,0,0.01,0.26,0.62,0.31,0.22,0.04,0,0,0,0,0,0,0,0.01,0.14,0.00455,0.0808,0.00601,0.0264
19069,0,0,0,0,0.02,0.06,0.11,0.05,0.02,0,0,0,0,0,0,0,0,0,0,0,0,0,0,0,0.75,0.63,0.28,0.03,0,0,0,0,0,0.01,0.26,0.6,0.29,0.21,0.04,0,0,0,0,0,0,0,0.01,0.13,0,0.074,0.00811,0.0259
19071,0,0,0,0.01,0.03,0.16,0.29,0.21,0.09,0.01,0,0,0,0,0,0,0,0,0.01,0.01,0,0,0,0,0.61,0.48,0.15,0.01,0,0,0,0,0,0,0.14,0.45,0.14,0.07,0.01,0,0,0,0,0,0,0,0,0.06,0.0067,0.00974,0.0496,0.0218
19073,0,0,0,0,0.02,0.11,0.18,0.09,0.04,0,0,0,0,0,0,0,0,0,0,0,0,0,0,0,0.72,0.58,0.23,0.03,0,0,0,0,0,0.01,0.23,0.56,0.24,0.15,0.02,0,0,0,0,0,0,0,0.01,0.1,0,0.132,0.0192,0.026
19075,0,0,0,0,0.02,0.07,0.12,0.06,0.02,0,0,0,0,0,0,0,0,0,0,0,0,0,0,0,0.73,0.59,0.26,0.03,0,0,0,0,0,0,0.25,0.58,0.27,0.2,0.03,0,0,0,0,0,0,0,0.01,0.12,0,0.0421,0.00727,0.0243
19077,0,0,0,0,0.02,0.09,0.19,0.1,0.04,0,0,0,0,0,0,0,0,0,0,0,0,0,0,0,0.7,0.59,0.23,0.03,0,0,0,0,0,0.01,0.23,0.54,0.22,0.14,0.02,0,0,0,0,0,0,0,0.01,0.1,0,0.0229,0.0256,0.0243
19079,0,0,0,0,0.02,0.08,0.13,0.06,0.03,0,0,0,0,0,0,0,0,0,0,0,0,0,0,0,0.74,0.61,0.25,0.03,0,0,0,0,0,0.01,0.25,0.58,0.27,0.19,0.03,0,0,0,0,0,0,0,0.01,0.12,0.00123,0.114,0.0114,0.0257
19081,0,0,0,0,0.02,0.07,0.1,0.04,0.02,0,0,0,0,0,0,0,0,0,0,0,0,0,0,0,0.78,0.67,0.31,0.05,0,0,0,0,0,0.01,0.28,0.64,0.33,0.23,0.05,0,0,0,0,0,0,0,0.01,0.16,0.00336,0.0889,0.00887,0.0296
19083,0,0,0,0,0.02,0.07,0.13,0.05,0.02,0,0,0,0,0,0,0,0,0,0,0,0,0,0,0,0.73,0.6,0.26,0.03,0,0,0,0,0,0,0.25,0.57,0.27,0.19,0.03,0,0,0,0,0,0,0,0.01,0.13,0.000596,0.0185,0.00912,0.0246
19085,0,0,0,0.01,0.03,0.14,0.23,0.12,0.05,0,0,0,0,0,0,0,0,0,0.01,0,0,0,0,0,0.69,0.56,0.21,0.02,0,0,0,0,0,0.01,0.21,0.54,0.19,0.12,0.02,0,0,0,0,0,0,0,0.01,0.09,0.00766,0.0459,0.0344,0.0282
19087,0,0,0,0,0.01,0.1,0.22,0.14,0.05,0,0,0,0,0,0,0,0,0,0.01,0,0,0,0,0,0.6,0.47,0.16,0.01,0,0,0,0,0,0,0.14,0.44,0.16,0.09,0.01,0,0,0,0,0,0,0,0,0.06,0.00603,0.16,0.0219,0.0234
19089,0,0,0,0,0.01,0.04,0.06,0.02,0.01,0,0,0,0,0,0,0,0,0,0,0,0,0,0,0,0.8,0.7,0.35,0.06,0,0,0,0,0,0.02,0.3,0.64,0.35,0.25,0.06,0,0,0,0,0,0,0,0.01,0.17,0.00161,0.0768,0.00496,0.0282
19091,0,0,0,0,0.02,0.09,0.12,0.05,0.03,0,0,0,0,0,0,0,0,0,0,0,0,0,0,0,0.77,0.64,0.28,0.04,0,0,0,0,0,0.01,0.27,0.63,0.29,0.21,0.04,0,0,0,0,0,0,0,0.01,0.14,0.00817,0.0436,0.0119,0.0301
19093,0,0,0,0,0.02,0.09,0.15,0.08,0.03,0,0,0,0,0,0,0,0,0,0,0,0,0,0,0,0.74,0.61,0.26,0.04,0,0,0,0,0,0.02,0.26,0.61,0.27,0.17,0.03,0,0,0,0,0,0,0,0.01,0.11,0,0.122,0.0222,0.0351
19095,0,0,0,0,0.01,0.09,0.17,0.1,0.04,0,0,0,0,0,0,0,0,0,0.01,0,0,0,0,0,0.68,0.54,0.22,0.03,0,0,0,0,0,0,0.2,0.52,0.23,0.14,0.02,0,0,0,0,0,0,0,0,0.09,0.000276,0.0553,0.00874,0.0242
19097,0,0,0,0,0.01,0.07,0.13,0.06,0.03,0,0,0,0,0,0,0,0,0,0,0,0,0,0,0,0.65,0.54,0.21,0.02,0,0,0,0,0,0,0.16,0.49,0.21,0.14,0.02,0,0,0,0,0,0,0,0,0.08,0,0.0241,0.00528,0.0254
19099,0,0,0,0,0.01,0.08,0.19,0.11,0.04,0,0,0,0,0,0,0,0,0,0,0,0,0,0,0,0.67,0.54,0.22,0.02,0,0,0,0,0,0,0.19,0.51,0.21,0.14,0.02,0,0,0,0,0,0,0,0,0.09,0.00195,0.0067,0.0139,0.0231
19101,0,0,0,0,0.01,0.08,0.22,0.15,0.05,0,0,0,0,0,0,0,0,0,0.01,0,0,0,0,0,0.61,0.49,0.18,0.01,0,0,0,0,0,0,0.16,0.45,0.18,0.1,0.01,0,0,0,0,0,0,0,0,0.06,0,0.175,0.0221,0.0235
19103,0,0,0,0,0.02,0.09,0.17,0.1,0.04,0,0,0,0,0,0,0,0,0,0.01,0,0,0,0,0,0.65,0.53,0.2,0.02,0,0,0,0,0,0,0.19,0.5,0.22,0.12,0.02,0,0,0,0,0,0,0,0,0.08,0.000557,0.0416,0.0084,0.0243
19105,0,0,0,0,0.01,0.07,0.11,0.06,0.03,0,0,0,0,0,0,0,0,0,0,0,0,0,0,0,0.67,0.56,0.22,0.02,0,0,0,0,0,0,0.19,0.5,0.23,0.14,0.02,0,0,0,0,0,0,0,0,0.1,0.00431,0.0235,0.00541,0.025
19107,0,0,0,0,0.01,0.08,0.21,0.12,0.05,0,0,0,0,0,0,0,0,0,0.01,0,0,0,0,0,0.64,0.51,0.2,0.02,0,0,0,0,0,0,0.18,0.48,0.19,0.12,0.02,0,0,0,0,0,0,0,0,0.07,0.00804,0.0698,0.0149,0.0237
19109,0,0,0,0,0.02,0.09,0.11,0.04,0.02,0,0,0,0,0,0,0,0,0,0,0,0,0,0,0,0.79,0.67,0.3,0.05,0,0,0,0,0,0.01,0.29,0.64,0.33,0.22,0.05,0,0,0,0,0,0,0,0.01,0.16,0.0281,0.0921,0.0103,0.0336
19111,0,0,0,0,0.02,0.13,0.25,0.17,0.06,0,0,0,0,0,0,0,0,0,0.01,0,0,0,0,0,0.55,0.42,0.13,0.01,0,0,0,0,0,0,0.11,0.39,0.12,0.06,0,0,0,0,0,0,0,0,0,0.03,0.000402,0.0279,0.0308,0.0234
19113,0,0,0,0,0.02,0.07,0.14,0.07,0.02,0,0,0,0,0,0,0,0,0,0,0,0,0,0,0,0.69,0.57,0.23,0.02,0,0,0,0,0,0,0.22,0.53,0.25,0.16,0.02,0,0,0,0,0,0,0,0,0.1,0.00483,0.00155,0.00548,0.0248
19115,0,0,0,0,0.01,0.11,0.2,0.12,0.05,0,0,0,0,0,0,0,0,0,0.01,0,0,0,0,0,0.6,0.49,0.16,0.01,0,0,0,0,0,0,0.14,0.44,0.17,0.1,0.01,0,0,0,0,0,0,0,0,0.06,0.0103,0.1,0.0161,0.0235
19117,0,0,0,0,0.01,0.08,0.23,0.15,0.04,0,0,0,0,0,0,0,0,0,0.01,0,0,0,0,0,0.64,0.5,0.19,0.01,0,0,0,0,0,0,0.16,0.49,0.17,0.1,0.01,0,0,0,0,0,0,0,0,0.06,0.00866,0.0307,0.0265,0.0228
19119,0,0,0,0,0.02,0.09,0.16,0.07,0.02,0,0,0,0,0,0,0,0,0,0,0,0,0,0,0,0.78,0.69,0.33,0.06,0,0,0,0,0,0.02,0.33,0.68,0.32,0.22,0.05,0,0,0,0,0,0,0,0.02,0.15,0.0025,0.0455,0.0195,0.0592
19121,0,0,0,0,0.01,0.09,0.22,0.13,0.05,0,0,0,0,0,0,0,0,0,0.01,0,0,0,0,0,0.66,0.54,0.21,0.02,0,0,0,0,0,0,0.18,0.5,0.19,0.12,0.02,0,0,0,0,0,0,0,0.01,0.08,0.00255,0.0387,0.0271,0.0225
19123,0,0,0,0,0.01,0.08,0.21,0.13,0.05,0,0,0,0,0,0,0,0,0,0.01,0,0,0,0,0,0.65,0.52,0.2,0.02,0,0,0,0,0,0,0.17,0.48,0.18,0.11,0.02,0,0,0,0,0,0,0,0,0.07,0.0226,0.139,0.0166,0.0234
19125,0,0,0,0,0.01,0.09,0.23,0.14,0.05,0,0,0,0,0,0,0,0,0,0.01,0,0,0,0,0,0.64,0.5,0.19,0.01,0,0,0,0,0,0,0.16,0.47,0.18,0.11,0.01,0,0,0,0,0,0,0,0,0.07,0.0143,0.017,0.0193,0.0229
19127,0,0,0,0,0.02,0.07,0.16,0.08,0.03,0,0,0,0,0,0,0,0,0,0,0,0,0,0,0,0.7,0.57,0.24,0.02,0,0,0,0,0,0,0.22,0.54,0.25,0.17,0.02,0,0,0,0,0,0,0,0.01,0.11,0,0.00896,0.00986,0.0235
19129,0,0,0,0,0.03,0.15,0.27,0.17,0.08,0.01,0,0,0,0,0,0,0,0,0.01,0,0,0,0,0,0.63,0.5,0.16,0.01,0,0,0,0,0,0.01,0.16,0.47,0.15,0.09,0.02,0,0,0,0,0,0,0,0,0.07,0.0175,0.0344,0.0448,0.0228
19131,0,0,0,0,0.01,0.04,0.07,0.03,0.01,0,0,0,0,0,0,0,0,0,0,0,0,0,0,0,0.79,0.68,0.32,0.05,0,0,0,0,0,0.01,0.28,0.63,0.33,0.24,0.05,0,0,0,0,0,0,0,0.01,0.16,0.00142,0.0937,0.00555,0.028
19133,0,0,0,0.01,0.04,0.13,0.22,0.12,0.05,0,0,0,0,0,0,0,0,0,0.01,0,0,0,0,0,0.71,0.59,0.23,0.03,0,0,0,0,0,0.01,0.23,0.58,0.21,0.14,0.02,0,0,0,0,0,0,0,0.01,0.1,0.0113,0.188,0.0292,0.0334
19135,0,0,0,0,0.01,0.07,0.23,0.15,0.05,0,0,0,0,0,0,0,0,0,0.01,0,0,0,0,0,0.63,0.49,0.18,0.01,0,0,0,0,0,0,0.15,0.45,0.16,0.1,0.01,0,0,0,0,0,0,0,0,0.06,0,0.177,0.0242,0.0232
19137,0,0,0,0,0.02,0.11,0.24,0.15,0.05,0,0,0,0,0,0,0,0,0,0,0,0,0,0,0,0.65,0.52,0.17,0.01,0,0,0,0,0,0.01,0.17,0.49,0.16,0.1,0.02,0,0,0,0,0,0,0,0,0.07,0.00155,0.03,0.0419,0.0225
19139,0,0,0,0,0.01,0.1,0.18,0.1,0.04,0,0,0,0,0,0,0,0,0,0,0,0,0,0,0,0.62,0.5,0.17,0.01,0,0,0,0,0,0,0.16,0.46,0.19,0.1,0.01,0,0,0,0,0,0,0,0,0.07,0,0.0551,0.0112,0.0239
19141,0,0,0,0,0.02,0.08,0.14,0.05,0.01,0,0,0,0,0,0,0,0,0,0,0,0,0,0,0,0.78,0.67,0.32,0.06,0,0,0,0,0,0.02,0.32,0.67,0.32,0.22,0.05,0,0,0,0,0,0,0,0.02,0.16,0.00155,0.136,0.0183,0.0455
19143,0,0,0,0,0.02,0.08,0.13,0.05,0.01,0,0,0,0,0,0,0,0,0,0,0,0,0,0,0,0.8,0.7,0.35,0.06,0,0,0,0,0,0.02,0.35,0.68,0.34,0.24,0.05,0,0,0,0,0,0,0,0.02,0.18,0,0.0893,0.0163,0.0501
19145,0,0,0,0,0.03,0.13,0.25,0.17,0.07,0,0,0,0,0,0,0,0,0,0.01,0,0,0,0,0,0.62,0.49,0.16,0.01,0,0,0,0,0,0,0.15,0.47,0.14,0.08,0.01,0,0,0,0,0,0,0,0,0.07,0.0101,0.00979,0.0466,0.0219
19147,0,0,0,0,0.02,0.09,0.13,0.05,0.02,0,0,0,0,0,0,0,0,0,0,0,0,0,0,0,0.78,0.66,0.29,0.05,0,0,0,0,0,0.02,0.3,0.65,0.32,0.21,0.04,0,0,0,0,0,0,0,0.01,0.16,0,0.154,0.013,0.0358
19149,0,0,0,0.01,0.03,0.11,0.17,0.09,0.04,0,0,0,0,0,0,0,0,0,0,0,0,0,0,0,0.75,0.62,0.27,0.04,0,0,0,0,0,0.02,0.28,0.63,0.26,0.18,0.03,0,0,0,0,0,0,0,0.01,0.13,0.0154,0.0634,0.0246,0.0469
19151,0,0,0,0,0.03,0.09,0.13,0.06,0.03,0,0,0,0,0,0,0,0,0,0,0,0,0,0,0,0.76,0.63,0.28,0.04,0,0,0,0,0,0.02,0.28,0.62,0.29,0.2,0.04,0,0,0,0,0,0,0,0.01,0.14,0.0195,0.12,0.0147,0.0327
19153,0,0,0,0,0.02,0.1,0.22,0.12,0.05,0,0,0,0,0,0,0,0,0,0.01,0,0,0,0,0,0.66,0.52,0.19,0.01,0,0,0,0,0,0,0.17,0.49,0.19,0.12,0.02,0,0,0,0,0,0,0,0,0.08,0.00896,0.00273,0.018,0.023
19155,0,0,0,0,0.03,0.13,0.24,0.13,0.06,0,0,0,0,0,0,0,0,0,0.01,0,0,0,0,0,0.66,0.54,0.19,0.02,0,0,0,0,0,0.01,0.19,0.51,0.18,0.1,0.02,0,0,0,0,0,0,0,0,0.07,0.0335,0.0327,0.0389,0.0245
19157,0,0,0,0,0.01,0.07,0.16,0.1,0.03,0,0,0,0,0,0,0,0,0,0,0,0,0,0,0,0.68,0.55,0.23,0.03,0,0,0,0,0,0,0.2,0.52,0.23,0.15,0.02,0,0,0,0,0,0,0,0.01,0.09,0.000349,0.0106,0.0104,0.0237
19159,0,0,0,0,0.01,0.07,0.22,0.16,0.03,0,0,0,0,0,0,0,0,0,0.01,0,0,0,0,0,0.64,0.5,0.18,0.02,0,0,0,0,0,0,0.18,0.47,0.16,0.09,0.01,0,0,0,0,0,0,0,0,0.07,0.00702,0.0605,0.0392,0.0224
19161,0,0,0,0,0.02,0.08,0.13,0.07,0.04,0,0,0,0,0,0,0,0,0,0,0,0,0,0,0,0.74,0.61,0.26,0.04,0,0,0,0,0,0.01,0.26,0.6,0.27,0.18,0.03,0,0,0,0,0,0,0,0.01,0.12,0.00285,0.0166,0.0197,0.0324
19163,0,0,0,0,0.01,0.1,0.15,0.08,0.04,0,0,0,0,0,0,0,0,0,0,0,0,0,0,0,0.62,0.5,0.17,0.01,0,0,0,0,0,0,0.14,0.46,0.17,0.11,0.01,0,0,0,0,0,0,0,0,0.06,0.00174,0.00824,0.00896,0.0243
19165,0,0,0,0,0.02,0.09,0.17,0.08,0.04,0,0,0,0,0,0,0,0,0,0,0,0,0,0,0,0.7,0.58,0.23,0.03,0,0,0,0,0,0.01,0.23,0.57,0.2,0.13,0.02,0,0,0,0,0,0,0,0.01,0.1,0,0.0405,0.0315,0.0264
19167,0,0,0,0,0.03,0.1,0.16,0.08,0.03,0,0,0,0,0,0,0,0,0,0,0,0,0,0,0,0.77,0.66,0.31,0.05,0,0,0,0,0,0.02,0.31,0.67,0.3,0.2,0.04,0,0,0,0,0,0,0,0.02,0.15,0,0.0548,0.0218,0.0529
19169,0,0,0,0,0.02,0.09,0.17,0.09,0.04,0,0,0,0,0,0,0,0,0,0,0,0,0,0,0,0.7,0.57,0.22,0.02,0,0,0,0,0,0,0.22,0.55,0.24,0.16,0.02,0,0,0,0,0,0,0,0.01,0.11,0,0.00379,0.0128,0.0238
19171,0,0,0,0,0.01,0.07,0.13,0.07,0.03,0,0,0,0,0,0,0,0,0,0,0,0,0,0,0,0.7,0.58,0.25,0.03,0,0,0,0,0,0,0.24,0.55,0.26,0.18,0.02,0,0,0,0,0,0,0,0.01,0.1,0.000116,0.00586,0.00748,0.0239
19173,0,0,0,0,0.01,0.09,0.22,0.15,0.04,0,0,0,0,0,0,0,0,0,0.01,0,0,0,0,0,0.64,0.51,0.17,0.01,0,0,0,0,0,0,0.17,0.48,0.15,0.08,0.02,0,0,0,0,0,0,0,0,0.07,0,0.042,0.0431,0.0221
19175,0,0,0,0,0.01,0.07,0.2,0.13,0.03,0,0,0,0,0,0,0,0,0,0.01,0,0,0,0,0,0.66,0.54,0.21,0.02,0,0,0,0,0,0,0.2,0.51,0.18,0.11,0.02,0,0,0,0,0,0,0,0.01,0.08,0.0307,0.0625,0.0341,0.0223
19177,0,0,0,0,0.02,0.11,0.24,0.17,0.06,0,0,0,0,0,0,0,0,0,0.01,0,0,0,0,0,0.59,0.47,0.16,0.01,0,0,0,0,0,0,0.14,0.42,0.15,0.09,0.01,0,0,0,0,0,0,0,0,0.04,0.000839,0.0278,0.0289,0.0235
19179,0,0,0,0,0.01,0.08,0.23,0.15,0.05,0,0,0,0,0,0,0,0,0,0.01,0,0,0,0,0,0.62,0.49,0.18,0.01,0,0,0,0,0,0,0.15,0.45,0.17,0.1,0.01,0,0,0,0,0,0,0,0,0.05,0.0157,0.11,0.0225,0.0235
19181,0,0,0,0,0.02,0.1,0.24,0.14,0.05,0,0,0,0,0,0,0,0,0,0.01,0,0,0,0,0,0.65,0.51,0.19,0.01,0,0,0,0,0,0,0.16,0.48,0.18,0.11,0.01,0,0,0,0,0,0,0,0,0.07,0.0193,0.0559,0.0232,0.0225
19183,0,0,0,0,0.02,0.1,0.2,0.12,0.05,0,0,0,0,0,0,0,0,0,0.01,0,0,0,0,0,0.62,0.51,0.19,0.01,0,0,0,0,0,0,0.17,0.47,0.2,0.11,0.02,0,0,0,0,0,0,0,0,0.07,0.00351,0.0849,0.0141,0.0238
19185,0,0,0,0,0.01,0.07,0.24,0.16,0.04,0,0,0,0,0,0,0,0,0,0.01,0,0,0,0,0,0.63,0.49,0.18,0.01,0,0,0,0,0,0,0.16,0.47,0.16,0.09,0.01,0,0,0,0,0,0,0,0,0.06,0.0321,0.0852,0.0328,0.023
19187,0,0,0,0,0.02,0.08,0.14,0.07,0.03,0,0,0,0,0,0,0,0,0,0,0,0,0,0,0,0.75,0.61,0.25,0.03,0,0,0,0,0,0.01,0.25,0.6,0.27,0.19,0.03,0,0,0,0,0,0,0,0.01,0.12,0.0051,0.0527,0.0136,0.0277
19189,0,0,0,0,0.02,0.06,0.08,0.03,0.01,0,0,0,0,0,0,0,0,0,0,0,0,0,0,0,0.79,0.68,0.32,0.05,0,0,0,0,0,0.01,0.29,0.64,0.34,0.24,0.06,0,0,0,0,0,0,0,0.01,0.17,0.0083,0.0603,0.00789,0.0318
19191,0,0,0,0,0.01,0.04,0.07,0.03,0.01,0,0,0,0,0,0,0,0,0,0,0,0,0,0,0,0.76,0.67,0.33,0.04,0,0,0,0,0,0.01,0.25,0.61,0.32,0.23,0.05,0,0,0,0,0,0,0,0.01,0.15,0,0.0166,0.00482,0.0288
19193,0,0,0,0.01,0.03,0.13,0.21,0.1,0.04,0,0,0,0,0,0,0,0,0,0.01,0,0,0,0,0,0.73,0.6,0.24,0.03,0,0,0,0,0,0.02,0.25,0.61,0.23,0.15,0.03,0,0,0,0,0,0,0,0.01,0.1,0.0128,0.0697,0.0259,0.0394
19195,0,0,0,0,0.02,0.05,0.07,0.03,0.01,0,0,0,0,0,0,0,0,0,0,0,0,0,0,0,0.79,0.68,0.32,0.05,0,0,0,0,0,0.01,0.28,0.64,0.34,0.24,0.05,0,0,0,0,0,0,0,0.01,0.17,0.00523,0.0434,0.00648,0.0293
19197,0,0,0,0,0.02,0.07,0.11,0.05,0.02,0,0,0,0,0,0,0,0,0,0,0,0,0,0,0,0.76,0.65,0.28,0.04,0,0,0,0,0,0.01,0.27,0.63,0.31,0.22,0.04,0,0,0,0,0,0,0,0.01,0.14,0.000219,0.0497,0.00998,0.0275
20001,0,0,0,0,0.01,0.19,0.47,0.44,0.11,0,0,0,0,0,0,0,0,0,0.04,0.04,0.01,0,0,0,0.36,0.24,0.06,0,0,0,0,0,0,0,0.05,0.24,0.02,0.01,0,0,0,0,0,0,0,0,0,0.01,0,0.00391,0.0697,0.0216
20003,0,0,0,0,0.01,0.18,0.44,0.41,0.1,0,0,0,0,0,0,0,0,0,0.03,0.04,0.01,0,0,0,0.39,0.26,0.06,0,0,0,0,0,0,0,0.07,0.26,0.03,0.01,0,0,0,0,0,0,0,0,0,0.01,0.0129,0.0737,0.0708,0.0227
20005,0,0,0,0,0.03,0.2,0.4,0.31,0.1,0,0,0,0,0,0,0,0,0,0.02,0.02,0,0,0,0,0.51,0.38,0.09,0.01,0,0,0,0,0,0,0.1,0.35,0.08,0.02,0.01,0,0,0,0,0,0,0,0,0.02,0.0313,0.0357,0.0665,0.0233
20007,0,0,0,0.02,0.13,0.47,0.73,0.61,0.29,0.03,0,0,0,0,0,0,0.01,0.05,0.2,0.13,0.03,0,0,0,0.39,0.25,0.06,0,0,0,0,0,0,0.01,0.07,0.29,0,0.01,0,0,0,0,0,0,0,0,0,0.01,0.0313,0.591,0.0674,0.0181
20009,0,0,0,0.01,0.08,0.41,0.64,0.52,0.21,0.02,0,0,0,0,0,0,0,0.03,0.15,0.08,0.01,0,0,0,0.49,0.37,0.1,0.01,0,0,0,0,0,0.01,0.11,0.37,0.02,0.02,0.01,0,0,0,0,0,0,0,0,0.01,0.0271,0.0899,0.0798,0.0327
20011,0,0,0,0,0.02,0.21,0.49,0.45,0.12,0,0,0,0,0,0,0,0,0,0.03,0.04,0.01,0,0,0,0.35,0.22,0.05,0,0,0,0,0,0,0,0.05,0.21,0.02,0.01,0,0,0,0,0,0,0,0,0,0.01,0.172,0.0353,0.0691,0.023
20013,0,0,0,0,0.03,0.19,0.37,0.28,0.1,0,0,0,0,0,0,0,0,0,0.02,0.01,0,0,0,0,0.57,0.42,0.11,0.01,0,0,0,0,0,0,0.12,0.4,0.1,0.04,0.01,0,0,0,0,0,0,0,0,0.04,0.0282,0.0487,0.0638,0.0223
20015,0,0,0,0,0.04,0.26,0.57,0.49,0.17,0.01,0,0,0,0,0,0,0,0.01,0.08,0.07,0.01,0,0,0,0.39,0.28,0.07,0,0,0,0,0,0,0,0.07,0.28,0.01,0.01,0,0,0,0,0,0,0,0,0,0.01,0.0982,0.0485,0.07,0.0184
20017,0,0,0,0,0.03,0.24,0.52,0.46,0.15,0,0,0,0,0,0,0,0,0.01,0.08,0.06,0.01,0,0,0,0.43,0.32,0.08,0.01,0,0,0,0,0,0,0.09,0.3,0.02,0.02,0,0,0,0,0,0,0,0,0,0.01,0.00881,0.0352,0.0728,0.021
20019,0,0,0,0.01,0.03,0.25,0.61,0.55,0.2,0.01,0,0,0,0,0,0,0,0.01,0.08,0.09,0.02,0,0,0,0.34,0.22,0.05,0,0,0,0,0,0,0,0.05,0.23,0.01,0.01,0,0,0,0,0,0,0,0,0,0.01,0,0.0417,0.0671,0.0169
20021,0,0,0,0,0.02,0.25,0.56,0.51,0.16,0,0,0,0,0,0,0,0,0,0.04,0.05,0.01,0,0,0,0.28,0.18,0.04,0,0,0,0,0,0,0,0.04,0.18,0.01,0.01,0,0,0,0,0,0,0,0,0,0,0.0817,0.00459,0.0681,0.0209
20023,0,0,0,0,0.06,0.34,0.59,0.45,0.21,0.02,0,0,0,0,0,0,0,0.05,0.1,0.04,0,0,0,0,0.56,0.44,0.15,0.03,0,0,0,0,0,0.02,0.19,0.52,0.05,0.04,0.01,0,0,0,0,0,0,0,0,0.05,0.219,0.0316,0.0301,0.0986
20025,0,0,0,0.03,0.16,0.49,0.76,0.63,0.28,0.04,0,0,0,0,0,0,0.01,0.06,0.22,0.14,0.03,0,0,0,0.43,0.29,0.07,0,0,0,0,0,0,0.01,0.1,0.34,0.01,0.01,0,0,0,0,0,0,0,0,0,0.01,,,0.0724,0.0249
20027,0,0,0,0.01,0.06,0.33,0.56,0.42,0.17,0.02,0,0,0,0,0,0,0,0.01,0.12,0.06,0.01,0,0,0,0.51,0.38,0.1,0.01,0,0,0,0,0,0,0.11,0.36,0.04,0.03,0.01,0,0,0,0,0,0,0,0,0.03,0.0928,0.0978,0.0736,0.0233
20029,0,0,0,0.01,0.07,0.35,0.54,0.42,0.18,0.02,0,0,0,0,0,0,0,0.02,0.11,0.06,0.01,0,0,0,0.53,0.4,0.12,0.01,0,0,0,0,0,0,0.11,0.37,0.05,0.03,0.01,0,0,0,0,0,0,0,0,0.03,0.0764,0.0243,0.0727,0.024
20031,0,0,0,0,0.02,0.19,0.48,0.44,0.12,0,0,0,0,0,0,0,0,0,0.04,0.04,0.01,0,0,0,0.4,0.28,0.07,0,0,0,0,0,0,0,0.08,0.27,0.02,0.01,0,0,0,0,0,0,0,0,0,0.01,0.0591,0.0312,0.0715,0.0218
20033,0,0,0,0.03,0.13,0.46,0.73,0.61,0.27,0.04,0,0,0,0,0,0,0.01,0.04,0.2,0.13,0.02,0,0,0,0.42,0.28,0.07,0,0,0,0,0,0,0.01,0.09,0.32,0,0.01,0,0,0,0,0,0,0,0,0,0.01,,,0.0692,0.0205
20035,0,0,0,0.01,0.04,0.3,0.6,0.53,0.19,0.01,0,0,0,0,0,0,0,0.01,0.09,0.09,0.02,0,0,0,0.35,0.23,0.06,0,0,0,0,0,0,0,0.05,0.25,0.01,0.01,0,0,0,0,0,0,0,0,0,0.01,0.0822,0,0.0671,0.0162
20037,0,0,0,0,0.02,0.24,0.51,0.49,0.14,0,0,0,0,0,0,0,0,0,0.03,0.05,0.01,0,0,0,0.31,0.2,0.05,0,0,0,0,0,0,0,0.04,0.2,0.02,0.01,0,0,0,0,0,0,0,0,0,0,0.0627,0.00572,0.0682,0.0219
20039,0,0,0,0.01,0.07,0.36,0.58,0.45,0.21,0.02,0,0,0,0,0,0,0,0.04,0.12,0.05,0.01,0,0,0,0.6,0.48,0.17,0.03,0,0,0,0,0,0.02,0.2,0.53,0.06,0.05,0.01,0,0,0,0,0,0,0,0,0.04,0.0152,0.0796,0.0609,0.0665
20041,0,0,0,0.01,0.06,0.36,0.6,0.49,0.19,0.01,0,0,0,0,0,0,0,0.02,0.13,0.08,0.01,0,0,0,0.45,0.35,0.09,0.01,0,0,0,0,0,0,0.09,0.32,0.02,0.02,0,0,0,0,0,0,0,0,0,0.01,0.065,0.0531,0.0756,0.0236
20043,0,0,0,0,0.03,0.17,0.35,0.28,0.09,0,0,0,0,0,0,0,0,0,0.01,0.01,0,0,0,0,0.53,0.39,0.1,0.01,0,0,0,0,0,0,0.1,0.36,0.08,0.03,0.01,0,0,0,0,0,0,0,0,0.03,0.0131,0.091,0.0623,0.023
20045,0,0,0,0,0.02,0.22,0.46,0.41,0.11,0,0,0,0,0,0,0,0,0.01,0.05,0.04,0.01,0,0,0,0.44,0.32,0.07,0,0,0,0,0,0,0,0.08,0.29,0.04,0.01,0,0,0,0,0,0,0,0,0,0.01,0.169,0.0124,0.0712,0.0238
20047,0,0,0,0.02,0.1,0.42,0.66,0.55,0.24,0.03,0,0,0,0,0,0,0,0.03,0.16,0.09,0.02,0,0,0,0.48,0.34,0.1,0.01,0,0,0,0,0,0.01,0.11,0.37,0.01,0.02,0,0,0,0,0,0,0,0,0,0.01,0.0142,0.0262,0.0747,0.0276
20049,0,0,0,0,0.02,0.2,0.54,0.49,0.16,0,0,0,0,0,0,0,0,0.01,0.07,0.07,0.01,0,0,0,0.36,0.25,0.06,0,0,0,0,0,0,0,0.06,0.25,0.02,0.01,0,0,0,0,0,0,0,0,0,0.01,0.0117,0.0445,0.0684,0.0179
20051,0,0,0,0.02,0.1,0.44,0.66,0.53,0.25,0.03,0,0,0,0,0,0,0,0.06,0.2,0.09,0.02,0,0,0,0.53,0.41,0.12,0.02,0,0,0,0,0,0.02,0.14,0.43,0.04,0.03,0.01,0,0,0,0,0,0,0,0,0.02,0.0493,0.0719,0.0815,0.0446
20053,0,0,0,0.01,0.08,0.39,0.65,0.52,0.21,0.02,0,0,0,0,0,0,0,0.03,0.17,0.08,0.02,0,0,0,0.47,0.36,0.1,0.01,0,0,0,0,0,0.01,0.1,0.34,0.02,0.02,0.01,0,0,0,0,0,0,0,0,0.01,0,0,0.0785,0.0286
20055,0,0,0,0.02,0.14,0.47,0.7,0.58,0.27,0.04,0,0,0,0,0,0,0.01,0.07,0.18,0.08,0.02,0,0,0,0.53,0.42,0.13,0.02,0,0,0,0,0,0.02,0.15,0.49,0.03,0.02,0.01,0,0,0,0,0,0,0,0,0.02,0.0781,0.0776,0.0784,0.0542
20057,0,0,0,0.02,0.12,0.43,0.69,0.57,0.23,0.03,0,0,0,0,0,0,0,0.04,0.16,0.08,0.02,0,0,0,0.47,0.35,0.1,0.01,0,0,0,0,0,0.01,0.12,0.38,0.02,0.02,0,0,0,0,0,0,0,0,0,0.01,0,0,0.0761,0.0311
20059,0,0,0,0,0.02,0.2,0.47,0.41,0.11,0,0,0,0,0,0,0,0,0,0.04,0.04,0.01,0,0,0,0.41,0.28,0.07,0,0,0,0,0,0,0,0.08,0.27,0.03,0.01,0,0,0,0,0,0,0,0,0,0.01,0.0416,0.0438,0.0715,0.0236
20061,0,0,0,0.01,0.05,0.3,0.53,0.44,0.16,0.01,0,0,0,0,0,0,0,0.01,0.1,0.06,0.01,0,0,0,0.48,0.37,0.1,0.01,0,0,0,0,0,0,0.1,0.34,0.04,0.03,0,0,0,0,0,0,0,0,0,0.02,0.051,0.0188,0.0747,0.0231
20063,0,0,0,0.01,0.1,0.44,0.66,0.52,0.25,0.03,0,0,0,0,0,0,0,0.05,0.16,0.07,0.01,0,0,0,0.55,0.44,0.13,0.02,0,0,0,0,0,0.02,0.16,0.5,0.04,0.03,0.01,0,0,0,0,0,0,0,0,0.03,0.027,0.027,0.0721,0.0615
20065,0,0,0,0.01,0.09,0.42,0.64,0.51,0.22,0.03,0,0,0,0,0,0,0,0.05,0.16,0.06,0.01,0,0,0,0.54,0.42,0.13,0.02,0,0,0,0,0,0.02,0.15,0.45,0.04,0.03,0.01,0,0,0,0,0,0,0,0,0.02,0.0863,0.0732,0.0743,0.0509
20067,0,0,0,0.02,0.15,0.5,0.73,0.59,0.29,0.04,0,0,0,0,0,0,0.01,0.09,0.18,0.09,0.02,0,0,0,0.51,0.37,0.11,0.01,0,0,0,0,0,0.01,0.13,0.45,0.02,0.02,0,0,0,0,0,0,0,0,0,0.02,,,0.0762,0.0559
20069,0,0,0,0.02,0.13,0.45,0.7,0.57,0.25,0.04,0,0,0,0,0,0,0.01,0.05,0.15,0.08,0.02,0,0,0,0.5,0.37,0.11,0.01,0,0,0,0,0,0.01,0.14,0.43,0.02,0.02,0.01,0,0,0,0,0,0,0,0,0.02,0.0298,0.125,0.079,0.0416
20071,0,0,0,0,0.09,0.42,0.63,0.48,0.23,0.02,0,0,0,0,0,0,0,0.05,0.11,0.03,0.01,0,0,0,0.56,0.44,0.15,0.03,0,0,0,0,0,0.02,0.2,0.51,0.04,0.03,0.01,0,0,0,0,0,0,0,0,0.03,0.138,0.24,0.0417,0.0884
20073,0,0,0,0,0.02,0.2,0.51,0.47,0.15,0,0,0,0,0,0,0,0,0.01,0.06,0.06,0.01,0,0,0,0.39,0.27,0.06,0,0,0,0,0,0,0,0.07,0.28,0.02,0.01,0,0,0,0,0,0,0,0,0,0.01,0.0103,0.00574,0.0705,0.0196
20075,0,0,0,0.01,0.13,0.48,0.69,0.56,0.27,0.03,0,0,0,0,0,0,0.01,0.09,0.16,0.06,0.01,0,0,0,0.53,0.38,0.12,0.02,0,0,0,0,0,0.02,0.15,0.48,0.02,0.02,0,0,0,0,0,0,0,0,0,0.02,0.0162,0.221,0.0548,0.0775
20077,0,0,0,0.01,0.11,0.48,0.72,0.61,0.28,0.03,0,0,0,0,0,0,0.01,0.05,0.19,0.14,0.02,0,0,0,0.35,0.21,0.05,0,0,0,0,0,0,0,0.06,0.23,0,0.01,0,0,0,0,0,0,0,0,0,0,0.0735,0.26,0.0665,0.0164
20079,0,0,0,0.01,0.06,0.38,0.63,0.53,0.21,0.01,0,0,0,0,0,0,0,0.02,0.13,0.09,0.01,0,0,0,0.42,0.3,0.07,0,0,0,0,0,0,0,0.08,0.28,0.02,0.01,0,0,0,0,0,0,0,0,0,0.01,0.128,0.0345,0.0721,0.02
20081,0,0,0,0.02,0.14,0.47,0.71,0.58,0.27,0.04,0,0,0,0,0,0,0,0.06,0.16,0.08,0.02,0,0,0,0.5,0.36,0.11,0.01,0,0,0,0,0,0.01,0.13,0.44,0.02,0.02,0,0,0,0,0,0,0,0,0,0.02,,,0.0786,0.047
20083,0,0,0,0.02,0.12,0.45,0.69,0.57,0.25,0.03,0,0,0,0,0,0,0,0.05,0.18,0.09,0.02,0,0,0,0.49,0.38,0.1,0.01,0,0,0,0,0,0.01,0.13,0.41,0.02,0.02,0,0,0,0,0,0,0,0,0,0.01,0.0434,0.0112,0.08,0.0397
20085,0,0,0,0,0.03,0.21,0.43,0.35,0.11,0.01,0,0,0,0,0,0,0,0,0.04,0.03,0.01,0,0,0,0.55,0.4,0.1,0.01,0,0,0,0,0,0,0.12,0.38,0.08,0.03,0.01,0,0,0,0,0,0,0,0,0.03,0.0536,0.034,0.0697,0.0229
20087,0,0,0,0,0.02,0.21,0.43,0.37,0.1,0,0,0,0,0,0,0,0,0.01,0.03,0.04,0.01,0,0,0,0.48,0.35,0.08,0,0,0,0,0,0,0,0.09,0.31,0.06,0.02,0,0,0,0,0,0,0,0,0,0.01,0.0207,0.0417,0.0697,0.0236
20089,0,0,0,0.01,0.06,0.32,0.52,0.38,0.17,0.02,0,0,0,0,0,0,0,0.02,0.1,0.04,0.01,0,0,0,0.58,0.45,0.15,0.02,0,0,0,0,0,0.02,0.15,0.44,0.08,0.04,0.02,0,0,0,0,0,0,0,0,0.03,0.0847,0.00504,0.0692,0.0251
20091,0,0,0,0,0.01,0.19,0.4,0.36,0.09,0,0,0,0,0,0,0,0,0,0.03,0.03,0,0,0,0,0.44,0.31,0.07,0,0,0,0,0,0,0,0.07,0.28,0.04,0.01,0,0,0,0,0,0,0,0,0,0.01,0.129,0.0193,0.0701,0.0247
20093,0,0,0,0.02,0.14,0.48,0.7,0.57,0.27,0.04,0,0,0,0,0,0,0.01,0.08,0.17,0.07,0.02,0,0,0,0.51,0.39,0.12,0.01,0,0,0,0,0,0.02,0.15,0.46,0.02,0.02,0,0,0,0,0,0,0,0,0,0.02,0.142,0.168,0.069,0.065
20095,0,0,0,0.01,0.08,0.43,0.67,0.56,0.24,0.02,0,0,0,0,0,0,0,0.04,0.16,0.1,0.02,0,0,0,0.39,0.27,0.06,0,0,0,0,0,0,0,0.06,0.27,0.01,0.01,0,0,0,0,0,0,0,0,0,0.01,0.24,0.00921,0.0685,0.018
20097,0,0,0,0.02,0.1,0.41,0.66,0.56,0.23,0.03,0,0,0,0,0,0,0,0.03,0.15,0.09,0.02,0,0,0,0.44,0.32,0.09,0.01,0,0,0,0,0,0.01,0.1,0.35,0.01,0.01,0,0,0,0,0,0,0,0,0,0.01,0,0,0.0715,0.0232
20099,0,0,0,0,0.02,0.24,0.55,0.51,0.17,0,0,0,0,0,0,0,0,0,0.05,0.06,0.01,0,0,0,0.3,0.19,0.04,0,0,0,0,0,0,0,0.04,0.19,0.01,0.01,0,0,0,0,0,0,0,0,0,0,0.0432,0.0577,0.0676,0.0195
20101,0,0,0,0.01,0.12,0.44,0.67,0.54,0.25,0.04,0,0,0,0,0,0,0,0.06,0.16,0.07,0.02,0,0,0,0.55,0.44,0.14,0.02,0,0,0,0,0,0.02,0.15,0.49,0.03,0.03,0.01,0,0,0,0,0,0,0,0,0.02,,,0.0779,0.0562
20103,0,0,0,0,0.02,0.21,0.42,0.36,0.1,0,0,0,0,0,0,0,0,0.01,0.03,0.03,0,0,0,0,0.46,0.32,0.08,0,0,0,0,0,0,0,0.08,0.29,0.05,0.02,0,0,0,0,0,0,0,0,0,0.01,0.0267,0.0159,0.0689,0.0242
20105,0,0,0,0.01,0.08,0.42,0.65,0.52,0.23,0.02,0,0,0,0,0,0,0,0.04,0.18,0.09,0.02,0,0,0,0.5,0.39,0.1,0.01,0,0,0,0,0,0.01,0.11,0.37,0.03,0.03,0.01,0,0,0,0,0,0,0,0,0.02,0.187,0.0248,0.078,0.0294
20107,0,0,0,0,0.02,0.2,0.45,0.42,0.1,0,0,0,0,0,0,0,0,0,0.03,0.04,0.01,0,0,0,0.38,0.25,0.06,0,0,0,0,0,0,0,0.06,0.24,0.03,0.01,0,0,0,0,0,0,0,0,0,0.01,0.0146,0.0571,0.0702,0.024
20109,0,0,0,0.01,0.09,0.44,0.64,0.5,0.25,0.03,0,0,0,0,0,0,0,0.06,0.15,0.06,0.01,0,0,0,0.56,0.44,0.16,0.02,0,0,0,0,0,0.02,0.18,0.52,0.04,0.03,0.01,0,0,0,0,0,0,0,0,0.03,0.034,0.0126,0.0528,0.0795
20111,0,0,0,0,0.03,0.21,0.5,0.43,0.13,0,0,0,0,0,0,0,0,0.01,0.07,0.06,0.01,0,0,0,0.44,0.32,0.08,0.01,0,0,0,0,0,0,0.09,0.3,0.03,0.02,0,0,0,0,0,0,0,0,0,0.01,0.0433,0.0384,0.0729,0.0219
20113,0,0,0,0.01,0.07,0.39,0.65,0.53,0.22,0.01,0,0,0,0,0,0,0,0.03,0.15,0.09,0.01,0,0,0,0.43,0.33,0.08,0,0,0,0,0,0,0,0.09,0.3,0.02,0.01,0,0,0,0,0,0,0,0,0,0.01,0.0339,0.0466,0.0749,0.0229
20115,0,0,0,0.01,0.05,0.31,0.58,0.49,0.18,0.01,0,0,0,0,0,0,0,0.01,0.1,0.07,0.01,0,0,0,0.42,0.32,0.08,0.01,0,0,0,0,0,0,0.09,0.3,0.02,0.02,0,0,0,0,0,0,0,0,0,0.01,0.109,0.0294,0.0738,0.0214
20117,0,0,0,0.01,0.04,0.25,0.46,0.35,0.13,0.01,0,0,0,0,0,0,0,0.01,0.05,0.03,0,0,0,0,0.59,0.45,0.14,0.01,0,0,0,0,0,0,0.14,0.42,0.1,0.04,0.01,0,0,0,0,0,0,0,0,0.04,0.158,0.0214,0.0679,0.0217
20119,0,0,0,0.02,0.15,0.49,0.75,0.63,0.28,0.04,0,0,0,0,0,0,0.01,0.05,0.18,0.11,0.03,0,0,0,0.44,0.3,0.08,0.01,0,0,0,0,0,0.01,0.1,0.36,0.01,0.01,0,0,0,0,0,0,0,0,0,0.01,,,0.0752,0.0311
20121,0,0,0,0,0.01,0.18,0.42,0.38,0.1,0,0,0,0,0,0,0,0,0,0.03,0.03,0.01,0,0,0,0.42,0.28,0.07,0,0,0,0,0,0,0,0.06,0.28,0.03,0.01,0,0,0,0,0,0,0,0,0,0.01,0.0116,0.0211,0.0707,0.0245
20123,0,0,0,0.01,0.07,0.38,0.6,0.46,0.2,0.02,0,0,0,0,0,0,0,0.03,0.15,0.07,0.01,0,0,0,0.55,0.42,0.13,0.01,0,0,0,0,0,0.01,0.13,0.4,0.06,0.03,0.01,0,0,0,0,0,0,0,0,0.03,0.167,0.0277,0.0741,0.0273
20125,0,0,0,0,0.02,0.26,0.59,0.55,0.18,0,0,0,0,0,0,0,0,0.01,0.07,0.09,0.01,0,0,0,0.31,0.19,0.04,0,0,0,0,0,0,0,0.04,0.2,0.01,0.01,0,0,0,0,0,0,0,0,0,0,0.132,0.0325,0.0674,0.0182
20127,0,0,0,0,0.04,0.25,0.51,0.42,0.14,0.01,0,0,0,0,0,0,0,0.01,0.08,0.05,0.01,0,0,0,0.45,0.35,0.1,0.01,0,0,0,0,0,0,0.1,0.32,0.03,0.02,0,0,0,0,0,0,0,0,0,0.02,0.0202,0.0783,0.0743,0.0224
20129,0,0,0,0.02,0.16,0.51,0.73,0.59,0.27,0.04,0,0,0,0,0,0,0.01,0.08,0.17,0.08,0.01,0,0,0,0.42,0.3,0.08,0.01,0,0,0,0,0,0.01,0.11,0.36,0.01,0.02,0,0,0,0,0,0,0,0,0,0.01,0.193,0.0125,0.0753,0.0615
20131,0,0,0,0,0.03,0.2,0.39,0.3,0.1,0.01,0,0,0,0,0,0,0,0,0.03,0.02,0,0,0,0,0.6,0.44,0.14,0.01,0,0,0,0,0,0,0.14,0.42,0.11,0.04,0.01,0,0,0,0,0,0,0,0,0.04,0.011,0.331,0.0661,0.0219
20133,0,0,0,0,0.01,0.21,0.51,0.48,0.14,0,0,0,0,0,0,0,0,0,0.04,0.05,0.01,0,0,0,0.34,0.23,0.05,0,0,0,0,0,0,0,0.05,0.22,0.02,0.01,0,0,0,0,0,0,0,0,0,0.01,0.031,0.0192,0.0687,0.0205
20135,0,0,0,0.01,0.11,0.44,0.67,0.55,0.25,0.04,0,0,0,0,0,0,0,0.05,0.18,0.08,0.01,0,0,0,0.51,0.4,0.11,0.02,0,0,0,0,0,0.02,0.13,0.44,0.02,0.02,0.01,0,0,0,0,0,0,0,0,0.02,0.00384,0.102,0.0824,0.0486
20137,0,0,0,0.02,0.08,0.38,0.6,0.47,0.2,0.02,0,0,0,0,0,0,0,0.04,0.14,0.07,0.01,0,0,0,0.59,0.45,0.16,0.02,0,0,0,0,0,0.02,0.17,0.49,0.06,0.04,0.01,0,0,0,0,0,0,0,0,0.04,0.156,0.0452,0.0676,0.0468
20139,0,0,0,0,0.03,0.22,0.49,0.42,0.13,0,0,0,0,0,0,0,0,0.01,0.05,0.05,0.01,0,0,0,0.42,0.31,0.08,0,0,0,0,0,0,0,0.09,0.28,0.03,0.02,0,0,0,0,0,0,0,0,0,0.01,0.0805,0.0257,0.0725,0.023
20141,0,0,0,0.02,0.08,0.41,0.62,0.49,0.23,0.03,0,0,0,0,0,0,0,0.05,0.18,0.09,0.02,0,0,0,0.55,0.43,0.14,0.02,0,0,0,0,0,0.02,0.14,0.43,0.05,0.03,0.01,0,0,0,0,0,0,0,0,0.03,0.286,0.0352,0.075,0.0332
20143,0,0,0,0.01,0.07,0.39,0.63,0.5,0.21,0.02,0,0,0,0,0,0,0,0.03,0.16,0.09,0.01,0,0,0,0.47,0.37,0.09,0.01,0,0,0,0,0,0,0.1,0.35,0.03,0.02,0.01,0,0,0,0,0,0,0,0,0.02,0.0862,0.00812,0.0758,0.0253
20145,0,0,0,0.02,0.09,0.43,0.65,0.54,0.23,0.03,0,0,0,0,0,0,0,0.03,0.16,0.08,0.02,0,0,0,0.48,0.35,0.1,0.01,0,0,0,0,0,0.01,0.11,0.37,0.02,0.02,0,0,0,0,0,0,0,0,0,0.01,0.0168,0.0615,0.0781,0.0325
20147,0,0,0,0.02,0.08,0.39,0.58,0.46,0.21,0.03,0,0,0,0,0,0,0,0.04,0.14,0.07,0.01,0,0,0,0.59,0.45,0.15,0.02,0,0,0,0,0,0.02,0.17,0.45,0.06,0.04,0.01,0,0,0,0,0,0,0,0,0.03,0.0629,0.0317,0.0685,0.036
20149,0,0,0,0.01,0.04,0.25,0.46,0.38,0.13,0.01,0,0,0,0,0,0,0,0.01,0.07,0.04,0.01,0,0,0,0.55,0.4,0.11,0.01,0,0,0,0,0,0,0.12,0.37,0.07,0.03,0.01,0,0,0,0,0,0,0,0,0.03,0.0534,0.0384,0.0717,0.0226
20151,0,0,0,0.02,0.09,0.42,0.66,0.54,0.24,0.02,0,0,0,0,0,0,0,0.04,0.15,0.09,0.02,0,0,0,0.43,0.31,0.08,0,0,0,0,0,0,0.01,0.1,0.31,0.01,0.01,0,0,0,0,0,0,0,0,0,0.01,0.0472,0.0214,0.0699,0.0207
20153,0,0,0,0,0.08,0.35,0.57,0.45,0.21,0.02,0,0,0,0,0,0,0,0.04,0.12,0.04,0.01,0,0,0,0.57,0.46,0.17,0.03,0,0,0,0,0,0.02,0.2,0.53,0.05,0.05,0.01,0,0,0,0,0,0,0,0,0.05,0.0296,0.0249,0.0444,0.0862
20155,0,0,0,0.01,0.08,0.42,0.67,0.55,0.23,0.01,0,0,0,0,0,0,0,0.03,0.16,0.1,0.01,0,0,0,0.43,0.3,0.07,0,0,0,0,0,0,0.01,0.08,0.31,0.01,0.01,0,0,0,0,0,0,0,0,0,0.01,0.0519,0.0186,0.0716,0.0208
20157,0,0,0,0.01,0.06,0.31,0.48,0.36,0.16,0.02,0,0,0,0,0,0,0,0.01,0.08,0.04,0.01,0,0,0,0.57,0.43,0.14,0.02,0,0,0,0,0,0.01,0.14,0.42,0.08,0.04,0.01,0,0,0,0,0,0,0,0,0.04,0.189,0.0306,0.0689,0.0227
20159,0,0,0,0.01,0.08,0.41,0.66,0.53,0.21,0.02,0,0,0,0,0,0,0,0.03,0.15,0.09,0.02,0,0,0,0.46,0.34,0.08,0.01,0,0,0,0,0,0.01,0.09,0.33,0.02,0.02,0,0,0,0,0,0,0,0,0,0.01,0.0365,0.0234,0.0758,0.0253
20161,0,0,0,0.01,0.05,0.29,0.51,0.42,0.15,0.01,0,0,0,0,0,0,0,0.01,0.09,0.06,0.01,0,0,0,0.51,0.4,0.11,0.01,0,0,0,0,0,0,0.11,0.36,0.05,0.03,0.01,0,0,0,0,0,0,0,0,0.03,0.0783,0.0384,0.0734,0.0229
20163,0,0,0,0.02,0.09,0.42,0.64,0.51,0.24,0.03,0,0,0,0,0,0,0,0.05,0.19,0.09,0.02,0,0,0,0.56,0.42,0.13,0.02,0,0,0,0,0,0.02,0.14,0.43,0.05,0.03,0.01,0,0,0,0,0,0,0,0,0.02,0.0314,0.0288,0.0754,0.0413
20165,0,0,0,0.02,0.1,0.44,0.66,0.54,0.24,0.03,0,0,0,0,0,0,0,0.05,0.19,0.09,0.02,0,0,0,0.52,0.39,0.11,0.01,0,0,0,0,0,0.02,0.13,0.41,0.02,0.02,0.01,0,0,0,0,0,0,0,0,0.01,0.0865,0.00179,0.0825,0.0412
20167,0,0,0,0.02,0.09,0.44,0.67,0.54,0.24,0.03,0,0,0,0,0,0,0,0.06,0.19,0.1,0.02,0,0,0,0.51,0.4,0.11,0.02,0,0,0,0,0,0.01,0.12,0.39,0.03,0.03,0.01,0,0,0,0,0,0,0,0,0.02,0.0238,0.0932,0.081,0.0367
20169,0,0,0,0.01,0.08,0.42,0.67,0.54,0.24,0.02,0,0,0,0,0,0,0,0.04,0.18,0.1,0.02,0,0,0,0.44,0.34,0.08,0.01,0,0,0,0,0,0,0.09,0.32,0.02,0.02,0,0,0,0,0,0,0,0,0,0.01,0.309,0.00932,0.0767,0.0251
20171,0,0,0,0.01,0.12,0.45,0.66,0.54,0.25,0.04,0,0,0,0,0,0,0.01,0.06,0.15,0.07,0.01,0,0,0,0.56,0.44,0.15,0.02,0,0,0,0,0,0.02,0.18,0.51,0.03,0.03,0.01,0,0,0,0,0,0,0,0,0.03,0.0599,0.517,0.0693,0.0654
20173,0,0,0,0.01,0.07,0.4,0.66,0.56,0.23,0.01,0,0,0,0,0,0,0,0.02,0.13,0.1,0.02,0,0,0,0.38,0.25,0.06,0,0,0,0,0,0,0,0.06,0.26,0.01,0.01,0,0,0,0,0,0,0,0,0,0.01,0.099,0.049,0.0694,0.0178
20175,0,0,0,0.02,0.14,0.49,0.74,0.62,0.28,0.04,0,0,0,0,0,0,0.01,0.06,0.16,0.09,0.02,0,0,0,0.44,0.31,0.08,0.01,0,0,0,0,0,0.01,0.1,0.36,0.01,0.02,0,0,0,0,0,0,0,0,0,0.01,,,0.077,0.0394
20177,0,0,0,0,0.04,0.24,0.49,0.42,0.14,0.01,0,0,0,0,0,0,0,0.01,0.06,0.05,0.01,0,0,0,0.48,0.36,0.08,0,0,0,0,0,0,0,0.09,0.32,0.05,0.02,0,0,0,0,0,0,0,0,0,0.01,0.145,0.00642,0.072,0.0232
20179,0,0,0,0.01,0.08,0.4,0.61,0.48,0.22,0.02,0,0,0,0,0,0,0,0.04,0.13,0.05,0.01,0,0,0,0.56,0.45,0.15,0.02,0,0,0,0,0,0.02,0.17,0.5,0.05,0.04,0.01,0,0,0,0,0,0,0,0,0.03,0.0688,0.0614,0.0669,0.0639
20181,0,0,0,0,0.06,0.34,0.57,0.43,0.2,0.01,0,0,0,0,0,0,0,0.04,0.09,0.03,0,0,0,0,0.56,0.45,0.17,0.03,0,0,0,0,0,0.02,0.22,0.52,0.05,0.04,0.01,0,0,0,0,0,0,0,0,0.05,0.0574,0.0444,0.0322,0.0964
20183,0,0,0,0.01,0.06,0.35,0.55,0.42,0.19,0.02,0,0,0,0,0,0,0,0.04,0.13,0.06,0.01,0,0,0,0.59,0.46,0.15,0.02,0,0,0,0,0,0.02,0.16,0.46,0.07,0.05,0.01,0,0,0,0,0,0,0,0,0.03,0.0379,0.011,0.0685,0.0292
20185,0,0,0,0.02,0.08,0.41,0.64,0.53,0.22,0.02,0,0,0,0,0,0,0,0.03,0.15,0.08,0.02,0,0,0,0.46,0.35,0.09,0.01,0,0,0,0,0,0.01,0.1,0.34,0.02,0.02,0,0,0,0,0,0,0,0,0,0.01,0.0424,0.0934,0.0738,0.0249
20187,0,0,0,0.02,0.14,0.51,0.72,0.59,0.28,0.04,0,0,0,0,0,0,0.01,0.1,0.18,0.09,0.02,0,0,0,0.48,0.34,0.1,0.01,0,0,0,0,0,0.02,0.13,0.43,0.02,0.02,0,0,0,0,0,0,0,0,0,0.02,,,0.0676,0.0675
20189,0,0,0,0.02,0.15,0.5,0.73,0.6,0.27,0.04,0,0,0,0,0,0,0.01,0.07,0.15,0.08,0.02,0,0,0,0.44,0.31,0.09,0.01,0,0,0,0,0,0.01,0.11,0.38,0.01,0.02,0,0,0,0,0,0,0,0,0,0.01,,,0.078,0.0511
20191,0,0,0,0.01,0.08,0.43,0.69,0.6,0.26,0.02,0,0,0,0,0,0,0,0.03,0.15,0.14,0.02,0,0,0,0.35,0.22,0.05,0,0,0,0,0,0,0,0.05,0.23,0.01,0.01,0,0,0,0,0,0,0,0,0,0,0.208,0.00423,0.0668,0.016
20193,0,0,0,0.01,0.08,0.38,0.59,0.45,0.22,0.02,0,0,0,0,0,0,0,0.04,0.11,0.04,0.01,0,0,0,0.59,0.46,0.17,0.03,0,0,0,0,0,0.02,0.22,0.54,0.05,0.04,0.01,0,0,0,0,0,0,0,0,0.04,0.0139,0.0213,0.0484,0.0829
20195,0,0,0,0.02,0.1,0.43,0.66,0.52,0.24,0.03,0,0,0,0,0,0,0,0.05,0.18,0.08,0.01,0,0,0,0.53,0.41,0.12,0.02,0,0,0,0,0,0.02,0.14,0.43,0.03,0.03,0.01,0,0,0,0,0,0,0,0,0.02,0.127,0.222,0.0798,0.0512
20197,0,0,0,0,0.03,0.24,0.48,0.41,0.13,0.01,0,0,0,0,0,0,0,0.01,0.07,0.05,0.01,0,0,0,0.48,0.37,0.1,0.01,0,0,0,0,0,0,0.1,0.33,0.04,0.02,0,0,0,0,0,0,0,0,0,0.02,0.0247,0.0308,0.0734,0.0229
20199,0,0,0,0,0.08,0.39,0.61,0.46,0.22,0.02,0,0,0,0,0,0,0,0.04,0.1,0.04,0,0,0,0,0.54,0.42,0.15,0.03,0,0,0,0,0,0.02,0.19,0.49,0.04,0.03,0.01,0,0,0,0,0,0,0,0,0.03,0.0812,0.0287,0.0351,0.0939
20201,0,0,0,0.01,0.05,0.29,0.48,0.37,0.15,0.02,0,0,0,0,0,0,0,0.01,0.07,0.04,0.01,0,0,0,0.56,0.42,0.13,0.01,0,0,0,0,0,0,0.13,0.4,0.08,0.04,0.01,0,0,0,0,0,0,0,0,0.03,0.113,0,0.0692,0.0219
20203,0,0,0,0.01,0.11,0.44,0.65,0.51,0.25,0.03,0,0,0,0,0,0,0,0.06,0.13,0.05,0.01,0,0,0,0.55,0.43,0.15,0.02,0,0,0,0,0,0.02,0.18,0.5,0.03,0.03,0.01,0,0,0,0,0,0,0,0,0.03,0.116,0.185,0.0557,0.0769
20205,0,0,0,0,0.02,0.22,0.55,0.5,0.16,0,0,0,0,0,0,0,0,0,0.06,0.06,0.01,0,0,0,0.35,0.22,0.05,0,0,0,0,0,0,0,0.05,0.23,0.02,0.01,0,0,0,0,0,0,0,0,0,0.01,0.0367,0.0105,0.0689,0.0193
20207,0,0,0,0,0.02,0.2,0.5,0.46,0.14,0,0,0,0,0,0,0,0,0,0.05,0.05,0.01,0,0,0,0.38,0.26,0.06,0,0,0,0,0,0,0,0.06,0.25,0.02,0.01,0,0,0,0,0,0,0,0,0,0.01,0.0258,0.0218,0.0702,0.0205
20209,0,0,0,0,0.02,0.22,0.42,0.36,0.1,0,0,0,0,0,0,0,0,0,0.03,0.03,0,0,0,0,0.45,0.31,0.07,0,0,0,0,0,0,0,0.07,0.28,0.05,0.02,0,0,0,0,0,0,0,0,0,0.01,0.0733,0.0164,0.0687,0.0247
21001,0,0,0,0,0.01,0.13,0.25,0.22,0.1,0.01,0,0,0,0,0,0,0,0,0.01,0,0,0,0,0,0.3,0.17,0.05,0,0,0,0,0,0,0,0.04,0.17,0.01,0.01,0,0,0,0,0,0,0,0,0,0,0.00168,0.0259,0.00591,0.0603
21003,0,0,0,0,0.02,0.24,0.44,0.38,0.15,0.01,0,0,0,0,0,0,0,0,0.01,0.01,0,0,0,0,0.25,0.14,0.04,0,0,0,0,0,0,0,0.03,0.15,0.01,0,0,0,0,0,0,0,0,0,0,0,0.0297,0.0542,0.00868,0.0563
21005,0,0,0,0,0.01,0.11,0.26,0.2,0.09,0.01,0,0,0,0,0,0,0,0,0.01,0,0,0,0,0,0.34,0.22,0.06,0,0,0,0,0,0,0,0.04,0.19,0.02,0.01,0,0,0,0,0,0,0,0,0,0,0.00572,0.0404,0.00574,0.0631
21007,0,0,0,0,0.03,0.27,0.46,0.38,0.15,0.01,0,0,0,0,0,0,0,0,0.01,0.01,0,0,0,0,0.24,0.14,0.03,0,0,0,0,0,0,0,0.02,0.13,0.01,0.01,0,0,0,0,0,0,0,0,0,0,0.0158,0.0174,0.0577,0.0347
21009,0,0,0,0,0.02,0.24,0.45,0.39,0.15,0.01,0,0,0,0,0,0,0,0,0.01,0,0,0,0,0,0.29,0.16,0.04,0,0,0,0,0,0,0,0.04,0.16,0.01,0,0,0,0,0,0,0,0,0,0,0,0.00045,0.013,0.00744,0.0578
21011,0,0,0,0,0.01,0.12,0.28,0.21,0.1,0.01,0,0,0,0,0,0,0,0,0.01,0,0,0,0,0,0.33,0.22,0.06,0,0,0,0,0,0,0,0.05,0.18,0.03,0.01,0,0,0,0,0,0,0,0,0,0,0.00192,0.0997,0.00391,0.0707
21013,0,0,0,0,0,0.02,0.08,0.07,0.02,0,0,0,0,0,0,0,0,0,0,0,0,0,0,0,0.31,0.18,0.05,0,0,0,0,0,0,0,0.04,0.17,0.01,0.01,0,0,0,0,0,0,0,0,0,0,0,0.0311,0.00463,0.0508
21015,0,0,0,0,0.01,0.08,0.21,0.17,0.07,0,0,0,0,0,0,0,0,0,0,0,0,0,0,0,0.36,0.25,0.07,0,0,0,0,0,0,0,0.04,0.2,0.03,0.01,0,0,0,0,0,0,0,0,0,0,0,0.0499,0.00552,0.0585
21017,0,0,0,0,0.01,0.09,0.25,0.19,0.09,0.01,0,0,0,0,0,0,0,0,0.01,0,0,0,0,0,0.35,0.23,0.07,0,0,0,0,0,0,0,0.05,0.19,0.03,0.01,0,0,0,0,0,0,0,0,0,0,0.000754,0.0196,0.00461,0.0687
21019,0,0,0,0,0.02,0.14,0.27,0.2,0.09,0.01,0,0,0,0,0,0,0,0,0,0,0,0,0,0,0.34,0.21,0.07,0,0,0,0,0,0,0,0.04,0.18,0.02,0.01,0,0,0,0,0,0,0,0,0,0,0.00212,0.273,0.00294,0.0726
21021,0,0,0,0,0,0.08,0.2,0.16,0.07,0.01,0,0,0,0,0,0,0,0,0,0,0,0,0,0,0.33,0.21,0.05,0,0,0,0,0,0,0,0.04,0.18,0.02,0.01,0,0,0,0,0,0,0,0,0,0,0.00179,0.0434,0.00533,0.0642
21023,0,0,0,0,0.01,0.1,0.25,0.18,0.09,0.01,0,0,0,0,0,0,0,0,0,0,0,0,0,0,0.37,0.26,0.08,0,0,0,0,0,0,0,0.05,0.21,0.03,0.01,0,0,0,0,0,0,0,0,0,0,0.000584,0.0152,0.00468,0.0678
21025,0,0,0,0,0.01,0.1,0.22,0.17,0.1,0.01,0,0,0,0,0,0,0,0,0,0,0,0,0,0,0.3,0.17,0.05,0,0,0,0,0,0,0,0.04,0.16,0.02,0.01,0,0,0,0,0,0,0,0,0,0,0,0.0404,0.00375,0.0638
21027,0,0,0,0,0.01,0.19,0.31,0.28,0.12,0.01,0,0,0,0,0,0,0,0,0.01,0,0,0,0,0,0.32,0.21,0.05,0,0,0,0,0,0,0,0.04,0.19,0.02,0.01,0,0,0,0,0,0,0,0,0,0,0,0.0289,0.0103,0.0475
21029,0,0,0,0,0.01,0.16,0.3,0.27,0.11,0.01,0,0,0,0,0,0,0,0,0.01,0,0,0,0,0,0.31,0.21,0.04,0,0,0,0,0,0,0,0.03,0.17,0.01,0.01,0,0,0,0,0,0,0,0,0,0,0.0168,0.00987,0.00704,0.0554
21031,0,0,0,0,0.02,0.25,0.45,0.39,0.17,0.01,0,0,0,0,0,0,0,0,0.01,0.01,0,0,0,0,0.26,0.15,0.03,0,0,0,0,0,0,0,0.03,0.15,0.01,0.01,0,0,0,0,0,0,0,0,0,0,0.00168,0.0198,0.0123,0.0505
21033,0,0,0,0,0.02,0.21,0.42,0.33,0.14,0.01,0,0,0,0,0,0,0,0,0.01,0.01,0,0,0,0,0.27,0.16,0.03,0,0,0,0,0,0,0,0.03,0.15,0.01,0.01,0,0,0,0,0,0,0,0,0,0,0.00369,0.026,0.034,0.0409
21035,0,0,0,0,0.01,0.21,0.43,0.34,0.14,0.01,0,0,0,0,0,0,0,0,0.01,0.01,0,0,0,0,0.24,0.13,0.02,0,0,0,0,0,0,0,0.02,0.12,0,0,0,0,0,0,0,0,0,0,0,0,0.0254,0.0209,0.045,0.0401
21037,0,0,0,0,0.01,0.12,0.25,0.2,0.08,0.01,0,0,0,0,0,0,0,0,0,0,0,0,0,0,0.36,0.24,0.07,0,0,0,0,0,0,0,0.04,0.19,0.03,0.01,0,0,0,0,0,0,0,0,0,0,0.00522,0.0145,0.00511,0.0626
21039,0,0,0,0,0.03,0.27,0.46,0.37,0.14,0.01,0,0,0,0,0,0,0,0,0.01,0.01,0,0,0,0,0.24,0.14,0.02,0,0,0,0,0,0,0,0.02,0.13,0,0.01,0,0,0,0,0,0,0,0,0,0,0.0287,0.00656,0.058,0.0352
21041,0,0,0,0,0.01,0.11,0.25,0.2,0.09,0.01,0,0,0,0,0,0,0,0,0,0,0,0,0,0,0.35,0.22,0.06,0,0,0,0,0,0,0,0.03,0.2,0.03,0.01,0,0,0,0,0,0,0,0,0,0,0.00135,0.0273,0.00605,0.0568
21043,0,0,0,0,0.01,0.12,0.25,0.19,0.09,0.01,0,0,0,0,0,0,0,0,0,0,0,0,0,0,0.36,0.24,0.09,0,0,0,0,0,0,0,0.06,0.21,0.03,0.01,0,0,0,0,0,0,0,0,0,0,0.000282,0.32,0.00319,0.0726
21045,0,0,0,0,0,0.06,0.16,0.14,0.05,0.01,0,0,0,0,0,0,0,0,0,0,0,0,0,0,0.33,0.21,0.06,0,0,0,0,0,0,0,0.04,0.18,0.02,0.01,0,0,0,0,0,0,0,0,0,0,0,0.0888,0.00529,0.0625
21047,0,0,0,0,0.01,0.2,0.41,0.34,0.14,0.01,0,0,0,0,0,0,0,0,0.01,0.01,0,0,0,0,0.25,0.14,0.03,0,0,0,0,0,0,0,0.03,0.13,0.01,0,0,0,0,0,0,0,0,0,0,0,0.00189,0.024,0.0273,0.0455
21049,0,0,0,0,0.01,0.09,0.25,0.2,0.09,0.01,0,0,0,0,0,0,0,0,0.01,0,0,0,0,0,0.34,0.22,0.06,0,0,0,0,0,0,0,0.04,0.18,0.03,0.01,0,0,0,0,0,0,0,0,0,0,0.00465,0.0852,0.00437,0.0685
21051,0,0,0,0,0,0.08,0.17,0.13,0.06,0.01,0,0,0,0,0,0,0,0,0,0,0,0,0,0,0.31,0.17,0.05,0,0,0,0,0,0,0,0.04,0.17,0.02,0.01,0,0,0,0,0,0,0,0,0,0,0,0.184,0.00407,0.059
21053,0,0,0,0,0,0.08,0.19,0.18,0.07,0.01,0,0,0,0,0,0,0,0,0,0,0,0,0,0,0.28,0.15,0.04,0,0,0,0,0,0,0,0.03,0.15,0.01,0.01,0,0,0,0,0,0,0,0,0,0,0.000986,0.136,0.00562,0.0559
21055,0,0,0,0,0.02,0.21,0.42,0.32,0.14,0.01,0,0,0,0,0,0,0,0,0.01,0.01,0,0,0,0,0.27,0.17,0.03,0,0,0,0,0,0,0,0.03,0.15,0.01,0.01,0,0,0,0,0,0,0,0,0,0,0.0407,0.0244,0.0379,0.038
21057,0,0,0,0,0.01,0.16,0.32,0.29,0.12,0.01,0,0,0,0,0,0,0,0,0.01,0,0,0,0,0,0.28,0.14,0.03,0,0,0,0,0,0,0,0.03,0.15,0.01,0.01,0,0,0,0,0,0,0,0,0,0,0.0115,0.0315,0.0061,0.0572
21059,0,0,0,0,0.01,0.24,0.38,0.31,0.14,0.01,0,0,0,0,0,0,0,0,0.01,0,0,0,0,0,0.29,0.18,0.03,0,0,0,0,0,0,0,0.03,0.16,0.02,0.01,0,0,0,0,0,0,0,0,0,0,0.00765,0.00761,0.0171,0.0412
21061,0,0,0,0,0.02,0.25,0.45,0.4,0.17,0.01,0,0,0,0,0,0,0,0,0.01,0.01,0,0,0,0,0.29,0.17,0.04,0,0,0,0,0,0,0,0.03,0.16,0.01,0.01,0,0,0,0,0,0,0,0,0,0,0.00447,0.0101,0.00846,0.0549
21063,0,0,0,0,0.01,0.12,0.24,0.19,0.08,0.01,0,0,0,0,0,0,0,0,0,0,0,0,0,0,0.35,0.22,0.08,0,0,0,0,0,0,0,0.05,0.19,0.03,0.01,0,0,0,0,0,0,0,0,0,0,0.000703,0.381,0.00328,0.0714
21065,0,0,0,0,0.01,0.09,0.23,0.19,0.1,0.01,0,0,0,0,0,0,0,0,0,0,0,0,0,0,0.3,0.19,0.04,0,0,0,0,0,0,0,0.03,0.17,0.02,0.01,0,0,0,0,0,0,0,0,0,0,0,0.0848,0.00401,0.0668
21067,0,0,0,0,0.01,0.08,0.24,0.17,0.09,0.01,0,0,0,0,0,0,0,0,0.01,0,0,0,0,0,0.34,0.22,0.06,0,0,0,0,0,0,0,0.04,0.19,0.02,0.01,0,0,0,0,0,0,0,0,0,0,0.00312,0.00756,0.0049,0.0671
21069,0,0,0,0,0.01,0.11,0.26,0.18,0.09,0.01,0,0,0,0,0,0,0,0,0.01,0,0,0,0,0,0.35,0.24,0.08,0,0,0,0,0,0,0,0.05,0.2,0.03,0.01,0,0,0,0,0,0,0,0,0,0,0,0.0963,0.00397,0.0714
21071,0,0,0,0.01,0.02,0.13,0.22,0.18,0.08,0.01,0,0,0,0,0,0,0,0,0,0,0,0,0,0,0.3,0.16,0.04,0,0,0,0,0,0,0,0.03,0.15,0.01,0.01,0,0,0,0,0,0,0,0,0,0,0.00218,0.0557,0.0038,0.0631
21073,0,0,0,0,0.01,0.11,0.27,0.21,0.1,0.01,0,0,0,0,0,0,0,0,0.01,0,0,0,0,0,0.33,0.22,0.06,0,0,0,0,0,0,0,0.04,0.19,0.02,0.01,0,0,0,0,0,0,0,0,0,0,0.00689,0.00516,0.00564,0.0632
21075,0,0,0,0,0.03,0.28,0.47,0.37,0.15,0.01,0,0,0,0,0,0,0,0,0.01,0.01,0,0,0,0,0.21,0.12,0.02,0,0,0,0,0,0,0,0.02,0.11,0,0,0,0,0,0,0,0,0,0,0,0,0.0129,0.00281,0.0633,0.034
21077,0,0,0,0,0.01,0.1,0.24,0.2,0.08,0.01,0,0,0,0,0,0,0,0,0,0,0,0,0,0,0.35,0.23,0.07,0,0,0,0,0,0,0,0.03,0.19,0.03,0.01,0,0,0,0,0,0,0,0,0,0,0.000859,0.0229,0.0057,0.0592
21079,0,0,0,0,0,0.07,0.2,0.16,0.08,0.01,0,0,0,0,0,0,0,0,0,0,0,0,0,0,0.32,0.21,0.05,0,0,0,0,0,0,0,0.04,0.17,0.02,0.01,0,0,0,0,0,0,0,0,0,0,0.00419,0.224,0.00478,0.0654
21081,0,0,0,0,0.01,0.07,0.22,0.18,0.07,0.01,0,0,0,0,0,0,0,0,0,0,0,0,0,0,0.36,0.24,0.07,0,0,0,0,0,0,0,0.04,0.2,0.03,0.01,0,0,0,0,0,0,0,0,0,0,0.00112,0.0353,0.00539,0.0631
21083,0,0,0,0,0.02,0.24,0.45,0.35,0.14,0.01,0,0,0,0,0,0,0,0,0.01,0.01,0,0,0,0,0.24,0.14,0.02,0,0,0,0,0,0,0,0.02,0.13,0,0,0,0,0,0,0,0,0,0,0,0,0.021,0.0245,0.0522,0.0374
21085,0,0,0,0,0.02,0.21,0.38,0.34,0.15,0.01,0,0,0,0,0,0,0,0,0.01,0,0,0,0,0,0.31,0.19,0.05,0,0,0,0,0,0,0,0.04,0.18,0.02,0.01,0,0,0,0,0,0,0,0,0,0,0.0015,0.0372,0.00933,0.0517
21087,0,0,0,0,0.01,0.19,0.32,0.31,0.12,0.01,0,0,0,0,0,0,0,0,0.01,0,0,0,0,0,0.3,0.18,0.04,0,0,0,0,0,0,0,0.04,0.17,0.01,0.01,0,0,0,0,0,0,0,0,0,0,0.00417,0.00171,0.00655,0.0601
21089,0,0,0,0,0.02,0.13,0.26,0.19,0.09,0.01,0,0,0,0,0,0,0,0,0,0,0,0,0,0,0.36,0.24,0.08,0,0,0,0,0,0,0,0.06,0.2,0.03,0.01,0,0,0,0,0,0,0,0,0,0,0.000595,0.175,0.0031,0.0728
21091,0,0,0,0,0.01,0.19,0.31,0.26,0.12,0,0,0,0,0,0,0,0,0,0.01,0,0,0,0,0,0.29,0.19,0.04,0,0,0,0,0,0,0,0.04,0.16,0.02,0.01,0,0,0,0,0,0,0,0,0,0,0.00183,0.018,0.0135,0.0426
21093,0,0,0,0,0.01,0.15,0.28,0.25,0.1,0.01,0,0,0,0,0,0,0,0,0.01,0,0,0,0,0,0.32,0.22,0.05,0,0,0,0,0,0,0,0.04,0.19,0.03,0.01,0,0,0,0,0,0,0,0,0,0,0.00106,0.066,0.0077,0.0543
21095,0,0,0,0,0,0,0.01,0.02,0,0,0,0,0,0,0,0,0,0,0,0,0,0,0,0,0.32,0.2,0.06,0,0,0,0,0,0,0,0.05,0.19,0.02,0.01,0,0,0,0,0,0,0,0,0,0,0,0.037,0.0046,0.0517
21097,0,0,0,0,0.01,0.1,0.25,0.19,0.09,0.01,0,0,0,0,0,0,0,0,0.01,0,0,0,0,0,0.35,0.23,0.07,0,0,0,0,0,0,0,0.04,0.19,0.03,0.01,0,0,0,0,0,0,0,0,0,0,0,0.00951,0.00492,0.0672
21099,0,0,0,0,0.02,0.21,0.36,0.35,0.14,0.01,0,0,0,0,0,0,0,0,0.01,0,0,0,0,0,0.3,0.19,0.05,0,0,0,0,0,0,0,0.04,0.18,0.02,0.01,0,0,0,0,0,0,0,0,0,0,0.00811,0.0488,0.00739,0.0576
21101,0,0,0,0,0.02,0.23,0.39,0.32,0.15,0.01,0,0,0,0,0,0,0,0,0.01,0,0,0,0,0,0.29,0.18,0.03,0,0,0,0,0,0,0,0.03,0.15,0.02,0.01,0,0,0,0,0,0,0,0,0,0,0.00674,0.0605,0.025,0.0374
21103,0,0,0,0,0.01,0.11,0.25,0.19,0.09,0.01,0,0,0,0,0,0,0,0,0,0,0,0,0,0,0.36,0.23,0.06,0,0,0,0,0,0,0,0.04,0.2,0.03,0.01,0,0,0,0,0,0,0,0,0,0,0,0.0541,0.00607,0.0589
21105,0,0,0,0,0.03,0.27,0.45,0.37,0.14,0.01,0,0,0,0,0,0,0,0,0.01,0.01,0,0,0,0,0.23,0.13,0.02,0,0,0,0,0,0,0,0.02,0.12,0,0,0,0,0,0,0,0,0,0,0,0,0.0182,0.00489,0.0586,0.0354
21107,0,0,0,0,0.02,0.24,0.44,0.35,0.16,0.01,0,0,0,0,0,0,0,0,0.01,0.01,0,0,0,0,0.27,0.16,0.03,0,0,0,0,0,0,0,0.03,0.14,0.01,0.01,0,0,0,0,0,0,0,0,0,0,0.0102,0.0189,0.0264,0.042
21109,0,0,0,0,0,0.04,0.12,0.11,0.05,0,0,0,0,0,0,0,0,0,0,0,0,0,0,0,0.32,0.21,0.06,0,0,0,0,0,0,0,0.04,0.19,0.03,0.01,0,0,0,0,0,0,0,0,0,0,0,0.449,0.00406,0.0633
21111,0,0,0,0,0.02,0.19,0.31,0.28,0.12,0.01,0,0,0,0,0,0,0,0,0.01,0,0,0,0,0,0.32,0.21,0.05,0,0,0,0,0,0,0,0.03,0.17,0.02,0.01,0,0,0,0,0,0,0,0,0,0,0.0358,0.000694,0.00695,0.0541
21113,0,0,0,0,0.01,0.08,0.23,0.18,0.09,0.01,0,0,0,0,0,0,0,0,0.01,0,0,0,0,0,0.32,0.22,0.05,0,0,0,0,0,0,0,0.04,0.17,0.02,0.01,0,0,0,0,0,0,0,0,0,0,0.0056,0.00617,0.00499,0.0662
21115,0,0,0,0.01,0.02,0.13,0.24,0.19,0.09,0.01,0,0,0,0,0,0,0,0,0,0,0,0,0,0,0.32,0.18,0.06,0,0,0,0,0,0,0,0.05,0.17,0.02,0.01,0,0,0,0,0,0,0,0,0,0,0.00287,0.215,0.00341,0.068
21117,0,0,0,0,0.01,0.08,0.22,0.18,0.07,0,0,0,0,0,0,0,0,0,0,0,0,0,0,0,0.37,0.25,0.07,0,0,0,0,0,0,0,0.04,0.19,0.03,0.01,0,0,0,0,0,0,0,0,0,0,0,0.0259,0.00528,0.0612
21119,0,0,0,0,0,0.05,0.13,0.12,0.05,0,0,0,0,0,0,0,0,0,0,0,0,0,0,0,0.29,0.17,0.04,0,0,0,0,0,0,0,0.04,0.16,0.01,0.01,0,0,0,0,0,0,0,0,0,0,0,0.0235,0.00399,0.0601
21121,0,0,0,0,0,0.07,0.16,0.12,0.05,0,0,0,0,0,0,0,0,0,0,0,0,0,0,0,0.3,0.17,0.05,0,0,0,0,0,0,0,0.04,0.16,0.01,0.01,0,0,0,0,0,0,0,0,0,0,0,0.00446,0.00437,0.0544
21123,0,0,0,0,0.01,0.14,0.25,0.23,0.08,0.01,0,0,0,0,0,0,0,0,0.01,0,0,0,0,0,0.32,0.21,0.05,0,0,0,0,0,0,0,0.04,0.19,0.02,0.01,0,0,0,0,0,0,0,0,0,0,0.000476,0.00548,0.00699,0.0583
21125,0,0,0,0,0,0.05,0.14,0.12,0.05,0,0,0,0,0,0,0,0,0,0,0,0,0,0,0,0.31,0.18,0.05,0,0,0,0,0,0,0,0.04,0.16,0.02,0.01,0,0,0,0,0,0,0,0,0,0,0,0.281,0.00423,0.0592
21127,0,0,0,0.01,0.02,0.13,0.26,0.2,0.09,0.01,0,0,0,0,0,0,0,0,0,0,0,0,0,0,0.33,0.19,0.06,0,0,0,0,0,0,0,0.05,0.18,0.02,0.01,0,0,0,0,0,0,0,0,0,0,0.00107,0.271,0.00317,0.0706
21129,0,0,0,0,0.01,0.1,0.23,0.18,0.1,0.01,0,0,0,0,0,0,0,0,0,0,0,0,0,0,0.3,0.18,0.04,0,0,0,0,0,0,0,0.04,0.16,0.02,0.01,0,0,0,0,0,0,0,0,0,0,0.000332,0.152,0.00382,0.0658
21131,0,0,0,0,0,0.03,0.1,0.09,0.04,0,0,0,0,0,0,0,0,0,0,0,0,0,0,0,0.3,0.17,0.05,0,0,0,0,0,0,0,0.04,0.16,0.01,0.01,0,0,0,0,0,0,0,0,0,0,0,0.055,0.00419,0.0566
21133,0,0,0,0,0,0.02,0.06,0.05,0.02,0,0,0,0,0,0,0,0,0,0,0,0,0,0,0,0.3,0.19,0.05,0,0,0,0,0,0,0,0.04,0.17,0.01,0.01,0,0,0,0,0,0,0,0,0,0,0,0.0193,0.00438,0.0555
21135,0,0,0,0,0.01,0.11,0.24,0.18,0.09,0.01,0,0,0,0,0,0,0,0,0,0,0,0,0,0,0.37,0.26,0.08,0,0,0,0,0,0,0,0.06,0.21,0.03,0.01,0,0,0,0,0,0,0,0,0,0,0.00181,0.049,0.00359,0.0723
21137,0,0,0,0,0,0.04,0.14,0.12,0.05,0.01,0,0,0,0,0,0,0,0,0,0,0,0,0,0,0.33,0.21,0.06,0,0,0,0,0,0,0,0.04,0.18,0.02,0.01,0,0,0,0,0,0,0,0,0,0,0,0.364,0.00488,0.0639
21139,0,0,0,0,0.02,0.23,0.43,0.34,0.15,0.01,0,0,0,0,0,0,0,0,0.01,0.01,0,0,0,0,0.26,0.16,0.03,0,0,0,0,0,0,0,0.03,0.15,0.01,0.01,0,0,0,0,0,0,0,0,0,0,0.0294,0.00422,0.0442,0.0374
21141,0,0,0,0,0.02,0.24,0.43,0.35,0.15,0.01,0,0,0,0,0,0,0,0,0.01,0.01,0,0,0,0,0.25,0.14,0.03,0,0,0,0,0,0,0,0.03,0.13,0.01,0,0,0,0,0,0,0,0,0,0,0,0.00425,0.0258,0.016,0.0512
21143,0,0,0,0,0.02,0.21,0.44,0.34,0.15,0.01,0,0,0,0,0,0,0,0,0.01,0.01,0,0,0,0,0.25,0.15,0.03,0,0,0,0,0,0,0,0.03,0.13,0.01,0,0,0,0,0,0,0,0,0,0,0,0.00745,0.011,0.0393,0.0401
21145,0,0,0,0,0.02,0.27,0.47,0.37,0.16,0.01,0,0,0,0,0,0,0,0,0.01,0.01,0,0,0,0,0.25,0.15,0.02,0,0,0,0,0,0,0,0.02,0.14,0.01,0,0,0,0,0,0,0,0,0,0,0,0.0117,0.0191,0.052,0.0362
21147,0,0,0,0,0,0.03,0.11,0.11,0.04,0,0,0,0,0,0,0,0,0,0,0,0,0,0,0,0.29,0.17,0.05,0,0,0,0,0,0,0,0.04,0.15,0.01,0.01,0,0,0,0,0,0,0,0,0,0,0,0.232,0.00475,0.0537
21149,0,0,0,0,0.02,0.26,0.42,0.34,0.16,0.01,0,0,0,0,0,0,0,0,0.01,0.01,0,0,0,0,0.28,0.16,0.03,0,0,0,0,0,0,0,0.03,0.14,0.01,0.01,0,0,0,0,0,0,0,0,0,0,0.00479,0.0134,0.0203,0.042
21151,0,0,0,0,0.01,0.08,0.22,0.18,0.09,0.01,0,0,0,0,0,0,0,0,0,0,0,0,0,0,0.32,0.2,0.05,0,0,0,0,0,0,0,0.04,0.17,0.02,0.01,0,0,0,0,0,0,0,0,0,0,0.00243,0.147,0.00442,0.0667
21153,0,0,0,0.01,0.01,0.11,0.2,0.17,0.08,0.01,0,0,0,0,0,0,0,0,0,0,0,0,0,0,0.32,0.19,0.05,0,0,0,0,0,0,0,0.05,0.16,0.02,0.01,0,0,0,0,0,0,0,0,0,0,0.000771,0.221,0.00357,0.0662
21155,0,0,0,0,0.01,0.11,0.24,0.21,0.08,0.01,0,0,0,0,0,0,0,0,0.01,0,0,0,0,0,0.32,0.2,0.05,0,0,0,0,0,0,0,0.04,0.18,0.02,0.01,0,0,0,0,0,0,0,0,0,0,0,0.0069,0.00607,0.0618
21157,0,0,0,0,0.02,0.24,0.45,0.35,0.16,0.01,0,0,0,0,0,0,0,0,0.01,0.01,0,0,0,0,0.25,0.14,0.02,0,0,0,0,0,0,0,0.02,0.13,0,0,0,0,0,0,0,0,0,0,0,0,0.0374,0.00415,0.0452,0.039
21159,0,0,0,0.01,0.02,0.15,0.26,0.2,0.09,0.01,0,0,0,0,0,0,0,0,0,0,0,0,0,0,0.3,0.17,0.05,0,0,0,0,0,0,0,0.03,0.16,0.01,0.01,0,0,0,0,0,0,0,0,0,0,0.0265,0.0611,0.00353,0.0666
21161,0,0,0,0,0.01,0.09,0.25,0.17,0.09,0.01,0,0,0,0,0,0,0,0,0,0,0,0,0,0,0.37,0.27,0.09,0,0,0,0,0,0,0,0.05,0.21,0.04,0.01,0,0,0,0,0,0,0,0,0,0,0,0.0729,0.00424,0.0703
21163,0,0,0,0,0.01,0.16,0.28,0.24,0.1,0.01,0,0,0,0,0,0,0,0,0.01,0,0,0,0,0,0.33,0.22,0.05,0,0,0,0,0,0,0,0.04,0.19,0.02,0.01,0,0,0,0,0,0,0,0,0,0,0.00115,0.00837,0.0089,0.0486
21165,0,0,0,0,0.01,0.1,0.22,0.17,0.08,0.01,0,0,0,0,0,0,0,0,0,0,0,0,0,0,0.33,0.2,0.06,0,0,0,0,0,0,0,0.05,0.18,0.03,0.01,0,0,0,0,0,0,0,0,0,0,0.000984,0.214,0.00367,0.0695
21167,0,0,0,0,0.01,0.09,0.24,0.19,0.08,0.01,0,0,0,0,0,0,0,0,0.01,0,0,0,0,0,0.32,0.22,0.05,0,0,0,0,0,0,0,0.04,0.17,0.02,0.01,0,0,0,0,0,0,0,0,0,0,0.00434,0.104,0.00546,0.0644
21169,0,0,0,0,0.02,0.18,0.34,0.3,0.12,0.01,0,0,0,0,0,0,0,0,0.01,0,0,0,0,0,0.31,0.18,0.05,0,0,0,0,0,0,0,0.04,0.19,0.01,0.01,0,0,0,0,0,0,0,0,0,0,0.00144,0.011,0.00667,0.0589
21171,0,0,0,0,0.02,0.2,0.39,0.33,0.13,0.01,0,0,0,0,0,0,0,0,0.01,0,0,0,0,0,0.28,0.16,0.04,0,0,0,0,0,0,0,0.03,0.16,0.01,0.01,0,0,0,0,0,0,0,0,0,0,0.00432,0.00847,0.00687,0.0569
21173,0,0,0,0,0.01,0.1,0.26,0.2,0.09,0.01,0,0,0,0,0,0,0,0,0.01,0,0,0,0,0,0.34,0.21,0.07,0,0,0,0,0,0,0,0.04,0.19,0.03,0.01,0,0,0,0,0,0,0,0,0,0,0,0.147,0.00409,0.0696
21175,0,0,0,0,0.01,0.12,0.24,0.2,0.09,0.01,0,0,0,0,0,0,0,0,0,0,0,0,0,0,0.34,0.2,0.06,0,0,0,0,0,0,0,0.05,0.18,0.02,0.01,0,0,0,0,0,0,0,0,0,0,0.00505,0.146,0.00345,0.0694
21177,0,0,0,0,0.02,0.24,0.43,0.35,0.16,0.01,0,0,0,0,0,0,0,0,0.01,0.01,0,0,0,0,0.26,0.15,0.03,0,0,0,0,0,0,0,0.03,0.13,0.01,0.01,0,0,0,0,0,0,0,0,0,0,0.00317,0.0124,0.019,0.0461
21179,0,0,0,0,0.01,0.14,0.27,0.25,0.09,0.01,0,0,0,0,0,0,0,0,0.01,0,0,0,0,0,0.32,0.21,0.05,0,0,0,0,0,0,0,0.03,0.18,0.02,0.01,0,0,0,0,0,0,0,0,0,0,0.00357,0.0209,0.00654,0.0593
21181,0,0,0,0,0.01,0.1,0.26,0.19,0.09,0.01,0,0,0,0,0,0,0,0,0.01,0,0,0,0,0,0.35,0.24,0.07,0,0,0,0,0,0,0,0.05,0.2,0.03,0.01,0,0,0,0,0,0,0,0,0,0,0.00208,0.0302,0.00441,0.0697
21183,0,0,0,0,0.02,0.23,0.4,0.34,0.15,0.01,0,0,0,0,0,0,0,0,0.01,0.01,0,0,0,0,0.28,0.17,0.04,0,0,0,0,0,0,0,0.03,0.16,0.01,0.01,0,0,0,0,0,0,0,0,0,0,0.0157,0.00902,0.014,0.0461
21185,0,0,0,0,0.01,0.15,0.28,0.2,0.1,0.01,0,0,0,0,0,0,0,0,0.01,0,0,0,0,0,0.35,0.23,0.06,0,0,0,0,0,0,0,0.04,0.21,0.03,0.01,0,0,0,0,0,0,0,0,0,0,0.00898,0.00452,0.00657,0.0549
21187,0,0,0,0,0.01,0.09,0.24,0.19,0.08,0.01,0,0,0,0,0,0,0,0,0.01,0,0,0,0,0,0.35,0.23,0.07,0,0,0,0,0,0,0,0.04,0.2,0.03,0.01,0,0,0,0,0,0,0,0,0,0,0,0.0874,0.00567,0.0618
21189,0,0,0,0,0.01,0.09,0.2,0.16,0.1,0.01,0,0,0,0,0,0,0,0,0,0,0,0,0,0,0.3,0.18,0.04,0,0,0,0,0,0,0,0.04,0.17,0.02,0.01,0,0,0,0,0,0,0,0,0,0,0,0.274,0.00389,0.0631
21191,0,0,0,0,0.01,0.1,0.26,0.18,0.09,0.01,0,0,0,0,0,0,0,0,0,0,0,0,0,0,0.35,0.24,0.07,0,0,0,0,0,0,0,0.04,0.2,0.03,0.01,0,0,0,0,0,0,0,0,0,0,0.00215,0.0301,0.00501,0.0656
21193,0,0,0,0,0,0.06,0.14,0.12,0.05,0,0,0,0,0,0,0,0,0,0,0,0,0,0,0,0.29,0.17,0.04,0,0,0,0,0,0,0,0.04,0.16,0.01,0.01,0,0,0,0,0,0,0,0,0,0,0,0.0379,0.00405,0.0589
21195,0,0,0,0.01,0.01,0.11,0.2,0.15,0.07,0.01,0,0,0,0,0,0,0,0,0,0,0,0,0,0,0.28,0.16,0.04,0,0,0,0,0,0,0,0.03,0.14,0.01,0.01,0,0,0,0,0,0,0,0,0,0,0.0101,0.0213,0.00407,0.0612
21197,0,0,0,0,0.01,0.09,0.25,0.2,0.1,0.01,0,0,0,0,0,0,0,0,0,0,0,0,0,0,0.31,0.19,0.05,0,0,0,0,0,0,0,0.04,0.17,0.02,0.01,0,0,0,0,0,0,0,0,0,0,0.00626,0.0643,0.00389,0.0681
21199,0,0,0,0,0,0.05,0.15,0.13,0.06,0,0,0,0,0,0,0,0,0,0,0,0,0,0,0,0.3,0.19,0.05,0,0,0,0,0,0,0,0.04,0.16,0.02,0.01,0,0,0,0,0,0,0,0,0,0,0,0.178,0.00465,0.0601
21201,0,0,0,0,0.01,0.1,0.26,0.18,0.09,0.01,0,0,0,0,0,0,0,0,0.01,0,0,0,0,0,0.36,0.25,0.08,0,0,0,0,0,0,0,0.05,0.2,0.03,0.01,0,0,0,0,0,0,0,0,0,0,0,0.109,0.00455,0.0691
21203,0,0,0,0,0,0.03,0.12,0.11,0.04,0,0,0,0,0,0,0,0,0,0,0,0,0,0,0,0.32,0.21,0.06,0,0,0,0,0,0,0,0.04,0.17,0.02,0.01,0,0,0,0,0,0,0,0,0,0,0,0.389,0.00434,0.0631
21205,0,0,0,0,0.01,0.11,0.24,0.18,0.08,0.01,0,0,0,0,0,0,0,0,0,0,0,0,0,0,0.34,0.23,0.07,0,0,0,0,0,0,0,0.05,0.19,0.03,0.01,0,0,0,0,0,0,0,0,0,0,0,0.195,0.00356,0.0718
21207,0,0,0,0,0,0.09,0.21,0.18,0.08,0.01,0,0,0,0,0,0,0,0,0,0,0,0,0,0,0.3,0.17,0.05,0,0,0,0,0,0,0,0.04,0.17,0.01,0.01,0,0,0,0,0,0,0,0,0,0,0.00017,0.0196,0.00543,0.0592
21209,0,0,0,0,0.01,0.09,0.24,0.18,0.09,0.01,0,0,0,0,0,0,0,0,0.01,0,0,0,0,0,0.35,0.23,0.07,0,0,0,0,0,0,0,0.04,0.2,0.02,0.01,0,0,0,0,0,0,0,0,0,0,0,0.021,0.00521,0.0657
21211,0,0,0,0,0.01,0.12,0.26,0.2,0.1,0.01,0,0,0,0,0,0,0,0,0.01,0,0,0,0,0,0.36,0.24,0.06,0,0,0,0,0,0,0,0.04,0.2,0.02,0.01,0,0,0,0,0,0,0,0,0,0,0.0139,0.0316,0.00621,0.0592
21213,0,0,0,0,0.02,0.22,0.42,0.35,0.14,0.01,0,0,0,0,0,0,0,0,0.01,0.01,0,0,0,0,0.25,0.14,0.03,0,0,0,0,0,0,0,0.03,0.14,0.01,0,0,0,0,0,0,0,0,0,0,0,0,0.029,0.0122,0.0542
21215,0,0,0,0,0.01,0.15,0.29,0.23,0.1,0.01,0,0,0,0,0,0,0,0,0.01,0,0,0,0,0,0.33,0.22,0.05,0,0,0,0,0,0,0,0.04,0.18,0.02,0.01,0,0,0,0,0,0,0,0,0,0,0.0112,0.0267,0.00632,0.0597
21217,0,0,0,0,0.01,0.12,0.24,0.23,0.08,0.01,0,0,0,0,0,0,0,0,0,0,0,0,0,0,0.31,0.18,0.05,0,0,0,0,0,0,0,0.04,0.18,0.01,0.01,0,0,0,0,0,0,0,0,0,0,0,0.0116,0.00612,0.0614
21219,0,0,0,0,0.01,0.21,0.41,0.34,0.14,0.01,0,0,0,0,0,0,0,0,0.01,0.01,0,0,0,0,0.25,0.14,0.03,0,0,0,0,0,0,0,0.03,0.13,0.01,0,0,0,0,0,0,0,0,0,0,0,0.00364,0.0279,0.0213,0.0486
21221,0,0,0,0,0.01,0.2,0.43,0.34,0.14,0.01,0,0,0,0,0,0,0,0,0.01,0.02,0,0,0,0,0.25,0.14,0.03,0,0,0,0,0,0,0,0.02,0.13,0.01,0,0,0,0,0,0,0,0,0,0,0,0.00154,0.0495,0.0355,0.0428
21223,0,0,0,0,0.01,0.12,0.25,0.19,0.09,0.01,0,0,0,0,0,0,0,0,0.01,0,0,0,0,0,0.36,0.23,0.06,0,0,0,0,0,0,0,0.04,0.21,0.03,0.01,0,0,0,0,0,0,0,0,0,0,0,0.0174,0.00637,0.0542
21225,0,0,0,0,0.02,0.23,0.41,0.32,0.15,0.01,0,0,0,0,0,0,0,0,0.01,0.01,0,0,0,0,0.28,0.18,0.03,0,0,0,0,0,0,0,0.03,0.16,0.02,0.01,0,0,0,0,0,0,0,0,0,0,0.003,0.055,0.033,0.0366
21227,0,0,0,0,0.03,0.26,0.47,0.41,0.17,0.01,0,0,0,0,0,0,0,0,0.01,0.01,0,0,0,0,0.25,0.14,0.03,0,0,0,0,0,0,0,0.03,0.14,0.01,0,0,0,0,0,0,0,0,0,0,0,0.00841,0.04,0.0099,0.0545
21229,0,0,0,0,0.01,0.11,0.24,0.2,0.08,0.01,0,0,0,0,0,0,0,0,0.01,0,0,0,0,0,0.32,0.21,0.05,0,0,0,0,0,0,0,0.03,0.18,0.02,0.01,0,0,0,0,0,0,0,0,0,0,0.00371,0.00837,0.00597,0.0622
21231,0,0,0,0,0,0.06,0.15,0.14,0.06,0.01,0,0,0,0,0,0,0,0,0,0,0,0,0,0,0.28,0.17,0.04,0,0,0,0,0,0,0,0.03,0.16,0.01,0.01,0,0,0,0,0,0,0,0,0,0,0.00134,0.183,0.00507,0.0561
21233,0,0,0,0,0.02,0.24,0.41,0.33,0.15,0.01,0,0,0,0,0,0,0,0,0.01,0.01,0,0,0,0,0.28,0.17,0.03,0,0,0,0,0,0,0,0.03,0.14,0.01,0,0,0,0,0,0,0,0,0,0,0,0.00188,0.0254,0.0283,0.0392
21235,0,0,0,0,0,0.05,0.14,0.11,0.04,0,0,0,0,0,0,0,0,0,0,0,0,0,0,0,0.28,0.16,0.04,0,0,0,0,0,0,0,0.03,0.14,0.01,0.01,0,0,0,0,0,0,0,0,0,0,0,0.0278,0.00456,0.053
21237,0,0,0,0,0.01,0.09,0.21,0.18,0.09,0.01,0,0,0,0,0,0,0,0,0,0,0,0,0,0,0.32,0.19,0.05,0,0,0,0,0,0,0,0.05,0.17,0.02,0.01,0,0,0,0,0,0,0,0,0,0,0.000746,0.038,0.00365,0.0674
21239,0,0,0,0,0.01,0.09,0.25,0.2,0.1,0.01,0,0,0,0,0,0,0,0,0.01,0,0,0,0,0,0.33,0.22,0.05,0,0,0,0,0,0,0,0.04,0.18,0.02,0.01,0,0,0,0,0,0,0,0,0,0,0.00409,0.0117,0.00536,0.065
22001,0,0,0,0,0.11,0.55,0.73,0.77,0.44,0.04,0,0,0,0,0,0,0,0,0,0.01,0.01,0,0,0,0,0,0,0,0,0,0,0,0,0,0,0,0,0,0,0,0,0,0,0,0,0,0,0,0.0192,0.0243,0.0262,0.0291
22003,0,0,0,0,0.12,0.56,0.73,0.77,0.44,0.04,0,0,0,0,0,0,0,0,0.01,0.02,0.01,0,0,0,0.01,0,0,0,0,0,0,0,0,0,0,0,0,0,0,0,0,0,0,0,0,0,0,0,0.0279,0.0156,0.0323,0.0397
22005,0,0,0,0.01,0.15,0.57,0.72,0.74,0.42,0.04,0,0,0,0,0,0,0,0,0,0,0,0,0,0,0,0,0,0,0,0,0,0,0,0,0,0,0,0,0,0,0,0,0,0,0,0,0,0,0.0137,0.0000419,0.0168,0.00864
22007,0,0,0,0,0.1,0.52,0.69,0.71,0.4,0.04,0,0,0,0,0,0,0,0,0,0,0,0,0,0,0,0,0,0,0,0,0,0,0,0,0,0,0,0,0,0,0,0,0,0,0,0,0,0,0.00666,0.00204,0.0154,0.00819
22009,0,0,0,0.01,0.15,0.58,0.78,0.8,0.46,0.05,0,0,0,0,0,0,0,0,0.01,0.03,0.01,0,0,0,0.02,0,0,0,0,0,0,0,0,0,0,0,0,0,0,0,0,0,0,0,0,0,0,0,0.0213,0.0475,0.0316,0.0177
22011,0,0,0,0,0.11,0.54,0.76,0.79,0.44,0.05,0,0,0,0,0,0,0,0,0.01,0.02,0.01,0,0,0,0.01,0,0,0,0,0,0,0,0,0,0,0,0,0,0,0,0,0,0,0,0,0,0,0,0.0212,0.00746,0.0354,0.0566
22013,0,0,0,0,0.1,0.51,0.78,0.77,0.42,0.05,0,0,0,0,0,0,0,0.01,0.04,0.09,0.01,0,0,0,0.05,0.01,0,0,0,0,0,0,0,0,0,0.01,0,0,0,0,0,0,0,0,0,0,0,0,0.11,0.0209,0.058,0.0355
22015,0,0,0,0.01,0.11,0.52,0.8,0.78,0.43,0.04,0,0,0,0,0,0,0,0.02,0.06,0.11,0.02,0,0,0,0.04,0.01,0,0,0,0,0,0,0,0,0,0.01,0,0,0,0,0,0,0,0,0,0,0,0,0.125,0.0217,0.0631,0.0642
22017,0,0,0,0.01,0.13,0.55,0.82,0.8,0.45,0.05,0,0,0,0,0,0,0,0.02,0.07,0.12,0.02,0,0,0,0.03,0.01,0,0,0,0,0,0,0,0,0,0,0,0,0,0,0,0,0,0,0,0,0,0,0.106,0.0088,0.059,0.0803
22019,0,0,0,0,0.08,0.51,0.73,0.77,0.44,0.03,0,0,0,0,0,0,0,0,0,0.01,0.01,0,0,0,0,0,0,0,0,0,0,0,0,0,0,0,0,0,0,0,0,0,0,0,0,0,0,0,0.00564,0.00808,0.0326,0.0604
22021,0,0,0,0.01,0.15,0.57,0.79,0.79,0.46,0.05,0,0,0,0,0,0,0,0.01,0.03,0.07,0.01,0,0,0,0.04,0.01,0,0,0,0,0,0,0,0,0,0,0,0,0,0,0,0,0,0,0,0,0,0,0.0681,0.0239,0.0495,0.019
22023,0,0,0,0,0.03,0.33,0.6,0.68,0.31,0.01,0,0,0,0,0,0,0,0,0,0,0,0,0,0,0,0,0,0,0,0,0,0,0,0,0,0,0,0,0,0,0,0,0,0,0,0,0,0,0.00815,0.000698,0.029,0.0562
22025,0,0,0,0,0.14,0.57,0.78,0.78,0.46,0.05,0,0,0,0,0,0,0,0,0.02,0.04,0.01,0,0,0,0.03,0,0,0,0,0,0,0,0,0,0,0,0,0,0,0,0,0,0,0,0,0,0,0,0.0014,0.00217,0.039,0.0163
22027,0,0,0,0,0.06,0.46,0.75,0.73,0.36,0.02,0,0,0,0,0,0,0,0.01,0.04,0.08,0.01,0,0,0,0.05,0.01,0.01,0,0,0,0,0,0,0,0,0.01,0,0,0,0,0,0,0,0,0,0,0,0,0.128,0.00214,0.0687,0.0328
22029,0,0,0,0,0.14,0.56,0.78,0.79,0.45,0.04,0,0,0,0,0,0,0,0,0.01,0.03,0.01,0,0,0,0.02,0,0,0,0,0,0,0,0,0,0,0,0,0,0,0,0,0,0,0,0,0,0,0,0.0776,0.0274,0.0342,0.0146
22031,0,0,0,0.01,0.12,0.56,0.8,0.8,0.45,0.05,0,0,0,0,0,0,0,0.02,0.06,0.1,0.01,0,0,0,0.03,0.01,0,0,0,0,0,0,0,0,0,0,0,0,0,0,0,0,0,0,0,0,0,0,0.0831,0.0286,0.0507,0.0689
22033,0,0,0,0.01,0.17,0.58,0.74,0.74,0.41,0.03,0,0,0,0,0,0,0,0,0,0.01,0,0,0,0,0.01,0,0,0,0,0,0,0,0,0,0,0,0,0,0,0,0,0,0,0,0,0,0,0,0.0313,0.0181,0.0204,0.0101
22035,0,0,0,0,0.11,0.56,0.76,0.74,0.42,0.05,0,0,0,0,0,0,0,0,0.01,0.04,0.01,0,0,0,0.04,0.01,0,0,0,0,0,0,0,0,0,0.01,0,0,0,0,0,0,0,0,0,0,0,0,0.0724,0.0219,0.0594,0.0186
22037,0,0,0,0,0.14,0.54,0.73,0.71,0.37,0.02,0,0,0,0,0,0,0,0,0,0.01,0.01,0,0,0,0.02,0,0,0,0,0,0,0,0,0,0,0,0,0,0,0,0,0,0,0,0,0,0,0,0.0211,0.0135,0.0228,0.0109
22039,0,0,0,0.01,0.12,0.57,0.75,0.78,0.45,0.05,0,0,0,0,0,0,0,0,0.01,0.02,0.01,0,0,0,0.01,0,0,0,0,0,0,0,0,0,0,0,0,0,0,0,0,0,0,0,0,0,0,0,0.0247,0.0295,0.0302,0.0273
22041,0,0,0,0.01,0.14,0.57,0.78,0.78,0.47,0.06,0,0,0,0,0,0,0,0,0.02,0.06,0.01,0,0,0,0.03,0,0,0,0,0,0,0,0,0,0,0,0,0,0,0,0,0,0,0,0,0,0,0,0.0257,0.0448,0.0468,0.0169
22043,0,0,0,0.01,0.15,0.57,0.79,0.79,0.45,0.05,0,0,0,0,0,0,0,0.01,0.03,0.06,0.01,0,0,0,0.02,0.01,0,0,0,0,0,0,0,0,0,0,0,0,0,0,0,0,0,0,0,0,0,0,0.0428,0.00883,0.0423,0.0266
22045,0,0,0,0,0.06,0.36,0.6,0.64,0.31,0.02,0,0,0,0,0,0,0,0,0,0,0,0,0,0,0,0,0,0,0,0,0,0,0,0,0,0,0,0,0,0,0,0,0,0,0,0,0,0,0.011,0.000738,0.0169,0.0154
22047,0,0,0,0,0.14,0.56,0.73,0.74,0.42,0.04,0,0,0,0,0,0,0,0,0,0,0,0,0,0,0,0,0,0,0,0,0,0,0,0,0,0,0,0,0,0,0,0,0,0,0,0,0,0,0.0241,0,0.0195,0.0104
22049,0,0,0,0.01,0.11,0.54,0.79,0.76,0.43,0.05,0,0,0,0,0,0,0,0.02,0.04,0.08,0.01,0,0,0,0.05,0.01,0,0,0,0,0,0,0,0,0,0.01,0,0,0,0,0,0,0,0,0,0,0,0,0.0866,0.0138,0.0568,0.0237
22051,0,0,0,0,0.07,0.41,0.63,0.63,0.26,0.02,0,0,0,0,0,0,0,0,0,0,0,0,0,0,0,0,0,0,0,0,0,0,0,0,0,0,0,0,0,0,0,0,0,0,0,0,0,0,0.0027,0,0.0103,0.00542
22053,0,0,0,0,0.09,0.53,0.73,0.77,0.43,0.04,0,0,0,0,0,0,0,0,0,0.01,0.01,0,0,0,0,0,0,0,0,0,0,0,0,0,0,0,0,0,0,0,0,0,0,0,0,0,0,0,0.0136,0.0192,0.0291,0.0419
22055,0,0,0,0,0.11,0.53,0.72,0.76,0.43,0.05,0,0,0,0,0,0,0,0,0,0.01,0.01,0,0,0,0.01,0,0,0,0,0,0,0,0,0,0,0,0,0,0,0,0,0,0,0,0,0,0,0,0.0146,0.115,0.023,0.0204
22057,0,0,0,0,0.05,0.38,0.61,0.6,0.26,0.02,0,0,0,0,0,0,0,0,0,0,0,0,0,0,0,0,0,0,0,0,0,0,0,0,0,0,0,0,0,0,0,0,0,0,0,0,0,0,0.00173,0.0000334,0.0111,0.00584
22059,0,0,0,0.01,0.14,0.57,0.77,0.79,0.44,0.05,0,0,0,0,0,0,0,0.01,0.02,0.06,0.01,0,0,0,0.03,0.01,0,0,0,0,0,0,0,0,0,0,0,0,0,0,0,0,0,0,0,0,0,0,0.015,0.00985,0.0416,0.0195
22061,0,0,0,0.01,0.09,0.51,0.77,0.74,0.41,0.04,0,0,0,0,0,0,0,0.01,0.04,0.08,0.01,0,0,0,0.05,0.01,0.01,0,0,0,0,0,0,0,0,0.01,0,0,0,0,0,0,0,0,0,0,0,0,0.0973,0.0223,0.0638,0.0249
22063,0,0,0,0,0.16,0.58,0.74,0.74,0.42,0.03,0,0,0,0,0,0,0,0,0,0.01,0,0,0,0,0.01,0,0,0,0,0,0,0,0,0,0,0,0,0,0,0,0,0,0,0,0,0,0,0,0.00875,0.00144,0.0177,0.00907
22065,0,0,0,0.01,0.11,0.56,0.76,0.77,0.45,0.06,0,0,0,0,0,0,0,0,0.01,0.04,0.01,0,0,0,0.03,0.01,0,0,0,0,0,0,0,0,0,0,0,0,0,0,0,0,0,0,0,0,0,0,0.0708,0.0114,0.0482,0.017
22067,0,0,0,0.01,0.12,0.55,0.77,0.74,0.43,0.05,0,0,0,0,0,0,0,0.01,0.03,0.08,0.01,0,0,0,0.05,0.01,0.01,0,0,0,0,0,0,0,0,0.01,0,0,0,0,0,0,0,0,0,0,0,0,0.114,0.00427,0.0659,0.0191
22069,0,0,0,0.01,0.15,0.59,0.81,0.8,0.47,0.06,0,0,0,0,0,0,0,0.02,0.03,0.08,0.01,0,0,0,0.03,0.01,0,0,0,0,0,0,0,0,0,0,0,0,0,0,0,0,0,0,0,0,0,0,0.161,0.017,0.0464,0.0401
22071,0,0,0,0,0.05,0.36,0.57,0.58,0.22,0.01,0,0,0,0,0,0,0,0,0,0,0,0,0,0,0,0,0,0,0,0,0,0,0,0,0,0,0,0,0,0,0,0,0,0,0,0,0,0,0.00448,0,0.0124,0.00706
22073,0,0,0,0.01,0.14,0.58,0.79,0.78,0.45,0.05,0,0,0,0,0,0,0,0.02,0.03,0.08,0.01,0,0,0,0.05,0.01,0,0,0,0,0,0,0,0,0,0.01,0,0,0,0,0,0,0,0,0,0,0,0,0.21,0.0147,0.0587,0.0199
22075,0,0,0,0,0.02,0.22,0.45,0.46,0.13,0,0,0,0,0,0,0,0,0,0,0,0,0,0,0,0,0,0,0,0,0,0,0,0,0,0,0,0,0,0,0,0,0,0,0,0,0,0,0,0.00162,0.0000259,0.00884,0.00419
22077,0,0,0,0,0.17,0.59,0.76,0.76,0.42,0.04,0,0,0,0,0,0,0,0,0,0.01,0.01,0,0,0,0.01,0,0,0,0,0,0,0,0,0,0,0,0,0,0,0,0,0,0,0,0,0,0,0,0.028,0.000958,0.0249,0.013
22079,0,0,0,0.01,0.14,0.57,0.76,0.78,0.46,0.05,0,0,0,0,0,0,0,0.01,0.02,0.05,0.01,0,0,0,0.02,0,0,0,0,0,0,0,0,0,0,0,0,0,0,0,0,0,0,0,0,0,0,0,0.026,0.0168,0.0363,0.0283
22081,0,0,0,0.01,0.13,0.58,0.81,0.8,0.47,0.06,0,0,0,0,0,0,0,0.02,0.05,0.11,0.02,0,0,0,0.04,0.01,0,0,0,0,0,0,0,0,0,0.01,0,0,0,0,0,0,0,0,0,0,0,0,0.089,0.0583,0.0526,0.0488
22083,0,0,0,0.01,0.14,0.58,0.78,0.77,0.46,0.05,0,0,0,0,0,0,0,0.01,0.03,0.07,0.01,0,0,0,0.04,0.01,0,0,0,0,0,0,0,0,0,0,0,0,0,0,0,0,0,0,0,0,0,0,0.111,0.0333,0.0543,0.0181
22085,0,0,0,0.01,0.13,0.57,0.81,0.79,0.46,0.05,0,0,0,0,0,0,0,0.02,0.04,0.07,0.01,0,0,0,0.03,0.01,0,0,0,0,0,0,0,0,0,0,0,0,0,0,0,0,0,0,0,0,0,0,0.0953,0.021,0.0445,0.0597
22087,0,0,0,0,0.02,0.23,0.44,0.47,0.13,0.01,0,0,0,0,0,0,0,0,0,0,0,0,0,0,0,0,0,0,0,0,0,0,0,0,0,0,0,0,0,0,0,0,0,0,0,0,0,0,0.000544,0.000185,0.0102,0.00593
22089,0,0,0,0,0.12,0.55,0.71,0.71,0.37,0.03,0,0,0,0,0,0,0,0,0,0,0,0,0,0,0,0,0,0,0,0,0,0,0,0,0,0,0,0,0,0,0,0,0,0,0,0,0,0,0.00469,0,0.0129,0.00699
22091,0,0,0,0,0.14,0.54,0.72,0.7,0.38,0.03,0,0,0,0,0,0,0,0,0,0.01,0,0,0,0,0.02,0,0,0,0,0,0,0,0,0,0,0,0,0,0,0,0,0,0,0,0,0,0,0,0.0119,0.0359,0.0206,0.0103
22093,0,0,0,0,0.13,0.55,0.71,0.73,0.42,0.04,0,0,0,0,0,0,0,0,0,0,0,0,0,0,0,0,0,0,0,0,0,0,0,0,0,0,0,0,0,0,0,0,0,0,0,0,0,0,0.0112,0,0.0151,0.00788
22095,0,0,0,0,0.14,0.57,0.74,0.74,0.4,0.03,0,0,0,0,0,0,0,0,0,0,0,0,0,0,0,0,0,0,0,0,0,0,0,0,0,0,0,0,0,0,0,0,0,0,0,0,0,0,0.0082,0.000085,0.0147,0.00787
22097,0,0,0,0,0.13,0.57,0.74,0.78,0.43,0.04,0,0,0,0,0,0,0,0,0,0.01,0.01,0,0,0,0.01,0,0,0,0,0,0,0,0,0,0,0,0,0,0,0,0,0,0,0,0,0,0,0,0.0283,0.0195,0.0261,0.0184
22099,0,0,0,0,0.1,0.53,0.71,0.75,0.4,0.03,0,0,0,0,0,0,0,0,0,0,0,0,0,0,0,0,0,0,0,0,0,0,0,0,0,0,0,0,0,0,0,0,0,0,0,0,0,0,0.0176,0.00268,0.0195,0.0124
22101,0,0,0,0,0.05,0.31,0.55,0.57,0.25,0.01,0,0,0,0,0,0,0,0,0,0,0,0,0,0,0,0,0,0,0,0,0,0,0,0,0,0,0,0,0,0,0,0,0,0,0,0,0,0,0.00417,0,0.0152,0.0097
22103,0,0,0,0,0.1,0.51,0.69,0.69,0.33,0.02,0,0,0,0,0,0,0,0,0,0,0,0,0,0,0.01,0,0,0,0,0,0,0,0,0,0,0,0,0,0,0,0,0,0,0,0,0,0,0,0.00844,0,0.0143,0.00834
22105,0,0,0,0.01,0.15,0.57,0.74,0.73,0.4,0.03,0,0,0,0,0,0,0,0,0.01,0.01,0,0,0,0,0.02,0,0,0,0,0,0,0,0,0,0,0,0,0,0,0,0,0,0,0,0,0,0,0,0.0178,0.0028,0.0175,0.0094
22107,0,0,0,0,0.13,0.56,0.78,0.77,0.47,0.06,0,0,0,0,0,0,0,0,0.01,0.03,0.01,0,0,0,0.03,0.01,0,0,0,0,0,0,0,0,0,0,0,0,0,0,0,0,0,0,0,0,0,0,0.0316,0.0104,0.0409,0.0156
22109,0,0,0,0,0.04,0.34,0.58,0.57,0.24,0.02,0,0,0,0,0,0,0,0,0,0,0,0,0,0,0,0,0,0,0,0,0,0,0,0,0,0,0,0,0,0,0,0,0,0,0,0,0,0,0.00257,0,0.0116,0.00619
22111,0,0,0,0,0.09,0.53,0.77,0.74,0.42,0.04,0,0,0,0,0,0,0,0.01,0.04,0.08,0.01,0,0,0,0.05,0.01,0.01,0,0,0,0,0,0,0,0,0.01,0,0,0,0,0,0,0,0,0,0,0,0,0.0851,0.00559,0.0684,0.0216
22113,0,0,0,0,0.06,0.39,0.64,0.7,0.36,0.02,0,0,0,0,0,0,0,0,0,0,0,0,0,0,0,0,0,0,0,0,0,0,0,0,0,0,0,0,0,0,0,0,0,0,0,0,0,0,0.0148,0.011,0.0216,0.0276
22115,0,0,0,0,0.12,0.55,0.76,0.79,0.43,0.04,0,0,0,0,0,0,0,0.01,0.02,0.06,0.01,0,0,0,0.02,0.01,0,0,0,0,0,0,0,0,0,0,0,0,0,0,0,0,0,0,0,0,0,0,0.076,0.00688,0.0387,0.048
22117,0,0,0,0,0.14,0.55,0.72,0.71,0.37,0.03,0,0,0,0,0,0,0,0.01,0.01,0.01,0,0,0,0,0.03,0,0,0,0,0,0,0,0,0,0,0,0,0,0,0,0,0,0,0,0,0,0,0,0.025,0.0113,0.0175,0.0101
22119,0,0,0,0.01,0.1,0.49,0.77,0.76,0.41,0.03,0,0,0,0,0,0,0,0.01,0.05,0.1,0.02,0,0,0,0.05,0.01,0,0,0,0,0,0,0,0,0,0.01,0,0,0,0,0,0,0,0,0,0,0,0,0.0821,0.0277,0.0655,0.0477
22121,0,0,0,0,0.17,0.59,0.75,0.75,0.42,0.04,0,0,0,0,0,0,0,0,0,0.01,0.01,0,0,0,0.01,0,0,0,0,0,0,0,0,0,0,0,0,0,0,0,0,0,0,0,0,0,0,0,0.0486,0.0222,0.0209,0.0106
22123,0,0,0,0,0.12,0.56,0.76,0.74,0.43,0.05,0,0,0,0,0,0,0,0,0.01,0.05,0.01,0,0,0,0.05,0.01,0,0,0,0,0,0,0,0,0,0.01,0,0,0,0,0,0,0,0,0,0,0,0,0.118,0.0363,0.063,0.0187
22125,0,0,0,0.01,0.15,0.56,0.74,0.74,0.39,0.03,0,0,0,0,0,0,0,0,0,0.02,0.01,0,0,0,0.02,0,0,0,0,0,0,0,0,0,0,0,0,0,0,0,0,0,0,0,0,0,0,0,0.0286,0.000297,0.0255,0.0121
22127,0,0,0,0.01,0.15,0.56,0.8,0.79,0.45,0.05,0,0,0,0,0,0,0,0.02,0.04,0.08,0.01,0,0,0,0.04,0.01,0,0,0,0,0,0,0,0,0,0.01,0,0,0,0,0,0,0,0,0,0,0,0,0.0872,0.017,0.0491,0.0264
23001,0,0,0,0,0.01,0.03,0.03,0.02,0.01,0,0,0,0,0,0,0,0,0,0,0,0,0,0,0,0.76,0.73,0.41,0.02,0,0,0,0,0,0,0.14,0.55,0.23,0.18,0.05,0,0,0,0,0,0,0,0,0.04,0,0.0857,0.000934,0.109
23003,0,0,0,0,0,0.01,0.01,0,0,0,0,0,0,0,0,0,0,0,0,0,0,0,0,0,0.89,0.87,0.65,0.16,0,0,0,0,0,0.02,0.3,0.72,0.52,0.48,0.17,0,0,0,0,0,0,0,0,0.24,0,0.222,0.0000326,0.129
23005,0,0,0,0,0.01,0.03,0.04,0.02,0.01,0,0,0,0,0,0,0,0,0,0,0,0,0,0,0,0.73,0.71,0.37,0.02,0,0,0,0,0,0,0.11,0.52,0.2,0.15,0.04,0,0,0,0,0,0,0,0,0.03,0,0.0957,0.00109,0.102
23007,0,0,0,0,0,0,0,0,0,0,0,0,0,0,0,0,0,0,0,0,0,0,0,0,0.83,0.83,0.6,0.14,0,0,0,0,0,0.01,0.28,0.67,0.39,0.34,0.14,0,0,0,0,0,0,0,0,0.16,0,0.2,0.000579,0.122
23009,0,0,0,0,0,0.01,0.02,0.01,0,0,0,0,0,0,0,0,0,0,0,0,0,0,0,0,0.75,0.73,0.39,0.02,0,0,0,0,0,0,0.12,0.52,0.2,0.14,0.03,0,0,0,0,0,0,0,0,0.03,0,0.136,0.000336,0.117
23011,0,0,0,0,0.01,0.02,0.03,0.02,0.01,0,0,0,0,0,0,0,0,0,0,0,0,0,0,0,0.76,0.73,0.41,0.03,0,0,0,0,0,0,0.13,0.56,0.25,0.19,0.05,0,0,0,0,0,0,0,0,0.04,0,0.0852,0.000759,0.113
23013,0,0,0,0,0,0,0.01,0,0,0,0,0,0,0,0,0,0,0,0,0,0,0,0,0,0.7,0.67,0.32,0.01,0,0,0,0,0,0,0.09,0.45,0.15,0.09,0.02,0,0,0,0,0,0,0,0,0.02,0,0.0837,0.000779,0.109
23015,0,0,0,0,0,0.01,0.01,0,0,0,0,0,0,0,0,0,0,0,0,0,0,0,0,0,0.71,0.66,0.32,0.01,0,0,0,0,0,0,0.09,0.46,0.16,0.11,0.02,0,0,0,0,0,0,0,0,0.02,0,0.0742,0.000896,0.107
23017,0,0,0,0,0,0.01,0.01,0,0,0,0,0,0,0,0,0,0,0,0,0,0,0,0,0,0.81,0.8,0.54,0.09,0,0,0,0,0,0,0.24,0.64,0.34,0.27,0.09,0,0,0,0,0,0,0,0,0.12,0,0.152,0.000868,0.114
23019,0,0,0,0,0.01,0.02,0.03,0.02,0.01,0,0,0,0,0,0,0,0,0,0,0,0,0,0,0,0.83,0.82,0.53,0.06,0,0,0,0,0,0,0.2,0.62,0.34,0.29,0.08,0,0,0,0,0,0,0,0,0.1,0,0.106,0.000096,0.122
23021,0,0,0,0,0,0.01,0,0,0,0,0,0,0,0,0,0,0,0,0,0,0,0,0,0,0.87,0.87,0.62,0.13,0,0,0,0,0,0.01,0.28,0.7,0.46,0.43,0.14,0,0,0,0,0,0,0,0,0.18,0,0.178,0.0000598,0.124
23023,0,0,0,0,0,0.01,0.02,0.01,0.01,0,0,0,0,0,0,0,0,0,0,0,0,0,0,0,0.72,0.67,0.32,0.01,0,0,0,0,0,0,0.09,0.48,0.18,0.12,0.03,0,0,0,0,0,0,0,0,0.02,0,0.0688,0.000978,0.105
23025,0,0,0,0,0,0,0,0,0,0,0,0,0,0,0,0,0,0,0,0,0,0,0,0,0.85,0.85,0.59,0.13,0,0,0,0,0,0.01,0.28,0.68,0.44,0.38,0.14,0,0,0,0,0,0,0,0,0.17,0,0.126,0.000225,0.125
23027,0,0,0,0,0,0.01,0.01,0.01,0,0,0,0,0,0,0,0,0,0,0,0,0,0,0,0,0.76,0.72,0.4,0.02,0,0,0,0,0,0,0.13,0.54,0.23,0.17,0.04,0,0,0,0,0,0,0,0,0.03,0.000618,0.127,0.000593,0.115
23029,0,0,0,0,0,0.01,0.01,0.01,0.01,0,0,0,0,0,0,0,0,0,0,0,0,0,0,0,0.76,0.76,0.42,0.03,0,0,0,0,0,0,0.13,0.54,0.22,0.15,0.04,0,0,0,0,0,0,0,0,0.04,0,0.182,0.0000672,0.118
23031,0,0,0,0,0.01,0.04,0.07,0.03,0.01,0,0,0,0,0,0,0,0,0,0,0,0,0,0,0,0.7,0.68,0.35,0.02,0,0,0,0,0,0,0.12,0.49,0.16,0.11,0.02,0,0,0,0,0,0,0,0,0.02,0,0.147,0.00127,0.0923
24001,0,0,0,0,0.02,0.09,0.22,0.13,0.05,0,0,0,0,0,0,0,0,0,0,0,0,0,0,0,0.41,0.31,0.12,0,0,0,0,0,0,0,0.04,0.23,0.02,0.01,0,0,0,0,0,0,0,0,0,0,0,0.0381,0.0201,0.0476
24003,0,0,0,0.01,0.04,0.19,0.38,0.23,0.06,0,0,0,0,0,0,0,0,0,0.01,0,0,0,0,0,0.22,0.15,0.02,0,0,0,0,0,0,0,0,0.05,0,0,0,0,0,0,0,0,0,0,0,0,0.0766,0.0337,0.0342,0.0343
24005,0,0,0,0.01,0.03,0.14,0.31,0.15,0.05,0,0,0,0,0,0,0,0,0,0,0,0,0,0,0,0.33,0.24,0.06,0,0,0,0,0,0,0,0.01,0.14,0,0,0,0,0,0,0,0,0,0,0,0,0.0595,0.0257,0.032,0.0328
24009,0,0,0,0,0.02,0.14,0.33,0.2,0.05,0,0,0,0,0,0,0,0,0,0.01,0,0,0,0,0,0.21,0.14,0.02,0,0,0,0,0,0,0,0,0.06,0,0,0,0,0,0,0,0,0,0,0,0,0.0135,0.134,0.0352,0.0363
24011,0,0,0,0.01,0.05,0.2,0.42,0.23,0.06,0,0,0,0,0,0,0,0,0,0.01,0,0,0,0,0,0.24,0.18,0.04,0,0,0,0,0,0,0,0.01,0.08,0,0,0,0,0,0,0,0,0,0,0,0,0.0497,0.0398,0.0345,0.0303
24013,0,0,0,0.01,0.02,0.1,0.22,0.12,0.03,0,0,0,0,0,0,0,0,0,0,0,0,0,0,0,0.39,0.3,0.09,0,0,0,0,0,0,0,0.03,0.18,0.01,0,0,0,0,0,0,0,0,0,0,0,0.0162,0.0345,0.031,0.035
24015,0,0,0,0,0.02,0.1,0.27,0.15,0.03,0,0,0,0,0,0,0,0,0,0,0,0,0,0,0,0.29,0.21,0.05,0,0,0,0,0,0,0,0.01,0.1,0,0,0,0,0,0,0,0,0,0,0,0,0.0613,0.0152,0.0304,0.0287
24017,0,0,0,0.01,0.04,0.19,0.39,0.25,0.07,0,0,0,0,0,0,0,0,0,0.01,0,0,0,0,0,0.22,0.15,0.02,0,0,0,0,0,0,0,0,0.07,0,0,0,0,0,0,0,0,0,0,0,0,0.0931,0.0973,0.0333,0.0397
24019,0,0,0,0.01,0.04,0.17,0.39,0.22,0.05,0,0,0,0,0,0,0,0,0,0.01,0,0,0,0,0,0.2,0.14,0.02,0,0,0,0,0,0,0,0,0.07,0,0,0,0,0,0,0,0,0,0,0,0,0.0136,0.0102,0.0361,0.0336
24021,0,0,0,0.01,0.02,0.1,0.25,0.14,0.05,0,0,0,0,0,0,0,0,0,0,0,0,0,0,0,0.36,0.26,0.08,0,0,0,0,0,0,0,0.02,0.16,0.01,0,0,0,0,0,0,0,0,0,0,0,0.0191,0.095,0.0303,0.0381
24023,0,0,0,0,0,0,0.01,0,0,0,0,0,0,0,0,0,0,0,0,0,0,0,0,0,0.52,0.46,0.24,0.02,0,0,0,0,0,0,0.11,0.35,0.07,0.05,0.01,0,0,0,0,0,0,0,0,0.01,0,0.183,0.0147,0.0527
24025,0,0,0,0,0.03,0.13,0.31,0.15,0.04,0,0,0,0,0,0,0,0,0,0,0,0,0,0,0,0.31,0.24,0.05,0,0,0,0,0,0,0,0.01,0.13,0,0,0,0,0,0,0,0,0,0,0,0,0.0154,0.00827,0.0312,0.0307
24027,0,0,0,0.01,0.03,0.12,0.28,0.15,0.05,0,0,0,0,0,0,0,0,0,0,0,0,0,0,0,0.33,0.23,0.06,0,0,0,0,0,0,0,0.01,0.14,0,0,0,0,0,0,0,0,0,0,0,0,0.0434,0.0538,0.0326,0.0356
24029,0,0,0,0,0.03,0.13,0.35,0.21,0.05,0,0,0,0,0,0,0,0,0,0.01,0,0,0,0,0,0.24,0.18,0.03,0,0,0,0,0,0,0,0,0.08,0,0,0,0,0,0,0,0,0,0,0,0,0.0822,0.00467,0.0328,0.0306
24031,0,0,0,0.01,0.03,0.11,0.28,0.16,0.05,0,0,0,0,0,0,0,0,0,0,0,0,0,0,0,0.3,0.2,0.06,0,0,0,0,0,0,0,0.01,0.12,0,0,0,0,0,0,0,0,0,0,0,0,0.107,0.0115,0.0321,0.0381
24033,0,0,0,0.01,0.04,0.19,0.38,0.23,0.07,0,0,0,0,0,0,0,0,0,0.01,0,0,0,0,0,0.25,0.17,0.04,0,0,0,0,0,0,0,0,0.08,0,0,0,0,0,0,0,0,0,0,0,0,0.0393,0.0171,0.034,0.037
24035,0,0,0,0.01,0.04,0.15,0.37,0.22,0.05,0,0,0,0,0,0,0,0,0,0.01,0,0,0,0,0,0.24,0.18,0.03,0,0,0,0,0,0,0,0,0.08,0,0,0,0,0,0,0,0,0,0,0,0,0.00676,0.00956,0.034,0.0311
24037,0,0,0,0,0.03,0.14,0.35,0.21,0.05,0,0,0,0,0,0,0,0,0,0.01,0,0,0,0,0,0.19,0.13,0.02,0,0,0,0,0,0,0,0,0.06,0,0,0,0,0,0,0,0,0,0,0,0,0.0263,0.0824,0.0348,0.0375
24039,0,0,0,0,0.02,0.14,0.36,0.2,0.04,0,0,0,0,0,0,0,0,0,0.01,0,0,0,0,0,0.17,0.11,0.02,0,0,0,0,0,0,0,0,0.05,0,0,0,0,0,0,0,0,0,0,0,0,0.0197,0.0196,0.0361,0.0339
24041,0,0,0,0.01,0.04,0.16,0.38,0.22,0.05,0,0,0,0,0,0,0,0,0,0.01,0,0,0,0,0,0.2,0.14,0.02,0,0,0,0,0,0,0,0,0.06,0,0,0,0,0,0,0,0,0,0,0,0,0.0134,0.00343,0.0353,0.0329
24043,0,0,0,0.01,0.03,0.13,0.28,0.17,0.06,0,0,0,0,0,0,0,0,0,0,0,0,0,0,0,0.38,0.28,0.08,0,0,0,0,0,0,0,0.03,0.17,0.01,0,0,0,0,0,0,0,0,0,0,0,0.0125,0.0443,0.0275,0.0407
24045,0,0,0,0.01,0.04,0.17,0.38,0.22,0.05,0,0,0,0,0,0,0,0,0,0.01,0,0,0,0,0,0.21,0.13,0.03,0,0,0,0,0,0,0,0,0.07,0,0,0,0,0,0,0,0,0,0,0,0,0.0365,0.0348,0.0363,0.0313
24047,0,0,0,0,0.02,0.11,0.29,0.16,0.03,0,0,0,0,0,0,0,0,0,0.01,0,0,0,0,0,0.17,0.11,0.02,0,0,0,0,0,0,0,0,0.05,0,0,0,0,0,0,0,0,0,0,0,0,0.00776,0.0418,0.0364,0.03
24510,0,0,0,0.01,0.04,0.22,0.42,0.24,0.06,0,0,0,0,0,0,0,0,0,0.01,0,0,0,0,0,0.23,0.16,0.04,0,0,0,0,0,0,0,0,0.07,0,0,0,0,0,0,0,0,0,0,0,0,0.232,0.0304,0.0328,0.0333
25001,0,0,0,0,0,0,0.02,0,0,0,0,0,0,0,0,0,0,0,0,0,0,0,0,0,0.31,0.27,0.11,0,0,0,0,0,0,0,0.01,0.12,0,0,0,0,0,0,0,0,0,0,0,0,0,0.0608,0.00195,0.0576
25003,0,0,0,0,0,0.01,0.02,0.01,0,0,0,0,0,0,0,0,0,0,0,0,0,0,0,0,0.68,0.65,0.38,0.03,0,0,0,0,0,0,0.13,0.48,0.15,0.11,0.02,0,0,0,0,0,0,0,0,0.03,0,0.0547,0.00548,0.0548
25005,0,0,0,0,0.01,0.03,0.1,0.05,0.01,0,0,0,0,0,0,0,0,0,0,0,0,0,0,0,0.45,0.37,0.14,0,0,0,0,0,0,0,0.02,0.21,0.02,0.01,0,0,0,0,0,0,0,0,0,0,0,0.024,0.00336,0.0531
25007,0,0,0,0,0,0,0.02,0.01,0,0,0,0,0,0,0,0,0,0,0,0,0,0,0,0,0.3,0.26,0.09,0,0,0,0,0,0,0,0.01,0.11,0,0,0,0,0,0,0,0,0,0,0,0,0,0.0403,0.00329,0.0478
25009,0,0,0,0,0.01,0.04,0.08,0.04,0.01,0,0,0,0,0,0,0,0,0,0,0,0,0,0,0,0.56,0.49,0.2,0,0,0,0,0,0,0,0.05,0.3,0.05,0.03,0,0,0,0,0,0,0,0,0,0,0.00104,0.0755,0.00172,0.0735
25011,0,0,0,0,0.01,0.04,0.07,0.03,0.01,0,0,0,0,0,0,0,0,0,0,0,0,0,0,0,0.66,0.62,0.32,0.01,0,0,0,0,0,0,0.11,0.46,0.15,0.1,0.02,0,0,0,0,0,0,0,0,0.03,0,0.0593,0.00372,0.0624
25013,0,0,0,0,0.01,0.04,0.1,0.05,0.01,0,0,0,0,0,0,0,0,0,0,0,0,0,0,0,0.63,0.56,0.25,0.01,0,0,0,0,0,0,0.08,0.4,0.1,0.06,0,0,0,0,0,0,0,0,0,0.02,0.000536,0.0182,0.00528,0.0529
25015,0,0,0,0,0.01,0.04,0.08,0.05,0.01,0,0,0,0,0,0,0,0,0,0,0,0,0,0,0,0.65,0.59,0.28,0.01,0,0,0,0,0,0,0.1,0.43,0.12,0.07,0.01,0,0,0,0,0,0,0,0,0.02,0,0.0667,0.00463,0.0568
25017,0,0,0,0,0.02,0.07,0.15,0.08,0.02,0,0,0,0,0,0,0,0,0,0,0,0,0,0,0,0.61,0.54,0.22,0,0,0,0,0,0,0,0.07,0.36,0.08,0.04,0,0,0,0,0,0,0,0,0,0.01,0.0149,0.0475,0.00241,0.0667
25019,0,0,0,0,0,0,0,0,0,0,0,0,0,0,0,0,0,0,0,0,0,0,0,0,0.25,0.22,0.09,0,0,0,0,0,0,0,0,0.08,0,0,0,0,0,0,0,0,0,0,0,0,0,0.189,0.00223,0.0495
25021,0,0,0,0,0.02,0.05,0.13,0.08,0.01,0,0,0,0,0,0,0,0,0,0,0,0,0,0,0,0.54,0.45,0.17,0,0,0,0,0,0,0,0.05,0.29,0.04,0.02,0,0,0,0,0,0,0,0,0,0,0.00548,0.0385,0.00268,0.0613
25023,0,0,0,0,0.01,0.03,0.1,0.05,0.01,0,0,0,0,0,0,0,0,0,0,0,0,0,0,0,0.45,0.37,0.14,0,0,0,0,0,0,0,0.03,0.21,0.02,0.01,0,0,0,0,0,0,0,0,0,0,0,0.0203,0.00237,0.0599
25025,0,0,0,0,0.01,0.04,0.12,0.06,0.01,0,0,0,0,0,0,0,0,0,0,0,0,0,0,0,0.48,0.41,0.15,0,0,0,0,0,0,0,0.03,0.25,0.03,0.02,0,0,0,0,0,0,0,0,0,0,0.155,0.059,0.00221,0.0658
25027,0,0,0,0,0.01,0.03,0.07,0.04,0.01,0,0,0,0,0,0,0,0,0,0,0,0,0,0,0,0.64,0.58,0.27,0.01,0,0,0,0,0,0,0.09,0.4,0.1,0.06,0.01,0,0,0,0,0,0,0,0,0.02,0.00443,0.0512,0.00352,0.06
26001,0,0,0,0,0,0.02,0.04,0.02,0,0,0,0,0,0,0,0,0,0,0,0,0,0,0,0,0.71,0.69,0.46,0.06,0,0,0,0,0,0,0.12,0.46,0.19,0.18,0.06,0,0,0,0,0,0,0,0,0.05,0.0000718,0.0747,0.00642,0.0539
26003,0,0,0,0,0,0,0.01,0.01,0,0,0,0,0,0,0,0,0,0,0,0,0,0,0,0,0.8,0.8,0.57,0.11,0,0,0,0,0,0,0.21,0.58,0.22,0.22,0.08,0,0,0,0,0,0,0,0,0.08,0,0.194,0.000398,0.123
26005,0,0,0,0,0.01,0.07,0.11,0.05,0.01,0,0,0,0,0,0,0,0,0,0,0,0,0,0,0,0.52,0.5,0.25,0.01,0,0,0,0,0,0,0.05,0.31,0.06,0.04,0.01,0,0,0,0,0,0,0,0,0.01,0,0.0439,0.00595,0.0356
26007,0,0,0,0,0,0.03,0.05,0.03,0,0,0,0,0,0,0,0,0,0,0,0,0,0,0,0,0.71,0.72,0.48,0.07,0,0,0,0,0,0,0.11,0.45,0.18,0.18,0.06,0,0,0,0,0,0,0,0,0.04,0,0.163,0.00553,0.061
26009,0,0,0,0,0.01,0.03,0.05,0.03,0.01,0,0,0,0,0,0,0,0,0,0,0,0,0,0,0,0.67,0.69,0.47,0.08,0,0,0,0,0,0,0.12,0.42,0.14,0.15,0.05,0,0,0,0,0,0,0,0,0.02,0.000497,0.0944,0.0025,0.0755
26011,0,0,0,0,0,0.04,0.08,0.03,0,0,0,0,0,0,0,0,0,0,0,0,0,0,0,0,0.65,0.62,0.35,0.03,0,0,0,0,0,0,0.08,0.41,0.14,0.14,0.03,0,0,0,0,0,0,0,0,0.03,0,0.0285,0.00716,0.0443
26013,0,0,0,0,0,0,0.01,0.01,0,0,0,0,0,0,0,0,0,0,0,0,0,0,0,0,0.87,0.86,0.65,0.18,0,0,0,0,0,0.01,0.34,0.7,0.32,0.36,0.15,0,0,0,0,0,0,0,0.01,0.15,0,0.088,0.000572,0.115
26015,0,0,0,0,0.01,0.06,0.11,0.04,0.01,0,0,0,0,0,0,0,0,0,0,0,0,0,0,0,0.58,0.55,0.29,0.02,0,0,0,0,0,0,0.09,0.36,0.09,0.06,0.01,0,0,0,0,0,0,0,0,0.02,0,0.0506,0.00713,0.0346
26017,0,0,0,0,0,0.05,0.09,0.04,0.01,0,0,0,0,0,0,0,0,0,0,0,0,0,0,0,0.59,0.58,0.28,0.02,0,0,0,0,0,0,0.07,0.36,0.1,0.1,0.02,0,0,0,0,0,0,0,0,0.02,0,0.021,0.00741,0.0408
26019,0,0,0,0,0,0.01,0.03,0.01,0,0,0,0,0,0,0,0,0,0,0,0,0,0,0,0,0.65,0.64,0.4,0.05,0,0,0,0,0,0,0.1,0.4,0.07,0.08,0.02,0,0,0,0,0,0,0,0,0.01,0,0.049,0.00209,0.071
26021,0,0,0,0,0.01,0.07,0.11,0.05,0.02,0,0,0,0,0,0,0,0,0,0,0,0,0,0,0,0.53,0.45,0.18,0.01,0,0,0,0,0,0,0.06,0.29,0.07,0.04,0,0,0,0,0,0,0,0,0,0.01,0.000902,0.0445,0.00532,0.0331
26023,0,0,0,0,0.01,0.07,0.11,0.04,0.02,0,0,0,0,0,0,0,0,0,0,0,0,0,0,0,0.56,0.51,0.24,0.01,0,0,0,0,0,0,0.09,0.35,0.1,0.06,0.01,0,0,0,0,0,0,0,0,0.03,0,0.00639,0.0076,0.0301
26025,0,0,0,0,0.01,0.06,0.11,0.04,0.01,0,0,0,0,0,0,0,0,0,0,0,0,0,0,0,0.58,0.54,0.28,0.01,0,0,0,0,0,0,0.09,0.36,0.1,0.06,0.01,0,0,0,0,0,0,0,0,0.02,0,0.0259,0.00759,0.0316
26027,0,0,0,0,0.01,0.09,0.12,0.05,0.02,0,0,0,0,0,0,0,0,0,0,0,0,0,0,0,0.56,0.48,0.23,0.01,0,0,0,0,0,0,0.07,0.34,0.09,0.05,0.01,0,0,0,0,0,0,0,0,0.02,0.00779,0.041,0.00652,0.0322
26029,0,0,0,0,0.01,0.02,0.04,0.03,0.01,0,0,0,0,0,0,0,0,0,0,0,0,0,0,0,0.67,0.71,0.48,0.08,0,0,0,0,0,0,0.1,0.41,0.14,0.15,0.05,0,0,0,0,0,0,0,0,0.02,0,0.138,0.000616,0.102
26031,0,0,0,0,0,0.02,0.04,0.02,0.01,0,0,0,0,0,0,0,0,0,0,0,0,0,0,0,0.72,0.75,0.52,0.09,0,0,0,0,0,0,0.13,0.47,0.2,0.22,0.08,0,0,0,0,0,0,0,0,0.04,0.000181,0.229,0.00165,0.0905
26033,0,0,0,0,0,0,0.01,0,0,0,0,0,0,0,0,0,0,0,0,0,0,0,0,0,0.78,0.8,0.59,0.11,0,0,0,0,0,0,0.19,0.57,0.29,0.29,0.11,0,0,0,0,0,0,0,0,0.08,0,0.0943,0.000496,0.124
26035,0,0,0,0,0.01,0.04,0.08,0.03,0.01,0,0,0,0,0,0,0,0,0,0,0,0,0,0,0,0.67,0.66,0.43,0.06,0,0,0,0,0,0,0.15,0.46,0.17,0.16,0.05,0,0,0,0,0,0,0,0,0.04,0.000113,0.0562,0.00594,0.0483
26037,0,0,0,0,0.01,0.05,0.1,0.04,0.01,0,0,0,0,0,0,0,0,0,0,0,0,0,0,0,0.58,0.57,0.3,0.02,0,0,0,0,0,0,0.09,0.35,0.1,0.07,0.01,0,0,0,0,0,0,0,0,0.02,0,0.0326,0.0076,0.0354
26039,0,0,0,0,0,0.03,0.05,0.02,0,0,0,0,0,0,0,0,0,0,0,0,0,0,0,0,0.72,0.72,0.5,0.09,0,0,0,0,0,0,0.16,0.49,0.21,0.22,0.09,0,0,0,0,0,0,0,0,0.06,0.000217,0.143,0.00453,0.0613
26041,0,0,0,0,0,0,0.02,0.01,0,0,0,0,0,0,0,0,0,0,0,0,0,0,0,0,0.78,0.77,0.52,0.1,0,0,0,0,0,0,0.19,0.56,0.22,0.21,0.07,0,0,0,0,0,0,0,0,0.08,0,0.0795,0.000778,0.104
26043,0,0,0,0,0,0.02,0.05,0.02,0,0,0,0,0,0,0,0,0,0,0,0,0,0,0,0,0.87,0.84,0.61,0.16,0,0,0,0,0,0.02,0.32,0.7,0.37,0.35,0.13,0,0,0,0,0,0,0,0.01,0.19,0,0.0274,0.00102,0.103
26045,0,0,0,0,0.01,0.05,0.1,0.03,0.01,0,0,0,0,0,0,0,0,0,0,0,0,0,0,0,0.58,0.56,0.29,0.02,0,0,0,0,0,0,0.1,0.36,0.1,0.07,0.01,0,0,0,0,0,0,0,0,0.02,0,0.0311,0.0076,0.0334
26047,0,0,0,0,0,0.01,0.01,0,0,0,0,0,0,0,0,0,0,0,0,0,0,0,0,0,0.7,0.74,0.49,0.08,0,0,0,0,0,0,0.1,0.43,0.17,0.18,0.06,0,0,0,0,0,0,0,0,0.03,0,0.229,0.000798,0.0988
26049,0,0,0,0,0.01,0.06,0.11,0.04,0.02,0,0,0,0,0,0,0,0,0,0,0,0,0,0,0,0.6,0.57,0.28,0.01,0,0,0,0,0,0,0.09,0.36,0.12,0.09,0.01,0,0,0,0,0,0,0,0,0.02,0,0.0235,0.00824,0.0329
26051,0,0,0,0,0.01,0.06,0.09,0.04,0.01,0,0,0,0,0,0,0,0,0,0,0,0,0,0,0,0.65,0.64,0.37,0.05,0,0,0,0,0,0,0.12,0.42,0.15,0.15,0.03,0,0,0,0,0,0,0,0,0.04,0,0.0454,0.00651,0.0464
26053,0,0,0,0,0,0.01,0.02,0.01,0,0,0,0,0,0,0,0,0,0,0,0,0,0,0,0,0.88,0.86,0.65,0.18,0,0,0,0,0,0.02,0.36,0.72,0.4,0.39,0.16,0,0,0,0,0,0,0,0.02,0.21,0,0.159,0.00133,0.0974
26055,0,0,0,0,0,0.03,0.06,0.02,0.01,0,0,0,0,0,0,0,0,0,0,0,0,0,0,0,0.66,0.66,0.45,0.07,0,0,0,0,0,0,0.11,0.41,0.11,0.12,0.04,0,0,0,0,0,0,0,0,0.02,0.00674,0.0304,0.00288,0.0687
26057,0,0,0,0,0.01,0.06,0.11,0.04,0.01,0,0,0,0,0,0,0,0,0,0,0,0,0,0,0,0.59,0.58,0.3,0.02,0,0,0,0,0,0,0.09,0.37,0.11,0.09,0.02,0,0,0,0,0,0,0,0,0.02,0,0.0396,0.00727,0.0386
26059,0,0,0,0,0.01,0.05,0.09,0.03,0.02,0,0,0,0,0,0,0,0,0,0,0,0,0,0,0,0.57,0.52,0.26,0.02,0,0,0,0,0,0,0.1,0.36,0.11,0.07,0.01,0,0,0,0,0,0,0,0,0.03,0,0.021,0.00795,0.0292
26061,0,0,0,0,0,0.01,0.02,0.01,0,0,0,0,0,0,0,0,0,0,0,0,0,0,0,0,0.85,0.85,0.62,0.15,0,0,0,0,0,0,0.29,0.66,0.3,0.32,0.13,0,0,0,0,0,0,0,0,0.13,0,0.0901,0.000372,0.119
26063,0,0,0,0,0,0.02,0.04,0.02,0,0,0,0,0,0,0,0,0,0,0,0,0,0,0,0,0.63,0.6,0.3,0.02,0,0,0,0,0,0,0.06,0.34,0.1,0.09,0.01,0,0,0,0,0,0,0,0,0.02,0,0.0302,0.00814,0.0385
26065,0,0,0,0,0.01,0.04,0.09,0.03,0.01,0,0,0,0,0,0,0,0,0,0,0,0,0,0,0,0.58,0.57,0.29,0.01,0,0,0,0,0,0,0.1,0.35,0.1,0.08,0.01,0,0,0,0,0,0,0,0,0.02,0,0.0207,0.00799,0.0321
26067,0,0,0,0,0.01,0.05,0.11,0.04,0.01,0,0,0,0,0,0,0,0,0,0,0,0,0,0,0,0.59,0.58,0.31,0.02,0,0,0,0,0,0,0.1,0.38,0.09,0.07,0.01,0,0,0,0,0,0,0,0,0.02,0,0.191,0.00712,0.0369
26069,0,0,0,0,0,0.03,0.05,0.03,0,0,0,0,0,0,0,0,0,0,0,0,0,0,0,0,0.68,0.65,0.41,0.05,0,0,0,0,0,0,0.1,0.43,0.17,0.16,0.04,0,0,0,0,0,0,0,0,0.04,0.000103,0.0381,0.00694,0.0484
26071,0,0,0,0,0,0.01,0.02,0.01,0,0,0,0,0,0,0,0,0,0,0,0,0,0,0,0,0.9,0.88,0.67,0.2,0.01,0,0,0,0,0.03,0.38,0.75,0.41,0.42,0.18,0.01,0,0,0,0,0,0,0.02,0.22,0,0.193,0.00113,0.102
26073,0,0,0,0,0.01,0.06,0.1,0.04,0.01,0,0,0,0,0,0,0,0,0,0,0,0,0,0,0,0.63,0.62,0.36,0.04,0,0,0,0,0,0,0.12,0.41,0.13,0.11,0.02,0,0,0,0,0,0,0,0,0.03,0,0.0734,0.00655,0.0434
26075,0,0,0,0,0.01,0.04,0.09,0.03,0.01,0,0,0,0,0,0,0,0,0,0,0,0,0,0,0,0.58,0.55,0.27,0.02,0,0,0,0,0,0,0.1,0.35,0.1,0.07,0.01,0,0,0,0,0,0,0,0,0.02,0,0.0208,0.00807,0.0301
26077,0,0,0,0,0.01,0.08,0.13,0.04,0.02,0,0,0,0,0,0,0,0,0,0,0,0,0,0,0,0.56,0.52,0.26,0.01,0,0,0,0,0,0,0.07,0.34,0.09,0.05,0.01,0,0,0,0,0,0,0,0,0.02,0,0.0157,0.00704,0.0329
26079,0,0,0,0,0.01,0.03,0.06,0.03,0.01,0,0,0,0,0,0,0,0,0,0,0,0,0,0,0,0.7,0.7,0.48,0.09,0,0,0,0,0,0,0.15,0.46,0.17,0.18,0.08,0,0,0,0,0,0,0,0,0.05,0,0.0382,0.00378,0.0643
26081,0,0,0,0,0.01,0.05,0.11,0.04,0.01,0,0,0,0,0,0,0,0,0,0,0,0,0,0,0,0.58,0.58,0.31,0.02,0,0,0,0,0,0,0.09,0.36,0.09,0.06,0.02,0,0,0,0,0,0,0,0,0.02,0,0.122,0.00647,0.039
26083,0,0,0,0,0,0,0,0,0,0,0,0,0,0,0,0,0,0,0,0,0,0,0,0,0.85,0.83,0.61,0.12,0,0,0,0,0,0,0.25,0.63,0.25,0.25,0.09,0,0,0,0,0,0,0,0,0.09,0,0.0838,0.00013,0.129
26085,0,0,0,0,0.01,0.03,0.08,0.03,0.01,0,0,0,0,0,0,0,0,0,0,0,0,0,0,0,0.66,0.65,0.43,0.06,0,0,0,0,0,0,0.13,0.43,0.12,0.11,0.04,0,0,0,0,0,0,0,0,0.03,0,0.049,0.00448,0.0525
26087,0,0,0,0,0.01,0.05,0.09,0.04,0.02,0,0,0,0,0,0,0,0,0,0,0,0,0,0,0,0.6,0.58,0.28,0.01,0,0,0,0,0,0,0.08,0.36,0.11,0.1,0.01,0,0,0,0,0,0,0,0,0.02,0.00199,0.0315,0.00849,0.0317
26089,0,0,0,0,0,0.01,0.02,0.01,0,0,0,0,0,0,0,0,0,0,0,0,0,0,0,0,0.63,0.63,0.4,0.05,0,0,0,0,0,0,0.07,0.36,0.06,0.07,0.02,0,0,0,0,0,0,0,0,0,0,0.0627,0.000987,0.0874
26091,0,0,0,0,0.01,0.07,0.14,0.05,0.03,0,0,0,0,0,0,0,0,0,0,0,0,0,0,0,0.55,0.5,0.22,0.01,0,0,0,0,0,0,0.08,0.33,0.1,0.06,0.01,0,0,0,0,0,0,0,0,0.02,0.00101,0.022,0.00827,0.0278
26093,0,0,0,0,0.01,0.05,0.09,0.03,0.01,0,0,0,0,0,0,0,0,0,0,0,0,0,0,0,0.6,0.57,0.29,0.02,0,0,0,0,0,0,0.11,0.37,0.12,0.09,0.01,0,0,0,0,0,0,0,0,0.02,0,0.0134,0.0083,0.0306
26095,0,0,0,0,0,0,0.01,0,0,0,0,0,0,0,0,0,0,0,0,0,0,0,0,0,0.79,0.81,0.59,0.13,0,0,0,0,0,0,0.21,0.58,0.26,0.27,0.11,0,0,0,0,0,0,0,0,0.08,0,0.18,0.000329,0.128
26097,0,0,0,0,0,0,0.01,0,0,0,0,0,0,0,0,0,0,0,0,0,0,0,0,0,0.76,0.79,0.55,0.1,0,0,0,0,0,0,0.16,0.52,0.22,0.23,0.08,0,0,0,0,0,0,0,0,0.05,0,0.222,0.00044,0.118
26099,0,0,0,0,0.01,0.07,0.12,0.05,0.02,0,0,0,0,0,0,0,0,0,0,0,0,0,0,0,0.53,0.49,0.2,0,0,0,0,0,0,0,0.05,0.28,0.05,0.04,0.01,0,0,0,0,0,0,0,0,0.01,0.0269,0.00441,0.00869,0.0278
26101,0,0,0,0,0,0.01,0.04,0.01,0,0,0,0,0,0,0,0,0,0,0,0,0,0,0,0,0.64,0.64,0.38,0.05,0,0,0,0,0,0,0.1,0.39,0.08,0.07,0.02,0,0,0,0,0,0,0,0,0.02,0,0.0739,0.00301,0.0606
26103,0,0,0,0,0,0,0.02,0.01,0,0,0,0,0,0,0,0,0,0,0,0,0,0,0,0,0.87,0.84,0.64,0.17,0,0,0,0,0,0.01,0.3,0.67,0.32,0.32,0.13,0,0,0,0,0,0,0,0.01,0.14,0,0.21,0.000479,0.12
26105,0,0,0,0,0,0.01,0.03,0.02,0,0,0,0,0,0,0,0,0,0,0,0,0,0,0,0,0.61,0.6,0.35,0.03,0,0,0,0,0,0,0.08,0.36,0.07,0.06,0.02,0,0,0,0,0,0,0,0,0.01,0,0.0443,0.00352,0.0547
26107,0,0,0,0,0.01,0.04,0.09,0.03,0.01,0,0,0,0,0,0,0,0,0,0,0,0,0,0,0,0.66,0.66,0.41,0.05,0,0,0,0,0,0,0.14,0.44,0.14,0.13,0.04,0,0,0,0,0,0,0,0,0.03,0,0.0327,0.00593,0.045
26109,0,0,0,0,0,0.02,0.06,0.02,0,0,0,0,0,0,0,0,0,0,0,0,0,0,0,0,0.81,0.77,0.52,0.1,0,0,0,0,0,0,0.23,0.62,0.3,0.27,0.08,0,0,0,0,0,0,0,0,0.12,0,0.112,0.00121,0.0945
26111,0,0,0,0,0.01,0.07,0.11,0.05,0.02,0,0,0,0,0,0,0,0,0,0,0,0,0,0,0,0.59,0.58,0.31,0.02,0,0,0,0,0,0,0.09,0.37,0.12,0.11,0.02,0,0,0,0,0,0,0,0,0.03,0.00111,0.0667,0.00707,0.0418
26113,0,0,0,0,0,0.03,0.07,0.02,0.01,0,0,0,0,0,0,0,0,0,0,0,0,0,0,0,0.71,0.69,0.48,0.09,0,0,0,0,0,0,0.16,0.48,0.19,0.19,0.08,0,0,0,0,0,0,0,0,0.05,0.000455,0.0686,0.00481,0.0556
26115,0,0,0,0,0.01,0.09,0.17,0.07,0.03,0,0,0,0,0,0,0,0,0,0.01,0,0,0,0,0,0.51,0.45,0.18,0,0,0,0,0,0,0,0.05,0.28,0.06,0.05,0,0,0,0,0,0,0,0,0,0.01,0.0176,0.0142,0.00844,0.0266
26117,0,0,0,0,0.01,0.05,0.1,0.03,0.01,0,0,0,0,0,0,0,0,0,0,0,0,0,0,0,0.64,0.63,0.35,0.04,0,0,0,0,0,0,0.12,0.42,0.12,0.1,0.02,0,0,0,0,0,0,0,0,0.03,0,0.176,0.00664,0.0406
26119,0,0,0,0,0,0.03,0.06,0.03,0.01,0,0,0,0,0,0,0,0,0,0,0,0,0,0,0,0.72,0.73,0.51,0.09,0,0,0,0,0,0,0.15,0.48,0.22,0.22,0.09,0,0,0,0,0,0,0,0,0.05,0,0.219,0.0041,0.0689
26121,0,0,0,0,0.01,0.03,0.07,0.03,0.01,0,0,0,0,0,0,0,0,0,0,0,0,0,0,0,0.56,0.56,0.3,0.02,0,0,0,0,0,0,0.06,0.32,0.05,0.05,0.01,0,0,0,0,0,0,0,0,0.01,0,0.0614,0.0046,0.0458
26123,0,0,0,0,0.01,0.04,0.09,0.03,0.01,0,0,0,0,0,0,0,0,0,0,0,0,0,0,0,0.64,0.64,0.39,0.04,0,0,0,0,0,0,0.11,0.41,0.1,0.09,0.02,0,0,0,0,0,0,0,0,0.02,0,0.0557,0.00538,0.0456
26125,0,0,0,0,0.01,0.05,0.1,0.04,0.02,0,0,0,0,0,0,0,0,0,0,0,0,0,0,0,0.6,0.55,0.27,0.01,0,0,0,0,0,0,0.09,0.37,0.1,0.08,0.01,0,0,0,0,0,0,0,0,0.02,0,0.0304,0.00854,0.0292
26127,0,0,0,0,0,0.01,0.05,0.01,0,0,0,0,0,0,0,0,0,0,0,0,0,0,0,0,0.6,0.59,0.35,0.03,0,0,0,0,0,0,0.08,0.36,0.06,0.06,0.01,0,0,0,0,0,0,0,0,0.01,0,0.0639,0.00421,0.0485
26129,0,0,0,0,0,0.03,0.07,0.02,0.01,0,0,0,0,0,0,0,0,0,0,0,0,0,0,0,0.7,0.67,0.46,0.06,0,0,0,0,0,0,0.14,0.46,0.21,0.19,0.06,0,0,0,0,0,0,0,0,0.05,0.0016,0.0355,0.00614,0.0511
26131,0,0,0,0,0,0.01,0.02,0.01,0,0,0,0,0,0,0,0,0,0,0,0,0,0,0,0,0.86,0.85,0.63,0.16,0,0,0,0,0,0.01,0.31,0.68,0.35,0.35,0.14,0,0,0,0,0,0,0,0.01,0.17,0.00373,0.0869,0.000675,0.111
26133,0,0,0,0,0,0.03,0.07,0.02,0.01,0,0,0,0,0,0,0,0,0,0,0,0,0,0,0,0.69,0.68,0.46,0.08,0,0,0,0,0,0,0.16,0.48,0.18,0.17,0.06,0,0,0,0,0,0,0,0,0.05,0,0.0469,0.00524,0.0504
26135,0,0,0,0,0,0.03,0.05,0.02,0.01,0,0,0,0,0,0,0,0,0,0,0,0,0,0,0,0.72,0.71,0.5,0.08,0,0,0,0,0,0,0.16,0.49,0.23,0.21,0.08,0,0,0,0,0,0,0,0,0.06,0.000115,0.16,0.00525,0.0588
26137,0,0,0,0,0,0.02,0.04,0.02,0,0,0,0,0,0,0,0,0,0,0,0,0,0,0,0,0.73,0.74,0.52,0.11,0,0,0,0,0,0,0.16,0.5,0.22,0.23,0.1,0,0,0,0,0,0,0,0,0.06,0.00085,0.23,0.00342,0.0716
26139,0,0,0,0,0.01,0.05,0.1,0.04,0.02,0,0,0,0,0,0,0,0,0,0,0,0,0,0,0,0.53,0.52,0.25,0.01,0,0,0,0,0,0,0.05,0.29,0.05,0.04,0.01,0,0,0,0,0,0,0,0,0.01,0,0.0393,0.00546,0.0409
26141,0,0,0,0,0,0.03,0.05,0.03,0,0,0,0,0,0,0,0,0,0,0,0,0,0,0,0,0.71,0.74,0.5,0.08,0,0,0,0,0,0,0.11,0.46,0.18,0.2,0.07,0,0,0,0,0,0,0,0,0.04,0,0.268,0.00401,0.0741
26143,0,0,0,0,0,0.03,0.06,0.03,0.01,0,0,0,0,0,0,0,0,0,0,0,0,0,0,0,0.7,0.69,0.47,0.08,0,0,0,0,0,0,0.16,0.47,0.21,0.2,0.07,0,0,0,0,0,0,0,0,0.05,0.000852,0.0272,0.00547,0.0535
26145,0,0,0,0,0.01,0.06,0.11,0.04,0.02,0,0,0,0,0,0,0,0,0,0,0,0,0,0,0,0.58,0.58,0.28,0.01,0,0,0,0,0,0,0.08,0.35,0.11,0.09,0.02,0,0,0,0,0,0,0,0,0.02,0,0.0256,0.00775,0.037
26147,0,0,0,0,0.01,0.05,0.09,0.04,0.02,0,0,0,0,0,0,0,0,0,0,0,0,0,0,0,0.55,0.52,0.22,0,0,0,0,0,0,0,0.05,0.29,0.07,0.05,0.01,0,0,0,0,0,0,0,0,0.01,0.000692,0.0309,0.00876,0.0287
26149,0,0,0,0,0.01,0.09,0.13,0.05,0.02,0,0,0,0,0,0,0,0,0,0,0,0,0,0,0,0.55,0.49,0.23,0.01,0,0,0,0,0,0,0.07,0.34,0.09,0.06,0.01,0,0,0,0,0,0,0,0,0.02,0,0.0132,0.00713,0.0311
26151,0,0,0,0,0,0.04,0.06,0.02,0.01,0,0,0,0,0,0,0,0,0,0,0,0,0,0,0,0.61,0.58,0.28,0.01,0,0,0,0,0,0,0.06,0.33,0.09,0.08,0.01,0,0,0,0,0,0,0,0,0.02,0.00621,0.0458,0.00863,0.0328
26153,0,0,0,0,0,0,0.02,0.01,0,0,0,0,0,0,0,0,0,0,0,0,0,0,0,0,0.78,0.78,0.55,0.11,0,0,0,0,0,0,0.19,0.55,0.23,0.22,0.08,0,0,0,0,0,0,0,0,0.07,0,0.105,0.000509,0.112
26155,0,0,0,0,0.01,0.05,0.1,0.04,0.01,0,0,0,0,0,0,0,0,0,0,0,0,0,0,0,0.59,0.57,0.29,0.01,0,0,0,0,0,0,0.1,0.35,0.11,0.08,0.02,0,0,0,0,0,0,0,0,0.02,0.000697,0.0322,0.00797,0.034
26157,0,0,0,0,0.01,0.06,0.09,0.03,0.01,0,0,0,0,0,0,0,0,0,0,0,0,0,0,0,0.61,0.59,0.28,0.02,0,0,0,0,0,0,0.07,0.36,0.11,0.1,0.01,0,0,0,0,0,0,0,0,0.02,0.0306,0.0224,0.0081,0.0361
26159,0,0,0,0,0.02,0.09,0.13,0.05,0.02,0,0,0,0,0,0,0,0,0,0,0,0,0,0,0,0.54,0.48,0.23,0.01,0,0,0,0,0,0,0.06,0.31,0.07,0.04,0,0,0,0,0,0,0,0,0,0.01,0.000276,0.0355,0.00595,0.0348
26161,0,0,0,0,0.01,0.06,0.12,0.04,0.02,0,0,0,0,0,0,0,0,0,0,0,0,0,0,0,0.57,0.53,0.26,0.02,0,0,0,0,0,0,0.1,0.36,0.1,0.07,0.01,0,0,0,0,0,0,0,0,0.02,0,0.0102,0.0084,0.0285
26163,0,0,0,0,0.01,0.08,0.15,0.06,0.02,0,0,0,0,0,0,0,0,0,0,0,0,0,0,0,0.53,0.48,0.2,0,0,0,0,0,0,0,0.06,0.29,0.05,0.04,0,0,0,0,0,0,0,0,0,0.01,0.0267,0.00917,0.00858,0.027
26165,0,0,0,0,0.01,0.03,0.06,0.02,0,0,0,0,0,0,0,0,0,0,0,0,0,0,0,0,0.7,0.68,0.47,0.08,0,0,0,0,0,0,0.15,0.48,0.16,0.16,0.06,0,0,0,0,0,0,0,0,0.04,0.000882,0.0503,0.00403,0.0583
27001,0,0,0,0,0,0.01,0.03,0.02,0,0,0,0,0,0,0,0,0,0,0,0,0,0,0,0,0.88,0.84,0.56,0.11,0,0,0,0,0,0.02,0.4,0.78,0.5,0.42,0.13,0,0,0,0,0,0,0,0.03,0.29,0,0.107,0.00487,0.06
27003,0,0,0,0,0.01,0.03,0.09,0.04,0.01,0,0,0,0,0,0,0,0,0,0,0,0,0,0,0,0.82,0.76,0.38,0.05,0,0,0,0,0,0.01,0.28,0.68,0.38,0.28,0.06,0,0,0,0,0,0,0,0.01,0.19,0.00255,0.0199,0.0049,0.0514
27005,0,0,0,0,0,0.02,0.02,0.02,0,0,0,0,0,0,0,0,0,0,0,0,0,0,0,0,0.91,0.86,0.55,0.1,0,0,0,0,0,0.03,0.45,0.82,0.53,0.48,0.13,0,0,0,0,0,0,0,0.05,0.33,0,0.0923,0.0113,0.0717
27007,0,0,0,0,0,0.01,0.02,0.01,0,0,0,0,0,0,0,0,0,0,0,0,0,0,0,0,0.92,0.89,0.59,0.16,0,0,0,0,0,0.03,0.48,0.83,0.57,0.53,0.17,0,0,0,0,0,0,0,0.06,0.37,0,0.0621,0.00948,0.0763
27009,0,0,0,0,0.01,0.03,0.06,0.03,0,0,0,0,0,0,0,0,0,0,0,0,0,0,0,0,0.85,0.81,0.44,0.07,0,0,0,0,0,0.01,0.33,0.74,0.45,0.35,0.08,0,0,0,0,0,0,0,0.02,0.23,0.00572,0.151,0.00601,0.053
27011,0,0,0,0,0.03,0.06,0.11,0.06,0.02,0,0,0,0,0,0,0,0,0,0,0,0,0,0,0,0.86,0.79,0.43,0.08,0,0,0,0,0,0.02,0.38,0.75,0.45,0.35,0.09,0,0,0,0,0,0,0,0.02,0.26,0.0577,0.247,0.0118,0.0783
27013,0,0,0,0,0.02,0.08,0.1,0.03,0.01,0,0,0,0,0,0,0,0,0,0,0,0,0,0,0,0.81,0.71,0.34,0.05,0,0,0,0,0,0.01,0.29,0.65,0.37,0.26,0.06,0,0,0,0,0,0,0,0.01,0.18,0.00864,0.0337,0.00679,0.0404
27015,0,0,0,0,0.03,0.08,0.11,0.03,0.02,0,0,0,0,0,0,0,0,0,0,0,0,0,0,0,0.82,0.72,0.35,0.05,0,0,0,0,0,0.01,0.32,0.67,0.37,0.26,0.06,0,0,0,0,0,0,0,0.02,0.19,0,0,0.00784,0.0496
27017,0,0,0,0,0,0,0.04,0.01,0,0,0,0,0,0,0,0,0,0,0,0,0,0,0,0,0.88,0.84,0.55,0.12,0,0,0,0,0,0.03,0.4,0.78,0.49,0.43,0.14,0,0,0,0,0,0,0,0.03,0.29,0,0.0636,0.00355,0.066
27019,0,0,0,0,0.02,0.05,0.1,0.03,0.01,0,0,0,0,0,0,0,0,0,0,0,0,0,0,0,0.81,0.75,0.35,0.04,0,0,0,0,0,0,0.28,0.67,0.37,0.25,0.05,0,0,0,0,0,0,0,0.01,0.19,0.000873,0.0811,0.00572,0.0468
27021,0,0,0,0,0,0.01,0.03,0.02,0,0,0,0,0,0,0,0,0,0,0,0,0,0,0,0,0.89,0.86,0.55,0.11,0,0,0,0,0,0.02,0.42,0.79,0.5,0.46,0.12,0,0,0,0,0,0,0,0.03,0.29,0,0.0727,0.007,0.0614
27023,0,0,0,0,0.03,0.07,0.12,0.05,0.02,0,0,0,0,0,0,0,0,0,0,0,0,0,0,0,0.85,0.77,0.4,0.06,0,0,0,0,0,0.02,0.36,0.72,0.43,0.33,0.08,0,0,0,0,0,0,0,0.02,0.24,0.0872,0.136,0.00897,0.0645
27025,0,0,0,0,0.01,0.03,0.08,0.04,0.01,0,0,0,0,0,0,0,0,0,0,0,0,0,0,0,0.82,0.77,0.43,0.06,0,0,0,0,0,0.01,0.3,0.68,0.41,0.31,0.07,0,0,0,0,0,0,0,0.01,0.2,0.00859,0.0514,0.00438,0.055
27027,0,0,0,0,0.01,0.04,0.06,0.05,0.01,0,0,0,0,0,0,0,0,0,0,0,0,0,0,0,0.9,0.85,0.5,0.08,0,0,0,0,0,0.03,0.43,0.82,0.52,0.43,0.12,0,0,0,0,0,0,0,0.04,0.31,0.0785,0.168,0.0148,0.0827
27029,0,0,0,0,0,0.01,0.02,0.02,0,0,0,0,0,0,0,0,0,0,0,0,0,0,0,0,0.91,0.88,0.57,0.14,0,0,0,0,0,0.03,0.48,0.82,0.55,0.5,0.16,0,0,0,0,0,0,0,0.06,0.35,0,0,0.0107,0.0753
27031,0,0,0,0,0,0,0,0,0,0,0,0,0,0,0,0,0,0,0,0,0,0,0,0,0.91,0.9,0.69,0.24,0,0,0,0,0,0.04,0.46,0.81,0.54,0.52,0.23,0.01,0,0,0,0,0,0,0.05,0.34,,,0.000603,0.119
27033,0,0,0,0,0.02,0.07,0.1,0.03,0.02,0,0,0,0,0,0,0,0,0,0,0,0,0,0,0,0.81,0.71,0.37,0.07,0,0,0,0,0,0.02,0.34,0.68,0.37,0.27,0.06,0,0,0,0,0,0,0,0.02,0.2,0,0,0.0102,0.0527
27035,0,0,0,0,0.01,0.02,0.04,0.02,0,0,0,0,0,0,0,0,0,0,0,0,0,0,0,0,0.87,0.84,0.52,0.09,0,0,0,0,0,0.02,0.37,0.75,0.48,0.41,0.11,0,0,0,0,0,0,0,0.02,0.27,0.0247,0.0399,0.0062,0.0573
27037,0,0,0,0,0.02,0.05,0.1,0.03,0.01,0,0,0,0,0,0,0,0,0,0,0,0,0,0,0,0.78,0.72,0.34,0.03,0,0,0,0,0,0,0.26,0.64,0.34,0.25,0.06,0,0,0,0,0,0,0,0.01,0.18,0.00838,0.0405,0.00503,0.0438
27039,0,0,0,0,0.01,0.04,0.06,0.02,0.01,0,0,0,0,0,0,0,0,0,0,0,0,0,0,0,0.8,0.73,0.38,0.06,0,0,0,0,0,0.02,0.31,0.66,0.36,0.27,0.06,0,0,0,0,0,0,0,0.01,0.19,0,0.0618,0.00509,0.0343
27041,0,0,0,0,0.01,0.02,0.04,0.02,0.01,0,0,0,0,0,0,0,0,0,0,0,0,0,0,0,0.88,0.84,0.48,0.08,0,0,0,0,0,0.02,0.41,0.79,0.48,0.41,0.11,0,0,0,0,0,0,0,0.04,0.28,0,0.0154,0.00927,0.0633
27043,0,0,0,0,0.02,0.07,0.1,0.03,0.01,0,0,0,0,0,0,0,0,0,0,0,0,0,0,0,0.8,0.7,0.33,0.06,0,0,0,0,0,0.01,0.3,0.65,0.36,0.25,0.05,0,0,0,0,0,0,0,0.01,0.18,0.102,0.0266,0.00756,0.0359
27045,0,0,0,0,0.01,0.03,0.06,0.02,0.01,0,0,0,0,0,0,0,0,0,0,0,0,0,0,0,0.78,0.7,0.35,0.05,0,0,0,0,0,0.01,0.28,0.64,0.35,0.25,0.06,0,0,0,0,0,0,0,0.01,0.18,0,0.172,0.00478,0.0317
27047,0,0,0,0,0.02,0.05,0.07,0.02,0.01,0,0,0,0,0,0,0,0,0,0,0,0,0,0,0,0.8,0.7,0.34,0.06,0,0,0,0,0,0.01,0.3,0.65,0.36,0.26,0.06,0,0,0,0,0,0,0,0.01,0.18,0,0.049,0.00606,0.0321
27049,0,0,0,0,0.02,0.04,0.08,0.03,0.01,0,0,0,0,0,0,0,0,0,0,0,0,0,0,0,0.79,0.73,0.36,0.04,0,0,0,0,0,0.01,0.28,0.65,0.36,0.26,0.06,0,0,0,0,0,0,0,0.01,0.18,0.0163,0.0156,0.00491,0.0399
27051,0,0,0,0,0.02,0.04,0.07,0.04,0.01,0,0,0,0,0,0,0,0,0,0,0,0,0,0,0,0.88,0.83,0.47,0.08,0,0,0,0,0,0.02,0.41,0.79,0.48,0.39,0.11,0,0,0,0,0,0,0,0.03,0.28,0.0278,0.0533,0.011,0.0705
27053,0,0,0,0,0.02,0.05,0.1,0.03,0.01,0,0,0,0,0,0,0,0,0,0,0,0,0,0,0,0.81,0.74,0.34,0.04,0,0,0,0,0,0,0.27,0.66,0.37,0.25,0.05,0,0,0,0,0,0,0,0.01,0.18,0.00092,0.00768,0.00528,0.0482
27055,0,0,0,0,0.01,0.04,0.07,0.03,0.01,0,0,0,0,0,0,0,0,0,0,0,0,0,0,0,0.75,0.67,0.32,0.04,0,0,0,0,0,0,0.22,0.59,0.31,0.21,0.04,0,0,0,0,0,0,0,0.01,0.14,0,0.14,0.00464,0.0341
27057,0,0,0,0,0,0.01,0.02,0.02,0,0,0,0,0,0,0,0,0,0,0,0,0,0,0,0,0.9,0.87,0.56,0.13,0,0,0,0,0,0.02,0.44,0.8,0.52,0.48,0.15,0,0,0,0,0,0,0,0.05,0.32,0,0.0385,0.00866,0.0657
27059,0,0,0,0,0.01,0.03,0.08,0.03,0,0,0,0,0,0,0,0,0,0,0,0,0,0,0,0,0.83,0.78,0.44,0.06,0,0,0,0,0,0.01,0.3,0.7,0.42,0.31,0.07,0,0,0,0,0,0,0,0.01,0.2,0.00818,0.00652,0.00486,0.0535
27061,0,0,0,0,0,0.01,0.03,0.01,0,0,0,0,0,0,0,0,0,0,0,0,0,0,0,0,0.9,0.87,0.6,0.14,0,0,0,0,0,0.03,0.44,0.82,0.55,0.49,0.16,0,0,0,0,0,0,0,0.05,0.35,0,0.0921,0.00529,0.0673
27063,0,0,0,0,0.02,0.07,0.11,0.03,0.01,0,0,0,0,0,0,0,0,0,0,0,0,0,0,0,0.82,0.71,0.36,0.06,0,0,0,0,0,0.02,0.35,0.69,0.37,0.27,0.05,0,0,0,0,0,0,0,0.02,0.2,0,0.288,0.012,0.0477
27065,0,0,0,0,0,0.02,0.05,0.02,0,0,0,0,0,0,0,0,0,0,0,0,0,0,0,0,0.85,0.81,0.49,0.08,0,0,0,0,0,0.02,0.35,0.72,0.44,0.36,0.1,0,0,0,0,0,0,0,0.02,0.23,0,0.0143,0.00473,0.056
27067,0,0,0,0,0.02,0.05,0.09,0.03,0.01,0,0,0,0,0,0,0,0,0,0,0,0,0,0,0,0.85,0.78,0.4,0.07,0,0,0,0,0,0.02,0.37,0.73,0.44,0.34,0.08,0,0,0,0,0,0,0,0.03,0.24,0.0211,0.0333,0.00783,0.0575
27069,0,0,0,0,0.01,0.02,0.04,0.04,0,0,0,0,0,0,0,0,0,0,0,0,0,0,0,0,0.93,0.89,0.58,0.13,0,0,0,0,0,0.05,0.49,0.86,0.6,0.54,0.18,0,0,0,0,0,0,0,0.08,0.38,0,0.114,0.0179,0.0908
27071,0,0,0,0,0,0.01,0.02,0.01,0,0,0,0,0,0,0,0,0,0,0,0,0,0,0,0,0.92,0.89,0.62,0.17,0,0,0,0,0,0.04,0.47,0.84,0.6,0.55,0.2,0,0,0,0,0,0,0,0.07,0.39,0,0.0258,0.00525,0.0778
27073,0,0,0,0,0.03,0.07,0.14,0.07,0.02,0,0,0,0,0,0,0,0,0,0,0,0,0,0,0,0.84,0.76,0.4,0.07,0,0,0,0,0,0.02,0.36,0.72,0.43,0.32,0.08,0,0,0,0,0,0,0,0.02,0.23,0.0186,0.058,0.0106,0.0754
27075,0,0,0,0,0,0.01,0.01,0.01,0,0,0,0,0,0,0,0,0,0,0,0,0,0,0,0,0.91,0.89,0.66,0.22,0,0,0,0,0,0.04,0.47,0.81,0.55,0.51,0.21,0.01,0,0,0,0,0,0,0.05,0.35,0,0.137,0.0017,0.0941
27077,0,0,0,0,0,0.01,0.01,0.01,0,0,0,0,0,0,0,0,0,0,0,0,0,0,0,0,0.93,0.89,0.62,0.17,0,0,0,0,0,0.03,0.49,0.86,0.61,0.56,0.21,0.01,0,0,0,0,0,0,0.08,0.4,,,0.00804,0.0806
27079,0,0,0,0,0.02,0.06,0.09,0.03,0.01,0,0,0,0,0,0,0,0,0,0,0,0,0,0,0,0.81,0.72,0.35,0.04,0,0,0,0,0,0.01,0.29,0.65,0.37,0.25,0.05,0,0,0,0,0,0,0,0.01,0.19,0,0.114,0.00567,0.0414
27081,0,0,0,0,0.01,0.04,0.09,0.03,0.01,0,0,0,0,0,0,0,0,0,0,0,0,0,0,0,0.82,0.75,0.4,0.07,0,0,0,0,0,0.03,0.39,0.71,0.39,0.29,0.07,0,0,0,0,0,0,0,0.02,0.22,0.091,0.0394,0.0118,0.0777
27083,0,0,0,0,0.02,0.07,0.13,0.05,0.02,0,0,0,0,0,0,0,0,0,0,0,0,0,0,0,0.81,0.73,0.38,0.06,0,0,0,0,0,0.02,0.36,0.69,0.38,0.27,0.07,0,0,0,0,0,0,0,0.02,0.21,0.0582,0.115,0.0104,0.0683
27085,0,0,0,0,0.02,0.05,0.1,0.03,0.01,0,0,0,0,0,0,0,0,0,0,0,0,0,0,0,0.83,0.77,0.37,0.05,0,0,0,0,0,0.01,0.31,0.7,0.39,0.27,0.07,0,0,0,0,0,0,0,0.01,0.21,0,0.0153,0.00642,0.0495
27087,0,0,0,0,0,0.02,0.02,0.02,0,0,0,0,0,0,0,0,0,0,0,0,0,0,0,0,0.92,0.88,0.55,0.12,0,0,0,0,0,0.03,0.47,0.82,0.55,0.49,0.15,0,0,0,0,0,0,0,0.05,0.34,0.0148,0.102,0.0122,0.077
27089,0,0,0,0,0,0.02,0.03,0.04,0,0,0,0,0,0,0,0,0,0,0,0,0,0,0,0,0.93,0.89,0.58,0.13,0,0,0,0,0,0.05,0.49,0.85,0.58,0.53,0.17,0,0,0,0,0,0,0,0.07,0.38,0,0.135,0.0154,0.0875
27091,0,0,0,0,0.02,0.07,0.1,0.04,0.02,0,0,0,0,0,0,0,0,0,0,0,0,0,0,0,0.81,0.7,0.33,0.06,0,0,0,0,0,0.02,0.31,0.66,0.36,0.25,0.05,0,0,0,0,0,0,0,0.01,0.17,0,0.207,0.00958,0.0411
27093,0,0,0,0,0.02,0.04,0.08,0.02,0.01,0,0,0,0,0,0,0,0,0,0,0,0,0,0,0,0.85,0.79,0.4,0.06,0,0,0,0,0,0.02,0.34,0.73,0.42,0.32,0.07,0,0,0,0,0,0,0,0.02,0.22,0.0607,0.0537,0.00693,0.053
27095,0,0,0,0,0.01,0.02,0.05,0.02,0,0,0,0,0,0,0,0,0,0,0,0,0,0,0,0,0.85,0.81,0.49,0.08,0,0,0,0,0,0.01,0.35,0.73,0.45,0.35,0.09,0,0,0,0,0,0,0,0.02,0.23,0.0448,0.0235,0.00531,0.0545
27097,0,0,0,0,0.01,0.03,0.05,0.02,0,0,0,0,0,0,0,0,0,0,0,0,0,0,0,0,0.86,0.82,0.48,0.07,0,0,0,0,0,0.02,0.36,0.75,0.46,0.38,0.1,0,0,0,0,0,0,0,0.02,0.25,0.00647,0.0458,0.00654,0.0548
27099,0,0,0,0,0.01,0.04,0.06,0.02,0.01,0,0,0,0,0,0,0,0,0,0,0,0,0,0,0,0.8,0.71,0.35,0.05,0,0,0,0,0,0.02,0.31,0.65,0.35,0.26,0.05,0,0,0,0,0,0,0,0.01,0.18,0,0.07,0.00516,0.0304
27101,0,0,0,0,0.02,0.06,0.1,0.03,0.01,0,0,0,0,0,0,0,0,0,0,0,0,0,0,0,0.81,0.73,0.37,0.07,0,0,0,0,0,0.02,0.37,0.69,0.38,0.28,0.06,0,0,0,0,0,0,0,0.02,0.2,0.00187,0.0751,0.0124,0.0621
27103,0,0,0,0,0.02,0.07,0.1,0.03,0.01,0,0,0,0,0,0,0,0,0,0,0,0,0,0,0,0.82,0.72,0.35,0.05,0,0,0,0,0,0.01,0.29,0.66,0.37,0.25,0.06,0,0,0,0,0,0,0,0.01,0.18,0,0.084,0.00647,0.0454
27105,0,0,0,0,0.02,0.07,0.12,0.04,0.01,0,0,0,0,0,0,0,0,0,0,0,0,0,0,0,0.82,0.72,0.37,0.07,0,0,0,0,0,0.02,0.37,0.69,0.37,0.27,0.06,0,0,0,0,0,0,0,0.02,0.2,0,0.00972,0.0148,0.0569
27107,0,0,0,0,0.01,0.03,0.05,0.05,0.01,0,0,0,0,0,0,0,0,0,0,0,0,0,0,0,0.91,0.86,0.52,0.09,0,0,0,0,0,0.03,0.44,0.82,0.54,0.46,0.13,0,0,0,0,0,0,0,0.04,0.33,0,0.0242,0.0156,0.0862
27109,0,0,0,0,0.01,0.04,0.06,0.02,0.01,0,0,0,0,0,0,0,0,0,0,0,0,0,0,0,0.8,0.72,0.36,0.05,0,0,0,0,0,0.01,0.29,0.66,0.36,0.27,0.06,0,0,0,0,0,0,0,0.01,0.18,0,0.0718,0.00485,0.0345
27111,0,0,0,0,0.01,0.02,0.02,0.02,0.01,0,0,0,0,0,0,0,0,0,0,0,0,0,0,0,0.89,0.85,0.5,0.09,0,0,0,0,0,0.02,0.42,0.8,0.51,0.42,0.12,0,0,0,0,0,0,0,0.03,0.3,0.0151,0.056,0.0105,0.0677
27113,0,0,0,0,0,0.02,0.03,0.03,0,0,0,0,0,0,0,0,0,0,0,0,0,0,0,0,0.92,0.89,0.57,0.13,0,0,0,0,0,0.04,0.48,0.85,0.58,0.51,0.17,0,0,0,0,0,0,0,0.06,0.36,,,0.014,0.0857
27115,0,0,0,0,0,0.01,0.06,0.03,0,0,0,0,0,0,0,0,0,0,0,0,0,0,0,0,0.86,0.82,0.51,0.09,0,0,0,0,0,0.02,0.37,0.73,0.46,0.38,0.12,0,0,0,0,0,0,0,0.02,0.25,0.000871,0.103,0.00388,0.061
27117,0,0,0,0,0.02,0.05,0.1,0.04,0,0,0,0,0,0,0,0,0,0,0,0,0,0,0,0,0.82,0.74,0.38,0.07,0,0,0,0,0,0.03,0.39,0.71,0.38,0.29,0.07,0,0,0,0,0,0,0,0.02,0.21,0.0059,0.0733,0.0144,0.0723
27119,0,0,0,0,0,0.02,0.04,0.04,0.01,0,0,0,0,0,0,0,0,0,0,0,0,0,0,0,0.92,0.88,0.55,0.1,0,0,0,0,0,0.03,0.47,0.83,0.55,0.49,0.15,0,0,0,0,0,0,0,0.05,0.35,0.0171,0.028,0.0158,0.0886
27121,0,0,0,0,0.02,0.04,0.07,0.02,0.01,0,0,0,0,0,0,0,0,0,0,0,0,0,0,0,0.87,0.82,0.46,0.08,0,0,0,0,0,0.02,0.39,0.76,0.46,0.38,0.1,0,0,0,0,0,0,0,0.03,0.27,0.0148,0.0414,0.00901,0.0626
27123,0,0,0,0,0.02,0.05,0.1,0.04,0.01,0,0,0,0,0,0,0,0,0,0,0,0,0,0,0,0.79,0.73,0.35,0.04,0,0,0,0,0,0,0.26,0.64,0.34,0.25,0.06,0,0,0,0,0,0,0,0.01,0.18,0.00416,0.0174,0.00487,0.0487
27125,0,0,0,0,0,0.02,0.03,0.03,0.01,0,0,0,0,0,0,0,0,0,0,0,0,0,0,0,0.92,0.89,0.56,0.12,0,0,0,0,0,0.04,0.47,0.84,0.57,0.5,0.16,0,0,0,0,0,0,0,0.06,0.35,0.0509,0.0502,0.0142,0.0857
27127,0,0,0,0,0.03,0.09,0.13,0.05,0.02,0,0,0,0,0,0,0,0,0,0,0,0,0,0,0,0.82,0.72,0.36,0.06,0,0,0,0,0,0.02,0.34,0.67,0.38,0.27,0.06,0,0,0,0,0,0,0,0.02,0.19,0,0.256,0.00873,0.0582
27129,0,0,0,0,0.03,0.06,0.1,0.03,0.02,0,0,0,0,0,0,0,0,0,0,0,0,0,0,0,0.83,0.75,0.37,0.05,0,0,0,0,0,0.02,0.33,0.7,0.39,0.29,0.07,0,0,0,0,0,0,0,0.02,0.21,0.0199,0.291,0.00752,0.0561
27131,0,0,0,0,0.02,0.05,0.08,0.02,0.01,0,0,0,0,0,0,0,0,0,0,0,0,0,0,0,0.8,0.73,0.36,0.05,0,0,0,0,0,0.01,0.29,0.65,0.36,0.26,0.06,0,0,0,0,0,0,0,0.01,0.19,0,0.0255,0.00531,0.0393
27133,0,0,0,0,0.02,0.08,0.14,0.06,0.01,0,0,0,0,0,0,0,0,0,0,0,0,0,0,0,0.79,0.71,0.35,0.06,0,0,0,0,0,0.03,0.36,0.69,0.35,0.26,0.06,0,0,0,0,0,0,0,0.02,0.17,0.00884,0.024,0.0173,0.0659
27135,0,0,0,0,0,0.02,0.02,0.02,0,0,0,0,0,0,0,0,0,0,0,0,0,0,0,0,0.94,0.89,0.61,0.15,0,0,0,0,0,0.04,0.49,0.87,0.61,0.55,0.19,0,0,0,0,0,0,0,0.08,0.39,0,0.103,0.0123,0.0828
27137,0,0,0,0,0,0.01,0.02,0.01,0,0,0,0,0,0,0,0,0,0,0,0,0,0,0,0,0.92,0.88,0.63,0.18,0,0,0,0,0,0.04,0.47,0.82,0.56,0.5,0.19,0,0,0,0,0,0,0,0.07,0.35,0,0.107,0.00294,0.0768
27139,0,0,0,0,0.02,0.06,0.1,0.03,0.01,0,0,0,0,0,0,0,0,0,0,0,0,0,0,0,0.8,0.73,0.34,0.04,0,0,0,0,0,0,0.27,0.64,0.35,0.25,0.05,0,0,0,0,0,0,0,0.01,0.18,0,0.142,0.00543,0.0439
27141,0,0,0,0,0.01,0.03,0.08,0.03,0.01,0,0,0,0,0,0,0,0,0,0,0,0,0,0,0,0.84,0.79,0.41,0.05,0,0,0,0,0,0.01,0.31,0.73,0.43,0.31,0.07,0,0,0,0,0,0,0,0.01,0.21,0.0457,0.0975,0.00563,0.0517
27143,0,0,0,0,0.02,0.06,0.1,0.03,0.01,0,0,0,0,0,0,0,0,0,0,0,0,0,0,0,0.82,0.74,0.36,0.05,0,0,0,0,0,0.01,0.3,0.67,0.38,0.25,0.06,0,0,0,0,0,0,0,0.01,0.2,0.000373,0.0766,0.00628,0.0472
27145,0,0,0,0,0.01,0.03,0.08,0.02,0.01,0,0,0,0,0,0,0,0,0,0,0,0,0,0,0,0.86,0.82,0.44,0.06,0,0,0,0,0,0.02,0.36,0.75,0.45,0.36,0.09,0,0,0,0,0,0,0,0.02,0.24,0,0.076,0.00717,0.0547
27147,0,0,0,0,0.02,0.05,0.07,0.02,0.01,0,0,0,0,0,0,0,0,0,0,0,0,0,0,0,0.8,0.72,0.36,0.06,0,0,0,0,0,0.01,0.29,0.66,0.37,0.27,0.06,0,0,0,0,0,0,0,0.01,0.19,0,0.0227,0.00536,0.035
27149,0,0,0,0,0.02,0.05,0.09,0.04,0.01,0,0,0,0,0,0,0,0,0,0,0,0,0,0,0,0.87,0.81,0.45,0.08,0,0,0,0,0,0.02,0.39,0.77,0.47,0.38,0.1,0,0,0,0,0,0,0,0.03,0.27,0.0103,0.0708,0.0106,0.0702
27151,0,0,0,0,0.03,0.06,0.11,0.04,0.02,0,0,0,0,0,0,0,0,0,0,0,0,0,0,0,0.85,0.79,0.42,0.07,0,0,0,0,0,0.02,0.38,0.75,0.45,0.35,0.09,0,0,0,0,0,0,0,0.03,0.25,0.0157,0.443,0.00946,0.0659
27153,0,0,0,0,0.01,0.02,0.04,0.02,0,0,0,0,0,0,0,0,0,0,0,0,0,0,0,0,0.87,0.84,0.48,0.08,0,0,0,0,0,0.02,0.39,0.77,0.48,0.41,0.11,0,0,0,0,0,0,0,0.03,0.27,0,0.0475,0.00791,0.0584
27155,0,0,0,0,0.02,0.05,0.09,0.05,0.02,0,0,0,0,0,0,0,0,0,0,0,0,0,0,0,0.87,0.81,0.44,0.08,0,0,0,0,0,0.02,0.4,0.78,0.48,0.38,0.1,0,0,0,0,0,0,0,0.02,0.27,0.407,0.0348,0.0126,0.079
27157,0,0,0,0,0.01,0.05,0.09,0.04,0.01,0,0,0,0,0,0,0,0,0,0,0,0,0,0,0,0.79,0.71,0.35,0.04,0,0,0,0,0,0.01,0.26,0.64,0.36,0.26,0.06,0,0,0,0,0,0,0,0.01,0.17,0,0.0358,0.00468,0.0394
27159,0,0,0,0,0.01,0.02,0.03,0.02,0,0,0,0,0,0,0,0,0,0,0,0,0,0,0,0,0.88,0.85,0.52,0.09,0,0,0,0,0,0.02,0.41,0.78,0.51,0.43,0.12,0,0,0,0,0,0,0,0.03,0.29,0,0.122,0.00847,0.0617
27161,0,0,0,0,0.02,0.06,0.08,0.02,0.01,0,0,0,0,0,0,0,0,0,0,0,0,0,0,0,0.81,0.72,0.35,0.06,0,0,0,0,0,0.01,0.3,0.64,0.36,0.27,0.06,0,0,0,0,0,0,0,0.01,0.19,0,0.0341,0.00586,0.0367
27163,0,0,0,0,0.01,0.04,0.1,0.04,0.01,0,0,0,0,0,0,0,0,0,0,0,0,0,0,0,0.79,0.73,0.36,0.04,0,0,0,0,0,0.01,0.26,0.65,0.35,0.27,0.07,0,0,0,0,0,0,0,0.01,0.18,0.00512,0.0103,0.00468,0.0497
27165,0,0,0,0,0.02,0.08,0.11,0.03,0.02,0,0,0,0,0,0,0,0,0,0,0,0,0,0,0,0.81,0.71,0.35,0.06,0,0,0,0,0,0.01,0.32,0.67,0.37,0.27,0.05,0,0,0,0,0,0,0,0.02,0.19,0,0.168,0.00848,0.0452
27167,0,0,0,0,0.01,0.04,0.08,0.05,0.01,0,0,0,0,0,0,0,0,0,0,0,0,0,0,0,0.89,0.83,0.47,0.08,0,0,0,0,0,0.02,0.42,0.8,0.5,0.41,0.11,0,0,0,0,0,0,0,0.03,0.29,0.00976,0.235,0.0136,0.0795
27169,0,0,0,0,0.01,0.04,0.08,0.03,0.01,0,0,0,0,0,0,0,0,0,0,0,0,0,0,0,0.76,0.69,0.34,0.04,0,0,0,0,0,0.01,0.24,0.61,0.33,0.24,0.05,0,0,0,0,0,0,0,0.01,0.15,0,0.0845,0.00457,0.037
27171,0,0,0,0,0.01,0.04,0.08,0.03,0.01,0,0,0,0,0,0,0,0,0,0,0,0,0,0,0,0.84,0.77,0.38,0.05,0,0,0,0,0,0.01,0.3,0.71,0.41,0.28,0.07,0,0,0,0,0,0,0,0.01,0.2,0.00794,0.147,0.00597,0.0504
27173,0,0,0,0,0.02,0.07,0.14,0.05,0.02,0,0,0,0,0,0,0,0,0,0,0,0,0,0,0,0.82,0.74,0.39,0.06,0,0,0,0,0,0.02,0.35,0.7,0.4,0.29,0.07,0,0,0,0,0,0,0,0.02,0.23,0.0636,0.0628,0.00961,0.07
28001,0,0,0,0,0.11,0.52,0.74,0.75,0.42,0.03,0,0,0,0,0,0,0,0,0.01,0.03,0.01,0,0,0,0.03,0,0,0,0,0,0,0,0,0,0,0,0,0,0,0,0,0,0,0,0,0,0,0,0.0589,0.0272,0.0322,0.0138
28003,0,0,0,0,0.03,0.31,0.55,0.47,0.2,0.01,0,0,0,0,0,0,0,0,0.01,0.02,0,0,0,0,0.17,0.06,0.01,0,0,0,0,0,0,0,0.01,0.09,0,0,0,0,0,0,0,0,0,0,0,0,0.26,0,0.0556,0.0329
28005,0,0,0,0,0.12,0.5,0.69,0.68,0.35,0.03,0,0,0,0,0,0,0,0,0,0.02,0.01,0,0,0,0.03,0.01,0,0,0,0,0,0,0,0,0,0.01,0,0,0,0,0,0,0,0,0,0,0,0,0.0294,0.00552,0.0248,0.0118
28007,0,0,0,0,0.05,0.38,0.62,0.58,0.3,0.02,0,0,0,0,0,0,0,0,0,0.02,0,0,0,0,0.09,0.02,0,0,0,0,0,0,0,0,0,0.03,0,0,0,0,0,0,0,0,0,0,0,0,0.0309,0.0449,0.0517,0.0243
28009,0,0,0,0,0.03,0.31,0.56,0.5,0.22,0.01,0,0,0,0,0,0,0,0,0,0.02,0,0,0,0,0.16,0.06,0.01,0,0,0,0,0,0,0,0.01,0.07,0,0,0,0,0,0,0,0,0,0,0,0,0.0113,0.0028,0.0676,0.029
28011,0,0,0,0,0.09,0.48,0.67,0.62,0.33,0.03,0,0,0,0,0,0,0,0,0,0.02,0.01,0,0,0,0.07,0.01,0.01,0,0,0,0,0,0,0,0,0.02,0,0,0,0,0,0,0,0,0,0,0,0,0.0451,0.00868,0.0834,0.0208
28013,0,0,0,0,0.06,0.39,0.63,0.59,0.29,0.02,0,0,0,0,0,0,0,0,0,0.02,0,0,0,0,0.13,0.03,0.01,0,0,0,0,0,0,0,0.01,0.04,0,0,0,0,0,0,0,0,0,0,0,0,,,0.0661,0.0276
28015,0,0,0,0,0.06,0.4,0.65,0.62,0.32,0.03,0,0,0,0,0,0,0,0,0,0.02,0,0,0,0,0.08,0.01,0,0,0,0,0,0,0,0,0,0.02,0,0,0,0,0,0,0,0,0,0,0,0,0.0326,0.00234,0.0655,0.0248
28017,0,0,0,0,0.06,0.39,0.63,0.58,0.29,0.01,0,0,0,0,0,0,0,0,0,0.03,0,0,0,0,0.12,0.03,0.01,0,0,0,0,0,0,0,0.01,0.04,0,0,0,0,0,0,0,0,0,0,0,0,0,0,0.0591,0.0294
28019,0,0,0,0,0.05,0.36,0.6,0.56,0.28,0.02,0,0,0,0,0,0,0,0,0,0.02,0,0,0,0,0.11,0.03,0.01,0,0,0,0,0,0,0,0.01,0.03,0,0,0,0,0,0,0,0,0,0,0,0,0.0143,0.0415,0.0542,0.0266
28021,0,0,0,0,0.1,0.53,0.74,0.73,0.42,0.04,0,0,0,0,0,0,0,0,0,0.02,0.01,0,0,0,0.04,0.01,0,0,0,0,0,0,0,0,0,0.01,0,0,0,0,0,0,0,0,0,0,0,0,0.0443,0.012,0.0365,0.0152
28023,0,0,0,0,0.11,0.48,0.69,0.64,0.32,0.02,0,0,0,0,0,0,0,0,0.01,0.02,0,0,0,0,0.05,0.01,0,0,0,0,0,0,0,0,0,0.01,0,0,0,0,0,0,0,0,0,0,0,0,0.0382,0.000318,0.0216,0.017
28025,0,0,0,0,0.08,0.45,0.69,0.64,0.33,0.02,0,0,0,0,0,0,0,0,0.01,0.04,0,0,0,0,0.11,0.02,0.01,0,0,0,0,0,0,0,0,0.03,0,0,0,0,0,0,0,0,0,0,0,0,0.0263,0.024,0.0528,0.0294
28027,0,0,0,0,0.08,0.44,0.65,0.59,0.3,0.04,0,0,0,0,0,0,0,0,0,0.02,0,0,0,0,0.08,0.02,0.01,0,0,0,0,0,0,0,0,0.03,0,0,0,0,0,0,0,0,0,0,0,0,0.025,0,0.0857,0.0211
28029,0,0,0,0,0.08,0.49,0.71,0.7,0.35,0.03,0,0,0,0,0,0,0,0,0,0.02,0.01,0,0,0,0.04,0.01,0,0,0,0,0,0,0,0,0,0.01,0,0,0,0,0,0,0,0,0,0,0,0,0.0256,0.0212,0.0304,0.0147
28031,0,0,0,0,0.12,0.54,0.72,0.7,0.37,0.03,0,0,0,0,0,0,0,0.01,0.01,0.02,0,0,0,0,0.05,0.01,0,0,0,0,0,0,0,0,0,0.01,0,0,0,0,0,0,0,0,0,0,0,0,0.0284,0.0521,0.0212,0.0137
28033,0,0,0,0,0.07,0.44,0.64,0.56,0.26,0.02,0,0,0,0,0,0,0,0,0.01,0.03,0,0,0,0,0.11,0.03,0.01,0,0,0,0,0,0,0,0,0.04,0,0,0,0,0,0,0,0,0,0,0,0,0.0238,0.0227,0.0808,0.0238
28035,0,0,0,0,0.15,0.56,0.73,0.7,0.36,0.03,0,0,0,0,0,0,0,0,0.01,0.01,0,0,0,0,0.04,0.01,0,0,0,0,0,0,0,0,0,0.01,0,0,0,0,0,0,0,0,0,0,0,0,0.0114,0,0.0165,0.0113
28037,0,0,0,0,0.09,0.46,0.7,0.69,0.35,0.03,0,0,0,0,0,0,0,0,0.01,0.02,0.01,0,0,0,0.04,0.01,0,0,0,0,0,0,0,0,0,0.01,0,0,0,0,0,0,0,0,0,0,0,0,0.0382,0.0167,0.0286,0.013
28039,0,0,0,0,0.14,0.53,0.73,0.7,0.35,0.03,0,0,0,0,0,0,0,0,0.01,0.01,0,0,0,0,0.02,0,0,0,0,0,0,0,0,0,0,0.01,0,0,0,0,0,0,0,0,0,0,0,0,0.00626,0.00136,0.013,0.00928
28041,0,0,0,0.01,0.16,0.56,0.73,0.7,0.36,0.02,0,0,0,0,0,0,0,0,0.01,0.01,0,0,0,0,0.04,0.01,0,0,0,0,0,0,0,0,0,0.01,0,0,0,0,0,0,0,0,0,0,0,0,0.0175,0.000891,0.0149,0.0112
28043,0,0,0,0,0.07,0.42,0.68,0.62,0.32,0.02,0,0,0,0,0,0,0,0,0.01,0.03,0.01,0,0,0,0.1,0.02,0.01,0,0,0,0,0,0,0,0,0.03,0,0,0,0,0,0,0,0,0,0,0,0,0.0351,0.0122,0.071,0.0255
28045,0,0,0,0,0.06,0.39,0.59,0.62,0.23,0.01,0,0,0,0,0,0,0,0,0,0,0,0,0,0,0.01,0,0,0,0,0,0,0,0,0,0,0,0,0,0,0,0,0,0,0,0,0,0,0,0.00696,0.000275,0.0127,0.00793
28047,0,0,0,0,0.06,0.38,0.58,0.59,0.21,0.01,0,0,0,0,0,0,0,0,0,0,0,0,0,0,0.01,0,0,0,0,0,0,0,0,0,0,0,0,0,0,0,0,0,0,0,0,0,0,0,0.00351,0,0.0118,0.00769
28049,0,0,0,0,0.09,0.51,0.74,0.71,0.39,0.04,0,0,0,0,0,0,0,0,0.01,0.03,0.01,0,0,0,0.04,0.01,0,0,0,0,0,0,0,0,0,0.01,0,0,0,0,0,0,0,0,0,0,0,0,0.0474,0.0112,0.0387,0.017
28051,0,0,0,0,0.07,0.44,0.68,0.65,0.36,0.03,0,0,0,0,0,0,0,0,0,0.03,0.01,0,0,0,0.06,0.01,0,0,0,0,0,0,0,0,0,0.01,0,0,0,0,0,0,0,0,0,0,0,0,0.0755,0.00723,0.059,0.023
28053,0,0,0,0,0.11,0.52,0.74,0.71,0.4,0.05,0,0,0,0,0,0,0,0,0.01,0.03,0.01,0,0,0,0.05,0.01,0,0,0,0,0,0,0,0,0,0.01,0,0,0,0,0,0,0,0,0,0,0,0,0.0815,0.00324,0.0644,0.0217
28055,0,0,0,0,0.11,0.56,0.76,0.73,0.42,0.05,0,0,0,0,0,0,0,0,0.01,0.04,0.01,0,0,0,0.04,0.01,0,0,0,0,0,0,0,0,0,0.01,0,0,0,0,0,0,0,0,0,0,0,0,,,0.0581,0.0189
28057,0,0,0,0,0.06,0.38,0.61,0.55,0.25,0.01,0,0,0,0,0,0,0,0,0.01,0.03,0,0,0,0,0.14,0.04,0.01,0,0,0,0,0,0,0,0.01,0.05,0,0,0,0,0,0,0,0,0,0,0,0,0.00384,0.0207,0.0501,0.032
28059,0,0,0,0,0.07,0.41,0.63,0.62,0.27,0.02,0,0,0,0,0,0,0,0,0,0,0,0,0,0,0.01,0,0,0,0,0,0,0,0,0,0,0,0,0,0,0,0,0,0,0,0,0,0,0,0.00503,0.0028,0.0112,0.00741
28061,0,0,0,0,0.1,0.48,0.68,0.65,0.33,0.03,0,0,0,0,0,0,0,0,0.01,0.02,0,0,0,0,0.06,0.01,0,0,0,0,0,0,0,0,0,0.02,0,0,0,0,0,0,0,0,0,0,0,0,0.0243,0.0926,0.0233,0.0165
28063,0,0,0,0,0.09,0.49,0.72,0.72,0.4,0.03,0,0,0,0,0,0,0,0,0,0.02,0.01,0,0,0,0.04,0.01,0,0,0,0,0,0,0,0,0,0.01,0,0,0,0,0,0,0,0,0,0,0,0,0.0333,0.017,0.0334,0.0142
28065,0,0,0,0,0.11,0.52,0.71,0.68,0.34,0.03,0,0,0,0,0,0,0,0.01,0.01,0.02,0,0,0,0,0.05,0.01,0,0,0,0,0,0,0,0,0,0.01,0,0,0,0,0,0,0,0,0,0,0,0,0.0454,0.0985,0.0221,0.0133
28067,0,0,0,0,0.14,0.56,0.74,0.72,0.39,0.03,0,0,0,0,0,0,0,0.01,0.01,0.02,0,0,0,0,0.05,0.01,0,0,0,0,0,0,0,0,0,0.01,0,0,0,0,0,0,0,0,0,0,0,0,0.0245,0.0172,0.0193,0.0137
28069,0,0,0,0,0.08,0.44,0.66,0.61,0.31,0.02,0,0,0,0,0,0,0,0,0,0.02,0,0,0,0,0.08,0.02,0,0,0,0,0,0,0,0,0,0.02,0,0,0,0,0,0,0,0,0,0,0,0,0.00689,0.336,0.0332,0.0236
28071,0,0,0,0,0.05,0.36,0.61,0.57,0.26,0.02,0,0,0,0,0,0,0,0,0,0.02,0,0,0,0,0.14,0.04,0.01,0,0,0,0,0,0,0,0.01,0.05,0,0,0,0,0,0,0,0,0,0,0,0,0.0334,0.0109,0.0716,0.0267
28073,0,0,0,0,0.13,0.54,0.7,0.68,0.34,0.02,0,0,0,0,0,0,0,0,0.01,0.01,0,0,0,0,0.04,0.01,0,0,0,0,0,0,0,0,0,0.01,0,0,0,0,0,0,0,0,0,0,0,0,0.0465,0.0563,0.0176,0.0114
28075,0,0,0,0,0.09,0.45,0.66,0.61,0.31,0.03,0,0,0,0,0,0,0,0,0,0.02,0,0,0,0,0.06,0.01,0,0,0,0,0,0,0,0,0,0.02,0,0,0,0,0,0,0,0,0,0,0,0,0.0113,0.164,0.0269,0.0203
28077,0,0,0,0,0.13,0.55,0.74,0.72,0.37,0.04,0,0,0,0,0,0,0,0.01,0.01,0.02,0.01,0,0,0,0.04,0.01,0,0,0,0,0,0,0,0,0,0.01,0,0,0,0,0,0,0,0,0,0,0,0,0.0425,0.0328,0.0237,0.0132
28079,0,0,0,0,0.06,0.42,0.64,0.6,0.29,0.02,0,0,0,0,0,0,0,0,0,0.02,0.01,0,0,0,0.08,0.01,0,0,0,0,0,0,0,0,0,0.03,0,0,0,0,0,0,0,0,0,0,0,0,0.0253,0.0172,0.0416,0.0221
28081,0,0,0,0,0.06,0.38,0.62,0.56,0.27,0.02,0,0,0,0,0,0,0,0,0.01,0.03,0,0,0,0,0.13,0.04,0.01,0,0,0,0,0,0,0,0.01,0.04,0,0,0,0,0,0,0,0,0,0,0,0,0.00674,0.0363,0.0564,0.0309
28083,0,0,0,0,0.1,0.48,0.7,0.67,0.37,0.04,0,0,0,0,0,0,0,0,0,0.03,0.01,0,0,0,0.07,0.01,0,0,0,0,0,0,0,0,0,0.01,0,0,0,0,0,0,0,0,0,0,0,0,0.0491,0,0.0728,0.0235
28085,0,0,0,0,0.1,0.47,0.7,0.67,0.32,0.03,0,0,0,0,0,0,0,0,0.01,0.02,0.01,0,0,0,0.04,0.01,0,0,0,0,0,0,0,0,0,0.01,0,0,0,0,0,0,0,0,0,0,0,0,0.0212,0.0218,0.0259,0.0131
28087,0,0,0,0,0.09,0.46,0.69,0.64,0.33,0.02,0,0,0,0,0,0,0,0,0.01,0.04,0,0,0,0,0.1,0.02,0,0,0,0,0,0,0,0,0,0.02,0,0,0,0,0,0,0,0,0,0,0,0,0.0411,0.0524,0.0443,0.0291
28089,0,0,0,0,0.06,0.46,0.7,0.67,0.35,0.03,0,0,0,0,0,0,0,0,0.01,0.03,0.01,0,0,0,0.06,0.01,0,0,0,0,0,0,0,0,0,0.02,0,0,0,0,0,0,0,0,0,0,0,0,0.0531,0.0124,0.0437,0.0202
28091,0,0,0,0,0.15,0.56,0.73,0.72,0.37,0.03,0,0,0,0,0,0,0,0.01,0.01,0.02,0,0,0,0,0.04,0.01,0,0,0,0,0,0,0,0,0,0.01,0,0,0,0,0,0,0,0,0,0,0,0,0.0541,0.021,0.0192,0.0116
28093,0,0,0,0,0.05,0.36,0.59,0.53,0.24,0.02,0,0,0,0,0,0,0,0,0,0.02,0,0,0,0,0.15,0.05,0.01,0,0,0,0,0,0,0,0.01,0.06,0,0,0,0,0,0,0,0,0,0,0,0,0.0163,0.0296,0.073,0.0269
28095,0,0,0,0,0.07,0.43,0.65,0.59,0.3,0.01,0,0,0,0,0,0,0,0,0.01,0.03,0,0,0,0,0.11,0.02,0.01,0,0,0,0,0,0,0,0,0.04,0,0,0,0,0,0,0,0,0,0,0,0,0.0733,0,0.05,0.0308
28097,0,0,0,0,0.05,0.37,0.62,0.59,0.29,0.02,0,0,0,0,0,0,0,0,0,0.03,0,0,0,0,0.11,0.02,0.01,0,0,0,0,0,0,0,0,0.04,0,0,0,0,0,0,0,0,0,0,0,0,0.0189,0.0106,0.0633,0.0259
28099,0,0,0,0,0.06,0.41,0.63,0.6,0.27,0.02,0,0,0,0,0,0,0,0,0,0.02,0,0,0,0,0.09,0.02,0.01,0,0,0,0,0,0,0,0.01,0.02,0,0,0,0,0,0,0,0,0,0,0,0,0.00398,0.251,0.0375,0.0229
28101,0,0,0,0,0.08,0.45,0.67,0.62,0.31,0.03,0,0,0,0,0,0,0,0,0,0.02,0,0,0,0,0.07,0.02,0,0,0,0,0,0,0,0,0,0.02,0,0,0,0,0,0,0,0,0,0,0,0,0.00726,0.272,0.0297,0.0197
28103,0,0,0,0,0.09,0.45,0.69,0.64,0.33,0.02,0,0,0,0,0,0,0,0,0.01,0.03,0,0,0,0,0.08,0.02,0,0,0,0,0,0,0,0,0,0.02,0,0,0,0,0,0,0,0,0,0,0,0,0.0254,0.128,0.0398,0.0266
28105,0,0,0,0,0.08,0.44,0.67,0.63,0.33,0.02,0,0,0,0,0,0,0,0,0.01,0.03,0,0,0,0,0.1,0.02,0.01,0,0,0,0,0,0,0,0,0.03,0,0,0,0,0,0,0,0,0,0,0,0,0.0269,0.0423,0.0504,0.0281
28107,0,0,0,0,0.08,0.42,0.65,0.59,0.28,0.02,0,0,0,0,0,0,0,0,0,0.03,0.01,0,0,0,0.11,0.02,0.01,0,0,0,0,0,0,0,0,0.04,0,0,0,0,0,0,0,0,0,0,0,0,0.0463,0.0158,0.0791,0.0239
28109,0,0,0,0,0.12,0.51,0.7,0.69,0.32,0.02,0,0,0,0,0,0,0,0,0.01,0.01,0,0,0,0,0.03,0,0,0,0,0,0,0,0,0,0,0.01,0,0,0,0,0,0,0,0,0,0,0,0,0.0192,0.000105,0.0151,0.00954
28111,0,0,0,0.01,0.15,0.56,0.75,0.7,0.37,0.03,0,0,0,0,0,0,0,0,0.01,0.01,0,0,0,0,0.03,0.01,0,0,0,0,0,0,0,0,0,0.01,0,0,0,0,0,0,0,0,0,0,0,0,0.04,0.0037,0.0155,0.0111
28113,0,0,0,0,0.14,0.54,0.71,0.69,0.36,0.04,0,0,0,0,0,0,0,0.01,0.01,0.02,0.01,0,0,0,0.04,0.01,0,0,0,0,0,0,0,0,0,0.01,0,0,0,0,0,0,0,0,0,0,0,0,0.018,0.041,0.022,0.0115
28115,0,0,0,0,0.05,0.35,0.6,0.54,0.26,0.01,0,0,0,0,0,0,0,0,0,0.02,0,0,0,0,0.14,0.04,0.01,0,0,0,0,0,0,0,0.01,0.05,0,0,0,0,0,0,0,0,0,0,0,0,0.00948,0,0.0629,0.0292
28117,0,0,0,0,0.04,0.34,0.56,0.5,0.23,0.01,0,0,0,0,0,0,0,0,0,0.03,0,0,0,0,0.16,0.05,0.01,0,0,0,0,0,0,0,0.01,0.06,0,0,0,0,0,0,0,0,0,0,0,0,0,0,0.0542,0.0323
28119,0,0,0,0,0.09,0.46,0.68,0.61,0.31,0.04,0,0,0,0,0,0,0,0,0,0.03,0.01,0,0,0,0.09,0.02,0.01,0,0,0,0,0,0,0,0,0.03,0,0,0,0,0,0,0,0,0,0,0,0,0.0488,0.014,0.0826,0.0224
28121,0,0,0,0,0.07,0.47,0.72,0.67,0.35,0.03,0,0,0,0,0,0,0,0,0.01,0.02,0.01,0,0,0,0.05,0.01,0,0,0,0,0,0,0,0,0,0.02,0,0,0,0,0,0,0,0,0,0,0,0,0.03,0.0156,0.0336,0.0176
28123,0,0,0,0,0.06,0.43,0.67,0.63,0.31,0.03,0,0,0,0,0,0,0,0,0.01,0.02,0,0,0,0,0.07,0.01,0,0,0,0,0,0,0,0,0,0.02,0,0,0,0,0,0,0,0,0,0,0,0,0.0256,0.146,0.033,0.0192
28125,0,0,0,0,0.11,0.55,0.76,0.72,0.43,0.05,0,0,0,0,0,0,0,0,0.01,0.03,0.01,0,0,0,0.05,0.01,0,0,0,0,0,0,0,0,0,0.01,0,0,0,0,0,0,0,0,0,0,0,0,0.0443,0.0137,0.0607,0.0199
28127,0,0,0,0,0.09,0.5,0.72,0.68,0.34,0.03,0,0,0,0,0,0,0,0,0.01,0.03,0.01,0,0,0,0.05,0.01,0,0,0,0,0,0,0,0,0,0.01,0,0,0,0,0,0,0,0,0,0,0,0,0.0428,0.0415,0.0267,0.0152
28129,0,0,0,0,0.09,0.5,0.71,0.66,0.35,0.04,0,0,0,0,0,0,0,0,0.01,0.02,0,0,0,0,0.06,0.01,0,0,0,0,0,0,0,0,0,0.02,0,0,0,0,0,0,0,0,0,0,0,0,0.0383,0.15,0.0254,0.0162
28131,0,0,0,0,0.11,0.49,0.68,0.66,0.3,0.02,0,0,0,0,0,0,0,0,0.01,0.01,0,0,0,0,0.03,0,0,0,0,0,0,0,0,0,0,0.01,0,0,0,0,0,0,0,0,0,0,0,0,0.00806,0.000381,0.0137,0.00932
28133,0,0,0,0,0.1,0.49,0.7,0.65,0.37,0.05,0,0,0,0,0,0,0,0,0,0.03,0.01,0,0,0,0.07,0.01,0,0,0,0,0,0,0,0,0,0.02,0,0,0,0,0,0,0,0,0,0,0,0,0.0987,0.00204,0.0773,0.0222
28135,0,0,0,0,0.09,0.45,0.68,0.62,0.33,0.04,0,0,0,0,0,0,0,0,0,0.03,0.01,0,0,0,0.08,0.01,0.01,0,0,0,0,0,0,0,0,0.02,0,0,0,0,0,0,0,0,0,0,0,0,0.049,0.00872,0.0784,0.0236
28137,0,0,0,0,0.07,0.42,0.64,0.56,0.27,0.02,0,0,0,0,0,0,0,0,0.01,0.03,0,0,0,0,0.12,0.03,0.01,0,0,0,0,0,0,0,0,0.04,0,0,0,0,0,0,0,0,0,0,0,0,0.0251,0.0215,0.0798,0.0239
28139,0,0,0,0,0.03,0.29,0.53,0.48,0.21,0.01,0,0,0,0,0,0,0,0,0,0.02,0,0,0,0,0.17,0.06,0.01,0,0,0,0,0,0,0,0.01,0.07,0,0,0,0,0,0,0,0,0,0,0,0,0.0247,0.00623,0.0622,0.0307
28141,0,0,0,0,0.03,0.31,0.54,0.47,0.21,0.01,0,0,0,0,0,0,0,0,0,0.02,0,0,0,0,0.17,0.06,0.01,0,0,0,0,0,0,0,0.01,0.07,0,0,0,0,0,0,0,0,0,0,0,0,,,0.0485,0.0338
28143,0,0,0,0,0.09,0.46,0.66,0.58,0.28,0.03,0,0,0,0,0,0,0,0,0.01,0.03,0,0,0,0,0.09,0.02,0.01,0,0,0,0,0,0,0,0,0.04,0,0,0,0,0,0,0,0,0,0,0,0,0.0203,0.00974,0.0853,0.0215
28145,0,0,0,0,0.05,0.34,0.59,0.53,0.25,0.01,0,0,0,0,0,0,0,0,0,0.03,0,0,0,0,0.15,0.04,0.01,0,0,0,0,0,0,0,0.01,0.05,0,0,0,0,0,0,0,0,0,0,0,0,0.0358,0.0169,0.0633,0.0296
28147,0,0,0,0,0.13,0.53,0.71,0.68,0.34,0.03,0,0,0,0,0,0,0,0.01,0.01,0.01,0,0,0,0,0.04,0.01,0,0,0,0,0,0,0,0,0,0.01,0,0,0,0,0,0,0,0,0,0,0,0,0.0145,0.127,0.0201,0.0114
28149,0,0,0,0,0.09,0.53,0.74,0.74,0.41,0.05,0,0,0,0,0,0,0,0,0.01,0.03,0.01,0,0,0,0.04,0.01,0,0,0,0,0,0,0,0,0,0,0,0,0,0,0,0,0,0,0,0,0,0,0.0526,0.00931,0.0449,0.0172
28151,0,0,0,0,0.11,0.54,0.73,0.69,0.39,0.04,0,0,0,0,0,0,0,0,0.01,0.03,0.01,0,0,0,0.06,0.01,0,0,0,0,0,0,0,0,0,0.01,0,0,0,0,0,0,0,0,0,0,0,0,0.174,0.0094,0.0727,0.0206
28153,0,0,0,0,0.13,0.53,0.71,0.67,0.33,0.02,0,0,0,0,0,0,0,0,0.01,0.02,0,0,0,0,0.04,0.01,0,0,0,0,0,0,0,0,0,0.01,0,0,0,0,0,0,0,0,0,0,0,0,0.0212,0.00199,0.0178,0.0139
28155,0,0,0,0,0.05,0.37,0.61,0.58,0.29,0.02,0,0,0,0,0,0,0,0,0,0.02,0,0,0,0,0.12,0.03,0.01,0,0,0,0,0,0,0,0,0.04,0,0,0,0,0,0,0,0,0,0,0,0,0.0172,0.0104,0.0605,0.0275
28157,0,0,0,0,0.12,0.52,0.72,0.73,0.38,0.03,0,0,0,0,0,0,0,0,0.01,0.02,0.01,0,0,0,0.03,0,0,0,0,0,0,0,0,0,0,0,0,0,0,0,0,0,0,0,0,0,0,0,0.0253,0.00225,0.028,0.0126
28159,0,0,0,0,0.06,0.38,0.62,0.57,0.27,0.01,0,0,0,0,0,0,0,0,0.01,0.02,0,0,0,0,0.09,0.02,0,0,0,0,0,0,0,0,0,0.03,0,0,0,0,0,0,0,0,0,0,0,0,0.00595,0.331,0.0447,0.0256
28161,0,0,0,0,0.06,0.4,0.64,0.6,0.29,0.02,0,0,0,0,0,0,0,0,0.01,0.02,0,0,0,0,0.12,0.03,0.01,0,0,0,0,0,0,0,0.01,0.04,0,0,0,0,0,0,0,0,0,0,0,0,0.00864,0.00589,0.0729,0.0257
28163,0,0,0,0,0.08,0.49,0.71,0.69,0.39,0.04,0,0,0,0,0,0,0,0,0,0.03,0.01,0,0,0,0.05,0.01,0,0,0,0,0,0,0,0,0,0.01,0,0,0,0,0,0,0,0,0,0,0,0,0.0437,0.0159,0.0518,0.0203
29001,0,0,0,0,0.01,0.1,0.28,0.21,0.06,0,0,0,0,0,0,0,0,0,0.01,0.01,0,0,0,0,0.55,0.42,0.14,0.01,0,0,0,0,0,0,0.12,0.39,0.11,0.06,0.01,0,0,0,0,0,0,0,0,0.04,0.0206,0.141,0.0455,0.024
29003,0,0,0,0,0.02,0.16,0.31,0.25,0.08,0,0,0,0,0,0,0,0,0,0.01,0.01,0,0,0,0,0.56,0.41,0.11,0.01,0,0,0,0,0,0,0.12,0.38,0.09,0.04,0.01,0,0,0,0,0,0,0,0,0.04,0.0552,0.0312,0.057,0.0231
29005,0,0,0,0,0.03,0.18,0.3,0.23,0.09,0,0,0,0,0,0,0,0,0,0.01,0.01,0,0,0,0,0.59,0.45,0.13,0.01,0,0,0,0,0,0,0.14,0.43,0.12,0.06,0.01,0,0,0,0,0,0,0,0,0.05,0,0.0162,0.0538,0.0216
29007,0,0,0,0,0.01,0.14,0.33,0.26,0.08,0,0,0,0,0,0,0,0,0,0.02,0.01,0,0,0,0,0.47,0.33,0.09,0,0,0,0,0,0,0,0.08,0.29,0.07,0.02,0.01,0,0,0,0,0,0,0,0,0.02,0.063,0.046,0.0697,0.0275
29009,0,0,0,0,0.01,0.11,0.42,0.4,0.11,0,0,0,0,0,0,0,0,0,0.02,0.02,0.01,0,0,0,0.3,0.19,0.05,0,0,0,0,0,0,0,0.05,0.18,0.02,0.01,0,0,0,0,0,0,0,0,0,0,0.0287,0.00341,0.073,0.0236
29011,0,0,0,0,0.02,0.2,0.51,0.47,0.12,0,0,0,0,0,0,0,0,0,0.03,0.04,0.01,0,0,0,0.32,0.2,0.05,0,0,0,0,0,0,0,0.04,0.19,0.02,0.01,0,0,0,0,0,0,0,0,0,0,0.0891,0.0323,0.0686,0.0239
29013,0,0,0,0,0.02,0.2,0.46,0.42,0.11,0,0,0,0,0,0,0,0,0,0.03,0.04,0.01,0,0,0,0.38,0.24,0.06,0,0,0,0,0,0,0,0.06,0.23,0.03,0.01,0,0,0,0,0,0,0,0,0,0.01,0.0242,0.074,0.0704,0.0255
29015,0,0,0,0,0.01,0.18,0.41,0.38,0.1,0,0,0,0,0,0,0,0,0,0.03,0.03,0,0,0,0,0.41,0.27,0.07,0,0,0,0,0,0,0,0.07,0.25,0.03,0.02,0,0,0,0,0,0,0,0,0,0.01,0.0293,0.0687,0.0751,0.0278
29017,0,0,0,0,0.03,0.26,0.45,0.35,0.12,0,0,0,0,0,0,0,0,0,0.01,0.01,0,0,0,0,0.33,0.2,0.04,0,0,0,0,0,0,0,0.04,0.19,0.02,0.01,0,0,0,0,0,0,0,0,0,0,0.0289,0.0811,0.0734,0.0304
29019,0,0,0,0,0.02,0.17,0.37,0.31,0.08,0,0,0,0,0,0,0,0,0,0.02,0.02,0,0,0,0,0.45,0.31,0.08,0,0,0,0,0,0,0,0.07,0.26,0.05,0.02,0,0,0,0,0,0,0,0,0,0.01,0.0112,0.00534,0.0741,0.0279
29021,0,0,0,0,0.03,0.18,0.35,0.3,0.09,0,0,0,0,0,0,0,0,0,0.02,0.02,0,0,0,0,0.5,0.38,0.09,0.01,0,0,0,0,0,0,0.09,0.34,0.08,0.03,0.01,0,0,0,0,0,0,0,0,0.03,0.0111,0.0293,0.0625,0.0239
29023,0,0,0,0,0.05,0.35,0.54,0.43,0.16,0.01,0,0,0,0,0,0,0,0,0.01,0.01,0,0,0,0,0.25,0.13,0.02,0,0,0,0,0,0,0,0.02,0.12,0.01,0,0,0,0,0,0,0,0,0,0,0,0.0386,0.00748,0.0811,0.0274
29025,0,0,0,0,0.01,0.16,0.35,0.27,0.08,0,0,0,0,0,0,0,0,0,0.02,0.02,0,0,0,0,0.51,0.38,0.11,0.01,0,0,0,0,0,0,0.1,0.35,0.08,0.04,0.01,0,0,0,0,0,0,0,0,0.03,0.0212,0.0384,0.0597,0.0248
29027,0,0,0,0,0.02,0.17,0.38,0.32,0.1,0,0,0,0,0,0,0,0,0,0.03,0.02,0,0,0,0,0.44,0.3,0.08,0,0,0,0,0,0,0,0.07,0.26,0.05,0.02,0,0,0,0,0,0,0,0,0,0.01,0.0578,0.301,0.0761,0.0286
29029,0,0,0,0,0.02,0.18,0.44,0.39,0.11,0,0,0,0,0,0,0,0,0,0.03,0.02,0,0,0,0,0.36,0.24,0.06,0,0,0,0,0,0,0,0.06,0.21,0.03,0.01,0,0,0,0,0,0,0,0,0,0,0.0537,0.158,0.0772,0.0287
29031,0,0,0,0,0.04,0.3,0.48,0.36,0.14,0,0,0,0,0,0,0,0,0,0.01,0.01,0,0,0,0,0.31,0.18,0.04,0,0,0,0,0,0,0,0.03,0.16,0.01,0.01,0,0,0,0,0,0,0,0,0,0,0.0433,0.0827,0.0679,0.0315
29033,0,0,0,0,0.02,0.17,0.36,0.29,0.09,0,0,0,0,0,0,0,0,0,0.02,0.02,0,0,0,0,0.47,0.33,0.09,0.01,0,0,0,0,0,0,0.08,0.31,0.07,0.03,0,0,0,0,0,0,0,0,0,0.02,0.04,0.0425,0.0647,0.0257
29035,0,0,0,0,0.03,0.21,0.5,0.41,0.11,0.01,0,0,0,0,0,0,0,0,0.02,0.02,0,0,0,0,0.33,0.2,0.05,0,0,0,0,0,0,0,0.05,0.2,0.01,0.01,0,0,0,0,0,0,0,0,0,0,0.0265,0.00231,0.0845,0.027
29037,0,0,0,0,0.01,0.16,0.4,0.36,0.09,0,0,0,0,0,0,0,0,0,0.03,0.02,0.01,0,0,0,0.43,0.28,0.07,0,0,0,0,0,0,0,0.07,0.29,0.04,0.01,0,0,0,0,0,0,0,0,0,0.01,0.0265,0.0377,0.0708,0.0256
29039,0,0,0,0,0.02,0.2,0.48,0.43,0.12,0,0,0,0,0,0,0,0,0,0.04,0.03,0.01,0,0,0,0.34,0.22,0.05,0,0,0,0,0,0,0,0.05,0.19,0.03,0.01,0,0,0,0,0,0,0,0,0,0,0.0912,0.00597,0.0706,0.0261
29041,0,0,0,0,0.02,0.18,0.36,0.28,0.09,0.01,0,0,0,0,0,0,0,0,0.02,0.01,0,0,0,0,0.48,0.33,0.1,0.01,0,0,0,0,0,0,0.08,0.31,0.07,0.03,0,0,0,0,0,0,0,0,0,0.02,0.0215,0.0452,0.0632,0.0257
29043,0,0,0,0,0.01,0.12,0.4,0.37,0.09,0,0,0,0,0,0,0,0,0,0.02,0.02,0,0,0,0,0.35,0.23,0.06,0,0,0,0,0,0,0,0.05,0.2,0.02,0.01,0,0,0,0,0,0,0,0,0,0,0.0311,0.0236,0.0767,0.0259
29045,0,0,0,0,0.02,0.12,0.26,0.19,0.07,0,0,0,0,0,0,0,0,0,0.01,0,0,0,0,0,0.54,0.41,0.12,0.01,0,0,0,0,0,0,0.1,0.38,0.11,0.06,0.01,0,0,0,0,0,0,0,0,0.03,0.00224,0.00828,0.0383,0.0239
29047,0,0,0,0,0.02,0.18,0.36,0.31,0.09,0,0,0,0,0,0,0,0,0,0.02,0.02,0,0,0,0,0.47,0.33,0.08,0.01,0,0,0,0,0,0,0.08,0.3,0.06,0.02,0,0,0,0,0,0,0,0,0,0.01,0.0981,0.0189,0.0662,0.0251
29049,0,0,0,0,0.02,0.15,0.33,0.26,0.08,0,0,0,0,0,0,0,0,0,0.02,0.02,0,0,0,0,0.51,0.37,0.11,0.01,0,0,0,0,0,0,0.1,0.34,0.08,0.03,0.01,0,0,0,0,0,0,0,0,0.03,0.0243,0.0218,0.0615,0.0246
29051,0,0,0,0,0.02,0.2,0.42,0.35,0.11,0,0,0,0,0,0,0,0,0,0.03,0.02,0,0,0,0,0.38,0.26,0.06,0,0,0,0,0,0,0,0.05,0.22,0.03,0.01,0,0,0,0,0,0,0,0,0,0,0.00985,0.0528,0.0786,0.029
29053,0,0,0,0,0.02,0.18,0.38,0.32,0.09,0,0,0,0,0,0,0,0,0,0.03,0.02,0,0,0,0,0.43,0.29,0.08,0,0,0,0,0,0,0,0.07,0.25,0.05,0.02,0,0,0,0,0,0,0,0,0,0.01,0.033,0.0549,0.0755,0.0279
29055,0,0,0,0,0.02,0.16,0.43,0.34,0.09,0,0,0,0,0,0,0,0,0,0.02,0.01,0,0,0,0,0.43,0.31,0.09,0,0,0,0,0,0,0,0.08,0.26,0.05,0.02,0,0,0,0,0,0,0,0,0,0.01,0.123,0.00308,0.0796,0.0299
29057,0,0,0,0,0.02,0.19,0.48,0.44,0.12,0,0,0,0,0,0,0,0,0,0.03,0.02,0.01,0,0,0,0.34,0.21,0.05,0,0,0,0,0,0,0,0.05,0.19,0.03,0.01,0,0,0,0,0,0,0,0,0,0,0.12,0,0.0707,0.0256
29059,0,0,0,0,0.01,0.14,0.41,0.36,0.09,0,0,0,0,0,0,0,0,0,0.02,0.02,0,0,0,0,0.39,0.25,0.07,0,0,0,0,0,0,0,0.06,0.22,0.03,0.01,0,0,0,0,0,0,0,0,0,0,0.0316,0.00509,0.0757,0.0279
29061,0,0,0,0,0.01,0.15,0.34,0.26,0.08,0,0,0,0,0,0,0,0,0,0.02,0.02,0,0,0,0,0.55,0.42,0.12,0.01,0,0,0,0,0,0,0.11,0.37,0.09,0.05,0.01,0,0,0,0,0,0,0,0,0.03,0.0322,0.0662,0.0529,0.0241
29063,0,0,0,0,0.01,0.15,0.34,0.24,0.08,0,0,0,0,0,0,0,0,0,0.02,0.02,0,0,0,0,0.54,0.41,0.11,0.01,0,0,0,0,0,0,0.12,0.37,0.09,0.04,0.01,0,0,0,0,0,0,0,0,0.04,0.0135,0.0201,0.0561,0.0239
29065,0,0,0,0,0.01,0.1,0.38,0.31,0.06,0,0,0,0,0,0,0,0,0,0.01,0.01,0,0,0,0,0.4,0.27,0.08,0,0,0,0,0,0,0,0.07,0.25,0.04,0.01,0,0,0,0,0,0,0,0,0,0.01,0.0433,0.073,0.0822,0.0292
29067,0,0,0,0,0.01,0.11,0.4,0.37,0.09,0,0,0,0,0,0,0,0,0,0.01,0.02,0,0,0,0,0.35,0.21,0.06,0,0,0,0,0,0,0,0.06,0.19,0.02,0.01,0,0,0,0,0,0,0,0,0,0,0.0132,0.00149,0.0823,0.0264
29069,0,0,0,0,0.06,0.41,0.56,0.44,0.19,0.01,0,0,0,0,0,0,0,0,0.01,0.01,0,0,0,0,0.17,0.08,0.02,0,0,0,0,0,0,0,0.01,0.08,0,0,0,0,0,0,0,0,0,0,0,0,0.0586,0,0.0791,0.027
29071,0,0,0,0.01,0.02,0.21,0.43,0.34,0.11,0.01,0,0,0,0,0,0,0,0,0.02,0.01,0,0,0,0,0.42,0.29,0.08,0,0,0,0,0,0,0,0.07,0.24,0.04,0.02,0,0,0,0,0,0,0,0,0,0,0.0767,0.0224,0.0764,0.03
29073,0,0,0,0,0.02,0.18,0.42,0.33,0.11,0.01,0,0,0,0,0,0,0,0,0.02,0.02,0,0,0,0,0.43,0.29,0.09,0,0,0,0,0,0,0,0.07,0.25,0.05,0.02,0,0,0,0,0,0,0,0,0,0,0.0289,0.0279,0.0781,0.0298
29075,0,0,0,0,0.01,0.14,0.3,0.22,0.07,0,0,0,0,0,0,0,0,0,0.01,0.01,0,0,0,0,0.58,0.43,0.13,0.01,0,0,0,0,0,0,0.13,0.4,0.11,0.06,0.01,0,0,0,0,0,0,0,0,0.04,0.00744,0.0459,0.0501,0.0232
29077,0,0,0,0,0.01,0.14,0.41,0.39,0.09,0,0,0,0,0,0,0,0,0,0.02,0.02,0.01,0,0,0,0.36,0.24,0.06,0,0,0,0,0,0,0,0.07,0.22,0.03,0.01,0,0,0,0,0,0,0,0,0,0,0.00762,0.00596,0.0744,0.0265
29079,0,0,0,0,0.02,0.15,0.33,0.23,0.07,0,0,0,0,0,0,0,0,0,0.02,0.01,0,0,0,0,0.55,0.41,0.12,0.01,0,0,0,0,0,0,0.11,0.38,0.1,0.06,0.01,0,0,0,0,0,0,0,0,0.04,0.00732,0.0367,0.0484,0.0239
29081,0,0,0,0,0.01,0.12,0.29,0.2,0.06,0,0,0,0,0,0,0,0,0,0.01,0.01,0,0,0,0,0.59,0.45,0.15,0.01,0,0,0,0,0,0,0.13,0.41,0.12,0.07,0.01,0,0,0,0,0,0,0,0,0.05,0.0319,0.0519,0.0447,0.0233
29083,0,0,0,0,0.01,0.19,0.44,0.39,0.11,0,0,0,0,0,0,0,0,0,0.03,0.03,0.01,0,0,0,0.4,0.26,0.07,0,0,0,0,0,0,0,0.06,0.24,0.03,0.01,0,0,0,0,0,0,0,0,0,0.01,0.0165,0.0295,0.0728,0.0268
29085,0,0,0,0,0.02,0.17,0.43,0.38,0.1,0,0,0,0,0,0,0,0,0,0.03,0.02,0.01,0,0,0,0.38,0.25,0.07,0,0,0,0,0,0,0,0.06,0.22,0.03,0.01,0,0,0,0,0,0,0,0,0,0.01,0.087,0.00779,0.074,0.0275
29087,0,0,0,0,0.03,0.18,0.34,0.25,0.09,0.01,0,0,0,0,0,0,0,0,0.01,0.01,0,0,0,0,0.57,0.42,0.11,0.01,0,0,0,0,0,0,0.12,0.39,0.1,0.05,0.01,0,0,0,0,0,0,0,0,0.04,0.00161,0.0368,0.0579,0.0223
29089,0,0,0,0,0.02,0.18,0.36,0.3,0.09,0,0,0,0,0,0,0,0,0,0.02,0.02,0,0,0,0,0.45,0.31,0.09,0,0,0,0,0,0,0,0.08,0.27,0.06,0.03,0,0,0,0,0,0,0,0,0,0.01,0.0583,0.064,0.0713,0.0271
29091,0,0,0,0,0.01,0.14,0.43,0.38,0.09,0,0,0,0,0,0,0,0,0,0.01,0.02,0,0,0,0,0.34,0.2,0.05,0,0,0,0,0,0,0,0.05,0.19,0.02,0.01,0,0,0,0,0,0,0,0,0,0,0.00926,0.00328,0.0862,0.0259
29093,0,0,0,0,0.01,0.12,0.36,0.29,0.07,0,0,0,0,0,0,0,0,0,0.01,0.01,0,0,0,0,0.41,0.29,0.09,0,0,0,0,0,0,0,0.08,0.27,0.04,0.01,0,0,0,0,0,0,0,0,0,0,0.0107,0.213,0.0789,0.0295
29095,0,0,0,0,0.01,0.16,0.37,0.34,0.09,0,0,0,0,0,0,0,0,0,0.02,0.02,0,0,0,0,0.45,0.32,0.08,0,0,0,0,0,0,0,0.07,0.29,0.05,0.02,0,0,0,0,0,0,0,0,0,0.01,0.0735,0.0137,0.0694,0.0256
29097,0,0,0,0,0.01,0.21,0.52,0.48,0.14,0,0,0,0,0,0,0,0,0,0.03,0.04,0.01,0,0,0,0.3,0.19,0.04,0,0,0,0,0,0,0,0.04,0.18,0.02,0.01,0,0,0,0,0,0,0,0,0,0,0.255,0.0901,0.0691,0.0231
29099,0,0,0,0,0.03,0.24,0.44,0.34,0.12,0,0,0,0,0,0,0,0,0,0.02,0.01,0,0,0,0,0.38,0.25,0.06,0,0,0,0,0,0,0,0.06,0.21,0.03,0.01,0,0,0,0,0,0,0,0,0,0,0.117,0.0104,0.0737,0.0301
29101,0,0,0,0,0.01,0.17,0.4,0.36,0.1,0,0,0,0,0,0,0,0,0,0.02,0.03,0,0,0,0,0.43,0.3,0.08,0,0,0,0,0,0,0,0.07,0.28,0.04,0.02,0,0,0,0,0,0,0,0,0,0.01,0.00472,0.0353,0.0725,0.0267
29103,0,0,0,0,0.01,0.12,0.28,0.22,0.07,0,0,0,0,0,0,0,0,0,0.01,0,0,0,0,0,0.55,0.4,0.12,0.01,0,0,0,0,0,0,0.11,0.36,0.11,0.06,0.01,0,0,0,0,0,0,0,0,0.04,0.0041,0.0729,0.0467,0.0244
29105,0,0,0,0,0.01,0.11,0.39,0.34,0.07,0,0,0,0,0,0,0,0,0,0.02,0.01,0,0,0,0,0.37,0.23,0.07,0,0,0,0,0,0,0,0.06,0.21,0.03,0.01,0,0,0,0,0,0,0,0,0,0,0.0759,0.0178,0.0786,0.0286
29107,0,0,0,0,0.01,0.17,0.38,0.33,0.09,0,0,0,0,0,0,0,0,0,0.02,0.02,0,0,0,0,0.44,0.31,0.08,0,0,0,0,0,0,0,0.08,0.29,0.05,0.02,0,0,0,0,0,0,0,0,0,0.01,0.0651,0.0382,0.0702,0.0264
29109,0,0,0,0,0.01,0.14,0.44,0.41,0.11,0,0,0,0,0,0,0,0,0,0.03,0.02,0.01,0,0,0,0.33,0.21,0.05,0,0,0,0,0,0,0,0.05,0.2,0.02,0.01,0,0,0,0,0,0,0,0,0,0,0.134,0.00189,0.0716,0.0248
29111,0,0,0,0,0.02,0.13,0.28,0.21,0.08,0,0,0,0,0,0,0,0,0,0.02,0.01,0,0,0,0,0.53,0.38,0.11,0.01,0,0,0,0,0,0,0.1,0.35,0.09,0.05,0.01,0,0,0,0,0,0,0,0,0.03,0.00652,0.0854,0.0475,0.0246
29113,0,0,0,0,0.02,0.19,0.36,0.29,0.11,0.01,0,0,0,0,0,0,0,0,0.02,0.01,0,0,0,0,0.45,0.32,0.09,0,0,0,0,0,0,0,0.07,0.26,0.05,0.02,0,0,0,0,0,0,0,0,0,0.01,0.154,0.0256,0.0693,0.0285
29115,0,0,0,0,0.01,0.14,0.32,0.24,0.07,0,0,0,0,0,0,0,0,0,0.01,0.01,0,0,0,0,0.52,0.37,0.12,0.01,0,0,0,0,0,0,0.1,0.35,0.09,0.05,0.01,0,0,0,0,0,0,0,0,0.03,0.0454,0.0395,0.0544,0.0246
29117,0,0,0,0,0.02,0.18,0.36,0.27,0.08,0,0,0,0,0,0,0,0,0,0.02,0.02,0,0,0,0,0.5,0.37,0.11,0.01,0,0,0,0,0,0,0.09,0.34,0.08,0.04,0.01,0,0,0,0,0,0,0,0,0.03,0.0138,0.0412,0.0566,0.0247
29119,0,0,0,0,0.01,0.18,0.52,0.48,0.15,0,0,0,0,0,0,0,0,0,0.03,0.03,0.01,0,0,0,0.28,0.18,0.04,0,0,0,0,0,0,0,0.04,0.17,0.01,0.01,0,0,0,0,0,0,0,0,0,0,0.393,0,0.0712,0.0215
29121,0,0,0,0,0.01,0.12,0.3,0.24,0.07,0,0,0,0,0,0,0,0,0,0.01,0.01,0,0,0,0,0.52,0.37,0.11,0.01,0,0,0,0,0,0,0.1,0.35,0.09,0.05,0.01,0,0,0,0,0,0,0,0,0.03,0.00511,0.275,0.0553,0.025
29123,0,0,0,0,0.01,0.17,0.38,0.32,0.08,0,0,0,0,0,0,0,0,0,0.01,0.01,0,0,0,0,0.39,0.25,0.08,0,0,0,0,0,0,0,0.07,0.24,0.03,0.01,0,0,0,0,0,0,0,0,0,0,0.0257,0.273,0.0765,0.0298
29125,0,0,0,0,0.02,0.16,0.43,0.36,0.1,0.01,0,0,0,0,0,0,0,0,0.02,0.02,0,0,0,0,0.38,0.25,0.06,0,0,0,0,0,0,0,0.06,0.21,0.04,0.01,0,0,0,0,0,0,0,0,0,0,0.042,0.031,0.0793,0.0297
29127,0,0,0,0,0.02,0.15,0.31,0.23,0.09,0,0,0,0,0,0,0,0,0,0.02,0.01,0,0,0,0,0.51,0.37,0.1,0.01,0,0,0,0,0,0,0.09,0.32,0.08,0.04,0.01,0,0,0,0,0,0,0,0,0.03,0.0294,0.0275,0.055,0.0255
29129,0,0,0,0,0.01,0.1,0.28,0.18,0.05,0,0,0,0,0,0,0,0,0,0.01,0.01,0,0,0,0,0.59,0.46,0.15,0.01,0,0,0,0,0,0,0.13,0.42,0.13,0.07,0.01,0,0,0,0,0,0,0,0,0.05,0.0371,0.0433,0.0411,0.0233
29131,0,0,0,0,0.02,0.19,0.44,0.39,0.11,0.01,0,0,0,0,0,0,0,0,0.03,0.03,0,0,0,0,0.36,0.23,0.06,0,0,0,0,0,0,0,0.05,0.2,0.03,0.01,0,0,0,0,0,0,0,0,0,0,0.078,0.0368,0.0785,0.0292
29133,0,0,0,0,0.04,0.3,0.48,0.38,0.14,0.01,0,0,0,0,0,0,0,0,0.01,0.01,0,0,0,0,0.22,0.12,0.02,0,0,0,0,0,0,0,0.02,0.12,0,0,0,0,0,0,0,0,0,0,0,0,0.00295,0.0174,0.0641,0.0335
29135,0,0,0,0,0.02,0.17,0.39,0.32,0.09,0,0,0,0,0,0,0,0,0,0.03,0.02,0,0,0,0,0.41,0.28,0.07,0,0,0,0,0,0,0,0.06,0.24,0.04,0.01,0,0,0,0,0,0,0,0,0,0.01,0.0623,0.0228,0.0776,0.0285
29137,0,0,0,0,0.01,0.14,0.32,0.24,0.09,0,0,0,0,0,0,0,0,0,0.01,0.01,0,0,0,0,0.5,0.35,0.1,0.01,0,0,0,0,0,0,0.09,0.31,0.08,0.04,0.01,0,0,0,0,0,0,0,0,0.02,0.021,0.0266,0.0636,0.0264
29139,0,0,0,0,0.01,0.17,0.37,0.29,0.1,0,0,0,0,0,0,0,0,0,0.02,0.01,0,0,0,0,0.46,0.32,0.09,0,0,0,0,0,0,0,0.07,0.28,0.06,0.02,0,0,0,0,0,0,0,0,0,0.01,0.127,0.0262,0.0737,0.0287
29141,0,0,0,0,0.02,0.17,0.4,0.35,0.1,0,0,0,0,0,0,0,0,0,0.02,0.02,0,0,0,0,0.41,0.28,0.07,0,0,0,0,0,0,0,0.07,0.25,0.04,0.01,0,0,0,0,0,0,0,0,0,0.01,0.0647,0.0715,0.0773,0.0284
29143,0,0,0,0,0.05,0.35,0.52,0.41,0.17,0.01,0,0,0,0,0,0,0,0,0.01,0.01,0,0,0,0,0.19,0.1,0.02,0,0,0,0,0,0,0,0.01,0.1,0,0,0,0,0,0,0,0,0,0,0,0,0.0264,0.00177,0.0714,0.031
29145,0,0,0,0,0.01,0.17,0.5,0.47,0.14,0,0,0,0,0,0,0,0,0,0.03,0.03,0.01,0,0,0,0.29,0.19,0.04,0,0,0,0,0,0,0,0.05,0.18,0.02,0.01,0,0,0,0,0,0,0,0,0,0,0.0974,0.0596,0.0701,0.0223
29147,0,0,0,0,0.02,0.13,0.28,0.21,0.07,0,0,0,0,0,0,0,0,0,0.01,0,0,0,0,0,0.6,0.45,0.13,0.01,0,0,0,0,0,0,0.14,0.42,0.13,0.06,0.01,0,0,0,0,0,0,0,0,0.05,0.0112,0.0481,0.0511,0.0222
29149,0,0,0,0,0.02,0.21,0.5,0.42,0.12,0,0,0,0,0,0,0,0,0,0.01,0.02,0,0,0,0,0.33,0.19,0.05,0,0,0,0,0,0,0,0.04,0.19,0.01,0.01,0,0,0,0,0,0,0,0,0,0,0.0171,0.00167,0.087,0.0255
29151,0,0,0,0,0.02,0.2,0.43,0.36,0.12,0.01,0,0,0,0,0,0,0,0,0.03,0.02,0,0,0,0,0.4,0.27,0.07,0,0,0,0,0,0,0,0.07,0.23,0.03,0.01,0,0,0,0,0,0,0,0,0,0,0.0538,0.0178,0.0787,0.0295
29153,0,0,0,0,0.01,0.16,0.48,0.43,0.12,0,0,0,0,0,0,0,0,0,0.02,0.02,0.01,0,0,0,0.32,0.18,0.05,0,0,0,0,0,0,0,0.04,0.17,0.01,0,0,0,0,0,0,0,0,0,0,0,0.0628,0.00371,0.084,0.0252
29155,0,0,0,0,0.05,0.39,0.54,0.43,0.19,0.01,0,0,0,0,0,0,0,0,0.01,0.01,0,0,0,0,0.17,0.07,0.02,0,0,0,0,0,0,0,0.01,0.08,0,0,0,0,0,0,0,0,0,0,0,0,0.0281,0,0.0749,0.029
29157,0,0,0,0,0.03,0.26,0.42,0.32,0.11,0,0,0,0,0,0,0,0,0,0.02,0.01,0,0,0,0,0.35,0.21,0.06,0,0,0,0,0,0,0,0.04,0.21,0.02,0.01,0,0,0,0,0,0,0,0,0,0,0.00629,0.217,0.068,0.031
29159,0,0,0,0,0.02,0.17,0.39,0.34,0.1,0,0,0,0,0,0,0,0,0,0.02,0.02,0,0,0,0,0.43,0.29,0.08,0,0,0,0,0,0,0,0.07,0.26,0.05,0.02,0,0,0,0,0,0,0,0,0,0.01,0.0191,0.156,0.075,0.0276
29161,0,0,0,0,0.02,0.15,0.43,0.36,0.09,0,0,0,0,0,0,0,0,0,0.02,0.02,0,0,0,0,0.38,0.25,0.07,0,0,0,0,0,0,0,0.07,0.22,0.04,0.01,0,0,0,0,0,0,0,0,0,0,0.013,0.00887,0.0806,0.0296
29163,0,0,0,0,0.01,0.17,0.32,0.25,0.09,0,0,0,0,0,0,0,0,0,0.01,0.01,0,0,0,0,0.47,0.33,0.09,0,0,0,0,0,0,0,0.08,0.27,0.06,0.02,0,0,0,0,0,0,0,0,0,0.01,0.1,0.0436,0.065,0.0273
29165,0,0,0,0,0.02,0.21,0.39,0.33,0.09,0,0,0,0,0,0,0,0,0,0.02,0.02,0,0,0,0,0.47,0.33,0.08,0,0,0,0,0,0,0,0.08,0.3,0.06,0.02,0,0,0,0,0,0,0,0,0,0.01,0.0246,0.0509,0.0662,0.0245
29167,0,0,0,0,0.01,0.18,0.45,0.41,0.11,0,0,0,0,0,0,0,0,0,0.03,0.02,0.01,0,0,0,0.37,0.24,0.07,0,0,0,0,0,0,0,0.06,0.22,0.03,0.01,0,0,0,0,0,0,0,0,0,0,0.0363,0.0188,0.0734,0.027
29169,0,0,0,0,0.02,0.15,0.43,0.37,0.1,0.01,0,0,0,0,0,0,0,0,0.02,0.02,0,0,0,0,0.37,0.23,0.06,0,0,0,0,0,0,0,0.05,0.2,0.03,0.01,0,0,0,0,0,0,0,0,0,0,0.0422,0.00229,0.0799,0.0293
29171,0,0,0,0,0.01,0.07,0.25,0.18,0.04,0,0,0,0,0,0,0,0,0,0.01,0.01,0,0,0,0,0.6,0.45,0.15,0.01,0,0,0,0,0,0,0.14,0.43,0.13,0.07,0.01,0,0,0,0,0,0,0,0,0.05,0,0.0726,0.0383,0.0234
29173,0,0,0,0,0.02,0.15,0.31,0.23,0.08,0,0,0,0,0,0,0,0,0,0.02,0.01,0,0,0,0,0.48,0.35,0.09,0.01,0,0,0,0,0,0,0.08,0.29,0.07,0.03,0.01,0,0,0,0,0,0,0,0,0.02,0.0367,0.0487,0.0613,0.0264
29175,0,0,0,0,0.01,0.13,0.32,0.27,0.09,0,0,0,0,0,0,0,0,0,0.01,0.01,0,0,0,0,0.49,0.34,0.1,0.01,0,0,0,0,0,0,0.08,0.3,0.07,0.03,0,0,0,0,0,0,0,0,0,0.02,0.0219,0.133,0.0652,0.0263
29177,0,0,0,0,0.01,0.16,0.35,0.29,0.08,0,0,0,0,0,0,0,0,0,0.02,0.02,0,0,0,0,0.47,0.33,0.09,0.01,0,0,0,0,0,0,0.08,0.32,0.06,0.02,0,0,0,0,0,0,0,0,0,0.02,0.0339,0.0366,0.0665,0.0257
29179,0,0,0,0,0.02,0.15,0.43,0.35,0.08,0,0,0,0,0,0,0,0,0,0.01,0.02,0,0,0,0,0.4,0.26,0.07,0,0,0,0,0,0,0,0.08,0.27,0.03,0.01,0,0,0,0,0,0,0,0,0,0,0.0194,0.193,0.0823,0.0286
29181,0,0,0,0,0.03,0.27,0.52,0.42,0.13,0.01,0,0,0,0,0,0,0,0,0.01,0.01,0,0,0,0,0.28,0.16,0.03,0,0,0,0,0,0,0,0.03,0.15,0,0,0,0,0,0,0,0,0,0,0,0,0.0221,0.000315,0.0854,0.0258
29183,0,0,0,0,0.03,0.23,0.42,0.32,0.12,0.01,0,0,0,0,0,0,0,0,0.02,0.01,0,0,0,0,0.4,0.28,0.07,0,0,0,0,0,0,0,0.06,0.22,0.04,0.01,0,0,0,0,0,0,0,0,0,0,0.317,0.0193,0.0708,0.0294
29185,0,0,0,0,0.02,0.2,0.47,0.42,0.11,0,0,0,0,0,0,0,0,0,0.03,0.03,0.01,0,0,0,0.36,0.23,0.06,0,0,0,0,0,0,0,0.05,0.21,0.03,0.01,0,0,0,0,0,0,0,0,0,0.01,0.0431,0.0138,0.0716,0.0266
29186,0,0,0,0,0.02,0.21,0.4,0.31,0.1,0,0,0,0,0,0,0,0,0,0.01,0.01,0,0,0,0,0.37,0.23,0.06,0,0,0,0,0,0,0,0.06,0.22,0.03,0.01,0,0,0,0,0,0,0,0,0,0,0.0268,0.0684,0.072,0.0303
29187,0,0,0,0,0.01,0.14,0.36,0.29,0.08,0,0,0,0,0,0,0,0,0,0.01,0.01,0,0,0,0,0.4,0.27,0.08,0,0,0,0,0,0,0,0.08,0.25,0.03,0.01,0,0,0,0,0,0,0,0,0,0,0.0189,0.136,0.0758,0.03
29189,0,0,0,0,0.03,0.24,0.42,0.32,0.12,0.01,0,0,0,0,0,0,0,0,0.02,0.01,0,0,0,0,0.38,0.25,0.06,0,0,0,0,0,0,0,0.05,0.2,0.03,0.01,0,0,0,0,0,0,0,0,0,0,0.00855,0.00193,0.0699,0.0297
29195,0,0,0,0,0.02,0.18,0.37,0.31,0.09,0,0,0,0,0,0,0,0,0,0.02,0.02,0,0,0,0,0.45,0.31,0.08,0,0,0,0,0,0,0,0.08,0.28,0.06,0.02,0,0,0,0,0,0,0,0,0,0.01,0.0549,0.167,0.0707,0.0268
29197,0,0,0,0,0.01,0.09,0.26,0.18,0.06,0,0,0,0,0,0,0,0,0,0.01,0,0,0,0,0,0.58,0.44,0.15,0.01,0,0,0,0,0,0,0.13,0.41,0.13,0.07,0.01,0,0,0,0,0,0,0,0,0.04,0.0613,0.0744,0.0378,0.0236
29199,0,0,0,0,0.01,0.11,0.26,0.2,0.06,0,0,0,0,0,0,0,0,0,0.01,0,0,0,0,0,0.56,0.44,0.14,0.01,0,0,0,0,0,0,0.12,0.4,0.12,0.08,0.01,0,0,0,0,0,0,0,0,0.04,0.000847,0.104,0.0379,0.0238
29201,0,0,0,0,0.04,0.33,0.51,0.39,0.16,0.01,0,0,0,0,0,0,0,0,0.01,0.01,0,0,0,0,0.25,0.14,0.03,0,0,0,0,0,0,0,0.02,0.13,0.01,0,0,0,0,0,0,0,0,0,0,0,0.036,0.0393,0.0678,0.0321
29203,0,0,0,0,0.02,0.15,0.45,0.37,0.09,0,0,0,0,0,0,0,0,0,0.02,0.02,0,0,0,0,0.37,0.23,0.07,0,0,0,0,0,0,0,0.06,0.22,0.02,0.01,0,0,0,0,0,0,0,0,0,0,0.0234,0.0328,0.0847,0.0277
29205,0,0,0,0,0.01,0.13,0.3,0.22,0.08,0,0,0,0,0,0,0,0,0,0.01,0,0,0,0,0,0.53,0.38,0.11,0.01,0,0,0,0,0,0,0.1,0.35,0.09,0.05,0.01,0,0,0,0,0,0,0,0,0.03,0.0211,0.0278,0.056,0.0254
29207,0,0,0,0,0.05,0.36,0.53,0.41,0.16,0.01,0,0,0,0,0,0,0,0,0.02,0.01,0,0,0,0,0.23,0.13,0.02,0,0,0,0,0,0,0,0.02,0.12,0.01,0,0,0,0,0,0,0,0,0,0,0,0.0175,0.00146,0.0747,0.0299
29209,0,0,0,0,0.01,0.16,0.46,0.43,0.12,0,0,0,0,0,0,0,0,0,0.03,0.03,0.01,0,0,0,0.3,0.19,0.05,0,0,0,0,0,0,0,0.05,0.18,0.02,0.01,0,0,0,0,0,0,0,0,0,0,0.235,0.0624,0.0755,0.0248
29211,0,0,0,0,0.01,0.1,0.29,0.2,0.05,0,0,0,0,0,0,0,0,0,0.01,0.01,0,0,0,0,0.56,0.42,0.13,0.01,0,0,0,0,0,0,0.12,0.4,0.11,0.06,0.01,0,0,0,0,0,0,0,0,0.04,0,0.0291,0.0454,0.0238
29213,0,0,0,0,0.02,0.19,0.48,0.44,0.13,0,0,0,0,0,0,0,0,0.01,0.02,0.03,0.01,0,0,0,0.3,0.18,0.04,0,0,0,0,0,0,0,0.05,0.17,0.01,0,0,0,0,0,0,0,0,0,0,0,0.236,0.0366,0.0795,0.0249
29215,0,0,0,0,0.01,0.09,0.35,0.32,0.06,0,0,0,0,0,0,0,0,0,0.01,0.01,0,0,0,0,0.36,0.23,0.07,0,0,0,0,0,0,0,0.06,0.21,0.03,0.01,0,0,0,0,0,0,0,0,0,0,0.0153,0.0247,0.0834,0.0282
29217,0,0,0,0,0.02,0.21,0.49,0.46,0.12,0,0,0,0,0,0,0,0,0,0.03,0.04,0.01,0,0,0,0.34,0.22,0.05,0,0,0,0,0,0,0,0.05,0.19,0.02,0.01,0,0,0,0,0,0,0,0,0,0,0.14,0.0597,0.0689,0.0248
29219,0,0,0,0,0.01,0.19,0.39,0.31,0.11,0.01,0,0,0,0,0,0,0,0,0.02,0.01,0,0,0,0,0.44,0.3,0.09,0,0,0,0,0,0,0,0.07,0.25,0.05,0.02,0,0,0,0,0,0,0,0,0,0.01,0.0607,0.053,0.0745,0.0294
29221,0,0,0,0,0.01,0.15,0.4,0.31,0.09,0,0,0,0,0,0,0,0,0,0.02,0.01,0,0,0,0,0.42,0.3,0.09,0,0,0,0,0,0,0,0.08,0.25,0.04,0.02,0,0,0,0,0,0,0,0,0,0,0.111,0.0572,0.078,0.03
29223,0,0,0,0,0.04,0.25,0.49,0.38,0.12,0.01,0,0,0,0,0,0,0,0,0.02,0.01,0,0,0,0,0.34,0.2,0.05,0,0,0,0,0,0,0,0.05,0.19,0.02,0.01,0,0,0,0,0,0,0,0,0,0,0.0329,0.0593,0.0798,0.0286
29225,0,0,0,0,0,0.08,0.34,0.31,0.06,0,0,0,0,0,0,0,0,0,0.01,0.01,0,0,0,0,0.38,0.25,0.07,0,0,0,0,0,0,0,0.07,0.23,0.04,0.01,0,0,0,0,0,0,0,0,0,0,0.0216,0.0338,0.078,0.0273
29227,0,0,0,0,0.01,0.11,0.27,0.2,0.06,0,0,0,0,0,0,0,0,0,0.01,0,0,0,0,0,0.62,0.47,0.15,0.01,0,0,0,0,0,0,0.16,0.43,0.13,0.07,0.01,0,0,0,0,0,0,0,0,0.06,0.0248,0.131,0.0453,0.0226
29229,0,0,0,0,0,0.07,0.33,0.3,0.05,0,0,0,0,0,0,0,0,0,0.01,0.01,0,0,0,0,0.36,0.23,0.07,0,0,0,0,0,0,0,0.06,0.21,0.03,0.01,0,0,0,0,0,0,0,0,0,0,0.116,0.0272,0.081,0.0277
29510,0,0,0,0,0.04,0.26,0.44,0.32,0.12,0.01,0,0,0,0,0,0,0,0,0.02,0.01,0,0,0,0,0.36,0.23,0.06,0,0,0,0,0,0,0,0.04,0.19,0.03,0.01,0,0,0,0,0,0,0,0,0,0,0.195,0.00793,0.0678,0.0295
30001,0,0,0,0,0,0,0,0,0,0,0,0,0,0,0,0,0,0,0,0,0,0,0,0,0.78,0.77,0.51,0.26,0.03,0,0,0,0.01,0.13,0.53,0.81,0.1,0.1,0.02,0,0,0,0,0,0,0.01,0.04,0.1,0,0.136,0.0059,0.112
30003,0,0,0,0,0,0.05,0.3,0.26,0.05,0,0,0,0,0,0,0,0,0,0.01,0,0,0,0,0,0.65,0.57,0.3,0.07,0,0,0,0,0,0.07,0.34,0.65,0.17,0.15,0.04,0,0,0,0,0,0,0,0.04,0.12,0.135,0.0316,0.0208,0.101
30005,0,0,0,0,0,0.03,0.23,0.19,0.03,0,0,0,0,0,0,0,0,0,0.01,0,0,0,0,0,0.75,0.69,0.41,0.1,0,0,0,0,0,0.09,0.44,0.72,0.31,0.25,0.08,0.01,0,0,0,0,0,0.01,0.07,0.21,0,0.113,0.0113,0.119
30007,0,0,0,0,0,0.01,0.08,0.05,0,0,0,0,0,0,0,0,0,0,0,0,0,0,0,0,0.58,0.58,0.3,0.09,0,0,0,0,0,0.07,0.34,0.64,0.13,0.11,0.03,0,0,0,0,0,0,0.01,0.04,0.09,0.00352,0.135,0.00171,0.095
30009,0,0,0,0,0,0.01,0.07,0.02,0,0,0,0,0,0,0,0,0,0,0,0,0,0,0,0,0.64,0.6,0.33,0.11,0,0,0,0,0,0.07,0.35,0.63,0.12,0.11,0.03,0,0,0,0,0,0,0,0.03,0.1,0.00162,0.0989,0.0086,0.115
30011,0,0,0,0,0,0.05,0.32,0.24,0.07,0,0,0,0,0,0,0,0,0,0.02,0.01,0,0,0,0,0.77,0.67,0.38,0.11,0,0,0,0,0,0.08,0.44,0.78,0.26,0.23,0.06,0,0,0,0,0,0,0.01,0.06,0.18,,,0.0263,0.159
30013,0,0,0,0,0,0.01,0.12,0.09,0.01,0,0,0,0,0,0,0,0,0,0,0,0,0,0,0,0.56,0.56,0.32,0.08,0,0,0,0,0,0.07,0.3,0.55,0.17,0.15,0.04,0,0,0,0,0,0,0,0.05,0.12,0.00138,0.139,0.00176,0.093
30015,0,0,0,0,0,0.03,0.26,0.25,0.04,0,0,0,0,0,0,0,0,0,0.01,0,0,0,0,0,0.68,0.62,0.34,0.07,0,0,0,0,0,0.08,0.38,0.65,0.24,0.19,0.06,0,0,0,0,0,0,0.01,0.07,0.16,0.0197,0.129,0.00362,0.101
30017,0,0,0,0,0.01,0.08,0.43,0.41,0.11,0.01,0,0,0,0,0,0,0,0.01,0.06,0.03,0,0,0,0,0.75,0.62,0.33,0.07,0,0,0,0,0,0.07,0.4,0.74,0.28,0.23,0.06,0,0,0,0,0,0,0,0.06,0.18,0.247,0.0779,0.0303,0.119
30019,0,0,0,0,0.01,0.03,0.15,0.16,0.04,0,0,0,0,0,0,0,0,0,0.01,0,0,0,0,0,0.91,0.84,0.54,0.16,0.01,0,0,0,0,0.14,0.6,0.89,0.46,0.37,0.13,0.01,0,0,0,0,0,0.01,0.12,0.33,0,0.0228,0.0225,0.102
30021,0,0,0,0,0.01,0.05,0.3,0.31,0.08,0,0,0,0,0,0,0,0,0,0.03,0.02,0,0,0,0,0.81,0.71,0.42,0.11,0,0,0,0,0,0.08,0.46,0.76,0.35,0.28,0.09,0,0,0,0,0,0,0,0.07,0.23,0.00666,0.02,0.029,0.1
30023,0,0,0,0,0,0,0,0,0,0,0,0,0,0,0,0,0,0,0,0,0,0,0,0,0.68,0.73,0.49,0.24,0.02,0,0,0,0.01,0.12,0.5,0.76,0.11,0.1,0.03,0,0,0,0,0,0,0.01,0.05,0.09,0,0.185,0.00233,0.0914
30025,0,0,0,0,0,0.05,0.3,0.29,0.08,0,0,0,0,0,0,0,0,0,0.03,0.01,0,0,0,0,0.79,0.68,0.4,0.11,0,0,0,0,0,0.08,0.45,0.77,0.3,0.25,0.07,0,0,0,0,0,0,0,0.06,0.22,0.13,0.0911,0.0279,0.138
30027,0,0,0,0,0,0.02,0.2,0.16,0.03,0,0,0,0,0,0,0,0,0,0,0,0,0,0,0,0.64,0.58,0.31,0.08,0,0,0,0,0,0.08,0.36,0.63,0.21,0.18,0.05,0,0,0,0,0,0,0.01,0.05,0.14,0,0.0689,0.00919,0.099
30029,0,0,0,0,0,0,0.02,0,0,0,0,0,0,0,0,0,0,0,0,0,0,0,0,0,0.51,0.52,0.32,0.09,0,0,0,0,0,0.06,0.29,0.55,0.1,0.1,0.03,0,0,0,0,0,0,0.01,0.02,0.08,0,0.138,0.00351,0.0975
30031,0,0,0,0,0,0,0.03,0.01,0,0,0,0,0,0,0,0,0,0,0,0,0,0,0,0,0.71,0.72,0.45,0.18,0.01,0,0,0,0,0.1,0.46,0.77,0.14,0.11,0.03,0,0,0,0,0,0,0.01,0.05,0.12,0,0.0999,0.0022,0.109
30033,0,0,0,0,0.01,0.06,0.35,0.34,0.08,0,0,0,0,0,0,0,0,0,0.04,0.02,0,0,0,0,0.75,0.66,0.35,0.08,0,0,0,0,0,0.08,0.41,0.72,0.32,0.23,0.07,0,0,0,0,0,0,0,0.07,0.21,,,0.0256,0.0927
30035,0,0,0,0,0,0,0.02,0.01,0,0,0,0,0,0,0,0,0,0,0,0,0,0,0,0,0.58,0.59,0.4,0.12,0,0,0,0,0,0.11,0.35,0.59,0.21,0.18,0.09,0,0,0,0,0,0,0.01,0.07,0.16,,,0.00137,0.0984
30037,0,0,0,0,0,0.03,0.22,0.2,0.04,0,0,0,0,0,0,0,0,0,0.01,0,0,0,0,0,0.61,0.59,0.32,0.09,0.01,0,0,0,0,0.08,0.35,0.62,0.18,0.16,0.05,0,0,0,0,0,0,0.01,0.05,0.13,0.0173,0.043,0.00909,0.0989
30039,0,0,0,0,0,0,0.01,0,0,0,0,0,0,0,0,0,0,0,0,0,0,0,0,0,0.6,0.65,0.41,0.17,0.02,0,0,0,0,0.1,0.42,0.7,0.09,0.09,0.02,0,0,0,0,0,0,0.01,0.04,0.07,0,0.0725,0.00286,0.0903
30041,0,0,0,0,0,0.03,0.23,0.21,0.04,0,0,0,0,0,0,0,0,0,0.01,0.01,0,0,0,0,0.8,0.74,0.44,0.1,0.01,0,0,0,0,0.12,0.51,0.77,0.34,0.26,0.09,0.01,0,0,0,0,0,0.01,0.1,0.25,0.00873,0.174,0.00484,0.116
30043,0,0,0,0,0,0,0.02,0.01,0,0,0,0,0,0,0,0,0,0,0,0,0,0,0,0,0.6,0.63,0.35,0.13,0.01,0,0,0,0,0.09,0.39,0.68,0.11,0.11,0.03,0,0,0,0,0,0,0.01,0.04,0.09,0,0.0299,0.0013,0.0964
30045,0,0,0,0,0,0,0.05,0.04,0,0,0,0,0,0,0,0,0,0,0,0,0,0,0,0,0.62,0.62,0.38,0.13,0.01,0,0,0,0,0.09,0.38,0.62,0.17,0.14,0.05,0,0,0,0,0,0,0.01,0.05,0.12,0,0.129,0.00414,0.0944
30047,0,0,0,0,0,0.01,0.11,0.07,0.01,0,0,0,0,0,0,0,0,0,0,0,0,0,0,0,0.43,0.4,0.18,0.03,0,0,0,0,0,0.03,0.22,0.46,0.06,0.06,0.01,0,0,0,0,0,0,0,0.01,0.05,0.00145,0.133,0.00392,0.095
30049,0,0,0,0,0,0,0.03,0.01,0,0,0,0,0,0,0,0,0,0,0,0,0,0,0,0,0.55,0.6,0.34,0.11,0,0,0,0,0,0.07,0.32,0.59,0.14,0.13,0.05,0,0,0,0,0,0,0.01,0.04,0.11,0,0.029,0.0012,0.088
30051,0,0,0,0,0,0.02,0.18,0.16,0.02,0,0,0,0,0,0,0,0,0,0,0,0,0,0,0,0.77,0.7,0.43,0.1,0.01,0,0,0,0,0.12,0.48,0.74,0.29,0.24,0.09,0,0,0,0,0,0,0.01,0.09,0.21,0,0.238,0.00218,0.108
30053,0,0,0,0,0,0,0.05,0.03,0,0,0,0,0,0,0,0,0,0,0,0,0,0,0,0,0.46,0.45,0.24,0.05,0,0,0,0,0,0.04,0.25,0.51,0.08,0.07,0.01,0,0,0,0,0,0,0,0.01,0.05,0,0.0942,0.00513,0.101
30055,0,0,0,0,0.01,0.07,0.33,0.33,0.08,0,0,0,0,0,0,0,0,0,0.03,0.02,0,0,0,0,0.84,0.76,0.43,0.1,0,0,0,0,0,0.08,0.48,0.81,0.38,0.28,0.09,0,0,0,0,0,0,0,0.08,0.25,,,0.029,0.0921
30057,0,0,0,0,0,0,0.01,0,0,0,0,0,0,0,0,0,0,0,0,0,0,0,0,0,0.69,0.7,0.45,0.19,0.02,0,0,0,0,0.11,0.45,0.76,0.1,0.1,0.02,0,0,0,0,0,0,0.01,0.04,0.09,0,0.117,0.00185,0.112
30059,0,0,0,0,0,0,0.02,0.01,0,0,0,0,0,0,0,0,0,0,0,0,0,0,0,0,0.63,0.68,0.41,0.17,0.01,0,0,0,0.01,0.11,0.41,0.68,0.14,0.14,0.05,0,0,0,0,0,0,0.01,0.04,0.12,0,0.124,0.00264,0.0939
30061,0,0,0,0,0,0.01,0.07,0.03,0,0,0,0,0,0,0,0,0,0,0,0,0,0,0,0,0.41,0.38,0.2,0.04,0,0,0,0,0,0.04,0.22,0.47,0.05,0.04,0,0,0,0,0,0,0,0,0.01,0.04,0,0.114,0.00572,0.0964
30063,0,0,0,0,0,0,0.06,0.02,0,0,0,0,0,0,0,0,0,0,0,0,0,0,0,0,0.52,0.51,0.27,0.07,0,0,0,0,0,0.06,0.31,0.61,0.08,0.07,0.01,0,0,0,0,0,0,0.01,0.02,0.06,0,0.0226,0.00377,0.0925
30065,0,0,0,0,0.01,0.07,0.34,0.34,0.09,0,0,0,0,0,0,0,0,0,0.03,0.02,0,0,0,0,0.6,0.54,0.29,0.06,0,0,0,0,0,0.07,0.33,0.6,0.2,0.17,0.05,0,0,0,0,0,0,0,0.05,0.14,0.0406,0.0752,0.0138,0.0951
30067,0,0,0,0,0,0,0.01,0,0,0,0,0,0,0,0,0,0,0,0,0,0,0,0,0,0.68,0.72,0.48,0.22,0.03,0,0,0,0.01,0.12,0.46,0.74,0.11,0.12,0.04,0,0,0,0,0,0,0.01,0.05,0.1,0,0.0933,0.00328,0.112
30069,0,0,0,0,0.01,0.07,0.37,0.39,0.11,0.01,0,0,0,0,0,0,0,0,0.04,0.02,0,0,0,0,0.64,0.56,0.28,0.06,0,0,0,0,0,0.06,0.34,0.63,0.23,0.19,0.05,0,0,0,0,0,0,0,0.05,0.15,,,0.0156,0.0981
30071,0,0,0,0,0.01,0.04,0.29,0.28,0.06,0,0,0,0,0,0,0,0,0,0.02,0.01,0,0,0,0,0.79,0.71,0.4,0.08,0,0,0,0,0,0.08,0.44,0.77,0.33,0.26,0.09,0,0,0,0,0,0,0,0.08,0.22,0.0423,0.101,0.0181,0.113
30073,0,0,0,0,0,0.01,0.09,0.06,0,0,0,0,0,0,0,0,0,0,0,0,0,0,0,0,0.64,0.62,0.37,0.1,0,0,0,0,0,0.1,0.38,0.64,0.22,0.19,0.08,0,0,0,0,0,0,0.01,0.07,0.16,0.00783,0.156,0.000878,0.0956
30075,0,0,0,0,0.01,0.09,0.43,0.39,0.12,0,0,0,0,0,0,0,0,0.01,0.06,0.02,0,0,0,0,0.71,0.62,0.31,0.08,0,0,0,0,0,0.07,0.4,0.72,0.23,0.18,0.05,0,0,0,0,0,0,0,0.05,0.15,0.0572,0.145,0.0271,0.143
30077,0,0,0,0,0,0,0.02,0,0,0,0,0,0,0,0,0,0,0,0,0,0,0,0,0,0.61,0.66,0.39,0.14,0.01,0,0,0,0,0.09,0.4,0.69,0.12,0.13,0.04,0,0,0,0,0,0,0.01,0.04,0.11,0,0.102,0.00196,0.0884
30079,0,0,0,0,0.01,0.07,0.35,0.35,0.1,0,0,0,0,0,0,0,0,0,0.04,0.02,0,0,0,0,0.77,0.67,0.38,0.09,0,0,0,0,0,0.08,0.43,0.74,0.32,0.25,0.08,0,0,0,0,0,0,0,0.06,0.22,0.053,0.0298,0.031,0.102
30081,0,0,0,0,0,0,0.02,0,0,0,0,0,0,0,0,0,0,0,0,0,0,0,0,0,0.58,0.6,0.35,0.13,0.01,0,0,0,0,0.07,0.37,0.67,0.07,0.06,0.01,0,0,0,0,0,0,0,0.02,0.05,0,0.0188,0.00583,0.0929
30083,0,0,0,0,0.01,0.06,0.28,0.29,0.08,0,0,0,0,0,0,0,0,0,0.02,0.02,0,0,0,0,0.85,0.76,0.44,0.11,0,0,0,0,0,0.08,0.49,0.8,0.4,0.31,0.1,0,0,0,0,0,0,0,0.07,0.26,0.00171,0.0485,0.0252,0.0986
30085,0,0,0,0,0.01,0.05,0.23,0.26,0.06,0,0,0,0,0,0,0,0,0,0.01,0.01,0,0,0,0,0.89,0.8,0.48,0.13,0,0,0,0,0,0.09,0.54,0.85,0.43,0.34,0.11,0,0,0,0,0,0,0.01,0.09,0.29,0,0.24,0.0239,0.0967
30087,0,0,0,0,0.01,0.07,0.38,0.38,0.1,0,0,0,0,0,0,0,0,0,0.04,0.02,0,0,0,0,0.72,0.62,0.31,0.07,0,0,0,0,0,0.07,0.38,0.71,0.25,0.21,0.05,0,0,0,0,0,0,0,0.06,0.17,0,0.164,0.0282,0.0974
30089,0,0,0,0,0,0.01,0.1,0.07,0.01,0,0,0,0,0,0,0,0,0,0,0,0,0,0,0,0.41,0.37,0.19,0.03,0,0,0,0,0,0.03,0.21,0.46,0.06,0.04,0.01,0,0,0,0,0,0,0,0.01,0.04,0.00266,0.123,0.00537,0.098
30091,0,0,0,0,0.01,0.03,0.14,0.17,0.05,0,0,0,0,0,0,0,0,0,0.01,0.01,0,0,0,0,0.92,0.83,0.52,0.15,0,0,0,0,0,0.12,0.58,0.89,0.47,0.37,0.13,0.01,0,0,0,0,0,0.01,0.1,0.32,0.00606,0.0503,0.0202,0.0978
30093,0,0,0,0,0,0,0.01,0,0,0,0,0,0,0,0,0,0,0,0,0,0,0,0,0,0.65,0.68,0.41,0.18,0.01,0,0,0,0,0.1,0.46,0.74,0.11,0.1,0.02,0,0,0,0,0,0,0.01,0.05,0.08,0,0.129,0.00161,0.0967
30095,0,0,0,0,0,0.02,0.12,0.08,0.01,0,0,0,0,0,0,0,0,0,0,0,0,0,0,0,0.59,0.59,0.33,0.1,0,0,0,0,0,0.07,0.35,0.61,0.14,0.12,0.04,0,0,0,0,0,0,0.01,0.04,0.1,0,0.152,0.00732,0.109
30097,0,0,0,0,0,0.01,0.05,0.04,0,0,0,0,0,0,0,0,0,0,0,0,0,0,0,0,0.55,0.57,0.34,0.11,0.01,0,0,0,0,0.08,0.34,0.57,0.11,0.11,0.04,0,0,0,0,0,0,0.01,0.04,0.09,0,0.0692,0.00509,0.106
30099,0,0,0,0,0,0,0.06,0.04,0,0,0,0,0,0,0,0,0,0,0,0,0,0,0,0,0.58,0.59,0.36,0.1,0,0,0,0,0,0.09,0.34,0.6,0.19,0.17,0.07,0,0,0,0,0,0,0.01,0.05,0.15,0.00277,0.22,0.000978,0.0917
30101,0,0,0,0,0,0.02,0.16,0.15,0.02,0,0,0,0,0,0,0,0,0,0,0,0,0,0,0,0.72,0.65,0.41,0.1,0.01,0,0,0,0,0.12,0.45,0.7,0.26,0.21,0.09,0,0,0,0,0,0,0.01,0.09,0.2,,,0.00123,0.105
30103,0,0,0,0,0.01,0.08,0.39,0.38,0.1,0,0,0,0,0,0,0,0,0,0.04,0.01,0,0,0,0,0.67,0.57,0.29,0.06,0,0,0,0,0,0.06,0.36,0.66,0.23,0.18,0.05,0,0,0,0,0,0,0,0.05,0.15,,,0.0238,0.0917
30105,0,0,0,0,0,0.04,0.23,0.23,0.04,0,0,0,0,0,0,0,0,0,0.01,0.01,0,0,0,0,0.86,0.81,0.46,0.12,0,0,0,0,0,0.09,0.53,0.83,0.39,0.31,0.11,0,0,0,0,0,0,0.01,0.09,0.27,0.0431,0.195,0.0248,0.103
30107,0,0,0,0,0,0.01,0.11,0.08,0.01,0,0,0,0,0,0,0,0,0,0,0,0,0,0,0,0.6,0.63,0.36,0.12,0.01,0,0,0,0,0.1,0.37,0.63,0.15,0.14,0.05,0,0,0,0,0,0,0.01,0.05,0.12,0,0.105,0.00584,0.0967
30109,0,0,0,0,0.01,0.05,0.28,0.27,0.07,0,0,0,0,0,0,0,0,0,0.02,0.02,0,0,0,0,0.79,0.7,0.4,0.11,0,0,0,0,0,0.08,0.44,0.75,0.33,0.27,0.08,0,0,0,0,0,0,0,0.06,0.23,0.133,0,0.0277,0.116
30111,0,0,0,0,0,0.08,0.36,0.33,0.09,0,0,0,0,0,0,0,0,0,0.02,0.01,0,0,0,0,0.58,0.5,0.26,0.05,0,0,0,0,0,0.05,0.3,0.58,0.18,0.13,0.04,0,0,0,0,0,0,0,0.04,0.11,0.0274,0.0325,0.0149,0.096
31001,0,0,0,0,0.04,0.22,0.37,0.26,0.11,0.01,0,0,0,0,0,0,0,0.01,0.03,0,0,0,0,0,0.63,0.5,0.19,0.03,0,0,0,0,0,0.02,0.2,0.51,0.11,0.07,0.02,0,0,0,0,0,0,0,0,0.06,,,0.058,0.0235
31003,0,0,0,0,0.02,0.11,0.23,0.13,0.05,0,0,0,0,0,0,0,0,0,0.01,0,0,0,0,0,0.69,0.59,0.27,0.05,0,0,0,0,0,0.02,0.27,0.6,0.21,0.13,0.02,0,0,0,0,0,0,0,0.01,0.1,0,0.199,0.0363,0.0501
31005,0,0,0,0,0.02,0.15,0.39,0.27,0.1,0,0,0,0,0,0,0,0,0,0.02,0,0,0,0,0,0.63,0.52,0.23,0.06,0,0,0,0,0,0.05,0.28,0.61,0.11,0.08,0.02,0,0,0,0,0,0,0,0.01,0.08,,,0.0318,0.124
31007,0,0,0,0,0.01,0.14,0.43,0.28,0.07,0,0,0,0,0,0,0,0,0.01,0.02,0,0,0,0,0,0.58,0.52,0.24,0.07,0,0,0,0,0,0.05,0.31,0.59,0.08,0.05,0.01,0,0,0,0,0,0,0,0.02,0.08,,,0.0184,0.122
31009,0,0,0,0,0.02,0.13,0.37,0.24,0.08,0,0,0,0,0,0,0,0,0,0.03,0.01,0,0,0,0,0.67,0.57,0.25,0.05,0,0,0,0,0,0.03,0.3,0.64,0.16,0.1,0.02,0,0,0,0,0,0,0,0.02,0.09,,,0.0351,0.0706
31011,0,0,0,0,0.03,0.13,0.24,0.13,0.05,0,0,0,0,0,0,0,0,0,0.01,0,0,0,0,0,0.66,0.56,0.24,0.04,0,0,0,0,0,0.02,0.24,0.58,0.18,0.11,0.02,0,0,0,0,0,0,0,0.01,0.08,,,0.041,0.038
31013,0,0,0,0,0.01,0.12,0.38,0.28,0.08,0,0,0,0,0,0,0,0,0,0.02,0,0,0,0,0,0.67,0.57,0.28,0.09,0,0,0,0,0,0.06,0.35,0.68,0.12,0.09,0.03,0,0,0,0,0,0,0,0.02,0.11,,,0.0223,0.139
31015,0,0,0,0,0.03,0.13,0.35,0.22,0.11,0,0,0,0,0,0,0,0,0,0.05,0.02,0,0,0,0,0.69,0.57,0.28,0.05,0,0,0,0,0,0.02,0.28,0.61,0.22,0.13,0.03,0,0,0,0,0,0,0,0.02,0.11,0.0224,0,0.0297,0.0875
31017,0,0,0,0,0.02,0.11,0.36,0.25,0.09,0,0,0,0,0,0,0,0,0,0.04,0,0,0,0,0,0.68,0.58,0.29,0.06,0,0,0,0,0,0.03,0.29,0.63,0.18,0.12,0.02,0,0,0,0,0,0,0,0.01,0.1,0,0.167,0.0294,0.0984
31019,0,0,0,0,0.03,0.18,0.33,0.23,0.09,0.01,0,0,0,0,0,0,0,0,0.02,0,0,0,0,0,0.65,0.53,0.22,0.03,0,0,0,0,0,0.02,0.24,0.56,0.12,0.08,0.02,0,0,0,0,0,0,0,0.01,0.06,0,0.0143,0.0528,0.0264
31021,0,0,0,0.01,0.04,0.15,0.26,0.14,0.06,0.01,0,0,0,0,0,0,0,0,0.01,0,0,0,0,0,0.68,0.57,0.21,0.02,0,0,0,0,0,0.01,0.21,0.54,0.19,0.12,0.02,0,0,0,0,0,0,0,0.01,0.09,0,0.511,0.0339,0.0324
31023,0,0,0,0,0.04,0.16,0.28,0.17,0.07,0.01,0,0,0,0,0,0,0,0,0.01,0,0,0,0,0,0.64,0.52,0.18,0.02,0,0,0,0,0,0.01,0.19,0.5,0.16,0.09,0.02,0,0,0,0,0,0,0,0.01,0.06,,,0.0467,0.0265
31025,0,0,0,0,0.04,0.19,0.31,0.21,0.09,0.01,0,0,0,0,0,0,0,0,0.01,0.01,0,0,0,0,0.62,0.49,0.16,0.01,0,0,0,0,0,0.01,0.16,0.46,0.14,0.07,0.02,0,0,0,0,0,0,0,0,0.05,0.0149,0.0033,0.0496,0.0225
31027,0,0,0,0,0.03,0.11,0.21,0.11,0.04,0,0,0,0,0,0,0,0,0,0.01,0,0,0,0,0,0.7,0.61,0.28,0.04,0,0,0,0,0,0.02,0.27,0.63,0.23,0.14,0.02,0,0,0,0,0,0,0,0.01,0.11,0,0,0.0311,0.0548
31029,0,0,0,0,0.05,0.26,0.54,0.4,0.17,0.01,0,0,0,0,0,0,0,0.03,0.08,0.02,0.01,0,0,0,0.63,0.5,0.18,0.04,0,0,0,0,0,0.03,0.23,0.58,0.08,0.06,0.01,0,0,0,0,0,0,0,0.01,0.06,,,0.0301,0.101
31031,0,0,0,0,0.02,0.12,0.36,0.26,0.11,0,0,0,0,0,0,0,0,0,0.04,0.01,0,0,0,0,0.67,0.57,0.28,0.07,0,0,0,0,0,0.05,0.32,0.63,0.18,0.12,0.03,0,0,0,0,0,0,0,0.02,0.11,0.0461,0.0451,0.0218,0.178
31033,0,0,0,0,0.02,0.18,0.47,0.33,0.11,0,0,0,0,0,0,0,0,0.01,0.03,0,0,0,0,0,0.59,0.49,0.22,0.06,0,0,0,0,0,0.04,0.26,0.6,0.08,0.06,0.01,0,0,0,0,0,0,0,0.02,0.07,,,0.0206,0.116
31035,0,0,0,0,0.05,0.23,0.37,0.25,0.1,0.01,0,0,0,0,0,0,0,0,0.02,0,0,0,0,0,0.62,0.47,0.17,0.02,0,0,0,0,0,0.02,0.18,0.48,0.12,0.06,0.02,0,0,0,0,0,0,0,0,0.05,,,0.059,0.0226
31037,0,0,0,0,0.04,0.16,0.27,0.16,0.06,0.01,0,0,0,0,0,0,0,0,0.01,0,0,0,0,0,0.65,0.55,0.2,0.03,0,0,0,0,0,0.01,0.22,0.53,0.17,0.1,0.02,0,0,0,0,0,0,0,0.01,0.07,0,0.0215,0.0403,0.0312
31039,0,0,0,0,0.03,0.13,0.24,0.12,0.05,0.01,0,0,0,0,0,0,0,0,0.01,0,0,0,0,0,0.69,0.59,0.23,0.03,0,0,0,0,0,0.02,0.24,0.57,0.2,0.12,0.02,0,0,0,0,0,0,0,0.01,0.09,,,0.0343,0.0356
31041,0,0,0,0,0.02,0.14,0.32,0.21,0.08,0,0,0,0,0,0,0,0,0,0.02,0.01,0,0,0,0,0.65,0.57,0.24,0.05,0,0,0,0,0,0.03,0.28,0.63,0.14,0.09,0.02,0,0,0,0,0,0,0,0.01,0.07,,,0.0451,0.0384
31043,0,0,0,0.01,0.04,0.15,0.25,0.12,0.05,0,0,0,0,0,0,0,0,0,0.01,0,0,0,0,0,0.72,0.61,0.25,0.04,0,0,0,0,0,0.02,0.27,0.62,0.22,0.15,0.02,0,0,0,0,0,0,0,0.01,0.11,0.0642,0.131,0.0289,0.0433
31045,0,0,0,0,0.01,0.12,0.43,0.35,0.11,0,0,0,0,0,0,0,0,0.01,0.04,0.01,0,0,0,0,0.63,0.54,0.25,0.08,0,0,0,0,0,0.05,0.32,0.63,0.13,0.1,0.03,0,0,0,0,0,0,0,0.02,0.1,0.0015,0.013,0.0225,0.17
31047,0,0,0,0,0.03,0.19,0.37,0.25,0.11,0.01,0,0,0,0,0,0,0,0,0.02,0.01,0,0,0,0,0.65,0.54,0.22,0.04,0,0,0,0,0,0.03,0.26,0.61,0.11,0.08,0.02,0,0,0,0,0,0,0,0.01,0.07,0,0.106,0.0525,0.0333
31049,0,0,0,0,0.03,0.19,0.47,0.35,0.13,0,0,0,0,0,0,0,0,0.01,0.04,0.01,0,0,0,0,0.63,0.51,0.19,0.05,0,0,0,0,0,0.03,0.24,0.61,0.08,0.06,0.01,0,0,0,0,0,0,0,0.01,0.07,0,0.069,0.0245,0.111
31051,0,0,0,0,0.03,0.11,0.2,0.1,0.04,0,0,0,0,0,0,0,0,0,0.01,0,0,0,0,0,0.71,0.61,0.26,0.04,0,0,0,0,0,0.02,0.27,0.62,0.23,0.15,0.02,0,0,0,0,0,0,0,0.01,0.11,0.16,0.409,0.0299,0.0478
31053,0,0,0,0,0.04,0.16,0.28,0.16,0.07,0.01,0,0,0,0,0,0,0,0,0.01,0,0,0,0,0,0.66,0.55,0.2,0.02,0,0,0,0,0,0.01,0.2,0.52,0.18,0.1,0.02,0,0,0,0,0,0,0,0.01,0.07,0,0.0024,0.0394,0.0295
31055,0,0,0,0,0.04,0.17,0.28,0.17,0.08,0.01,0,0,0,0,0,0,0,0,0.01,0,0,0,0,0,0.63,0.51,0.18,0.01,0,0,0,0,0,0.01,0.17,0.48,0.16,0.09,0.02,0,0,0,0,0,0,0,0,0.06,0.0702,0.00183,0.0429,0.0252
31057,0,0,0,0,0.06,0.33,0.58,0.45,0.2,0.02,0,0,0,0,0,0,0,0.05,0.1,0.03,0.01,0,0,0,0.59,0.47,0.16,0.03,0,0,0,0,0,0.02,0.2,0.55,0.07,0.05,0.01,0,0,0,0,0,0,0,0,0.05,,,0.0302,0.0992
31059,0,0,0,0.01,0.05,0.23,0.37,0.24,0.11,0.01,0,0,0,0,0,0,0,0,0.02,0,0,0,0,0,0.61,0.47,0.16,0.02,0,0,0,0,0,0.01,0.17,0.47,0.12,0.06,0.02,0,0,0,0,0,0,0,0,0.05,0.0167,0.00475,0.0595,0.0219
31061,0,0,0,0.01,0.05,0.28,0.47,0.34,0.16,0.02,0,0,0,0,0,0,0,0.02,0.07,0.03,0.01,0,0,0,0.62,0.49,0.18,0.02,0,0,0,0,0,0.02,0.2,0.5,0.09,0.06,0.02,0,0,0,0,0,0,0,0,0.05,,,0.0623,0.0274
31063,0,0,0,0,0.05,0.26,0.48,0.38,0.18,0.01,0,0,0,0,0,0,0,0.01,0.07,0.03,0,0,0,0,0.65,0.54,0.19,0.04,0,0,0,0,0,0.02,0.25,0.59,0.08,0.06,0.02,0,0,0,0,0,0,0,0,0.06,,,0.0535,0.0613
31065,0,0,0,0.01,0.07,0.32,0.53,0.41,0.19,0.02,0,0,0,0,0,0,0,0.03,0.1,0.05,0.01,0,0,0,0.62,0.48,0.18,0.03,0,0,0,0,0,0.02,0.23,0.56,0.08,0.05,0.02,0,0,0,0,0,0,0,0,0.05,0,0,0.0614,0.0417
31067,0,0,0,0,0.04,0.24,0.39,0.3,0.12,0.01,0,0,0,0,0,0,0,0,0.03,0.02,0,0,0,0,0.6,0.46,0.15,0.02,0,0,0,0,0,0.01,0.15,0.44,0.12,0.05,0.01,0,0,0,0,0,0,0,0,0.04,0.0437,0.0268,0.0619,0.0208
31069,0,0,0,0,0.02,0.16,0.42,0.3,0.1,0,0,0,0,0,0,0,0,0,0.02,0,0,0,0,0,0.67,0.54,0.23,0.06,0,0,0,0,0,0.04,0.31,0.65,0.11,0.08,0.02,0,0,0,0,0,0,0,0.02,0.09,0,0.163,0.0257,0.122
31071,0,0,0,0,0.02,0.1,0.28,0.17,0.06,0,0,0,0,0,0,0,0,0,0.01,0,0,0,0,0,0.67,0.57,0.27,0.05,0,0,0,0,0,0.03,0.29,0.61,0.18,0.11,0.02,0,0,0,0,0,0,0,0.01,0.09,,,0.0393,0.0476
31073,0,0,0,0,0.05,0.23,0.42,0.31,0.14,0.01,0,0,0,0,0,0,0,0.01,0.04,0.02,0,0,0,0,0.64,0.52,0.19,0.03,0,0,0,0,0,0.02,0.23,0.57,0.09,0.07,0.02,0,0,0,0,0,0,0,0,0.05,,,0.0572,0.0357
31075,0,0,0,0,0.02,0.12,0.35,0.25,0.08,0,0,0,0,0,0,0,0,0,0.02,0,0,0,0,0,0.67,0.56,0.26,0.08,0,0,0,0,0,0.06,0.34,0.64,0.14,0.1,0.02,0,0,0,0,0,0,0,0.02,0.1,,,0.0305,0.144
31077,0,0,0,0,0.02,0.13,0.27,0.16,0.05,0,0,0,0,0,0,0,0,0,0.01,0,0,0,0,0,0.65,0.56,0.24,0.04,0,0,0,0,0,0.02,0.26,0.59,0.17,0.1,0.02,0,0,0,0,0,0,0,0.01,0.08,,,0.0432,0.0364
31079,0,0,0,0,0.04,0.2,0.34,0.2,0.09,0.01,0,0,0,0,0,0,0,0,0.02,0,0,0,0,0,0.65,0.52,0.2,0.03,0,0,0,0,0,0.02,0.2,0.52,0.12,0.08,0.02,0,0,0,0,0,0,0,0,0.06,,,0.0525,0.0251
31081,0,0,0,0,0.04,0.2,0.32,0.2,0.08,0.01,0,0,0,0,0,0,0,0,0.01,0,0,0,0,0,0.62,0.5,0.18,0.02,0,0,0,0,0,0.02,0.18,0.48,0.12,0.08,0.02,0,0,0,0,0,0,0,0,0.05,0.00863,0.0764,0.0532,0.0246
31083,0,0,0,0.01,0.06,0.3,0.49,0.38,0.17,0.02,0,0,0,0,0,0,0,0.02,0.08,0.04,0.01,0,0,0,0.62,0.48,0.16,0.02,0,0,0,0,0,0.02,0.2,0.5,0.08,0.06,0.02,0,0,0,0,0,0,0,0,0.05,0.012,0.153,0.0625,0.0321
31085,0,0,0,0,0.06,0.26,0.52,0.39,0.18,0.01,0,0,0,0,0,0,0,0.03,0.09,0.03,0,0,0,0,0.62,0.51,0.19,0.04,0,0,0,0,0,0.03,0.23,0.57,0.08,0.07,0.02,0,0,0,0,0,0,0,0,0.05,,,0.0424,0.0903
31087,0,0,0,0.01,0.08,0.34,0.58,0.45,0.22,0.02,0,0,0,0,0,0,0,0.04,0.13,0.05,0.01,0,0,0,0.59,0.47,0.16,0.03,0,0,0,0,0,0.02,0.21,0.55,0.06,0.05,0.01,0,0,0,0,0,0,0,0,0.05,,,0.0434,0.0878
31089,0,0,0,0,0.02,0.1,0.31,0.17,0.08,0,0,0,0,0,0,0,0,0,0.03,0.01,0,0,0,0,0.69,0.58,0.29,0.05,0,0,0,0,0,0.03,0.29,0.61,0.21,0.13,0.03,0,0,0,0,0,0,0,0.02,0.11,0.178,0.0145,0.0341,0.0667
31091,0,0,0,0,0.02,0.12,0.35,0.25,0.09,0,0,0,0,0,0,0,0,0,0.02,0.01,0,0,0,0,0.66,0.56,0.27,0.07,0,0,0,0,0,0.05,0.31,0.64,0.14,0.1,0.02,0,0,0,0,0,0,0,0.02,0.09,,,0.0315,0.144
31093,0,0,0,0,0.03,0.18,0.32,0.19,0.08,0.01,0,0,0,0,0,0,0,0,0.01,0,0,0,0,0,0.65,0.54,0.21,0.03,0,0,0,0,0,0.02,0.23,0.56,0.14,0.09,0.02,0,0,0,0,0,0,0,0.01,0.06,,,0.0476,0.0295
31095,0,0,0,0.01,0.05,0.25,0.43,0.32,0.12,0.02,0,0,0,0,0,0,0,0,0.05,0.02,0,0,0,0,0.59,0.45,0.14,0.01,0,0,0,0,0,0.01,0.15,0.44,0.11,0.05,0.01,0,0,0,0,0,0,0,0,0.04,0.0867,0.0264,0.0642,0.0211
31097,0,0,0,0.01,0.04,0.2,0.34,0.26,0.11,0.01,0,0,0,0,0,0,0,0,0.03,0.01,0,0,0,0,0.61,0.47,0.15,0.01,0,0,0,0,0,0.01,0.15,0.45,0.13,0.06,0.01,0,0,0,0,0,0,0,0,0.05,0.0152,0.0293,0.0584,0.0209
31099,0,0,0,0,0.04,0.22,0.39,0.27,0.12,0.01,0,0,0,0,0,0,0,0.01,0.04,0.01,0,0,0,0,0.63,0.51,0.2,0.03,0,0,0,0,0,0.02,0.22,0.52,0.11,0.07,0.02,0,0,0,0,0,0,0,0,0.06,,,0.0576,0.0253
31101,0,0,0,0,0.03,0.19,0.45,0.33,0.14,0,0,0,0,0,0,0,0,0.01,0.04,0.01,0,0,0,0,0.61,0.49,0.19,0.04,0,0,0,0,0,0.03,0.22,0.56,0.09,0.07,0.01,0,0,0,0,0,0,0,0.01,0.07,0,0,0.032,0.109
31103,0,0,0,0,0.02,0.11,0.38,0.26,0.12,0.01,0,0,0,0,0,0,0,0.01,0.05,0.01,0,0,0,0,0.68,0.58,0.3,0.07,0,0,0,0,0,0.03,0.29,0.62,0.2,0.12,0.03,0,0,0,0,0,0,0,0.01,0.11,,,0.0237,0.125
31105,0,0,0,0,0.01,0.14,0.4,0.27,0.07,0,0,0,0,0,0,0,0,0.01,0.01,0,0,0,0,0,0.63,0.56,0.28,0.08,0.01,0,0,0,0,0.06,0.34,0.64,0.09,0.06,0.02,0,0,0,0,0,0,0,0.02,0.08,,,0.0181,0.119
31107,0,0,0,0,0.03,0.13,0.28,0.16,0.06,0,0,0,0,0,0,0,0,0,0.03,0.01,0,0,0,0,0.69,0.6,0.27,0.05,0,0,0,0,0,0.02,0.26,0.6,0.21,0.14,0.03,0,0,0,0,0,0,0,0.01,0.11,0,0.202,0.0328,0.0628
31109,0,0,0,0,0.05,0.22,0.35,0.25,0.12,0.02,0,0,0,0,0,0,0,0,0.02,0.01,0,0,0,0,0.61,0.49,0.17,0.02,0,0,0,0,0,0.01,0.17,0.46,0.14,0.08,0.02,0,0,0,0,0,0,0,0,0.05,0.00758,0,0.0536,0.0222
31111,0,0,0,0,0.04,0.2,0.41,0.32,0.13,0,0,0,0,0,0,0,0,0.01,0.04,0.02,0,0,0,0,0.64,0.55,0.22,0.05,0,0,0,0,0,0.04,0.28,0.61,0.1,0.08,0.02,0,0,0,0,0,0,0,0.01,0.07,,,0.044,0.0851
31113,0,0,0,0,0.03,0.15,0.35,0.25,0.09,0,0,0,0,0,0,0,0,0,0.03,0,0,0,0,0,0.66,0.58,0.25,0.06,0,0,0,0,0,0.04,0.31,0.64,0.14,0.09,0.02,0,0,0,0,0,0,0,0.02,0.09,,,0.0381,0.0756
31115,0,0,0,0,0.02,0.11,0.32,0.2,0.07,0,0,0,0,0,0,0,0,0,0.02,0.01,0,0,0,0,0.68,0.58,0.25,0.05,0,0,0,0,0,0.03,0.29,0.63,0.17,0.1,0.02,0,0,0,0,0,0,0,0.01,0.09,,,0.0383,0.0543
31117,0,0,0,0,0.03,0.15,0.37,0.25,0.1,0,0,0,0,0,0,0,0,0,0.03,0,0,0,0,0,0.66,0.56,0.25,0.07,0,0,0,0,0,0.04,0.29,0.62,0.13,0.09,0.02,0,0,0,0,0,0,0,0.01,0.08,,,0.0357,0.126
31119,0,0,0,0,0.03,0.12,0.23,0.12,0.05,0.01,0,0,0,0,0,0,0,0,0.01,0,0,0,0,0,0.68,0.58,0.24,0.04,0,0,0,0,0,0.02,0.25,0.59,0.19,0.12,0.02,0,0,0,0,0,0,0,0.01,0.09,0,0.169,0.0373,0.0402
31121,0,0,0,0.01,0.04,0.19,0.31,0.19,0.07,0.01,0,0,0,0,0,0,0,0,0.01,0,0,0,0,0,0.64,0.53,0.19,0.03,0,0,0,0,0,0.02,0.21,0.52,0.13,0.09,0.02,0,0,0,0,0,0,0,0,0.06,,,0.0481,0.0282
31123,0,0,0,0,0.02,0.17,0.46,0.33,0.1,0,0,0,0,0,0,0,0,0.01,0.03,0.01,0,0,0,0,0.63,0.52,0.22,0.06,0,0,0,0,0,0.04,0.3,0.63,0.09,0.07,0.01,0,0,0,0,0,0,0,0.02,0.09,0.0356,0,0.0216,0.123
31125,0,0,0,0,0.04,0.17,0.29,0.17,0.06,0.01,0,0,0,0,0,0,0,0,0.01,0,0,0,0,0,0.64,0.54,0.21,0.03,0,0,0,0,0,0.02,0.22,0.55,0.15,0.1,0.02,0,0,0,0,0,0,0,0.01,0.07,,,0.0445,0.0318
31127,0,0,0,0.01,0.04,0.2,0.33,0.25,0.1,0.01,0,0,0,0,0,0,0,0,0.02,0.01,0,0,0,0,0.59,0.45,0.13,0.01,0,0,0,0,0,0,0.14,0.45,0.12,0.05,0.01,0,0,0,0,0,0,0,0,0.05,0.0262,0.0347,0.0568,0.0212
31129,0,0,0,0.01,0.05,0.27,0.44,0.32,0.14,0.02,0,0,0,0,0,0,0,0.01,0.05,0.02,0.01,0,0,0,0.61,0.47,0.16,0.02,0,0,0,0,0,0.02,0.16,0.48,0.1,0.06,0.02,0,0,0,0,0,0,0,0,0.05,,,0.0642,0.0226
31131,0,0,0,0,0.04,0.19,0.32,0.24,0.1,0.01,0,0,0,0,0,0,0,0,0.02,0.01,0,0,0,0,0.61,0.48,0.15,0.01,0,0,0,0,0,0,0.15,0.46,0.14,0.06,0.01,0,0,0,0,0,0,0,0,0.05,0.0302,0.0246,0.0541,0.0214
31133,0,0,0,0,0.04,0.2,0.36,0.28,0.1,0.01,0,0,0,0,0,0,0,0,0.03,0.02,0,0,0,0,0.61,0.46,0.15,0.01,0,0,0,0,0,0,0.15,0.44,0.12,0.05,0.01,0,0,0,0,0,0,0,0,0.05,0.0279,0.0956,0.0621,0.021
31135,0,0,0,0,0.04,0.21,0.48,0.35,0.14,0,0,0,0,0,0,0,0,0.01,0.05,0.02,0,0,0,0,0.63,0.5,0.19,0.04,0,0,0,0,0,0.03,0.24,0.58,0.09,0.07,0.01,0,0,0,0,0,0,0,0.01,0.06,0,0.0846,0.0315,0.103
31137,0,0,0,0,0.04,0.22,0.39,0.28,0.12,0.01,0,0,0,0,0,0,0,0.01,0.03,0.01,0,0,0,0,0.63,0.52,0.2,0.03,0,0,0,0,0,0.02,0.23,0.53,0.1,0.07,0.02,0,0,0,0,0,0,0,0,0.06,,,0.0576,0.0291
31139,0,0,0,0,0.02,0.11,0.22,0.13,0.04,0,0,0,0,0,0,0,0,0,0.01,0,0,0,0,0,0.69,0.6,0.27,0.05,0,0,0,0,0,0.02,0.28,0.62,0.22,0.14,0.02,0,0,0,0,0,0,0,0.01,0.11,0,0.105,0.0344,0.049
31141,0,0,0,0,0.04,0.17,0.26,0.15,0.06,0.01,0,0,0,0,0,0,0,0,0.01,0,0,0,0,0,0.65,0.55,0.21,0.03,0,0,0,0,0,0.02,0.22,0.54,0.17,0.1,0.02,0,0,0,0,0,0,0,0.01,0.07,,,0.0411,0.0332
31143,0,0,0,0.01,0.04,0.18,0.29,0.17,0.07,0.01,0,0,0,0,0,0,0,0,0,0,0,0,0,0,0.63,0.52,0.19,0.02,0,0,0,0,0,0.01,0.19,0.5,0.15,0.09,0.02,0,0,0,0,0,0,0,0,0.06,,,0.0478,0.0273
31145,0,0,0,0.01,0.07,0.33,0.56,0.44,0.21,0.02,0,0,0,0,0,0,0,0.03,0.12,0.05,0.01,0,0,0,0.62,0.5,0.17,0.03,0,0,0,0,0,0.02,0.23,0.57,0.07,0.05,0.02,0,0,0,0,0,0,0,0,0.05,0,0,0.0564,0.0665
31147,0,0,0,0,0.04,0.22,0.37,0.27,0.1,0.01,0,0,0,0,0,0,0,0,0.02,0.01,0,0,0,0,0.59,0.44,0.13,0.01,0,0,0,0,0,0,0.14,0.42,0.11,0.05,0.01,0,0,0,0,0,0,0,0,0.05,0.00437,0.0191,0.0601,0.0215
31149,0,0,0,0,0.02,0.09,0.32,0.2,0.08,0,0,0,0,0,0,0,0,0,0.03,0,0,0,0,0,0.69,0.59,0.29,0.06,0,0,0,0,0,0.04,0.31,0.62,0.19,0.12,0.03,0,0,0,0,0,0,0,0.02,0.11,0,0,0.0326,0.0779
31151,0,0,0,0.01,0.05,0.23,0.37,0.28,0.12,0.02,0,0,0,0,0,0,0,0,0.02,0.01,0,0,0,0,0.61,0.48,0.16,0.02,0,0,0,0,0,0.01,0.17,0.46,0.12,0.07,0.02,0,0,0,0,0,0,0,0,0.04,0.0384,0.00471,0.0592,0.0214
31153,0,0,0,0,0.04,0.18,0.3,0.19,0.1,0.01,0,0,0,0,0,0,0,0,0.01,0,0,0,0,0,0.62,0.5,0.17,0.01,0,0,0,0,0,0.01,0.16,0.46,0.15,0.08,0.02,0,0,0,0,0,0,0,0,0.06,0.0277,0.00311,0.0459,0.0237
31155,0,0,0,0,0.05,0.18,0.31,0.19,0.09,0.01,0,0,0,0,0,0,0,0,0.01,0,0,0,0,0,0.63,0.51,0.18,0.02,0,0,0,0,0,0.01,0.18,0.48,0.15,0.09,0.02,0,0,0,0,0,0,0,0,0.06,0.00905,0.00931,0.0457,0.0253
31157,0,0,0,0,0.02,0.2,0.5,0.37,0.12,0,0,0,0,0,0,0,0,0.01,0.04,0.01,0,0,0,0,0.63,0.53,0.24,0.07,0,0,0,0,0,0.05,0.32,0.63,0.1,0.07,0.01,0,0,0,0,0,0,0,0.02,0.1,0.0356,0.0345,0.0191,0.126
31159,0,0,0,0,0.05,0.2,0.33,0.22,0.09,0.01,0,0,0,0,0,0,0,0,0.01,0,0,0,0,0,0.62,0.5,0.18,0.02,0,0,0,0,0,0.01,0.18,0.49,0.14,0.08,0.02,0,0,0,0,0,0,0,0,0.05,0.00157,0.00645,0.0532,0.0232
31161,0,0,0,0,0.01,0.11,0.34,0.28,0.08,0,0,0,0,0,0,0,0,0,0.02,0.01,0,0,0,0,0.67,0.58,0.27,0.08,0,0,0,0,0,0.06,0.35,0.66,0.15,0.11,0.02,0,0,0,0,0,0,0,0.03,0.11,0,0.271,0.0248,0.173
31163,0,0,0,0,0.03,0.16,0.31,0.2,0.07,0,0,0,0,0,0,0,0,0,0.01,0,0,0,0,0,0.66,0.54,0.23,0.04,0,0,0,0,0,0.03,0.25,0.59,0.15,0.1,0.02,0,0,0,0,0,0,0,0.01,0.07,0.0139,0.0503,0.0479,0.0304
31165,0,0,0,0,0.01,0.11,0.39,0.3,0.08,0,0,0,0,0,0,0,0,0,0.01,0,0,0,0,0,0.71,0.62,0.31,0.1,0,0,0,0,0,0.07,0.39,0.7,0.13,0.1,0.03,0,0,0,0,0,0,0.01,0.03,0.13,0.0378,0.0453,0.0204,0.145
31167,0,0,0,0,0.03,0.13,0.23,0.12,0.05,0.01,0,0,0,0,0,0,0,0,0.01,0,0,0,0,0,0.67,0.58,0.23,0.04,0,0,0,0,0,0.02,0.24,0.57,0.19,0.12,0.02,0,0,0,0,0,0,0,0.01,0.08,,,0.0357,0.0376
31169,0,0,0,0,0.05,0.26,0.43,0.3,0.13,0.01,0,0,0,0,0,0,0,0,0.04,0.02,0,0,0,0,0.6,0.46,0.15,0.02,0,0,0,0,0,0.01,0.16,0.45,0.11,0.05,0.02,0,0,0,0,0,0,0,0,0.04,0.0393,0.0492,0.0647,0.0216
31171,0,0,0,0,0.03,0.14,0.37,0.27,0.09,0,0,0,0,0,0,0,0,0,0.03,0.01,0,0,0,0,0.66,0.56,0.26,0.06,0,0,0,0,0,0.04,0.3,0.63,0.15,0.09,0.02,0,0,0,0,0,0,0,0.02,0.09,,,0.0316,0.103
31173,0,0,0,0.01,0.03,0.14,0.24,0.11,0.04,0,0,0,0,0,0,0,0,0,0.01,0,0,0,0,0,0.7,0.59,0.24,0.04,0,0,0,0,0,0.02,0.24,0.59,0.21,0.13,0.02,0,0,0,0,0,0,0,0.01,0.1,0,0,0.0306,0.0385
31175,0,0,0,0,0.02,0.12,0.29,0.17,0.06,0,0,0,0,0,0,0,0,0,0.01,0,0,0,0,0,0.67,0.56,0.25,0.05,0,0,0,0,0,0.03,0.27,0.61,0.17,0.1,0.02,0,0,0,0,0,0,0,0.01,0.08,,,0.0434,0.0378
31177,0,0,0,0,0.04,0.16,0.26,0.15,0.06,0.01,0,0,0,0,0,0,0,0,0.01,0,0,0,0,0,0.64,0.53,0.19,0.02,0,0,0,0,0,0.01,0.18,0.49,0.17,0.1,0.02,0,0,0,0,0,0,0,0,0.07,0.0164,0.00262,0.0389,0.0277
31179,0,0,0,0,0.03,0.11,0.21,0.1,0.04,0,0,0,0,0,0,0,0,0,0.01,0,0,0,0,0,0.69,0.61,0.26,0.05,0,0,0,0,0,0.02,0.26,0.6,0.22,0.14,0.02,0,0,0,0,0,0,0,0.01,0.1,,,0.0328,0.0436
31181,0,0,0,0,0.06,0.27,0.46,0.34,0.14,0.02,0,0,0,0,0,0,0,0.02,0.06,0.02,0.01,0,0,0,0.62,0.48,0.18,0.02,0,0,0,0,0,0.02,0.18,0.49,0.1,0.06,0.02,0,0,0,0,0,0,0,0,0.05,,,0.0631,0.0244
31183,0,0,0,0,0.02,0.1,0.25,0.14,0.05,0,0,0,0,0,0,0,0,0,0.01,0,0,0,0,0,0.68,0.58,0.26,0.05,0,0,0,0,0,0.03,0.28,0.6,0.19,0.12,0.02,0,0,0,0,0,0,0,0.01,0.09,,,0.0392,0.0455
31185,0,0,0,0.01,0.05,0.21,0.32,0.21,0.08,0.01,0,0,0,0,0,0,0,0,0.01,0,0,0,0,0,0.62,0.49,0.18,0.02,0,0,0,0,0,0.01,0.18,0.48,0.13,0.08,0.02,0,0,0,0,0,0,0,0,0.05,0,0.0113,0.0535,0.024
32001,0,0,0,0,0.02,0.27,0.75,0.64,0.12,0,0,0,0,0,0,0,0,0,0.06,0.01,0,0,0,0,0.4,0.25,0.07,0,0,0,0,0,0,0.01,0.21,0.5,0.01,0,0,0,0,0,0,0,0,0,0,0.01,0.125,0.149,0.0277,0.0433
32003,0,0,0,0.02,0.24,0.77,0.97,0.95,0.62,0.07,0,0,0,0,0,0,0.02,0.23,0.51,0.38,0.03,0,0,0,0.01,0,0,0,0,0,0,0,0,0,0,0,0,0,0,0,0,0,0,0,0,0,0,0,0.351,0,0.183,0.00489
32005,0,0,0,0,0,0.02,0.15,0.08,0,0,0,0,0,0,0,0,0,0,0,0,0,0,0,0,0.31,0.24,0.1,0.02,0,0,0,0,0,0.01,0.13,0.36,0.01,0,0,0,0,0,0,0,0,0,0,0.01,0.00245,0.128,0.0392,0.0248
32007,0,0,0,0,0,0.02,0.23,0.09,0.01,0,0,0,0,0,0,0,0,0,0,0,0,0,0,0,0.6,0.51,0.23,0.06,0,0,0,0,0,0.06,0.35,0.66,0.04,0.01,0,0,0,0,0,0,0,0,0.01,0.03,0.0256,0.191,0.038,0.0693
32009,0,0,0,0,0.02,0.3,0.66,0.53,0.05,0,0,0,0,0,0,0,0,0,0.03,0,0,0,0,0,0.29,0.18,0.05,0,0,0,0,0,0,0,0.11,0.39,0,0,0,0,0,0,0,0,0,0,0,0,0.0446,0.052,0.0446,0.0331
32011,0,0,0,0,0,0.06,0.36,0.18,0.01,0,0,0,0,0,0,0,0,0,0,0,0,0,0,0,0.57,0.48,0.21,0.08,0,0,0,0,0,0.06,0.35,0.64,0.05,0.01,0,0,0,0,0,0,0,0,0.01,0.03,0,0.102,0.0382,0.105
32013,0,0,0,0,0.01,0.08,0.48,0.34,0.04,0,0,0,0,0,0,0,0,0,0.01,0,0,0,0,0,0.37,0.26,0.08,0.02,0,0,0,0,0,0.02,0.18,0.46,0.01,0,0,0,0,0,0,0,0,0,0,0.01,0.103,0.0218,0.0334,0.0796
32015,0,0,0,0,0.01,0.08,0.45,0.28,0.02,0,0,0,0,0,0,0,0,0,0,0,0,0,0,0,0.45,0.35,0.15,0.04,0,0,0,0,0,0.04,0.25,0.53,0.02,0,0,0,0,0,0,0,0,0,0,0.02,0.0385,0.0806,0.0191,0.0744
32017,0,0,0,0,0.03,0.39,0.73,0.59,0.11,0,0,0,0,0,0,0,0,0.01,0.06,0.01,0,0,0,0,0.15,0.1,0.01,0,0,0,0,0,0,0,0.05,0.21,0,0,0,0,0,0,0,0,0,0,0,0,,,0.209,0.0261
32019,0,0,0,0,0.01,0.16,0.59,0.44,0.05,0,0,0,0,0,0,0,0,0,0.01,0,0,0,0,0,0.37,0.22,0.07,0.01,0,0,0,0,0,0.01,0.17,0.44,0,0,0,0,0,0,0,0,0,0,0,0.01,0.0776,0.135,0.0373,0.0289
32021,0,0,0,0,0.01,0.13,0.54,0.37,0.02,0,0,0,0,0,0,0,0,0,0,0,0,0,0,0,0.4,0.29,0.11,0.02,0,0,0,0,0,0.01,0.19,0.47,0.01,0,0,0,0,0,0,0,0,0,0,0.01,0.0115,0.0137,0.0346,0.0329
32023,0,0,0,0,0.02,0.24,0.61,0.44,0.04,0,0,0,0,0,0,0,0,0,0.02,0,0,0,0,0,0.34,0.23,0.06,0,0,0,0,0,0,0.01,0.12,0.42,0.01,0,0,0,0,0,0,0,0,0,0,0,0.0326,0.024,0.0811,0.0437
32027,0,0,0,0,0.02,0.17,0.66,0.53,0.08,0,0,0,0,0,0,0,0,0,0.05,0.01,0,0,0,0,0.37,0.24,0.07,0.01,0,0,0,0,0,0.01,0.19,0.46,0.02,0,0,0,0,0,0,0,0,0,0,0.02,0.0663,0.093,0.0277,0.0506
32029,0,0,0,0,0,0.05,0.34,0.19,0.01,0,0,0,0,0,0,0,0,0,0,0,0,0,0,0,0.22,0.18,0.05,0.01,0,0,0,0,0,0,0.08,0.29,0,0,0,0,0,0,0,0,0,0,0,0.01,0,0.176,0.0377,0.0289
32031,0,0,0,0,0,0.06,0.37,0.24,0.02,0,0,0,0,0,0,0,0,0,0.01,0,0,0,0,0,0.32,0.23,0.08,0.01,0,0,0,0,0,0.01,0.14,0.4,0,0,0,0,0,0,0,0,0,0,0,0.01,0.0219,0.11,0.0365,0.0375
32033,0,0,0,0,0,0.03,0.2,0.07,0,0,0,0,0,0,0,0,0,0,0,0,0,0,0,0,0.59,0.49,0.24,0.09,0,0,0,0,0,0.05,0.35,0.66,0.04,0.01,0,0,0,0,0,0,0,0,0.01,0.03,,,0.0393,0.0556
32510,0,0,0,0,0,0.04,0.27,0.16,0.01,0,0,0,0,0,0,0,0,0,0,0,0,0,0,0,0.26,0.19,0.07,0.01,0,0,0,0,0,0,0.11,0.31,0,0,0,0,0,0,0,0,0,0,0,0.01,0.00427,0.152,0.0391,0.0253
33001,0,0,0,0,0.01,0.04,0.06,0.03,0.01,0,0,0,0,0,0,0,0,0,0,0,0,0,0,0,0.72,0.7,0.41,0.03,0,0,0,0,0,0,0.14,0.53,0.19,0.14,0.04,0,0,0,0,0,0,0,0,0.04,0.0017,0.215,0.00135,0.0911
33003,0,0,0,0,0.01,0.03,0.03,0.02,0,0,0,0,0,0,0,0,0,0,0,0,0,0,0,0,0.77,0.76,0.48,0.06,0,0,0,0,0,0,0.19,0.59,0.26,0.22,0.06,0,0,0,0,0,0,0,0,0.06,0.000069,0.15,0.00119,0.101
33005,0,0,0,0,0.01,0.02,0.05,0.02,0,0,0,0,0,0,0,0,0,0,0,0,0,0,0,0,0.7,0.68,0.38,0.02,0,0,0,0,0,0,0.14,0.51,0.18,0.13,0.03,0,0,0,0,0,0,0,0,0.04,0,0.0837,0.00248,0.072
33007,0,0,0,0,0,0,0,0,0,0,0,0,0,0,0,0,0,0,0,0,0,0,0,0,0.82,0.82,0.6,0.16,0,0,0,0,0,0.02,0.31,0.68,0.42,0.38,0.16,0,0,0,0,0,0,0,0.01,0.18,0,0.226,0.000861,0.118
33009,0,0,0,0,0,0.01,0.01,0,0,0,0,0,0,0,0,0,0,0,0,0,0,0,0,0,0.79,0.78,0.53,0.09,0,0,0,0,0,0.01,0.23,0.63,0.32,0.27,0.08,0,0,0,0,0,0,0,0,0.12,0,0.19,0.00125,0.1
33011,0,0,0,0,0.01,0.04,0.08,0.04,0.01,0,0,0,0,0,0,0,0,0,0,0,0,0,0,0,0.68,0.65,0.33,0.01,0,0,0,0,0,0,0.11,0.46,0.14,0.1,0.02,0,0,0,0,0,0,0,0,0.03,0.00111,0.0944,0.00205,0.0745
33013,0,0,0,0,0.01,0.04,0.06,0.03,0.01,0,0,0,0,0,0,0,0,0,0,0,0,0,0,0,0.72,0.7,0.39,0.02,0,0,0,0,0,0,0.15,0.52,0.19,0.14,0.04,0,0,0,0,0,0,0,0,0.04,0.00156,0.209,0.00156,0.0843
33015,0,0,0,0,0.01,0.05,0.1,0.06,0.02,0,0,0,0,0,0,0,0,0,0,0,0,0,0,0,0.65,0.62,0.28,0.01,0,0,0,0,0,0,0.09,0.42,0.1,0.07,0.01,0,0,0,0,0,0,0,0,0.01,0.00366,0.12,0.00156,0.08
33017,0,0,0,0,0.01,0.05,0.08,0.05,0.01,0,0,0,0,0,0,0,0,0,0,0,0,0,0,0,0.69,0.67,0.35,0.01,0,0,0,0,0,0,0.11,0.47,0.14,0.09,0.02,0,0,0,0,0,0,0,0,0.02,0,0.169,0.00137,0.0875
33019,0,0,0,0,0,0.02,0.03,0.02,0,0,0,0,0,0,0,0,0,0,0,0,0,0,0,0,0.75,0.73,0.45,0.05,0,0,0,0,0,0.01,0.2,0.57,0.24,0.22,0.05,0,0,0,0,0,0,0,0,0.07,0,0.0991,0.00174,0.0832
34001,0,0,0,0,0.01,0.08,0.23,0.11,0.02,0,0,0,0,0,0,0,0,0,0,0,0,0,0,0,0.29,0.22,0.05,0,0,0,0,0,0,0,0.01,0.11,0,0,0,0,0,0,0,0,0,0,0,0,0,0.0355,0.0264,0.0234
34003,0,0,0,0.01,0.03,0.09,0.24,0.12,0.03,0,0,0,0,0,0,0,0,0,0,0,0,0,0,0,0.41,0.31,0.1,0,0,0,0,0,0,0,0.01,0.17,0.01,0.01,0,0,0,0,0,0,0,0,0,0,0.00507,0.00495,0.0142,0.0308
34005,0,0,0,0.01,0.03,0.14,0.29,0.17,0.04,0,0,0,0,0,0,0,0,0,0.01,0,0,0,0,0,0.33,0.24,0.07,0,0,0,0,0,0,0,0.01,0.13,0,0,0,0,0,0,0,0,0,0,0,0,0.0449,0.00593,0.0235,0.0243
34007,0,0,0,0.01,0.04,0.14,0.31,0.17,0.04,0,0,0,0,0,0,0,0,0,0,0,0,0,0,0,0.29,0.22,0.06,0,0,0,0,0,0,0,0.01,0.11,0,0,0,0,0,0,0,0,0,0,0,0,0.0617,0.0126,0.0253,0.0249
34009,0,0,0,0,0,0.05,0.18,0.08,0.01,0,0,0,0,0,0,0,0,0,0,0,0,0,0,0,0.23,0.17,0.04,0,0,0,0,0,0,0,0,0.08,0,0,0,0,0,0,0,0,0,0,0,0,0,0.018,0.0302,0.0244
34011,0,0,0,0,0.02,0.1,0.26,0.12,0.03,0,0,0,0,0,0,0,0,0,0,0,0,0,0,0,0.27,0.21,0.05,0,0,0,0,0,0,0,0.01,0.1,0,0,0,0,0,0,0,0,0,0,0,0,0,0.021,0.0294,0.0253
34013,0,0,0,0.01,0.03,0.1,0.25,0.15,0.03,0,0,0,0,0,0,0,0,0,0.01,0,0,0,0,0,0.39,0.29,0.09,0,0,0,0,0,0,0,0.01,0.17,0.01,0,0,0,0,0,0,0,0,0,0,0,0.0221,0.00324,0.0158,0.0291
34015,0,0,0,0.01,0.04,0.12,0.31,0.16,0.04,0,0,0,0,0,0,0,0,0,0,0,0,0,0,0,0.27,0.21,0.05,0,0,0,0,0,0,0,0,0.1,0,0,0,0,0,0,0,0,0,0,0,0,0.0282,0.0215,0.0266,0.0254
34017,0,0,0,0,0.02,0.1,0.27,0.15,0.03,0,0,0,0,0,0,0,0,0,0.01,0,0,0,0,0,0.27,0.21,0.05,0,0,0,0,0,0,0,0,0.09,0,0,0,0,0,0,0,0,0,0,0,0,0.0111,0.00491,0.0156,0.0287
34019,0,0,0,0,0.02,0.08,0.2,0.1,0.03,0,0,0,0,0,0,0,0,0,0,0,0,0,0,0,0.48,0.38,0.12,0,0,0,0,0,0,0,0.04,0.25,0.02,0.01,0,0,0,0,0,0,0,0,0,0,0.0263,0.0241,0.0196,0.0278
34021,0,0,0,0.01,0.04,0.14,0.29,0.18,0.04,0,0,0,0,0,0,0,0,0,0.01,0,0,0,0,0,0.37,0.28,0.08,0,0,0,0,0,0,0,0.02,0.17,0,0,0,0,0,0,0,0,0,0,0,0,0.0507,0.00105,0.0208,0.026
34023,0,0,0,0.01,0.03,0.13,0.29,0.18,0.04,0,0,0,0,0,0,0,0,0,0.01,0,0,0,0,0,0.36,0.26,0.08,0,0,0,0,0,0,0,0.01,0.14,0,0,0,0,0,0,0,0,0,0,0,0,0.0421,0.00123,0.0186,0.0265
34025,0,0,0,0.01,0.02,0.1,0.26,0.16,0.03,0,0,0,0,0,0,0,0,0,0,0,0,0,0,0,0.34,0.24,0.07,0,0,0,0,0,0,0,0.01,0.13,0,0,0,0,0,0,0,0,0,0,0,0,0.0565,0.00804,0.0186,0.0253
34027,0,0,0,0,0.02,0.05,0.14,0.07,0.02,0,0,0,0,0,0,0,0,0,0,0,0,0,0,0,0.51,0.4,0.15,0,0,0,0,0,0,0,0.04,0.27,0.03,0.01,0,0,0,0,0,0,0,0,0,0,0.000423,0.00937,0.0164,0.0297
34029,0,0,0,0,0.01,0.07,0.25,0.13,0.03,0,0,0,0,0,0,0,0,0,0,0,0,0,0,0,0.33,0.24,0.06,0,0,0,0,0,0,0,0.01,0.13,0,0,0,0,0,0,0,0,0,0,0,0,0.0504,0.0894,0.0219,0.0234
34031,0,0,0,0,0.02,0.05,0.14,0.08,0.02,0,0,0,0,0,0,0,0,0,0,0,0,0,0,0,0.5,0.39,0.14,0,0,0,0,0,0,0,0.04,0.24,0.03,0.02,0,0,0,0,0,0,0,0,0,0,0.000849,0.00771,0.0145,0.0315
34033,0,0,0,0,0.03,0.11,0.29,0.15,0.04,0,0,0,0,0,0,0,0,0,0,0,0,0,0,0,0.26,0.19,0.04,0,0,0,0,0,0,0,0,0.09,0,0,0,0,0,0,0,0,0,0,0,0,0.0248,0.0097,0.0285,0.0261
34035,0,0,0,0.01,0.03,0.11,0.26,0.16,0.04,0,0,0,0,0,0,0,0,0,0.01,0,0,0,0,0,0.43,0.32,0.11,0,0,0,0,0,0,0,0.03,0.2,0.01,0.01,0,0,0,0,0,0,0,0,0,0,0.034,0.0136,0.0186,0.0275
34037,0,0,0,0,0.01,0.04,0.1,0.05,0.01,0,0,0,0,0,0,0,0,0,0,0,0,0,0,0,0.57,0.49,0.2,0.01,0,0,0,0,0,0,0.07,0.33,0.05,0.03,0,0,0,0,0,0,0,0,0,0,0.000391,0.0389,0.0151,0.0325
34039,0,0,0,0.01,0.03,0.11,0.28,0.17,0.04,0,0,0,0,0,0,0,0,0,0.01,0,0,0,0,0,0.36,0.27,0.08,0,0,0,0,0,0,0,0.01,0.14,0,0,0,0,0,0,0,0,0,0,0,0,0.0479,0,0.0168,0.028
34041,0,0,0,0,0.01,0.05,0.14,0.07,0.02,0,0,0,0,0,0,0,0,0,0,0,0,0,0,0,0.55,0.44,0.17,0,0,0,0,0,0,0,0.06,0.31,0.04,0.03,0,0,0,0,0,0,0,0,0,0,0.00086,0.0348,0.018,0.0301
35001,0,0,0,0,0.03,0.42,0.49,0.26,0.04,0,0,0,0,0,0,0,0,0.01,0,0,0,0,0,0,0.37,0.18,0.04,0,0,0,0,0,0,0.01,0.1,0.39,0,0,0,0,0,0,0,0,0,0,0,0,0.025,0.0236,0.0395,0.0684
35003,0,0,0,0,0.01,0.08,0.06,0,0,0,0,0,0,0,0,0,0,0,0,0,0,0,0,0,0.67,0.44,0.24,0.06,0,0,0,0,0,0.02,0.25,0.65,0.01,0,0,0,0,0,0,0,0,0,0,0.01,0,0.0455,0.137,0.0378
35005,0,0,0,0.03,0.3,0.71,0.74,0.66,0.26,0.02,0,0,0,0,0,0,0.01,0.15,0.08,0.04,0,0,0,0,0.19,0.09,0.03,0,0,0,0,0,0,0,0.05,0.19,0,0,0,0,0,0,0,0,0,0,0,0,0.0747,0.29,0.134,0.149
35006,0,0,0,0,0.01,0.14,0.2,0.04,0,0,0,0,0,0,0,0,0,0,0,0,0,0,0,0,0.67,0.45,0.2,0.03,0,0,0,0,0,0.02,0.29,0.68,0.02,0.01,0,0,0,0,0,0,0,0,0,0.01,0,0.0778,0.044,0.061
35007,0,0,0,0,0,0.03,0.03,0,0,0,0,0,0,0,0,0,0,0,0,0,0,0,0,0,0.69,0.58,0.26,0.06,0,0,0,0,0,0.03,0.3,0.66,0.03,0.02,0,0,0,0,0,0,0,0,0,0.02,,,0.0254,0.109
35009,0,0,0,0.01,0.17,0.52,0.62,0.49,0.16,0.01,0,0,0,0,0,0,0,0.05,0.04,0.02,0,0,0,0,0.28,0.17,0.06,0,0,0,0,0,0,0.01,0.07,0.24,0,0,0,0,0,0,0,0,0,0,0,0,0.0432,0.415,0.0974,0.112
35011,0,0,0,0.01,0.2,0.61,0.69,0.54,0.2,0.02,0,0,0,0,0,0,0,0.07,0.06,0.02,0,0,0,0,0.23,0.13,0.04,0,0,0,0,0,0,0,0.05,0.24,0,0,0,0,0,0,0,0,0,0,0,0,0.131,0.267,0.09,0.0968
35013,0,0,0,0.01,0.26,0.85,0.8,0.67,0.32,0.02,0,0,0,0,0,0,0.01,0.14,0.11,0.03,0,0,0,0,0.05,0.02,0,0,0,0,0,0,0,0,0.01,0.07,0,0,0,0,0,0,0,0,0,0,0,0,0.324,0.0063,0.2,0.0309
35015,0,0,0,0.05,0.39,0.81,0.84,0.78,0.35,0.04,0,0,0,0,0,0,0.02,0.23,0.15,0.08,0.01,0,0,0,0.07,0.03,0.01,0,0,0,0,0,0,0,0.01,0.07,0,0,0,0,0,0,0,0,0,0,0,0,0.308,0.139,0.164,0.213
35017,0,0,0,0,0.04,0.45,0.35,0.19,0.03,0,0,0,0,0,0,0,0,0.01,0,0,0,0,0,0,0.14,0.08,0.02,0,0,0,0,0,0,0.01,0.05,0.18,0,0,0,0,0,0,0,0,0,0,0,0,0.119,0.0971,0.255,0.0215
35019,0,0,0,0,0.07,0.45,0.57,0.39,0.09,0,0,0,0,0,0,0,0,0.02,0.02,0,0,0,0,0,0.32,0.19,0.06,0,0,0,0,0,0,0.01,0.08,0.31,0,0.01,0,0,0,0,0,0,0,0,0,0.01,0.206,0.176,0.0613,0.08
35021,0,0,0,0,0.08,0.42,0.6,0.41,0.1,0,0,0,0,0,0,0,0,0.03,0.02,0,0,0,0,0,0.44,0.3,0.1,0.01,0,0,0,0,0,0.02,0.14,0.42,0.01,0.01,0,0,0,0,0,0,0,0,0,0.01,,,0.0566,0.0825
35023,0,0,0,0.01,0.23,0.81,0.7,0.55,0.27,0.02,0,0,0,0,0,0,0.01,0.1,0.07,0.01,0,0,0,0,0.1,0.04,0.01,0,0,0,0,0,0,0,0.02,0.11,0,0,0,0,0,0,0,0,0,0,0,0,0.142,0.00174,0.352,0.0154
35025,0,0,0,0.04,0.35,0.73,0.8,0.73,0.32,0.04,0,0,0,0,0,0,0.03,0.18,0.12,0.07,0.01,0,0,0,0.14,0.07,0.02,0,0,0,0,0,0,0,0.03,0.13,0,0,0,0,0,0,0,0,0,0,0,0,0.227,0.212,0.143,0.259
35027,0,0,0,0,0.06,0.4,0.37,0.21,0.03,0,0,0,0,0,0,0,0,0.01,0,0,0,0,0,0,0.29,0.18,0.06,0,0,0,0,0,0,0.01,0.09,0.3,0,0,0,0,0,0,0,0,0,0,0,0,0.0931,0.025,0.115,0.0714
35028,0,0,0,0,0,0.03,0.02,0,0,0,0,0,0,0,0,0,0,0,0,0,0,0,0,0,0.62,0.41,0.14,0.02,0,0,0,0,0,0.02,0.22,0.57,0.01,0.01,0,0,0,0,0,0,0,0,0,0.01,,,0.0213,0.0855
35029,0,0,0,0.01,0.28,0.87,0.81,0.67,0.33,0.03,0,0,0,0,0,0,0.01,0.18,0.14,0.03,0,0,0,0,0.08,0.03,0,0,0,0,0,0,0,0,0.02,0.1,0,0,0,0,0,0,0,0,0,0,0,0,0.212,0.00403,0.226,0.0216
35031,0,0,0,0,0.01,0.15,0.24,0.07,0.01,0,0,0,0,0,0,0,0,0,0,0,0,0,0,0,0.66,0.41,0.15,0.02,0,0,0,0,0,0.02,0.27,0.65,0.02,0.01,0,0,0,0,0,0,0,0,0,0.01,0,0,0.0272,0.074
35033,0,0,0,0,0,0.03,0.03,0,0,0,0,0,0,0,0,0,0,0,0,0,0,0,0,0,0.66,0.51,0.22,0.05,0,0,0,0,0,0.03,0.27,0.64,0.02,0.02,0,0,0,0,0,0,0,0,0,0.02,,,0.0316,0.0935
35035,0,0,0,0,0.1,0.55,0.46,0.33,0.07,0,0,0,0,0,0,0,0,0.02,0.01,0,0,0,0,0,0.12,0.06,0.02,0,0,0,0,0,0,0,0.03,0.14,0,0,0,0,0,0,0,0,0,0,0,0,0.136,0.0103,0.18,0.0743
35037,0,0,0,0.01,0.19,0.58,0.73,0.59,0.22,0.02,0,0,0,0,0,0,0,0.09,0.07,0.03,0,0,0,0,0.27,0.15,0.05,0,0,0,0,0,0,0.01,0.06,0.25,0,0,0,0,0,0,0,0,0,0,0,0,0.00453,0.104,0.0805,0.0806
35039,0,0,0,0,0,0.01,0.03,0,0,0,0,0,0,0,0,0,0,0,0,0,0,0,0,0,0.82,0.6,0.26,0.06,0,0,0,0,0,0.04,0.34,0.76,0.05,0.02,0,0,0,0,0,0,0,0,0,0.04,0,0.174,0.015,0.104
35041,0,0,0,0.02,0.23,0.59,0.66,0.54,0.19,0.01,0,0,0,0,0,0,0,0.09,0.05,0.03,0,0,0,0,0.26,0.14,0.05,0,0,0,0,0,0,0.01,0.06,0.22,0,0,0,0,0,0,0,0,0,0,0,0,0.0426,0.372,0.111,0.153
35043,0,0,0,0,0.01,0.19,0.29,0.1,0.01,0,0,0,0,0,0,0,0,0,0,0,0,0,0,0,0.63,0.36,0.1,0,0,0,0,0,0,0.02,0.19,0.6,0.01,0,0,0,0,0,0,0,0,0,0,0.01,0.0114,0.0516,0.0231,0.0781
35045,0,0,0,0,0.02,0.3,0.56,0.29,0.03,0,0,0,0,0,0,0,0,0,0,0,0,0,0,0,0.57,0.28,0.07,0,0,0,0,0,0,0.01,0.17,0.53,0.02,0,0,0,0,0,0,0,0,0,0,0,0.0862,0.0334,0.0201,0.0926
35047,0,0,0,0,0.02,0.26,0.37,0.18,0.03,0,0,0,0,0,0,0,0,0,0,0,0,0,0,0,0.4,0.25,0.09,0,0,0,0,0,0,0.01,0.12,0.39,0,0.01,0,0,0,0,0,0,0,0,0,0.01,0.023,0.0641,0.0429,0.0842
35049,0,0,0,0,0.01,0.11,0.15,0.03,0,0,0,0,0,0,0,0,0,0,0,0,0,0,0,0,0.56,0.34,0.11,0.01,0,0,0,0,0,0.02,0.19,0.55,0.01,0.01,0,0,0,0,0,0,0,0,0,0.01,0.00115,0.0782,0.0281,0.0807
35051,0,0,0,0,0.11,0.64,0.57,0.36,0.08,0,0,0,0,0,0,0,0,0.03,0.01,0,0,0,0,0,0.14,0.06,0.01,0,0,0,0,0,0,0,0.03,0.17,0,0,0,0,0,0,0,0,0,0,0,0,0,0,0.151,0.0332
35053,0,0,0,0,0.04,0.45,0.43,0.2,0.02,0,0,0,0,0,0,0,0,0.01,0,0,0,0,0,0,0.35,0.19,0.04,0,0,0,0,0,0,0.01,0.09,0.38,0,0,0,0,0,0,0,0,0,0,0,0,0,0,0.0942,0.0469
35055,0,0,0,0,0,0,0,0,0,0,0,0,0,0,0,0,0,0,0,0,0,0,0,0,0.85,0.66,0.34,0.11,0.01,0,0,0,0,0.06,0.41,0.8,0.06,0.03,0.01,0,0,0,0,0,0,0,0,0.06,,,0.0158,0.112
35057,0,0,0,0,0.01,0.25,0.28,0.11,0.01,0,0,0,0,0,0,0,0,0,0,0,0,0,0,0,0.5,0.3,0.12,0.01,0,0,0,0,0,0.02,0.17,0.49,0,0.01,0,0,0,0,0,0,0,0,0,0.01,0.0238,0.0536,0.0651,0.0672
35059,0,0,0,0,0.03,0.28,0.43,0.24,0.06,0,0,0,0,0,0,0,0,0.01,0,0,0,0,0,0,0.5,0.4,0.14,0.02,0,0,0,0,0,0.02,0.18,0.48,0.01,0.01,0,0,0,0,0,0,0,0,0,0.02,0.00156,0.0109,0.0538,0.0897
35061,0,0,0,0,0.09,0.63,0.68,0.46,0.11,0,0,0,0,0,0,0,0,0.04,0.03,0,0,0,0,0,0.4,0.17,0.03,0,0,0,0,0,0,0,0.1,0.41,0,0,0,0,0,0,0,0,0,0,0,0,0.0445,0.0289,0.0536,0.0612
36001,0,0,0,0,0.01,0.04,0.07,0.03,0.01,0,0,0,0,0,0,0,0,0,0,0,0,0,0,0,0.66,0.6,0.33,0.01,0,0,0,0,0,0,0.09,0.41,0.15,0.09,0.02,0,0,0,0,0,0,0,0,0.02,0.00687,0.153,0.00576,0.0567
36003,0,0,0,0,0,0,0.02,0.01,0,0,0,0,0,0,0,0,0,0,0,0,0,0,0,0,0.65,0.62,0.43,0.04,0,0,0,0,0,0,0.12,0.43,0.16,0.12,0.04,0,0,0,0,0,0,0,0,0.03,0,0.142,0.00568,0.0615
36005,0,0,0,0,0.01,0.08,0.23,0.12,0.02,0,0,0,0,0,0,0,0,0,0.01,0,0,0,0,0,0.26,0.2,0.05,0,0,0,0,0,0,0,0,0.07,0,0,0,0,0,0,0,0,0,0,0,0,0.00337,0,0.0141,0.0299
36007,0,0,0,0,0,0.02,0.05,0.03,0,0,0,0,0,0,0,0,0,0,0,0,0,0,0,0,0.63,0.59,0.36,0.03,0,0,0,0,0,0,0.11,0.38,0.14,0.1,0.02,0,0,0,0,0,0,0,0,0.02,0,0.0268,0.0106,0.0495
36009,0,0,0,0,0,0,0.01,0,0,0,0,0,0,0,0,0,0,0,0,0,0,0,0,0,0.65,0.63,0.43,0.04,0,0,0,0,0,0,0.11,0.42,0.16,0.12,0.04,0,0,0,0,0,0,0,0,0.03,0,0.0945,0.00351,0.0569
36011,0,0,0,0,0,0.03,0.05,0.02,0.01,0,0,0,0,0,0,0,0,0,0,0,0,0,0,0,0.61,0.57,0.35,0.02,0,0,0,0,0,0,0.07,0.35,0.13,0.08,0.02,0,0,0,0,0,0,0,0,0.01,0,0.0735,0.0039,0.0796
36013,0,0,0,0,0,0,0.02,0.01,0,0,0,0,0,0,0,0,0,0,0,0,0,0,0,0,0.61,0.57,0.36,0.02,0,0,0,0,0,0,0.06,0.33,0.11,0.09,0.02,0,0,0,0,0,0,0,0,0.01,0,0.0752,0.00404,0.0458
36015,0,0,0,0,0,0.02,0.06,0.03,0.01,0,0,0,0,0,0,0,0,0,0,0,0,0,0,0,0.62,0.58,0.35,0.03,0,0,0,0,0,0,0.09,0.38,0.13,0.09,0.02,0,0,0,0,0,0,0,0,0.01,0,0.0616,0.0108,0.0544
36017,0,0,0,0,0,0.01,0.02,0.01,0,0,0,0,0,0,0,0,0,0,0,0,0,0,0,0,0.66,0.64,0.42,0.04,0,0,0,0,0,0,0.13,0.43,0.18,0.13,0.03,0,0,0,0,0,0,0,0,0.03,0,0.037,0.00819,0.0554
36019,0,0,0,0,0,0.01,0.02,0.01,0,0,0,0,0,0,0,0,0,0,0,0,0,0,0,0,0.78,0.77,0.5,0.07,0,0,0,0,0,0.01,0.21,0.59,0.34,0.28,0.09,0,0,0,0,0,0,0,0.01,0.12,0,0.0726,0.000848,0.131
36021,0,0,0,0,0.01,0.05,0.12,0.05,0.01,0,0,0,0,0,0,0,0,0,0,0,0,0,0,0,0.62,0.56,0.26,0.01,0,0,0,0,0,0,0.08,0.39,0.1,0.06,0.01,0,0,0,0,0,0,0,0,0.01,0,0.032,0.00672,0.0508
36023,0,0,0,0,0,0,0.02,0.01,0,0,0,0,0,0,0,0,0,0,0,0,0,0,0,0,0.67,0.63,0.43,0.05,0,0,0,0,0,0,0.13,0.43,0.17,0.12,0.03,0,0,0,0,0,0,0,0,0.02,0,0.0866,0.00745,0.061
36025,0,0,0,0,0,0,0.02,0.01,0,0,0,0,0,0,0,0,0,0,0,0,0,0,0,0,0.68,0.67,0.44,0.05,0,0,0,0,0,0,0.14,0.47,0.18,0.13,0.04,0,0,0,0,0,0,0,0,0.03,0,0.0793,0.0093,0.0478
36027,0,0,0,0.01,0.02,0.05,0.16,0.06,0.01,0,0,0,0,0,0,0,0,0,0,0,0,0,0,0,0.61,0.52,0.22,0.01,0,0,0,0,0,0,0.07,0.34,0.07,0.04,0,0,0,0,0,0,0,0,0,0,0.0146,0.0121,0.00917,0.0419
36029,0,0,0,0,0,0.01,0.03,0.02,0,0,0,0,0,0,0,0,0,0,0,0,0,0,0,0,0.58,0.56,0.36,0.01,0,0,0,0,0,0,0.07,0.32,0.09,0.07,0.02,0,0,0,0,0,0,0,0,0.01,0.0107,0.194,0.00215,0.0649
36031,0,0,0,0,0,0,0.01,0,0,0,0,0,0,0,0,0,0,0,0,0,0,0,0,0,0.78,0.79,0.55,0.1,0,0,0,0,0,0.01,0.25,0.61,0.35,0.3,0.11,0,0,0,0,0,0,0,0.01,0.13,0,0.12,0.00123,0.105
36033,0,0,0,0,0,0,0.01,0,0,0,0,0,0,0,0,0,0,0,0,0,0,0,0,0,0.8,0.79,0.56,0.11,0,0,0,0,0,0.01,0.26,0.62,0.38,0.34,0.12,0,0,0,0,0,0,0,0.01,0.15,0,0.19,0.00082,0.129
36035,0,0,0,0,0,0.01,0.03,0.01,0,0,0,0,0,0,0,0,0,0,0,0,0,0,0,0,0.73,0.71,0.45,0.05,0,0,0,0,0,0,0.15,0.51,0.23,0.18,0.04,0,0,0,0,0,0,0,0,0.06,0,0.194,0.0038,0.0696
36037,0,0,0,0,0,0.02,0.05,0.02,0.01,0,0,0,0,0,0,0,0,0,0,0,0,0,0,0,0.6,0.57,0.35,0.01,0,0,0,0,0,0,0.07,0.34,0.1,0.07,0.02,0,0,0,0,0,0,0,0,0.01,0,0.0641,0.0015,0.0824
36039,0,0,0,0,0,0.02,0.04,0.01,0,0,0,0,0,0,0,0,0,0,0,0,0,0,0,0,0.67,0.62,0.38,0.03,0,0,0,0,0,0,0.11,0.43,0.15,0.1,0.02,0,0,0,0,0,0,0,0,0.02,0,0.0852,0.00745,0.0501
36041,0,0,0,0,0,0,0,0,0,0,0,0,0,0,0,0,0,0,0,0,0,0,0,0,0.78,0.81,0.59,0.13,0,0,0,0,0,0.01,0.28,0.63,0.36,0.32,0.14,0,0,0,0,0,0,0,0.01,0.14,0,0.225,0.00191,0.0884
36043,0,0,0,0,0,0,0,0,0,0,0,0,0,0,0,0,0,0,0,0,0,0,0,0,0.75,0.76,0.52,0.08,0,0,0,0,0,0,0.21,0.57,0.31,0.24,0.09,0,0,0,0,0,0,0,0.01,0.11,0,0.128,0.00213,0.0862
36045,0,0,0,0,0,0.01,0.03,0.01,0,0,0,0,0,0,0,0,0,0,0,0,0,0,0,0,0.71,0.69,0.45,0.04,0,0,0,0,0,0,0.15,0.49,0.28,0.23,0.06,0,0,0,0,0,0,0,0,0.08,0,0.117,0.000887,0.113
36047,0,0,0,0,0.01,0.08,0.22,0.12,0.02,0,0,0,0,0,0,0,0,0,0.01,0,0,0,0,0,0.24,0.18,0.05,0,0,0,0,0,0,0,0,0.06,0,0,0,0,0,0,0,0,0,0,0,0,0.492,0,0.0157,0.0279
36049,0,0,0,0,0,0,0,0,0,0,0,0,0,0,0,0,0,0,0,0,0,0,0,0,0.76,0.76,0.53,0.08,0,0,0,0,0,0.01,0.22,0.59,0.34,0.29,0.1,0,0,0,0,0,0,0,0.01,0.12,0,0.112,0.00132,0.099
36051,0,0,0,0,0.01,0.02,0.06,0.02,0.01,0,0,0,0,0,0,0,0,0,0,0,0,0,0,0,0.6,0.56,0.35,0.01,0,0,0,0,0,0,0.08,0.33,0.11,0.07,0.02,0,0,0,0,0,0,0,0,0.01,0,0.0661,0.00317,0.0769
36053,0,0,0,0,0,0.01,0.02,0.01,0,0,0,0,0,0,0,0,0,0,0,0,0,0,0,0,0.68,0.65,0.42,0.04,0,0,0,0,0,0,0.12,0.45,0.19,0.14,0.03,0,0,0,0,0,0,0,0,0.03,0,0.0753,0.00529,0.0674
36055,0,0,0,0,0,0.02,0.06,0.03,0.01,0,0,0,0,0,0,0,0,0,0,0,0,0,0,0,0.56,0.53,0.28,0.01,0,0,0,0,0,0,0.05,0.29,0.07,0.04,0.01,0,0,0,0,0,0,0,0,0.01,0,0.204,0.00137,0.096
36057,0,0,0,0,0,0.04,0.07,0.03,0.01,0,0,0,0,0,0,0,0,0,0,0,0,0,0,0,0.69,0.66,0.38,0.02,0,0,0,0,0,0,0.1,0.45,0.17,0.12,0.02,0,0,0,0,0,0,0,0,0.03,0.00769,0.0741,0.00482,0.0636
36059,0,0,0,0,0.01,0.05,0.17,0.08,0.01,0,0,0,0,0,0,0,0,0,0,0,0,0,0,0,0.27,0.22,0.06,0,0,0,0,0,0,0,0,0.08,0,0,0,0,0,0,0,0,0,0,0,0,0.00472,0,0.0138,0.029
36061,0,0,0,0,0.02,0.09,0.25,0.13,0.02,0,0,0,0,0,0,0,0,0,0.01,0,0,0,0,0,0.25,0.2,0.05,0,0,0,0,0,0,0,0,0.07,0,0,0,0,0,0,0,0,0,0,0,0,,,0.0149,0.0291
36063,0,0,0,0,0,0.02,0.06,0.03,0.01,0,0,0,0,0,0,0,0,0,0,0,0,0,0,0,0.54,0.52,0.27,0.01,0,0,0,0,0,0,0.04,0.26,0.05,0.04,0.01,0,0,0,0,0,0,0,0,0,0,0.112,0.00199,0.0783
36065,0,0,0,0,0,0.01,0.02,0.01,0,0,0,0,0,0,0,0,0,0,0,0,0,0,0,0,0.68,0.67,0.44,0.05,0,0,0,0,0,0,0.13,0.46,0.22,0.16,0.05,0,0,0,0,0,0,0,0,0.05,0,0.103,0.00335,0.077
36067,0,0,0,0,0,0.03,0.05,0.03,0.01,0,0,0,0,0,0,0,0,0,0,0,0,0,0,0,0.63,0.59,0.36,0.02,0,0,0,0,0,0,0.08,0.37,0.15,0.1,0.02,0,0,0,0,0,0,0,0,0.02,0,0.0793,0.00435,0.0752
36069,0,0,0,0,0,0.02,0.05,0.02,0.01,0,0,0,0,0,0,0,0,0,0,0,0,0,0,0,0.59,0.56,0.34,0.01,0,0,0,0,0,0,0.07,0.33,0.09,0.07,0.01,0,0,0,0,0,0,0,0,0.01,0,0.105,0.00356,0.081
36071,0,0,0,0,0.01,0.04,0.12,0.06,0.01,0,0,0,0,0,0,0,0,0,0,0,0,0,0,0,0.57,0.49,0.19,0,0,0,0,0,0,0,0.06,0.3,0.05,0.03,0,0,0,0,0,0,0,0,0,0,0,0.00678,0.0124,0.0357
36073,0,0,0,0,0,0.01,0.05,0.02,0.01,0,0,0,0,0,0,0,0,0,0,0,0,0,0,0,0.57,0.56,0.28,0.01,0,0,0,0,0,0,0.05,0.29,0.06,0.05,0.01,0,0,0,0,0,0,0,0,0,0,0.163,0.00128,0.0934
36075,0,0,0,0,0,0.02,0.03,0.02,0,0,0,0,0,0,0,0,0,0,0,0,0,0,0,0,0.65,0.64,0.39,0.02,0,0,0,0,0,0,0.1,0.41,0.18,0.12,0.03,0,0,0,0,0,0,0,0,0.03,0,0.101,0.00184,0.0933
36077,0,0,0,0,0,0,0.02,0.01,0,0,0,0,0,0,0,0,0,0,0,0,0,0,0,0,0.68,0.68,0.44,0.05,0,0,0,0,0,0,0.14,0.47,0.19,0.15,0.04,0,0,0,0,0,0,0,0,0.04,0,0.0784,0.0068,0.0571
36079,0,0,0,0,0.01,0.04,0.13,0.06,0.01,0,0,0,0,0,0,0,0,0,0,0,0,0,0,0,0.57,0.47,0.18,0,0,0,0,0,0,0,0.05,0.31,0.05,0.03,0,0,0,0,0,0,0,0,0,0,0.000133,0.0186,0.0107,0.037
36081,0,0,0,0,0.01,0.07,0.21,0.11,0.02,0,0,0,0,0,0,0,0,0,0.01,0,0,0,0,0,0.25,0.19,0.05,0,0,0,0,0,0,0,0,0.07,0,0,0,0,0,0,0,0,0,0,0,0,0.035,0,0.0151,0.0281
36083,0,0,0,0,0,0.03,0.05,0.02,0.01,0,0,0,0,0,0,0,0,0,0,0,0,0,0,0,0.66,0.62,0.32,0.01,0,0,0,0,0,0,0.1,0.43,0.15,0.1,0.02,0,0,0,0,0,0,0,0,0.02,0,0.141,0.0046,0.061
36085,0,0,0,0,0.02,0.09,0.25,0.14,0.03,0,0,0,0,0,0,0,0,0,0.01,0,0,0,0,0,0.27,0.2,0.06,0,0,0,0,0,0,0,0,0.09,0,0,0,0,0,0,0,0,0,0,0,0,0.0969,0.00149,0.0168,0.0272
36087,0,0,0,0.01,0.02,0.06,0.18,0.08,0.02,0,0,0,0,0,0,0,0,0,0,0,0,0,0,0,0.48,0.38,0.13,0,0,0,0,0,0,0,0.03,0.22,0.03,0.01,0,0,0,0,0,0,0,0,0,0,0.0029,0.00873,0.013,0.033
36089,0,0,0,0,0,0.01,0.02,0.01,0,0,0,0,0,0,0,0,0,0,0,0,0,0,0,0,0.76,0.76,0.51,0.07,0,0,0,0,0,0.01,0.21,0.56,0.35,0.29,0.1,0,0,0,0,0,0,0,0.01,0.13,0,0.149,0.000675,0.127
36091,0,0,0,0,0,0.03,0.05,0.01,0,0,0,0,0,0,0,0,0,0,0,0,0,0,0,0,0.72,0.68,0.38,0.02,0,0,0,0,0,0,0.12,0.47,0.19,0.15,0.03,0,0,0,0,0,0,0,0,0.04,0,0.165,0.00343,0.07
36093,0,0,0,0,0,0.03,0.07,0.03,0.01,0,0,0,0,0,0,0,0,0,0,0,0,0,0,0,0.68,0.63,0.35,0.02,0,0,0,0,0,0,0.09,0.44,0.16,0.11,0.02,0,0,0,0,0,0,0,0,0.02,0,0.0974,0.00481,0.0619
36095,0,0,0,0,0,0.01,0.03,0.01,0,0,0,0,0,0,0,0,0,0,0,0,0,0,0,0,0.7,0.67,0.42,0.05,0,0,0,0,0,0,0.13,0.49,0.18,0.13,0.03,0,0,0,0,0,0,0,0,0.03,0,0.132,0.00637,0.056
36097,0,0,0,0,0,0.02,0.04,0.02,0,0,0,0,0,0,0,0,0,0,0,0,0,0,0,0,0.64,0.59,0.36,0.03,0,0,0,0,0,0,0.09,0.39,0.14,0.09,0.02,0,0,0,0,0,0,0,0,0.01,0,0.0517,0.00802,0.063
36099,0,0,0,0,0.01,0.04,0.07,0.03,0.01,0,0,0,0,0,0,0,0,0,0,0,0,0,0,0,0.58,0.54,0.32,0.01,0,0,0,0,0,0,0.06,0.31,0.09,0.06,0.01,0,0,0,0,0,0,0,0,0.01,0,0.0544,0.00515,0.074
36101,0,0,0,0,0,0.01,0.03,0.02,0,0,0,0,0,0,0,0,0,0,0,0,0,0,0,0,0.65,0.61,0.4,0.04,0,0,0,0,0,0,0.11,0.41,0.15,0.1,0.03,0,0,0,0,0,0,0,0,0.02,0,0.0804,0.00822,0.0613
36103,0,0,0,0,0,0.02,0.07,0.03,0,0,0,0,0,0,0,0,0,0,0,0,0,0,0,0,0.33,0.26,0.08,0,0,0,0,0,0,0,0.01,0.11,0,0,0,0,0,0,0,0,0,0,0,0,0,0.00339,0.01,0.0332
36105,0,0,0,0,0,0.01,0.04,0.02,0,0,0,0,0,0,0,0,0,0,0,0,0,0,0,0,0.65,0.6,0.33,0.03,0,0,0,0,0,0,0.11,0.41,0.12,0.07,0.02,0,0,0,0,0,0,0,0,0.01,0,0.0669,0.0117,0.0398
36107,0,0,0,0,0,0.02,0.06,0.03,0.01,0,0,0,0,0,0,0,0,0,0,0,0,0,0,0,0.62,0.57,0.35,0.03,0,0,0,0,0,0,0.1,0.37,0.12,0.09,0.02,0,0,0,0,0,0,0,0,0.01,0,0.0515,0.0107,0.0523
36109,0,0,0,0,0,0.02,0.04,0.02,0,0,0,0,0,0,0,0,0,0,0,0,0,0,0,0,0.63,0.58,0.37,0.03,0,0,0,0,0,0,0.09,0.38,0.14,0.09,0.02,0,0,0,0,0,0,0,0,0.02,0,0.0578,0.00837,0.0602
36111,0,0,0,0,0,0.03,0.07,0.03,0,0,0,0,0,0,0,0,0,0,0,0,0,0,0,0,0.64,0.56,0.3,0.02,0,0,0,0,0,0,0.09,0.38,0.1,0.05,0.01,0,0,0,0,0,0,0,0,0.01,0,0.177,0.00937,0.0437
36113,0,0,0,0,0,0.01,0.01,0,0,0,0,0,0,0,0,0,0,0,0,0,0,0,0,0,0.76,0.75,0.48,0.06,0,0,0,0,0,0.01,0.17,0.57,0.28,0.23,0.07,0,0,0,0,0,0,0,0,0.08,0,0.208,0.0021,0.084
36115,0,0,0,0,0,0.03,0.06,0.02,0.01,0,0,0,0,0,0,0,0,0,0,0,0,0,0,0,0.72,0.7,0.39,0.02,0,0,0,0,0,0,0.13,0.48,0.2,0.17,0.03,0,0,0,0,0,0,0,0,0.04,0,0.133,0.00252,0.077
36117,0,0,0,0,0,0.03,0.06,0.02,0.01,0,0,0,0,0,0,0,0,0,0,0,0,0,0,0,0.58,0.55,0.3,0.01,0,0,0,0,0,0,0.05,0.31,0.08,0.05,0.01,0,0,0,0,0,0,0,0,0.01,0,0.0532,0.00204,0.0932
36119,0,0,0,0,0.02,0.06,0.18,0.08,0.01,0,0,0,0,0,0,0,0,0,0,0,0,0,0,0,0.46,0.35,0.12,0,0,0,0,0,0,0,0.02,0.21,0.02,0.01,0,0,0,0,0,0,0,0,0,0,0.00127,0.00838,0.0121,0.0335
36121,0,0,0,0,0,0,0.01,0,0,0,0,0,0,0,0,0,0,0,0,0,0,0,0,0,0.64,0.6,0.41,0.03,0,0,0,0,0,0,0.1,0.39,0.14,0.11,0.03,0,0,0,0,0,0,0,0,0.02,0,0.107,0.00228,0.0727
36123,0,0,0,0,0.01,0.03,0.05,0.02,0.01,0,0,0,0,0,0,0,0,0,0,0,0,0,0,0,0.6,0.57,0.34,0.02,0,0,0,0,0,0,0.08,0.34,0.1,0.07,0.02,0,0,0,0,0,0,0,0,0.01,0,0.0386,0.00571,0.0714
37001,0,0,0,0.01,0.03,0.22,0.45,0.28,0.07,0.01,0,0,0,0,0,0,0,0,0,0,0,0,0,0,0.15,0.05,0.02,0,0,0,0,0,0,0,0,0.04,0,0,0,0,0,0,0,0,0,0,0,0,0.00325,0.0144,0.0129,0.0283
37003,0,0,0,0,0.01,0.14,0.29,0.18,0.06,0,0,0,0,0,0,0,0,0,0,0,0,0,0,0,0.18,0.07,0.02,0,0,0,0,0,0,0,0.01,0.07,0,0,0,0,0,0,0,0,0,0,0,0,0.00103,0.0141,0.00938,0.0284
37005,0,0,0,0,0,0,0.01,0,0,0,0,0,0,0,0,0,0,0,0,0,0,0,0,0,0.34,0.23,0.08,0,0,0,0,0,0,0,0.06,0.22,0.01,0.01,0,0,0,0,0,0,0,0,0,0,0,0.00614,0.00826,0.0382
37007,0,0,0,0.01,0.1,0.4,0.65,0.46,0.16,0.01,0,0,0,0,0,0,0,0,0.01,0.01,0,0,0,0,0.09,0.02,0,0,0,0,0,0,0,0,0,0.03,0,0,0,0,0,0,0,0,0,0,0,0,0.0276,0.00202,0.0127,0.0168
37009,0,0,0,0,0,0,0,0,0,0,0,0,0,0,0,0,0,0,0,0,0,0,0,0,0.37,0.26,0.11,0.01,0,0,0,0,0,0,0.09,0.25,0.02,0.01,0,0,0,0,0,0,0,0,0,0,0,0.00807,0.00762,0.0384
37011,0,0,0,0,0,0,0,0,0,0,0,0,0,0,0,0,0,0,0,0,0,0,0,0,0.37,0.28,0.13,0,0,0,0,0,0,0,0.08,0.24,0.02,0.01,0,0,0,0,0,0,0,0,0,0,0,0.0243,0.00786,0.0327
37013,0,0,0,0,0.05,0.25,0.42,0.26,0.05,0,0,0,0,0,0,0,0,0,0,0,0,0,0,0,0.06,0.02,0,0,0,0,0,0,0,0,0,0.01,0,0,0,0,0,0,0,0,0,0,0,0,0.0211,0.0188,0.0132,0.0218
37015,0,0,0,0.01,0.05,0.24,0.43,0.28,0.05,0,0,0,0,0,0,0,0,0,0,0,0,0,0,0,0.11,0.04,0.01,0,0,0,0,0,0,0,0,0.02,0,0,0,0,0,0,0,0,0,0,0,0,0.034,0.0151,0.0161,0.0284
37017,0,0,0,0.01,0.08,0.35,0.57,0.38,0.12,0.01,0,0,0,0,0,0,0,0.01,0.01,0.01,0,0,0,0,0.08,0.02,0,0,0,0,0,0,0,0,0,0.02,0,0,0,0,0,0,0,0,0,0,0,0,0.0192,0.0188,0.0141,0.0157
37019,0,0,0,0,0.05,0.24,0.43,0.29,0.07,0,0,0,0,0,0,0,0,0,0,0,0,0,0,0,0.06,0.01,0,0,0,0,0,0,0,0,0,0.01,0,0,0,0,0,0,0,0,0,0,0,0,0.000384,0.000195,0.0134,0.0122
37021,0,0,0,0,0,0,0.01,0,0,0,0,0,0,0,0,0,0,0,0,0,0,0,0,0,0.27,0.15,0.04,0,0,0,0,0,0,0,0.04,0.14,0.01,0,0,0,0,0,0,0,0,0,0,0,0,0.0101,0.00837,0.0267
37023,0,0,0,0,0.01,0.13,0.27,0.18,0.05,0,0,0,0,0,0,0,0,0,0,0,0,0,0,0,0.19,0.08,0.02,0,0,0,0,0,0,0,0.01,0.09,0,0,0,0,0,0,0,0,0,0,0,0,0,0.00228,0.00902,0.0269
37025,0,0,0,0,0.05,0.29,0.54,0.35,0.11,0.01,0,0,0,0,0,0,0,0,0,0.01,0,0,0,0,0.12,0.04,0.01,0,0,0,0,0,0,0,0,0.04,0,0,0,0,0,0,0,0,0,0,0,0,0.0779,0.0581,0.0114,0.0203
37027,0,0,0,0,0.01,0.13,0.25,0.17,0.04,0,0,0,0,0,0,0,0,0,0,0,0,0,0,0,0.19,0.09,0.02,0,0,0,0,0,0,0,0.02,0.1,0,0,0,0,0,0,0,0,0,0,0,0,0,0.00474,0.00874,0.0299
37029,0,0,0,0,0.02,0.16,0.34,0.22,0.03,0,0,0,0,0,0,0,0,0,0,0,0,0,0,0,0.1,0.04,0,0,0,0,0,0,0,0,0,0.02,0,0,0,0,0,0,0,0,0,0,0,0,0,0.0225,0.0193,0.03
37031,0,0,0,0,0.01,0.14,0.3,0.19,0.03,0,0,0,0,0,0,0,0,0,0,0,0,0,0,0,0.04,0.01,0,0,0,0,0,0,0,0,0,0,0,0,0,0,0,0,0,0,0,0,0,0,0,0.000711,0.0106,0.015
37033,0,0,0,0.01,0.03,0.21,0.43,0.28,0.08,0.01,0,0,0,0,0,0,0,0,0,0,0,0,0,0,0.18,0.07,0.02,0,0,0,0,0,0,0,0.01,0.06,0,0,0,0,0,0,0,0,0,0,0,0,0.00261,0.0215,0.0131,0.0331
37035,0,0,0,0,0.02,0.18,0.39,0.23,0.09,0,0,0,0,0,0,0,0,0,0,0,0,0,0,0,0.16,0.05,0.01,0,0,0,0,0,0,0,0.01,0.07,0,0,0,0,0,0,0,0,0,0,0,0,0.00304,0.0139,0.00989,0.0246
37037,0,0,0,0.01,0.04,0.27,0.52,0.32,0.09,0.01,0,0,0,0,0,0,0,0,0.01,0.01,0,0,0,0,0.12,0.04,0.01,0,0,0,0,0,0,0,0,0.04,0,0,0,0,0,0,0,0,0,0,0,0,0.0112,0.0584,0.0133,0.0246
37039,0,0,0,0,0,0.02,0.07,0.06,0.01,0,0,0,0,0,0,0,0,0,0,0,0,0,0,0,0.24,0.15,0.03,0,0,0,0,0,0,0,0.02,0.12,0,0,0,0,0,0,0,0,0,0,0,0,0,0.0475,0.00845,0.0251
37041,0,0,0,0,0.04,0.22,0.38,0.24,0.03,0,0,0,0,0,0,0,0,0,0,0,0,0,0,0,0.09,0.03,0,0,0,0,0,0,0,0,0,0.01,0,0,0,0,0,0,0,0,0,0,0,0,0.000367,0.00596,0.0169,0.0285
37043,0,0,0,0,0,0,0.02,0.01,0,0,0,0,0,0,0,0,0,0,0,0,0,0,0,0,0.26,0.16,0.04,0,0,0,0,0,0,0,0.03,0.14,0.01,0,0,0,0,0,0,0,0,0,0,0,0,0.0092,0.00889,0.0229
37045,0,0,0,0,0.03,0.23,0.48,0.29,0.11,0.01,0,0,0,0,0,0,0,0,0,0,0,0,0,0,0.16,0.05,0.01,0,0,0,0,0,0,0,0.01,0.06,0,0,0,0,0,0,0,0,0,0,0,0,0.00387,0.0063,0.0102,0.021
37047,0,0,0,0.01,0.08,0.33,0.54,0.38,0.11,0.01,0,0,0,0,0,0,0,0,0.01,0.01,0,0,0,0,0.07,0.01,0,0,0,0,0,0,0,0,0,0.02,0,0,0,0,0,0,0,0,0,0,0,0,0.00385,0.0153,0.0141,0.0134
37049,0,0,0,0,0.05,0.25,0.42,0.27,0.05,0,0,0,0,0,0,0,0,0,0,0,0,0,0,0,0.07,0.02,0,0,0,0,0,0,0,0,0,0.01,0,0,0,0,0,0,0,0,0,0,0,0,0.00121,0.00507,0.0124,0.0186
37051,0,0,0,0.01,0.1,0.37,0.61,0.4,0.13,0.01,0,0,0,0,0,0,0,0,0.01,0.01,0,0,0,0,0.08,0.02,0,0,0,0,0,0,0,0,0,0.02,0,0,0,0,0,0,0,0,0,0,0,0,0.0128,0.0224,0.014,0.0191
37053,0,0,0,0,0.01,0.11,0.29,0.17,0.02,0,0,0,0,0,0,0,0,0,0,0,0,0,0,0,0.07,0.03,0,0,0,0,0,0,0,0,0,0.01,0,0,0,0,0,0,0,0,0,0,0,0,0,0.0394,0.0199,0.0298
37055,0,0,0,0,0.01,0.1,0.24,0.15,0.02,0,0,0,0,0,0,0,0,0,0,0,0,0,0,0,0.04,0.02,0,0,0,0,0,0,0,0,0,0,0,0,0,0,0,0,0,0,0,0,0,0,0.000499,0.00933,0.0135,0.0202
37057,0,0,0,0,0.03,0.21,0.42,0.25,0.08,0.01,0,0,0,0,0,0,0,0,0,0,0,0,0,0,0.15,0.05,0.01,0,0,0,0,0,0,0,0.01,0.06,0,0,0,0,0,0,0,0,0,0,0,0,0.00237,0.00597,0.0114,0.0249
37059,0,0,0,0,0.02,0.2,0.4,0.23,0.08,0.01,0,0,0,0,0,0,0,0,0,0,0,0,0,0,0.18,0.07,0.02,0,0,0,0,0,0,0,0.01,0.08,0,0,0,0,0,0,0,0,0,0,0,0,0.0013,0.0331,0.0106,0.0272
37061,0,0,0,0.01,0.07,0.29,0.48,0.31,0.07,0,0,0,0,0,0,0,0,0,0,0.01,0,0,0,0,0.09,0.02,0,0,0,0,0,0,0,0,0,0.03,0,0,0,0,0,0,0,0,0,0,0,0,0.0161,0.000445,0.0136,0.0184
37063,0,0,0,0.01,0.05,0.27,0.51,0.33,0.09,0.01,0,0,0,0,0,0,0,0,0.01,0.01,0,0,0,0,0.18,0.06,0.01,0,0,0,0,0,0,0,0.01,0.06,0,0,0,0,0,0,0,0,0,0,0,0,0.0113,0.0851,0.014,0.0289
37065,0,0,0,0.01,0.05,0.28,0.49,0.31,0.07,0.01,0,0,0,0,0,0,0,0,0.01,0.01,0,0,0,0,0.11,0.04,0.01,0,0,0,0,0,0,0,0,0.03,0,0,0,0,0,0,0,0,0,0,0,0,0.0993,0.0125,0.0151,0.0279
37067,0,0,0,0,0.02,0.18,0.36,0.21,0.06,0.01,0,0,0,0,0,0,0,0,0,0,0,0,0,0,0.17,0.06,0.02,0,0,0,0,0,0,0,0.01,0.06,0,0,0,0,0,0,0,0,0,0,0,0,0.018,0.0317,0.0109,0.0299
37069,0,0,0,0.01,0.05,0.27,0.51,0.34,0.08,0,0,0,0,0,0,0,0,0,0.01,0.01,0,0,0,0,0.16,0.06,0.01,0,0,0,0,0,0,0,0,0.05,0,0,0,0,0,0,0,0,0,0,0,0,0.0644,0.0214,0.0151,0.0301
37071,0,0,0,0,0.03,0.26,0.49,0.32,0.13,0.01,0,0,0,0,0,0,0,0,0,0,0,0,0,0,0.13,0.04,0.01,0,0,0,0,0,0,0,0.01,0.05,0,0,0,0,0,0,0,0,0,0,0,0,0.0488,0.0146,0.0108,0.0199
37073,0,0,0,0.01,0.04,0.25,0.44,0.29,0.05,0,0,0,0,0,0,0,0,0,0,0,0,0,0,0,0.14,0.06,0.01,0,0,0,0,0,0,0,0,0.03,0,0,0,0,0,0,0,0,0,0,0,0,0.00805,0.0217,0.0192,0.032
37075,0,0,0,0,0,0,0.01,0.01,0,0,0,0,0,0,0,0,0,0,0,0,0,0,0,0,0.28,0.18,0.06,0,0,0,0,0,0,0,0.04,0.16,0.01,0.01,0,0,0,0,0,0,0,0,0,0,0,0.0475,0.00793,0.0269
37077,0,0,0,0.01,0.03,0.22,0.45,0.3,0.08,0.01,0,0,0,0,0,0,0,0,0.01,0,0,0,0,0,0.19,0.08,0.02,0,0,0,0,0,0,0,0.01,0.07,0,0,0,0,0,0,0,0,0,0,0,0,0.00631,0.0303,0.0148,0.0321
37079,0,0,0,0.01,0.08,0.31,0.52,0.32,0.08,0.01,0,0,0,0,0,0,0,0,0.01,0.01,0,0,0,0,0.09,0.03,0,0,0,0,0,0,0,0,0,0.02,0,0,0,0,0,0,0,0,0,0,0,0,0.00515,0.0122,0.014,0.0234
37081,0,0,0,0,0.02,0.2,0.41,0.25,0.07,0.01,0,0,0,0,0,0,0,0,0,0,0,0,0,0,0.16,0.05,0.02,0,0,0,0,0,0,0,0.01,0.05,0,0,0,0,0,0,0,0,0,0,0,0,0.0044,0.0242,0.012,0.0287
37083,0,0,0,0.01,0.05,0.25,0.48,0.31,0.08,0,0,0,0,0,0,0,0,0,0.01,0,0,0,0,0,0.14,0.06,0.01,0,0,0,0,0,0,0,0,0.04,0,0,0,0,0,0,0,0,0,0,0,0,0.0423,0,0.0164,0.0314
37085,0,0,0,0.01,0.08,0.33,0.56,0.37,0.11,0.01,0,0,0,0,0,0,0,0,0.01,0.01,0,0,0,0,0.09,0.03,0.01,0,0,0,0,0,0,0,0,0.03,0,0,0,0,0,0,0,0,0,0,0,0,0.00793,0.0106,0.0139,0.022
37087,0,0,0,0,0,0,0,0,0,0,0,0,0,0,0,0,0,0,0,0,0,0,0,0,0.34,0.22,0.1,0.01,0,0,0,0,0,0,0.07,0.22,0.01,0.01,0,0,0,0,0,0,0,0,0,0,0,0.0243,0.00803,0.0271
37089,0,0,0,0,0,0,0.02,0.01,0,0,0,0,0,0,0,0,0,0,0,0,0,0,0,0,0.21,0.1,0.02,0,0,0,0,0,0,0,0.02,0.09,0,0,0,0,0,0,0,0,0,0,0,0,0,0.00707,0.00922,0.0227
37091,0,0,0,0.01,0.04,0.24,0.44,0.28,0.06,0,0,0,0,0,0,0,0,0,0.01,0,0,0,0,0,0.14,0.05,0.01,0,0,0,0,0,0,0,0,0.03,0,0,0,0,0,0,0,0,0,0,0,0,0.0229,0.003,0.018,0.0316
37093,0,0,0,0.01,0.1,0.37,0.6,0.41,0.12,0.01,0,0,0,0,0,0,0,0,0.01,0.01,0,0,0,0,0.09,0.02,0,0,0,0,0,0,0,0,0,0.03,0,0,0,0,0,0,0,0,0,0,0,0,0.00929,0.00232,0.0137,0.0182
37095,0,0,0,0,0.02,0.2,0.37,0.23,0.03,0,0,0,0,0,0,0,0,0,0,0,0,0,0,0,0.04,0.01,0,0,0,0,0,0,0,0,0,0,0,0,0,0,0,0,0,0,0,0,0,0,0.000279,0,0.0126,0.0192
37097,0,0,0,0,0.02,0.19,0.38,0.22,0.08,0.01,0,0,0,0,0,0,0,0,0,0,0,0,0,0,0.18,0.06,0.02,0,0,0,0,0,0,0,0.01,0.07,0,0,0,0,0,0,0,0,0,0,0,0,0.00565,0.0381,0.0101,0.026
37099,0,0,0,0,0,0,0,0,0,0,0,0,0,0,0,0,0,0,0,0,0,0,0,0,0.3,0.19,0.07,0,0,0,0,0,0,0,0.06,0.18,0.01,0,0,0,0,0,0,0,0,0,0,0,0,0.0603,0.00871,0.0237
37101,0,0,0,0.01,0.07,0.32,0.55,0.35,0.09,0,0,0,0,0,0,0,0,0,0.01,0.01,0,0,0,0,0.1,0.03,0.01,0,0,0,0,0,0,0,0,0.03,0,0,0,0,0,0,0,0,0,0,0,0,0.0254,0.0117,0.0143,0.024
37103,0,0,0,0.01,0.06,0.28,0.45,0.28,0.06,0.01,0,0,0,0,0,0,0,0,0,0,0,0,0,0,0.09,0.02,0,0,0,0,0,0,0,0,0,0.02,0,0,0,0,0,0,0,0,0,0,0,0,0.00164,0.00217,0.0127,0.0184
37105,0,0,0,0.01,0.05,0.3,0.54,0.34,0.09,0.01,0,0,0,0,0,0,0,0,0.01,0.01,0,0,0,0,0.12,0.03,0.01,0,0,0,0,0,0,0,0,0.04,0,0,0,0,0,0,0,0,0,0,0,0,0.00511,0.0457,0.0135,0.0225
37107,0,0,0,0.01,0.08,0.31,0.5,0.32,0.08,0.01,0,0,0,0,0,0,0,0,0,0,0,0,0,0,0.09,0.03,0,0,0,0,0,0,0,0,0,0.02,0,0,0,0,0,0,0,0,0,0,0,0,0.00696,0.00307,0.0135,0.0209
37109,0,0,0,0,0.02,0.21,0.43,0.27,0.11,0.01,0,0,0,0,0,0,0,0,0,0,0,0,0,0,0.15,0.05,0.01,0,0,0,0,0,0,0,0.01,0.06,0,0,0,0,0,0,0,0,0,0,0,0,0.00584,0.017,0.0103,0.0223
37111,0,0,0,0,0.01,0.07,0.17,0.11,0.01,0,0,0,0,0,0,0,0,0,0,0,0,0,0,0,0.21,0.09,0.02,0,0,0,0,0,0,0,0.02,0.11,0,0,0,0,0,0,0,0,0,0,0,0,0,0.00351,0.00874,0.0267
37113,0,0,0,0,0,0,0.01,0,0,0,0,0,0,0,0,0,0,0,0,0,0,0,0,0,0.28,0.17,0.06,0,0,0,0,0,0,0,0.05,0.16,0.01,0,0,0,0,0,0,0,0,0,0,0,0,0.0353,0.00884,0.0229
37115,0,0,0,0,0,0.01,0.02,0.01,0,0,0,0,0,0,0,0,0,0,0,0,0,0,0,0,0.27,0.16,0.04,0,0,0,0,0,0,0,0.03,0.14,0.01,0.01,0,0,0,0,0,0,0,0,0,0,0,0.00552,0.00743,0.0312
37117,0,0,0,0.01,0.06,0.27,0.45,0.29,0.06,0.01,0,0,0,0,0,0,0,0,0,0,0,0,0,0,0.1,0.03,0.01,0,0,0,0,0,0,0,0,0.02,0,0,0,0,0,0,0,0,0,0,0,0,0.00825,0.00324,0.0148,0.0264
37119,0,0,0,0,0.05,0.3,0.54,0.36,0.13,0.01,0,0,0,0,0,0,0,0,0,0.01,0,0,0,0,0.12,0.03,0.01,0,0,0,0,0,0,0,0,0.04,0,0,0,0,0,0,0,0,0,0,0,0,0.067,0.0376,0.0113,0.019
37121,0,0,0,0,0,0,0,0,0,0,0,0,0,0,0,0,0,0,0,0,0,0,0,0,0.34,0.23,0.1,0,0,0,0,0,0,0,0.07,0.22,0.01,0.01,0,0,0,0,0,0,0,0,0,0,0,0.0374,0.00768,0.0323
37123,0,0,0,0.01,0.06,0.32,0.56,0.39,0.12,0.01,0,0,0,0,0,0,0,0,0.01,0.01,0,0,0,0,0.11,0.03,0.01,0,0,0,0,0,0,0,0,0.03,0,0,0,0,0,0,0,0,0,0,0,0,0.0407,0.0129,0.0125,0.0199
37125,0,0,0,0.01,0.07,0.31,0.55,0.37,0.11,0.01,0,0,0,0,0,0,0,0,0.01,0.01,0,0,0,0,0.11,0.03,0.01,0,0,0,0,0,0,0,0,0.04,0,0,0,0,0,0,0,0,0,0,0,0,0.0116,0.00685,0.0132,0.0203
37127,0,0,0,0.01,0.05,0.28,0.51,0.32,0.08,0,0,0,0,0,0,0,0,0,0.01,0.01,0,0,0,0,0.13,0.05,0.01,0,0,0,0,0,0,0,0,0.04,0,0,0,0,0,0,0,0,0,0,0,0,0.0281,0.025,0.0151,0.0287
37129,0,0,0,0,0.04,0.25,0.45,0.29,0.06,0,0,0,0,0,0,0,0,0,0,0,0,0,0,0,0.06,0.01,0,0,0,0,0,0,0,0,0,0.01,0,0,0,0,0,0,0,0,0,0,0,0,0.000306,0.00181,0.0125,0.0129
37131,0,0,0,0.01,0.05,0.25,0.47,0.3,0.08,0,0,0,0,0,0,0,0,0,0.01,0,0,0,0,0,0.15,0.06,0.01,0,0,0,0,0,0,0,0,0.04,0,0,0,0,0,0,0,0,0,0,0,0,0.00659,0.0102,0.0177,0.0329
37133,0,0,0,0,0.04,0.23,0.41,0.25,0.05,0,0,0,0,0,0,0,0,0,0,0,0,0,0,0,0.08,0.02,0,0,0,0,0,0,0,0,0,0.02,0,0,0,0,0,0,0,0,0,0,0,0,0,0.00203,0.0125,0.0164
37135,0,0,0,0.01,0.03,0.21,0.43,0.27,0.07,0.01,0,0,0,0,0,0,0,0,0.01,0,0,0,0,0,0.17,0.06,0.02,0,0,0,0,0,0,0,0.01,0.05,0,0,0,0,0,0,0,0,0,0,0,0,0.00635,0.0461,0.0135,0.0288
37137,0,0,0,0,0.03,0.2,0.4,0.23,0.04,0,0,0,0,0,0,0,0,0,0,0,0,0,0,0,0.05,0.01,0,0,0,0,0,0,0,0,0,0.01,0,0,0,0,0,0,0,0,0,0,0,0,0,0.00276,0.0118,0.0178
37139,0,0,0,0,0.03,0.18,0.35,0.23,0.03,0,0,0,0,0,0,0,0,0,0,0,0,0,0,0,0.09,0.03,0,0,0,0,0,0,0,0,0,0.01,0,0,0,0,0,0,0,0,0,0,0,0,0.00499,0,0.0185,0.0293
37141,0,0,0,0,0.05,0.28,0.48,0.3,0.07,0,0,0,0,0,0,0,0,0,0,0,0,0,0,0,0.08,0.02,0,0,0,0,0,0,0,0,0,0.02,0,0,0,0,0,0,0,0,0,0,0,0,0.00176,0.000859,0.013,0.0151
37143,0,0,0,0,0.03,0.21,0.38,0.24,0.03,0,0,0,0,0,0,0,0,0,0,0,0,0,0,0,0.09,0.03,0,0,0,0,0,0,0,0,0,0.01,0,0,0,0,0,0,0,0,0,0,0,0,0.00182,0.0259,0.0175,0.0287
37145,0,0,0,0.01,0.02,0.19,0.4,0.25,0.07,0.01,0,0,0,0,0,0,0,0,0,0,0,0,0,0,0.2,0.09,0.02,0,0,0,0,0,0,0,0.01,0.08,0,0,0,0,0,0,0,0,0,0,0,0,0.00469,0.0189,0.0141,0.033
37147,0,0,0,0.01,0.07,0.3,0.49,0.31,0.08,0.01,0,0,0,0,0,0,0,0,0.01,0,0,0,0,0,0.09,0.02,0,0,0,0,0,0,0,0,0,0.02,0,0,0,0,0,0,0,0,0,0,0,0,0.00193,0.00385,0.014,0.0241
37149,0,0,0,0,0.02,0.16,0.36,0.21,0.07,0,0,0,0,0,0,0,0,0,0,0,0,0,0,0,0.14,0.03,0.01,0,0,0,0,0,0,0,0,0.05,0,0,0,0,0,0,0,0,0,0,0,0,0.00218,0.00326,0.00972,0.0214
37151,0,0,0,0,0.04,0.24,0.46,0.3,0.08,0.01,0,0,0,0,0,0,0,0,0,0,0,0,0,0,0.13,0.04,0.01,0,0,0,0,0,0,0,0,0.04,0,0,0,0,0,0,0,0,0,0,0,0,0.00307,0.0334,0.0123,0.0239
37153,0,0,0,0.01,0.1,0.4,0.62,0.45,0.14,0.01,0,0,0,0,0,0,0,0.01,0.01,0.01,0,0,0,0,0.09,0.02,0.01,0,0,0,0,0,0,0,0,0.03,0,0,0,0,0,0,0,0,0,0,0,0,0.0226,0.00252,0.0131,0.0174
37155,0,0,0,0.01,0.11,0.42,0.63,0.44,0.15,0.01,0,0,0,0,0,0,0,0.01,0.01,0.01,0,0,0,0,0.08,0.02,0,0,0,0,0,0,0,0,0,0.02,0,0,0,0,0,0,0,0,0,0,0,0,0.0121,0.000479,0.014,0.0155
37157,0,0,0,0,0.03,0.21,0.42,0.26,0.08,0.01,0,0,0,0,0,0,0,0,0,0,0,0,0,0,0.18,0.06,0.02,0,0,0,0,0,0,0,0.01,0.06,0,0,0,0,0,0,0,0,0,0,0,0,0.0034,0.0218,0.0118,0.0333
37159,0,0,0,0,0.03,0.23,0.44,0.26,0.1,0.01,0,0,0,0,0,0,0,0,0,0,0,0,0,0,0.16,0.05,0.01,0,0,0,0,0,0,0,0.01,0.06,0,0,0,0,0,0,0,0,0,0,0,0,0.0164,0.0399,0.0111,0.0232
37161,0,0,0,0,0.02,0.21,0.45,0.27,0.09,0,0,0,0,0,0,0,0,0,0,0,0,0,0,0,0.16,0.04,0.02,0,0,0,0,0,0,0,0.01,0.07,0,0,0,0,0,0,0,0,0,0,0,0,0.00611,0.00481,0.00966,0.0225
37163,0,0,0,0.01,0.08,0.33,0.54,0.35,0.09,0.01,0,0,0,0,0,0,0,0,0.01,0.01,0,0,0,0,0.09,0.02,0,0,0,0,0,0,0,0,0,0.03,0,0,0,0,0,0,0,0,0,0,0,0,0.0045,0.0112,0.0141,0.019
37165,0,0,0,0.02,0.11,0.42,0.63,0.44,0.15,0.01,0,0,0,0,0,0,0,0.01,0.01,0.01,0,0,0,0,0.09,0.02,0,0,0,0,0,0,0,0,0,0.03,0,0,0,0,0,0,0,0,0,0,0,0,0.0257,0.000358,0.0136,0.0164
37167,0,0,0,0.01,0.07,0.32,0.58,0.4,0.13,0.01,0,0,0,0,0,0,0,0,0.01,0.01,0,0,0,0,0.11,0.03,0.01,0,0,0,0,0,0,0,0,0.04,0,0,0,0,0,0,0,0,0,0,0,0,0.0341,0.0459,0.012,0.0195
37169,0,0,0,0,0.02,0.16,0.31,0.18,0.05,0,0,0,0,0,0,0,0,0,0,0,0,0,0,0,0.19,0.07,0.02,0,0,0,0,0,0,0,0.01,0.08,0,0,0,0,0,0,0,0,0,0,0,0,0.00193,0.036,0.0105,0.0343
37171,0,0,0,0,0.01,0.12,0.26,0.16,0.05,0,0,0,0,0,0,0,0,0,0,0,0,0,0,0,0.21,0.09,0.03,0,0,0,0,0,0,0,0.02,0.1,0,0,0,0,0,0,0,0,0,0,0,0,0,0.0285,0.00941,0.0356
37173,0,0,0,0,0,0,0,0,0,0,0,0,0,0,0,0,0,0,0,0,0,0,0,0,0.33,0.21,0.09,0,0,0,0,0,0,0,0.07,0.2,0.01,0.01,0,0,0,0,0,0,0,0,0,0,0,0.0765,0.00755,0.0288
37175,0,0,0,0,0,0,0,0,0,0,0,0,0,0,0,0,0,0,0,0,0,0,0,0,0.24,0.13,0.04,0,0,0,0,0,0,0,0.03,0.11,0,0,0,0,0,0,0,0,0,0,0,0,0,0.0246,0.00925,0.0219
37177,0,0,0,0,0.02,0.19,0.35,0.23,0.03,0,0,0,0,0,0,0,0,0,0,0,0,0,0,0,0.06,0.02,0,0,0,0,0,0,0,0,0,0.01,0,0,0,0,0,0,0,0,0,0,0,0,0.000285,0.00334,0.0153,0.0246
37179,0,0,0,0.01,0.08,0.35,0.59,0.41,0.14,0.01,0,0,0,0,0,0,0,0,0.01,0.01,0,0,0,0,0.11,0.03,0.01,0,0,0,0,0,0,0,0,0.04,0,0,0,0,0,0,0,0,0,0,0,0,0.0249,0.0133,0.0121,0.0167
37181,0,0,0,0.01,0.03,0.24,0.47,0.31,0.09,0.01,0,0,0,0,0,0,0,0,0.01,0,0,0,0,0,0.18,0.07,0.02,0,0,0,0,0,0,0,0.01,0.06,0,0,0,0,0,0,0,0,0,0,0,0,0.0174,0.0231,0.0155,0.033
37183,0,0,0,0.01,0.05,0.29,0.52,0.35,0.08,0.01,0,0,0,0,0,0,0,0,0.01,0.01,0,0,0,0,0.12,0.04,0.01,0,0,0,0,0,0,0,0,0.03,0,0,0,0,0,0,0,0,0,0,0,0,0.0117,0.0199,0.0142,0.0266
37185,0,0,0,0.01,0.04,0.24,0.48,0.32,0.09,0,0,0,0,0,0,0,0,0,0.01,0,0,0,0,0,0.17,0.06,0.02,0,0,0,0,0,0,0,0,0.06,0,0,0,0,0,0,0,0,0,0,0,0,0.0255,0.0201,0.0162,0.0333
37187,0,0,0,0,0.04,0.24,0.4,0.26,0.04,0,0,0,0,0,0,0,0,0,0,0,0,0,0,0,0.08,0.03,0,0,0,0,0,0,0,0,0,0.01,0,0,0,0,0,0,0,0,0,0,0,0,0.0165,0.0246,0.0149,0.0253
37189,0,0,0,0,0,0,0,0,0,0,0,0,0,0,0,0,0,0,0,0,0,0,0,0,0.35,0.25,0.12,0,0,0,0,0,0,0,0.07,0.23,0.02,0.01,0,0,0,0,0,0,0,0,0,0,0,0.00657,0.00776,0.0351
37191,0,0,0,0.01,0.08,0.32,0.52,0.33,0.08,0.01,0,0,0,0,0,0,0,0,0.01,0.01,0,0,0,0,0.09,0.02,0,0,0,0,0,0,0,0,0,0.02,0,0,0,0,0,0,0,0,0,0,0,0,0.0149,0.0272,0.0141,0.0224
37193,0,0,0,0,0.01,0.11,0.21,0.14,0.04,0,0,0,0,0,0,0,0,0,0,0,0,0,0,0,0.21,0.09,0.02,0,0,0,0,0,0,0,0.01,0.1,0,0,0,0,0,0,0,0,0,0,0,0,0.000363,0.0117,0.00879,0.0332
37195,0,0,0,0.01,0.07,0.3,0.53,0.32,0.09,0,0,0,0,0,0,0,0,0,0.01,0.01,0,0,0,0,0.1,0.03,0.01,0,0,0,0,0,0,0,0,0.02,0,0,0,0,0,0,0,0,0,0,0,0,0.0265,0.0099,0.0145,0.0259
37197,0,0,0,0,0.01,0.17,0.33,0.19,0.06,0.01,0,0,0,0,0,0,0,0,0,0,0,0,0,0,0.19,0.07,0.02,0,0,0,0,0,0,0,0.01,0.09,0,0,0,0,0,0,0,0,0,0,0,0,0.00163,0.00189,0.00992,0.0311
37199,0,0,0,0,0,0,0,0,0,0,0,0,0,0,0,0,0,0,0,0,0,0,0,0,0.35,0.23,0.11,0.01,0,0,0,0,0,0,0.07,0.22,0.01,0.01,0,0,0,0,0,0,0,0,0,0,0,0.00892,0.00784,0.0306
38001,0,0,0,0,0,0.04,0.25,0.23,0.07,0,0,0,0,0,0,0,0,0,0.02,0.01,0,0,0,0,0.82,0.71,0.44,0.13,0,0,0,0,0,0.09,0.5,0.82,0.34,0.28,0.08,0,0,0,0,0,0,0,0.06,0.22,0,0,0.0205,0.162
38003,0,0,0,0,0.01,0.03,0.06,0.05,0.01,0,0,0,0,0,0,0,0,0,0,0,0,0,0,0,0.91,0.85,0.52,0.11,0,0,0,0,0,0.05,0.48,0.83,0.51,0.43,0.13,0,0,0,0,0,0,0,0.04,0.32,0.00118,0.26,0.0234,0.114
38005,0,0,0,0,0,0.02,0.04,0.06,0.01,0,0,0,0,0,0,0,0,0,0,0,0,0,0,0,0.94,0.89,0.57,0.16,0,0,0,0,0,0.07,0.55,0.88,0.55,0.48,0.15,0.01,0,0,0,0,0,0,0.07,0.37,0,0.399,0.0261,0.138
38007,0,0,0,0,0,0.04,0.24,0.23,0.05,0,0,0,0,0,0,0,0,0,0.02,0.01,0,0,0,0,0.81,0.72,0.44,0.12,0,0,0,0,0,0.09,0.46,0.77,0.35,0.28,0.09,0,0,0,0,0,0,0,0.06,0.23,,,0.023,0.125
38009,0,0,0,0,0.01,0.01,0.06,0.09,0.02,0,0,0,0,0,0,0,0,0,0,0,0,0,0,0,0.93,0.88,0.55,0.16,0,0,0,0,0,0.09,0.56,0.88,0.52,0.47,0.16,0.01,0,0,0,0,0,0,0.09,0.38,0,0.0186,0.0142,0.137
38011,0,0,0,0,0,0.04,0.26,0.24,0.06,0,0,0,0,0,0,0,0,0,0.02,0.01,0,0,0,0,0.8,0.71,0.42,0.13,0,0,0,0,0,0.09,0.47,0.78,0.3,0.26,0.08,0.01,0,0,0,0,0,0,0.06,0.21,0.0316,0.0778,0.0248,0.155
38013,0,0,0,0,0,0.01,0.06,0.09,0.01,0,0,0,0,0,0,0,0,0,0,0,0,0,0,0,0.91,0.88,0.56,0.17,0.01,0,0,0,0,0.11,0.58,0.89,0.5,0.44,0.16,0.01,0,0,0,0,0,0,0.09,0.35,0,0.216,0.0123,0.114
38015,0,0,0,0,0,0.02,0.12,0.12,0.03,0,0,0,0,0,0,0,0,0,0.01,0,0,0,0,0,0.89,0.8,0.49,0.12,0,0,0,0,0,0.06,0.49,0.82,0.46,0.38,0.11,0,0,0,0,0,0,0,0.05,0.27,0,0.154,0.0227,0.148
38017,0,0,0,0,0.01,0.04,0.08,0.06,0.02,0,0,0,0,0,0,0,0,0,0,0,0,0,0,0,0.91,0.85,0.51,0.08,0,0,0,0,0,0.03,0.44,0.83,0.52,0.43,0.12,0,0,0,0,0,0,0,0.03,0.32,0.103,0.0999,0.0195,0.0986
38019,0,0,0,0,0,0.01,0.02,0.04,0,0,0,0,0,0,0,0,0,0,0,0,0,0,0,0,0.94,0.9,0.62,0.18,0,0,0,0,0,0.09,0.56,0.88,0.59,0.53,0.19,0.01,0,0,0,0,0,0,0.1,0.41,0,0.254,0.0262,0.124
38021,0,0,0,0,0.01,0.03,0.08,0.07,0.02,0,0,0,0,0,0,0,0,0,0,0,0,0,0,0,0.89,0.8,0.47,0.1,0,0,0,0,0,0.05,0.45,0.8,0.46,0.36,0.11,0,0,0,0,0,0,0,0.03,0.27,0.00575,0.352,0.0234,0.131
38023,0,0,0,0,0.01,0.03,0.09,0.13,0.03,0,0,0,0,0,0,0,0,0,0,0,0,0,0,0,0.92,0.87,0.55,0.15,0.01,0,0,0,0,0.11,0.59,0.9,0.48,0.4,0.15,0.01,0,0,0,0,0,0,0.09,0.33,0.00286,0.00365,0.016,0.103
38025,0,0,0,0,0,0.03,0.18,0.19,0.05,0,0,0,0,0,0,0,0,0,0.01,0.01,0,0,0,0,0.85,0.76,0.46,0.13,0,0,0,0,0,0.08,0.46,0.8,0.4,0.31,0.1,0,0,0,0,0,0,0,0.06,0.24,0.00307,0.126,0.0176,0.125
38027,0,0,0,0,0.01,0.02,0.05,0.06,0.01,0,0,0,0,0,0,0,0,0,0,0,0,0,0,0,0.93,0.88,0.55,0.14,0,0,0,0,0,0.06,0.52,0.86,0.54,0.46,0.15,0,0,0,0,0,0,0,0.06,0.35,0,0.013,0.0264,0.131
38029,0,0,0,0,0.01,0.03,0.15,0.13,0.04,0,0,0,0,0,0,0,0,0,0.01,0,0,0,0,0,0.89,0.78,0.46,0.12,0,0,0,0,0,0.06,0.46,0.81,0.43,0.35,0.1,0,0,0,0,0,0,0,0.05,0.25,0.0711,0.239,0.0229,0.153
38031,0,0,0,0,0,0.02,0.06,0.06,0.01,0,0,0,0,0,0,0,0,0,0,0,0,0,0,0,0.93,0.86,0.55,0.13,0,0,0,0,0,0.06,0.52,0.86,0.52,0.45,0.14,0,0,0,0,0,0,0,0.06,0.34,0,0.405,0.0262,0.13
38033,0,0,0,0,0,0.05,0.27,0.26,0.07,0,0,0,0,0,0,0,0,0,0.02,0.02,0,0,0,0,0.8,0.71,0.42,0.12,0,0,0,0,0,0.08,0.46,0.77,0.33,0.27,0.09,0,0,0,0,0,0,0,0.07,0.23,0.0556,0.0109,0.0258,0.123
38035,0,0,0,0,0.01,0.03,0.05,0.05,0.01,0,0,0,0,0,0,0,0,0,0,0,0,0,0,0,0.93,0.87,0.55,0.11,0,0,0,0,0,0.04,0.48,0.85,0.55,0.49,0.15,0,0,0,0,0,0,0,0.06,0.36,0.00268,0.0757,0.0214,0.102
38037,0,0,0,0,0.01,0.04,0.22,0.19,0.05,0,0,0,0,0,0,0,0,0,0.02,0.01,0,0,0,0,0.85,0.74,0.45,0.12,0,0,0,0,0,0.08,0.48,0.82,0.39,0.31,0.09,0,0,0,0,0,0,0,0.05,0.24,0.00287,0.0211,0.0178,0.159
38039,0,0,0,0,0.01,0.03,0.04,0.04,0.01,0,0,0,0,0,0,0,0,0,0,0,0,0,0,0,0.94,0.88,0.57,0.13,0,0,0,0,0,0.06,0.53,0.87,0.55,0.48,0.15,0,0,0,0,0,0,0,0.05,0.36,0,0.0663,0.0244,0.117
38041,0,0,0,0,0,0.03,0.23,0.21,0.06,0,0,0,0,0,0,0,0,0,0.02,0.01,0,0,0,0,0.83,0.73,0.45,0.13,0,0,0,0,0,0.09,0.49,0.82,0.36,0.29,0.09,0,0,0,0,0,0,0,0.05,0.24,0.0111,0.0268,0.0194,0.153
38043,0,0,0,0,0,0.02,0.09,0.09,0.02,0,0,0,0,0,0,0,0,0,0,0,0,0,0,0,0.92,0.83,0.52,0.13,0,0,0,0,0,0.07,0.51,0.85,0.48,0.4,0.12,0,0,0,0,0,0,0,0.05,0.3,0,0.141,0.0255,0.144
38045,0,0,0,0,0.01,0.03,0.08,0.06,0.02,0,0,0,0,0,0,0,0,0,0,0,0,0,0,0,0.89,0.8,0.48,0.1,0,0,0,0,0,0.05,0.46,0.81,0.47,0.37,0.11,0,0,0,0,0,0,0,0.03,0.28,0.0101,0.301,0.0243,0.127
38047,0,0,0,0,0,0.01,0.08,0.08,0.01,0,0,0,0,0,0,0,0,0,0,0,0,0,0,0,0.9,0.8,0.51,0.14,0,0,0,0,0,0.06,0.49,0.81,0.47,0.38,0.11,0,0,0,0,0,0,0,0.04,0.27,0.00149,0.412,0.0254,0.143
38049,0,0,0,0,0.01,0.02,0.08,0.11,0.02,0,0,0,0,0,0,0,0,0,0,0,0,0,0,0,0.91,0.85,0.54,0.15,0,0,0,0,0,0.07,0.52,0.86,0.49,0.43,0.15,0.01,0,0,0,0,0,0,0.07,0.33,0,0.0981,0.0186,0.141
38051,0,0,0,0,0,0.02,0.1,0.08,0.02,0,0,0,0,0,0,0,0,0,0,0,0,0,0,0,0.89,0.79,0.49,0.13,0,0,0,0,0,0.07,0.49,0.81,0.45,0.35,0.11,0,0,0,0,0,0,0,0.04,0.26,0,0.426,0.0245,0.146
38053,0,0,0,0,0.01,0.04,0.22,0.23,0.06,0,0,0,0,0,0,0,0,0,0.01,0.01,0,0,0,0,0.85,0.75,0.46,0.12,0,0,0,0,0,0.08,0.47,0.8,0.39,0.32,0.09,0,0,0,0,0,0,0,0.07,0.25,0,0.109,0.0202,0.109
38055,0,0,0,0,0,0.02,0.11,0.13,0.03,0,0,0,0,0,0,0,0,0,0,0,0,0,0,0,0.87,0.79,0.5,0.14,0,0,0,0,0,0.06,0.47,0.8,0.45,0.37,0.12,0.01,0,0,0,0,0,0,0.04,0.28,0,0.116,0.0161,0.138
38057,0,0,0,0,0,0.03,0.17,0.19,0.04,0,0,0,0,0,0,0,0,0,0.01,0.01,0,0,0,0,0.86,0.77,0.47,0.13,0,0,0,0,0,0.07,0.47,0.81,0.42,0.34,0.1,0,0,0,0,0,0,0,0.04,0.26,0,0.00241,0.0162,0.137
38059,0,0,0,0,0.01,0.03,0.19,0.17,0.04,0,0,0,0,0,0,0,0,0,0.02,0.01,0,0,0,0,0.86,0.76,0.46,0.12,0,0,0,0,0,0.08,0.48,0.81,0.42,0.33,0.1,0,0,0,0,0,0,0,0.04,0.25,0.029,0.102,0.0187,0.152
38061,0,0,0,0,0,0.02,0.09,0.12,0.02,0,0,0,0,0,0,0,0,0,0,0,0,0,0,0,0.89,0.82,0.52,0.16,0,0,0,0,0,0.09,0.53,0.85,0.46,0.4,0.13,0,0,0,0,0,0,0,0.07,0.31,0,0.253,0.0129,0.12
38063,0,0,0,0,0.01,0.02,0.04,0.04,0,0,0,0,0,0,0,0,0,0,0,0,0,0,0,0,0.95,0.88,0.6,0.15,0,0,0,0,0,0.07,0.52,0.87,0.56,0.5,0.16,0,0,0,0,0,0,0,0.07,0.37,0,0.00802,0.0247,0.117
38065,0,0,0,0,0,0.03,0.15,0.16,0.03,0,0,0,0,0,0,0,0,0,0.01,0,0,0,0,0,0.86,0.76,0.46,0.12,0,0,0,0,0,0.07,0.47,0.79,0.42,0.34,0.1,0,0,0,0,0,0,0,0.04,0.26,0,0.113,0.0183,0.144
38067,0,0,0,0,0.01,0.02,0.04,0.06,0.01,0,0,0,0,0,0,0,0,0,0,0,0,0,0,0,0.92,0.88,0.57,0.13,0,0,0,0,0,0.05,0.5,0.86,0.58,0.52,0.17,0,0,0,0,0,0,0,0.07,0.38,0,0.205,0.0227,0.104
38069,0,0,0,0,0.01,0.02,0.05,0.08,0.02,0,0,0,0,0,0,0,0,0,0,0,0,0,0,0,0.93,0.9,0.57,0.18,0,0,0,0,0,0.09,0.57,0.9,0.54,0.47,0.17,0.01,0,0,0,0,0,0,0.09,0.37,0,0.702,0.0232,0.143
38071,0,0,0,0,0.01,0.02,0.03,0.05,0.01,0,0,0,0,0,0,0,0,0,0,0,0,0,0,0,0.95,0.89,0.6,0.16,0,0,0,0,0,0.07,0.54,0.88,0.57,0.5,0.17,0,0,0,0,0,0,0,0.08,0.38,0,0.0955,0.0264,0.129
38073,0,0,0,0,0.01,0.05,0.1,0.06,0.02,0,0,0,0,0,0,0,0,0,0,0,0,0,0,0,0.88,0.82,0.48,0.09,0,0,0,0,0,0.04,0.43,0.79,0.48,0.4,0.12,0,0,0,0,0,0,0,0.03,0.29,0.0109,0.126,0.0207,0.109
38075,0,0,0,0,0.01,0.02,0.06,0.1,0.01,0,0,0,0,0,0,0,0,0,0,0,0,0,0,0,0.9,0.85,0.52,0.15,0,0,0,0,0,0.08,0.53,0.86,0.49,0.42,0.15,0.01,0,0,0,0,0,0,0.07,0.34,0,0.148,0.0103,0.127
38077,0,0,0,0,0.02,0.05,0.09,0.06,0.02,0,0,0,0,0,0,0,0,0,0,0,0,0,0,0,0.87,0.82,0.46,0.07,0,0,0,0,0,0.03,0.41,0.78,0.48,0.39,0.11,0,0,0,0,0,0,0,0.03,0.28,0.0948,0.106,0.0159,0.0895
38079,0,0,0,0,0,0.01,0.02,0.04,0.01,0,0,0,0,0,0,0,0,0,0,0,0,0,0,0,0.94,0.91,0.61,0.21,0.01,0,0,0,0,0.11,0.59,0.9,0.57,0.52,0.2,0.01,0,0,0,0,0,0,0.11,0.4,0,0.298,0.022,0.141
38081,0,0,0,0,0.01,0.04,0.09,0.06,0.02,0,0,0,0,0,0,0,0,0,0,0,0,0,0,0,0.88,0.8,0.47,0.08,0,0,0,0,0,0.04,0.43,0.79,0.47,0.38,0.11,0,0,0,0,0,0,0,0.03,0.28,0.00758,0.349,0.0197,0.11
38083,0,0,0,0,0.01,0.02,0.08,0.09,0.02,0,0,0,0,0,0,0,0,0,0,0,0,0,0,0,0.89,0.82,0.52,0.14,0,0,0,0,0,0.07,0.5,0.83,0.47,0.41,0.13,0.01,0,0,0,0,0,0,0.05,0.3,0,0.123,0.0227,0.145
38085,0,0,0,0,0.01,0.04,0.22,0.19,0.05,0,0,0,0,0,0,0,0,0,0.02,0.01,0,0,0,0,0.87,0.75,0.43,0.12,0,0,0,0,0,0.07,0.46,0.83,0.4,0.31,0.09,0,0,0,0,0,0,0,0.05,0.24,0,0.211,0.019,0.163
38087,0,0,0,0,0,0.04,0.25,0.25,0.07,0,0,0,0,0,0,0,0,0,0.02,0.01,0,0,0,0,0.78,0.7,0.42,0.12,0,0,0,0,0,0.09,0.46,0.76,0.31,0.26,0.08,0,0,0,0,0,0,0,0.06,0.21,0.278,0.162,0.0245,0.144
38089,0,0,0,0,0,0.03,0.21,0.21,0.04,0,0,0,0,0,0,0,0,0,0.02,0.01,0,0,0,0,0.83,0.74,0.45,0.13,0,0,0,0,0,0.09,0.47,0.79,0.37,0.29,0.09,0,0,0,0,0,0,0,0.06,0.24,0,0.13,0.0196,0.139
38091,0,0,0,0,0.01,0.03,0.04,0.04,0.01,0,0,0,0,0,0,0,0,0,0,0,0,0,0,0,0.93,0.87,0.55,0.12,0,0,0,0,0,0.05,0.5,0.86,0.55,0.48,0.14,0,0,0,0,0,0,0,0.05,0.36,0,0.0374,0.0224,0.107
38093,0,0,0,0,0,0.02,0.06,0.06,0.01,0,0,0,0,0,0,0,0,0,0,0,0,0,0,0,0.9,0.83,0.53,0.12,0,0,0,0,0,0.05,0.49,0.83,0.5,0.41,0.12,0,0,0,0,0,0,0,0.04,0.31,0.00379,0.104,0.0259,0.132
38095,0,0,0,0,0.01,0.02,0.03,0.05,0,0,0,0,0,0,0,0,0,0,0,0,0,0,0,0,0.95,0.92,0.62,0.2,0.01,0,0,0,0,0.1,0.6,0.91,0.59,0.53,0.19,0.01,0,0,0,0,0,0,0.1,0.4,0,0.501,0.0253,0.137
38097,0,0,0,0,0.01,0.03,0.06,0.06,0.01,0,0,0,0,0,0,0,0,0,0,0,0,0,0,0,0.92,0.86,0.52,0.09,0,0,0,0,0,0.03,0.44,0.83,0.53,0.45,0.13,0,0,0,0,0,0,0,0.05,0.33,0.341,0.0211,0.0197,0.0982
38099,0,0,0,0,0.01,0.03,0.04,0.05,0.01,0,0,0,0,0,0,0,0,0,0,0,0,0,0,0,0.92,0.88,0.57,0.13,0,0,0,0,0,0.05,0.5,0.85,0.55,0.5,0.16,0,0,0,0,0,0,0,0.07,0.37,0,0.0593,0.0232,0.107
38101,0,0,0,0,0.01,0.01,0.07,0.09,0.02,0,0,0,0,0,0,0,0,0,0,0,0,0,0,0,0.88,0.81,0.49,0.15,0,0,0,0,0,0.07,0.5,0.82,0.46,0.39,0.14,0.01,0,0,0,0,0,0,0.06,0.3,0.0646,0.172,0.0129,0.133
38103,0,0,0,0,0,0.01,0.06,0.08,0.02,0,0,0,0,0,0,0,0,0,0,0,0,0,0,0,0.92,0.85,0.54,0.15,0,0,0,0,0,0.06,0.53,0.86,0.5,0.44,0.14,0.01,0,0,0,0,0,0,0.06,0.33,0,0.158,0.0256,0.142
38105,0,0,0,0,0.01,0.03,0.15,0.19,0.04,0,0,0,0,0,0,0,0,0,0,0.01,0,0,0,0,0.9,0.83,0.52,0.14,0,0,0,0,0,0.1,0.54,0.84,0.45,0.37,0.12,0.01,0,0,0,0,0,0,0.07,0.29,0.0141,0.0519,0.0178,0.104
39001,0,0,0,0,0.01,0.09,0.21,0.15,0.07,0.01,0,0,0,0,0,0,0,0,0,0,0,0,0,0,0.39,0.27,0.09,0,0,0,0,0,0,0,0.06,0.22,0.04,0.02,0,0,0,0,0,0,0,0,0,0,0.00132,0.0228,0.00385,0.0703
39003,0,0,0,0,0.02,0.09,0.15,0.07,0.04,0,0,0,0,0,0,0,0,0,0,0,0,0,0,0,0.49,0.4,0.15,0,0,0,0,0,0,0,0.05,0.28,0.08,0.05,0,0,0,0,0,0,0,0,0,0.01,0,0.0421,0.0076,0.0312
39005,0,0,0,0,0,0.05,0.09,0.05,0.02,0,0,0,0,0,0,0,0,0,0,0,0,0,0,0,0.52,0.46,0.19,0.01,0,0,0,0,0,0,0.07,0.3,0.1,0.06,0,0,0,0,0,0,0,0,0,0.01,0,0.0401,0.0066,0.0338
39007,0,0,0,0,0,0.02,0.06,0.03,0.01,0,0,0,0,0,0,0,0,0,0,0,0,0,0,0,0.51,0.48,0.24,0.01,0,0,0,0,0,0,0.05,0.27,0.08,0.07,0.01,0,0,0,0,0,0,0,0,0,0,0.0428,0.00654,0.0297
39009,0,0,0,0,0,0.05,0.12,0.1,0.04,0,0,0,0,0,0,0,0,0,0,0,0,0,0,0,0.41,0.31,0.1,0,0,0,0,0,0,0,0.06,0.22,0.05,0.02,0,0,0,0,0,0,0,0,0,0,0,0.0556,0.00285,0.0651
39011,0,0,0,0,0.01,0.09,0.14,0.07,0.04,0,0,0,0,0,0,0,0,0,0,0,0,0,0,0,0.49,0.4,0.15,0,0,0,0,0,0,0,0.06,0.28,0.08,0.05,0,0,0,0,0,0,0,0,0,0.01,0,0.15,0.00739,0.0331
39013,0,0,0,0,0,0.03,0.08,0.06,0.02,0,0,0,0,0,0,0,0,0,0,0,0,0,0,0,0.43,0.35,0.12,0,0,0,0,0,0,0,0.05,0.23,0.05,0.02,0,0,0,0,0,0,0,0,0,0,0,0.104,0.00385,0.0525
39015,0,0,0,0,0.01,0.08,0.2,0.14,0.06,0.01,0,0,0,0,0,0,0,0,0,0,0,0,0,0,0.4,0.29,0.1,0,0,0,0,0,0,0,0.05,0.23,0.04,0.02,0,0,0,0,0,0,0,0,0,0,0.000353,0.0313,0.00447,0.0671
39017,0,0,0,0,0.01,0.11,0.22,0.17,0.07,0,0,0,0,0,0,0,0,0,0,0,0,0,0,0,0.42,0.3,0.09,0,0,0,0,0,0,0,0.05,0.24,0.06,0.03,0,0,0,0,0,0,0,0,0,0.01,0.0262,0.0177,0.00584,0.0517
39019,0,0,0,0,0,0.02,0.08,0.05,0.01,0,0,0,0,0,0,0,0,0,0,0,0,0,0,0,0.49,0.4,0.17,0.01,0,0,0,0,0,0,0.05,0.26,0.06,0.04,0,0,0,0,0,0,0,0,0,0,0,0.0182,0.00459,0.0412
39021,0,0,0,0,0.01,0.06,0.12,0.07,0.03,0,0,0,0,0,0,0,0,0,0,0,0,0,0,0,0.48,0.39,0.14,0,0,0,0,0,0,0,0.06,0.28,0.08,0.04,0,0,0,0,0,0,0,0,0,0.01,0,0.0374,0.00658,0.0418
39023,0,0,0,0,0.01,0.06,0.12,0.08,0.04,0,0,0,0,0,0,0,0,0,0,0,0,0,0,0,0.45,0.35,0.13,0,0,0,0,0,0,0,0.05,0.26,0.07,0.04,0,0,0,0,0,0,0,0,0,0.01,0,0.0232,0.00619,0.0463
39025,0,0,0,0,0.01,0.09,0.22,0.16,0.07,0.01,0,0,0,0,0,0,0,0,0,0,0,0,0,0,0.38,0.27,0.08,0,0,0,0,0,0,0,0.05,0.21,0.04,0.02,0,0,0,0,0,0,0,0,0,0,0.000717,0.0289,0.00495,0.0631
39027,0,0,0,0,0.01,0.04,0.14,0.09,0.04,0,0,0,0,0,0,0,0,0,0,0,0,0,0,0,0.43,0.31,0.12,0,0,0,0,0,0,0,0.05,0.25,0.06,0.03,0,0,0,0,0,0,0,0,0,0,0,0.044,0.00517,0.0581
39029,0,0,0,0,0,0.02,0.08,0.06,0.01,0,0,0,0,0,0,0,0,0,0,0,0,0,0,0,0.5,0.4,0.18,0.01,0,0,0,0,0,0,0.05,0.26,0.06,0.04,0.01,0,0,0,0,0,0,0,0,0,0,0.0239,0.00472,0.039
39031,0,0,0,0,0,0.05,0.11,0.07,0.02,0,0,0,0,0,0,0,0,0,0,0,0,0,0,0,0.48,0.38,0.14,0,0,0,0,0,0,0,0.06,0.27,0.07,0.04,0,0,0,0,0,0,0,0,0,0.01,0,0.00747,0.0049,0.0445
39033,0,0,0,0,0.01,0.07,0.11,0.06,0.02,0,0,0,0,0,0,0,0,0,0,0,0,0,0,0,0.52,0.46,0.18,0,0,0,0,0,0,0,0.08,0.31,0.1,0.06,0,0,0,0,0,0,0,0,0,0.02,0,0.0411,0.00719,0.0326
39035,0,0,0,0,0,0.04,0.08,0.03,0.02,0,0,0,0,0,0,0,0,0,0,0,0,0,0,0,0.45,0.4,0.17,0,0,0,0,0,0,0,0.02,0.22,0.04,0.04,0,0,0,0,0,0,0,0,0,0,0,0.00858,0.00718,0.0273
39037,0,0,0,0,0.01,0.07,0.13,0.07,0.04,0,0,0,0,0,0,0,0,0,0,0,0,0,0,0,0.48,0.38,0.14,0,0,0,0,0,0,0,0.07,0.29,0.08,0.05,0,0,0,0,0,0,0,0,0,0.02,0,0.0706,0.00691,0.0372
39039,0,0,0,0,0.02,0.11,0.18,0.07,0.05,0,0,0,0,0,0,0,0,0,0.01,0,0,0,0,0,0.51,0.43,0.17,0.01,0,0,0,0,0,0,0.06,0.31,0.09,0.06,0,0,0,0,0,0,0,0,0,0.02,0.00727,0.0904,0.00791,0.0278
39041,0,0,0,0,0.01,0.1,0.15,0.1,0.04,0,0,0,0,0,0,0,0,0,0,0,0,0,0,0,0.47,0.39,0.14,0,0,0,0,0,0,0,0.05,0.26,0.08,0.04,0,0,0,0,0,0,0,0,0,0.01,0,0.0212,0.0062,0.0418
39043,0,0,0,0,0,0.05,0.09,0.04,0.01,0,0,0,0,0,0,0,0,0,0,0,0,0,0,0,0.45,0.39,0.12,0,0,0,0,0,0,0,0.03,0.22,0.05,0.04,0,0,0,0,0,0,0,0,0,0,0,0.0834,0.00781,0.0272
39045,0,0,0,0,0,0.07,0.14,0.09,0.04,0,0,0,0,0,0,0,0,0,0,0,0,0,0,0,0.44,0.33,0.12,0.01,0,0,0,0,0,0,0.05,0.25,0.06,0.03,0,0,0,0,0,0,0,0,0,0,0,0.0723,0.00447,0.0551
39047,0,0,0,0,0.01,0.06,0.14,0.09,0.04,0,0,0,0,0,0,0,0,0,0,0,0,0,0,0,0.45,0.34,0.12,0,0,0,0,0,0,0,0.05,0.25,0.06,0.04,0,0,0,0,0,0,0,0,0,0,0,0.0617,0.00509,0.0566
39049,0,0,0,0,0.02,0.11,0.19,0.12,0.05,0,0,0,0,0,0,0,0,0,0,0,0,0,0,0,0.44,0.33,0.11,0,0,0,0,0,0,0,0.04,0.24,0.06,0.03,0,0,0,0,0,0,0,0,0,0,0,0.0124,0.00551,0.0485
39051,0,0,0,0,0.01,0.1,0.17,0.06,0.04,0,0,0,0,0,0,0,0,0,0.01,0,0,0,0,0,0.52,0.45,0.19,0.01,0,0,0,0,0,0,0.07,0.31,0.08,0.06,0.01,0,0,0,0,0,0,0,0,0.02,0.000314,0.0623,0.00816,0.0274
39053,0,0,0,0,0.01,0.1,0.2,0.16,0.06,0.01,0,0,0,0,0,0,0,0,0,0,0,0,0,0,0.36,0.25,0.08,0,0,0,0,0,0,0,0.05,0.18,0.03,0.02,0,0,0,0,0,0,0,0,0,0,0,0.0905,0.00261,0.0715
39055,0,0,0,0,0,0.02,0.05,0.02,0.01,0,0,0,0,0,0,0,0,0,0,0,0,0,0,0,0.54,0.49,0.24,0.01,0,0,0,0,0,0,0.05,0.3,0.09,0.07,0.01,0,0,0,0,0,0,0,0,0.01,0,0.0168,0.0065,0.0292
39057,0,0,0,0,0.01,0.06,0.14,0.09,0.04,0,0,0,0,0,0,0,0,0,0,0,0,0,0,0,0.43,0.32,0.12,0,0,0,0,0,0,0,0.05,0.25,0.06,0.03,0,0,0,0,0,0,0,0,0,0,0,0.00934,0.00582,0.0511
39059,0,0,0,0,0,0.05,0.13,0.08,0.03,0,0,0,0,0,0,0,0,0,0,0,0,0,0,0,0.46,0.37,0.13,0,0,0,0,0,0,0,0.06,0.25,0.06,0.03,0,0,0,0,0,0,0,0,0,0,0.00124,0.0508,0.00384,0.0507
39061,0,0,0,0,0.01,0.11,0.24,0.19,0.08,0.01,0,0,0,0,0,0,0,0,0,0,0,0,0,0,0.38,0.27,0.07,0,0,0,0,0,0,0,0.04,0.21,0.04,0.02,0,0,0,0,0,0,0,0,0,0,0.00998,0.00965,0.00551,0.0568
39063,0,0,0,0,0.02,0.11,0.16,0.08,0.04,0,0,0,0,0,0,0,0,0,0,0,0,0,0,0,0.49,0.41,0.15,0,0,0,0,0,0,0,0.05,0.27,0.08,0.05,0,0,0,0,0,0,0,0,0,0.01,0.0024,0.0451,0.00775,0.0299
39065,0,0,0,0,0.01,0.08,0.12,0.07,0.03,0,0,0,0,0,0,0,0,0,0,0,0,0,0,0,0.49,0.42,0.15,0,0,0,0,0,0,0,0.05,0.28,0.08,0.05,0,0,0,0,0,0,0,0,0,0.01,0,0.162,0.00735,0.0336
39067,0,0,0,0,0,0.03,0.08,0.06,0.02,0,0,0,0,0,0,0,0,0,0,0,0,0,0,0,0.47,0.38,0.15,0,0,0,0,0,0,0,0.05,0.25,0.05,0.03,0,0,0,0,0,0,0,0,0,0,0,0.0536,0.00412,0.0467
39069,0,0,0,0,0.02,0.11,0.19,0.07,0.04,0,0,0,0,0,0,0,0,0,0.01,0,0,0,0,0,0.5,0.43,0.16,0.01,0,0,0,0,0,0,0.05,0.29,0.09,0.05,0,0,0,0,0,0,0,0,0,0.02,0.00355,0.00607,0.00804,0.0277
39071,0,0,0,0,0.01,0.06,0.15,0.11,0.05,0,0,0,0,0,0,0,0,0,0,0,0,0,0,0,0.42,0.31,0.11,0,0,0,0,0,0,0,0.06,0.24,0.05,0.02,0,0,0,0,0,0,0,0,0,0,0,0.141,0.00449,0.0644
39073,0,0,0,0,0,0.05,0.12,0.08,0.03,0,0,0,0,0,0,0,0,0,0,0,0,0,0,0,0.43,0.33,0.11,0.01,0,0,0,0,0,0,0.05,0.24,0.06,0.03,0,0,0,0,0,0,0,0,0,0,0,0.17,0.00366,0.0614
39075,0,0,0,0,0,0.04,0.09,0.05,0.02,0,0,0,0,0,0,0,0,0,0,0,0,0,0,0,0.5,0.42,0.17,0.01,0,0,0,0,0,0,0.06,0.28,0.08,0.05,0,0,0,0,0,0,0,0,0,0.01,0,0.00186,0.00557,0.0392
39077,0,0,0,0,0.01,0.07,0.11,0.06,0.02,0,0,0,0,0,0,0,0,0,0,0,0,0,0,0,0.51,0.46,0.18,0,0,0,0,0,0,0,0.05,0.28,0.09,0.06,0,0,0,0,0,0,0,0,0,0.01,0,0.0326,0.00745,0.0295
39079,0,0,0,0,0.01,0.06,0.16,0.12,0.05,0.01,0,0,0,0,0,0,0,0,0,0,0,0,0,0,0.39,0.28,0.09,0,0,0,0,0,0,0,0.06,0.2,0.04,0.02,0,0,0,0,0,0,0,0,0,0,0.00401,0.0192,0.00297,0.0698
39081,0,0,0,0,0,0.02,0.08,0.06,0.01,0,0,0,0,0,0,0,0,0,0,0,0,0,0,0,0.46,0.36,0.13,0,0,0,0,0,0,0,0.04,0.24,0.04,0.02,0,0,0,0,0,0,0,0,0,0,0,0.0397,0.00438,0.0454
39083,0,0,0,0,0,0.04,0.08,0.05,0.02,0,0,0,0,0,0,0,0,0,0,0,0,0,0,0,0.5,0.42,0.16,0.01,0,0,0,0,0,0,0.08,0.3,0.09,0.05,0,0,0,0,0,0,0,0,0,0.01,0,0.0181,0.00581,0.041
39085,0,0,0,0,0,0.02,0.06,0.02,0.01,0,0,0,0,0,0,0,0,0,0,0,0,0,0,0,0.46,0.44,0.19,0,0,0,0,0,0,0,0.03,0.23,0.04,0.05,0.01,0,0,0,0,0,0,0,0,0,0,0.00856,0.00702,0.0275
39087,0,0,0,0,0.02,0.12,0.24,0.17,0.08,0.01,0,0,0,0,0,0,0,0,0,0,0,0,0,0,0.35,0.23,0.07,0,0,0,0,0,0,0,0.05,0.18,0.03,0.01,0,0,0,0,0,0,0,0,0,0,0.000675,0.216,0.00277,0.0726
39089,0,0,0,0,0,0.05,0.11,0.07,0.03,0,0,0,0,0,0,0,0,0,0,0,0,0,0,0,0.48,0.38,0.14,0.01,0,0,0,0,0,0,0.06,0.27,0.07,0.04,0,0,0,0,0,0,0,0,0,0.01,0.00339,0.0137,0.00513,0.0475
39091,0,0,0,0,0.01,0.06,0.11,0.05,0.03,0,0,0,0,0,0,0,0,0,0,0,0,0,0,0,0.49,0.41,0.16,0,0,0,0,0,0,0,0.07,0.29,0.08,0.05,0,0,0,0,0,0,0,0,0,0.01,0,0.0366,0.007,0.0373
39093,0,0,0,0,0,0.06,0.09,0.05,0.02,0,0,0,0,0,0,0,0,0,0,0,0,0,0,0,0.46,0.42,0.15,0,0,0,0,0,0,0,0.03,0.23,0.05,0.04,0,0,0,0,0,0,0,0,0,0,0,0.0236,0.00758,0.0272
39095,0,0,0,0,0.02,0.11,0.19,0.08,0.04,0,0,0,0,0,0,0,0,0,0,0,0,0,0,0,0.48,0.4,0.15,0,0,0,0,0,0,0,0.05,0.25,0.06,0.05,0,0,0,0,0,0,0,0,0,0.01,0,0.0164,0.00832,0.0265
39097,0,0,0,0,0.01,0.08,0.14,0.09,0.04,0,0,0,0,0,0,0,0,0,0,0,0,0,0,0,0.47,0.36,0.13,0,0,0,0,0,0,0,0.05,0.27,0.08,0.04,0,0,0,0,0,0,0,0,0,0,0,0.1,0.00579,0.0486
39099,0,0,0,0,0.01,0.03,0.1,0.07,0.02,0,0,0,0,0,0,0,0,0,0,0,0,0,0,0,0.52,0.45,0.23,0.01,0,0,0,0,0,0,0.05,0.28,0.08,0.05,0.01,0,0,0,0,0,0,0,0,0,0,0.0204,0.00505,0.0358
39101,0,0,0,0,0.02,0.09,0.13,0.08,0.04,0,0,0,0,0,0,0,0,0,0,0,0,0,0,0,0.5,0.42,0.16,0,0,0,0,0,0,0,0.05,0.28,0.08,0.05,0,0,0,0,0,0,0,0,0,0.01,0,0.0794,0.00694,0.0359
39103,0,0,0,0,0.01,0.05,0.1,0.05,0.02,0,0,0,0,0,0,0,0,0,0,0,0,0,0,0,0.49,0.43,0.18,0.01,0,0,0,0,0,0,0.04,0.26,0.07,0.05,0,0,0,0,0,0,0,0,0,0,0,0.0263,0.00673,0.0308
39105,0,0,0,0,0.01,0.07,0.16,0.11,0.05,0.01,0,0,0,0,0,0,0,0,0,0,0,0,0,0,0.39,0.28,0.09,0,0,0,0,0,0,0,0.05,0.2,0.04,0.02,0,0,0,0,0,0,0,0,0,0,0.0052,0.0618,0.00256,0.0688
39107,0,0,0,0,0.01,0.1,0.15,0.07,0.05,0,0,0,0,0,0,0,0,0,0,0,0,0,0,0,0.5,0.4,0.15,0,0,0,0,0,0,0,0.06,0.29,0.09,0.05,0,0,0,0,0,0,0,0,0,0.02,0,0.044,0.00736,0.0318
39109,0,0,0,0,0.01,0.09,0.17,0.09,0.05,0,0,0,0,0,0,0,0,0,0,0,0,0,0,0,0.46,0.36,0.12,0,0,0,0,0,0,0,0.05,0.26,0.07,0.04,0,0,0,0,0,0,0,0,0,0.01,0,0.165,0.0067,0.041
39111,0,0,0,0,0,0.04,0.1,0.07,0.03,0,0,0,0,0,0,0,0,0,0,0,0,0,0,0,0.43,0.33,0.11,0,0,0,0,0,0,0,0.05,0.23,0.05,0.03,0,0,0,0,0,0,0,0,0,0,0.00116,0.0807,0.00343,0.058
39113,0,0,0,0,0.01,0.09,0.19,0.13,0.06,0,0,0,0,0,0,0,0,0,0,0,0,0,0,0,0.44,0.32,0.11,0,0,0,0,0,0,0,0.05,0.25,0.07,0.03,0,0,0,0,0,0,0,0,0,0.01,0.00129,0.00554,0.00622,0.0469
39115,0,0,0,0,0,0.04,0.12,0.09,0.04,0,0,0,0,0,0,0,0,0,0,0,0,0,0,0,0.42,0.34,0.11,0,0,0,0,0,0,0,0.06,0.24,0.06,0.02,0,0,0,0,0,0,0,0,0,0,0,0.108,0.00322,0.0595
39117,0,0,0,0,0,0.05,0.09,0.05,0.02,0,0,0,0,0,0,0,0,0,0,0,0,0,0,0,0.52,0.45,0.18,0.01,0,0,0,0,0,0,0.08,0.32,0.09,0.06,0,0,0,0,0,0,0,0,0,0.02,0,0.0233,0.00649,0.0378
39119,0,0,0,0,0,0.05,0.13,0.08,0.03,0,0,0,0,0,0,0,0,0,0,0,0,0,0,0,0.45,0.36,0.13,0,0,0,0,0,0,0,0.06,0.26,0.06,0.03,0,0,0,0,0,0,0,0,0,0.01,0,0.0413,0.00409,0.0518
39121,0,0,0,0,0,0.05,0.13,0.09,0.04,0,0,0,0,0,0,0,0,0,0,0,0,0,0,0,0.44,0.35,0.12,0,0,0,0,0,0,0,0.06,0.24,0.06,0.03,0,0,0,0,0,0,0,0,0,0,0,0.0326,0.00327,0.057
39123,0,0,0,0,0.01,0.09,0.16,0.07,0.02,0,0,0,0,0,0,0,0,0,0,0,0,0,0,0,0.45,0.39,0.12,0,0,0,0,0,0,0,0.03,0.23,0.05,0.03,0,0,0,0,0,0,0,0,0,0,0.000825,0.0901,0.00816,0.0264
39125,0,0,0,0,0.02,0.11,0.19,0.08,0.05,0,0,0,0,0,0,0,0,0,0.01,0,0,0,0,0,0.51,0.43,0.16,0.01,0,0,0,0,0,0,0.06,0.31,0.09,0.05,0,0,0,0,0,0,0,0,0,0.02,0,0.162,0.00778,0.0282
39127,0,0,0,0,0,0.04,0.1,0.07,0.03,0,0,0,0,0,0,0,0,0,0,0,0,0,0,0,0.45,0.36,0.12,0.01,0,0,0,0,0,0,0.07,0.26,0.07,0.03,0,0,0,0,0,0,0,0,0,0,0,0.107,0.00393,0.0562
39129,0,0,0,0,0.01,0.1,0.19,0.13,0.06,0,0,0,0,0,0,0,0,0,0,0,0,0,0,0,0.42,0.31,0.1,0,0,0,0,0,0,0,0.04,0.22,0.06,0.02,0,0,0,0,0,0,0,0,0,0,0.000399,0.0963,0.0048,0.0561
39131,0,0,0,0,0.01,0.07,0.17,0.12,0.06,0,0,0,0,0,0,0,0,0,0,0,0,0,0,0,0.39,0.28,0.09,0,0,0,0,0,0,0,0.06,0.21,0.05,0.02,0,0,0,0,0,0,0,0,0,0,0.00235,0.0613,0.00358,0.0684
39133,0,0,0,0,0,0.03,0.09,0.05,0.02,0,0,0,0,0,0,0,0,0,0,0,0,0,0,0,0.51,0.46,0.22,0.01,0,0,0,0,0,0,0.05,0.28,0.08,0.06,0.01,0,0,0,0,0,0,0,0,0,0,0.0207,0.00589,0.0322
39135,0,0,0,0,0.01,0.07,0.14,0.09,0.04,0,0,0,0,0,0,0,0,0,0,0,0,0,0,0,0.46,0.35,0.13,0,0,0,0,0,0,0,0.07,0.27,0.08,0.04,0,0,0,0,0,0,0,0,0,0.01,0,0.0341,0.00634,0.0445
39137,0,0,0,0,0.02,0.11,0.17,0.07,0.05,0,0,0,0,0,0,0,0,0,0,0,0,0,0,0,0.5,0.42,0.15,0.01,0,0,0,0,0,0,0.05,0.28,0.08,0.05,0,0,0,0,0,0,0,0,0,0.02,0,0.0424,0.00782,0.0291
39139,0,0,0,0,0,0.04,0.08,0.04,0.01,0,0,0,0,0,0,0,0,0,0,0,0,0,0,0,0.53,0.48,0.2,0.01,0,0,0,0,0,0,0.09,0.32,0.11,0.06,0,0,0,0,0,0,0,0,0,0.02,0,0.0371,0.00674,0.0343
39141,0,0,0,0,0.01,0.07,0.17,0.12,0.05,0,0,0,0,0,0,0,0,0,0,0,0,0,0,0,0.4,0.3,0.1,0,0,0,0,0,0,0,0.05,0.22,0.05,0.02,0,0,0,0,0,0,0,0,0,0,0.00114,0.075,0.00405,0.0636
39143,0,0,0,0,0.02,0.1,0.17,0.08,0.03,0,0,0,0,0,0,0,0,0,0,0,0,0,0,0,0.46,0.41,0.13,0,0,0,0,0,0,0,0.04,0.25,0.06,0.04,0,0,0,0,0,0,0,0,0,0.01,0,0.0403,0.008,0.0274
39145,0,0,0,0,0.01,0.1,0.22,0.17,0.08,0.01,0,0,0,0,0,0,0,0,0,0,0,0,0,0,0.37,0.26,0.08,0,0,0,0,0,0,0,0.05,0.2,0.03,0.02,0,0,0,0,0,0,0,0,0,0,0,0.027,0.00322,0.0716
39147,0,0,0,0,0.01,0.1,0.15,0.07,0.03,0,0,0,0,0,0,0,0,0,0,0,0,0,0,0,0.49,0.44,0.15,0,0,0,0,0,0,0,0.05,0.27,0.08,0.05,0,0,0,0,0,0,0,0,0,0.01,0,0.117,0.00771,0.0293
39149,0,0,0,0,0.01,0.08,0.14,0.07,0.04,0,0,0,0,0,0,0,0,0,0,0,0,0,0,0,0.48,0.41,0.15,0,0,0,0,0,0,0,0.06,0.28,0.08,0.05,0,0,0,0,0,0,0,0,0,0.01,0.0247,0.0512,0.00711,0.0362
39151,0,0,0,0,0.01,0.04,0.1,0.05,0.03,0,0,0,0,0,0,0,0,0,0,0,0,0,0,0,0.49,0.42,0.19,0.01,0,0,0,0,0,0,0.05,0.27,0.06,0.05,0,0,0,0,0,0,0,0,0,0,0,0.0165,0.00538,0.0365
39153,0,0,0,0,0.01,0.05,0.12,0.06,0.03,0,0,0,0,0,0,0,0,0,0,0,0,0,0,0,0.48,0.42,0.19,0,0,0,0,0,0,0,0.04,0.25,0.06,0.05,0,0,0,0,0,0,0,0,0,0,0,0.0204,0.00627,0.0316
39155,0,0,0,0,0.01,0.03,0.09,0.06,0.02,0,0,0,0,0,0,0,0,0,0,0,0,0,0,0,0.53,0.49,0.25,0.01,0,0,0,0,0,0,0.05,0.29,0.08,0.07,0.01,0,0,0,0,0,0,0,0,0,0,0.0111,0.00554,0.0328
39157,0,0,0,0,0.01,0.04,0.11,0.07,0.02,0,0,0,0,0,0,0,0,0,0,0,0,0,0,0,0.48,0.39,0.16,0.01,0,0,0,0,0,0,0.05,0.26,0.06,0.04,0,0,0,0,0,0,0,0,0,0.01,0,0.0133,0.00469,0.0427
39159,0,0,0,0,0.01,0.09,0.14,0.09,0.04,0,0,0,0,0,0,0,0,0,0,0,0,0,0,0,0.48,0.4,0.14,0,0,0,0,0,0,0,0.05,0.28,0.08,0.04,0,0,0,0,0,0,0,0,0,0.01,0.00943,0.0188,0.00657,0.0403
39161,0,0,0,0,0.01,0.1,0.18,0.07,0.05,0,0,0,0,0,0,0,0,0,0,0,0,0,0,0,0.5,0.42,0.15,0.01,0,0,0,0,0,0,0.06,0.29,0.08,0.05,0,0,0,0,0,0,0,0,0,0.02,0.000821,0.00825,0.00762,0.0293
39163,0,0,0,0,0,0.05,0.12,0.1,0.03,0,0,0,0,0,0,0,0,0,0,0,0,0,0,0,0.4,0.3,0.1,0.01,0,0,0,0,0,0,0.06,0.22,0.05,0.02,0,0,0,0,0,0,0,0,0,0,0.00169,0.0176,0.00317,0.0662
39165,0,0,0,0,0.01,0.1,0.21,0.15,0.06,0.01,0,0,0,0,0,0,0,0,0,0,0,0,0,0,0.4,0.29,0.09,0,0,0,0,0,0,0,0.05,0.22,0.06,0.02,0,0,0,0,0,0,0,0,0,0,0.0124,0.0471,0.00554,0.0554
39167,0,0,0,0,0.01,0.07,0.16,0.12,0.05,0,0,0,0,0,0,0,0,0,0,0,0,0,0,0,0.4,0.3,0.1,0,0,0,0,0,0,0,0.05,0.21,0.04,0.02,0,0,0,0,0,0,0,0,0,0,0,0.0354,0.00281,0.0631
39169,0,0,0,0,0,0.04,0.1,0.05,0.02,0,0,0,0,0,0,0,0,0,0,0,0,0,0,0,0.51,0.44,0.18,0.01,0,0,0,0,0,0,0.06,0.28,0.07,0.06,0,0,0,0,0,0,0,0,0,0.01,0,0.0144,0.00612,0.0348
39171,0,0,0,0,0.01,0.09,0.15,0.06,0.03,0,0,0,0,0,0,0,0,0,0,0,0,0,0,0,0.53,0.46,0.19,0.01,0,0,0,0,0,0,0.07,0.33,0.1,0.06,0.01,0,0,0,0,0,0,0,0,0.02,0,0.0282,0.00793,0.028
39173,0,0,0,0,0.02,0.12,0.19,0.08,0.04,0,0,0,0,0,0,0,0,0,0,0,0,0,0,0,0.47,0.4,0.14,0,0,0,0,0,0,0,0.05,0.26,0.07,0.04,0,0,0,0,0,0,0,0,0,0.01,0.00391,0.0547,0.00809,0.0275
39175,0,0,0,0,0.02,0.09,0.14,0.08,0.04,0,0,0,0,0,0,0,0,0,0,0,0,0,0,0,0.49,0.42,0.15,0,0,0,0,0,0,0,0.05,0.28,0.08,0.05,0,0,0,0,0,0,0,0,0,0.01,0,0.0557,0.00742,0.0321
40001,0,0,0,0,0.02,0.2,0.56,0.52,0.16,0,0,0,0,0,0,0,0,0,0.04,0.05,0.01,0,0,0,0.22,0.13,0.03,0,0,0,0,0,0,0,0.02,0.14,0,0,0,0,0,0,0,0,0,0,0,0,0.0253,0.00413,0.0714,0.0259
40003,0,0,0,0.02,0.15,0.55,0.81,0.68,0.32,0.04,0,0,0,0,0,0,0.01,0.07,0.26,0.21,0.03,0,0,0,0.32,0.2,0.05,0,0,0,0,0,0,0,0.05,0.23,0,0.01,0,0,0,0,0,0,0,0,0,0,0.112,0.142,0.0656,0.0172
40005,0,0,0,0.01,0.06,0.42,0.78,0.73,0.33,0.03,0,0,0,0,0,0,0,0.01,0.14,0.19,0.03,0,0,0,0.13,0.05,0.01,0,0,0,0,0,0,0,0.01,0.07,0,0,0,0,0,0,0,0,0,0,0,0,0.0606,0.0136,0.0555,0.179
40007,0,0,0,0.02,0.17,0.5,0.76,0.65,0.29,0.04,0,0,0,0,0,0,0.01,0.05,0.18,0.12,0.02,0,0,0,0.39,0.26,0.07,0,0,0,0,0,0,0.01,0.08,0.29,0.01,0.01,0,0,0,0,0,0,0,0,0,0.01,0.14,0.0791,0.0741,0.0296
40009,0,0,0.01,0.04,0.21,0.57,0.83,0.75,0.33,0.04,0,0,0,0,0,0,0.02,0.08,0.25,0.22,0.03,0,0,0,0.22,0.13,0.04,0,0,0,0,0,0,0,0.04,0.15,0,0,0,0,0,0,0,0,0,0,0,0,0.201,0.0261,0.0723,0.0672
40011,0,0,0,0.02,0.15,0.52,0.8,0.7,0.3,0.03,0,0,0,0,0,0,0,0.05,0.22,0.19,0.03,0,0,0,0.23,0.14,0.04,0,0,0,0,0,0,0,0.04,0.17,0,0.01,0,0,0,0,0,0,0,0,0,0,0.0775,0.0365,0.0649,0.0452
40013,0,0,0,0,0.07,0.47,0.8,0.76,0.35,0.04,0,0,0,0,0,0,0,0.01,0.13,0.18,0.03,0,0,0,0.09,0.04,0.01,0,0,0,0,0,0,0,0,0.05,0,0,0,0,0,0,0,0,0,0,0,0,0.0521,0.024,0.0534,0.216
40015,0,0,0,0.02,0.14,0.49,0.8,0.74,0.3,0.02,0,0,0,0,0,0,0,0.04,0.19,0.19,0.03,0,0,0,0.17,0.09,0.02,0,0,0,0,0,0,0,0.02,0.12,0,0,0,0,0,0,0,0,0,0,0,0,0.0194,0.00311,0.0619,0.129
40017,0,0,0,0.02,0.1,0.43,0.78,0.71,0.29,0.02,0,0,0,0,0,0,0,0.03,0.17,0.16,0.03,0,0,0,0.19,0.11,0.03,0,0,0,0,0,0,0,0.02,0.14,0,0,0,0,0,0,0,0,0,0,0,0,0.0404,0.0338,0.062,0.0897
40019,0,0,0,0.01,0.1,0.48,0.82,0.78,0.32,0.03,0,0,0,0,0,0,0,0.02,0.17,0.2,0.03,0,0,0,0.12,0.06,0.02,0,0,0,0,0,0,0,0.01,0.08,0,0,0,0,0,0,0,0,0,0,0,0,0.0354,0.026,0.0541,0.229
40021,0,0,0,0,0.02,0.25,0.63,0.58,0.19,0,0,0,0,0,0,0,0,0,0.05,0.08,0.02,0,0,0,0.21,0.11,0.03,0,0,0,0,0,0,0,0.02,0.13,0,0,0,0,0,0,0,0,0,0,0,0,0.0842,0.000361,0.0687,0.0297
40023,0,0,0,0,0.05,0.43,0.77,0.74,0.38,0.03,0,0,0,0,0,0,0,0.01,0.11,0.17,0.03,0,0,0,0.1,0.04,0.01,0,0,0,0,0,0,0,0,0.06,0,0,0,0,0,0,0,0,0,0,0,0,0.144,0.0266,0.0574,0.177
40025,0,0,0,0.01,0.13,0.46,0.68,0.51,0.2,0.01,0,0,0,0,0,0,0,0.05,0.06,0.02,0,0,0,0,0.43,0.31,0.09,0.01,0,0,0,0,0,0.01,0.12,0.39,0.01,0.01,0,0,0,0,0,0,0,0,0,0.01,0.0751,0.0238,0.0726,0.0714
40027,0,0,0,0.01,0.07,0.38,0.76,0.7,0.27,0.02,0,0,0,0,0,0,0,0.01,0.13,0.15,0.03,0,0,0,0.18,0.09,0.03,0,0,0,0,0,0,0,0.01,0.11,0,0,0,0,0,0,0,0,0,0,0,0,0.0926,0.0133,0.0587,0.134
40029,0,0,0,0.01,0.07,0.46,0.8,0.75,0.33,0.03,0,0,0,0,0,0,0,0.01,0.15,0.19,0.03,0,0,0,0.14,0.07,0.02,0,0,0,0,0,0,0,0.01,0.08,0,0,0,0,0,0,0,0,0,0,0,0,0.115,0.0107,0.0554,0.174
40031,0,0,0,0.03,0.16,0.56,0.83,0.78,0.34,0.03,0,0,0,0,0,0,0.01,0.05,0.23,0.24,0.03,0,0,0,0.13,0.08,0.02,0,0,0,0,0,0,0,0.01,0.08,0,0,0,0,0,0,0,0,0,0,0,0,0.0587,0.0182,0.0604,0.192
40033,0,0,0.01,0.03,0.2,0.62,0.88,0.83,0.41,0.05,0,0,0,0,0,0,0.01,0.07,0.29,0.31,0.05,0,0,0,0.12,0.07,0.02,0,0,0,0,0,0,0,0.01,0.07,0,0,0,0,0,0,0,0,0,0,0,0,0.0877,0.00692,0.0585,0.237
40035,0,0,0,0,0.02,0.26,0.62,0.56,0.19,0,0,0,0,0,0,0,0,0,0.06,0.06,0.01,0,0,0,0.25,0.16,0.03,0,0,0,0,0,0,0,0.02,0.15,0.01,0.01,0,0,0,0,0,0,0,0,0,0,0.0853,0.0405,0.0675,0.0191
40037,0,0,0,0.01,0.04,0.3,0.7,0.62,0.25,0.01,0,0,0,0,0,0,0,0.01,0.09,0.1,0.02,0,0,0,0.23,0.13,0.03,0,0,0,0,0,0,0,0.02,0.14,0,0.01,0,0,0,0,0,0,0,0,0,0,0.0592,0.00587,0.0622,0.0509
40039,0,0,0,0.02,0.17,0.54,0.8,0.72,0.3,0.03,0,0,0,0,0,0,0.01,0.06,0.24,0.19,0.03,0,0,0,0.24,0.15,0.04,0,0,0,0,0,0,0,0.04,0.17,0,0.01,0,0,0,0,0,0,0,0,0,0,0.0568,0.0211,0.067,0.0532
40041,0,0,0,0,0.02,0.22,0.59,0.53,0.17,0,0,0,0,0,0,0,0,0,0.05,0.05,0.01,0,0,0,0.25,0.16,0.03,0,0,0,0,0,0,0,0.03,0.15,0,0.01,0,0,0,0,0,0,0,0,0,0,0.036,0.0268,0.0697,0.0204
40043,0,0,0,0.02,0.14,0.51,0.77,0.67,0.29,0.03,0,0,0,0,0,0,0.01,0.05,0.21,0.17,0.02,0,0,0,0.28,0.17,0.04,0,0,0,0,0,0,0,0.05,0.21,0,0.01,0,0,0,0,0,0,0,0,0,0,0.145,0.0405,0.0672,0.0295
40045,0,0,0,0.03,0.15,0.47,0.74,0.66,0.27,0.03,0,0,0,0,0,0,0.01,0.04,0.17,0.13,0.03,0,0,0,0.33,0.22,0.06,0,0,0,0,0,0,0,0.07,0.26,0,0.01,0,0,0,0,0,0,0,0,0,0.01,0.0776,0.0264,0.0705,0.0243
40047,0,0,0,0.02,0.12,0.5,0.79,0.68,0.31,0.03,0,0,0,0,0,0,0,0.04,0.2,0.19,0.03,0,0,0,0.27,0.17,0.04,0,0,0,0,0,0,0,0.03,0.18,0,0.01,0,0,0,0,0,0,0,0,0,0,0.0514,0.0123,0.0645,0.0223
40049,0,0,0,0.01,0.09,0.45,0.8,0.76,0.3,0.02,0,0,0,0,0,0,0,0.02,0.17,0.2,0.03,0,0,0,0.17,0.08,0.02,0,0,0,0,0,0,0,0.01,0.1,0,0,0,0,0,0,0,0,0,0,0,0,0.0352,0.0222,0.0561,0.187
40051,0,0,0,0.02,0.1,0.45,0.81,0.75,0.31,0.03,0,0,0,0,0,0,0,0.02,0.18,0.19,0.03,0,0,0,0.17,0.09,0.03,0,0,0,0,0,0,0,0.01,0.1,0,0,0,0,0,0,0,0,0,0,0,0,0.0507,0.00502,0.0593,0.155
40053,0,0,0,0.02,0.12,0.51,0.78,0.67,0.31,0.03,0,0,0,0,0,0,0.01,0.05,0.22,0.19,0.03,0,0,0,0.31,0.2,0.04,0,0,0,0,0,0,0,0.04,0.21,0,0.01,0,0,0,0,0,0,0,0,0,0,0.222,0.0462,0.0652,0.0164
40055,0,0,0.01,0.05,0.23,0.62,0.86,0.78,0.36,0.06,0,0,0,0,0,0,0.02,0.1,0.3,0.25,0.04,0,0,0,0.17,0.09,0.03,0,0,0,0,0,0,0,0.02,0.12,0,0,0,0,0,0,0,0,0,0,0,0,0.166,0.0213,0.0707,0.118
40057,0,0,0.01,0.07,0.27,0.66,0.87,0.8,0.4,0.07,0,0,0,0,0,0,0.04,0.13,0.33,0.29,0.05,0,0,0,0.16,0.09,0.03,0,0,0,0,0,0,0,0.02,0.11,0,0,0,0,0,0,0,0,0,0,0,0,0.1,0.272,0.0745,0.129
40059,0,0,0,0.03,0.17,0.5,0.78,0.67,0.31,0.04,0,0,0,0,0,0,0.01,0.06,0.22,0.18,0.03,0,0,0,0.37,0.25,0.06,0,0,0,0,0,0,0.01,0.08,0.29,0.01,0.01,0,0,0,0,0,0,0,0,0,0.01,0.233,0.0264,0.0702,0.0222
40061,0,0,0,0.01,0.04,0.35,0.73,0.65,0.28,0.02,0,0,0,0,0,0,0,0.01,0.12,0.15,0.02,0,0,0,0.15,0.07,0.02,0,0,0,0,0,0,0,0.01,0.07,0,0,0,0,0,0,0,0,0,0,0,0,0.0842,0.199,0.0654,0.0751
40063,0,0,0,0.01,0.05,0.38,0.75,0.69,0.29,0.02,0,0,0,0,0,0,0,0.01,0.13,0.13,0.03,0,0,0,0.17,0.08,0.02,0,0,0,0,0,0,0,0.01,0.1,0,0,0,0,0,0,0,0,0,0,0,0,0.117,0.0258,0.0575,0.133
40065,0,0,0.01,0.05,0.26,0.67,0.88,0.82,0.4,0.07,0,0,0,0,0,0,0.03,0.12,0.34,0.31,0.06,0,0,0,0.15,0.09,0.02,0,0,0,0,0,0,0,0.01,0.09,0,0,0,0,0,0,0,0,0,0,0,0,0.137,0,0.0683,0.175
40067,0,0,0.01,0.02,0.15,0.57,0.85,0.82,0.4,0.04,0,0,0,0,0,0,0,0.05,0.23,0.26,0.04,0,0,0,0.11,0.06,0.02,0,0,0,0,0,0,0,0.01,0.07,0,0,0,0,0,0,0,0,0,0,0,0,0.0832,0.00431,0.0552,0.253
40069,0,0,0,0.01,0.07,0.46,0.78,0.76,0.3,0.03,0,0,0,0,0,0,0,0.01,0.14,0.18,0.03,0,0,0,0.12,0.06,0.02,0,0,0,0,0,0,0,0.01,0.07,0,0,0,0,0,0,0,0,0,0,0,0,0.0254,0.0245,0.0539,0.207
40071,0,0,0,0.01,0.08,0.41,0.72,0.63,0.27,0.02,0,0,0,0,0,0,0,0.02,0.14,0.14,0.02,0,0,0,0.31,0.19,0.05,0,0,0,0,0,0,0,0.04,0.22,0,0.01,0,0,0,0,0,0,0,0,0,0,0.0208,0.0228,0.0654,0.0161
40073,0,0,0,0.02,0.14,0.52,0.81,0.72,0.32,0.03,0,0,0,0,0,0,0,0.05,0.22,0.22,0.03,0,0,0,0.23,0.13,0.03,0,0,0,0,0,0,0,0.03,0.15,0,0.01,0,0,0,0,0,0,0,0,0,0,0.106,0.0658,0.0637,0.0464
40075,0,0,0,0.03,0.2,0.6,0.85,0.78,0.34,0.04,0,0,0,0,0,0,0.01,0.08,0.27,0.25,0.04,0,0,0,0.16,0.09,0.03,0,0,0,0,0,0,0,0.02,0.11,0,0,0,0,0,0,0,0,0,0,0,0,0.0656,0.00242,0.0648,0.145
40077,0,0,0,0.01,0.03,0.28,0.68,0.62,0.26,0.01,0,0,0,0,0,0,0,0,0.1,0.11,0.02,0,0,0,0.15,0.06,0.02,0,0,0,0,0,0,0,0.01,0.08,0,0,0,0,0,0,0,0,0,0,0,0,0.019,0.0103,0.0624,0.11
40079,0,0,0,0,0.03,0.28,0.67,0.61,0.24,0.01,0,0,0,0,0,0,0,0.01,0.08,0.09,0.02,0,0,0,0.15,0.06,0.02,0,0,0,0,0,0,0,0.01,0.09,0,0,0,0,0,0,0,0,0,0,0,0,0.191,0.0163,0.0686,0.0787
40081,0,0,0.01,0.01,0.07,0.38,0.75,0.68,0.29,0.02,0,0,0,0,0,0,0,0.02,0.13,0.14,0.03,0,0,0,0.22,0.12,0.03,0,0,0,0,0,0,0,0.02,0.14,0,0.01,0,0,0,0,0,0,0,0,0,0,0.0592,0.0134,0.0609,0.0759
40083,0,0,0,0.02,0.11,0.46,0.79,0.7,0.31,0.02,0,0,0,0,0,0,0,0.03,0.19,0.19,0.03,0,0,0,0.22,0.13,0.03,0,0,0,0,0,0,0,0.02,0.14,0,0.01,0,0,0,0,0,0,0,0,0,0,0.112,0.0134,0.0626,0.054
40085,0,0,0,0.01,0.11,0.52,0.83,0.79,0.35,0.03,0,0,0,0,0,0,0,0.02,0.17,0.23,0.03,0,0,0,0.1,0.04,0.01,0,0,0,0,0,0,0,0,0.06,0,0,0,0,0,0,0,0,0,0,0,0,0.0762,0,0.053,0.252
40087,0,0,0,0.01,0.08,0.41,0.78,0.73,0.29,0.02,0,0,0,0,0,0,0,0.02,0.15,0.18,0.03,0,0,0,0.17,0.08,0.02,0,0,0,0,0,0,0,0.01,0.1,0,0,0,0,0,0,0,0,0,0,0,0,0.0471,0.0247,0.058,0.156
40089,0,0,0,0,0.03,0.3,0.67,0.66,0.29,0.01,0,0,0,0,0,0,0,0,0.06,0.1,0.02,0,0,0,0.11,0.04,0.02,0,0,0,0,0,0,0,0.01,0.06,0,0,0,0,0,0,0,0,0,0,0,0,0.0534,0.102,0.0656,0.126
40091,0,0,0,0.01,0.04,0.34,0.73,0.66,0.28,0.02,0,0,0,0,0,0,0,0.01,0.12,0.12,0.02,0,0,0,0.15,0.07,0.02,0,0,0,0,0,0,0,0.01,0.08,0,0,0,0,0,0,0,0,0,0,0,0,0.0679,0.00563,0.0616,0.0855
40093,0,0,0,0.02,0.16,0.55,0.82,0.69,0.33,0.04,0,0,0,0,0,0,0.01,0.07,0.25,0.21,0.03,0,0,0,0.28,0.18,0.04,0,0,0,0,0,0,0,0.04,0.2,0,0.01,0,0,0,0,0,0,0,0,0,0,0.251,0.0662,0.0657,0.0218
40095,0,0,0,0.01,0.08,0.49,0.81,0.76,0.33,0.03,0,0,0,0,0,0,0,0.02,0.15,0.19,0.03,0,0,0,0.09,0.04,0.01,0,0,0,0,0,0,0,0,0.05,0,0,0,0,0,0,0,0,0,0,0,0,0.0458,0.0372,0.0529,0.231
40097,0,0,0,0,0.03,0.28,0.67,0.59,0.22,0,0,0,0,0,0,0,0,0,0.07,0.08,0.01,0,0,0,0.23,0.13,0.03,0,0,0,0,0,0,0,0.02,0.14,0,0,0,0,0,0,0,0,0,0,0,0,0.0678,0.0306,0.0675,0.0216
40099,0,0,0,0.01,0.07,0.41,0.77,0.74,0.29,0.02,0,0,0,0,0,0,0,0.01,0.14,0.16,0.03,0,0,0,0.13,0.07,0.02,0,0,0,0,0,0,0,0.01,0.09,0,0,0,0,0,0,0,0,0,0,0,0,0.0455,0.00608,0.0547,0.204
40101,0,0,0,0.01,0.05,0.34,0.73,0.65,0.27,0.02,0,0,0,0,0,0,0,0.01,0.11,0.13,0.02,0,0,0,0.18,0.08,0.02,0,0,0,0,0,0,0,0.01,0.1,0,0,0,0,0,0,0,0,0,0,0,0,0.12,0.00701,0.0647,0.0549
40103,0,0,0,0.01,0.1,0.45,0.77,0.67,0.29,0.02,0,0,0,0,0,0,0,0.03,0.16,0.16,0.03,0,0,0,0.26,0.16,0.04,0,0,0,0,0,0,0,0.03,0.17,0,0.01,0,0,0,0,0,0,0,0,0,0,0.104,0.00858,0.0643,0.0231
40105,0,0,0,0,0.02,0.28,0.63,0.57,0.2,0,0,0,0,0,0,0,0,0,0.07,0.08,0.02,0,0,0,0.26,0.16,0.04,0,0,0,0,0,0,0,0.03,0.17,0.01,0.01,0,0,0,0,0,0,0,0,0,0,0.107,0.0384,0.0665,0.0181
40107,0,0,0,0.01,0.05,0.32,0.73,0.66,0.27,0.01,0,0,0,0,0,0,0,0.01,0.11,0.11,0.02,0,0,0,0.2,0.1,0.03,0,0,0,0,0,0,0,0.01,0.11,0,0,0,0,0,0,0,0,0,0,0,0,0.0338,0.0791,0.0596,0.094
40109,0,0,0,0.01,0.08,0.39,0.77,0.69,0.28,0.02,0,0,0,0,0,0,0,0.02,0.15,0.16,0.03,0,0,0,0.19,0.11,0.03,0,0,0,0,0,0,0,0.02,0.12,0,0,0,0,0,0,0,0,0,0,0,0,0.0663,0.00583,0.0607,0.0934
40111,0,0,0,0.01,0.04,0.32,0.73,0.64,0.26,0.01,0,0,0,0,0,0,0,0.01,0.11,0.1,0.02,0,0,0,0.19,0.1,0.03,0,0,0,0,0,0,0,0.01,0.1,0,0,0,0,0,0,0,0,0,0,0,0,0.183,0.0172,0.0616,0.0683
40113,0,0,0,0.01,0.03,0.28,0.66,0.59,0.22,0.01,0,0,0,0,0,0,0,0.01,0.09,0.09,0.02,0,0,0,0.28,0.18,0.04,0,0,0,0,0,0,0,0.04,0.2,0,0.01,0,0,0,0,0,0,0,0,0,0,0.0334,0.0213,0.0652,0.0179
40115,0,0,0,0,0.02,0.25,0.6,0.55,0.18,0,0,0,0,0,0,0,0,0,0.05,0.05,0.01,0,0,0,0.26,0.17,0.03,0,0,0,0,0,0,0,0.03,0.15,0.01,0.01,0,0,0,0,0,0,0,0,0,0,0.208,0.00691,0.0687,0.0203
40117,0,0,0,0.01,0.06,0.34,0.7,0.64,0.26,0.01,0,0,0,0,0,0,0,0.01,0.12,0.13,0.02,0,0,0,0.25,0.15,0.04,0,0,0,0,0,0,0,0.03,0.17,0,0.01,0,0,0,0,0,0,0,0,0,0,0.0617,0.00783,0.0641,0.0255
40119,0,0,0,0.01,0.09,0.4,0.75,0.68,0.29,0.02,0,0,0,0,0,0,0,0.02,0.14,0.15,0.03,0,0,0,0.24,0.15,0.03,0,0,0,0,0,0,0,0.02,0.15,0,0.01,0,0,0,0,0,0,0,0,0,0,0.0432,0.00585,0.063,0.0401
40121,0,0,0,0.01,0.04,0.34,0.74,0.67,0.29,0.02,0,0,0,0,0,0,0,0.01,0.12,0.14,0.02,0,0,0,0.15,0.07,0.02,0,0,0,0,0,0,0,0.01,0.08,0,0,0,0,0,0,0,0,0,0,0,0,0.12,0.046,0.0591,0.127
40123,0,0,0,0.01,0.06,0.38,0.77,0.73,0.29,0.02,0,0,0,0,0,0,0,0.01,0.13,0.16,0.03,0,0,0,0.16,0.08,0.02,0,0,0,0,0,0,0,0.01,0.1,0,0,0,0,0,0,0,0,0,0,0,0,0.0646,0.00397,0.0554,0.175
40125,0,0,0.01,0.01,0.06,0.37,0.77,0.71,0.28,0.02,0,0,0,0,0,0,0,0.01,0.13,0.15,0.03,0,0,0,0.19,0.1,0.03,0,0,0,0,0,0,0,0.02,0.11,0,0,0,0,0,0,0,0,0,0,0,0,0.035,0.00801,0.0581,0.131
40127,0,0,0,0,0.02,0.29,0.68,0.65,0.28,0.01,0,0,0,0,0,0,0,0,0.1,0.12,0.02,0,0,0,0.13,0.05,0.02,0,0,0,0,0,0,0,0.01,0.07,0,0,0,0,0,0,0,0,0,0,0,0,0.0612,0.024,0.0595,0.15
40129,0,0,0.01,0.03,0.18,0.52,0.78,0.7,0.29,0.04,0,0,0,0,0,0,0.01,0.06,0.2,0.16,0.03,0,0,0,0.26,0.16,0.05,0,0,0,0,0,0,0,0.05,0.21,0,0.01,0,0,0,0,0,0,0,0,0,0,0.119,0.0096,0.0715,0.0333
40131,0,0,0,0,0.02,0.29,0.68,0.62,0.23,0.01,0,0,0,0,0,0,0,0,0.07,0.09,0.02,0,0,0,0.23,0.13,0.03,0,0,0,0,0,0,0,0.02,0.14,0,0.01,0,0,0,0,0,0,0,0,0,0,0.0589,0.00731,0.066,0.0212
40133,0,0,0,0.01,0.06,0.37,0.77,0.7,0.27,0.02,0,0,0,0,0,0,0,0,0.12,0.14,0.03,0,0,0,0.19,0.09,0.03,0,0,0,0,0,0,0,0.02,0.11,0,0,0,0,0,0,0,0,0,0,0,0,0.0567,0.0118,0.0576,0.131
40135,0,0,0,0,0.04,0.33,0.71,0.62,0.25,0.01,0,0,0,0,0,0,0,0.01,0.09,0.11,0.02,0,0,0,0.17,0.08,0.02,0,0,0,0,0,0,0,0.01,0.09,0,0,0,0,0,0,0,0,0,0,0,0,0.213,0.0306,0.07,0.0431
40137,0,0,0,0.02,0.12,0.49,0.82,0.78,0.33,0.03,0,0,0,0,0,0,0,0.03,0.19,0.21,0.04,0,0,0,0.13,0.07,0.02,0,0,0,0,0,0,0,0.01,0.08,0,0,0,0,0,0,0,0,0,0,0,0,0.0493,0.0147,0.0568,0.216
40139,0,0,0,0.02,0.17,0.52,0.75,0.64,0.26,0.03,0,0,0,0,0,0,0.01,0.07,0.15,0.09,0.02,0,0,0,0.37,0.27,0.08,0.01,0,0,0,0,0,0.01,0.09,0.3,0.01,0.01,0,0,0,0,0,0,0,0,0,0.01,0.0675,0.121,0.0797,0.0492
40141,0,0,0.01,0.04,0.25,0.67,0.88,0.83,0.41,0.06,0,0,0,0,0,0,0.02,0.1,0.33,0.31,0.06,0,0,0,0.13,0.07,0.02,0,0,0,0,0,0,0,0.01,0.08,0,0,0,0,0,0,0,0,0,0,0,0,0.139,0.00865,0.0627,0.221
40143,0,0,0,0,0.04,0.32,0.71,0.64,0.26,0.01,0,0,0,0,0,0,0,0.01,0.09,0.1,0.02,0,0,0,0.22,0.12,0.03,0,0,0,0,0,0,0,0.02,0.14,0,0.01,0,0,0,0,0,0,0,0,0,0,0.0298,0.00554,0.0642,0.0309
40145,0,0,0,0,0.04,0.34,0.72,0.64,0.26,0.01,0,0,0,0,0,0,0,0,0.09,0.11,0.02,0,0,0,0.21,0.1,0.03,0,0,0,0,0,0,0,0.01,0.12,0,0,0,0,0,0,0,0,0,0,0,0,0.0479,0.00218,0.0654,0.0342
40147,0,0,0,0,0.03,0.29,0.66,0.59,0.23,0.01,0,0,0,0,0,0,0,0.01,0.08,0.09,0.02,0,0,0,0.28,0.17,0.04,0,0,0,0,0,0,0,0.03,0.18,0.01,0.01,0,0,0,0,0,0,0,0,0,0,0.104,0.0255,0.0658,0.0176
40149,0,0,0,0.03,0.18,0.56,0.82,0.76,0.3,0.03,0,0,0,0,0,0,0.01,0.07,0.25,0.22,0.04,0,0,0,0.2,0.11,0.03,0,0,0,0,0,0,0,0.03,0.14,0,0,0,0,0,0,0,0,0,0,0,0,0.102,0.0243,0.0661,0.0949
40151,0,0,0,0.02,0.15,0.53,0.79,0.65,0.32,0.04,0,0,0,0,0,0,0.01,0.06,0.24,0.19,0.03,0,0,0,0.37,0.22,0.05,0,0,0,0,0,0,0.01,0.07,0.26,0,0.01,0,0,0,0,0,0,0,0,0,0.01,0.185,0.0727,0.0668,0.0184
40153,0,0,0,0.02,0.15,0.49,0.76,0.64,0.29,0.03,0,0,0,0,0,0,0.01,0.05,0.2,0.16,0.03,0,0,0,0.33,0.21,0.05,0,0,0,0,0,0,0,0.07,0.25,0,0.01,0,0,0,0,0,0,0,0,0,0,0.0817,0.0111,0.0681,0.021
41001,0,0,0,0,0,0.02,0.22,0.18,0.02,0,0,0,0,0,0,0,0,0,0,0,0,0,0,0,0.43,0.35,0.12,0.02,0,0,0,0,0,0.02,0.19,0.5,0.01,0.01,0,0,0,0,0,0,0,0,0,0.02,0.0741,0.115,0.0345,0.109
41003,0,0,0,0,0,0.04,0.13,0.13,0.04,0,0,0,0,0,0,0,0,0,0.01,0.01,0,0,0,0,0.01,0.01,0,0,0,0,0,0,0,0,0,0.02,0,0,0,0,0,0,0,0,0,0,0,0,0.00847,0.0393,0.0053,0.102
41005,0,0,0,0,0,0.02,0.05,0.04,0.01,0,0,0,0,0,0,0,0,0,0,0,0,0,0,0,0.05,0.04,0,0,0,0,0,0,0,0,0.01,0.04,0,0,0,0,0,0,0,0,0,0,0,0,0.000716,0.204,0.00467,0.0964
41007,0,0,0,0,0,0,0,0,0,0,0,0,0,0,0,0,0,0,0,0,0,0,0,0,0.01,0.01,0,0,0,0,0,0,0,0,0,0.02,0,0,0,0,0,0,0,0,0,0,0,0,0,0.000856,0.00342,0.0806
41009,0,0,0,0,0,0.02,0.07,0.05,0.01,0,0,0,0,0,0,0,0,0,0,0,0,0,0,0,0.02,0.02,0,0,0,0,0,0,0,0,0.01,0.02,0,0,0,0,0,0,0,0,0,0,0,0,,,0.0036,0.0817
41011,0,0,0,0,0,0,0,0.01,0.01,0,0,0,0,0,0,0,0,0,0,0,0,0,0,0,0,0,0,0,0,0,0,0,0,0,0,0.01,0,0,0,0,0,0,0,0,0,0,0,0,0,0,0.0106,0.0616
41013,0,0,0,0,0,0.03,0.21,0.16,0.03,0,0,0,0,0,0,0,0,0,0.01,0,0,0,0,0,0.32,0.3,0.13,0.03,0,0,0,0,0,0.02,0.18,0.39,0.01,0.01,0,0,0,0,0,0,0,0,0.01,0.02,0.0595,0.0665,0.00882,0.117
41015,0,0,0,0,0,0.01,0.03,0.04,0.03,0,0,0,0,0,0,0,0,0,0,0,0,0,0,0,0,0,0,0,0,0,0,0,0,0,0,0.01,0,0,0,0,0,0,0,0,0,0,0,0,0.0018,0,0.0201,0.0198
41017,0,0,0,0,0,0.01,0.09,0.06,0.01,0,0,0,0,0,0,0,0,0,0,0,0,0,0,0,0.32,0.33,0.17,0.07,0,0,0,0,0,0.03,0.19,0.4,0.01,0.01,0,0,0,0,0,0,0,0,0,0.02,0.0187,0.0774,0.00832,0.108
41019,0,0,0,0,0,0.02,0.09,0.08,0.04,0,0,0,0,0,0,0,0,0,0,0,0,0,0,0,0.02,0.01,0,0,0,0,0,0,0,0,0,0.02,0,0,0,0,0,0,0,0,0,0,0,0,0.0192,0,0.0112,0.0752
41021,0,0,0,0,0.01,0.07,0.37,0.3,0.05,0,0,0,0,0,0,0,0,0.01,0.03,0.01,0,0,0,0,0.15,0.09,0.02,0,0,0,0,0,0,0.01,0.06,0.14,0.01,0,0,0,0,0,0,0,0,0,0,0.01,0.091,0.00987,0.00591,0.0992
41023,0,0,0,0,0,0.01,0.13,0.11,0.02,0,0,0,0,0,0,0,0,0,0,0,0,0,0,0,0.38,0.39,0.16,0.04,0,0,0,0,0,0.03,0.21,0.45,0.02,0.01,0,0,0,0,0,0,0,0,0.01,0.02,0.0202,0.079,0.0161,0.13
41025,0,0,0,0,0,0.03,0.29,0.19,0.02,0,0,0,0,0,0,0,0,0,0.01,0,0,0,0,0,0.42,0.36,0.13,0.03,0,0,0,0,0,0.03,0.24,0.51,0.01,0.01,0,0,0,0,0,0,0,0,0.01,0.02,0.0661,0.167,0.0402,0.0905
41027,0,0,0,0,0,0.01,0.04,0.03,0,0,0,0,0,0,0,0,0,0,0,0,0,0,0,0,0.13,0.09,0.01,0,0,0,0,0,0,0.01,0.04,0.11,0,0,0,0,0,0,0,0,0,0,0,0,0,0.00373,0.00445,0.0907
41029,0,0,0,0,0,0.04,0.21,0.18,0.08,0,0,0,0,0,0,0,0,0,0,0.01,0,0,0,0,0.04,0.04,0.01,0,0,0,0,0,0,0,0.01,0.03,0,0,0,0,0,0,0,0,0,0,0,0,0.0378,0,0.0272,0.0324
41031,0,0,0,0,0,0.03,0.24,0.18,0.03,0,0,0,0,0,0,0,0,0,0,0,0,0,0,0,0.19,0.15,0.05,0,0,0,0,0,0,0.01,0.09,0.23,0,0.01,0,0,0,0,0,0,0,0,0,0.01,0.172,0.049,0.00607,0.108
41033,0,0,0,0,0.01,0.04,0.16,0.14,0.07,0,0,0,0,0,0,0,0,0,0,0,0,0,0,0,0.01,0.01,0,0,0,0,0,0,0,0,0,0.02,0,0,0,0,0,0,0,0,0,0,0,0,0.0291,0,0.0243,0.0232
41035,0,0,0,0,0,0.01,0.1,0.07,0.02,0,0,0,0,0,0,0,0,0,0,0,0,0,0,0,0.35,0.32,0.17,0.07,0,0,0,0,0,0.03,0.18,0.41,0.01,0,0,0,0,0,0,0,0,0,0,0.01,0.00324,0.157,0.0245,0.0533
41037,0,0,0,0,0,0.02,0.18,0.1,0.02,0,0,0,0,0,0,0,0,0,0.01,0,0,0,0,0,0.36,0.35,0.18,0.07,0,0,0,0,0,0.04,0.23,0.48,0.01,0.01,0,0,0,0,0,0,0,0,0.01,0.02,0.15,0.00315,0.0274,0.0656
41039,0,0,0,0,0,0.01,0.05,0.05,0.01,0,0,0,0,0,0,0,0,0,0,0,0,0,0,0,0.02,0.02,0,0,0,0,0,0,0,0,0,0.02,0,0,0,0,0,0,0,0,0,0,0,0,0.000744,0,0.00703,0.0986
41041,0,0,0,0,0,0,0.01,0.01,0,0,0,0,0,0,0,0,0,0,0,0,0,0,0,0,0,0,0,0,0,0,0,0,0,0,0,0.01,0,0,0,0,0,0,0,0,0,0,0,0,0,0,0.00489,0.101
41043,0,0,0,0,0,0.02,0.07,0.07,0.01,0,0,0,0,0,0,0,0,0,0,0,0,0,0,0,0.03,0.03,0,0,0,0,0,0,0,0,0.01,0.03,0,0,0,0,0,0,0,0,0,0,0,0,0.00597,0.0644,0.00563,0.104
41045,0,0,0,0,0.01,0.08,0.46,0.35,0.04,0,0,0,0,0,0,0,0,0,0.02,0,0,0,0,0,0.37,0.28,0.07,0.01,0,0,0,0,0,0.02,0.2,0.48,0.01,0,0,0,0,0,0,0,0,0,0,0.02,0.111,0.153,0.0646,0.112
41047,0,0,0,0,0,0.02,0.08,0.07,0.01,0,0,0,0,0,0,0,0,0,0,0,0,0,0,0,0.03,0.02,0,0,0,0,0,0,0,0,0,0.02,0,0,0,0,0,0,0,0,0,0,0,0,0.00101,0.000901,0.00492,0.0999
41049,0,0,0,0,0.01,0.05,0.31,0.25,0.03,0,0,0,0,0,0,0,0,0,0.02,0,0,0,0,0,0.15,0.1,0.02,0,0,0,0,0,0,0.01,0.06,0.14,0.01,0,0,0,0,0,0,0,0,0,0,0.01,0.00468,0.0229,0.00749,0.103
41051,0,0,0,0,0,0.03,0.1,0.09,0.01,0,0,0,0,0,0,0,0,0,0,0,0,0,0,0,0.02,0.02,0,0,0,0,0,0,0,0,0,0.02,0,0,0,0,0,0,0,0,0,0,0,0,0.00459,0.224,0.00413,0.0891
41053,0,0,0,0,0,0.03,0.11,0.1,0.03,0,0,0,0,0,0,0,0,0,0.01,0,0,0,0,0,0.01,0.01,0,0,0,0,0,0,0,0,0,0.02,0,0,0,0,0,0,0,0,0,0,0,0,0.0109,0,0.00467,0.0994
41055,0,0,0,0,0.01,0.06,0.34,0.3,0.06,0,0,0,0,0,0,0,0,0.01,0.03,0.02,0,0,0,0,0.15,0.09,0.02,0,0,0,0,0,0,0.01,0.06,0.14,0.01,0,0,0,0,0,0,0,0,0,0,0.01,0.0245,0,0.0053,0.0964
41057,0,0,0,0,0,0,0,0,0,0,0,0,0,0,0,0,0,0,0,0,0,0,0,0,0.01,0.01,0,0,0,0,0,0,0,0,0,0.02,0,0,0,0,0,0,0,0,0,0,0,0,0,0.0302,0.00387,0.0914
41059,0,0,0,0,0,0.04,0.25,0.21,0.02,0,0,0,0,0,0,0,0,0,0.01,0,0,0,0,0,0.17,0.13,0.02,0,0,0,0,0,0,0.01,0.07,0.16,0.01,0,0,0,0,0,0,0,0,0,0,0.01,0.0291,0.0127,0.0108,0.105
41061,0,0,0,0,0,0.01,0.06,0.06,0.01,0,0,0,0,0,0,0,0,0,0,0,0,0,0,0,0.3,0.28,0.11,0.01,0,0,0,0,0,0.02,0.15,0.36,0.01,0.02,0,0,0,0,0,0,0,0,0,0.01,0.0512,0.284,0.0197,0.113
41063,0,0,0,0,0,0.01,0.06,0.05,0.01,0,0,0,0,0,0,0,0,0,0,0,0,0,0,0,0.4,0.36,0.16,0.03,0,0,0,0,0,0.03,0.21,0.46,0.02,0.02,0,0,0,0,0,0,0,0,0,0.02,0.000709,0.154,0.0182,0.0987
41065,0,0,0,0,0.01,0.04,0.24,0.19,0.03,0,0,0,0,0,0,0,0,0,0.01,0,0,0,0,0,0.16,0.1,0.02,0,0,0,0,0,0,0.01,0.06,0.15,0,0,0,0,0,0,0,0,0,0,0,0.01,0.0256,0.138,0.00517,0.0992
41067,0,0,0,0,0,0.03,0.09,0.06,0.01,0,0,0,0,0,0,0,0,0,0,0,0,0,0,0,0.02,0.01,0,0,0,0,0,0,0,0,0,0.02,0,0,0,0,0,0,0,0,0,0,0,0,0.0073,0.196,0.00394,0.089
41069,0,0,0,0,0,0.03,0.22,0.17,0.03,0,0,0,0,0,0,0,0,0,0,0,0,0,0,0,0.22,0.18,0.07,0.01,0,0,0,0,0,0.01,0.09,0.23,0.01,0.01,0,0,0,0,0,0,0,0,0,0.01,,,0.00801,0.116
41071,0,0,0,0,0,0.03,0.09,0.08,0.02,0,0,0,0,0,0,0,0,0,0,0,0,0,0,0,0.01,0.01,0,0,0,0,0,0,0,0,0,0.02,0,0,0,0,0,0,0,0,0,0,0,0,0.0017,0.0122,0.00422,0.0945
42001,0,0,0,0,0.01,0.08,0.21,0.11,0.03,0,0,0,0,0,0,0,0,0,0,0,0,0,0,0,0.43,0.33,0.11,0,0,0,0,0,0,0,0.03,0.21,0.01,0.01,0,0,0,0,0,0,0,0,0,0,0.222,0.0179,0.0288,0.0356
42003,0,0,0,0,0,0.03,0.11,0.07,0.01,0,0,0,0,0,0,0,0,0,0,0,0,0,0,0,0.44,0.36,0.13,0,0,0,0,0,0,0,0.04,0.22,0.04,0.02,0,0,0,0,0,0,0,0,0,0,0,0.00476,0.00641,0.0458
42005,0,0,0,0,0,0.03,0.08,0.05,0.01,0,0,0,0,0,0,0,0,0,0,0,0,0,0,0,0.52,0.46,0.22,0.01,0,0,0,0,0,0,0.06,0.29,0.06,0.04,0.01,0,0,0,0,0,0,0,0,0,0,0.01,0.008,0.0433
42007,0,0,0,0,0,0.03,0.1,0.07,0.01,0,0,0,0,0,0,0,0,0,0,0,0,0,0,0,0.46,0.37,0.15,0.01,0,0,0,0,0,0,0.04,0.24,0.05,0.02,0,0,0,0,0,0,0,0,0,0,0,0.00817,0.00496,0.0418
42009,0,0,0,0,0.01,0.04,0.13,0.08,0.02,0,0,0,0,0,0,0,0,0,0,0,0,0,0,0,0.48,0.39,0.16,0,0,0,0,0,0,0,0.06,0.28,0.04,0.02,0,0,0,0,0,0,0,0,0,0,0,0.0552,0.0204,0.0439
42011,0,0,0,0,0.01,0.07,0.21,0.1,0.02,0,0,0,0,0,0,0,0,0,0,0,0,0,0,0,0.45,0.36,0.11,0,0,0,0,0,0,0,0.03,0.22,0.02,0.01,0,0,0,0,0,0,0,0,0,0,0.0163,0.0451,0.024,0.0295
42013,0,0,0,0,0,0.02,0.08,0.05,0.01,0,0,0,0,0,0,0,0,0,0,0,0,0,0,0,0.52,0.45,0.2,0.01,0,0,0,0,0,0,0.06,0.29,0.05,0.03,0.01,0,0,0,0,0,0,0,0,0,0,0.0359,0.0189,0.0419
42015,0,0,0,0,0,0.01,0.05,0.02,0,0,0,0,0,0,0,0,0,0,0,0,0,0,0,0,0.61,0.56,0.33,0.02,0,0,0,0,0,0,0.1,0.37,0.12,0.08,0.02,0,0,0,0,0,0,0,0,0.01,0,0.0389,0.014,0.0457
42017,0,0,0,0,0.03,0.1,0.25,0.12,0.03,0,0,0,0,0,0,0,0,0,0,0,0,0,0,0,0.44,0.33,0.1,0,0,0,0,0,0,0,0.03,0.2,0.01,0.01,0,0,0,0,0,0,0,0,0,0,0.0265,0.012,0.0219,0.0269
42019,0,0,0,0,0.01,0.03,0.08,0.05,0.01,0,0,0,0,0,0,0,0,0,0,0,0,0,0,0,0.51,0.44,0.21,0.01,0,0,0,0,0,0,0.05,0.28,0.07,0.03,0.01,0,0,0,0,0,0,0,0,0,0,0.0227,0.0057,0.0409
42021,0,0,0,0,0,0,0.01,0.01,0,0,0,0,0,0,0,0,0,0,0,0,0,0,0,0,0.57,0.52,0.28,0.02,0,0,0,0,0,0,0.09,0.36,0.08,0.05,0.01,0,0,0,0,0,0,0,0,0.01,0,0.0367,0.0155,0.0435
42023,0,0,0,0,0,0.01,0.04,0.02,0,0,0,0,0,0,0,0,0,0,0,0,0,0,0,0,0.58,0.56,0.33,0.02,0,0,0,0,0,0,0.09,0.36,0.11,0.08,0.02,0,0,0,0,0,0,0,0,0.01,0,0.0256,0.0121,0.0462
42025,0,0,0,0,0,0.01,0.06,0.03,0,0,0,0,0,0,0,0,0,0,0,0,0,0,0,0,0.6,0.52,0.25,0.01,0,0,0,0,0,0,0.08,0.35,0.06,0.04,0,0,0,0,0,0,0,0,0,0.01,0,0.0656,0.0196,0.0321
42027,0,0,0,0,0,0.01,0.06,0.03,0,0,0,0,0,0,0,0,0,0,0,0,0,0,0,0,0.55,0.5,0.22,0.01,0,0,0,0,0,0,0.06,0.31,0.06,0.04,0.01,0,0,0,0,0,0,0,0,0,0,0.00369,0.0187,0.041
42029,0,0,0,0,0.02,0.09,0.24,0.11,0.03,0,0,0,0,0,0,0,0,0,0,0,0,0,0,0,0.4,0.31,0.09,0,0,0,0,0,0,0,0.02,0.18,0.01,0,0,0,0,0,0,0,0,0,0,0,0.0911,0.0103,0.0268,0.0277
42031,0,0,0,0,0,0.01,0.04,0.02,0,0,0,0,0,0,0,0,0,0,0,0,0,0,0,0,0.55,0.53,0.28,0.01,0,0,0,0,0,0,0.06,0.33,0.09,0.07,0.01,0,0,0,0,0,0,0,0,0.01,0,0.0675,0.00655,0.0421
42033,0,0,0,0,0,0,0.03,0.02,0,0,0,0,0,0,0,0,0,0,0,0,0,0,0,0,0.57,0.53,0.3,0.02,0,0,0,0,0,0,0.08,0.34,0.09,0.06,0.01,0,0,0,0,0,0,0,0,0.01,0,0.0191,0.0137,0.0434
42035,0,0,0,0,0.01,0.03,0.09,0.04,0,0,0,0,0,0,0,0,0,0,0,0,0,0,0,0,0.57,0.54,0.26,0.01,0,0,0,0,0,0,0.07,0.33,0.08,0.05,0.01,0,0,0,0,0,0,0,0,0.01,0,0.0551,0.017,0.0425
42037,0,0,0,0,0,0.02,0.09,0.05,0.01,0,0,0,0,0,0,0,0,0,0,0,0,0,0,0,0.56,0.48,0.22,0.01,0,0,0,0,0,0,0.07,0.32,0.05,0.03,0.01,0,0,0,0,0,0,0,0,0.01,0,0.0225,0.02,0.0355
42039,0,0,0,0,0,0.01,0.03,0.02,0,0,0,0,0,0,0,0,0,0,0,0,0,0,0,0,0.56,0.52,0.28,0.02,0,0,0,0,0,0,0.06,0.32,0.09,0.09,0.01,0,0,0,0,0,0,0,0,0.01,0,0.0263,0.00513,0.0355
42041,0,0,0,0,0.01,0.09,0.22,0.11,0.03,0,0,0,0,0,0,0,0,0,0,0,0,0,0,0,0.41,0.31,0.11,0,0,0,0,0,0,0,0.02,0.19,0.01,0.01,0,0,0,0,0,0,0,0,0,0,0.0212,0.0507,0.0268,0.0357
42043,0,0,0,0,0.01,0.06,0.16,0.07,0.02,0,0,0,0,0,0,0,0,0,0,0,0,0,0,0,0.44,0.36,0.12,0,0,0,0,0,0,0,0.03,0.22,0.01,0.01,0,0,0,0,0,0,0,0,0,0,0.0109,0.0315,0.0253,0.0333
42045,0,0,0,0.01,0.03,0.11,0.3,0.15,0.03,0,0,0,0,0,0,0,0,0,0,0,0,0,0,0,0.29,0.23,0.06,0,0,0,0,0,0,0,0,0.11,0,0,0,0,0,0,0,0,0,0,0,0,0.0154,0.0021,0.0261,0.0264
42047,0,0,0,0,0,0,0.02,0.01,0,0,0,0,0,0,0,0,0,0,0,0,0,0,0,0,0.6,0.58,0.36,0.02,0,0,0,0,0,0,0.09,0.37,0.12,0.09,0.02,0,0,0,0,0,0,0,0,0.02,0,0.0354,0.00915,0.0461
42049,0,0,0,0,0,0.01,0.03,0.01,0,0,0,0,0,0,0,0,0,0,0,0,0,0,0,0,0.56,0.51,0.28,0.01,0,0,0,0,0,0,0.05,0.28,0.08,0.08,0.01,0,0,0,0,0,0,0,0,0,0,0.0325,0.00562,0.0353
42051,0,0,0,0,0,0.01,0.05,0.02,0.01,0,0,0,0,0,0,0,0,0,0,0,0,0,0,0,0.48,0.39,0.17,0.01,0,0,0,0,0,0,0.06,0.27,0.06,0.03,0,0,0,0,0,0,0,0,0,0,0,0.0257,0.0103,0.0517
42053,0,0,0,0,0,0.01,0.02,0.01,0,0,0,0,0,0,0,0,0,0,0,0,0,0,0,0,0.56,0.56,0.33,0.02,0,0,0,0,0,0,0.08,0.33,0.11,0.08,0.02,0,0,0,0,0,0,0,0,0.01,0,0.0261,0.00577,0.0436
42055,0,0,0,0.01,0.01,0.09,0.22,0.12,0.04,0,0,0,0,0,0,0,0,0,0,0,0,0,0,0,0.43,0.33,0.11,0,0,0,0,0,0,0,0.03,0.21,0.01,0.01,0,0,0,0,0,0,0,0,0,0,0.0332,0.1,0.0265,0.039
42057,0,0,0,0,0.01,0.07,0.18,0.11,0.04,0,0,0,0,0,0,0,0,0,0,0,0,0,0,0,0.44,0.35,0.13,0,0,0,0,0,0,0,0.04,0.23,0.02,0.01,0,0,0,0,0,0,0,0,0,0,0.00798,0.038,0.024,0.0417
42059,0,0,0,0,0,0.02,0.09,0.05,0.01,0,0,0,0,0,0,0,0,0,0,0,0,0,0,0,0.44,0.34,0.12,0,0,0,0,0,0,0,0.05,0.23,0.05,0.02,0,0,0,0,0,0,0,0,0,0,0,0.0468,0.00633,0.055
42061,0,0,0,0,0.01,0.05,0.14,0.08,0.02,0,0,0,0,0,0,0,0,0,0,0,0,0,0,0,0.47,0.39,0.15,0,0,0,0,0,0,0,0.05,0.25,0.03,0.02,0,0,0,0,0,0,0,0,0,0,0.00277,0.0686,0.0218,0.0402
42063,0,0,0,0,0,0.02,0.05,0.03,0.01,0,0,0,0,0,0,0,0,0,0,0,0,0,0,0,0.53,0.48,0.24,0.01,0,0,0,0,0,0,0.06,0.32,0.07,0.04,0.01,0,0,0,0,0,0,0,0,0,0,0.0167,0.0114,0.0442
42065,0,0,0,0,0,0,0.03,0.01,0,0,0,0,0,0,0,0,0,0,0,0,0,0,0,0,0.57,0.55,0.31,0.02,0,0,0,0,0,0,0.08,0.35,0.1,0.08,0.01,0,0,0,0,0,0,0,0,0.01,0,0.0465,0.00897,0.0439
42067,0,0,0,0,0.01,0.06,0.16,0.08,0.02,0,0,0,0,0,0,0,0,0,0,0,0,0,0,0,0.43,0.35,0.12,0,0,0,0,0,0,0,0.03,0.22,0.02,0.01,0,0,0,0,0,0,0,0,0,0,0,0.0869,0.0236,0.0372
42069,0,0,0,0,0,0.01,0.04,0.02,0,0,0,0,0,0,0,0,0,0,0,0,0,0,0,0,0.62,0.56,0.29,0.02,0,0,0,0,0,0,0.09,0.37,0.09,0.06,0.01,0,0,0,0,0,0,0,0,0.01,0,0.013,0.0156,0.0372
42071,0,0,0,0,0.02,0.08,0.2,0.1,0.02,0,0,0,0,0,0,0,0,0,0,0,0,0,0,0,0.4,0.32,0.1,0,0,0,0,0,0,0,0.02,0.19,0.01,0.01,0,0,0,0,0,0,0,0,0,0,0.0433,0.0135,0.0276,0.0298
42073,0,0,0,0,0.01,0.03,0.1,0.07,0.02,0,0,0,0,0,0,0,0,0,0,0,0,0,0,0,0.5,0.43,0.2,0.01,0,0,0,0,0,0,0.05,0.27,0.06,0.03,0.01,0,0,0,0,0,0,0,0,0,0,0.0188,0.00493,0.038
42075,0,0,0,0,0.01,0.06,0.15,0.08,0.01,0,0,0,0,0,0,0,0,0,0,0,0,0,0,0,0.45,0.36,0.12,0,0,0,0,0,0,0,0.03,0.22,0.01,0.01,0,0,0,0,0,0,0,0,0,0,0.0106,0.0694,0.0254,0.0315
42077,0,0,0,0,0.02,0.08,0.22,0.1,0.02,0,0,0,0,0,0,0,0,0,0,0,0,0,0,0,0.49,0.39,0.14,0,0,0,0,0,0,0,0.05,0.26,0.02,0.01,0,0,0,0,0,0,0,0,0,0,0.0212,0.0219,0.0215,0.0295
42079,0,0,0,0,0,0.01,0.05,0.02,0,0,0,0,0,0,0,0,0,0,0,0,0,0,0,0,0.6,0.54,0.27,0.01,0,0,0,0,0,0,0.08,0.35,0.07,0.04,0.01,0,0,0,0,0,0,0,0,0.01,0,0.02,0.0183,0.0353
42081,0,0,0,0,0.01,0.02,0.09,0.04,0,0,0,0,0,0,0,0,0,0,0,0,0,0,0,0,0.58,0.55,0.27,0.01,0,0,0,0,0,0,0.08,0.35,0.08,0.05,0.01,0,0,0,0,0,0,0,0,0.01,0,0.0138,0.0176,0.0414
42083,0,0,0,0,0,0,0.01,0.01,0,0,0,0,0,0,0,0,0,0,0,0,0,0,0,0,0.63,0.62,0.41,0.04,0,0,0,0,0,0,0.11,0.42,0.15,0.12,0.04,0,0,0,0,0,0,0,0,0.02,0,0.0599,0.00657,0.0507
42085,0,0,0,0,0,0.02,0.05,0.04,0.01,0,0,0,0,0,0,0,0,0,0,0,0,0,0,0,0.55,0.49,0.26,0.01,0,0,0,0,0,0,0.06,0.31,0.08,0.06,0.01,0,0,0,0,0,0,0,0,0.01,0,0.0172,0.00501,0.0359
42087,0,0,0,0,0.01,0.04,0.12,0.08,0.02,0,0,0,0,0,0,0,0,0,0,0,0,0,0,0,0.47,0.4,0.14,0,0,0,0,0,0,0,0.04,0.25,0.03,0.02,0,0,0,0,0,0,0,0,0,0,0.00924,0.0257,0.0222,0.0388
42089,0,0,0,0,0,0.01,0.04,0.02,0,0,0,0,0,0,0,0,0,0,0,0,0,0,0,0,0.61,0.53,0.26,0.01,0,0,0,0,0,0,0.1,0.37,0.07,0.05,0.01,0,0,0,0,0,0,0,0,0.01,0,0.0812,0.0176,0.0325
42091,0,0,0,0.01,0.03,0.11,0.29,0.15,0.04,0,0,0,0,0,0,0,0,0,0,0,0,0,0,0,0.39,0.3,0.09,0,0,0,0,0,0,0,0.02,0.18,0.01,0,0,0,0,0,0,0,0,0,0,0,0.0151,0.00848,0.0238,0.027
42093,0,0,0,0,0.01,0.05,0.14,0.07,0.02,0,0,0,0,0,0,0,0,0,0,0,0,0,0,0,0.53,0.45,0.18,0,0,0,0,0,0,0,0.06,0.29,0.05,0.03,0,0,0,0,0,0,0,0,0,0,0,0.0133,0.0203,0.0364
42095,0,0,0,0,0.02,0.05,0.17,0.09,0.02,0,0,0,0,0,0,0,0,0,0,0,0,0,0,0,0.53,0.43,0.15,0,0,0,0,0,0,0,0.05,0.29,0.03,0.02,0,0,0,0,0,0,0,0,0,0,0,0.0373,0.0196,0.0298
42097,0,0,0,0,0.01,0.04,0.12,0.06,0.01,0,0,0,0,0,0,0,0,0,0,0,0,0,0,0,0.51,0.44,0.16,0,0,0,0,0,0,0,0.05,0.28,0.04,0.02,0,0,0,0,0,0,0,0,0,0,0.00236,0.0416,0.0218,0.0352
42099,0,0,0,0,0.01,0.05,0.16,0.08,0.02,0,0,0,0,0,0,0,0,0,0,0,0,0,0,0,0.42,0.33,0.11,0,0,0,0,0,0,0,0.02,0.2,0.01,0.01,0,0,0,0,0,0,0,0,0,0,0.000275,0.0394,0.025,0.0361
42101,0,0,0,0.01,0.04,0.14,0.32,0.18,0.04,0,0,0,0,0,0,0,0,0,0,0,0,0,0,0,0.29,0.22,0.06,0,0,0,0,0,0,0,0,0.1,0,0,0,0,0,0,0,0,0,0,0,0,0,0.0132,0.0244,0.0258
42103,0,0,0,0,0,0.01,0.05,0.02,0,0,0,0,0,0,0,0,0,0,0,0,0,0,0,0,0.63,0.56,0.29,0.02,0,0,0,0,0,0,0.1,0.38,0.09,0.05,0.01,0,0,0,0,0,0,0,0,0.01,0,0.13,0.0149,0.0348
42105,0,0,0,0,0,0,0.02,0.01,0,0,0,0,0,0,0,0,0,0,0,0,0,0,0,0,0.63,0.62,0.39,0.05,0,0,0,0,0,0,0.12,0.42,0.14,0.11,0.03,0,0,0,0,0,0,0,0,0.02,0,0.0549,0.011,0.0503
42107,0,0,0,0,0,0.02,0.08,0.04,0.01,0,0,0,0,0,0,0,0,0,0,0,0,0,0,0,0.55,0.46,0.18,0,0,0,0,0,0,0,0.06,0.3,0.04,0.02,0,0,0,0,0,0,0,0,0,0,0,0.0587,0.0224,0.0321
42109,0,0,0,0,0.01,0.05,0.14,0.07,0.02,0,0,0,0,0,0,0,0,0,0,0,0,0,0,0,0.47,0.41,0.14,0,0,0,0,0,0,0,0.04,0.25,0.03,0.02,0,0,0,0,0,0,0,0,0,0,0,0.0424,0.0225,0.0363
42111,0,0,0,0,0,0,0.01,0,0,0,0,0,0,0,0,0,0,0,0,0,0,0,0,0,0.56,0.5,0.27,0.02,0,0,0,0,0,0,0.1,0.38,0.08,0.05,0.01,0,0,0,0,0,0,0,0,0,0,0.0789,0.0156,0.0474
42113,0,0,0,0,0,0,0.01,0,0,0,0,0,0,0,0,0,0,0,0,0,0,0,0,0,0.63,0.59,0.36,0.04,0,0,0,0,0,0,0.12,0.41,0.12,0.09,0.02,0,0,0,0,0,0,0,0,0.02,0,0.0979,0.0169,0.0403
42115,0,0,0,0,0,0.01,0.04,0.02,0,0,0,0,0,0,0,0,0,0,0,0,0,0,0,0,0.64,0.59,0.35,0.03,0,0,0,0,0,0,0.11,0.39,0.12,0.08,0.02,0,0,0,0,0,0,0,0,0.01,0,0.024,0.0131,0.0433
42117,0,0,0,0,0,0.01,0.03,0.02,0,0,0,0,0,0,0,0,0,0,0,0,0,0,0,0,0.63,0.62,0.37,0.04,0,0,0,0,0,0,0.11,0.41,0.14,0.1,0.02,0,0,0,0,0,0,0,0,0.02,0,0.076,0.0134,0.0488
42119,0,0,0,0,0.01,0.04,0.12,0.06,0.01,0,0,0,0,0,0,0,0,0,0,0,0,0,0,0,0.52,0.45,0.18,0,0,0,0,0,0,0,0.06,0.29,0.05,0.02,0,0,0,0,0,0,0,0,0,0,0.00721,0.11,0.0208,0.0376
42121,0,0,0,0,0,0.02,0.04,0.02,0,0,0,0,0,0,0,0,0,0,0,0,0,0,0,0,0.54,0.51,0.27,0.01,0,0,0,0,0,0,0.06,0.32,0.09,0.06,0.01,0,0,0,0,0,0,0,0,0.01,0,0.0228,0.00507,0.0392
42123,0,0,0,0,0,0,0.02,0.01,0,0,0,0,0,0,0,0,0,0,0,0,0,0,0,0,0.59,0.57,0.36,0.02,0,0,0,0,0,0,0.08,0.37,0.12,0.1,0.03,0,0,0,0,0,0,0,0,0.02,0,0.0304,0.00448,0.0445
42125,0,0,0,0,0,0.02,0.09,0.06,0.01,0,0,0,0,0,0,0,0,0,0,0,0,0,0,0,0.45,0.36,0.13,0,0,0,0,0,0,0,0.05,0.23,0.05,0.03,0,0,0,0,0,0,0,0,0,0,0,0.0601,0.00567,0.0497
42127,0,0,0,0,0,0.01,0.04,0.02,0,0,0,0,0,0,0,0,0,0,0,0,0,0,0,0,0.65,0.59,0.34,0.03,0,0,0,0,0,0,0.12,0.4,0.12,0.08,0.02,0,0,0,0,0,0,0,0,0.01,0,0.0623,0.0134,0.0393
42129,0,0,0,0,0,0.02,0.07,0.04,0.01,0,0,0,0,0,0,0,0,0,0,0,0,0,0,0,0.47,0.39,0.17,0.01,0,0,0,0,0,0,0.05,0.25,0.05,0.03,0,0,0,0,0,0,0,0,0,0,0,0.00987,0.0102,0.0471
42131,0,0,0,0,0,0.01,0.05,0.02,0,0,0,0,0,0,0,0,0,0,0,0,0,0,0,0,0.61,0.54,0.3,0.02,0,0,0,0,0,0,0.09,0.35,0.09,0.06,0.01,0,0,0,0,0,0,0,0,0.01,0,0.027,0.0157,0.0396
42133,0,0,0,0,0.02,0.08,0.21,0.1,0.02,0,0,0,0,0,0,0,0,0,0,0,0,0,0,0,0.42,0.33,0.1,0,0,0,0,0,0,0,0.03,0.2,0.01,0.01,0,0,0,0,0,0,0,0,0,0,0.0653,0.0231,0.029,0.0324
44001,0,0,0,0,0,0.02,0.07,0.03,0,0,0,0,0,0,0,0,0,0,0,0,0,0,0,0,0.38,0.32,0.09,0,0,0,0,0,0,0,0.01,0.16,0.01,0.01,0,0,0,0,0,0,0,0,0,0,0,0.0147,0.00385,0.0513
44003,0,0,0,0,0,0.02,0.07,0.03,0,0,0,0,0,0,0,0,0,0,0,0,0,0,0,0,0.48,0.39,0.14,0,0,0,0,0,0,0,0.02,0.24,0.02,0.01,0,0,0,0,0,0,0,0,0,0,0,0.0185,0.00454,0.0492
44005,0,0,0,0,0,0.01,0.04,0.02,0,0,0,0,0,0,0,0,0,0,0,0,0,0,0,0,0.37,0.3,0.09,0,0,0,0,0,0,0,0.01,0.13,0.01,0.01,0,0,0,0,0,0,0,0,0,0,0,0.0262,0.00435,0.0473
44007,0,0,0,0,0.01,0.03,0.08,0.04,0,0,0,0,0,0,0,0,0,0,0,0,0,0,0,0,0.52,0.44,0.17,0,0,0,0,0,0,0,0.04,0.28,0.04,0.02,0,0,0,0,0,0,0,0,0,0,0.0017,0.0297,0.00402,0.053
44009,0,0,0,0,0,0.01,0.05,0.02,0,0,0,0,0,0,0,0,0,0,0,0,0,0,0,0,0.43,0.35,0.12,0,0,0,0,0,0,0,0.01,0.18,0.02,0.01,0,0,0,0,0,0,0,0,0,0,0,0.0211,0.00544,0.0439
45001,0,0,0,0,0.08,0.35,0.6,0.44,0.17,0.01,0,0,0,0,0,0,0,0,0.01,0.02,0,0,0,0,0.06,0.02,0,0,0,0,0,0,0,0,0,0.02,0,0,0,0,0,0,0,0,0,0,0,0,0.00803,0.00127,0.0122,0.0125
45003,0,0,0,0.01,0.17,0.49,0.73,0.57,0.24,0.01,0,0,0,0,0,0,0,0.01,0.02,0.02,0,0,0,0,0.05,0.01,0,0,0,0,0,0,0,0,0,0.01,0,0,0,0,0,0,0,0,0,0,0,0,0.00626,0.000194,0.014,0.00786
45005,0,0,0,0.01,0.17,0.49,0.71,0.55,0.22,0.01,0,0,0,0,0,0,0,0.01,0.02,0.01,0,0,0,0,0.04,0.01,0,0,0,0,0,0,0,0,0,0.01,0,0,0,0,0,0,0,0,0,0,0,0,0.0127,0,0.0146,0.00469
45007,0,0,0,0,0.05,0.3,0.54,0.38,0.14,0.01,0,0,0,0,0,0,0,0,0,0.01,0,0,0,0,0.08,0.02,0.01,0,0,0,0,0,0,0,0,0.02,0,0,0,0,0,0,0,0,0,0,0,0,0.0114,0.0103,0.0113,0.0148
45009,0,0,0,0.01,0.17,0.49,0.73,0.57,0.23,0.01,0,0,0,0,0,0,0,0.02,0.02,0.01,0,0,0,0,0.05,0.01,0,0,0,0,0,0,0,0,0,0.01,0,0,0,0,0,0,0,0,0,0,0,0,0.0211,0.0003,0.0147,0.00567
45011,0,0,0,0.01,0.18,0.51,0.73,0.57,0.25,0.02,0,0,0,0,0,0,0,0.02,0.02,0.01,0,0,0,0,0.05,0.01,0,0,0,0,0,0,0,0,0,0.01,0,0,0,0,0,0,0,0,0,0,0,0,0.0346,0.000804,0.0145,0.00614
45013,0,0,0,0.01,0.08,0.35,0.56,0.42,0.09,0.01,0,0,0,0,0,0,0,0,0,0,0,0,0,0,0,0,0,0,0,0,0,0,0,0,0,0,0,0,0,0,0,0,0,0,0,0,0,0,0.000651,0.0005,0.014,0.00201
45015,0,0,0,0.01,0.14,0.47,0.72,0.56,0.18,0.01,0,0,0,0,0,0,0,0.01,0.01,0.01,0,0,0,0,0.03,0.01,0,0,0,0,0,0,0,0,0,0,0,0,0,0,0,0,0,0,0,0,0,0,0.0164,0,0.0151,0.00616
45017,0,0,0,0.02,0.17,0.47,0.72,0.56,0.23,0.01,0,0,0,0,0,0,0,0.01,0.02,0.02,0,0,0,0,0.05,0.01,0,0,0,0,0,0,0,0,0,0.01,0,0,0,0,0,0,0,0,0,0,0,0,0.0637,0,0.0143,0.00822
45019,0,0,0,0,0.08,0.31,0.57,0.43,0.1,0.01,0,0,0,0,0,0,0,0,0,0,0,0,0,0,0.01,0,0,0,0,0,0,0,0,0,0,0,0,0,0,0,0,0,0,0,0,0,0,0,0.00182,0,0.0149,0.00401
45021,0,0,0,0,0.04,0.28,0.54,0.35,0.13,0.01,0,0,0,0,0,0,0,0,0,0.01,0,0,0,0,0.14,0.04,0.01,0,0,0,0,0,0,0,0,0.05,0,0,0,0,0,0,0,0,0,0,0,0,0.0199,0.0138,0.0109,0.0179
45023,0,0,0,0.01,0.08,0.36,0.62,0.44,0.16,0.01,0,0,0,0,0,0,0,0,0.01,0.02,0,0,0,0,0.11,0.02,0.01,0,0,0,0,0,0,0,0,0.04,0,0,0,0,0,0,0,0,0,0,0,0,0.0469,0.05,0.0121,0.0146
45025,0,0,0,0.02,0.1,0.4,0.64,0.44,0.16,0.01,0,0,0,0,0,0,0,0.01,0.01,0.01,0,0,0,0,0.09,0.02,0,0,0,0,0,0,0,0,0,0.03,0,0,0,0,0,0,0,0,0,0,0,0,0.0326,0.0188,0.0131,0.0143
45027,0,0,0,0.02,0.16,0.48,0.71,0.54,0.23,0.01,0,0,0,0,0,0,0,0.01,0.02,0.02,0,0,0,0,0.05,0.01,0,0,0,0,0,0,0,0,0,0.01,0,0,0,0,0,0,0,0,0,0,0,0,0.0331,0.00325,0.0146,0.00838
45029,0,0,0,0.01,0.15,0.45,0.69,0.55,0.18,0.01,0,0,0,0,0,0,0,0.01,0.01,0,0,0,0,0,0.02,0.01,0,0,0,0,0,0,0,0,0,0,0,0,0,0,0,0,0,0,0,0,0,0,0.0156,0,0.0149,0.00396
45031,0,0,0,0.02,0.13,0.45,0.67,0.5,0.19,0.01,0,0,0,0,0,0,0,0.01,0.02,0.01,0,0,0,0,0.08,0.02,0,0,0,0,0,0,0,0,0,0.02,0,0,0,0,0,0,0,0,0,0,0,0,0.0386,0.000635,0.0138,0.0124
45033,0,0,0,0.02,0.14,0.45,0.68,0.49,0.18,0.01,0,0,0,0,0,0,0,0.01,0.01,0.01,0,0,0,0,0.07,0.02,0,0,0,0,0,0,0,0,0,0.02,0,0,0,0,0,0,0,0,0,0,0,0,0.0247,0.00102,0.0141,0.0134
45035,0,0,0,0.01,0.16,0.48,0.74,0.59,0.21,0.01,0,0,0,0,0,0,0,0.01,0.01,0,0,0,0,0,0.03,0.01,0,0,0,0,0,0,0,0,0,0.01,0,0,0,0,0,0,0,0,0,0,0,0,0.0216,0,0.015,0.00518
45037,0,0,0,0.01,0.14,0.47,0.72,0.55,0.23,0.01,0,0,0,0,0,0,0,0.01,0.03,0.02,0,0,0,0,0.06,0.02,0,0,0,0,0,0,0,0,0,0.02,0,0,0,0,0,0,0,0,0,0,0,0,0.00712,0.000217,0.0135,0.00941
45039,0,0,0,0.01,0.11,0.43,0.68,0.49,0.2,0.01,0,0,0,0,0,0,0,0.01,0.02,0.02,0,0,0,0,0.08,0.02,0,0,0,0,0,0,0,0,0,0.03,0,0,0,0,0,0,0,0,0,0,0,0,0.0607,0.00871,0.0128,0.0126
45041,0,0,0,0.02,0.15,0.48,0.7,0.52,0.21,0.01,0,0,0,0,0,0,0,0.01,0.02,0.01,0,0,0,0,0.06,0.01,0,0,0,0,0,0,0,0,0,0.01,0,0,0,0,0,0,0,0,0,0,0,0,0.0277,0.0127,0.0144,0.0108
45043,0,0,0,0,0.08,0.29,0.52,0.38,0.08,0,0,0,0,0,0,0,0,0,0,0,0,0,0,0,0.03,0.01,0,0,0,0,0,0,0,0,0,0.01,0,0,0,0,0,0,0,0,0,0,0,0,0.0115,0.00104,0.0148,0.00795
45045,0,0,0,0,0.02,0.18,0.39,0.24,0.07,0.01,0,0,0,0,0,0,0,0,0,0,0,0,0,0,0.1,0.03,0.01,0,0,0,0,0,0,0,0,0.03,0,0,0,0,0,0,0,0,0,0,0,0,0.00299,0.00226,0.0106,0.0175
45047,0,0,0,0.01,0.1,0.42,0.67,0.49,0.19,0.01,0,0,0,0,0,0,0,0,0.02,0.02,0,0,0,0,0.06,0.02,0,0,0,0,0,0,0,0,0,0.02,0,0,0,0,0,0,0,0,0,0,0,0,0.00484,0.00144,0.0126,0.0117
45049,0,0,0,0.01,0.17,0.47,0.69,0.53,0.19,0.01,0,0,0,0,0,0,0,0.01,0.01,0.01,0,0,0,0,0.03,0.01,0,0,0,0,0,0,0,0,0,0.01,0,0,0,0,0,0,0,0,0,0,0,0,0.0109,0,0.0147,0.0037
45051,0,0,0,0,0.07,0.31,0.52,0.36,0.09,0.01,0,0,0,0,0,0,0,0,0,0.01,0,0,0,0,0.05,0.01,0,0,0,0,0,0,0,0,0,0.01,0,0,0,0,0,0,0,0,0,0,0,0,0.00276,0.00149,0.0145,0.011
45053,0,0,0,0.01,0.14,0.44,0.67,0.52,0.16,0.01,0,0,0,0,0,0,0,0,0,0,0,0,0,0,0.01,0,0,0,0,0,0,0,0,0,0,0,0,0,0,0,0,0,0,0,0,0,0,0,0.00621,0,0.0142,0.00232
45055,0,0,0,0.02,0.11,0.4,0.65,0.46,0.18,0.01,0,0,0,0,0,0,0,0.01,0.01,0.01,0,0,0,0,0.08,0.02,0,0,0,0,0,0,0,0,0,0.03,0,0,0,0,0,0,0,0,0,0,0,0,0.0573,0.00312,0.0133,0.0122
45057,0,0,0,0.01,0.08,0.36,0.6,0.42,0.15,0.01,0,0,0,0,0,0,0,0,0.01,0.01,0,0,0,0,0.11,0.03,0.01,0,0,0,0,0,0,0,0,0.04,0,0,0,0,0,0,0,0,0,0,0,0,0.0657,0.0162,0.0125,0.0145
45059,0,0,0,0.01,0.08,0.38,0.62,0.44,0.16,0.01,0,0,0,0,0,0,0,0,0.02,0.01,0,0,0,0,0.08,0.02,0.01,0,0,0,0,0,0,0,0,0.03,0,0,0,0,0,0,0,0,0,0,0,0,0.00159,0.00156,0.0119,0.0137
45061,0,0,0,0.02,0.12,0.41,0.64,0.47,0.18,0.01,0,0,0,0,0,0,0,0.01,0.02,0.01,0,0,0,0,0.07,0.02,0,0,0,0,0,0,0,0,0,0.02,0,0,0,0,0,0,0,0,0,0,0,0,0.107,0.000672,0.0139,0.0112
45063,0,0,0,0.02,0.15,0.47,0.72,0.56,0.24,0.01,0,0,0,0,0,0,0,0.01,0.02,0.02,0,0,0,0,0.07,0.02,0,0,0,0,0,0,0,0,0,0.02,0,0,0,0,0,0,0,0,0,0,0,0,0.0122,0.00254,0.0137,0.00957
45065,0,0,0,0,0.11,0.42,0.67,0.52,0.21,0.01,0,0,0,0,0,0,0,0,0.02,0.02,0,0,0,0,0.06,0.02,0,0,0,0,0,0,0,0,0,0.02,0,0,0,0,0,0,0,0,0,0,0,0,0.0238,0.00343,0.013,0.0104
45067,0,0,0,0.02,0.13,0.44,0.65,0.49,0.18,0.01,0,0,0,0,0,0,0,0.01,0.01,0.01,0,0,0,0,0.05,0.01,0,0,0,0,0,0,0,0,0,0.01,0,0,0,0,0,0,0,0,0,0,0,0,0.0226,0.000886,0.0144,0.0116
45069,0,0,0,0.02,0.13,0.45,0.68,0.48,0.18,0.01,0,0,0,0,0,0,0,0.01,0.01,0.02,0,0,0,0,0.07,0.02,0,0,0,0,0,0,0,0,0,0.02,0,0,0,0,0,0,0,0,0,0,0,0,0.0523,0.0266,0.0136,0.0144
45071,0,0,0,0.01,0.12,0.45,0.7,0.53,0.23,0.01,0,0,0,0,0,0,0,0.01,0.03,0.03,0,0,0,0,0.08,0.02,0,0,0,0,0,0,0,0,0,0.03,0,0,0,0,0,0,0,0,0,0,0,0,0.0155,0.00341,0.0127,0.0121
45073,0,0,0,0,0.02,0.2,0.39,0.26,0.08,0.01,0,0,0,0,0,0,0,0,0,0,0,0,0,0,0.12,0.03,0.01,0,0,0,0,0,0,0,0,0.04,0,0,0,0,0,0,0,0,0,0,0,0,0.00167,0.000914,0.0104,0.0176
45075,0,0,0,0.02,0.19,0.5,0.74,0.58,0.23,0.01,0,0,0,0,0,0,0,0.02,0.02,0.01,0,0,0,0,0.05,0.01,0,0,0,0,0,0,0,0,0,0.01,0,0,0,0,0,0,0,0,0,0,0,0,0.0168,0,0.0146,0.0069
45077,0,0,0,0,0.02,0.17,0.36,0.23,0.08,0.01,0,0,0,0,0,0,0,0,0,0,0,0,0,0,0.11,0.03,0.01,0,0,0,0,0,0,0,0,0.03,0,0,0,0,0,0,0,0,0,0,0,0,0.00125,0.00301,0.0103,0.018
45079,0,0,0,0.02,0.15,0.46,0.72,0.55,0.23,0.01,0,0,0,0,0,0,0,0.02,0.03,0.02,0,0,0,0,0.06,0.02,0,0,0,0,0,0,0,0,0,0.02,0,0,0,0,0,0,0,0,0,0,0,0,0.0597,0,0.0136,0.0103
45081,0,0,0,0.01,0.13,0.47,0.71,0.54,0.23,0.01,0,0,0,0,0,0,0,0.01,0.03,0.03,0,0,0,0,0.07,0.02,0,0,0,0,0,0,0,0,0,0.02,0,0,0,0,0,0,0,0,0,0,0,0,0.0111,0,0.0132,0.0105
45083,0,0,0,0,0.04,0.27,0.52,0.34,0.12,0.01,0,0,0,0,0,0,0,0,0,0.01,0,0,0,0,0.1,0.03,0.01,0,0,0,0,0,0,0,0,0.03,0,0,0,0,0,0,0,0,0,0,0,0,0.00763,0.0034,0.0108,0.0173
45085,0,0,0,0.02,0.12,0.43,0.65,0.5,0.21,0.01,0,0,0,0,0,0,0,0.01,0.02,0.01,0,0,0,0,0.06,0.02,0,0,0,0,0,0,0,0,0,0.02,0,0,0,0,0,0,0,0,0,0,0,0,0.0177,0.00159,0.0142,0.00966
45087,0,0,0,0.01,0.08,0.38,0.63,0.46,0.18,0.01,0,0,0,0,0,0,0,0,0.02,0.02,0,0,0,0,0.1,0.02,0.01,0,0,0,0,0,0,0,0,0.04,0,0,0,0,0,0,0,0,0,0,0,0,0.0201,0.00137,0.0118,0.0148
45089,0,0,0,0.02,0.14,0.47,0.7,0.53,0.2,0.01,0,0,0,0,0,0,0,0.01,0.02,0.01,0,0,0,0,0.05,0.01,0,0,0,0,0,0,0,0,0,0.01,0,0,0,0,0,0,0,0,0,0,0,0,0.0311,0.000412,0.0148,0.00864
45091,0,0,0,0.01,0.05,0.31,0.55,0.38,0.14,0.01,0,0,0,0,0,0,0,0,0,0.01,0,0,0,0,0.12,0.03,0.01,0,0,0,0,0,0,0,0.01,0.04,0,0,0,0,0,0,0,0,0,0,0,0,0.0289,0.0201,0.0115,0.0167
46003,0,0,0,0,0.02,0.1,0.31,0.18,0.09,0,0,0,0,0,0,0,0,0,0.04,0.02,0,0,0,0,0.75,0.65,0.34,0.07,0,0,0,0,0,0.03,0.33,0.67,0.28,0.2,0.05,0,0,0,0,0,0,0,0.02,0.15,0.00569,0.0616,0.0208,0.133
46005,0,0,0,0,0.02,0.08,0.25,0.15,0.06,0,0,0,0,0,0,0,0,0,0.02,0.01,0,0,0,0,0.83,0.72,0.36,0.07,0,0,0,0,0,0.04,0.37,0.74,0.37,0.26,0.05,0,0,0,0,0,0,0,0.02,0.19,0.00259,0.101,0.0173,0.15
46007,0,0,0,0,0.02,0.11,0.35,0.3,0.13,0,0,0,0,0,0,0,0,0.01,0.05,0.02,0,0,0,0,0.67,0.58,0.3,0.07,0,0,0,0,0,0.05,0.32,0.62,0.18,0.15,0.04,0,0,0,0,0,0,0,0.02,0.12,0,1,0.0202,0.192
46009,0,0,0,0,0.03,0.14,0.3,0.16,0.07,0,0,0,0,0,0,0,0,0,0.03,0.01,0,0,0,0,0.71,0.61,0.28,0.05,0,0,0,0,0,0.02,0.28,0.62,0.23,0.15,0.03,0,0,0,0,0,0,0,0.01,0.12,0.0168,0.141,0.0303,0.0764
46011,0,0,0,0,0.01,0.04,0.1,0.04,0.01,0,0,0,0,0,0,0,0,0,0,0,0,0,0,0,0.84,0.77,0.41,0.08,0,0,0,0,0,0.04,0.41,0.75,0.4,0.3,0.08,0,0,0,0,0,0,0,0.03,0.22,0.0018,0.0459,0.0137,0.0926
46013,0,0,0,0,0.01,0.05,0.14,0.09,0.03,0,0,0,0,0,0,0,0,0,0.01,0,0,0,0,0,0.88,0.78,0.44,0.09,0,0,0,0,0,0.05,0.44,0.8,0.44,0.35,0.09,0,0,0,0,0,0,0,0.04,0.25,0.0196,0.0939,0.0217,0.136
46015,0,0,0,0,0.02,0.12,0.36,0.23,0.11,0,0,0,0,0,0,0,0,0,0.06,0.02,0,0,0,0,0.74,0.63,0.33,0.07,0,0,0,0,0,0.03,0.31,0.66,0.26,0.18,0.04,0,0,0,0,0,0,0,0.01,0.14,0.0079,0.00407,0.0178,0.152
46017,0,0,0,0,0.02,0.1,0.33,0.21,0.1,0,0,0,0,0,0,0,0,0,0.05,0.02,0,0,0,0,0.79,0.68,0.36,0.08,0,0,0,0,0,0.04,0.35,0.71,0.3,0.22,0.05,0,0,0,0,0,0,0,0.02,0.16,0.0216,0.0922,0.0159,0.166
46019,0,0,0,0,0.01,0.07,0.38,0.32,0.1,0,0,0,0,0,0,0,0,0,0.05,0.02,0,0,0,0,0.72,0.63,0.34,0.08,0,0,0,0,0,0.06,0.39,0.71,0.24,0.19,0.06,0,0,0,0,0,0,0,0.04,0.16,0.07,0.27,0.0234,0.18
46021,0,0,0,0,0.01,0.05,0.19,0.16,0.05,0,0,0,0,0,0,0,0,0,0.02,0.01,0,0,0,0,0.89,0.77,0.44,0.1,0,0,0,0,0,0.05,0.44,0.79,0.4,0.32,0.09,0,0,0,0,0,0,0,0.04,0.22,0.0271,0.247,0.022,0.157
46023,0,0,0,0,0.03,0.13,0.36,0.22,0.11,0,0,0,0,0,0,0,0,0,0.05,0.02,0,0,0,0,0.71,0.6,0.29,0.05,0,0,0,0,0,0.02,0.29,0.62,0.24,0.15,0.03,0,0,0,0,0,0,0,0.01,0.12,0.0315,0.216,0.027,0.101
46025,0,0,0,0,0.01,0.03,0.11,0.06,0.02,0,0,0,0,0,0,0,0,0,0.01,0,0,0,0,0,0.87,0.77,0.42,0.08,0,0,0,0,0,0.04,0.42,0.77,0.42,0.32,0.08,0,0,0,0,0,0,0,0.03,0.23,0.0103,0.093,0.0167,0.126
46027,0,0,0,0,0.03,0.13,0.22,0.11,0.04,0,0,0,0,0,0,0,0,0,0.01,0,0,0,0,0,0.74,0.63,0.28,0.04,0,0,0,0,0,0.02,0.29,0.65,0.25,0.16,0.03,0,0,0,0,0,0,0,0.02,0.12,,,0.0279,0.0605
46029,0,0,0,0,0.01,0.03,0.08,0.04,0.01,0,0,0,0,0,0,0,0,0,0,0,0,0,0,0,0.89,0.8,0.45,0.1,0,0,0,0,0,0.04,0.44,0.79,0.45,0.35,0.1,0,0,0,0,0,0,0,0.04,0.26,0,0.206,0.0144,0.104
46031,0,0,0,0,0.01,0.06,0.26,0.22,0.06,0,0,0,0,0,0,0,0,0,0.03,0.01,0,0,0,0,0.84,0.72,0.41,0.1,0,0,0,0,0,0.07,0.43,0.8,0.36,0.28,0.08,0,0,0,0,0,0,0,0.04,0.21,0.0526,0.162,0.018,0.171
46033,0,0,0,0,0,0.06,0.24,0.18,0.05,0,0,0,0,0,0,0,0,0,0.01,0,0,0,0,0,0.66,0.6,0.31,0.09,0,0,0,0,0,0.06,0.33,0.63,0.14,0.13,0.03,0,0,0,0,0,0,0.01,0.03,0.11,0.00293,0.299,0.0205,0.188
46035,0,0,0,0,0.02,0.11,0.3,0.16,0.07,0,0,0,0,0,0,0,0,0,0.03,0.01,0,0,0,0,0.77,0.65,0.32,0.06,0,0,0,0,0,0.02,0.34,0.69,0.29,0.21,0.04,0,0,0,0,0,0,0,0.02,0.15,0.0101,0.0717,0.0229,0.118
46037,0,0,0,0,0.01,0.03,0.08,0.05,0.01,0,0,0,0,0,0,0,0,0,0,0,0,0,0,0,0.88,0.81,0.47,0.1,0,0,0,0,0,0.05,0.44,0.79,0.46,0.36,0.1,0,0,0,0,0,0,0,0.04,0.26,0.00064,0.159,0.0173,0.114
46039,0,0,0,0,0.01,0.03,0.07,0.03,0.01,0,0,0,0,0,0,0,0,0,0,0,0,0,0,0,0.85,0.77,0.43,0.09,0,0,0,0,0,0.03,0.4,0.73,0.42,0.32,0.08,0,0,0,0,0,0,0,0.03,0.23,0.00135,0.149,0.0121,0.0895
46041,0,0,0,0,0.01,0.08,0.31,0.25,0.09,0,0,0,0,0,0,0,0,0,0.04,0.02,0,0,0,0,0.81,0.7,0.37,0.08,0,0,0,0,0,0.05,0.39,0.76,0.33,0.25,0.07,0,0,0,0,0,0,0,0.03,0.18,0.0682,0.0368,0.0174,0.176
46043,0,0,0,0,0.02,0.12,0.32,0.18,0.09,0,0,0,0,0,0,0,0,0,0.05,0.01,0,0,0,0,0.73,0.63,0.32,0.06,0,0,0,0,0,0.03,0.32,0.66,0.26,0.18,0.04,0,0,0,0,0,0,0,0.02,0.14,0.115,0.118,0.0257,0.106
46045,0,0,0,0,0.01,0.05,0.16,0.11,0.03,0,0,0,0,0,0,0,0,0,0.01,0,0,0,0,0,0.87,0.76,0.45,0.1,0,0,0,0,0,0.06,0.45,0.79,0.42,0.33,0.09,0,0,0,0,0,0,0,0.03,0.24,0.00587,0.378,0.0218,0.152
46047,0,0,0,0,0.02,0.14,0.46,0.39,0.14,0,0,0,0,0,0,0,0,0.01,0.06,0.02,0,0,0,0,0.68,0.59,0.28,0.08,0,0,0,0,0,0.05,0.34,0.67,0.15,0.12,0.03,0,0,0,0,0,0,0.01,0.03,0.12,0.0527,0.0552,0.0206,0.187
46049,0,0,0,0,0.01,0.05,0.2,0.13,0.05,0,0,0,0,0,0,0,0,0,0.02,0,0,0,0,0,0.86,0.74,0.42,0.1,0,0,0,0,0,0.05,0.42,0.77,0.39,0.3,0.07,0,0,0,0,0,0,0,0.03,0.21,0.0025,0.151,0.0202,0.157
46051,0,0,0,0,0.02,0.05,0.1,0.05,0.01,0,0,0,0,0,0,0,0,0,0,0,0,0,0,0,0.86,0.79,0.43,0.08,0,0,0,0,0,0.02,0.4,0.74,0.44,0.34,0.08,0,0,0,0,0,0,0,0.03,0.24,0.0144,0.0846,0.0129,0.0888
46053,0,0,0,0,0.02,0.11,0.36,0.23,0.11,0,0,0,0,0,0,0,0,0,0.06,0.02,0,0,0,0,0.68,0.57,0.3,0.06,0,0,0,0,0,0.02,0.29,0.59,0.22,0.14,0.03,0,0,0,0,0,0,0,0.01,0.12,0.153,0.726,0.0239,0.12
46055,0,0,0,0,0.03,0.12,0.42,0.38,0.15,0.01,0,0,0,0,0,0,0,0.01,0.08,0.05,0.02,0,0,0,0.73,0.63,0.34,0.07,0,0,0,0,0,0.05,0.36,0.69,0.25,0.19,0.05,0,0,0,0,0,0,0,0.03,0.15,0.0164,0.0324,0.0193,0.19
46057,0,0,0,0,0.01,0.03,0.09,0.04,0.01,0,0,0,0,0,0,0,0,0,0,0,0,0,0,0,0.88,0.78,0.42,0.09,0,0,0,0,0,0.04,0.43,0.78,0.43,0.32,0.09,0,0,0,0,0,0,0,0.03,0.24,0.0154,0.217,0.0139,0.106
46059,0,0,0,0,0.01,0.05,0.24,0.15,0.06,0,0,0,0,0,0,0,0,0,0.02,0.01,0,0,0,0,0.83,0.71,0.39,0.08,0,0,0,0,0,0.04,0.39,0.74,0.35,0.27,0.06,0,0,0,0,0,0,0,0.03,0.18,0.00651,0.00978,0.018,0.161
46061,0,0,0,0,0.02,0.1,0.26,0.13,0.05,0,0,0,0,0,0,0,0,0,0.02,0,0,0,0,0,0.77,0.67,0.33,0.06,0,0,0,0,0,0.02,0.35,0.7,0.29,0.22,0.04,0,0,0,0,0,0,0,0.02,0.15,0.0903,0.0688,0.0233,0.108
46063,0,0,0,0,0,0.05,0.29,0.27,0.08,0,0,0,0,0,0,0,0,0,0.03,0.01,0,0,0,0,0.76,0.68,0.39,0.11,0,0,0,0,0,0.08,0.42,0.77,0.28,0.23,0.07,0,0,0,0,0,0,0,0.05,0.18,0.0504,0.158,0.0244,0.169
46065,0,0,0,0,0.02,0.1,0.36,0.29,0.12,0.01,0,0,0,0,0,0,0,0,0.05,0.03,0,0,0,0,0.8,0.69,0.37,0.08,0,0,0,0,0,0.04,0.37,0.74,0.3,0.22,0.05,0,0,0,0,0,0,0,0.02,0.16,0,0.0633,0.0165,0.176
46067,0,0,0,0,0.03,0.13,0.27,0.13,0.05,0,0,0,0,0,0,0,0,0,0.03,0.01,0,0,0,0,0.75,0.64,0.31,0.05,0,0,0,0,0,0.02,0.32,0.67,0.26,0.19,0.03,0,0,0,0,0,0,0,0.02,0.14,0.0649,0.0804,0.0271,0.0902
46069,0,0,0,0,0.01,0.05,0.25,0.17,0.07,0,0,0,0,0,0,0,0,0,0.03,0.01,0,0,0,0,0.84,0.73,0.4,0.09,0,0,0,0,0,0.05,0.41,0.77,0.35,0.26,0.06,0,0,0,0,0,0,0,0.03,0.19,0,0.226,0.0175,0.168
46071,0,0,0,0,0.03,0.14,0.43,0.37,0.16,0.01,0,0,0,0,0,0,0,0.01,0.08,0.04,0.01,0,0,0,0.67,0.58,0.28,0.07,0,0,0,0,0,0.04,0.3,0.62,0.18,0.16,0.04,0,0,0,0,0,0,0,0.02,0.13,0.0124,0.058,0.0197,0.192
46073,0,0,0,0,0.02,0.07,0.26,0.15,0.07,0,0,0,0,0,0,0,0,0,0.03,0.01,0,0,0,0,0.78,0.67,0.35,0.07,0,0,0,0,0,0.03,0.34,0.7,0.3,0.22,0.05,0,0,0,0,0,0,0,0.02,0.16,0.0622,0.0214,0.0176,0.151
46075,0,0,0,0,0.03,0.13,0.42,0.36,0.14,0.01,0,0,0,0,0,0,0,0.01,0.08,0.04,0.01,0,0,0,0.73,0.62,0.32,0.07,0,0,0,0,0,0.04,0.32,0.67,0.24,0.17,0.05,0,0,0,0,0,0,0,0.02,0.14,0.0612,0.128,0.0171,0.186
46077,0,0,0,0,0.01,0.04,0.13,0.06,0.02,0,0,0,0,0,0,0,0,0,0,0,0,0,0,0,0.85,0.74,0.39,0.07,0,0,0,0,0,0.04,0.41,0.76,0.38,0.29,0.07,0,0,0,0,0,0,0,0.02,0.21,0,0.0783,0.0161,0.119
46079,0,0,0,0,0.01,0.04,0.12,0.05,0.01,0,0,0,0,0,0,0,0,0,0,0,0,0,0,0,0.83,0.73,0.38,0.06,0,0,0,0,0,0.04,0.39,0.73,0.35,0.27,0.06,0,0,0,0,0,0,0,0.02,0.19,0.00101,0.0511,0.0178,0.0985
46081,0,0,0,0,0,0.02,0.12,0.06,0.01,0,0,0,0,0,0,0,0,0,0,0,0,0,0,0,0.67,0.68,0.41,0.14,0.01,0,0,0,0,0.09,0.43,0.66,0.18,0.16,0.05,0,0,0,0,0,0,0.01,0.04,0.12,0,0.272,0.0221,0.183
46083,0,0,0,0,0.02,0.09,0.18,0.08,0.03,0,0,0,0,0,0,0,0,0,0,0,0,0,0,0,0.76,0.65,0.31,0.05,0,0,0,0,0,0.02,0.31,0.66,0.28,0.2,0.04,0,0,0,0,0,0,0,0.01,0.14,0.00644,0.132,0.0234,0.0663
46085,0,0,0,0,0.02,0.13,0.4,0.31,0.13,0.01,0,0,0,0,0,0,0,0.01,0.07,0.03,0,0,0,0,0.75,0.64,0.33,0.07,0,0,0,0,0,0.04,0.32,0.67,0.25,0.18,0.05,0,0,0,0,0,0,0,0.01,0.15,0.00992,0.61,0.0157,0.175
46087,0,0,0,0,0.02,0.07,0.18,0.08,0.03,0,0,0,0,0,0,0,0,0,0.01,0,0,0,0,0,0.78,0.69,0.35,0.05,0,0,0,0,0,0.03,0.34,0.7,0.3,0.22,0.05,0,0,0,0,0,0,0,0.02,0.16,0.0102,0.0177,0.0225,0.0954
46089,0,0,0,0,0.01,0.03,0.12,0.09,0.02,0,0,0,0,0,0,0,0,0,0.01,0,0,0,0,0,0.89,0.79,0.48,0.11,0,0,0,0,0,0.07,0.46,0.8,0.44,0.34,0.1,0,0,0,0,0,0,0,0.04,0.25,0.00105,0.139,0.0234,0.147
46091,0,0,0,0,0.01,0.03,0.07,0.04,0.01,0,0,0,0,0,0,0,0,0,0,0,0,0,0,0,0.86,0.8,0.47,0.09,0,0,0,0,0,0.03,0.42,0.79,0.46,0.36,0.11,0,0,0,0,0,0,0,0.04,0.26,0.000408,0.0674,0.0184,0.111
46093,0,0,0,0,0.01,0.09,0.36,0.33,0.12,0.01,0,0,0,0,0,0,0,0.01,0.05,0.02,0,0,0,0,0.72,0.63,0.33,0.08,0,0,0,0,0,0.05,0.37,0.7,0.24,0.19,0.05,0,0,0,0,0,0,0,0.03,0.16,0.0472,0.174,0.0218,0.188
46095,0,0,0,0,0.03,0.14,0.43,0.36,0.16,0.01,0,0,0,0,0,0,0,0.01,0.08,0.04,0.01,0,0,0,0.67,0.57,0.28,0.07,0,0,0,0,0,0.04,0.3,0.62,0.2,0.15,0.04,0,0,0,0,0,0,0,0.02,0.12,0.0147,0.0164,0.0177,0.187
46097,0,0,0,0,0.01,0.06,0.19,0.08,0.03,0,0,0,0,0,0,0,0,0,0.01,0,0,0,0,0,0.82,0.71,0.36,0.06,0,0,0,0,0,0.03,0.37,0.72,0.33,0.25,0.05,0,0,0,0,0,0,0,0.02,0.18,0.0331,0.0988,0.0192,0.116
46099,0,0,0,0,0.02,0.06,0.14,0.07,0.02,0,0,0,0,0,0,0,0,0,0,0,0,0,0,0,0.8,0.69,0.34,0.05,0,0,0,0,0,0.03,0.33,0.68,0.31,0.23,0.05,0,0,0,0,0,0,0,0.02,0.17,0.0112,0.269,0.0201,0.0785
46101,0,0,0,0,0.01,0.05,0.11,0.05,0.01,0,0,0,0,0,0,0,0,0,0,0,0,0,0,0,0.83,0.74,0.38,0.07,0,0,0,0,0,0.03,0.39,0.73,0.36,0.28,0.07,0,0,0,0,0,0,0,0.02,0.21,0,0.138,0.0162,0.0834
46102,0,0,0,0,0.02,0.12,0.43,0.37,0.15,0.01,0,0,0,0,0,0,0,0.01,0.06,0.03,0,0,0,0,0.63,0.54,0.26,0.07,0,0,0,0,0,0.04,0.29,0.6,0.15,0.12,0.03,0,0,0,0,0,0,0,0.02,0.12,0.0107,0.214,0.0207,0.193
46103,0,0,0,0,0.01,0.07,0.3,0.25,0.09,0,0,0,0,0,0,0,0,0,0.03,0.01,0,0,0,0,0.69,0.63,0.32,0.09,0,0,0,0,0,0.05,0.34,0.65,0.19,0.16,0.04,0,0,0,0,0,0,0,0.03,0.12,0.00584,0.245,0.0207,0.191
46105,0,0,0,0,0.01,0.06,0.3,0.29,0.09,0,0,0,0,0,0,0,0,0,0.04,0.02,0,0,0,0,0.8,0.69,0.39,0.11,0,0,0,0,0,0.08,0.45,0.8,0.32,0.26,0.08,0,0,0,0,0,0,0,0.05,0.2,0.0203,0.217,0.0212,0.177
46107,0,0,0,0,0.01,0.06,0.22,0.17,0.06,0,0,0,0,0,0,0,0,0,0.02,0.01,0,0,0,0,0.85,0.75,0.42,0.09,0,0,0,0,0,0.05,0.42,0.78,0.36,0.29,0.07,0,0,0,0,0,0,0,0.03,0.19,0.0143,0.294,0.0188,0.168
46109,0,0,0,0,0.02,0.04,0.09,0.06,0.01,0,0,0,0,0,0,0,0,0,0,0,0,0,0,0,0.86,0.79,0.45,0.09,0,0,0,0,0,0.03,0.4,0.76,0.46,0.36,0.1,0,0,0,0,0,0,0,0.03,0.26,0.00921,0.427,0.0145,0.0911
46111,0,0,0,0,0.02,0.09,0.28,0.15,0.06,0,0,0,0,0,0,0,0,0,0.02,0.01,0,0,0,0,0.81,0.7,0.34,0.06,0,0,0,0,0,0.03,0.37,0.72,0.32,0.24,0.05,0,0,0,0,0,0,0,0.02,0.17,0.0224,0.116,0.0194,0.133
46115,0,0,0,0,0.02,0.07,0.21,0.12,0.05,0,0,0,0,0,0,0,0,0,0.02,0,0,0,0,0,0.85,0.74,0.4,0.08,0,0,0,0,0,0.04,0.42,0.77,0.41,0.31,0.07,0,0,0,0,0,0,0,0.03,0.23,0.0221,0.172,0.0193,0.146
46117,0,0,0,0,0.03,0.12,0.42,0.37,0.13,0.01,0,0,0,0,0,0,0,0.01,0.08,0.04,0.02,0,0,0,0.76,0.65,0.35,0.07,0,0,0,0,0,0.04,0.35,0.73,0.27,0.21,0.06,0,0,0,0,0,0,0,0.02,0.15,0.0694,0.0387,0.0168,0.184
46119,0,0,0,0,0.01,0.08,0.3,0.23,0.09,0.01,0,0,0,0,0,0,0,0,0.04,0.02,0,0,0,0,0.82,0.72,0.39,0.08,0,0,0,0,0,0.05,0.4,0.77,0.33,0.25,0.06,0,0,0,0,0,0,0,0.02,0.17,,,0.0172,0.174
46121,0,0,0,0,0.02,0.11,0.37,0.28,0.13,0.01,0,0,0,0,0,0,0,0.01,0.05,0.02,0,0,0,0,0.66,0.57,0.29,0.07,0,0,0,0,0,0.04,0.31,0.61,0.19,0.14,0.04,0,0,0,0,0,0,0,0.02,0.12,0.0716,0.0815,0.018,0.185
46123,0,0,0,0,0.02,0.11,0.4,0.29,0.13,0.01,0,0,0,0,0,0,0,0.01,0.07,0.02,0,0,0,0,0.69,0.58,0.3,0.07,0,0,0,0,0,0.03,0.29,0.62,0.21,0.13,0.04,0,0,0,0,0,0,0,0.01,0.12,0,0.333,0.0166,0.166
46125,0,0,0,0,0.02,0.09,0.19,0.09,0.03,0,0,0,0,0,0,0,0,0,0.01,0,0,0,0,0,0.75,0.65,0.31,0.05,0,0,0,0,0,0.02,0.31,0.66,0.28,0.19,0.04,0,0,0,0,0,0,0,0.02,0.14,0.0175,0.0516,0.0255,0.0762
46127,0,0,0,0,0.03,0.12,0.2,0.11,0.04,0,0,0,0,0,0,0,0,0,0.01,0,0,0,0,0,0.75,0.62,0.28,0.04,0,0,0,0,0,0.02,0.29,0.64,0.25,0.17,0.03,0,0,0,0,0,0,0,0.01,0.12,0.0835,0.0118,0.0266,0.0538
46129,0,0,0,0,0.01,0.05,0.2,0.16,0.05,0,0,0,0,0,0,0,0,0,0.02,0.01,0,0,0,0,0.87,0.75,0.42,0.09,0,0,0,0,0,0.05,0.42,0.78,0.38,0.3,0.08,0,0,0,0,0,0,0,0.03,0.2,0.00397,0.0654,0.0204,0.163
46135,0,0,0,0,0.02,0.13,0.24,0.13,0.05,0,0,0,0,0,0,0,0,0,0.02,0,0,0,0,0,0.72,0.63,0.28,0.04,0,0,0,0,0,0.02,0.29,0.63,0.24,0.16,0.03,0,0,0,0,0,0,0,0.01,0.13,0,0.248,0.0291,0.0697
46137,0,0,0,0,0.02,0.1,0.36,0.32,0.11,0.01,0,0,0,0,0,0,0,0.01,0.06,0.03,0.01,0,0,0,0.77,0.67,0.37,0.08,0,0,0,0,0,0.05,0.39,0.75,0.3,0.24,0.06,0,0,0,0,0,0,0,0.03,0.17,0.114,0.0262,0.0186,0.184
47001,0,0,0,0,0,0.07,0.18,0.16,0.07,0,0,0,0,0,0,0,0,0,0,0,0,0,0,0,0.23,0.11,0.02,0,0,0,0,0,0,0,0.01,0.09,0,0,0,0,0,0,0,0,0,0,0,0,0,0.049,0.0057,0.0411
47003,0,0,0,0,0.02,0.23,0.42,0.38,0.15,0.01,0,0,0,0,0,0,0,0,0.01,0.01,0,0,0,0,0.22,0.11,0.02,0,0,0,0,0,0,0,0.02,0.12,0,0,0,0,0,0,0,0,0,0,0,0,0,0.472,0.0155,0.0442
47005,0,0,0,0,0.02,0.24,0.47,0.4,0.16,0,0,0,0,0,0,0,0,0,0.01,0.02,0,0,0,0,0.22,0.11,0.02,0,0,0,0,0,0,0,0.02,0.11,0,0,0,0,0,0,0,0,0,0,0,0,,,0.0424,0.0412
47007,0,0,0,0,0,0.03,0.1,0.12,0.04,0,0,0,0,0,0,0,0,0,0,0,0,0,0,0,0.23,0.13,0.03,0,0,0,0,0,0,0,0.02,0.12,0,0,0,0,0,0,0,0,0,0,0,0,0.00342,0.0697,0.00753,0.0379
47009,0,0,0,0,0,0.1,0.21,0.2,0.08,0,0,0,0,0,0,0,0,0,0,0,0,0,0,0,0.2,0.07,0.02,0,0,0,0,0,0,0,0.01,0.07,0,0,0,0,0,0,0,0,0,0,0,0,0,0.171,0.0069,0.0324
47011,0,0,0,0,0.02,0.2,0.42,0.36,0.14,0.01,0,0,0,0,0,0,0,0,0,0,0,0,0,0,0.19,0.06,0.01,0,0,0,0,0,0,0,0.01,0.06,0,0,0,0,0,0,0,0,0,0,0,0,0.00529,0.07,0.00848,0.0296
47013,0,0,0,0,0,0.01,0.09,0.06,0.02,0,0,0,0,0,0,0,0,0,0,0,0,0,0,0,0.27,0.15,0.04,0,0,0,0,0,0,0,0.02,0.14,0.01,0.01,0,0,0,0,0,0,0,0,0,0,0,0.0254,0.00512,0.0463
47015,0,0,0,0,0.02,0.16,0.33,0.29,0.12,0.01,0,0,0,0,0,0,0,0,0,0.01,0,0,0,0,0.24,0.11,0.03,0,0,0,0,0,0,0,0.02,0.12,0,0,0,0,0,0,0,0,0,0,0,0,0,0.159,0.0103,0.0469
47017,0,0,0,0,0.02,0.27,0.48,0.4,0.16,0,0,0,0,0,0,0,0,0,0.01,0.02,0,0,0,0,0.21,0.11,0.02,0,0,0,0,0,0,0,0.02,0.11,0,0,0,0,0,0,0,0,0,0,0,0,,,0.0504,0.0381
47019,0,0,0,0,0,0,0.02,0.02,0,0,0,0,0,0,0,0,0,0,0,0,0,0,0,0,0.29,0.19,0.06,0,0,0,0,0,0,0,0.04,0.17,0.01,0.01,0,0,0,0,0,0,0,0,0,0,,,0.00701,0.0371
47021,0,0,0,0,0.02,0.25,0.5,0.41,0.17,0.01,0,0,0,0,0,0,0,0,0.01,0.02,0,0,0,0,0.22,0.12,0.02,0,0,0,0,0,0,0,0.02,0.12,0,0,0,0,0,0,0,0,0,0,0,0,0.0274,0.0201,0.0223,0.0498
47023,0,0,0,0,0.03,0.31,0.55,0.46,0.18,0,0,0,0,0,0,0,0,0,0.01,0.02,0,0,0,0,0.19,0.08,0.02,0,0,0,0,0,0,0,0.02,0.1,0,0,0,0,0,0,0,0,0,0,0,0,0.0257,0.0317,0.055,0.035
47025,0,0,0,0,0,0.03,0.12,0.1,0.03,0,0,0,0,0,0,0,0,0,0,0,0,0,0,0,0.28,0.15,0.04,0,0,0,0,0,0,0,0.03,0.15,0.01,0.01,0,0,0,0,0,0,0,0,0,0,0,0.0401,0.00506,0.0463
47027,0,0,0,0,0.02,0.19,0.36,0.33,0.13,0.01,0,0,0,0,0,0,0,0,0.01,0.01,0,0,0,0,0.26,0.14,0.03,0,0,0,0,0,0,0,0.02,0.15,0.01,0.01,0,0,0,0,0,0,0,0,0,0,0.00484,0.0161,0.00655,0.0546
47029,0,0,0,0,0,0.06,0.18,0.13,0.04,0,0,0,0,0,0,0,0,0,0,0,0,0,0,0,0.22,0.09,0.02,0,0,0,0,0,0,0,0.02,0.1,0,0,0,0,0,0,0,0,0,0,0,0,0,0.152,0.00688,0.0334
47031,0,0,0,0,0.01,0.13,0.27,0.26,0.1,0.01,0,0,0,0,0,0,0,0,0,0,0,0,0,0,0.23,0.11,0.03,0,0,0,0,0,0,0,0.02,0.12,0,0,0,0,0,0,0,0,0,0,0,0,0.00977,0.423,0.0114,0.0425
47033,0,0,0,0,0.04,0.35,0.55,0.45,0.19,0.01,0,0,0,0,0,0,0,0,0.01,0.02,0,0,0,0,0.18,0.07,0.02,0,0,0,0,0,0,0,0.01,0.08,0,0,0,0,0,0,0,0,0,0,0,0,0.0123,0.0153,0.0645,0.0325
47035,0,0,0,0,0,0,0.06,0.06,0.01,0,0,0,0,0,0,0,0,0,0,0,0,0,0,0,0.26,0.16,0.04,0,0,0,0,0,0,0,0.03,0.15,0.01,0.01,0,0,0,0,0,0,0,0,0,0,0,0.0478,0.00638,0.0421
47037,0,0,0,0,0.02,0.26,0.5,0.43,0.19,0.01,0,0,0,0,0,0,0,0,0.01,0.01,0,0,0,0,0.21,0.1,0.02,0,0,0,0,0,0,0,0.02,0.11,0,0,0,0,0,0,0,0,0,0,0,0,0.00608,0.0925,0.0175,0.0512
47039,0,0,0,0,0.02,0.28,0.52,0.43,0.18,0.01,0,0,0,0,0,0,0,0,0.01,0.02,0,0,0,0,0.2,0.09,0.02,0,0,0,0,0,0,0,0.02,0.11,0,0,0,0,0,0,0,0,0,0,0,0,,,0.0443,0.0389
47041,0,0,0,0,0.02,0.17,0.35,0.3,0.12,0.01,0,0,0,0,0,0,0,0,0.01,0.01,0,0,0,0,0.23,0.11,0.02,0,0,0,0,0,0,0,0.02,0.12,0,0,0,0,0,0,0,0,0,0,0,0,0,0,0.00824,0.048
47043,0,0,0,0,0.02,0.17,0.41,0.35,0.14,0.01,0,0,0,0,0,0,0,0,0.01,0.01,0,0,0,0,0.24,0.13,0.03,0,0,0,0,0,0,0,0.03,0.14,0,0,0,0,0,0,0,0,0,0,0,0,,,0.0277,0.0473
47045,0,0,0,0,0.04,0.34,0.52,0.42,0.18,0.01,0,0,0,0,0,0,0,0,0.01,0.01,0,0,0,0,0.18,0.08,0.02,0,0,0,0,0,0,0,0.01,0.08,0,0,0,0,0,0,0,0,0,0,0,0,0.00983,0.0327,0.0688,0.0313
47047,0,0,0,0,0.04,0.35,0.58,0.5,0.21,0.02,0,0,0,0,0,0,0,0,0,0.02,0,0,0,0,0.15,0.05,0.02,0,0,0,0,0,0,0,0.01,0.06,0,0,0,0,0,0,0,0,0,0,0,0,0.165,0.0377,0.0711,0.0286
47049,0,0,0,0,0,0.01,0.07,0.07,0.02,0,0,0,0,0,0,0,0,0,0,0,0,0,0,0,0.28,0.18,0.05,0,0,0,0,0,0,0,0.04,0.17,0.01,0.01,0,0,0,0,0,0,0,0,0,0,0,0.0428,0.00559,0.0492
47051,0,0,0,0,0.01,0.14,0.27,0.26,0.1,0.01,0,0,0,0,0,0,0,0,0,0,0,0,0,0,0.21,0.1,0.02,0,0,0,0,0,0,0,0.02,0.09,0,0,0,0,0,0,0,0,0,0,0,0,0,0.0168,0.0128,0.0381
47053,0,0,0,0,0.03,0.31,0.51,0.42,0.17,0.01,0,0,0,0,0,0,0,0,0.01,0.02,0,0,0,0,0.2,0.09,0.02,0,0,0,0,0,0,0,0.01,0.09,0,0,0,0,0,0,0,0,0,0,0,0,0.0194,0.0412,0.0601,0.0346
47055,0,0,0,0,0.02,0.21,0.42,0.39,0.15,0.01,0,0,0,0,0,0,0,0,0.01,0.01,0,0,0,0,0.21,0.09,0.02,0,0,0,0,0,0,0,0.02,0.1,0,0,0,0,0,0,0,0,0,0,0,0,0.0161,0.0383,0.0251,0.0399
47057,0,0,0,0,0,0.09,0.2,0.17,0.08,0,0,0,0,0,0,0,0,0,0,0,0,0,0,0,0.25,0.12,0.02,0,0,0,0,0,0,0,0.02,0.12,0.01,0.01,0,0,0,0,0,0,0,0,0,0,0.0014,0.0317,0.00564,0.0413
47059,0,0,0,0,0,0.1,0.2,0.17,0.08,0,0,0,0,0,0,0,0,0,0,0,0,0,0,0,0.24,0.1,0.02,0,0,0,0,0,0,0,0.02,0.11,0,0,0,0,0,0,0,0,0,0,0,0,0,0.0478,0.00643,0.0372
47061,0,0,0,0,0,0.01,0.07,0.08,0.03,0,0,0,0,0,0,0,0,0,0,0,0,0,0,0,0.25,0.14,0.04,0,0,0,0,0,0,0,0.02,0.14,0.01,0,0,0,0,0,0,0,0,0,0,0,0,0.0491,0.00936,0.0389
47063,0,0,0,0,0.01,0.12,0.25,0.21,0.11,0,0,0,0,0,0,0,0,0,0,0,0,0,0,0,0.23,0.1,0.02,0,0,0,0,0,0,0,0.02,0.1,0,0,0,0,0,0,0,0,0,0,0,0,0,0.102,0.00596,0.0393
47065,0,0,0,0,0.02,0.17,0.38,0.32,0.13,0.01,0,0,0,0,0,0,0,0,0,0,0,0,0,0,0.19,0.06,0.02,0,0,0,0,0,0,0,0.01,0.06,0,0,0,0,0,0,0,0,0,0,0,0,0,0.0097,0.00889,0.0321
47067,0,0,0,0,0,0.04,0.12,0.11,0.04,0,0,0,0,0,0,0,0,0,0,0,0,0,0,0,0.27,0.14,0.03,0,0,0,0,0,0,0,0.03,0.14,0.01,0.01,0,0,0,0,0,0,0,0,0,0,0,0.0365,0.00527,0.0451
47069,0,0,0,0,0.04,0.32,0.57,0.48,0.2,0.01,0,0,0,0,0,0,0,0,0.01,0.02,0,0,0,0,0.17,0.06,0.02,0,0,0,0,0,0,0,0.01,0.08,0,0,0,0,0,0,0,0,0,0,0,0,0.0916,0.0367,0.0631,0.0317
47071,0,0,0,0,0.03,0.3,0.55,0.45,0.19,0.01,0,0,0,0,0,0,0,0,0.01,0.02,0,0,0,0,0.18,0.07,0.02,0,0,0,0,0,0,0,0.02,0.09,0,0,0,0,0,0,0,0,0,0,0,0,,,0.047,0.0363
47073,0,0,0,0,0,0.08,0.18,0.15,0.09,0,0,0,0,0,0,0,0,0,0,0,0,0,0,0,0.24,0.11,0.02,0,0,0,0,0,0,0,0.02,0.12,0.01,0.01,0,0,0,0,0,0,0,0,0,0,0,0.0219,0.00567,0.0427
47075,0,0,0,0,0.04,0.36,0.57,0.47,0.2,0.01,0,0,0,0,0,0,0,0,0.01,0.02,0,0,0,0,0.16,0.06,0.02,0,0,0,0,0,0,0,0.01,0.06,0,0,0,0,0,0,0,0,0,0,0,0,0.00201,0.045,0.0679,0.0307
47077,0,0,0,0,0.02,0.29,0.52,0.43,0.17,0,0,0,0,0,0,0,0,0,0.01,0.02,0,0,0,0,0.2,0.1,0.02,0,0,0,0,0,0,0,0.02,0.11,0,0,0,0,0,0,0,0,0,0,0,0,0,0,0.0498,0.0374
47079,0,0,0,0,0.01,0.22,0.44,0.37,0.15,0,0,0,0,0,0,0,0,0,0.01,0.02,0,0,0,0,0.22,0.12,0.02,0,0,0,0,0,0,0,0.02,0.11,0,0,0,0,0,0,0,0,0,0,0,0,0.0191,0.0128,0.0464,0.04
47081,0,0,0,0,0.02,0.17,0.41,0.36,0.13,0,0,0,0,0,0,0,0,0,0.01,0.02,0,0,0,0,0.23,0.12,0.02,0,0,0,0,0,0,0,0.03,0.12,0,0,0,0,0,0,0,0,0,0,0,0,,,0.0311,0.0442
47083,0,0,0,0,0.01,0.18,0.44,0.38,0.14,0,0,0,0,0,0,0,0,0,0.01,0.01,0,0,0,0,0.24,0.12,0.02,0,0,0,0,0,0,0,0.02,0.12,0,0,0,0,0,0,0,0,0,0,0,0,,,0.0342,0.0448
47085,0,0,0,0,0.01,0.19,0.44,0.38,0.14,0,0,0,0,0,0,0,0,0,0.01,0.02,0,0,0,0,0.22,0.12,0.02,0,0,0,0,0,0,0,0.02,0.12,0,0,0,0,0,0,0,0,0,0,0,0,,,0.0367,0.0433
47087,0,0,0,0,0.02,0.2,0.39,0.34,0.13,0.01,0,0,0,0,0,0,0,0,0.01,0.01,0,0,0,0,0.25,0.12,0.03,0,0,0,0,0,0,0,0.02,0.13,0.01,0,0,0,0,0,0,0,0,0,0,0,0,0.0182,0.00701,0.0525
47089,0,0,0,0,0.01,0.14,0.3,0.26,0.13,0,0,0,0,0,0,0,0,0,0,0,0,0,0,0,0.21,0.08,0.02,0,0,0,0,0,0,0,0.02,0.08,0,0,0,0,0,0,0,0,0,0,0,0,0.0146,0.143,0.00626,0.0368
47091,0,0,0,0,0,0,0.01,0,0,0,0,0,0,0,0,0,0,0,0,0,0,0,0,0,0.35,0.23,0.09,0,0,0,0,0,0,0,0.07,0.21,0.02,0.01,0,0,0,0,0,0,0,0,0,0,,,0.00697,0.0396
47093,0,0,0,0,0.01,0.15,0.31,0.26,0.11,0,0,0,0,0,0,0,0,0,0,0,0,0,0,0,0.2,0.08,0.02,0,0,0,0,0,0,0,0.01,0.07,0,0,0,0,0,0,0,0,0,0,0,0,0.00102,0.0638,0.00608,0.0377
47095,0,0,0,0,0.04,0.33,0.51,0.4,0.17,0.01,0,0,0,0,0,0,0,0,0.01,0.01,0,0,0,0,0.18,0.09,0.02,0,0,0,0,0,0,0,0.01,0.08,0,0,0,0,0,0,0,0,0,0,0,0,0.0101,0.0199,0.0695,0.0315
47097,0,0,0,0,0.04,0.37,0.54,0.45,0.19,0.01,0,0,0,0,0,0,0,0,0,0.02,0,0,0,0,0.15,0.06,0.02,0,0,0,0,0,0,0,0.01,0.06,0,0,0,0,0,0,0,0,0,0,0,0,0,0.0183,0.0737,0.0286
47099,0,0,0,0,0.02,0.19,0.4,0.35,0.13,0.01,0,0,0,0,0,0,0,0,0.01,0.01,0,0,0,0,0.22,0.1,0.02,0,0,0,0,0,0,0,0.02,0.11,0,0,0,0,0,0,0,0,0,0,0,0,0.0269,0.0384,0.0316,0.0392
47101,0,0,0,0,0.01,0.16,0.35,0.32,0.12,0,0,0,0,0,0,0,0,0,0.01,0.01,0,0,0,0,0.23,0.11,0.02,0,0,0,0,0,0,0,0.02,0.12,0,0,0,0,0,0,0,0,0,0,0,0,,,0.0327,0.0416
47103,0,0,0,0,0.02,0.22,0.42,0.4,0.17,0.01,0,0,0,0,0,0,0,0,0,0.01,0,0,0,0,0.2,0.09,0.02,0,0,0,0,0,0,0,0.02,0.08,0,0,0,0,0,0,0,0,0,0,0,0,0,0,0.0185,0.0395
47105,0,0,0,0,0.01,0.16,0.36,0.31,0.12,0,0,0,0,0,0,0,0,0,0,0,0,0,0,0,0.19,0.06,0.01,0,0,0,0,0,0,0,0.01,0.06,0,0,0,0,0,0,0,0,0,0,0,0,0.0248,0.175,0.00662,0.0348
47107,0,0,0,0,0.02,0.18,0.39,0.34,0.14,0.01,0,0,0,0,0,0,0,0,0,0,0,0,0,0,0.19,0.07,0.02,0,0,0,0,0,0,0,0.01,0.07,0,0,0,0,0,0,0,0,0,0,0,0,0.0335,0.0198,0.0075,0.0316
47109,0,0,0,0,0.03,0.31,0.56,0.46,0.19,0.01,0,0,0,0,0,0,0,0,0.01,0.02,0,0,0,0,0.18,0.07,0.02,0,0,0,0,0,0,0,0.02,0.09,0,0,0,0,0,0,0,0,0,0,0,0,,,0.0548,0.0342
47111,0,0,0,0,0.02,0.22,0.41,0.33,0.13,0.01,0,0,0,0,0,0,0,0,0.01,0.01,0,0,0,0,0.26,0.13,0.04,0,0,0,0,0,0,0,0.02,0.15,0.01,0,0,0,0,0,0,0,0,0,0,0,0,0.0349,0.00797,0.0555
47113,0,0,0,0,0.03,0.33,0.55,0.46,0.19,0.01,0,0,0,0,0,0,0,0,0.01,0.02,0,0,0,0,0.18,0.08,0.02,0,0,0,0,0,0,0,0.02,0.09,0,0,0,0,0,0,0,0,0,0,0,0,0.0104,0.0698,0.0591,0.0341
47115,0,0,0,0,0,0.09,0.19,0.19,0.07,0,0,0,0,0,0,0,0,0,0,0,0,0,0,0,0.21,0.09,0.02,0,0,0,0,0,0,0,0.01,0.09,0,0,0,0,0,0,0,0,0,0,0,0,0,0.0145,0.00991,0.0346
47117,0,0,0,0,0.03,0.25,0.48,0.41,0.17,0.01,0,0,0,0,0,0,0,0,0.01,0.02,0,0,0,0,0.23,0.11,0.03,0,0,0,0,0,0,0,0.02,0.11,0,0,0,0,0,0,0,0,0,0,0,0,0.00472,0.348,0.02,0.0436
47119,0,0,0,0,0.02,0.24,0.46,0.38,0.15,0.01,0,0,0,0,0,0,0,0,0.01,0.02,0,0,0,0,0.23,0.12,0.02,0,0,0,0,0,0,0,0.02,0.12,0,0,0,0,0,0,0,0,0,0,0,0,0.00639,0.0205,0.0247,0.0444
47121,0,0,0,0,0.02,0.18,0.4,0.34,0.14,0.01,0,0,0,0,0,0,0,0,0,0.01,0,0,0,0,0.19,0.07,0.02,0,0,0,0,0,0,0,0.01,0.07,0,0,0,0,0,0,0,0,0,0,0,0,0.0151,0.022,0.00733,0.034
47123,0,0,0,0,0,0.09,0.21,0.19,0.07,0,0,0,0,0,0,0,0,0,0,0,0,0,0,0,0.21,0.08,0.02,0,0,0,0,0,0,0,0.01,0.08,0,0,0,0,0,0,0,0,0,0,0,0,0,0.252,0.00744,0.03
47125,0,0,0,0,0.02,0.22,0.48,0.39,0.16,0.01,0,0,0,0,0,0,0,0,0.01,0.02,0,0,0,0,0.23,0.12,0.02,0,0,0,0,0,0,0,0.03,0.12,0,0,0,0,0,0,0,0,0,0,0,0,0.00857,0.0266,0.0267,0.0479
47127,0,0,0,0,0.02,0.18,0.34,0.33,0.13,0.01,0,0,0,0,0,0,0,0,0,0.01,0,0,0,0,0.21,0.1,0.02,0,0,0,0,0,0,0,0.02,0.1,0,0,0,0,0,0,0,0,0,0,0,0,0.000512,0.364,0.015,0.041
47129,0,0,0,0,0,0.03,0.1,0.1,0.03,0,0,0,0,0,0,0,0,0,0,0,0,0,0,0,0.26,0.15,0.04,0,0,0,0,0,0,0,0.03,0.14,0.01,0.01,0,0,0,0,0,0,0,0,0,0,0,0.017,0.00571,0.0435
47131,0,0,0,0,0.03,0.27,0.47,0.38,0.15,0,0,0,0,0,0,0,0,0,0.01,0.01,0,0,0,0,0.21,0.11,0.02,0,0,0,0,0,0,0,0.01,0.1,0,0,0,0,0,0,0,0,0,0,0,0,0.0223,0.021,0.0632,0.034
47133,0,0,0,0,0,0.06,0.17,0.17,0.07,0.01,0,0,0,0,0,0,0,0,0,0,0,0,0,0,0.26,0.15,0.03,0,0,0,0,0,0,0,0.03,0.14,0.01,0.01,0,0,0,0,0,0,0,0,0,0,0,0.0131,0.00618,0.0504
47135,0,0,0,0,0.02,0.22,0.46,0.4,0.15,0.01,0,0,0,0,0,0,0,0,0.01,0.02,0,0,0,0,0.21,0.1,0.02,0,0,0,0,0,0,0,0.02,0.11,0,0,0,0,0,0,0,0,0,0,0,0,,,0.0395,0.0407
47137,0,0,0,0,0,0.06,0.17,0.17,0.07,0.01,0,0,0,0,0,0,0,0,0,0,0,0,0,0,0.27,0.16,0.04,0,0,0,0,0,0,0,0.03,0.15,0.01,0.01,0,0,0,0,0,0,0,0,0,0,0,0.101,0.00561,0.053
47139,0,0,0,0,0.01,0.11,0.27,0.22,0.09,0.01,0,0,0,0,0,0,0,0,0,0,0,0,0,0,0.21,0.09,0.02,0,0,0,0,0,0,0,0.01,0.08,0,0,0,0,0,0,0,0,0,0,0,0,0,0.0243,0.00846,0.0272
47141,0,0,0,0,0,0.07,0.18,0.17,0.07,0.01,0,0,0,0,0,0,0,0,0,0,0,0,0,0,0.25,0.13,0.03,0,0,0,0,0,0,0,0.02,0.13,0.01,0,0,0,0,0,0,0,0,0,0,0,0,0,0.00687,0.0483
47143,0,0,0,0,0,0.09,0.21,0.21,0.09,0,0,0,0,0,0,0,0,0,0,0,0,0,0,0,0.21,0.09,0.02,0,0,0,0,0,0,0,0.01,0.08,0,0,0,0,0,0,0,0,0,0,0,0,0.00039,0.0628,0.00719,0.0362
47145,0,0,0,0,0.01,0.15,0.33,0.28,0.11,0,0,0,0,0,0,0,0,0,0,0,0,0,0,0,0.2,0.08,0.02,0,0,0,0,0,0,0,0.01,0.07,0,0,0,0,0,0,0,0,0,0,0,0,0.00667,0.0411,0.00632,0.0377
47147,0,0,0,0,0.02,0.22,0.45,0.36,0.15,0.01,0,0,0,0,0,0,0,0,0.01,0.01,0,0,0,0,0.23,0.13,0.03,0,0,0,0,0,0,0,0.03,0.12,0.01,0,0,0,0,0,0,0,0,0,0,0,0.0159,0.0126,0.0172,0.0522
47149,0,0,0,0,0.02,0.26,0.46,0.41,0.18,0.01,0,0,0,0,0,0,0,0,0.01,0.01,0,0,0,0,0.22,0.1,0.02,0,0,0,0,0,0,0,0.02,0.12,0,0,0,0,0,0,0,0,0,0,0,0,0.0223,0.0401,0.0138,0.0484
47151,0,0,0,0,0,0.01,0.07,0.06,0.02,0,0,0,0,0,0,0,0,0,0,0,0,0,0,0,0.29,0.18,0.05,0,0,0,0,0,0,0,0.04,0.16,0.01,0.01,0,0,0,0,0,0,0,0,0,0,0,0.0211,0.00513,0.0483
47153,0,0,0,0,0,0.03,0.1,0.12,0.04,0,0,0,0,0,0,0,0,0,0,0,0,0,0,0,0.23,0.13,0.03,0,0,0,0,0,0,0,0.02,0.12,0,0,0,0,0,0,0,0,0,0,0,0,0,0.0187,0.00856,0.0363
47155,0,0,0,0,0,0.02,0.08,0.07,0.02,0,0,0,0,0,0,0,0,0,0,0,0,0,0,0,0.22,0.11,0.02,0,0,0,0,0,0,0,0.02,0.1,0,0,0,0,0,0,0,0,0,0,0,0,0,0.163,0.00689,0.0326
47157,0,0,0,0,0.06,0.43,0.64,0.54,0.24,0.02,0,0,0,0,0,0,0,0,0.01,0.02,0,0,0,0,0.12,0.03,0.01,0,0,0,0,0,0,0,0,0.04,0,0,0,0,0,0,0,0,0,0,0,0,0.117,0.0167,0.0791,0.025
47159,0,0,0,0,0.02,0.24,0.44,0.39,0.16,0.01,0,0,0,0,0,0,0,0,0.01,0.01,0,0,0,0,0.23,0.1,0.02,0,0,0,0,0,0,0,0.02,0.12,0.01,0,0,0,0,0,0,0,0,0,0,0,0,0.155,0.00821,0.0523
47161,0,0,0,0,0.01,0.2,0.44,0.38,0.14,0.01,0,0,0,0,0,0,0,0,0.01,0.02,0,0,0,0,0.24,0.12,0.02,0,0,0,0,0,0,0,0.02,0.12,0,0,0,0,0,0,0,0,0,0,0,0,0.0126,0.0175,0.0359,0.044
47163,0,0,0,0,0,0.06,0.15,0.13,0.05,0,0,0,0,0,0,0,0,0,0,0,0,0,0,0,0.27,0.13,0.03,0,0,0,0,0,0,0,0.02,0.13,0.01,0.01,0,0,0,0,0,0,0,0,0,0,0,0.0212,0.0062,0.0419
47165,0,0,0,0,0.02,0.22,0.42,0.35,0.14,0.01,0,0,0,0,0,0,0,0,0.01,0.01,0,0,0,0,0.24,0.12,0.02,0,0,0,0,0,0,0,0.02,0.13,0.01,0,0,0,0,0,0,0,0,0,0,0,0.00749,0.0478,0.0119,0.0543
47167,0,0,0,0,0.05,0.37,0.57,0.48,0.2,0.01,0,0,0,0,0,0,0,0,0,0.01,0,0,0,0,0.14,0.05,0.01,0,0,0,0,0,0,0,0.01,0.05,0,0,0,0,0,0,0,0,0,0,0,0,0.0343,0.0215,0.0763,0.0269
47169,0,0,0,0,0.02,0.25,0.46,0.4,0.16,0.01,0,0,0,0,0,0,0,0,0.01,0.01,0,0,0,0,0.23,0.11,0.02,0,0,0,0,0,0,0,0.02,0.13,0.01,0,0,0,0,0,0,0,0,0,0,0,0.0389,0.0497,0.00931,0.0543
47171,0,0,0,0,0,0,0.02,0.01,0,0,0,0,0,0,0,0,0,0,0,0,0,0,0,0,0.29,0.18,0.05,0,0,0,0,0,0,0,0.04,0.16,0.01,0.01,0,0,0,0,0,0,0,0,0,0,0,0,0.00712,0.0345
47173,0,0,0,0,0,0.08,0.18,0.15,0.07,0,0,0,0,0,0,0,0,0,0,0,0,0,0,0,0.25,0.12,0.03,0,0,0,0,0,0,0,0.02,0.11,0.01,0.01,0,0,0,0,0,0,0,0,0,0,0,0.0465,0.00545,0.0427
47175,0,0,0,0,0,0.02,0.1,0.11,0.03,0,0,0,0,0,0,0,0,0,0,0,0,0,0,0,0.24,0.14,0.03,0,0,0,0,0,0,0,0.02,0.13,0.01,0,0,0,0,0,0,0,0,0,0,0,0,0.0557,0.0077,0.0413
47177,0,0,0,0,0.01,0.11,0.25,0.23,0.09,0.01,0,0,0,0,0,0,0,0,0,0,0,0,0,0,0.24,0.12,0.03,0,0,0,0,0,0,0,0.02,0.12,0,0,0,0,0,0,0,0,0,0,0,0,,,0.00877,0.0433
47179,0,0,0,0,0,0.09,0.19,0.15,0.07,0,0,0,0,0,0,0,0,0,0,0,0,0,0,0,0.24,0.12,0.02,0,0,0,0,0,0,0,0.02,0.12,0,0.01,0,0,0,0,0,0,0,0,0,0,0,0.0545,0.00651,0.0383
47181,0,0,0,0,0.02,0.19,0.43,0.37,0.14,0.01,0,0,0,0,0,0,0,0,0,0.01,0,0,0,0,0.21,0.09,0.02,0,0,0,0,0,0,0,0.02,0.11,0,0,0,0,0,0,0,0,0,0,0,0,,,0.0397,0.038
47183,0,0,0,0,0.02,0.25,0.48,0.39,0.16,0,0,0,0,0,0,0,0,0,0.01,0.02,0,0,0,0,0.22,0.11,0.02,0,0,0,0,0,0,0,0.02,0.11,0,0,0,0,0,0,0,0,0,0,0,0,,,0.055,0.0369
47185,0,0,0,0,0,0.08,0.18,0.18,0.07,0.01,0,0,0,0,0,0,0,0,0,0,0,0,0,0,0.24,0.12,0.03,0,0,0,0,0,0,0,0.02,0.12,0.01,0,0,0,0,0,0,0,0,0,0,0,0,0.0014,0.00717,0.0447
47187,0,0,0,0,0.02,0.23,0.46,0.38,0.14,0.01,0,0,0,0,0,0,0,0,0.01,0.02,0,0,0,0,0.23,0.12,0.02,0,0,0,0,0,0,0,0.02,0.12,0,0,0,0,0,0,0,0,0,0,0,0,0.0206,0.0346,0.0205,0.0482
47189,0,0,0,0,0.02,0.24,0.45,0.38,0.16,0.01,0,0,0,0,0,0,0,0,0.01,0.01,0,0,0,0,0.22,0.1,0.02,0,0,0,0,0,0,0,0.02,0.11,0,0,0,0,0,0,0,0,0,0,0,0,0.0206,0.0094,0.0113,0.0519
48001,0,0,0,0.01,0.12,0.55,0.85,0.85,0.5,0.06,0,0,0,0,0,0,0,0.02,0.09,0.13,0.02,0,0,0,0.02,0.01,0,0,0,0,0,0,0,0,0,0.01,0,0,0,0,0,0,0,0,0,0,0,0,0.0745,0.13,0.0446,0.181
48003,0,0,0,0.11,0.42,0.75,0.84,0.79,0.34,0.05,0,0,0,0,0,0,0.05,0.18,0.15,0.09,0.02,0,0,0,0.07,0.04,0.01,0,0,0,0,0,0,0,0.01,0.05,0,0,0,0,0,0,0,0,0,0,0,0,0.0879,0.28,0.14,0.331
48005,0,0,0,0.01,0.17,0.62,0.86,0.86,0.49,0.06,0,0,0,0,0,0,0,0.03,0.07,0.1,0.02,0,0,0,0.01,0.01,0,0,0,0,0,0,0,0,0,0,0,0,0,0,0,0,0,0,0,0,0,0,0.0428,0.172,0.0422,0.111
48007,0,0,0,0.01,0.03,0.39,0.7,0.83,0.4,0.04,0,0,0,0,0,0,0,0,0,0,0.01,0,0,0,0,0,0,0,0,0,0,0,0,0,0,0,0,0,0,0,0,0,0,0,0,0,0,0,0.018,0.268,0.053,0.208
48009,0,0,0.01,0.05,0.26,0.67,0.89,0.86,0.46,0.08,0,0,0,0,0,0,0.02,0.1,0.3,0.33,0.05,0,0,0,0.08,0.05,0.01,0,0,0,0,0,0,0,0,0.05,0,0,0,0,0,0,0,0,0,0,0,0,0.135,0.324,0.0585,0.312
48011,0,0,0.01,0.04,0.23,0.52,0.76,0.66,0.26,0.04,0,0,0,0,0,0,0.02,0.08,0.13,0.08,0.01,0,0,0,0.2,0.14,0.04,0,0,0,0,0,0,0,0.04,0.16,0,0,0,0,0,0,0,0,0,0,0,0,0.0961,0.00378,0.0955,0.0786
48013,0,0.01,0.02,0.14,0.43,0.84,0.92,0.94,0.69,0.21,0,0,0,0,0,0,0.01,0.08,0.24,0.29,0.05,0,0,0,0,0,0,0,0,0,0,0,0,0,0,0,0,0,0,0,0,0,0,0,0,0,0,0,0.075,0.327,0.0581,0.34
48015,0,0,0,0.02,0.24,0.72,0.89,0.91,0.58,0.14,0,0,0,0,0,0,0,0.02,0.08,0.12,0.02,0,0,0,0.01,0,0,0,0,0,0,0,0,0,0,0,0,0,0,0,0,0,0,0,0,0,0,0,0.0622,0.167,0.041,0.18
48017,0,0,0,0.02,0.25,0.58,0.69,0.57,0.22,0.03,0,0,0,0,0,0,0.01,0.09,0.07,0.03,0,0,0,0,0.27,0.15,0.04,0,0,0,0,0,0,0.01,0.07,0.2,0,0,0,0,0,0,0,0,0,0,0,0,0.0735,0.0139,0.115,0.169
48019,0,0,0.01,0.05,0.23,0.61,0.8,0.86,0.43,0.05,0,0,0,0,0,0,0,0.03,0.06,0.07,0.01,0,0,0,0.01,0.01,0,0,0,0,0,0,0,0,0,0,0,0,0,0,0,0,0,0,0,0,0,0,0.0296,0.64,0.055,0.445
48021,0,0,0,0.04,0.26,0.74,0.91,0.92,0.63,0.14,0,0,0,0,0,0,0,0.04,0.14,0.22,0.05,0,0,0,0.01,0,0,0,0,0,0,0,0,0,0,0,0,0,0,0,0,0,0,0,0,0,0,0,0.0624,0.423,0.0444,0.245
48023,0,0,0.01,0.07,0.29,0.69,0.9,0.86,0.46,0.08,0,0,0,0,0,0,0.03,0.13,0.33,0.33,0.05,0,0,0,0.07,0.05,0.01,0,0,0,0,0,0,0,0,0.05,0,0,0,0,0,0,0,0,0,0,0,0,0.128,0.274,0.0636,0.313
48025,0,0.01,0.01,0.07,0.38,0.82,0.9,0.95,0.68,0.2,0,0,0,0,0,0,0,0.02,0.09,0.15,0.03,0,0,0,0,0,0,0,0,0,0,0,0,0,0,0,0,0,0,0,0,0,0,0,0,0,0,0,0.112,0.187,0.0563,0.26
48027,0,0,0,0.03,0.21,0.69,0.9,0.91,0.57,0.1,0,0,0,0,0,0,0,0.03,0.14,0.22,0.04,0,0,0,0.02,0.01,0,0,0,0,0,0,0,0,0,0,0,0,0,0,0,0,0,0,0,0,0,0,0.0269,0.368,0.0443,0.284
48029,0,0.01,0.01,0.07,0.31,0.75,0.89,0.92,0.6,0.13,0,0,0,0,0,0,0,0.04,0.14,0.2,0.03,0,0,0,0,0,0,0,0,0,0,0,0,0,0,0,0,0,0,0,0,0,0,0,0,0,0,0,0.0174,0.794,0.0528,0.34
48031,0,0,0,0.03,0.2,0.62,0.84,0.88,0.46,0.05,0,0,0,0,0,0,0,0.03,0.07,0.12,0.02,0,0,0,0.01,0.01,0,0,0,0,0,0,0,0,0,0,0,0,0,0,0,0,0,0,0,0,0,0,0.0265,0.353,0.0487,0.34
48033,0,0,0.01,0.12,0.38,0.66,0.84,0.78,0.35,0.07,0,0,0,0,0,0,0.05,0.14,0.17,0.12,0.02,0,0,0,0.06,0.04,0.01,0,0,0,0,0,0,0,0,0.04,0,0,0,0,0,0,0,0,0,0,0,0,0.245,0.189,0.126,0.337
48035,0,0,0,0.03,0.17,0.64,0.89,0.87,0.48,0.07,0,0,0,0,0,0,0,0.04,0.15,0.2,0.03,0,0,0,0.03,0.02,0,0,0,0,0,0,0,0,0,0.01,0,0,0,0,0,0,0,0,0,0,0,0,0.0789,0.497,0.0461,0.331
48037,0,0,0,0,0.07,0.46,0.76,0.72,0.38,0.03,0,0,0,0,0,0,0,0,0.07,0.12,0.02,0,0,0,0.06,0.02,0,0,0,0,0,0,0,0,0,0.02,0,0,0,0,0,0,0,0,0,0,0,0,0.096,0.00363,0.067,0.122
48039,0,0,0,0,0.06,0.48,0.77,0.82,0.42,0.04,0,0,0,0,0,0,0,0,0,0.01,0.01,0,0,0,0,0,0,0,0,0,0,0,0,0,0,0,0,0,0,0,0,0,0,0,0,0,0,0,0.0431,0.142,0.0388,0.14
48041,0,0,0,0.02,0.21,0.69,0.9,0.9,0.57,0.1,0,0,0,0,0,0,0,0.04,0.1,0.15,0.03,0,0,0,0.01,0.01,0,0,0,0,0,0,0,0,0,0,0,0,0,0,0,0,0,0,0,0,0,0,0.0132,0.843,0.0413,0.193
48043,0,0,0.02,0.21,0.61,0.85,0.82,0.8,0.42,0.11,0,0,0,0,0,0,0.05,0.19,0.09,0.07,0.01,0,0,0,0.02,0.01,0,0,0,0,0,0,0,0,0,0.01,0,0,0,0,0,0,0,0,0,0,0,0,0.33,0.155,0.157,0.354
48045,0,0,0.01,0.07,0.26,0.58,0.8,0.72,0.32,0.06,0,0,0,0,0,0,0.04,0.11,0.18,0.12,0.02,0,0,0,0.16,0.11,0.03,0,0,0,0,0,0,0,0.03,0.12,0,0,0,0,0,0,0,0,0,0,0,0,0.0436,0,0.1,0.117
48047,0,0.03,0.09,0.31,0.63,0.93,0.95,0.96,0.75,0.37,0.04,0,0,0,0,0.01,0.02,0.12,0.31,0.36,0.04,0,0,0,0,0,0,0,0,0,0,0,0,0,0,0,0,0,0,0,0,0,0,0,0,0,0,0,0.152,0,0.0911,0.216
48049,0,0,0.01,0.08,0.26,0.63,0.87,0.83,0.46,0.08,0,0,0,0,0,0.01,0.01,0.07,0.16,0.23,0.03,0,0,0,0.05,0.03,0.01,0,0,0,0,0,0,0,0,0.02,0,0,0,0,0,0,0,0,0,0,0,0,0.119,0.421,0.0525,0.444
48051,0,0,0,0.02,0.22,0.7,0.9,0.91,0.59,0.11,0,0,0,0,0,0,0,0.03,0.1,0.17,0.03,0,0,0,0.01,0.01,0,0,0,0,0,0,0,0,0,0,0,0,0,0,0,0,0,0,0,0,0,0,0.0921,0.23,0.0418,0.209
48053,0,0,0,0.04,0.23,0.67,0.89,0.9,0.48,0.06,0,0,0,0,0,0,0,0.03,0.13,0.17,0.02,0,0,0,0.02,0.02,0,0,0,0,0,0,0,0,0,0,0,0,0,0,0,0,0,0,0,0,0,0,0.0557,0.568,0.047,0.337
48055,0,0,0,0.05,0.3,0.76,0.91,0.93,0.62,0.14,0,0,0,0,0,0,0,0.05,0.17,0.26,0.04,0,0,0,0.01,0,0,0,0,0,0,0,0,0,0,0,0,0,0,0,0,0,0,0,0,0,0,0,0.119,0.436,0.0463,0.261
48057,0,0,0,0.01,0.03,0.41,0.72,0.85,0.41,0.05,0,0,0,0,0,0,0,0,0,0,0.01,0,0,0,0,0,0,0,0,0,0,0,0,0,0,0,0,0,0,0,0,0,0,0,0,0,0,0,0.0203,0.35,0.0475,0.19
48059,0,0,0.01,0.06,0.24,0.56,0.84,0.79,0.4,0.05,0,0,0,0,0,0,0.01,0.06,0.13,0.17,0.03,0,0,0,0.06,0.03,0.01,0,0,0,0,0,0,0,0,0.04,0,0,0,0,0,0,0,0,0,0,0,0,0.136,0.277,0.0591,0.439
48061,0,0.01,0.03,0.14,0.47,0.88,0.92,0.95,0.69,0.3,0.03,0,0,0,0,0,0,0.01,0.01,0.02,0.01,0,0,0,0,0,0,0,0,0,0,0,0,0,0,0,0,0,0,0,0,0,0,0,0,0,0,0,0.0582,0,0.0935,0.0872
48063,0,0,0,0,0.09,0.49,0.79,0.78,0.42,0.04,0,0,0,0,0,0,0,0.01,0.09,0.15,0.02,0,0,0,0.04,0.01,0,0,0,0,0,0,0,0,0,0.02,0,0,0,0,0,0,0,0,0,0,0,0,0.0355,0.0104,0.0569,0.164
48065,0,0,0,0.02,0.18,0.49,0.73,0.61,0.22,0.02,0,0,0,0,0,0,0.01,0.06,0.11,0.07,0.01,0,0,0,0.25,0.19,0.05,0,0,0,0,0,0,0.01,0.06,0.21,0,0.01,0,0,0,0,0,0,0,0,0,0,0.0479,0.00492,0.089,0.0552
48067,0,0,0,0,0.09,0.49,0.76,0.74,0.4,0.03,0,0,0,0,0,0,0,0.01,0.07,0.11,0.02,0,0,0,0.05,0.01,0,0,0,0,0,0,0,0,0,0.01,0,0,0,0,0,0,0,0,0,0,0,0,0.0321,0.013,0.0637,0.118
48069,0,0,0,0.02,0.21,0.52,0.65,0.56,0.21,0.02,0,0,0,0,0,0,0.01,0.07,0.05,0.03,0,0,0,0,0.3,0.19,0.05,0,0,0,0,0,0,0.01,0.07,0.22,0,0.01,0,0,0,0,0,0,0,0,0,0.01,0.071,0.0991,0.109,0.128
48071,0,0,0,0,0.03,0.35,0.66,0.7,0.3,0.01,0,0,0,0,0,0,0,0,0,0.01,0.01,0,0,0,0,0,0,0,0,0,0,0,0,0,0,0,0,0,0,0,0,0,0,0,0,0,0,0,0.0342,0.141,0.0363,0.109
48073,0,0,0,0.01,0.12,0.55,0.83,0.83,0.46,0.05,0,0,0,0,0,0,0,0.02,0.08,0.12,0.02,0,0,0,0.03,0.01,0,0,0,0,0,0,0,0,0,0,0,0,0,0,0,0,0,0,0,0,0,0,0.0352,0.104,0.0452,0.151
48075,0,0,0.01,0.09,0.3,0.68,0.88,0.81,0.44,0.09,0,0,0,0,0,0,0.06,0.15,0.34,0.31,0.05,0,0,0,0.15,0.08,0.02,0,0,0,0,0,0,0,0.02,0.09,0,0,0,0,0,0,0,0,0,0,0,0,0.0408,0.282,0.0809,0.14
48077,0,0,0.01,0.04,0.21,0.61,0.88,0.85,0.43,0.06,0,0,0,0,0,0,0.01,0.07,0.26,0.31,0.04,0,0,0,0.09,0.05,0.01,0,0,0,0,0,0,0,0.01,0.06,0,0,0,0,0,0,0,0,0,0,0,0,0.176,0.281,0.0559,0.289
48079,0,0,0,0.03,0.28,0.63,0.71,0.62,0.25,0.03,0,0,0,0,0,0,0.02,0.12,0.08,0.04,0.01,0,0,0,0.19,0.1,0.03,0,0,0,0,0,0,0.01,0.04,0.15,0,0,0,0,0,0,0,0,0,0,0,0,0.183,0.0212,0.123,0.217
48081,0,0,0.02,0.12,0.37,0.68,0.87,0.8,0.4,0.07,0,0,0,0,0,0,0.05,0.11,0.19,0.16,0.02,0,0,0,0.06,0.03,0.01,0,0,0,0,0,0,0,0,0.03,0,0,0,0,0,0,0,0,0,0,0,0,0.159,0.274,0.0883,0.45
48083,0,0.01,0.01,0.09,0.3,0.65,0.87,0.82,0.45,0.08,0,0,0,0,0,0,0.02,0.07,0.17,0.21,0.02,0,0,0,0.05,0.03,0.01,0,0,0,0,0,0,0,0,0.02,0,0,0,0,0,0,0,0,0,0,0,0,0.125,0.0876,0.0563,0.453
48085,0,0,0,0,0.08,0.51,0.85,0.79,0.39,0.05,0,0,0,0,0,0,0,0.01,0.12,0.18,0.02,0,0,0,0.05,0.02,0.01,0,0,0,0,0,0,0,0,0.03,0,0,0,0,0,0,0,0,0,0,0,0,0.0401,0.539,0.0509,0.269
48087,0,0,0.01,0.06,0.25,0.59,0.83,0.76,0.36,0.06,0,0,0,0,0,0,0.03,0.1,0.26,0.2,0.03,0,0,0,0.19,0.11,0.03,0,0,0,0,0,0,0,0.03,0.13,0,0,0,0,0,0,0,0,0,0,0,0,0.129,0.0884,0.0799,0.0754
48089,0,0,0,0.02,0.24,0.72,0.89,0.92,0.6,0.15,0,0,0,0,0,0,0,0.02,0.08,0.13,0.02,0,0,0,0.01,0,0,0,0,0,0,0,0,0,0,0,0,0,0,0,0,0,0,0,0,0,0,0,0.108,0.347,0.0422,0.19
48091,0,0,0.01,0.05,0.24,0.66,0.86,0.9,0.53,0.08,0,0,0,0,0,0,0,0.03,0.09,0.14,0.02,0,0,0,0.01,0.01,0,0,0,0,0,0,0,0,0,0,0,0,0,0,0,0,0,0,0,0,0,0,0.0812,0.613,0.0494,0.315
48093,0,0,0.01,0.05,0.22,0.58,0.87,0.84,0.44,0.08,0,0,0,0,0,0,0,0.05,0.14,0.23,0.03,0,0,0,0.05,0.03,0.01,0,0,0,0,0,0,0,0,0.03,0,0,0,0,0,0,0,0,0,0,0,0,0.0766,0.596,0.0504,0.415
48095,0,0.01,0.01,0.1,0.34,0.67,0.87,0.82,0.44,0.07,0,0,0,0,0,0,0.02,0.08,0.17,0.19,0.03,0,0,0,0.05,0.03,0.01,0,0,0,0,0,0,0,0.01,0.02,0,0,0,0,0,0,0,0,0,0,0,0,0.127,0.174,0.0591,0.478
48097,0,0,0,0.01,0.1,0.52,0.84,0.79,0.37,0.04,0,0,0,0,0,0,0,0.02,0.17,0.23,0.03,0,0,0,0.07,0.03,0.01,0,0,0,0,0,0,0,0,0.05,0,0,0,0,0,0,0,0,0,0,0,0,0.0629,0.553,0.052,0.274
48099,0,0,0,0.03,0.18,0.65,0.88,0.89,0.5,0.07,0,0,0,0,0,0,0,0.03,0.14,0.21,0.03,0,0,0,0.02,0.02,0,0,0,0,0,0,0,0,0,0.01,0,0,0,0,0,0,0,0,0,0,0,0,0.0307,0.613,0.0456,0.324
48101,0,0,0.02,0.1,0.32,0.68,0.88,0.83,0.43,0.09,0,0,0,0,0,0,0.06,0.16,0.33,0.31,0.05,0,0,0,0.12,0.07,0.02,0,0,0,0,0,0,0,0.02,0.07,0,0,0,0,0,0,0,0,0,0,0,0,0.0867,0,0.0837,0.21
48103,0,0,0.03,0.22,0.56,0.87,0.91,0.89,0.52,0.15,0,0,0,0,0,0,0.12,0.3,0.32,0.25,0.04,0,0,0,0.03,0.02,0,0,0,0,0,0,0,0,0.01,0.02,0,0,0,0,0,0,0,0,0,0,0,0,0.296,0.0802,0.14,0.38
48105,0,0,0,0.11,0.38,0.7,0.83,0.83,0.38,0.05,0,0,0,0,0,0,0.03,0.09,0.09,0.08,0.01,0,0,0,0.03,0.02,0,0,0,0,0,0,0,0,0,0.02,0,0,0,0,0,0,0,0,0,0,0,0,0.15,0.00256,0.0951,0.468
48107,0,0,0.01,0.07,0.29,0.57,0.75,0.7,0.28,0.05,0,0,0,0,0,0,0.04,0.1,0.1,0.06,0.01,0,0,0,0.12,0.07,0.02,0,0,0,0,0,0,0,0.02,0.09,0,0,0,0,0,0,0,0,0,0,0,0,0.219,0.0179,0.117,0.24
48109,0,0,0,0.03,0.36,0.77,0.73,0.67,0.26,0.03,0,0,0,0,0,0,0.01,0.15,0.07,0.04,0,0,0,0,0.05,0.02,0.01,0,0,0,0,0,0,0,0.01,0.04,0,0,0,0,0,0,0,0,0,0,0,0,0.144,0.0106,0.188,0.224
48111,0,0,0,0.01,0.13,0.46,0.67,0.52,0.19,0.01,0,0,0,0,0,0,0,0.05,0.06,0.01,0,0,0,0,0.4,0.3,0.09,0.01,0,0,0,0,0,0.01,0.12,0.38,0,0.01,0,0,0,0,0,0,0,0,0,0.01,0.0772,0.139,0.0785,0.0674
48113,0,0,0,0.01,0.13,0.64,0.89,0.86,0.47,0.06,0,0,0,0,0,0,0,0.02,0.16,0.23,0.03,0,0,0,0.03,0.02,0,0,0,0,0,0,0,0,0,0.02,0,0,0,0,0,0,0,0,0,0,0,0,0.0205,0.321,0.0485,0.286
48115,0,0,0.01,0.09,0.37,0.66,0.81,0.74,0.31,0.05,0,0,0,0,0,0,0.04,0.14,0.12,0.09,0.02,0,0,0,0.08,0.05,0.02,0,0,0,0,0,0,0,0.01,0.06,0,0,0,0,0,0,0,0,0,0,0,0,0.213,0.181,0.132,0.322
48117,0,0,0,0.01,0.18,0.51,0.65,0.54,0.19,0.01,0,0,0,0,0,0,0,0.06,0.05,0.02,0,0,0,0,0.32,0.21,0.07,0.01,0,0,0,0,0,0.01,0.09,0.26,0,0.01,0,0,0,0,0,0,0,0,0,0,0.0598,0.0886,0.0995,0.091
48119,0,0,0,0,0.07,0.49,0.82,0.77,0.42,0.05,0,0,0,0,0,0,0,0.01,0.11,0.18,0.03,0,0,0,0.07,0.02,0.01,0,0,0,0,0,0,0,0,0.03,0,0,0,0,0,0,0,0,0,0,0,0,0.0422,0.313,0.0551,0.21
48121,0,0,0,0.01,0.12,0.62,0.88,0.84,0.43,0.05,0,0,0,0,0,0,0,0.02,0.18,0.25,0.03,0,0,0,0.05,0.02,0,0,0,0,0,0,0,0,0,0.03,0,0,0,0,0,0,0,0,0,0,0,0,0.0173,0.694,0.0505,0.296
48123,0,0,0,0.04,0.3,0.77,0.9,0.93,0.63,0.17,0,0,0,0,0,0,0,0.03,0.13,0.2,0.03,0,0,0,0,0,0,0,0,0,0,0,0,0,0,0,0,0,0,0,0,0,0,0,0,0,0,0,0.0698,0.172,0.0481,0.236
48125,0,0,0.02,0.09,0.31,0.61,0.82,0.77,0.35,0.07,0,0,0,0,0,0,0.05,0.12,0.21,0.15,0.02,0,0,0,0.1,0.07,0.02,0,0,0,0,0,0,0,0.01,0.07,0,0,0,0,0,0,0,0,0,0,0,0,0.153,0.0209,0.104,0.267
48127,0,0.02,0.08,0.3,0.62,0.92,0.94,0.97,0.72,0.27,0.01,0,0,0,0,0.02,0.08,0.25,0.43,0.5,0.08,0,0,0,0,0,0,0,0,0,0,0,0,0,0,0,0,0,0,0,0,0,0,0,0,0,0,0,0.303,0.0461,0.072,0.42
48129,0,0,0.01,0.05,0.23,0.53,0.8,0.71,0.31,0.05,0,0,0,0,0,0,0.02,0.09,0.18,0.13,0.02,0,0,0,0.19,0.13,0.04,0,0,0,0,0,0,0,0.04,0.15,0,0,0,0,0,0,0,0,0,0,0,0,0.0884,0.0333,0.0874,0.0675
48131,0,0.02,0.05,0.26,0.58,0.9,0.94,0.96,0.69,0.28,0.01,0,0,0,0,0,0.03,0.12,0.29,0.3,0.04,0,0,0,0,0,0,0,0,0,0,0,0,0,0,0,0,0,0,0,0,0,0,0,0,0,0,0,0.135,0.319,0.0808,0.305
48133,0,0,0.01,0.05,0.22,0.57,0.86,0.82,0.42,0.06,0,0,0,0,0,0,0,0.06,0.15,0.2,0.03,0,0,0,0.06,0.03,0.01,0,0,0,0,0,0,0,0,0.04,0,0,0,0,0,0,0,0,0,0,0,0,0.0437,0.329,0.0536,0.423
48135,0,0,0.01,0.14,0.47,0.8,0.86,0.82,0.39,0.08,0,0,0,0,0,0,0.07,0.21,0.19,0.14,0.02,0,0,0,0.04,0.03,0.01,0,0,0,0,0,0,0,0.01,0.03,0,0,0,0,0,0,0,0,0,0,0,0,0.0792,0.518,0.141,0.359
48137,0,0,0,0.05,0.22,0.53,0.73,0.79,0.33,0.03,0,0,0,0,0,0,0,0.03,0.03,0.04,0.01,0,0,0,0.02,0.01,0,0,0,0,0,0,0,0,0,0.01,0,0,0,0,0,0,0,0,0,0,0,0,0.0442,0.305,0.0585,0.499
48139,0,0,0,0.01,0.13,0.62,0.89,0.87,0.48,0.06,0,0,0,0,0,0,0,0.02,0.14,0.2,0.02,0,0,0,0.03,0.02,0,0,0,0,0,0,0,0,0,0.01,0,0,0,0,0,0,0,0,0,0,0,0,0.0868,0.363,0.0466,0.279
48141,0,0,0,0.05,0.41,0.91,0.87,0.8,0.43,0.05,0,0,0,0,0,0,0.02,0.27,0.21,0.08,0,0,0,0,0.02,0.02,0,0,0,0,0,0,0,0,0,0.03,0,0,0,0,0,0,0,0,0,0,0,0,0.27,0,0.225,0.0463
48143,0,0,0,0.03,0.18,0.57,0.86,0.83,0.42,0.06,0,0,0,0,0,0,0,0.04,0.14,0.21,0.02,0,0,0,0.05,0.03,0.01,0,0,0,0,0,0,0,0,0.03,0,0,0,0,0,0,0,0,0,0,0,0,0.037,0.327,0.0495,0.39
48145,0,0,0,0.02,0.15,0.65,0.9,0.9,0.57,0.1,0,0,0,0,0,0,0,0.03,0.13,0.2,0.04,0,0,0,0.02,0.01,0,0,0,0,0,0,0,0,0,0,0,0,0,0,0,0,0,0,0,0,0,0,0.048,0.26,0.0433,0.25
48147,0,0,0,0,0.07,0.47,0.8,0.76,0.37,0.04,0,0,0,0,0,0,0,0,0.11,0.17,0.03,0,0,0,0.08,0.03,0.01,0,0,0,0,0,0,0,0,0.04,0,0,0,0,0,0,0,0,0,0,0,0,0.0507,0.227,0.0531,0.228
48149,0,0,0,0.03,0.23,0.7,0.9,0.92,0.61,0.13,0,0,0,0,0,0,0,0.03,0.11,0.16,0.03,0,0,0,0.01,0,0,0,0,0,0,0,0,0,0,0,0,0,0,0,0,0,0,0,0,0,0,0,0.0361,0.418,0.0433,0.216
48151,0,0,0.02,0.11,0.35,0.66,0.88,0.81,0.42,0.08,0,0,0,0,0,0,0.05,0.12,0.25,0.21,0.03,0,0,0,0.07,0.04,0.01,0,0,0,0,0,0,0,0,0.04,0,0,0,0,0,0,0,0,0,0,0,0,0.585,0.0574,0.0902,0.402
48153,0,0,0.01,0.05,0.25,0.51,0.71,0.64,0.25,0.04,0,0,0,0,0,0,0.02,0.08,0.08,0.05,0.01,0,0,0,0.17,0.11,0.03,0,0,0,0,0,0,0,0.04,0.13,0,0,0,0,0,0,0,0,0,0,0,0,0.0451,0.00508,0.11,0.177
48155,0,0,0.01,0.08,0.32,0.69,0.88,0.84,0.45,0.09,0,0,0,0,0,0,0.05,0.15,0.35,0.33,0.05,0,0,0,0.1,0.06,0.02,0,0,0,0,0,0,0,0.01,0.06,0,0,0,0,0,0,0,0,0,0,0,0,0.0836,0,0.0734,0.253
48157,0,0,0,0,0.18,0.7,0.88,0.9,0.57,0.12,0,0,0,0,0,0,0,0.01,0.01,0.05,0.01,0,0,0,0,0,0,0,0,0,0,0,0,0,0,0,0,0,0,0,0,0,0,0,0,0,0,0,0.144,0.23,0.0396,0.154
48159,0,0,0,0,0.07,0.48,0.8,0.78,0.42,0.04,0,0,0,0,0,0,0,0,0.1,0.16,0.03,0,0,0,0.05,0.02,0.01,0,0,0,0,0,0,0,0,0.02,0,0,0,0,0,0,0,0,0,0,0,0,0.0263,0.075,0.0572,0.183
48161,0,0,0,0.01,0.12,0.57,0.87,0.87,0.51,0.07,0,0,0,0,0,0,0,0.02,0.1,0.13,0.02,0,0,0,0.03,0.01,0,0,0,0,0,0,0,0,0,0.01,0,0,0,0,0,0,0,0,0,0,0,0,0.063,0.196,0.0439,0.209
48163,0,0.02,0.04,0.19,0.49,0.87,0.94,0.95,0.7,0.24,0,0,0,0,0,0.01,0.03,0.14,0.31,0.36,0.07,0,0,0,0,0,0,0,0,0,0,0,0,0,0,0,0,0,0,0,0,0,0,0,0,0,0,0,0.0767,0.403,0.0634,0.415
48165,0,0,0,0.06,0.35,0.68,0.79,0.72,0.3,0.04,0,0,0,0,0,0,0.04,0.15,0.12,0.07,0.01,0,0,0,0.09,0.05,0.02,0,0,0,0,0,0,0,0.02,0.08,0,0,0,0,0,0,0,0,0,0,0,0,0.281,0.0427,0.136,0.301
48167,0,0,0,0,0.02,0.28,0.6,0.67,0.25,0.01,0,0,0,0,0,0,0,0,0,0.01,0,0,0,0,0,0,0,0,0,0,0,0,0,0,0,0,0,0,0,0,0,0,0,0,0,0,0,0,0.0181,0.11,0.0366,0.119
48169,0,0,0.01,0.12,0.36,0.66,0.84,0.78,0.35,0.08,0,0,0,0,0,0,0.06,0.14,0.18,0.14,0.02,0,0,0,0.08,0.05,0.02,0,0,0,0,0,0,0,0.01,0.05,0,0,0,0,0,0,0,0,0,0,0,0,0.231,0.0263,0.121,0.295
48171,0,0,0,0.03,0.18,0.55,0.78,0.83,0.38,0.04,0,0,0,0,0,0,0,0.02,0.05,0.06,0.01,0,0,0,0.02,0.01,0,0,0,0,0,0,0,0,0,0.01,0,0,0,0,0,0,0,0,0,0,0,0,0.0159,0.358,0.0514,0.409
48173,0,0,0.01,0.12,0.39,0.69,0.83,0.77,0.33,0.06,0,0,0,0,0,0,0.05,0.13,0.12,0.1,0.02,0,0,0,0.05,0.03,0.01,0,0,0,0,0,0,0,0.01,0.03,0,0,0,0,0,0,0,0,0,0,0,0,0.0957,0.393,0.124,0.396
48175,0,0,0.01,0.05,0.35,0.8,0.91,0.94,0.67,0.19,0,0,0,0,0,0,0,0.02,0.09,0.16,0.02,0,0,0,0,0,0,0,0,0,0,0,0,0,0,0,0,0,0,0,0,0,0,0,0,0,0,0,0.135,0.401,0.0513,0.239
48177,0,0,0,0.05,0.29,0.77,0.91,0.93,0.63,0.16,0,0,0,0,0,0,0,0.04,0.14,0.23,0.04,0,0,0,0.01,0,0,0,0,0,0,0,0,0,0,0,0,0,0,0,0,0,0,0,0,0,0,0,0.111,0.0368,0.047,0.247
48179,0,0,0,0.03,0.18,0.47,0.72,0.63,0.25,0.03,0,0,0,0,0,0,0.01,0.06,0.12,0.09,0.02,0,0,0,0.26,0.17,0.05,0,0,0,0,0,0,0,0.05,0.2,0,0.01,0,0,0,0,0,0,0,0,0,0,0.0159,0.0132,0.0824,0.0459
48181,0,0,0,0,0.08,0.46,0.81,0.77,0.35,0.04,0,0,0,0,0,0,0,0,0.11,0.17,0.02,0,0,0,0.07,0.03,0.01,0,0,0,0,0,0,0,0,0.04,0,0,0,0,0,0,0,0,0,0,0,0,0.073,0.328,0.0519,0.253
48183,0,0,0,0.01,0.1,0.56,0.83,0.81,0.46,0.04,0,0,0,0,0,0,0,0.02,0.1,0.13,0.02,0,0,0,0.03,0.01,0,0,0,0,0,0,0,0,0,0.01,0,0,0,0,0,0,0,0,0,0,0,0,0.0438,0.0103,0.0517,0.142
48185,0,0,0,0.02,0.19,0.68,0.88,0.9,0.55,0.09,0,0,0,0,0,0,0,0.03,0.08,0.12,0.02,0,0,0,0.01,0,0,0,0,0,0,0,0,0,0,0,0,0,0,0,0,0,0,0,0,0,0,0,0.0709,0.147,0.0406,0.173
48187,0,0.01,0.01,0.06,0.31,0.76,0.91,0.93,0.63,0.14,0,0,0,0,0,0,0,0.05,0.15,0.24,0.04,0,0,0,0.01,0,0,0,0,0,0,0,0,0,0,0,0,0,0,0,0,0,0,0,0,0,0,0,0.0879,0.286,0.0487,0.283
48189,0,0,0,0.04,0.25,0.55,0.69,0.61,0.24,0.03,0,0,0,0,0,0,0.02,0.08,0.06,0.04,0.01,0,0,0,0.2,0.12,0.04,0,0,0,0,0,0,0,0.04,0.15,0,0,0,0,0,0,0,0,0,0,0,0,0.078,0.0556,0.115,0.18
48191,0,0,0.01,0.1,0.31,0.67,0.87,0.8,0.41,0.09,0,0,0,0,0,0,0.06,0.15,0.32,0.26,0.04,0,0,0,0.14,0.09,0.02,0,0,0,0,0,0,0,0.02,0.09,0,0,0,0,0,0,0,0,0,0,0,0,0.176,0.025,0.0889,0.131
48193,0,0,0,0.03,0.18,0.59,0.86,0.85,0.45,0.06,0,0,0,0,0,0,0,0.03,0.12,0.19,0.02,0,0,0,0.04,0.02,0,0,0,0,0,0,0,0,0,0.02,0,0,0,0,0,0,0,0,0,0,0,0,0.148,0.267,0.0474,0.367
48195,0,0,0,0.02,0.19,0.54,0.77,0.65,0.26,0.03,0,0,0,0,0,0,0.01,0.07,0.16,0.08,0.02,0,0,0,0.32,0.23,0.06,0,0,0,0,0,0,0.01,0.07,0.25,0,0.01,0,0,0,0,0,0,0,0,0,0.01,0.0738,0.021,0.0812,0.0443
48197,0,0,0.01,0.07,0.3,0.7,0.89,0.83,0.43,0.08,0,0,0,0,0,0,0.05,0.15,0.35,0.32,0.05,0,0,0,0.12,0.07,0.02,0,0,0,0,0,0,0,0.01,0.07,0,0,0,0,0,0,0,0,0,0,0,0,0.12,0.259,0.0725,0.205
48199,0,0,0,0,0.12,0.61,0.8,0.82,0.49,0.05,0,0,0,0,0,0,0,0.01,0.01,0.03,0.01,0,0,0,0.01,0,0,0,0,0,0,0,0,0,0,0,0,0,0,0,0,0,0,0,0,0,0,0,0.0361,0.0407,0.0375,0.0964
48201,0,0,0,0,0.13,0.65,0.86,0.87,0.53,0.07,0,0,0,0,0,0,0,0.01,0.01,0.05,0.01,0,0,0,0,0,0,0,0,0,0,0,0,0,0,0,0,0,0,0,0,0,0,0,0,0,0,0,0.0172,0.0872,0.0385,0.137
48203,0,0,0,0.01,0.11,0.54,0.82,0.8,0.43,0.04,0,0,0,0,0,0,0,0.02,0.08,0.12,0.02,0,0,0,0.03,0.01,0,0,0,0,0,0,0,0,0,0,0,0,0,0,0,0,0,0,0,0,0,0,0.0246,0.00799,0.0551,0.113
48205,0,0,0,0.01,0.15,0.5,0.7,0.56,0.21,0.02,0,0,0,0,0,0,0,0.06,0.07,0.02,0,0,0,0,0.35,0.24,0.08,0.01,0,0,0,0,0,0.01,0.09,0.32,0,0.01,0,0,0,0,0,0,0,0,0,0.01,0.0359,0.131,0.0845,0.0658
48207,0,0,0.01,0.1,0.33,0.68,0.89,0.85,0.46,0.1,0,0,0,0,0,0,0.05,0.13,0.32,0.3,0.04,0,0,0,0.07,0.05,0.01,0,0,0,0,0,0,0,0,0.05,0,0,0,0,0,0,0,0,0,0,0,0,0.103,0.381,0.0705,0.367
48209,0,0,0,0.04,0.24,0.69,0.88,0.91,0.52,0.08,0,0,0,0,0,0,0,0.03,0.1,0.17,0.03,0,0,0,0.01,0.01,0,0,0,0,0,0,0,0,0,0,0,0,0,0,0,0,0,0,0,0,0,0,0.0783,0.515,0.0475,0.298
48211,0,0,0,0.03,0.17,0.49,0.77,0.67,0.28,0.04,0,0,0,0,0,0,0.01,0.06,0.18,0.12,0.02,0,0,0,0.28,0.2,0.06,0,0,0,0,0,0,0,0.06,0.24,0,0.01,0,0,0,0,0,0,0,0,0,0,0.0311,0.0216,0.0749,0.0315
48213,0,0,0,0.01,0.1,0.54,0.85,0.84,0.47,0.06,0,0,0,0,0,0,0,0.01,0.1,0.15,0.02,0,0,0,0.03,0.01,0.01,0,0,0,0,0,0,0,0,0.01,0,0,0,0,0,0,0,0,0,0,0,0,0.0634,0.203,0.0464,0.206
48215,0,0.04,0.12,0.35,0.7,0.94,0.96,0.97,0.77,0.45,0.06,0,0,0,0,0.01,0.01,0.09,0.23,0.4,0.05,0,0,0,0,0,0,0,0,0,0,0,0,0,0,0,0,0,0,0,0,0,0,0,0,0,0,0,0.0786,0,0.0957,0.121
48217,0,0,0,0.02,0.14,0.64,0.89,0.87,0.49,0.07,0,0,0,0,0,0,0,0.03,0.13,0.19,0.03,0,0,0,0.03,0.01,0,0,0,0,0,0,0,0,0,0.01,0,0,0,0,0,0,0,0,0,0,0,0,0.0594,0.352,0.0454,0.292
48219,0,0,0,0.05,0.31,0.62,0.73,0.64,0.27,0.04,0,0,0,0,0,0,0.03,0.12,0.08,0.04,0.01,0,0,0,0.16,0.08,0.02,0,0,0,0,0,0,0,0.03,0.12,0,0,0,0,0,0,0,0,0,0,0,0,0.0751,0.0367,0.124,0.23
48221,0,0,0,0.03,0.19,0.65,0.88,0.85,0.45,0.08,0,0,0,0,0,0,0,0.04,0.19,0.25,0.03,0,0,0,0.04,0.02,0,0,0,0,0,0,0,0,0,0.02,0,0,0,0,0,0,0,0,0,0,0,0,0.0941,0.603,0.0485,0.36
48223,0,0,0,0,0.07,0.47,0.8,0.77,0.42,0.05,0,0,0,0,0,0,0,0,0.1,0.16,0.02,0,0,0,0.05,0.02,0.01,0,0,0,0,0,0,0,0,0.02,0,0,0,0,0,0,0,0,0,0,0,0,0.0241,0.111,0.0546,0.207
48225,0,0,0,0.01,0.15,0.61,0.87,0.87,0.51,0.06,0,0,0,0,0,0,0,0.03,0.1,0.11,0.02,0,0,0,0.02,0.01,0,0,0,0,0,0,0,0,0,0,0,0,0,0,0,0,0,0,0,0,0,0,0.0295,0.127,0.0424,0.155
48227,0,0,0.01,0.12,0.39,0.68,0.85,0.78,0.35,0.07,0,0,0,0,0,0,0.04,0.14,0.15,0.12,0.02,0,0,0,0.05,0.03,0.01,0,0,0,0,0,0,0,0,0.03,0,0,0,0,0,0,0,0,0,0,0,0,0.153,0.462,0.126,0.373
48229,0,0,0,0.03,0.35,0.83,0.76,0.68,0.27,0.02,0,0,0,0,0,0,0.01,0.15,0.08,0.03,0,0,0,0,0.07,0.03,0,0,0,0,0,0,0,0,0.01,0.07,0,0,0,0,0,0,0,0,0,0,0,0,0.192,0.0108,0.215,0.127
48231,0,0,0,0,0.07,0.48,0.83,0.78,0.4,0.05,0,0,0,0,0,0,0,0.01,0.1,0.17,0.02,0,0,0,0.06,0.02,0.01,0,0,0,0,0,0,0,0,0.02,0,0,0,0,0,0,0,0,0,0,0,0,0.0254,0.352,0.0518,0.241
48233,0,0,0,0.03,0.22,0.56,0.8,0.69,0.27,0.04,0,0,0,0,0,0,0.02,0.09,0.18,0.1,0.02,0,0,0,0.22,0.17,0.04,0,0,0,0,0,0,0,0.04,0.19,0,0,0,0,0,0,0,0,0,0,0,0,0.0781,0.0176,0.0843,0.0467
48235,0,0.01,0.02,0.12,0.38,0.69,0.85,0.79,0.37,0.05,0,0,0,0,0,0,0.04,0.11,0.12,0.11,0.02,0,0,0,0.06,0.03,0.01,0,0,0,0,0,0,0,0.01,0.03,0,0,0,0,0,0,0,0,0,0,0,0,0.101,0.487,0.0889,0.46
48237,0,0,0.01,0.04,0.2,0.6,0.88,0.83,0.43,0.07,0,0,0,0,0,0,0,0.06,0.22,0.28,0.03,0,0,0,0.07,0.03,0.01,0,0,0,0,0,0,0,0,0.05,0,0,0,0,0,0,0,0,0,0,0,0,0.11,0.0807,0.0534,0.337
48239,0,0,0,0.01,0.13,0.66,0.88,0.91,0.57,0.13,0,0,0,0,0,0,0,0.01,0,0.03,0.01,0,0,0,0,0,0,0,0,0,0,0,0,0,0,0,0,0,0,0,0,0,0,0,0,0,0,0,0.104,0.165,0.0446,0.192
48241,0,0,0,0,0.11,0.56,0.78,0.82,0.45,0.05,0,0,0,0,0,0,0,0.01,0.02,0.05,0.01,0,0,0,0.01,0.01,0,0,0,0,0,0,0,0,0,0,0,0,0,0,0,0,0,0,0,0,0,0,0,0,0.0388,0.081
48243,0,0,0,0.01,0.27,0.62,0.48,0.41,0.12,0.01,0,0,0,0,0,0,0,0.04,0.01,0,0,0,0,0,0.05,0.03,0.01,0,0,0,0,0,0,0,0.01,0.05,0,0,0,0,0,0,0,0,0,0,0,0,0.0414,0.31,0.184,0.273
48245,0,0,0,0,0.05,0.47,0.72,0.75,0.37,0.02,0,0,0,0,0,0,0,0,0,0.01,0.01,0,0,0,0,0,0,0,0,0,0,0,0,0,0,0,0,0,0,0,0,0,0,0,0,0,0,0,0.0136,0.022,0.0349,0.0901
48247,0,0.03,0.1,0.33,0.67,0.93,0.95,0.96,0.72,0.35,0.03,0,0,0,0,0.01,0.05,0.17,0.35,0.39,0.04,0,0,0,0,0,0,0,0,0,0,0,0,0,0,0,0,0,0,0,0,0,0,0,0,0,0,0,0.184,0.0317,0.0927,0.22
48249,0,0.02,0.04,0.2,0.52,0.89,0.94,0.96,0.72,0.3,0.01,0,0,0,0,0,0.01,0.06,0.21,0.26,0.03,0,0,0,0,0,0,0,0,0,0,0,0,0,0,0,0,0,0,0,0,0,0,0,0,0,0,0,0.079,0.411,0.0738,0.28
48251,0,0,0,0.02,0.15,0.61,0.87,0.84,0.44,0.06,0,0,0,0,0,0,0,0.03,0.14,0.19,0.02,0,0,0,0.03,0.02,0,0,0,0,0,0,0,0,0,0.02,0,0,0,0,0,0,0,0,0,0,0,0,0.105,0.446,0.0471,0.323
48253,0,0,0.02,0.1,0.33,0.66,0.89,0.82,0.45,0.08,0,0,0,0,0,0,0.05,0.11,0.25,0.24,0.04,0,0,0,0.06,0.04,0.01,0,0,0,0,0,0,0,0,0.04,0,0,0,0,0,0,0,0,0,0,0,0,0.226,0.405,0.072,0.413
48255,0,0.01,0.01,0.08,0.36,0.79,0.91,0.94,0.65,0.18,0,0,0,0,0,0,0,0.05,0.16,0.23,0.04,0,0,0,0,0,0,0,0,0,0,0,0,0,0,0,0,0,0,0,0,0,0,0,0,0,0,0,0.0838,0.25,0.0522,0.271
48257,0,0,0,0,0.09,0.54,0.86,0.84,0.45,0.06,0,0,0,0,0,0,0,0.01,0.11,0.19,0.02,0,0,0,0.03,0.02,0.01,0,0,0,0,0,0,0,0,0.01,0,0,0,0,0,0,0,0,0,0,0,0,0.0461,0.24,0.0482,0.25
48259,0,0,0,0.03,0.19,0.56,0.8,0.86,0.43,0.05,0,0,0,0,0,0,0,0.02,0.04,0.06,0.01,0,0,0,0.02,0.01,0,0,0,0,0,0,0,0,0,0,0,0,0,0,0,0,0,0,0,0,0,0,0.0256,0.422,0.0514,0.37
48261,0,0.01,0.03,0.14,0.43,0.87,0.91,0.95,0.68,0.26,0.01,0,0,0,0,0,0,0.01,0.03,0.04,0.02,0,0,0,0,0,0,0,0,0,0,0,0,0,0,0,0,0,0,0,0,0,0,0,0,0,0,0,0.182,0,0.0905,0.187
48263,0,0,0.02,0.13,0.36,0.67,0.86,0.81,0.41,0.09,0,0,0,0,0,0,0.07,0.14,0.26,0.21,0.03,0,0,0,0.08,0.05,0.01,0,0,0,0,0,0,0,0.01,0.05,0,0,0,0,0,0,0,0,0,0,0,0,0.458,0.11,0.106,0.332
48265,0,0,0,0.04,0.19,0.52,0.75,0.81,0.35,0.03,0,0,0,0,0,0,0,0.02,0.04,0.04,0.01,0,0,0,0.03,0.02,0,0,0,0,0,0,0,0,0,0.01,0,0,0,0,0,0,0,0,0,0,0,0,0.0198,0.544,0.054,0.46
48267,0,0.01,0,0.06,0.25,0.6,0.81,0.81,0.37,0.05,0,0,0,0,0,0,0.01,0.04,0.07,0.09,0.01,0,0,0,0.03,0.03,0.01,0,0,0,0,0,0,0,0,0.02,0,0,0,0,0,0,0,0,0,0,0,0,0.131,0.236,0.0541,0.485
48269,0,0,0.02,0.11,0.34,0.68,0.88,0.83,0.45,0.09,0,0,0,0,0,0,0.06,0.15,0.31,0.29,0.04,0,0,0,0.09,0.06,0.02,0,0,0,0,0,0,0,0.01,0.06,0,0,0,0,0,0,0,0,0,0,0,0,0.202,0.00933,0.0843,0.294
48271,0,0.01,0.03,0.15,0.39,0.79,0.89,0.91,0.57,0.11,0,0,0,0,0,0.01,0.03,0.09,0.21,0.21,0.04,0,0,0,0,0,0,0,0,0,0,0,0,0,0,0,0,0,0,0,0,0,0,0,0,0,0,0,0.146,0.217,0.0631,0.497
48273,0,0,0.02,0.08,0.33,0.82,0.89,0.93,0.64,0.19,0.01,0,0,0,0,0,0,0.01,0.01,0.02,0.01,0,0,0,0,0,0,0,0,0,0,0,0,0,0,0,0,0,0,0,0,0,0,0,0,0,0,0,0.394,0.0185,0.075,0.237
48275,0,0,0.01,0.1,0.34,0.7,0.89,0.86,0.46,0.11,0,0,0,0,0,0.01,0.06,0.15,0.34,0.33,0.05,0,0,0,0.08,0.05,0.01,0,0,0,0,0,0,0,0.01,0.05,0,0,0,0,0,0,0,0,0,0,0,0,0.121,0.153,0.0714,0.308
48277,0,0,0,0,0.06,0.46,0.79,0.75,0.39,0.04,0,0,0,0,0,0,0,0.01,0.11,0.17,0.03,0,0,0,0.08,0.02,0.01,0,0,0,0,0,0,0,0,0.04,0,0,0,0,0,0,0,0,0,0,0,0,0.05,0.205,0.0565,0.195
48279,0,0,0,0.04,0.25,0.58,0.69,0.59,0.24,0.03,0,0,0,0,0,0,0.02,0.09,0.07,0.04,0,0,0,0,0.23,0.14,0.04,0,0,0,0,0,0,0.01,0.05,0.18,0,0,0,0,0,0,0,0,0,0,0,0,0.0316,0.0637,0.117,0.178
48281,0,0,0,0.04,0.21,0.65,0.88,0.87,0.48,0.07,0,0,0,0,0,0,0,0.04,0.13,0.19,0.03,0,0,0,0.03,0.02,0,0,0,0,0,0,0,0,0,0.01,0,0,0,0,0,0,0,0,0,0,0,0,0.104,0.634,0.0472,0.358
48283,0,0.02,0.06,0.28,0.61,0.91,0.95,0.96,0.74,0.3,0.01,0,0,0,0,0.01,0.07,0.21,0.4,0.45,0.07,0,0,0,0,0,0,0,0,0,0,0,0,0,0,0,0,0,0,0,0,0,0,0,0,0,0,0,0.132,0.356,0.0715,0.39
48285,0,0,0,0.03,0.24,0.71,0.89,0.92,0.61,0.16,0,0,0,0,0,0,0,0.02,0.09,0.16,0.03,0,0,0,0.01,0,0,0,0,0,0,0,0,0,0,0,0,0,0,0,0,0,0,0,0,0,0,0,0.0949,0.216,0.0446,0.212
48287,0,0,0,0.03,0.22,0.71,0.91,0.92,0.6,0.12,0,0,0,0,0,0,0,0.03,0.11,0.19,0.03,0,0,0,0.01,0.01,0,0,0,0,0,0,0,0,0,0,0,0,0,0,0,0,0,0,0,0,0,0,0.0905,0.303,0.0429,0.228
48289,0,0,0,0.01,0.14,0.6,0.87,0.88,0.51,0.07,0,0,0,0,0,0,0,0.03,0.1,0.11,0.02,0,0,0,0.03,0.01,0,0,0,0,0,0,0,0,0,0,0,0,0,0,0,0,0,0,0,0,0,0,0.0639,0.176,0.0424,0.188
48291,0,0,0,0,0.12,0.63,0.82,0.84,0.49,0.05,0,0,0,0,0,0,0,0.01,0,0.03,0.01,0,0,0,0,0,0,0,0,0,0,0,0,0,0,0,0,0,0,0,0,0,0,0,0,0,0,0,0.0498,0.137,0.0378,0.114
48293,0,0,0,0.02,0.12,0.59,0.87,0.87,0.52,0.07,0,0,0,0,0,0,0,0.03,0.1,0.14,0.03,0,0,0,0.03,0.01,0,0,0,0,0,0,0,0,0,0.01,0,0,0,0,0,0,0,0,0,0,0,0,0.0558,0.197,0.0436,0.235
48295,0,0,0,0.02,0.15,0.46,0.75,0.65,0.26,0.03,0,0,0,0,0,0,0.01,0.05,0.16,0.11,0.03,0,0,0,0.34,0.24,0.07,0,0,0,0,0,0,0.01,0.08,0.27,0,0.01,0,0,0,0,0,0,0,0,0,0.01,0.129,0.0257,0.0734,0.0278
48297,0,0.01,0.02,0.14,0.44,0.84,0.91,0.95,0.7,0.22,0.01,0,0,0,0,0,0,0.06,0.18,0.26,0.04,0,0,0,0,0,0,0,0,0,0,0,0,0,0,0,0,0,0,0,0,0,0,0,0,0,0,0,0.101,0.407,0.0612,0.293
48299,0,0.01,0.01,0.07,0.27,0.74,0.91,0.91,0.52,0.09,0,0,0,0,0,0,0,0.05,0.16,0.22,0.03,0,0,0,0.02,0.02,0,0,0,0,0,0,0,0,0,0.01,0,0,0,0,0,0,0,0,0,0,0,0,0.0316,0.71,0.0493,0.388
48301,0,0,0.03,0.22,0.58,0.91,0.93,0.88,0.53,0.15,0,0,0,0,0,0,0.12,0.39,0.37,0.23,0.04,0,0,0,0.05,0.02,0.01,0,0,0,0,0,0,0,0.01,0.04,0,0,0,0,0,0,0,0,0,0,0,0,0.347,0.119,0.158,0.3
48303,0,0,0.01,0.07,0.3,0.6,0.73,0.66,0.29,0.05,0,0,0,0,0,0,0.03,0.11,0.08,0.05,0.01,0,0,0,0.14,0.08,0.02,0,0,0,0,0,0,0,0.03,0.11,0,0,0,0,0,0,0,0,0,0,0,0,0.214,0.0186,0.122,0.235
48305,0,0,0.01,0.07,0.33,0.63,0.77,0.7,0.29,0.05,0,0,0,0,0,0,0.03,0.12,0.1,0.06,0.01,0,0,0,0.09,0.06,0.02,0,0,0,0,0,0,0,0.02,0.07,0,0,0,0,0,0,0,0,0,0,0,0,0.092,0.104,0.127,0.284
48307,0,0.01,0.01,0.08,0.28,0.66,0.86,0.83,0.43,0.08,0,0,0,0,0,0,0.01,0.06,0.13,0.17,0.02,0,0,0,0.04,0.02,0.01,0,0,0,0,0,0,0,0,0.02,0,0,0,0,0,0,0,0,0,0,0,0,0.151,0.442,0.0531,0.466
48309,0,0,0,0.02,0.15,0.64,0.89,0.89,0.54,0.08,0,0,0,0,0,0,0,0.03,0.13,0.19,0.04,0,0,0,0.02,0.01,0,0,0,0,0,0,0,0,0,0,0,0,0,0,0,0,0,0,0,0,0,0,0.074,0.443,0.0444,0.281
48311,0,0.02,0.04,0.2,0.51,0.88,0.92,0.95,0.72,0.26,0.01,0,0,0,0,0.01,0.02,0.13,0.29,0.37,0.05,0,0,0,0,0,0,0,0,0,0,0,0,0,0,0,0,0,0,0,0,0,0,0,0,0,0,0,0.169,0.387,0.0662,0.342
48313,0,0,0,0.02,0.17,0.65,0.88,0.89,0.53,0.08,0,0,0,0,0,0,0,0.03,0.1,0.12,0.02,0,0,0,0.01,0.01,0,0,0,0,0,0,0,0,0,0,0,0,0,0,0,0,0,0,0,0,0,0,0.0678,0.115,0.0414,0.177
48315,0,0,0,0.01,0.1,0.52,0.82,0.78,0.43,0.04,0,0,0,0,0,0,0,0.02,0.09,0.13,0.02,0,0,0,0.03,0.01,0,0,0,0,0,0,0,0,0,0.01,0,0,0,0,0,0,0,0,0,0,0,0,0.0619,0.0213,0.0592,0.115
48317,0,0,0.01,0.13,0.42,0.72,0.84,0.79,0.34,0.07,0,0,0,0,0,0,0.05,0.16,0.15,0.11,0.02,0,0,0,0.06,0.03,0.01,0,0,0,0,0,0,0,0.01,0.04,0,0,0,0,0,0,0,0,0,0,0,0,0.159,0.416,0.133,0.356
48319,0,0,0.01,0.07,0.26,0.7,0.88,0.86,0.45,0.07,0,0,0,0,0,0,0.01,0.06,0.12,0.17,0.02,0,0,0,0.03,0.02,0,0,0,0,0,0,0,0,0,0.02,0,0,0,0,0,0,0,0,0,0,0,0,0.0315,0.633,0.0521,0.455
48321,0,0,0,0,0.04,0.43,0.75,0.83,0.44,0.05,0,0,0,0,0,0,0,0,0,0,0,0,0,0,0,0,0,0,0,0,0,0,0,0,0,0,0,0,0,0,0,0,0,0,0,0,0,0,0.0619,0.146,0.0423,0.164
48323,0,0.02,0.07,0.28,0.57,0.89,0.93,0.96,0.71,0.23,0,0,0,0,0,0.01,0.07,0.23,0.39,0.46,0.07,0,0,0,0,0,0,0,0,0,0,0,0,0,0,0,0,0,0,0,0,0,0,0,0,0,0,0,0.152,0.319,0.0709,0.464
48325,0,0.01,0.02,0.12,0.37,0.78,0.9,0.92,0.6,0.14,0,0,0,0,0,0,0.01,0.07,0.17,0.23,0.04,0,0,0,0,0,0,0,0,0,0,0,0,0,0,0,0,0,0,0,0,0,0,0,0,0,0,0,0.0786,0.395,0.0575,0.422
48327,0,0,0.01,0.07,0.28,0.62,0.82,0.79,0.37,0.05,0,0,0,0,0,0,0.01,0.06,0.09,0.11,0.02,0,0,0,0.05,0.03,0.01,0,0,0,0,0,0,0,0.01,0.03,0,0,0,0,0,0,0,0,0,0,0,0,0.0576,0.435,0.0563,0.485
48329,0,0,0.01,0.14,0.45,0.77,0.85,0.82,0.38,0.07,0,0,0,0,0,0,0.06,0.18,0.17,0.11,0.02,0,0,0,0.04,0.03,0.01,0,0,0,0,0,0,0,0,0.03,0,0,0,0,0,0,0,0,0,0,0,0,0.0471,0.666,0.132,0.383
48331,0,0,0,0.03,0.19,0.68,0.9,0.92,0.6,0.1,0,0,0,0,0,0,0,0.03,0.12,0.2,0.04,0,0,0,0.02,0.01,0,0,0,0,0,0,0,0,0,0,0,0,0,0,0,0,0,0,0,0,0,0,0.0413,0.135,0.0428,0.24
48333,0,0,0,0.05,0.21,0.58,0.86,0.84,0.45,0.07,0,0,0,0,0,0,0,0.04,0.11,0.19,0.03,0,0,0,0.03,0.02,0.01,0,0,0,0,0,0,0,0,0.02,0,0,0,0,0,0,0,0,0,0,0,0,0.161,0.239,0.0494,0.408
48335,0,0,0.02,0.12,0.4,0.7,0.87,0.81,0.39,0.08,0,0,0,0,0,0,0.06,0.14,0.22,0.19,0.03,0,0,0,0.07,0.04,0.01,0,0,0,0,0,0,0,0,0.04,0,0,0,0,0,0,0,0,0,0,0,0,0.227,0.284,0.111,0.405
48337,0,0,0.01,0.02,0.14,0.54,0.85,0.82,0.39,0.04,0,0,0,0,0,0,0,0.04,0.2,0.24,0.04,0,0,0,0.09,0.04,0.01,0,0,0,0,0,0,0,0.01,0.05,0,0,0,0,0,0,0,0,0,0,0,0,0.0601,0.395,0.0532,0.288
48339,0,0,0,0.01,0.19,0.68,0.87,0.88,0.55,0.08,0,0,0,0,0,0,0,0.02,0.05,0.08,0.01,0,0,0,0.01,0,0,0,0,0,0,0,0,0,0,0,0,0,0,0,0,0,0,0,0,0,0,0,0.0621,0.128,0.0394,0.145
48341,0,0,0,0.02,0.19,0.54,0.75,0.63,0.24,0.03,0,0,0,0,0,0,0.01,0.08,0.13,0.06,0.01,0,0,0,0.28,0.21,0.06,0,0,0,0,0,0,0.01,0.05,0.22,0,0,0,0,0,0,0,0,0,0,0,0,0.1,0.0527,0.0881,0.0556
48343,0,0,0,0,0.08,0.48,0.78,0.76,0.41,0.03,0,0,0,0,0,0,0,0.01,0.08,0.13,0.02,0,0,0,0.04,0.01,0,0,0,0,0,0,0,0,0,0.01,0,0,0,0,0,0,0,0,0,0,0,0,0.0376,0.0123,0.0607,0.147
48345,0,0,0.02,0.1,0.31,0.62,0.84,0.78,0.37,0.07,0,0,0,0,0,0,0.06,0.13,0.24,0.17,0.03,0,0,0,0.12,0.08,0.02,0,0,0,0,0,0,0,0.02,0.07,0,0,0,0,0,0,0,0,0,0,0,0,0.263,0,0.0986,0.189
48347,0,0,0,0.01,0.15,0.58,0.84,0.83,0.45,0.05,0,0,0,0,0,0,0,0.03,0.07,0.11,0.02,0,0,0,0.02,0.01,0,0,0,0,0,0,0,0,0,0,0,0,0,0,0,0,0,0,0,0,0,0,0.0305,0.197,0.0444,0.116
48349,0,0,0,0.01,0.13,0.61,0.89,0.88,0.51,0.07,0,0,0,0,0,0,0,0.02,0.12,0.19,0.03,0,0,0,0.03,0.01,0,0,0,0,0,0,0,0,0,0.01,0,0,0,0,0,0,0,0,0,0,0,0,0.109,0.356,0.0453,0.245
48351,0,0,0,0,0.11,0.54,0.77,0.8,0.45,0.04,0,0,0,0,0,0,0,0.01,0.01,0.04,0.01,0,0,0,0.01,0.01,0,0,0,0,0,0,0,0,0,0,0,0,0,0,0,0,0,0,0,0,0,0,0.116,0,0.0383,0.0696
48353,0,0,0.01,0.09,0.31,0.58,0.84,0.76,0.34,0.05,0,0,0,0,0,0,0.03,0.09,0.12,0.13,0.02,0,0,0,0.06,0.04,0.01,0,0,0,0,0,0,0,0,0.04,0,0,0,0,0,0,0,0,0,0,0,0,0.2,0.27,0.0865,0.433
48355,0,0,0.01,0.07,0.35,0.82,0.91,0.94,0.67,0.2,0.01,0,0,0,0,0,0,0.01,0.01,0.02,0.01,0,0,0,0,0,0,0,0,0,0,0,0,0,0,0,0,0,0,0,0,0,0,0,0,0,0,0,0.113,0.263,0.0649,0.237
48357,0,0,0,0.02,0.16,0.48,0.74,0.64,0.24,0.03,0,0,0,0,0,0,0.01,0.06,0.15,0.09,0.02,0,0,0,0.31,0.23,0.06,0,0,0,0,0,0,0.01,0.07,0.26,0,0.01,0,0,0,0,0,0,0,0,0,0.01,0.154,0.0171,0.0767,0.0343
48359,0,0,0,0.02,0.2,0.56,0.74,0.62,0.24,0.02,0,0,0,0,0,0,0.01,0.1,0.09,0.04,0.01,0,0,0,0.3,0.19,0.06,0,0,0,0,0,0,0.01,0.07,0.25,0,0,0,0,0,0,0,0,0,0,0,0,0.0557,0.107,0.0913,0.0694
48361,0,0,0,0,0.07,0.54,0.75,0.79,0.45,0.04,0,0,0,0,0,0,0,0.01,0,0.02,0.01,0,0,0,0,0,0,0,0,0,0,0,0,0,0,0,0,0,0,0,0,0,0,0,0,0,0,0,0.0191,0.00774,0.035,0.0795
48363,0,0,0.01,0.05,0.24,0.64,0.89,0.85,0.47,0.09,0,0,0,0,0,0,0,0.07,0.24,0.31,0.03,0,0,0,0.05,0.03,0.01,0,0,0,0,0,0,0,0,0.03,0,0,0,0,0,0,0,0,0,0,0,0,0.0802,0.316,0.052,0.376
48365,0,0,0,0.01,0.12,0.57,0.82,0.81,0.44,0.04,0,0,0,0,0,0,0,0.02,0.07,0.11,0.02,0,0,0,0.03,0.01,0,0,0,0,0,0,0,0,0,0,0,0,0,0,0,0,0,0,0,0,0,0,0.0442,0.0107,0.0502,0.103
48367,0,0,0,0.02,0.18,0.61,0.88,0.83,0.42,0.07,0,0,0,0,0,0,0,0.04,0.18,0.24,0.03,0,0,0,0.05,0.02,0.01,0,0,0,0,0,0,0,0,0.03,0,0,0,0,0,0,0,0,0,0,0,0,0.0752,0.563,0.0499,0.351
48369,0,0,0,0.01,0.2,0.53,0.65,0.55,0.2,0.02,0,0,0,0,0,0,0,0.06,0.05,0.03,0,0,0,0,0.3,0.19,0.06,0,0,0,0,0,0,0.01,0.08,0.23,0,0.01,0,0,0,0,0,0,0,0,0,0,0.0703,0.0444,0.106,0.124
48371,0,0,0.01,0.14,0.49,0.81,0.82,0.82,0.39,0.07,0,0,0,0,0,0,0.05,0.16,0.1,0.08,0.01,0,0,0,0.03,0.02,0.01,0,0,0,0,0,0,0,0.01,0.02,0,0,0,0,0,0,0,0,0,0,0,0,0.225,0.254,0.141,0.386
48373,0,0,0,0.01,0.15,0.62,0.84,0.86,0.47,0.05,0,0,0,0,0,0,0,0.03,0.04,0.06,0.01,0,0,0,0.01,0.01,0,0,0,0,0,0,0,0,0,0,0,0,0,0,0,0,0,0,0,0,0,0,0.0253,0.0341,0.04,0.117
48375,0,0,0,0.02,0.21,0.55,0.76,0.65,0.25,0.03,0,0,0,0,0,0,0.01,0.09,0.12,0.06,0.01,0,0,0,0.26,0.19,0.05,0,0,0,0,0,0,0.01,0.05,0.21,0,0,0,0,0,0,0,0,0,0,0,0,0.107,0.0517,0.0939,0.063
48377,0,0,0.01,0.12,0.54,0.84,0.75,0.71,0.35,0.1,0,0,0,0,0,0,0.03,0.18,0.06,0.05,0,0,0,0,0.01,0.01,0,0,0,0,0,0,0,0,0,0.02,0,0,0,0,0,0,0,0,0,0,0,0,0.254,0.0232,0.195,0.256
48379,0,0,0,0,0.07,0.47,0.81,0.79,0.43,0.05,0,0,0,0,0,0,0,0.01,0.1,0.17,0.03,0,0,0,0.05,0.02,0.01,0,0,0,0,0,0,0,0,0.02,0,0,0,0,0,0,0,0,0,0,0,0,0.0985,0.337,0.0512,0.221
48381,0,0,0,0.02,0.2,0.51,0.7,0.6,0.22,0.02,0,0,0,0,0,0,0.01,0.06,0.07,0.04,0.01,0,0,0,0.27,0.19,0.06,0,0,0,0,0,0,0.01,0.06,0.2,0,0.01,0,0,0,0,0,0,0,0,0,0,0.0504,0.0627,0.101,0.0873
48383,0,0,0.01,0.12,0.4,0.71,0.84,0.79,0.35,0.05,0,0,0,0,0,0,0.04,0.12,0.11,0.08,0.01,0,0,0,0.05,0.03,0.01,0,0,0,0,0,0,0,0.01,0.03,0,0,0,0,0,0,0,0,0,0,0,0,0.164,0.285,0.115,0.426
48385,0,0,0.01,0.05,0.2,0.52,0.73,0.79,0.34,0.03,0,0,0,0,0,0,0,0.02,0.03,0.03,0.01,0,0,0,0.02,0.01,0,0,0,0,0,0,0,0,0,0.01,0,0,0,0,0,0,0,0,0,0,0,0,0.0745,0.404,0.0552,0.486
48387,0,0,0,0,0.05,0.44,0.77,0.75,0.39,0.03,0,0,0,0,0,0,0,0,0.09,0.14,0.03,0,0,0,0.08,0.02,0.01,0,0,0,0,0,0,0,0,0.03,0,0,0,0,0,0,0,0,0,0,0,0,0.0484,0.387,0.0611,0.163
48389,0,0,0.03,0.22,0.59,0.91,0.9,0.87,0.52,0.15,0,0,0,0,0,0,0.1,0.35,0.28,0.18,0.03,0,0,0,0.04,0.01,0.01,0,0,0,0,0,0,0,0.01,0.02,0,0,0,0,0,0,0,0,0,0,0,0,0.255,0.118,0.164,0.307
48391,0,0,0,0.02,0.18,0.73,0.88,0.93,0.61,0.13,0,0,0,0,0,0,0,0.01,0,0.01,0.01,0,0,0,0,0,0,0,0,0,0,0,0,0,0,0,0,0,0,0,0,0,0,0,0,0,0,0,0.0606,0.293,0.0524,0.221
48393,0,0,0,0.03,0.18,0.53,0.78,0.68,0.28,0.04,0,0,0,0,0,0,0.02,0.07,0.17,0.1,0.02,0,0,0,0.26,0.18,0.05,0,0,0,0,0,0,0,0.06,0.21,0,0.01,0,0,0,0,0,0,0,0,0,0,0.0452,0.0241,0.0791,0.0374
48395,0,0,0,0.02,0.15,0.63,0.88,0.9,0.55,0.08,0,0,0,0,0,0,0,0.03,0.1,0.14,0.03,0,0,0,0.02,0.01,0,0,0,0,0,0,0,0,0,0,0,0,0,0,0,0,0,0,0,0,0,0,0.0797,0.102,0.0422,0.214
48397,0,0,0,0,0.08,0.53,0.86,0.81,0.43,0.05,0,0,0,0,0,0,0,0.01,0.11,0.18,0.02,0,0,0,0.04,0.02,0.01,0,0,0,0,0,0,0,0,0.02,0,0,0,0,0,0,0,0,0,0,0,0,0.0297,0.407,0.0497,0.263
48399,0,0.01,0.02,0.12,0.35,0.68,0.88,0.82,0.46,0.09,0,0,0,0,0,0,0.04,0.09,0.2,0.21,0.03,0,0,0,0.06,0.03,0.01,0,0,0,0,0,0,0,0,0.02,0,0,0,0,0,0,0,0,0,0,0,0,0.168,0.457,0.0662,0.463
48401,0,0,0,0.01,0.1,0.56,0.82,0.81,0.44,0.04,0,0,0,0,0,0,0,0.02,0.08,0.11,0.01,0,0,0,0.03,0.01,0,0,0,0,0,0,0,0,0,0,0,0,0,0,0,0,0,0,0,0,0,0,0.0333,0.0142,0.048,0.131
48403,0,0,0,0.01,0.13,0.57,0.81,0.81,0.45,0.05,0,0,0,0,0,0,0,0.01,0.04,0.06,0.01,0,0,0,0.02,0.01,0,0,0,0,0,0,0,0,0,0,0,0,0,0,0,0,0,0,0,0,0,0,0.1,0,0.0426,0.0732
48405,0,0,0,0.01,0.14,0.58,0.82,0.82,0.44,0.05,0,0,0,0,0,0,0,0.02,0.05,0.08,0.01,0,0,0,0.02,0.01,0,0,0,0,0,0,0,0,0,0,0,0,0,0,0,0,0,0,0,0,0,0,0.0239,0,0.0431,0.0888
48407,0,0,0,0.01,0.17,0.66,0.84,0.87,0.5,0.06,0,0,0,0,0,0,0,0.03,0.05,0.07,0.01,0,0,0,0.01,0,0,0,0,0,0,0,0,0,0,0,0,0,0,0,0,0,0,0,0,0,0,0,0.0285,0.0551,0.0395,0.131
48409,0,0,0.01,0.03,0.26,0.76,0.89,0.93,0.64,0.15,0,0,0,0,0,0,0,0.01,0.01,0.01,0.01,0,0,0,0,0,0,0,0,0,0,0,0,0,0,0,0,0,0,0,0,0,0,0,0,0,0,0,0.0733,0.51,0.0597,0.241
48411,0,0,0,0.07,0.25,0.66,0.88,0.86,0.47,0.08,0,0,0,0,0,0,0,0.05,0.13,0.18,0.03,0,0,0,0.02,0.02,0,0,0,0,0,0,0,0,0,0.01,0,0,0,0,0,0,0,0,0,0,0,0,0.0797,0.456,0.0501,0.421
48413,0,0,0,0.08,0.32,0.64,0.81,0.78,0.33,0.04,0,0,0,0,0,0,0.02,0.06,0.08,0.08,0.01,0,0,0,0.05,0.03,0.01,0,0,0,0,0,0,0,0.01,0.03,0,0,0,0,0,0,0,0,0,0,0,0,0.134,0.0406,0.0673,0.487
48415,0,0,0.01,0.1,0.35,0.63,0.84,0.78,0.35,0.07,0,0,0,0,0,0,0.04,0.12,0.18,0.14,0.02,0,0,0,0.06,0.04,0.01,0,0,0,0,0,0,0,0,0.04,0,0,0,0,0,0,0,0,0,0,0,0,0.112,0.23,0.113,0.371
48417,0,0,0.01,0.07,0.28,0.63,0.88,0.82,0.44,0.08,0,0,0,0,0,0,0.02,0.08,0.22,0.26,0.03,0,0,0,0.06,0.03,0.01,0,0,0,0,0,0,0,0,0.04,0,0,0,0,0,0,0,0,0,0,0,0,0.173,0.0483,0.0616,0.409
48419,0,0,0,0.01,0.13,0.56,0.8,0.8,0.42,0.04,0,0,0,0,0,0,0,0.02,0.06,0.09,0.02,0,0,0,0.03,0.01,0,0,0,0,0,0,0,0,0,0,0,0,0,0,0,0,0,0,0,0,0,0,0.0355,0.0463,0.0465,0.0902
48421,0,0,0,0.01,0.18,0.53,0.75,0.62,0.24,0.03,0,0,0,0,0,0,0.01,0.07,0.13,0.06,0.01,0,0,0,0.35,0.25,0.07,0.01,0,0,0,0,0,0.01,0.09,0.29,0,0.01,0,0,0,0,0,0,0,0,0,0.01,0.186,0.00781,0.084,0.0542
48423,0,0,0,0.01,0.09,0.51,0.83,0.8,0.44,0.04,0,0,0,0,0,0,0,0.01,0.08,0.12,0.02,0,0,0,0.03,0.01,0,0,0,0,0,0,0,0,0,0.01,0,0,0,0,0,0,0,0,0,0,0,0,0.0223,0.146,0.0488,0.171
48425,0,0,0,0.03,0.19,0.65,0.89,0.85,0.46,0.07,0,0,0,0,0,0,0,0.04,0.18,0.22,0.03,0,0,0,0.04,0.02,0,0,0,0,0,0,0,0,0,0.02,0,0,0,0,0,0,0,0,0,0,0,0,0.113,0.472,0.0474,0.353
48427,0.01,0.04,0.17,0.44,0.74,0.95,0.96,0.97,0.78,0.45,0.06,0,0,0,0,0.02,0.07,0.24,0.41,0.5,0.07,0,0,0,0,0,0,0,0,0,0,0,0,0,0,0,0,0,0,0,0,0,0,0,0,0,0,0,0.124,0,0.0971,0.138
48429,0,0.01,0.01,0.06,0.26,0.64,0.88,0.84,0.45,0.08,0,0,0,0,0,0,0.01,0.07,0.23,0.28,0.04,0,0,0,0.07,0.03,0.01,0,0,0,0,0,0,0,0.01,0.05,0,0,0,0,0,0,0,0,0,0,0,0,0.0745,0.484,0.0557,0.397
48431,0,0,0.01,0.11,0.37,0.67,0.84,0.77,0.34,0.05,0,0,0,0,0,0,0.04,0.11,0.12,0.11,0.02,0,0,0,0.06,0.03,0.01,0,0,0,0,0,0,0,0,0.04,0,0,0,0,0,0,0,0,0,0,0,0,0.136,0.249,0.106,0.427
48433,0,0,0.02,0.13,0.37,0.68,0.89,0.84,0.45,0.1,0,0,0,0,0,0,0.06,0.14,0.31,0.28,0.04,0,0,0,0.08,0.05,0.02,0,0,0,0,0,0,0,0.01,0.05,0,0,0,0,0,0,0,0,0,0,0,0,0.28,0.00383,0.0853,0.361
48435,0,0,0,0.07,0.29,0.6,0.79,0.79,0.33,0.04,0,0,0,0,0,0,0.01,0.04,0.06,0.07,0.01,0,0,0,0.03,0.03,0.01,0,0,0,0,0,0,0,0,0.02,0,0,0,0,0,0,0,0,0,0,0,0,0.0502,0.368,0.0634,0.494
48437,0,0,0,0.03,0.22,0.51,0.68,0.6,0.23,0.03,0,0,0,0,0,0,0.02,0.07,0.07,0.05,0.01,0,0,0,0.23,0.16,0.05,0,0,0,0,0,0,0.01,0.05,0.19,0,0,0,0,0,0,0,0,0,0,0,0,0.05,0.0159,0.107,0.127
48439,0,0,0,0.02,0.17,0.65,0.89,0.85,0.46,0.07,0,0,0,0,0,0,0,0.04,0.19,0.26,0.03,0,0,0,0.04,0.02,0,0,0,0,0,0,0,0,0,0.02,0,0,0,0,0,0,0,0,0,0,0,0,0.0718,0.638,0.0488,0.319
48441,0,0,0.01,0.08,0.28,0.59,0.84,0.79,0.39,0.05,0,0,0,0,0,0,0.02,0.07,0.12,0.14,0.03,0,0,0,0.06,0.03,0.01,0,0,0,0,0,0,0,0,0.04,0,0,0,0,0,0,0,0,0,0,0,0,0.103,0.644,0.0687,0.443
48443,0,0.01,0.02,0.19,0.54,0.83,0.88,0.89,0.51,0.1,0,0,0,0,0,0,0.07,0.18,0.2,0.17,0.03,0,0,0,0.02,0.01,0,0,0,0,0,0,0,0,0,0.01,0,0,0,0,0,0,0,0,0,0,0,0,0.431,0,0.116,0.432
48445,0,0,0,0.06,0.33,0.65,0.76,0.68,0.28,0.04,0,0,0,0,0,0,0.03,0.13,0.1,0.06,0.01,0,0,0,0.12,0.07,0.02,0,0,0,0,0,0,0,0.02,0.09,0,0,0,0,0,0,0,0,0,0,0,0,0.194,0.0181,0.13,0.274
48447,0,0,0.01,0.08,0.29,0.67,0.89,0.85,0.45,0.08,0,0,0,0,0,0,0.03,0.11,0.3,0.32,0.04,0,0,0,0.07,0.04,0.01,0,0,0,0,0,0,0,0,0.05,0,0,0,0,0,0,0,0,0,0,0,0,0.0968,0.434,0.0619,0.365
48449,0,0,0,0,0.07,0.49,0.79,0.77,0.42,0.04,0,0,0,0,0,0,0,0,0.09,0.14,0.03,0,0,0,0.05,0.02,0,0,0,0,0,0,0,0,0,0.02,0,0,0,0,0,0,0,0,0,0,0,0,0.0498,0.0149,0.0597,0.164
48451,0,0.01,0.02,0.13,0.39,0.71,0.87,0.82,0.42,0.07,0,0,0,0,0,0,0.04,0.12,0.19,0.17,0.02,0,0,0,0.05,0.03,0.01,0,0,0,0,0,0,0,0.01,0.03,0,0,0,0,0,0,0,0,0,0,0,0,0.123,0.577,0.0732,0.475
48453,0,0,0,0.04,0.28,0.74,0.91,0.93,0.58,0.1,0,0,0,0,0,0,0,0.05,0.16,0.24,0.04,0,0,0,0.01,0.01,0,0,0,0,0,0,0,0,0,0,0,0,0,0,0,0,0,0,0,0,0,0,0.0209,0.418,0.0456,0.275
48455,0,0,0,0.01,0.17,0.63,0.86,0.88,0.51,0.06,0,0,0,0,0,0,0,0.03,0.09,0.1,0.02,0,0,0,0.01,0.01,0,0,0,0,0,0,0,0,0,0,0,0,0,0,0,0,0,0,0,0,0,0,0.0512,0.111,0.0414,0.137
48457,0,0,0,0,0.12,0.57,0.8,0.82,0.46,0.04,0,0,0,0,0,0,0,0.01,0.02,0.05,0.01,0,0,0,0.01,0.01,0,0,0,0,0,0,0,0,0,0,0,0,0,0,0,0,0,0,0,0,0,0,0.0202,0.0368,0.0395,0.0962
48459,0,0,0,0,0.09,0.49,0.81,0.79,0.43,0.04,0,0,0,0,0,0,0,0.01,0.09,0.13,0.02,0,0,0,0.03,0.01,0,0,0,0,0,0,0,0,0,0.01,0,0,0,0,0,0,0,0,0,0,0,0,0.0299,0.0226,0.0541,0.157
48461,0,0,0.01,0.14,0.46,0.78,0.86,0.83,0.41,0.08,0,0,0,0,0,0,0.06,0.17,0.14,0.12,0.02,0,0,0,0.03,0.02,0.01,0,0,0,0,0,0,0,0.01,0.02,0,0,0,0,0,0,0,0,0,0,0,0,0.112,0.353,0.13,0.399
48463,0,0.01,0.02,0.14,0.37,0.78,0.89,0.92,0.58,0.12,0,0,0,0,0,0,0.01,0.07,0.16,0.2,0.04,0,0,0,0,0,0,0,0,0,0,0,0,0,0,0,0,0,0,0,0,0,0,0,0,0,0,0,0.0961,0.276,0.0585,0.478
48465,0,0.01,0.02,0.15,0.43,0.79,0.88,0.9,0.55,0.09,0,0,0,0,0,0,0.04,0.11,0.19,0.2,0.03,0,0,0,0.01,0.01,0,0,0,0,0,0,0,0,0,0.01,0,0,0,0,0,0,0,0,0,0,0,0,0.0735,0.483,0.0765,0.498
48467,0,0,0,0,0.07,0.47,0.82,0.8,0.43,0.05,0,0,0,0,0,0,0,0.01,0.09,0.15,0.02,0,0,0,0.04,0.01,0.01,0,0,0,0,0,0,0,0,0.01,0,0,0,0,0,0,0,0,0,0,0,0,0.0578,0.0759,0.0487,0.217
48469,0,0,0,0.02,0.24,0.74,0.89,0.93,0.62,0.16,0,0,0,0,0,0,0,0.01,0.03,0.09,0.02,0,0,0,0,0,0,0,0,0,0,0,0,0,0,0,0,0,0,0,0,0,0,0,0,0,0,0,0.0649,0.433,0.0475,0.212
48471,0,0,0,0.01,0.17,0.65,0.86,0.88,0.51,0.07,0,0,0,0,0,0,0,0.03,0.07,0.08,0.01,0,0,0,0.01,0,0,0,0,0,0,0,0,0,0,0,0,0,0,0,0,0,0,0,0,0,0,0,0.0645,0.114,0.0404,0.154
48473,0,0,0,0.02,0.22,0.72,0.9,0.91,0.58,0.13,0,0,0,0,0,0,0,0.02,0.07,0.11,0.02,0,0,0,0.01,0,0,0,0,0,0,0,0,0,0,0,0,0,0,0,0,0,0,0,0,0,0,0,0.0576,0.216,0.0401,0.166
48475,0,0,0.04,0.25,0.62,0.92,0.93,0.91,0.58,0.18,0,0,0,0,0,0,0.14,0.4,0.41,0.31,0.05,0,0,0,0.04,0.02,0.01,0,0,0,0,0,0,0,0.01,0.03,0,0,0,0,0,0,0,0,0,0,0,0,0.395,0.17,0.151,0.345
48477,0,0,0,0.02,0.22,0.71,0.9,0.91,0.58,0.12,0,0,0,0,0,0,0,0.03,0.09,0.14,0.03,0,0,0,0.01,0,0,0,0,0,0,0,0,0,0,0,0,0,0,0,0,0,0,0,0,0,0,0,0.0568,0.321,0.0412,0.192
48479,0,0.02,0.1,0.33,0.67,0.93,0.95,0.97,0.73,0.31,0.01,0,0,0,0,0.02,0.09,0.22,0.42,0.43,0.07,0,0,0,0,0,0,0,0,0,0,0,0,0,0,0,0,0,0,0,0,0,0,0,0,0,0,0,0.211,0.191,0.0828,0.331
48481,0,0,0,0.01,0.2,0.72,0.89,0.92,0.59,0.14,0,0,0,0,0,0,0,0.01,0.02,0.06,0.02,0,0,0,0.01,0,0,0,0,0,0,0,0,0,0,0,0,0,0,0,0,0,0,0,0,0,0,0,0.156,0.425,0.0418,0.175
48483,0,0,0.01,0.04,0.2,0.51,0.78,0.7,0.29,0.04,0,0,0,0,0,0,0.02,0.06,0.18,0.14,0.03,0,0,0,0.24,0.16,0.05,0,0,0,0,0,0,0,0.04,0.19,0,0.01,0,0,0,0,0,0,0,0,0,0,0.0429,0.0482,0.077,0.0431
48485,0,0,0.01,0.05,0.25,0.67,0.89,0.86,0.44,0.07,0,0,0,0,0,0,0.02,0.11,0.33,0.34,0.06,0,0,0,0.09,0.05,0.02,0,0,0,0,0,0,0,0.01,0.06,0,0,0,0,0,0,0,0,0,0,0,0,0.271,0.439,0.0598,0.271
48487,0,0,0.01,0.06,0.28,0.7,0.89,0.85,0.45,0.08,0,0,0,0,0,0,0.04,0.13,0.36,0.33,0.06,0,0,0,0.09,0.06,0.02,0,0,0,0,0,0,0,0.01,0.06,0,0,0,0,0,0,0,0,0,0,0,0,0.123,0.0162,0.0652,0.253
48489,0,0.01,0.04,0.16,0.47,0.88,0.93,0.95,0.69,0.3,0.03,0,0,0,0,0,0,0.01,0.02,0.03,0.02,0,0,0,0,0,0,0,0,0,0,0,0,0,0,0,0,0,0,0,0,0,0,0,0,0,0,0,0.099,0,0.0937,0.13
48491,0,0,0,0.04,0.23,0.71,0.9,0.91,0.56,0.09,0,0,0,0,0,0,0,0.03,0.15,0.21,0.03,0,0,0,0.02,0.01,0,0,0,0,0,0,0,0,0,0,0,0,0,0,0,0,0,0,0,0,0,0,0.0531,0.454,0.0447,0.28
48493,0,0.01,0.01,0.08,0.35,0.78,0.9,0.93,0.65,0.17,0,0,0,0,0,0,0,0.05,0.17,0.23,0.04,0,0,0,0,0,0,0,0,0,0,0,0,0,0,0,0,0,0,0,0,0,0,0,0,0,0,0,0.143,0.082,0.0518,0.292
48495,0,0,0.02,0.19,0.54,0.88,0.9,0.87,0.48,0.13,0,0,0,0,0,0,0.1,0.3,0.31,0.21,0.03,0,0,0,0.05,0.03,0.01,0,0,0,0,0,0,0,0.01,0.04,0,0,0,0,0,0,0,0,0,0,0,0,0.421,0.0105,0.149,0.335
48497,0,0,0,0.02,0.15,0.6,0.88,0.83,0.43,0.05,0,0,0,0,0,0,0,0.04,0.19,0.26,0.03,0,0,0,0.07,0.03,0.01,0,0,0,0,0,0,0,0,0.04,0,0,0,0,0,0,0,0,0,0,0,0,0.0658,0.381,0.0512,0.32
48499,0,0,0,0,0.08,0.49,0.81,0.79,0.43,0.04,0,0,0,0,0,0,0,0.01,0.09,0.14,0.02,0,0,0,0.04,0.02,0.01,0,0,0,0,0,0,0,0,0.02,0,0,0,0,0,0,0,0,0,0,0,0,0.049,0.0325,0.0522,0.19
48501,0,0,0,0.03,0.31,0.65,0.73,0.65,0.26,0.03,0,0,0,0,0,0,0.02,0.13,0.08,0.05,0.01,0,0,0,0.14,0.08,0.02,0,0,0,0,0,0,0,0.03,0.12,0,0,0,0,0,0,0,0,0,0,0,0,0.0848,0.062,0.131,0.259
48503,0,0,0.01,0.06,0.26,0.65,0.89,0.85,0.45,0.08,0,0,0,0,0,0,0.02,0.09,0.27,0.31,0.05,0,0,0,0.07,0.04,0.01,0,0,0,0,0,0,0,0.01,0.05,0,0,0,0,0,0,0,0,0,0,0,0,0.0471,0.592,0.0564,0.357
48505,0,0.04,0.17,0.44,0.75,0.95,0.95,0.97,0.77,0.42,0.04,0,0,0,0,0.04,0.12,0.33,0.48,0.52,0.09,0.01,0,0,0,0,0,0,0,0,0,0,0,0,0,0,0,0,0,0,0,0,0,0,0,0,0,0,0.193,0.156,0.0955,0.207
48507,0,0.02,0.05,0.25,0.53,0.89,0.94,0.96,0.72,0.23,0,0,0,0,0,0.01,0.05,0.19,0.37,0.45,0.06,0,0,0,0,0,0,0,0,0,0,0,0,0,0,0,0,0,0,0,0,0,0,0,0,0,0,0,0.0595,0.372,0.0645,0.456
49001,0,0,0,0,0.01,0.14,0.42,0.22,0.01,0,0,0,0,0,0,0,0,0,0,0,0,0,0,0,0.51,0.39,0.14,0.03,0,0,0,0,0,0.02,0.24,0.59,0.03,0,0,0,0,0,0,0,0,0,0,0.02,0.0189,0.0502,0.0767,0.0548
49003,0,0,0,0,0.01,0.09,0.49,0.37,0.03,0,0,0,0,0,0,0,0,0,0.01,0,0,0,0,0,0.58,0.43,0.09,0.01,0,0,0,0,0,0.02,0.23,0.62,0.03,0,0,0,0,0,0,0,0,0,0,0.02,0.05,0.0331,0.013,0.0676
49005,0,0,0,0,0,0,0.04,0.02,0,0,0,0,0,0,0,0,0,0,0,0,0,0,0,0,0.64,0.57,0.22,0.04,0,0,0,0,0,0.04,0.3,0.64,0.05,0.03,0,0,0,0,0,0,0,0,0.01,0.03,0,0.0288,0.00846,0.0711
49007,0,0,0,0,0,0.02,0.09,0.02,0,0,0,0,0,0,0,0,0,0,0,0,0,0,0,0,0.8,0.63,0.27,0.07,0,0,0,0,0,0.04,0.37,0.79,0.05,0.01,0,0,0,0,0,0,0,0,0,0.04,0,0.122,0.0102,0.0629
49009,0,0,0,0,0,0,0.02,0,0,0,0,0,0,0,0,0,0,0,0,0,0,0,0,0,0.82,0.74,0.44,0.17,0.01,0,0,0,0,0.08,0.5,0.82,0.1,0.09,0.01,0,0,0,0,0,0,0.01,0.03,0.1,0,0.127,0.00519,0.0844
49011,0,0,0,0,0.01,0.07,0.38,0.22,0.01,0,0,0,0,0,0,0,0,0,0,0,0,0,0,0,0.42,0.31,0.06,0,0,0,0,0,0,0.01,0.12,0.43,0.01,0,0,0,0,0,0,0,0,0,0,0.01,0.0087,0.0242,0.0103,0.0614
49013,0,0,0,0,0,0,0,0,0,0,0,0,0,0,0,0,0,0,0,0,0,0,0,0,0.88,0.75,0.41,0.17,0.01,0,0,0,0,0.06,0.48,0.84,0.1,0.06,0,0,0,0,0,0,0,0,0.01,0.09,0,0.259,0.00843,0.0642
49015,0,0,0,0,0.01,0.27,0.59,0.33,0.03,0,0,0,0,0,0,0,0,0,0.01,0,0,0,0,0,0.63,0.36,0.06,0,0,0,0,0,0,0.01,0.17,0.63,0.01,0,0,0,0,0,0,0,0,0,0,0.01,0.103,0.122,0.0138,0.0647
49017,0,0,0,0,0,0.08,0.21,0.06,0.01,0,0,0,0,0,0,0,0,0,0,0,0,0,0,0,0.52,0.38,0.1,0.01,0,0,0,0,0,0.01,0.19,0.56,0.01,0,0,0,0,0,0,0,0,0,0,0.01,0,0.132,0.0548,0.0757
49019,0,0,0,0,0.02,0.33,0.66,0.41,0.05,0,0,0,0,0,0,0,0,0.01,0.02,0,0,0,0,0,0.59,0.33,0.06,0,0,0,0,0,0,0.01,0.15,0.58,0.01,0,0,0,0,0,0,0,0,0,0,0.01,0.188,0.0254,0.011,0.103
49021,0,0,0,0,0,0.1,0.33,0.15,0.01,0,0,0,0,0,0,0,0,0,0,0,0,0,0,0,0.49,0.37,0.13,0.02,0,0,0,0,0,0.02,0.22,0.57,0.02,0,0,0,0,0,0,0,0,0,0,0.01,0.0164,0.135,0.141,0.0555
49023,0,0,0,0,0.01,0.23,0.66,0.48,0.04,0,0,0,0,0,0,0,0,0,0.02,0,0,0,0,0,0.51,0.36,0.09,0.01,0,0,0,0,0,0.02,0.22,0.59,0.03,0,0,0,0,0,0,0,0,0,0,0.01,0.15,0.074,0.0148,0.0525
49025,0,0,0,0,0.02,0.3,0.57,0.35,0.04,0,0,0,0,0,0,0,0,0,0.01,0,0,0,0,0,0.33,0.21,0.04,0,0,0,0,0,0,0,0.09,0.39,0,0,0,0,0,0,0,0,0,0,0,0,0,0,0.126,0.0737
49027,0,0,0,0,0.02,0.31,0.71,0.55,0.06,0,0,0,0,0,0,0,0,0.01,0.04,0.01,0,0,0,0,0.51,0.35,0.08,0,0,0,0,0,0,0.01,0.23,0.59,0.04,0,0,0,0,0,0,0,0,0,0,0.02,0.0896,0.0896,0.0285,0.0529
49029,0,0,0,0,0,0,0.03,0.01,0,0,0,0,0,0,0,0,0,0,0,0,0,0,0,0,0.62,0.55,0.23,0.06,0,0,0,0,0,0.04,0.3,0.62,0.04,0.02,0,0,0,0,0,0,0,0,0.01,0.03,0,0.0654,0.00891,0.0632
49031,0,0,0,0,0,0,0.01,0,0,0,0,0,0,0,0,0,0,0,0,0,0,0,0,0,0.68,0.58,0.33,0.14,0.01,0,0,0,0,0.06,0.37,0.72,0.05,0.02,0,0,0,0,0,0,0,0,0.01,0.04,0,0.177,0.0408,0.0615
49033,0,0,0,0,0,0,0.01,0,0,0,0,0,0,0,0,0,0,0,0,0,0,0,0,0,0.83,0.77,0.42,0.16,0.01,0,0,0,0,0.09,0.48,0.79,0.14,0.11,0.01,0,0,0,0,0,0,0,0.03,0.13,0,0.215,0.00739,0.0707
49035,0,0,0,0,0,0.06,0.32,0.14,0.01,0,0,0,0,0,0,0,0,0,0,0,0,0,0,0,0.41,0.3,0.07,0,0,0,0,0,0,0.01,0.13,0.44,0.01,0,0,0,0,0,0,0,0,0,0,0.01,0.00112,0.0099,0.0102,0.0584
49037,0,0,0,0,0.02,0.35,0.69,0.43,0.05,0,0,0,0,0,0,0,0,0.01,0.02,0,0,0,0,0,0.38,0.19,0.02,0,0,0,0,0,0,0.01,0.09,0.4,0,0,0,0,0,0,0,0,0,0,0,0,0.0768,0.0326,0.0305,0.103
49039,0,0,0,0,0,0,0.03,0.01,0,0,0,0,0,0,0,0,0,0,0,0,0,0,0,0,0.71,0.58,0.26,0.09,0,0,0,0,0,0.05,0.36,0.73,0.05,0.01,0,0,0,0,0,0,0,0,0.01,0.04,0,0.106,0.0136,0.056
49041,0,0,0,0,0,0,0.02,0,0,0,0,0,0,0,0,0,0,0,0,0,0,0,0,0,0.61,0.5,0.24,0.08,0,0,0,0,0,0.04,0.31,0.63,0.03,0.01,0,0,0,0,0,0,0,0,0,0.02,0,0.12,0.02,0.0586
49043,0,0,0,0,0,0,0,0,0,0,0,0,0,0,0,0,0,0,0,0,0,0,0,0,0.82,0.77,0.5,0.28,0.04,0,0,0,0,0.12,0.52,0.79,0.11,0.11,0.01,0,0,0,0,0,0,0.01,0.03,0.14,0,0.242,0.00809,0.0629
49045,0,0,0,0,0.03,0.26,0.72,0.61,0.06,0,0,0,0,0,0,0,0,0,0.06,0.01,0,0,0,0,0.52,0.32,0.05,0,0,0,0,0,0,0.01,0.21,0.57,0.03,0,0,0,0,0,0,0,0,0,0,0.01,0.194,0.035,0.0134,0.0551
49047,0,0,0,0,0,0.08,0.35,0.12,0.01,0,0,0,0,0,0,0,0,0,0,0,0,0,0,0,0.85,0.63,0.21,0.03,0,0,0,0,0,0.04,0.33,0.8,0.11,0.03,0,0,0,0,0,0,0,0,0,0.07,0,0.0237,0.00662,0.0892
49049,0,0,0,0,0,0.04,0.24,0.08,0,0,0,0,0,0,0,0,0,0,0,0,0,0,0,0,0.61,0.48,0.15,0.03,0,0,0,0,0,0.02,0.26,0.63,0.03,0,0,0,0,0,0,0,0,0,0,0.02,0,0.0877,0.0109,0.0561
49051,0,0,0,0,0,0,0,0,0,0,0,0,0,0,0,0,0,0,0,0,0,0,0,0,0.76,0.68,0.4,0.18,0.01,0,0,0,0,0.08,0.42,0.75,0.08,0.05,0.01,0,0,0,0,0,0,0,0.01,0.06,0,0.214,0.00947,0.0587
49053,0,0,0,0,0.04,0.39,0.7,0.53,0.11,0,0,0,0,0,0,0,0,0.01,0.05,0.01,0,0,0,0,0.13,0.08,0,0,0,0,0,0,0,0,0.04,0.16,0,0,0,0,0,0,0,0,0,0,0,0,0.162,0.0462,0.219,0.0435
49055,0,0,0,0,0.01,0.26,0.53,0.27,0.02,0,0,0,0,0,0,0,0,0,0,0,0,0,0,0,0.47,0.28,0.05,0,0,0,0,0,0,0.01,0.14,0.54,0.01,0,0,0,0,0,0,0,0,0,0,0,0,0.0782,0.0261,0.0724
49057,0,0,0,0,0,0.01,0.17,0.05,0,0,0,0,0,0,0,0,0,0,0,0,0,0,0,0,0.58,0.47,0.15,0.02,0,0,0,0,0,0.02,0.22,0.59,0.03,0.01,0,0,0,0,0,0,0,0,0,0.02,0,0.0341,0.00932,0.0646
50001,0,0,0,0,0,0.02,0.04,0.01,0,0,0,0,0,0,0,0,0,0,0,0,0,0,0,0,0.75,0.74,0.48,0.06,0,0,0,0,0,0.01,0.18,0.55,0.28,0.22,0.07,0,0,0,0,0,0,0,0,0.08,0,0.249,0.00131,0.102
50003,0,0,0,0,0,0,0.01,0,0,0,0,0,0,0,0,0,0,0,0,0,0,0,0,0,0.74,0.74,0.48,0.07,0,0,0,0,0,0.01,0.2,0.57,0.22,0.21,0.05,0,0,0,0,0,0,0,0,0.07,0,0.101,0.00302,0.0706
50005,0,0,0,0,0,0.01,0.01,0,0,0,0,0,0,0,0,0,0,0,0,0,0,0,0,0,0.8,0.79,0.55,0.11,0,0,0,0,0,0.01,0.27,0.64,0.39,0.34,0.13,0,0,0,0,0,0,0,0.01,0.16,0,0.242,0.00105,0.115
50007,0,0,0,0,0,0.03,0.03,0.01,0,0,0,0,0,0,0,0,0,0,0,0,0,0,0,0,0.75,0.75,0.46,0.05,0,0,0,0,0,0,0.17,0.54,0.29,0.23,0.07,0,0,0,0,0,0,0,0,0.09,0,0.185,0.00109,0.118
50009,0,0,0,0,0,0.01,0.01,0,0,0,0,0,0,0,0,0,0,0,0,0,0,0,0,0,0.81,0.8,0.58,0.13,0,0,0,0,0,0.01,0.29,0.66,0.43,0.38,0.17,0,0,0,0,0,0,0,0.01,0.19,0,0.244,0.000871,0.121
50011,0,0,0,0,0,0.02,0.03,0.01,0,0,0,0,0,0,0,0,0,0,0,0,0,0,0,0,0.77,0.75,0.48,0.05,0,0,0,0,0,0,0.19,0.57,0.35,0.28,0.09,0,0,0,0,0,0,0,0,0.11,0,0.204,0.000841,0.129
50013,0,0,0,0,0,0.05,0.05,0.02,0.01,0,0,0,0,0,0,0,0,0,0,0,0,0,0,0,0.75,0.74,0.43,0.03,0,0,0,0,0,0,0.14,0.52,0.3,0.23,0.06,0,0,0,0,0,0,0,0,0.1,0.000694,0.154,0.000864,0.13
50015,0,0,0,0,0,0,0,0,0,0,0,0,0,0,0,0,0,0,0,0,0,0,0,0,0.78,0.78,0.54,0.09,0,0,0,0,0,0.01,0.25,0.62,0.37,0.31,0.11,0,0,0,0,0,0,0,0.01,0.16,0,0.182,0.001,0.121
50017,0,0,0,0,0,0.02,0.02,0.01,0,0,0,0,0,0,0,0,0,0,0,0,0,0,0,0,0.77,0.76,0.52,0.08,0,0,0,0,0,0.01,0.23,0.62,0.33,0.27,0.09,0,0,0,0,0,0,0,0,0.13,0,0.138,0.00127,0.102
50019,0,0,0,0,0,0.01,0,0,0,0,0,0,0,0,0,0,0,0,0,0,0,0,0,0,0.8,0.78,0.55,0.11,0,0,0,0,0,0.01,0.26,0.63,0.4,0.34,0.14,0,0,0,0,0,0,0,0.01,0.17,0,0.169,0.000849,0.125
50021,0,0,0,0,0,0.01,0.02,0,0,0,0,0,0,0,0,0,0,0,0,0,0,0,0,0,0.75,0.74,0.48,0.06,0,0,0,0,0,0.01,0.2,0.58,0.27,0.23,0.07,0,0,0,0,0,0,0,0,0.08,0,0.154,0.00174,0.0873
50023,0,0,0,0,0,0.01,0.01,0,0,0,0,0,0,0,0,0,0,0,0,0,0,0,0,0,0.78,0.78,0.53,0.09,0,0,0,0,0,0.01,0.25,0.63,0.35,0.28,0.1,0,0,0,0,0,0,0,0,0.14,0,0.196,0.00117,0.11
50025,0,0,0,0,0,0.01,0.02,0.01,0,0,0,0,0,0,0,0,0,0,0,0,0,0,0,0,0.72,0.71,0.44,0.04,0,0,0,0,0,0,0.18,0.54,0.21,0.17,0.04,0,0,0,0,0,0,0,0,0.06,0,0.118,0.00277,0.0713
50027,0,0,0,0,0,0.02,0.03,0.01,0,0,0,0,0,0,0,0,0,0,0,0,0,0,0,0,0.75,0.75,0.49,0.06,0,0,0,0,0,0.01,0.21,0.59,0.27,0.23,0.07,0,0,0,0,0,0,0,0,0.09,0,0.0932,0.00164,0.0876
51001,0,0,0,0,0.01,0.1,0.26,0.14,0.03,0,0,0,0,0,0,0,0,0,0.01,0,0,0,0,0,0.13,0.08,0.01,0,0,0,0,0,0,0,0,0.03,0,0,0,0,0,0,0,0,0,0,0,0,0.00419,0.025,0.0351,0.0344
51003,0,0,0,0.01,0.01,0.13,0.31,0.19,0.06,0,0,0,0,0,0,0,0,0,0,0,0,0,0,0,0.26,0.16,0.05,0,0,0,0,0,0,0,0.02,0.12,0,0,0,0,0,0,0,0,0,0,0,0,0.0244,0.17,0.0205,0.0499
51005,0,0,0,0,0.01,0.02,0.08,0.05,0.01,0,0,0,0,0,0,0,0,0,0,0,0,0,0,0,0.36,0.22,0.07,0,0,0,0,0,0,0,0.05,0.21,0.02,0.01,0,0,0,0,0,0,0,0,0,0,0,0.0379,0.0103,0.0572
51007,0,0,0,0.01,0.03,0.18,0.4,0.26,0.09,0.01,0,0,0,0,0,0,0,0,0.01,0,0,0,0,0,0.23,0.12,0.03,0,0,0,0,0,0,0,0.01,0.09,0.01,0,0,0,0,0,0,0,0,0,0,0,0.0052,0.0413,0.0212,0.0424
51009,0,0,0,0,0.01,0.06,0.19,0.12,0.03,0,0,0,0,0,0,0,0,0,0,0,0,0,0,0,0.27,0.16,0.04,0,0,0,0,0,0,0,0.03,0.14,0,0,0,0,0,0,0,0,0,0,0,0,0.000294,0.0742,0.0153,0.0506
51011,0,0,0,0,0.01,0.11,0.26,0.17,0.05,0,0,0,0,0,0,0,0,0,0,0,0,0,0,0,0.23,0.13,0.04,0,0,0,0,0,0,0,0.02,0.11,0,0,0,0,0,0,0,0,0,0,0,0,0.00621,0.0272,0.0168,0.0459
51013,0,0,0,0.01,0.04,0.17,0.36,0.23,0.07,0,0,0,0,0,0,0,0,0,0.01,0,0,0,0,0,0.25,0.17,0.04,0,0,0,0,0,0,0,0,0.08,0,0,0,0,0,0,0,0,0,0,0,0,0.105,0.0155,0.033,0.0386
51015,0,0,0,0,0,0.02,0.09,0.05,0.01,0,0,0,0,0,0,0,0,0,0,0,0,0,0,0,0.35,0.25,0.1,0,0,0,0,0,0,0,0.06,0.22,0.01,0,0,0,0,0,0,0,0,0,0,0,0.00736,0.0275,0.0162,0.055
51017,0,0,0,0,0.01,0.01,0.06,0.03,0,0,0,0,0,0,0,0,0,0,0,0,0,0,0,0,0.39,0.27,0.1,0,0,0,0,0,0,0,0.07,0.24,0.02,0.01,0,0,0,0,0,0,0,0,0,0,0,0.0227,0.0119,0.0584
51019,0,0,0,0.01,0.01,0.09,0.25,0.16,0.04,0,0,0,0,0,0,0,0,0,0,0,0,0,0,0,0.23,0.13,0.04,0,0,0,0,0,0,0,0.02,0.11,0,0,0,0,0,0,0,0,0,0,0,0,0.00525,0.0673,0.0129,0.0482
51021,0,0,0,0,0,0,0.02,0.01,0,0,0,0,0,0,0,0,0,0,0,0,0,0,0,0,0.36,0.26,0.1,0,0,0,0,0,0,0,0.08,0.25,0.02,0.01,0,0,0,0,0,0,0,0,0,0,0,0.0412,0.00679,0.0508
51023,0,0,0,0,0.01,0.07,0.19,0.12,0.04,0,0,0,0,0,0,0,0,0,0,0,0,0,0,0,0.27,0.16,0.05,0,0,0,0,0,0,0,0.03,0.14,0.01,0,0,0,0,0,0,0,0,0,0,0,0.000662,0.0598,0.0115,0.0531
51025,0,0,0,0.01,0.03,0.21,0.44,0.28,0.09,0,0,0,0,0,0,0,0,0,0.01,0,0,0,0,0,0.19,0.08,0.02,0,0,0,0,0,0,0,0.01,0.06,0,0,0,0,0,0,0,0,0,0,0,0,0.00257,0.0117,0.0185,0.0369
51027,0,0,0,0,0,0.02,0.06,0.04,0.02,0,0,0,0,0,0,0,0,0,0,0,0,0,0,0,0.32,0.19,0.06,0,0,0,0,0,0,0,0.04,0.17,0.01,0.01,0,0,0,0,0,0,0,0,0,0,0,0.0475,0.00482,0.0562
51029,0,0,0,0.01,0.02,0.15,0.34,0.22,0.07,0.01,0,0,0,0,0,0,0,0,0.01,0,0,0,0,0,0.24,0.15,0.04,0,0,0,0,0,0,0,0.02,0.11,0,0,0,0,0,0,0,0,0,0,0,0,0.00726,0.155,0.0191,0.0466
51031,0,0,0,0,0.01,0.1,0.26,0.17,0.05,0,0,0,0,0,0,0,0,0,0,0,0,0,0,0,0.23,0.13,0.03,0,0,0,0,0,0,0,0.02,0.12,0,0,0,0,0,0,0,0,0,0,0,0,0.00238,0.0439,0.0149,0.045
51033,0,0,0,0.02,0.05,0.21,0.43,0.27,0.08,0,0,0,0,0,0,0,0,0,0.01,0,0,0,0,0,0.26,0.16,0.03,0,0,0,0,0,0,0,0.01,0.1,0,0,0,0,0,0,0,0,0,0,0,0,0.00979,0.0418,0.0296,0.0426
51035,0,0,0,0,0,0.01,0.03,0.02,0,0,0,0,0,0,0,0,0,0,0,0,0,0,0,0,0.33,0.21,0.06,0,0,0,0,0,0,0,0.05,0.2,0.01,0.01,0,0,0,0,0,0,0,0,0,0,0,0.0266,0.0087,0.0417
51036,0,0,0,0.01,0.05,0.22,0.46,0.28,0.07,0,0,0,0,0,0,0,0,0,0.02,0,0,0,0,0,0.13,0.07,0.01,0,0,0,0,0,0,0,0,0.03,0,0,0,0,0,0,0,0,0,0,0,0,0.0257,0.0118,0.0264,0.0397
51037,0,0,0,0,0.01,0.13,0.3,0.19,0.07,0.01,0,0,0,0,0,0,0,0,0,0,0,0,0,0,0.21,0.12,0.03,0,0,0,0,0,0,0,0.02,0.09,0,0,0,0,0,0,0,0,0,0,0,0,0.00124,0.0314,0.0165,0.0409
51041,0,0,0,0.01,0.04,0.21,0.44,0.29,0.08,0.01,0,0,0,0,0,0,0,0,0.01,0,0,0,0,0,0.2,0.11,0.02,0,0,0,0,0,0,0,0.01,0.07,0,0,0,0,0,0,0,0,0,0,0,0,0.0325,0.00886,0.0237,0.0416
51043,0,0,0,0.01,0.02,0.1,0.27,0.16,0.05,0,0,0,0,0,0,0,0,0,0,0,0,0,0,0,0.37,0.24,0.08,0,0,0,0,0,0,0,0.04,0.17,0.01,0,0,0,0,0,0,0,0,0,0,0,0.018,0.0648,0.0274,0.0444
51045,0,0,0,0,0,0.01,0.06,0.02,0,0,0,0,0,0,0,0,0,0,0,0,0,0,0,0,0.34,0.22,0.07,0,0,0,0,0,0,0,0.05,0.2,0.02,0.01,0,0,0,0,0,0,0,0,0,0,0,0.0175,0.00934,0.0537
51047,0,0,0,0.01,0.04,0.17,0.37,0.23,0.07,0,0,0,0,0,0,0,0,0,0,0,0,0,0,0,0.31,0.19,0.05,0,0,0,0,0,0,0,0.02,0.14,0,0,0,0,0,0,0,0,0,0,0,0,0.023,0.0466,0.0269,0.0462
51049,0,0,0,0.01,0.03,0.18,0.4,0.25,0.09,0.01,0,0,0,0,0,0,0,0,0.01,0,0,0,0,0,0.24,0.14,0.03,0,0,0,0,0,0,0,0.02,0.11,0,0,0,0,0,0,0,0,0,0,0,0,0.0157,0.103,0.0206,0.0449
51051,0,0,0,0,0,0.01,0.04,0.03,0.02,0,0,0,0,0,0,0,0,0,0,0,0,0,0,0,0.32,0.2,0.06,0,0,0,0,0,0,0,0.04,0.17,0.01,0.01,0,0,0,0,0,0,0,0,0,0,0,0.0322,0.00476,0.0544
51053,0,0,0,0.01,0.04,0.21,0.44,0.27,0.09,0.01,0,0,0,0,0,0,0,0,0.01,0,0,0,0,0,0.2,0.1,0.02,0,0,0,0,0,0,0,0,0.07,0,0,0,0,0,0,0,0,0,0,0,0,0.0118,0.0231,0.0212,0.0395
51057,0,0,0,0.01,0.05,0.21,0.43,0.27,0.07,0,0,0,0,0,0,0,0,0,0.01,0,0,0,0,0,0.21,0.13,0.02,0,0,0,0,0,0,0,0.01,0.07,0,0,0,0,0,0,0,0,0,0,0,0,0.0352,0.00851,0.0316,0.0404
51059,0,0,0,0.01,0.04,0.15,0.34,0.23,0.07,0,0,0,0,0,0,0,0,0,0,0,0,0,0,0,0.26,0.17,0.04,0,0,0,0,0,0,0,0.01,0.1,0,0,0,0,0,0,0,0,0,0,0,0,0.0567,0.0558,0.0322,0.0401
51061,0,0,0,0.01,0.02,0.12,0.29,0.18,0.06,0,0,0,0,0,0,0,0,0,0,0,0,0,0,0,0.32,0.21,0.06,0,0,0,0,0,0,0,0.02,0.15,0,0,0,0,0,0,0,0,0,0,0,0,0.0327,0.0259,0.0286,0.0445
51063,0,0,0,0,0,0,0.01,0.01,0,0,0,0,0,0,0,0,0,0,0,0,0,0,0,0,0.35,0.24,0.08,0,0,0,0,0,0,0,0.06,0.2,0.01,0.01,0,0,0,0,0,0,0,0,0,0,0,0.0315,0.00951,0.0444
51065,0,0,0,0.01,0.04,0.19,0.39,0.25,0.08,0.01,0,0,0,0,0,0,0,0,0.01,0,0,0,0,0,0.26,0.16,0.04,0,0,0,0,0,0,0,0.02,0.12,0,0,0,0,0,0,0,0,0,0,0,0,0.0305,0.206,0.0218,0.0472
51067,0,0,0,0,0.01,0.09,0.25,0.15,0.04,0,0,0,0,0,0,0,0,0,0,0,0,0,0,0,0.23,0.13,0.03,0,0,0,0,0,0,0,0.02,0.11,0,0,0,0,0,0,0,0,0,0,0,0,0,0.0424,0.0112,0.044
51069,0,0,0,0.01,0.02,0.1,0.25,0.14,0.05,0,0,0,0,0,0,0,0,0,0,0,0,0,0,0,0.38,0.26,0.1,0,0,0,0,0,0,0,0.04,0.21,0.01,0,0,0,0,0,0,0,0,0,0,0,0.00534,0.0323,0.0251,0.0463
51071,0,0,0,0,0,0,0.03,0.02,0,0,0,0,0,0,0,0,0,0,0,0,0,0,0,0,0.36,0.25,0.08,0,0,0,0,0,0,0,0.06,0.23,0.02,0.01,0,0,0,0,0,0,0,0,0,0,0,0.0354,0.00768,0.0529
51073,0,0,0,0.01,0.03,0.18,0.41,0.25,0.05,0,0,0,0,0,0,0,0,0,0.01,0,0,0,0,0,0.14,0.07,0.01,0,0,0,0,0,0,0,0,0.03,0,0,0,0,0,0,0,0,0,0,0,0,0.0315,0.0116,0.0294,0.038
51075,0,0,0,0.01,0.05,0.2,0.41,0.27,0.09,0.01,0,0,0,0,0,0,0,0,0.01,0,0,0,0,0,0.27,0.16,0.04,0,0,0,0,0,0,0,0.02,0.12,0,0,0,0,0,0,0,0,0,0,0,0,0.0216,0.12,0.0238,0.0447
51077,0,0,0,0,0,0,0,0,0,0,0,0,0,0,0,0,0,0,0,0,0,0,0,0,0.38,0.26,0.11,0,0,0,0,0,0,0,0.1,0.26,0.02,0.01,0,0,0,0,0,0,0,0,0,0,0,0.0276,0.00771,0.0416
51079,0,0,0,0,0.01,0.07,0.22,0.11,0.04,0,0,0,0,0,0,0,0,0,0,0,0,0,0,0,0.31,0.2,0.06,0,0,0,0,0,0,0,0.03,0.16,0.01,0,0,0,0,0,0,0,0,0,0,0,0.0028,0.0561,0.022,0.0501
51081,0,0,0,0.01,0.05,0.24,0.47,0.3,0.09,0.01,0,0,0,0,0,0,0,0,0.01,0,0,0,0,0,0.17,0.07,0.02,0,0,0,0,0,0,0,0,0.05,0,0,0,0,0,0,0,0,0,0,0,0,0.0347,0.0145,0.0189,0.0357
51083,0,0,0,0,0.02,0.17,0.34,0.23,0.07,0.01,0,0,0,0,0,0,0,0,0,0,0,0,0,0,0.2,0.11,0.03,0,0,0,0,0,0,0,0.01,0.08,0,0,0,0,0,0,0,0,0,0,0,0,0.00782,0.0221,0.0148,0.0382
51085,0,0,0,0.02,0.05,0.21,0.42,0.29,0.1,0.01,0,0,0,0,0,0,0,0,0.01,0,0,0,0,0,0.25,0.15,0.02,0,0,0,0,0,0,0,0.01,0.1,0,0,0,0,0,0,0,0,0,0,0,0,0.0237,0.0188,0.027,0.043
51087,0,0,0,0.01,0.05,0.22,0.45,0.3,0.09,0.01,0,0,0,0,0,0,0,0,0.01,0,0,0,0,0,0.2,0.11,0.02,0,0,0,0,0,0,0,0.01,0.07,0,0,0,0,0,0,0,0,0,0,0,0,0.0606,0.012,0.0257,0.0409
51089,0,0,0,0.01,0.02,0.17,0.34,0.21,0.06,0,0,0,0,0,0,0,0,0,0,0,0,0,0,0,0.21,0.09,0.03,0,0,0,0,0,0,0,0.01,0.09,0,0,0,0,0,0,0,0,0,0,0,0,0.00351,0.0197,0.011,0.0376
51091,0,0,0,0,0,0,0.02,0,0,0,0,0,0,0,0,0,0,0,0,0,0,0,0,0,0.49,0.38,0.19,0.02,0,0,0,0,0,0,0.12,0.33,0.05,0.03,0,0,0,0,0,0,0,0,0,0,0,0.0384,0.0131,0.0591
51093,0,0,0,0.01,0.04,0.23,0.46,0.28,0.06,0,0,0,0,0,0,0,0,0,0.01,0,0,0,0,0,0.13,0.06,0.01,0,0,0,0,0,0,0,0,0.03,0,0,0,0,0,0,0,0,0,0,0,0,0.0138,0.0275,0.0235,0.036
51095,0,0,0,0.01,0.04,0.21,0.44,0.27,0.06,0,0,0,0,0,0,0,0,0,0.01,0,0,0,0,0,0.13,0.07,0.01,0,0,0,0,0,0,0,0,0.03,0,0,0,0,0,0,0,0,0,0,0,0,0.0221,0.00119,0.0274,0.0386
51097,0,0,0,0.01,0.05,0.22,0.44,0.29,0.08,0,0,0,0,0,0,0,0,0,0.01,0,0,0,0,0,0.21,0.12,0.02,0,0,0,0,0,0,0,0.01,0.07,0,0,0,0,0,0,0,0,0,0,0,0,0.0439,0.0046,0.0302,0.0401
51099,0,0,0,0.01,0.04,0.2,0.43,0.25,0.07,0,0,0,0,0,0,0,0,0,0.01,0,0,0,0,0,0.22,0.14,0.02,0,0,0,0,0,0,0,0,0.08,0,0,0,0,0,0,0,0,0,0,0,0,0.00697,0.118,0.032,0.0412
51101,0,0,0,0.02,0.05,0.24,0.46,0.3,0.09,0.01,0,0,0,0,0,0,0,0,0.01,0,0,0,0,0,0.22,0.13,0.02,0,0,0,0,0,0,0,0.01,0.08,0,0,0,0,0,0,0,0,0,0,0,0,0.0138,0.00463,0.0291,0.041
51103,0,0,0,0,0.03,0.15,0.38,0.23,0.05,0,0,0,0,0,0,0,0,0,0.01,0,0,0,0,0,0.17,0.09,0.01,0,0,0,0,0,0,0,0,0.05,0,0,0,0,0,0,0,0,0,0,0,0,0.0223,0.0132,0.0325,0.0378
51105,0,0,0,0,0,0.02,0.07,0.07,0.03,0,0,0,0,0,0,0,0,0,0,0,0,0,0,0,0.29,0.17,0.05,0,0,0,0,0,0,0,0.04,0.15,0.01,0.01,0,0,0,0,0,0,0,0,0,0,0,0.00959,0.00495,0.0483
51107,0,0,0,0.01,0.03,0.12,0.3,0.18,0.06,0,0,0,0,0,0,0,0,0,0,0,0,0,0,0,0.33,0.21,0.07,0,0,0,0,0,0,0,0.02,0.15,0,0,0,0,0,0,0,0,0,0,0,0,0.0861,0.0284,0.0299,0.0417
51109,0,0,0,0.01,0.04,0.18,0.39,0.25,0.08,0.01,0,0,0,0,0,0,0,0,0.01,0,0,0,0,0,0.29,0.18,0.04,0,0,0,0,0,0,0,0.02,0.14,0,0,0,0,0,0,0,0,0,0,0,0,0.0284,0.223,0.0249,0.0459
51111,0,0,0,0.01,0.02,0.16,0.34,0.22,0.07,0,0,0,0,0,0,0,0,0,0.01,0,0,0,0,0,0.2,0.1,0.02,0,0,0,0,0,0,0,0.01,0.07,0,0,0,0,0,0,0,0,0,0,0,0,0.00264,0.039,0.018,0.0393
51113,0,0,0,0,0.01,0.08,0.21,0.12,0.04,0,0,0,0,0,0,0,0,0,0,0,0,0,0,0,0.33,0.21,0.07,0,0,0,0,0,0,0,0.03,0.17,0.01,0,0,0,0,0,0,0,0,0,0,0,0.0113,0.0588,0.024,0.0486
51115,0,0,0,0,0.03,0.16,0.38,0.22,0.05,0,0,0,0,0,0,0,0,0,0,0,0,0,0,0,0.13,0.07,0.01,0,0,0,0,0,0,0,0,0.03,0,0,0,0,0,0,0,0,0,0,0,0,0.014,0.0095,0.0307,0.037
51117,0,0,0,0.01,0.02,0.19,0.44,0.26,0.08,0,0,0,0,0,0,0,0,0,0.01,0,0,0,0,0,0.19,0.08,0.02,0,0,0,0,0,0,0,0.01,0.06,0,0,0,0,0,0,0,0,0,0,0,0,0.0094,0.0102,0.0165,0.0366
51119,0,0,0,0,0.03,0.16,0.4,0.24,0.05,0,0,0,0,0,0,0,0,0,0.01,0,0,0,0,0,0.16,0.09,0.01,0,0,0,0,0,0,0,0,0.04,0,0,0,0,0,0,0,0,0,0,0,0,0.0393,0.0154,0.0312,0.0383
51121,0,0,0,0,0,0.02,0.07,0.04,0.01,0,0,0,0,0,0,0,0,0,0,0,0,0,0,0,0.32,0.21,0.06,0,0,0,0,0,0,0,0.06,0.18,0.01,0.01,0,0,0,0,0,0,0,0,0,0,0,0.049,0.00904,0.0491
51125,0,0,0,0.01,0.01,0.06,0.18,0.11,0.03,0,0,0,0,0,0,0,0,0,0,0,0,0,0,0,0.27,0.17,0.05,0,0,0,0,0,0,0,0.03,0.14,0,0,0,0,0,0,0,0,0,0,0,0,0.00458,0.116,0.0174,0.0505
51127,0,0,0,0.02,0.05,0.23,0.46,0.3,0.08,0,0,0,0,0,0,0,0,0,0.01,0,0,0,0,0,0.19,0.1,0.02,0,0,0,0,0,0,0,0,0.06,0,0,0,0,0,0,0,0,0,0,0,0,0.00885,0.0127,0.028,0.0401
51131,0,0,0,0,0.01,0.11,0.3,0.15,0.03,0,0,0,0,0,0,0,0,0,0,0,0,0,0,0,0.11,0.05,0.01,0,0,0,0,0,0,0,0,0.01,0,0,0,0,0,0,0,0,0,0,0,0,0.00279,0.0324,0.0306,0.0355
51133,0,0,0,0,0.03,0.15,0.39,0.23,0.05,0,0,0,0,0,0,0,0,0,0.01,0,0,0,0,0,0.18,0.11,0.02,0,0,0,0,0,0,0,0,0.05,0,0,0,0,0,0,0,0,0,0,0,0,0.0182,0.0281,0.0337,0.0375
51135,0,0,0,0.01,0.02,0.17,0.37,0.24,0.08,0.01,0,0,0,0,0,0,0,0,0.01,0,0,0,0,0,0.22,0.11,0.03,0,0,0,0,0,0,0,0.01,0.08,0,0,0,0,0,0,0,0,0,0,0,0,0.0084,0.0292,0.0198,0.0409
51137,0,0,0,0.01,0.03,0.17,0.38,0.24,0.07,0,0,0,0,0,0,0,0,0,0.01,0,0,0,0,0,0.3,0.19,0.05,0,0,0,0,0,0,0,0.02,0.13,0,0,0,0,0,0,0,0,0,0,0,0,0.021,0.131,0.0257,0.0467
51139,0,0,0,0,0.01,0.05,0.13,0.08,0.02,0,0,0,0,0,0,0,0,0,0,0,0,0,0,0,0.37,0.27,0.09,0,0,0,0,0,0,0,0.05,0.21,0.01,0,0,0,0,0,0,0,0,0,0,0,0,0.0304,0.0227,0.0503
51141,0,0,0,0,0,0.05,0.14,0.08,0.01,0,0,0,0,0,0,0,0,0,0,0,0,0,0,0,0.24,0.14,0.03,0,0,0,0,0,0,0,0.03,0.12,0,0,0,0,0,0,0,0,0,0,0,0,0,0.0609,0.0101,0.0392
51143,0,0,0,0,0.02,0.15,0.32,0.21,0.06,0,0,0,0,0,0,0,0,0,0,0,0,0,0,0,0.22,0.11,0.03,0,0,0,0,0,0,0,0.01,0.09,0,0,0,0,0,0,0,0,0,0,0,0,0.000352,0.0131,0.0131,0.0399
51145,0,0,0,0.01,0.04,0.2,0.42,0.27,0.09,0.01,0,0,0,0,0,0,0,0,0.01,0,0,0,0,0,0.25,0.14,0.03,0,0,0,0,0,0,0,0.01,0.1,0,0,0,0,0,0,0,0,0,0,0,0,0.0189,0.0784,0.0229,0.0438
51147,0,0,0,0.01,0.02,0.14,0.32,0.22,0.07,0,0,0,0,0,0,0,0,0,0.01,0,0,0,0,0,0.21,0.12,0.03,0,0,0,0,0,0,0,0.02,0.09,0,0,0,0,0,0,0,0,0,0,0,0,0.00416,0.0295,0.0183,0.0428
51149,0,0,0,0.01,0.05,0.23,0.47,0.29,0.08,0,0,0,0,0,0,0,0,0,0.01,0,0,0,0,0,0.15,0.08,0.01,0,0,0,0,0,0,0,0,0.04,0,0,0,0,0,0,0,0,0,0,0,0,0.000599,0.0118,0.024,0.0393
51153,0,0,0,0.01,0.04,0.16,0.36,0.24,0.07,0,0,0,0,0,0,0,0,0,0,0,0,0,0,0,0.27,0.17,0.04,0,0,0,0,0,0,0,0.01,0.11,0,0,0,0,0,0,0,0,0,0,0,0,0.0584,0.0988,0.0309,0.0421
51155,0,0,0,0,0,0.02,0.06,0.04,0.01,0,0,0,0,0,0,0,0,0,0,0,0,0,0,0,0.33,0.21,0.06,0,0,0,0,0,0,0,0.07,0.2,0.01,0.01,0,0,0,0,0,0,0,0,0,0,0,0.0615,0.00811,0.0481
51157,0,0,0,0,0.01,0.07,0.18,0.11,0.03,0,0,0,0,0,0,0,0,0,0,0,0,0,0,0,0.34,0.24,0.08,0,0,0,0,0,0,0,0.03,0.18,0.01,0,0,0,0,0,0,0,0,0,0,0,0.00617,0.0191,0.0256,0.0474
51159,0,0,0,0.01,0.04,0.19,0.42,0.25,0.06,0,0,0,0,0,0,0,0,0,0.01,0,0,0,0,0,0.2,0.12,0.02,0,0,0,0,0,0,0,0,0.06,0,0,0,0,0,0,0,0,0,0,0,0,0.0162,0.0436,0.0327,0.0393
51161,0,0,0,0,0.01,0.05,0.17,0.1,0.03,0,0,0,0,0,0,0,0,0,0,0,0,0,0,0,0.26,0.15,0.05,0,0,0,0,0,0,0,0.03,0.13,0,0,0,0,0,0,0,0,0,0,0,0,0.000815,0.107,0.00965,0.0512
51163,0,0,0,0,0.01,0.05,0.15,0.09,0.02,0,0,0,0,0,0,0,0,0,0,0,0,0,0,0,0.31,0.19,0.05,0,0,0,0,0,0,0,0.04,0.18,0.01,0,0,0,0,0,0,0,0,0,0,0,0.00272,0.0307,0.0137,0.0543
51165,0,0,0,0,0.01,0.04,0.12,0.07,0.02,0,0,0,0,0,0,0,0,0,0,0,0,0,0,0,0.37,0.27,0.1,0,0,0,0,0,0,0,0.06,0.23,0.02,0,0,0,0,0,0,0,0,0,0,0,0,0.0626,0.0189,0.0538
51167,0,0,0,0,0,0,0.03,0.02,0.01,0,0,0,0,0,0,0,0,0,0,0,0,0,0,0,0.33,0.2,0.06,0,0,0,0,0,0,0,0.04,0.18,0.02,0.01,0,0,0,0,0,0,0,0,0,0,0,0.0286,0.00548,0.0497
51169,0,0,0,0,0,0.02,0.08,0.07,0.03,0,0,0,0,0,0,0,0,0,0,0,0,0,0,0,0.28,0.16,0.04,0,0,0,0,0,0,0,0.03,0.14,0.01,0.01,0,0,0,0,0,0,0,0,0,0,0,0.0323,0.00536,0.0468
51171,0,0,0,0,0.01,0.08,0.2,0.13,0.04,0,0,0,0,0,0,0,0,0,0,0,0,0,0,0,0.38,0.26,0.1,0,0,0,0,0,0,0,0.05,0.22,0.02,0,0,0,0,0,0,0,0,0,0,0,0.0542,0.0308,0.0222,0.0505
51173,0,0,0,0,0,0,0.02,0.01,0,0,0,0,0,0,0,0,0,0,0,0,0,0,0,0,0.38,0.26,0.09,0,0,0,0,0,0,0,0.08,0.24,0.02,0.01,0,0,0,0,0,0,0,0,0,0,0,0.0272,0.00658,0.0463
51175,0,0,0,0.01,0.05,0.26,0.47,0.31,0.08,0.01,0,0,0,0,0,0,0,0,0.01,0,0,0,0,0,0.16,0.07,0.02,0,0,0,0,0,0,0,0,0.05,0,0,0,0,0,0,0,0,0,0,0,0,0.0341,0.0228,0.0205,0.0353
51177,0,0,0,0.01,0.04,0.2,0.4,0.25,0.07,0,0,0,0,0,0,0,0,0,0.01,0,0,0,0,0,0.3,0.18,0.05,0,0,0,0,0,0,0,0.02,0.14,0.01,0,0,0,0,0,0,0,0,0,0,0,0.0433,0.179,0.0282,0.0444
51179,0,0,0,0.01,0.04,0.19,0.4,0.26,0.08,0,0,0,0,0,0,0,0,0,0,0,0,0,0,0,0.28,0.17,0.04,0,0,0,0,0,0,0,0.01,0.1,0,0,0,0,0,0,0,0,0,0,0,0,0.0226,0.171,0.0305,0.0428
51181,0,0,0,0.01,0.05,0.23,0.46,0.29,0.07,0,0,0,0,0,0,0,0,0,0.01,0,0,0,0,0,0.14,0.06,0.01,0,0,0,0,0,0,0,0,0.03,0,0,0,0,0,0,0,0,0,0,0,0,0.0251,0.015,0.025,0.0379
51183,0,0,0,0.01,0.05,0.25,0.48,0.31,0.09,0,0,0,0,0,0,0,0,0,0.01,0,0,0,0,0,0.17,0.08,0.02,0,0,0,0,0,0,0,0,0.05,0,0,0,0,0,0,0,0,0,0,0,0,0.0194,0.00943,0.0216,0.0374
51185,0,0,0,0,0,0,0,0,0,0,0,0,0,0,0,0,0,0,0,0,0,0,0,0,0.37,0.27,0.1,0,0,0,0,0,0,0,0.07,0.24,0.02,0.01,0,0,0,0,0,0,0,0,0,0,0,0.0588,0.00585,0.052
51187,0,0,0,0.01,0.01,0.07,0.2,0.12,0.04,0,0,0,0,0,0,0,0,0,0,0,0,0,0,0,0.36,0.24,0.08,0,0,0,0,0,0,0,0.04,0.18,0.01,0,0,0,0,0,0,0,0,0,0,0,0.0057,0.0124,0.0256,0.0471
51191,0,0,0,0,0,0.01,0.06,0.04,0.01,0,0,0,0,0,0,0,0,0,0,0,0,0,0,0,0.31,0.19,0.05,0,0,0,0,0,0,0,0.04,0.18,0.01,0.01,0,0,0,0,0,0,0,0,0,0,0,0.0134,0.00611,0.0456
51193,0,0,0,0,0.04,0.18,0.41,0.24,0.06,0,0,0,0,0,0,0,0,0,0.01,0,0,0,0,0,0.2,0.12,0.02,0,0,0,0,0,0,0,0,0.06,0,0,0,0,0,0,0,0,0,0,0,0,0.031,0.0548,0.0332,0.0394
51195,0,0,0,0,0,0,0,0.01,0,0,0,0,0,0,0,0,0,0,0,0,0,0,0,0,0.33,0.22,0.07,0,0,0,0,0,0,0,0.05,0.2,0.02,0.01,0,0,0,0,0,0,0,0,0,0,0,0.0369,0.00481,0.052
51197,0,0,0,0,0,0.01,0.03,0.02,0,0,0,0,0,0,0,0,0,0,0,0,0,0,0,0,0.36,0.24,0.08,0,0,0,0,0,0,0,0.08,0.24,0.01,0.01,0,0,0,0,0,0,0,0,0,0,0,0.0536,0.00744,0.0461
51199,0,0,0,0.01,0.04,0.19,0.43,0.25,0.05,0,0,0,0,0,0,0,0,0,0.01,0,0,0,0,0,0.11,0.05,0.01,0,0,0,0,0,0,0,0,0.02,0,0,0,0,0,0,0,0,0,0,0,0,0.0294,0.0071,0.0281,0.037
51510,0,0,0,0.01,0.05,0.2,0.41,0.27,0.08,0,0,0,0,0,0,0,0,0,0.01,0,0,0,0,0,0.23,0.16,0.03,0,0,0,0,0,0,0,0,0.07,0,0,0,0,0,0,0,0,0,0,0,0,0.085,0.0269,0.0332,0.0387
51520,0,0,0,0,0,0.05,0.12,0.11,0.05,0,0,0,0,0,0,0,0,0,0,0,0,0,0,0,0.28,0.15,0.03,0,0,0,0,0,0,0,0.03,0.13,0.01,0.01,0,0,0,0,0,0,0,0,0,0,,,0.00613,0.0436
51530,0,0,0,0,0.01,0.11,0.27,0.16,0.05,0,0,0,0,0,0,0,0,0,0,0,0,0,0,0,0.28,0.17,0.05,0,0,0,0,0,0,0,0.03,0.16,0.01,0,0,0,0,0,0,0,0,0,0,0,0,0.0556,0.0142,0.0528
51540,0,0,0,0.01,0.03,0.18,0.38,0.23,0.08,0.01,0,0,0,0,0,0,0,0,0.01,0,0,0,0,0,0.25,0.15,0.04,0,0,0,0,0,0,0,0.01,0.11,0,0,0,0,0,0,0,0,0,0,0,0,0.0938,0.15,0.0211,0.0494
51550,0,0,0,0.01,0.03,0.2,0.4,0.25,0.05,0,0,0,0,0,0,0,0,0,0,0,0,0,0,0,0.11,0.05,0,0,0,0,0,0,0,0,0,0.02,0,0,0,0,0,0,0,0,0,0,0,0,0.00209,0.0154,0.0225,0.0334
51570,0,0,0,0.01,0.05,0.24,0.48,0.31,0.1,0.01,0,0,0,0,0,0,0,0,0.01,0,0,0,0,0,0.17,0.09,0.01,0,0,0,0,0,0,0,0,0.05,0,0,0,0,0,0,0,0,0,0,0,0,0.00658,0.0163,0.0238,0.0403
51580,0,0,0,0.01,0.02,0.1,0.23,0.16,0.05,0,0,0,0,0,0,0,0,0,0,0,0,0,0,0,0.3,0.18,0.05,0,0,0,0,0,0,0,0.04,0.18,0.01,0.01,0,0,0,0,0,0,0,0,0,0,0,0.0152,0.0104,0.057
51590,0,0,0,0.01,0.03,0.22,0.44,0.28,0.08,0.01,0,0,0,0,0,0,0,0,0,0,0,0,0,0,0.18,0.08,0.02,0,0,0,0,0,0,0,0.01,0.06,0,0,0,0,0,0,0,0,0,0,0,0,0.0282,0.0347,0.0129,0.0361
51595,0,0,0,0.01,0.05,0.25,0.49,0.31,0.09,0.01,0,0,0,0,0,0,0,0,0.01,0,0,0,0,0,0.17,0.07,0.02,0,0,0,0,0,0,0,0,0.05,0,0,0,0,0,0,0,0,0,0,0,0,0.014,0.0502,0.019,0.0358
51600,0,0,0,0.01,0.02,0.12,0.3,0.2,0.06,0,0,0,0,0,0,0,0,0,0,0,0,0,0,0,0.27,0.18,0.05,0,0,0,0,0,0,0,0.01,0.11,0,0,0,0,0,0,0,0,0,0,0,0,0.0469,0.0116,0.0321,0.0402
51610,0,0,0,0.01,0.03,0.13,0.31,0.19,0.06,0,0,0,0,0,0,0,0,0,0,0,0,0,0,0,0.26,0.17,0.05,0,0,0,0,0,0,0,0,0.09,0,0,0,0,0,0,0,0,0,0,0,0,0.0485,0.0362,0.0327,0.0391
51620,0,0,0,0.01,0.06,0.27,0.49,0.32,0.08,0,0,0,0,0,0,0,0,0,0.01,0,0,0,0,0,0.16,0.07,0.01,0,0,0,0,0,0,0,0,0.05,0,0,0,0,0,0,0,0,0,0,0,0,0.0516,0.124,0.0207,0.0347
51630,0,0,0,0.01,0.04,0.21,0.42,0.26,0.08,0,0,0,0,0,0,0,0,0,0.01,0,0,0,0,0,0.29,0.18,0.04,0,0,0,0,0,0,0,0.01,0.12,0.01,0,0,0,0,0,0,0,0,0,0,0,0.0386,0.124,0.0299,0.0432
51640,0,0,0,0,0,0.01,0.03,0.02,0,0,0,0,0,0,0,0,0,0,0,0,0,0,0,0,0.32,0.2,0.06,0,0,0,0,0,0,0,0.06,0.19,0.01,0.01,0,0,0,0,0,0,0,0,0,0,0,0.00183,0.00837,0.0409
51650,0,0,0,0,0.03,0.19,0.43,0.23,0.05,0,0,0,0,0,0,0,0,0,0.01,0,0,0,0,0,0.09,0.03,0,0,0,0,0,0,0,0,0,0.01,0,0,0,0,0,0,0,0,0,0,0,0,0.00748,0.013,0.0266,0.0359
51660,0,0,0,0,0.01,0.08,0.2,0.13,0.04,0,0,0,0,0,0,0,0,0,0,0,0,0,0,0,0.33,0.22,0.08,0,0,0,0,0,0,0,0.05,0.2,0.01,0,0,0,0,0,0,0,0,0,0,0,,,0.0189,0.0537
51670,0,0,0,0.01,0.04,0.23,0.46,0.28,0.08,0.01,0,0,0,0,0,0,0,0,0.01,0,0,0,0,0,0.13,0.07,0.01,0,0,0,0,0,0,0,0,0.04,0,0,0,0,0,0,0,0,0,0,0,0,0.0208,0.00106,0.0245,0.0402
51680,0,0,0,0.01,0.02,0.11,0.28,0.18,0.05,0,0,0,0,0,0,0,0,0,0,0,0,0,0,0,0.24,0.14,0.04,0,0,0,0,0,0,0,0.02,0.12,0,0,0,0,0,0,0,0,0,0,0,0,0.0433,0.0718,0.0147,0.048
51683,0,0,0,0.01,0.04,0.18,0.38,0.26,0.08,0,0,0,0,0,0,0,0,0,0.01,0,0,0,0,0,0.28,0.18,0.05,0,0,0,0,0,0,0,0.01,0.12,0,0,0,0,0,0,0,0,0,0,0,0,,,0.031,0.042
51685,0,0,0,0.01,0.04,0.17,0.36,0.25,0.07,0,0,0,0,0,0,0,0,0,0.01,0,0,0,0,0,0.28,0.18,0.04,0,0,0,0,0,0,0,0.01,0.12,0,0,0,0,0,0,0,0,0,0,0,0,0.0391,0,0.0312,0.0416
51690,0,0,0,0.01,0.02,0.18,0.35,0.24,0.07,0,0,0,0,0,0,0,0,0,0,0,0,0,0,0,0.21,0.1,0.03,0,0,0,0,0,0,0,0.01,0.1,0,0,0,0,0,0,0,0,0,0,0,0,,,0.0114,0.0385
51700,0,0,0,0.01,0.04,0.2,0.44,0.26,0.05,0,0,0,0,0,0,0,0,0,0.01,0,0,0,0,0,0.1,0.04,0,0,0,0,0,0,0,0,0,0.02,0,0,0,0,0,0,0,0,0,0,0,0,0.0136,0.00776,0.026,0.0366
51710,0,0,0,0,0.02,0.17,0.4,0.21,0.03,0,0,0,0,0,0,0,0,0,0,0,0,0,0,0,0.07,0.03,0,0,0,0,0,0,0,0,0,0.01,0,0,0,0,0,0,0,0,0,0,0,0,0.00713,0.0117,0.0254,0.0351
51720,0,0,0,0,0,0,0,0.01,0,0,0,0,0,0,0,0,0,0,0,0,0,0,0,0,0.33,0.22,0.06,0,0,0,0,0,0,0,0.04,0.19,0.02,0.01,0,0,0,0,0,0,0,0,0,0,0,0,0.0049,0.0512
51730,0,0,0,0.01,0.05,0.24,0.47,0.3,0.09,0.01,0,0,0,0,0,0,0,0,0.01,0,0,0,0,0,0.17,0.09,0.01,0,0,0,0,0,0,0,0,0.05,0,0,0,0,0,0,0,0,0,0,0,0,0.00157,0.0154,0.0234,0.0399
51735,0,0,0,0.01,0.03,0.18,0.42,0.23,0.04,0,0,0,0,0,0,0,0,0,0,0,0,0,0,0,0.09,0.04,0,0,0,0,0,0,0,0,0,0.01,0,0,0,0,0,0,0,0,0,0,0,0,0.00429,0.000896,0.0274,0.0363
51740,0,0,0,0,0.03,0.19,0.41,0.22,0.04,0,0,0,0,0,0,0,0,0,0.01,0,0,0,0,0,0.07,0.02,0,0,0,0,0,0,0,0,0,0.01,0,0,0,0,0,0,0,0,0,0,0,0,0.00331,0.000415,0.0243,0.0349
51750,0,0,0,0,0,0.03,0.1,0.07,0.02,0,0,0,0,0,0,0,0,0,0,0,0,0,0,0,0.33,0.21,0.06,0,0,0,0,0,0,0,0.06,0.19,0.01,0.01,0,0,0,0,0,0,0,0,0,0,0,0.0877,0.00851,0.0487
51760,0,0,0,0.01,0.05,0.22,0.45,0.3,0.09,0.01,0,0,0,0,0,0,0,0,0.01,0,0,0,0,0,0.21,0.11,0.02,0,0,0,0,0,0,0,0.01,0.07,0,0,0,0,0,0,0,0,0,0,0,0,0.0551,0.000768,0.0255,0.042
51770,0,0,0,0.01,0.02,0.14,0.34,0.21,0.06,0,0,0,0,0,0,0,0,0,0,0,0,0,0,0,0.22,0.11,0.04,0,0,0,0,0,0,0,0.02,0.1,0,0,0,0,0,0,0,0,0,0,0,0,0.00702,0.029,0.0107,0.0493
51775,0,0,0,0,0.02,0.14,0.34,0.21,0.07,0,0,0,0,0,0,0,0,0,0,0,0,0,0,0,0.24,0.13,0.04,0,0,0,0,0,0,0,0.02,0.11,0,0,0,0,0,0,0,0,0,0,0,0,,,0.0103,0.0498
51790,0,0,0,0,0.01,0.07,0.17,0.11,0.03,0,0,0,0,0,0,0,0,0,0,0,0,0,0,0,0.33,0.22,0.08,0,0,0,0,0,0,0,0.05,0.19,0.01,0,0,0,0,0,0,0,0,0,0,0,0.00425,0.0211,0.0168,0.0543
51800,0,0,0,0.01,0.05,0.24,0.45,0.28,0.06,0,0,0,0,0,0,0,0,0,0.01,0,0,0,0,0,0.13,0.06,0.01,0,0,0,0,0,0,0,0,0.03,0,0,0,0,0,0,0,0,0,0,0,0,0.0145,0.00188,0.0217,0.0343
51810,0,0,0,0,0.01,0.12,0.32,0.16,0.02,0,0,0,0,0,0,0,0,0,0,0,0,0,0,0,0.06,0.03,0,0,0,0,0,0,0,0,0,0.01,0,0,0,0,0,0,0,0,0,0,0,0,0.00363,0.0511,0.0243,0.0336
51820,0,0,0,0,0.01,0.06,0.17,0.1,0.03,0,0,0,0,0,0,0,0,0,0,0,0,0,0,0,0.29,0.19,0.06,0,0,0,0,0,0,0,0.03,0.16,0,0,0,0,0,0,0,0,0,0,0,0,0.00181,0.00976,0.0179,0.0526
51830,0,0,0,0.01,0.05,0.22,0.45,0.27,0.07,0,0,0,0,0,0,0,0,0,0.01,0,0,0,0,0,0.14,0.08,0.01,0,0,0,0,0,0,0,0,0.03,0,0,0,0,0,0,0,0,0,0,0,0,0.0271,0,0.0272,0.0381
51840,0,0,0,0.01,0.02,0.11,0.27,0.16,0.06,0,0,0,0,0,0,0,0,0,0,0,0,0,0,0,0.37,0.25,0.09,0,0,0,0,0,0,0,0.04,0.19,0.01,0,0,0,0,0,0,0,0,0,0,0,0.0284,0.00708,0.0258,0.0457
53001,0,0,0,0,0.02,0.08,0.39,0.33,0.05,0,0,0,0,0,0,0,0,0.01,0.03,0.02,0,0,0,0,0.24,0.13,0.02,0,0,0,0,0,0,0.02,0.11,0.23,0.01,0,0,0,0,0,0,0,0,0,0,0.01,0.057,0.0352,0.00658,0.068
53003,0,0,0,0,0.01,0.04,0.29,0.28,0.05,0,0,0,0,0,0,0,0,0,0.01,0.01,0,0,0,0,0.2,0.15,0.03,0,0,0,0,0,0,0.02,0.09,0.19,0,0.01,0,0,0,0,0,0,0,0,0,0.01,0.0206,0.0446,0.0123,0.097
53005,0,0,0,0,0.03,0.12,0.49,0.39,0.06,0,0,0,0,0,0,0,0,0.01,0.05,0.02,0,0,0,0,0.15,0.08,0.02,0,0,0,0,0,0,0.01,0.06,0.15,0.01,0,0,0,0,0,0,0,0,0,0,0,0.0681,0.0324,0.00598,0.0813
53007,0,0,0,0,0,0.01,0.03,0.02,0,0,0,0,0,0,0,0,0,0,0,0,0,0,0,0,0.35,0.27,0.1,0,0,0,0,0,0,0.01,0.12,0.35,0.01,0.01,0,0,0,0,0,0,0,0,0,0.01,0,0.0366,0.00338,0.045
53009,0,0,0,0,0,0,0,0,0,0,0,0,0,0,0,0,0,0,0,0,0,0,0,0,0.02,0.02,0,0,0,0,0,0,0,0,0.01,0.02,0,0,0,0,0,0,0,0,0,0,0,0,0,0.0383,0.00236,0.0346
53011,0,0,0,0,0.01,0.03,0.11,0.11,0.02,0,0,0,0,0,0,0,0,0,0.01,0,0,0,0,0,0.02,0.01,0,0,0,0,0,0,0,0,0,0.02,0,0,0,0,0,0,0,0,0,0,0,0,0.00899,0.0447,0.00389,0.0849
53013,0,0,0,0,0,0.03,0.21,0.18,0.02,0,0,0,0,0,0,0,0,0,0,0,0,0,0,0,0.19,0.12,0.03,0,0,0,0,0,0,0.01,0.08,0.17,0,0,0,0,0,0,0,0,0,0,0,0.01,0.00212,0.0165,0.0105,0.0884
53015,0,0,0,0,0,0.02,0.05,0.04,0.01,0,0,0,0,0,0,0,0,0,0,0,0,0,0,0,0.02,0.03,0,0,0,0,0,0,0,0,0.01,0.02,0,0,0,0,0,0,0,0,0,0,0,0,0,0.0675,0.00352,0.0768
53017,0,0,0,0,0.01,0.05,0.3,0.26,0.04,0,0,0,0,0,0,0,0,0,0.02,0,0,0,0,0,0.36,0.24,0.04,0,0,0,0,0,0,0.01,0.13,0.36,0.02,0.01,0,0,0,0,0,0,0,0,0,0.01,0.0426,0.0811,0.00417,0.0492
53019,0,0,0,0,0,0.01,0.08,0.08,0.01,0,0,0,0,0,0,0,0,0,0,0,0,0,0,0,0.45,0.43,0.17,0.01,0,0,0,0,0,0.03,0.22,0.54,0.04,0.02,0,0,0,0,0,0,0,0,0.01,0.04,0.00455,0.065,0.00493,0.0638
53021,0,0,0,0,0.03,0.1,0.46,0.37,0.06,0,0,0,0,0,0,0,0,0.01,0.05,0.02,0,0,0,0,0.18,0.09,0.02,0,0,0,0,0,0,0.01,0.06,0.16,0.01,0,0,0,0,0,0,0,0,0,0,0.01,0,0.0331,0.00668,0.0757
53023,0,0,0,0,0,0.03,0.24,0.23,0.03,0,0,0,0,0,0,0,0,0,0,0.01,0,0,0,0,0.18,0.12,0.02,0,0,0,0,0,0,0.02,0.08,0.18,0,0,0,0,0,0,0,0,0,0,0,0.01,0.0101,0.0342,0.0105,0.0902
53025,0,0,0,0,0.03,0.1,0.45,0.36,0.06,0,0,0,0,0,0,0,0,0.01,0.05,0.02,0,0,0,0,0.26,0.14,0.02,0,0,0,0,0,0,0.01,0.1,0.26,0.01,0,0,0,0,0,0,0,0,0,0,0.01,0,0,0.00486,0.0593
53027,0,0,0,0,0,0.01,0.02,0.01,0,0,0,0,0,0,0,0,0,0,0,0,0,0,0,0,0.01,0.01,0,0,0,0,0,0,0,0,0,0.02,0,0,0,0,0,0,0,0,0,0,0,0,,,0.0028,0.058
53029,0,0,0,0,0,0,0,0,0,0,0,0,0,0,0,0,0,0,0,0,0,0,0,0,0.01,0.01,0,0,0,0,0,0,0,0,0.01,0.01,0,0,0,0,0,0,0,0,0,0,0,0,0,0.000282,0.00246,0.0363
53031,0,0,0,0,0,0,0,0,0,0,0,0,0,0,0,0,0,0,0,0,0,0,0,0,0.05,0.06,0.01,0,0,0,0,0,0,0,0.01,0.04,0,0,0,0,0,0,0,0,0,0,0,0,0,0.0224,0.00252,0.0428
53033,0,0,0,0,0,0,0.02,0,0,0,0,0,0,0,0,0,0,0,0,0,0,0,0,0,0.05,0.04,0,0,0,0,0,0,0,0,0.01,0.04,0,0,0,0,0,0,0,0,0,0,0,0,0.00319,0.00562,0.003,0.0515
53035,0,0,0,0,0,0.01,0.03,0.01,0,0,0,0,0,0,0,0,0,0,0,0,0,0,0,0,0.01,0.01,0,0,0,0,0,0,0,0,0.01,0.02,0,0,0,0,0,0,0,0,0,0,0,0,0.00189,0.00129,0.0027,0.0477
53037,0,0,0,0,0,0.01,0.09,0.06,0,0,0,0,0,0,0,0,0,0,0,0,0,0,0,0,0.28,0.21,0.06,0,0,0,0,0,0,0.01,0.11,0.28,0.01,0.01,0,0,0,0,0,0,0,0,0,0.01,0.000855,0.198,0.00382,0.0597
53039,0,0,0,0,0.01,0.04,0.25,0.21,0.03,0,0,0,0,0,0,0,0,0,0.01,0.01,0,0,0,0,0.17,0.1,0.02,0,0,0,0,0,0,0.01,0.06,0.16,0,0,0,0,0,0,0,0,0,0,0,0.01,0,0,0.00469,0.0854
53041,0,0,0,0,0,0.01,0.04,0.02,0,0,0,0,0,0,0,0,0,0,0,0,0,0,0,0,0.05,0.05,0,0,0,0,0,0,0,0,0.02,0.04,0,0,0,0,0,0,0,0,0,0,0,0,0.00198,0.0865,0.00335,0.0694
53043,0,0,0,0,0.01,0.05,0.31,0.27,0.04,0,0,0,0,0,0,0,0,0,0.02,0.01,0,0,0,0,0.33,0.26,0.05,0,0,0,0,0,0,0.03,0.17,0.35,0.03,0.01,0,0,0,0,0,0,0,0,0.01,0.02,0.0207,0.0835,0.00589,0.0634
53045,0,0,0,0,0,0.01,0.03,0.01,0,0,0,0,0,0,0,0,0,0,0,0,0,0,0,0,0.02,0.03,0,0,0,0,0,0,0,0,0.01,0.03,0,0,0,0,0,0,0,0,0,0,0,0,0.00349,0.0329,0.00277,0.0536
53047,0,0,0,0,0,0.01,0.04,0.03,0,0,0,0,0,0,0,0,0,0,0,0,0,0,0,0,0.45,0.41,0.17,0.01,0,0,0,0,0,0.02,0.2,0.54,0.03,0.02,0,0,0,0,0,0,0,0,0.01,0.03,0,0,0.00359,0.0423
53049,0,0,0,0,0,0,0.01,0.01,0,0,0,0,0,0,0,0,0,0,0,0,0,0,0,0,0.01,0.01,0,0,0,0,0,0,0,0,0,0.02,0,0,0,0,0,0,0,0,0,0,0,0,,,0.00308,0.0699
53051,0,0,0,0,0,0.01,0.05,0.04,0,0,0,0,0,0,0,0,0,0,0,0,0,0,0,0,0.41,0.41,0.19,0.02,0,0,0,0,0,0.03,0.2,0.46,0.05,0.04,0,0,0,0,0,0,0,0,0.01,0.04,0,0.05,0.00629,0.0973
53053,0,0,0,0,0,0,0.02,0,0,0,0,0,0,0,0,0,0,0,0,0,0,0,0,0,0.05,0.05,0,0,0,0,0,0,0,0,0.01,0.04,0,0,0,0,0,0,0,0,0,0,0,0,0.00894,0.0103,0.00314,0.0602
53055,0,0,0,0,0,0,0,0,0,0,0,0,0,0,0,0,0,0,0,0,0,0,0,0,0.02,0.01,0,0,0,0,0,0,0,0,0.01,0.01,0,0,0,0,0,0,0,0,0,0,0,0,0,0.0586,0.00225,0.0288
53057,0,0,0,0,0,0,0.01,0,0,0,0,0,0,0,0,0,0,0,0,0,0,0,0,0,0.09,0.07,0.01,0,0,0,0,0,0,0,0.02,0.08,0,0,0,0,0,0,0,0,0,0,0,0,0,0.0226,0.0025,0.0309
53059,0,0,0,0,0,0.01,0.04,0.02,0,0,0,0,0,0,0,0,0,0,0,0,0,0,0,0,0.09,0.08,0.01,0,0,0,0,0,0,0,0.02,0.07,0,0,0,0,0,0,0,0,0,0,0,0,0,0,0.00386,0.0801
53061,0,0,0,0,0,0,0.01,0,0,0,0,0,0,0,0,0,0,0,0,0,0,0,0,0,0.07,0.06,0.01,0,0,0,0,0,0,0,0.01,0.06,0,0,0,0,0,0,0,0,0,0,0,0,0,0.0663,0.00273,0.0395
53063,0,0,0,0,0,0.04,0.23,0.21,0.03,0,0,0,0,0,0,0,0,0,0,0,0,0,0,0,0.27,0.2,0.05,0,0,0,0,0,0,0.02,0.11,0.26,0.02,0.01,0,0,0,0,0,0,0,0,0,0.01,0.0103,0.157,0.00712,0.0888
53065,0,0,0,0,0,0.03,0.19,0.16,0.02,0,0,0,0,0,0,0,0,0,0,0,0,0,0,0,0.37,0.33,0.1,0,0,0,0,0,0,0.02,0.16,0.38,0.04,0.02,0,0,0,0,0,0,0,0,0.01,0.03,0.00871,0.0674,0.00585,0.0811
53067,0,0,0,0,0,0.02,0.06,0.04,0.01,0,0,0,0,0,0,0,0,0,0,0,0,0,0,0,0.02,0.02,0,0,0,0,0,0,0,0,0.01,0.03,0,0,0,0,0,0,0,0,0,0,0,0,0.000206,0.0389,0.00304,0.0624
53069,0,0,0,0,0,0,0.01,0.01,0,0,0,0,0,0,0,0,0,0,0,0,0,0,0,0,0.01,0.01,0,0,0,0,0,0,0,0,0,0.02,0,0,0,0,0,0,0,0,0,0,0,0,,,0.0033,0.0751
53071,0,0,0,0,0.03,0.1,0.49,0.41,0.07,0,0,0,0,0,0,0,0,0.01,0.05,0.03,0,0,0,0,0.14,0.08,0.02,0,0,0,0,0,0,0,0.05,0.12,0.01,0,0,0,0,0,0,0,0,0,0,0,0.0123,0.00857,0.00874,0.0854
53073,0,0,0,0,0,0,0,0,0,0,0,0,0,0,0,0,0,0,0,0,0,0,0,0,0.14,0.1,0.03,0,0,0,0,0,0,0,0.04,0.11,0,0,0,0,0,0,0,0,0,0,0,0,0,0.0828,0.00229,0.0268
53075,0,0,0,0,0.01,0.05,0.35,0.32,0.06,0,0,0,0,0,0,0,0,0,0.02,0.02,0,0,0,0,0.2,0.12,0.02,0,0,0,0,0,0,0.02,0.08,0.18,0.01,0.01,0,0,0,0,0,0,0,0,0,0.01,0.0361,0.013,0.00838,0.0867
53077,0,0,0,0,0,0.03,0.15,0.11,0.01,0,0,0,0,0,0,0,0,0,0,0,0,0,0,0,0.23,0.16,0.04,0,0,0,0,0,0,0.01,0.1,0.24,0,0.01,0,0,0,0,0,0,0,0,0,0.01,0.00161,0.0108,0.00425,0.0731
54001,0,0,0,0,0,0.01,0.05,0.02,0.01,0,0,0,0,0,0,0,0,0,0,0,0,0,0,0,0.42,0.3,0.12,0,0,0,0,0,0,0,0.06,0.24,0.04,0.02,0,0,0,0,0,0,0,0,0,0,0,0.0808,0.0093,0.0609
54003,0,0,0,0.01,0.03,0.13,0.29,0.18,0.06,0,0,0,0,0,0,0,0,0,0,0,0,0,0,0,0.38,0.27,0.08,0,0,0,0,0,0,0,0.04,0.19,0.01,0,0,0,0,0,0,0,0,0,0,0,0.00652,0.0603,0.0265,0.0431
54005,0,0,0,0.01,0.01,0.05,0.12,0.09,0.04,0,0,0,0,0,0,0,0,0,0,0,0,0,0,0,0.32,0.19,0.06,0,0,0,0,0,0,0,0.03,0.16,0.01,0.01,0,0,0,0,0,0,0,0,0,0,0.00227,0.0267,0.00365,0.0676
54007,0,0,0,0,0.01,0.06,0.15,0.1,0.04,0,0,0,0,0,0,0,0,0,0,0,0,0,0,0,0.36,0.24,0.08,0,0,0,0,0,0,0,0.04,0.18,0.03,0.01,0,0,0,0,0,0,0,0,0,0,0.000435,0.0728,0.00534,0.067
54009,0,0,0,0,0,0.03,0.11,0.07,0.02,0,0,0,0,0,0,0,0,0,0,0,0,0,0,0,0.44,0.34,0.13,0,0,0,0,0,0,0,0.04,0.23,0.04,0.02,0,0,0,0,0,0,0,0,0,0,0,0.0332,0.00462,0.0481
54011,0,0,0,0.01,0.02,0.15,0.28,0.21,0.1,0.01,0,0,0,0,0,0,0,0,0,0,0,0,0,0,0.32,0.19,0.06,0,0,0,0,0,0,0,0.04,0.17,0.02,0.01,0,0,0,0,0,0,0,0,0,0,0.00308,0.204,0.00279,0.072
54013,0,0,0,0.01,0.02,0.08,0.17,0.12,0.06,0.01,0,0,0,0,0,0,0,0,0,0,0,0,0,0,0.38,0.25,0.09,0,0,0,0,0,0,0,0.05,0.2,0.03,0.01,0,0,0,0,0,0,0,0,0,0,0.000295,0.127,0.00364,0.0683
54015,0,0,0,0,0.01,0.05,0.13,0.1,0.04,0,0,0,0,0,0,0,0,0,0,0,0,0,0,0,0.35,0.22,0.07,0,0,0,0,0,0,0,0.04,0.18,0.02,0.01,0,0,0,0,0,0,0,0,0,0,0.000851,0.0212,0.00424,0.0685
54017,0,0,0,0,0.02,0.07,0.15,0.1,0.04,0,0,0,0,0,0,0,0,0,0,0,0,0,0,0,0.4,0.28,0.11,0,0,0,0,0,0,0,0.06,0.22,0.05,0.02,0,0,0,0,0,0,0,0,0,0,0.000153,0.117,0.00475,0.0637
54019,0,0,0,0,0,0,0.02,0.01,0.01,0,0,0,0,0,0,0,0,0,0,0,0,0,0,0,0.37,0.25,0.1,0,0,0,0,0,0,0,0.05,0.22,0.03,0.01,0,0,0,0,0,0,0,0,0,0,0,0.0355,0.00499,0.0655
54021,0,0,0,0,0.02,0.08,0.18,0.13,0.05,0.01,0,0,0,0,0,0,0,0,0,0,0,0,0,0,0.37,0.25,0.1,0,0,0,0,0,0,0,0.05,0.2,0.03,0.01,0,0,0,0,0,0,0,0,0,0,0.000336,0.12,0.00456,0.0668
54023,0,0,0,0,0.01,0.01,0.08,0.04,0.01,0,0,0,0,0,0,0,0,0,0,0,0,0,0,0,0.46,0.37,0.18,0.01,0,0,0,0,0,0,0.09,0.3,0.04,0.02,0,0,0,0,0,0,0,0,0,0,0.00349,0.11,0.0163,0.0551
54025,0,0,0,0,0,0,0.01,0,0,0,0,0,0,0,0,0,0,0,0,0,0,0,0,0,0.43,0.31,0.14,0.01,0,0,0,0,0,0,0.09,0.29,0.04,0.02,0,0,0,0,0,0,0,0,0,0,0,0.0617,0.00779,0.0613
54027,0,0,0,0.01,0.02,0.09,0.22,0.14,0.06,0,0,0,0,0,0,0,0,0,0,0,0,0,0,0,0.4,0.29,0.12,0,0,0,0,0,0,0,0.05,0.24,0.02,0.01,0,0,0,0,0,0,0,0,0,0,0.0127,0.0576,0.0217,0.0487
54029,0,0,0,0,0,0.03,0.09,0.06,0.01,0,0,0,0,0,0,0,0,0,0,0,0,0,0,0,0.45,0.36,0.14,0,0,0,0,0,0,0,0.04,0.24,0.04,0.02,0,0,0,0,0,0,0,0,0,0,0,0.0211,0.00465,0.0438
54031,0,0,0,0,0.01,0.04,0.13,0.08,0.03,0,0,0,0,0,0,0,0,0,0,0,0,0,0,0,0.45,0.35,0.14,0,0,0,0,0,0,0,0.07,0.28,0.03,0.01,0,0,0,0,0,0,0,0,0,0,0.002,0.0692,0.0198,0.0524
54033,0,0,0,0,0.01,0.05,0.14,0.08,0.04,0,0,0,0,0,0,0,0,0,0,0,0,0,0,0,0.4,0.27,0.11,0,0,0,0,0,0,0,0.05,0.22,0.04,0.02,0,0,0,0,0,0,0,0,0,0,0,0.0566,0.00646,0.0621
54035,0,0,0,0,0.02,0.09,0.2,0.15,0.07,0.01,0,0,0,0,0,0,0,0,0,0,0,0,0,0,0.37,0.23,0.08,0,0,0,0,0,0,0,0.05,0.19,0.03,0.01,0,0,0,0,0,0,0,0,0,0,0.000685,0.161,0.00259,0.0703
54037,0,0,0,0.01,0.03,0.13,0.3,0.18,0.06,0,0,0,0,0,0,0,0,0,0,0,0,0,0,0,0.37,0.24,0.07,0,0,0,0,0,0,0,0.03,0.18,0.01,0,0,0,0,0,0,0,0,0,0,0,0.0282,0.0644,0.0281,0.0424
54039,0,0,0,0.01,0.02,0.08,0.19,0.15,0.06,0.01,0,0,0,0,0,0,0,0,0,0,0,0,0,0,0.33,0.2,0.06,0,0,0,0,0,0,0,0.03,0.17,0.02,0.01,0,0,0,0,0,0,0,0,0,0,0.00596,0.0223,0.00336,0.0697
54041,0,0,0,0,0.02,0.06,0.14,0.09,0.04,0,0,0,0,0,0,0,0,0,0,0,0,0,0,0,0.37,0.26,0.1,0,0,0,0,0,0,0,0.05,0.2,0.03,0.02,0,0,0,0,0,0,0,0,0,0,0.000886,0.105,0.00626,0.0647
54043,0,0,0,0.01,0.03,0.15,0.27,0.2,0.09,0.01,0,0,0,0,0,0,0,0,0,0,0,0,0,0,0.31,0.18,0.05,0,0,0,0,0,0,0,0.03,0.15,0.01,0.01,0,0,0,0,0,0,0,0,0,0,0.0114,0.106,0.00312,0.0702
54045,0,0,0,0.01,0.01,0.08,0.16,0.13,0.06,0,0,0,0,0,0,0,0,0,0,0,0,0,0,0,0.3,0.17,0.05,0,0,0,0,0,0,0,0.03,0.14,0.01,0.01,0,0,0,0,0,0,0,0,0,0,0.00262,0.0361,0.00379,0.0657
54047,0,0,0,0,0,0.02,0.07,0.05,0.02,0,0,0,0,0,0,0,0,0,0,0,0,0,0,0,0.33,0.21,0.07,0,0,0,0,0,0,0,0.05,0.18,0.02,0.01,0,0,0,0,0,0,0,0,0,0,0,0.016,0.00508,0.0573
54049,0,0,0,0,0.01,0.04,0.11,0.06,0.03,0,0,0,0,0,0,0,0,0,0,0,0,0,0,0,0.42,0.3,0.1,0,0,0,0,0,0,0,0.05,0.23,0.05,0.02,0,0,0,0,0,0,0,0,0,0,0,0.0832,0.0069,0.0592
54051,0,0,0,0,0,0.04,0.1,0.07,0.02,0,0,0,0,0,0,0,0,0,0,0,0,0,0,0,0.43,0.33,0.11,0,0,0,0,0,0,0,0.05,0.22,0.05,0.02,0,0,0,0,0,0,0,0,0,0,0,0.105,0.00442,0.0556
54053,0,0,0,0,0.02,0.11,0.21,0.17,0.07,0.01,0,0,0,0,0,0,0,0,0,0,0,0,0,0,0.36,0.23,0.07,0,0,0,0,0,0,0,0.05,0.18,0.03,0.01,0,0,0,0,0,0,0,0,0,0,0.00173,0.156,0.00254,0.0713
54055,0,0,0,0,0,0,0.02,0.01,0,0,0,0,0,0,0,0,0,0,0,0,0,0,0,0,0.37,0.27,0.09,0,0,0,0,0,0,0,0.06,0.22,0.02,0.01,0,0,0,0,0,0,0,0,0,0,0,0.161,0.00621,0.0559
54057,0,0,0,0.01,0.02,0.12,0.25,0.16,0.06,0,0,0,0,0,0,0,0,0,0,0,0,0,0,0,0.4,0.31,0.12,0,0,0,0,0,0,0,0.06,0.23,0.02,0.01,0,0,0,0,0,0,0,0,0,0,0.00453,0.0557,0.0182,0.0511
54059,0,0,0,0.01,0.02,0.11,0.21,0.15,0.08,0.01,0,0,0,0,0,0,0,0,0,0,0,0,0,0,0.29,0.16,0.04,0,0,0,0,0,0,0,0.03,0.14,0.01,0.01,0,0,0,0,0,0,0,0,0,0,0.0049,0.0166,0.00383,0.0646
54061,0,0,0,0,0,0.02,0.08,0.04,0.02,0,0,0,0,0,0,0,0,0,0,0,0,0,0,0,0.42,0.32,0.11,0,0,0,0,0,0,0,0.05,0.23,0.05,0.02,0,0,0,0,0,0,0,0,0,0,0,0.0517,0.00786,0.057
54063,0,0,0,0,0,0.01,0.05,0.02,0,0,0,0,0,0,0,0,0,0,0,0,0,0,0,0,0.37,0.25,0.08,0,0,0,0,0,0,0,0.07,0.23,0.02,0.01,0,0,0,0,0,0,0,0,0,0,0,0.0555,0.00783,0.0564
54065,0,0,0,0.01,0.03,0.12,0.26,0.16,0.06,0,0,0,0,0,0,0,0,0,0,0,0,0,0,0,0.39,0.29,0.1,0,0,0,0,0,0,0,0.04,0.2,0.01,0,0,0,0,0,0,0,0,0,0,0,0.0675,0.0635,0.0244,0.0443
54067,0,0,0,0,0,0,0.02,0.01,0.01,0,0,0,0,0,0,0,0,0,0,0,0,0,0,0,0.41,0.28,0.11,0,0,0,0,0,0,0,0.06,0.25,0.04,0.02,0,0,0,0,0,0,0,0,0,0,0,0.0309,0.00561,0.0664
54069,0,0,0,0,0,0.03,0.1,0.07,0.02,0,0,0,0,0,0,0,0,0,0,0,0,0,0,0,0.44,0.35,0.12,0,0,0,0,0,0,0,0.05,0.23,0.05,0.02,0,0,0,0,0,0,0,0,0,0,0,0.0613,0.00453,0.0513
54071,0,0,0,0,0,0,0.03,0,0,0,0,0,0,0,0,0,0,0,0,0,0,0,0,0,0.47,0.38,0.18,0.01,0,0,0,0,0,0,0.11,0.31,0.05,0.02,0,0,0,0,0,0,0,0,0,0,0,0.0837,0.0151,0.0578
54073,0,0,0,0,0.02,0.08,0.15,0.11,0.05,0.01,0,0,0,0,0,0,0,0,0,0,0,0,0,0,0.41,0.29,0.1,0,0,0,0,0,0,0,0.05,0.21,0.04,0.02,0,0,0,0,0,0,0,0,0,0,0,0.137,0.00314,0.064
54075,0,0,0,0,0,0,0,0,0,0,0,0,0,0,0,0,0,0,0,0,0,0,0,0,0.52,0.41,0.22,0.03,0,0,0,0,0,0,0.15,0.37,0.07,0.04,0,0,0,0,0,0,0,0,0,0.01,0,0.0541,0.00998,0.0621
54077,0,0,0,0,0,0,0.01,0,0,0,0,0,0,0,0,0,0,0,0,0,0,0,0,0,0.48,0.39,0.19,0.01,0,0,0,0,0,0,0.08,0.29,0.07,0.04,0.01,0,0,0,0,0,0,0,0,0.01,0,0.0362,0.0113,0.0562
54079,0,0,0,0.01,0.03,0.14,0.26,0.19,0.09,0.01,0,0,0,0,0,0,0,0,0,0,0,0,0,0,0.33,0.2,0.07,0,0,0,0,0,0,0,0.04,0.17,0.02,0.01,0,0,0,0,0,0,0,0,0,0,0.00737,0.151,0.00274,0.0714
54081,0,0,0,0,0,0,0.01,0.01,0.01,0,0,0,0,0,0,0,0,0,0,0,0,0,0,0,0.38,0.26,0.1,0,0,0,0,0,0,0,0.05,0.23,0.03,0.01,0,0,0,0,0,0,0,0,0,0,0,0.0521,0.00502,0.0626
54083,0,0,0,0,0,0,0,0,0,0,0,0,0,0,0,0,0,0,0,0,0,0,0,0,0.51,0.42,0.22,0.02,0,0,0,0,0,0,0.13,0.35,0.08,0.05,0.01,0,0,0,0,0,0,0,0,0.01,0,0.0675,0.0107,0.0617
54085,0,0,0,0,0.02,0.08,0.16,0.12,0.06,0.01,0,0,0,0,0,0,0,0,0,0,0,0,0,0,0.4,0.28,0.1,0,0,0,0,0,0,0,0.06,0.21,0.04,0.02,0,0,0,0,0,0,0,0,0,0,0.000659,0.124,0.00346,0.0659
54087,0,0,0,0,0.02,0.07,0.16,0.12,0.06,0.01,0,0,0,0,0,0,0,0,0,0,0,0,0,0,0.36,0.23,0.08,0,0,0,0,0,0,0,0.05,0.19,0.03,0.01,0,0,0,0,0,0,0,0,0,0,0.00151,0.0571,0.00312,0.0696
54089,0,0,0,0,0,0.01,0.05,0.02,0.01,0,0,0,0,0,0,0,0,0,0,0,0,0,0,0,0.36,0.24,0.08,0,0,0,0,0,0,0,0.05,0.22,0.02,0.01,0,0,0,0,0,0,0,0,0,0,0,0.0983,0.00649,0.0593
54091,0,0,0,0,0,0.02,0.09,0.05,0.02,0,0,0,0,0,0,0,0,0,0,0,0,0,0,0,0.4,0.28,0.11,0,0,0,0,0,0,0,0.05,0.22,0.04,0.02,0,0,0,0,0,0,0,0,0,0,0,0.112,0.00861,0.0598
54093,0,0,0,0,0,0,0,0,0,0,0,0,0,0,0,0,0,0,0,0,0,0,0,0,0.52,0.45,0.23,0.03,0,0,0,0,0,0,0.13,0.35,0.08,0.05,0.01,0,0,0,0,0,0,0,0,0.01,0,0.0489,0.0129,0.0581
54095,0,0,0,0,0.01,0.07,0.14,0.1,0.05,0,0,0,0,0,0,0,0,0,0,0,0,0,0,0,0.4,0.29,0.1,0,0,0,0,0,0,0,0.05,0.21,0.05,0.02,0,0,0,0,0,0,0,0,0,0,0,0.191,0.00388,0.062
54097,0,0,0,0,0,0.01,0.03,0.02,0.01,0,0,0,0,0,0,0,0,0,0,0,0,0,0,0,0.41,0.28,0.12,0,0,0,0,0,0,0,0.06,0.23,0.04,0.02,0,0,0,0,0,0,0,0,0,0,0,0.129,0.00797,0.0636
54099,0,0,0,0.01,0.02,0.13,0.25,0.2,0.09,0.01,0,0,0,0,0,0,0,0,0,0,0,0,0,0,0.31,0.18,0.06,0,0,0,0,0,0,0,0.04,0.16,0.02,0.01,0,0,0,0,0,0,0,0,0,0,0.00708,0.173,0.00308,0.0707
54101,0,0,0,0,0,0,0.01,0,0,0,0,0,0,0,0,0,0,0,0,0,0,0,0,0,0.43,0.31,0.14,0.01,0,0,0,0,0,0,0.08,0.26,0.05,0.03,0,0,0,0,0,0,0,0,0,0,0,0.0657,0.00711,0.0653
54103,0,0,0,0,0.01,0.05,0.11,0.07,0.03,0,0,0,0,0,0,0,0,0,0,0,0,0,0,0,0.42,0.31,0.11,0,0,0,0,0,0,0,0.05,0.23,0.05,0.02,0,0,0,0,0,0,0,0,0,0,0,0.15,0.0047,0.0596
54105,0,0,0,0,0.02,0.08,0.17,0.13,0.06,0.01,0,0,0,0,0,0,0,0,0,0,0,0,0,0,0.38,0.26,0.1,0,0,0,0,0,0,0,0.05,0.2,0.04,0.02,0,0,0,0,0,0,0,0,0,0,0.00043,0.148,0.00283,0.0683
54107,0,0,0,0,0.02,0.08,0.19,0.14,0.06,0.01,0,0,0,0,0,0,0,0,0,0,0,0,0,0,0.38,0.27,0.09,0,0,0,0,0,0,0,0.04,0.19,0.04,0.01,0,0,0,0,0,0,0,0,0,0,0.00468,0.175,0.00263,0.0667
54109,0,0,0,0,0,0.01,0.06,0.04,0.02,0,0,0,0,0,0,0,0,0,0,0,0,0,0,0,0.34,0.21,0.07,0,0,0,0,0,0,0,0.04,0.19,0.02,0.01,0,0,0,0,0,0,0,0,0,0,0,0.0274,0.00476,0.0609
55001,0,0,0,0,0.01,0.04,0.08,0.04,0.01,0,0,0,0,0,0,0,0,0,0,0,0,0,0,0,0.77,0.71,0.39,0.05,0,0,0,0,0,0,0.25,0.63,0.32,0.23,0.05,0,0,0,0,0,0,0,0.01,0.14,0,0.0474,0.00417,0.0456
55003,0,0,0,0,0,0.01,0.03,0.01,0,0,0,0,0,0,0,0,0,0,0,0,0,0,0,0,0.85,0.83,0.59,0.14,0,0,0,0,0,0.02,0.36,0.72,0.42,0.38,0.13,0,0,0,0,0,0,0,0.02,0.22,0,0.0794,0.00181,0.0887
55005,0,0,0,0,0.01,0.02,0.05,0.02,0,0,0,0,0,0,0,0,0,0,0,0,0,0,0,0,0.84,0.8,0.49,0.09,0,0,0,0,0,0.01,0.34,0.69,0.43,0.35,0.1,0,0,0,0,0,0,0,0.02,0.23,0,0.00837,0.0036,0.0618
55007,0,0,0,0,0,0.01,0.02,0.01,0,0,0,0,0,0,0,0,0,0,0,0,0,0,0,0,0.85,0.82,0.56,0.12,0,0,0,0,0,0.02,0.35,0.71,0.42,0.37,0.12,0,0,0,0,0,0,0,0.02,0.22,0,0.0537,0.00206,0.0841
55009,0,0,0,0,0,0.02,0.04,0.01,0,0,0,0,0,0,0,0,0,0,0,0,0,0,0,0,0.72,0.67,0.36,0.04,0,0,0,0,0,0,0.18,0.52,0.24,0.17,0.03,0,0,0,0,0,0,0,0,0.09,0,0.0207,0.00249,0.0676
55011,0,0,0,0,0.01,0.05,0.09,0.04,0.01,0,0,0,0,0,0,0,0,0,0,0,0,0,0,0,0.78,0.71,0.36,0.04,0,0,0,0,0,0.01,0.25,0.63,0.34,0.25,0.06,0,0,0,0,0,0,0,0.01,0.17,0,0.0623,0.00439,0.0437
55013,0,0,0,0,0.01,0.03,0.07,0.03,0,0,0,0,0,0,0,0,0,0,0,0,0,0,0,0,0.85,0.81,0.49,0.09,0,0,0,0,0,0.01,0.34,0.71,0.45,0.37,0.1,0,0,0,0,0,0,0,0.02,0.23,0,0.123,0.00358,0.0622
55015,0,0,0,0,0,0.02,0.06,0.02,0,0,0,0,0,0,0,0,0,0,0,0,0,0,0,0,0.73,0.66,0.35,0.03,0,0,0,0,0,0,0.19,0.54,0.25,0.18,0.04,0,0,0,0,0,0,0,0,0.1,0,0.0342,0.00291,0.0577
55017,0,0,0,0,0.01,0.02,0.06,0.02,0,0,0,0,0,0,0,0,0,0,0,0,0,0,0,0,0.83,0.78,0.46,0.07,0,0,0,0,0,0.01,0.29,0.68,0.4,0.31,0.08,0,0,0,0,0,0,0,0.02,0.21,0,0.0988,0.00368,0.06
55019,0,0,0,0,0,0.02,0.05,0.02,0,0,0,0,0,0,0,0,0,0,0,0,0,0,0,0,0.82,0.78,0.46,0.07,0,0,0,0,0,0.01,0.29,0.68,0.39,0.3,0.08,0,0,0,0,0,0,0,0.01,0.2,0,0.0609,0.0037,0.0576
55021,0,0,0,0,0.01,0.05,0.08,0.04,0.01,0,0,0,0,0,0,0,0,0,0.01,0,0,0,0,0,0.73,0.66,0.33,0.04,0,0,0,0,0,0,0.19,0.58,0.27,0.18,0.03,0,0,0,0,0,0,0,0,0.11,0.021,0.0143,0.00415,0.0405
55023,0,0,0,0,0.01,0.04,0.08,0.04,0.01,0,0,0,0,0,0,0,0,0,0,0,0,0,0,0,0.71,0.62,0.29,0.02,0,0,0,0,0,0,0.2,0.56,0.28,0.19,0.03,0,0,0,0,0,0,0,0.01,0.11,0,0.0343,0.00487,0.031
55025,0,0,0,0,0.01,0.05,0.09,0.05,0.01,0,0,0,0,0,0,0,0,0,0.01,0,0,0,0,0,0.71,0.62,0.3,0.03,0,0,0,0,0,0,0.18,0.55,0.24,0.16,0.02,0,0,0,0,0,0,0,0,0.1,0.0267,0,0.00433,0.0354
55027,0,0,0,0,0.01,0.04,0.07,0.03,0.01,0,0,0,0,0,0,0,0,0,0,0,0,0,0,0,0.73,0.65,0.32,0.04,0,0,0,0,0,0,0.19,0.54,0.25,0.17,0.03,0,0,0,0,0,0,0,0,0.11,0.0137,0.0315,0.00363,0.0436
55029,0,0,0,0,0,0,0.02,0,0,0,0,0,0,0,0,0,0,0,0,0,0,0,0,0,0.7,0.67,0.39,0.04,0,0,0,0,0,0,0.14,0.48,0.18,0.15,0.04,0,0,0,0,0,0,0,0,0.05,0,0.036,0.00134,0.0866
55031,0,0,0,0,0,0.01,0.03,0.01,0,0,0,0,0,0,0,0,0,0,0,0,0,0,0,0,0.85,0.82,0.53,0.11,0,0,0,0,0,0.02,0.37,0.72,0.45,0.39,0.12,0,0,0,0,0,0,0,0.03,0.24,0,0.0473,0.00272,0.0732
55033,0,0,0,0,0.01,0.04,0.08,0.04,0.01,0,0,0,0,0,0,0,0,0,0,0,0,0,0,0,0.82,0.76,0.42,0.06,0,0,0,0,0,0.01,0.29,0.68,0.39,0.29,0.07,0,0,0,0,0,0,0,0.01,0.21,0.0147,0.027,0.00411,0.0535
55035,0,0,0,0,0.01,0.03,0.08,0.03,0,0,0,0,0,0,0,0,0,0,0,0,0,0,0,0,0.8,0.75,0.42,0.07,0,0,0,0,0,0.01,0.27,0.67,0.38,0.29,0.07,0,0,0,0,0,0,0,0.01,0.19,0,0.0391,0.00397,0.0532
55037,0,0,0,0,0,0.01,0.03,0.01,0,0,0,0,0,0,0,0,0,0,0,0,0,0,0,0,0.88,0.84,0.62,0.17,0.01,0,0,0,0,0.02,0.35,0.73,0.41,0.37,0.14,0,0,0,0,0,0,0,0.02,0.22,0,0.187,0.0014,0.0954
55039,0,0,0,0,0,0.03,0.06,0.02,0,0,0,0,0,0,0,0,0,0,0,0,0,0,0,0,0.73,0.67,0.34,0.04,0,0,0,0,0,0,0.2,0.55,0.25,0.18,0.03,0,0,0,0,0,0,0,0,0.11,0,0.0165,0.00331,0.0498
55041,0,0,0,0,0,0.01,0.02,0,0,0,0,0,0,0,0,0,0,0,0,0,0,0,0,0,0.87,0.83,0.61,0.17,0,0,0,0,0,0.03,0.36,0.75,0.41,0.37,0.14,0,0,0,0,0,0,0,0.02,0.23,0,0.305,0.00181,0.0878
55043,0,0,0,0,0.01,0.04,0.09,0.05,0.01,0,0,0,0,0,0,0,0,0,0,0,0,0,0,0,0.7,0.6,0.27,0.02,0,0,0,0,0,0,0.18,0.55,0.26,0.18,0.02,0,0,0,0,0,0,0,0,0.1,0.00253,0.0294,0.00498,0.0283
55045,0,0,0,0,0.02,0.06,0.11,0.06,0.02,0,0,0,0,0,0,0,0,0,0,0,0,0,0,0,0.68,0.59,0.27,0.02,0,0,0,0,0,0,0.16,0.52,0.23,0.14,0.02,0,0,0,0,0,0,0,0,0.09,0,0.0331,0.00453,0.0308
55047,0,0,0,0,0.01,0.04,0.07,0.03,0.01,0,0,0,0,0,0,0,0,0,0,0,0,0,0,0,0.74,0.68,0.34,0.04,0,0,0,0,0,0,0.19,0.58,0.28,0.19,0.04,0,0,0,0,0,0,0,0,0.12,0.00582,0.0613,0.00373,0.0471
55049,0,0,0,0,0.01,0.04,0.08,0.04,0.01,0,0,0,0,0,0,0,0,0,0,0,0,0,0,0,0.71,0.62,0.3,0.03,0,0,0,0,0,0,0.19,0.57,0.26,0.18,0.03,0,0,0,0,0,0,0,0,0.11,0.00542,0.0577,0.00479,0.031
55051,0,0,0,0,0,0.01,0.02,0.01,0,0,0,0,0,0,0,0,0,0,0,0,0,0,0,0,0.87,0.85,0.63,0.17,0,0,0,0,0,0.03,0.38,0.74,0.42,0.4,0.16,0,0,0,0,0,0,0,0.02,0.24,0,0.144,0.00178,0.0893
55053,0,0,0,0,0.01,0.04,0.07,0.03,0.01,0,0,0,0,0,0,0,0,0,0,0,0,0,0,0,0.78,0.74,0.41,0.06,0,0,0,0,0,0.01,0.25,0.65,0.36,0.27,0.06,0,0,0,0,0,0,0,0.01,0.17,0,0.0107,0.00411,0.0481
55055,0,0,0,0,0.01,0.06,0.1,0.05,0.02,0,0,0,0,0,0,0,0,0,0.01,0,0,0,0,0,0.68,0.59,0.28,0.02,0,0,0,0,0,0,0.16,0.49,0.21,0.14,0.02,0,0,0,0,0,0,0,0,0.09,0.0186,0.0245,0.00385,0.0385
55057,0,0,0,0,0.01,0.04,0.08,0.04,0.01,0,0,0,0,0,0,0,0,0,0,0,0,0,0,0,0.77,0.72,0.4,0.06,0,0,0,0,0,0,0.25,0.65,0.33,0.24,0.05,0,0,0,0,0,0,0,0.01,0.15,0,0.0244,0.00433,0.0434
55059,0,0,0,0,0,0.05,0.1,0.06,0.01,0,0,0,0,0,0,0,0,0,0.01,0,0,0,0,0,0.61,0.5,0.23,0.01,0,0,0,0,0,0,0.12,0.42,0.15,0.08,0.01,0,0,0,0,0,0,0,0,0.06,0.00638,0.0573,0.00357,0.0383
55061,0,0,0,0,0,0,0.02,0.01,0,0,0,0,0,0,0,0,0,0,0,0,0,0,0,0,0.71,0.68,0.38,0.04,0,0,0,0,0,0,0.17,0.5,0.21,0.16,0.03,0,0,0,0,0,0,0,0,0.07,0,0.0231,0.00198,0.073
55063,0,0,0,0,0.01,0.05,0.08,0.04,0.01,0,0,0,0,0,0,0,0,0,0,0,0,0,0,0,0.75,0.67,0.33,0.04,0,0,0,0,0,0,0.22,0.6,0.32,0.22,0.04,0,0,0,0,0,0,0,0.01,0.14,0.0371,0.0233,0.00447,0.0392
55065,0,0,0,0,0.01,0.04,0.09,0.05,0.01,0,0,0,0,0,0,0,0,0,0,0,0,0,0,0,0.7,0.6,0.28,0.03,0,0,0,0,0,0,0.17,0.55,0.24,0.16,0.02,0,0,0,0,0,0,0,0,0.1,0,0.105,0.00485,0.0283
55067,0,0,0,0,0,0.01,0.03,0.01,0,0,0,0,0,0,0,0,0,0,0,0,0,0,0,0,0.85,0.81,0.56,0.12,0,0,0,0,0,0.02,0.33,0.71,0.4,0.34,0.12,0,0,0,0,0,0,0,0.02,0.21,0,0.105,0.00243,0.0767
55069,0,0,0,0,0,0.01,0.04,0.01,0,0,0,0,0,0,0,0,0,0,0,0,0,0,0,0,0.84,0.8,0.56,0.12,0,0,0,0,0,0.02,0.34,0.7,0.4,0.36,0.12,0,0,0,0,0,0,0,0.02,0.21,0,0.121,0.00266,0.0743
55071,0,0,0,0,0,0.01,0.03,0.01,0,0,0,0,0,0,0,0,0,0,0,0,0,0,0,0,0.7,0.65,0.35,0.03,0,0,0,0,0,0,0.16,0.5,0.21,0.15,0.03,0,0,0,0,0,0,0,0,0.08,0,0.0496,0.00233,0.062
55073,0,0,0,0,0,0.02,0.04,0.01,0,0,0,0,0,0,0,0,0,0,0,0,0,0,0,0,0.82,0.78,0.49,0.08,0,0,0,0,0,0.01,0.3,0.68,0.37,0.31,0.08,0,0,0,0,0,0,0,0.01,0.19,0,0.0483,0.00321,0.0649
55075,0,0,0,0,0,0.03,0.05,0.02,0,0,0,0,0,0,0,0,0,0,0,0,0,0,0,0,0.81,0.77,0.52,0.1,0,0,0,0,0,0,0.25,0.64,0.34,0.29,0.09,0,0,0,0,0,0,0,0.01,0.16,0,0.0949,0.00166,0.0873
55077,0,0,0,0,0.01,0.04,0.08,0.05,0.01,0,0,0,0,0,0,0,0,0,0.01,0,0,0,0,0,0.74,0.68,0.35,0.04,0,0,0,0,0,0,0.21,0.6,0.29,0.21,0.04,0,0,0,0,0,0,0,0,0.13,0.0396,0.0473,0.00405,0.0451
55078,0,0,0,0,0,0.03,0.04,0.02,0,0,0,0,0,0,0,0,0,0,0,0,0,0,0,0,0.8,0.77,0.5,0.08,0,0,0,0,0,0,0.27,0.66,0.35,0.3,0.09,0,0,0,0,0,0,0,0.01,0.18,0,0.0727,0.00251,0.0745
55079,0,0,0,0,0,0.04,0.08,0.04,0,0,0,0,0,0,0,0,0,0,0.01,0,0,0,0,0,0.61,0.51,0.23,0.01,0,0,0,0,0,0,0.13,0.42,0.14,0.08,0.01,0,0,0,0,0,0,0,0,0.05,0.003,0.0412,0.00336,0.0413
55081,0,0,0,0,0.01,0.03,0.07,0.03,0.01,0,0,0,0,0,0,0,0,0,0,0,0,0,0,0,0.77,0.72,0.4,0.05,0,0,0,0,0,0.01,0.26,0.65,0.34,0.25,0.06,0,0,0,0,0,0,0,0.01,0.15,0.00398,0.0396,0.00441,0.0418
55083,0,0,0,0,0,0.02,0.04,0.01,0,0,0,0,0,0,0,0,0,0,0,0,0,0,0,0,0.78,0.75,0.46,0.07,0,0,0,0,0,0,0.23,0.62,0.31,0.26,0.07,0,0,0,0,0,0,0,0,0.15,0,0.0625,0.00218,0.0782
55085,0,0,0,0,0,0.01,0.02,0,0,0,0,0,0,0,0,0,0,0,0,0,0,0,0,0,0.86,0.83,0.61,0.15,0,0,0,0,0,0.02,0.37,0.73,0.41,0.39,0.14,0,0,0,0,0,0,0,0.03,0.22,0,0.138,0.00214,0.0832
55087,0,0,0,0,0.01,0.04,0.06,0.03,0,0,0,0,0,0,0,0,0,0,0,0,0,0,0,0,0.74,0.7,0.37,0.04,0,0,0,0,0,0,0.2,0.57,0.28,0.19,0.05,0,0,0,0,0,0,0,0,0.12,0,0.0101,0.00292,0.0633
55089,0,0,0,0,0,0.02,0.05,0.02,0,0,0,0,0,0,0,0,0,0,0,0,0,0,0,0,0.65,0.58,0.28,0.02,0,0,0,0,0,0,0.14,0.45,0.17,0.11,0.02,0,0,0,0,0,0,0,0,0.06,0,0.0272,0.00292,0.0489
55091,0,0,0,0,0.01,0.05,0.1,0.04,0.02,0,0,0,0,0,0,0,0,0,0,0,0,0,0,0,0.79,0.73,0.38,0.05,0,0,0,0,0,0.01,0.27,0.65,0.36,0.25,0.06,0,0,0,0,0,0,0,0.01,0.17,0,0.00736,0.0043,0.0478
55093,0,0,0,0,0.01,0.04,0.07,0.03,0.01,0,0,0,0,0,0,0,0,0,0,0,0,0,0,0,0.8,0.74,0.39,0.05,0,0,0,0,0,0.01,0.28,0.66,0.37,0.27,0.07,0,0,0,0,0,0,0,0.01,0.19,0.0207,0.0409,0.00458,0.0464
55095,0,0,0,0,0.01,0.03,0.06,0.03,0,0,0,0,0,0,0,0,0,0,0,0,0,0,0,0,0.83,0.78,0.47,0.07,0,0,0,0,0,0.01,0.32,0.69,0.43,0.32,0.08,0,0,0,0,0,0,0,0.02,0.22,0.00292,0.0256,0.00399,0.0576
55097,0,0,0,0,0.01,0.03,0.06,0.02,0,0,0,0,0,0,0,0,0,0,0,0,0,0,0,0,0.79,0.76,0.43,0.06,0,0,0,0,0,0,0.27,0.65,0.33,0.26,0.06,0,0,0,0,0,0,0,0.01,0.16,0,0.0146,0.00361,0.0568
55099,0,0,0,0,0,0.01,0.02,0.01,0,0,0,0,0,0,0,0,0,0,0,0,0,0,0,0,0.86,0.83,0.59,0.13,0,0,0,0,0,0.03,0.36,0.72,0.43,0.39,0.14,0,0,0,0,0,0,0,0.02,0.23,0,0.107,0.00255,0.0769
55101,0,0,0,0,0,0.05,0.09,0.05,0.01,0,0,0,0,0,0,0,0,0,0.01,0,0,0,0,0,0.62,0.52,0.24,0.01,0,0,0,0,0,0,0.13,0.43,0.16,0.09,0.01,0,0,0,0,0,0,0,0,0.06,0.00914,0.0208,0.00348,0.0401
55103,0,0,0,0,0.01,0.04,0.08,0.04,0.01,0,0,0,0,0,0,0,0,0,0,0,0,0,0,0,0.72,0.63,0.32,0.04,0,0,0,0,0,0,0.21,0.59,0.28,0.2,0.03,0,0,0,0,0,0,0,0.01,0.12,0.00877,0.0449,0.00475,0.0339
55105,0,0,0,0,0.01,0.07,0.11,0.06,0.02,0,0,0,0,0,0,0,0,0,0,0,0,0,0,0,0.66,0.57,0.25,0.02,0,0,0,0,0,0,0.15,0.48,0.21,0.13,0.02,0,0,0,0,0,0,0,0,0.08,0,0.0244,0.00417,0.0337
55107,0,0,0,0,0.01,0.02,0.03,0.01,0,0,0,0,0,0,0,0,0,0,0,0,0,0,0,0,0.84,0.8,0.51,0.1,0,0,0,0,0,0.02,0.34,0.7,0.43,0.36,0.11,0,0,0,0,0,0,0,0.02,0.23,0,0.149,0.00316,0.068
55109,0,0,0,0,0.01,0.04,0.07,0.03,0,0,0,0,0,0,0,0,0,0,0,0,0,0,0,0,0.81,0.76,0.41,0.06,0,0,0,0,0,0.01,0.29,0.68,0.39,0.3,0.07,0,0,0,0,0,0,0,0.01,0.2,0,0.0455,0.00437,0.0515
55111,0,0,0,0,0.01,0.05,0.08,0.04,0.01,0,0,0,0,0,0,0,0,0,0.01,0,0,0,0,0,0.73,0.65,0.33,0.04,0,0,0,0,0,0,0.21,0.58,0.28,0.2,0.04,0,0,0,0,0,0,0,0,0.12,0,0.0238,0.00456,0.0365
55113,0,0,0,0,0,0.01,0.03,0.01,0,0,0,0,0,0,0,0,0,0,0,0,0,0,0,0,0.87,0.83,0.57,0.12,0,0,0,0,0,0.03,0.38,0.73,0.45,0.41,0.14,0,0,0,0,0,0,0,0.03,0.25,0,0.0708,0.00272,0.0735
55115,0,0,0,0,0.01,0.03,0.06,0.02,0,0,0,0,0,0,0,0,0,0,0,0,0,0,0,0,0.78,0.76,0.46,0.06,0,0,0,0,0,0,0.25,0.63,0.33,0.27,0.06,0,0,0,0,0,0,0,0,0.16,0,0.021,0.0028,0.0694
55117,0,0,0,0,0,0.02,0.04,0.01,0,0,0,0,0,0,0,0,0,0,0,0,0,0,0,0,0.68,0.63,0.32,0.03,0,0,0,0,0,0,0.16,0.48,0.2,0.13,0.02,0,0,0,0,0,0,0,0,0.08,0,0.0364,0.00269,0.0533
55119,0,0,0,0,0,0.01,0.03,0.01,0,0,0,0,0,0,0,0,0,0,0,0,0,0,0,0,0.84,0.8,0.53,0.1,0,0,0,0,0,0.02,0.34,0.71,0.42,0.36,0.11,0,0,0,0,0,0,0,0.02,0.22,0,0.148,0.00316,0.0677
55121,0,0,0,0,0.01,0.04,0.08,0.03,0.01,0,0,0,0,0,0,0,0,0,0,0,0,0,0,0,0.78,0.72,0.37,0.05,0,0,0,0,0,0.01,0.25,0.64,0.34,0.26,0.06,0,0,0,0,0,0,0,0.01,0.17,0,0.0688,0.00427,0.0446
55123,0,0,0,0,0.01,0.03,0.06,0.03,0.01,0,0,0,0,0,0,0,0,0,0,0,0,0,0,0,0.75,0.66,0.34,0.05,0,0,0,0,0,0,0.23,0.6,0.3,0.21,0.04,0,0,0,0,0,0,0,0.01,0.13,0,0.12,0.00468,0.0357
55125,0,0,0,0,0,0.01,0.02,0,0,0,0,0,0,0,0,0,0,0,0,0,0,0,0,0,0.88,0.86,0.65,0.19,0,0,0,0,0,0.03,0.38,0.75,0.42,0.4,0.17,0.01,0,0,0,0,0,0,0.03,0.24,0,0.166,0.00171,0.0907
55127,0,0,0,0,0.01,0.06,0.1,0.05,0.02,0,0,0,0,0,0,0,0,0,0,0,0,0,0,0,0.66,0.56,0.27,0.02,0,0,0,0,0,0,0.17,0.48,0.18,0.12,0.02,0,0,0,0,0,0,0,0,0.08,0,0.0369,0.00384,0.0365
55129,0,0,0,0,0.01,0.02,0.04,0.02,0,0,0,0,0,0,0,0,0,0,0,0,0,0,0,0,0.85,0.82,0.54,0.1,0,0,0,0,0,0.02,0.36,0.72,0.46,0.39,0.12,0,0,0,0,0,0,0,0.03,0.25,0,0.06,0.0031,0.0678
55131,0,0,0,0,0,0.03,0.07,0.02,0,0,0,0,0,0,0,0,0,0,0,0,0,0,0,0,0.71,0.63,0.34,0.04,0,0,0,0,0,0,0.19,0.52,0.23,0.15,0.02,0,0,0,0,0,0,0,0,0.1,0.00526,0.0422,0.00327,0.0456
55133,0,0,0,0,0.01,0.05,0.09,0.04,0.01,0,0,0,0,0,0,0,0,0,0.01,0,0,0,0,0,0.67,0.58,0.29,0.03,0,0,0,0,0,0,0.17,0.49,0.19,0.13,0.02,0,0,0,0,0,0,0,0,0.08,0.00318,0.0606,0.00353,0.0408
55135,0,0,0,0,0.01,0.04,0.08,0.03,0,0,0,0,0,0,0,0,0,0,0,0,0,0,0,0,0.77,0.74,0.41,0.05,0,0,0,0,0,0,0.22,0.63,0.31,0.22,0.05,0,0,0,0,0,0,0,0,0.15,0,0.0121,0.00327,0.0607
55137,0,0,0,0,0.01,0.04,0.08,0.03,0.01,0,0,0,0,0,0,0,0,0,0,0,0,0,0,0,0.76,0.72,0.38,0.05,0,0,0,0,0,0,0.23,0.61,0.3,0.21,0.05,0,0,0,0,0,0,0,0,0.13,0.0644,0.0329,0.00376,0.0511
55139,0,0,0,0,0.01,0.04,0.07,0.02,0.01,0,0,0,0,0,0,0,0,0,0,0,0,0,0,0,0.74,0.68,0.34,0.03,0,0,0,0,0,0,0.19,0.57,0.27,0.18,0.04,0,0,0,0,0,0,0,0,0.11,0.0286,0.017,0.00331,0.0548
55141,0,0,0,0,0.01,0.03,0.06,0.02,0,0,0,0,0,0,0,0,0,0,0,0,0,0,0,0,0.8,0.76,0.43,0.06,0,0,0,0,0,0.01,0.27,0.66,0.35,0.28,0.06,0,0,0,0,0,0,0,0.01,0.17,0,0.0339,0.00383,0.0541
56001,0,0,0,0,0,0,0.01,0,0,0,0,0,0,0,0,0,0,0,0,0,0,0,0,0,0.76,0.73,0.44,0.19,0.02,0,0,0,0.01,0.12,0.46,0.75,0.11,0.1,0.02,0,0,0,0,0,0,0.01,0.04,0.12,0,0.208,0.0138,0.129
56003,0,0,0,0,0,0.03,0.13,0.04,0,0,0,0,0,0,0,0,0,0,0,0,0,0,0,0,0.85,0.72,0.33,0.09,0,0,0,0,0,0.07,0.44,0.83,0.15,0.11,0.02,0,0,0,0,0,0,0,0.04,0.12,0,0.0704,0.0144,0.12
56005,0,0,0,0,0,0.07,0.35,0.28,0.07,0,0,0,0,0,0,0,0,0.01,0.02,0,0,0,0,0,0.7,0.62,0.33,0.09,0,0,0,0,0,0.08,0.4,0.69,0.17,0.15,0.04,0,0,0,0,0,0,0.01,0.05,0.12,0.0527,0.14,0.0215,0.164
56007,0,0,0,0,0,0,0.04,0,0,0,0,0,0,0,0,0,0,0,0,0,0,0,0,0,0.78,0.72,0.38,0.15,0.01,0,0,0,0,0.09,0.43,0.76,0.1,0.09,0.01,0,0,0,0,0,0,0.01,0.03,0.1,0,0.0951,0.0104,0.137
56009,0,0,0,0,0,0.06,0.26,0.17,0.02,0,0,0,0,0,0,0,0,0,0,0,0,0,0,0,0.69,0.63,0.34,0.1,0,0,0,0,0,0.08,0.39,0.69,0.12,0.1,0.02,0,0,0,0,0,0,0.01,0.03,0.11,0.0208,0.137,0.016,0.161
56011,0,0,0,0,0,0.05,0.28,0.21,0.05,0,0,0,0,0,0,0,0,0,0.02,0,0,0,0,0,0.72,0.68,0.36,0.11,0,0,0,0,0,0.08,0.42,0.72,0.19,0.18,0.05,0,0,0,0,0,0,0.01,0.04,0.14,0.0238,0.0696,0.0233,0.173
56013,0,0,0,0,0,0,0.04,0.01,0,0,0,0,0,0,0,0,0,0,0,0,0,0,0,0,0.87,0.8,0.47,0.19,0.02,0,0,0,0,0.11,0.54,0.85,0.16,0.13,0.02,0,0,0,0,0,0,0.01,0.05,0.14,0,0.107,0.0042,0.143
56015,0,0,0,0,0.01,0.16,0.45,0.35,0.1,0,0,0,0,0,0,0,0,0.01,0.02,0,0,0,0,0,0.64,0.59,0.28,0.08,0,0,0,0,0,0.07,0.36,0.65,0.1,0.08,0.02,0,0,0,0,0,0,0,0.02,0.1,0,0,0.0177,0.131
56017,0,0,0,0,0,0.02,0.13,0.04,0,0,0,0,0,0,0,0,0,0,0,0,0,0,0,0,0.81,0.69,0.34,0.09,0,0,0,0,0,0.06,0.44,0.8,0.12,0.1,0.02,0,0,0,0,0,0,0.01,0.04,0.11,0,0.0479,0.00814,0.141
56019,0,0,0,0,0,0.03,0.16,0.08,0.01,0,0,0,0,0,0,0,0,0,0,0,0,0,0,0,0.7,0.64,0.35,0.1,0,0,0,0,0,0.08,0.39,0.7,0.14,0.11,0.03,0,0,0,0,0,0,0.01,0.04,0.11,0,0.122,0.0196,0.145
56021,0,0,0,0,0,0.07,0.27,0.13,0.02,0,0,0,0,0,0,0,0,0,0,0,0,0,0,0,0.6,0.59,0.3,0.1,0.01,0,0,0,0,0.07,0.36,0.62,0.08,0.07,0.01,0,0,0,0,0,0,0,0.02,0.07,0,0.196,0.0158,0.124
56023,0,0,0,0,0,0,0,0,0,0,0,0,0,0,0,0,0,0,0,0,0,0,0,0,0.91,0.85,0.56,0.26,0.02,0,0,0,0,0.14,0.61,0.88,0.19,0.18,0.03,0,0,0,0,0,0,0.01,0.05,0.23,0,0.138,0.00509,0.0832
56025,0,0,0,0,0,0.04,0.21,0.1,0.01,0,0,0,0,0,0,0,0,0,0,0,0,0,0,0,0.7,0.66,0.32,0.09,0,0,0,0,0,0.07,0.38,0.71,0.11,0.09,0.02,0,0,0,0,0,0,0.01,0.03,0.09,0.00602,0.19,0.0121,0.156
56027,0,0,0,0,0.01,0.13,0.42,0.35,0.09,0,0,0,0,0,0,0,0,0.01,0.02,0.01,0,0,0,0,0.73,0.63,0.32,0.09,0,0,0,0,0,0.08,0.41,0.72,0.15,0.11,0.03,0,0,0,0,0,0,0.01,0.04,0.14,0,0.0897,0.0189,0.171
56029,0,0,0,0,0,0,0,0,0,0,0,0,0,0,0,0,0,0,0,0,0,0,0,0,0.81,0.79,0.52,0.24,0.03,0,0,0,0.01,0.12,0.53,0.8,0.13,0.13,0.04,0,0,0,0,0,0,0.01,0.05,0.13,0,0.109,0.0047,0.135
56031,0,0,0,0,0,0.12,0.38,0.26,0.06,0,0,0,0,0,0,0,0,0,0.01,0,0,0,0,0,0.6,0.55,0.27,0.08,0,0,0,0,0,0.07,0.34,0.62,0.09,0.08,0.02,0,0,0,0,0,0,0,0.02,0.09,0.0236,0.0153,0.0162,0.132
56033,0,0,0,0,0,0.02,0.15,0.09,0.01,0,0,0,0,0,0,0,0,0,0,0,0,0,0,0,0.72,0.67,0.35,0.11,0,0,0,0,0,0.08,0.42,0.73,0.17,0.14,0.04,0,0,0,0,0,0,0.01,0.04,0.12,0.00696,0.104,0.0226,0.124
56035,0,0,0,0,0,0,0,0,0,0,0,0,0,0,0,0,0,0,0,0,0,0,0,0,0.97,0.94,0.73,0.39,0.08,0,0,0,0.02,0.24,0.74,0.95,0.34,0.32,0.09,0,0,0,0,0,0,0.01,0.1,0.36,0,0.254,0.00244,0.104
56037,0,0,0,0,0,0.02,0.11,0.03,0,0,0,0,0,0,0,0,0,0,0,0,0,0,0,0,0.86,0.77,0.4,0.13,0.01,0,0,0,0,0.09,0.52,0.84,0.15,0.12,0.01,0,0,0,0,0,0,0.01,0.04,0.14,0,0.117,0.00231,0.108
56039,0,0,0,0,0,0,0,0,0,0,0,0,0,0,0,0,0,0,0,0,0,0,0,0,0.91,0.85,0.68,0.38,0.06,0,0,0,0.01,0.19,0.67,0.88,0.23,0.2,0.08,0.01,0,0,0,0,0,0.01,0.09,0.26,0,0.316,0.00295,0.137
56041,0,0,0,0,0,0,0.01,0,0,0,0,0,0,0,0,0,0,0,0,0,0,0,0,0,0.86,0.79,0.48,0.21,0.02,0,0,0,0,0.11,0.56,0.84,0.15,0.14,0.01,0,0,0,0,0,0,0.01,0.04,0.17,0,0.364,0.00653,0.069
56043,0,0,0,0,0,0.06,0.3,0.16,0.02,0,0,0,0,0,0,0,0,0,0,0,0,0,0,0,0.82,0.68,0.27,0.06,0,0,0,0,0,0.05,0.4,0.82,0.15,0.12,0.02,0,0,0,0,0,0,0.01,0.04,0.12,0.0449,0.0413,0.0141,0.134
56045,0,0,0,0,0,0.08,0.36,0.28,0.06,0,0,0,0,0,0,0,0,0,0.02,0,0,0,0,0,0.77,0.69,0.33,0.1,0,0,0,0,0,0.09,0.43,0.77,0.18,0.15,0.04,0,0,0,0,0,0,0.01,0.04,0.15,0.0519,0.188,0.0203,0.18
