zip,surge_cat1_share,surge_cat3_share
00601,0,0
00602,0.000622,0.00124
00603,0.000183,0.000458
00606,0,0
00610,0.000594,0.00297
00611,0,0
00612,0.011,0.0238
00616,0,0
00617,0.0393,0.0862
00622,0.0259,0.104
00623,0.00466,0.044
00624,0.0059,0.0179
00627,0.000271,0.000271
00631,0,0
00636,0,0
00637,0,0
00638,0,0
00641,0,0
00646,0.00105,0.00627
00647,0.00519,0.025
00650,0,0
00652,0.0132,0.022
00653,0.0144,0.0288
00656,0.0164,0.0565
00659,0.000153,0.00023
00660,0,0
00662,0.000305,0.000609
00664,0,0
00667,0.0235,0.0292
00669,0,0
00670,0,0
00674,0.00123,0.00391
00676,0,0
00677,0.000648,0.000864
00678,0.000108,0.000324
00680,0,0
00682,0.00135,0.0415
00683,0,0
00685,0,0
00687,0,0
00688,0,0
00690,0,0
00692,0,0
00693,0.00743,0.0303
00694,0,0.102
00698,0.0000503,0.000503
00703,0,0
00704,0.0596,0.0908
00705,0,0
00707,0.000301,0.00105
00714,0.00126,0.00673
00715,0.174,0.376
00716,0.02,0.131
00717,0,0.00266
00718,0.0111,0.0488
00719,0,0
00720,0,0
00723,0.0013,0.00802
00725,0,0
00727,0,0
00728,0.0352,0.0659
00729,0.0261,0.0478
00730,0,0
00731,0,0
00735,0.0259,0.0485
00736,0,0
00738,0.039,0.0614
00739,0,0
00740,0.136,0.317
00741,0.0955,0.621
00745,0.018,0.0952
00751,0.0429,0.0611
00754,0,0
00757,0.0407,0.0745
00765,0.0215,0.0375
00766,0,0
00767,0.00137,0.0229
00769,0,0
00771,0,0
00772,0.265,0.566
00773,0.00835,0.0409
00775,0.0027,0.00594
00777,0,0
00778,0,0
00780,0,0
00782,0,0
00783,0,0
00784,0.0317,0.0423
00786,0,0
00791,0.00325,0.0639
00794,0,0
00795,0.0127,0.0393
00802,0.0137,0.0239
00820,0.0201,0.03
00830,0.0123,0.0201
00840,0.00459,0.00958
00850,0.00847,0.014
00851,0,0
00901,0.0744,0.201
00906,0,0
00907,0.0323,0.0893
00909,0.0723,0.135
00911,0.00661,0.258
00912,0,0.0509
00913,0,0.495
00915,0.177,0.309
00917,0.0392,0.0898
00918,0.0665,0.0851
00920,0.00958,0.116
00921,0,0
00923,0.0156,0.0266
00924,0.00473,0.0108
00925,0,0
00926,0,0
00927,0,0
00934,0,0
00949,0.0235,0.0431
00950,0.0732,0.143
00951,0.0147,0.0499
00952,0,0
00953,0,0
00956,0,0
00957,0,0
00959,0,0
00960,0,0.00449
00961,0.00466,0.00991
00962,0.146,0.293
00965,0.0313,0.302
00966,0,0
00968,0,0
00969,0,0
00971,0,0
00976,0,0
00979,0.116,0.226
00982,0,0.00435
00983,0.056,0.103
00985,0.117,0.241
00987,0.000121,0.000728
01001,0,0
01002,0,0
01003,0,0
01005,0,0
01007,0,0
01008,0,0
01009,0,0
01010,0,0
01011,0,0
01012,0,0
01013,0,0
01020,0,0
01022,0,0
01026,0,0
01027,0,0
01028,0,0
01029,0,0
01030,0,0
01031,0,0
01032,0,0
01033,0,0
01034,0,0
01035,0,0
01036,0,0
01037,0,0
01038,0,0
01039,0,0
01040,0,0
01050,0,0
01053,0,0
01054,0,0
01056,0,0
01057,0,0
01060,0,0
01062,0,0
01063,0,0
01066,0,0
01068,0,0
01069,0,0
01070,0,0
01071,0,0
01072,0,0
01073,0,0
01074,0,0
01075,0,0
01077,0,0
01079,0,0
01080,0,0
01081,0,0
01082,0,0
01083,0,0
01084,0,0
01085,0,0
01088,0,0
01089,0,0
01092,0,0
01093,0,0
01094,0,0
01095,0,0
01096,0,0
01097,0,0
01098,0,0
01103,0,0
01104,0,0
01105,0,0
01106,0,0
01107,0,0
01108,0,0
01109,0,0
01118,0,0
01119,0,0
01128,0,0
01129,0,0
01144,0,0
01151,0,0
01201,0,0
01220,0,0
01222,0,0
01223,0,0
01224,0,0
01225,0,0
01226,0,0
01229,0,0
01230,0,0
01235,0,0
01236,0,0
01237,0,0
01238,0,0
01240,0,0
01242,0,0
01243,0,0
01244,0,0
01245,0,0
01247,0,0
01253,0,0
01254,0,0
01255,0,0
01256,0,0
01257,0,0
01258,0,0
01259,0,0
01260,0,0
01262,0,0
01264,0,0
01266,0,0
01267,0,0
01270,0,0
01301,0,0
01330,0,0
01331,0,0
01337,0,0
01338,0,0
01339,0,0
01340,0,0
01341,0,0
01342,0,0
01343,0,0
01344,0,0
01346,0,0
01347,0,0
01349,0,0
01350,0,0
01351,0,0
01354,0,0
01355,0,0
01360,0,0
01364,0,0
01366,0,0
01367,0,0
01368,0,0
01370,0,0
01373,0,0
01375,0,0
01376,0,0
01378,0,0
01379,0,0
01380,0,0
01420,0,0
01430,0,0
01431,0,0
01432,0,0
01434,0,0
01436,0,0
01438,0,0
01440,0,0
01450,0,0
01451,0,0
01452,0,0
01453,0,0
01460,0,0
01462,0,0
01463,0,0
01464,0,0
01468,0,0
01469,0,0
01473,0,0
01474,0,0
01475,0,0
01501,0,0
01503,0,0
01504,0,0
01505,0,0
01506,0,0
01507,0,0
01510,0,0
01515,0,0
01516,0,0
01518,0,0
01519,0,0
01520,0,0
01521,0,0
01522,0,0
01523,0,0
01524,0,0
01525,0,0
01527,0,0
01529,0,0
01531,0,0
01532,0,0
01534,0,0
01535,0,0
01536,0,0
01537,0,0
01540,0,0
01541,0,0
01542,0,0
01543,0,0
01545,0,0
01550,0,0
01560,0,0
01561,0,0
01562,0,0
01564,0,0
01566,0,0
01568,0,0
01569,0,0
01570,0,0
01571,0,0
01581,0,0
01583,0,0
01585,0,0
01588,0,0
01590,0,0
01602,0,0
01603,0,0
01604,0,0
01605,0,0
01606,0,0
01607,0,0
01608,0,0
01609,0,0
01610,0,0
01611,0,0
01612,0,0
01701,0,0
01702,0,0
01718,0,0
01719,0,0
01720,0,0
01721,0,0
01730,0,0
01731,0,0
01740,0,0
01741,0,0
01742,0,0
01745,0,0
01746,0,0
01747,0,0
01748,0,0
01749,0,0
01752,0,0
01754,0,0
01756,0,0
01757,0,0
01760,0,0
01770,0,0
01772,0,0
01773,0,0
01775,0,0
01776,0,0
01778,0,0
01801,0,0
01803,0,0
01810,0,0.0000798
01821,0,0
01824,0,0
01826,0,0
01827,0,0
01830,0.000526,0.0239
01832,0,0.000214
01833,0,0
01834,0.000274,0.0175
01835,0.00125,0.015
01840,0,0
01841,0,0
01843,0,0
01844,0,0
01845,0,0.000184
01850,0,0
01851,0,0
01852,0,0
01854,0,0
01860,0.000858,0.00544
01862,0,0
01863,0,0
01864,0,0
01867,0,0
01876,0,0
01879,0,0
01880,0,0
01886,0,0
01887,0,0
01890,0.00162,0.0231
01901,0.289,0.613
01902,0.0196,0.0712
01904,0,0
01905,0.289,0.465
01906,0.13,0.163
01907,0.0324,0.0955
01908,0.223,0.362
01913,0.00969,0.0483
01915,0.0201,0.0486
01921,0,0
01922,0.158,0.234
01923,0.03,0.0919
01929,0.235,0.281
01930,0.0795,0.123
01937,0,0
01938,0.22,0.3
01940,0,0
01944,0.0257,0.0561
01945,0.0188,0.0596
01949,0,0
01950,0.0565,0.163
01951,0.436,0.618
01952,0.352,0.45
01960,0.00107,0.009
01965,0.0194,0.0361
01966,0.0161,0.0353
01969,0.203,0.259
01970,0.0786,0.231
01982,0,0
01983,0,0
01984,0,0.000637
01985,0.0103,0.0528
02019,0,0
02021,0,0
02025,0.0374,0.0839
02026,0,0
02030,0,0
02032,0,0
02035,0,0
02038,0,0
02043,0.0201,0.063
02045,0.255,0.531
02047,0.115,0.354
02048,0,0
02050,0.216,0.312
02052,0,0
02053,0,0
02054,0,0
02056,0,0
02061,0.0215,0.0511
02062,0,0
02066,0.145,0.21
02067,0,0
02071,0,0
02072,0,0
02081,0,0
02090,0,0
02093,0,0
02108,0.268,0.358
02109,0.664,0.939
02110,0.178,0.657
02111,0.525,0.775
02113,0.201,0.604
02114,0.552,0.773
02115,0.438,0.79
02116,0.623,0.951
02118,0.782,0.996
02119,0.041,0.205
02120,0.0633,0.34
02121,0,0
02122,0.175,0.449
02124,0.0488,0.105
02125,0.233,0.509
02126,0,0
02127,0.399,0.681
02128,0.402,0.868
02129,0.409,0.768
02130,0.00277,0.00762
02131,0,0
02132,0,0
02133,0,0
02134,0.293,0.547
02135,0.0518,0.111
02136,0,0
02138,0.204,0.504
02139,0.514,0.873
02140,0.317,0.615
02141,0.612,0.925
02142,0.953,0.984
02143,0.186,0.53
02144,0.056,0.128
02145,0.216,0.394
02148,0.165,0.382
02149,0.258,0.447
02150,0.399,0.604
02151,0.435,0.623
02152,0.333,0.562
02155,0.177,0.362
02163,0.708,0.948
02169,0.0726,0.155
02170,0.272,0.594
02171,0.445,0.657
02176,0,0
02180,0,0
02184,0.00392,0.0118
02186,0.0231,0.0317
02188,0.0133,0.0337
02189,0.0324,0.0655
02190,0,0
02191,0.138,0.365
02199,0,0.428
02203,0,0.254
02205,0.259,0.992
02210,0.775,0.932
02215,0.521,0.765
02301,0,0
02302,0,0
02322,0,0
02324,0.000366,0.000548
02325,0,0
02330,0,0
02332,0.0834,0.123
02333,0,0.000143
02338,0,0
02339,0.00475,0.00507
02341,0,0
02343,0,0
02346,0.000107,0.000357
02347,0,0
02350,0,0
02351,0,0
02356,0,0
02357,0,0
02359,0.0536,0.0556
02360,0.00834,0.0224
02364,0.0173,0.0352
02366,0,0
02367,0,0
02368,0,0
02370,0,0
02375,0,0
02379,0,0
02382,0,0
02420,0,0
02421,0,0
02445,0.00751,0.0375
02446,0.021,0.118
02451,0,0
02452,0,0
02453,0,0.0143
02457,0,0
02458,0.0112,0.0748
02459,0,0
02460,0,0.0363
02461,0,0
02462,0,0
02464,0,0
02465,0,0.00342
02466,0,0
02467,0,0
02468,0,0
02472,0.0213,0.12
02474,0.101,0.244
02476,0.00117,0.0153
02478,0.0148,0.0959
02481,0,0
02482,0,0
02492,0,0
02493,0,0
02494,0,0
02532,0.156,0.302
02534,0.1,0.224
02535,0.111,0.177
02536,0.0693,0.153
02537,0.113,0.186
02538,0.0596,0.337
02539,0.166,0.307
02540,0.173,0.351
02542,0,0
02543,0.116,0.224
02553,0.476,0.889
02554,0.148,0.248
02556,0.183,0.406
02557,0.234,0.39
02558,0.607,0.95
02559,0.165,0.285
02561,0.00298,0.0626
02562,0.155,0.31
02563,0.0373,0.0772
02564,0.055,0.191
02568,0.0458,0.0764
02571,0.242,0.537
02575,0.0388,0.0953
02576,0.066,0.224
02584,0,0
02601,0.0627,0.12
02630,0.0507,0.127
02631,0.0283,0.0534
02632,0.106,0.163
02633,0.149,0.224
02635,0.102,0.22
02637,0.0673,0.17
02638,0.171,0.261
02639,0.363,0.77
02641,0.119,0.267
02642,0.16,0.219
02643,0.526,0.628
02644,0,0
02645,0.0257,0.0606
02646,0.334,0.643
02647,0.385,0.511
02648,0.0119,0.0206
02649,0.0911,0.168
02650,0.0762,0.176
02652,0.109,0.16
02653,0.0806,0.148
02655,0.216,0.398
02657,0.2,0.393
02659,0.0937,0.13
02660,0.0718,0.146
02663,0.128,0.202
02664,0.107,0.373
02666,0.0715,0.109
02667,0.139,0.207
02668,0.0436,0.168
02670,0.563,0.833
02671,0.488,0.831
02672,0.296,0.472
02673,0.225,0.468
02675,0.108,0.188
02702,0.0309,0.0672
02703,0,0
02713,0.121,0.229
02715,0.0676,0.128
02717,0,0
02718,0.00384,0.0132
02719,0.226,0.38
02720,0.016,0.036
02721,0.0209,0.0375
02723,0,0
02724,0.0247,0.0371
02725,0.0865,0.223
02726,0.0528,0.114
02738,0.254,0.549
02739,0.128,0.306
02740,0.0427,0.175
02743,0.00535,0.0739
02744,0.272,0.568
02745,0.00429,0.0257
02746,0.0104,0.102
02747,0,0.000121
02748,0.195,0.299
02760,0,0
02762,0,0
02763,0,0
02764,0.00748,0.0451
02766,0,0
02767,0.00828,0.0217
02769,0.0212,0.0716
02770,0.00382,0.0589
02771,0.0187,0.0605
02777,0.0704,0.152
02779,0.0519,0.115
02780,0.0188,0.0499
02790,0.0659,0.102
02791,0.32,0.444
02802,0,0
02804,0,0
02806,0.378,0.711
02807,0.0843,0.141
02808,0,0
02809,0.0888,0.177
02812,0,0
02813,0.0751,0.109
02814,0,0
02815,0,0
02816,0,0
02817,0,0
02818,0.0158,0.0428
02822,0,0
02823,0,0
02824,0,0
02825,0,0
02826,0,0
02827,0,0
02828,0,0
02829,0,0
02830,0,0
02831,0,0
02832,0,0
02833,0,0
02835,0.0665,0.134
02836,0,0
02837,0.057,0.113
02838,0,0
02839,0,0
02840,0.14,0.251
02841,0.274,0.468
02842,0.0299,0.0521
02852,0.0848,0.185
02857,0,0
02858,0,0
02859,0,0
02860,0.0125,0.0324
02861,0,0
02863,0,0.00207
02864,0,0.00028
02865,0,0
02871,0.0794,0.137
02872,0.152,0.265
02873,0,0
02874,0.0175,0.0569
02875,0,0
02876,0,0
02878,0.0478,0.0686
02879,0.0583,0.103
02881,0,0
02882,0.158,0.271
02885,0.282,0.48
02886,0.0194,0.0799
02888,0.0449,0.135
02889,0.147,0.38
02891,0.0837,0.136
02892,0,0
02893,0,0
02894,0,0
02895,0,0
02896,0,0
02898,0,0
02903,0.0353,0.479
02904,0,0.00382
02905,0.141,0.265
02906,0.0183,0.0534
02907,0,0
02908,0,0.0494
02909,0,0.0505
02910,0.018,0.113
02911,0,0
02912,0,0
02914,0.0499,0.168
02915,0.0942,0.219
02916,0.0242,0.128
02917,0,0
02918,0,0
02919,0,0
02920,0.00304,0.018
02921,0,0
03031,0,0
03032,0,0
03033,0,0
03034,0,0
03036,0,0
03037,0,0
03038,0,0
03042,0,0
03043,0,0
03044,0,0
03045,0,0
03046,0,0
03047,0,0
03048,0,0
03049,0,0
03051,0,0
03052,0,0
03053,0,0
03054,0,0
03055,0,0
03057,0,0
03060,0,0
03062,0,0
03063,0,0
03064,0,0
03070,0,0
03071,0,0
03076,0,0
03077,0,0
03079,0,0
03082,0,0
03084,0,0
03086,0,0
03087,0,0
03101,0,0
03102,0,0
03103,0,0
03104,0,0
03106,0,0
03109,0,0
03110,0,0
03215,0,0
03216,0,0
03217,0,0
03218,0,0
03220,0,0
03221,0,0
03222,0,0
03223,0,0
03224,0,0
03225,0,0
03226,0,0
03227,0,0
03229,0,0
03230,0,0
03231,0,0
03233,0,0
03234,0,0
03235,0,0
03237,0,0
03238,0,0
03240,0,0
03241,0,0
03242,0,0
03243,0,0
03244,0,0
03245,0,0
03246,0,0
03249,0,0
03251,0,0
03253,0,0
03254,0,0
03255,0,0
03256,0,0
03257,0,0
03258,0,0
03259,0,0
03260,0,0
03261,0,0
03262,0,0
03263,0,0
03264,0,0
03266,0,0
03268,0,0
03269,0,0
03273,0,0
03275,0,0
03276,0,0
03278,0,0
03279,0,0
03280,0,0
03281,0,0
03282,0,0
03284,0,0
03285,0,0
03287,0,0
03290,0,0
03291,0,0
03293,0,0
03301,0,0
03303,0,0
03304,0,0
03307,0,0
03431,0,0
03440,0,0
03441,0,0
03442,0,0
03443,0,0
03444,0,0
03445,0,0
03446,0,0
03447,0,0
03448,0,0
03449,0,0
03450,0,0
03451,0,0
03452,0,0
03455,0,0
03456,0,0
03457,0,0
03458,0,0
03461,0,0
03462,0,0
03464,0,0
03465,0,0
03466,0,0
03467,0,0
03470,0,0
03561,0,0
03570,0,0
03574,0,0
03575,0,0
03576,0,0
03579,0,0
03580,0,0
03581,0,0
03582,0,0
03583,0,0
03584,0,0
03585,0,0
03586,0,0
03588,0,0
03590,0,0
03592,0,0
03593,0,0
03595,0,0
03597,0,0
03598,0,0
03601,0,0
03602,0,0
03603,0,0
03604,0,0
03605,0,0
03607,0,0
03608,0,0
03609,0,0
03740,0,0
03741,0,0
03743,0,0
03745,0,0
03748,0,0
03750,0,0
03751,0,0
03752,0,0
03753,0,0
03755,0,0
03765,0,0
03766,0,0
03768,0,0
03770,0,0
03771,0,0
03773,0,0
03774,0,0
03777,0,0
03779,0,0
03780,0,0
03781,0,0
03782,0,0
03784,0,0
03785,0,0
03801,0.0239,0.0562
03809,0,0
03810,0,0
03811,0,0
03812,0,0
03813,0,0
03814,0,0
03816,0,0
03817,0,0
03818,0,0
03819,0,0
03820,0.0147,0.0418
03823,0.000416,0.00374
03824,0.0133,0.0356
03825,0,0
03826,0,0
03827,0,0
03830,0,0
03832,0,0
03833,0.00225,0.0028
03835,0,0
03836,0,0
03837,0,0
03838,0,0
03839,0,0
03840,0.052,0.0934
03841,0,0
03842,0.228,0.324
03844,0.112,0.149
03845,0,0
03846,0,0
03847,0,0
03848,0,0
03849,0,0
03850,0,0
03851,0,0
03852,0,0
03853,0,0
03854,0.0959,0.27
03855,0,0
03856,0.0328,0.0581
03857,0.0329,0.0542
03858,0,0
03860,0,0
03861,0,0
03862,0.0282,0.0565
03864,0,0
03865,0,0
03867,0,0
03868,0,0
03869,0.00289,0.0105
03870,0.145,0.238
03871,0.00437,0.166
03872,0,0
03873,0,0
03874,0.238,0.315
03875,0,0
03878,0,0
03882,0,0
03883,0,0
03884,0,0
03885,0.0476,0.0796
03886,0,0
03887,0,0
03890,0,0
03894,0,0
03897,0,0
03901,0,0.0000644
03902,0.00736,0.0143
03903,0.0243,0.0691
03904,0.0184,0.0701
03905,0.0689,0.146
03906,0,0
03907,0.039,0.0704
03908,0.0025,0.00455
03909,0.0451,0.132
03910,0.147,0.489
03911,0.0273,0.0887
04001,0,0
04002,0,0
04003,0.0531,0.168
04005,0.0176,0.0356
04006,0,0.343
04008,0.0542,0.0948
04009,0,0
04010,0,0
04011,0.0294,0.0711
04015,0,0
04017,0.0234,0.114
04019,0.0634,0.216
04020,0,0
04021,0,0
04022,0,0
04024,0,0
04027,0,0
04029,0,0
04030,0,0
04032,0.0126,0.0467
04037,0,0
04038,0,0
04039,0,0
04040,0,0
04041,0,0
04042,0,0
04043,0.0471,0.0954
04046,0.0372,0.0731
04047,0,0
04048,0,0
04049,0,0
04050,0.0333,0.217
04051,0,0
04055,0,0
04056,0,0
04057,0,0
04061,0,0
04062,0,0
04063,0.419,0.773
04064,0.129,0.211
04066,0.00664,0.0518
04068,0,0
04069,0,0
04071,0,0
04072,0.0168,0.0443
04073,0,0
04074,0.117,0.213
04076,0,0
04079,0.0401,0.18
04083,0,0
04084,0,0
04085,0,0
04086,0.04,0.0547
04087,0,0
04088,0,0
04090,0.0528,0.0669
04091,0,0
04092,0.000139,0.00544
04093,0,0
04095,0,0
04096,0.0245,0.0825
04097,0,0
04101,0.206,0.376
04102,0.042,0.155
04103,0.00797,0.0464
04105,0.009,0.0281
04106,0.0239,0.12
04107,0.0412,0.133
04108,0.0217,0.138
04109,0.0155,0.131
04110,0.0113,0.0473
04210,0,0
04216,0,0
04217,0,0
04219,0,0
04220,0,0
04221,0,0
04222,0,0
04224,0,0
04226,0,0
04227,0,0
04231,0,0
04234,0,0
04236,0,0
04237,0,0
04238,0,0
04239,0,0
04240,0,0
04250,0,0
04252,0,0
04253,0,0
04254,0,0
04255,0,0
04256,0,0
04257,0,0
04258,0,0
04259,0,0
04260,0,0
04261,0,0
04263,0,0
04265,0,0
04267,0,0
04268,0,0
04270,0,0
04271,0,0
04274,0,0
04275,0,0
04276,0,0
04280,0,0
04281,0,0
04282,0,0
04284,0,0
04285,0,0
04286,0,0
04287,0,0
04289,0,0
04290,0,0
04292,0,0
04294,0,0
04330,0.000203,0.000792
04341,0,0
04342,0.0216,0.0401
04344,0,0.00106
04345,0.00981,0.0167
04346,0.00779,0.0234
04347,0.00081,0.00121
04348,0,0
04349,0,0
04350,0,0
04351,0,0
04352,0,0
04353,0,0
04354,0,0
04355,0,0
04357,0.000313,0.00102
04358,0,0
04359,0.00639,0.0128
04360,0,0
04363,0,0
04364,0,0
04401,0.000823,0.00468
04406,0,0
04408,0,0
04410,0,0
04411,0,0
04412,0.0103,0.0599
04416,0.00629,0.0224
04417,0,0
04418,0,0
04419,0,0
04421,0.028,0.0975
04422,0,0
04426,0,0
04427,0,0
04428,0,0
04429,0,0
04431,0,0
04434,0,0
04435,0,0
04438,0.00211,0.00882
04443,0,0
04444,0.00136,0.00525
04448,0,0
04449,0,0
04450,0,0
04453,0,0
04456,0,0
04461,0,0
04463,0,0
04468,0,0
04469,0,0
04472,0.00564,0.02
04473,0,0
04474,0.00188,0.0103
04475,0,0
04476,0.00754,0.0257
04479,0,0
04481,0,0
04488,0,0
04489,0,0
04493,0,0
04496,0.00372,0.00962
04530,0.0669,0.139
04535,0.00672,0.0235
04537,0.0156,0.065
04538,0.0111,0.0523
04539,0.000289,0.00217
04541,0,0.0344
04543,0.0215,0.0629
04544,0.0236,0.0955
04547,0.0357,0.121
04548,0.0952,0.158
04551,0.0136,0.0552
04553,0.0507,0.113
04554,0.0158,0.0599
04555,0.00868,0.0243
04556,0.00713,0.028
04558,0.0116,0.0519
04562,0.0805,0.141
04563,0.00868,0.0792
04564,0.000953,0.00984
04568,0.0261,0.0995
04570,0.105,0.176
04571,0.0241,0.102
04572,0.0072,0.026
04573,0.00877,0.0517
04574,0,0
04575,0.0939,0.235
04576,0.06,0.166
04578,0.0148,0.0507
04579,0.0242,0.0554
04605,0.00407,0.0161
04606,0.0334,0.101
04607,0.00697,0.0265
04609,0.031,0.0682
04611,0.0286,0.16
04612,0.0288,0.0735
04613,0.0111,0.0727
04614,0.00372,0.0151
04616,0.0218,0.0718
04617,0.0217,0.0903
04619,0.00116,0.00613
04622,0.00057,0.000999
04623,0.00488,0.00965
04624,0.0271,0.107
04625,0.0468,0.28
04626,0.00353,0.0221
04627,0.0253,0.0954
04628,0.000337,0.00344
04630,0.000763,0.00226
04631,0.0123,0.04
04634,0.00394,0.011
04635,0.0142,0.0244
04640,0.00903,0.0404
04642,0.0209,0.0994
04643,0.0532,0.154
04645,0.00457,0.031
04646,0.151,0.406
04648,0.0038,0.0173
04649,0.0146,0.112
04650,0.0266,0.1
04652,0.00131,0.0139
04653,0.0769,0.179
04654,0.00488,0.0127
04655,0.0054,0.0467
04657,0,0
04658,0.0366,0.11
04660,0.00909,0.0331
04662,0.00165,0.00936
04664,0.00106,0.00606
04666,0.000765,0.00559
04667,0.00118,0.00746
04668,0,0
04669,0.0353,0.117
04671,0,0.000997
04673,0.0109,0.0763
04674,0.00679,0.0374
04675,0.00919,0.0283
04676,0.0174,0.0507
04677,0.00533,0.0509
04679,0.0271,0.0831
04680,0.014,0.0612
04681,0.0182,0.0848
04683,0.0406,0.221
04684,0.00691,0.0288
04685,0.0259,0.075
04686,0,0
04691,0.000454,0.00278
04693,0.013,0.0468
04694,0.0000176,0.0000176
04841,0.00964,0.023
04843,0.00219,0.00655
04847,0,0
04848,0.0761,0.189
04849,0.00252,0.00594
04851,0.0212,0.081
04852,0.00282,0.031
04853,0.0157,0.0942
04854,0.0264,0.127
04855,0.0408,0.118
04856,0.00033,0.00231
04858,0.0436,0.103
04859,0.0843,0.238
04860,0.0209,0.123
04861,0.0213,0.0523
04862,0,0
04863,0.0292,0.102
04864,0.00323,0.00723
04901,0,0
04910,0,0
04911,0,0
04912,0,0
04915,0.000972,0.00548
04917,0,0
04918,0,0
04920,0,0
04921,0,0
04922,0,0
04923,0,0
04924,0,0
04925,0,0
04926,0,0
04927,0,0
04928,0,0
04929,0,0
04930,0,0
04932,0,0
04936,0,0
04937,0,0
04938,0,0
04939,0,0
04940,0,0
04941,0,0
04942,0,0
04943,0,0
04944,0,0
04947,0,0
04949,0,0
04950,0,0
04951,0,0
04952,0,0
04953,0,0
04955,0,0
04956,0,0
04957,0,0
04958,0,0
04961,0,0
04963,0,0
04964,0,0
04965,0,0
04966,0,0
04967,0,0
04969,0,0
04970,0,0
04971,0,0
04973,0,0
04974,0.00677,0.0318
04975,0,0
04976,0,0
04978,0,0
04979,0,0
04981,0.00909,0.0416
04982,0,0
04983,0,0
04984,0,0
04986,0,0
04987,0,0
04988,0,0
04989,0,0
04992,0,0
05001,0,0
05009,0,0
05030,0,0
05031,0,0
05032,0,0
05033,0,0
05034,0,0
05035,0,0
05036,0,0
05037,0,0
05038,0,0
05039,0,0
05040,0,0
05041,0,0
05042,0,0
05043,0,0
05045,0,0
05046,0,0
05048,0,0
05050,0,0
05051,0,0
05052,0,0
05053,0,0
05055,0,0
05056,0,0
05058,0,0
05059,0,0
05060,0,0
05061,0,0
05062,0,0
05065,0,0
05067,0,0
05068,0,0
05069,0,0
05070,0,0
05071,0,0
05072,0,0
05073,0,0
05075,0,0
05076,0,0
05077,0,0
05079,0,0
05081,0,0
05083,0,0
05084,0,0
05086,0,0
05088,0,0
05089,0,0
05091,0,0
05101,0,0
05141,0,0
05142,0,0
05143,0,0
05146,0,0
05148,0,0
05149,0,0
05150,0,0
05151,0,0
05152,0,0
05153,0,0
05154,0,0
05155,0,0
05156,0,0
05158,0,0
05161,0,0
05201,0,0
05250,0,0
05251,0,0
05252,0,0
05253,0,0
05254,0,0
05255,0,0
05257,0,0
05260,0,0
05261,0,0
05262,0,0
05301,0,0
05340,0,0
05341,0,0
05342,0,0
05343,0,0
05344,0,0
05345,0,0
05346,0,0
05350,0,0
05351,0,0
05352,0,0
05353,0,0
05354,0,0
05355,0,0
05356,0,0
05358,0,0
05359,0,0
05360,0,0
05361,0,0
05362,0,0
05363,0,0
05401,0,0
05403,0,0
05404,0,0
05405,0,0
05408,0,0
05439,0,0
05440,0,0
05441,0,0
05442,0,0
05443,0,0
05444,0,0
05445,0,0
05446,0,0
05447,0,0
05448,0,0
05450,0,0
05452,0,0
05454,0,0
05455,0,0
05456,0,0
05457,0,0
05458,0,0
05459,0,0
05461,0,0
05462,0,0
05463,0,0
05464,0,0
05465,0,0
05468,0,0
05471,0,0
05472,0,0
05473,0,0
05474,0,0
05476,0,0
05477,0,0
05478,0,0
05481,0,0
05482,0,0
05483,0,0
05485,0,0
05486,0,0
05487,0,0
05488,0,0
05489,0,0
05491,0,0
05492,0,0
05494,0,0
05495,0,0
05602,0,0
05640,0,0
05641,0,0
05647,0,0
05648,0,0
05649,0,0
05650,0,0
05651,0,0
05652,0,0
05653,0,0
05654,0,0
05655,0,0
05656,0,0
05658,0,0
05660,0,0
05661,0,0
05663,0,0
05664,0,0
05666,0,0
05667,0,0
05669,0,0
05670,0,0
05672,0,0
05673,0,0
05674,0,0
05675,0,0
05676,0,0
05677,0,0
05678,0,0
05679,0,0
05680,0,0
05681,0,0
05682,0,0
05701,0,0
05730,0,0
05731,0,0
05732,0,0
05733,0,0
05734,0,0
05735,0,0
05736,0,0
05737,0,0
05738,0,0
05739,0,0
05742,0,0
05743,0,0
05744,0,0
05746,0,0
05747,0,0
05748,0,0
05751,0,0
05753,0,0
05757,0,0
05758,0,0
05759,0,0
05760,0,0
05761,0,0
05762,0,0
05763,0,0
05764,0,0
05765,0,0
05766,0,0
05767,0,0
05768,0,0
05769,0,0
05770,0,0
05772,0,0
05773,0,0
05774,0,0
05775,0,0
05776,0,0
05777,0,0
05778,0,0
05819,0,0
05820,0,0
05821,0,0
05822,0,0
05824,0,0
05825,0,0
05826,0,0
05827,0,0
05828,0,0
05829,0,0
05830,0,0
05832,0,0
05833,0,0
05836,0,0
05837,0,0
05839,0,0
05840,0,0
05841,0,0
05842,0,0
05843,0,0
05845,0,0
05846,0,0
05847,0,0
05850,0,0
05851,0,0
05853,0,0
05855,0,0
05857,0,0
05858,0,0
05859,0,0
05860,0,0
05862,0,0
05866,0,0
05867,0,0
05868,0,0
05871,0,0
05872,0,0
05873,0,0
05874,0,0
05875,0,0
05901,0,0
05902,0,0
05903,0,0
05904,0,0
05905,0,0
05906,0,0
05907,0,0
06001,0,0
06002,0,0
06010,0,0
06013,0,0
06016,0,0
06018,0,0
06019,0,0
06020,0,0
06021,0,0
06022,0,0
06023,0,0
06024,0,0
06026,0,0
06027,0,0
06029,0,0
06031,0,0
06032,0,0
06033,0,0
06035,0,0
06037,0,0
06039,0,0
06040,0,0
06042,0,0
06043,0,0
06051,0,0
06052,0,0
06053,0,0
06057,0,0
06058,0,0
06059,0,0
06060,0,0
06061,0,0
06062,0,0
06063,0,0
06065,0,0
06066,0,0
06067,0,0
06068,0,0
06069,0,0
06070,0,0
06071,0,0
06072,0,0
06073,0,0
06074,0,0
06076,0,0
06078,0,0
06079,0,0
06080,0,0
06081,0,0
06082,0,0
06084,0,0
06085,0,0
06088,0,0
06089,0,0
06090,0,0
06091,0,0
06092,0,0
06093,0,0
06095,0,0
06096,0,0
06098,0,0
06103,0,0
06105,0,0
06106,0,0
06107,0,0
06108,0,0
06109,0,0
06110,0,0
06111,0,0
06112,0,0
06114,0,0
06117,0,0
06118,0,0
06119,0,0
06120,0,0
06226,0,0
06231,0,0
06232,0,0
06234,0,0
06235,0,0
06237,0,0
06238,0,0
06239,0,0
06241,0,0
06242,0,0
06243,0,0
06247,0,0
06248,0,0
06249,0,0
06250,0,0
06254,0,0
06255,0,0
06256,0,0
06258,0,0
06259,0,0
06260,0,0
06262,0,0
06263,0,0
06264,0,0
06266,0,0
06268,0,0
06269,0,0
06277,0,0
06278,0,0
06279,0,0
06280,0,0
06281,0,0
06282,0,0
06320,0.0787,0.147
06330,0,0
06331,0,0
06332,0,0
06333,0.000956,0.0035
06334,0,0
06335,0.00544,0.0172
06336,0,0
06338,0,0
06339,0.000388,0.00204
06340,0.114,0.192
06350,0,0
06351,0,0
06353,0,0
06354,0,0
06355,0.111,0.211
06357,0.088,0.174
06359,0,0
06360,0.00435,0.0132
06365,0.00499,0.0111
06370,0,0
06371,0.0791,0.118
06373,0,0
06374,0,0
06375,0.00995,0.0277
06376,0,0
06377,0,0
06378,0.0653,0.102
06379,0.128,0.237
06380,0,0
06382,0.00819,0.0218
06384,0,0
06385,0.0314,0.0888
06387,0,0
06389,0,0
06390,0.205,0.397
06401,0,0.0322
06403,0,0
06405,0.106,0.209
06409,0,0.00213
06410,0,0
06412,0.0372,0.0441
06413,0.078,0.173
06414,0,0
06415,0,0
06416,0,0
06417,0.018,0.025
06418,0.0138,0.0735
06419,0.000282,0.000634
06420,0,0
06422,0,0
06423,0.0117,0.0136
06424,0.0155,0.0225
06426,0.084,0.118
06437,0.0464,0.076
06438,0.0256,0.0424
06439,0,0
06441,0.00113,0.00277
06442,0,0
06443,0.0476,0.0973
06444,0,0
06447,0,0
06450,0,0
06451,0,0
06455,0,0
06456,0,0.00187
06457,0.00421,0.00762
06459,0,0
06460,0.232,0.394
06461,0.0392,0.0661
06467,0,0
06468,0,0
06469,0.00297,0.00618
06470,0,0
06471,0,0
06472,0,0
06473,0.0386,0.11
06475,0.196,0.339
06477,0.00087,0.00333
06478,0,0
06479,0,0
06480,0.000321,0.000428
06481,0,0
06482,0,0
06483,0,0
06484,0.00309,0.00886
06488,0,0
06489,0,0
06492,0,0
06498,0.0701,0.13
06510,0,0.398
06511,0.12,0.247
06512,0.226,0.438
06513,0.12,0.211
06514,0.000224,0.000896
06515,0.0197,0.0481
06516,0.0934,0.218
06517,0.0781,0.138
06518,0,0
06519,0.291,0.491
06524,0,0
06525,0,0
06604,0.13,0.354
06605,0.102,0.571
06606,0.000945,0.0293
06607,0.177,0.634
06608,0.0267,0.245
06610,0,0.0138
06611,0,0
06612,0,0
06614,0.0407,0.0968
06615,0.511,0.776
06702,0,0
06704,0,0
06705,0,0
06706,0,0
06708,0,0
06710,0,0
06712,0,0
06716,0,0
06750,0,0
06751,0,0
06752,0,0
06753,0,0
06754,0,0
06755,0,0
06756,0,0
06757,0,0
06758,0,0
06759,0,0
06762,0,0
06763,0,0
06770,0,0
06776,0,0
06777,0,0
06778,0,0
06779,0,0
06782,0,0
06783,0,0
06784,0,0
06785,0,0
06786,0,0
06787,0,0
06790,0,0
06791,0,0
06793,0,0
06794,0,0
06795,0,0
06796,0,0
06798,0,0
06801,0,0
06804,0,0
06807,0.0214,0.0901
06810,0,0
06811,0,0
06812,0,0
06820,0.0381,0.101
06824,0.088,0.154
06825,0.00294,0.0319
06830,0.0181,0.0684
06831,0.000182,0.00254
06840,0,0
06850,0.00221,0.00921
06851,0.0013,0.0026
06853,0.139,0.28
06854,0.122,0.198
06855,0.191,0.351
06870,0.181,0.43
06877,0,0
06878,0.0507,0.132
06880,0.0565,0.148
06883,0,0
06890,0.025,0.18
06896,0,0
06897,0,0
06901,0.0197,0.575
06902,0.096,0.202
06903,0,0
06905,0,0.00246
06906,0,0
06907,0,0
07001,0.152,0.548
07002,0.364,0.61
07003,0,0
07004,0,0
07005,0,0
07006,0,0
07008,0.304,0.752
07009,0,0
07010,0,0
07011,0,0
07012,0,0
07013,0,0
07014,0.00175,0.128
07016,0,0
07017,0,0
07018,0,0
07020,0.369,0.568
07021,0,0
07022,0.0208,0.119
07023,0,0
07024,0.00699,0.00798
07026,0,0.0238
07027,0,0
07028,0,0
07029,0.241,0.692
07030,0.726,0.901
07031,0.0818,0.212
07032,0.422,0.553
07033,0,0
07034,0,0
07035,0,0
07036,0.307,0.637
07039,0,0
07040,0,0
07041,0,0
07042,0,0
07043,0,0
07044,0,0
07045,0,0
07046,0,0
07047,0.246,0.483
07050,0,0
07052,0,0
07054,0,0
07055,0.0024,0.101
07057,0,0.363
07058,0,0
07059,0,0
07060,0,0
07062,0,0
07063,0,0
07064,0.33,0.844
07065,0.0988,0.627
07066,0,0.0103
07067,0,0.0369
07068,0,0
07069,0,0
07070,0.201,0.394
07071,0.27,0.442
07072,0.628,0.753
07073,0.522,0.82
07074,0.942,0.99
07075,0.0428,0.0946
07076,0,0
07077,0.544,0.911
07078,0,0
07079,0,0
07080,0,0
07081,0,0
07082,0,0
07083,0,0.00202
07086,0.294,0.386
07087,0,0.00192
07088,0,0
07090,0,0
07092,0,0
07093,0.0719,0.121
07094,0.374,0.784
07095,0.113,0.242
07102,0.0133,0.151
07103,0,0
07104,0.0139,0.0913
07105,0.406,0.898
07106,0,0
07107,0,0
07108,0,0
07109,0.022,0.109
07110,0,0.0297
07111,0,0
07112,0,0.0259
07114,0.484,0.879
07201,0.321,0.811
07202,0.184,0.49
07203,0,0.000954
07204,0,0
07205,0,0.00727
07206,0.229,0.655
07208,0,0.0786
07302,0.733,0.963
07304,0.278,0.555
07305,0.362,0.641
07306,0.228,0.414
07307,0.315,0.402
07310,0.908,0.974
07311,0.983,0.983
07401,0,0
07403,0,0
07405,0,0
07407,0,0
07410,0,0
07416,0,0
07417,0,0
07418,0,0
07419,0,0
07420,0,0
07421,0,0
07422,0,0
07423,0,0
07424,0,0
07430,0,0
07432,0,0
07435,0,0
07436,0,0
07438,0,0
07439,0,0
07440,0,0
07442,0,0
07444,0,0
07446,0,0
07450,0,0
07452,0,0
07456,0,0
07457,0,0
07458,0,0
07460,0,0
07461,0,0
07462,0,0
07463,0,0
07465,0,0
07470,0,0
07480,0,0
07481,0,0
07501,0,0
07502,0,0
07503,0,0
07504,0,0
07505,0,0
07506,0,0
07508,0,0
07512,0,0
07513,0,0
07514,0,0
07522,0,0
07524,0,0
07601,0.089,0.538
07603,0.0797,0.196
07604,0.0847,0.238
07605,0.101,0.328
07606,0.301,0.951
07607,0,0
07608,0.904,1
07620,0.00196,0.00469
07621,0,0
07624,0,0
07626,0,0
07627,0,0
07628,0,0
07630,0,0
07631,0.0709,0.188
07632,0.00825,0.013
07640,0,0
07641,0,0.00517
07642,0,0
07643,0.71,0.968
07644,0,0.0243
07645,0,0
07646,0.0252,0.204
07647,0,0
07648,0,0
07649,0,0.0457
07650,0.0688,0.227
07652,0,0.00312
07656,0,0
07657,0.28,0.603
07660,0.104,0.515
07661,0.022,0.128
07662,0,0.00253
07663,0,0
07666,0.0473,0.204
07670,0,0.00109
07675,0,0
07676,0,0
07677,0,0
07701,0.032,0.0817
07702,0.0363,0.215
07703,0.108,0.769
07704,0.0063,0.134
07711,0.0235,0.309
07712,0.00373,0.0727
07716,0.0384,0.0997
07717,0.125,0.857
07718,0.355,0.663
07719,0.017,0.107
07720,0.0166,0.491
07721,0.0277,0.0802
07722,0,0.000439
07723,0.0154,0.0908
07724,0.0108,0.0344
07726,0,0
07727,0.000795,0.00865
07728,0,0
07730,0.112,0.348
07731,0,0.00184
07732,0.633,0.772
07733,0.000852,0.00809
07734,0.706,0.957
07735,0.451,0.702
07737,0.0654,0.188
07738,0.00808,0.0157
07739,0.172,0.54
07740,0.128,0.43
07746,0,0
07747,0.0556,0.0884
07748,0.0609,0.129
07750,0.652,0.96
07751,0,0
07753,0.0156,0.0676
07755,0,0.00172
07756,0.0136,0.475
07757,0.2,0.741
07758,0.654,0.944
07760,0.186,0.394
07762,0.0404,0.289
07764,0.000885,0.106
07801,0,0
07803,0,0
07820,0,0
07821,0,0
07822,0,0
07823,0,0
07825,0,0
07826,0,0
07827,0,0
07828,0,0
07830,0,0
07831,0,0
07832,0,0
07833,0,0
07834,0,0
07836,0,0
07838,0,0
07840,0,0
07842,0,0
07843,0,0
07844,0,0
07846,0,0
07847,0,0
07848,0,0
07849,0,0
07850,0,0
07851,0,0
07852,0,0
07853,0,0
07856,0,0
07857,0,0
07860,0,0
07863,0,0
07865,0,0
07866,0,0
07869,0,0
07870,0,0
07871,0,0
07874,0,0
07876,0,0
07878,0,0
07880,0,0
07881,0,0
07882,0,0
07885,0,0
07901,0,0
07920,0,0
07921,0,0
07922,0,0
07924,0,0
07926,0,0
07927,0,0
07928,0,0
07930,0,0
07931,0,0
07932,0,0
07933,0,0
07934,0,0
07935,0,0
07936,0,0
07939,0,0
07940,0,0
07945,0,0
07946,0,0
07950,0,0
07960,0,0
07961,0,0
07970,0,0
07974,0,0
07976,0,0
07977,0,0
07979,0,0
07980,0,0
07981,0,0
08001,0.0638,0.107
08002,0.00317,0.0363
08003,0,0
08004,0,0
08005,0.0792,0.112
08006,0.518,0.936
08007,0,0
08008,0.684,0.834
08009,0,0
08010,0,0.021
08011,0,0
08012,0.00577,0.0222
08014,0.125,0.466
08015,0,0
08016,0.00915,0.0707
08019,0.00125,0.00975
08020,0.00727,0.0884
08021,0.000196,0.000589
08022,0,0
08023,0.522,0.982
08026,0,0
08027,0.382,0.7
08028,0,0
08029,0.026,0.0971
08030,0.099,0.675
08031,0.0307,0.195
08032,0,0
08033,0.00258,0.0181
08034,0,0.00172
08035,0,0.00161
08036,0.0757,0.163
08037,0.00807,0.039
08038,0.767,0.857
08039,0,0
08041,0,0
08042,0,0
08043,0,0
08045,0,0
08046,0.0221,0.0541
08048,0.0134,0.0465
08049,0,0
08050,0.248,0.372
08051,0.0172,0.0715
08052,0.000663,0.0378
08053,0,0
08054,0.00257,0.009
08055,0,0
08056,0.0162,0.154
08057,0.0073,0.0231
08059,0.0414,0.356
08060,0.00528,0.0204
08061,0.161,0.361
08062,0,0
08063,0.0889,0.677
08064,0,0
08065,0.033,0.464
08066,0.121,0.597
08067,0.0646,0.225
08068,0,0
08069,0.183,0.604
08070,0.53,0.949
08071,0,0
08072,0.216,0.533
08073,0,0
08074,0,0
08075,0.0434,0.136
08077,0.0367,0.134
08078,0.0357,0.15
08079,0.35,0.569
08080,0,0.00183
08081,0,0
08083,0.00203,0.00812
08084,0,0
08085,0.137,0.307
08086,0.101,0.521
08087,0.346,0.453
08088,0,0
08089,0,0
08090,0.000872,0.0253
08091,0,0
08092,0.425,0.561
08093,0.0258,0.221
08094,0,0
08095,0,0
08096,0.0229,0.109
08097,0,0.00387
08098,0.0149,0.0463
08102,0.0306,0.498
08103,0.025,0.429
08104,0.0501,0.708
08105,0.0118,0.349
08106,0,0.0688
08107,0.0128,0.312
08108,0.0198,0.122
08109,0.00896,0.125
08110,0.031,0.19
08201,0.442,0.718
08202,0.848,0.93
08203,0.793,0.952
08204,0.312,0.803
08205,0.409,0.478
08210,0.39,0.863
08212,0.35,0.909
08215,0.168,0.315
08217,0,0
08221,0.525,0.781
08223,0.688,0.843
08224,0.582,1
08225,0.464,0.643
08226,0.902,1
08230,0.464,0.811
08232,0.397,0.526
08234,0.136,0.278
08240,0,0
08241,0.478,0.758
08242,0.0411,0.665
08243,0.872,0.957
08244,0.479,0.768
08245,0,0.905
08246,0,0.00792
08247,0.837,0.892
08248,0.815,0.815
08251,0.531,0.895
08260,0.898,0.951
08270,0.186,0.43
08302,0.151,0.197
08310,0,0
08311,0.438,0.562
08312,0,0
08314,0.469,0.775
08316,0.0744,0.16
08317,0,0
08318,0,0
08319,0,0.000511
08320,0,0
08321,0.907,0.907
08322,0,0
08323,0.421,0.708
08324,0.702,0.83
08326,0,0
08327,0.121,0.397
08328,0,0
08329,0.197,0.726
08330,0.109,0.18
08332,0.0382,0.113
08340,0,0
08341,0,0
08343,0,0
08344,0,0
08345,0.552,0.625
08346,0,0
08348,0.267,0.861
08349,0.412,0.758
08350,0,0
08352,0,0
08353,0,0
08360,0,0
08361,0,0
08401,0.808,0.948
08402,0.906,1
08403,0.929,0.937
08406,0.754,0.948
08501,0,0
08502,0,0
08505,0.00237,0.0202
08510,0,0
08511,0,0
08512,0,0
08514,0,0
08515,0,0.000359
08518,0,0.00396
08520,0,0
08525,0,0
08527,0,0
08528,0,0
08530,0,0
08533,0,0
08534,0,0
08535,0,0
08536,0,0
08540,0,0
08542,0,0
08544,0,0
08550,0,0
08551,0,0
08553,0,0
08554,0,0.00425
08555,0,0
08558,0,0
08559,0,0
08560,0.000759,0.000948
08561,0,0
08562,0,0
08608,0,0.00801
08609,0,0
08610,0.0473,0.169
08611,0.017,0.115
08618,0.000428,0.000855
08619,0,0
08620,0.00366,0.0346
08628,0,0
08629,0,0
08638,0,0
08640,0,0
08641,0,0
08648,0,0
08690,0,0
08691,0,0
08701,0.000308,0.0188
08720,0.0596,0.117
08721,0.12,0.261
08722,0.00644,0.058
08723,0.267,0.753
08724,0.0667,0.267
08730,0.0968,0.296
08731,0.0306,0.0822
08732,0.155,0.56
08733,0,0
08734,0.305,0.631
08735,0.792,0.937
08736,0.112,0.228
08738,0.565,0.86
08740,0.48,1
08741,0.0728,0.574
08742,0.293,0.854
08750,0.06,0.391
08751,0.768,0.931
08752,0.547,0.802
08753,0.132,0.363
08755,0,0.0492
08757,0.00572,0.0492
08758,0.0479,0.15
08759,0,0
08801,0,0
08802,0,0
08804,0,0
08805,0,0.0882
08807,0,0.009
08809,0,0
08810,0,0
08812,0,0.00149
08816,0.0218,0.0537
08817,0.0311,0.0606
08820,0,0
08821,0,0
08822,0,0
08823,0,0
08824,0,0
08825,0,0
08826,0,0
08827,0,0
08828,0,0
08829,0,0
08830,0,0.00717
08831,0,0.00404
08832,0.382,0.626
08833,0,0
08835,0,0.0749
08836,0,0
08837,0.26,0.363
08840,0,0
08844,0,0.00105
08846,0,0.0383
08848,0,0
08850,0,0.0186
08852,0,0
08853,0,0
08854,0.0108,0.0377
08857,0.0251,0.132
08858,0,0
08859,0.0615,0.118
08861,0.116,0.289
08863,0,0
08865,0,0
08867,0,0
08869,0,0
08872,0.277,0.504
08873,0.000863,0.00847
08876,0,0
08879,0.326,0.484
08880,0.0234,0.222
08882,0.196,0.385
08884,0.0109,0.104
08886,0,0
08887,0,0
08889,0,0
08890,0,0.519
08901,0.0282,0.0785
08902,0,0
08904,0.102,0.15
10001,0.229,0.431
10002,0.156,0.428
10003,0,0.132
10004,0.623,0.877
10005,0.345,0.759
10006,0.675,0.909
10007,0.157,0.456
10009,0.452,0.949
10010,0.245,0.457
10011,0.19,0.64
10012,0.031,0.403
10013,0.323,0.817
10014,0.218,0.938
10016,0.119,0.27
10017,0,0.0421
10018,0.0876,0.248
10019,0.0191,0.118
10020,0,0
10021,0,0.0771
10022,0.0169,0.0395
10023,0.0155,0.0311
10024,0,0.0312
10025,0.0113,0.0565
10026,0,0.183
10027,0.0186,0.0586
10028,0,0.0239
10029,0.102,0.568
10030,0,0.235
10031,0.0787,0.142
10032,0.00746,0.0559
10033,0,0.0336
10034,0.0734,0.433
10035,0.0822,0.638
10036,0.073,0.253
10037,0.151,0.895
10038,0.313,0.749
10039,0.126,0.839
10040,0.00884,0.128
10044,0.164,0.906
10065,0.018,0.0662
10069,0,0.184
10075,0,0.0532
10103,0,0
10110,0,0
10111,0,0
10112,0,0
10119,0,0
10128,0.0609,0.238
10152,0,0
10153,0,0
10154,0,0
10162,0,0.785
10165,0,0
10167,0,0
10168,0,0
10169,0,0
10170,0,0
10171,0,0
10172,0,0
10173,0,0
10174,0,0
10199,0,0.199
10271,0,0
10278,0,0.547
10279,0,0
10280,0.4,0.989
10282,0.439,0.878
10301,0.0194,0.0482
10302,0.0443,0.228
10303,0.356,0.662
10304,0.0252,0.0541
10305,0.356,0.522
10306,0.238,0.416
10307,0.15,0.344
10308,0.068,0.228
10309,0.0743,0.208
10310,0.0475,0.151
10311,0.0536,0.858
10312,0.0286,0.124
10314,0.257,0.38
10451,0.0618,0.387
10452,0.0179,0.138
10453,0.0361,0.0806
10454,0.152,0.568
10455,0,0.154
10456,0,0.0256
10457,0,0
10458,0,0
10459,0.00603,0.0724
10460,0,0.0703
10461,0.0546,0.299
10462,0.00838,0.131
10463,0.01,0.175
10464,0.233,0.507
10465,0.108,0.597
10466,0.00622,0.0274
10467,0,0
10468,0.0192,0.0575
10469,0.00103,0.125
10470,0,0
10471,0.00732,0.0351
10472,0.00233,0.566
10473,0.0293,0.692
10474,0.0916,0.702
10475,0.0141,0.71
10501,0,0
10502,0,0
10503,0,0
10504,0,0
10505,0,0
10506,0,0
10507,0,0
10509,0,0
10510,0,0.00124
10511,0.00663,0.0398
10512,0,0
10514,0,0
10516,0.0106,0.0139
10517,0,0
10518,0,0
10519,0,0
10520,0.0126,0.0383
10522,0.00205,0.0113
10523,0,0
10524,0.00645,0.0107
10526,0,0
10527,0,0
10528,0,0
10530,0,0
10532,0,0
10533,0.00281,0.0183
10535,0,0
10536,0,0
10537,0,0
10538,0.0556,0.166
10540,0,0
10541,0,0
10542,0,0
10543,0.103,0.243
10545,0,0
10546,0,0
10547,0,0
10548,0.0169,0.0351
10549,0,0
10550,0.0202,0.0706
10552,0,0
10553,0.00359,0.0467
10560,0,0
10562,0.00222,0.0096
10566,0.00574,0.0316
10567,0.00199,0.00697
10570,0,0
10573,0.00275,0.0426
10576,0,0
10577,0,0
10578,0,0
10579,0,0
10580,0.0794,0.192
10583,0,0
10588,0,0
10589,0,0
10590,0,0
10591,0.00425,0.0351
10594,0,0
10595,0,0
10596,0.00419,0.0753
10597,0,0
10598,0,0
10601,0,0
10603,0,0
10604,0,0
10605,0,0
10606,0,0
10607,0,0
10701,0.00915,0.0337
10703,0,0
10704,0,0
10705,0.00452,0.0204
10706,0.0122,0.0282
10707,0,0
10708,0,0
10709,0,0
10710,0,0
10801,0.00805,0.0673
10803,0.0125,0.125
10804,0,0
10805,0.105,0.335
10901,0,0
10910,0,0
10911,0.0216,0.027
10913,0,0
10914,0,0
10915,0,0
10916,0,0
10917,0,0
10918,0,0
10919,0,0
10920,0.000559,0.00168
10921,0,0
10922,0,0.0012
10923,0,0
10924,0,0
10925,0,0
10926,0,0
10927,0.00377,0.0893
10928,0.00268,0.00476
10930,0,0
10931,0,0
10932,0,0
10933,0,0
10940,0,0
10941,0,0
10950,0,0
10952,0,0
10953,0,0
10954,0,0
10956,0,0
10958,0,0
10960,0.00106,0.00741
10962,0,0
10963,0,0
10964,0.148,0.157
10965,0,0
10968,0.129,0.282
10969,0,0
10970,0,0
10973,0,0
10974,0,0
10975,0,0
10976,0,0
10977,0,0
10979,0,0
10980,0.00615,0.0128
10983,0,0
10984,0,0
10985,0,0
10986,0.0174,0.0363
10987,0,0
10988,0,0
10989,0,0.000516
10990,0,0
10992,0,0
10993,0.0981,0.316
10994,0,0
10996,0.00468,0.0187
10998,0,0
11001,0,0
11003,0,0
11004,0,0
11005,0,0
11010,0,0
11020,0,0
11021,0.0401,0.0707
11023,0.0361,0.0977
11024,0.0423,0.239
11030,0.00535,0.0275
11040,0,0
11042,0,0
11050,0.0517,0.151
11096,0.493,1
11101,0.179,0.651
11102,0.0788,0.347
11103,0,0
11104,0,0
11105,0.0261,0.405
11106,0.0674,0.481
11109,0.707,1
11201,0.11,0.275
11203,0,0.205
11204,0,0.011
11205,0.21,0.375
11206,0.00179,0.398
11207,0.00462,0.389
11208,0.0103,0.527
11209,0.0214,0.154
11210,0,0.407
11211,0.124,0.449
11212,0,0.181
11213,0,0
11214,0.261,0.612
11215,0.054,0.146
11216,0,0
11217,0.0409,0.218
11218,0,0
11219,0,0
11220,0.0233,0.114
11221,0,0
11222,0.262,0.734
11223,0.163,0.84
11224,0.862,0.938
11225,0,0
11226,0,0.0463
11228,0.0118,0.222
11229,0.104,0.989
11230,0,0.03
11231,0.588,0.755
11232,0.276,0.527
11233,0,0
11234,0.134,0.959
11235,0.684,0.965
11236,0.125,0.913
11237,0.0706,0.346
11238,0,0
11239,0.041,0.646
11249,0.179,0.538
11354,0.0653,0.365
11355,0,0.136
11356,0.211,0.548
11357,0.00886,0.12
11358,0,0
11359,0.14,0.401
11360,0.00911,0.182
11361,0.00293,0.022
11362,0.0653,0.133
11363,0.122,0.325
11364,0,0
11365,0,0.0475
11366,0,0
11367,0.00789,0.0408
11368,0.216,0.524
11369,0,0.102
11370,0.00488,0.277
11371,0.655,0.969
11372,0,0
11373,0,0.118
11374,0,0.149
11375,0.136,0.237
11377,0,0.00298
11378,0.0258,0.225
11379,0,0
11385,0.00209,0.00904
11411,0,0
11412,0,0
11413,0.106,0.619
11414,0.382,0.977
11415,0,0
11416,0,0.427
11417,0,0.357
11418,0,0
11419,0,0
11420,0,0.304
11421,0,0.00783
11422,0.21,0.784
11423,0,0
11424,0,0
11426,0,0
11427,0,0
11428,0,0
11429,0,0
11430,0.0678,0.982
11432,0,0
11433,0,0.0887
11434,0.00542,0.818
11435,0,0.00166
11436,0,0.612
11439,0,0
11451,0,0
11501,0,0
11507,0,0
11509,0.491,0.997
11510,0.1,0.614
11514,0,0
11516,0.295,0.733
11518,0.35,0.948
11520,0.315,0.774
11530,0,0
11542,0.0414,0.1
11545,0,0
11547,0.0764,0.224
11548,0,0
11549,0,0
11550,0,0
11552,0.000719,0.0389
11553,0,0
11554,0,0
11556,0,0
11557,0.237,0.846
11558,0.856,0.982
11559,0.619,0.892
11560,0.0665,0.112
11561,0.567,0.968
11563,0,0.674
11565,0,0.049
11566,0.0486,0.555
11568,0,0
11569,0.288,0.928
11570,0.00701,0.278
11572,0.358,0.922
11575,0,0.0495
11576,0.00817,0.0316
11577,0,0
11579,0.0406,0.0721
11580,0,0.402
11581,0.404,0.982
11590,0,0
11596,0,0
11598,0.417,0.845
11691,0.456,0.78
11692,0.681,0.932
11693,0.746,0.822
11694,0.685,0.928
11697,0.733,0.881
11701,0.111,0.385
11702,0.479,0.808
11703,0,0.0305
11704,0.0134,0.161
11705,0.0749,0.372
11706,0.108,0.348
11709,0.415,0.574
11710,0.0341,0.445
11713,0.0252,0.105
11714,0,0
11715,0.117,0.453
11716,0.00145,0.0927
11717,0,0
11718,0.0268,0.391
11719,0.168,0.387
11720,0,0
11721,0.036,0.0939
11722,0,0
11724,0.0117,0.0234
11725,0,0
11726,0.0377,0.47
11727,0,0
11729,0,0
11730,0.0632,0.62
11731,0,0
11732,0,0
11733,0.0503,0.1
11735,0,0
11738,0,0
11739,0.352,0.948
11740,0,0
11741,0,0
11742,0,0
11743,0.0329,0.0636
11746,0,0
11747,0,0
11749,0,0
11751,0.0792,0.587
11752,0.000622,0.198
11753,0,0
11754,0.0289,0.0561
11755,0,0
11756,0,0
11757,0.099,0.466
11758,0.229,0.601
11762,0.00156,0.384
11763,0,0
11764,0.00109,0.00436
11765,0.0422,0.0999
11766,0.0204,0.0357
11767,0,0
11768,0.0825,0.143
11769,0.208,0.66
11770,0.566,0.916
11771,0.0523,0.105
11772,0.118,0.356
11776,0,0
11777,0.0194,0.0604
11778,0.00149,0.0026
11779,0,0
11780,0.0449,0.0745
11782,0.0633,0.332
11783,0.0923,0.492
11784,0,0
11786,0.00775,0.0124
11787,0.00808,0.0128
11788,0,0
11789,0,0
11790,0.0474,0.0611
11791,0.00361,0.00681
11792,0.0314,0.0418
11793,0.248,0.615
11794,0,0
11795,0.0406,0.493
11796,0.183,0.606
11797,0,0
11798,0,0
11801,0,0
11803,0,0
11804,0,0
11901,0.0478,0.108
11930,0.389,0.488
11931,0.339,0.588
11932,0.0543,0.154
11933,0.00335,0.00385
11934,0.083,0.294
11935,0.0751,0.163
11937,0.0991,0.174
11939,0.117,0.242
11940,0.136,0.302
11941,0.0171,0.0721
11942,0.137,0.197
11944,0.421,0.715
11946,0.13,0.219
11947,0.0746,0.746
11948,0.0571,0.144
11949,0,0
11950,0.00814,0.0543
11951,0.291,0.682
11952,0.0746,0.156
11953,0,0
11954,0.123,0.188
11955,0.0495,0.168
11956,0.243,0.377
11957,0.457,0.631
11958,0.0683,0.202
11959,0.275,0.384
11960,0.178,0.527
11961,0,0
11962,0.0806,0.211
11963,0.134,0.218
11964,0.167,0.32
11965,0.166,0.274
11967,0.0857,0.241
11968,0.126,0.255
11970,0.521,0.858
11971,0.2,0.374
11972,0,0.0125
11973,0,0
11975,0.0463,0.15
11976,0.0392,0.133
11977,0.102,0.215
11978,0.189,0.305
11980,0,0.00938
12007,0,0
12008,0,0
12009,0,0
12010,0,0
12015,0,0
12017,0,0
12018,0,0
12019,0,0
12020,0,0
12022,0,0
12023,0,0
12024,0,0
12025,0,0
12027,0,0
12028,0,0
12029,0,0
12031,0,0
12032,0,0
12033,0,0
12035,0,0
12036,0,0
12037,0,0
12040,0,0
12041,0,0
12042,0,0
12043,0,0
12045,0,0
12046,0,0
12047,0,0
12051,0,0
12052,0,0
12053,0,0
12054,0,0
12056,0,0
12057,0,0
12058,0,0
12059,0,0
12060,0,0
12061,0,0
12062,0,0
12063,0,0
12064,0,0
12065,0,0
12066,0,0
12067,0,0
12068,0,0
12069,0,0
12070,0,0
12071,0,0
12072,0,0
12074,0,0
12075,0,0
12076,0,0
12077,0,0
12078,0,0
12082,0,0
12083,0,0
12084,0,0
12085,0,0
12086,0,0
12087,0,0
12090,0,0
12092,0,0
12093,0,0
12094,0,0
12095,0,0
12106,0,0
12108,0,0
12110,0,0
12115,0,0
12116,0,0
12117,0,0
12118,0,0
12120,0,0
12121,0,0
12122,0,0
12123,0,0
12124,0,0
12125,0,0
12130,0,0
12131,0,0
12132,0,0
12134,0,0
12136,0,0
12137,0,0
12138,0,0
12139,0,0
12140,0,0
12143,0,0
12144,0,0
12147,0,0
12148,0,0
12149,0,0
12150,0,0
12151,0,0
12153,0,0
12154,0,0
12155,0,0
12156,0,0
12157,0,0
12158,0,0
12159,0,0
12160,0,0
12161,0,0
12164,0,0
12165,0,0
12166,0,0
12167,0,0
12168,0,0
12169,0,0
12170,0,0
12172,0,0
12173,0,0
12174,0,0
12175,0,0
12176,0,0
12177,0,0
12180,0,0
12182,0,0
12183,0,0
12184,0,0
12185,0,0
12186,0,0
12187,0,0
12188,0,0
12189,0,0
12190,0,0
12192,0,0
12193,0,0
12194,0,0
12195,0,0
12196,0,0
12197,0,0
12198,0,0
12202,0,0
12203,0,0
12204,0,0
12205,0,0
12206,0,0
12207,0,0
12208,0,0
12209,0,0
12210,0,0
12211,0,0
12222,0,0
12226,0,0
12302,0,0
12303,0,0
12304,0,0
12305,0,0
12306,0,0
12307,0,0
12308,0,0
12309,0,0
12401,0.00113,0.00549
12404,0,0
12405,0,0
12406,0,0
12407,0,0
12409,0,0
12410,0,0
12411,0,0
12412,0,0
12413,0,0
12414,0,0
12416,0,0
12417,0,0.0212
12418,0,0
12419,0,0
12420,0,0
12421,0,0
12422,0,0
12423,0,0
12424,0,0
12427,0,0
12428,0,0
12429,0.0106,0.0141
12430,0,0
12431,0,0
12432,0,0.00528
12433,0,0
12434,0,0
12435,0,0
12436,0,0
12438,0,0
12439,0,0
12440,0,0
12441,0,0
12442,0,0
12443,0,0
12444,0,0
12446,0,0
12448,0,0
12449,0,0
12450,0,0
12451,0,0
12452,0,0
12453,0,0
12454,0,0
12455,0,0
12456,0,0
12457,0,0
12458,0,0
12459,0,0
12460,0,0
12461,0,0
12463,0,0
12464,0,0
12465,0,0
12466,0.0192,0.0311
12468,0,0
12469,0,0
12470,0,0
12471,0,0
12472,0,0
12473,0,0
12474,0,0
12475,0,0
12477,0.00155,0.00288
12480,0,0
12481,0,0
12482,0,0
12483,0,0
12484,0,0
12485,0,0
12486,0,0
12487,0,0.000151
12489,0,0
12490,0,0
12491,0,0
12492,0,0
12493,0,0
12494,0,0
12495,0,0
12496,0,0
12498,0,0
12501,0,0
12502,0,0
12503,0,0
12504,0,0
12507,0.0117,0.0234
12508,0.00258,0.0139
12512,0,0.0934
12513,0,0
12514,0,0
12515,0,0
12516,0,0
12517,0,0
12518,0,0
12520,0.00421,0.0162
12521,0,0
12522,0,0
12523,0,0
12524,0,0
12525,0,0
12526,0,0
12527,0,0
12528,0,0.000386
12529,0,0
12530,0,0
12531,0,0
12533,0,0
12534,0,0
12538,0.000194,0.00204
12540,0,0
12542,0.00345,0.0114
12543,0,0
12544,0,0
12545,0,0
12546,0,0
12547,0.000536,0.00107
12548,0,0
12549,0,0
12550,0.000286,0.00229
12553,0.00339,0.0106
12561,0,0
12563,0,0
12564,0,0
12565,0,0
12566,0,0
12567,0,0
12569,0,0
12570,0,0
12571,0.00589,0.00788
12572,0.00058,0.00145
12574,0,0.00482
12575,0,0
12577,0,0
12578,0,0
12580,0,0.000668
12581,0,0
12582,0,0
12583,0.00464,0.0124
12585,0,0
12586,0,0
12589,0,0
12590,0.000356,0.00406
12592,0,0
12594,0,0
12601,0.000136,0.00325
12603,0,0
12604,0,0
12701,0,0
12719,0,0
12720,0,0
12721,0,0
12722,0,0
12723,0,0
12724,0,0
12725,0,0
12726,0,0
12729,0,0
12732,0,0
12733,0,0
12734,0,0
12736,0,0
12737,0,0
12738,0,0
12740,0,0
12741,0,0
12742,0,0
12743,0,0
12745,0,0
12746,0,0
12747,0,0
12748,0,0
12749,0,0
12750,0,0
12751,0,0
12752,0,0
12754,0,0
12758,0,0
12759,0,0
12760,0,0
12762,0,0
12763,0,0
12764,0,0
12765,0,0
12766,0,0
12767,0,0
12768,0,0
12769,0,0
12770,0,0
12771,0,0
12775,0,0
12776,0,0
12777,0,0
12778,0,0
12779,0,0
12780,0,0
12781,0,0
12783,0,0
12784,0,0
12785,0,0
12786,0,0
12787,0,0
12788,0,0
12789,0,0
12790,0,0
12791,0,0
12792,0,0
12801,0,0
12803,0,0
12804,0,0
12808,0,0
12809,0,0
12810,0,0
12811,0,0
12812,0,0
12814,0,0
12815,0,0
12816,0,0
12817,0,0
12819,0,0
12820,0,0
12821,0,0
12822,0,0
12823,0,0
12824,0,0
12827,0,0
12828,0,0
12831,0,0
12832,0,0
12833,0,0
12834,0,0
12835,0,0
12836,0,0
12837,0,0
12838,0,0
12839,0,0
12841,0,0
12842,0,0
12843,0,0
12844,0,0
12845,0,0
12846,0,0
12847,0,0
12849,0,0
12850,0,0
12851,0,0
12852,0,0
12853,0,0
12854,0,0
12855,0,0
12856,0,0
12857,0,0
12858,0,0
12859,0,0
12860,0,0
12861,0,0
12862,0,0
12863,0,0
12864,0,0
12865,0,0
12866,0,0
12870,0,0
12871,0,0
12872,0,0
12873,0,0
12874,0,0
12878,0,0
12883,0,0
12884,0,0
12885,0,0
12886,0,0
12887,0,0
12901,0,0
12903,0,0
12910,0,0
12911,0,0
12912,0,0
12913,0,0
12914,0,0
12915,0,0
12916,0,0
12917,0,0
12918,0,0
12919,0,0
12920,0,0
12921,0,0
12922,0,0
12923,0,0
12924,0,0
12926,0,0
12927,0,0
12928,0,0
12929,0,0
12930,0,0
12932,0,0
12933,0,0
12934,0,0
12935,0,0
12936,0,0
12937,0,0
12939,0,0
12941,0,0
12942,0,0
12943,0,0
12944,0,0
12945,0,0
12946,0,0
12950,0,0
12952,0,0
12953,0,0
12955,0,0
12956,0,0
12957,0,0
12958,0,0
12959,0,0
12960,0,0
12961,0,0
12962,0,0
12964,0,0
12965,0,0
12966,0,0
12967,0,0
12969,0,0
12970,0,0
12972,0,0
12973,0,0
12974,0,0
12975,0,0
12976,0,0
12977,0,0
12978,0,0
12979,0,0
12980,0,0
12981,0,0
12983,0,0
12985,0,0
12986,0,0
12987,0,0
12989,0,0
12992,0,0
12993,0,0
12996,0,0
12997,0,0
12998,0,0
13020,0,0
13021,0,0
13024,0,0
13026,0,0
13027,0,0
13028,0,0
13029,0,0
13030,0,0
13031,0,0
13032,0,0
13033,0,0
13034,0,0
13035,0,0
13036,0,0
13037,0,0
13039,0,0
13040,0,0
13041,0,0
13042,0,0
13044,0,0
13045,0,0
13051,0,0
13052,0,0
13053,0,0
13054,0,0
13057,0,0
13060,0,0
13061,0,0
13062,0,0
13063,0,0
13065,0,0
13066,0,0
13068,0,0
13069,0,0
13071,0,0
13072,0,0
13073,0,0
13074,0,0
13076,0,0
13077,0,0
13078,0,0
13080,0,0
13081,0,0
13082,0,0
13083,0,0
13084,0,0
13087,0,0
13088,0,0
13090,0,0
13092,0,0
13101,0,0
13102,0,0
13103,0,0
13104,0,0
13108,0,0
13110,0,0
13111,0,0
13112,0,0
13113,0,0
13114,0,0
13115,0,0
13116,0,0
13117,0,0
13118,0,0
13119,0,0
13120,0,0
13121,0,0
13122,0,0
13123,0,0
13124,0,0
13126,0,0
13131,0,0
13132,0,0
13134,0,0
13135,0,0
13136,0,0
13138,0,0
13140,0,0
13141,0,0
13142,0,0
13143,0,0
13144,0,0
13145,0,0
13146,0,0
13147,0,0
13148,0,0
13152,0,0
13153,0,0
13154,0,0
13155,0,0
13156,0,0
13157,0,0
13158,0,0
13159,0,0
13160,0,0
13162,0,0
13163,0,0
13164,0,0
13165,0,0
13166,0,0
13167,0,0
13202,0,0
13203,0,0
13204,0,0
13205,0,0
13206,0,0
13207,0,0
13208,0,0
13209,0,0
13210,0,0
13211,0,0
13212,0,0
13214,0,0
13215,0,0
13219,0,0
13224,0,0
13244,0,0
13290,0,0
13301,0,0
13302,0,0
13303,0,0
13304,0,0
13305,0,0
13308,0,0
13309,0,0
13310,0,0
13312,0,0
13313,0,0
13314,0,0
13315,0,0
13316,0,0
13317,0,0
13318,0,0
13319,0,0
13320,0,0
13321,0,0
13322,0,0
13323,0,0
13324,0,0
13325,0,0
13326,0,0
13327,0,0
13328,0,0
13329,0,0
13331,0,0
13332,0,0
13333,0,0
13334,0,0
13335,0,0
13337,0,0
13338,0,0
13339,0,0
13340,0,0
13342,0,0
13343,0,0
13345,0,0
13346,0,0
13348,0,0
13350,0,0
13352,0,0
13353,0,0
13354,0,0
13355,0,0
13357,0,0
13360,0,0
13361,0,0
13363,0,0
13364,0,0
13365,0,0
13367,0,0
13368,0,0
13402,0,0
13403,0,0
13404,0,0
13406,0,0
13407,0,0
13408,0,0
13409,0,0
13410,0,0
13411,0,0
13413,0,0
13415,0,0
13416,0,0
13417,0,0
13418,0,0
13420,0,0
13421,0,0
13424,0,0
13425,0,0
13428,0,0
13431,0,0
13433,0,0
13435,0,0
13436,0,0
13437,0,0
13438,0,0
13439,0,0
13440,0,0
13441,0,0
13450,0,0
13452,0,0
13454,0,0
13455,0,0
13456,0,0
13457,0,0
13459,0,0
13460,0,0
13461,0,0
13464,0,0
13468,0,0
13469,0,0
13470,0,0
13471,0,0
13472,0,0
13473,0,0
13475,0,0
13476,0,0
13477,0,0
13478,0,0
13480,0,0
13482,0,0
13483,0,0
13484,0,0
13485,0,0
13486,0,0
13488,0,0
13489,0,0
13490,0,0
13491,0,0
13492,0,0
13493,0,0
13494,0,0
13495,0,0
13501,0,0
13502,0,0
13601,0,0
13602,0,0
13603,0,0
13605,0,0
13606,0,0
13607,0,0
13608,0,0
13611,0,0
13612,0,0
13613,0,0
13614,0,0
13615,0,0
13616,0,0
13617,0,0
13618,0,0
13619,0,0
13620,0,0
13621,0,0
13622,0,0
13623,0,0
13624,0,0
13625,0,0
13626,0,0
13628,0,0
13630,0,0
13632,0,0
13633,0,0
13634,0,0
13635,0,0
13636,0,0
13637,0,0
13638,0,0
13639,0,0
13640,0,0
13641,0,0
13642,0,0
13643,0,0
13645,0,0
13646,0,0
13647,0,0
13648,0,0
13649,0,0
13650,0,0
13651,0,0
13652,0,0
13654,0,0
13655,0,0
13656,0,0
13658,0,0
13659,0,0
13660,0,0
13661,0,0
13662,0,0
13664,0,0
13665,0,0
13666,0,0
13667,0,0
13668,0,0
13669,0,0
13670,0,0
13672,0,0
13673,0,0
13674,0,0
13675,0,0
13676,0,0
13678,0,0
13679,0,0
13680,0,0
13681,0,0
13682,0,0
13683,0,0
13684,0,0
13685,0,0
13687,0,0
13690,0,0
13691,0,0
13692,0,0
13693,0,0
13694,0,0
13695,0,0
13696,0,0
13697,0,0
13699,0,0
13730,0,0
13731,0,0
13732,0,0
13733,0,0
13734,0,0
13736,0,0
13738,0,0
13739,0,0
13740,0,0
13743,0,0
13744,0,0
13746,0,0
13747,0,0
13748,0,0
13750,0,0
13751,0,0
13752,0,0
13753,0,0
13754,0,0
13755,0,0
13756,0,0
13757,0,0
13760,0,0
13774,0,0
13775,0,0
13776,0,0
13777,0,0
13778,0,0
13780,0,0
13782,0,0
13783,0,0
13784,0,0
13786,0,0
13787,0,0
13788,0,0
13790,0,0
13795,0,0
13796,0,0
13797,0,0
13801,0,0
13802,0,0
13803,0,0
13804,0,0
13806,0,0
13807,0,0
13808,0,0
13809,0,0
13810,0,0
13811,0,0
13812,0,0
13813,0,0
13814,0,0
13815,0,0
13820,0,0
13825,0,0
13826,0,0
13827,0,0
13830,0,0
13832,0,0
13833,0,0
13834,0,0
13835,0,0
13838,0,0
13839,0,0
13841,0,0
13842,0,0
13843,0,0
13844,0,0
13846,0,0
13847,0,0
13849,0,0
13850,0,0
13856,0,0
13859,0,0
13860,0,0
13861,0,0
13862,0,0
13863,0,0
13864,0,0
13865,0,0
13901,0,0
13902,0,0
13903,0,0
13904,0,0
13905,0,0
14001,0,0
14004,0,0
14005,0,0
14006,0,0
14008,0,0
14009,0,0
14011,0,0
14012,0,0
14013,0,0
14020,0,0
14024,0,0
14025,0,0
14026,0,0
14027,0,0
14028,0,0
14029,0,0
14030,0,0
14031,0,0
14032,0,0
14033,0,0
14034,0,0
14035,0,0
14036,0,0
14037,0,0
14039,0,0
14040,0,0
14041,0,0
14042,0,0
14043,0,0
14047,0,0
14048,0,0
14051,0,0
14052,0,0
14054,0,0
14055,0,0
14056,0,0
14057,0,0
14058,0,0
14059,0,0
14060,0,0
14061,0,0
14062,0,0
14063,0,0
14065,0,0
14066,0,0
14067,0,0
14068,0,0
14069,0,0
14070,0,0
14072,0,0
14075,0,0
14080,0,0
14081,0,0
14082,0,0
14083,0,0
14085,0,0
14086,0,0
14091,0,0
14092,0,0
14094,0,0
14098,0,0
14101,0,0
14102,0,0
14103,0,0
14105,0,0
14108,0,0
14109,0,0
14111,0,0
14112,0,0
14113,0,0
14120,0,0
14125,0,0
14126,0,0
14127,0,0
14129,0,0
14130,0,0
14131,0,0
14132,0,0
14134,0,0
14135,0,0
14136,0,0
14138,0,0
14139,0,0
14141,0,0
14143,0,0
14145,0,0
14150,0,0
14166,0,0
14167,0,0
14168,0,0
14169,0,0
14170,0,0
14171,0,0
14172,0,0
14173,0,0
14174,0,0
14201,0,0
14202,0,0
14203,0,0
14204,0,0
14206,0,0
14207,0,0
14208,0,0
14209,0,0
14210,0,0
14211,0,0
14212,0,0
14213,0,0
14214,0,0
14215,0,0
14216,0,0
14217,0,0
14218,0,0
14219,0,0
14220,0,0
14221,0,0
14222,0,0
14223,0,0
14224,0,0
14225,0,0
14226,0,0
14227,0,0
14228,0,0
14260,0,0
14261,0,0
14301,0,0
14302,0,0
14303,0,0
14304,0,0
14305,0,0
14411,0,0
14413,0,0
14414,0,0
14415,0,0
14416,0,0
14418,0,0
14420,0,0
14422,0,0
14423,0,0
14424,0,0
14425,0,0
14427,0,0
14428,0,0
14432,0,0
14433,0,0
14435,0,0
14437,0,0
14441,0,0
14445,0,0
14450,0,0
14453,0,0
14454,0,0
14456,0,0
14462,0,0
14463,0,0
14464,0,0
14466,0,0
14467,0,0
14468,0,0
14469,0,0
14470,0,0
14471,0,0
14472,0,0
14475,0,0
14476,0,0
14477,0,0
14478,0,0
14479,0,0
14480,0,0
14481,0,0
14482,0,0
14485,0,0
14486,0,0
14487,0,0
14489,0,0
14502,0,0
14504,0,0
14505,0,0
14506,0,0
14507,0,0
14510,0,0
14511,0,0
14512,0,0
14513,0,0
14514,0,0
14515,0,0
14516,0,0
14517,0,0
14519,0,0
14521,0,0
14522,0,0
14525,0,0
14526,0,0
14527,0,0
14529,0,0
14530,0,0
14532,0,0
14533,0,0
14534,0,0
14536,0,0
14537,0,0
14539,0,0
14541,0,0
14542,0,0
14543,0,0
14544,0,0
14545,0,0
14546,0,0
14548,0,0
14549,0,0
14550,0,0
14551,0,0
14555,0,0
14556,0,0
14557,0,0
14559,0,0
14560,0,0
14561,0,0
14564,0,0
14568,0,0
14569,0,0
14571,0,0
14572,0,0
14580,0,0
14585,0,0
14586,0,0
14588,0,0
14589,0,0
14590,0,0
14591,0,0
14592,0,0
14604,0,0
14605,0,0
14606,0,0
14607,0,0
14608,0,0
14609,0,0
14610,0,0
14611,0,0
14612,0,0
14613,0,0
14614,0,0
14615,0,0
14616,0,0
14617,0,0
14618,0,0
14619,0,0
14620,0,0
14621,0,0
14622,0,0
14623,0,0
14624,0,0
14625,0,0
14626,0,0
14627,0,0
14642,0,0
14701,0,0
14706,0,0
14707,0,0
14708,0,0
14709,0,0
14710,0,0
14711,0,0
14712,0,0
14714,0,0
14715,0,0
14716,0,0
14717,0,0
14718,0,0
14719,0,0
14720,0,0
14721,0,0
14722,0,0
14723,0,0
14724,0,0
14726,0,0
14727,0,0
14728,0,0
14729,0,0
14731,0,0
14732,0,0
14733,0,0
14735,0,0
14736,0,0
14737,0,0
14738,0,0
14739,0,0
14740,0,0
14741,0,0
14742,0,0
14743,0,0
14744,0,0
14747,0,0
14748,0,0
14750,0,0
14752,0,0
14753,0,0
14754,0,0
14755,0,0
14756,0,0
14757,0,0
14760,0,0
14767,0,0
14769,0,0
14770,0,0
14772,0,0
14774,0,0
14775,0,0
14777,0,0
14778,0,0
14779,0,0
14781,0,0
14782,0,0
14783,0,0
14784,0,0
14785,0,0
14787,0,0
14788,0,0
14801,0,0
14802,0,0
14803,0,0
14804,0,0
14805,0,0
14806,0,0
14807,0,0
14808,0,0
14809,0,0
14810,0,0
14812,0,0
14813,0,0
14814,0,0
14815,0,0
14816,0,0
14817,0,0
14818,0,0
14819,0,0
14820,0,0
14821,0,0
14822,0,0
14823,0,0
14824,0,0
14825,0,0
14826,0,0
14827,0,0
14830,0,0
14836,0,0
14837,0,0
14838,0,0
14839,0,0
14840,0,0
14841,0,0
14842,0,0
14843,0,0
14845,0,0
14846,0,0
14847,0,0
14850,0,0
14853,0,0
14854,0,0
14855,0,0
14856,0,0
14858,0,0
14859,0,0
14860,0,0
14861,0,0
14864,0,0
14865,0,0
14867,0,0
14869,0,0
14870,0,0
14871,0,0
14872,0,0
14873,0,0
14874,0,0
14877,0,0
14878,0,0
14879,0,0
14880,0,0
14881,0,0
14882,0,0
14883,0,0
14884,0,0
14885,0,0
14886,0,0
14889,0,0
14891,0,0
14892,0,0
14893,0,0
14894,0,0
14895,0,0
14897,0,0
14898,0,0
14901,0,0
14903,0,0
14904,0,0
14905,0,0
15001,0,0
15003,0,0
15004,0,0
15005,0,0
15006,0,0
15007,0,0
15009,0,0
15010,0,0
15012,0,0
15014,0,0
15015,0,0
15017,0,0
15018,0,0
15019,0,0
15020,0,0
15021,0,0
15022,0,0
15024,0,0
15025,0,0
15026,0,0
15027,0,0
15028,0,0
15030,0,0
15031,0,0
15033,0,0
15034,0,0
15035,0,0
15037,0,0
15038,0,0
15042,0,0
15043,0,0
15044,0,0
15045,0,0
15046,0,0
15047,0,0
15049,0,0
15050,0,0
15051,0,0
15052,0,0
15053,0,0
15054,0,0
15055,0,0
15056,0,0
15057,0,0
15059,0,0
15060,0,0
15061,0,0
15062,0,0
15063,0,0
15064,0,0
15065,0,0
15066,0,0
15067,0,0
15068,0,0
15071,0,0
15072,0,0
15074,0,0
15075,0,0
15076,0,0
15077,0,0
15078,0,0
15081,0,0
15082,0,0
15083,0,0
15084,0,0
15085,0,0
15086,0,0
15087,0,0
15088,0,0
15089,0,0
15090,0,0
15101,0,0
15102,0,0
15104,0,0
15106,0,0
15108,0,0
15110,0,0
15112,0,0
15116,0,0
15120,0,0
15122,0,0
15123,0,0
15126,0,0
15129,0,0
15131,0,0
15132,0,0
15133,0,0
15135,0,0
15136,0,0
15137,0,0
15139,0,0
15140,0,0
15142,0,0
15143,0,0
15144,0,0
15145,0,0
15146,0,0
15147,0,0
15148,0,0
15201,0,0
15202,0,0
15203,0,0
15204,0,0
15205,0,0
15206,0,0
15207,0,0
15208,0,0
15209,0,0
15210,0,0
15211,0,0
15212,0,0
15213,0,0
15214,0,0
15215,0,0
15216,0,0
15217,0,0
15218,0,0
15219,0,0
15220,0,0
15221,0,0
15222,0,0
15223,0,0
15224,0,0
15225,0,0
15226,0,0
15227,0,0
15228,0,0
15229,0,0
15232,0,0
15233,0,0
15234,0,0
15235,0,0
15236,0,0
15237,0,0
15238,0,0
15239,0,0
15241,0,0
15243,0,0
15260,0,0
15275,0,0
15282,0,0
15290,0,0
15301,0,0
15310,0,0
15311,0,0
15312,0,0
15313,0,0
15314,0,0
15315,0,0
15316,0,0
15317,0,0
15320,0,0
15321,0,0
15322,0,0
15323,0,0
15324,0,0
15325,0,0
15327,0,0
15329,0,0
15330,0,0
15331,0,0
15332,0,0
15333,0,0
15334,0,0
15337,0,0
15338,0,0
15340,0,0
15341,0,0
15342,0,0
15344,0,0
15345,0,0
15346,0,0
15347,0,0
15348,0,0
15349,0,0
15350,0,0
15351,0,0
15352,0,0
15353,0,0
15357,0,0
15358,0,0
15359,0,0
15360,0,0
15361,0,0
15362,0,0
15363,0,0
15364,0,0
15365,0,0
15366,0,0
15367,0,0
15368,0,0
15370,0,0
15376,0,0
15377,0,0
15378,0,0
15379,0,0
15380,0,0
15401,0,0
15410,0,0
15411,0,0
15412,0,0
15413,0,0
15416,0,0
15417,0,0
15419,0,0
15420,0,0
15421,0,0
15422,0,0
15423,0,0
15424,0,0
15425,0,0
15427,0,0
15428,0,0
15429,0,0
15430,0,0
15431,0,0
15432,0,0
15433,0,0
15434,0,0
15435,0,0
15436,0,0
15437,0,0
15438,0,0
15440,0,0
15442,0,0
15443,0,0
15444,0,0
15445,0,0
15446,0,0
15447,0,0
15448,0,0
15449,0,0
15450,0,0
15451,0,0
15454,0,0
15455,0,0
15456,0,0
15458,0,0
15459,0,0
15460,0,0
15461,0,0
15462,0,0
15463,0,0
15464,0,0
15465,0,0
15466,0,0
15467,0,0
15468,0,0
15469,0,0
15470,0,0
15472,0,0
15473,0,0
15474,0,0
15475,0,0
15476,0,0
15477,0,0
15478,0,0
15479,0,0
15480,0,0
15482,0,0
15483,0,0
15484,0,0
15486,0,0
15488,0,0
15489,0,0
15490,0,0
15492,0,0
15501,0,0
15502,0,0
15510,0,0
15520,0,0
15521,0,0
15522,0,0
15530,0,0
15531,0,0
15532,0,0
15533,0,0
15534,0,0
15535,0,0
15536,0,0
15537,0,0
15538,0,0
15539,0,0
15540,0,0
15541,0,0
15542,0,0
15544,0,0
15545,0,0
15546,0,0
15547,0,0
15550,0,0
15551,0,0
15552,0,0
15554,0,0
15555,0,0
15557,0,0
15558,0,0
15559,0,0
15560,0,0
15561,0,0
15562,0,0
15563,0,0
15564,0,0
15565,0,0
15601,0,0
15610,0,0
15611,0,0
15612,0,0
15613,0,0
15615,0,0
15616,0,0
15617,0,0
15618,0,0
15619,0,0
15620,0,0
15622,0,0
15623,0,0
15624,0,0
15625,0,0
15626,0,0
15627,0,0
15628,0,0
15629,0,0
15631,0,0
15632,0,0
15633,0,0
15634,0,0
15635,0,0
15636,0,0
15637,0,0
15638,0,0
15639,0,0
15640,0,0
15641,0,0
15642,0,0
15644,0,0
15646,0,0
15647,0,0
15650,0,0
15655,0,0
15656,0,0
15658,0,0
15660,0,0
15661,0,0
15662,0,0
15663,0,0
15665,0,0
15666,0,0
15668,0,0
15670,0,0
15671,0,0
15672,0,0
15673,0,0
15674,0,0
15675,0,0
15676,0,0
15677,0,0
15678,0,0
15679,0,0
15680,0,0
15681,0,0
15682,0,0
15683,0,0
15684,0,0
15686,0,0
15687,0,0
15688,0,0
15689,0,0
15690,0,0
15691,0,0
15692,0,0
15693,0,0
15695,0,0
15696,0,0
15697,0,0
15698,0,0
15701,0,0
15705,0,0
15710,0,0
15711,0,0
15712,0,0
15713,0,0
15714,0,0
15715,0,0
15716,0,0
15717,0,0
15720,0,0
15721,0,0
15722,0,0
15723,0,0
15724,0,0
15725,0,0
15727,0,0
15728,0,0
15729,0,0
15730,0,0
15731,0,0
15732,0,0
15733,0,0
15734,0,0
15736,0,0
15737,0,0
15738,0,0
15739,0,0
15741,0,0
15742,0,0
15744,0,0
15745,0,0
15746,0,0
15747,0,0
15748,0,0
15750,0,0
15752,0,0
15753,0,0
15754,0,0
15756,0,0
15757,0,0
15759,0,0
15760,0,0
15761,0,0
15762,0,0
15763,0,0
15764,0,0
15765,0,0
15767,0,0
15770,0,0
15771,0,0
15772,0,0
15773,0,0
15774,0,0
15775,0,0
15776,0,0
15777,0,0
15778,0,0
15779,0,0
15780,0,0
15781,0,0
15783,0,0
15784,0,0
15801,0,0
15821,0,0
15823,0,0
15824,0,0
15825,0,0
15827,0,0
15828,0,0
15829,0,0
15831,0,0
15832,0,0
15834,0,0
15840,0,0
15841,0,0
15845,0,0
15846,0,0
15847,0,0
15848,0,0
15849,0,0
15851,0,0
15853,0,0
15856,0,0
15857,0,0
15860,0,0
15861,0,0
15863,0,0
15864,0,0
15865,0,0
15866,0,0
15868,0,0
15870,0,0
15901,0,0
15902,0,0
15904,0,0
15905,0,0
15906,0,0
15909,0,0
15920,0,0
15921,0,0
15922,0,0
15923,0,0
15924,0,0
15925,0,0
15926,0,0
15927,0,0
15928,0,0
15929,0,0
15930,0,0
15931,0,0
15934,0,0
15935,0,0
15936,0,0
15937,0,0
15938,0,0
15940,0,0
15942,0,0
15943,0,0
15944,0,0
15945,0,0
15946,0,0
15948,0,0
15949,0,0
15951,0,0
15952,0,0
15953,0,0
15954,0,0
15955,0,0
15956,0,0
15957,0,0
15958,0,0
15960,0,0
15961,0,0
15962,0,0
15963,0,0
16001,0,0
16002,0,0
16020,0,0
16022,0,0
16023,0,0
16024,0,0
16025,0,0
16027,0,0
16028,0,0
16029,0,0
16030,0,0
16033,0,0
16034,0,0
16035,0,0
16036,0,0
16037,0,0
16038,0,0
16040,0,0
16041,0,0
16045,0,0
16046,0,0
16048,0,0
16049,0,0
16050,0,0
16051,0,0
16052,0,0
16053,0,0
16054,0,0
16055,0,0
16056,0,0
16057,0,0
16059,0,0
16061,0,0
16063,0,0
16066,0,0
16101,0,0
16102,0,0
16105,0,0
16110,0,0
16111,0,0
16112,0,0
16113,0,0
16114,0,0
16115,0,0
16116,0,0
16117,0,0
16120,0,0
16121,0,0
16123,0,0
16124,0,0
16125,0,0
16127,0,0
16130,0,0
16131,0,0
16132,0,0
16133,0,0
16134,0,0
16136,0,0
16137,0,0
16140,0,0
16141,0,0
16142,0,0
16143,0,0
16145,0,0
16146,0,0
16148,0,0
16150,0,0
16151,0,0
16153,0,0
16154,0,0
16155,0,0
16156,0,0
16157,0,0
16159,0,0
16160,0,0
16161,0,0
16172,0,0
16201,0,0
16210,0,0
16211,0,0
16212,0,0
16213,0,0
16214,0,0
16217,0,0
16218,0,0
16220,0,0
16222,0,0
16223,0,0
16224,0,0
16226,0,0
16228,0,0
16229,0,0
16230,0,0
16232,0,0
16233,0,0
16235,0,0
16236,0,0
16238,0,0
16239,0,0
16240,0,0
16242,0,0
16244,0,0
16245,0,0
16246,0,0
16248,0,0
16249,0,0
16250,0,0
16253,0,0
16254,0,0
16255,0,0
16256,0,0
16258,0,0
16259,0,0
16260,0,0
16262,0,0
16263,0,0
16301,0,0
16311,0,0
16312,0,0
16313,0,0
16314,0,0
16316,0,0
16317,0,0
16319,0,0
16321,0,0
16322,0,0
16323,0,0
16326,0,0
16327,0,0
16328,0,0
16329,0,0
16331,0,0
16332,0,0
16333,0,0
16334,0,0
16335,0,0
16340,0,0
16341,0,0
16342,0,0
16343,0,0
16344,0,0
16345,0,0
16346,0,0
16347,0,0
16350,0,0
16351,0,0
16352,0,0
16353,0,0
16354,0,0
16360,0,0
16361,0,0
16362,0,0
16364,0,0
16365,0,0
16370,0,0
16371,0,0
16372,0,0
16373,0,0
16374,0,0
16401,0,0
16402,0,0
16403,0,0
16404,0,0
16405,0,0
16406,0,0
16407,0,0
16410,0,0
16411,0,0
16412,0,0
16415,0,0
16416,0,0
16417,0,0
16420,0,0
16421,0,0
16422,0,0
16423,0,0
16424,0,0
16426,0,0
16427,0,0
16428,0,0
16430,0,0
16433,0,0
16434,0,0
16435,0,0
16436,0,0
16438,0,0
16440,0,0
16441,0,0
16442,0,0
16443,0,0
16444,0,0
16475,0,0
16501,0,0
16502,0,0
16503,0,0
16504,0,0
16505,0,0
16506,0,0
16507,0,0
16508,0,0
16509,0,0
16510,0,0
16511,0,0
16546,0,0
16550,0,0
16563,0,0
16601,0,0
16602,0,0
16611,0,0
16613,0,0
16616,0,0
16617,0,0
16619,0,0
16620,0,0
16621,0,0
16622,0,0
16623,0,0
16624,0,0
16625,0,0
16627,0,0
16630,0,0
16631,0,0
16633,0,0
16634,0,0
16635,0,0
16636,0,0
16637,0,0
16638,0,0
16639,0,0
16640,0,0
16641,0,0
16645,0,0
16646,0,0
16647,0,0
16648,0,0
16650,0,0
16651,0,0
16652,0,0
16654,0,0
16655,0,0
16656,0,0
16657,0,0
16659,0,0
16661,0,0
16662,0,0
16664,0,0
16665,0,0
16666,0,0
16667,0,0
16668,0,0
16669,0,0
16670,0,0
16671,0,0
16672,0,0
16673,0,0
16674,0,0
16675,0,0
16677,0,0
16678,0,0
16679,0,0
16680,0,0
16682,0,0
16683,0,0
16684,0,0
16685,0,0
16686,0,0
16689,0,0
16691,0,0
16692,0,0
16693,0,0
16694,0,0
16695,0,0
16699,0,0
16701,0,0
16720,0,0
16724,0,0
16725,0,0
16726,0,0
16727,0,0
16729,0,0
16730,0,0
16731,0,0
16732,0,0
16733,0,0
16734,0,0
16735,0,0
16738,0,0
16740,0,0
16743,0,0
16744,0,0
16745,0,0
16746,0,0
16748,0,0
16749,0,0
16750,0,0
16801,0,0
16802,0,0
16803,0,0
16820,0,0
16821,0,0
16822,0,0
16823,0,0
16825,0,0
16826,0,0
16827,0,0
16828,0,0
16829,0,0
16830,0,0
16832,0,0
16833,0,0
16834,0,0
16835,0,0
16836,0,0
16837,0,0
16838,0,0
16839,0,0
16840,0,0
16841,0,0
16843,0,0
16844,0,0
16845,0,0
16847,0,0
16848,0,0
16849,0,0
16851,0,0
16852,0,0
16853,0,0
16854,0,0
16855,0,0
16856,0,0
16858,0,0
16859,0,0
16860,0,0
16861,0,0
16863,0,0
16864,0,0
16865,0,0
16866,0,0
16868,0,0
16870,0,0
16871,0,0
16872,0,0
16874,0,0
16875,0,0
16876,0,0
16877,0,0
16878,0,0
16879,0,0
16881,0,0
16882,0,0
16901,0,0
16910,0,0
16911,0,0
16912,0,0
16914,0,0
16915,0,0
16917,0,0
16920,0,0
16921,0,0
16922,0,0
16923,0,0
16925,0,0
16926,0,0
16927,0,0
16928,0,0
16929,0,0
16930,0,0
16932,0,0
16933,0,0
16935,0,0
16936,0,0
16937,0,0
16938,0,0
16939,0,0
16940,0,0
16941,0,0
16942,0,0
16943,0,0
16946,0,0
16947,0,0
16948,0,0
16950,0,0
17002,0,0
17003,0,0
17004,0,0
17005,0,0
17006,0,0
17007,0,0
17009,0,0
17010,0,0
17011,0,0
17013,0,0
17014,0,0
17015,0,0
17016,0,0
17017,0,0
17018,0,0
17019,0,0
17020,0,0
17021,0,0
17022,0,0
17023,0,0
17024,0,0
17025,0,0
17026,0,0
17027,0,0
17028,0,0
17029,0,0
17030,0,0
17032,0,0
17033,0,0
17034,0,0
17035,0,0
17036,0,0
17037,0,0
17038,0,0
17039,0,0
17040,0,0
17041,0,0
17042,0,0
17043,0,0
17044,0,0
17045,0,0
17046,0,0
17047,0,0
17048,0,0
17049,0,0
17050,0,0
17051,0,0
17052,0,0
17053,0,0
17054,0,0
17055,0,0
17056,0,0
17057,0,0
17058,0,0
17059,0,0
17060,0,0
17061,0,0
17062,0,0
17063,0,0
17064,0,0
17065,0,0
17066,0,0
17067,0,0
17068,0,0
17069,0,0
17070,0,0
17071,0,0
17073,0,0
17074,0,0
17075,0,0
17076,0,0
17077,0,0
17078,0,0
17080,0,0
17081,0,0
17082,0,0
17084,0,0
17086,0,0
17087,0,0
17088,0,0
17090,0,0
17093,0,0
17094,0,0
17097,0,0
17098,0,0
17099,0,0
17101,0,0
17102,0,0
17103,0,0
17104,0,0
17109,0,0
17110,0,0
17111,0,0
17112,0,0
17113,0,0
17120,0,0
17201,0,0
17202,0,0
17210,0,0
17211,0,0
17212,0,0
17213,0,0
17214,0,0
17215,0,0
17217,0,0
17219,0,0
17220,0,0
17221,0,0
17222,0,0
17223,0,0
17224,0,0
17225,0,0
17228,0,0
17229,0,0
17232,0,0
17233,0,0
17235,0,0
17236,0,0
17237,0,0
17238,0,0
17239,0,0
17240,0,0
17241,0,0
17243,0,0
17244,0,0
17246,0,0
17247,0,0
17249,0,0
17250,0,0
17251,0,0
17252,0,0
17253,0,0
17254,0,0
17255,0,0
17257,0,0
17260,0,0
17261,0,0
17262,0,0
17263,0,0
17264,0,0
17265,0,0
17266,0,0
17267,0,0
17268,0,0
17271,0,0
17301,0,0
17302,0,0
17303,0,0
17304,0,0
17306,0,0
17307,0,0
17309,0,0
17311,0,0
17313,0,0
17314,0,0
17315,0,0
17316,0,0
17317,0,0
17318,0,0
17319,0,0
17320,0,0
17321,0,0
17322,0,0
17323,0,0
17324,0,0
17325,0,0
17327,0,0
17329,0,0
17331,0,0
17339,0,0
17340,0,0
17342,0,0
17343,0,0
17344,0,0
17345,0,0
17347,0,0
17349,0,0
17350,0,0
17352,0,0
17353,0,0
17355,0,0
17356,0,0
17360,0,0
17361,0,0
17362,0,0
17363,0,0
17364,0,0
17365,0,0
17366,0,0
17368,0,0
17370,0,0
17371,0,0
17372,0,0
17401,0,0
17402,0,0
17403,0,0
17404,0,0
17406,0,0
17407,0,0
17408,0,0
17501,0,0
17502,0,0
17504,0,0
17505,0,0
17506,0,0
17507,0,0
17508,0,0
17509,0,0
17512,0,0
17516,0,0
17517,0,0
17518,0,0
17519,0,0
17520,0,0
17522,0,0
17527,0,0
17529,0,0
17532,0,0
17534,0,0
17535,0,0
17536,0,0
17538,0,0
17540,0,0
17543,0,0
17545,0,0
17547,0,0
17550,0,0
17551,0,0
17552,0,0
17554,0,0
17555,0,0
17557,0,0
17560,0,0
17562,0,0
17563,0,0
17565,0,0
17566,0,0
17568,0,0
17569,0,0
17570,0,0
17572,0,0
17576,0,0
17578,0,0
17579,0,0
17581,0,0
17582,0,0
17584,0,0
17601,0,0
17602,0,0
17603,0,0
17606,0,0
17701,0,0
17702,0,0
17720,0,0
17721,0,0
17723,0,0
17724,0,0
17727,0,0
17728,0,0
17729,0,0
17730,0,0
17731,0,0
17737,0,0
17739,0,0
17740,0,0
17742,0,0
17744,0,0
17745,0,0
17747,0,0
17748,0,0
17749,0,0
17750,0,0
17751,0,0
17752,0,0
17754,0,0
17756,0,0
17758,0,0
17760,0,0
17762,0,0
17763,0,0
17764,0,0
17765,0,0
17768,0,0
17769,0,0
17771,0,0
17772,0,0
17774,0,0
17776,0,0
17777,0,0
17778,0,0
17779,0,0
17801,0,0
17810,0,0
17812,0,0
17813,0,0
17814,0,0
17815,0,0
17820,0,0
17821,0,0
17822,0,0
17823,0,0
17824,0,0
17827,0,0
17829,0,0
17830,0,0
17832,0,0
17834,0,0
17835,0,0
17836,0,0
17837,0,0
17840,0,0
17841,0,0
17842,0,0
17844,0,0
17845,0,0
17846,0,0
17847,0,0
17850,0,0
17851,0,0
17853,0,0
17855,0,0
17856,0,0
17857,0,0
17858,0,0
17859,0,0
17860,0,0
17861,0,0
17862,0,0
17864,0,0
17865,0,0
17866,0,0
17867,0,0
17868,0,0
17870,0,0
17872,0,0
17876,0,0
17878,0,0
17880,0,0
17881,0,0
17884,0,0
17885,0,0
17886,0,0
17887,0,0
17888,0,0
17889,0,0
17901,0,0
17920,0,0
17921,0,0
17922,0,0
17923,0,0
17925,0,0
17929,0,0
17930,0,0
17931,0,0
17933,0,0
17934,0,0
17935,0,0
17936,0,0
17938,0,0
17941,0,0
17943,0,0
17944,0,0
17945,0,0
17946,0,0
17948,0,0
17949,0,0
17951,0,0
17952,0,0
17953,0,0
17954,0,0
17957,0,0
17959,0,0
17960,0,0
17961,0,0
17963,0,0
17964,0,0
17965,0,0
17967,0,0
17968,0,0
17970,0,0
17972,0,0
17974,0,0
17976,0,0
17978,0,0
17979,0,0
17980,0,0
17981,0,0
17982,0,0
17983,0,0
17985,0,0
18011,0,0
18012,0,0
18013,0,0
18014,0,0
18015,0,0
18017,0,0
18018,0,0
18020,0,0
18030,0,0
18031,0,0
18032,0,0
18034,0,0
18035,0,0
18036,0,0
18037,0,0
18038,0,0
18040,0,0
18041,0,0
18042,0,0
18045,0,0
18046,0,0
18049,0,0
18051,0,0
18052,0,0
18053,0,0
18054,0,0
18055,0,0
18056,0,0
18058,0,0
18059,0,0
18062,0,0
18063,0,0
18064,0,0
18065,0,0
18066,0,0
18067,0,0
18069,0,0
18070,0,0
18071,0,0
18072,0,0
18073,0,0
18074,0,0
18076,0,0
18077,0,0
18078,0,0
18079,0,0
18080,0,0
18081,0,0
18083,0,0
18085,0,0
18086,0,0
18087,0,0
18088,0,0
18091,0,0
18092,0,0
18101,0,0
18102,0,0
18103,0,0
18104,0,0
18106,0,0
18109,0,0
18195,0,0
18201,0,0
18202,0,0
18210,0,0
18211,0,0
18212,0,0
18214,0,0
18216,0,0
18218,0,0
18219,0,0
18220,0,0
18221,0,0
18222,0,0
18223,0,0
18224,0,0
18225,0,0
18229,0,0
18230,0,0
18231,0,0
18232,0,0
18234,0,0
18235,0,0
18237,0,0
18239,0,0
18240,0,0
18241,0,0
18242,0,0
18244,0,0
18245,0,0
18246,0,0
18248,0,0
18249,0,0
18250,0,0
18252,0,0
18254,0,0
18255,0,0
18256,0,0
18301,0,0
18302,0,0
18321,0,0
18322,0,0
18323,0,0
18324,0,0
18325,0,0
18326,0,0
18327,0,0
18328,0,0
18330,0,0
18331,0,0
18332,0,0
18333,0,0
18334,0,0
18335,0,0
18336,0,0
18337,0,0
18340,0,0
18342,0,0
18343,0,0
18344,0,0
18346,0,0
18347,0,0
18349,0,0
18350,0,0
18351,0,0
18353,0,0
18354,0,0
18355,0,0
18356,0,0
18357,0,0
18360,0,0
18370,0,0
18371,0,0
18372,0,0
18403,0,0
18405,0,0
18407,0,0
18411,0,0
18413,0,0
18414,0,0
18415,0,0
18417,0,0
18419,0,0
18420,0,0
18421,0,0
18424,0,0
18425,0,0
18426,0,0
18428,0,0
18430,0,0
18431,0,0
18433,0,0
18434,0,0
18435,0,0
18436,0,0
18437,0,0
18438,0,0
18439,0,0
18440,0,0
18441,0,0
18443,0,0
18444,0,0
18445,0,0
18446,0,0
18447,0,0
18451,0,0
18452,0,0
18453,0,0
18454,0,0
18455,0,0
18456,0,0
18457,0,0
18458,0,0
18460,0,0
18461,0,0
18462,0,0
18463,0,0
18464,0,0
18465,0,0
18466,0,0
18469,0,0
18470,0,0
18471,0,0
18472,0,0
18473,0,0
18503,0,0
18504,0,0
18505,0,0
18507,0,0
18508,0,0
18509,0,0
18510,0,0
18512,0,0
18517,0,0
18518,0,0
18519,0,0
18602,0,0
18603,0,0
18610,0,0
18612,0,0
18614,0,0
18615,0,0
18616,0,0
18617,0,0
18618,0,0
18619,0,0
18621,0,0
18622,0,0
18623,0,0
18624,0,0
18625,0,0
18626,0,0
18627,0,0
18628,0,0
18629,0,0
18630,0,0
18631,0,0
18632,0,0
18634,0,0
18635,0,0
18636,0,0
18640,0,0
18641,0,0
18642,0,0
18643,0,0
18644,0,0
18651,0,0
18655,0,0
18656,0,0
18657,0,0
18660,0,0
18661,0,0
18701,0,0
18702,0,0
18704,0,0
18705,0,0
18706,0,0
18707,0,0
18708,0,0
18709,0,0
18801,0,0
18810,0,0
18812,0,0
18814,0,0
18816,0,0
18817,0,0
18818,0,0
18820,0,0
18821,0,0
18822,0,0
18823,0,0
18824,0,0
18825,0,0
18826,0,0
18828,0,0
18829,0,0
18830,0,0
18831,0,0
18832,0,0
18833,0,0
18834,0,0
18837,0,0
18840,0,0
18842,0,0
18843,0,0
18844,0,0
18845,0,0
18846,0,0
18847,0,0
18848,0,0
18850,0,0
18851,0,0
18853,0,0
18854,0,0
18901,0,0
18902,0,0
18912,0,0
18913,0,0
18914,0,0
18915,0,0
18917,0,0
18920,0,0
18921,0,0
18923,0,0
18925,0,0
18927,0,0
18929,0,0
18930,0,0
18932,0,0
18933,0,0
18935,0,0
18936,0,0
18938,0.000371,0.000371
18940,0,0
18942,0,0
18944,0,0
18946,0,0
18947,0,0
18950,0,0
18951,0,0
18954,0,0
18955,0,0
18960,0,0
18962,0,0
18964,0,0
18966,0,0
18969,0,0
18970,0,0
18972,0,0
18974,0,0
18976,0,0
18977,0,0.000576
18980,0,0
19001,0,0
19002,0,0
19003,0,0
19004,0,0
19006,0,0
19007,0.00237,0.0438
19008,0,0
19009,0,0
19010,0,0
19012,0,0
19013,0.014,0.207
19014,0,0.00192
19015,0,0.0141
19017,0,0
19018,0,0
19020,0.0022,0.0199
19021,0.00736,0.0883
19022,0.0136,0.514
19023,0.00388,0.0453
19025,0,0
19026,0,0
19027,0,0
19029,0.347,0.843
19030,0,0
19031,0,0
19032,0.176,0.323
19033,0,0
19034,0,0
19035,0,0
19036,0,0
19038,0,0
19040,0,0
19041,0,0
19043,0,0
19044,0,0
19046,0,0
19047,0,0
19050,0,0
19052,0,0
19053,0,0
19054,0,0
19055,0,0
19056,0.000658,0.00263
19057,0,0
19060,0,0
19061,0.0156,0.125
19063,0,0
19064,0,0
19066,0,0
19067,0.00193,0.0239
19070,0,0
19072,0,0
19073,0,0
19074,0.0164,0.101
19075,0,0
19076,0,0.0442
19078,0.0238,0.257
19079,0.0189,0.149
19081,0,0
19082,0,0
19083,0,0
19085,0,0
19086,0,0.00381
19087,0,0
19090,0,0
19094,0,0.0186
19095,0,0
19096,0,0
19102,0,0
19103,0.00787,0.146
19104,0,0.0407
19106,0.0448,0.317
19107,0,0
19108,0,0
19109,0,0
19111,0,0
19112,0.0947,0.976
19113,0.412,0.961
19114,0,0.000451
19115,0,0
19116,0,0
19118,0,0
19119,0,0
19120,0,0
19121,0,0.00644
19122,0,0.00196
19123,0,0.151
19124,0,0.0123
19125,0.00188,0.145
19126,0,0
19127,0,0
19128,0,0
19129,0,0
19130,0,0.0123
19131,0,0.00819
19132,0,0
19133,0,0
19134,0.00369,0.149
19135,0,0.104
19136,0.00317,0.055
19137,0.0042,0.416
19138,0,0
19139,0,0
19140,0,0
19141,0,0
19142,0,0.0422
19143,0.00326,0.031
19144,0,0
19145,0.0955,0.481
19146,0,0.0796
19147,0,0.105
19148,0.0102,0.8
19149,0,0
19150,0,0
19151,0,0
19152,0,0
19153,0.197,0.887
19154,0,0
19301,0,0
19310,0,0
19311,0,0
19312,0,0
19316,0,0
19317,0,0
19319,0,0
19320,0,0
19330,0,0
19333,0,0
19335,0,0
19341,0,0
19342,0,0
19343,0,0
19344,0,0
19345,0,0
19348,0,0
19350,0,0
19352,0,0
19355,0,0
19358,0,0
19362,0,0
19363,0,0
19365,0,0
19367,0,0
19369,0,0
19372,0,0
19373,0,0
19374,0,0
19375,0,0
19380,0,0
19382,0,0
19383,0,0
19390,0,0
19401,0,0
19403,0,0
19405,0,0
19406,0,0
19422,0,0
19425,0,0
19426,0,0
19428,0,0
19435,0,0
19436,0,0
19437,0,0
19438,0,0
19440,0,0
19442,0,0
19444,0,0
19446,0,0
19453,0,0
19454,0,0
19456,0,0
19457,0,0
19460,0,0
19462,0,0
19464,0,0
19465,0,0
19468,0,0
19472,0,0
19473,0,0
19474,0,0
19475,0,0
19477,0,0
19490,0,0
19492,0,0
19501,0,0
19503,0,0
19504,0,0
19505,0,0
19506,0,0
19507,0,0
19508,0,0
19510,0,0
19511,0,0
19512,0,0
19516,0,0
19518,0,0
19520,0,0
19522,0,0
19523,0,0
19525,0,0
19526,0,0
19529,0,0
19530,0,0
19533,0,0
19534,0,0
19535,0,0
19536,0,0
19538,0,0
19539,0,0
19540,0,0
19541,0,0
19543,0,0
19544,0,0
19545,0,0
19547,0,0
19549,0,0
19550,0,0
19551,0,0
19554,0,0
19555,0,0
19559,0,0
19560,0,0
19562,0,0
19564,0,0
19565,0,0
19567,0,0
19601,0,0
19602,0,0
19604,0,0
19605,0,0
19606,0,0
19607,0,0
19608,0,0
19609,0,0
19610,0,0
19611,0,0
19701,0.00231,0.0124
19702,0.0166,0.0372
19703,0.00706,0.118
19706,0.378,0.763
19707,0,0
19709,0.106,0.173
19710,0,0
19711,0,0
19713,0.0161,0.0326
19716,0,0
19717,0,0
19720,0.114,0.288
19730,0.148,0.243
19731,0.391,0.723
19732,0,0
19733,0.0931,0.233
19734,0.194,0.284
19735,0,0
19736,0,0
19801,0.353,0.699
19802,0.06,0.189
19803,0,0
19804,0.0935,0.263
19805,0,0.0176
19806,0,0.0015
19807,0,0
19808,0,0.000185
19809,0.0683,0.225
19810,0,0
19901,0.353,0.583
19902,0.000652,0.0567
19904,0,0.00613
19930,0.486,0.93
19931,0,0.143
19933,0,0.00546
19934,0.000718,0.00547
19936,0,0
19938,0,0.000319
19939,0.125,0.499
19940,0,0
19941,0,0
19943,0.00454,0.00863
19944,0.558,0.9
19945,0.0442,0.197
19946,0.28,0.531
19947,0.0000652,0.00298
19950,0,0
19951,0.00898,0.1
19952,0,0.00113
19953,0,0
19954,0,0
19955,0,0
19956,0.00679,0.0224
19958,0.214,0.465
19960,0.0107,0.0342
19962,0.0613,0.175
19963,0.375,0.567
19964,0,0
19966,0.0494,0.193
19967,0.0128,0.767
19968,0.196,0.306
19970,0.167,0.846
19971,0.287,0.527
19973,0.0277,0.111
19975,0.103,0.368
19977,0.319,0.529
19979,0,0
19980,0,0
20001,0,0.00126
20002,0.00502,0.0472
20003,0.00341,0.0863
20004,0.0266,0.266
20005,0,0
20006,0,0
20007,0.0159,0.0426
20008,0,0
20009,0,0
20010,0,0
20011,0,0
20012,0,0
20015,0,0
20016,0.00233,0.0122
20017,0,0
20018,0,0.00427
20019,0.0114,0.0429
20020,0.00168,0.0511
20024,0.0635,0.454
20032,0.00443,0.0276
20036,0,0
20037,0.0176,0.0775
20045,0,0
20052,0,0
20057,0,0
20059,0,0
20064,0,0
20105,0,0
20106,0,0
20109,0,0
20110,0,0
20111,0,0
20112,0,0
20115,0,0
20117,0,0
20119,0,0
20120,0,0
20121,0,0
20124,0,0
20129,0,0
20130,0,0
20132,0,0
20135,0,0
20136,0,0
20137,0,0
20141,0,0
20143,0,0
20144,0,0
20147,0,0
20148,0,0
20151,0,0
20152,0,0
20155,0,0
20158,0,0
20164,0,0
20165,0,0
20166,0,0
20169,0,0
20170,0,0
20171,0,0
20175,0,0
20176,0,0
20180,0,0
20181,0,0
20184,0,0
20186,0,0
20187,0,0
20190,0,0
20191,0,0
20194,0,0
20197,0,0
20198,0,0
20204,0,0.457
20220,0,0
20230,0.028,0.336
20240,0,0
20245,0,0
20250,0,0.0972
20260,0,0.131
20317,0,0
20319,0,0.338
20373,0.389,0.778
20388,0.155,0.927
20390,0,0
20408,0,1
20415,0,0
20418,0,0
20422,0,0
20427,0,0
20431,0,0
20510,0,0
20515,0,0
20520,0,0
20530,0,0.995
20535,0,0
20540,0,0
20542,0,0
20551,0,0
20560,0,0.321
20565,0,0.551
20566,0,0
20591,0,0
20601,0,0
20602,0,0
20603,0,0
20606,0.083,0.532
20607,0.0179,0.0435
20608,0.0767,0.125
20609,0.04,0.199
20611,0.00219,0.00719
20612,0.222,1
20613,0.0098,0.0161
20615,0.232,0.479
20616,0.0246,0.0759
20617,0,0
20618,0.0295,0.138
20619,0.00372,0.0141
20620,0,0.000608
20621,0.0201,0.0681
20622,0.0589,0.0898
20623,0,0
20624,0.0248,0.0561
20625,0.0213,0.457
20626,0.107,0.832
20628,0.0816,0.377
20629,0.0186,0.149
20630,0.102,0.268
20632,0.124,0.155
20634,0.0201,0.035
20636,0.0031,0.0156
20637,0.0166,0.0402
20639,0.0143,0.0374
20640,0.0246,0.046
20645,0.208,0.824
20646,0.00762,0.0272
20650,0.028,0.0908
20653,0.0249,0.0651
20656,0,0
20657,0.0208,0.0421
20658,0.0908,0.164
20659,0.0249,0.049
20660,0,0
20661,0,0.554
20662,0.0252,0.0628
20664,0.0552,0.198
20667,0.0338,0.111
20670,0.0323,0.101
20674,0.562,0.97
20675,0,0
20676,0.018,0.0311
20677,0.0249,0.0436
20678,0.0256,0.0634
20680,0.0818,0.334
20684,0.0588,0.223
20685,0.032,0.0657
20686,0.0865,0.135
20687,0.435,0.796
20688,0.0406,0.219
20689,0.0121,0.0272
20690,0.279,1
20692,0.0645,0.216
20693,0.106,0.262
20695,0,0
20701,0,0
20705,0,0
20706,0,0
20707,0,0
20708,0,0
20710,0,0.113
20711,0.0276,0.0342
20712,0,0
20714,0.149,0.549
20715,0,0
20716,0,0
20720,0,0
20721,0,0
20722,0.0123,0.0946
20723,0,0
20724,0,0
20732,0.0597,0.0949
20733,0.219,0.984
20735,0.000499,0.0017
20736,0.0372,0.0554
20737,0,0
20740,0,0
20742,0,0
20743,0,0
20744,0.00991,0.0238
20745,0.00993,0.0302
20746,0,0
20747,0,0
20748,0,0
20751,0.0842,0.47
20754,0.0289,0.0436
20755,0,0
20758,0.00586,0.0133
20759,0,0
20762,0,0
20763,0,0
20764,0.216,0.986
20765,0.153,0.526
20769,0,0
20770,0,0
20771,0,0
20772,0.036,0.0477
20774,0.00133,0.00688
20776,0.0162,0.0614
20777,0,0
20778,0.0352,0.228
20779,0.0201,0.0697
20781,0.022,0.0808
20782,0,0
20783,0,0
20784,0,0
20785,0,0
20794,0,0
20812,0,0
20814,0,0
20815,0,0
20816,0,0
20817,0,0
20818,0,0
20832,0,0
20833,0,0
20837,0,0
20838,0,0
20839,0,0
20841,0,0
20842,0,0
20850,0,0
20851,0,0
20852,0,0
20853,0,0
20854,0,0
20855,0,0
20860,0,0
20861,0,0
20862,0,0
20866,0,0
20868,0,0
20871,0,0
20872,0,0
20874,0,0
20876,0,0
20877,0,0
20878,0,0
20879,0,0
20880,0,0
20882,0,0
20886,0,0
20889,0,0
20892,0,0
20894,0,0
20895,0,0
20896,0,0
20899,0,0
20901,0,0
20902,0,0
20903,0,0
20904,0,0
20905,0,0
20906,0,0
20910,0,0
20912,0,0
21001,0.00974,0.027
21005,0.355,0.428
21009,0.0171,0.0418
21010,0.222,0.379
21012,0.00921,0.04
21013,0,0
21014,0,0
21015,0,0.0000819
21017,0.066,0.147
21023,0,0
21028,0,0
21029,0,0
21030,0,0
21031,0,0
21032,0.0103,0.0247
21034,0,0.00306
21035,0.00374,0.00706
21036,0,0
21037,0.049,0.164
21040,0.0958,0.234
21042,0,0
21043,0,0
21044,0,0
21045,0,0
21046,0,0
21047,0,0
21048,0,0
21050,0,0
21051,0,0
21052,0.243,0.741
21053,0,0
21054,0,0
21056,0.0692,0.155
21057,0,0
21060,0.00733,0.0527
21061,0,0.00253
21071,0,0
21074,0,0
21075,0,0.00203
21076,0,0.00176
21077,0,0
21078,0.00688,0.0226
21082,0,0
21084,0,0
21085,0.044,0.0868
21087,0,0.000525
21090,0.0244,0.0688
21093,0,0
21102,0,0
21104,0,0
21105,0,0
21108,0,0
21111,0,0
21113,0,0
21114,0,0
21117,0,0
21120,0,0
21122,0.0189,0.0766
21128,0,0
21130,0,0
21131,0,0
21132,0,0
21133,0,0
21136,0,0
21140,0.0182,0.0692
21144,0,0
21146,0.0132,0.0548
21152,0,0
21153,0,0
21154,0,0
21155,0,0
21156,0,0
21157,0,0
21158,0,0
21160,0,0
21161,0,0
21162,0.107,0.219
21163,0,0
21201,0,0.00202
21202,0.0143,0.178
21204,0,0
21205,0,0
21206,0,0
21207,0,0
21208,0,0
21209,0,0
21210,0,0
21211,0,0
21212,0,0
21213,0,0
21214,0,0
21215,0,0
21216,0,0
21217,0,0
21218,0,0
21219,0.11,0.361
21220,0.144,0.354
21221,0.0493,0.234
21222,0.0524,0.282
21223,0,0
21224,0.0165,0.124
21225,0.0139,0.0449
21226,0.0208,0.181
21227,0.0186,0.0512
21228,0,0
21229,0,0
21230,0.0175,0.164
21231,0.074,0.257
21233,0,0
21234,0,0
21236,0,0
21237,0.00866,0.0294
21239,0,0
21240,0,0
21244,0,0
21250,0,0
21251,0,0
21252,0,0
21285,0,0
21286,0,0
21287,0,0
21401,0.00465,0.0168
21402,0.0413,0.255
21403,0.0621,0.187
21405,0.0101,0.0352
21409,0.0188,0.0966
21502,0,0
21520,0,0
21521,0,0
21523,0,0
21524,0,0
21529,0,0
21530,0,0
21531,0,0
21532,0,0
21536,0,0
21538,0,0
21539,0,0
21540,0,0
21541,0,0
21542,0,0
21543,0,0
21545,0,0
21550,0,0
21555,0,0
21557,0,0
21560,0,0
21561,0,0
21562,0,0
21601,0.0431,0.244
21607,0,0
21610,0.00243,0.0219
21612,0.244,1
21613,0.479,0.778
21617,0.0202,0.0627
21619,0.233,0.607
21620,0.0333,0.107
21622,0.857,0.959
21623,0.00659,0.0163
21624,0.0989,0.29
21625,0.0119,0.0228
21626,0.996,0.996
21627,0.989,0.989
21628,0.0109,0.0711
21629,0.0202,0.0324
21631,0.0459,0.118
21632,0,0.00429
21634,0.89,0.894
21635,0.00508,0.0261
21636,0,0
21638,0.213,0.441
21639,0.00148,0.0103
21640,0,0
21641,0.0381,0.0763
21643,0.0275,0.0559
21644,0,0
21645,0.0105,0.0352
21647,0.158,0.765
21648,0.957,1
21649,0,0
21650,0,0
21651,0.00987,0.046
21652,0.311,0.984
21653,0.0979,0.951
21654,0.11,0.599
21655,0.0499,0.111
21657,0.00153,0.00983
21658,0.032,0.142
21659,0.105,0.183
21660,0.00411,0.0116
21661,0.209,0.47
21662,0.2,1
21663,0.127,0.896
21664,0.0267,0.222
21665,0.163,0.566
21666,0.132,0.482
21667,0.025,0.0507
21668,0,0
21669,0.843,0.943
21671,0.197,0.981
21672,0.983,0.985
21673,0.0535,0.17
21675,1,1
21676,0.204,0.719
21677,0.586,0.995
21678,0.0237,0.0507
21679,0.0145,0.0667
21701,0,0
21702,0,0
21703,0,0
21704,0,0
21705,0,0
21710,0,0
21711,0,0
21713,0,0
21714,0,0
21715,0,0
21716,0,0
21717,0,0
21718,0,0
21719,0,0
21722,0,0
21723,0,0
21727,0,0
21733,0,0
21734,0,0
21737,0,0
21738,0,0
21740,0,0
21742,0,0
21746,0,0
21750,0,0
21754,0,0
21755,0,0
21756,0,0
21757,0,0
21758,0,0
21762,0,0
21766,0,0
21767,0,0
21769,0,0
21770,0,0
21771,0,0
21773,0,0
21774,0,0
21776,0,0
21777,0,0
21778,0,0
21779,0,0
21780,0,0
21781,0,0
21782,0,0
21783,0,0
21784,0,0
21787,0,0
21788,0,0
21790,0,0
21791,0,0
21793,0,0
21794,0,0
21795,0,0
21797,0,0
21798,0,0
21801,0.0277,0.0594
21804,0.0000379,0.00205
21810,0,0.0767
21811,0.135,0.379
21813,0.145,0.445
21814,0.351,0.677
21817,0.825,0.978
21821,0.846,0.978
21822,0.0377,0.0806
21824,0.765,0.766
21826,0.00192,0.00769
21829,0.162,0.353
21830,0.0588,0.204
21835,0.00122,0.0788
21837,0.209,0.296
21838,0.571,0.994
21840,0.594,0.822
21841,0.0856,0.327
21842,0.426,0.987
21849,0,0
21850,0,0
21851,0.116,0.237
21853,0.204,0.329
21856,0.154,0.5
21861,0.534,0.743
21862,0.0173,0.228
21863,0.0505,0.16
21864,0.2,0.447
21865,0.661,0.93
21866,0.957,0.957
21867,0.2,1
21869,0.533,0.787
21871,0.298,0.536
21872,0,0
21874,0,0
21875,0,0
21890,0,0.0149
21901,0.0172,0.0547
21902,0.0118,0.0915
21903,0.0145,0.0546
21904,0.000433,0.00876
21911,0,0
21912,0.00718,0.0429
21913,0,0
21914,0.0385,0.287
21915,0.0256,0.115
21917,0,0
21918,0,0
21919,0.0333,0.1
21920,0,0
21921,0.0158,0.0432
21930,0.0348,0.153
22003,0,0
22015,0,0
22025,0,0
22026,0.0216,0.0361
22027,0,0
22030,0,0
22031,0,0
22032,0,0
22033,0,0
22035,0,0
22039,0,0
22041,0,0
22042,0,0
22043,0,0
22044,0,0
22046,0,0
22060,0.0217,0.0621
22066,0,0
22079,0.0196,0.0507
22101,0,0
22102,0,0
22124,0,0
22125,0.0683,0.12
22134,0.00633,0.0192
22150,0,0
22151,0,0
22152,0,0
22153,0,0
22172,0.00529,0.00692
22180,0,0
22181,0,0
22182,0,0
22191,0.0727,0.121
22192,0.000539,0.00135
22193,0,0
22201,0,0
22202,0.0138,0.17
22203,0,0
22204,0,0
22205,0,0
22206,0,0.00125
22207,0,0
22209,0.0138,0.0586
22211,0,0
22213,0,0
22214,0,0
22301,0,0
22302,0,0
22303,0.00807,0.0726
22304,0,0
22305,0.0213,0.0873
22306,0.00229,0.00876
22307,0.143,0.285
22308,0.014,0.0478
22309,0.00687,0.044
22310,0,0
22311,0,0
22312,0,0
22314,0.0314,0.142
22315,0,0
22401,0,0
22405,0.00961,0.0208
22406,0,0
22407,0,0
22408,0.0082,0.0186
22427,0,0
22432,0.00828,0.0397
22433,0,0
22435,0.00502,0.0257
22436,0.000896,0.0026
22437,0.00162,0.00605
22438,0.0743,0.143
22443,0.0269,0.0844
22448,0.0431,0.154
22454,0.0273,0.072
22460,0.00991,0.0445
22469,0.00916,0.0801
22472,0,0
22473,0.0138,0.0628
22476,0,0
22480,0.00531,0.0382
22482,0.11,0.306
22485,0.0191,0.0391
22488,0.011,0.105
22503,0.0321,0.0703
22504,0.0107,0.0204
22508,0,0
22509,0.109,0.158
22511,0.0708,0.231
22514,0,0
22520,0.0111,0.0507
22529,0,0
22534,0,0
22535,0.00845,0.0173
22538,0.0513,0.0655
22539,0.045,0.232
22542,0,0
22546,0,0
22548,0.0869,0.292
22551,0,0
22553,0,0
22554,0.0224,0.0412
22556,0,0
22560,0.0331,0.054
22567,0,0
22572,0.0471,0.105
22576,0.0164,0.0612
22578,0.183,0.487
22580,0,0
22601,0,0
22602,0,0
22603,0,0
22610,0,0
22611,0,0
22620,0,0
22623,0,0
22624,0,0
22625,0,0
22627,0,0
22630,0,0
22637,0,0
22639,0,0
22640,0,0
22641,0,0
22642,0,0
22643,0,0
22644,0,0
22645,0,0
22646,0,0
22650,0,0
22652,0,0
22654,0,0
22655,0,0
22656,0,0
22657,0,0
22660,0,0
22663,0,0
22664,0,0
22701,0,0
22709,0,0
22711,0,0
22712,0,0
22713,0,0
22714,0,0
22715,0,0
22716,0,0
22718,0,0
22719,0,0
22720,0,0
22722,0,0
22723,0,0
22724,0,0
22725,0,0
22726,0,0
22727,0,0
22728,0,0
22729,0,0
22730,0,0
22731,0,0
22732,0,0
22733,0,0
22734,0,0
22735,0,0
22736,0,0
22737,0,0
22738,0,0
22740,0,0
22741,0,0
22742,0,0
22743,0,0
22746,0,0
22747,0,0
22749,0,0
22801,0,0
22802,0,0
22807,0,0
22810,0,0
22811,0,0
22812,0,0
22815,0,0
22820,0,0
22821,0,0
22824,0,0
22827,0,0
22830,0,0
22831,0,0
22832,0,0
22834,0,0
22835,0,0
22840,0,0
22841,0,0
22842,0,0
22843,0,0
22844,0,0
22845,0,0
22846,0,0
22847,0,0
22849,0,0
22850,0,0
22851,0,0
22853,0,0
22901,0,0
22902,0,0
22903,0,0
22904,0,0
22908,0,0
22911,0,0
22920,0,0
22922,0,0
22923,0,0
22931,0,0
22932,0,0
22935,0,0
22936,0,0
22937,0,0
22938,0,0
22939,0,0
22940,0,0
22942,0,0
22943,0,0
22946,0,0
22947,0,0
22948,0,0
22949,0,0
22952,0,0
22957,0,0
22958,0,0
22959,0,0
22960,0,0
22963,0,0
22964,0,0
22967,0,0
22968,0,0
22969,0,0
22971,0,0
22972,0,0
22973,0,0
22974,0,0
22976,0,0
22980,0,0
22989,0,0
23002,0,0
23004,0,0
23005,0,0
23009,0.00216,0.00468
23011,0.0486,0.0694
23015,0,0
23021,0.017,1
23022,0,0
23023,0,0
23024,0,0
23025,0.258,0.995
23027,0,0
23030,0.0493,0.112
23032,0,0.00818
23035,0.0281,0.334
23038,0,0
23039,0,0
23040,0,0
23043,0.081,0.296
23045,0.728,0.939
23047,0,0
23050,0.00885,0.282
23055,0,0
23056,0.418,0.992
23059,0,0
23060,0,0
23061,0.117,0.238
23062,0.0444,0.26
23063,0,0
23065,0,0
23066,0.288,0.892
23068,0.0562,0.29
23069,0,0
23070,0.00997,0.0316
23071,0.0252,0.0806
23072,0.452,0.693
23075,0,0
23076,0.267,0.976
23079,0.0199,0.0441
23081,0.706,0.849
23083,0,0
23084,0,0
23085,0.0107,0.0211
23086,0.0348,0.0653
23089,0.118,0.173
23091,0.0419,0.0787
23092,0.00638,0.0232
23093,0,0
23102,0,0
23103,0,0
23106,0.0032,0.0781
23108,0,0
23109,0.252,0.972
23110,0.0794,0.163
23111,0.00742,0.0159
23112,0,0
23113,0,0
23114,0,0
23116,0,0.000716
23117,0,0
23119,0.601,0.898
23120,0,0
23123,0,0
23124,0.0502,0.0726
23126,0,0
23128,0.357,0.831
23129,0,0
23130,0.882,0.887
23138,0.668,0.987
23139,0,0
23140,0.00648,0.0409
23141,0,0
23146,0,0
23147,0,0
23148,0.00486,0.0101
23149,0.0181,0.0398
23150,0,0
23153,0,0
23156,0.109,0.203
23160,0,0
23161,0.000564,0.00902
23163,0.596,0.958
23168,0.0334,0.0592
23169,0.0316,0.0691
23173,0,0
23175,0.0196,0.0748
23176,0.0232,0.0425
23177,0.0457,0.0688
23180,0.0581,0.162
23181,0.171,0.273
23185,0.0619,0.134
23188,0.0671,0.105
23192,0,0
23219,0,0.0139
23220,0,0
23221,0,0
23222,0,0
23223,0,0.00221
23224,0.0025,0.0362
23225,0,0
23226,0,0
23227,0,0
23228,0,0
23229,0,0
23230,0,0
23231,0.0243,0.0511
23233,0,0
23234,0.00289,0.0158
23235,0,0
23236,0,0
23237,0.0106,0.039
23238,0,0
23250,0,0
23284,0,0
23294,0,0
23298,0,0
23301,0.381,0.543
23302,0.211,0.413
23303,0.0486,0.115
23304,0.48,0.654
23306,0.18,0.443
23307,0.285,0.336
23308,0.434,0.577
23310,0.114,0.323
23314,0.24,0.352
23315,0,0
23316,0.00482,0.0289
23320,0.181,0.407
23321,0.0256,0.208
23322,0.0777,0.582
23323,0.021,0.179
23324,0.0838,0.367
23325,0.038,0.202
23336,0.843,0.902
23337,0.313,0.401
23347,0.0471,0.21
23350,0.0835,0.17
23354,0.0258,0.0844
23356,0.435,0.727
23357,0.0151,0.0904
23358,0.714,0.969
23359,0.324,0.601
23389,0.148,0.96
23395,0.15,0.351
23398,0.132,0.676
23401,0,0
23405,0.103,0.213
23407,0.193,0.291
23408,0.557,0.69
23409,0.719,0.871
23410,0.156,0.347
23413,0.246,0.294
23414,0,0
23415,0.124,0.221
23416,0.0128,0.0867
23417,0.287,0.539
23418,0.458,0.61
23420,0.162,0.322
23421,0.202,0.38
23422,0.044,0.533
23423,0.491,0.58
23426,0.933,0.957
23427,0.854,0.87
23430,0.0401,0.0739
23432,0.104,0.245
23433,0.119,0.303
23434,0.0181,0.0305
23435,0.0703,0.185
23436,0.097,0.313
23437,0.00157,0.0175
23438,0,0
23440,0.426,0.426
23441,0,0
23442,0.0706,0.293
23451,0.113,0.778
23452,0.0377,0.456
23453,0.000873,0.487
23454,0.0886,0.511
23455,0.028,0.241
23456,0.256,0.731
23457,0.414,0.829
23459,0.0917,0.846
23460,0,0.0452
23461,0.756,0.95
23462,0.0147,0.291
23464,0.0209,0.273
23480,0.856,0.869
23486,0.164,0.471
23487,0,0
23488,0.264,0.764
23502,0.0295,0.613
23503,0.0903,0.663
23504,0.0707,0.746
23505,0.0791,0.745
23507,0.0672,0.979
23508,0.115,0.891
23509,0.118,0.951
23510,0.15,0.805
23511,0.0865,0.873
23513,0.0235,0.629
23517,0,0.838
23518,0.0709,0.817
23523,0.085,0.536
23551,0.00545,0.927
23601,0.000356,0.00498
23602,0.0396,0.0704
23603,0.00722,0.0205
23604,0.482,0.683
23605,0.00289,0.464
23606,0.0164,0.046
23607,0.0476,0.408
23608,0.0438,0.0838
23651,0.742,0.947
23661,0.0588,0.913
23662,0.78,0.926
23663,0.0593,0.996
23664,0.736,0.947
23665,0.554,0.92
23666,0.0903,0.523
23667,0.0874,1
23668,0.218,0.983
23669,0.337,0.976
23681,0.33,0.982
23690,0.00667,0.0214
23691,0.0404,0.0936
23692,0.153,0.391
23693,0.0702,0.321
23696,0.568,0.957
23701,0.0375,0.587
23702,0.0376,0.814
23703,0.055,0.405
23704,0.081,0.895
23707,0.0517,0.913
23708,0.123,1
23709,0.106,0.924
23801,0,0
23803,0,0.00165
23805,0,0
23821,0,0
23824,0,0
23827,0,0
23828,0,0
23829,0,0
23830,0,0
23831,0,0
23832,0,0
23833,0,0
23834,0.0839,0.149
23836,0.116,0.191
23837,0,0
23838,0,0
23839,0,0
23840,0,0
23841,0,0
23842,0.00147,0.00374
23843,0,0
23844,0,0
23845,0,0
23846,0,0
23847,0,0
23850,0,0
23851,0.00524,0.0538
23856,0,0
23857,0,0
23860,0.0339,0.0804
23866,0,0
23867,0,0
23868,0,0
23870,0,0
23872,0,0
23874,0,0
23875,0.000889,0.00563
23876,0,0
23878,0,0
23879,0,0
23881,0.032,0.069
23882,0,0
23883,0.0472,0.0757
23884,0,0
23885,0,0
23887,0,0
23888,0,0
23889,0,0
23890,0,0
23891,0,0
23893,0,0
23894,0,0
23897,0,0
23898,0,0
23899,0.0189,0.0409
23901,0,0
23909,0,0
23915,0,0
23917,0,0
23919,0,0
23920,0,0
23921,0,0
23922,0,0
23923,0,0
23924,0,0
23927,0,0
23930,0,0
23934,0,0
23936,0,0
23937,0,0
23938,0,0
23942,0,0
23943,0,0
23944,0,0
23947,0,0
23950,0,0
23952,0,0
23954,0,0
23955,0,0
23958,0,0
23959,0,0
23960,0,0
23962,0,0
23963,0,0
23964,0,0
23966,0,0
23967,0,0
23968,0,0
23970,0,0
23974,0,0
23976,0,0
24011,0,0
24012,0,0
24013,0,0
24014,0,0
24015,0,0
24016,0,0
24017,0,0
24018,0,0
24019,0,0
24020,0,0
24022,0,0
24053,0,0
24054,0,0
24055,0,0
24058,0,0
24059,0,0
24060,0,0
24061,0,0
24064,0,0
24065,0,0
24066,0,0
24067,0,0
24069,0,0
24070,0,0
24072,0,0
24073,0,0
24076,0,0
24077,0,0
24078,0,0
24079,0,0
24082,0,0
24083,0,0
24084,0,0
24085,0,0
24086,0,0
24087,0,0
24088,0,0
24089,0,0
24090,0,0
24091,0,0
24092,0,0
24093,0,0
24095,0,0
24101,0,0
24102,0,0
24104,0,0
24105,0,0
24112,0,0
24120,0,0
24121,0,0
24122,0,0
24124,0,0
24127,0,0
24128,0,0
24129,0,0
24131,0,0
24132,0,0
24133,0,0
24134,0,0
24136,0,0
24137,0,0
24138,0,0
24139,0,0
24141,0,0
24142,0,0
24147,0,0
24148,0,0
24149,0,0
24150,0,0
24151,0,0
24153,0,0
24161,0,0
24162,0,0
24165,0,0
24167,0,0
24168,0,0
24171,0,0
24174,0,0
24175,0,0
24176,0,0
24179,0,0
24184,0,0
24185,0,0
24201,0,0
24202,0,0
24210,0,0
24211,0,0
24216,0,0
24217,0,0
24219,0,0
24220,0,0
24221,0,0
24224,0,0
24225,0,0
24226,0,0
24228,0,0
24230,0,0
24236,0,0
24237,0,0
24239,0,0
24243,0,0
24244,0,0
24245,0,0
24246,0,0
24248,0,0
24250,0,0
24251,0,0
24256,0,0
24258,0,0
24260,0,0
24263,0,0
24265,0,0
24266,0,0
24269,0,0
24270,0,0
24271,0,0
24272,0,0
24273,0,0
24277,0,0
24279,0,0
24280,0,0
24281,0,0
24282,0,0
24283,0,0
24290,0,0
24292,0,0
24293,0,0
24301,0,0
24311,0,0
24312,0,0
24313,0,0
24314,0,0
24315,0,0
24316,0,0
24317,0,0
24318,0,0
24319,0,0
24322,0,0
24323,0,0
24324,0,0
24325,0,0
24326,0,0
24327,0,0
24328,0,0
24330,0,0
24333,0,0
24340,0,0
24343,0,0
24347,0,0
24348,0,0
24350,0,0
24351,0,0
24352,0,0
24354,0,0
24360,0,0
24361,0,0
24363,0,0
24366,0,0
24368,0,0
24370,0,0
24374,0,0
24375,0,0
24377,0,0
24378,0,0
24380,0,0
24381,0,0
24382,0,0
24401,0,0
24411,0,0
24412,0,0
24413,0,0
24415,0,0
24416,0,0
24421,0,0
24422,0,0
24426,0,0
24430,0,0
24431,0,0
24432,0,0
24433,0,0
24435,0,0
24437,0,0
24439,0,0
24440,0,0
24441,0,0
24442,0,0
24445,0,0
24448,0,0
24450,0,0
24457,0,0
24458,0,0
24459,0,0
24460,0,0
24464,0,0
24465,0,0
24467,0,0
24469,0,0
24471,0,0
24472,0,0
24473,0,0
24474,0,0
24476,0,0
24477,0,0
24479,0,0
24482,0,0
24483,0,0
24484,0,0
24485,0,0
24486,0,0
24487,0,0
24501,0,0
24502,0,0
24503,0,0
24504,0,0
24515,0,0
24517,0,0
24520,0,0
24521,0,0
24522,0,0
24523,0,0
24526,0,0
24527,0,0
24528,0,0
24529,0,0
24530,0,0
24531,0,0
24534,0,0
24536,0,0
24538,0,0
24539,0,0
24540,0,0
24541,0,0
24549,0,0
24550,0,0
24551,0,0
24553,0,0
24554,0,0
24555,0,0
24556,0,0
24557,0,0
24558,0,0
24562,0,0
24563,0,0
24565,0,0
24566,0,0
24569,0,0
24570,0,0
24571,0,0
24572,0,0
24574,0,0
24577,0,0
24578,0,0
24579,0,0
24580,0,0
24581,0,0
24586,0,0
24588,0,0
24589,0,0
24590,0,0
24592,0,0
24593,0,0
24594,0,0
24595,0,0
24597,0,0
24598,0,0
24599,0,0
24601,0,0
24602,0,0
24603,0,0
24604,0,0
24605,0,0
24606,0,0
24607,0,0
24609,0,0
24612,0,0
24613,0,0
24614,0,0
24620,0,0
24622,0,0
24630,0,0
24631,0,0
24634,0,0
24635,0,0
24637,0,0
24639,0,0
24641,0,0
24646,0,0
24649,0,0
24651,0,0
24656,0,0
24657,0,0
24701,0,0
24712,0,0
24714,0,0
24715,0,0
24716,0,0
24719,0,0
24724,0,0
24726,0,0
24729,0,0
24731,0,0
24733,0,0
24736,0,0
24737,0,0
24738,0,0
24739,0,0
24740,0,0
24747,0,0
24801,0,0
24808,0,0
24811,0,0
24813,0,0
24815,0,0
24816,0,0
24817,0,0
24818,0,0
24822,0,0
24823,0,0
24826,0,0
24827,0,0
24828,0,0
24830,0,0
24831,0,0
24834,0,0
24836,0,0
24839,0,0
24843,0,0
24844,0,0
24845,0,0
24846,0,0
24847,0,0
24848,0,0
24849,0,0
24850,0,0
24851,0,0
24853,0,0
24854,0,0
24855,0,0
24857,0,0
24860,0,0
24861,0,0
24862,0,0
24866,0,0
24867,0,0
24868,0,0
24869,0,0
24870,0,0
24871,0,0
24872,0,0
24873,0,0
24874,0,0
24878,0,0
24879,0,0
24880,0,0
24881,0,0
24882,0,0
24884,0,0
24887,0,0
24888,0,0
24892,0,0
24894,0,0
24895,0,0
24898,0,0
24901,0,0
24910,0,0
24915,0,0
24916,0,0
24918,0,0
24920,0,0
24924,0,0
24925,0,0
24927,0,0
24931,0,0
24934,0,0
24935,0,0
24938,0,0
24941,0,0
24943,0,0
24944,0,0
24945,0,0
24946,0,0
24951,0,0
24954,0,0
24957,0,0
24962,0,0
24963,0,0
24966,0,0
24970,0,0
24974,0,0
24976,0,0
24977,0,0
24981,0,0
24983,0,0
24984,0,0
24985,0,0
24986,0,0
24991,0,0
24993,0,0
25002,0,0
25003,0,0
25005,0,0
25007,0,0
25008,0,0
25009,0,0
25011,0,0
25015,0,0
25019,0,0
25021,0,0
25022,0,0
25024,0,0
25025,0,0
25028,0,0
25030,0,0
25031,0,0
25033,0,0
25035,0,0
25036,0,0
25039,0,0
25040,0,0
25043,0,0
25044,0,0
25045,0,0
25047,0,0
25048,0,0
25049,0,0
25051,0,0
25053,0,0
25054,0,0
25057,0,0
25059,0,0
25060,0,0
25061,0,0
25062,0,0
25063,0,0
25064,0,0
25067,0,0
25070,0,0
25071,0,0
25075,0,0
25076,0,0
25081,0,0
25082,0,0
25083,0,0
25085,0,0
25086,0,0
25088,0,0
25090,0,0
25093,0,0
25102,0,0
25103,0,0
25106,0,0
25107,0,0
25108,0,0
25109,0,0
25110,0,0
25111,0,0
25112,0,0
25113,0,0
25114,0,0
25115,0,0
25118,0,0
25119,0,0
25121,0,0
25123,0,0
25124,0,0
25125,0,0
25126,0,0
25130,0,0
25132,0,0
25133,0,0
25134,0,0
25136,0,0
25139,0,0
25140,0,0
25141,0,0
25142,0,0
25143,0,0
25148,0,0
25149,0,0
25152,0,0
25154,0,0
25156,0,0
25159,0,0
25160,0,0
25161,0,0
25162,0,0
25164,0,0
25165,0,0
25168,0,0
25169,0,0
25173,0,0
25174,0,0
25177,0,0
25180,0,0
25181,0,0
25183,0,0
25185,0,0
25186,0,0
25187,0,0
25193,0,0
25201,0,0
25202,0,0
25203,0,0
25204,0,0
25205,0,0
25206,0,0
25208,0,0
25209,0,0
25211,0,0
25213,0,0
25214,0,0
25231,0,0
25234,0,0
25235,0,0
25239,0,0
25241,0,0
25243,0,0
25244,0,0
25245,0,0
25247,0,0
25248,0,0
25251,0,0
25252,0,0
25253,0,0
25259,0,0
25260,0,0
25261,0,0
25262,0,0
25264,0,0
25265,0,0
25266,0,0
25267,0,0
25268,0,0
25270,0,0
25271,0,0
25275,0,0
25276,0,0
25285,0,0
25286,0,0
25287,0,0
25301,0,0
25302,0,0
25303,0,0
25304,0,0
25305,0,0
25306,0,0
25309,0,0
25311,0,0
25312,0,0
25313,0,0
25314,0,0
25315,0,0
25320,0,0
25387,0,0
25401,0,0
25403,0,0
25404,0,0
25405,0,0
25411,0,0
25413,0,0
25414,0,0
25419,0,0
25420,0,0
25421,0,0
25422,0,0
25425,0,0
25427,0,0
25428,0,0
25430,0,0
25431,0,0
25432,0,0
25434,0,0
25437,0,0
25438,0,0
25442,0,0
25443,0,0
25444,0,0
25446,0,0
25501,0,0
25502,0,0
25503,0,0
25504,0,0
25505,0,0
25506,0,0
25507,0,0
25508,0,0
25510,0,0
25511,0,0
25512,0,0
25514,0,0
25515,0,0
25517,0,0
25520,0,0
25521,0,0
25523,0,0
25524,0,0
25526,0,0
25529,0,0
25530,0,0
25534,0,0
25535,0,0
25537,0,0
25540,0,0
25541,0,0
25544,0,0
25545,0,0
25547,0,0
25550,0,0
25555,0,0
25557,0,0
25559,0,0
25560,0,0
25564,0,0
25565,0,0
25567,0,0
25570,0,0
25571,0,0
25573,0,0
25601,0,0
25606,0,0
25607,0,0
25608,0,0
25611,0,0
25612,0,0
25617,0,0
25621,0,0
25624,0,0
25625,0,0
25628,0,0
25630,0,0
25632,0,0
25634,0,0
25635,0,0
25637,0,0
25638,0,0
25639,0,0
25644,0,0
25646,0,0
25647,0,0
25649,0,0
25650,0,0
25651,0,0
25652,0,0
25653,0,0
25654,0,0
25661,0,0
25666,0,0
25667,0,0
25669,0,0
25670,0,0
25671,0,0
25672,0,0
25674,0,0
25676,0,0
25678,0,0
25685,0,0
25688,0,0
25690,0,0
25692,0,0
25696,0,0
25699,0,0
25701,0,0
25702,0,0
25703,0,0
25704,0,0
25705,0,0
25755,0,0
25801,0,0
25810,0,0
25811,0,0
25812,0,0
25813,0,0
25817,0,0
25818,0,0
25820,0,0
25823,0,0
25825,0,0
25826,0,0
25827,0,0
25831,0,0
25832,0,0
25836,0,0
25837,0,0
25839,0,0
25840,0,0
25841,0,0
25843,0,0
25844,0,0
25845,0,0
25846,0,0
25848,0,0
25849,0,0
25851,0,0
25853,0,0
25854,0,0
25855,0,0
25857,0,0
25862,0,0
25864,0,0
25865,0,0
25866,0,0
25868,0,0
25870,0,0
25871,0,0
25873,0,0
25875,0,0
25876,0,0
25878,0,0
25879,0,0
25880,0,0
25882,0,0
25901,0,0
25902,0,0
25904,0,0
25907,0,0
25908,0,0
25909,0,0
25911,0,0
25913,0,0
25915,0,0
25916,0,0
25917,0,0
25918,0,0
25920,0,0
25921,0,0
25922,0,0
25928,0,0
25932,0,0
25936,0,0
25938,0,0
25942,0,0
25943,0,0
25951,0,0
25958,0,0
25962,0,0
25966,0,0
25969,0,0
25971,0,0
25972,0,0
25976,0,0
25977,0,0
25978,0,0
25979,0,0
25981,0,0
25984,0,0
25985,0,0
25986,0,0
25989,0,0
26003,0,0
26030,0,0
26031,0,0
26032,0,0
26033,0,0
26034,0,0
26035,0,0
26036,0,0
26037,0,0
26038,0,0
26039,0,0
26040,0,0
26041,0,0
26047,0,0
26050,0,0
26055,0,0
26056,0,0
26058,0,0
26059,0,0
26060,0,0
26062,0,0
26070,0,0
26074,0,0
26075,0,0
26101,0,0
26104,0,0
26105,0,0
26133,0,0
26134,0,0
26136,0,0
26137,0,0
26138,0,0
26141,0,0
26142,0,0
26143,0,0
26146,0,0
26147,0,0
26148,0,0
26149,0,0
26150,0,0
26151,0,0
26152,0,0
26155,0,0
26159,0,0
26160,0,0
26161,0,0
26162,0,0
26164,0,0
26167,0,0
26169,0,0
26170,0,0
26175,0,0
26178,0,0
26180,0,0
26181,0,0
26184,0,0
26187,0,0
26201,0,0
26202,0,0
26203,0,0
26205,0,0
26206,0,0
26208,0,0
26209,0,0
26210,0,0
26215,0,0
26217,0,0
26218,0,0
26222,0,0
26224,0,0
26228,0,0
26230,0,0
26234,0,0
26236,0,0
26237,0,0
26238,0,0
26241,0,0
26250,0,0
26253,0,0
26254,0,0
26257,0,0
26259,0,0
26260,0,0
26261,0,0
26263,0,0
26264,0,0
26266,0,0
26267,0,0
26268,0,0
26269,0,0
26270,0,0
26271,0,0
26273,0,0
26275,0,0
26276,0,0
26278,0,0
26280,0,0
26282,0,0
26283,0,0
26285,0,0
26287,0,0
26288,0,0
26289,0,0
26291,0,0
26292,0,0
26293,0,0
26294,0,0
26296,0,0
26298,0,0
26301,0,0
26320,0,0
26321,0,0
26323,0,0
26325,0,0
26327,0,0
26330,0,0
26335,0,0
26337,0,0
26338,0,0
26339,0,0
26342,0,0
26343,0,0
26346,0,0
26347,0,0
26348,0,0
26349,0,0
26351,0,0
26354,0,0
26361,0,0
26362,0,0
26366,0,0
26369,0,0
26372,0,0
26374,0,0
26376,0,0
26377,0,0
26378,0,0
26384,0,0
26385,0,0
26386,0,0
26404,0,0
26405,0,0
26408,0,0
26410,0,0
26411,0,0
26412,0,0
26415,0,0
26416,0,0
26419,0,0
26421,0,0
26422,0,0
26424,0,0
26425,0,0
26426,0,0
26430,0,0
26431,0,0
26435,0,0
26436,0,0
26437,0,0
26438,0,0
26440,0,0
26443,0,0
26444,0,0
26447,0,0
26448,0,0
26451,0,0
26452,0,0
26456,0,0
26463,0,0
26501,0,0
26505,0,0
26506,0,0
26508,0,0
26519,0,0
26520,0,0
26521,0,0
26524,0,0
26525,0,0
26534,0,0
26537,0,0
26541,0,0
26542,0,0
26543,0,0
26544,0,0
26546,0,0
26547,0,0
26554,0,0
26559,0,0
26560,0,0
26562,0,0
26563,0,0
26568,0,0
26570,0,0
26571,0,0
26572,0,0
26574,0,0
26575,0,0
26576,0,0
26581,0,0
26582,0,0
26585,0,0
26586,0,0
26587,0,0
26588,0,0
26590,0,0
26591,0,0
26601,0,0
26610,0,0
26611,0,0
26615,0,0
26617,0,0
26619,0,0
26621,0,0
26623,0,0
26624,0,0
26627,0,0
26629,0,0
26631,0,0
26636,0,0
26638,0,0
26651,0,0
26656,0,0
26660,0,0
26662,0,0
26667,0,0
26671,0,0
26676,0,0
26678,0,0
26679,0,0
26680,0,0
26681,0,0
26684,0,0
26690,0,0
26691,0,0
26704,0,0
26705,0,0
26707,0,0
26710,0,0
26711,0,0
26714,0,0
26716,0,0
26717,0,0
26719,0,0
26720,0,0
26722,0,0
26726,0,0
26731,0,0
26739,0,0
26743,0,0
26750,0,0
26753,0,0
26755,0,0
26757,0,0
26761,0,0
26763,0,0
26764,0,0
26767,0,0
26801,0,0
26802,0,0
26804,0,0
26807,0,0
26808,0,0
26810,0,0
26812,0,0
26814,0,0
26815,0,0
26817,0,0
26818,0,0
26823,0,0
26833,0,0
26836,0,0
26838,0,0
26845,0,0
26847,0,0
26851,0,0
26852,0,0
26855,0,0
26865,0,0
26866,0,0
26884,0,0
26886,0,0
27006,0,0
27007,0,0
27009,0,0
27011,0,0
27012,0,0
27013,0,0
27014,0,0
27016,0,0
27017,0,0
27018,0,0
27019,0,0
27020,0,0
27021,0,0
27022,0,0
27023,0,0
27024,0,0
27025,0,0
27027,0,0
27028,0,0
27030,0,0
27040,0,0
27041,0,0
27042,0,0
27043,0,0
27045,0,0
27046,0,0
27047,0,0
27048,0,0
27050,0,0
27051,0,0
27052,0,0
27053,0,0
27054,0,0
27055,0,0
27101,0,0
27103,0,0
27104,0,0
27105,0,0
27106,0,0
27107,0,0
27109,0,0
27110,0,0
27127,0,0
27201,0,0
27202,0,0
27203,0,0
27205,0,0
27207,0,0
27208,0,0
27209,0,0
27212,0,0
27213,0,0
27214,0,0
27215,0,0
27217,0,0
27229,0,0
27231,0,0
27233,0,0
27235,0,0
27239,0,0
27242,0,0
27243,0,0
27244,0,0
27247,0,0
27248,0,0
27249,0,0
27252,0,0
27253,0,0
27256,0,0
27258,0,0
27259,0,0
27260,0,0
27262,0,0
27263,0,0
27265,0,0
27268,0,0
27278,0,0
27281,0,0
27282,0,0
27283,0,0
27284,0,0
27288,0,0
27291,0,0
27292,0,0
27295,0,0
27298,0,0
27299,0,0
27301,0,0
27302,0,0
27305,0,0
27306,0,0
27310,0,0
27311,0,0
27312,0,0
27313,0,0
27314,0,0
27315,0,0
27316,0,0
27317,0,0
27320,0,0
27325,0,0
27326,0,0
27330,0,0
27332,0,0
27340,0,0
27341,0,0
27342,0,0
27343,0,0
27344,0,0
27349,0,0
27350,0,0
27351,0,0
27355,0,0
27356,0,0
27357,0,0
27358,0,0
27360,0,0
27370,0,0
27371,0,0
27374,0,0
27376,0,0
27377,0,0
27379,0,0
27401,0,0
27403,0,0
27405,0,0
27406,0,0
27407,0,0
27408,0,0
27409,0,0
27410,0,0
27411,0,0
27412,0,0
27455,0,0
27501,0,0
27502,0,0
27503,0,0
27504,0,0
27505,0,0
27506,0,0
27507,0,0
27508,0,0
27509,0,0
27510,0,0
27511,0,0
27513,0,0
27514,0,0
27516,0,0
27517,0,0
27518,0,0
27519,0,0
27520,0,0
27521,0,0
27522,0,0
27523,0,0
27524,0,0
27525,0,0
27526,0,0
27527,0,0
27529,0,0
27530,0,0
27531,0,0
27533,0,0
27534,0,0
27536,0,0
27537,0,0
27539,0,0
27540,0,0
27541,0,0
27542,0,0
27544,0,0
27545,0,0
27546,0,0
27549,0,0
27551,0,0
27553,0,0
27555,0,0
27556,0,0
27557,0,0
27559,0,0
27560,0,0
27562,0,0
27563,0,0
27565,0,0
27568,0,0
27569,0,0
27570,0,0
27571,0,0
27572,0,0
27573,0,0
27574,0,0
27576,0,0
27577,0,0
27581,0,0
27582,0,0
27583,0,0
27584,0,0
27587,0,0
27589,0,0
27591,0,0
27592,0,0
27593,0,0
27594,0,0
27596,0,0
27597,0,0
27599,0,0
27601,0,0
27603,0,0
27604,0,0
27605,0,0
27606,0,0
27607,0,0
27608,0,0
27609,0,0
27610,0,0
27612,0,0
27613,0,0
27614,0,0
27615,0,0
27616,0,0
27617,0,0
27695,0,0
27697,0,0
27701,0,0
27703,0,0
27704,0,0
27705,0,0
27707,0,0
27708,0,0
27709,0,0
27712,0,0
27713,0,0
27801,0,0
27803,0,0
27804,0,0
27805,0,0
27806,0.224,0.717
27807,0,0
27808,0.114,0.904
27809,0,0
27810,0.365,0.98
27812,0,0
27813,0,0
27814,0.0396,0.128
27815,0,0
27816,0,0
27817,0.0896,0.109
27818,0.0812,0.153
27819,0,0
27820,0,0
27821,0.0662,0.216
27822,0,0
27823,0,0
27824,0.897,0.927
27825,0,0
27826,0.752,0.889
27827,0,0
27828,0,0
27829,0,0
27830,0,0
27831,0,0
27832,0,0
27834,0.0128,0.0971
27837,0.0768,0.13
27839,0,0
27840,0,0
27841,0,0
27842,0,0
27843,0,0
27844,0,0
27845,0,0
27846,0.0908,0.118
27847,0,0
27849,0,0.000144
27850,0,0
27851,0,0
27852,0,0
27853,0,0
27855,0.0167,0.0384
27856,0,0
27857,0,0.0251
27858,0.00338,0.0268
27860,0.0553,0.96
27861,0,0
27862,0,0.00731
27863,0,0
27864,0,0
27865,0.0532,0.315
27866,0,0
27869,0,0
27870,0,0
27871,0,0
27872,0,0
27873,0,0
27874,0,0
27875,0.972,0.989
27876,0,0
27877,0,0
27878,0,0
27879,0,0
27880,0,0
27881,0,0
27882,0,0
27883,0,0
27884,0,0
27885,0.97,0.976
27886,0,0
27888,0,0
27889,0.0762,0.243
27890,0,0
27891,0,0
27892,0.119,0.275
27893,0,0
27896,0,0
27897,0,0
27909,0.168,0.924
27910,0.00288,0.0151
27915,0.67,0.873
27916,0.505,0.739
27917,0.85,0.94
27919,0.00567,0.578
27920,0.224,0.849
27921,0.232,0.924
27922,0.0938,0.203
27923,0.802,0.866
27924,0.0196,0.0229
27925,0.912,0.98
27926,0,0.0000736
27927,0.551,0.775
27928,0.22,0.974
27929,0.539,0.791
27932,0.0949,0.165
27935,0.298,0.388
27936,0.512,0.819
27937,0.014,0.0247
27938,0.308,0.366
27939,0.184,0.293
27941,0.157,0.64
27942,0.147,0.16
27943,0.551,0.652
27944,0.0866,0.42
27946,0.0266,0.183
27947,0.452,0.53
27948,0.353,0.848
27949,0.398,0.684
27950,0.668,0.906
27953,0.924,0.973
27954,0.497,0.787
27956,0.33,0.58
27957,0.0318,0.0664
27958,0.167,0.796
27959,0.582,0.83
27960,0.707,0.807
27962,0.0579,0.255
27964,0.218,0.541
27965,0.645,0.793
27966,0.428,0.615
27967,0,0
27968,0.702,0.815
27969,0,0
27970,0.197,0.852
27972,0.793,0.911
27973,0.421,0.888
27974,0.798,0.95
27976,0.0473,0.695
27978,0.902,0.917
27979,0,0.224
27980,0.0501,0.0868
27981,0.878,0.968
27982,0.473,0.771
27983,0.139,0.226
27985,0.0102,0.0509
27986,0.0934,0.118
28001,0,0
28006,0,0
28007,0,0
28009,0,0
28012,0,0
28016,0,0
28017,0,0
28018,0,0
28019,0,0
28020,0,0
28021,0,0
28023,0,0
28024,0,0
28025,0,0
28027,0,0
28031,0,0
28032,0,0
28033,0,0
28034,0,0
28036,0,0
28037,0,0
28039,0,0
28040,0,0
28041,0,0
28042,0,0
28043,0,0
28052,0,0
28054,0,0
28056,0,0
28071,0,0
28072,0,0
28073,0,0
28074,0,0
28075,0,0
28076,0,0
28077,0,0
28078,0,0
28079,0,0
28080,0,0
28081,0,0
28083,0,0
28086,0,0
28088,0,0
28089,0,0
28090,0,0
28091,0,0
28092,0,0
28097,0,0
28098,0,0
28101,0,0
28102,0,0
28103,0,0
28104,0,0
28105,0,0
28107,0,0
28108,0,0
28109,0,0
28110,0,0
28112,0,0
28114,0,0
28115,0,0
28117,0,0
28119,0,0
28120,0,0
28124,0,0
28125,0,0
28127,0,0
28128,0,0
28129,0,0
28133,0,0
28134,0,0
28135,0,0
28136,0,0
28137,0,0
28138,0,0
28139,0,0
28144,0,0
28146,0,0
28147,0,0
28150,0,0
28152,0,0
28159,0,0
28160,0,0
28163,0,0
28164,0,0
28166,0,0
28167,0,0
28168,0,0
28169,0,0
28170,0,0
28173,0,0
28174,0,0
28202,0,0
28203,0,0
28204,0,0
28205,0,0
28206,0,0
28207,0,0
28208,0,0
28209,0,0
28210,0,0
28211,0,0
28212,0,0
28213,0,0
28214,0,0
28215,0,0
28216,0,0
28217,0,0
28223,0,0
28226,0,0
28227,0,0
28244,0,0
28262,0,0
28269,0,0
28270,0,0
28273,0,0
28274,0,0
28277,0,0
28278,0,0
28280,0,0
28282,0,0
28301,0,0
28303,0,0
28304,0,0
28305,0,0
28306,0,0
28307,0,0
28308,0,0
28310,0,0
28311,0,0
28312,0,0
28314,0,0
28315,0,0
28318,0,0
28320,0,0
28323,0,0
28325,0,0
28326,0,0
28327,0,0
28328,0,0
28330,0,0
28331,0,0
28332,0,0
28333,0,0
28334,0,0
28337,0,0
28338,0,0
28339,0,0
28340,0,0
28341,0,0
28342,0,0
28343,0,0
28344,0,0
28345,0,0
28347,0,0
28348,0,0
28349,0,0
28350,0,0
28351,0,0
28352,0,0
28355,0,0
28356,0,0
28357,0,0
28358,0,0
28359,0,0
28360,0,0
28362,0,0
28363,0,0
28364,0,0
28365,0,0
28366,0,0
28367,0,0
28368,0,0
28369,0,0
28371,0,0
28372,0,0
28373,0,0
28374,0,0
28375,0,0
28376,0,0
28377,0,0
28378,0,0
28379,0,0
28382,0,0
28383,0,0
28384,0,0
28385,0,0
28386,0,0
28387,0,0
28390,0,0
28391,0,0
28392,0,0
28393,0,0
28394,0,0
28395,0,0
28396,0,0
28398,0,0
28399,0,0
28401,0.305,0.454
28403,0.0336,0.146
28405,0.0205,0.105
28409,0.223,0.391
28411,0.0646,0.179
28412,0.118,0.35
28420,0,0
28421,0.0000967,0.0126
28422,0.0282,0.0818
28423,0,0
28424,0,0
28425,0.00504,0.0201
28428,0.239,0.636
28429,0.181,0.254
28430,0,0
28431,0,0
28432,0,0
28433,0,0
28434,0,0
28435,0.0698,0.324
28436,0,0.000314
28438,0,0
28439,0,0
28441,0,0
28442,0,0
28443,0.0143,0.0543
28444,0,0
28445,0.0289,0.0805
28447,0,0
28448,0.000631,0.0103
28449,0.448,0.765
28450,0,0
28451,0.0528,0.0847
28452,0,0
28453,0,0
28454,0,0
28455,0,0
28456,0.00122,0.0293
28457,0.0723,0.103
28458,0,0
28460,0.228,0.485
28461,0.142,0.249
28462,0.08,0.174
28463,0,0
28464,0,0
28465,0.448,0.74
28466,0,0
28467,0.0239,0.0556
28468,0.171,0.257
28469,0.0923,0.143
28470,0.0744,0.19
28472,0,0
28478,0,0
28479,0.135,0.254
28480,0.445,0.499
28501,0,0.0212
28504,0,0
28508,0,0
28509,0,0.689
28510,0.0968,0.574
28511,0.399,0.679
28512,0.219,0.748
28513,0,0.0059
28515,0.409,0.987
28516,0.414,0.988
28518,0,0
28519,0.186,0.999
28520,0.914,0.996
28521,0,0
28523,0.0496,0.0859
28524,1,1
28525,0,0
28526,0,0.0344
28527,0.0339,0.0967
28528,0.0908,1
28529,0.0615,0.265
28530,0,0.147
28531,0.361,0.973
28532,0.0828,0.259
28533,0.00778,0.175
28537,0.992,0.993
28538,0,0
28539,0.0371,0.134
28540,0.0519,0.109
28542,0.00513,0.0582
28543,0.0708,0.221
28544,0.00872,0.0498
28546,0.00537,0.0196
28547,0.102,0.288
28551,0,0
28552,0.998,0.998
28553,0.691,0.985
28554,0,0
28555,0.0423,0.075
28556,0.547,0.98
28557,0.226,0.581
28560,0.153,0.414
28562,0.0568,0.192
28570,0.0541,0.258
28571,0.32,0.901
28572,0,0
28573,0.0148,0.106
28574,0,0.000132
28575,0.0456,0.719
28577,0.659,0.917
28578,0,0
28579,0.638,1
28580,0,0
28581,0.976,1
28582,0.171,0.353
28584,0.0968,0.27
28585,0,0.0359
28586,0.0707,0.261
28587,0.839,0.999
28589,1,1
28590,0,0
28594,0.107,0.617
28601,0,0
28602,0,0
28604,0,0
28605,0,0
28606,0,0
28607,0,0
28609,0,0
28610,0,0
28611,0,0
28612,0,0
28613,0,0
28615,0,0
28616,0,0
28617,0,0
28618,0,0
28619,0,0
28621,0,0
28622,0,0
28623,0,0
28624,0,0
28625,0,0
28626,0,0
28627,0,0
28628,0,0
28629,0,0
28630,0,0
28631,0,0
28634,0,0
28635,0,0
28636,0,0
28637,0,0
28638,0,0
28640,0,0
28641,0,0
28642,0,0
28643,0,0
28644,0,0
28645,0,0
28646,0,0
28649,0,0
28650,0,0
28651,0,0
28652,0,0
28653,0,0
28654,0,0
28655,0,0
28657,0,0
28658,0,0
28659,0,0
28660,0,0
28662,0,0
28663,0,0
28664,0,0
28665,0,0
28666,0,0
28667,0,0
28668,0,0
28669,0,0
28670,0,0
28671,0,0
28672,0,0
28673,0,0
28675,0,0
28676,0,0
28677,0,0
28678,0,0
28679,0,0
28681,0,0
28682,0,0
28683,0,0
28684,0,0
28685,0,0
28689,0,0
28690,0,0
28692,0,0
28693,0,0
28694,0,0
28697,0,0
28698,0,0
28701,0,0
28702,0,0
28704,0,0
28705,0,0
28707,0,0
28708,0,0
28709,0,0
28710,0,0
28711,0,0
28712,0,0
28713,0,0
28714,0,0
28715,0,0
28716,0,0
28717,0,0
28718,0,0
28719,0,0
28720,0,0
28721,0,0
28722,0,0
28723,0,0
28725,0,0
28726,0,0
28729,0,0
28730,0,0
28731,0,0
28732,0,0
28733,0,0
28734,0,0
28735,0,0
28736,0,0
28739,0,0
28740,0,0
28741,0,0
28742,0,0
28743,0,0
28745,0,0
28746,0,0
28747,0,0
28748,0,0
28749,0,0
28751,0,0
28752,0,0
28753,0,0
28754,0,0
28755,0,0
28756,0,0
28757,0,0
28758,0,0
28759,0,0
28761,0,0
28762,0,0
28763,0,0
28766,0,0
28768,0,0
28770,0,0
28771,0,0
28772,0,0
28773,0,0
28774,0,0
28775,0,0
28777,0,0
28778,0,0
28779,0,0
28781,0,0
28782,0,0
28783,0,0
28785,0,0
28786,0,0
28787,0,0
28788,0,0
28789,0,0
28790,0,0
28791,0,0
28792,0,0
28801,0,0
28803,0,0
28804,0,0
28805,0,0
28806,0,0
28901,0,0
28902,0,0
28904,0,0
28905,0,0
28906,0,0
28909,0,0
29001,0,0
29003,0,0
29006,0,0
29009,0,0
29010,0,0
29014,0,0
29015,0,0
29016,0,0
29018,0,0
29020,0,0
29030,0,0
29031,0,0
29032,0,0
29033,0,0
29036,0,0
29037,0,0
29038,0,0
29039,0,0
29040,0,0
29042,0,0
29044,0,0
29045,0,0
29046,0,0
29047,0,0
29048,0,0
29051,0,0
29052,0,0
29053,0,0
29054,0,0
29055,0,0
29056,0,0
29058,0,0
29059,0,0
29061,0,0
29062,0,0
29063,0,0
29065,0,0
29067,0,0
29069,0,0
29070,0,0
29072,0,0
29073,0,0
29074,0,0
29075,0,0
29078,0,0
29079,0,0
29080,0,0
29081,0,0
29082,0,0
29101,0,0
29102,0,0
29104,0,0
29105,0,0
29107,0,0
29108,0,0
29111,0,0
29112,0,0
29113,0,0
29114,0,0
29115,0,0
29117,0,0
29118,0,0
29122,0,0
29123,0,0
29125,0,0
29126,0,0
29127,0,0
29128,0,0
29129,0,0
29130,0,0
29133,0,0
29135,0,0
29137,0,0
29138,0,0
29142,0,0
29145,0,0
29146,0,0
29148,0,0
29150,0,0
29152,0,0
29153,0,0
29154,0,0
29160,0,0
29161,0,0
29162,0,0
29163,0,0
29164,0,0
29166,0,0
29168,0,0
29169,0,0
29170,0,0
29172,0,0
29175,0,0
29177,0,0
29178,0,0
29180,0,0
29201,0,0
29203,0,0
29204,0,0
29205,0,0
29206,0,0
29207,0,0
29208,0,0
29209,0,0
29210,0,0
29212,0,0
29223,0,0
29225,0,0
29229,0,0
29301,0,0
29302,0,0
29303,0,0
29306,0,0
29307,0,0
29316,0,0
29320,0,0
29321,0,0
29322,0,0
29323,0,0
29324,0,0
29325,0,0
29329,0,0
29330,0,0
29331,0,0
29332,0,0
29333,0,0
29334,0,0
29335,0,0
29338,0,0
29340,0,0
29341,0,0
29346,0,0
29349,0,0
29351,0,0
29353,0,0
29355,0,0
29356,0,0
29360,0,0
29364,0,0
29365,0,0
29368,0,0
29369,0,0
29370,0,0
29372,0,0
29373,0,0
29374,0,0
29375,0,0
29376,0,0
29377,0,0
29378,0,0
29379,0,0
29384,0,0
29385,0,0
29388,0,0
29401,0.601,0.957
29403,0.412,0.929
29404,0.032,0.128
29405,0.231,0.626
29406,0.0567,0.272
29407,0.389,0.89
29409,0.0571,0.97
29410,0.213,0.417
29412,0.643,0.914
29414,0.168,0.725
29418,0.114,0.437
29420,0.0903,0.418
29424,0,1
29425,0.615,0.973
29426,0.101,0.555
29429,0.221,0.73
29431,0,0
29432,0,0
29434,0.0454,0.0964
29435,0,0.0893
29436,0,0
29437,0,0
29438,0.726,0.941
29439,0.786,0.898
29440,0.288,0.55
29445,0.162,0.352
29446,0.502,0.792
29448,0,0
29449,0.337,0.647
29450,0.0535,0.0942
29451,0.849,0.97
29452,0.663,0.906
29453,0.0504,0.224
29455,0.461,0.893
29456,0.00185,0.104
29458,0.229,0.665
29461,0.0678,0.179
29464,0.455,0.815
29466,0.415,0.938
29468,0,0
29469,0,0
29470,0.0899,0.531
29471,0,0
29472,0.0000147,0.108
29474,0.0209,0.362
29475,0,0
29477,0,0
29479,0.000152,0.0792
29481,0,0
29482,0.87,1
29483,0,0.066
29485,0.054,0.462
29486,0,0.00352
29487,0.291,0.86
29488,0.0234,0.149
29492,0.373,0.572
29493,0,0
29501,0,0
29505,0,0
29506,0,0
29510,0.0291,0.2
29511,0,0
29512,0,0
29516,0,0
29518,0,0
29519,0,0
29520,0,0
29525,0,0
29526,0.0591,0.126
29527,0.108,0.178
29530,0,0
29532,0,0
29536,0,0
29540,0,0
29541,0,0
29543,0,0
29544,0,0
29545,0,0
29546,0.0205,0.102
29547,0,0
29550,0,0
29554,0.00212,0.0245
29555,0,0.00183
29556,0,0
29560,0,0
29563,0,0
29564,0,0.0433
29565,0,0
29566,0.0267,0.0981
29567,0,0
29568,0.000461,0.00452
29569,0,0
29570,0,0
29571,0,0
29572,0.109,0.364
29574,0,0
29575,0.0719,0.341
29576,0.258,0.471
29577,0.0217,0.311
29579,0.00177,0.0604
29580,0.00453,0.0135
29581,0,0
29582,0.24,0.46
29583,0,0
29584,0,0
29585,0.45,0.721
29588,0.198,0.32
29589,0,0
29590,0,0
29591,0,0
29592,0,0
29593,0,0
29594,0,0
29596,0,0
29601,0,0
29605,0,0
29607,0,0
29609,0,0
29611,0,0
29613,0,0
29614,0,0
29615,0,0
29617,0,0
29620,0,0
29621,0,0
29624,0,0
29625,0,0
29626,0,0
29627,0,0
29628,0,0
29630,0,0
29631,0,0
29634,0,0
29635,0,0
29638,0,0
29639,0,0
29640,0,0
29642,0,0
29643,0,0
29644,0,0
29645,0,0
29646,0,0
29649,0,0
29650,0,0
29651,0,0
29653,0,0
29654,0,0
29655,0,0
29657,0,0
29658,0,0
29659,0,0
29661,0,0
29662,0,0
29664,0,0
29665,0,0
29666,0,0
29667,0,0
29669,0,0
29670,0,0
29671,0,0
29672,0,0
29673,0,0
29676,0,0
29678,0,0
29680,0,0
29681,0,0
29682,0,0
29683,0,0
29684,0,0
29685,0,0
29686,0,0
29687,0,0
29689,0,0
29690,0,0
29691,0,0
29692,0,0
29693,0,0
29696,0,0
29697,0,0
29702,0,0
29704,0,0
29706,0,0
29707,0,0
29708,0,0
29709,0,0
29710,0,0
29712,0,0
29714,0,0
29715,0,0
29717,0,0
29718,0,0
29720,0,0
29724,0,0
29726,0,0
29727,0,0
29728,0,0
29729,0,0
29730,0,0
29732,0,0
29733,0,0
29741,0,0
29742,0,0
29743,0,0
29745,0,0
29801,0,0
29803,0,0
29805,0,0
29809,0,0
29810,0,0
29812,0,0
29816,0,0
29817,0,0
29819,0,0
29821,0,0
29824,0,0
29826,0,0
29827,0,0
29828,0,0
29829,0,0
29831,0,0
29832,0,0
29834,0,0
29835,0,0
29836,0,0
29838,0,0
29840,0,0
29841,0,0
29842,0,0
29843,0,0
29844,0,0
29845,0,0
29847,0,0
29848,0,0
29849,0,0
29851,0,0
29853,0,0
29856,0,0
29860,0,0
29899,0,0
29902,0.566,0.835
29904,0.0275,0.255
29905,0.714,0.895
29906,0.342,0.588
29907,0.56,0.827
29909,0.429,0.799
29910,0.39,0.682
29911,0,0
29912,0.124,0.86
29915,0.438,0.967
29916,0.000879,0.135
29918,0,0
29920,0.663,0.865
29921,0,0
29922,0.000405,0.0665
29923,0,0
29924,0,0
29926,0.336,0.847
29927,0.341,0.822
29928,0.712,0.956
29929,0,0.00872
29932,0,0
29934,0,0
29935,0.403,0.648
29936,0.116,0.403
29939,0,0
29940,0.6,0.86
29941,0.548,0.877
29943,0.0002,0.143
29944,0,0.00659
29945,0.237,0.641
30002,0,0
30004,0,0
30005,0,0
30008,0,0
30009,0,0
30011,0,0
30012,0,0
30013,0,0
30014,0,0
30016,0,0
30017,0,0
30018,0,0
30019,0,0
30021,0,0
30022,0,0
30024,0,0
30025,0,0
30028,0,0
30030,0,0
30032,0,0
30033,0,0
30034,0,0
30035,0,0
30038,0,0
30039,0,0
30040,0,0
30041,0,0
30043,0,0
30044,0,0
30045,0,0
30046,0,0
30047,0,0
30052,0,0
30054,0,0
30055,0,0
30056,0,0
30058,0,0
30060,0,0
30062,0,0
30064,0,0
30066,0,0
30067,0,0
30068,0,0
30070,0,0
30071,0,0
30072,0,0
30075,0,0
30076,0,0
30078,0,0
30079,0,0
30080,0,0
30082,0,0
30083,0,0
30084,0,0
30087,0,0
30088,0,0
30090,0,0
30092,0,0
30093,0,0
30094,0,0
30096,0,0
30097,0,0
30101,0,0
30102,0,0
30103,0,0
30104,0,0
30105,0,0
30106,0,0
30107,0,0
30108,0,0
30110,0,0
30111,0,0
30113,0,0
30114,0,0
30115,0,0
30116,0,0
30117,0,0
30118,0,0
30120,0,0
30121,0,0
30122,0,0
30124,0,0
30125,0,0
30126,0,0
30127,0,0
30132,0,0
30134,0,0
30135,0,0
30137,0,0
30139,0,0
30141,0,0
30143,0,0
30144,0,0
30145,0,0
30147,0,0
30148,0,0
30149,0,0
30152,0,0
30153,0,0
30157,0,0
30161,0,0
30165,0,0
30168,0,0
30170,0,0
30171,0,0
30173,0,0
30175,0,0
30176,0,0
30177,0,0
30178,0,0
30179,0,0
30180,0,0
30182,0,0
30183,0,0
30184,0,0
30185,0,0
30187,0,0
30188,0,0
30189,0,0
30204,0,0
30205,0,0
30206,0,0
30213,0,0
30214,0,0
30215,0,0
30216,0,0
30217,0,0
30218,0,0
30220,0,0
30222,0,0
30223,0,0
30224,0,0
30228,0,0
30229,0,0
30230,0,0
30233,0,0
30234,0,0
30236,0,0
30238,0,0
30240,0,0
30241,0,0
30248,0,0
30250,0,0
30251,0,0
30252,0,0
30253,0,0
30256,0,0
30257,0,0
30258,0,0
30259,0,0
30260,0,0
30263,0,0
30265,0,0
30268,0,0
30269,0,0
30272,0,0
30273,0,0
30274,0,0
30275,0,0
30276,0,0
30277,0,0
30281,0,0
30284,0,0
30285,0,0
30286,0,0
30288,0,0
30289,0,0
30290,0,0
30291,0,0
30292,0,0
30293,0,0
30294,0,0
30295,0,0
30296,0,0
30297,0,0
30303,0,0
30305,0,0
30306,0,0
30307,0,0
30308,0,0
30309,0,0
30310,0,0
30311,0,0
30312,0,0
30313,0,0
30314,0,0
30315,0,0
30316,0,0
30317,0,0
30318,0,0
30319,0,0
30322,0,0
30324,0,0
30326,0,0
30327,0,0
30328,0,0
30329,0,0
30331,0,0
30332,0,0
30334,0,0
30336,0,0
30337,0,0
30338,0,0
30339,0,0
30340,0,0
30341,0,0
30342,0,0
30344,0,0
30345,0,0
30346,0,0
30349,0,0
30350,0,0
30354,0,0
30360,0,0
30363,0,0
30401,0,0
30410,0,0
30411,0,0
30412,0,0
30413,0,0
30414,0,0
30415,0,0
30417,0,0
30420,0,0
30421,0,0
30423,0,0
30425,0,0
30426,0,0
30427,0,0
30428,0,0
30429,0,0
30434,0,0
30436,0,0
30439,0,0
30441,0,0
30442,0,0
30445,0,0
30446,0,0
30448,0,0
30449,0,0
30450,0,0
30451,0,0
30452,0,0
30453,0,0
30454,0,0
30455,0,0
30456,0,0
30457,0,0
30458,0,0
30460,0,0
30461,0,0
30464,0,0
30467,0,0
30470,0,0
30471,0,0
30473,0,0
30474,0,0
30477,0,0
30501,0,0
30504,0,0
30506,0,0
30507,0,0
30510,0,0
30511,0,0
30512,0,0
30513,0,0
30516,0,0
30517,0,0
30518,0,0
30519,0,0
30520,0,0
30521,0,0
30522,0,0
30523,0,0
30525,0,0
30527,0,0
30528,0,0
30529,0,0
30530,0,0
30531,0,0
30533,0,0
30534,0,0
30535,0,0
30536,0,0
30537,0,0
30538,0,0
30539,0,0
30540,0,0
30541,0,0
30542,0,0
30543,0,0
30545,0,0
30546,0,0
30547,0,0
30548,0,0
30549,0,0
30552,0,0
30553,0,0
30554,0,0
30555,0,0
30557,0,0
30558,0,0
30559,0,0
30560,0,0
30562,0,0
30563,0,0
30564,0,0
30565,0,0
30566,0,0
30567,0,0
30568,0,0
30571,0,0
30572,0,0
30573,0,0
30575,0,0
30576,0,0
30577,0,0
30581,0,0
30582,0,0
30597,0,0
30598,0,0
30601,0,0
30602,0,0
30605,0,0
30606,0,0
30607,0,0
30609,0,0
30619,0,0
30620,0,0
30621,0,0
30622,0,0
30623,0,0
30624,0,0
30625,0,0
30627,0,0
30628,0,0
30629,0,0
30630,0,0
30631,0,0
30633,0,0
30634,0,0
30635,0,0
30639,0,0
30641,0,0
30642,0,0
30643,0,0
30646,0,0
30648,0,0
30650,0,0
30655,0,0
30656,0,0
30660,0,0
30662,0,0
30663,0,0
30664,0,0
30665,0,0
30666,0,0
30667,0,0
30668,0,0
30669,0,0
30673,0,0
30677,0,0
30678,0,0
30680,0,0
30683,0,0
30701,0,0
30705,0,0
30707,0,0
30708,0,0
30710,0,0
30711,0,0
30720,0,0
30721,0,0
30724,0,0
30725,0,0
30726,0,0
30728,0,0
30730,0,0
30731,0,0
30733,0,0
30734,0,0
30735,0,0
30736,0,0
30738,0,0
30739,0,0
30740,0,0
30741,0,0
30742,0,0
30746,0,0
30747,0,0
30750,0,0
30751,0,0
30752,0,0
30753,0,0
30755,0,0
30756,0,0
30757,0,0
30802,0,0
30803,0,0
30805,0,0
30807,0,0
30808,0,0
30809,0,0
30810,0,0
30812,0,0
30813,0,0
30814,0,0
30815,0,0
30816,0,0
30817,0,0
30818,0,0
30820,0,0
30821,0,0
30822,0,0
30823,0,0
30824,0,0
30828,0,0
30830,0,0
30833,0,0
30901,0,0
30904,0,0
30905,0,0
30906,0,0
30907,0,0
30909,0,0
30912,0,0
31001,0,0
31002,0,0
31003,0,0
31004,0,0
31005,0,0
31006,0,0
31007,0,0
31008,0,0
31009,0,0
31011,0,0
31012,0,0
31014,0,0
31015,0,0
31016,0,0
31017,0,0
31018,0,0
31019,0,0
31020,0,0
31021,0,0
31022,0,0
31023,0,0
31024,0,0
31025,0,0
31027,0,0
31028,0,0
31029,0,0
31030,0,0
31031,0,0
31032,0,0
31033,0,0
31034,0,0
31035,0,0
31036,0,0
31037,0,0
31038,0,0
31039,0,0
31041,0,0
31042,0,0
31044,0,0
31045,0,0
31046,0,0
31047,0,0
31049,0,0
31050,0,0
31051,0,0
31052,0,0
31054,0,0
31055,0,0
31057,0,0
31058,0,0
31060,0,0
31061,0,0
31062,0,0
31063,0,0
31064,0,0
31065,0,0
31066,0,0
31067,0,0
31068,0,0
31069,0,0
31070,0,0
31071,0,0
31072,0,0
31075,0,0
31076,0,0
31077,0,0
31078,0,0
31079,0,0
31081,0,0
31082,0,0
31083,0,0
31084,0,0
31085,0,0
31087,0,0
31088,0,0
31089,0,0
31090,0,0
31091,0,0
31092,0,0
31093,0,0
31094,0,0
31096,0,0
31097,0,0
31098,0,0
31201,0,0
31204,0,0
31206,0,0
31207,0,0
31210,0,0
31211,0,0
31213,0,0
31216,0,0
31217,0,0
31220,0,0
31301,0,0.156
31302,0.000603,0.259
31303,0.000137,0.00199
31305,0.605,0.776
31307,0,0
31308,0,0.019
31309,0.0132,0.848
31312,0,0.000449
31313,0,0.169
31314,0,0.011
31315,0,0
31316,0,0.0306
31318,0,0.00974
31320,0.376,0.829
31321,0,0
31322,0.0254,0.597
31323,0.216,0.895
31324,0.386,0.909
31326,0.0292,0.116
31327,0.859,0.945
31328,0.689,0.725
31329,0,0.0178
31331,0.404,0.876
31333,0,0
31401,0.0996,0.365
31404,0.411,0.715
31405,0.201,0.777
31406,0.43,0.862
31407,0.138,0.609
31408,0.0871,0.598
31409,0.241,0.637
31410,0.653,0.907
31411,0.628,0.855
31415,0.117,0.829
31419,0.505,0.945
31421,0.294,0.857
31501,0,0
31503,0,0
31510,0,0
31512,0,0
31513,0,0
31516,0,0
31518,0,0
31519,0,0
31520,0.526,0.975
31522,0.768,0.938
31523,0.344,0.934
31524,0.0292,0.674
31525,0.337,0.817
31527,0.666,0.965
31532,0,0
31533,0,0
31535,0,0
31537,0.0178,0.1
31539,0,0
31542,0,0
31543,0.0000858,0.125
31544,0,0
31545,0,0
31546,0.0000374,0.0121
31547,0.305,0.557
31548,0.241,0.558
31549,0,0
31550,0,0
31551,0,0
31552,0,0
31553,0,0
31554,0,0
31555,0,0
31556,0,0
31557,0,0
31558,0.374,0.694
31560,0,0
31561,0.661,0.704
31562,0,0
31563,0,0
31564,0,0
31565,0.342,0.843
31566,0.00792,0.206
31567,0,0
31568,0.212,0.631
31569,0.225,0.69
31599,0,0
31601,0,0
31602,0,0
31605,0,0
31606,0,0
31620,0,0
31622,0,0
31623,0,0
31624,0,0
31625,0,0
31626,0,0
31627,0,0
31629,0,0
31630,0,0
31631,0,0
31632,0,0
31634,0,0
31635,0,0
31636,0,0
31637,0,0
31638,0,0
31639,0,0
31641,0,0
31642,0,0
31643,0,0
31645,0,0
31647,0,0
31648,0,0
31649,0,0
31650,0,0
31698,0,0
31699,0,0
31701,0,0
31704,0,0
31705,0,0
31707,0,0
31709,0,0
31711,0,0
31712,0,0
31714,0,0
31716,0,0
31719,0,0
31720,0,0
31721,0,0
31722,0,0
31727,0,0
31730,0,0
31733,0,0
31735,0,0
31738,0,0
31743,0,0
31744,0,0
31747,0,0
31749,0,0
31750,0,0
31753,0,0
31756,0,0
31757,0,0
31763,0,0
31764,0,0
31765,0,0
31768,0,0
31771,0,0
31772,0,0
31773,0,0
31774,0,0
31775,0,0
31778,0,0
31779,0,0
31780,0,0
31781,0,0
31783,0,0
31784,0,0
31787,0,0
31788,0,0
31789,0,0
31790,0,0
31791,0,0
31792,0,0
31793,0,0
31794,0,0
31795,0,0
31796,0,0
31798,0,0
31801,0,0
31803,0,0
31804,0,0
31805,0,0
31806,0,0
31807,0,0
31808,0,0
31810,0,0
31811,0,0
31812,0,0
31814,0,0
31815,0,0
31816,0,0
31820,0,0
31821,0,0
31822,0,0
31823,0,0
31824,0,0
31825,0,0
31826,0,0
31827,0,0
31829,0,0
31830,0,0
31831,0,0
31832,0,0
31833,0,0
31836,0,0
31901,0,0
31903,0,0
31904,0,0
31905,0,0
31906,0,0
31907,0,0
31909,0,0
32003,0.187,0.372
32008,0,0.00126
32009,0,0
32011,0.0833,0.234
32013,0,0
32024,0,0
32025,0,0
32026,0,0
32033,0.0847,0.104
32034,0.494,0.784
32038,0,0
32040,0,0
32043,0.0446,0.0669
32044,0,0
32046,0.0514,0.19
32052,0,0
32053,0,0
32054,0,0
32055,0,0
32058,0,0
32059,0,0
32060,0,0
32061,0,0
32062,0,0
32063,0,0
32064,0,0
32065,0.0103,0.0831
32066,0,0.000134
32068,0.0244,0.0579
32071,0,0
32072,0,0
32073,0.0398,0.164
32079,0,0
32080,0.473,0.96
32081,0.0206,0.247
32082,0.422,1
32083,0,0
32084,0.0861,0.198
32086,0.107,0.236
32087,0,0
32091,0,0
32092,0.0828,0.151
32094,0,0
32095,0.132,0.277
32096,0,0
32097,0.167,0.356
32102,0.223,0.252
32110,0.0275,0.0608
32112,0.0427,0.0628
32113,0,0
32114,0.0458,0.367
32117,0.0111,0.325
32118,0.0355,0.58
32119,0.0485,0.465
32124,0.00245,0.00801
32127,0.34,0.744
32128,0.00642,0.0316
32129,0.0189,0.256
32130,0.0688,0.0688
32131,0.0548,0.17
32132,0.0272,0.871
32133,0,0
32134,0.041,0.0593
32136,0.233,0.641
32137,0.135,0.469
32139,0.0971,0.151
32140,0,0
32141,0.184,0.522
32145,0.0501,0.112
32147,0,0
32148,0,0
32157,0,0
32159,0,0
32162,0,0
32163,0,0
32164,0,0
32168,0.0418,0.123
32169,0.635,0.842
32174,0.0676,0.138
32176,0.066,0.623
32177,0.0985,0.131
32179,0,0
32180,0.0504,0.0696
32181,0.0878,0.106
32182,0,0
32187,0.147,0.199
32189,0.182,0.218
32190,0.212,0.27
32192,0,0
32193,0.0396,0.0574
32195,0,0
32202,0.169,0.573
32203,0,0
32204,0.0277,0.158
32205,0.0152,0.0677
32206,0.0128,0.259
32207,0.0258,0.146
32208,0.00223,0.509
32209,0,0.0986
32210,0.0286,0.147
32211,0.00174,0.0851
32212,0.0168,0.136
32214,0,0
32216,0.000226,0.0422
32217,0.0293,0.142
32218,0.0864,0.303
32219,0.00691,0.144
32220,0,0.000371
32221,0,0
32222,0,0
32223,0.0361,0.17
32224,0.0707,0.294
32225,0.19,0.383
32226,0.464,0.806
32227,0.267,0.923
32228,0.0884,0.928
32233,0.413,1
32234,0,0
32244,0.0553,0.134
32246,0,0.000749
32250,0.335,0.954
32254,0.000461,0.0791
32256,0.0122,0.0583
32257,0.0159,0.0433
32258,0.121,0.227
32259,0.017,0.0644
32266,0.262,1
32277,0.0775,0.238
32301,0,0
32303,0,0
32304,0,0
32305,0,0.154
32306,0,0
32307,0,0
32308,0,0
32309,0,0
32310,0,0
32311,0,0
32312,0,0
32313,0,0
32317,0,0
32320,0.306,0.876
32321,0.00223,0.0475
32322,0.214,0.729
32323,0.0106,0.367
32324,0,0
32327,0.162,0.57
32328,0.164,0.565
32330,0,0
32331,0,0
32332,0,0
32333,0,0
32334,0.0135,0.0484
32336,0.203,0.371
32337,0,0
32340,0,0
32343,0,0
32344,0.0349,0.139
32346,0.686,0.95
32347,0.0324,0.202
32348,0.14,0.264
32350,0,0
32351,0,0
32352,0,0
32355,0.606,0.988
32356,0,0.0564
32358,0.106,0.315
32359,0.366,0.777
32360,0,0
32361,0,0
32399,0,0
32401,0.0565,0.266
32403,0.127,0.348
32404,0.0174,0.0768
32405,0.0127,0.109
32407,0.149,0.481
32408,0.0214,0.395
32409,0.0613,0.151
32410,0.0221,0.701
32413,0.0426,0.124
32420,0,0
32421,0,0
32423,0,0
32424,0,0.000018
32425,0,0
32426,0,0
32427,0,0
32428,0,0
32430,0,0
32431,0,0
32432,0,0
32433,0,0
32435,0,0
32437,0.0388,0.217
32438,0,0
32439,0.0463,0.111
32440,0,0
32442,0,0
32443,0,0
32444,0.0586,0.266
32445,0,0
32446,0,0
32448,0,0
32449,0,0
32455,0.0208,0.0295
32456,0.0644,0.508
32459,0.046,0.207
32460,0,0
32461,0.0148,0.0346
32462,0.0479,0.0679
32463,0,0
32464,0,0
32465,0.18,0.398
32466,0.000629,0.0139
32501,0.000775,0.00388
32502,0.00213,0.381
32503,0.00295,0.0206
32504,0.000817,0.0196
32505,0,0.00839
32506,0.0391,0.186
32507,0.0628,0.362
32508,0.0333,0.301
32509,0,0.0867
32511,0,0
32512,0,0
32514,0.036,0.0608
32526,0.0779,0.189
32530,0.237,0.488
32531,0,0
32533,0.0563,0.0768
32534,0,0
32535,0,0
32536,0,0
32539,0,0
32541,0.0183,0.294
32542,0.000949,0.0191
32544,0.00209,0.0417
32547,0.000887,0.0246
32548,0.0453,0.463
32550,0.0246,0.285
32561,0.0984,0.612
32563,0.0138,0.242
32564,0,0.00427
32565,0.0000371,0.00825
32566,0.04,0.172
32567,0,0
32568,0,0.00711
32569,0.054,0.255
32570,0.00369,0.012
32571,0.153,0.236
32577,0.0255,0.103
32578,0.0112,0.115
32579,0.00985,0.163
32580,0.00583,0.0653
32583,0.0742,0.224
32601,0,0
32603,0,0
32605,0,0
32606,0,0
32607,0,0
32608,0,0
32609,0,0
32610,0,0
32612,0,0
32615,0,0
32616,0,0
32617,0,0
32618,0,0
32619,0.000497,0.0603
32621,0,0
32622,0,0
32625,0.605,0.986
32626,0.101,0.334
32628,0,0
32631,0,0
32634,0,0
32639,0.449,0.817
32640,0,0
32641,0,0
32643,0,0
32648,0.504,0.811
32653,0,0
32656,0,0
32658,0,0
32664,0,0
32666,0,0
32667,0,0
32668,0,0.0000214
32669,0,0
32680,0.201,0.477
32681,0,0
32683,0.0635,0.787
32686,0,0
32692,0.995,0.995
32693,0.00712,0.0377
32694,0,0
32696,0,0
32697,0,0
32701,0,0
32702,0,0
32703,0,0
32707,0,0
32708,0,0
32709,0,0
32712,0,0
32713,0,0
32714,0,0
32720,0.000262,0.000262
32723,0,0
32724,0,0
32725,0,0
32726,0,0
32730,0,0
32732,0,0
32735,0,0
32736,0,0
32738,0,0
32744,0,0
32746,0,0
32750,0,0
32751,0,0
32754,0.0257,0.0387
32757,0,0
32759,0.0492,0.219
32763,0,0
32764,0,0
32765,0,0
32766,0,0
32767,0.00622,0.00664
32768,0,0
32771,0,0
32773,0,0
32775,0,0
32776,0,0
32778,0,0
32779,0,0
32780,0.206,0.298
32784,0,0
32789,0,0
32792,0,0
32796,0.0273,0.0571
32798,0,0
32801,0,0
32803,0,0
32804,0,0
32805,0,0
32806,0,0
32807,0,0
32808,0,0
32809,0,0
32810,0,0
32811,0,0
32812,0,0
32814,0,0
32816,0,0
32817,0,0
32818,0,0
32819,0,0
32820,0,0
32821,0,0
32822,0,0
32824,0,0
32825,0,0
32826,0,0
32827,0,0
32828,0,0
32829,0,0
32830,0,0
32831,0,0
32832,0,0
32833,0,0
32835,0,0
32836,0,0
32837,0,0
32839,0,0
32899,0.325,0.671
32901,0.008,0.0184
32903,0.0428,0.216
32904,0,0
32905,0.0184,0.0429
32907,0.000331,0.00165
32908,0,0
32909,0,0
32920,0.146,0.547
32922,0.00536,0.0139
32925,0.266,0.598
32926,0.00112,0.00243
32927,0.000341,0.00102
32931,0.333,0.686
32934,0,0
32935,0.00556,0.0207
32937,0.125,0.584
32940,0.000663,0.00138
32948,0,0
32949,0.0275,0.0484
32950,0.00425,0.0167
32951,0.398,0.553
32952,0.29,0.657
32953,0.211,0.601
32955,0.00482,0.0122
32958,0.0466,0.0895
32959,0,0
32960,0.0941,0.221
32962,0.135,0.247
32963,0.403,0.72
32966,0,0
32967,0.0652,0.113
32968,0,0
32970,0,0
32976,0.013,0.0216
33001,0.766,0.771
33004,0.159,0.246
33009,0.0244,0.151
33010,0.00276,0.0359
33012,0.00203,0.00711
33013,0,0.00236
33014,0,0.00046
33015,0,0
33016,0,0.000713
33018,0.000106,0.00191
33019,0.458,0.556
33020,0.0584,0.0708
33021,0.00607,0.0138
33022,0,0
33023,0,0.000338
33024,0,0
33025,0,0
33026,0,0
33027,0,0
33028,0,0
33029,0,0
33030,0.0115,0.613
33031,0.00606,0.673
33032,0.386,0.861
33033,0.603,0.967
33034,0.577,0.88
33035,0.843,0.956
33036,0.452,0.578
33037,0.541,0.658
33039,0,1
33040,0.573,0.634
33042,0.671,0.673
33043,0.73,0.741
33050,0.826,0.85
33051,0.886,0.961
33054,0,0.0114
33055,0,0
33056,0,0
33060,0.0047,0.0667
33062,0.0665,0.399
33063,0,0
33064,0.0122,0.0955
33065,0,0
33066,0,0
33067,0,0
33068,0,0
33069,0,0.000315
33070,0.52,0.675
33071,0,0
33073,0,0
33076,0,0
33101,0,1
33109,0.0757,0.464
33122,0.0361,0.0635
33125,0.229,0.43
33126,0.00831,0.0992
33127,0,0
33128,0.167,0.584
33129,0.132,0.212
33130,0.199,0.418
33131,0.292,0.608
33132,0.0909,0.361
33133,0.205,0.55
33134,0.00228,0.052
33135,0.0014,0.00702
33136,0.13,0.245
33137,0.125,0.297
33138,0.146,0.398
33139,0.381,0.793
33140,0.412,0.853
33141,0.664,0.971
33142,0.0342,0.133
33143,0.0631,0.224
33144,0,0.0155
33145,0.02,0.425
33146,0.00286,0.184
33147,0.00248,0.0244
33149,0.613,0.813
33150,0.00687,0.128
33154,0.135,0.778
33155,0.00527,0.149
33156,0.173,0.355
33157,0.101,0.579
33158,0.201,0.554
33160,0.222,0.645
33161,0.0288,0.279
33162,0.00169,0.0612
33165,0,0.00836
33166,0.0105,0.0698
33167,0.00141,0.0226
33168,0,0.0166
33169,0,0.0824
33170,0.0445,0.502
33172,0,0.0224
33173,0.0169,0.0693
33174,0,0.00878
33175,0,0.00643
33176,0.0114,0.199
33177,0.0169,0.388
33178,0.00205,0.0159
33179,0.00118,0.013
33180,0.0375,0.344
33181,0.2,0.646
33182,0,0.00172
33183,0,0.0293
33184,0,0.00241
33185,0,0
33186,0,0.118
33187,0.000556,0.399
33189,0.375,0.947
33190,0.57,0.948
33193,0,0.0079
33194,0,0.0541
33196,0,0.184
33301,0.265,0.508
33304,0.0858,0.196
33305,0.0962,0.316
33306,0.122,0.568
33308,0.0652,0.337
33309,0.00154,0.0252
33311,0.00316,0.0258
33312,0.064,0.125
33313,0,0
33314,0.0357,0.0946
33315,0.0192,0.137
33316,0.0899,0.264
33317,0,0.000935
33319,0,0
33321,0,0
33322,0,0
33323,0,0
33324,0,0
33325,0,0
33326,0,0
33327,0,0
33328,0,0
33330,0,0
33331,0,0
33332,0,0
33334,0.00999,0.0786
33351,0,0
33388,0,0
33401,0.0035,0.0193
33403,0,0.00268
33404,0.00771,0.0251
33405,0,0.0296
33406,0,0
33407,0.0003,0.00631
33408,0.0783,0.186
33409,0,0
33410,0.00806,0.0401
33411,0,0
33412,0,0
33413,0,0
33414,0,0
33415,0,0
33417,0,0
33418,0,0
33426,0,0
33428,0,0
33430,0,0
33431,0.0118,0.0271
33432,0.0122,0.0653
33433,0,0
33434,0,0
33435,0.0278,0.0783
33436,0,0
33437,0,0
33438,0,0
33440,0,0
33441,0.00744,0.0626
33442,0,0
33444,0,0
33445,0,0
33446,0,0
33449,0,0
33455,0.0479,0.0878
33458,0.0239,0.0746
33460,0.00814,0.0583
33461,0,0
33462,0.0052,0.0319
33463,0,0
33467,0,0
33469,0.0582,0.152
33470,0,0
33471,0,0
33472,0,0
33473,0,0
33476,0,0
33477,0.0539,0.15
33478,0,0.0000915
33480,0.0544,0.259
33483,0.0817,0.263
33484,0,0
33486,0.00111,0.00222
33487,0.0173,0.058
33493,0,0
33496,0,0
33498,0,0
33503,0,0
33510,0,0.000387
33511,0.00895,0.0384
33513,0,0
33514,0,0
33521,0,0
33523,0,0
33525,0,0
33527,0,0.000186
33530,0,0
33534,0.415,0.652
33538,0,0
33540,0,0
33541,0,0
33542,0,0
33543,0,0
33544,0,0
33545,0,0
33547,0.0000183,0.00259
33548,0,0
33549,0,0
33550,0,0
33556,0,0.00887
33558,0,0
33559,0,0
33563,0,0
33565,0,0
33566,0,0
33567,0,0
33569,0.0187,0.0638
33570,0.435,0.592
33572,0.485,0.719
33573,0.0156,0.0304
33574,0,0
33576,0,0
33578,0.118,0.301
33579,0,0
33584,0,0.0467
33585,0,0
33592,0,0
33594,0,0
33596,0.000258,0.074
33597,0,0
33598,0.00879,0.0211
33602,0.286,0.606
33603,0.0361,0.159
33604,0.0388,0.153
33605,0.342,0.509
33606,0.475,0.88
33607,0.171,0.395
33609,0.303,0.626
33610,0.000813,0.127
33611,0.485,0.989
33612,0,0
33613,0,0
33614,0,0.00541
33615,0.692,0.977
33616,0.731,1
33617,0,0.00828
33618,0,0
33619,0.3,0.608
33620,0,0
33621,0.912,1
33624,0,0
33625,0.00227,0.056
33626,0.105,0.646
33629,0.338,0.966
33634,0.176,0.537
33635,0.751,1
33637,0,0.0691
33647,0,0
33701,0.332,0.459
33702,0.778,0.934
33703,0.727,0.91
33704,0.408,0.509
33705,0.363,0.686
33706,0.991,0.992
33707,0.398,0.582
33708,0.738,0.862
33709,0.11,0.438
33710,0.0408,0.128
33711,0.418,0.551
33712,0.0876,0.373
33713,0,0
33714,0,0.0153
33715,0.962,0.972
33716,0.734,0.918
33744,0.723,0.969
33755,0.0632,0.191
33756,0.0195,0.0439
33759,0.103,0.175
33760,0.212,0.97
33761,0.00347,0.0139
33762,0.542,0.909
33763,0,0
33764,0.221,0.625
33765,0,0.0119
33767,0.986,0.989
33770,0.0575,0.125
33771,0.064,0.617
33772,0.0783,0.163
33773,0.0649,0.465
33774,0.0812,0.164
33776,0.22,0.344
33777,0.339,0.919
33778,0.00156,0.0164
33781,0.0959,0.628
33782,0.0729,0.89
33785,0.98,0.982
33786,1,1
33801,0,0
33803,0,0
33805,0,0
33809,0,0
33810,0,0
33811,0,0
33812,0,0
33813,0,0
33815,0,0
33823,0,0
33825,0,0
33827,0,0
33830,0,0
33834,0,0
33835,0,0
33837,0,0
33838,0,0
33839,0,0
33840,0,0
33841,0,0
33843,0,0
33844,0,0
33847,0,0
33848,0,0
33849,0,0
33850,0,0
33851,0,0
33852,0,0
33853,0,0
33854,0,0
33855,0,0
33856,0,0
33857,0,0
33858,0,0
33859,0,0
33860,0,0
33865,0,0
33867,0,0
33868,0,0
33870,0,0
33872,0,0
33873,0,0
33875,0,0
33876,0,0
33877,0,0
33880,0,0
33881,0,0
33884,0,0
33890,0,0
33896,0,0
33897,0,0
33898,0,0
33901,0.0982,0.887
33903,0.361,0.77
33904,0.539,0.995
33905,0.176,0.485
33907,0.163,0.976
33908,0.915,0.956
33909,0.00164,0.356
33912,0.103,0.634
33913,0,0.0109
33914,0.631,0.957
33916,0.0784,0.317
33917,0.106,0.301
33919,0.622,0.983
33920,0.0725,0.199
33921,0.96,0.96
33922,0.78,0.899
33924,0.917,0.941
33928,0.0969,0.277
33930,0,0
33931,0.975,0.975
33935,0,0
33936,0,0
33944,0,0
33946,0.87,0.987
33947,0.498,0.977
33948,0.606,0.992
33950,0.809,0.903
33952,0.344,0.949
33953,0.603,0.991
33954,0.000686,0.612
33955,0.129,0.203
33956,0.943,0.976
33957,0.949,0.949
33960,0,0
33965,0,0.608
33966,0,0.557
33967,0.073,0.949
33971,0,0
33972,0,0
33973,0,0
33974,0,0
33976,0,0
33980,0.301,0.8
33981,0.762,0.977
33982,0.0197,0.0567
33983,0.213,0.526
33990,0.226,1
33991,0.225,0.973
33993,0.519,0.922
34101,0.92,0.92
34102,0.827,1
34103,0.505,0.982
34104,0.323,0.994
34105,0.194,0.988
34108,0.492,0.964
34109,0.0918,0.972
34110,0.364,0.969
34112,0.459,0.969
34113,0.811,0.966
34114,0.698,0.974
34116,0.0103,0.759
34117,0.177,0.691
34119,0.00303,0.305
34120,0,0.00703
34134,0.708,0.979
34135,0.0746,0.508
34137,0.379,0.992
34138,1,1
34139,0.981,0.981
34140,1,1
34141,0.183,0.626
34142,0,0.0314
34145,0.99,1
34201,0.012,0.0464
34202,0.000892,0.0104
34203,0.0316,0.125
34205,0.0465,0.184
34207,0.1,0.32
34208,0.212,0.487
34209,0.318,0.479
34210,0.411,0.785
34211,0,0.000259
34212,0.0819,0.252
34215,0.968,0.968
34216,1,1
34217,1,1
34219,0.00956,0.0261
34221,0.254,0.411
34222,0.123,0.329
34223,0.212,0.949
34224,0.367,0.928
34228,1,1
34229,0.204,0.822
34231,0.149,0.597
34232,0.000801,0.0787
34233,0,0
34234,0.0608,0.236
34235,0,0
34236,0.587,0.76
34237,0.00823,0.0808
34238,0.00335,0.229
34239,0.0895,0.4
34240,0,0.000266
34241,0.0000421,0.0254
34242,0.984,0.985
34243,0.0306,0.162
34250,0.928,0.932
34251,0,0
34266,0.0000102,0.00869
34267,0,0
34268,0.00638,0.428
34269,0.0982,0.164
34275,0.176,0.616
34285,0.197,0.836
34286,0,0.102
34287,0.172,0.799
34288,0.000153,0.102
34289,0,0
34291,0,0.0108
34292,0.142,0.662
34293,0.266,0.79
34420,0,0
34428,0.471,0.797
34429,0.883,0.951
34431,0.000473,0.022
34432,0,0
34433,0.00121,0.074
34434,0,0
34436,0,0
34442,0,0
34445,0,0
34446,0.0436,0.332
34448,0.824,0.955
34449,0.397,0.721
34450,0,0
34452,0,0
34453,0,0
34461,0,0.00102
34465,0.000358,0.035
34470,0,0
34471,0,0
34472,0,0
34473,0,0
34474,0,0
34475,0,0
34476,0,0
34479,0,0
34480,0,0
34481,0,0
34482,0,0
34484,0,0
34487,0.85,0.85
34488,0,0
34491,0,0
34498,0.948,0.96
34601,0,0
34602,0,0
34604,0,0
34606,0.000756,0.135
34607,0.87,0.963
34608,0,0.0285
34609,0,0
34610,0,0
34613,0.108,0.319
34614,0.092,0.216
34637,0,0
34638,0,0
34639,0,0
34652,0.649,0.761
34653,0.137,0.569
34654,0.00334,0.0552
34655,0.017,0.112
34661,0,0
34667,0.316,0.562
34668,0.51,0.776
34669,0.000778,0.0429
34677,0.369,1
34679,0.751,0.754
34681,0.868,1
34683,0.243,0.43
34684,0.111,0.279
34685,0.129,0.89
34688,0.0723,0.352
34689,0.521,0.877
34690,0.274,0.893
34691,0.39,0.945
34695,0.112,0.363
34698,0.317,0.411
34705,0,0
34711,0,0
34714,0,0
34715,0,0
34729,0,0
34731,0,0
34734,0,0
34736,0,0
34737,0,0
34739,0,0
34741,0,0
34743,0,0
34744,0,0
34746,0,0
34747,0,0
34748,0,0
34753,0,0
34756,0,0
34758,0,0
34759,0,0
34760,0,0
34761,0,0
34762,0,0
34769,0,0
34771,0,0
34772,0,0
34773,0,0
34785,0,0
34786,0,0
34787,0,0
34788,0,0
34797,0,0
34945,0,0
34946,0.0905,0.136
34947,0,0
34949,0.506,0.684
34950,0.00968,0.0746
34951,0,0
34952,0.0494,0.0838
34953,0,0
34956,0,0
34957,0.143,0.225
34972,0,0
34974,0,0
34981,0.00109,0.0282
34982,0.015,0.0399
34983,0.0541,0.0653
34984,0.0268,0.08
34986,0,0
34987,0,0
34990,0.00924,0.0301
34994,0.0477,0.245
34996,0.134,0.373
34997,0.0177,0.0408
35004,0,0
35005,0,0
35006,0,0
35007,0,0
35010,0,0
35013,0,0
35014,0,0
35016,0,0
35019,0,0
35020,0,0
35022,0,0
35023,0,0
35031,0,0
35032,0,0
35033,0,0
35034,0,0
35035,0,0
35036,0,0
35040,0,0
35042,0,0
35043,0,0
35044,0,0
35045,0,0
35046,0,0
35049,0,0
35051,0,0
35052,0,0
35053,0,0
35054,0,0
35055,0,0
35057,0,0
35058,0,0
35060,0,0
35061,0,0
35062,0,0
35063,0,0
35064,0,0
35068,0,0
35070,0,0
35071,0,0
35072,0,0
35073,0,0
35074,0,0
35077,0,0
35078,0,0
35079,0,0
35080,0,0
35082,0,0
35083,0,0
35085,0,0
35087,0,0
35089,0,0
35091,0,0
35094,0,0
35096,0,0
35097,0,0
35098,0,0
35111,0,0
35112,0,0
35114,0,0
35115,0,0
35116,0,0
35117,0,0
35118,0,0
35119,0,0
35120,0,0
35121,0,0
35124,0,0
35125,0,0
35126,0,0
35127,0,0
35128,0,0
35130,0,0
35131,0,0
35133,0,0
35135,0,0
35136,0,0
35143,0,0
35146,0,0
35147,0,0
35148,0,0
35149,0,0
35150,0,0
35151,0,0
35160,0,0
35171,0,0
35172,0,0
35173,0,0
35175,0,0
35176,0,0
35178,0,0
35179,0,0
35180,0,0
35181,0,0
35183,0,0
35184,0,0
35185,0,0
35186,0,0
35188,0,0
35203,0,0
35204,0,0
35205,0,0
35206,0,0
35207,0,0
35208,0,0
35209,0,0
35210,0,0
35211,0,0
35212,0,0
35213,0,0
35214,0,0
35215,0,0
35216,0,0
35217,0,0
35218,0,0
35221,0,0
35222,0,0
35223,0,0
35224,0,0
35226,0,0
35228,0,0
35229,0,0
35233,0,0
35234,0,0
35235,0,0
35242,0,0
35243,0,0
35244,0,0
35249,0,0
35254,0,0
35401,0,0
35404,0,0
35405,0,0
35406,0,0
35441,0,0
35442,0,0
35443,0,0
35444,0,0
35446,0,0
35447,0,0
35452,0,0
35453,0,0
35456,0,0
35457,0,0
35458,0,0
35459,0,0
35460,0,0
35461,0,0
35462,0,0
35463,0,0
35464,0,0
35466,0,0
35469,0,0
35470,0,0
35473,0,0
35474,0,0
35475,0,0
35476,0,0
35477,0,0
35480,0,0
35481,0,0
35487,0,0
35490,0,0
35491,0,0
35501,0,0
35503,0,0
35504,0,0
35540,0,0
35541,0,0
35542,0,0
35543,0,0
35544,0,0
35545,0,0
35546,0,0
35548,0,0
35549,0,0
35550,0,0
35552,0,0
35553,0,0
35554,0,0
35555,0,0
35559,0,0
35563,0,0
35564,0,0
35565,0,0
35570,0,0
35571,0,0
35572,0,0
35573,0,0
35574,0,0
35575,0,0
35576,0,0
35577,0,0
35578,0,0
35579,0,0
35580,0,0
35581,0,0
35582,0,0
35584,0,0
35585,0,0
35586,0,0
35587,0,0
35592,0,0
35593,0,0
35594,0,0
35601,0,0
35603,0,0
35610,0,0
35611,0,0
35613,0,0
35614,0,0
35615,0,0
35616,0,0
35618,0,0
35619,0,0
35620,0,0
35621,0,0
35622,0,0
35630,0,0
35632,0,0
35633,0,0
35634,0,0
35640,0,0
35643,0,0
35645,0,0
35646,0,0
35647,0,0
35648,0,0
35649,0,0
35650,0,0
35651,0,0
35652,0,0
35653,0,0
35654,0,0
35660,0,0
35661,0,0
35670,0,0
35671,0,0
35672,0,0
35673,0,0
35674,0,0
35677,0,0
35739,0,0
35740,0,0
35741,0,0
35744,0,0
35745,0,0
35746,0,0
35747,0,0
35748,0,0
35749,0,0
35750,0,0
35751,0,0
35752,0,0
35754,0,0
35755,0,0
35756,0,0
35757,0,0
35758,0,0
35759,0,0
35760,0,0
35761,0,0
35763,0,0
35764,0,0
35765,0,0
35766,0,0
35768,0,0
35769,0,0
35771,0,0
35772,0,0
35773,0,0
35774,0,0
35775,0,0
35776,0,0
35801,0,0
35802,0,0
35803,0,0
35805,0,0
35806,0,0
35808,0,0
35810,0,0
35811,0,0
35816,0,0
35824,0,0
35896,0,0
35901,0,0
35903,0,0
35904,0,0
35905,0,0
35906,0,0
35907,0,0
35950,0,0
35951,0,0
35952,0,0
35953,0,0
35954,0,0
35956,0,0
35957,0,0
35958,0,0
35959,0,0
35960,0,0
35961,0,0
35962,0,0
35963,0,0
35966,0,0
35967,0,0
35968,0,0
35971,0,0
35972,0,0
35973,0,0
35974,0,0
35975,0,0
35976,0,0
35978,0,0
35979,0,0
35980,0,0
35981,0,0
35983,0,0
35984,0,0
35986,0,0
35987,0,0
35988,0,0
35989,0,0
35990,0,0
36003,0,0
36005,0,0
36006,0,0
36008,0,0
36009,0,0
36010,0,0
36013,0,0
36016,0,0
36017,0,0
36020,0,0
36022,0,0
36024,0,0
36025,0,0
36026,0,0
36027,0,0
36028,0,0
36029,0,0
36030,0,0
36031,0,0
36032,0,0
36033,0,0
36034,0,0
36035,0,0
36036,0,0
36037,0,0
36038,0,0
36039,0,0
36040,0,0
36041,0,0
36042,0,0
36043,0,0
36046,0,0
36047,0,0
36048,0,0
36049,0,0
36051,0,0
36052,0,0
36053,0,0
36054,0,0
36057,0,0
36064,0,0
36066,0,0
36067,0,0
36069,0,0
36071,0,0
36075,0,0
36078,0,0
36079,0,0
36080,0,0
36081,0,0
36082,0,0
36083,0,0
36088,0,0
36089,0,0
36091,0,0
36092,0,0
36093,0,0
36101,0,0
36104,0,0
36105,0,0
36106,0,0
36107,0,0
36108,0,0
36109,0,0
36110,0,0
36111,0,0
36112,0,0
36113,0,0
36114,0,0
36115,0,0
36116,0,0
36117,0,0
36130,0,0
36201,0,0
36203,0,0
36205,0,0
36206,0,0
36207,0,0
36250,0,0
36251,0,0
36255,0,0
36256,0,0
36258,0,0
36260,0,0
36262,0,0
36263,0,0
36264,0,0
36265,0,0
36266,0,0
36267,0,0
36268,0,0
36269,0,0
36271,0,0
36272,0,0
36273,0,0
36274,0,0
36276,0,0
36277,0,0
36278,0,0
36279,0,0
36280,0,0
36301,0,0
36303,0,0
36305,0,0
36310,0,0
36311,0,0
36312,0,0
36313,0,0
36314,0,0
36316,0,0
36317,0,0
36318,0,0
36319,0,0
36320,0,0
36321,0,0
36322,0,0
36323,0,0
36330,0,0
36340,0,0
36343,0,0
36344,0,0
36345,0,0
36346,0,0
36350,0,0
36351,0,0
36352,0,0
36353,0,0
36360,0,0
36362,0,0
36370,0,0
36371,0,0
36373,0,0
36374,0,0
36375,0,0
36376,0,0
36401,0,0
36420,0,0
36421,0,0
36425,0,0
36426,0,0
36432,0,0
36435,0,0
36436,0,0
36439,0,0
36441,0,0
36442,0,0
36444,0,0
36445,0,0
36446,0,0
36451,0,0
36453,0,0
36454,0,0
36455,0,0
36456,0,0
36460,0,0
36467,0,0
36470,0,0
36471,0,0
36473,0,0
36474,0,0
36475,0,0
36476,0,0
36477,0,0
36480,0.000146,0.00289
36481,0,0
36482,0,0
36483,0,0
36502,0,0
36503,0,0
36505,0.0269,0.125
36507,0.0263,0.0321
36509,0.323,0.868
36511,0.37,0.855
36512,0.00193,0.106
36513,0.016,0.273
36518,0,0
36521,0,0
36522,0,0
36523,0.462,0.899
36524,0,0
36525,0.307,0.392
36526,0.0053,0.0107
36527,0.132,0.16
36528,0.426,0.721
36529,0,0
36530,0.013,0.082
36532,0.0409,0.142
36535,0.0389,0.115
36538,0,0
36539,0,0
36540,0,0.000131
36541,0.0957,0.185
36542,0.224,0.651
36543,0,0
36544,0.0000704,0.0268
36545,0.00976,0.107
36547,0.0211,0.58
36548,0,0
36549,0.132,0.319
36550,0,0.0523
36551,0,0
36553,0.0083,0.0223
36555,0.0766,0.326
36556,0.0838,0.404
36558,0,0
36559,0.089,0.237
36560,0.00208,0.0619
36561,0.135,0.72
36562,0,0
36564,0,0.317
36567,0.00235,0.016
36568,0,0
36569,0,0
36571,0.0654,0.125
36572,0.0681,0.142
36574,0.0961,0.216
36575,0,0
36576,0.00161,0.0211
36578,0,0
36579,0.0578,0.108
36580,0.00505,0.0187
36581,0,0
36582,0.043,0.156
36583,0,0
36584,0,0
36585,0.00405,0.048
36587,0,0
36602,0.298,0.892
36603,0.14,0.625
36604,0,0.0241
36605,0.144,0.565
36606,0.00333,0.0471
36607,0,0.0379
36608,0,0.000657
36609,0,0
36610,0.109,0.19
36611,0.402,0.525
36612,0,0.0446
36613,0.00901,0.0273
36615,0.0273,0.128
36617,0.0359,0.0805
36618,0,0
36619,0.057,0.161
36652,0,0.167
36663,0,0
36688,0,0
36693,0.0678,0.178
36695,0,0
36701,0,0
36703,0,0
36720,0,0
36722,0,0
36723,0,0
36726,0,0
36727,0,0
36728,0,0
36732,0,0
36736,0,0
36738,0,0
36740,0,0
36741,0,0
36742,0,0
36744,0,0
36748,0,0
36749,0,0
36750,0,0
36751,0,0
36752,0,0
36753,0,0
36754,0,0
36756,0,0
36758,0,0
36759,0,0
36761,0,0
36763,0,0
36764,0,0
36765,0,0
36766,0,0
36767,0,0
36768,0,0
36769,0,0
36773,0,0
36775,0,0
36776,0,0
36782,0,0
36783,0,0
36784,0,0
36785,0,0
36786,0,0
36790,0,0
36792,0,0
36793,0,0
36801,0,0
36804,0,0
36830,0,0
36832,0,0
36849,0,0
36850,0,0
36851,0,0
36852,0,0
36853,0,0
36854,0,0
36855,0,0
36856,0,0
36858,0,0
36860,0,0
36861,0,0
36862,0,0
36863,0,0
36865,0,0
36866,0,0
36867,0,0
36869,0,0
36870,0,0
36871,0,0
36874,0,0
36875,0,0
36877,0,0
36879,0,0
36901,0,0
36904,0,0
36907,0,0
36908,0,0
36910,0,0
36912,0,0
36913,0,0
36915,0,0
36916,0,0
36919,0,0
36921,0,0
36922,0,0
36925,0,0
37010,0,0
37012,0,0
37013,0,0
37014,0,0
37015,0,0
37016,0,0
37018,0,0
37019,0,0
37020,0,0
37022,0,0
37023,0,0
37025,0,0
37026,0,0
37027,0,0
37028,0,0
37029,0,0
37030,0,0
37031,0,0
37032,0,0
37033,0,0
37034,0,0
37035,0,0
37036,0,0
37037,0,0
37040,0,0
37042,0,0
37043,0,0
37046,0,0
37047,0,0
37048,0,0
37049,0,0
37050,0,0
37051,0,0
37052,0,0
37055,0,0
37057,0,0
37058,0,0
37059,0,0
37060,0,0
37061,0,0
37062,0,0
37064,0,0
37066,0,0
37067,0,0
37069,0,0
37072,0,0
37073,0,0
37074,0,0
37075,0,0
37076,0,0
37078,0,0
37079,0,0
37080,0,0
37082,0,0
37083,0,0
37085,0,0
37086,0,0
37087,0,0
37090,0,0
37091,0,0
37095,0,0
37096,0,0
37097,0,0
37098,0,0
37101,0,0
37110,0,0
37115,0,0
37118,0,0
37122,0,0
37127,0,0
37128,0,0
37129,0,0
37130,0,0
37132,0,0
37134,0,0
37135,0,0
37137,0,0
37138,0,0
37140,0,0
37141,0,0
37142,0,0
37143,0,0
37144,0,0
37145,0,0
37146,0,0
37148,0,0
37149,0,0
37150,0,0
37151,0,0
37153,0,0
37160,0,0
37165,0,0
37166,0,0
37167,0,0
37171,0,0
37172,0,0
37174,0,0
37175,0,0
37178,0,0
37179,0,0
37180,0,0
37181,0,0
37183,0,0
37184,0,0
37185,0,0
37186,0,0
37187,0,0
37188,0,0
37189,0,0
37190,0,0
37191,0,0
37201,0,0
37203,0,0
37204,0,0
37205,0,0
37206,0,0
37207,0,0
37208,0,0
37209,0,0
37210,0,0
37211,0,0
37212,0,0
37213,0,0
37214,0,0
37215,0,0
37216,0,0
37217,0,0
37218,0,0
37219,0,0
37220,0,0
37221,0,0
37228,0,0
37232,0,0
37238,0,0
37301,0,0
37302,0,0
37303,0,0
37305,0,0
37306,0,0
37307,0,0
37308,0,0
37309,0,0
37310,0,0
37311,0,0
37312,0,0
37313,0,0
37315,0,0
37316,0,0
37317,0,0
37318,0,0
37321,0,0
37322,0,0
37323,0,0
37324,0,0
37325,0,0
37326,0,0
37327,0,0
37328,0,0
37329,0,0
37330,0,0
37331,0,0
37332,0,0
37333,0,0
37334,0,0
37335,0,0
37336,0,0
37337,0,0
37338,0,0
37339,0,0
37340,0,0
37341,0,0
37342,0,0
37343,0,0
37345,0,0
37347,0,0
37348,0,0
37350,0,0
37351,0,0
37352,0,0
37353,0,0
37354,0,0
37355,0,0
37356,0,0
37357,0,0
37359,0,0
37360,0,0
37361,0,0
37362,0,0
37363,0,0
37365,0,0
37366,0,0
37367,0,0
37369,0,0
37370,0,0
37373,0,0
37374,0,0
37375,0,0
37376,0,0
37377,0,0
37379,0,0
37380,0,0
37381,0,0
37383,0,0
37385,0,0
37387,0,0
37388,0,0
37391,0,0
37394,0,0
37396,0,0
37397,0,0
37398,0,0
37402,0,0
37403,0,0
37404,0,0
37405,0,0
37406,0,0
37407,0,0
37408,0,0
37409,0,0
37410,0,0
37411,0,0
37412,0,0
37415,0,0
37416,0,0
37419,0,0
37421,0,0
37450,0,0
37601,0,0
37604,0,0
37614,0,0
37615,0,0
37616,0,0
37617,0,0
37618,0,0
37620,0,0
37640,0,0
37641,0,0
37642,0,0
37643,0,0
37645,0,0
37650,0,0
37656,0,0
37657,0,0
37658,0,0
37659,0,0
37660,0,0
37663,0,0
37664,0,0
37665,0,0
37680,0,0
37681,0,0
37682,0,0
37683,0,0
37686,0,0
37687,0,0
37688,0,0
37690,0,0
37691,0,0
37692,0,0
37694,0,0
37701,0,0
37705,0,0
37708,0,0
37709,0,0
37710,0,0
37711,0,0
37713,0,0
37714,0,0
37715,0,0
37716,0,0
37719,0,0
37721,0,0
37722,0,0
37723,0,0
37724,0,0
37725,0,0
37726,0,0
37727,0,0
37729,0,0
37730,0,0
37731,0,0
37732,0,0
37733,0,0
37737,0,0
37738,0,0
37742,0,0
37743,0,0
37745,0,0
37748,0,0
37752,0,0
37753,0,0
37754,0,0
37755,0,0
37756,0,0
37757,0,0
37760,0,0
37762,0,0
37763,0,0
37764,0,0
37765,0,0
37766,0,0
37769,0,0
37770,0,0
37771,0,0
37772,0,0
37774,0,0
37777,0,0
37779,0,0
37801,0,0
37803,0,0
37804,0,0
37806,0,0
37807,0,0
37809,0,0
37810,0,0
37811,0,0
37813,0,0
37814,0,0
37818,0,0
37819,0,0
37820,0,0
37821,0,0
37825,0,0
37826,0,0
37828,0,0
37829,0,0
37830,0,0
37840,0,0
37841,0,0
37843,0,0
37845,0,0
37846,0,0
37847,0,0
37848,0,0
37849,0,0
37851,0,0
37852,0,0
37853,0,0
37854,0,0
37857,0,0
37860,0,0
37861,0,0
37862,0,0
37863,0,0
37865,0,0
37866,0,0
37869,0,0
37870,0,0
37871,0,0
37872,0,0
37873,0,0
37874,0,0
37876,0,0
37877,0,0
37878,0,0
37879,0,0
37880,0,0
37881,0,0
37882,0,0
37885,0,0
37886,0,0
37887,0,0
37888,0,0
37890,0,0
37891,0,0
37892,0,0
37902,0,0
37909,0,0
37912,0,0
37914,0,0
37915,0,0
37916,0,0
37917,0,0
37918,0,0
37919,0,0
37920,0,0
37921,0,0
37922,0,0
37923,0,0
37924,0,0
37929,0,0
37931,0,0
37932,0,0
37934,0,0
37938,0,0
38001,0,0
38002,0,0
38004,0,0
38006,0,0
38007,0,0
38008,0,0
38011,0,0
38012,0,0
38015,0,0
38016,0,0
38017,0,0
38018,0,0
38019,0,0
38021,0,0
38023,0,0
38024,0,0
38028,0,0
38029,0,0
38030,0,0
38034,0,0
38036,0,0
38037,0,0
38039,0,0
38040,0,0
38041,0,0
38042,0,0
38044,0,0
38046,0,0
38047,0,0
38049,0,0
38050,0,0
38052,0,0
38053,0,0
38054,0,0
38057,0,0
38058,0,0
38059,0,0
38060,0,0
38061,0,0
38063,0,0
38066,0,0
38067,0,0
38068,0,0
38069,0,0
38070,0,0
38075,0,0
38076,0,0
38077,0,0
38079,0,0
38080,0,0
38103,0,0
38104,0,0
38105,0,0
38106,0,0
38107,0,0
38108,0,0
38109,0,0
38111,0,0
38112,0,0
38113,0,0
38114,0,0
38115,0,0
38116,0,0
38117,0,0
38118,0,0
38119,0,0
38120,0,0
38122,0,0
38125,0,0
38126,0,0
38127,0,0
38128,0,0
38131,0,0
38132,0,0
38133,0,0
38134,0,0
38135,0,0
38138,0,0
38139,0,0
38141,0,0
38152,0,0
38201,0,0
38220,0,0
38221,0,0
38222,0,0
38224,0,0
38225,0,0
38226,0,0
38229,0,0
38230,0,0
38231,0,0
38232,0,0
38233,0,0
38235,0,0
38236,0,0
38237,0,0
38240,0,0
38241,0,0
38242,0,0
38251,0,0
38253,0,0
38254,0,0
38255,0,0
38256,0,0
38257,0,0
38258,0,0
38259,0,0
38260,0,0
38261,0,0
38301,0,0
38305,0,0
38310,0,0
38311,0,0
38313,0,0
38315,0,0
38316,0,0
38317,0,0
38318,0,0
38320,0,0
38321,0,0
38326,0,0
38327,0,0
38328,0,0
38329,0,0
38330,0,0
38332,0,0
38333,0,0
38334,0,0
38337,0,0
38338,0,0
38339,0,0
38340,0,0
38341,0,0
38342,0,0
38343,0,0
38344,0,0
38345,0,0
38347,0,0
38348,0,0
38351,0,0
38352,0,0
38355,0,0
38356,0,0
38357,0,0
38358,0,0
38359,0,0
38361,0,0
38362,0,0
38363,0,0
38365,0,0
38366,0,0
38367,0,0
38368,0,0
38369,0,0
38370,0,0
38371,0,0
38372,0,0
38374,0,0
38375,0,0
38376,0,0
38379,0,0
38380,0,0
38381,0,0
38382,0,0
38387,0,0
38388,0,0
38389,0,0
38390,0,0
38391,0,0
38392,0,0
38401,0,0
38425,0,0
38449,0,0
38450,0,0
38451,0,0
38452,0,0
38453,0,0
38454,0,0
38455,0,0
38456,0,0
38457,0,0
38459,0,0
38460,0,0
38461,0,0
38462,0,0
38463,0,0
38464,0,0
38468,0,0
38469,0,0
38471,0,0
38472,0,0
38473,0,0
38474,0,0
38475,0,0
38476,0,0
38477,0,0
38478,0,0
38481,0,0
38482,0,0
38483,0,0
38485,0,0
38486,0,0
38487,0,0
38488,0,0
38501,0,0
38504,0,0
38505,0,0
38506,0,0
38541,0,0
38542,0,0
38543,0,0
38544,0,0
38545,0,0
38547,0,0
38548,0,0
38549,0,0
38550,0,0
38551,0,0
38552,0,0
38553,0,0
38554,0,0
38555,0,0
38556,0,0
38558,0,0
38559,0,0
38560,0,0
38562,0,0
38563,0,0
38564,0,0
38565,0,0
38567,0,0
38568,0,0
38569,0,0
38570,0,0
38571,0,0
38572,0,0
38573,0,0
38574,0,0
38575,0,0
38577,0,0
38578,0,0
38579,0,0
38580,0,0
38581,0,0
38582,0,0
38583,0,0
38585,0,0
38587,0,0
38588,0,0
38589,0,0
38601,0,0
38603,0,0
38606,0,0
38610,0,0
38611,0,0
38614,0,0
38617,0,0
38618,0,0
38619,0,0
38620,0,0
38621,0,0
38622,0,0
38623,0,0
38625,0,0
38626,0,0
38627,0,0
38629,0,0
38631,0,0
38632,0,0
38633,0,0
38635,0,0
38637,0,0
38639,0,0
38641,0,0
38642,0,0
38643,0,0
38644,0,0
38645,0,0
38646,0,0
38647,0,0
38650,0,0
38651,0,0
38652,0,0
38654,0,0
38655,0,0
38658,0,0
38659,0,0
38661,0,0
38663,0,0
38664,0,0
38665,0,0
38666,0,0
38668,0,0
38670,0,0
38671,0,0
38672,0,0
38673,0,0
38674,0,0
38676,0,0
38677,0,0
38680,0,0
38683,0,0
38685,0,0
38701,0,0
38703,0,0
38720,0,0
38721,0,0
38722,0,0
38723,0,0
38725,0,0
38726,0,0
38730,0,0
38731,0,0
38732,0,0
38733,0,0
38736,0,0
38737,0,0
38738,0,0
38740,0,0
38744,0,0
38745,0,0
38746,0,0
38748,0,0
38751,0,0
38753,0,0
38754,0,0
38756,0,0
38759,0,0
38760,0,0
38761,0,0
38762,0,0
38764,0,0
38765,0,0
38767,0,0
38768,0,0
38769,0,0
38771,0,0
38772,0,0
38773,0,0
38774,0,0
38776,0,0
38778,0,0
38781,0,0
38801,0,0
38804,0,0
38821,0,0
38824,0,0
38826,0,0
38827,0,0
38828,0,0
38829,0,0
38833,0,0
38834,0,0
38838,0,0
38839,0,0
38841,0,0
38843,0,0
38844,0,0
38846,0,0
38847,0,0
38848,0,0
38849,0,0
38850,0,0
38851,0,0
38852,0,0
38855,0,0
38856,0,0
38857,0,0
38858,0,0
38859,0,0
38860,0,0
38862,0,0
38863,0,0
38864,0,0
38865,0,0
38866,0,0
38868,0,0
38869,0,0
38870,0,0
38871,0,0
38873,0,0
38876,0,0
38878,0,0
38879,0,0
38901,0,0
38913,0,0
38914,0,0
38915,0,0
38916,0,0
38917,0,0
38920,0,0
38921,0,0
38922,0,0
38923,0,0
38924,0,0
38925,0,0
38927,0,0
38928,0,0
38929,0,0
38930,0,0
38940,0,0
38941,0,0
38943,0,0
38944,0,0
38946,0,0
38947,0,0
38948,0,0
38949,0,0
38950,0,0
38951,0,0
38952,0,0
38953,0,0
38954,0,0
38957,0,0
38961,0,0
38962,0,0
38963,0,0
38964,0,0
38965,0,0
38966,0,0
38967,0,0
39038,0,0
39039,0,0
39040,0,0
39041,0,0
39042,0,0
39044,0,0
39045,0,0
39046,0,0
39047,0,0
39051,0,0
39054,0,0
39056,0,0
39057,0,0
39058,0,0
39059,0,0
39061,0,0
39062,0,0
39063,0,0
39066,0,0
39067,0,0
39069,0,0
39071,0,0
39073,0,0
39074,0,0
39078,0,0
39079,0,0
39082,0,0
39083,0,0
39086,0,0
39088,0,0
39090,0,0
39092,0,0
39094,0,0
39095,0,0
39096,0,0
39097,0,0
39108,0,0
39110,0,0
39111,0,0
39113,0,0
39114,0,0
39115,0,0
39116,0,0
39117,0,0
39119,0,0
39120,0,0
39140,0,0
39144,0,0
39145,0,0
39146,0,0
39148,0,0
39149,0,0
39150,0,0
39152,0,0
39153,0,0
39154,0,0
39156,0,0
39157,0,0
39159,0,0
39160,0,0
39162,0,0
39166,0,0
39167,0,0
39168,0,0
39169,0,0
39170,0,0
39173,0,0
39174,0,0
39175,0,0
39176,0,0
39177,0,0
39179,0,0
39180,0,0
39183,0,0
39189,0,0
39191,0,0
39192,0,0
39193,0,0
39194,0,0
39201,0,0
39202,0,0
39203,0,0
39204,0,0
39206,0,0
39208,0,0
39209,0,0
39210,0,0
39211,0,0
39212,0,0
39213,0,0
39216,0,0
39217,0,0
39218,0,0
39232,0,0
39269,0,0
39272,0,0
39301,0,0
39305,0,0
39307,0,0
39309,0,0
39320,0,0
39322,0,0
39323,0,0
39324,0,0
39325,0,0
39326,0,0
39327,0,0
39328,0,0
39330,0,0
39332,0,0
39335,0,0
39336,0,0
39337,0,0
39338,0,0
39339,0,0
39341,0,0
39342,0,0
39345,0,0
39346,0,0
39347,0,0
39348,0,0
39350,0,0
39352,0,0
39354,0,0
39355,0,0
39356,0,0
39358,0,0
39359,0,0
39360,0,0
39361,0,0
39362,0,0
39363,0,0
39364,0,0
39365,0,0
39366,0,0
39367,0,0
39401,0,0
39402,0,0
39406,0,0
39421,0,0
39422,0,0
39423,0,0
39425,0,0
39426,0,0
39427,0,0
39428,0,0
39429,0,0
39437,0,0
39439,0,0
39440,0,0
39443,0,0
39451,0,0
39452,0,0.0321
39455,0,0
39456,0,0
39459,0,0
39461,0,0
39462,0,0
39464,0,0
39465,0,0
39466,0.000281,0.0298
39470,0,0
39474,0,0
39475,0,0
39476,0,0
39477,0,0
39478,0,0
39479,0,0
39480,0,0
39481,0,0
39482,0,0
39483,0,0
39501,0.0261,0.398
39503,0.0216,0.138
39507,0.0842,0.455
39520,0.518,0.964
39525,0.372,0.584
39529,0.0483,0.234
39530,0.314,0.854
39531,0.056,0.337
39532,0.0848,0.24
39534,0.0392,0.539
39540,0.0906,0.547
39553,0.227,0.662
39556,0.068,0.345
39560,0.0247,0.409
39561,0,0
39562,0.21,0.499
39563,0.429,0.898
39564,0.207,0.619
39565,0.063,0.133
39567,0.196,0.968
39571,0.141,0.301
39572,0.517,0.956
39573,0,0.0438
39574,0,0.00405
39576,0.156,0.936
39577,0,0
39581,0.604,0.965
39595,0.541,0.966
39601,0,0
39629,0,0
39630,0,0
39631,0,0
39633,0,0
39635,0,0
39638,0,0
39641,0,0
39643,0,0
39645,0,0
39647,0,0
39648,0,0
39652,0,0
39653,0,0
39654,0,0
39656,0,0
39657,0,0
39661,0,0
39662,0,0
39663,0,0
39664,0,0
39665,0,0
39666,0,0
39667,0,0
39668,0,0
39669,0,0
39701,0,0
39702,0,0
39705,0,0
39730,0,0
39735,0,0
39736,0,0
39737,0,0
39739,0,0
39740,0,0
39741,0,0
39743,0,0
39744,0,0
39745,0,0
39746,0,0
39747,0,0
39750,0,0
39751,0,0
39752,0,0
39753,0,0
39755,0,0
39756,0,0
39759,0,0
39762,0,0
39766,0,0
39767,0,0
39769,0,0
39771,0,0
39772,0,0
39773,0,0
39776,0,0
39813,0,0
39815,0,0
39817,0,0
39819,0,0
39823,0,0
39824,0,0
39825,0,0
39826,0,0
39827,0,0
39828,0,0
39832,0,0
39834,0,0
39836,0,0
39837,0,0
39840,0,0
39841,0,0
39842,0,0
39845,0,0
39846,0,0
39851,0,0
39854,0,0
39859,0,0
39861,0,0
39862,0,0
39866,0,0
39867,0,0
39870,0,0
39877,0,0
39885,0,0
39886,0,0
39897,0,0
40003,0,0
40004,0,0
40006,0,0
40007,0,0
40008,0,0
40009,0,0
40010,0,0
40011,0,0
40012,0,0
40013,0,0
40014,0,0
40019,0,0
40020,0,0
40022,0,0
40023,0,0
40025,0,0
40026,0,0
40031,0,0
40033,0,0
40036,0,0
40037,0,0
40040,0,0
40041,0,0
40045,0,0
40046,0,0
40047,0,0
40049,0,0
40050,0,0
40051,0,0
40052,0,0
40055,0,0
40056,0,0
40057,0,0
40058,0,0
40059,0,0
40060,0,0
40061,0,0
40062,0,0
40063,0,0
40065,0,0
40067,0,0
40068,0,0
40069,0,0
40070,0,0
40071,0,0
40075,0,0
40076,0,0
40077,0,0
40078,0,0
40104,0,0
40107,0,0
40108,0,0
40109,0,0
40110,0,0
40111,0,0
40115,0,0
40117,0,0
40118,0,0
40119,0,0
40121,0,0
40140,0,0
40142,0,0
40143,0,0
40144,0,0
40145,0,0
40146,0,0
40150,0,0
40152,0,0
40155,0,0
40157,0,0
40160,0,0
40161,0,0
40162,0,0
40165,0,0
40170,0,0
40171,0,0
40175,0,0
40176,0,0
40177,0,0
40178,0,0
40202,0,0
40203,0,0
40204,0,0
40205,0,0
40206,0,0
40207,0,0
40208,0,0
40209,0,0
40210,0,0
40211,0,0
40212,0,0
40213,0,0
40214,0,0
40215,0,0
40216,0,0
40217,0,0
40218,0,0
40219,0,0
40220,0,0
40221,0,0
40222,0,0
40223,0,0
40228,0,0
40229,0,0
40231,0,0
40241,0,0
40242,0,0
40243,0,0
40245,0,0
40258,0,0
40272,0,0
40280,0,0
40291,0,0
40299,0,0
40310,0,0
40311,0,0
40312,0,0
40313,0,0
40316,0,0
40322,0,0
40324,0,0
40328,0,0
40330,0,0
40334,0,0
40336,0,0
40337,0,0
40339,0,0
40342,0,0
40346,0,0
40347,0,0
40348,0,0
40350,0,0
40351,0,0
40353,0,0
40355,0,0
40356,0,0
40357,0,0
40358,0,0
40359,0,0
40360,0,0
40361,0,0
40363,0,0
40370,0,0
40371,0,0
40372,0,0
40374,0,0
40376,0,0
40379,0,0
40380,0,0
40383,0,0
40385,0,0
40387,0,0
40390,0,0
40391,0,0
40402,0,0
40403,0,0
40404,0,0
40409,0,0
40419,0,0
40422,0,0
40434,0,0
40437,0,0
40440,0,0
40442,0,0
40444,0,0
40445,0,0
40447,0,0
40448,0,0
40456,0,0
40460,0,0
40461,0,0
40464,0,0
40468,0,0
40472,0,0
40475,0,0
40481,0,0
40484,0,0
40486,0,0
40489,0,0
40502,0,0
40503,0,0
40504,0,0
40505,0,0
40507,0,0
40508,0,0
40509,0,0
40510,0,0
40511,0,0
40513,0,0
40514,0,0
40515,0,0
40516,0,0
40517,0,0
40526,0,0
40536,0,0
40601,0,0
40701,0,0
40729,0,0
40734,0,0
40737,0,0
40740,0,0
40741,0,0
40744,0,0
40759,0,0
40763,0,0
40769,0,0
40771,0,0
40801,0,0
40803,0,0
40806,0,0
40807,0,0
40808,0,0
40810,0,0
40813,0,0
40815,0,0
40816,0,0
40818,0,0
40819,0,0
40820,0,0
40823,0,0
40824,0,0
40826,0,0
40827,0,0
40828,0,0
40829,0,0
40830,0,0
40831,0,0
40840,0,0
40843,0,0
40844,0,0
40845,0,0
40847,0,0
40849,0,0
40854,0,0
40855,0,0
40856,0,0
40858,0,0
40862,0,0
40863,0,0
40865,0,0
40868,0,0
40870,0,0
40873,0,0
40874,0,0
40902,0,0
40903,0,0
40906,0,0
40913,0,0
40914,0,0
40915,0,0
40921,0,0
40923,0,0
40927,0,0
40935,0,0
40939,0,0
40940,0,0
40941,0,0
40943,0,0
40946,0,0
40949,0,0
40953,0,0
40958,0,0
40962,0,0
40964,0,0
40965,0,0
40972,0,0
40977,0,0
40979,0,0
40981,0,0
40982,0,0
40983,0,0
40988,0,0
40995,0,0
40997,0,0
41001,0,0
41002,0,0
41003,0,0
41004,0,0
41005,0,0
41006,0,0
41007,0,0
41008,0,0
41010,0,0
41011,0,0
41014,0,0
41015,0,0
41016,0,0
41017,0,0
41018,0,0
41030,0,0
41031,0,0
41033,0,0
41034,0,0
41035,0,0
41039,0,0
41040,0,0
41041,0,0
41042,0,0
41043,0,0
41044,0,0
41045,0,0
41046,0,0
41048,0,0
41049,0,0
41051,0,0
41052,0,0
41055,0,0
41056,0,0
41059,0,0
41063,0,0
41064,0,0
41071,0,0
41073,0,0
41074,0,0
41075,0,0
41076,0,0
41080,0,0
41083,0,0
41085,0,0
41086,0,0
41091,0,0
41092,0,0
41093,0,0
41094,0,0
41095,0,0
41097,0,0
41098,0,0
41101,0,0
41102,0,0
41121,0,0
41124,0,0
41129,0,0
41132,0,0
41135,0,0
41139,0,0
41141,0,0
41142,0,0
41143,0,0
41144,0,0
41146,0,0
41149,0,0
41159,0,0
41164,0,0
41166,0,0
41168,0,0
41169,0,0
41171,0,0
41174,0,0
41175,0,0
41179,0,0
41180,0,0
41181,0,0
41183,0,0
41189,0,0
41201,0,0
41203,0,0
41204,0,0
41214,0,0
41216,0,0
41219,0,0
41222,0,0
41224,0,0
41226,0,0
41230,0,0
41231,0,0
41232,0,0
41234,0,0
41238,0,0
41240,0,0
41250,0,0
41254,0,0
41255,0,0
41256,0,0
41257,0,0
41260,0,0
41262,0,0
41263,0,0
41264,0,0
41265,0,0
41267,0,0
41268,0,0
41271,0,0
41274,0,0
41301,0,0
41310,0,0
41311,0,0
41314,0,0
41317,0,0
41332,0,0
41339,0,0
41348,0,0
41351,0,0
41352,0,0
41360,0,0
41364,0,0
41365,0,0
41366,0,0
41367,0,0
41385,0,0
41386,0,0
41390,0,0
41397,0,0
41408,0,0
41421,0,0
41425,0,0
41464,0,0
41465,0,0
41472,0,0
41501,0,0
41503,0,0
41512,0,0
41513,0,0
41514,0,0
41517,0,0
41519,0,0
41522,0,0
41524,0,0
41526,0,0
41527,0,0
41528,0,0
41531,0,0
41534,0,0
41535,0,0
41537,0,0
41538,0,0
41539,0,0
41540,0,0
41543,0,0
41544,0,0
41547,0,0
41548,0,0
41553,0,0
41554,0,0
41555,0,0
41557,0,0
41558,0,0
41559,0,0
41560,0,0
41562,0,0
41563,0,0
41564,0,0
41566,0,0
41567,0,0
41568,0,0
41571,0,0
41572,0,0
41601,0,0
41602,0,0
41603,0,0
41604,0,0
41605,0,0
41606,0,0
41607,0,0
41612,0,0
41615,0,0
41616,0,0
41619,0,0
41621,0,0
41622,0,0
41630,0,0
41631,0,0
41632,0,0
41635,0,0
41636,0,0
41640,0,0
41642,0,0
41643,0,0
41645,0,0
41647,0,0
41649,0,0
41650,0,0
41651,0,0
41653,0,0
41655,0,0
41659,0,0
41660,0,0
41663,0,0
41666,0,0
41667,0,0
41669,0,0
41701,0,0
41712,0,0
41713,0,0
41714,0,0
41719,0,0
41721,0,0
41722,0,0
41723,0,0
41725,0,0
41727,0,0
41729,0,0
41731,0,0
41735,0,0
41739,0,0
41740,0,0
41745,0,0
41746,0,0
41749,0,0
41751,0,0
41754,0,0
41759,0,0
41760,0,0
41762,0,0
41763,0,0
41764,0,0
41766,0,0
41772,0,0
41773,0,0
41774,0,0
41775,0,0
41776,0,0
41777,0,0
41778,0,0
41804,0,0
41810,0,0
41812,0,0
41815,0,0
41817,0,0
41819,0,0
41821,0,0
41822,0,0
41824,0,0
41825,0,0
41826,0,0
41828,0,0
41831,0,0
41832,0,0
41833,0,0
41834,0,0
41835,0,0
41836,0,0
41837,0,0
41838,0,0
41839,0,0
41840,0,0
41843,0,0
41844,0,0
41845,0,0
41847,0,0
41848,0,0
41849,0,0
41855,0,0
41858,0,0
41859,0,0
41861,0,0
41862,0,0
42001,0,0
42003,0,0
42020,0,0
42021,0,0
42022,0,0
42023,0,0
42024,0,0
42025,0,0
42027,0,0
42028,0,0
42029,0,0
42031,0,0
42032,0,0
42035,0,0
42036,0,0
42037,0,0
42038,0,0
42039,0,0
42040,0,0
42041,0,0
42044,0,0
42045,0,0
42047,0,0
42048,0,0
42049,0,0
42050,0,0
42051,0,0
42053,0,0
42054,0,0
42055,0,0
42056,0,0
42058,0,0
42060,0,0
42061,0,0
42064,0,0
42066,0,0
42069,0,0
42071,0,0
42076,0,0
42078,0,0
42079,0,0
42081,0,0
42082,0,0
42083,0,0
42085,0,0
42086,0,0
42087,0,0
42088,0,0
42101,0,0
42103,0,0
42104,0,0
42120,0,0
42122,0,0
42123,0,0
42124,0,0
42127,0,0
42129,0,0
42130,0,0
42131,0,0
42133,0,0
42134,0,0
42140,0,0
42141,0,0
42151,0,0
42153,0,0
42154,0,0
42156,0,0
42157,0,0
42159,0,0
42160,0,0
42163,0,0
42164,0,0
42166,0,0
42167,0,0
42170,0,0
42171,0,0
42202,0,0
42204,0,0
42206,0,0
42207,0,0
42210,0,0
42211,0,0
42214,0,0
42215,0,0
42217,0,0
42220,0,0
42223,0,0
42232,0,0
42234,0,0
42236,0,0
42240,0,0
42252,0,0
42254,0,0
42256,0,0
42259,0,0
42261,0,0
42262,0,0
42265,0,0
42266,0,0
42273,0,0
42274,0,0
42275,0,0
42276,0,0
42280,0,0
42285,0,0
42286,0,0
42301,0,0
42303,0,0
42320,0,0
42321,0,0
42322,0,0
42323,0,0
42324,0,0
42325,0,0
42326,0,0
42327,0,0
42328,0,0
42330,0,0
42332,0,0
42333,0,0
42337,0,0
42338,0,0
42339,0,0
42343,0,0
42344,0,0
42345,0,0
42347,0,0
42348,0,0
42349,0,0
42350,0,0
42351,0,0
42352,0,0
42354,0,0
42355,0,0
42356,0,0
42361,0,0
42366,0,0
42367,0,0
42368,0,0
42369,0,0
42370,0,0
42371,0,0
42372,0,0
42374,0,0
42376,0,0
42378,0,0
42404,0,0
42406,0,0
42408,0,0
42409,0,0
42410,0,0
42411,0,0
42413,0,0
42420,0,0
42431,0,0
42436,0,0
42437,0,0
42440,0,0
42441,0,0
42442,0,0
42444,0,0
42445,0,0
42450,0,0
42451,0,0
42452,0,0
42453,0,0
42455,0,0
42456,0,0
42458,0,0
42459,0,0
42461,0,0
42462,0,0
42463,0,0
42464,0,0
42501,0,0
42503,0,0
42516,0,0
42518,0,0
42519,0,0
42528,0,0
42533,0,0
42539,0,0
42541,0,0
42544,0,0
42553,0,0
42565,0,0
42566,0,0
42567,0,0
42602,0,0
42603,0,0
42629,0,0
42631,0,0
42633,0,0
42634,0,0
42635,0,0
42638,0,0
42642,0,0
42647,0,0
42649,0,0
42653,0,0
42701,0,0
42712,0,0
42713,0,0
42715,0,0
42716,0,0
42717,0,0
42718,0,0
42721,0,0
42722,0,0
42724,0,0
42726,0,0
42728,0,0
42729,0,0
42732,0,0
42733,0,0
42740,0,0
42741,0,0
42742,0,0
42743,0,0
42746,0,0
42748,0,0
42749,0,0
42753,0,0
42754,0,0
42757,0,0
42758,0,0
42759,0,0
42762,0,0
42764,0,0
42765,0,0
42776,0,0
42782,0,0
42784,0,0
42788,0,0
43001,0,0
43002,0,0
43003,0,0
43004,0,0
43005,0,0
43006,0,0
43007,0,0
43008,0,0
43009,0,0
43010,0,0
43011,0,0
43013,0,0
43014,0,0
43015,0,0
43016,0,0
43017,0,0
43018,0,0
43019,0,0
43021,0,0
43022,0,0
43023,0,0
43025,0,0
43026,0,0
43027,0,0
43028,0,0
43029,0,0
43030,0,0
43031,0,0
43032,0,0
43033,0,0
43035,0,0
43036,0,0
43037,0,0
43040,0,0
43044,0,0
43045,0,0
43046,0,0
43047,0,0
43050,0,0
43054,0,0
43055,0,0
43056,0,0
43060,0,0
43061,0,0
43062,0,0
43064,0,0
43065,0,0
43066,0,0
43067,0,0
43068,0,0
43070,0,0
43071,0,0
43072,0,0
43074,0,0
43076,0,0
43077,0,0
43078,0,0
43080,0,0
43081,0,0
43082,0,0
43084,0,0
43085,0,0
43101,0,0
43102,0,0
43103,0,0
43105,0,0
43106,0,0
43107,0,0
43109,0,0
43110,0,0
43111,0,0
43112,0,0
43113,0,0
43115,0,0
43116,0,0
43117,0,0
43119,0,0
43123,0,0
43125,0,0
43126,0,0
43127,0,0
43128,0,0
43130,0,0
43135,0,0
43136,0,0
43137,0,0
43138,0,0
43140,0,0
43142,0,0
43143,0,0
43144,0,0
43145,0,0
43146,0,0
43147,0,0
43148,0,0
43149,0,0
43150,0,0
43151,0,0
43152,0,0
43153,0,0
43154,0,0
43155,0,0
43156,0,0
43157,0,0
43158,0,0
43160,0,0
43162,0,0
43164,0,0
43201,0,0
43202,0,0
43203,0,0
43204,0,0
43205,0,0
43206,0,0
43207,0,0
43209,0,0
43210,0,0
43211,0,0
43212,0,0
43213,0,0
43214,0,0
43215,0,0
43217,0,0
43218,0,0
43219,0,0
43220,0,0
43221,0,0
43222,0,0
43223,0,0
43224,0,0
43227,0,0
43228,0,0
43229,0,0
43230,0,0
43231,0,0
43232,0,0
43235,0,0
43240,0,0
43302,0,0
43310,0,0
43311,0,0
43314,0,0
43315,0,0
43316,0,0
43317,0,0
43318,0,0
43319,0,0
43320,0,0
43321,0,0
43322,0,0
43323,0,0
43324,0,0
43325,0,0
43326,0,0
43330,0,0
43331,0,0
43332,0,0
43333,0,0
43334,0,0
43336,0,0
43337,0,0
43338,0,0
43340,0,0
43341,0,0
43342,0,0
43343,0,0
43344,0,0
43345,0,0
43346,0,0
43347,0,0
43348,0,0
43350,0,0
43351,0,0
43356,0,0
43357,0,0
43358,0,0
43359,0,0
43360,0,0
43402,0,0
43403,0,0
43406,0,0
43407,0,0
43408,0,0
43410,0,0
43412,0,0
43413,0,0
43414,0,0
43416,0,0
43420,0,0
43430,0,0
43431,0,0
43432,0,0
43433,0,0
43434,0,0
43435,0,0
43436,0,0
43437,0,0
43438,0,0
43439,0,0
43440,0,0
43442,0,0
43443,0,0
43445,0,0
43446,0,0
43447,0,0
43449,0,0
43450,0,0
43451,0,0
43452,0,0
43456,0,0
43457,0,0
43458,0,0
43460,0,0
43462,0,0
43463,0,0
43464,0,0
43465,0,0
43466,0,0
43467,0,0
43468,0,0
43469,0,0
43501,0,0
43502,0,0
43504,0,0
43505,0,0
43506,0,0
43510,0,0
43511,0,0
43512,0,0
43515,0,0
43516,0,0
43517,0,0
43518,0,0
43519,0,0
43520,0,0
43521,0,0
43522,0,0
43523,0,0
43524,0,0
43525,0,0
43526,0,0
43527,0,0
43528,0,0
43529,0,0
43530,0,0
43531,0,0
43532,0,0
43533,0,0
43534,0,0
43535,0,0
43536,0,0
43537,0,0
43540,0,0
43541,0,0
43542,0,0
43543,0,0
43545,0,0
43547,0,0
43548,0,0
43549,0,0
43551,0,0
43553,0,0
43554,0,0
43555,0,0
43556,0,0
43557,0,0
43558,0,0
43560,0,0
43565,0,0
43566,0,0
43567,0,0
43569,0,0
43570,0,0
43571,0,0
43604,0,0
43605,0,0
43606,0,0
43607,0,0
43608,0,0
43609,0,0
43610,0,0
43611,0,0
43612,0,0
43613,0,0
43614,0,0
43615,0,0
43616,0,0
43617,0,0
43619,0,0
43620,0,0
43623,0,0
43701,0,0
43711,0,0
43713,0,0
43716,0,0
43717,0,0
43718,0,0
43719,0,0
43720,0,0
43721,0,0
43722,0,0
43723,0,0
43724,0,0
43725,0,0
43727,0,0
43728,0,0
43730,0,0
43731,0,0
43732,0,0
43733,0,0
43734,0,0
43735,0,0
43736,0,0
43738,0,0
43739,0,0
43740,0,0
43746,0,0
43747,0,0
43748,0,0
43749,0,0
43750,0,0
43754,0,0
43755,0,0
43756,0,0
43758,0,0
43759,0,0
43760,0,0
43761,0,0
43762,0,0
43764,0,0
43766,0,0
43767,0,0
43768,0,0
43771,0,0
43772,0,0
43773,0,0
43777,0,0
43778,0,0
43779,0,0
43780,0,0
43782,0,0
43783,0,0
43786,0,0
43787,0,0
43788,0,0
43791,0,0
43793,0,0
43802,0,0
43804,0,0
43805,0,0
43811,0,0
43812,0,0
43821,0,0
43822,0,0
43824,0,0
43830,0,0
43832,0,0
43836,0,0
43837,0,0
43840,0,0
43842,0,0
43843,0,0
43844,0,0
43845,0,0
43901,0,0
43902,0,0
43903,0,0
43905,0,0
43906,0,0
43907,0,0
43908,0,0
43909,0,0
43910,0,0
43912,0,0
43913,0,0
43914,0,0
43915,0,0
43917,0,0
43920,0,0
43925,0,0
43926,0,0
43928,0,0
43930,0,0
43931,0,0
43932,0,0
43933,0,0
43934,0,0
43935,0,0
43938,0,0
43939,0,0
43940,0,0
43942,0,0
43943,0,0
43944,0,0
43945,0,0
43946,0,0
43947,0,0
43948,0,0
43950,0,0
43951,0,0
43952,0,0
43953,0,0
43961,0,0
43962,0,0
43963,0,0
43964,0,0
43967,0,0
43968,0,0
43971,0,0
43972,0,0
43973,0,0
43974,0,0
43976,0,0
43977,0,0
43981,0,0
43983,0,0
43985,0,0
43986,0,0
43988,0,0
44001,0,0
44003,0,0
44004,0,0
44010,0,0
44011,0,0
44012,0,0
44017,0,0
44021,0,0
44022,0,0
44023,0,0
44024,0,0
44026,0,0
44028,0,0
44030,0,0
44032,0,0
44035,0,0
44039,0,0
44040,0,0
44041,0,0
44044,0,0
44045,0,0
44046,0,0
44047,0,0
44048,0,0
44049,0,0
44050,0,0
44052,0,0
44053,0,0
44054,0,0
44055,0,0
44056,0,0
44057,0,0
44060,0,0
44062,0,0
44064,0,0
44065,0,0
44067,0,0
44068,0,0
44070,0,0
44072,0,0
44074,0,0
44076,0,0
44077,0,0
44080,0,0
44081,0,0
44082,0,0
44084,0,0
44085,0,0
44086,0,0
44087,0,0
44089,0,0
44090,0,0
44092,0,0
44093,0,0
44094,0,0
44095,0,0
44099,0,0
44101,0,0
44102,0,0
44103,0,0
44104,0,0
44105,0,0
44106,0,0
44107,0,0
44108,0,0
44109,0,0
44110,0,0
44111,0,0
44112,0,0
44113,0,0
44114,0,0
44115,0,0
44116,0,0
44117,0,0
44118,0,0
44119,0,0
44120,0,0
44121,0,0
44122,0,0
44123,0,0
44124,0,0
44125,0,0
44126,0,0
44127,0,0
44128,0,0
44129,0,0
44130,0,0
44131,0,0
44132,0,0
44133,0,0
44134,0,0
44135,0,0
44136,0,0
44137,0,0
44138,0,0
44139,0,0
44140,0,0
44141,0,0
44142,0,0
44143,0,0
44144,0,0
44145,0,0
44146,0,0
44147,0,0
44149,0,0
44201,0,0
44202,0,0
44203,0,0
44212,0,0
44214,0,0
44215,0,0
44216,0,0
44217,0,0
44221,0,0
44223,0,0
44224,0,0
44230,0,0
44231,0,0
44232,0,0
44233,0,0
44234,0,0
44235,0,0
44236,0,0
44240,0,0
44241,0,0
44243,0,0
44250,0,0
44251,0,0
44253,0,0
44254,0,0
44255,0,0
44256,0,0
44260,0,0
44262,0,0
44264,0,0
44266,0,0
44270,0,0
44272,0,0
44273,0,0
44274,0,0
44275,0,0
44276,0,0
44278,0,0
44280,0,0
44281,0,0
44285,0,0
44286,0,0
44287,0,0
44288,0,0
44301,0,0
44302,0,0
44303,0,0
44304,0,0
44305,0,0
44306,0,0
44307,0,0
44308,0,0
44310,0,0
44311,0,0
44312,0,0
44313,0,0
44314,0,0
44319,0,0
44320,0,0
44321,0,0
44325,0,0
44333,0,0
44401,0,0
44402,0,0
44403,0,0
44404,0,0
44405,0,0
44406,0,0
44408,0,0
44410,0,0
44411,0,0
44412,0,0
44413,0,0
44415,0,0
44417,0,0
44418,0,0
44420,0,0
44423,0,0
44424,0,0
44425,0,0
44427,0,0
44428,0,0
44429,0,0
44430,0,0
44431,0,0
44432,0,0
44436,0,0
44437,0,0
44438,0,0
44439,0,0
44440,0,0
44441,0,0
44442,0,0
44443,0,0
44444,0,0
44445,0,0
44446,0,0
44449,0,0
44450,0,0
44451,0,0
44452,0,0
44454,0,0
44455,0,0
44460,0,0
44470,0,0
44471,0,0
44473,0,0
44481,0,0
44483,0,0
44484,0,0
44485,0,0
44490,0,0
44491,0,0
44493,0,0
44502,0,0
44503,0,0
44504,0,0
44505,0,0
44506,0,0
44507,0,0
44509,0,0
44510,0,0
44511,0,0
44512,0,0
44514,0,0
44515,0,0
44555,0,0
44601,0,0
44606,0,0
44607,0,0
44608,0,0
44609,0,0
44610,0,0
44611,0,0
44612,0,0
44613,0,0
44614,0,0
44615,0,0
44618,0,0
44619,0,0
44620,0,0
44621,0,0
44622,0,0
44624,0,0
44625,0,0
44626,0,0
44627,0,0
44628,0,0
44629,0,0
44630,0,0
44632,0,0
44633,0,0
44634,0,0
44637,0,0
44638,0,0
44639,0,0
44640,0,0
44641,0,0
44643,0,0
44644,0,0
44645,0,0
44646,0,0
44647,0,0
44651,0,0
44652,0,0
44653,0,0
44654,0,0
44656,0,0
44657,0,0
44659,0,0
44660,0,0
44661,0,0
44662,0,0
44663,0,0
44665,0,0
44666,0,0
44667,0,0
44669,0,0
44670,0,0
44671,0,0
44672,0,0
44675,0,0
44676,0,0
44677,0,0
44678,0,0
44680,0,0
44681,0,0
44682,0,0
44683,0,0
44685,0,0
44687,0,0
44688,0,0
44689,0,0
44690,0,0
44691,0,0
44693,0,0
44695,0,0
44697,0,0
44699,0,0
44702,0,0
44703,0,0
44704,0,0
44705,0,0
44706,0,0
44707,0,0
44708,0,0
44709,0,0
44710,0,0
44714,0,0
44718,0,0
44720,0,0
44721,0,0
44730,0,0
44802,0,0
44804,0,0
44805,0,0
44807,0,0
44809,0,0
44811,0,0
44813,0,0
44814,0,0
44815,0,0
44817,0,0
44818,0,0
44820,0,0
44822,0,0
44824,0,0
44825,0,0
44826,0,0
44827,0,0
44828,0,0
44830,0,0
44833,0,0
44836,0,0
44837,0,0
44838,0,0
44839,0,0
44840,0,0
44841,0,0
44842,0,0
44843,0,0
44844,0,0
44846,0,0
44847,0,0
44849,0,0
44850,0,0
44851,0,0
44853,0,0
44854,0,0
44855,0,0
44856,0,0
44857,0,0
44859,0,0
44861,0,0
44864,0,0
44865,0,0
44866,0,0
44867,0,0
44870,0,0
44874,0,0
44875,0,0
44878,0,0
44880,0,0
44881,0,0
44882,0,0
44883,0,0
44887,0,0
44889,0,0
44890,0,0
44901,0,0
44902,0,0
44903,0,0
44904,0,0
44905,0,0
44906,0,0
44907,0,0
45001,0,0
45002,0,0
45003,0,0
45005,0,0
45011,0,0
45013,0,0
45014,0,0
45015,0,0
45030,0,0
45032,0,0
45033,0,0
45034,0,0
45036,0,0
45039,0,0
45040,0,0
45041,0,0
45042,0,0
45044,0,0
45050,0,0
45051,0,0
45052,0,0
45053,0,0
45054,0,0
45055,0,0
45056,0,0
45062,0,0
45064,0,0
45065,0,0
45066,0,0
45067,0,0
45068,0,0
45069,0,0
45070,0,0
45101,0,0
45102,0,0
45103,0,0
45105,0,0
45106,0,0
45107,0,0
45111,0,0
45112,0,0
45113,0,0
45115,0,0
45118,0,0
45119,0,0
45120,0,0
45121,0,0
45122,0,0
45123,0,0
45130,0,0
45131,0,0
45132,0,0
45133,0,0
45135,0,0
45140,0,0
45142,0,0
45144,0,0
45146,0,0
45147,0,0
45148,0,0
45150,0,0
45152,0,0
45153,0,0
45154,0,0
45155,0,0
45156,0,0
45157,0,0
45158,0,0
45159,0,0
45160,0,0
45162,0,0
45164,0,0
45166,0,0
45167,0,0
45168,0,0
45169,0,0
45171,0,0
45172,0,0
45174,0,0
45176,0,0
45177,0,0
45202,0,0
45203,0,0
45204,0,0
45205,0,0
45206,0,0
45207,0,0
45208,0,0
45209,0,0
45211,0,0
45212,0,0
45213,0,0
45214,0,0
45215,0,0
45216,0,0
45217,0,0
45218,0,0
45219,0,0
45220,0,0
45223,0,0
45224,0,0
45225,0,0
45226,0,0
45227,0,0
45229,0,0
45230,0,0
45231,0,0
45232,0,0
45233,0,0
45236,0,0
45237,0,0
45238,0,0
45239,0,0
45240,0,0
45241,0,0
45242,0,0
45243,0,0
45244,0,0
45245,0,0
45246,0,0
45247,0,0
45248,0,0
45249,0,0
45251,0,0
45252,0,0
45255,0,0
45267,0,0
45301,0,0
45302,0,0
45303,0,0
45304,0,0
45305,0,0
45306,0,0
45307,0,0
45308,0,0
45309,0,0
45310,0,0
45311,0,0
45312,0,0
45314,0,0
45315,0,0
45316,0,0
45317,0,0
45318,0,0
45319,0,0
45320,0,0
45321,0,0
45322,0,0
45323,0,0
45324,0,0
45325,0,0
45326,0,0
45327,0,0
45328,0,0
45330,0,0
45331,0,0
45332,0,0
45333,0,0
45334,0,0
45335,0,0
45336,0,0
45337,0,0
45338,0,0
45339,0,0
45340,0,0
45341,0,0
45342,0,0
45344,0,0
45345,0,0
45346,0,0
45347,0,0
45348,0,0
45349,0,0
45350,0,0
45351,0,0
45352,0,0
45353,0,0
45354,0,0
45356,0,0
45358,0,0
45359,0,0
45360,0,0
45361,0,0
45362,0,0
45363,0,0
45365,0,0
45368,0,0
45369,0,0
45370,0,0
45371,0,0
45372,0,0
45373,0,0
45377,0,0
45378,0,0
45380,0,0
45381,0,0
45382,0,0
45383,0,0
45384,0,0
45385,0,0
45387,0,0
45388,0,0
45389,0,0
45390,0,0
45402,0,0
45403,0,0
45404,0,0
45405,0,0
45406,0,0
45409,0,0
45410,0,0
45414,0,0
45415,0,0
45416,0,0
45417,0,0
45419,0,0
45420,0,0
45423,0,0
45424,0,0
45426,0,0
45428,0,0
45429,0,0
45430,0,0
45431,0,0
45432,0,0
45433,0,0
45434,0,0
45435,0,0
45439,0,0
45440,0,0
45449,0,0
45458,0,0
45459,0,0
45469,0,0
45501,0,0
45502,0,0
45503,0,0
45504,0,0
45505,0,0
45506,0,0
45601,0,0
45612,0,0
45613,0,0
45614,0,0
45616,0,0
45617,0,0
45618,0,0
45619,0,0
45620,0,0
45621,0,0
45622,0,0
45623,0,0
45624,0,0
45628,0,0
45629,0,0
45630,0,0
45631,0,0
45634,0,0
45636,0,0
45638,0,0
45640,0,0
45642,0,0
45644,0,0
45645,0,0
45646,0,0
45647,0,0
45648,0,0
45650,0,0
45651,0,0
45652,0,0
45653,0,0
45654,0,0
45656,0,0
45657,0,0
45658,0,0
45659,0,0
45660,0,0
45661,0,0
45662,0,0
45663,0,0
45669,0,0
45671,0,0
45672,0,0
45673,0,0
45674,0,0
45677,0,0
45678,0,0
45679,0,0
45680,0,0
45681,0,0
45682,0,0
45684,0,0
45685,0,0
45686,0,0
45688,0,0
45690,0,0
45692,0,0
45693,0,0
45694,0,0
45695,0,0
45696,0,0
45697,0,0
45698,0,0
45699,0,0
45701,0,0
45710,0,0
45711,0,0
45714,0,0
45715,0,0
45716,0,0
45719,0,0
45720,0,0
45721,0,0
45723,0,0
45724,0,0
45727,0,0
45729,0,0
45732,0,0
45734,0,0
45735,0,0
45739,0,0
45740,0,0
45741,0,0
45742,0,0
45743,0,0
45744,0,0
45745,0,0
45746,0,0
45750,0,0
45760,0,0
45761,0,0
45764,0,0
45766,0,0
45767,0,0
45768,0,0
45769,0,0
45770,0,0
45771,0,0
45772,0,0
45773,0,0
45775,0,0
45776,0,0
45778,0,0
45779,0,0
45780,0,0
45782,0,0
45783,0,0
45784,0,0
45786,0,0
45788,0,0
45789,0,0
45801,0,0
45804,0,0
45805,0,0
45806,0,0
45807,0,0
45808,0,0
45809,0,0
45810,0,0
45812,0,0
45813,0,0
45814,0,0
45815,0,0
45816,0,0
45817,0,0
45819,0,0
45820,0,0
45821,0,0
45822,0,0
45826,0,0
45827,0,0
45828,0,0
45830,0,0
45831,0,0
45832,0,0
45833,0,0
45835,0,0
45836,0,0
45838,0,0
45840,0,0
45841,0,0
45843,0,0
45844,0,0
45845,0,0
45846,0,0
45848,0,0
45849,0,0
45850,0,0
45851,0,0
45853,0,0
45854,0,0
45855,0,0
45856,0,0
45858,0,0
45859,0,0
45860,0,0
45861,0,0
45862,0,0
45863,0,0
45864,0,0
45865,0,0
45866,0,0
45867,0,0
45868,0,0
45869,0,0
45870,0,0
45871,0,0
45872,0,0
45873,0,0
45874,0,0
45875,0,0
45876,0,0
45877,0,0
45879,0,0
45880,0,0
45881,0,0
45882,0,0
45883,0,0
45884,0,0
45885,0,0
45886,0,0
45887,0,0
45888,0,0
45889,0,0
45890,0,0
45891,0,0
45893,0,0
45894,0,0
45895,0,0
45896,0,0
45897,0,0
45898,0,0
45899,0,0
46001,0,0
46011,0,0
46012,0,0
46013,0,0
46016,0,0
46017,0,0
46030,0,0
46031,0,0
46032,0,0
46033,0,0
46034,0,0
46035,0,0
46036,0,0
46037,0,0
46038,0,0
46039,0,0
46040,0,0
46041,0,0
46044,0,0
46045,0,0
46047,0,0
46048,0,0
46049,0,0
46050,0,0
46051,0,0
46052,0,0
46055,0,0
46056,0,0
46057,0,0
46058,0,0
46060,0,0
46062,0,0
46063,0,0
46064,0,0
46065,0,0
46068,0,0
46069,0,0
46070,0,0
46071,0,0
46072,0,0
46074,0,0
46075,0,0
46076,0,0
46077,0,0
46102,0,0
46103,0,0
46104,0,0
46105,0,0
46106,0,0
46107,0,0
46110,0,0
46111,0,0
46112,0,0
46113,0,0
46115,0,0
46117,0,0
46118,0,0
46120,0,0
46121,0,0
46122,0,0
46123,0,0
46124,0,0
46125,0,0
46126,0,0
46127,0,0
46128,0,0
46130,0,0
46131,0,0
46133,0,0
46135,0,0
46140,0,0
46142,0,0
46143,0,0
46144,0,0
46146,0,0
46147,0,0
46148,0,0
46149,0,0
46150,0,0
46151,0,0
46154,0,0
46155,0,0
46156,0,0
46157,0,0
46158,0,0
46160,0,0
46161,0,0
46162,0,0
46163,0,0
46164,0,0
46165,0,0
46166,0,0
46167,0,0
46168,0,0
46170,0,0
46171,0,0
46172,0,0
46173,0,0
46175,0,0
46176,0,0
46180,0,0
46181,0,0
46182,0,0
46183,0,0
46184,0,0
46186,0,0
46201,0,0
46202,0,0
46203,0,0
46204,0,0
46205,0,0
46206,0,0
46208,0,0
46214,0,0
46216,0,0
46217,0,0
46218,0,0
46219,0,0
46220,0,0
46221,0,0
46222,0,0
46224,0,0
46225,0,0
46226,0,0
46227,0,0
46228,0,0
46229,0,0
46231,0,0
46234,0,0
46235,0,0
46236,0,0
46237,0,0
46239,0,0
46240,0,0
46241,0,0
46250,0,0
46254,0,0
46256,0,0
46259,0,0
46260,0,0
46268,0,0
46278,0,0
46280,0,0
46290,0,0
46301,0,0
46302,0,0
46303,0,0
46304,0,0
46307,0,0
46310,0,0
46311,0,0
46312,0,0
46319,0,0
46320,0,0
46321,0,0
46322,0,0
46323,0,0
46324,0,0
46327,0,0
46340,0,0
46341,0,0
46342,0,0
46345,0,0
46346,0,0
46347,0,0
46348,0,0
46349,0,0
46350,0,0
46356,0,0
46360,0,0
46365,0,0
46366,0,0
46368,0,0
46371,0,0
46373,0,0
46374,0,0
46375,0,0
46376,0,0
46377,0,0
46379,0,0
46381,0,0
46382,0,0
46383,0,0
46385,0,0
46390,0,0
46391,0,0
46392,0,0
46393,0,0
46394,0,0
46402,0,0
46403,0,0
46404,0,0
46405,0,0
46406,0,0
46407,0,0
46408,0,0
46409,0,0
46410,0,0
46501,0,0
46502,0,0
46504,0,0
46506,0,0
46507,0,0
46508,0,0
46510,0,0
46511,0,0
46513,0,0
46514,0,0
46516,0,0
46517,0,0
46524,0,0
46526,0,0
46528,0,0
46530,0,0
46531,0,0
46532,0,0
46534,0,0
46536,0,0
46537,0,0
46538,0,0
46539,0,0
46540,0,0
46542,0,0
46543,0,0
46544,0,0
46545,0,0
46550,0,0
46552,0,0
46553,0,0
46554,0,0
46555,0,0
46556,0,0
46561,0,0
46562,0,0
46563,0,0
46565,0,0
46567,0,0
46570,0,0
46571,0,0
46572,0,0
46573,0,0
46574,0,0
46580,0,0
46582,0,0
46590,0,0
46595,0,0
46601,0,0
46613,0,0
46614,0,0
46615,0,0
46616,0,0
46617,0,0
46619,0,0
46624,0,0
46628,0,0
46635,0,0
46637,0,0
46701,0,0
46702,0,0
46703,0,0
46704,0,0
46705,0,0
46706,0,0
46710,0,0
46711,0,0
46714,0,0
46721,0,0
46723,0,0
46725,0,0
46730,0,0
46731,0,0
46732,0,0
46733,0,0
46737,0,0
46738,0,0
46740,0,0
46741,0,0
46742,0,0
46743,0,0
46745,0,0
46746,0,0
46747,0,0
46748,0,0
46750,0,0
46755,0,0
46759,0,0
46760,0,0
46761,0,0
46763,0,0
46764,0,0
46765,0,0
46766,0,0
46767,0,0
46770,0,0
46771,0,0
46772,0,0
46773,0,0
46774,0,0
46776,0,0
46777,0,0
46778,0,0
46779,0,0
46781,0,0
46783,0,0
46784,0,0
46785,0,0
46786,0,0
46787,0,0
46788,0,0
46789,0,0
46791,0,0
46792,0,0
46793,0,0
46794,0,0
46795,0,0
46796,0,0
46797,0,0
46798,0,0
46799,0,0
46802,0,0
46803,0,0
46804,0,0
46805,0,0
46806,0,0
46807,0,0
46808,0,0
46809,0,0
46814,0,0
46815,0,0
46816,0,0
46818,0,0
46819,0,0
46825,0,0
46835,0,0
46845,0,0
46901,0,0
46902,0,0
46910,0,0
46911,0,0
46913,0,0
46914,0,0
46915,0,0
46917,0,0
46919,0,0
46920,0,0
46922,0,0
46923,0,0
46926,0,0
46928,0,0
46929,0,0
46930,0,0
46931,0,0
46932,0,0
46933,0,0
46936,0,0
46937,0,0
46938,0,0
46939,0,0
46940,0,0
46941,0,0
46943,0,0
46945,0,0
46946,0,0
46947,0,0
46950,0,0
46951,0,0
46952,0,0
46953,0,0
46957,0,0
46958,0,0
46959,0,0
46960,0,0
46961,0,0
46962,0,0
46965,0,0
46967,0,0
46968,0,0
46970,0,0
46971,0,0
46974,0,0
46975,0,0
46978,0,0
46979,0,0
46980,0,0
46982,0,0
46984,0,0
46985,0,0
46986,0,0
46987,0,0
46988,0,0
46989,0,0
46990,0,0
46991,0,0
46992,0,0
46994,0,0
46996,0,0
46998,0,0
47001,0,0
47003,0,0
47006,0,0
47010,0,0
47011,0,0
47012,0,0
47016,0,0
47017,0,0
47018,0,0
47020,0,0
47021,0,0
47022,0,0
47023,0,0
47024,0,0
47025,0,0
47030,0,0
47031,0,0
47032,0,0
47033,0,0
47034,0,0
47035,0,0
47036,0,0
47037,0,0
47038,0,0
47040,0,0
47041,0,0
47042,0,0
47043,0,0
47060,0,0
47102,0,0
47104,0,0
47106,0,0
47108,0,0
47110,0,0
47111,0,0
47112,0,0
47114,0,0
47115,0,0
47116,0,0
47117,0,0
47118,0,0
47119,0,0
47120,0,0
47122,0,0
47123,0,0
47124,0,0
47125,0,0
47126,0,0
47129,0,0
47130,0,0
47135,0,0
47136,0,0
47137,0,0
47138,0,0
47140,0,0
47141,0,0
47142,0,0
47143,0,0
47145,0,0
47147,0,0
47150,0,0
47160,0,0
47161,0,0
47162,0,0
47163,0,0
47164,0,0
47165,0,0
47166,0,0
47167,0,0
47170,0,0
47172,0,0
47174,0,0
47175,0,0
47177,0,0
47201,0,0
47203,0,0
47220,0,0
47223,0,0
47224,0,0
47225,0,0
47226,0,0
47227,0,0
47229,0,0
47230,0,0
47231,0,0
47232,0,0
47234,0,0
47235,0,0
47236,0,0
47240,0,0
47243,0,0
47244,0,0
47246,0,0
47247,0,0
47250,0,0
47260,0,0
47263,0,0
47264,0,0
47265,0,0
47270,0,0
47272,0,0
47273,0,0
47274,0,0
47280,0,0
47281,0,0
47282,0,0
47283,0,0
47302,0,0
47303,0,0
47304,0,0
47305,0,0
47306,0,0
47320,0,0
47324,0,0
47325,0,0
47326,0,0
47327,0,0
47330,0,0
47331,0,0
47334,0,0
47335,0,0
47336,0,0
47337,0,0
47338,0,0
47339,0,0
47340,0,0
47341,0,0
47342,0,0
47344,0,0
47345,0,0
47346,0,0
47348,0,0
47351,0,0
47352,0,0
47353,0,0
47354,0,0
47355,0,0
47356,0,0
47357,0,0
47358,0,0
47359,0,0
47360,0,0
47361,0,0
47362,0,0
47366,0,0
47367,0,0
47368,0,0
47369,0,0
47370,0,0
47371,0,0
47373,0,0
47374,0,0
47380,0,0
47381,0,0
47382,0,0
47383,0,0
47384,0,0
47385,0,0
47386,0,0
47387,0,0
47388,0,0
47390,0,0
47392,0,0
47393,0,0
47394,0,0
47396,0,0
47401,0,0
47403,0,0
47404,0,0
47405,0,0
47406,0,0
47408,0,0
47420,0,0
47421,0,0
47424,0,0
47427,0,0
47429,0,0
47431,0,0
47432,0,0
47433,0,0
47434,0,0
47435,0,0
47436,0,0
47437,0,0
47438,0,0
47441,0,0
47443,0,0
47445,0,0
47446,0,0
47448,0,0
47449,0,0
47451,0,0
47452,0,0
47453,0,0
47454,0,0
47455,0,0
47456,0,0
47457,0,0
47458,0,0
47459,0,0
47460,0,0
47462,0,0
47464,0,0
47465,0,0
47467,0,0
47468,0,0
47469,0,0
47470,0,0
47471,0,0
47501,0,0
47512,0,0
47513,0,0
47514,0,0
47515,0,0
47516,0,0
47519,0,0
47520,0,0
47521,0,0
47522,0,0
47523,0,0
47524,0,0
47525,0,0
47527,0,0
47528,0,0
47529,0,0
47531,0,0
47532,0,0
47535,0,0
47537,0,0
47541,0,0
47542,0,0
47546,0,0
47550,0,0
47551,0,0
47552,0,0
47553,0,0
47557,0,0
47558,0,0
47561,0,0
47562,0,0
47564,0,0
47567,0,0
47568,0,0
47573,0,0
47574,0,0
47575,0,0
47576,0,0
47577,0,0
47578,0,0
47579,0,0
47580,0,0
47581,0,0
47584,0,0
47585,0,0
47586,0,0
47588,0,0
47590,0,0
47591,0,0
47596,0,0
47597,0,0
47598,0,0
47601,0,0
47610,0,0
47611,0,0
47612,0,0
47613,0,0
47615,0,0
47616,0,0
47619,0,0
47620,0,0
47630,0,0
47631,0,0
47633,0,0
47634,0,0
47635,0,0
47637,0,0
47638,0,0
47639,0,0
47640,0,0
47648,0,0
47649,0,0
47654,0,0
47660,0,0
47665,0,0
47666,0,0
47670,0,0
47683,0,0
47708,0,0
47710,0,0
47711,0,0
47712,0,0
47713,0,0
47714,0,0
47715,0,0
47720,0,0
47725,0,0
47802,0,0
47803,0,0
47804,0,0
47805,0,0
47807,0,0
47809,0,0
47831,0,0
47832,0,0
47833,0,0
47834,0,0
47836,0,0
47837,0,0
47838,0,0
47840,0,0
47841,0,0
47842,0,0
47845,0,0
47846,0,0
47847,0,0
47848,0,0
47849,0,0
47850,0,0
47851,0,0
47853,0,0
47854,0,0
47855,0,0
47857,0,0
47858,0,0
47859,0,0
47860,0,0
47861,0,0
47862,0,0
47863,0,0
47865,0,0
47866,0,0
47868,0,0
47869,0,0
47870,0,0
47871,0,0
47872,0,0
47874,0,0
47875,0,0
47876,0,0
47879,0,0
47880,0,0
47881,0,0
47882,0,0
47884,0,0
47885,0,0
47901,0,0
47904,0,0
47905,0,0
47906,0,0
47907,0,0
47909,0,0
47916,0,0
47917,0,0
47918,0,0
47920,0,0
47921,0,0
47922,0,0
47923,0,0
47924,0,0
47925,0,0
47926,0,0
47928,0,0
47929,0,0
47930,0,0
47932,0,0
47933,0,0
47940,0,0
47941,0,0
47942,0,0
47943,0,0
47944,0,0
47946,0,0
47948,0,0
47949,0,0
47950,0,0
47951,0,0
47952,0,0
47954,0,0
47955,0,0
47957,0,0
47958,0,0
47959,0,0
47960,0,0
47963,0,0
47964,0,0
47965,0,0
47966,0,0
47967,0,0
47968,0,0
47969,0,0
47970,0,0
47971,0,0
47974,0,0
47975,0,0
47977,0,0
47978,0,0
47980,0,0
47981,0,0
47982,0,0
47983,0,0
47986,0,0
47987,0,0
47989,0,0
47990,0,0
47991,0,0
47992,0,0
47993,0,0
47994,0,0
47995,0,0
47997,0,0
48001,0,0
48002,0,0
48003,0,0
48005,0,0
48006,0,0
48009,0,0
48014,0,0
48015,0,0
48017,0,0
48021,0,0
48022,0,0
48023,0,0
48025,0,0
48026,0,0
48027,0,0
48028,0,0
48030,0,0
48032,0,0
48033,0,0
48034,0,0
48035,0,0
48036,0,0
48038,0,0
48039,0,0
48040,0,0
48041,0,0
48042,0,0
48043,0,0
48044,0,0
48045,0,0
48047,0,0
48048,0,0
48049,0,0
48050,0,0
48051,0,0
48054,0,0
48059,0,0
48060,0,0
48062,0,0
48063,0,0
48064,0,0
48065,0,0
48066,0,0
48067,0,0
48069,0,0
48070,0,0
48071,0,0
48072,0,0
48073,0,0
48074,0,0
48075,0,0
48076,0,0
48079,0,0
48080,0,0
48081,0,0
48082,0,0
48083,0,0
48084,0,0
48085,0,0
48088,0,0
48089,0,0
48091,0,0
48092,0,0
48093,0,0
48094,0,0
48095,0,0
48096,0,0
48097,0,0
48098,0,0
48101,0,0
48103,0,0
48104,0,0
48105,0,0
48108,0,0
48109,0,0
48111,0,0
48114,0,0
48116,0,0
48117,0,0
48118,0,0
48120,0,0
48122,0,0
48124,0,0
48125,0,0
48126,0,0
48127,0,0
48128,0,0
48130,0,0
48131,0,0
48133,0,0
48134,0,0
48135,0,0
48137,0,0
48138,0,0
48139,0,0
48140,0,0
48141,0,0
48143,0,0
48144,0,0
48145,0,0
48146,0,0
48150,0,0
48152,0,0
48154,0,0
48157,0,0
48158,0,0
48159,0,0
48160,0,0
48161,0,0
48162,0,0
48164,0,0
48165,0,0
48166,0,0
48167,0,0
48168,0,0
48169,0,0
48170,0,0
48173,0,0
48174,0,0
48176,0,0
48177,0,0
48178,0,0
48179,0,0
48180,0,0
48182,0,0
48183,0,0
48184,0,0
48185,0,0
48186,0,0
48187,0,0
48188,0,0
48189,0,0
48190,0,0
48191,0,0
48192,0,0
48193,0,0
48195,0,0
48197,0,0
48198,0,0
48201,0,0
48202,0,0
48203,0,0
48204,0,0
48205,0,0
48206,0,0
48207,0,0
48208,0,0
48209,0,0
48210,0,0
48211,0,0
48212,0,0
48213,0,0
48214,0,0
48215,0,0
48216,0,0
48217,0,0
48218,0,0
48219,0,0
48220,0,0
48221,0,0
48223,0,0
48224,0,0
48225,0,0
48226,0,0
48227,0,0
48228,0,0
48229,0,0
48230,0,0
48233,0,0
48234,0,0
48235,0,0
48236,0,0
48237,0,0
48238,0,0
48239,0,0
48240,0,0
48242,0,0
48243,0,0
48301,0,0
48302,0,0
48304,0,0
48306,0,0
48307,0,0
48309,0,0
48310,0,0
48312,0,0
48313,0,0
48314,0,0
48315,0,0
48316,0,0
48317,0,0
48320,0,0
48322,0,0
48323,0,0
48324,0,0
48326,0,0
48327,0,0
48328,0,0
48329,0,0
48331,0,0
48334,0,0
48335,0,0
48336,0,0
48340,0,0
48341,0,0
48342,0,0
48346,0,0
48348,0,0
48350,0,0
48353,0,0
48356,0,0
48357,0,0
48359,0,0
48360,0,0
48362,0,0
48363,0,0
48367,0,0
48370,0,0
48371,0,0
48374,0,0
48375,0,0
48377,0,0
48380,0,0
48381,0,0
48382,0,0
48383,0,0
48386,0,0
48390,0,0
48393,0,0
48401,0,0
48410,0,0
48411,0,0
48412,0,0
48413,0,0
48414,0,0
48415,0,0
48416,0,0
48417,0,0
48418,0,0
48419,0,0
48420,0,0
48421,0,0
48422,0,0
48423,0,0
48426,0,0
48427,0,0
48428,0,0
48429,0,0
48430,0,0
48432,0,0
48433,0,0
48434,0,0
48435,0,0
48436,0,0
48437,0,0
48438,0,0
48439,0,0
48440,0,0
48441,0,0
48442,0,0
48444,0,0
48445,0,0
48446,0,0
48449,0,0
48450,0,0
48451,0,0
48453,0,0
48454,0,0
48455,0,0
48456,0,0
48457,0,0
48458,0,0
48460,0,0
48461,0,0
48462,0,0
48463,0,0
48464,0,0
48465,0,0
48466,0,0
48467,0,0
48468,0,0
48469,0,0
48470,0,0
48471,0,0
48472,0,0
48473,0,0
48475,0,0
48476,0,0
48502,0,0
48503,0,0
48504,0,0
48505,0,0
48506,0,0
48507,0,0
48509,0,0
48519,0,0
48529,0,0
48532,0,0
48601,0,0
48602,0,0
48603,0,0
48604,0,0
48607,0,0
48609,0,0
48610,0,0
48611,0,0
48612,0,0
48613,0,0
48614,0,0
48615,0,0
48616,0,0
48617,0,0
48618,0,0
48619,0,0
48620,0,0
48621,0,0
48622,0,0
48623,0,0
48624,0,0
48625,0,0
48626,0,0
48627,0,0
48628,0,0
48629,0,0
48630,0,0
48631,0,0
48632,0,0
48633,0,0
48634,0,0
48635,0,0
48636,0,0
48637,0,0
48638,0,0
48640,0,0
48642,0,0
48647,0,0
48649,0,0
48650,0,0
48651,0,0
48652,0,0
48653,0,0
48654,0,0
48655,0,0
48656,0,0
48657,0,0
48658,0,0
48659,0,0
48661,0,0
48662,0,0
48701,0,0
48703,0,0
48705,0,0
48706,0,0
48708,0,0
48710,0,0
48720,0,0
48721,0,0
48722,0,0
48723,0,0
48724,0,0
48725,0,0
48726,0,0
48727,0,0
48728,0,0
48729,0,0
48730,0,0
48731,0,0
48732,0,0
48733,0,0
48734,0,0
48735,0,0
48737,0,0
48738,0,0
48739,0,0
48740,0,0
48741,0,0
48742,0,0
48743,0,0
48744,0,0
48745,0,0
48746,0,0
48747,0,0
48748,0,0
48749,0,0
48750,0,0
48754,0,0
48755,0,0
48756,0,0
48757,0,0
48759,0,0
48760,0,0
48761,0,0
48762,0,0
48763,0,0
48765,0,0
48766,0,0
48767,0,0
48768,0,0
48770,0,0
48801,0,0
48806,0,0
48807,0,0
48808,0,0
48809,0,0
48811,0,0
48813,0,0
48815,0,0
48816,0,0
48817,0,0
48818,0,0
48819,0,0
48820,0,0
48821,0,0
48822,0,0
48823,0,0
48824,0,0
48825,0,0
48827,0,0
48829,0,0
48831,0,0
48832,0,0
48834,0,0
48835,0,0
48836,0,0
48837,0,0
48838,0,0
48840,0,0
48841,0,0
48842,0,0
48843,0,0
48845,0,0
48846,0,0
48847,0,0
48848,0,0
48849,0,0
48850,0,0
48851,0,0
48852,0,0
48853,0,0
48854,0,0
48855,0,0
48856,0,0
48857,0,0
48858,0,0
48859,0,0
48860,0,0
48861,0,0
48862,0,0
48864,0,0
48865,0,0
48866,0,0
48867,0,0
48870,0,0
48871,0,0
48872,0,0
48873,0,0
48874,0,0
48875,0,0
48876,0,0
48877,0,0
48878,0,0
48879,0,0
48880,0,0
48881,0,0
48883,0,0
48884,0,0
48885,0,0
48886,0,0
48888,0,0
48889,0,0
48890,0,0
48891,0,0
48892,0,0
48893,0,0
48894,0,0
48895,0,0
48896,0,0
48897,0,0
48906,0,0
48910,0,0
48911,0,0
48912,0,0
48915,0,0
48917,0,0
48933,0,0
49001,0,0
49002,0,0
49004,0,0
49006,0,0
49007,0,0
49008,0,0
49009,0,0
49010,0,0
49011,0,0
49012,0,0
49013,0,0
49014,0,0
49015,0,0
49017,0,0
49021,0,0
49022,0,0
49024,0,0
49026,0,0
49027,0,0
49028,0,0
49029,0,0
49030,0,0
49031,0,0
49032,0,0
49033,0,0
49034,0,0
49036,0,0
49037,0,0
49038,0,0
49040,0,0
49042,0,0
49043,0,0
49045,0,0
49046,0,0
49047,0,0
49048,0,0
49050,0,0
49051,0,0
49052,0,0
49053,0,0
49055,0,0
49056,0,0
49057,0,0
49058,0,0
49060,0,0
49061,0,0
49063,0,0
49064,0,0
49065,0,0
49066,0,0
49067,0,0
49068,0,0
49070,0,0
49071,0,0
49072,0,0
49073,0,0
49074,0,0
49075,0,0
49076,0,0
49078,0,0
49079,0,0
49080,0,0
49082,0,0
49083,0,0
49084,0,0
49085,0,0
49087,0,0
49088,0,0
49089,0,0
49090,0,0
49091,0,0
49092,0,0
49093,0,0
49094,0,0
49095,0,0
49096,0,0
49097,0,0
49098,0,0
49099,0,0
49101,0,0
49102,0,0
49103,0,0
49104,0,0
49106,0,0
49107,0,0
49111,0,0
49112,0,0
49113,0,0
49115,0,0
49116,0,0
49117,0,0
49119,0,0
49120,0,0
49125,0,0
49126,0,0
49127,0,0
49128,0,0
49129,0,0
49130,0,0
49201,0,0
49202,0,0
49203,0,0
49220,0,0
49221,0,0
49224,0,0
49227,0,0
49228,0,0
49229,0,0
49230,0,0
49232,0,0
49233,0,0
49234,0,0
49235,0,0
49236,0,0
49237,0,0
49238,0,0
49240,0,0
49241,0,0
49242,0,0
49245,0,0
49246,0,0
49247,0,0
49248,0,0
49249,0,0
49250,0,0
49251,0,0
49252,0,0
49253,0,0
49254,0,0
49255,0,0
49256,0,0
49258,0,0
49259,0,0
49261,0,0
49262,0,0
49263,0,0
49264,0,0
49265,0,0
49266,0,0
49267,0,0
49268,0,0
49269,0,0
49270,0,0
49271,0,0
49272,0,0
49274,0,0
49276,0,0
49277,0,0
49279,0,0
49282,0,0
49283,0,0
49284,0,0
49285,0,0
49286,0,0
49287,0,0
49288,0,0
49289,0,0
49301,0,0
49302,0,0
49303,0,0
49304,0,0
49305,0,0
49306,0,0
49307,0,0
49309,0,0
49310,0,0
49312,0,0
49315,0,0
49316,0,0
49318,0,0
49319,0,0
49320,0,0
49321,0,0
49322,0,0
49323,0,0
49325,0,0
49326,0,0
49327,0,0
49328,0,0
49329,0,0
49330,0,0
49331,0,0
49332,0,0
49333,0,0
49335,0,0
49336,0,0
49337,0,0
49338,0,0
49339,0,0
49340,0,0
49341,0,0
49342,0,0
49343,0,0
49344,0,0
49345,0,0
49346,0,0
49347,0,0
49348,0,0
49349,0,0
49401,0,0
49402,0,0
49403,0,0
49404,0,0
49405,0,0
49406,0,0
49408,0,0
49409,0,0
49410,0,0
49411,0,0
49412,0,0
49415,0,0
49417,0,0
49418,0,0
49419,0,0
49420,0,0
49421,0,0
49423,0,0
49424,0,0
49425,0,0
49426,0,0
49428,0,0
49430,0,0
49431,0,0
49434,0,0
49435,0,0
49436,0,0
49437,0,0
49440,0,0
49441,0,0
49442,0,0
49443,0,0
49444,0,0
49445,0,0
49446,0,0
49448,0,0
49449,0,0
49450,0,0
49451,0,0
49452,0,0
49453,0,0
49454,0,0
49455,0,0
49456,0,0
49457,0,0
49458,0,0
49459,0,0
49460,0,0
49461,0,0
49464,0,0
49503,0,0
49504,0,0
49505,0,0
49506,0,0
49507,0,0
49508,0,0
49509,0,0
49512,0,0
49519,0,0
49525,0,0
49534,0,0
49544,0,0
49546,0,0
49548,0,0
49601,0,0
49611,0,0
49612,0,0
49613,0,0
49614,0,0
49615,0,0
49616,0,0
49617,0,0
49618,0,0
49619,0,0
49620,0,0
49621,0,0
49622,0,0
49623,0,0
49625,0,0
49626,0,0
49627,0,0
49628,0,0
49629,0,0
49630,0,0
49631,0,0
49632,0,0
49633,0,0
49634,0,0
49635,0,0
49636,0,0
49637,0,0
49638,0,0
49639,0,0
49640,0,0
49642,0,0
49643,0,0
49644,0,0
49645,0,0
49646,0,0
49648,0,0
49649,0,0
49650,0,0
49651,0,0
49653,0,0
49654,0,0
49655,0,0
49656,0,0
49657,0,0
49659,0,0
49660,0,0
49663,0,0
49664,0,0
49665,0,0
49667,0,0
49668,0,0
49670,0,0
49674,0,0
49675,0,0
49676,0,0
49677,0,0
49679,0,0
49680,0,0
49682,0,0
49683,0,0
49684,0,0
49685,0,0
49686,0,0
49688,0,0
49689,0,0
49690,0,0
49696,0,0
49707,0,0
49709,0,0
49712,0,0
49713,0,0
49720,0,0
49727,0,0
49729,0,0
49730,0,0
49733,0,0
49735,0,0
49738,0,0
49743,0,0
49744,0,0
49746,0,0
49747,0,0
49751,0,0
49753,0,0
49756,0,0
49759,0,0
49765,0,0
49766,0,0
49776,0,0
49795,0,0
49799,0,0
49858,0,0
49893,0,0
50001,0,0
50002,0,0
50003,0,0
50005,0,0
50006,0,0
50007,0,0
50008,0,0
50009,0,0
50010,0,0
50012,0,0
50013,0,0
50014,0,0
50020,0,0
50021,0,0
50022,0,0
50023,0,0
50025,0,0
50026,0,0
50027,0,0
50028,0,0
50029,0,0
50031,0,0
50032,0,0
50033,0,0
50034,0,0
50035,0,0
50036,0,0
50038,0,0
50039,0,0
50040,0,0
50041,0,0
50042,0,0
50044,0,0
50046,0,0
50047,0,0
50048,0,0
50049,0,0
50050,0,0
50051,0,0
50052,0,0
50054,0,0
50055,0,0
50056,0,0
50057,0,0
50058,0,0
50060,0,0
50061,0,0
50062,0,0
50063,0,0
50064,0,0
50065,0,0
50066,0,0
50067,0,0
50068,0,0
50069,0,0
50070,0,0
50071,0,0
50072,0,0
50073,0,0
50074,0,0
50075,0,0
50076,0,0
50078,0,0
50101,0,0
50102,0,0
50103,0,0
50104,0,0
50105,0,0
50106,0,0
50107,0,0
50108,0,0
50109,0,0
50110,0,0
50111,0,0
50112,0,0
50115,0,0
50116,0,0
50117,0,0
50118,0,0
50119,0,0
50120,0,0
50122,0,0
50123,0,0
50124,0,0
50125,0,0
50126,0,0
50127,0,0
50128,0,0
50129,0,0
50130,0,0
50131,0,0
50132,0,0
50133,0,0
50134,0,0
50135,0,0
50136,0,0
50137,0,0
50138,0,0
50139,0,0
50140,0,0
50141,0,0
50142,0,0
50143,0,0
50144,0,0
50145,0,0
50146,0,0
50147,0,0
50148,0,0
50149,0,0
50150,0,0
50151,0,0
50152,0,0
50153,0,0
50154,0,0
50155,0,0
50156,0,0
50157,0,0
50158,0,0
50160,0,0
50161,0,0
50162,0,0
50163,0,0
50164,0,0
50165,0,0
50166,0,0
50167,0,0
50168,0,0
50169,0,0
50170,0,0
50171,0,0
50173,0,0
50174,0,0
50201,0,0
50206,0,0
50207,0,0
50208,0,0
50210,0,0
50211,0,0
50212,0,0
50213,0,0
50214,0,0
50216,0,0
50217,0,0
50218,0,0
50219,0,0
50220,0,0
50222,0,0
50223,0,0
50225,0,0
50226,0,0
50227,0,0
50228,0,0
50229,0,0
50230,0,0
50231,0,0
50232,0,0
50233,0,0
50234,0,0
50235,0,0
50236,0,0
50237,0,0
50238,0,0
50239,0,0
50240,0,0
50241,0,0
50242,0,0
50243,0,0
50244,0,0
50246,0,0
50247,0,0
50248,0,0
50249,0,0
50250,0,0
50251,0,0
50252,0,0
50254,0,0
50255,0,0
50256,0,0
50257,0,0
50258,0,0
50261,0,0
50262,0,0
50263,0,0
50264,0,0
50265,0,0
50266,0,0
50268,0,0
50269,0,0
50271,0,0
50272,0,0
50273,0,0
50274,0,0
50275,0,0
50276,0,0
50277,0,0
50278,0,0
50309,0,0
50310,0,0
50311,0,0
50312,0,0
50313,0,0
50314,0,0
50315,0,0
50316,0,0
50317,0,0
50319,0,0
50320,0,0
50321,0,0
50322,0,0
50323,0,0
50324,0,0
50325,0,0
50327,0,0
50401,0,0
50420,0,0
50421,0,0
50423,0,0
50424,0,0
50426,0,0
50427,0,0
50428,0,0
50430,0,0
50431,0,0
50432,0,0
50433,0,0
50434,0,0
50435,0,0
50436,0,0
50438,0,0
50439,0,0
50440,0,0
50441,0,0
50444,0,0
50446,0,0
50447,0,0
50448,0,0
50449,0,0
50450,0,0
50451,0,0
50452,0,0
50453,0,0
50454,0,0
50455,0,0
50456,0,0
50457,0,0
50458,0,0
50459,0,0
50460,0,0
50461,0,0
50464,0,0
50465,0,0
50466,0,0
50467,0,0
50468,0,0
50469,0,0
50470,0,0
50471,0,0
50472,0,0
50473,0,0
50475,0,0
50476,0,0
50477,0,0
50478,0,0
50479,0,0
50480,0,0
50482,0,0
50483,0,0
50484,0,0
50501,0,0
50510,0,0
50511,0,0
50514,0,0
50515,0,0
50516,0,0
50517,0,0
50518,0,0
50519,0,0
50520,0,0
50521,0,0
50522,0,0
50523,0,0
50524,0,0
50525,0,0
50527,0,0
50528,0,0
50529,0,0
50530,0,0
50531,0,0
50532,0,0
50533,0,0
50535,0,0
50536,0,0
50538,0,0
50539,0,0
50540,0,0
50541,0,0
50542,0,0
50543,0,0
50544,0,0
50545,0,0
50546,0,0
50548,0,0
50551,0,0
50552,0,0
50554,0,0
50556,0,0
50557,0,0
50558,0,0
50559,0,0
50560,0,0
50561,0,0
50562,0,0
50563,0,0
50565,0,0
50566,0,0
50567,0,0
50568,0,0
50569,0,0
50570,0,0
50571,0,0
50573,0,0
50574,0,0
50575,0,0
50576,0,0
50577,0,0
50578,0,0
50579,0,0
50581,0,0
50582,0,0
50583,0,0
50585,0,0
50586,0,0
50588,0,0
50590,0,0
50591,0,0
50592,0,0
50593,0,0
50594,0,0
50595,0,0
50597,0,0
50598,0,0
50599,0,0
50601,0,0
50602,0,0
50603,0,0
50604,0,0
50605,0,0
50606,0,0
50607,0,0
50608,0,0
50609,0,0
50611,0,0
50612,0,0
50613,0,0
50616,0,0
50619,0,0
50620,0,0
50621,0,0
50622,0,0
50623,0,0
50624,0,0
50625,0,0
50626,0,0
50627,0,0
50628,0,0
50629,0,0
50630,0,0
50631,0,0
50632,0,0
50633,0,0
50634,0,0
50635,0,0
50636,0,0
50638,0,0
50641,0,0
50642,0,0
50643,0,0
50644,0,0
50645,0,0
50647,0,0
50648,0,0
50649,0,0
50650,0,0
50651,0,0
50652,0,0
50653,0,0
50654,0,0
50655,0,0
50657,0,0
50658,0,0
50659,0,0
50660,0,0
50662,0,0
50664,0,0
50665,0,0
50666,0,0
50667,0,0
50668,0,0
50669,0,0
50670,0,0
50671,0,0
50672,0,0
50673,0,0
50674,0,0
50675,0,0
50676,0,0
50677,0,0
50680,0,0
50681,0,0
50682,0,0
50701,0,0
50702,0,0
50703,0,0
50707,0,0
50801,0,0
50830,0,0
50831,0,0
50833,0,0
50835,0,0
50836,0,0
50837,0,0
50839,0,0
50840,0,0
50841,0,0
50842,0,0
50843,0,0
50845,0,0
50846,0,0
50847,0,0
50848,0,0
50849,0,0
50851,0,0
50853,0,0
50854,0,0
50857,0,0
50858,0,0
50859,0,0
50860,0,0
50861,0,0
50862,0,0
50863,0,0
50864,0,0
51001,0,0
51002,0,0
51003,0,0
51004,0,0
51005,0,0
51006,0,0
51007,0,0
51008,0,0
51009,0,0
51010,0,0
51011,0,0
51012,0,0
51014,0,0
51015,0,0
51016,0,0
51018,0,0
51019,0,0
51020,0,0
51022,0,0
51023,0,0
51024,0,0
51025,0,0
51026,0,0
51027,0,0
51028,0,0
51029,0,0
51030,0,0
51031,0,0
51033,0,0
51034,0,0
51035,0,0
51036,0,0
51037,0,0
51038,0,0
51039,0,0
51040,0,0
51041,0,0
51044,0,0
51045,0,0
51046,0,0
51047,0,0
51048,0,0
51049,0,0
51050,0,0
51051,0,0
51052,0,0
51053,0,0
51054,0,0
51055,0,0
51056,0,0
51058,0,0
51060,0,0
51061,0,0
51062,0,0
51063,0,0
51101,0,0
51103,0,0
51104,0,0
51105,0,0
51106,0,0
51108,0,0
51109,0,0
51111,0,0
51201,0,0
51230,0,0
51231,0,0
51232,0,0
51234,0,0
51235,0,0
51237,0,0
51238,0,0
51239,0,0
51240,0,0
51241,0,0
51242,0,0
51243,0,0
51244,0,0
51245,0,0
51246,0,0
51247,0,0
51248,0,0
51249,0,0
51250,0,0
51301,0,0
51331,0,0
51333,0,0
51334,0,0
51338,0,0
51340,0,0
51341,0,0
51342,0,0
51343,0,0
51345,0,0
51346,0,0
51347,0,0
51350,0,0
51351,0,0
51354,0,0
51355,0,0
51357,0,0
51358,0,0
51360,0,0
51363,0,0
51364,0,0
51365,0,0
51366,0,0
51401,0,0
51430,0,0
51431,0,0
51432,0,0
51433,0,0
51436,0,0
51439,0,0
51440,0,0
51441,0,0
51442,0,0
51443,0,0
51444,0,0
51445,0,0
51446,0,0
51447,0,0
51448,0,0
51449,0,0
51450,0,0
51451,0,0
51452,0,0
51453,0,0
51454,0,0
51455,0,0
51458,0,0
51459,0,0
51460,0,0
51461,0,0
51462,0,0
51463,0,0
51465,0,0
51466,0,0
51467,0,0
51501,0,0
51503,0,0
51510,0,0
51520,0,0
51521,0,0
51523,0,0
51525,0,0
51526,0,0
51527,0,0
51528,0,0
51529,0,0
51530,0,0
51531,0,0
51532,0,0
51533,0,0
51534,0,0
51535,0,0
51536,0,0
51537,0,0
51540,0,0
51541,0,0
51542,0,0
51543,0,0
51544,0,0
51545,0,0
51546,0,0
51548,0,0
51549,0,0
51550,0,0
51551,0,0
51552,0,0
51553,0,0
51554,0,0
51555,0,0
51556,0,0
51557,0,0
51558,0,0
51559,0,0
51560,0,0
51561,0,0
51562,0,0
51563,0,0
51564,0,0
51565,0,0
51566,0,0
51570,0,0
51571,0,0
51572,0,0
51573,0,0
51575,0,0
51576,0,0
51577,0,0
51578,0,0
51579,0,0
51601,0,0
51630,0,0
51631,0,0
51632,0,0
51636,0,0
51637,0,0
51638,0,0
51639,0,0
51640,0,0
51645,0,0
51646,0,0
51647,0,0
51648,0,0
51649,0,0
51650,0,0
51651,0,0
51652,0,0
51653,0,0
51654,0,0
51656,0,0
52001,0,0
52002,0,0
52003,0,0
52030,0,0
52031,0,0
52032,0,0
52033,0,0
52035,0,0
52036,0,0
52037,0,0
52038,0,0
52039,0,0
52040,0,0
52041,0,0
52042,0,0
52043,0,0
52044,0,0
52045,0,0
52046,0,0
52047,0,0
52048,0,0
52049,0,0
52050,0,0
52052,0,0
52053,0,0
52054,0,0
52056,0,0
52057,0,0
52060,0,0
52064,0,0
52065,0,0
52066,0,0
52068,0,0
52069,0,0
52070,0,0
52071,0,0
52072,0,0
52073,0,0
52074,0,0
52075,0,0
52076,0,0
52077,0,0
52078,0,0
52079,0,0
52101,0,0
52132,0,0
52133,0,0
52134,0,0
52135,0,0
52136,0,0
52140,0,0
52141,0,0
52142,0,0
52144,0,0
52146,0,0
52147,0,0
52151,0,0
52154,0,0
52155,0,0
52156,0,0
52157,0,0
52158,0,0
52159,0,0
52160,0,0
52161,0,0
52162,0,0
52163,0,0
52164,0,0
52165,0,0
52166,0,0
52168,0,0
52169,0,0
52170,0,0
52171,0,0
52172,0,0
52175,0,0
52201,0,0
52202,0,0
52203,0,0
52205,0,0
52206,0,0
52207,0,0
52208,0,0
52209,0,0
52210,0,0
52211,0,0
52212,0,0
52213,0,0
52214,0,0
52215,0,0
52216,0,0
52217,0,0
52218,0,0
52219,0,0
52220,0,0
52221,0,0
52222,0,0
52223,0,0
52224,0,0
52225,0,0
52227,0,0
52228,0,0
52229,0,0
52231,0,0
52232,0,0
52233,0,0
52235,0,0
52236,0,0
52237,0,0
52240,0,0
52241,0,0
52242,0,0
52245,0,0
52246,0,0
52247,0,0
52248,0,0
52249,0,0
52251,0,0
52252,0,0
52253,0,0
52254,0,0
52255,0,0
52257,0,0
52301,0,0
52302,0,0
52305,0,0
52306,0,0
52307,0,0
52308,0,0
52309,0,0
52310,0,0
52312,0,0
52313,0,0
52314,0,0
52315,0,0
52316,0,0
52317,0,0
52318,0,0
52320,0,0
52321,0,0
52322,0,0
52323,0,0
52324,0,0
52325,0,0
52326,0,0
52327,0,0
52328,0,0
52329,0,0
52330,0,0
52332,0,0
52333,0,0
52334,0,0
52335,0,0
52336,0,0
52337,0,0
52338,0,0
52339,0,0
52340,0,0
52341,0,0
52342,0,0
52344,0,0
52345,0,0
52346,0,0
52347,0,0
52348,0,0
52349,0,0
52351,0,0
52352,0,0
52353,0,0
52354,0,0
52355,0,0
52356,0,0
52358,0,0
52359,0,0
52361,0,0
52362,0,0
52401,0,0
52402,0,0
52403,0,0
52404,0,0
52405,0,0
52411,0,0
52501,0,0
52530,0,0
52531,0,0
52533,0,0
52534,0,0
52535,0,0
52536,0,0
52537,0,0
52540,0,0
52542,0,0
52543,0,0
52544,0,0
52548,0,0
52549,0,0
52550,0,0
52551,0,0
52552,0,0
52553,0,0
52554,0,0
52555,0,0
52556,0,0
52557,0,0
52560,0,0
52561,0,0
52562,0,0
52563,0,0
52565,0,0
52566,0,0
52567,0,0
52568,0,0
52569,0,0
52570,0,0
52571,0,0
52572,0,0
52573,0,0
52574,0,0
52576,0,0
52577,0,0
52580,0,0
52581,0,0
52583,0,0
52584,0,0
52585,0,0
52586,0,0
52588,0,0
52590,0,0
52591,0,0
52593,0,0
52594,0,0
52595,0,0
52601,0,0
52619,0,0
52620,0,0
52621,0,0
52623,0,0
52624,0,0
52625,0,0
52626,0,0
52627,0,0
52630,0,0
52631,0,0
52632,0,0
52635,0,0
52637,0,0
52638,0,0
52639,0,0
52640,0,0
52641,0,0
52644,0,0
52645,0,0
52646,0,0
52647,0,0
52649,0,0
52650,0,0
52651,0,0
52652,0,0
52653,0,0
52654,0,0
52655,0,0
52656,0,0
52657,0,0
52658,0,0
52659,0,0
52660,0,0
52701,0,0
52720,0,0
52721,0,0
52722,0,0
52726,0,0
52727,0,0
52728,0,0
52729,0,0
52730,0,0
52731,0,0
52732,0,0
52737,0,0
52738,0,0
52739,0,0
52742,0,0
52745,0,0
52746,0,0
52747,0,0
52748,0,0
52749,0,0
52750,0,0
52751,0,0
52752,0,0
52753,0,0
52754,0,0
52755,0,0
52756,0,0
52757,0,0
52758,0,0
52759,0,0
52760,0,0
52761,0,0
52765,0,0
52766,0,0
52767,0,0
52768,0,0
52769,0,0
52771,0,0
52772,0,0
52773,0,0
52774,0,0
52776,0,0
52777,0,0
52778,0,0
52801,0,0
52802,0,0
52803,0,0
52804,0,0
52806,0,0
52807,0,0
53001,0,0
53002,0,0
53003,0,0
53004,0,0
53005,0,0
53006,0,0
53007,0,0
53010,0,0
53011,0,0
53012,0,0
53013,0,0
53014,0,0
53015,0,0
53016,0,0
53017,0,0
53018,0,0
53019,0,0
53020,0,0
53021,0,0
53022,0,0
53023,0,0
53024,0,0
53027,0,0
53029,0,0
53031,0,0
53032,0,0
53033,0,0
53034,0,0
53035,0,0
53036,0,0
53037,0,0
53038,0,0
53039,0,0
53040,0,0
53042,0,0
53044,0,0
53045,0,0
53046,0,0
53047,0,0
53048,0,0
53049,0,0
53050,0,0
53051,0,0
53057,0,0
53058,0,0
53059,0,0
53061,0,0
53063,0,0
53065,0,0
53066,0,0
53069,0,0
53070,0,0
53072,0,0
53073,0,0
53074,0,0
53075,0,0
53076,0,0
53078,0,0
53079,0,0
53080,0,0
53081,0,0
53083,0,0
53085,0,0
53086,0,0
53088,0,0
53089,0,0
53090,0,0
53091,0,0
53092,0,0
53093,0,0
53094,0,0
53095,0,0
53097,0,0
53098,0,0
53099,0,0
53103,0,0
53104,0,0
53105,0,0
53108,0,0
53110,0,0
53114,0,0
53115,0,0
53118,0,0
53119,0,0
53120,0,0
53121,0,0
53122,0,0
53125,0,0
53126,0,0
53127,0,0
53128,0,0
53129,0,0
53130,0,0
53132,0,0
53137,0,0
53139,0,0
53140,0,0
53142,0,0
53143,0,0
53144,0,0
53146,0,0
53147,0,0
53149,0,0
53150,0,0
53151,0,0
53153,0,0
53154,0,0
53156,0,0
53157,0,0
53158,0,0
53167,0,0
53168,0,0
53170,0,0
53172,0,0
53176,0,0
53177,0,0
53178,0,0
53179,0,0
53181,0,0
53182,0,0
53183,0,0
53184,0,0
53185,0,0
53186,0,0
53188,0,0
53189,0,0
53190,0,0
53191,0,0
53192,0,0
53195,0,0
53202,0,0
53203,0,0
53204,0,0
53205,0,0
53206,0,0
53207,0,0
53208,0,0
53209,0,0
53210,0,0
53211,0,0
53212,0,0
53213,0,0
53214,0,0
53215,0,0
53216,0,0
53217,0,0
53218,0,0
53219,0,0
53220,0,0
53221,0,0
53222,0,0
53223,0,0
53224,0,0
53225,0,0
53226,0,0
53227,0,0
53228,0,0
53233,0,0
53235,0,0
53295,0,0
53402,0,0
53403,0,0
53404,0,0
53405,0,0
53406,0,0
53501,0,0
53502,0,0
53503,0,0
53504,0,0
53505,0,0
53506,0,0
53507,0,0
53508,0,0
53510,0,0
53511,0,0
53515,0,0
53516,0,0
53517,0,0
53518,0,0
53520,0,0
53521,0,0
53522,0,0
53523,0,0
53525,0,0
53526,0,0
53527,0,0
53528,0,0
53529,0,0
53530,0,0
53531,0,0
53532,0,0
53533,0,0
53534,0,0
53536,0,0
53537,0,0
53538,0,0
53540,0,0
53541,0,0
53543,0,0
53544,0,0
53545,0,0
53546,0,0
53548,0,0
53549,0,0
53550,0,0
53551,0,0
53553,0,0
53554,0,0
53555,0,0
53556,0,0
53557,0,0
53558,0,0
53559,0,0
53560,0,0
53561,0,0
53562,0,0
53563,0,0
53565,0,0
53566,0,0
53569,0,0
53570,0,0
53571,0,0
53572,0,0
53573,0,0
53574,0,0
53575,0,0
53576,0,0
53577,0,0
53578,0,0
53579,0,0
53580,0,0
53581,0,0
53582,0,0
53583,0,0
53584,0,0
53585,0,0
53586,0,0
53587,0,0
53588,0,0
53589,0,0
53590,0,0
53593,0,0
53594,0,0
53597,0,0
53598,0,0
53599,0,0
53703,0,0
53704,0,0
53705,0,0
53706,0,0
53711,0,0
53713,0,0
53714,0,0
53715,0,0
53716,0,0
53717,0,0
53718,0,0
53719,0,0
53726,0,0
53792,0,0
53801,0,0
53802,0,0
53803,0,0
53804,0,0
53805,0,0
53806,0,0
53807,0,0
53808,0,0
53809,0,0
53810,0,0
53811,0,0
53812,0,0
53813,0,0
53816,0,0
53817,0,0
53818,0,0
53820,0,0
53821,0,0
53825,0,0
53826,0,0
53827,0,0
53901,0,0
53910,0,0
53911,0,0
53913,0,0
53916,0,0
53919,0,0
53920,0,0
53922,0,0
53923,0,0
53924,0,0
53925,0,0
53926,0,0
53928,0,0
53929,0,0
53930,0,0
53931,0,0
53932,0,0
53933,0,0
53934,0,0
53935,0,0
53936,0,0
53937,0,0
53939,0,0
53940,0,0
53941,0,0
53942,0,0
53943,0,0
53944,0,0
53946,0,0
53947,0,0
53948,0,0
53949,0,0
53950,0,0
53951,0,0
53952,0,0
53953,0,0
53954,0,0
53955,0,0
53956,0,0
53959,0,0
53960,0,0
53961,0,0
53962,0,0
53963,0,0
53964,0,0
53965,0,0
53968,0,0
53969,0,0
54002,0,0
54003,0,0
54005,0,0
54007,0,0
54011,0,0
54013,0,0
54014,0,0
54015,0,0
54016,0,0
54017,0,0
54020,0,0
54021,0,0
54022,0,0
54023,0,0
54025,0,0
54026,0,0
54027,0,0
54028,0,0
54082,0,0
54101,0,0
54106,0,0
54107,0,0
54110,0,0
54111,0,0
54112,0,0
54113,0,0
54114,0,0
54115,0,0
54123,0,0
54124,0,0
54126,0,0
54127,0,0
54128,0,0
54129,0,0
54130,0,0
54135,0,0
54136,0,0
54137,0,0
54139,0,0
54140,0,0
54141,0,0
54143,0,0
54149,0,0
54150,0,0
54152,0,0
54153,0,0
54154,0,0
54155,0,0
54157,0,0
54159,0,0
54160,0,0
54161,0,0
54162,0,0
54165,0,0
54166,0,0
54169,0,0
54170,0,0
54171,0,0
54173,0,0
54174,0,0
54175,0,0
54180,0,0
54201,0,0
54202,0,0
54204,0,0
54205,0,0
54207,0,0
54208,0,0
54209,0,0
54211,0,0
54212,0,0
54213,0,0
54214,0,0
54215,0,0
54216,0,0
54217,0,0
54220,0,0
54227,0,0
54228,0,0
54229,0,0
54230,0,0
54232,0,0
54234,0,0
54235,0,0
54241,0,0
54245,0,0
54247,0,0
54301,0,0
54302,0,0
54303,0,0
54304,0,0
54307,0,0
54311,0,0
54313,0,0
54401,0,0
54403,0,0
54405,0,0
54406,0,0
54407,0,0
54408,0,0
54409,0,0
54410,0,0
54411,0,0
54412,0,0
54413,0,0
54414,0,0
54416,0,0
54417,0,0
54418,0,0
54420,0,0
54421,0,0
54422,0,0
54423,0,0
54424,0,0
54425,0,0
54426,0,0
54427,0,0
54430,0,0
54433,0,0
54436,0,0
54437,0,0
54440,0,0
54441,0,0
54443,0,0
54446,0,0
54447,0,0
54448,0,0
54449,0,0
54450,0,0
54451,0,0
54452,0,0
54454,0,0
54455,0,0
54456,0,0
54457,0,0
54458,0,0
54460,0,0
54464,0,0
54466,0,0
54467,0,0
54469,0,0
54470,0,0
54471,0,0
54473,0,0
54474,0,0
54475,0,0
54476,0,0
54479,0,0
54480,0,0
54481,0,0
54482,0,0
54484,0,0
54486,0,0
54488,0,0
54489,0,0
54491,0,0
54493,0,0
54494,0,0
54495,0,0
54498,0,0
54499,0,0
54601,0,0
54603,0,0
54610,0,0
54611,0,0
54612,0,0
54613,0,0
54614,0,0
54615,0,0
54616,0,0
54618,0,0
54619,0,0
54621,0,0
54622,0,0
54623,0,0
54624,0,0
54625,0,0
54626,0,0
54627,0,0
54628,0,0
54629,0,0
54630,0,0
54631,0,0
54632,0,0
54634,0,0
54635,0,0
54636,0,0
54637,0,0
54638,0,0
54639,0,0
54642,0,0
54643,0,0
54644,0,0
54645,0,0
54646,0,0
54648,0,0
54650,0,0
54651,0,0
54652,0,0
54653,0,0
54654,0,0
54655,0,0
54656,0,0
54657,0,0
54658,0,0
54659,0,0
54660,0,0
54661,0,0
54664,0,0
54665,0,0
54666,0,0
54667,0,0
54669,0,0
54670,0,0
54701,0,0
54703,0,0
54720,0,0
54721,0,0
54722,0,0
54723,0,0
54724,0,0
54725,0,0
54726,0,0
54727,0,0
54728,0,0
54729,0,0
54730,0,0
54732,0,0
54734,0,0
54736,0,0
54737,0,0
54738,0,0
54739,0,0
54740,0,0
54741,0,0
54742,0,0
54745,0,0
54746,0,0
54747,0,0
54748,0,0
54749,0,0
54750,0,0
54751,0,0
54754,0,0
54755,0,0
54756,0,0
54757,0,0
54758,0,0
54759,0,0
54760,0,0
54761,0,0
54762,0,0
54763,0,0
54767,0,0
54768,0,0
54769,0,0
54770,0,0
54771,0,0
54772,0,0
54773,0,0
54901,0,0
54902,0,0
54904,0,0
54909,0,0
54911,0,0
54913,0,0
54914,0,0
54915,0,0
54921,0,0
54922,0,0
54923,0,0
54926,0,0
54927,0,0
54928,0,0
54929,0,0
54930,0,0
54931,0,0
54932,0,0
54933,0,0
54935,0,0
54937,0,0
54940,0,0
54941,0,0
54942,0,0
54943,0,0
54944,0,0
54945,0,0
54946,0,0
54947,0,0
54948,0,0
54949,0,0
54950,0,0
54952,0,0
54956,0,0
54960,0,0
54961,0,0
54962,0,0
54963,0,0
54964,0,0
54965,0,0
54966,0,0
54967,0,0
54968,0,0
54970,0,0
54971,0,0
54974,0,0
54977,0,0
54978,0,0
54979,0,0
54980,0,0
54981,0,0
54982,0,0
54983,0,0
54984,0,0
54985,0,0
54986,0,0
55001,0,0
55003,0,0
55009,0,0
55014,0,0
55016,0,0
55018,0,0
55019,0,0
55020,0,0
55021,0,0
55024,0,0
55025,0,0
55026,0,0
55027,0,0
55031,0,0
55033,0,0
55038,0,0
55041,0,0
55042,0,0
55043,0,0
55044,0,0
55046,0,0
55047,0,0
55049,0,0
55052,0,0
55053,0,0
55054,0,0
55055,0,0
55057,0,0
55060,0,0
55065,0,0
55066,0,0
55068,0,0
55071,0,0
55075,0,0
55076,0,0
55077,0,0
55082,0,0
55085,0,0
55087,0,0
55088,0,0
55089,0,0
55090,0,0
55101,0,0
55102,0,0
55103,0,0
55104,0,0
55105,0,0
55106,0,0
55107,0,0
55108,0,0
55109,0,0
55110,0,0
55111,0,0
55112,0,0
55113,0,0
55114,0,0
55115,0,0
55116,0,0
55117,0,0
55118,0,0
55119,0,0
55120,0,0
55121,0,0
55122,0,0
55123,0,0
55124,0,0
55125,0,0
55126,0,0
55127,0,0
55128,0,0
55129,0,0
55130,0,0
55150,0,0
55155,0,0
55302,0,0
55303,0,0
55305,0,0
55306,0,0
55307,0,0
55310,0,0
55311,0,0
55312,0,0
55313,0,0
55314,0,0
55315,0,0
55316,0,0
55317,0,0
55318,0,0
55321,0,0
55322,0,0
55324,0,0
55325,0,0
55327,0,0
55328,0,0
55331,0,0
55332,0,0
55333,0,0
55334,0,0
55335,0,0
55336,0,0
55337,0,0
55338,0,0
55339,0,0
55340,0,0
55341,0,0
55342,0,0
55343,0,0
55344,0,0
55345,0,0
55346,0,0
55347,0,0
55349,0,0
55350,0,0
55352,0,0
55353,0,0
55354,0,0
55355,0,0
55356,0,0
55357,0,0
55358,0,0
55359,0,0
55360,0,0
55363,0,0
55364,0,0
55366,0,0
55367,0,0
55368,0,0
55369,0,0
55370,0,0
55372,0,0
55373,0,0
55374,0,0
55375,0,0
55376,0,0
55378,0,0
55379,0,0
55381,0,0
55382,0,0
55384,0,0
55385,0,0
55386,0,0
55387,0,0
55388,0,0
55390,0,0
55391,0,0
55395,0,0
55396,0,0
55397,0,0
55401,0,0
55402,0,0
55403,0,0
55404,0,0
55405,0,0
55406,0,0
55407,0,0
55408,0,0
55409,0,0
55410,0,0
55411,0,0
55412,0,0
55413,0,0
55414,0,0
55415,0,0
55416,0,0
55417,0,0
55418,0,0
55419,0,0
55420,0,0
55421,0,0
55422,0,0
55423,0,0
55424,0,0
55425,0,0
55426,0,0
55427,0,0
55428,0,0
55429,0,0
55430,0,0
55431,0,0
55432,0,0
55433,0,0
55434,0,0
55435,0,0
55436,0,0
55437,0,0
55438,0,0
55439,0,0
55441,0,0
55442,0,0
55443,0,0
55444,0,0
55445,0,0
55446,0,0
55447,0,0
55448,0,0
55449,0,0
55450,0,0
55454,0,0
55455,0,0
55901,0,0
55902,0,0
55903,0,0
55904,0,0
55905,0,0
55906,0,0
55909,0,0
55910,0,0
55912,0,0
55917,0,0
55918,0,0
55919,0,0
55920,0,0
55921,0,0
55922,0,0
55923,0,0
55924,0,0
55925,0,0
55926,0,0
55927,0,0
55929,0,0
55931,0,0
55932,0,0
55933,0,0
55934,0,0
55935,0,0
55936,0,0
55939,0,0
55940,0,0
55941,0,0
55943,0,0
55944,0,0
55945,0,0
55946,0,0
55947,0,0
55949,0,0
55950,0,0
55951,0,0
55952,0,0
55953,0,0
55954,0,0
55955,0,0
55956,0,0
55957,0,0
55959,0,0
55960,0,0
55961,0,0
55962,0,0
55963,0,0
55964,0,0
55965,0,0
55967,0,0
55968,0,0
55969,0,0
55970,0,0
55971,0,0
55972,0,0
55973,0,0
55974,0,0
55975,0,0
55976,0,0
55977,0,0
55979,0,0
55981,0,0
55982,0,0
55983,0,0
55985,0,0
55987,0,0
55990,0,0
55991,0,0
55992,0,0
56001,0,0
56003,0,0
56007,0,0
56009,0,0
56010,0,0
56011,0,0
56013,0,0
56014,0,0
56016,0,0
56017,0,0
56019,0,0
56020,0,0
56021,0,0
56022,0,0
56023,0,0
56024,0,0
56025,0,0
56026,0,0
56027,0,0
56028,0,0
56029,0,0
56030,0,0
56031,0,0
56032,0,0
56033,0,0
56034,0,0
56035,0,0
56036,0,0
56037,0,0
56039,0,0
56041,0,0
56042,0,0
56043,0,0
56044,0,0
56045,0,0
56046,0,0
56048,0,0
56050,0,0
56051,0,0
56052,0,0
56054,0,0
56055,0,0
56056,0,0
56057,0,0
56058,0,0
56060,0,0
56062,0,0
56063,0,0
56065,0,0
56068,0,0
56069,0,0
56071,0,0
56072,0,0
56073,0,0
56074,0,0
56075,0,0
56078,0,0
56080,0,0
56081,0,0
56082,0,0
56083,0,0
56085,0,0
56087,0,0
56088,0,0
56089,0,0
56090,0,0
56091,0,0
56093,0,0
56096,0,0
56097,0,0
56098,0,0
56101,0,0
56110,0,0
56111,0,0
56113,0,0
56114,0,0
56115,0,0
56116,0,0
56117,0,0
56118,0,0
56119,0,0
56120,0,0
56121,0,0
56122,0,0
56123,0,0
56125,0,0
56127,0,0
56128,0,0
56129,0,0
56131,0,0
56132,0,0
56134,0,0
56136,0,0
56137,0,0
56138,0,0
56139,0,0
56140,0,0
56141,0,0
56142,0,0
56143,0,0
56144,0,0
56145,0,0
56146,0,0
56147,0,0
56149,0,0
56150,0,0
56151,0,0
56152,0,0
56153,0,0
56155,0,0
56156,0,0
56157,0,0
56158,0,0
56159,0,0
56160,0,0
56161,0,0
56162,0,0
56164,0,0
56165,0,0
56166,0,0
56167,0,0
56168,0,0
56169,0,0
56170,0,0
56171,0,0
56172,0,0
56173,0,0
56174,0,0
56175,0,0
56176,0,0
56178,0,0
56180,0,0
56181,0,0
56183,0,0
56185,0,0
56186,0,0
56187,0,0
56201,0,0
56208,0,0
56209,0,0
56212,0,0
56214,0,0
56215,0,0
56216,0,0
56218,0,0
56220,0,0
56222,0,0
56223,0,0
56224,0,0
56227,0,0
56228,0,0
56229,0,0
56230,0,0
56231,0,0
56232,0,0
56237,0,0
56239,0,0
56241,0,0
56243,0,0
56245,0,0
56251,0,0
56252,0,0
56253,0,0
56255,0,0
56256,0,0
56257,0,0
56258,0,0
56260,0,0
56262,0,0
56263,0,0
56264,0,0
56265,0,0
56266,0,0
56270,0,0
56271,0,0
56276,0,0
56277,0,0
56278,0,0
56279,0,0
56280,0,0
56281,0,0
56282,0,0
56283,0,0
56284,0,0
56285,0,0
56287,0,0
56288,0,0
56291,0,0
56292,0,0
56293,0,0
56294,0,0
56295,0,0
56297,0,0
57001,0,0
57002,0,0
57003,0,0
57004,0,0
57005,0,0
57006,0,0
57007,0,0
57010,0,0
57012,0,0
57013,0,0
57014,0,0
57015,0,0
57016,0,0
57017,0,0
57018,0,0
57020,0,0
57021,0,0
57022,0,0
57024,0,0
57025,0,0
57026,0,0
57027,0,0
57028,0,0
57029,0,0
57030,0,0
57031,0,0
57032,0,0
57033,0,0
57034,0,0
57035,0,0
57036,0,0
57037,0,0
57038,0,0
57039,0,0
57040,0,0
57041,0,0
57042,0,0
57043,0,0
57045,0,0
57046,0,0
57047,0,0
57048,0,0
57049,0,0
57050,0,0
57051,0,0
57052,0,0
57053,0,0
57054,0,0
57055,0,0
57057,0,0
57058,0,0
57059,0,0
57061,0,0
57062,0,0
57063,0,0
57064,0,0
57065,0,0
57066,0,0
57067,0,0
57068,0,0
57069,0,0
57070,0,0
57071,0,0
57072,0,0
57073,0,0
57075,0,0
57076,0,0
57077,0,0
57078,0,0
57103,0,0
57104,0,0
57105,0,0
57106,0,0
57107,0,0
57108,0,0
57110,0,0
57117,0,0
57197,0,0
57201,0,0
57212,0,0
57213,0,0
57214,0,0
57216,0,0
57217,0,0
57218,0,0
57219,0,0
57220,0,0
57221,0,0
57223,0,0
57225,0,0
57226,0,0
57231,0,0
57233,0,0
57234,0,0
57235,0,0
57236,0,0
57237,0,0
57238,0,0
57241,0,0
57242,0,0
57243,0,0
57245,0,0
57246,0,0
57248,0,0
57249,0,0
57252,0,0
57256,0,0
57258,0,0
57259,0,0
57263,0,0
57264,0,0
57265,0,0
57266,0,0
57268,0,0
57269,0,0
57271,0,0
57272,0,0
57273,0,0
57274,0,0
57276,0,0
57278,0,0
57301,0,0
57311,0,0
57312,0,0
57313,0,0
57314,0,0
57315,0,0
57319,0,0
57321,0,0
57322,0,0
57323,0,0
57324,0,0
57328,0,0
57329,0,0
57330,0,0
57331,0,0
57332,0,0
57334,0,0
57337,0,0
57340,0,0
57344,0,0
57348,0,0
57349,0,0
57350,0,0
57353,0,0
57354,0,0
57356,0,0
57358,0,0
57359,0,0
57361,0,0
57363,0,0
57366,0,0
57367,0,0
57368,0,0
57374,0,0
57375,0,0
57376,0,0
57379,0,0
57380,0,0
57382,0,0
57384,0,0
57385,0,0
57386,0,0
57424,0,0
57429,0,0
57434,0,0
57436,0,0
57440,0,0
57461,0,0
57465,0,0
57469,0,0
57474,0,0
57476,0,0
57477,0,0
60002,0,0
60004,0,0
60005,0,0
60007,0,0
60008,0,0
60010,0,0
60012,0,0
60013,0,0
60014,0,0
60015,0,0
60016,0,0
60018,0,0
60020,0,0
60021,0,0
60022,0,0
60025,0,0
60026,0,0
60029,0,0
60030,0,0
60031,0,0
60033,0,0
60034,0,0
60035,0,0
60040,0,0
60041,0,0
60042,0,0
60043,0,0
60044,0,0
60045,0,0
60046,0,0
60047,0,0
60048,0,0
60050,0,0
60051,0,0
60053,0,0
60056,0,0
60060,0,0
60061,0,0
60062,0,0
60064,0,0
60067,0,0
60068,0,0
60069,0,0
60070,0,0
60071,0,0
60072,0,0
60073,0,0
60074,0,0
60075,0,0
60076,0,0
60077,0,0
60081,0,0
60083,0,0
60084,0,0
60085,0,0
60087,0,0
60088,0,0
60089,0,0
60090,0,0
60091,0,0
60093,0,0
60096,0,0
60097,0,0
60098,0,0
60099,0,0
60101,0,0
60102,0,0
60103,0,0
60104,0,0
60106,0,0
60107,0,0
60108,0,0
60109,0,0
60110,0,0
60111,0,0
60112,0,0
60113,0,0
60115,0,0
60118,0,0
60119,0,0
60120,0,0
60123,0,0
60124,0,0
60126,0,0
60129,0,0
60130,0,0
60131,0,0
60133,0,0
60134,0,0
60135,0,0
60136,0,0
60137,0,0
60139,0,0
60140,0,0
60141,0,0
60142,0,0
60143,0,0
60144,0,0
60145,0,0
60146,0,0
60148,0,0
60150,0,0
60151,0,0
60152,0,0
60153,0,0
60154,0,0
60155,0,0
60156,0,0
60157,0,0
60160,0,0
60162,0,0
60163,0,0
60164,0,0
60165,0,0
60169,0,0
60171,0,0
60172,0,0
60173,0,0
60174,0,0
60175,0,0
60176,0,0
60177,0,0
60178,0,0
60180,0,0
60181,0,0
60183,0,0
60184,0,0
60185,0,0
60187,0,0
60188,0,0
60189,0,0
60190,0,0
60191,0,0
60192,0,0
60193,0,0
60194,0,0
60195,0,0
60201,0,0
60202,0,0
60203,0,0
60208,0,0
60301,0,0
60302,0,0
60304,0,0
60305,0,0
60401,0,0
60402,0,0
60403,0,0
60404,0,0
60406,0,0
60407,0,0
60408,0,0
60409,0,0
60410,0,0
60411,0,0
60415,0,0
60416,0,0
60417,0,0
60418,0,0
60419,0,0
60420,0,0
60421,0,0
60422,0,0
60423,0,0
60424,0,0
60425,0,0
60426,0,0
60428,0,0
60429,0,0
60430,0,0
60431,0,0
60432,0,0
60433,0,0
60435,0,0
60436,0,0
60437,0,0
60438,0,0
60439,0,0
60440,0,0
60441,0,0
60442,0,0
60443,0,0
60444,0,0
60445,0,0
60446,0,0
60447,0,0
60448,0,0
60449,0,0
60450,0,0
60451,0,0
60452,0,0
60453,0,0
60455,0,0
60456,0,0
60457,0,0
60458,0,0
60459,0,0
60460,0,0
60461,0,0
60462,0,0
60463,0,0
60464,0,0
60465,0,0
60466,0,0
60467,0,0
60468,0,0
60469,0,0
60470,0,0
60471,0,0
60472,0,0
60473,0,0
60474,0,0
60475,0,0
60476,0,0
60477,0,0
60478,0,0
60479,0,0
60480,0,0
60481,0,0
60482,0,0
60484,0,0
60487,0,0
60490,0,0
60491,0,0
60501,0,0
60502,0,0
60503,0,0
60504,0,0
60505,0,0
60506,0,0
60510,0,0
60511,0,0
60512,0,0
60513,0,0
60514,0,0
60515,0,0
60516,0,0
60517,0,0
60518,0,0
60519,0,0
60520,0,0
60521,0,0
60523,0,0
60525,0,0
60526,0,0
60527,0,0
60530,0,0
60531,0,0
60532,0,0
60534,0,0
60536,0,0
60537,0,0
60538,0,0
60539,0,0
60540,0,0
60541,0,0
60542,0,0
60543,0,0
60544,0,0
60545,0,0
60546,0,0
60548,0,0
60549,0,0
60550,0,0
60551,0,0
60552,0,0
60553,0,0
60554,0,0
60555,0,0
60556,0,0
60557,0,0
60558,0,0
60559,0,0
60560,0,0
60561,0,0
60563,0,0
60564,0,0
60565,0,0
60585,0,0
60586,0,0
60601,0,0
60602,0,0
60603,0,0
60604,0,0
60605,0,0
60606,0,0
60607,0,0
60608,0,0
60609,0,0
60610,0,0
60611,0,0
60612,0,0
60613,0,0
60614,0,0
60615,0,0
60616,0,0
60617,0,0
60618,0,0
60619,0,0
60620,0,0
60621,0,0
60622,0,0
60623,0,0
60624,0,0
60625,0,0
60626,0,0
60628,0,0
60629,0,0
60630,0,0
60631,0,0
60632,0,0
60633,0,0
60634,0,0
60636,0,0
60637,0,0
60638,0,0
60639,0,0
60640,0,0
60641,0,0
60642,0,0
60643,0,0
60644,0,0
60645,0,0
60646,0,0
60647,0,0
60649,0,0
60651,0,0
60652,0,0
60653,0,0
60654,0,0
60655,0,0
60656,0,0
60657,0,0
60659,0,0
60660,0,0
60661,0,0
60706,0,0
60707,0,0
60712,0,0
60714,0,0
60803,0,0
60804,0,0
60805,0,0
60827,0,0
60901,0,0
60910,0,0
60911,0,0
60912,0,0
60913,0,0
60914,0,0
60915,0,0
60917,0,0
60918,0,0
60919,0,0
60920,0,0
60921,0,0
60922,0,0
60924,0,0
60926,0,0
60927,0,0
60928,0,0
60929,0,0
60930,0,0
60931,0,0
60932,0,0
60933,0,0
60934,0,0
60935,0,0
60936,0,0
60938,0,0
60939,0,0
60940,0,0
60941,0,0
60942,0,0
60945,0,0
60946,0,0
60948,0,0
60949,0,0
60950,0,0
60951,0,0
60952,0,0
60953,0,0
60954,0,0
60955,0,0
60956,0,0
60957,0,0
60958,0,0
60959,0,0
60960,0,0
60961,0,0
60962,0,0
60963,0,0
60964,0,0
60966,0,0
60967,0,0
60968,0,0
60969,0,0
60970,0,0
60973,0,0
60974,0,0
61001,0,0
61006,0,0
61007,0,0
61008,0,0
61010,0,0
61011,0,0
61012,0,0
61013,0,0
61014,0,0
61015,0,0
61016,0,0
61018,0,0
61019,0,0
61020,0,0
61021,0,0
61024,0,0
61025,0,0
61027,0,0
61028,0,0
61030,0,0
61031,0,0
61032,0,0
61036,0,0
61037,0,0
61038,0,0
61039,0,0
61041,0,0
61042,0,0
61043,0,0
61044,0,0
61046,0,0
61047,0,0
61048,0,0
61049,0,0
61050,0,0
61051,0,0
61052,0,0
61053,0,0
61054,0,0
61057,0,0
61059,0,0
61060,0,0
61061,0,0
61062,0,0
61063,0,0
61064,0,0
61065,0,0
61067,0,0
61068,0,0
61070,0,0
61071,0,0
61072,0,0
61073,0,0
61074,0,0
61075,0,0
61077,0,0
61078,0,0
61079,0,0
61080,0,0
61081,0,0
61084,0,0
61085,0,0
61087,0,0
61088,0,0
61089,0,0
61091,0,0
61101,0,0
61102,0,0
61103,0,0
61104,0,0
61107,0,0
61108,0,0
61109,0,0
61111,0,0
61112,0,0
61114,0,0
61115,0,0
61201,0,0
61230,0,0
61231,0,0
61232,0,0
61233,0,0
61234,0,0
61235,0,0
61236,0,0
61237,0,0
61238,0,0
61239,0,0
61240,0,0
61241,0,0
61242,0,0
61243,0,0
61244,0,0
61250,0,0
61251,0,0
61252,0,0
61254,0,0
61256,0,0
61257,0,0
61258,0,0
61259,0,0
61260,0,0
61261,0,0
61262,0,0
61263,0,0
61264,0,0
61265,0,0
61270,0,0
61272,0,0
61273,0,0
61274,0,0
61275,0,0
61276,0,0
61277,0,0
61278,0,0
61279,0,0
61281,0,0
61282,0,0
61283,0,0
61284,0,0
61285,0,0
61301,0,0
61310,0,0
61311,0,0
61312,0,0
61313,0,0
61314,0,0
61315,0,0
61316,0,0
61317,0,0
61318,0,0
61319,0,0
61320,0,0
61321,0,0
61322,0,0
61323,0,0
61324,0,0
61325,0,0
61326,0,0
61327,0,0
61328,0,0
61329,0,0
61330,0,0
61331,0,0
61332,0,0
61333,0,0
61334,0,0
61335,0,0
61336,0,0
61337,0,0
61338,0,0
61340,0,0
61341,0,0
61342,0,0
61344,0,0
61345,0,0
61346,0,0
61348,0,0
61349,0,0
61350,0,0
61353,0,0
61354,0,0
61356,0,0
61358,0,0
61359,0,0
61360,0,0
61361,0,0
61362,0,0
61363,0,0
61364,0,0
61367,0,0
61368,0,0
61369,0,0
61370,0,0
61371,0,0
61372,0,0
61373,0,0
61374,0,0
61375,0,0
61376,0,0
61377,0,0
61378,0,0
61379,0,0
61401,0,0
61402,0,0
61410,0,0
61411,0,0
61412,0,0
61413,0,0
61414,0,0
61415,0,0
61416,0,0
61417,0,0
61418,0,0
61419,0,0
61420,0,0
61421,0,0
61422,0,0
61423,0,0
61424,0,0
61425,0,0
61426,0,0
61427,0,0
61428,0,0
61430,0,0
61431,0,0
61432,0,0
61433,0,0
61434,0,0
61435,0,0
61436,0,0
61437,0,0
61438,0,0
61439,0,0
61440,0,0
61441,0,0
61442,0,0
61443,0,0
61447,0,0
61448,0,0
61449,0,0
61450,0,0
61451,0,0
61452,0,0
61453,0,0
61454,0,0
61455,0,0
61458,0,0
61459,0,0
61460,0,0
61462,0,0
61465,0,0
61466,0,0
61467,0,0
61468,0,0
61469,0,0
61470,0,0
61471,0,0
61472,0,0
61473,0,0
61474,0,0
61475,0,0
61476,0,0
61477,0,0
61478,0,0
61479,0,0
61480,0,0
61482,0,0
61483,0,0
61484,0,0
61485,0,0
61486,0,0
61488,0,0
61489,0,0
61490,0,0
61491,0,0
61501,0,0
61516,0,0
61517,0,0
61519,0,0
61520,0,0
61523,0,0
61524,0,0
61525,0,0
61526,0,0
61528,0,0
61529,0,0
61530,0,0
61531,0,0
61532,0,0
61533,0,0
61534,0,0
61535,0,0
61536,0,0
61537,0,0
61539,0,0
61540,0,0
61541,0,0
61542,0,0
61543,0,0
61544,0,0
61545,0,0
61546,0,0
61547,0,0
61548,0,0
61550,0,0
61552,0,0
61553,0,0
61554,0,0
61559,0,0
61560,0,0
61561,0,0
61562,0,0
61563,0,0
61564,0,0
61565,0,0
61567,0,0
61568,0,0
61569,0,0
61570,0,0
61571,0,0
61572,0,0
61602,0,0
61603,0,0
61604,0,0
61605,0,0
61606,0,0
61607,0,0
61610,0,0
61611,0,0
61614,0,0
61615,0,0
61616,0,0
61625,0,0
61701,0,0
61704,0,0
61705,0,0
61720,0,0
61721,0,0
61722,0,0
61723,0,0
61724,0,0
61725,0,0
61726,0,0
61727,0,0
61728,0,0
61729,0,0
61730,0,0
61731,0,0
61732,0,0
61733,0,0
61734,0,0
61735,0,0
61736,0,0
61737,0,0
61738,0,0
61739,0,0
61740,0,0
61741,0,0
61742,0,0
61743,0,0
61744,0,0
61745,0,0
61747,0,0
61748,0,0
61749,0,0
61750,0,0
61751,0,0
61752,0,0
61753,0,0
61754,0,0
61755,0,0
61756,0,0
61759,0,0
61760,0,0
61761,0,0
61764,0,0
61769,0,0
61770,0,0
61771,0,0
61772,0,0
61773,0,0
61774,0,0
61775,0,0
61776,0,0
61777,0,0
61778,0,0
61801,0,0
61802,0,0
61810,0,0
61811,0,0
61812,0,0
61813,0,0
61814,0,0
61815,0,0
61816,0,0
61817,0,0
61818,0,0
61820,0,0
61821,0,0
61822,0,0
61830,0,0
61831,0,0
61832,0,0
61833,0,0
61834,0,0
61839,0,0
61840,0,0
61841,0,0
61842,0,0
61843,0,0
61844,0,0
61845,0,0
61846,0,0
61847,0,0
61848,0,0
61849,0,0
61850,0,0
61851,0,0
61852,0,0
61853,0,0
61854,0,0
61855,0,0
61856,0,0
61857,0,0
61858,0,0
61859,0,0
61862,0,0
61863,0,0
61864,0,0
61865,0,0
61866,0,0
61870,0,0
61871,0,0
61872,0,0
61873,0,0
61874,0,0
61875,0,0
61876,0,0
61877,0,0
61878,0,0
61880,0,0
61882,0,0
61883,0,0
61884,0,0
61910,0,0
61911,0,0
61912,0,0
61913,0,0
61914,0,0
61917,0,0
61919,0,0
61920,0,0
61924,0,0
61925,0,0
61928,0,0
61929,0,0
61930,0,0
61931,0,0
61932,0,0
61933,0,0
61936,0,0
61937,0,0
61938,0,0
61940,0,0
61941,0,0
61942,0,0
61943,0,0
61944,0,0
61949,0,0
61951,0,0
61953,0,0
61955,0,0
61956,0,0
61957,0,0
62001,0,0
62002,0,0
62006,0,0
62009,0,0
62010,0,0
62011,0,0
62012,0,0
62013,0,0
62014,0,0
62015,0,0
62016,0,0
62017,0,0
62018,0,0
62019,0,0
62021,0,0
62022,0,0
62023,0,0
62024,0,0
62025,0,0
62026,0,0
62027,0,0
62028,0,0
62030,0,0
62031,0,0
62032,0,0
62033,0,0
62034,0,0
62035,0,0
62036,0,0
62037,0,0
62040,0,0
62044,0,0
62045,0,0
62046,0,0
62047,0,0
62048,0,0
62049,0,0
62050,0,0
62051,0,0
62052,0,0
62053,0,0
62054,0,0
62056,0,0
62058,0,0
62059,0,0
62060,0,0
62061,0,0
62062,0,0
62063,0,0
62067,0,0
62069,0,0
62074,0,0
62075,0,0
62076,0,0
62077,0,0
62078,0,0
62079,0,0
62080,0,0
62081,0,0
62082,0,0
62083,0,0
62084,0,0
62085,0,0
62086,0,0
62087,0,0
62088,0,0
62089,0,0
62090,0,0
62091,0,0
62092,0,0
62093,0,0
62094,0,0
62095,0,0
62097,0,0
62098,0,0
62201,0,0
62203,0,0
62204,0,0
62205,0,0
62206,0,0
62207,0,0
62208,0,0
62214,0,0
62215,0,0
62216,0,0
62217,0,0
62218,0,0
62219,0,0
62220,0,0
62221,0,0
62223,0,0
62225,0,0
62226,0,0
62230,0,0
62231,0,0
62232,0,0
62233,0,0
62234,0,0
62236,0,0
62237,0,0
62238,0,0
62239,0,0
62240,0,0
62241,0,0
62242,0,0
62243,0,0
62244,0,0
62245,0,0
62246,0,0
62248,0,0
62249,0,0
62250,0,0
62253,0,0
62254,0,0
62255,0,0
62256,0,0
62257,0,0
62258,0,0
62260,0,0
62261,0,0
62262,0,0
62263,0,0
62264,0,0
62265,0,0
62266,0,0
62268,0,0
62269,0,0
62271,0,0
62272,0,0
62273,0,0
62274,0,0
62275,0,0
62277,0,0
62278,0,0
62279,0,0
62280,0,0
62281,0,0
62282,0,0
62284,0,0
62285,0,0
62286,0,0
62288,0,0
62289,0,0
62292,0,0
62293,0,0
62294,0,0
62295,0,0
62297,0,0
62298,0,0
62301,0,0
62305,0,0
62311,0,0
62312,0,0
62313,0,0
62314,0,0
62316,0,0
62319,0,0
62320,0,0
62321,0,0
62323,0,0
62324,0,0
62325,0,0
62326,0,0
62330,0,0
62334,0,0
62336,0,0
62338,0,0
62339,0,0
62340,0,0
62341,0,0
62343,0,0
62344,0,0
62345,0,0
62346,0,0
62347,0,0
62348,0,0
62349,0,0
62351,0,0
62352,0,0
62353,0,0
62354,0,0
62355,0,0
62356,0,0
62357,0,0
62358,0,0
62359,0,0
62360,0,0
62361,0,0
62362,0,0
62363,0,0
62365,0,0
62366,0,0
62367,0,0
62370,0,0
62373,0,0
62374,0,0
62375,0,0
62376,0,0
62378,0,0
62379,0,0
62380,0,0
62401,0,0
62410,0,0
62411,0,0
62413,0,0
62414,0,0
62417,0,0
62418,0,0
62419,0,0
62420,0,0
62421,0,0
62422,0,0
62423,0,0
62424,0,0
62425,0,0
62426,0,0
62427,0,0
62428,0,0
62431,0,0
62432,0,0
62433,0,0
62434,0,0
62436,0,0
62438,0,0
62439,0,0
62440,0,0
62441,0,0
62442,0,0
62443,0,0
62444,0,0
62445,0,0
62446,0,0
62447,0,0
62448,0,0
62449,0,0
62450,0,0
62451,0,0
62452,0,0
62454,0,0
62458,0,0
62459,0,0
62460,0,0
62461,0,0
62462,0,0
62463,0,0
62464,0,0
62465,0,0
62466,0,0
62467,0,0
62468,0,0
62469,0,0
62471,0,0
62473,0,0
62474,0,0
62475,0,0
62476,0,0
62477,0,0
62478,0,0
62479,0,0
62480,0,0
62481,0,0
62501,0,0
62510,0,0
62512,0,0
62513,0,0
62514,0,0
62515,0,0
62517,0,0
62518,0,0
62519,0,0
62520,0,0
62521,0,0
62522,0,0
62523,0,0
62526,0,0
62530,0,0
62531,0,0
62532,0,0
62533,0,0
62534,0,0
62535,0,0
62536,0,0
62537,0,0
62538,0,0
62539,0,0
62540,0,0
62541,0,0
62543,0,0
62544,0,0
62545,0,0
62546,0,0
62547,0,0
62548,0,0
62549,0,0
62550,0,0
62551,0,0
62553,0,0
62554,0,0
62555,0,0
62556,0,0
62557,0,0
62558,0,0
62560,0,0
62561,0,0
62563,0,0
62565,0,0
62567,0,0
62568,0,0
62570,0,0
62571,0,0
62572,0,0
62573,0,0
62601,0,0
62610,0,0
62611,0,0
62612,0,0
62613,0,0
62615,0,0
62617,0,0
62618,0,0
62621,0,0
62622,0,0
62624,0,0
62625,0,0
62626,0,0
62627,0,0
62628,0,0
62629,0,0
62630,0,0
62631,0,0
62633,0,0
62634,0,0
62635,0,0
62638,0,0
62639,0,0
62640,0,0
62642,0,0
62643,0,0
62644,0,0
62649,0,0
62650,0,0
62655,0,0
62656,0,0
62661,0,0
62663,0,0
62664,0,0
62665,0,0
62666,0,0
62667,0,0
62668,0,0
62670,0,0
62671,0,0
62672,0,0
62673,0,0
62674,0,0
62675,0,0
62677,0,0
62681,0,0
62682,0,0
62684,0,0
62685,0,0
62688,0,0
62689,0,0
62690,0,0
62691,0,0
62692,0,0
62693,0,0
62694,0,0
62695,0,0
62701,0,0
62702,0,0
62703,0,0
62704,0,0
62706,0,0
62707,0,0
62711,0,0
62712,0,0
62801,0,0
62803,0,0
62806,0,0
62807,0,0
62808,0,0
62809,0,0
62810,0,0
62811,0,0
62812,0,0
62814,0,0
62815,0,0
62816,0,0
62817,0,0
62818,0,0
62819,0,0
62820,0,0
62821,0,0
62822,0,0
62823,0,0
62824,0,0
62825,0,0
62827,0,0
62828,0,0
62829,0,0
62830,0,0
62831,0,0
62832,0,0
62833,0,0
62835,0,0
62836,0,0
62837,0,0
62838,0,0
62839,0,0
62841,0,0
62842,0,0
62843,0,0
62844,0,0
62846,0,0
62848,0,0
62849,0,0
62850,0,0
62851,0,0
62852,0,0
62853,0,0
62854,0,0
62856,0,0
62858,0,0
62859,0,0
62860,0,0
62861,0,0
62862,0,0
62863,0,0
62864,0,0
62865,0,0
62867,0,0
62868,0,0
62869,0,0
62870,0,0
62871,0,0
62872,0,0
62874,0,0
62875,0,0
62876,0,0
62877,0,0
62878,0,0
62879,0,0
62880,0,0
62881,0,0
62882,0,0
62883,0,0
62884,0,0
62885,0,0
62886,0,0
62887,0,0
62888,0,0
62889,0,0
62890,0,0
62891,0,0
62892,0,0
62893,0,0
62894,0,0
62895,0,0
62896,0,0
62897,0,0
62898,0,0
62899,0,0
62901,0,0
62902,0,0
62903,0,0
62905,0,0
62906,0,0
62907,0,0
62908,0,0
62910,0,0
62912,0,0
62914,0,0
62915,0,0
62916,0,0
62917,0,0
62918,0,0
62919,0,0
62920,0,0
62921,0,0
62922,0,0
62923,0,0
62924,0,0
62926,0,0
62927,0,0
62928,0,0
62930,0,0
62931,0,0
62932,0,0
62933,0,0
62934,0,0
62935,0,0
62938,0,0
62939,0,0
62940,0,0
62941,0,0
62942,0,0
62943,0,0
62946,0,0
62947,0,0
62948,0,0
62949,0,0
62950,0,0
62951,0,0
62952,0,0
62953,0,0
62954,0,0
62956,0,0
62957,0,0
62958,0,0
62959,0,0
62960,0,0
62961,0,0
62962,0,0
62963,0,0
62964,0,0
62965,0,0
62966,0,0
62967,0,0
62969,0,0
62970,0,0
62972,0,0
62974,0,0
62975,0,0
62976,0,0
62977,0,0
62979,0,0
62982,0,0
62983,0,0
62984,0,0
62985,0,0
62987,0,0
62988,0,0
62990,0,0
62992,0,0
62994,0,0
62995,0,0
62996,0,0
62997,0,0
62998,0,0
62999,0,0
63005,0,0
63010,0,0
63011,0,0
63012,0,0
63013,0,0
63014,0,0
63015,0,0
63016,0,0
63017,0,0
63019,0,0
63020,0,0
63021,0,0
63023,0,0
63025,0,0
63026,0,0
63028,0,0
63030,0,0
63031,0,0
63033,0,0
63034,0,0
63036,0,0
63037,0,0
63038,0,0
63039,0,0
63040,0,0
63041,0,0
63042,0,0
63043,0,0
63044,0,0
63045,0,0
63047,0,0
63048,0,0
63049,0,0
63050,0,0
63051,0,0
63052,0,0
63053,0,0
63055,0,0
63056,0,0
63060,0,0
63061,0,0
63068,0,0
63069,0,0
63070,0,0
63071,0,0
63072,0,0
63073,0,0
63074,0,0
63077,0,0
63079,0,0
63080,0,0
63084,0,0
63087,0,0
63088,0,0
63089,0,0
63090,0,0
63091,0,0
63101,0,0
63102,0,0
63103,0,0
63104,0,0
63105,0,0
63106,0,0
63107,0,0
63108,0,0
63109,0,0
63110,0,0
63111,0,0
63112,0,0
63113,0,0
63114,0,0
63115,0,0
63116,0,0
63117,0,0
63118,0,0
63119,0,0
63120,0,0
63121,0,0
63122,0,0
63123,0,0
63124,0,0
63125,0,0
63126,0,0
63127,0,0
63128,0,0
63129,0,0
63130,0,0
63131,0,0
63132,0,0
63133,0,0
63134,0,0
63135,0,0
63136,0,0
63137,0,0
63138,0,0
63139,0,0
63140,0,0
63141,0,0
63143,0,0
63144,0,0
63146,0,0
63147,0,0
63155,0,0
63301,0,0
63303,0,0
63304,0,0
63330,0,0
63332,0,0
63333,0,0
63334,0,0
63336,0,0
63339,0,0
63341,0,0
63343,0,0
63344,0,0
63345,0,0
63347,0,0
63348,0,0
63349,0,0
63350,0,0
63351,0,0
63352,0,0
63353,0,0
63357,0,0
63359,0,0
63361,0,0
63362,0,0
63363,0,0
63365,0,0
63366,0,0
63367,0,0
63368,0,0
63369,0,0
63373,0,0
63376,0,0
63377,0,0
63379,0,0
63380,0,0
63381,0,0
63382,0,0
63383,0,0
63384,0,0
63385,0,0
63386,0,0
63387,0,0
63388,0,0
63389,0,0
63390,0,0
63401,0,0
63430,0,0
63431,0,0
63432,0,0
63433,0,0
63434,0,0
63435,0,0
63436,0,0
63437,0,0
63438,0,0
63439,0,0
63440,0,0
63441,0,0
63443,0,0
63445,0,0
63446,0,0
63447,0,0
63448,0,0
63450,0,0
63451,0,0
63452,0,0
63453,0,0
63454,0,0
63456,0,0
63457,0,0
63458,0,0
63459,0,0
63460,0,0
63461,0,0
63462,0,0
63463,0,0
63465,0,0
63466,0,0
63467,0,0
63468,0,0
63469,0,0
63471,0,0
63472,0,0
63473,0,0
63474,0,0
63501,0,0
63530,0,0
63531,0,0
63532,0,0
63533,0,0
63534,0,0
63535,0,0
63536,0,0
63537,0,0
63538,0,0
63539,0,0
63540,0,0
63541,0,0
63543,0,0
63544,0,0
63545,0,0
63546,0,0
63547,0,0
63548,0,0
63549,0,0
63551,0,0
63552,0,0
63555,0,0
63556,0,0
63557,0,0
63558,0,0
63559,0,0
63560,0,0
63561,0,0
63563,0,0
63565,0,0
63566,0,0
63567,0,0
63601,0,0
63620,0,0
63621,0,0
63622,0,0
63623,0,0
63624,0,0
63625,0,0
63626,0,0
63627,0,0
63628,0,0
63629,0,0
63630,0,0
63631,0,0
63633,0,0
63636,0,0
63637,0,0
63638,0,0
63640,0,0
63645,0,0
63648,0,0
63650,0,0
63653,0,0
63654,0,0
63655,0,0
63656,0,0
63660,0,0
63662,0,0
63663,0,0
63664,0,0
63665,0,0
63670,0,0
63673,0,0
63674,0,0
63675,0,0
63701,0,0
63703,0,0
63730,0,0
63732,0,0
63735,0,0
63736,0,0
63738,0,0
63739,0,0
63740,0,0
63742,0,0
63743,0,0
63744,0,0
63745,0,0
63746,0,0
63747,0,0
63748,0,0
63750,0,0
63751,0,0
63755,0,0
63758,0,0
63760,0,0
63763,0,0
63764,0,0
63766,0,0
63767,0,0
63769,0,0
63770,0,0
63771,0,0
63774,0,0
63775,0,0
63780,0,0
63781,0,0
63782,0,0
63783,0,0
63784,0,0
63785,0,0
63787,0,0
63801,0,0
63820,0,0
63821,0,0
63822,0,0
63823,0,0
63824,0,0
63825,0,0
63826,0,0
63827,0,0
63828,0,0
63829,0,0
63830,0,0
63833,0,0
63834,0,0
63837,0,0
63839,0,0
63840,0,0
63841,0,0
63845,0,0
63846,0,0
63847,0,0
63848,0,0
63849,0,0
63850,0,0
63851,0,0
63852,0,0
63853,0,0
63855,0,0
63857,0,0
63860,0,0
63862,0,0
63863,0,0
63866,0,0
63867,0,0
63868,0,0
63869,0,0
63870,0,0
63873,0,0
63874,0,0
63876,0,0
63877,0,0
63878,0,0
63879,0,0
63880,0,0
63882,0,0
63901,0,0
63932,0,0
63933,0,0
63934,0,0
63935,0,0
63936,0,0
63937,0,0
63939,0,0
63940,0,0
63941,0,0
63942,0,0
63943,0,0
63944,0,0
63945,0,0
63950,0,0
63951,0,0
63952,0,0
63953,0,0
63954,0,0
63955,0,0
63956,0,0
63957,0,0
63960,0,0
63961,0,0
63962,0,0
63964,0,0
63965,0,0
63966,0,0
63967,0,0
64001,0,0
64011,0,0
64012,0,0
64014,0,0
64015,0,0
64016,0,0
64017,0,0
64018,0,0
64019,0,0
64020,0,0
64021,0,0
64022,0,0
64024,0,0
64028,0,0
64029,0,0
64030,0,0
64034,0,0
64035,0,0
64036,0,0
64037,0,0
64040,0,0
64048,0,0
64050,0,0
64052,0,0
64053,0,0
64054,0,0
64055,0,0
64056,0,0
64057,0,0
64058,0,0
64060,0,0
64061,0,0
64062,0,0
64063,0,0
64064,0,0
64065,0,0
64066,0,0
64067,0,0
64068,0,0
64070,0,0
64071,0,0
64072,0,0
64074,0,0
64075,0,0
64076,0,0
64077,0,0
64078,0,0
64079,0,0
64080,0,0
64081,0,0
64082,0,0
64083,0,0
64084,0,0
64085,0,0
64086,0,0
64088,0,0
64089,0,0
64090,0,0
64092,0,0
64093,0,0
64096,0,0
64097,0,0
64098,0,0
64101,0,0
64102,0,0
64105,0,0
64106,0,0
64108,0,0
64109,0,0
64110,0,0
64111,0,0
64112,0,0
64113,0,0
64114,0,0
64116,0,0
64117,0,0
64118,0,0
64119,0,0
64120,0,0
64123,0,0
64124,0,0
64125,0,0
64126,0,0
64127,0,0
64128,0,0
64129,0,0
64130,0,0
64131,0,0
64132,0,0
64133,0,0
64134,0,0
64136,0,0
64137,0,0
64138,0,0
64139,0,0
64145,0,0
64146,0,0
64147,0,0
64149,0,0
64150,0,0
64151,0,0
64152,0,0
64153,0,0
64154,0,0
64155,0,0
64156,0,0
64157,0,0
64158,0,0
64161,0,0
64163,0,0
64164,0,0
64165,0,0
64166,0,0
64167,0,0
64401,0,0
64402,0,0
64420,0,0
64421,0,0
64422,0,0
64423,0,0
64424,0,0
64426,0,0
64427,0,0
64428,0,0
64429,0,0
64430,0,0
64431,0,0
64432,0,0
64433,0,0
64434,0,0
64436,0,0
64437,0,0
64438,0,0
64439,0,0
64440,0,0
64441,0,0
64442,0,0
64443,0,0
64444,0,0
64445,0,0
64446,0,0
64448,0,0
64449,0,0
64451,0,0
64453,0,0
64454,0,0
64455,0,0
64456,0,0
64457,0,0
64458,0,0
64459,0,0
64461,0,0
64463,0,0
64465,0,0
64466,0,0
64467,0,0
64468,0,0
64469,0,0
64470,0,0
64471,0,0
64473,0,0
64474,0,0
64475,0,0
64476,0,0
64477,0,0
64479,0,0
64480,0,0
64481,0,0
64482,0,0
64483,0,0
64484,0,0
64485,0,0
64486,0,0
64487,0,0
64489,0,0
64490,0,0
64491,0,0
64492,0,0
64493,0,0
64494,0,0
64496,0,0
64497,0,0
64498,0,0
64499,0,0
64501,0,0
64503,0,0
64504,0,0
64505,0,0
64506,0,0
64507,0,0
64601,0,0
64620,0,0
64622,0,0
64623,0,0
64624,0,0
64625,0,0
64628,0,0
64630,0,0
64631,0,0
64632,0,0
64633,0,0
64635,0,0
64636,0,0
64637,0,0
64638,0,0
64639,0,0
64640,0,0
64641,0,0
64642,0,0
64643,0,0
64644,0,0
64645,0,0
64646,0,0
64647,0,0
64648,0,0
64649,0,0
64650,0,0
64651,0,0
64652,0,0
64653,0,0
64654,0,0
64655,0,0
64656,0,0
64657,0,0
64658,0,0
64659,0,0
64660,0,0
64661,0,0
64664,0,0
64667,0,0
64668,0,0
64670,0,0
64671,0,0
64672,0,0
64673,0,0
64674,0,0
64676,0,0
64679,0,0
64681,0,0
64682,0,0
64683,0,0
64686,0,0
64688,0,0
64689,0,0
64701,0,0
64720,0,0
64722,0,0
64723,0,0
64724,0,0
64725,0,0
64726,0,0
64728,0,0
64730,0,0
64733,0,0
64734,0,0
64735,0,0
64738,0,0
64739,0,0
64740,0,0
64741,0,0
64742,0,0
64743,0,0
64744,0,0
64745,0,0
64746,0,0
64747,0,0
64748,0,0
64750,0,0
64752,0,0
64755,0,0
64756,0,0
64759,0,0
64761,0,0
64762,0,0
64763,0,0
64765,0,0
64767,0,0
64769,0,0
64770,0,0
64771,0,0
64772,0,0
64776,0,0
64778,0,0
64779,0,0
64780,0,0
64781,0,0
64783,0,0
64784,0,0
64788,0,0
64790,0,0
64801,0,0
64804,0,0
64830,0,0
64831,0,0
64832,0,0
64833,0,0
64834,0,0
64835,0,0
64836,0,0
64840,0,0
64841,0,0
64842,0,0
64843,0,0
64844,0,0
64847,0,0
64848,0,0
64849,0,0
64850,0,0
64854,0,0
64855,0,0
64856,0,0
64857,0,0
64858,0,0
64859,0,0
64861,0,0
64862,0,0
64863,0,0
64865,0,0
64866,0,0
64867,0,0
64868,0,0
64870,0,0
64873,0,0
64874,0,0
65001,0,0
65010,0,0
65011,0,0
65013,0,0
65014,0,0
65016,0,0
65017,0,0
65018,0,0
65020,0,0
65023,0,0
65024,0,0
65025,0,0
65026,0,0
65032,0,0
65034,0,0
65035,0,0
65037,0,0
65039,0,0
65040,0,0
65041,0,0
65043,0,0
65046,0,0
65047,0,0
65048,0,0
65049,0,0
65050,0,0
65051,0,0
65052,0,0
65053,0,0
65054,0,0
65058,0,0
65059,0,0
65061,0,0
65062,0,0
65063,0,0
65064,0,0
65065,0,0
65066,0,0
65067,0,0
65068,0,0
65069,0,0
65072,0,0
65074,0,0
65075,0,0
65076,0,0
65077,0,0
65078,0,0
65079,0,0
65080,0,0
65081,0,0
65082,0,0
65083,0,0
65084,0,0
65085,0,0
65101,0,0
65109,0,0
65201,0,0
65202,0,0
65203,0,0
65215,0,0
65216,0,0
65230,0,0
65231,0,0
65232,0,0
65233,0,0
65236,0,0
65237,0,0
65239,0,0
65240,0,0
65243,0,0
65244,0,0
65246,0,0
65247,0,0
65248,0,0
65250,0,0
65251,0,0
65254,0,0
65255,0,0
65256,0,0
65257,0,0
65258,0,0
65259,0,0
65260,0,0
65261,0,0
65262,0,0
65263,0,0
65264,0,0
65265,0,0
65270,0,0
65274,0,0
65275,0,0
65276,0,0
65278,0,0
65279,0,0
65280,0,0
65281,0,0
65282,0,0
65283,0,0
65284,0,0
65285,0,0
65286,0,0
65287,0,0
65301,0,0
65305,0,0
65320,0,0
65321,0,0
65322,0,0
65323,0,0
65324,0,0
65325,0,0
65326,0,0
65327,0,0
65329,0,0
65330,0,0
65332,0,0
65333,0,0
65334,0,0
65335,0,0
65336,0,0
65337,0,0
65338,0,0
65339,0,0
65340,0,0
65344,0,0
65345,0,0
65347,0,0
65348,0,0
65349,0,0
65350,0,0
65351,0,0
65354,0,0
65355,0,0
65360,0,0
65401,0,0
65409,0,0
65436,0,0
65438,0,0
65439,0,0
65440,0,0
65441,0,0
65443,0,0
65444,0,0
65446,0,0
65449,0,0
65452,0,0
65453,0,0
65456,0,0
65457,0,0
65459,0,0
65461,0,0
65462,0,0
65463,0,0
65464,0,0
65466,0,0
65468,0,0
65470,0,0
65473,0,0
65479,0,0
65483,0,0
65484,0,0
65486,0,0
65501,0,0
65529,0,0
65534,0,0
65535,0,0
65536,0,0
65541,0,0
65542,0,0
65543,0,0
65548,0,0
65550,0,0
65552,0,0
65555,0,0
65556,0,0
65557,0,0
65559,0,0
65560,0,0
65564,0,0
65565,0,0
65566,0,0
65567,0,0
65570,0,0
65571,0,0
65580,0,0
65582,0,0
65583,0,0
65584,0,0
65586,0,0
65588,0,0
65589,0,0
65590,0,0
65591,0,0
65601,0,0
65603,0,0
65604,0,0
65605,0,0
65606,0,0
65608,0,0
65609,0,0
65610,0,0
65611,0,0
65612,0,0
65613,0,0
65614,0,0
65616,0,0
65617,0,0
65618,0,0
65619,0,0
65620,0,0
65622,0,0
65623,0,0
65624,0,0
65625,0,0
65626,0,0
65627,0,0
65629,0,0
65630,0,0
65631,0,0
65632,0,0
65633,0,0
65634,0,0
65635,0,0
65637,0,0
65638,0,0
65640,0,0
65641,0,0
65644,0,0
65646,0,0
65647,0,0
65648,0,0
65649,0,0
65650,0,0
65652,0,0
65653,0,0
65654,0,0
65655,0,0
65656,0,0
65657,0,0
65658,0,0
65660,0,0
65661,0,0
65662,0,0
65663,0,0
65664,0,0
65666,0,0
65667,0,0
65668,0,0
65669,0,0
65672,0,0
65674,0,0
65675,0,0
65676,0,0
65679,0,0
65680,0,0
65681,0,0
65682,0,0
65685,0,0
65686,0,0
65688,0,0
65689,0,0
65690,0,0
65692,0,0
65702,0,0
65704,0,0
65705,0,0
65706,0,0
65707,0,0
65708,0,0
65710,0,0
65711,0,0
65712,0,0
65713,0,0
65714,0,0
65715,0,0
65717,0,0
65720,0,0
65721,0,0
65722,0,0
65723,0,0
65724,0,0
65725,0,0
65726,0,0
65727,0,0
65728,0,0
65729,0,0
65730,0,0
65731,0,0
65732,0,0
65733,0,0
65734,0,0
65735,0,0
65737,0,0
65738,0,0
65739,0,0
65740,0,0
65741,0,0
65742,0,0
65744,0,0
65745,0,0
65746,0,0
65747,0,0
65752,0,0
65753,0,0
65754,0,0
65755,0,0
65756,0,0
65757,0,0
65759,0,0
65760,0,0
65761,0,0
65762,0,0
65764,0,0
65766,0,0
65767,0,0
65768,0,0
65769,0,0
65770,0,0
65771,0,0
65772,0,0
65773,0,0
65774,0,0
65775,0,0
65777,0,0
65778,0,0
65779,0,0
65781,0,0
65783,0,0
65784,0,0
65785,0,0
65786,0,0
65787,0,0
65788,0,0
65789,0,0
65790,0,0
65791,0,0
65793,0,0
65801,0,0
65802,0,0
65803,0,0
65804,0,0
65806,0,0
65807,0,0
65809,0,0
65810,0,0
65897,0,0
66002,0,0
66006,0,0
66007,0,0
66008,0,0
66010,0,0
66012,0,0
66013,0,0
66014,0,0
66015,0,0
66016,0,0
66017,0,0
66018,0,0
66020,0,0
66021,0,0
66023,0,0
66024,0,0
66025,0,0
66026,0,0
66027,0,0
66030,0,0
66031,0,0
66032,0,0
66033,0,0
66035,0,0
66039,0,0
66040,0,0
66041,0,0
66042,0,0
66043,0,0
66044,0,0
66045,0,0
66046,0,0
66047,0,0
66048,0,0
66049,0,0
66050,0,0
66052,0,0
66053,0,0
66054,0,0
66056,0,0
66058,0,0
66060,0,0
66061,0,0
66062,0,0
66064,0,0
66066,0,0
66067,0,0
66070,0,0
66071,0,0
66072,0,0
66073,0,0
66075,0,0
66076,0,0
66078,0,0
66079,0,0
66080,0,0
66083,0,0
66085,0,0
66086,0,0
66087,0,0
66088,0,0
66090,0,0
66091,0,0
66092,0,0
66093,0,0
66094,0,0
66095,0,0
66097,0,0
66101,0,0
66102,0,0
66103,0,0
66104,0,0
66105,0,0
66106,0,0
66109,0,0
66111,0,0
66112,0,0
66115,0,0
66118,0,0
66160,0,0
66202,0,0
66203,0,0
66204,0,0
66205,0,0
66206,0,0
66207,0,0
66208,0,0
66209,0,0
66210,0,0
66211,0,0
66212,0,0
66213,0,0
66214,0,0
66215,0,0
66216,0,0
66217,0,0
66218,0,0
66219,0,0
66220,0,0
66221,0,0
66223,0,0
66224,0,0
66226,0,0
66227,0,0
66251,0,0
66401,0,0
66402,0,0
66403,0,0
66404,0,0
66406,0,0
66407,0,0
66408,0,0
66409,0,0
66411,0,0
66412,0,0
66413,0,0
66414,0,0
66415,0,0
66416,0,0
66417,0,0
66418,0,0
66419,0,0
66422,0,0
66423,0,0
66424,0,0
66425,0,0
66427,0,0
66428,0,0
66429,0,0
66431,0,0
66432,0,0
66434,0,0
66436,0,0
66438,0,0
66439,0,0
66440,0,0
66441,0,0
66442,0,0
66449,0,0
66451,0,0
66501,0,0
66502,0,0
66503,0,0
66506,0,0
66507,0,0
66508,0,0
66509,0,0
66510,0,0
66512,0,0
66514,0,0
66515,0,0
66516,0,0
66517,0,0
66518,0,0
66520,0,0
66521,0,0
66522,0,0
66523,0,0
66524,0,0
66526,0,0
66527,0,0
66528,0,0
66531,0,0
66532,0,0
66533,0,0
66534,0,0
66535,0,0
66536,0,0
66537,0,0
66538,0,0
66539,0,0
66540,0,0
66541,0,0
66542,0,0
66543,0,0
66544,0,0
66546,0,0
66547,0,0
66548,0,0
66549,0,0
66550,0,0
66552,0,0
66554,0,0
66603,0,0
66604,0,0
66605,0,0
66606,0,0
66607,0,0
66608,0,0
66609,0,0
66610,0,0
66611,0,0
66612,0,0
66614,0,0
66615,0,0
66616,0,0
66617,0,0
66618,0,0
66619,0,0
66621,0,0
66622,0,0
66701,0,0
66710,0,0
66711,0,0
66712,0,0
66713,0,0
66714,0,0
66716,0,0
66717,0,0
66720,0,0
66724,0,0
66725,0,0
66732,0,0
66733,0,0
66734,0,0
66735,0,0
66736,0,0
66738,0,0
66739,0,0
66740,0,0
66741,0,0
66742,0,0
66743,0,0
66746,0,0
66748,0,0
66749,0,0
66751,0,0
66753,0,0
66754,0,0
66755,0,0
66756,0,0
66757,0,0
66758,0,0
66760,0,0
66761,0,0
66762,0,0
66763,0,0
66767,0,0
66769,0,0
66770,0,0
66771,0,0
66772,0,0
66773,0,0
66775,0,0
66776,0,0
66777,0,0
66778,0,0
66779,0,0
66780,0,0
66781,0,0
66782,0,0
66783,0,0
66801,0,0
66830,0,0
66833,0,0
66834,0,0
66835,0,0
66838,0,0
66839,0,0
66840,0,0
66842,0,0
66843,0,0
66845,0,0
66846,0,0
66849,0,0
66850,0,0
66851,0,0
66852,0,0
66853,0,0
66854,0,0
66856,0,0
66857,0,0
66858,0,0
66859,0,0
66860,0,0
66861,0,0
66862,0,0
66863,0,0
66864,0,0
66865,0,0
66866,0,0
66868,0,0
66869,0,0
66870,0,0
66871,0,0
66872,0,0
66873,0,0
66901,0,0
66930,0,0
66933,0,0
66935,0,0
66936,0,0
66937,0,0
66938,0,0
66939,0,0
66940,0,0
66941,0,0
66942,0,0
66943,0,0
66944,0,0
66945,0,0
66946,0,0
66948,0,0
66949,0,0
66952,0,0
66953,0,0
66955,0,0
66956,0,0
66958,0,0
66959,0,0
66960,0,0
66961,0,0
66962,0,0
66963,0,0
66964,0,0
66966,0,0
66968,0,0
66970,0,0
67001,0,0
67002,0,0
67003,0,0
67004,0,0
67005,0,0
67008,0,0
67009,0,0
67010,0,0
67012,0,0
67013,0,0
67016,0,0
67017,0,0
67018,0,0
67019,0,0
67020,0,0
67022,0,0
67023,0,0
67024,0,0
67025,0,0
67026,0,0
67030,0,0
67031,0,0
67035,0,0
67036,0,0
67037,0,0
67038,0,0
67039,0,0
67041,0,0
67042,0,0
67045,0,0
67047,0,0
67049,0,0
67050,0,0
67051,0,0
67052,0,0
67053,0,0
67055,0,0
67056,0,0
67058,0,0
67060,0,0
67061,0,0
67062,0,0
67063,0,0
67065,0,0
67067,0,0
67068,0,0
67070,0,0
67072,0,0
67073,0,0
67074,0,0
67101,0,0
67102,0,0
67103,0,0
67104,0,0
67105,0,0
67106,0,0
67107,0,0
67108,0,0
67110,0,0
67111,0,0
67112,0,0
67114,0,0
67117,0,0
67118,0,0
67119,0,0
67120,0,0
67122,0,0
67123,0,0
67131,0,0
67132,0,0
67133,0,0
67135,0,0
67137,0,0
67138,0,0
67140,0,0
67142,0,0
67144,0,0
67146,0,0
67147,0,0
67149,0,0
67150,0,0
67151,0,0
67152,0,0
67154,0,0
67156,0,0
67159,0,0
67202,0,0
67203,0,0
67204,0,0
67205,0,0
67206,0,0
67207,0,0
67208,0,0
67209,0,0
67210,0,0
67211,0,0
67212,0,0
67213,0,0
67214,0,0
67215,0,0
67216,0,0
67217,0,0
67218,0,0
67219,0,0
67220,0,0
67221,0,0
67223,0,0
67226,0,0
67227,0,0
67228,0,0
67230,0,0
67232,0,0
67235,0,0
67260,0,0
67301,0,0
67330,0,0
67332,0,0
67333,0,0
67334,0,0
67335,0,0
67336,0,0
67337,0,0
67340,0,0
67341,0,0
67342,0,0
67344,0,0
67345,0,0
67346,0,0
67347,0,0
67349,0,0
67351,0,0
67352,0,0
67353,0,0
67354,0,0
67355,0,0
67356,0,0
67357,0,0
67360,0,0
67361,0,0
67363,0,0
67364,0,0
67401,0,0
67410,0,0
67416,0,0
67417,0,0
67418,0,0
67420,0,0
67422,0,0
67423,0,0
67425,0,0
67427,0,0
67428,0,0
67430,0,0
67431,0,0
67432,0,0
67436,0,0
67437,0,0
67438,0,0
67439,0,0
67441,0,0
67442,0,0
67443,0,0
67444,0,0
67445,0,0
67446,0,0
67447,0,0
67448,0,0
67449,0,0
67450,0,0
67451,0,0
67452,0,0
67454,0,0
67455,0,0
67456,0,0
67457,0,0
67458,0,0
67459,0,0
67460,0,0
67464,0,0
67466,0,0
67467,0,0
67468,0,0
67470,0,0
67475,0,0
67476,0,0
67478,0,0
67480,0,0
67481,0,0
67482,0,0
67483,0,0
67484,0,0
67485,0,0
67487,0,0
67490,0,0
67491,0,0
67492,0,0
67501,0,0
67502,0,0
67505,0,0
67510,0,0
67512,0,0
67514,0,0
67522,0,0
67524,0,0
67525,0,0
67526,0,0
67543,0,0
67546,0,0
67554,0,0
67561,0,0
67566,0,0
67568,0,0
67570,0,0
67573,0,0
67578,0,0
67579,0,0
67581,0,0
67583,0,0
67634,0,0
67648,0,0
68001,0,0
68002,0,0
68003,0,0
68004,0,0
68005,0,0
68007,0,0
68008,0,0
68010,0,0
68014,0,0
68015,0,0
68016,0,0
68017,0,0
68018,0,0
68019,0,0
68020,0,0
68022,0,0
68023,0,0
68025,0,0
68028,0,0
68029,0,0
68030,0,0
68031,0,0
68033,0,0
68034,0,0
68036,0,0
68037,0,0
68038,0,0
68039,0,0
68040,0,0
68041,0,0
68042,0,0
68044,0,0
68045,0,0
68046,0,0
68047,0,0
68048,0,0
68050,0,0
68055,0,0
68056,0,0
68057,0,0
68058,0,0
68059,0,0
68061,0,0
68062,0,0
68063,0,0
68064,0,0
68065,0,0
68066,0,0
68067,0,0
68068,0,0
68069,0,0
68070,0,0
68071,0,0
68072,0,0
68073,0,0
68102,0,0
68104,0,0
68105,0,0
68106,0,0
68107,0,0
68108,0,0
68110,0,0
68111,0,0
68112,0,0
68113,0,0
68114,0,0
68116,0,0
68117,0,0
68118,0,0
68122,0,0
68123,0,0
68124,0,0
68127,0,0
68128,0,0
68130,0,0
68131,0,0
68132,0,0
68133,0,0
68134,0,0
68135,0,0
68136,0,0
68137,0,0
68138,0,0
68142,0,0
68144,0,0
68147,0,0
68152,0,0
68154,0,0
68157,0,0
68164,0,0
68178,0,0
68182,0,0
68183,0,0
68301,0,0
68303,0,0
68304,0,0
68305,0,0
68307,0,0
68309,0,0
68310,0,0
68313,0,0
68314,0,0
68315,0,0
68316,0,0
68317,0,0
68318,0,0
68319,0,0
68320,0,0
68321,0,0
68322,0,0
68323,0,0
68324,0,0
68325,0,0
68326,0,0
68327,0,0
68328,0,0
68329,0,0
68330,0,0
68331,0,0
68332,0,0
68333,0,0
68335,0,0
68336,0,0
68337,0,0
68338,0,0
68339,0,0
68340,0,0
68341,0,0
68342,0,0
68343,0,0
68344,0,0
68345,0,0
68346,0,0
68347,0,0
68348,0,0
68349,0,0
68350,0,0
68351,0,0
68352,0,0
68354,0,0
68355,0,0
68357,0,0
68358,0,0
68359,0,0
68360,0,0
68361,0,0
68362,0,0
68364,0,0
68365,0,0
68366,0,0
68367,0,0
68368,0,0
68370,0,0
68371,0,0
68372,0,0
68375,0,0
68376,0,0
68377,0,0
68378,0,0
68379,0,0
68380,0,0
68381,0,0
68382,0,0
68401,0,0
68402,0,0
68403,0,0
68404,0,0
68405,0,0
68406,0,0
68407,0,0
68409,0,0
68410,0,0
68413,0,0
68414,0,0
68415,0,0
68416,0,0
68417,0,0
68418,0,0
68419,0,0
68420,0,0
68421,0,0
68422,0,0
68423,0,0
68424,0,0
68428,0,0
68429,0,0
68430,0,0
68431,0,0
68433,0,0
68434,0,0
68436,0,0
68437,0,0
68438,0,0
68439,0,0
68440,0,0
68441,0,0
68442,0,0
68443,0,0
68444,0,0
68445,0,0
68446,0,0
68447,0,0
68448,0,0
68450,0,0
68452,0,0
68453,0,0
68454,0,0
68455,0,0
68456,0,0
68457,0,0
68458,0,0
68460,0,0
68461,0,0
68462,0,0
68463,0,0
68464,0,0
68465,0,0
68466,0,0
68467,0,0
68502,0,0
68503,0,0
68504,0,0
68505,0,0
68506,0,0
68507,0,0
68508,0,0
68510,0,0
68512,0,0
68514,0,0
68516,0,0
68517,0,0
68520,0,0
68521,0,0
68522,0,0
68523,0,0
68524,0,0
68526,0,0
68527,0,0
68528,0,0
68531,0,0
68532,0,0
68588,0,0
68601,0,0
68620,0,0
68621,0,0
68622,0,0
68623,0,0
68624,0,0
68626,0,0
68627,0,0
68628,0,0
68629,0,0
68631,0,0
68632,0,0
68633,0,0
68634,0,0
68635,0,0
68636,0,0
68637,0,0
68638,0,0
68640,0,0
68641,0,0
68642,0,0
68643,0,0
68644,0,0
68647,0,0
68648,0,0
68649,0,0
68651,0,0
68652,0,0
68653,0,0
68654,0,0
68655,0,0
68658,0,0
68659,0,0
68660,0,0
68661,0,0
68662,0,0
68663,0,0
68664,0,0
68665,0,0
68666,0,0
68667,0,0
68669,0,0
68701,0,0
68710,0,0
68715,0,0
68716,0,0
68717,0,0
68718,0,0
68719,0,0
68720,0,0
68723,0,0
68724,0,0
68726,0,0
68727,0,0
68728,0,0
68729,0,0
68730,0,0
68731,0,0
68732,0,0
68733,0,0
68735,0,0
68736,0,0
68739,0,0
68740,0,0
68741,0,0
68742,0,0
68743,0,0
68745,0,0
68746,0,0
68747,0,0
68748,0,0
68749,0,0
68751,0,0
68752,0,0
68756,0,0
68757,0,0
68758,0,0
68760,0,0
68761,0,0
68763,0,0
68764,0,0
68765,0,0
68766,0,0
68767,0,0
68768,0,0
68769,0,0
68770,0,0
68771,0,0
68773,0,0
68774,0,0
68776,0,0
68779,0,0
68781,0,0
68783,0,0
68784,0,0
68785,0,0
68786,0,0
68787,0,0
68788,0,0
68789,0,0
68790,0,0
68791,0,0
68792,0,0
68801,0,0
68803,0,0
68810,0,0
68816,0,0
68818,0,0
68824,0,0
68826,0,0
68827,0,0
68831,0,0
68832,0,0
68835,0,0
68841,0,0
68842,0,0
68843,0,0
68846,0,0
68854,0,0
68864,0,0
68865,0,0
68872,0,0
68873,0,0
68882,0,0
68883,0,0
68901,0,0
68925,0,0
68928,0,0
68930,0,0
68933,0,0
68934,0,0
68935,0,0
68938,0,0
68941,0,0
68942,0,0
68943,0,0
68944,0,0
68954,0,0
68955,0,0
68957,0,0
68961,0,0
68964,0,0
68970,0,0
68973,0,0
68974,0,0
68975,0,0
68978,0,0
68979,0,0
68980,0,0
70001,0,0
70002,0.0258,0.032
70003,0.00371,0.00577
70005,0.0252,0.0329
70006,0.0186,0.023
70030,0.973,0.973
70031,0.00738,0.0714
70032,0,0.0295
70036,0.704,0.704
70037,0.206,0.215
70038,0,0
70039,0.983,0.983
70040,0.533,0.533
70041,0.22,0.241
70043,0,0.0261
70047,0.000472,0.0328
70049,0.439,0.988
70050,0,0
70051,0.728,0.88
70052,0.598,0.995
70053,0,0.0134
70056,0,0
70057,0.767,0.988
70058,0,0.00203
70062,0.00489,0.0244
70065,0.0171,0.0232
70067,0.834,0.834
70068,0.805,0.989
70070,0.919,0.937
70071,0.518,0.992
70072,0.641,0.643
70075,0,0.0691
70076,0.49,0.968
70079,0.00157,0.0471
70080,1,1
70082,0.606,0.606
70083,0.394,0.394
70084,0.546,0.99
70085,0.664,0.668
70086,0.447,0.944
70087,0.396,0.426
70090,0.71,0.988
70091,0.489,0.501
70092,0.0107,0.038
70094,0.0496,0.0688
70112,0,0
70113,0,0
70114,0,0.0171
70115,0,0.0874
70116,0,0.0181
70117,0.00104,0.023
70118,0,0.0323
70119,0,0
70121,0,0.0631
70122,0.00412,0.011
70123,0,0.0629
70124,0.0339,0.0374
70125,0,0
70126,0.0668,0.0775
70127,0.00944,0.00944
70128,0.0102,0.0108
70129,0.466,0.468
70130,0,0.0714
70131,0,0.0199
70139,0,0
70148,0.093,0.15
70163,0,0
70301,0.901,0.99
70310,0.0916,1
70339,0.933,0.953
70340,0.841,1
70341,0.413,0.978
70342,0.0401,0.0486
70343,0.917,0.949
70344,0.522,0.522
70345,0.466,0.466
70346,0.133,0.861
70352,1,1
70353,0.616,0.616
70354,0.24,0.24
70355,0.948,0.948
70356,0.97,0.978
70357,0.396,0.402
70358,0.596,0.645
70359,0.715,0.986
70360,0.815,0.877
70363,0.888,0.93
70364,0.865,0.919
70372,0.781,0.992
70373,0.782,0.782
70374,0.927,0.939
70375,0.915,0.955
70377,0.506,0.507
70380,0.772,0.792
70390,0.682,0.988
70391,0,0.973
70392,0.366,0.382
70393,0.868,0.991
70394,0.894,0.961
70395,0.849,0.99
70397,0.599,0.6
70401,0,0
70402,0,0
70403,0.0079,0.0752
70420,0,0.00125
70422,0,0
70426,0,0
70427,0,0
70431,0,0
70433,0.0701,0.219
70435,0.0000274,0.00195
70436,0,0
70437,0,0
70438,0,0
70441,0,0
70442,0,0
70443,0,0
70444,0,0
70445,0.133,0.235
70446,0,0
70447,0.349,0.513
70448,0.114,0.469
70449,0.923,0.992
70450,0,0
70451,0,0
70452,0.149,0.417
70453,0,0
70454,0.631,0.778
70455,0,0.0335
70456,0,0
70457,0,0
70458,0.381,0.714
70460,0.221,0.64
70461,0.57,0.812
70462,0.541,0.972
70463,0,0
70464,0,0
70465,0,0
70466,0,0
70471,0.183,0.311
70501,0,0.37
70503,0,0.156
70506,0,0.199
70507,0,0.195
70508,0,0.122
70510,0.665,0.941
70512,0,0.459
70513,0.249,0.328
70514,0.615,0.995
70515,0,0.0538
70516,0,0
70517,0,0.87
70518,0.000138,0.43
70519,0,0.0745
70520,0,0.215
70522,0.681,0.987
70523,0.0271,0.993
70524,0,0
70525,0,0
70526,0.000978,0.656
70528,0.954,0.955
70529,0,0.068
70531,0.0773,0.783
70532,0,0.00753
70533,0.855,0.941
70534,0.0244,0.994
70535,0,0.00595
70537,0.13,0.779
70538,0.892,0.981
70541,0,0
70542,0.775,0.935
70543,0.00209,0.129
70544,0.529,0.972
70546,0.0479,0.463
70548,0.652,0.845
70549,0.619,0.867
70550,0,0
70551,0,0.00429
70552,0.524,0.983
70554,0,0
70555,0,0.867
70556,0.317,1
70558,0,0.555
70559,0.106,0.984
70560,0.626,0.904
70563,0.265,0.966
70570,0,0.0000665
70575,0,1
70576,0,0
70577,0,0.489
70578,0,0.23
70580,0,0
70581,0,0.461
70582,0.059,0.918
70583,0,0.000202
70584,0,0
70585,0,0
70586,0,0
70589,0,0.011
70591,0.138,0.472
70592,0.00723,0.591
70601,0.086,0.883
70605,0.233,0.898
70607,0.355,0.897
70609,0,1
70611,0.0968,0.224
70615,0.0775,0.824
70629,0,0.835
70630,0.617,0.887
70631,0.707,0.713
70632,0.855,0.856
70633,0,0.0459
70634,0,0
70637,0,0
70638,0,0
70639,0,0
70640,0,0
70643,0.808,0.809
70644,0,0
70645,0.51,0.565
70646,0.718,1
70647,0.0502,0.495
70648,0,0.023
70650,0,1
70651,0,0.0226
70652,0,0
70653,0,0
70654,0,0
70655,0,0
70656,0,0
70657,0,0.0494
70658,0,0.0501
70659,0,0
70660,0,0
70661,0.0249,0.223
70662,0,0
70663,0.0136,0.748
70665,0.255,0.903
70668,0.245,0.842
70669,0.0931,0.788
70706,0,0
70710,0,0.861
70711,0,0
70712,0,0
70714,0,0
70715,0,0.00676
70719,0,0.89
70721,0,0.883
70722,0,0
70723,0.53,0.947
70725,0.00133,0.84
70726,0.0858,0.356
70729,0,0.261
70730,0,0
70732,0,0.834
70733,0.587,1
70734,0.00124,0.978
70736,0,0
70737,0.414,1
70739,0,0
70740,0.0858,0.989
70743,0.605,0.966
70744,0.000583,0.0736
70747,0,0
70748,0,0
70749,0,0.128
70750,0,0.647
70752,0,0.271
70753,0,0.21
70754,0.141,0.532
70755,0,0.837
70756,0,0.875
70757,0.0501,0.962
70759,0,0.239
70760,0,0.327
70761,0,0
70762,0,0.725
70763,0.746,0.999
70764,0.352,0.884
70767,0,0.794
70769,0.116,0.873
70770,0,0
70772,0,0.996
70773,0,0.0287
70774,0.957,1
70775,0,0
70776,0,0.966
70777,0,0
70778,0.917,0.976
70780,0,0.83
70782,0,0
70783,0,0.00453
70785,0,0.0000306
70786,0,0
70787,0,0
70788,0.443,0.966
70789,0,0
70791,0,0
70801,0,0
70802,0,0.148
70803,0,0.516
70805,0,0
70806,0,0
70807,0,0
70808,0,0.236
70809,0,0.228
70810,0,0.659
70811,0,0
70812,0,0
70813,0,0
70814,0,0
70815,0,0
70816,0.000351,0.102
70817,0.0232,0.428
70818,0,0
70819,0,0.0355
70820,0,0.9
70825,0,0
70836,0,0.556
71001,0,0
71002,0,0
71003,0,0
71004,0,0
71006,0,0
71007,0,0
71008,0,0
71009,0,0
71016,0,0
71018,0,0
71019,0,0
71021,0,0
71023,0,0
71024,0,0
71027,0,0
71028,0,0
71029,0,0
71030,0,0
71031,0,0
71032,0,0
71033,0,0
71034,0,0
71037,0,0
71038,0,0
71039,0,0
71040,0,0
71043,0,0
71044,0,0
71045,0,0
71046,0,0
71047,0,0
71048,0,0
71049,0,0
71051,0,0
71052,0,0
71055,0,0
71060,0,0
71061,0,0
71063,0,0
71064,0,0
71065,0,0
71066,0,0
71067,0,0
71068,0,0
71069,0,0
71070,0,0
71071,0,0
71072,0,0
71073,0,0
71075,0,0
71078,0,0
71079,0,0
71082,0,0
71101,0,0
71103,0,0
71104,0,0
71105,0,0
71106,0,0
71107,0,0
71108,0,0
71109,0,0
71110,0,0
71111,0,0
71112,0,0
71115,0,0
71118,0,0
71119,0,0
71129,0,0
71201,0,0
71202,0,0
71203,0,0
71209,0,0
71212,0,0
71218,0,0
71219,0,0
71220,0,0
71222,0,0
71223,0,0
71225,0,0
71226,0,0
71227,0,0
71229,0,0
71230,0,0
71232,0,0
71233,0,0
71234,0,0
71235,0,0
71237,0,0
71238,0,0
71241,0,0
71242,0,0
71243,0,0
71245,0,0
71247,0,0
71250,0,0
71251,0,0
71253,0,0
71254,0,0
71256,0,0
71259,0,0
71260,0,0
71261,0,0
71263,0,0
71264,0,0
71266,0,0
71268,0,0
71269,0,0
71270,0,0
71272,0,0
71275,0,0
71276,0,0
71277,0,0
71279,0,0
71280,0,0
71282,0,0
71286,0,0
71291,0,0
71292,0,0
71295,0,0
71301,0,0
71302,0,0
71303,0,0
71316,0,0
71320,0,0
71322,0,0
71323,0,0
71325,0,0
71326,0,0
71327,0,0
71328,0,0
71330,0,0
71331,0,0
71333,0,0
71334,0,0
71336,0,0
71339,0,0
71340,0,0
71341,0,0
71342,0,0
71343,0,0
71345,0,0
71346,0,0
71350,0,0
71351,0,0
71353,0.0000352,0.0775
71354,0,0
71355,0,0
71356,0,0
71357,0,0
71358,0,0.0118
71359,0,0
71360,0,0
71362,0,0
71366,0,0
71367,0,0
71368,0,0
71369,0,0.000516
71371,0,0
71373,0,0
71375,0,0
71378,0,0
71401,0,0
71403,0,0
71404,0,0
71405,0,0
71406,0,0
71407,0,0
71409,0,0
71410,0,0
71411,0,0
71414,0,0
71415,0,0
71416,0,0
71417,0,0
71418,0,0
71419,0,0
71422,0,0
71423,0,0
71424,0,0
71425,0,0
71426,0,0
71427,0,0
71428,0,0
71429,0,0
71430,0,0
71432,0,0
71433,0,0
71434,0,0
71435,0,0
71438,0,0
71439,0,0
71441,0,0
71446,0,0
71447,0,0
71449,0,0
71450,0,0
71452,0,0
71454,0,0
71455,0,0
71456,0,0
71457,0,0
71459,0,0
71461,0,0
71462,0,0
71463,0,0
71465,0,0
71466,0,0
71467,0,0
71468,0,0
71469,0,0
71472,0,0
71473,0,0
71474,0,0
71475,0,0
71479,0,0
71480,0,0
71483,0,0
71485,0,0
71486,0,0
71497,0,0
71601,0,0
71602,0,0
71603,0,0
71630,0,0
71631,0,0
71635,0,0
71638,0,0
71639,0,0
71640,0,0
71642,0,0
71643,0,0
71644,0,0
71646,0,0
71647,0,0
71651,0,0
71652,0,0
71653,0,0
71654,0,0
71655,0,0
71658,0,0
71659,0,0
71660,0,0
71661,0,0
71662,0,0
71663,0,0
71665,0,0
71666,0,0
71667,0,0
71670,0,0
71671,0,0
71674,0,0
71675,0,0
71676,0,0
71677,0,0
71678,0,0
71701,0,0
71720,0,0
71721,0,0
71722,0,0
71724,0,0
71725,0,0
71726,0,0
71728,0,0
71730,0,0
71740,0,0
71742,0,0
71743,0,0
71744,0,0
71745,0,0
71747,0,0
71748,0,0
71749,0,0
71751,0,0
71752,0,0
71753,0,0
71758,0,0
71759,0,0
71762,0,0
71763,0,0
71764,0,0
71765,0,0
71766,0,0
71770,0,0
71772,0,0
71801,0,0
71820,0,0
71822,0,0
71823,0,0
71825,0,0
71826,0,0
71827,0,0
71831,0,0
71832,0,0
71833,0,0
71834,0,0
71835,0,0
71836,0,0
71837,0,0
71838,0,0
71839,0,0
71841,0,0
71842,0,0
71845,0,0
71846,0,0
71847,0,0
71851,0,0
71852,0,0
71853,0,0
71854,0,0
71855,0,0
71857,0,0
71858,0,0
71859,0,0
71860,0,0
71861,0,0
71862,0,0
71864,0,0
71865,0,0
71866,0,0
71901,0,0
71909,0,0
71913,0,0
71921,0,0
71922,0,0
71923,0,0
71929,0,0
71933,0,0
71935,0,0
71937,0,0
71940,0,0
71941,0,0
71942,0,0
71943,0,0
71944,0,0
71945,0,0
71949,0,0
71950,0,0
71952,0,0
71953,0,0
71956,0,0
71957,0,0
71958,0,0
71959,0,0
71960,0,0
71961,0,0
71962,0,0
71964,0,0
71965,0,0
71968,0,0
71969,0,0
71970,0,0
71971,0,0
71972,0,0
71973,0,0
71998,0,0
71999,0,0
72001,0,0
72002,0,0
72003,0,0
72004,0,0
72005,0,0
72006,0,0
72007,0,0
72010,0,0
72011,0,0
72012,0,0
72013,0,0
72014,0,0
72015,0,0
72016,0,0
72017,0,0
72019,0,0
72020,0,0
72021,0,0
72022,0,0
72023,0,0
72024,0,0
72025,0,0
72026,0,0
72027,0,0
72028,0,0
72029,0,0
72030,0,0
72031,0,0
72032,0,0
72034,0,0
72035,0,0
72036,0,0
72038,0,0
72039,0,0
72040,0,0
72041,0,0
72042,0,0
72044,0,0
72045,0,0
72046,0,0
72047,0,0
72048,0,0
72051,0,0
72052,0,0
72053,0,0
72055,0,0
72057,0,0
72058,0,0
72059,0,0
72060,0,0
72061,0,0
72063,0,0
72064,0,0
72065,0,0
72066,0,0
72067,0,0
72068,0,0
72069,0,0
72070,0,0
72072,0,0
72073,0,0
72074,0,0
72075,0,0
72076,0,0
72079,0,0
72080,0,0
72081,0,0
72082,0,0
72083,0,0
72084,0,0
72085,0,0
72086,0,0
72087,0,0
72088,0,0
72099,0,0
72101,0,0
72102,0,0
72103,0,0
72104,0,0
72106,0,0
72107,0,0
72108,0,0
72110,0,0
72111,0,0
72112,0,0
72113,0,0
72114,0,0
72116,0,0
72117,0,0
72118,0,0
72119,0,0
72120,0,0
72121,0,0
72122,0,0
72123,0,0
72125,0,0
72126,0,0
72127,0,0
72128,0,0
72129,0,0
72130,0,0
72131,0,0
72132,0,0
72133,0,0
72134,0,0
72135,0,0
72136,0,0
72137,0,0
72139,0,0
72140,0,0
72141,0,0
72142,0,0
72143,0,0
72150,0,0
72152,0,0
72153,0,0
72156,0,0
72157,0,0
72160,0,0
72165,0,0
72166,0,0
72167,0,0
72168,0,0
72169,0,0
72170,0,0
72173,0,0
72175,0,0
72176,0,0
72178,0,0
72179,0,0
72180,0,0
72181,0,0
72182,0,0
72183,0,0
72199,0,0
72201,0,0
72202,0,0
72204,0,0
72205,0,0
72206,0,0
72207,0,0
72209,0,0
72210,0,0
72211,0,0
72212,0,0
72223,0,0
72227,0,0
72301,0,0
72311,0,0
72313,0,0
72315,0,0
72320,0,0
72322,0,0
72324,0,0
72325,0,0
72326,0,0
72327,0,0
72328,0,0
72329,0,0
72330,0,0
72331,0,0
72332,0,0
72333,0,0
72335,0,0
72338,0,0
72339,0,0
72340,0,0
72341,0,0
72342,0,0
72346,0,0
72347,0,0
72348,0,0
72350,0,0
72351,0,0
72352,0,0
72353,0,0
72354,0,0
72355,0,0
72358,0,0
72359,0,0
72360,0,0
72364,0,0
72365,0,0
72366,0,0
72367,0,0
72368,0,0
72369,0,0
72370,0,0
72372,0,0
72373,0,0
72374,0,0
72376,0,0
72377,0,0
72379,0,0
72383,0,0
72384,0,0
72386,0,0
72387,0,0
72389,0,0
72390,0,0
72391,0,0
72392,0,0
72394,0,0
72395,0,0
72396,0,0
72401,0,0
72404,0,0
72405,0,0
72410,0,0
72411,0,0
72412,0,0
72413,0,0
72414,0,0
72415,0,0
72416,0,0
72417,0,0
72419,0,0
72421,0,0
72422,0,0
72424,0,0
72425,0,0
72426,0,0
72427,0,0
72428,0,0
72429,0,0
72430,0,0
72431,0,0
72432,0,0
72433,0,0
72434,0,0
72435,0,0
72436,0,0
72437,0,0
72438,0,0
72440,0,0
72441,0,0
72442,0,0
72443,0,0
72444,0,0
72445,0,0
72447,0,0
72449,0,0
72450,0,0
72453,0,0
72454,0,0
72455,0,0
72456,0,0
72457,0,0
72458,0,0
72459,0,0
72460,0,0
72461,0,0
72462,0,0
72464,0,0
72466,0,0
72467,0,0
72469,0,0
72470,0,0
72471,0,0
72472,0,0
72473,0,0
72476,0,0
72478,0,0
72479,0,0
72482,0,0
72501,0,0
72512,0,0
72513,0,0
72515,0,0
72517,0,0
72519,0,0
72520,0,0
72521,0,0
72522,0,0
72523,0,0
72524,0,0
72526,0,0
72527,0,0
72528,0,0
72529,0,0
72530,0,0
72531,0,0
72532,0,0
72533,0,0
72534,0,0
72536,0,0
72537,0,0
72538,0,0
72539,0,0
72540,0,0
72542,0,0
72543,0,0
72544,0,0
72546,0,0
72550,0,0
72553,0,0
72554,0,0
72555,0,0
72556,0,0
72560,0,0
72561,0,0
72562,0,0
72564,0,0
72565,0,0
72566,0,0
72567,0,0
72568,0,0
72569,0,0
72571,0,0
72572,0,0
72573,0,0
72576,0,0
72577,0,0
72578,0,0
72579,0,0
72581,0,0
72583,0,0
72584,0,0
72585,0,0
72587,0,0
72601,0,0
72611,0,0
72615,0,0
72616,0,0
72617,0,0
72619,0,0
72623,0,0
72624,0,0
72626,0,0
72628,0,0
72629,0,0
72630,0,0
72631,0,0
72632,0,0
72633,0,0
72634,0,0
72635,0,0
72636,0,0
72638,0,0
72639,0,0
72640,0,0
72641,0,0
72642,0,0
72644,0,0
72645,0,0
72648,0,0
72650,0,0
72651,0,0
72653,0,0
72655,0,0
72658,0,0
72660,0,0
72661,0,0
72662,0,0
72663,0,0
72666,0,0
72668,0,0
72669,0,0
72670,0,0
72672,0,0
72675,0,0
72677,0,0
72679,0,0
72680,0,0
72682,0,0
72683,0,0
72685,0,0
72686,0,0
72687,0,0
72701,0,0
72703,0,0
72704,0,0
72712,0,0
72713,0,0
72714,0,0
72715,0,0
72717,0,0
72718,0,0
72719,0,0
72721,0,0
72722,0,0
72727,0,0
72729,0,0
72730,0,0
72732,0,0
72734,0,0
72736,0,0
72738,0,0
72739,0,0
72740,0,0
72742,0,0
72744,0,0
72745,0,0
72747,0,0
72749,0,0
72751,0,0
72752,0,0
72753,0,0
72756,0,0
72758,0,0
72760,0,0
72761,0,0
72762,0,0
72764,0,0
72768,0,0
72769,0,0
72773,0,0
72774,0,0
72776,0,0
72801,0,0
72802,0,0
72821,0,0
72823,0,0
72824,0,0
72826,0,0
72827,0,0
72828,0,0
72829,0,0
72830,0,0
72832,0,0
72833,0,0
72834,0,0
72835,0,0
72837,0,0
72838,0,0
72839,0,0
72840,0,0
72841,0,0
72842,0,0
72843,0,0
72845,0,0
72846,0,0
72847,0,0
72851,0,0
72852,0,0
72853,0,0
72854,0,0
72855,0,0
72856,0,0
72857,0,0
72858,0,0
72860,0,0
72863,0,0
72865,0,0
72901,0,0
72903,0,0
72904,0,0
72905,0,0
72908,0,0
72916,0,0
72921,0,0
72923,0,0
72926,0,0
72927,0,0
72928,0,0
72930,0,0
72932,0,0
72933,0,0
72934,0,0
72935,0,0
72936,0,0
72937,0,0
72938,0,0
72940,0,0
72941,0,0
72943,0,0
72944,0,0
72945,0,0
72946,0,0
72947,0,0
72948,0,0
72949,0,0
72950,0,0
72951,0,0
72952,0,0
72955,0,0
72956,0,0
72958,0,0
72959,0,0
73001,0,0
73002,0,0
73003,0,0
73004,0,0
73005,0,0
73006,0,0
73007,0,0
73008,0,0
73009,0,0
73010,0,0
73011,0,0
73012,0,0
73013,0,0
73014,0,0
73015,0,0
73016,0,0
73017,0,0
73018,0,0
73019,0,0
73020,0,0
73022,0,0
73025,0,0
73026,0,0
73027,0,0
73028,0,0
73029,0,0
73030,0,0
73031,0,0
73032,0,0
73033,0,0
73034,0,0
73036,0,0
73038,0,0
73040,0,0
73042,0,0
73043,0,0
73044,0,0
73045,0,0
73047,0,0
73048,0,0
73049,0,0
73050,0,0
73051,0,0
73052,0,0
73053,0,0
73054,0,0
73055,0,0
73056,0,0
73057,0,0
73058,0,0
73059,0,0
73061,0,0
73063,0,0
73064,0,0
73065,0,0
73066,0,0
73067,0,0
73068,0,0
73069,0,0
73070,0,0
73071,0,0
73072,0,0
73073,0,0
73074,0,0
73075,0,0
73077,0,0
73078,0,0
73079,0,0
73080,0,0
73082,0,0
73084,0,0
73086,0,0
73089,0,0
73090,0,0
73092,0,0
73093,0,0
73095,0,0
73097,0,0
73098,0,0
73099,0,0
73102,0,0
73103,0,0
73104,0,0
73105,0,0
73106,0,0
73107,0,0
73108,0,0
73109,0,0
73110,0,0
73111,0,0
73112,0,0
73114,0,0
73115,0,0
73116,0,0
73117,0,0
73118,0,0
73119,0,0
73120,0,0
73121,0,0
73122,0,0
73127,0,0
73128,0,0
73129,0,0
73130,0,0
73131,0,0
73132,0,0
73134,0,0
73135,0,0
73139,0,0
73141,0,0
73142,0,0
73145,0,0
73149,0,0
73150,0,0
73151,0,0
73159,0,0
73160,0,0
73162,0,0
73165,0,0
73169,0,0
73170,0,0
73173,0,0
73179,0,0
73401,0,0
73425,0,0
73430,0,0
73432,0,0
73433,0,0
73434,0,0
73435,0,0
73436,0,0
73437,0,0
73438,0,0
73439,0,0
73440,0,0
73441,0,0
73442,0,0
73443,0,0
73444,0,0
73446,0,0
73447,0,0
73448,0,0
73449,0,0
73450,0,0
73453,0,0
73455,0,0
73456,0,0
73458,0,0
73459,0,0
73460,0,0
73461,0,0
73463,0,0
73481,0,0
73487,0,0
73488,0,0
73491,0,0
73501,0,0
73503,0,0
73505,0,0
73507,0,0
73520,0,0
73527,0,0
73528,0,0
73529,0,0
73531,0,0
73533,0,0
73538,0,0
73540,0,0
73541,0,0
73543,0,0
73548,0,0
73557,0,0
73562,0,0
73565,0,0
73567,0,0
73568,0,0
73569,0,0
73572,0,0
73573,0,0
73646,0,0
73701,0,0
73703,0,0
73705,0,0
73716,0,0
73717,0,0
73718,0,0
73719,0,0
73720,0,0
73722,0,0
73726,0,0
73727,0,0
73728,0,0
73729,0,0
73730,0,0
73733,0,0
73734,0,0
73735,0,0
73736,0,0
73737,0,0
73738,0,0
73739,0,0
73741,0,0
73742,0,0
73743,0,0
73744,0,0
73747,0,0
73749,0,0
73750,0,0
73753,0,0
73754,0,0
73755,0,0
73756,0,0
73757,0,0
73758,0,0
73759,0,0
73760,0,0
73761,0,0
73762,0,0
73763,0,0
73764,0,0
73766,0,0
73768,0,0
73770,0,0
73771,0,0
73772,0,0
73773,0,0
74001,0,0
74002,0,0
74003,0,0
74006,0,0
74008,0,0
74010,0,0
74011,0,0
74012,0,0
74014,0,0
74015,0,0
74016,0,0
74017,0,0
74019,0,0
74020,0,0
74021,0,0
74022,0,0
74023,0,0
74026,0,0
74027,0,0
74028,0,0
74029,0,0
74030,0,0
74032,0,0
74033,0,0
74034,0,0
74035,0,0
74036,0,0
74037,0,0
74038,0,0
74039,0,0
74041,0,0
74042,0,0
74044,0,0
74045,0,0
74046,0,0
74047,0,0
74048,0,0
74050,0,0
74051,0,0
74052,0,0
74053,0,0
74054,0,0
74055,0,0
74056,0,0
74058,0,0
74059,0,0
74060,0,0
74061,0,0
74062,0,0
74063,0,0
74066,0,0
74068,0,0
74070,0,0
74071,0,0
74072,0,0
74073,0,0
74074,0,0
74075,0,0
74077,0,0
74078,0,0
74079,0,0
74080,0,0
74081,0,0
74082,0,0
74083,0,0
74084,0,0
74085,0,0
74103,0,0
74104,0,0
74105,0,0
74106,0,0
74107,0,0
74108,0,0
74110,0,0
74112,0,0
74114,0,0
74115,0,0
74116,0,0
74117,0,0
74119,0,0
74120,0,0
74126,0,0
74127,0,0
74128,0,0
74129,0,0
74130,0,0
74131,0,0
74132,0,0
74133,0,0
74134,0,0
74135,0,0
74136,0,0
74137,0,0
74145,0,0
74146,0,0
74171,0,0
74301,0,0
74330,0,0
74331,0,0
74332,0,0
74333,0,0
74337,0,0
74338,0,0
74339,0,0
74340,0,0
74342,0,0
74343,0,0
74344,0,0
74346,0,0
74347,0,0
74349,0,0
74350,0,0
74352,0,0
74354,0,0
74358,0,0
74359,0,0
74360,0,0
74361,0,0
74363,0,0
74364,0,0
74365,0,0
74366,0,0
74367,0,0
74368,0,0
74369,0,0
74370,0,0
74401,0,0
74403,0,0
74421,0,0
74422,0,0
74423,0,0
74425,0,0
74426,0,0
74427,0,0
74428,0,0
74429,0,0
74430,0,0
74431,0,0
74432,0,0
74434,0,0
74435,0,0
74436,0,0
74437,0,0
74438,0,0
74441,0,0
74442,0,0
74445,0,0
74446,0,0
74447,0,0
74450,0,0
74451,0,0
74452,0,0
74454,0,0
74455,0,0
74456,0,0
74457,0,0
74458,0,0
74459,0,0
74460,0,0
74462,0,0
74463,0,0
74464,0,0
74467,0,0
74468,0,0
74469,0,0
74470,0,0
74471,0,0
74472,0,0
74477,0,0
74501,0,0
74521,0,0
74522,0,0
74523,0,0
74525,0,0
74528,0,0
74530,0,0
74531,0,0
74533,0,0
74534,0,0
74535,0,0
74536,0,0
74538,0,0
74540,0,0
74543,0,0
74546,0,0
74547,0,0
74549,0,0
74552,0,0
74553,0,0
74554,0,0
74555,0,0
74556,0,0
74557,0,0
74558,0,0
74560,0,0
74561,0,0
74562,0,0
74563,0,0
74565,0,0
74567,0,0
74569,0,0
74570,0,0
74571,0,0
74572,0,0
74574,0,0
74576,0,0
74577,0,0
74578,0,0
74601,0,0
74604,0,0
74630,0,0
74631,0,0
74632,0,0
74633,0,0
74636,0,0
74637,0,0
74640,0,0
74641,0,0
74643,0,0
74644,0,0
74646,0,0
74647,0,0
74650,0,0
74651,0,0
74652,0,0
74653,0,0
74701,0,0
74720,0,0
74721,0,0
74722,0,0
74723,0,0
74724,0,0
74726,0,0
74727,0,0
74728,0,0
74729,0,0
74730,0,0
74731,0,0
74733,0,0
74734,0,0
74735,0,0
74736,0,0
74737,0,0
74738,0,0
74740,0,0
74741,0,0
74743,0,0
74745,0,0
74747,0,0
74748,0,0
74750,0,0
74753,0,0
74754,0,0
74755,0,0
74756,0,0
74759,0,0
74760,0,0
74761,0,0
74764,0,0
74766,0,0
74801,0,0
74804,0,0
74820,0,0
74824,0,0
74825,0,0
74826,0,0
74827,0,0
74829,0,0
74830,0,0
74831,0,0
74832,0,0
74833,0,0
74834,0,0
74836,0,0
74837,0,0
74839,0,0
74840,0,0
74842,0,0
74843,0,0
74844,0,0
74845,0,0
74848,0,0
74849,0,0
74850,0,0
74851,0,0
74852,0,0
74854,0,0
74855,0,0
74856,0,0
74857,0,0
74859,0,0
74860,0,0
74864,0,0
74865,0,0
74866,0,0
74867,0,0
74868,0,0
74869,0,0
74871,0,0
74872,0,0
74873,0,0
74875,0,0
74878,0,0
74880,0,0
74881,0,0
74883,0,0
74884,0,0
74901,0,0
74902,0,0
74930,0,0
74931,0,0
74932,0,0
74935,0,0
74936,0,0
74937,0,0
74939,0,0
74940,0,0
74941,0,0
74942,0,0
74943,0,0
74944,0,0
74945,0,0
74946,0,0
74947,0,0
74948,0,0
74949,0,0
74951,0,0
74953,0,0
74954,0,0
74955,0,0
74956,0,0
74957,0,0
74959,0,0
74960,0,0
74962,0,0
74963,0,0
74964,0,0
74965,0,0
74966,0,0
75001,0,0
75002,0,0
75006,0,0
75007,0,0
75009,0,0
75010,0,0
75013,0,0
75019,0,0
75020,0,0
75021,0,0
75022,0,0
75023,0,0
75024,0,0
75025,0,0
75028,0,0
75032,0,0
75033,0,0
75034,0,0
75035,0,0
75036,0,0
75038,0,0
75039,0,0
75040,0,0
75041,0,0
75042,0,0
75043,0,0
75044,0,0
75048,0,0
75050,0,0
75051,0,0
75052,0,0
75054,0,0
75056,0,0
75057,0,0
75058,0,0
75060,0,0
75061,0,0
75062,0,0
75063,0,0
75065,0,0
75067,0,0
75068,0,0
75069,0,0
75070,0,0
75071,0,0
75072,0,0
75074,0,0
75075,0,0
75076,0,0
75077,0,0
75078,0,0
75080,0,0
75081,0,0
75082,0,0
75087,0,0
75088,0,0
75089,0,0
75090,0,0
75092,0,0
75093,0,0
75094,0,0
75098,0,0
75101,0,0
75102,0,0
75103,0,0
75104,0,0
75105,0,0
75109,0,0
75110,0,0
75114,0,0
75115,0,0
75116,0,0
75117,0,0
75119,0,0
75124,0,0
75125,0,0
75126,0,0
75127,0,0
75132,0,0
75134,0,0
75135,0,0
75137,0,0
75140,0,0
75141,0,0
75142,0,0
75143,0,0
75144,0,0
75146,0,0
75147,0,0
75148,0,0
75149,0,0
75150,0,0
75152,0,0
75153,0,0
75154,0,0
75155,0,0
75156,0,0
75157,0,0
75158,0,0
75159,0,0
75160,0,0
75161,0,0
75163,0,0
75164,0,0
75165,0,0
75166,0,0
75167,0,0
75169,0,0
75172,0,0
75173,0,0
75180,0,0
75181,0,0
75182,0,0
75189,0,0
75201,0,0
75202,0,0
75203,0,0
75204,0,0
75205,0,0
75206,0,0
75207,0,0
75208,0,0
75209,0,0
75210,0,0
75211,0,0
75212,0,0
75214,0,0
75215,0,0
75216,0,0
75217,0,0
75218,0,0
75219,0,0
75220,0,0
75223,0,0
75224,0,0
75225,0,0
75226,0,0
75227,0,0
75228,0,0
75229,0,0
75230,0,0
75231,0,0
75232,0,0
75233,0,0
75234,0,0
75235,0,0
75236,0,0
75237,0,0
75238,0,0
75240,0,0
75241,0,0
75243,0,0
75244,0,0
75246,0,0
75247,0,0
75248,0,0
75249,0,0
75251,0,0
75252,0,0
75253,0,0
75254,0,0
75261,0,0
75270,0,0
75287,0,0
75390,0,0
75401,0,0
75402,0,0
75407,0,0
75409,0,0
75410,0,0
75411,0,0
75412,0,0
75413,0,0
75414,0,0
75415,0,0
75416,0,0
75417,0,0
75418,0,0
75420,0,0
75421,0,0
75422,0,0
75423,0,0
75424,0,0
75426,0,0
75428,0,0
75429,0,0
75431,0,0
75432,0,0
75433,0,0
75434,0,0
75435,0,0
75436,0,0
75437,0,0
75438,0,0
75439,0,0
75440,0,0
75441,0,0
75442,0,0
75446,0,0
75447,0,0
75448,0,0
75449,0,0
75450,0,0
75451,0,0
75452,0,0
75453,0,0
75454,0,0
75455,0,0
75457,0,0
75459,0,0
75460,0,0
75462,0,0
75468,0,0
75469,0,0
75470,0,0
75471,0,0
75472,0,0
75473,0,0
75474,0,0
75475,0,0
75476,0,0
75477,0,0
75478,0,0
75479,0,0
75480,0,0
75481,0,0
75482,0,0
75486,0,0
75487,0,0
75488,0,0
75489,0,0
75490,0,0
75491,0,0
75492,0,0
75493,0,0
75494,0,0
75495,0,0
75496,0,0
75497,0,0
75501,0,0
75503,0,0
75550,0,0
75551,0,0
75554,0,0
75555,0,0
75556,0,0
75558,0,0
75559,0,0
75560,0,0
75561,0,0
75562,0,0
75563,0,0
75564,0,0
75565,0,0
75566,0,0
75567,0,0
75568,0,0
75569,0,0
75570,0,0
75571,0,0
75572,0,0
75573,0,0
75574,0,0
75601,0,0
75602,0,0
75603,0,0
75604,0,0
75605,0,0
75630,0,0
75631,0,0
75633,0,0
75638,0,0
75639,0,0
75640,0,0
75641,0,0
75642,0,0
75643,0,0
75644,0,0
75645,0,0
75647,0,0
75650,0,0
75651,0,0
75652,0,0
75654,0,0
75656,0,0
75657,0,0
75658,0,0
75659,0,0
75661,0,0
75662,0,0
75667,0,0
75668,0,0
75669,0,0
75670,0,0
75671,0,0
75672,0,0
75680,0,0
75681,0,0
75682,0,0
75683,0,0
75684,0,0
75686,0,0
75687,0,0
75689,0,0
75691,0,0
75692,0,0
75693,0,0
75694,0,0
75701,0,0
75702,0,0
75703,0,0
75704,0,0
75705,0,0
75706,0,0
75707,0,0
75708,0,0
75709,0,0
75711,0,0
75750,0,0
75751,0,0
75752,0,0
75754,0,0
75755,0,0
75756,0,0
75757,0,0
75758,0,0
75759,0,0
75760,0,0
75762,0,0
75763,0,0
75764,0,0
75765,0,0
75766,0,0
75770,0,0
75771,0,0
75773,0,0
75778,0,0
75779,0,0
75780,0,0
75782,0,0
75783,0,0
75784,0,0
75785,0,0
75788,0,0
75789,0,0
75790,0,0
75791,0,0
75792,0,0
75801,0,0
75803,0,0
75831,0,0
75833,0,0
75835,0,0
75838,0,0
75839,0,0
75840,0,0
75844,0,0
75845,0,0
75846,0,0
75847,0,0
75848,0,0
75849,0,0
75850,0,0
75851,0,0
75852,0,0
75853,0,0
75855,0,0
75856,0,0
75858,0,0
75859,0,0
75860,0,0
75861,0,0
75862,0,0
75865,0,0
75884,0,0
75886,0,0
75901,0,0
75903,0,0
75904,0,0
75925,0,0
75926,0,0
75928,0,0
75929,0,0
75930,0,0
75931,0,0
75932,0,0
75933,0,0
75934,0,0
75935,0,0
75936,0,0
75937,0,0
75938,0,0
75939,0,0
75941,0,0
75942,0,0
75943,0,0
75944,0,0
75946,0,0
75948,0,0
75949,0,0
75951,0,0
75954,0,0
75956,0,0
75959,0,0
75960,0,0
75961,0,0
75962,0,0
75964,0,0
75965,0,0
75966,0,0
75968,0,0
75969,0,0
75972,0,0
75973,0,0
75974,0,0
75975,0,0
75976,0,0
75977,0,0
75979,0,0
75980,0,0
76001,0,0
76002,0,0
76005,0,0
76006,0,0
76008,0,0
76009,0,0
76010,0,0
76011,0,0
76012,0,0
76013,0,0
76014,0,0
76015,0,0
76016,0,0
76017,0,0
76018,0,0
76020,0,0
76021,0,0
76022,0,0
76023,0,0
76028,0,0
76031,0,0
76033,0,0
76034,0,0
76035,0,0
76036,0,0
76039,0,0
76040,0,0
76041,0,0
76043,0,0
76044,0,0
76048,0,0
76049,0,0
76050,0,0
76051,0,0
76052,0,0
76053,0,0
76054,0,0
76055,0,0
76058,0,0
76059,0,0
76060,0,0
76061,0,0
76063,0,0
76064,0,0
76065,0,0
76066,0,0
76067,0,0
76070,0,0
76071,0,0
76073,0,0
76077,0,0
76078,0,0
76082,0,0
76084,0,0
76085,0,0
76086,0,0
76087,0,0
76088,0,0
76092,0,0
76093,0,0
76102,0,0
76103,0,0
76104,0,0
76105,0,0
76106,0,0
76107,0,0
76108,0,0
76109,0,0
76110,0,0
76111,0,0
76112,0,0
76114,0,0
76115,0,0
76116,0,0
76117,0,0
76118,0,0
76119,0,0
76120,0,0
76123,0,0
76126,0,0
76127,0,0
76129,0,0
76131,0,0
76132,0,0
76133,0,0
76134,0,0
76135,0,0
76137,0,0
76140,0,0
76148,0,0
76155,0,0
76164,0,0
76177,0,0
76179,0,0
76180,0,0
76182,0,0
76201,0,0
76203,0,0
76205,0,0
76207,0,0
76208,0,0
76209,0,0
76210,0,0
76225,0,0
76226,0,0
76227,0,0
76228,0,0
76230,0,0
76233,0,0
76234,0,0
76238,0,0
76239,0,0
76240,0,0
76241,0,0
76244,0,0
76245,0,0
76247,0,0
76248,0,0
76249,0,0
76250,0,0
76251,0,0
76252,0,0
76253,0,0
76255,0,0
76258,0,0
76259,0,0
76261,0,0
76262,0,0
76263,0,0
76264,0,0
76265,0,0
76266,0,0
76267,0,0
76268,0,0
76270,0,0
76271,0,0
76272,0,0
76273,0,0
76301,0,0
76302,0,0
76305,0,0
76306,0,0
76308,0,0
76309,0,0
76310,0,0
76311,0,0
76351,0,0
76354,0,0
76357,0,0
76365,0,0
76366,0,0
76377,0,0
76379,0,0
76389,0,0
76401,0,0
76402,0,0
76426,0,0
76427,0,0
76429,0,0
76431,0,0
76433,0,0
76436,0,0
76439,0,0
76442,0,0
76444,0,0
76445,0,0
76446,0,0
76449,0,0
76450,0,0
76452,0,0
76453,0,0
76455,0,0
76457,0,0
76458,0,0
76459,0,0
76460,0,0
76462,0,0
76463,0,0
76470,0,0
76472,0,0
76475,0,0
76476,0,0
76484,0,0
76486,0,0
76487,0,0
76490,0,0
76501,0,0
76502,0,0
76504,0,0
76511,0,0
76513,0,0
76518,0,0
76519,0,0
76520,0,0
76522,0,0
76523,0,0
76524,0,0
76525,0,0
76527,0,0
76528,0,0
76530,0,0
76531,0,0
76534,0,0
76537,0,0
76538,0,0
76539,0,0
76541,0,0
76542,0,0
76543,0,0
76544,0,0
76548,0,0
76549,0,0
76550,0,0
76554,0,0
76556,0,0
76557,0,0
76559,0,0
76561,0,0
76565,0,0
76566,0,0
76567,0,0
76569,0,0
76570,0,0
76571,0,0
76573,0,0
76574,0,0
76577,0,0
76578,0,0
76579,0,0
76596,0,0
76597,0,0
76598,0,0
76599,0,0
76621,0,0
76622,0,0
76623,0,0
76624,0,0
76626,0,0
76627,0,0
76628,0,0
76629,0,0
76630,0,0
76631,0,0
76632,0,0
76633,0,0
76634,0,0
76635,0,0
76636,0,0
76637,0,0
76638,0,0
76639,0,0
76640,0,0
76641,0,0
76642,0,0
76643,0,0
76645,0,0
76648,0,0
76649,0,0
76650,0,0
76651,0,0
76652,0,0
76653,0,0
76654,0,0
76655,0,0
76656,0,0
76657,0,0
76660,0,0
76661,0,0
76664,0,0
76665,0,0
76666,0,0
76667,0,0
76670,0,0
76671,0,0
76673,0,0
76676,0,0
76678,0,0
76679,0,0
76680,0,0
76681,0,0
76682,0,0
76685,0,0
76686,0,0
76687,0,0
76689,0,0
76690,0,0
76691,0,0
76692,0,0
76693,0,0
76701,0,0
76704,0,0
76705,0,0
76706,0,0
76707,0,0
76708,0,0
76710,0,0
76711,0,0
76712,0,0
76798,0,0
76824,0,0
76832,0,0
76844,0,0
76853,0,0
76864,0,0
76870,0,0
76877,0,0
76880,0,0
77002,0,0.0205
77003,0,0.00737
77004,0,0.0022
77005,0,0
77006,0,0
77007,0,0.0169
77008,0,0
77009,0,0.0139
77010,0,0
77011,0.00506,0.0658
77012,0.00513,0.184
77013,0.00182,0.0497
77014,0,0
77015,0.0302,0.259
77016,0,0
77017,0.00241,0.0912
77018,0,0
77019,0,0.0132
77020,0.00111,0.0409
77021,0,0.000474
77022,0,0
77023,0,0.0258
77024,0,0
77025,0,0
77026,0,0
77027,0,0
77028,0,0
77029,0.00163,0.0296
77030,0,0.00112
77031,0,0
77032,0,0
77033,0,0.00151
77034,0,0.00508
77035,0,0
77036,0,0
77037,0,0
77038,0,0
77039,0,0
77040,0,0
77041,0,0
77042,0,0
77043,0,0
77044,0.000809,0.0608
77045,0,0
77046,0,0
77047,0,0
77048,0,0.00025
77049,0.0304,0.0817
77050,0,0
77051,0,0
77053,0,0
77054,0,0
77055,0,0
77056,0,0
77057,0,0
77058,0.0688,0.87
77059,0.0115,0.24
77060,0,0
77061,0,0.00811
77062,0,0.123
77063,0,0
77064,0,0
77065,0,0
77066,0,0
77067,0,0
77068,0,0
77069,0,0
77070,0,0
77071,0,0
77072,0,0
77073,0,0
77074,0,0
77075,0,0
77076,0,0
77077,0,0
77078,0,0.0196
77079,0,0
77080,0,0
77081,0,0
77082,0,0
77083,0,0
77084,0,0
77085,0,0
77086,0,0
77087,0.000879,0.0167
77088,0,0
77089,0,0.000885
77090,0,0
77091,0,0
77092,0,0
77093,0,0
77094,0,0
77095,0,0
77096,0,0
77098,0,0
77099,0,0
77204,0,0
77301,0,0
77302,0,0
77303,0,0
77304,0,0
77306,0,0
77316,0,0
77318,0,0
77320,0,0
77326,0,0
77327,0,0
77328,0,0
77331,0,0
77334,0,0
77335,0,0
77336,0,0
77338,0,0
77339,0,0
77340,0,0
77341,0,0
77342,0,0
77345,0,0
77346,0,0
77350,0,0
77351,0,0
77354,0,0
77355,0,0
77356,0,0
77357,0,0
77358,0,0
77359,0,0
77360,0,0
77362,0,0
77363,0,0
77364,0,0
77365,0,0
77367,0,0
77368,0,0
77369,0,0
77371,0,0
77372,0,0
77373,0,0
77374,0,0
77375,0,0
77376,0,0
77377,0,0
77378,0,0
77379,0,0
77380,0,0
77381,0,0
77382,0,0
77384,0,0
77385,0,0
77386,0,0
77388,0,0
77389,0,0
77396,0,0
77401,0,0
77406,0,0
77407,0,0
77412,0,0
77414,0.122,0.331
77415,0,0.356
77417,0,0
77418,0,0
77419,0.000109,0.0063
77420,0,0
77422,0.273,0.62
77423,0,0
77426,0,0
77428,0.216,0.98
77429,0,0
77430,0.0000745,0.00161
77431,0,0
77432,0,0
77433,0,0
77434,0,0
77435,0,0
77436,0,0
77437,0,0
77440,0,0.00377
77441,0,0
77442,0,0
77443,0,0
77444,0,0
77445,0,0
77446,0,0
77447,0,0
77448,0,0
77449,0,0
77450,0,0
77451,0,0
77453,0,0
77454,0,0
77455,0,0
77456,0,0
77457,0.425,0.787
77458,0,0
77459,0,0
77460,0,0
77461,0,0
77464,0,0
77465,0.0732,0.601
77466,0,0
77467,0,0
77468,0,0
77469,0,0
77470,0,0
77471,0,0
77473,0,0
77474,0,0
77475,0,0
77476,0,0
77477,0,0
77478,0,0
77479,0,0
77480,0.0000696,0.0241
77481,0,0
77482,0,0
77483,0.328,0.664
77484,0,0
77485,0,0
77486,0.0000601,0.015
77488,0,0
77489,0,0
77493,0,0
77494,0,0
77498,0,0
77502,0,0
77503,0,0
77504,0,0
77505,0.000344,0.0924
77506,0.014,0.172
77507,0.0433,0.933
77510,0.00684,0.43
77511,0.00542,0.163
77514,0.284,0.86
77515,0.0835,0.273
77517,0.00276,0.277
77518,0.0312,0.956
77519,0,0
77520,0.078,0.34
77521,0.00426,0.0381
77523,0.0942,0.19
77530,0.0473,0.253
77531,0.0118,0.489
77532,0.00428,0.0441
77533,0,0
77534,0.0755,0.763
77535,0.0356,0.0906
77536,0,0.00322
77538,0,0
77539,0.0674,0.708
77541,0.503,0.789
77545,0,0
77546,0.00668,0.0858
77547,0.0127,0.112
77550,0.343,0.899
77551,0.188,0.983
77554,0.551,0.89
77555,0,1
77560,0,0.00362
77561,0,0
77562,0.0879,0.205
77563,0.384,0.916
77564,0,0
77565,0.116,0.931
77566,0.0011,0.429
77568,0.0868,0.346
77571,0.0348,0.345
77573,0.0179,0.445
77575,0.0358,0.175
77577,0.0635,0.691
77578,0,0
77580,0,0
77581,0,0
77582,0,0
77583,0.0000166,0.000398
77584,0,0
77585,0,0
77586,0.0772,0.961
77587,0,0
77590,0.128,0.229
77591,0,0.0543
77597,0.335,0.52
77598,0.0287,0.325
77611,0.55,0.993
77612,0,0.0217
77613,0,0.389
77614,0,0.722
77615,0,0.0276
77616,0,0
77617,0.765,0.873
77619,0,0
77622,0.000426,0.999
77623,0.835,0.906
77624,0,0
77625,0,0.00202
77627,0.029,0.579
77629,0,0.055
77630,0.194,0.986
77632,0.0472,0.64
77640,0.0778,0.258
77642,0.0725,0.192
77650,0.668,0.937
77651,0.0572,0.626
77655,0.966,0.982
77656,0.0000163,0.0715
77657,0.00134,0.456
77659,0,0.0228
77660,0,0
77661,0,1
77662,0.0879,0.507
77663,0,0
77664,0,0
77665,0.0775,0.706
77701,0.00293,0.729
77702,0,0.977
77703,0.3,0.497
77705,0.2,0.972
77706,0,0.406
77707,0,0.81
77708,0.139,0.313
77713,0,0.263
77801,0,0
77802,0,0
77803,0,0
77807,0,0
77808,0,0
77830,0,0
77831,0,0
77833,0,0
77835,0,0
77836,0,0
77837,0,0
77840,0,0
77843,0,0
77845,0,0
77852,0,0
77853,0,0
77855,0,0
77856,0,0
77857,0,0
77859,0,0
77861,0,0
77863,0,0
77864,0,0
77865,0,0
77866,0,0
77867,0,0
77868,0,0
77871,0,0
77872,0,0
77873,0,0
77875,0,0
77876,0,0
77878,0,0
77879,0,0
77880,0,0
77882,0,0
77901,0,0
77904,0,0
77905,0.00000678,0.0167
77950,0.0833,0.725
77951,0.000244,0.311
77954,0,0
77957,0.00556,0.0244
77960,0,0
77961,0.0146,0.122
77962,0,0
77963,0,0
77964,0,0
77968,0.00201,0.0121
77969,0.141,0.242
77970,0.0126,0.0684
77971,0.0582,0.0755
77973,0.000534,0.446
77974,0,0
77975,0,0
77976,0,0
77977,0,0
77978,0.37,0.576
77979,0.0561,0.446
77982,0.107,0.928
77983,0.0726,0.93
77984,0,0
77986,0,0
77987,0,0
77988,0,0
77990,0.132,0.29
77991,0.605,0.659
77993,0,0
77994,0,0
77995,0,0
78004,0,0
78006,0,0
78007,0,0
78008,0,0
78012,0,0
78022,0,0
78026,0,0
78027,0,0
78050,0,0
78062,0,0
78064,0,0
78065,0,0
78070,0,0
78071,0,0
78072,0,0
78075,0,0
78101,0,0
78102,0,0
78104,0,0
78107,0,0
78108,0,0
78109,0,0
78111,0,0
78112,0,0
78113,0,0
78114,0,0
78116,0,0
78117,0,0
78118,0,0
78119,0,0
78121,0,0
78122,0,0
78123,0,0
78124,0,0
78125,0,0
78130,0,0
78132,0,0
78133,0,0
78140,0,0
78141,0,0
78142,0,0
78143,0,0
78144,0,0
78145,0,0
78146,0,0
78147,0,0
78148,0,0
78150,0,0
78151,0,0
78152,0,0
78154,0,0
78155,0,0
78159,0,0
78160,0,0
78161,0,0
78162,0,0
78163,0,0
78164,0,0
78201,0,0
78202,0,0
78203,0,0
78204,0,0
78205,0,0
78207,0,0
78208,0,0
78209,0,0
78210,0,0
78211,0,0
78212,0,0
78213,0,0
78214,0,0
78215,0,0
78216,0,0
78217,0,0
78218,0,0
78219,0,0
78220,0,0
78221,0,0
78222,0,0
78223,0,0
78224,0,0
78225,0,0
78226,0,0
78230,0,0
78231,0,0
78232,0,0
78233,0,0
78234,0,0
78235,0,0
78239,0,0
78244,0,0
78247,0,0
78248,0,0
78257,0,0
78258,0,0
78259,0,0
78260,0,0
78261,0,0
78263,0,0
78264,0,0
78266,0,0
78330,0,0
78332,0,0
78336,0.0547,0.416
78338,0,0
78339,0,0
78340,0.178,0.254
78341,0,0
78342,0,0
78343,0,0
78347,0,0
78349,0,0
78351,0,0
78352,0,0
78353,0,0
78355,0,0
78357,0,0
78358,0,0.092
78359,0,0
78361,0,0
78362,0.0229,0.326
78363,0.000696,0.0162
78368,0,0.006
78370,0.116,0.267
78372,0,0
78373,0.269,0.758
78374,0.00474,0.0224
78375,0,0
78376,0,0
78377,0.0102,0.0521
78379,0.00337,0.1
78380,0,0.018
78382,0.0648,0.472
78383,0,0.0000207
78384,0,0
78385,0.00284,0.054
78387,0,0.0073
78389,0,0
78390,0.0222,0.0871
78391,0,0
78393,0.00981,0.0636
78401,0.0648,0.448
78402,0.127,0.566
78404,0,0.01
78405,0,0
78406,0,0
78407,0.00122,0.0917
78408,0.001,0.065
78409,0.0234,0.156
78410,0.0472,0.127
78411,0,0
78412,0.0051,0.139
78413,0.0119,0.0756
78414,0.012,0.161
78415,0.000161,0.0272
78416,0,0
78417,0,0.00189
78418,0.0855,0.63
78419,0,0.44
78501,0,0
78503,0,0
78504,0,0
78516,0,0
78520,0,0.000225
78521,0.162,0.46
78526,0.0113,0.491
78535,0,0
78536,0,0
78537,0,0
78538,0,0
78539,0,0
78540,0,0
78541,0,0
78542,0,0
78543,0,0
78549,0,0
78550,0.00019,0.00347
78552,0,0
78557,0,0
78558,0,0
78559,0,0
78560,0,0
78561,0,0
78562,0,0
78563,0,0
78565,0,0
78566,0.00315,0.318
78567,0,0
78569,0,0.0773
78570,0,0
78572,0,0
78573,0,0
78574,0,0
78575,0,0.00143
78576,0,0
78577,0,0
78578,0.0903,0.73
78579,0,0
78580,0,0.0788
78582,0,0
78583,0.0126,0.444
78586,0.0000195,0.000877
78588,0,0
78589,0,0
78590,0,0
78591,0,0
78592,0,0
78593,0,0
78594,0,0
78595,0,0
78596,0,0
78597,0.315,0.847
78598,0.238,0.907
78599,0,0
78602,0,0
78605,0,0
78606,0,0
78607,0,0
78608,0,0
78609,0,0
78610,0,0
78611,0,0
78612,0,0
78613,0,0
78614,0,0
78615,0,0
78616,0,0
78617,0,0
78619,0,0
78620,0,0
78621,0,0
78622,0,0
78623,0,0
78626,0,0
78628,0,0
78629,0,0
78632,0,0
78633,0,0
78634,0,0
78635,0,0
78636,0,0
78638,0,0
78639,0,0
78640,0,0
78641,0,0
78642,0,0
78643,0,0
78644,0,0
78645,0,0
78648,0,0
78650,0,0
78652,0,0
78653,0,0
78654,0,0
78655,0,0
78656,0,0
78657,0,0
78658,0,0
78659,0,0
78660,0,0
78661,0,0
78662,0,0
78663,0,0
78664,0,0
78665,0,0
78666,0,0
78669,0,0
78670,0,0
78672,0,0
78674,0,0
78676,0,0
78677,0,0
78681,0,0
78701,0,0
78702,0,0
78703,0,0
78704,0,0
78705,0,0
78712,0,0
78717,0,0
78719,0,0
78721,0,0
78722,0,0
78723,0,0
78724,0,0
78725,0,0
78726,0,0
78727,0,0
78728,0,0
78729,0,0
78730,0,0
78731,0,0
78732,0,0
78733,0,0
78734,0,0
78735,0,0
78736,0,0
78737,0,0
78738,0,0
78739,0,0
78741,0,0
78742,0,0
78744,0,0
78745,0,0
78746,0,0
78747,0,0
78748,0,0
78749,0,0
78750,0,0
78751,0,0
78752,0,0
78753,0,0
78754,0,0
78756,0,0
78757,0,0
78758,0,0
78759,0,0
78931,0,0
78932,0,0
78933,0,0
78934,0,0
78935,0,0
78938,0,0
78940,0,0
78941,0,0
78942,0,0
78943,0,0
78944,0,0
78945,0,0
78946,0,0
78947,0,0
78948,0,0
78949,0,0
78950,0,0
78951,0,0
78953,0,0
78954,0,0
78956,0,0
78957,0,0
78959,0,0
78962,0,0
78963,0,0
90001,0,0
90002,0,0
90003,0,0
90004,0,0
90005,0,0
90006,0,0
90007,0,0
90008,0,0
90010,0,0
90011,0,0
90012,0,0
90013,0,0
90014,0,0
90015,0,0
90016,0,0
90017,0,0
90018,0,0
90019,0,0
90020,0,0
90021,0,0
90022,0,0
90023,0,0
90024,0,0
90025,0,0
90026,0,0
90027,0,0
90028,0,0
90029,0,0
90031,0,0
90032,0,0
90033,0,0
90034,0,0
90035,0,0
90036,0,0
90037,0,0
90038,0,0
90039,0,0
90040,0,0
90041,0,0
90042,0,0
90043,0,0
90044,0,0
90045,0,0
90046,0,0
90047,0,0
90048,0,0
90049,0,0
90052,0,0
90056,0,0
90057,0,0
90058,0,0
90059,0,0
90061,0,0
90062,0,0
90063,0,0
90064,0,0
90065,0,0
90066,0.00572,0.00572
90067,0,0
90068,0,0
90069,0,0
90071,0,0
90073,0,0
90077,0,0
90079,0,0
90089,0,0
90094,0.0654,0.0847
90095,0,0
90201,0,0
90210,0,0
90211,0,0
90212,0,0
90220,0,0
90221,0,0
90222,0,0
90230,0.00182,0.00363
90232,0,0
90240,0,0
90241,0,0
90242,0,0
90245,0,0
90247,0,0
90248,0.000579,0.000579
90249,0,0
90250,0,0
90254,0,0
90255,0,0
90260,0,0
90262,0,0
90263,0,0
90265,0.00136,0.00181
90266,0,0
90270,0,0
90272,0,0
90274,0.00115,0.00115
90275,0.000204,0.000611
90277,0.0054,0.00926
90278,0,0
90280,0,0
90290,0,0
90291,0.152,0.154
90292,0.08,0.136
90293,0.149,0.167
90301,0,0
90302,0,0
90303,0,0
90304,0,0
90305,0,0
90401,0,0
90402,0,0
90403,0,0
90404,0,0
90405,0,0
90501,0,0
90502,0,0
90503,0,0
90504,0,0
90505,0,0
90506,0,0
90601,0,0
90602,0,0
90603,0,0
90604,0,0
90605,0,0
90606,0,0
90620,0,0
90621,0,0
90623,0,0
90630,0,0
90631,0,0
90638,0,0
90639,0,0
90640,0,0
90650,0,0
90660,0,0
90670,0,0
90680,0,0
90701,0,0
90703,0,0
90704,0,0
90706,0,0
90710,0,0
90712,0,0
90713,0,0
90715,0,0
90716,0,0
90717,0,0
90720,0.0127,0.0603
90723,0,0
90731,0.0224,0.0305
90732,0.00154,0.00154
90740,0.369,0.505
90742,0.24,0.288
90743,0.0474,0.0711
90744,0.104,0.149
90745,0.00234,0.00268
90746,0.00857,0.0424
90747,0,0
90755,0,0
90802,0.105,0.137
90803,0.357,0.44
90804,0,0
90805,0,0
90806,0.00282,0.00564
90807,0,0
90808,0,0
90810,0.0219,0.0404
90813,0.247,0.323
90814,0.0496,0.0641
90815,0.0172,0.0445
90822,0,0
90831,0,0
90840,0.065,0.065
91001,0,0
91006,0,0
91007,0,0
91008,0,0
91010,0,0
91011,0,0
91016,0,0
91020,0,0
91024,0,0
91030,0,0
91040,0,0
91042,0,0
91046,0,0
91101,0,0
91103,0,0
91104,0,0
91105,0,0
91106,0,0
91107,0,0
91108,0,0
91125,0,0
91201,0,0
91202,0,0
91203,0,0
91204,0,0
91205,0,0
91206,0,0
91207,0,0
91208,0,0
91210,0,0
91214,0,0
91301,0,0
91302,0,0
91303,0,0
91304,0,0
91306,0,0
91307,0,0
91311,0,0
91316,0,0
91320,0,0
91321,0,0
91324,0,0
91325,0,0
91326,0,0
91330,0,0
91331,0,0
91335,0,0
91340,0,0
91342,0,0
91343,0,0
91344,0,0
91345,0,0
91350,0,0
91351,0,0
91352,0,0
91354,0,0
91355,0,0
91356,0,0
91360,0,0
91361,0,0
91362,0,0
91364,0,0
91367,0,0
91371,0,0
91377,0,0
91381,0,0
91384,0,0
91387,0,0
91390,0,0
91401,0,0
91402,0,0
91403,0,0
91405,0,0
91406,0,0
91411,0,0
91423,0,0
91436,0,0
91501,0,0
91502,0,0
91504,0,0
91505,0,0
91506,0,0
91601,0,0
91602,0,0
91604,0,0
91605,0,0
91606,0,0
91607,0,0
91608,0,0
91701,0,0
91702,0,0
91706,0,0
91708,0,0
91709,0,0
91710,0,0
91711,0,0
91722,0,0
91723,0,0
91724,0,0
91730,0,0
91731,0,0
91732,0,0
91733,0,0
91737,0,0
91739,0,0
91740,0,0
91741,0,0
91744,0,0
91745,0,0
91746,0,0
91748,0,0
91750,0,0
91752,0,0
91754,0,0
91755,0,0
91759,0,0
91761,0,0
91762,0,0
91763,0,0
91764,0,0
91765,0,0
91766,0,0
91767,0,0
91768,0,0
91770,0,0
91773,0,0
91775,0,0
91776,0,0
91780,0,0
91784,0,0
91786,0,0
91789,0,0
91790,0,0
91791,0,0
91792,0,0
91801,0,0
91803,0,0
91901,0,0
91902,0,0
91905,0,0
91906,0,0
91910,0.0539,0.0645
91911,0.0222,0.0301
91913,0,0
91914,0,0
91915,0,0
91916,0,0
91917,0,0
91931,0,0
91932,0.25,0.292
91934,0,0
91935,0,0
91941,0,0
91942,0,0
91945,0,0
91948,0,0
91950,0.0236,0.0331
91962,0,0
91963,0,0
91977,0,0
91978,0,0
91980,0,0
92003,0,0
92004,0,0
92007,0.0817,0.0878
92008,0.0165,0.0197
92009,0.000456,0.000456
92010,0,0
92011,0.031,0.0344
92014,0.0481,0.0644
92019,0,0
92020,0,0
92021,0,0
92024,0.0171,0.0217
92025,0,0
92026,0,0
92027,0,0
92028,0,0
92029,0,0
92036,0,0
92037,0.00231,0.00231
92040,0,0
92054,0.00631,0.0126
92055,0.000384,0.000512
92056,0,0
92057,0,0
92058,0.0094,0.0122
92059,0,0
92060,0,0
92061,0,0
92064,0,0
92065,0,0
92066,0,0
92067,0,0.000124
92069,0,0
92070,0,0
92071,0,0
92075,0.0708,0.0813
92078,0,0
92081,0,0
92082,0,0
92083,0,0
92084,0,0
92086,0,0
92091,0,0
92092,0,0
92093,0,0
92096,0,0
92101,0.0362,0.0684
92102,0,0
92103,0,0
92104,0,0
92105,0,0
92106,0.0158,0.0369
92107,0.00369,0.00369
92108,0,0
92109,0.136,0.151
92110,0.0228,0.049
92111,0,0
92113,0.00557,0.013
92114,0,0
92115,0,0
92116,0,0
92117,0,0
92118,0.0675,0.123
92119,0,0
92120,0,0
92121,0.026,0.0346
92122,0,0
92123,0,0
92124,0,0
92126,0,0
92127,0,0
92128,0,0
92129,0,0
92130,0.00195,0.00285
92131,0,0
92132,0,0
92134,0,0
92135,0.00663,0.0464
92136,0.0381,0.114
92139,0,0
92140,0.0417,0.0938
92145,0,0
92147,0.032,0.16
92154,0.00374,0.00629
92155,0,0.0213
92161,0,0
92173,0,0
92179,0,0
92182,0,0
92201,0,0
92203,0,0
92210,0,0
92211,0,0
92220,0,0
92223,0,0
92230,0,0
92234,0,0
92236,0,0
92240,0,0
92241,0,0
92252,0,0
92253,0,0
92254,0,0
92256,0,0
92258,0,0
92259,0,0
92260,0,0
92262,0,0
92264,0,0
92268,0,0
92270,0,0
92274,0,0
92276,0,0
92277,0,0
92282,0,0
92284,0,0
92285,0,0
92301,0,0
92305,0,0
92307,0,0
92308,0,0
92309,0,0
92311,0,0
92313,0,0
92314,0,0
92315,0,0
92316,0,0
92317,0,0
92320,0,0
92321,0,0
92322,0,0
92324,0,0
92325,0,0
92327,0,0
92333,0,0
92335,0,0
92336,0,0
92337,0,0
92338,0,0
92339,0,0
92341,0,0
92342,0,0
92344,0,0
92345,0,0
92346,0,0
92347,0,0
92350,0,0
92352,0,0
92354,0,0
92356,0,0
92358,0,0
92359,0,0
92365,0,0
92368,0,0
92369,0,0
92371,0,0
92372,0,0
92373,0,0
92374,0,0
92376,0,0
92377,0,0
92378,0,0
92382,0,0
92385,0,0
92386,0,0
92391,0,0
92392,0,0
92394,0,0
92395,0,0
92397,0,0
92398,0,0
92399,0,0
92401,0,0
92404,0,0
92405,0,0
92407,0,0
92408,0,0
92410,0,0
92411,0,0
92415,0,0
92501,0,0
92503,0,0
92504,0,0
92505,0,0
92506,0,0
92507,0,0
92508,0,0
92509,0,0
92518,0,0
92521,0,0
92530,0,0
92532,0,0
92536,0,0
92539,0,0
92543,0,0
92544,0,0
92545,0,0
92548,0,0
92549,0,0
92551,0,0
92553,0,0
92555,0,0
92557,0,0
92561,0,0
92562,0,0
92563,0,0
92567,0,0
92570,0,0
92571,0,0
92582,0,0
92583,0,0
92584,0,0
92585,0,0
92586,0,0
92587,0,0
92590,0,0
92591,0,0
92592,0,0
92595,0,0
92596,0,0
92602,0,0
92603,0,0
92604,0,0
92606,0,0
92610,0,0
92612,0.0397,0.0501
92614,0,0
92617,0,0
92618,0,0
92620,0,0
92624,0.0092,0.0184
92625,0.0108,0.0119
92626,0.00313,0.00512
92627,0.0276,0.0474
92629,0.00547,0.00656
92630,0,0
92637,0,0
92646,0.566,0.683
92647,0.0853,0.202
92648,0.137,0.149
92649,0.276,0.366
92651,0.00188,0.002
92653,0,0
92655,0,0
92656,0,0
92657,0.00333,0.00333
92660,0.0973,0.1
92661,0.149,0.285
92662,1,1
92663,0.164,0.217
92672,0.00234,0.00335
92673,0,0
92675,0,0
92676,0,0
92677,0,0
92678,0,0
92679,0,0
92683,0.00539,0.00595
92688,0,0
92691,0,0
92692,0,0
92694,0,0
92697,0.0679,0.102
92701,0,0
92703,0,0
92704,0,0
92705,0,0
92706,0,0
92707,0,0
92708,0.00242,0.0112
92780,0,0
92782,0,0
92801,0,0
92802,0,0
92804,0,0
92805,0,0
92806,0,0
92807,0,0
92808,0,0
92821,0,0
92823,0,0
92831,0,0
92832,0,0
92833,0,0
92835,0,0
92840,0,0
92841,0,0
92843,0,0
92844,0,0
92845,0,0
92860,0,0
92861,0,0
92865,0,0
92866,0,0
92867,0,0
92868,0,0
92869,0,0
92870,0,0
92879,0,0
92880,0,0
92881,0,0
92882,0,0
92883,0,0
92886,0,0
92887,0,0
93001,0.00295,0.00548
93003,0,0
93004,0,0
93010,0,0
93012,0.0241,0.0315
93013,0.0123,0.0143
93015,0,0
93021,0,0
93022,0,0
93023,0,0
93030,0.000194,0.00563
93033,0.293,0.342
93035,0.0693,0.171
93036,0.000616,0.00554
93040,0,0
93041,0.546,0.636
93042,0.161,0.165
93043,0,0.0665
93060,0,0
93063,0,0
93064,0,0
93065,0,0
93066,0,0
93067,0,0.00471
93101,0.00512,0.0196
93103,0.00647,0.0229
93105,0,0
93106,0.0608,0.0782
93108,0.000295,0.000589
93109,0.0208,0.0312
93110,0.00677,0.0071
93111,0.00605,0.00908
93117,0.00439,0.00773
93203,0,0
93222,0,0
93224,0,0
93225,0,0
93243,0,0
93252,0,0
93254,0,0
93268,0,0
93307,0,0
93311,0,0
93313,0,0
93401,0,0
93405,0,0
93420,0,0
93424,0,0
93427,0,0
93429,0,0
93433,0,0
93434,0.00191,0.00203
93436,0.000539,0.000587
93437,0,0
93440,0,0
93441,0,0
93444,0,0
93445,0,0
93449,0,0
93453,0,0
93454,0,0
93455,0,0
93458,0,0
93460,0,0
93463,0,0
93501,0,0
93505,0,0
93510,0,0
93516,0,0
93523,0,0
93524,0,0
93531,0,0
93532,0,0
93534,0,0
93535,0,0
93536,0,0
93543,0,0
93544,0,0
93550,0,0
93551,0,0
93552,0,0
93553,0,0
93560,0,0
93561,0,0
93563,0,0
93581,0,0
93591,0,0
96701,0.0055,0.012
96703,0.0089,0.0127
96704,0.000711,0.001
96705,0.00549,0.0155
96706,0.0514,0.143
96707,0.00327,0.0209
96708,0.00104,0.00198
96710,0.000232,0.000232
96712,0.00853,0.0211
96713,0.000488,0.00092
96714,0.00365,0.0121
96716,0.0476,0.0943
96717,0.0304,0.0484
96719,0,0
96720,0.000596,0.00177
96722,0.0125,0.0202
96725,0,0
96726,0,0
96727,0.000181,0.000312
96728,0.00075,0.00075
96729,0.00164,0.00205
96730,0.0116,0.151
96731,0.00603,0.288
96732,0.00991,0.0631
96734,0.0524,0.187
96737,0,0
96738,0.000937,0.00211
96740,0.00111,0.00288
96741,0.000579,0.00106
96742,0.0106,0.0139
96743,0.000618,0.00206
96744,0.0268,0.0427
96746,0.0422,0.0665
96747,0.0111,0.0111
96748,0.0256,0.0327
96749,0.00047,0.00131
96750,0.00142,0.00174
96751,0,0.00564
96752,0.0253,0.0618
96753,0.00537,0.0167
96754,0.00807,0.0131
96755,0.000439,0.000549
96756,0.00278,0.00581
96757,0,0.0002
96759,0,0
96760,0,0
96761,0.00107,0.00367
96762,0.00398,0.0405
96763,0.00189,0.00347
96764,0.00128,0.00128
96765,0,0
96766,0.00548,0.0173
96768,0,0
96769,0.00119,0.00695
96770,0.0212,0.0276
96771,0,0
96772,0.00135,0.00175
96773,0.000182,0.000182
96774,0.0000945,0.0000945
96776,0.000055,0.00011
96777,0.000804,0.00111
96778,0.00182,0.00245
96779,0.00692,0.0232
96780,0,0
96781,0.000121,0.000181
96782,0.0129,0.0299
96783,0.00301,0.00376
96785,0,0
96786,0,0
96789,0,0
96790,0.000291,0.000352
96791,0.00194,0.00988
96792,0.00217,0.0106
96793,0.00709,0.0184
96795,0.0143,0.0302
96796,0.0279,0.263
96797,0.0333,0.0631
96799,0.00989,0.013
96813,0.121,0.18
96814,0.651,0.729
96815,0.392,0.533
96816,0.0352,0.0526
96817,0.0339,0.0777
96818,0.0758,0.254
96819,0.0534,0.245
96820,0,0
96821,0.0216,0.0457
96822,0,0
96825,0.00993,0.0457
96826,0.323,0.533
96848,0,0
96850,0.417,0.833
96853,0.0196,0.861
96857,0,0
96858,0,0
96859,0,0
96860,0.0562,0.317
96863,0.423,0.624
96910,0.00505,0.00989
96913,0.000923,0.00158
96915,0.00832,0.0174
96916,0.0283,0.0636
96917,0.0077,0.0209
96928,0.0102,0.022
96929,0.000634,0.00117
