fips,ccn,name,city,state,zip,phone,emergency_services,type
01001,010108,PRATTVILLE BAPTIST HOSPITAL,PRATTVILLE,AL,36067,(334) 361-4267,true,Acute Care Hospitals
01003,010083,BALDWIN HEALTH,FOLEY,AL,36535,(251) 949-3400,true,Acute Care Hospitals
01003,010100,THOMAS HOSPITAL,FAIRHOPE,AL,36532,(251) 928-2375,true,Acute Care Hospitals
01003,010129,NORTH BALDWIN INFIRMARY,BAY MINETTE,AL,36507,(251) 937-5521,true,Acute Care Hospitals
01005,011307,MEDICAL CENTER BARBOUR,EUFAULA,AL,36027,(334) 688-7271,true,Critical Access Hospitals
01007,010058,BIBB MEDICAL CENTER,CENTREVILLE,AL,35042,(205) 926-4881,true,Acute Care Hospitals
01011,010110,BULLOCK COUNTY HOSPITAL,UNION SPRINGS,AL,36089,(334) 738-2140,true,Acute Care Hospitals
01011,010779,BULLOCK COUNTY HOSPITAL,UNION SPRINGS,AL,36089,(334) 738-2140,true,Rural Emergency Hospital
01013,010150,THE HEALTH CARE AUTHORITY OF THE CITY OF GREENVILLE- LV STABLER HOSPITAL,GREENVILLE,AL,36037,(334) 382-2200,true,Acute Care Hospitals
01015,010078,NORTHEAST ALABAMA REGIONAL MEDICAL CENTER,ANNISTON,AL,36207,(256) 235-5121,true,Acute Care Hospitals
01017,010780,EAMC - LANIER,VALLEY,AL,36854,(334) 756-9180,true,Rural Emergency Hospital
01019,010022,FLOYD CHEROKEE MEDICAL CENTER,CENTRE,AL,35960,(256) 927-5531,true,Acute Care Hospitals
01021,010173,ST VINCENT'S CHILTON,CLANTON,AL,35045,(205) 258-4400,true,Acute Care Hospitals
01023,011304,OCHSNER CHOCTAW GENERAL,BUTLER,AL,36904,(205) 459-9100,true,Critical Access Hospitals
01025,010091,GROVE HILL MEMORIAL HOSPITAL,GROVE HILL,AL,36451,(251) 275-3191,true,Acute Care Hospitals
01025,010128,JACKSON MEDICAL CENTER,JACKSON,AL,36545,(251) 246-9021,true,Acute Care Hospitals
01027,010073,CLAY COUNTY HOSPITAL,ASHLAND,AL,36251,(256) 354-2131,true,Acute Care Hospitals
01031,010049,MEDICAL CENTER ENTERPRISE,ENTERPRISE,AL,36330,(334) 347-0584,true,Acute Care Hospitals
01033,010019,HELEN KELLER HOSPITAL,SHEFFIELD,AL,35660,(256) 386-4556,true,Acute Care Hospitals
01033,010157,NORTH ALABAMA SHOALS HOSPITAL,MUSCLE SHOALS,AL,35661,(256) 386-1601,true,Acute Care Hospitals
01035,010148,EVERGREEN MEDICAL CENTER,EVERGREEN,AL,36401,(251) 578-2480,true,Acute Care Hospitals
01039,010007,MIZELL MEMORIAL HOSPITAL,OPP,AL,36467,(334) 493-3541,true,Acute Care Hospitals
01039,010036,ANDALUSIA HEALTH,ANDALUSIA,AL,36420,(334) 222-8466,true,Acute Care Hospitals
01041,011308,CRENSHAW COMMUNITY HOSPITAL,LUVERNE,AL,36049,(334) 335-3374,true,Critical Access Hospitals
01043,010035,CULLMAN REGIONAL MEDICAL CENTER,CULLMAN,AL,35058,(256) 737-2000,true,Acute Care Hospitals
01045,010021,DALE MEDICAL CENTER,OZARK,AL,36360,(334) 774-2601,true,Acute Care Hospitals
01047,010118,VAUGHAN REGIONAL MEDICAL CENTER PARKWAY CAMPUS,SELMA,AL,36701,(334) 418-4100,true,Acute Care Hospitals
01049,010012,DEKALB REGIONAL MEDICAL CENTER,FORT PAYNE,AL,35968,(256) 845-3150,true,Acute Care Hospitals
01051,010034,COMMUNITY HOSPITAL INC,TALLASSEE,AL,36078,(334) 283-6541,true,Acute Care Hospitals
01051,010097,ELMORE COMMUNITY HOSPITAL,WETUMPKA,AL,36092,(334) 567-4311,true,Acute Care Hospitals
01053,010099,D W MCMILLAN MEMORIAL HOSPITAL,BREWTON,AL,36426,(251) 867-8061,true,Acute Care Hospitals
01053,010169,ATMORE COMMUNITY HOSPITAL,ATMORE,AL,36502,(251) 368-2500,true,Acute Care Hospitals
01055,010040,GADSDEN REGIONAL MEDICAL CENTER,GADSDEN,AL,35903,(256) 494-4000,true,Acute Care Hospitals
01055,010046,RIVERVIEW REGIONAL MEDICAL CENTER,GADSDEN,AL,35901,(256) 543-5200,true,Acute Care Hospitals
01057,010045,FAYETTE MEDICAL CENTER,FAYETTE,AL,35555,(205) 932-5966,true,Acute Care Hospitals
01057,010086,NORTH MISSISSIPPI HEALTH SERVICES - SOUTH MARION,WINFIELD,AL,35594,(205) 487-7000,true,Acute Care Hospitals
01059,010158,RUSSELLVILLE HOSPITAL,RUSSELLVILLE,AL,35653,(256) 332-1611,true,Acute Care Hospitals
01059,011302,RED BAY HOSPITAL,RED BAY,AL,35582,(256) 356-9532,true,Critical Access Hospitals
01061,010062,WIREGRASS MEDICAL CENTER,GENEVA,AL,36340,(334) 684-3655,true,Acute Care Hospitals
01061,011309,WIREGRASS MEDICAL CENTER,GENEVA,AL,36340,(334) 684-3655,true,Critical Access Hospitals
01063,010051,GREENE COUNTY HOSPITAL,EUTAW,AL,35462,(205) 372-3388,true,Acute Care Hospitals
01065,010095,HALE COUNTY HOSPITAL,GREENSBORO,AL,36744,(334) 624-3024,true,Acute Care Hospitals
01069,010001,SOUTHEAST HEALTH MEDICAL CENTER,DOTHAN,AL,36301,(334) 793-8701,true,Acute Care Hospitals
01069,010055,FLOWERS HOSPITAL,DOTHAN,AL,36302,(334) 793-5000,true,Acute Care Hospitals
01071,010061,HIGHLANDS MEDICAL CENTER,SCOTTSBORO,AL,35768,(256) 259-4444,true,Acute Care Hospitals
01073,010011,ST. VINCENT'S EAST,BIRMINGHAM,AL,35235,(205) 838-3122,true,Acute Care Hospitals
01073,010033,UNIVERSITY OF ALABAMA HOSPITAL,BIRMINGHAM,AL,35233,(205) 934-4011,true,Acute Care Hospitals
01073,010056,ST VINCENT'S BIRMINGHAM,BIRMINGHAM,AL,35205,(205) 939-7000,true,Acute Care Hospitals
01073,010103,PRINCETON BAPTIST MEDICAL CENTER,BIRMINGHAM,AL,35211,(205) 783-3800,true,Acute Care Hospitals
01073,010104,GRANDVIEW MEDICAL CENTER,BIRMINGHAM,AL,35243,(205) 971-1000,true,Acute Care Hospitals
01073,010114,"MEDICAL WEST, AN AFFILIATE OF UAB HEALTH SYSTEM",BESSEMER,AL,35022,(205) 481-7000,true,Acute Care Hospitals
01073,010139,BAPTIST HEALTH BROOKWOOD HOSPITAL,BIRMINGHAM,AL,35209,(205) 877-1000,true,Acute Care Hospitals
01073,01014F,BIRMINGHAM VA MEDICAL CENTER,BIRMINGHAM,AL,35233,(205) 933-4515,true,Acute Care - Veterans Administration
01073,013300,THE CHILDREN'S HOSPITAL OF ALABAMA,BIRMINGHAM,AL,35233,(205) 939-9100,true,Childrens
01077,010006,NORTH ALABAMA MEDICAL CENTER,FLORENCE,AL,35630,(256) 768-8400,true,Acute Care Hospitals
01081,010029,THE EAST ALABAMA HEALTHCARE AUTHORITY,OPELIKA,AL,36801,(334) 528-1300,true,Acute Care Hospitals
01083,010079,ATHENS LIMESTONE HOSPITAL,ATHENS,AL,35611,(256) 233-9292,true,Acute Care Hospitals
01089,010039,HUNTSVILLE HOSPITAL,HUNTSVILLE,AL,35801,(256) 265-1000,true,Acute Care Hospitals
01089,010131,CRESTWOOD MEDICAL CENTER,HUNTSVILLE,AL,35801,(256) 429-4000,true,Acute Care Hospitals
01091,010112,WHITFIELD REGIONAL HOSPITAL,DEMOPOLIS,AL,36732,(334) 289-4000,true,Acute Care Hospitals
01093,010044,MARION REGIONAL MEDICAL CENTER,HAMILTON,AL,35570,(205) 921-6200,true,Acute Care Hospitals
01095,010005,MARSHALL MEDICAL CENTERS,BOAZ,AL,35957,(256) 593-8310,true,Acute Care Hospitals
01097,010087,USA HEALTH UNIVERSITY HOSPITAL,MOBILE,AL,36617,(251) 471-7110,true,Acute Care Hospitals
01097,010090,"USA HEALTH HCA PROVIDENCE HOSPITAL, LLC",MOBILE,AL,36608,(251) 633-1000,true,Acute Care Hospitals
01097,010113,MOBILE INFIRMARY MEDICAL CENTER,MOBILE,AL,36607,(251) 435-4700,true,Acute Care Hospitals
01097,010144,SPRINGHILL MEDICAL CENTER,MOBILE,AL,36608,(251) 460-5220,true,Acute Care Hospitals
01097,013301,USA HEALTH CHILDREN'S & WOMEN'S HOSPITAL,MOBILE,AL,36604,(251) 415-1000,true,Childrens
01097,014014,BAYPOINTE BEHAVIORAL HEALTH,MOBILE,AL,36693,(251) 661-0153,true,Psychiatric
01101,010023,BAPTIST MEDICAL CENTER SOUTH,MONTGOMERY,AL,36116,(334) 288-2100,true,Acute Care Hospitals
01101,010024,JACKSON HOSPITAL & CLINIC INC,MONTGOMERY,AL,36106,(334) 293-8000,true,Acute Care Hospitals
01101,010149,BAPTIST MEDICAL CENTER EAST,MONTGOMERY,AL,36117,(334) 244-8330,true,Acute Care Hospitals
01101,01019F,VA CENTRAL ALABAMA HEALTHCARE SYSTEM - MONTGOMERY,MONTGOMERY,AL,36109,(334) 260-4100,true,Acute Care - Veterans Administration
01103,010085,DECATUR MORGAN HOSPITAL - DECATUR CAMPUS,DECATUR,AL,35601,(256) 341-2000,true,Acute Care Hospitals
01109,010126,TROY REGIONAL MEDICAL CENTER,TROY,AL,36081,(334) 670-5000,true,Acute Care Hospitals
01111,011306,TANNER MEDICAL CENTER-EAST ALABAMA,WEDOWEE,AL,36278,(256) 357-2111,true,Critical Access Hospitals
01113,010168,JACK HUGHSTON MEMORIAL HOSPITAL,PHENIX CITY,AL,36867,(334) 732-3000,true,Acute Care Hospitals
01115,010130,ST VINCENT'S ST CLAIR,PELL CITY,AL,35125,(205) 338-3301,true,Acute Care Hospitals
01117,010016,SHELBY BAPTIST MEDICAL CENTER,ALABASTER,AL,35007,(205) 620-8100,true,Acute Care Hospitals
01119,010138,HILL HOSPITAL OF SUMTER COUNTY,YORK,AL,36925,(205) 392-5263,true,Acute Care Hospitals
01121,010101,CITIZENS BAPTIST MEDICAL CENTER,TALLADEGA,AL,35160,(256) 761-4542,true,Acute Care Hospitals
01121,010164,COOSA VALLEY MEDICAL CENTER,SYLACAUGA,AL,35150,(256) 249-5000,true,Acute Care Hospitals
01123,010052,LAKE MARTIN COMMUNITY HOSPITAL,DADEVILLE,AL,36853,(256) 825-7821,true,Acute Care Hospitals
01123,010065,RUSSELL MEDICAL CENTER,ALEXANDER CITY,AL,35010,(256) 329-7100,true,Acute Care Hospitals
01125,010092,DCH REGIONAL MEDICAL CENTER,TUSCALOOSA,AL,35401,(205) 759-7111,true,Acute Care Hospitals
01125,014012,MARY S HARPER GERIATRIC PSYCHIATRY CENTER,TUSCALOOSA,AL,35401,(205) 759-0900,true,Psychiatric
01127,010089,WALKER BAPTIST MEDICAL CENTER,JASPER,AL,35502,(205) 387-4000,true,Acute Care Hospitals
01129,011300,WASHINGTON COUNTY HOSPITAL,CHATOM,AL,36518,(251) 847-2223,true,Critical Access Hospitals
01131,010781,J PAUL JONES HOSPITAL,CAMDEN,AL,36726,(334) 682-4131,true,Rural Emergency Hospital
01133,010125,LAKELAND COMMUNITY HOSPITAL,HALEYVILLE,AL,35565,(205) 485-7117,true,Acute Care Hospitals
01133,011311,LAKELAND COMMUNITY HOSPITAL,HALEYVILLE,AL,35565,(205) 485-7117,true,Critical Access Hospitals
02020,020001,PROVIDENCE ALASKA MEDICAL CENTER,ANCHORAGE,AK,99508,(907) 562-2211,true,Acute Care Hospitals
02020,020017,ALASKA REGIONAL HOSPITAL,ANCHORAGE,AK,99508,(907) 276-1131,true,Acute Care Hospitals
02020,020026,ALASKA NATIVE MEDICAL CENTER,ANCHORAGE,AK,99508,(907) 563-2662,true,Acute Care Hospitals
02020,02013F,673rd Medical Group (Joint Base Elmendorf-Richardson),JBER,AK,99506,(907) 384-1110,true,Acute Care - Department of Defense
02020,024001,NORTH STAR HOSPITAL,ANCHORAGE,AK,99508,(907) 264-3526,true,Psychiatric
02050,020018,YUKON KUSKOKWIM DELTA REG HOSPITAL,BETHEL,AK,99559,(907) 543-6000,true,Acute Care Hospitals
02063,021301,PROVIDENCE VALDEZ MEDICAL CENTER,VALDEZ,AK,99686,(907) 835-2249,true,Critical Access Hospitals
02063,021307,CORDOVA COMMUNITY MEDICAL CENTER,CORDOVA,AK,99574,(907) 424-8000,true,Critical Access Hospitals
02070,021309,BRISTOL BAY DBA KANAKANAK HOSPITAL,DILLINGHAM,AK,99576,(907) 842-5201,true,Critical Access Hospitals
02090,020012,FAIRBANKS MEMORIAL HOSPITAL,FAIRBANKS,AK,99701,(907) 452-8181,true,Acute Care Hospitals
02090,02014F,Bassett ACH (FT Wainwright),Fort Wainwright,AK,99703,(907) 361-4000,true,Acute Care - Department of Defense
02110,020008,BARTLETT REGIONAL HOSPITAL,JUNEAU,AK,99801,(907) 796-8900,true,Acute Care Hospitals
02122,020024,CENTRAL PENINSULA GENERAL HOSPITAL,SOLDOTNA,AK,99669,(907) 262-4404,true,Acute Care Hospitals
02122,021302,PROVIDENCE SEWARD HOSPITAL,SEWARD,AK,99664,(907) 224-5205,true,Critical Access Hospitals
02122,021313,SOUTH PENINSULA HOSPITAL,HOMER,AK,99603,(907) 235-8101,true,Critical Access Hospitals
02130,021311,PEACEHEALTH KETCHIKAN MEDICAL CENTER,KETCHIKAN,AK,99901,(907) 225-5171,true,Critical Access Hospitals
02150,021306,PROVIDENCE KODIAK ISLAND MEDICAL CTR,KODIAK,AK,99615,(907) 486-3281,true,Critical Access Hospitals
02170,020006,MAT-SU REGIONAL MEDICAL CENTER,PALMER,AK,99645,(907) 861-6000,true,Acute Care Hospitals
02180,021308,NORTON SOUND REGIONAL HOSPITAL,NOME,AK,99762,(907) 443-3311,true,Critical Access Hospitals
02185,021312,SAMUEL SIMMONDS MEMORIAL HOSPITAL,BARROW,AK,99723,(907) 852-4611,true,Critical Access Hospitals
02188,021310,MANIILAQ HEALTH CENTER,KOTZEBUE,AK,99752,(907) 442-3321,true,Critical Access Hospitals
02195,021304,PETERSBURG MEDICAL CENTER,PETERSBURG,AK,99833,(907) 772-4291,true,Critical Access Hospitals
02220,021314,SOUTHEAST ALASKA REGIONAL HEALTH CONSORTIUM,SITKA,AK,99835,(907) 966-2411,true,Critical Access Hospitals
02275,021305,SEARHC WRANGELL MEDICAL CENTER & LTC,WRANGELL,AK,99929,(907) 874-7000,true,Critical Access Hospitals
04001,030071,FORT DEFIANCE INDIAN HOSPITAL,FT. DEFIANCE,AZ,86504,(928) 729-8000,true,Acute Care Hospitals
04001,030084,CHINLE COMPREHENSIVE HEALTH CARE FACILITY,CHINLE,AZ,86503,(928) 674-7001,true,Acute Care Hospitals
04001,031315,WHITE MOUNTAIN REGIONAL MEDICAL CENTER,SPRINGERVILLE,AZ,85938,(928) 333-4368,true,Critical Access Hospitals
04003,030043,CANYON VISTA MEDICAL CENTER,SIERRA VISTA,AZ,85635,(520) 263-2220,true,Acute Care Hospitals
04003,031301,BENSON HOSPITAL,BENSON,AZ,85602,(520) 586-2261,true,Critical Access Hospitals
04003,031302,"NORTHERN COCHISE COMMUNITY HOSPITAL, INC.",WILLCOX,AZ,85643,(520) 384-3541,true,Critical Access Hospitals
04003,031312,COPPER QUEEN COMMUNITY HOSPITAL,BISBEE,AZ,85603,(520) 432-6401,true,Critical Access Hospitals
04005,030023,FLAGSTAFF MEDICAL CENTER,FLAGSTAFF,AZ,86001,(928) 779-3366,true,Acute Care Hospitals
04005,031304,PAGE HOSPITAL,PAGE,AZ,86040,(928) 645-2424,true,Critical Access Hospitals
04007,031314,COBRE VALLEY REGIONAL MEDICAL CENTER,GLOBE,AZ,85501,(928) 402-1122,true,Critical Access Hospitals
04007,031320,SAN CARLOS APACHE HEALTHCARE CORPORATION,PERIDOT,AZ,85542,(928) 475-1200,true,Critical Access Hospitals
04009,031319,MT. GRAHAM REGIONAL MEDICAL CENTER,SAFFORD,AZ,85546,(928) 348-4000,true,Critical Access Hospitals
04012,031307,PARKER INDIAN HEALTH CENTER,PARKER,AZ,85344,(928) 669-2137,true,Critical Access Hospitals
04012,031317,LA PAZ REGIONAL HOSPITAL,PARKER,AZ,85344,(928) 669-9201,true,Critical Access Hospitals
04013,030002,BANNER - UNIVERSITY MEDICAL CENTER PHOENIX,PHOENIX,AZ,85006,(602) 839-2000,true,Acute Care Hospitals
04013,030014,HONOR HEALTH JOHN C. LINCOLN MEDICAL CENTER,PHOENIX,AZ,85020,(602) 943-2381,true,Acute Care Hospitals
04013,030024,ST JOSEPHS HOSPITAL AND MEDICAL CENTER,PHOENIX,AZ,85013,(602) 406-8225,true,Acute Care Hospitals
04013,030030,ABRAZO CENTRAL CAMPUS,PHOENIX,AZ,85015,(602) 249-0212,true,Acute Care Hospitals
04013,030036,CHANDLER REGIONAL MEDICAL CENTER,CHANDLER,AZ,85224,(480) 728-3000,true,Acute Care Hospitals
04013,030037,HONORHEALTH TEMPE MEDICAL CENTER,PHOENIX,AZ,85006,(602) 251-8156,true,Acute Care Hospitals
04013,030038,HONORHEALTH SCOTTSDALE OSBORN MEDICAL CENTER,SCOTTSDALE,AZ,85251,(480) 882-4004,true,Acute Care Hospitals
04013,030061,BANNER BOSWELL MEDICAL CENTER,SUN CITY,AZ,85351,(623) 832-4000,true,Acute Care Hospitals
04013,030065,BANNER DESERT MEDICAL CENTER,MESA,AZ,85202,(480) 412-3000,true,Acute Care Hospitals
04013,030083,ABRAZO SCOTTSDALE CAMPUS,PHOENIX,AZ,85032,(602) 923-5609,true,Acute Care Hospitals
04013,030087,HONORHEALTH SCOTTSDALE SHEA MEDICAL CENTER,SCOTTSDALE,AZ,85260,(480) 323-3000,true,Acute Care Hospitals
04013,030088,BANNER BAYWOOD MEDICAL CENTER,MESA,AZ,85206,(480) 321-2000,true,Acute Care Hospitals
04013,030092,HONORHEALTH DEER VALLEY MEDICAL CENTER,PHOENIX,AZ,85027,(623) 879-6100,true,Acute Care Hospitals
04013,030093,BANNER DEL E. WEBB MEDICAL CENTER,SUN CITY WEST,AZ,85375,(623) 524-4000,true,Acute Care Hospitals
04013,030094,ABRAZO ARROWHEAD HOSPITAL,GLENDALE,AZ,85308,(623) 561-1000,true,Acute Care Hospitals
04013,030103,MAYO CLINIC HOSPITAL,PHOENIX,AZ,85054,(480) 342-4201,true,Acute Care Hospitals
04013,030110,ABRAZO WEST CAMPUS,GOODYEAR,AZ,85395,(623) 882-1970,true,Acute Care Hospitals
04013,030115,BANNER ESTRELLA MEDICAL CENTER,PHOENIX,AZ,85037,(623) 327-4000,true,Acute Care Hospitals
04013,030119,MERCY GILBERT MEDICAL CENTER,GILBERT,AZ,85297,(480) 728-8000,true,Acute Care Hospitals
04013,030121,HONORHEALTH FOUR PEAKS MEDICAL CENTER,MESA,AZ,85209,(480) 358-6100,true,Acute Care Hospitals
04013,030122,BANNER GATEWAY MEDICAL CENTER,GILBERT,AZ,85234,(480) 543-2000,true,Acute Care Hospitals
04013,030123,HONORHEALTH SCOTTSDALE THOMPSON PEAK MED CTR,SCOTTSDALE,AZ,85255,(480) 324-7001,true,Acute Care Hospitals
04013,03012F,PHOENIX VA MEDICAL CENTER,PHOENIX,AZ,85012,(602) 222-6444,true,Acute Care - Veterans Administration
04013,030139,DIGNITY HEALTH ARIZONA GENERAL HOSPITAL,MESA,AZ,85212,(480) 410-4500,true,Acute Care Hospitals
04013,030146,HONORHEALTH SONORAN CROSSING MEDICAL CENTER,PHOENIX,AZ,85085,(480) 882-4327,true,Acute Care Hospitals
04013,030147,BANNER OCOTILLO MEDICAL CENTER,CHANDLER,AZ,85286,(480) 256-7000,true,Acute Care Hospitals
04013,030153,EAST VALLEY ER & HOSPITAL,GILBERT,AZ,85295,(713) 660-0557,true,Acute Care Hospitals
04013,031300,WICKENBURG COMMUNITY HOSPITAL,WICKENBURG,AZ,85390,(928) 684-5421,true,Critical Access Hospitals
04013,034032,COPPER SPRINGS EAST- GILBERT,AVONDALE,AZ,85392,(480) 565-3035,true,Psychiatric
04015,030055,KINGMAN REGIONAL MEDICAL CENTER,KINGMAN,AZ,86401,(928) 757-2101,true,Acute Care Hospitals
04015,030069,HAVASU REGIONAL MEDICAL CENTER,LAKE HAVASU CITY,AZ,86403,(928) 855-8185,true,Acute Care Hospitals
04015,030101,WESTERN ARIZONA REGIONAL MEDICAL CENTER,BULLHEAD CITY,AZ,86442,(928) 763-2273,true,Acute Care Hospitals
04015,030117,VALLEY VIEW MEDICAL CENTER,FORT MOHAVE,AZ,86426,(928) 788-2273,true,Acute Care Hospitals
04015,030155,EXCEPTIONAL COMMUNITY HOSPITAL BULLHEAD CITY,BULLHEAD CITY,AZ,86442,(469) 341-7800,true,Acute Care Hospitals
04017,030062,SUMMIT HEALTHCARE REGIONAL MEDICAL CENTER,SHOW LOW,AZ,85901,(928) 537-4375,true,Acute Care Hospitals
04017,030195,KAYENTA ALTERNATIVE RURAL HOSPITAL,KAYENTA,AZ,86033,(928) 697-4000,true,Acute Care Hospitals
04017,031311,LITTLE COLORADO MEDICAL CENTER,WINSLOW,AZ,86047,(928) 289-4691,true,Critical Access Hospitals
04019,030006,TUCSON MEDICAL CENTER,TUCSON,AZ,85712,(520) 324-1399,true,Acute Care Hospitals
04019,030010,ST. MARY'S HOSPITAL,TUCSON,AZ,85745,(520) 872-3000,true,Acute Care Hospitals
04019,030011,ST JOSEPH'S HOSPITAL,TUCSON,AZ,85711,(520) 873-3000,true,Acute Care Hospitals
04019,030064,BANNER - UNIVERSITY MEDICAL CENTER TUCSON CAMPUS,TUCSON,AZ,85719,(520) 874-4189,true,Acute Care Hospitals
04019,030074,SELLS HOSPITAL,SELLS,AZ,85634,(520) 362-7003,true,Acute Care Hospitals
04019,030085,NORTHWEST MEDICAL CENTER,TUCSON,AZ,85741,(520) 469-8100,true,Acute Care Hospitals
04019,030111,BANNER-UNIVERSITY MEDICAL CENTER SOUTH CAMPUS,TUCSON,AZ,85713,(520) 874-2000,true,Acute Care Hospitals
04019,030114,ORO VALLEY HOSPITAL,ORO VALLEY,AZ,85755,(520) 901-3500,true,Acute Care Hospitals
04019,03013F,VA S. ARIZONA HEALTHCARE SYSTEM,TUCSON,AZ,85723,(520) 629-1821,true,Acute Care - Veterans Administration
04019,030148,NORTHWEST MEDICAL CENTER SAHUARITA,SAHUARITA,AZ,85629,(520) 416-7100,true,Acute Care Hospitals
04019,034022,SONORA BEHAVIORAL HEALTH HOSPITAL,TUCSON,AZ,85704,(520) 469-8700,true,Psychiatric
04019,034030,PALO VERDE BEHAVIORAL HEALTH,TUCSON,AZ,85712,(520) 322-2888,true,Psychiatric
04021,030016,BANNER CASA GRANDE MEDICAL CENTER,CASA GRANDE,AZ,85122,(520) 381-6300,true,Acute Care Hospitals
04021,030130,BANNER IRONWOOD MEDICAL CENTER,QUEEN CREEK,AZ,85140,(480) 394-4000,true,Acute Care Hospitals
04021,030134,BANNER GOLDFIELD MEDICAL CENTER,APACHE JUNCTION,AZ,85120,(480) 733-3300,true,Acute Care Hospitals
04021,030152,EXCEPTIONAL COMMUNITY HOSPITAL - MARICOPA,MARICOPA,AZ,85139,(910) 988-9080,true,Acute Care Hospitals
04021,031308,HUHU KAM MEMORIAL HOSPITAL,SACATON,AZ,85147,(520) 562-3321,true,Critical Access Hospitals
04023,031313,HOLY CROSS HOSPITAL,NOGALES,AZ,85621,(520) 285-3000,true,Critical Access Hospitals
04025,030007,VERDE VALLEY MEDICAL CENTER,COTTONWOOD,AZ,86326,(928) 773-2357,true,Acute Care Hospitals
04025,030012,YAVAPAI REGIONAL MEDICAL CENTER,PRESCOTT,AZ,86301,(928) 445-2700,true,Acute Care Hospitals
04025,030196,EXCEPTIONAL COMMUNITY HOSPITAL PRESCOTT,PRESCOTT,AZ,86302,(469) 341-7800,true,Acute Care Hospitals
04025,03033F,VA NORTHERN ARIZONA HEALTHCARE SYSTEM,PRESCOTT,AZ,86313,(928) 445-4860,true,Acute Care - Veterans Administration
04027,030013,YUMA REGIONAL MEDICAL CENTER,YUMA,AZ,85364,(928) 336-7600,true,Acute Care Hospitals
04027,030154,EXCEPTIONAL COMMUNITY HOSPITAL YUMA,YUMA,AZ,85365,(469) 341-7800,true,Acute Care Hospitals
05001,040072,BAPTIST HEALTH MEDICAL CENTER-STUTTGART,STUTTGART,AR,72160,(870) 673-3511,true,Acute Care Hospitals
05001,040783,"DEWITT HOSPITAL & NURSING HOME, INC",DE WITT,AR,72042,(870) 946-3571,true,Rural Emergency Hospital
05003,041323,ASHLEY COUNTY MEDICAL CENTER,CROSSETT,AR,71635,(870) 364-4111,true,Critical Access Hospitals
05005,040027,BAXTER HEALTH,MOUNTAIN HOME,AR,72653,(870) 508-1000,true,Acute Care Hospitals
05005,041306,IZARD REGIONAL HOSPITAL LLC,CALICO ROCK,AR,72519,(870) 297-2400,true,Critical Access Hospitals
05007,040001,SILOAM SPRINGS REGIONAL HOSPITAL,SILOAM SPRINGS,AR,72761,(479) 524-4141,true,Acute Care Hospitals
05007,040010,MERCY HOSPITAL NORTHWEST ARKANSAS,ROGERS,AR,72758,(479) 338-8000,true,Acute Care Hospitals
05007,041331,OZARKS COMMUNITY HOSPITAL OF GRAVETTE,GRAVETTE,AR,72736,(479) 787-5291,true,Critical Access Hospitals
05009,040017,NORTH ARKANSAS REGIONAL MEDICAL CENTER,HARRISON,AR,72601,(870) 414-4000,true,Acute Care Hospitals
05011,041327,BRADLEY COUNTY MEDICAL CENTER,WARREN,AR,71671,(870) 226-3731,true,Critical Access Hospitals
05015,040780,EUREKA SPRINGS HOSPITAL COMMISSION,EUREKA SPRINGS,AR,72632,(479) 253-7400,true,Rural Emergency Hospital
05015,041329,MERCY HOSPITAL BERRYVILLE,BERRYVILLE,AR,72616,(870) 423-3355,true,Critical Access Hospitals
05017,041328,CHICOT MEMORIAL MEDICAL CENTER,LAKE VILLAGE,AR,71653,(870) 265-5351,true,Critical Access Hospitals
05019,041321,BAPTIST HEALTH MEDICAL CENTER-ARKADELPHIA,ARKADELPHIA,AR,71923,(870) 245-2622,true,Critical Access Hospitals
05021,041330,PIGGOTT COMMUNITY HOSPITAL,PIGGOTT,AR,72454,(870) 598-3881,true,Critical Access Hospitals
05023,041312,BAPTIST HEALTH MEDICAL CENTER HEBER SPRINGS,HEBER SPRINGS,AR,72543,(501) 887-3000,true,Critical Access Hospitals
05029,041324,CHI ST VINCENT MORRILTON,MORRILTON,AR,72110,(501) 977-2300,true,Critical Access Hospitals
05031,040020,ST BERNARDS MEDICAL CENTER,JONESBORO,AR,72401,(870) 972-4100,true,Acute Care Hospitals
05031,040118,"BAPTIST MEMORIAL HOSPITAL JONESBORO, INC.",JONESBORO,AR,72405,(870) 972-7000,true,Acute Care Hospitals
05033,040018,BAPTIST HEALTH - VAN BUREN,VAN BUREN,AR,72956,(479) 474-3401,true,Acute Care Hospitals
05035,040156,"BAPTIST MEMORIAL HOSPITAL-CRITTENDEN, INC",WEST MEMPHIS,AR,72301,(870) 394-7800,true,Acute Care Hospitals
05037,041307,CROSSRIDGE COMMUNITY HOSPITAL,WYNNE,AR,72396,(870) 238-3300,true,Critical Access Hospitals
05039,041317,DALLAS COUNTY MEDICAL CENTER,FORDYCE,AR,71742,(870) 352-6300,true,Critical Access Hospitals
05041,041308,MCGEHEE HOSPITAL,MCGEHEE,AR,71654,(870) 222-5600,true,Critical Access Hospitals
05041,041326,DELTA MEMORIAL HOSPITAL,DUMAS,AR,71639,(870) 382-4303,true,Critical Access Hospitals
05043,040051,BAPTIST HEALTH MEDICAL CENTER-DREW COUNTY,MONTICELLO,AR,71655,(870) 367-2411,true,Acute Care Hospitals
05045,040029,"CONWAY REGIONAL MEDICAL CENTER, INC",CONWAY,AR,72034,(501) 329-3831,true,Acute Care Hospitals
05045,040154,BAPTIST HEALTH MEDICAL CENTER- CONWAY,CONWAY,AR,72032,(501) 585-2000,true,Acute Care Hospitals
05047,041303,MERCY HOSPITAL OZARK,OZARK,AR,72949,(479) 667-4138,true,Critical Access Hospitals
05049,041322,BAXTER HEALTH FULTON COUNTY HOSPITAL,SALEM,AR,72576,(870) 895-2691,true,Critical Access Hospitals
05051,040026,CHI ST. VINCENT HOSPITAL HOT SPRINGS,HOT SPRINGS,AR,71903,(501) 622-1000,true,Acute Care Hospitals
05051,040078,NATIONAL PARK MEDICAL CENTER,HOT SPRINGS,AR,71901,(501) 321-1000,true,Acute Care Hospitals
05051,040132,LEVI HOSPITAL,HOT SPRINGS,AR,71901,(501) 624-1281,true,Acute Care Hospitals
05055,040039,ARKANSAS METHODIST MEDICAL CENTER,PARAGOULD,AR,72450,(870) 239-7000,true,Acute Care Hospitals
05057,040153,SOUTHWEST REGIONAL MEDICAL CENTER LLC,HOPE,AR,71801,(870) 722-3800,true,Acute Care Hospitals
05057,041335,SOUTHWEST REGIONAL MEDICAL CENTER LLC,HOPE,AR,71801,(870) 722-3800,true,Critical Access Hospitals
05059,040076,BAPTIST HEALTH MEDICAL CENTER-HOT SPRINGS COUNTY,MALVERN,AR,72104,(501) 332-1000,true,Acute Care Hospitals
05061,041311,HOWARD MEMORIAL HOSPITAL,NASHVILLE,AR,71852,(870) 845-4400,true,Critical Access Hospitals
05063,040119,WHITE RIVER MEDICAL CENTER,BATESVILLE,AR,72503,(870) 262-1200,true,Acute Care Hospitals
05067,041332,UNITY HEALTH - NEWPORT,NEWPORT,AR,72112,(870) 523-8911,true,Critical Access Hospitals
05069,040071,JEFFERSON REGIONAL MEDICAL CENTER,PINE BLUFF,AR,71603,(870) 541-7100,true,Acute Care Hospitals
05071,040002,JOHNSON REGIONAL MEDICAL CENTER,CLARKSVILLE,AR,72830,(479) 754-5454,true,Acute Care Hospitals
05075,041309,LAWRENCE MEMORIAL HOSPITAL,WALNUT RIDGE,AR,72476,(870) 886-1200,true,Critical Access Hospitals
05081,041320,LITTLE RIVER MEMORIAL HOSPITAL,ASHDOWN,AR,71822,(870) 898-5011,true,Critical Access Hospitals
05083,041300,MERCY HOSPITAL PARIS,PARIS,AR,72855,(479) 963-6101,true,Critical Access Hospitals
05083,041318,MERCY HOSPITAL BOONEVILLE,BOONEVILLE,AR,72927,(479) 675-2800,true,Critical Access Hospitals
05093,040069,GREAT RIVER MEDICAL CENTER,BLYTHEVILLE,AR,72315,(870) 838-7300,true,Acute Care Hospitals
05093,040782,SOUTH MISSISSIPPI COUNTY REGIONAL MEDICAL CENTER,OSCEOLA,AR,72370,(870) 563-7000,true,Rural Emergency Hospital
05103,040050,OUACHITA COUNTY MEDICAL CENTER,CAMDEN,AR,71701,(870) 836-1000,true,Acute Care Hospitals
05107,040781,HELENA REGIONAL MEDICAL CENTER,HELENA,AR,72342,(870) 338-5800,true,Rural Emergency Hospital
05113,041334,MENA REGIONAL HEALTH SYSTEM,MENA,AR,71953,(479) 394-6100,true,Critical Access Hospitals
05115,040041,ST MARYS REGIONAL MEDICAL CENTER,RUSSELLVILLE,AR,72801,(479) 968-2841,true,Acute Care Hospitals
05119,040007,CHI-ST VINCENT INFIRMARY,LITTLE ROCK,AR,72205,(501) 552-3000,true,Acute Care Hospitals
05119,040016,University of Arkansas Medical Sciences,LITTLE ROCK,AR,72205,(501) 686-5000,true,Acute Care Hospitals
05119,040036,BAPTIST HEALTH MEDICAL CENTER NORTH LITTLE ROCK,NORTH LITTLE ROCK,AR,72117,(501) 202-3000,true,Acute Care Hospitals
05119,04010F,VA CENTRAL AR. VETERANS HEALTHCARE SYSTEM LR,LITTLE ROCK,AR,72205,(501) 257-1000,true,Acute Care - Veterans Administration
05119,040114,BAPTIST HEALTH MEDICAL CENTER-LITTLE ROCK,LITTLE ROCK,AR,72205,(501) 202-2000,true,Acute Care Hospitals
05119,040134,"ARKANSAS HEART HOSPITAL, LLC",LITTLE ROCK,AR,72211,(501) 219-7000,true,Acute Care Hospitals
05119,040137,ST VINCENT MEDICAL CENTER/NORTH,SHERWOOD,AR,72120,(501) 552-7100,true,Acute Care Hospitals
05119,040147,ARKANSAS SURGICAL HOSPITAL,NO LITTLE ROCK,AR,72118,(501) 748-8000,true,Acute Care Hospitals
05119,040164,UNITY HEALTH - JACKSONVILLE,JACKSONVILLE,AR,72076,(501) 453-5000,true,Acute Care Hospitals
05119,043300,ARKANSAS CHILDREN'S HOSPITAL,LITTLE ROCK,AR,72202,(501) 364-1100,true,Childrens
05119,044011,ARKANSAS STATE HOSPITAL,LITTLE ROCK,AR,72205,(501) 686-9000,true,Psychiatric
05121,040779,ST BERNARDS FIVE RIVERS MEDICAL CENTER,POCAHONTAS,AR,72455,(870) 892-6000,true,Rural Emergency Hospital
05123,040019,FORREST CITY MEDICAL CENTER,FORREST CITY,AR,72335,(870) 261-0000,true,Acute Care Hospitals
05125,040084,SALINE MEMORIAL HOSPITAL,BENTON,AR,72015,(501) 776-6000,true,Acute Care Hospitals
05125,040161,ARKANSAS HEART HOSPITAL-ENCORE,BRYANT,AR,72019,(501) 213-4500,true,Acute Care Hospitals
05127,041305,MERCY HOSPITAL WALDRON,WALDRON,AR,72958,(479) 637-4135,true,Critical Access Hospitals
05131,040055,BAPTIST HEALTH - FORT SMITH,FORT SMITH,AR,72901,(479) 441-4000,true,Acute Care Hospitals
05131,040062,MERCY HOSPITAL FORT SMITH,FORT SMITH,AR,72903,(479) 314-6000,true,Acute Care Hospitals
05133,041333,SEVIER COUNTY MEDICAL CENTER,DE QUEEN,AR,71832,(870) 642-6420,true,Critical Access Hospitals
05137,041310,STONE COUNTY MEDICAL CENTER,MOUNTAIN VIEW,AR,72560,(870) 269-4361,true,Critical Access Hospitals
05139,040088,SOUTH ARKANSAS REGIONAL HOSPITAL LLC,EL DORADO,AR,71730,(870) 863-2000,true,Acute Care Hospitals
05141,041313,OZARK HEALTH,CLINTON,AR,72031,(501) 745-7000,true,Critical Access Hospitals
05143,040004,WASHINGTON REGIONAL MEDICAL CENTER,FAYETTEVILLE,AR,72703,(479) 463-5113,true,Acute Care Hospitals
05143,040022,NORTHWEST MEDICAL CENTER-SPRINGDALE,SPRINGDALE,AR,72764,(479) 751-5711,true,Acute Care Hospitals
05143,04009F,FAYETTEVILLE AR VA MEDICAL CENTER,FAYETTEVILLE,AR,72703,(479) 444-5058,true,Acute Care - Veterans Administration
05143,043301,"ARKANSAS CHILDREN'S NORTHWEST, INC",SPRINGDALE,AR,72762,(479) 725-6800,true,Childrens
05145,040014,WHITE COUNTY MEDICAL CENTER,SEARCY,AR,72143,(501) 278-3100,true,Acute Care Hospitals
05149,040011,CHAMBERS MEMORIAL HOSPITAL,DANVILLE,AR,72833,(479) 495-2241,true,Acute Care Hospitals
05149,041302,DARDANELLE REGIONAL MEDICAL CENTER,DARDANELLE,AR,72834,(479) 229-4677,true,Critical Access Hospitals
06001,050043,ALTA BATES SUMMIT MEDICAL CENTER,OAKLAND,CA,94609,(510) 655-4000,true,Acute Care Hospitals
06001,050075,KAISER FOUNDATION HOSPITAL - OAKLAND/RICHMOND,OAKLAND,CA,94611,(510) 752-1000,true,Acute Care Hospitals
06001,050195,WASHINGTON HOSPITAL,FREMONT,CA,94538,(510) 797-1111,true,Acute Care Hospitals
06001,050211,ALAMEDA HOSPITAL,ALAMEDA,CA,94501,(510) 522-3700,true,Acute Care Hospitals
06001,050283,STANFORD HEALTH CARE TRI-VALLEY,PLEASANTON,CA,94588,(925) 847-3000,true,Acute Care Hospitals
06001,050305,ALTA BATES SUMMIT MEDICAL CENTER - ALTA BATES CAMP,BERKELEY,CA,94705,(510) 204-4444,true,Acute Care Hospitals
06001,050320,HIGHLAND HOSPITAL,OAKLAND,CA,94602,(510) 437-4800,true,Acute Care Hospitals
06001,050488,EDEN MEDICAL CENTER,CASTRO VALLEY,CA,94546,(510) 537-1234,true,Acute Care Hospitals
06001,050512,KAISER FOUNDATION HOSPITAL - FREMONT,FREMONT,CA,94538,(510) 784-4000,true,Acute Care Hospitals
06001,050777,KAISER FOUNDATION HOSPITAL - SAN LEANDRO,SAN LEANDRO,CA,94577,(510) 454-1000,true,Acute Care Hospitals
06001,053301,UCSF BENIOFF CHILDREN'S HOSPITAL OAKLAND,OAKLAND,CA,94609,(510) 428-3000,true,Childrens
06005,050014,SUTTER AMADOR HOSPITAL,JACKSON,CA,95642,(209) 223-7500,true,Acute Care Hospitals
06007,050030,OROVILLE HOSPITAL,OROVILLE,CA,95966,(530) 533-8500,true,Acute Care Hospitals
06007,050039,ENLOE HEALTH,CHICO,CA,95926,(530) 332-7300,true,Acute Care Hospitals
06007,051311,ORCHARD HOSPITAL,GRIDLEY,CA,95948,(530) 846-5671,true,Critical Access Hospitals
06011,050783,COLUSA MEDICAL CENTER,COLUSA,CA,95932,(530) 619-0800,true,Acute Care Hospitals
06013,050072,KAISER FOUNDATION HOSPITAL - WALNUT CREEK,WALNUT CREEK,CA,94596,(925) 295-4000,true,Acute Care Hospitals
06013,050180,JOHN MUIR MEDICAL CENTER - WALNUT CREEK CAMPUS,WALNUT CREEK,CA,94598,(925) 939-3000,true,Acute Care Hospitals
06013,050276,CONTRA COSTA REGIONAL MEDICAL CENTER,MARTINEZ,CA,94553,(925) 370-5000,true,Acute Care Hospitals
06013,050496,JOHN MUIR MEDICAL CENTER - CONCORD CAMPUS,CONCORD,CA,94520,(925) 682-8200,true,Acute Care Hospitals
06013,050523,SUTTER DELTA MEDICAL CENTER,ANTIOCH,CA,94509,(925) 779-7200,true,Acute Care Hospitals
06013,050689,SAN RAMON REGIONAL MEDICAL CENTER,SAN RAMON,CA,94583,(925) 275-9200,true,Acute Care Hospitals
06013,050760,KAISER FOUNDATION HOSPITAL - ANTIOCH,ANTIOCH,CA,94531,(925) 813-6500,true,Acute Care Hospitals
06013,054131,JOHN MUIR BEHAVIORAL HEALTH CENTER,CONCORD,CA,94520,(925) 674-4101,true,Psychiatric
06017,050254,MARSHALL MEDICAL CENTER,PLACERVILLE,CA,95667,(530) 622-1441,true,Acute Care Hospitals
06017,050352,BARTON MEMORIAL HOSPITAL,SOUTH LAKE TAHOE,CA,96150,(530) 541-3000,true,Acute Care Hospitals
06019,050060,COMMUNITY REGIONAL MEDICAL CENTER,FRESNO,CA,93721,(559) 459-6000,true,Acute Care Hospitals
06019,050093,SAINT AGNES MEDICAL CENTER,FRESNO,CA,93720,(559) 450-3000,true,Acute Care Hospitals
06019,05025F,FRESNO VA MEDICAL CENTER (VA CENTRAL CALIFORNIA HEALTHCARE SYSTEM),FRESNO,CA,93703,(559) 228-5338,true,Acute Care - Veterans Administration
06019,050492,CLOVIS COMMUNITY MEDICAL CENTER,CLOVIS,CA,93611,(559) 324-4000,true,Acute Care Hospitals
06019,050710,KAISER FOUNDATION HOSPITAL - FRESNO,FRESNO,CA,93720,(559) 448-4500,true,Acute Care Hospitals
06019,051338,COALINGA REGIONAL MEDICAL CENTER,COALINGA,CA,93210,(559) 821-6202,true,Critical Access Hospitals
06021,051306,GLENN MEDICAL CENTER,WILLOWS,CA,95988,(530) 934-1818,true,Critical Access Hospitals
06023,050006,PROVIDENCE ST JOSEPH HOSPITAL,EUREKA,CA,95501,(707) 445-8121,true,Acute Care Hospitals
06023,050028,MAD RIVER COMMUNITY HOSPITAL,ARCATA,CA,95521,(707) 822-3621,true,Acute Care Hospitals
06023,051309,JEROLD PHELPS COMMUNITY HOSPITAL,GARBERVILLE,CA,95542,(707) 923-3921,true,Critical Access Hospitals
06023,051318,PROVIDENCE REDWOOD MEMORIAL HOSPITAL,FORTUNA,CA,95540,(707) 445-8121,true,Critical Access Hospitals
06023,054124,SEMPERVIRENS,EUREKA,CA,95501,(707) 268-2990,true,Psychiatric
06025,050045,EL CENTRO REGIONAL MEDICAL CENTER,EL CENTRO,CA,92243,(760) 339-7100,true,Acute Care Hospitals
06025,050342,PIONEERS MEMORIAL HEALTHCARE DISTRICT,BRAWLEY,CA,92227,(760) 351-3333,true,Acute Care Hospitals
06027,051302,SOUTHERN INYO HOSPITAL,LONE PINE,CA,93545,(760) 876-5501,true,Critical Access Hospitals
06027,051324,NORTHERN INYO HOSPITAL,BISHOP,CA,93514,(760) 873-5811,true,Critical Access Hospitals
06029,050036,BAKERSFIELD MEMORIAL HOSPITAL,BAKERSFIELD,CA,93301,(661) 327-1792,true,Acute Care Hospitals
06029,050295,MERCY HOSPITAL,BAKERSFIELD,CA,93301,(661) 632-5000,true,Acute Care Hospitals
06029,050315,KERN MEDICAL CENTER,BAKERSFIELD,CA,93306,(661) 326-2000,true,Acute Care Hospitals
06029,050455,ADVENTIST HEALTH BAKERSFIELD,BAKERSFIELD,CA,93301,(661) 395-3000,true,Acute Care Hospitals
06029,050608,ADVENTIST HEALTH DELANO,DELANO,CA,93215,(661) 725-4800,true,Acute Care Hospitals
06029,051301,ADVENTIST HEALTH TEHACHAPI VALLEY,TEHACHAPI,CA,93561,(661) 868-6800,true,Critical Access Hospitals
06029,051314,KERN VALLEY HEALTHCARE DISTRICT,LAKE ISABELLA,CA,93240,(760) 379-2681,true,Critical Access Hospitals
06029,051333,RIDGECREST REGIONAL HOSPITAL,RIDGECREST,CA,93555,(760) 446-3551,true,Critical Access Hospitals
06031,050121,ADVENTIST HEALTH HANFORD,HANFORD,CA,93230,(559) 582-9000,true,Acute Care Hospitals
06033,051317,ADVENTIST HEALTH CLEARLAKE,CLEARLAKE,CA,95422,(707) 994-6486,true,Critical Access Hospitals
06033,051329,SUTTER LAKESIDE HOSPITAL,LAKEPORT,CA,95453,(707) 262-5000,true,Critical Access Hospitals
06035,051320,BANNER LASSEN MEDICAL CENTER,SUSANVILLE,CA,96130,(530) 252-2000,true,Critical Access Hospitals
06037,050040,LAC/OLIVE VIEW-UCLA MEDICAL CENTER,SYLMAR,CA,91342,(818) 364-1555,true,Acute Care Hospitals
06037,050056,ANTELOPE VALLEY HOSPITAL,LANCASTER,CA,93534,(661) 949-5500,true,Acute Care Hospitals
06037,050058,GLENDALE MEM HOSPITAL & HLTH CENTER,GLENDALE,CA,91204,(818) 502-1900,true,Acute Care Hospitals
06037,050063,HOLLYWOOD PRESBYTERIAN MEDICAL CENTER,LOS ANGELES,CA,90027,(213) 413-3000,true,Acute Care Hospitals
06037,050091,COMMUNITY HOSPITAL OF HUNTINGTON PARK,HUNTINGTON PARK,CA,90255,(323) 583-1931,true,Acute Care Hospitals
06037,050112,SANTA MONICA - UCLA MED CTR & ORTHOPAEDIC HOSPITAL,SANTA MONICA,CA,90404,(310) 319-4000,true,Acute Care Hospitals
06037,050116,NORTHRIDGE HOSPITAL MEDICAL CENTER,NORTHRIDGE,CA,91325,(818) 885-8500,true,Acute Care Hospitals
06037,050124,USC VERDUGO HILLS HOSPITAL,GLENDALE,CA,91208,(818) 790-7100,true,Acute Care Hospitals
06037,050126,VALLEY PRESBYTERIAN HOSPITAL,VAN NUYS,CA,91405,(818) 782-6600,true,Acute Care Hospitals
06037,050132,SAN GABRIEL VALLEY MEDICAL CENTER,SAN GABRIEL,CA,91776,(626) 289-5454,true,Acute Care Hospitals
06037,050135,SOUTHERN CALIFORNIA HOSPITAL AT HOLLYWOOD,HOLLYWOOD,CA,90028,(323) 462-2271,true,Acute Care Hospitals
06037,050149,CALIFORNIA HOSPITAL MEDICAL CENTER LA,LOS ANGELES,CA,90015,(213) 748-2411,true,Acute Care Hospitals
06037,050169,PIH HEALTH HOSPITAL-WHITTIER,WHITTIER,CA,90602,(562) 698-0811,true,Acute Care Hospitals
06037,050191,ST MARY MEDICAL CENTER,LONG BEACH,CA,90813,(562) 491-9000,true,Acute Care Hospitals
06037,050204,PALMDALE REGIONAL MEDICAL CENTER,PALMDALE,CA,93552,(661) 382-5000,true,Acute Care Hospitals
06037,050231,POMONA VALLEY HOSPITAL MEDICAL CENTER,POMONA,CA,91767,(909) 865-9500,true,Acute Care Hospitals
06037,050235,PROVIDENCE SAINT JOSEPH MEDICAL CTR,BURBANK,CA,91505,(818) 843-5111,true,Acute Care Hospitals
06037,050238,USC ARCADIA HOSPITAL,ARCADIA,CA,91007,(626) 898-8000,true,Acute Care Hospitals
06037,050239,GLENDALE ADVENTIST MEDICAL CENTER,GLENDALE,CA,91206,(818) 409-8202,true,Acute Care Hospitals
06037,050262,RONALD REAGAN UCLA MEDICAL CENTER,LOS ANGELES,CA,90095,(310) 825-6301,true,Acute Care Hospitals
06037,050278,PROVIDENCE HOLY CROSS MEDICAL CENTER,MISSION HILLS,CA,91346,(818) 365-8051,true,Acute Care Hospitals
06037,05027F,VA LONG BEACH HEALTHCARE SYSTEM,LONG BEACH,CA,90822,(562) 826-8000,true,Acute Care - Veterans Administration
06037,050290,SAINT JOHN'S HEALTH CENTER,SANTA MONICA,CA,90404,(310) 829-5511,true,Acute Care Hospitals
06037,050350,ADVENTIST HEALTH WHITE MEMORIAL MONTEBELLO,MONTEBELLO,CA,90640,(323) 726-1222,true,Acute Care Hospitals
06037,050351,TORRANCE MEMORIAL MEDICAL CENTER,TORRANCE,CA,90509,(310) 325-9110,true,Acute Care Hospitals
06037,050373,LOS ANGELES GENERAL MEDICAL CENTER,LOS ANGELES,CA,90033,(323) 226-2800,true,Acute Care Hospitals
06037,050376,LAC/HARBOR-UCLA MED CENTER,TORRANCE,CA,90509,(310) 222-2345,true,Acute Care Hospitals
06037,050378,PACIFICA HOSPITAL OF THE VALLEY,SUN VALLEY,CA,91352,(818) 767-3310,true,Acute Care Hospitals
06037,050382,EMANATE HEALTH INTER-COMMUNITY HOSPITAL,COVINA,CA,91723,(626) 814-2468,true,Acute Care Hospitals
06037,050393,PIH HEALTH DOWNEY HOSPITAL,DOWNEY,CA,90241,(562) 904-5000,true,Acute Care Hospitals
06037,050438,HUNTINGTON HOSPITAL,PASADENA,CA,91109,(626) 397-5000,true,Acute Care Hospitals
06037,050468,MEMORIAL HOSPITAL OF GARDENA,GARDENA,CA,90247,(310) 532-4200,true,Acute Care Hospitals
06037,050481,UCLA WEST VALLEY MEDICAL CENTER,WEST HILLS,CA,91307,(818) 676-4000,true,Acute Care Hospitals
06037,050581,UCI HEALTH-LAKEWOOD,LAKEWOOD,CA,90712,(562) 602-6751,true,Acute Care Hospitals
06037,050588,SAN DIMAS COMMUNITY HOSPITAL,SAN DIMAS,CA,91773,(909) 599-6811,true,Acute Care Hospitals
06037,050625,CEDARS-SINAI MEDICAL CENTER,LOS ANGELES,CA,90048,(310) 423-5000,true,Acute Care Hospitals
06037,050641,EAST LOS ANGELES DOCTORS HOSPITAL,LOS ANGELES,CA,90023,(323) 268-5514,true,Acute Care Hospitals
06037,050663,LOS ANGELES COMMUNITY HOSPITAL,LOS ANGELES,CA,90023,(323) 267-0477,true,Acute Care Hospitals
06037,050735,WHITTIER HOSPITAL MEDICAL CENTER,WHITTIER,CA,90605,(562) 945-3561,true,Acute Care Hospitals
06037,050737,GARFIELD MEDICAL CENTER,MONTEREY PARK,CA,91754,(626) 573-2222,true,Acute Care Hospitals
06037,050740,CEDAR-SINAI MARINA DEL REY HOSPITAL,MARINA DEL REY,CA,90292,(310) 823-8911,true,Acute Care Hospitals
06037,050755,SHERMAN OAKS HOSPITAL,SHERMAN OAKS,CA,91403,(818) 981-7111,true,Acute Care Hospitals
06037,050761,PROVIDENCE CEDARS SINAI TARZANA MEDICAL CENTER,TARZANA,CA,91356,(818) 881-0800,true,Acute Care Hospitals
06037,050771,COAST PLAZA HOSPITAL,NORWALK,CA,90650,(562) 868-3751,true,Acute Care Hospitals
06037,050776,COLLEGE MEDICAL CENTER,LONG BEACH,CA,90806,(562) 595-1911,true,Acute Care Hospitals
06037,050779,"MARTIN LUTHER KING, JR. COMMUNITY HOSPITAL",LOS ANGELES,CA,90059,(424) 835-6808,true,Acute Care Hospitals
06037,05128F,VA GREATER LOS ANGELES HEALTHCARE SYSTEM,LOS ANGELES,CA,90073,(310) 478-3711,true,Acute Care - Veterans Administration
06037,051307,CATALINA ISLAND MEDICAL CENTER,AVALON,CA,90704,(310) 510-0700,true,Critical Access Hospitals
06037,053302,CHILDREN'S HOSP OF LOS ANGELES,LOS ANGELES,CA,90027,(323) 669-2164,true,Childrens
06037,054009,RESNICK NEUROPSYCHIATRIC HOSPITAL AT UCLA,LOS ANGELES,CA,90095,(310) 825-6962,true,Psychiatric
06037,054053,DEL AMO HOSPITAL,TORRANCE,CA,90505,(310) 530-1151,true,Psychiatric
06037,054069,AURORA CHARTER OAK,COVINA,CA,91724,(626) 966-1632,true,Psychiatric
06037,054133,DEPT OF STATE HOSPITALS - METROPOLITAN - PSY,NORWALK,CA,90650,(562) 863-7011,true,Psychiatric
06039,050856,MADERA COMMUNITY HOSPITAL,MADERA,CA,93637,(559) 706-8226,true,Acute Care Hospitals
06039,053300,VALLEY CHILDREN'S HOSPITAL,MADERA,CA,93636,(559) 353-5116,true,Childrens
06041,050131,NOVATO COMMUNITY HOSPITAL,NOVATO,CA,94945,(415) 209-1300,true,Acute Care Hospitals
06041,050360,MARINHEALTH MEDICAL CENTER,GREENBRAE,CA,94904,(415) 925-7900,true,Acute Care Hospitals
06041,050510,KAISER FOUNDATION HOSPITAL,SAN RAFAEL,CA,94903,(415) 444-2000,true,Acute Care Hospitals
06043,051304,JOHN C FREMONT HEALTHCARE DISTRICT,MARIPOSA,CA,95338,(209) 966-3631,true,Critical Access Hospitals
06045,050301,ADVENTIST HEALTH UKIAH VALLEY,UKIAH,CA,95482,(707) 462-3111,true,Acute Care Hospitals
06045,051325,ADVENTIST HEALTH MENDOCINO COAST,FORT BRAGG,CA,95437,(707) 961-1234,true,Critical Access Hospitals
06047,050444,MERCY MEDICAL CENTER,MERCED,CA,95340,(209) 564-5000,true,Acute Care Hospitals
06047,050528,MEMORIAL HOSPITAL LOS BANOS,LOS BANOS,CA,93635,(209) 826-0591,true,Acute Care Hospitals
06049,051308,SURPRISE VALLEY COMMUNITY HOSPITAL,CEDARVILLE,CA,96104,(530) 279-6111,true,Critical Access Hospitals
06049,051330,MODOC MEDICAL CENTER,ALTURAS,CA,96101,(530) 233-5131,true,Critical Access Hospitals
06051,051303,MAMMOTH HOSPITAL,MAMMOTH LAKES,CA,93546,(760) 934-3311,true,Critical Access Hospitals
06053,050145,COMMUNITY HOSPITAL OF THE MONTEREY PENINSULA,MONTEREY,CA,93940,(831) 624-5311,true,Acute Care Hospitals
06053,050248,NATIVIDAD MEDICAL CENTER,SALINAS,CA,93906,(831) 755-4111,true,Acute Care Hospitals
06053,050334,SALINAS VALLEY HEALTH MEDICAL CENTER,SALINAS,CA,93901,(831) 757-4333,true,Acute Care Hospitals
06053,051336,SOUTHERN MONTEREY COUNTY MEMORIAL HOSPITAL,KING CITY,CA,93930,(831) 385-6000,true,Critical Access Hospitals
06055,050009,PROVIDENCE QUEEN OF THE VALLEY MEDICAL CENTER,NAPA,CA,94558,(707) 252-4411,true,Acute Care Hospitals
06055,050013,ADVENTIST HEALTH ST HELENA,SAINT HELENA,CA,94574,(707) 963-3611,true,Acute Care Hospitals
06057,050150,SIERRA NEVADA MEMORIAL HOSPITAL,GRASS VALLEY,CA,95945,(530) 274-6000,true,Acute Care Hospitals
06057,051328,TAHOE FOREST HOSPITAL,TRUCKEE,CA,96161,(530) 587-6011,true,Critical Access Hospitals
06059,050069,PROVIDENCE ST. JOSEPH HOSPITAL,ORANGE,CA,92868,(714) 633-9111,true,Acute Care Hospitals
06059,050168,PROVIDENCE ST. JUDE MEDICAL CENTER,FULLERTON,CA,92835,(714) 992-3000,true,Acute Care Hospitals
06059,050224,HOAG MEMORIAL HOSPITAL PRESBYTERIAN,NEWPORT BEACH,CA,92663,(949) 764-4624,true,Acute Care Hospitals
06059,050226,AHMC ANAHEIM REGIONAL MEDICAL CENTER,ANAHEIM,CA,92801,(714) 774-1450,true,Acute Care Hospitals
06059,050230,GARDEN GROVE HOSPITAL & MEDICAL CENTER,GARDEN GROVE,CA,92843,(714) 537-5160,true,Acute Care Hospitals
06059,050348,UCI HEALTH-ORANGE,ORANGE,CA,92868,(714) 456-7890,true,Acute Care Hospitals
06059,050426,WEST ANAHEIM MEDICAL CENTER,ANAHEIM,CA,92804,(714) 827-3000,true,Acute Care Hospitals
06059,050526,HUNTINGTON BEACH HOSPITAL,HUNTINGTON BEACH,CA,92647,(714) 843-5000,true,Acute Care Hospitals
06059,050551,UCI HEALTH - LOS ALAMITOS,LOS ALAMITOS,CA,90720,(562) 799-3220,true,Acute Care Hospitals
06059,050567,PROVIDENCE MISSION HOSPITAL,MISSION VIEJO,CA,92691,(949) 364-1400,true,Acute Care Hospitals
06059,050603,MEMORIALCARE SADDLEBACK MEDICAL CENTER,LAGUNA HILLS,CA,92653,(949) 837-4500,true,Acute Care Hospitals
06059,050609,KAISER FOUNDATION HOSPITAL - ORANGE COUNTY - ANAHEIM,ANAHEIM,CA,92806,(714) 279-4000,true,Acute Care Hospitals
06059,050678,MEMORIALCARE ORANGE COAST MEDICAL CENTER,FOUNTAIN VALLEY,CA,92708,(714) 378-7000,true,Acute Care Hospitals
06059,050746,ORANGE COUNTY GLOBAL MEDICAL CENTER,SANTA ANA,CA,92705,(714) 953-3500,true,Acute Care Hospitals
06059,050747,COASTAL COMMUNITIES HOSPITAL,SANTA ANA,CA,92704,(714) 754-5454,true,Acute Care Hospitals
06059,053306,CHILDREN'S HOSPITAL AT MISSION,MISSION VIEJO,CA,92691,(949) 365-2408,true,Childrens
06061,050309,SUTTER ROSEVILLE MEDICAL CENTER,ROSEVILLE,CA,95661,(916) 781-1000,true,Acute Care Hospitals
06061,050498,SUTTER AUBURN FAITH HOSPITAL,AUBURN,CA,95603,(530) 888-4500,true,Acute Care Hospitals
06061,050772,KAISER FOUNDATION HOSPITAL - ROSEVILLE,ROSEVILLE,CA,95661,(916) 784-4000,true,Acute Care Hospitals
06063,051300,EASTERN PLUMAS HOSPITAL - PORTOLA CAMPUS,PORTOLA,CA,96122,(530) 832-6500,true,Critical Access Hospitals
06063,051326,PLUMAS DISTRICT HOSPITAL,QUINCY,CA,95971,(530) 283-2121,true,Critical Access Hospitals
06063,051327,SENECA DISTRICT HOSPITAL,CHESTER,CA,96020,(530) 258-2151,true,Critical Access Hospitals
06065,050022,RIVERSIDE COMMUNITY HOSPITAL,RIVERSIDE,CA,92501,(951) 788-3000,true,Acute Care Hospitals
06065,050054,SAN GORGONIO MEMORIAL HOSPITAL,BANNING,CA,92220,(951) 769-2101,true,Acute Care Hospitals
06065,050102,PARKVIEW COMMUNITY HOSPITAL MEDICAL CENTER,RIVERSIDE,CA,92503,(951) 688-2211,true,Acute Care Hospitals
06065,050243,DESERT REGIONAL MEDICAL CENTER,PALM SPRINGS,CA,92262,(760) 323-6511,true,Acute Care Hospitals
06065,050292,RIVERSIDE UNIVERSITY HEALTH SYSTEM-MEDICAL CENTER,MORENO VALLEY,CA,92555,(951) 486-4000,true,Acute Care Hospitals
06065,050329,CORONA REGIONAL MEDICAL CENTER,CORONA,CA,92882,(951) 736-6240,true,Acute Care Hospitals
06065,050390,HEMET GLOBAL MEDICAL CENTER,HEMET,CA,92543,(951) 652-2811,true,Acute Care Hospitals
06065,050534,JOHN F KENNEDY MEMORIAL HOSPITAL,INDIO,CA,92201,(760) 347-6191,true,Acute Care Hospitals
06065,050573,EISENHOWER MEDICAL CENTER,RANCHO MIRAGE,CA,92270,(760) 340-3911,true,Acute Care Hospitals
06065,050684,MENIFEE GLOBAL MEDICAL CENTER,SUN CITY,CA,92585,(951) 679-8888,true,Acute Care Hospitals
06065,050686,"KAISER FOUNDATION HOSPITAL, RIVERSIDE",RIVERSIDE,CA,92505,(951) 353-2000,true,Acute Care Hospitals
06065,050701,SOUTHWEST HEALTHCARE RANCHO SPRINGS HOSPITAL,MURRIETA,CA,92562,(951) 696-6000,true,Acute Care Hospitals
06065,050765,KAISER FOUNDATION HOSPITAL-MORENO VALLEY,MORENO VALLEY,CA,92555,(951) 251-6530,true,Acute Care Hospitals
06065,050770,LOMA LINDA UNIVERSITY MEDICAL CENTER-MURRIETA,MURRIETA,CA,92563,(951) 290-4000,true,Acute Care Hospitals
06065,050775,TEMECULA VALLEY HOSPITAL,TEMECULA,CA,92592,(951) 331-2200,true,Acute Care Hospitals
06067,050017,MERCY GENERAL HOSPITAL,SACRAMENTO,CA,95819,(916) 453-4453,true,Acute Care Hospitals
06067,050108,"SUTTER MEDICAL CENTER, SACRAMENTO",SACRAMENTO,CA,95816,(916) 454-2222,true,Acute Care Hospitals
06067,05030F,VA N CALIFORNIA HEALTHCARE SYSTEM,MATHER,CA,95655,(800) 382-8387,true,Acute Care - Veterans Administration
06067,050414,MERCY HOSPITAL OF FOLSOM,FOLSOM,CA,95630,(916) 983-7400,true,Acute Care Hospitals
06067,050425,KAISER FOUNDATION HOSPITAL - SACRAMENTO,SACRAMENTO,CA,95825,(916) 973-5000,true,Acute Care Hospitals
06067,050516,MERCY SAN JUAN MEDICAL CENTER,CARMICHAEL,CA,95608,(916) 537-5000,true,Acute Care Hospitals
06067,050590,METHODIST HOSPITAL OF SACRAMENTO,SACRAMENTO,CA,95823,(916) 423-6010,true,Acute Care Hospitals
06067,050599,UNIVERSITY OF CALIFORNIA DAVIS MEDICAL CENTER,SACRAMENTO,CA,95817,(916) 734-2011,true,Acute Care Hospitals
06067,050674,KAISER FOUNDATION HOSP SO SACRAMENTO,SACRAMENTO,CA,95823,(916) 688-2000,true,Acute Care Hospitals
06067,054104,HERITAGE OAKS HOSPITAL,SACRAMENTO,CA,95841,(916) 489-3336,true,Psychiatric
06071,050089,COMMUNITY HOSPITAL OF SAN BERNARDINO,SAN BERNARDINO,CA,92411,(909) 887-6333,true,Acute Care Hospitals
06071,050099,SAN ANTONIO REGIONAL HOSPITAL,UPLAND,CA,91786,(909) 985-2811,true,Acute Care Hospitals
06071,050129,ST BERNARDINE MEDICAL CENTER,SAN BERNARDINO,CA,92404,(909) 883-8711,true,Acute Care Hospitals
06071,050140,KAISER FOUNDATION HOSPITAL FONTANA/ONTARIO,FONTANA,CA,92335,(909) 427-5000,true,Acute Care Hospitals
06071,050245,ARROWHEAD REGIONAL MEDICAL CENTER,COLTON,CA,92324,(909) 580-1000,true,Acute Care Hospitals
06071,050272,REDLANDS COMMUNITY HOSPITAL,REDLANDS,CA,92373,(909) 335-5500,true,Acute Care Hospitals
06071,050279,HI-DESERT MEDICAL CENTER,JOSHUA TREE,CA,92252,(760) 366-3711,true,Acute Care Hospitals
06071,050298,BARSTOW COMMUNITY HOSPITAL,BARSTOW,CA,92311,(760) 256-1761,true,Acute Care Hospitals
06071,050300,PROVIDENCE ST MARY MEDICAL CENTER,APPLE VALLEY,CA,92307,(760) 242-2311,true,Acute Care Hospitals
06071,050327,LOMA LINDA UNIVERSITY MEDICAL CENTER,LOMA LINDA,CA,92354,(909) 558-4000,true,Acute Care Hospitals
06071,05039F,NH Twentynine Palms,Twentynine Palms,CA,92278,(760) 830-2190,true,Acute Care - Department of Defense
06071,05041F,Weed ACH (FT Irwin),Fort Irwin,CA,92310,(866) 957-9224,true,Acute Care - Department of Defense
06071,050517,VICTOR VALLEY GLOBAL MEDICAL CENTER,VICTORVILLE,CA,92395,(760) 245-8691,true,Acute Care Hospitals
06071,050586,CHINO VALLEY MEDICAL CENTER,CHINO,CA,91710,(909) 627-6111,true,Acute Care Hospitals
06071,050709,DESERT VALLEY HOSPITAL,VICTORVILLE,CA,92395,(760) 241-8000,true,Acute Care Hospitals
06071,050758,MONTCLAIR HOSPITAL MEDICAL CENTER,MONTCLAIR,CA,91763,(909) 625-8300,true,Acute Care Hospitals
06071,05127F,LOMA LINDA VA MEDICAL CENTER,LOMA LINDA,CA,92357,(909) 825-7084,true,Acute Care - Veterans Administration
06071,051312,MOUNTAINS COMMUNITY HOSPITAL,LAKE ARROWHEAD,CA,92352,(909) 336-3651,true,Critical Access Hospitals
06071,051323,COLORADO RIVER MEDICAL CENTER,NEEDLES,CA,92363,(760) 326-7162,true,Critical Access Hospitals
06071,051335,BEAR VALLEY COMMUNITY HOSPITAL,BIG BEAR LAKE,CA,92315,(909) 866-6501,true,Critical Access Hospitals
06073,050024,PARADISE VALLEY HOSPITAL,NATIONAL CITY,CA,91950,(619) 470-4321,true,Acute Care Hospitals
06073,050025,UC SAN DIEGO HEALTH HILLCREST - HILLCREST MED CTR,SAN DIEGO,CA,92103,(619) 543-6222,true,Acute Care Hospitals
06073,050026,GROSSMONT HOSPITAL,LA MESA,CA,91942,(619) 465-0711,true,Acute Care Hospitals
06073,050077,SCRIPPS MERCY HOSPITAL,SAN DIEGO,CA,92103,(619) 294-8111,true,Acute Care Hospitals
06073,050100,SHARP MEMORIAL HOSPITAL,SAN DIEGO,CA,92123,(858) 939-3400,true,Acute Care Hospitals
06073,050115,PALOMAR HEALTH DOWNTOWN CAMPUS,ESCONDIDO,CA,92025,(760) 739-3000,true,Acute Care Hospitals
06073,050128,TRI-CITY MEDICAL CENTER,OCEANSIDE,CA,92056,(760) 724-8411,true,Acute Care Hospitals
06073,05020F,NH Camp Pendleton,Camp Pendleton,CA,92055,(760) 725-1288,true,Acute Care - Department of Defense
06073,050222,SHARP CHULA VISTA MEDICAL CENTER,CHULA VISTA,CA,91911,(619) 502-5800,true,Acute Care Hospitals
06073,05022F,NMC San Diego,San Diego,CA,92134,(619) 532-6400,true,Acute Care - Department of Defense
06073,050234,SHARP CORONADO HOSPITAL AND HLTHCR CTR,CORONADO,CA,92118,(619) 435-6251,true,Acute Care Hospitals
06073,050324,SCRIPPS MEMORIAL HOSPITAL LA JOLLA,LA JOLLA,CA,92037,(858) 626-4123,true,Acute Care Hospitals
06073,050503,SCRIPPS MEMORIAL HOSPITAL - ENCINITAS,ENCINITAS,CA,92024,(760) 753-6501,true,Acute Care Hospitals
06073,050515,KAISER FOUNDATION HOSPITAL - SAN DIEGO,SAN DIEGO,CA,92120,(619) 528-5000,true,Acute Care Hospitals
06073,050636,PALOMAR MEDICAL CENTER POWAY,POWAY,CA,92064,(858) 485-6511,true,Acute Care Hospitals
06073,050855,KAISER FOUNDATION HOSPITAL - SAN MARCOS,SAN MARCOS,CA,92078,(760) 528-6295,true,Acute Care Hospitals
06073,05114F,VA SAN DIEGO HEALTHCARE SYSTEM,SAN DIEGO,CA,92161,(858) 552-8585,true,Acute Care - Veterans Administration
06075,050047,CALIFORNIA PACIFIC MEDICAL CENTER- VAN NESS CAMPUS,SAN FRANCISCO,CA,94109,(415) 600-6000,true,Acute Care Hospitals
06075,050055,CALIFORNIA PACIFIC MEDICAL CENTER - MISSION BERNAL,SAN FRANCISCO,CA,94110,(415) 641-6562,true,Acute Care Hospitals
06075,050076,KAISER FOUNDATION HOSPITAL - SAN FRANCISCO,SAN FRANCISCO,CA,94115,(415) 833-2646,true,Acute Care Hospitals
06075,050152,UCSF HEALTH SAINT FRANCIS HOSPITAL,SAN FRANCISCO,CA,94109,(415) 353-6000,true,Acute Care Hospitals
06075,050228,ZUCKERBERG SAN FRANCISCO GENERAL HOSP & TRAUMA CTR,SAN FRANCISCO,CA,94110,(415) 206-8000,true,Acute Care Hospitals
06075,050407,CHINESE HOSPITAL,SAN FRANCISCO,CA,94133,(415) 677-2480,true,Acute Care Hospitals
06075,050454,UCSF MEDICAL CENTER,SAN FRANCISCO,CA,94143,(415) 353-2733,true,Acute Care Hospitals
06075,050457,UCSF HEALTH ST. MARY'S HOSPITAL,SAN FRANCISCO,CA,94117,(415) 668-1000,true,Acute Care Hospitals
06075,05130F,SAN FRANCISCO VA MEDICAL CENTER,SAN FRANCISCO,CA,94121,(415) 221-4810,true,Acute Care - Veterans Administration
06077,050084,ST JOSEPH'S MEDICAL CENTER OF STOCKTON,STOCKTON,CA,95204,(209) 943-2000,true,Acute Care Hospitals
06077,050118,DOCTORS HOSPITAL OF MANTECA,MANTECA,CA,95336,(209) 823-3111,true,Acute Care Hospitals
06077,050122,DAMERON HOSPITAL,STOCKTON,CA,95203,(209) 944-5550,true,Acute Care Hospitals
06077,050167,SAN JOAQUIN GENERAL HOSPITAL,FRENCH CAMP,CA,95231,(209) 468-6000,true,Acute Care Hospitals
06077,050313,SUTTER TRACY COMMUNITY HOSPITAL,TRACY,CA,95376,(209) 835-1500,true,Acute Care Hospitals
06077,050336,ADVENTIST HEALTH LODI MEMORIAL,LODI,CA,95240,(209) 334-3411,true,Acute Care Hospitals
06077,050748,KAISER FOUNDATION HOSPITAL MANTECA,MANTECA,CA,95337,(209) 825-3700,true,Acute Care Hospitals
06079,050232,FRENCH HOSPITAL MEDICAL CENTER,SAN LUIS OBISPO,CA,93401,(805) 543-5353,true,Acute Care Hospitals
06079,050506,ADVENTIST HEALTH SIERRA VISTA,SAN LUIS OBISPO,CA,93405,(850) 546-7600,true,Acute Care Hospitals
06079,050633,ADVENTIST HEALTH TWIN CITIES,TEMPLETON,CA,93465,(805) 434-3500,true,Acute Care Hospitals
06081,050007,PENINSULA MEDICAL CENTER,BURLINGAME,CA,94010,(650) 696-5400,true,Acute Care Hospitals
06081,050070,KAISER FOUNDATION HOSPITAL - SOUTH SAN FRANCISCO,SOUTH SAN FRANCISCO,CA,94080,(650) 742-3200,true,Acute Care Hospitals
06081,050113,SAN MATEO MEDICAL CENTER,SAN MATEO,CA,94403,(650) 573-2222,true,Acute Care Hospitals
06081,050197,SEQUOIA HOSPITAL,REDWOOD CITY,CA,94062,(650) 369-5811,true,Acute Care Hospitals
06081,050289,AHMC SETON MEDICAL CENTER,DALY CITY,CA,94015,(650) 992-4000,true,Acute Care Hospitals
06081,050541,KAISER FOUNDATION HOSPITAL - REDWOOD CITY,REDWOOD CITY,CA,94063,(650) 299-2000,true,Acute Care Hospitals
06083,050107,MARIAN REGIONAL MEDICAL CENTER,SANTA MARIA,CA,93454,(805) 739-3100,true,Acute Care Hospitals
06083,050110,LOMPOC VALLEY MEDICAL CENTER,LOMPOC,CA,93436,(805) 737-3300,true,Acute Care Hospitals
06083,050357,GOLETA VALLEY COTTAGE HOSPITAL,SANTA BARBARA,CA,93111,(805) 967-3411,true,Acute Care Hospitals
06083,050396,SANTA BARBARA COTTAGE HOSPITAL,SANTA BARBARA,CA,93105,(805) 682-7111,true,Acute Care Hospitals
06083,051331,SANTA YNEZ VALLEY COTTAGE HOSPITAL,SOLVANG,CA,93463,(805) 688-6431,true,Critical Access Hospitals
06085,050038,SANTA CLARA VALLEY MEDICAL CENTER,SAN JOSE,CA,95128,(408) 885-5000,true,Acute Care Hospitals
06085,050071,KAISER FOUNDATION HOSPITAL-SANTA CLARA,SANTA CLARA,CA,95051,(408) 236-6400,true,Acute Care Hospitals
06085,050308,EL CAMINO HEALTH,MOUNTAIN VIEW,CA,94040,(650) 940-7000,true,Acute Care Hospitals
06085,05031F,PALO ALTO VA MEDICAL CENTER,PALO ALTO,CA,94304,(650) 858-3939,true,Acute Care - Veterans Administration
06085,050380,GOOD SAMARITAN HOSPITAL,SAN JOSE,CA,95124,(408) 559-2011,true,Acute Care Hospitals
06085,050441,STANFORD HEALTH CARE,STANFORD,CA,94305,(650) 723-4000,true,Acute Care Hospitals
06085,050604,KAISER FOUNDATION HOSPITAL-SAN JOSE,SAN JOSE,CA,95119,(408) 972-7000,true,Acute Care Hospitals
06085,051337,HAZEL HAWKINS MEMORIAL HOSPITAL,HOLLISTER,CA,95032,(831) 637-5711,true,Critical Access Hospitals
06085,054150,KAISER PERMANENTE PSYCHIATRIC HEALTH FACILITY-SANT,SANTA CLARA,CA,95051,(408) 851-4850,true,Psychiatric
06087,050194,WATSONVILLE COMMUNITY HOSPITAL,WATSONVILLE,CA,95076,(831) 724-4741,true,Acute Care Hospitals
06087,050242,DOMINICAN HOSPITAL,SANTA CRUZ,CA,95065,(831) 462-7700,true,Acute Care Hospitals
06089,050280,MERCY MEDICAL CENTER REDDING,REDDING,CA,96001,(530) 225-6102,true,Acute Care Hospitals
06089,050764,SHASTA REGIONAL MEDICAL CENTER,REDDING,CA,96001,(530) 244-5454,true,Acute Care Hospitals
06089,051305,MAYERS MEMORIAL HOSPITAL,FALL RIVER MILLS,CA,96028,(530) 336-5511,true,Critical Access Hospitals
06093,051316,FAIRCHILD MEDICAL CENTER,YREKA,CA,96097,(530) 842-4121,true,Critical Access Hospitals
06093,051319,MERCY MEDICAL CENTER OF MT SHASTA,MOUNT SHASTA,CA,96067,(530) 926-6111,true,Critical Access Hospitals
06095,050101,SUTTER SOLANO MEDICAL CENTER,VALLEJO,CA,94589,(707) 554-5280,true,Acute Care Hospitals
06095,05015F,60th Medical Group (Travis AFB),Travis AFB,CA,94535,(707) 423-7300,true,Acute Care - Department of Defense
06095,050367,NORTHBAY MEDICAL CENTER,FAIRFIELD,CA,94533,(707) 646-5000,true,Acute Care Hospitals
06095,050767,KAISER FOUNDATION HOSPITAL - VACAVILLE,VACAVILLE,CA,95688,(707) 624-4000,true,Acute Care Hospitals
06097,050090,SONOMA VALLEY HOSPITAL,SONOMA,CA,95476,(707) 935-5000,true,Acute Care Hospitals
06097,050174,PROVIDENCE SANTA ROSA MEMORIAL HOSPITAL,SANTA ROSA,CA,95405,(707) 525-5300,true,Acute Care Hospitals
06097,050291,SUTTER SANTA ROSA REGIONAL HOSPITAL,SANTA ROSA,CA,95403,(707) 576-4000,true,Acute Care Hospitals
06097,050690,KAISER FOUNDATION HOSPITAL-SANTA ROSA,SANTA ROSA,CA,95403,(707) 571-4000,true,Acute Care Hospitals
06097,051321,HEALDSBURG HOSPITAL,HEALDSBURG,CA,95448,(707) 431-6500,true,Critical Access Hospitals
06099,050067,OAK VALLEY HOSPITAL DISTRICT,OAKDALE,CA,95361,(209) 847-3011,true,Acute Care Hospitals
06099,050179,EMANUEL MEDICAL CENTER,TURLOCK,CA,95382,(209) 667-4200,true,Acute Care Hospitals
06099,050464,DOCTORS MEDICAL CENTER,MODESTO,CA,95350,(209) 578-1211,true,Acute Care Hospitals
06099,050557,MEMORIAL MEDICAL CENTER,MODESTO,CA,95355,(209) 526-4500,true,Acute Care Hospitals
06105,051315,TRINITY HOSPITAL,WEAVERVILLE,CA,96093,(530) 623-5541,true,Critical Access Hospitals
06107,050057,KAWEAH HEALTH MEDICAL CENTER,VISALIA,CA,93291,(559) 624-2000,true,Acute Care Hospitals
06107,050261,SIERRA VIEW MEDICAL CENTER,PORTERVILLE,CA,93257,(559) 784-1110,true,Acute Care Hospitals
06107,050784,ADVENTIST HEALTH TULARE,TULARE,CA,93274,(559) 688-0821,true,Acute Care Hospitals
06111,050082,ST JOHNS REGIONAL MEDICAL CENTER,OXNARD,CA,93030,(805) 988-2500,true,Acute Care Hospitals
06111,050159,VENTURA COUNTY MEDICAL CENTER,VENTURA,CA,93003,(805) 652-6075,true,Acute Care Hospitals
06111,050236,ADVENTIST HEALTH SIMI VALLEY,SIMI VALLEY,CA,93065,(805) 955-6000,true,Acute Care Hospitals
06111,050394,COMMUNITY MEMORIAL HOSPITAL - VENTURA,VENTURA,CA,93003,(805) 652-5011,true,Acute Care Hospitals
06111,050549,LOS ROBLES HOSPITAL & MEDICAL CENTER,THOUSAND OAKS,CA,91360,(805) 497-2727,true,Acute Care Hospitals
06111,051334,COMMUNITY MEMORIAL HOSPITAL - OJAI,OJAI,CA,93023,(805) 646-1401,true,Critical Access Hospitals
06113,050127,WOODLAND MEMORIAL HOSPITAL,WOODLAND,CA,95695,(530) 662-3961,true,Acute Care Hospitals
06113,050537,SUTTER DAVIS HOSPITAL,DAVIS,CA,95616,(530) 757-5108,true,Acute Care Hospitals
06115,050133,ADVENTIST HEALTH AND RIDEOUT,MARYSVILLE,CA,95901,(530) 749-4300,true,Acute Care Hospitals
08001,060004,INTERMOUNTAIN HEALTH PLATTE VALLEY HOSPITAL,BRIGHTON,CO,80601,(303) 498-1600,true,Acute Care Hospitals
08001,060024,UNIVERSITY OF COLORADO HOSPITAL AUTHORITY,AURORA,CO,80045,(720) 848-0000,true,Acute Care Hospitals
08001,06005F,VA EASTERN COLORADO HEALTHCARE SYSTEM,AURORA,CO,80045,(303) 399-8020,true,Acute Care - Veterans Administration
08001,060065,HCA HEALTHONE MOUNTAIN RIDGE,THORNTON,CO,80229,(303) 451-7800,true,Acute Care Hospitals
08001,063301,CHILDREN'S HOSPITAL COLORADO,AURORA,CO,80045,(720) 777-1234,true,Childrens
08003,060008,SAN LUIS VALLEY REGIONAL  MEDICAL CENTER,ALAMOSA,CO,81101,(719) 587-1202,true,Acute Care Hospitals
08005,060034,HCA-HEALTHONE DBA SWEDISH MEDICAL CENTER,ENGLEWOOD,CO,80113,(303) 788-5000,true,Acute Care Hospitals
08005,060100,THE MEDICAL CENTER OF AURORA & SOUTH HOSPITAL,AURORA,CO,80012,(303) 873-5511,true,Acute Care Hospitals
08005,060113,AdventHealth Littleton,LITTLETON,CO,80122,(303) 730-8900,true,Acute Care Hospitals
08007,061328,PAGOSA SPRINGS MEDICAL CENTER,PAGOSA SPRINGS,CO,81147,(970) 731-3700,true,Critical Access Hospitals
08009,061311,SOUTHEAST COLORADO HOSPITAL DISTRICT,SPRINGFIELD,CO,81073,(719) 523-4501,true,Critical Access Hospitals
08013,060003,LONGMONT UNITED HOSPITAL,LONGMONT,CO,80501,(303) 651-5111,true,Acute Care Hospitals
08013,060027,BOULDER COMMUNITY HEALTH,BOULDER,CO,80304,(303) 440-2273,true,Acute Care Hospitals
08013,060116,GOOD SAMARITAN MEDICAL CENTER LLC,LAFAYETTE,CO,80026,(303) 689-4000,true,Acute Care Hospitals
08013,060128,LONGS PEAK HOSPITAL,LONGMONT,CO,80504,(720) 718-3005,true,Acute Care Hospitals
08014,060104,CENTURA HEALTH-ST ANTHONY NORTH HEALTH CAMPUS,WESTMINSTER,CO,80023,(720) 627-0000,true,Acute Care Hospitals
08015,061322,HEART OF THE ROCKIES REGIONAL MEDICAL CENTER,SALIDA,CO,81201,(719) 530-2200,true,Critical Access Hospitals
08017,061343,KEEFE MEMORIAL HOSPITAL,CHEYENNE WELLS,CO,80810,(719) 767-5661,true,Critical Access Hospitals
08029,060071,DELTA COUNTY MEMORIAL HOSPITAL,DELTA,CO,81416,(970) 874-7681,true,Acute Care Hospitals
08031,060011,DENVER HEALTH & HOSPITAL AUTHORITY,DENVER,CO,80204,(303) 436-4927,true,Acute Care Hospitals
08031,060014,HCA HealthOne Presbyterian St. Lukes,DENVER,CO,80218,(303) 839-6000,true,Acute Care Hospitals
08031,060028,SAINT JOSEPH HOSPITAL,DENVER,CO,80218,(303) 812-2000,true,Acute Care Hospitals
08031,060032,HCA HEALTHONE ROSE,DENVER,CO,80220,(303) 320-2121,true,Acute Care Hospitals
08031,060064,AdventHealth Porter,DENVER,CO,80210,(303) 778-1955,true,Acute Care Hospitals
08031,060107,NATIONAL JEWISH HEALTH,DENVER,CO,80206,(303) 388-4461,true,Acute Care Hospitals
08035,060112,SKY RIDGE MEDICAL CENTER,LONE TREE,CO,80124,(720) 225-1000,true,Acute Care Hospitals
08035,060114,AdventHealth Parker,PARKER,CO,80138,(303) 269-4000,true,Acute Care Hospitals
08035,060125,ADVENTHEALTH CASTLE ROCK,CASTLE ROCK,CO,80109,(720) 455-5000,true,Acute Care Hospitals
08035,060132,UCHEALTH HIGHLANDS RANCH HOSPITAL,HIGHLANDS RANCH,CO,80129,(720) 516-1000,true,Acute Care Hospitals
08037,060096,VAIL HEALTH HOSPITAL,VAIL,CO,81657,(970) 476-2451,true,Acute Care Hospitals
08041,060022,UCH-MEMORIAL HEALTH SYSTEM,COLORADO SPRINGS,CO,80909,(719) 365-5000,true,Acute Care Hospitals
08041,060031,CENTURA HEALTH-PENROSE ST FRANCIS HEALTH SERVICES,COLORADO SPRINGS,CO,80907,(719) 776-5000,true,Acute Care Hospitals
08041,06003F,Evans ACH (FT Carson),Fort Carson,CO,80913,(719) 526-7000,true,Acute Care - Department of Defense
08041,060130,UCHEALTH GRANDVIEW HOSPITAL,COLORADO SPRINGS,CO,80918,(719) 365-3300,true,Acute Care Hospitals
08041,060133,ST FRANCIS HOSPITAL - INTERQUEST,COLORADO SPRINGS,CO,80921,(719) 757-7000,true,Acute Care Hospitals
08041,063303,CHILDREN'S HOSPITAL COLORADO - COLORADO SPRINGS,COLORADO SPRINGS,CO,80920,(719) 305-9590,true,Childrens
08041,064009,CEDAR SPRINGS HOSPITAL,COLORADO SPRINGS,CO,80906,(719) 633-4114,true,Psychiatric
08041,064026,PEAK VIEW BEHAVIORAL HEALTH,COLORADO SPRINGS,CO,80923,(719) 444-8484,true,Psychiatric
08043,061344,ST THOMAS MORE HOSPITAL,CANON CITY,CO,81212,(719) 285-2000,true,Critical Access Hospitals
08045,060075,VALLEY VIEW HOSPITAL ASSOCIATION,GLENWOOD SPRINGS,CO,81601,(970) 945-6535,true,Acute Care Hospitals
08045,061317,GRAND RIVER HOSPITAL DISTRICT,RIFLE,CO,81650,(970) 625-1510,true,Critical Access Hospitals
08049,061318,MIDDLE PARK MEDICAL CENTER,KREMMLING,CO,80459,(970) 724-3442,true,Critical Access Hospitals
08051,061320,GUNNISON VALLEY HOSPITAL,GUNNISON,CO,81230,(970) 641-1456,true,Critical Access Hospitals
08055,061316,SPANISH PEAKS REGIONAL HEALTH CENTER,WALSENBURG,CO,81089,(719) 738-5100,true,Critical Access Hospitals
08059,060009,INTERMOUNTAIN HEALTH LUTHERAN HOSPITAL,WHEAT RIDGE,CO,80033,(303) 425-4500,true,Acute Care Hospitals
08059,060015,CENTURA HEALTH-ST ANTHONY HOSPITAL,LAKEWOOD,CO,80228,(720) 321-0000,true,Acute Care Hospitals
08059,060124,ORTHOCOLORADO HOSP AT ST ANTHONY MED CAMPUS,LAKEWOOD,CO,80228,(720) 321-5000,true,Acute Care Hospitals
08059,060129,UCHEALTH BROOMFIELD HOSPITAL,BROOMFIELD,CO,80021,(303) 464-4500,true,Acute Care Hospitals
08061,061300,WEISBROD MEMORIAL COUNTY HOSPITAL,EADS,CO,81036,(719) 438-5401,true,Critical Access Hospitals
08063,061313,KIT CARSON COUNTY MEMORIAL HOSPITAL,BURLINGTON,CO,80807,(719) 346-4824,true,Critical Access Hospitals
08065,061319,ST VINCENT GENERAL HOSPITAL DISTRICT,LEADVILLE,CO,80461,(719) 486-0230,true,Critical Access Hospitals
08067,060013,MERCY REGIONAL MEDICAL CENTER,DURANGO,CO,81301,(970) 247-4311,true,Acute Care Hospitals
08067,060117,"ANIMAS SURGICAL HOSPITAL, LLC",DURANGO,CO,81301,(970) 247-3537,true,Acute Care Hospitals
08069,060010,POUDRE VALLEY HOSPITAL,FORT COLLINS,CO,80524,(970) 495-7000,true,Acute Care Hospitals
08069,060030,BANNER NORTH CO MEDICAL CENTER - LOVELAND CAMPUS,LOVELAND,CO,80538,(970) 820-4640,true,Acute Care Hospitals
08069,060119,MEDICAL CENTER OF THE ROCKIES,LOVELAND,CO,80538,(970) 624-2500,true,Acute Care Hospitals
08069,060126,BANNER FORT COLLINS MEDICAL CENTER,FORT COLLINS,CO,80528,(970) 821-4000,true,Acute Care Hospitals
08069,061312,ESTES PARK MEDICAL CENTER,ESTES PARK,CO,80517,(970) 577-4470,true,Critical Access Hospitals
08071,061321,MT SAN RAFAEL HOSPITAL,TRINIDAD,CO,81082,(719) 846-9213,true,Critical Access Hospitals
08073,061306,LINCOLN HEALTH HOSPITAL,HUGO,CO,80821,(719) 743-2421,true,Critical Access Hospitals
08075,060076,STERLING REGIONAL MEDCENTER,STERLING,CO,80751,(970) 522-0122,true,Acute Care Hospitals
08077,060023,INTERMOUNTAIN HEALTH ST. MARY'S REGIONAL HOSPITAL,GRAND JUNCTION,CO,81501,(970) 298-2260,true,Acute Care Hospitals
08077,060054,COMMUNITY HOSPITAL,GRAND JUNCTION,CO,81505,(970) 644-3011,true,Acute Care Hospitals
08077,06007F,GRAND JUNCTION VA MEDICAL CENTER,GRAND JUNCTION,CO,81501,(970) 244-1329,true,Acute Care - Veterans Administration
08077,061302,FAMILY HEALTH WEST HOSPITAL,FRUITA,CO,81521,(970) 858-9871,true,Critical Access Hospitals
08081,061314,"MEMORIAL HOSPITAL, THE",CRAIG,CO,81625,(970) 824-9411,true,Critical Access Hospitals
08083,061327,SOUTHWEST MEMORIAL HOSPITAL,CORTEZ,CO,81321,(970) 565-6666,true,Critical Access Hospitals
08085,060006,MONTROSE REGIONAL HEALTH,MONTROSE,CO,81401,(970) 249-2211,true,Acute Care Hospitals
08087,060044,ST ELIZABETH HOSPITAL,FORT MORGAN,CO,80701,(970) 867-3391,true,Acute Care Hospitals
08087,061303,EAST MORGAN COUNTY HOSPITAL,BRUSH,CO,80723,(970) 842-6222,true,Critical Access Hospitals
08089,061336,ARKANSAS VALLEY REGIONAL MEDICAL CENTER,LAJUNA,CO,81050,(719) 363-1428,true,Critical Access Hospitals
08095,061304,HAXTUN HOSPITAL DISTRICT,HAXTUN,CO,80731,(970) 774-6123,true,Critical Access Hospitals
08095,061305,MELISSA MEMORIAL HOSPITAL,HOLYOKE,CO,80734,(970) 854-2241,true,Critical Access Hospitals
08097,061324,ASPEN VALLEY HOSPITAL DISTRICT,ASPEN,CO,81611,(970) 544-1261,true,Critical Access Hospitals
08099,061323,PROWERS MEDICAL CENTER,LAMAR,CO,81052,(719) 336-4343,true,Critical Access Hospitals
08101,060020,"PARKVIEW MEDICAL CENTER, INC",PUEBLO,CO,81003,(719) 584-4000,true,Acute Care Hospitals
08101,064001,COLORADO MENTAL HEALTH HOSPITAL IN PUEBLO,PUEBLO,CO,81003,(719) 546-4747,true,Psychiatric
08103,061307,RANGELY DISTRICT HOSPITAL,RANGELY,CO,81648,(970) 675-5011,true,Critical Access Hospitals
08103,061325,EASTERN RIO BLANCO COUNTY HEALTH SERVICE DISTRICT,MEEKER,CO,81641,(970) 878-5047,true,Critical Access Hospitals
08105,061301,RIO GRANDE HOSPITAL,DEL NORTE,CO,81132,(719) 657-2510,true,Critical Access Hospitals
08107,060049,UCHEALTH YAMPA VALLEY MEDICAL CENTER,STEAMBOAT SPRINGS,CO,80487,(970) 879-1322,true,Acute Care Hospitals
08115,061310,SEDGWICK COUNTY MEMORIAL HOSPITAL,JULESBURG,CO,80737,(970) 474-3323,true,Critical Access Hospitals
08117,060118,ST ANTHONY SUMMIT MEDICAL CENTER,FRISCO,CO,80443,(970) 668-3300,true,Acute Care Hospitals
08119,061326,UCHEALTH PIKES PEAK REGIONAL HOSPITAL,WOODLAND PARK,CO,80863,(719) 374-6060,true,Critical Access Hospitals
08123,060001,BANNER NORTH COLORADO MEDICAL CENTER,GREELEY,CO,80631,(970) 810-4121,true,Acute Care Hospitals
08123,060131,UCHEALTH GREELEY HOSPITAL,GREELEY,CO,80634,(970) 652-2000,true,Acute Care Hospitals
08125,061309,WRAY COMMUNITY DISTRICT HOSPITAL,WRAY,CO,80758,(970) 332-4811,true,Critical Access Hospitals
08125,061315,YUMA DISTRICT HOSPITAL,YUMA,CO,80759,(970) 848-5405,true,Critical Access Hospitals
09110,070002,ST FRANCIS HOSPITAL & MEDICAL CENTER,HARTFORD,CT,06105,(860) 714-5541,true,Acute Care Hospitals
09110,070008,JOHNSON MEMORIAL HOSPITAL,STAFFORD SPRINGS,CT,06076,(860) 684-4251,true,Acute Care Hospitals
09110,070027,MANCHESTER MEMORIAL HOSPITAL,MANCHESTER,CT,06040,(860) 647-4780,true,Acute Care Hospitals
09110,070036,JOHN DEMPSEY HOSPITAL OF THE UNIVERSITY OF CONNECT,FARMINGTON,CT,06032,(860) 679-1145,true,Acute Care Hospitals
09110,073300,CONNECTICUT CHILDRENS MEDICAL CENTER,HARTFORD,CT,06106,(860) 545-9000,true,Childrens
09120,070010,BRIDGEPORT HOSPITAL,BRIDGEPORT,CT,06610,(203) 384-3000,true,Acute Care Hospitals
09120,070028,ST VINCENT'S MEDICAL CENTER,BRIDGEPORT,CT,06606,(203) 576-5551,true,Acute Care Hospitals
09130,070020,MIDDLESEX HOSPITAL,MIDDLETOWN,CT,06457,(860) 344-6000,true,Acute Care Hospitals
09140,070016,SAINT MARY'S HOSPITAL,WATERBURY,CT,06706,(203) 709-6020,true,Acute Care Hospitals
09140,070029,BRISTOL HOSPITAL,BRISTOL,CT,06010,(860) 585-3000,true,Acute Care Hospitals
09140,070031,GRIFFIN HOSPITAL,DERBY,CT,06418,(203) 732-7500,true,Acute Care Hospitals
09150,070003,DAY KIMBALL HOSPITAL,PUTNAM,CT,06260,(860) 928-6541,true,Acute Care Hospitals
09160,070004,SHARON HOSPITAL,SHARON,CT,06069,(860) 364-4228,true,Acute Care Hospitals
09160,070011,CHARLOTTE HUNGERFORD HOSPITAL,TORRINGTON,CT,06790,(860) 496-6666,true,Acute Care Hospitals
09170,070017,MIDSTATE MEDICAL CENTER,MERIDEN,CT,06450,(203) 694-8200,true,Acute Care Hospitals
09170,07003F,WEST HAVEN VA MEDICAL CENTER,WEST HAVEN,CT,06516,(203) 932-5711,true,Acute Care - Veterans Administration
09180,070007,LAWRENCE & MEMORIAL HOSPITAL,NEW LONDON,CT,06320,(860) 442-0711,true,Acute Care Hospitals
09180,070021,WINDHAM COMMUNITY MEMORIAL HOSPITAL,WILLIMANTIC,CT,06226,(860) 456-9116,true,Acute Care Hospitals
09180,070024,WILLIAM W BACKUS HOSPITAL,NORWICH,CT,06360,(860) 889-8331,true,Acute Care Hospitals
09190,070018,GREENWICH HOSPITAL ASSOCIATION -,GREENWICH,CT,06830,(203) 863-3000,true,Acute Care Hospitals
09190,070033,DANBURY HOSPITAL,DANBURY,CT,06810,(203) 739-7000,true,Acute Care Hospitals
10001,080004,"BAYHEALTH MEDICAL CENTER, KENT CAMPUS",DOVER,DE,19901,(302) 744-7001,true,Acute Care Hospitals
10003,080001,CHRISTIANA HOSPITAL,NEWARK,DE,19718,(302) 733-3609,true,Acute Care Hospitals
10003,080003,ST FRANCIS HOSPITAL,WILMINGTON,DE,19805,(302) 421-4100,true,Acute Care Hospitals
10003,08002F,WILMINGTON VA MEDICAL CENTER,WILMINGTON,DE,19805,(302) 994-2511,true,Acute Care - Veterans Administration
10003,083300,"NEMOURS CHILDREN'S HOSPITAL, DELAWARE",WILMINGTON,DE,19899,(302) 651-4000,true,Childrens
10003,084002,ROCKFORD CENTER,NEWARK,DE,19713,(302) 996-5480,true,Psychiatric
10005,080006,"TIDALHEALTH NANTICOKE, INC.",SEAFORD,DE,19973,(302) 629-6611,true,Acute Care Hospitals
10005,080007,BEEBE MEDICAL CENTER,LEWES,DE,19958,(302) 645-3300,true,Acute Care Hospitals
10005,080009,"BAYHEALTH HOSPITAL, SUSSEX CAMPUS",MILFORD,DE,19963,(302) 422-3311,true,Acute Care Hospitals
11001,090001,GEORGE WASHINGTON UNIV HOSPITAL,WASHINGTON,DC,20037,(202) 716-4605,true,Acute Care Hospitals
11001,090004,MEDSTAR GEORGETOWN UNIVERSITY HOSPITAL,WASHINGTON,DC,20007,(202) 784-3000,true,Acute Care Hospitals
11001,090005,SIBLEY MEMORIAL HOSPITAL,WASHINGTON,DC,20016,(202) 537-4680,true,Acute Care Hospitals
11001,090008,UNITED MEDICAL CENTER,WASHINGTON,DC,20032,(202) 574-6000,true,Acute Care Hospitals
11001,090011,MEDSTAR WASHINGTON HOSPITAL CENTER,WASHINGTON,DC,20010,(202) 877-7000,true,Acute Care Hospitals
11001,09002F,WASHINGTON DC VA MEDICAL CENTER,WASHINGTON,DC,20422,(202) 745-8000,true,Acute Care - Veterans Administration
11001,093300,CHILDREN'S NATIONAL HOSPITAL,WASHINGTON,DC,20010,(202) 476-5000,true,Childrens
12001,100113,UF HEALTH SHANDS HOSPITAL,GAINESVILLE,FL,32610,(352) 265-8000,true,Acute Care Hospitals
12001,100204,HCA FLORIDA NORTH FLORIDA HOSPITAL,GAINESVILLE,FL,32605,(352) 333-4100,true,Acute Care Hospitals
12001,10057F,VA NORTH FLORIDA/SOUTH GEORGIA HEALTHCARE SYSTEM - GAINESVILLE,GAINESVILLE,FL,32608,(352) 376-1611,true,Acute Care - Veterans Administration
12003,100134,ED FRASER MEMORIAL HOSPITAL,MACCLENNY,FL,32063,(904) 259-3151,true,Acute Care Hospitals
12005,100026,ASCENSION SACRED HEART BAY,PANAMA CITY,FL,32401,(850) 769-1511,true,Acute Care Hospitals
12005,100242,HCA FLORIDA GULF COAST HOSPITAL,PANAMA CITY,FL,32405,(850) 747-7926,true,Acute Care Hospitals
12009,100019,HOLMES REGIONAL MEDICAL CENTER,MELBOURNE,FL,32901,(321) 434-7000,true,Acute Care Hospitals
12009,100028,PARRISH MEDICAL CENTER,TITUSVILLE,FL,32796,(321) 268-6111,true,Acute Care Hospitals
12009,100177,CAPE CANAVERAL HOSPITAL,COCOA BEACH,FL,32931,(321) 799-7111,true,Acute Care Hospitals
12009,100291,ORLANDO HEALTH MELBOURNE HOSPITAL,MELBOURNE,FL,32935,(321) 752-1200,true,Acute Care Hospitals
12009,100315,VIERA HOSPITAL,MELBOURNE,FL,32940,(321) 434-9000,true,Acute Care Hospitals
12009,100316,PALM BAY HOSPITAL,PALM BAY,FL,32907,(321) 434-8000,true,Acute Care Hospitals
12011,100038,MEMORIAL REGIONAL HOSPITAL,HOLLYWOOD,FL,33021,(954) 987-2000,true,Acute Care Hospitals
12011,100039,BROWARD HEALTH MEDICAL CENTER,FORT LAUDERDALE,FL,33316,(954) 355-4400,true,Acute Care Hospitals
12011,100073,HOLY CROSS HOSPITAL,FT LAUDERDALE,FL,33308,(954) 771-8000,true,Acute Care Hospitals
12011,100086,BROWARD HEALTH NORTH,DEERFIELD BEACH,FL,33064,(954) 786-6400,true,Acute Care Hospitals
12011,100167,HCA FLORIDA MERCY HOSPITAL,PLANTATION,FL,33317,(954) 587-5010,true,Acute Care Hospitals
12011,100189,HCA FLORIDA NORTHWEST HOSPITAL,MARGATE,FL,33063,(954) 974-0400,true,Acute Care Hospitals
12011,100224,UNIVERSITY HOSPITAL AND MEDICAL CENTER,TAMARAC,FL,33321,(954) 721-2200,true,Acute Care Hospitals
12011,100230,MEMORIAL HOSPITAL PEMBROKE,PEMBROKE PINES,FL,33024,(954) 962-9650,true,Acute Care Hospitals
12011,100276,BROWARD HEALTH CORAL SPRINGS,CORAL SPRINGS,FL,33065,(954) 344-3121,true,Acute Care Hospitals
12011,100281,MEMORIAL HOSPITAL WEST,PEMBROKE PINES,FL,33028,(954) 436-5000,true,Acute Care Hospitals
12011,100285,MEMORIAL HOSPITAL MIRAMAR,MIRAMAR,FL,33029,(954) 538-5000,true,Acute Care Hospitals
12011,100289,CLEVELAND CLINIC HOSPITAL,WESTON,FL,33331,(954) 689-5000,true,Acute Care Hospitals
12011,100360,HCA FLORIDA UNIVERSITY HOSPITAL,DAVIE,FL,33328,(954) 475-4400,true,Acute Care Hospitals
12011,104001,SOUTH FLORIDA STATE HOSPITAL,PEMBROKE PINES,FL,33025,(305) 967-7000,true,Psychiatric
12013,101304,CALHOUN-LIBERTY HOSPITAL,BLOUNTSTOWN,FL,32424,(850) 674-5411,true,Critical Access Hospitals
12015,100077,Adventhealth Port Charlotte,PORT CHARLOTTE,FL,33952,(941) 766-4122,true,Acute Care Hospitals
12015,100236,HCA FLORIDA FAWCETT HOSPITAL,PORT CHARLOTTE,FL,33952,(941) 629-1181,true,Acute Care Hospitals
12017,100023,HCA FLORIDA CITRUS HOSPITAL,INVERNESS,FL,34452,(352) 726-1551,true,Acute Care Hospitals
12019,100226,HCA FLORIDA ORANGE PARK HOSPITAL,ORANGE PARK,FL,32073,(904) 276-8500,true,Acute Care Hospitals
12019,100321,ASCENSION ST VINCENT'S CLAY COUNTY,MIDDLEBURG,FL,32068,(904) 602-1000,true,Acute Care Hospitals
12021,100018,NAPLES COMMUNITY HOSPITAL,NAPLES,FL,34102,(239) 624-5000,true,Acute Care Hospitals
12021,100286,PHYSICIANS REGIONAL MEDICAL CENTER - PINE RIDGE,NAPLES,FL,34119,(239) 304-5145,true,Acute Care Hospitals
12023,100156,HCA FLORIDA LAKE CITY HOSPITAL,LAKE CITY,FL,32055,(386) 719-9000,true,Acute Care Hospitals
12023,10015F,VA NORTH FLORIDA/SOUTH GEORGIA HEALTHCARE SYSTEM - LAKE CITY,LAKE CITY,FL,32025,(386) 755-3016,true,Acute Care - Veterans Administration
12027,100175,DESOTO MEMORIAL HOSPITAL,ARCADIA,FL,34266,(863) 494-3535,true,Acute Care Hospitals
12031,100001,SHANDS JACKSONVILLE,JACKSONVILLE,FL,32209,(904) 244-4000,true,Acute Care Hospitals
12031,100040,ASCENSION ST VINCENT'S RIVERSIDE,JACKSONVILLE,FL,32204,(904) 308-7300,true,Acute Care Hospitals
12031,100088,BAPTIST HEALTH MEDICAL CENTER - JACKSONVILLE,JACKSONVILLE,FL,32207,(904) 202-2000,true,Acute Care Hospitals
12031,100117,BAPTIST MEDICAL CENTER  BEACHES,JACKSONVILLE BEACH,FL,32250,(904) 247-2900,true,Acute Care Hospitals
12031,10013F,NH Jacksonville,Jacksonville,FL,32214,(904) 542-7300,true,Acute Care - Department of Defense
12031,100151,MAYO CLINIC,JACKSONVILLE,FL,32224,(904) 953-2000,true,Acute Care Hospitals
12031,100179,HCA FLORIDA MEMORIAL HOSPITAL,JACKSONVILLE,FL,32216,(904) 702-6111,true,Acute Care Hospitals
12031,100307,ASCENSION ST VINCENT'S SOUTHSIDE,JACKSONVILLE,FL,32216,(904) 296-3700,true,Acute Care Hospitals
12033,100025,SACRED HEART HOSPITAL,PENSACOLA,FL,32504,(850) 416-7000,true,Acute Care Hospitals
12033,100093,BAPTIST HOSPITAL,PENSACOLA,FL,32503,(850) 434-4011,true,Acute Care Hospitals
12033,100231,HCA FLORIDA WEST HOSPITAL,PENSACOLA,FL,32514,(850) 494-4000,true,Acute Care Hospitals
12035,100118,AdventHealth Palm Coast,PALM COAST,FL,32164,(386) 586-2000,true,Acute Care Hospitals
12035,100363,ADVENTHEALTH PALM COAST PARKWAY,PALM COAST,FL,32137,(386) 302-1800,true,Acute Care Hospitals
12037,101305,GEORGE E WEEMS MEMORIAL HOSPITAL,APALACHICOLA,FL,32320,(850) 653-8853,true,Critical Access Hospitals
12045,100313,ASCENSION SACRED HEART GULF,PORT SAINT JOE,FL,32456,(850) 229-5600,true,Acute Care Hospitals
12049,101300,ADVENTHEALTH WAUCHULA,WAUCHULA,FL,33873,(863) 773-3101,true,Critical Access Hospitals
12051,101309,HENDRY REGIONAL MEDICAL CENTER,CLEWISTON,FL,33440,(863) 902-3033,true,Critical Access Hospitals
12053,100071,TAMPA GENERAL HOSPITAL BROOKSVILLE,BROOKSVILLE,FL,34601,(352) 796-5111,true,Acute Care Hospitals
12053,100264,HCA FLORIDA OAK HILL HOSPITAL,BROOKSVILLE,FL,34613,(352) 596-6632,true,Acute Care Hospitals
12055,100049,HCA FLORIDA HIGHLANDS HOSPITAL,SEBRING,FL,33870,(863) 385-6101,true,Acute Care Hospitals
12055,100109,ADVENTHEALTH SEBRING,SEBRING,FL,33872,(863) 314-4466,true,Acute Care Hospitals
12057,100069,AdventHealth Carrollwood,TAMPA,FL,33614,(813) 615-7219,true,Acute Care Hospitals
12057,100075,ST JOSEPHS HOSPITAL,TAMPA,FL,33607,(813) 870-4398,true,Acute Care Hospitals
12057,100128,TAMPA GENERAL HOSPITAL,TAMPA,FL,33606,(813) 844-7000,true,Acute Care Hospitals
12057,100132,SOUTH FLORIDA BAPTIST HOSPITAL,PLANT CITY,FL,33563,(813) 757-1200,true,Acute Care Hospitals
12057,100173,ADVENTHEALTH TAMPA,TAMPA,FL,33613,(813) 615-7200,true,Acute Care Hospitals
12057,100206,HCA FLORIDA SOUTH TAMPA HOSPITAL,TAMPA,FL,33609,(813) 873-6400,true,Acute Care Hospitals
12057,100243,HCA FLORIDA BRANDON HOSPITAL,BRANDON,FL,33511,(813) 916-0600,true,Acute Care Hospitals
12057,100259,HCA FLORIDA SOUTH SHORE HOSPITAL,SUN CITY CENTER,FL,33573,(813) 634-3301,true,Acute Care Hospitals
12057,100364,ADVENTHEALTH RIVERVIEW,RIVERVIEW,FL,33578,(813) 929-5962,true,Acute Care Hospitals
12057,10063F,TAMPA VA MEDICAL CENTER,TAMPA,FL,33612,(813) 972-2000,true,Acute Care - Veterans Administration
12061,100105,CLEVELAND CLINIC INDIAN RIVER HOSPITAL,VERO BEACH,FL,32960,(772) 567-4311,true,Acute Care Hospitals
12061,100217,ORLANDO HEALTH SEBASTIAN RIVER HOSPITAL,SEBASTIAN,FL,32958,(772) 589-3187,true,Acute Care Hospitals
12063,100142,JACKSON HOSPITAL,MARIANNA,FL,32446,(850) 526-2200,true,Acute Care Hospitals
12069,100051,ORLANDO HEALTH SOUTH LAKE HOSPITAL,CLERMONT,FL,34711,(352) 394-4071,true,Acute Care Hospitals
12069,100084,UF HEALTH LEESBURG HOSPITAL,LEESBURG,FL,34748,(352) 323-5762,true,Acute Care Hospitals
12069,100290,"VILLAGES REGIONAL HOSPITAL, THE",THE VILLAGES,FL,32159,(352) 751-8000,true,Acute Care Hospitals
12071,100012,LEE MEMORIAL HOSPITAL,FORT MYERS,FL,33901,(239) 343-5000,true,Acute Care Hospitals
12071,100107,HCA FLORIDA LEHIGH HOSPITAL,LEHIGH ACRES,FL,33936,(239) 369-2101,true,Acute Care Hospitals
12071,100220,GULF COAST MEDICAL CENTER LEE HEALTH,FORT MYERS,FL,33912,(239) 343-1000,true,Acute Care Hospitals
12071,100244,CAPE CORAL HOSPITAL,CAPE CORAL,FL,33990,(239) 424-2000,true,Acute Care Hospitals
12073,100135,TALLAHASSEE MEMORIAL HEALTHCARE,TALLAHASSEE,FL,32308,(850) 431-1155,true,Acute Care Hospitals
12073,100254,HCA FLORIDA CAPITAL HOSPITAL,TALLAHASSEE,FL,32308,(850) 656-5000,true,Acute Care Hospitals
12079,101311,MADISON COUNTY MEMORIAL HOSPITAL,MADISON,FL,32340,(850) 973-2271,true,Critical Access Hospitals
12081,100035,MANATEE MEMORIAL HOSPITAL,BRADENTON,FL,34208,(941) 746-5111,true,Acute Care Hospitals
12081,100213,HCA FLORIDA BLAKE HOSPITAL,BRADENTON,FL,34209,(941) 798-6110,true,Acute Care Hospitals
12081,100299,LAKEWOOD RANCH MEDICAL CENTER,BRADENTON,FL,34202,(941) 782-2100,true,Acute Care Hospitals
12083,100062,ADVENTHEALTH OCALA,OCALA,FL,34474,(352) 351-7200,true,Acute Care Hospitals
12083,100212,MARION COMMUNTIY HOSPITAL,OCALA,FL,34471,(352) 401-1000,true,Acute Care Hospitals
12085,100044,CLEVELAND CLINIC MARTIN NORTH HOSPITAL,STUART,FL,34994,(772) 287-5200,true,Acute Care Hospitals
12086,100008,BAPTIST HOSPITAL OF MIAMI,MIAMI,FL,33176,(786) 596-1960,true,Acute Care Hospitals
12086,100022,JACKSON HEALTH SYSTEM,MIAMI,FL,33136,(305) 585-1111,true,Acute Care Hospitals
12086,100029,NORTH SHORE MEDICAL CENTER,MIAMI,FL,33150,(305) 835-6000,true,Acute Care Hospitals
12086,100034,"MOUNT SINAI MEDICAL CENTER OF FLORIDA, INC",MIAMI BEACH,FL,33140,(305) 674-2121,true,Acute Care Hospitals
12086,100050,LARKIN COMMUNITY HOSPITAL PALM SPRINGS CAMPUS,HIALEAH,FL,33012,(305) 558-2500,true,Acute Care Hospitals
12086,100053,HIALEAH HOSPITAL,HIALEAH,FL,33013,(305) 693-6100,true,Acute Care Hospitals
12086,100125,HOMESTEAD HOSPITAL,HOMESTEAD,FL,33033,(786) 243-8000,true,Acute Care Hospitals
12086,100131,HCA FLORIDA AVENTURA HOSPITAL,AVENTURA,FL,33180,(305) 682-7000,true,Acute Care Hospitals
12086,100154,SOUTH MIAMI HOSPITAL,MIAMI,FL,33143,(786) 662-4000,true,Acute Care Hospitals
12086,100181,LARKIN COMMUNITY HOSPITAL,SOUTH MIAMI,FL,33143,(305) 284-7500,true,Acute Care Hospitals
12086,100183,CORAL GABLES HOSPITAL,CORAL GABLES,FL,33134,(305) 445-8461,true,Acute Care Hospitals
12086,100187,PALMETTO GENERAL HOSPITAL,HIALEAH,FL,33016,(305) 823-5000,true,Acute Care Hospitals
12086,100209,HCA FLORIDA KENDALL HOSPITAL,MIAMI,FL,33175,(305) 223-3000,true,Acute Care Hospitals
12086,100284,KERALTY HOSPITAL,MIAMI,FL,33155,(305) 263-9270,true,Acute Care Hospitals
12086,100296,DOCTORS HOSPITAL,CORAL GABLES,FL,33146,(786) 308-3000,true,Acute Care Hospitals
12086,100314,WEST KENDALL BAPTIST HOSPITAL,MIAMI,FL,33196,(786) 467-2000,true,Acute Care Hospitals
12086,10064F,MIAMI VA MEDICAL CENTER,MIAMI,FL,33125,(305) 324-4455,true,Acute Care - Veterans Administration
12086,103301,NICKLAUS CHILDREN'S HOSPITAL,MIAMI,FL,33155,(305) 666-6511,true,Childrens
12087,100150,LOWER KEYS MEDICAL CENTER,KEY WEST,FL,33040,(305) 294-5531,true,Acute Care Hospitals
12087,101312,FISHERMEN'S COMMUNITY HOSPITAL,MARATHON,FL,33050,(305) 434-1000,true,Critical Access Hospitals
12087,101313,MARINERS HOSPITAL,TAVERNIER,FL,33070,(305) 434-3000,true,Critical Access Hospitals
12089,100140,BAPTIST MEDICAL CENTER - NASSAU,FERNANDINA BEACH,FL,32034,(904) 321-3500,true,Acute Care Hospitals
12091,100054,HCA FLORIDA TWIN CITIES HOSPITAL,NICEVILLE,FL,32578,(850) 678-4131,true,Acute Care Hospitals
12091,100122,NORTH OKALOOSA MEDICAL CENTER,CRESTVIEW,FL,32539,(850) 689-8100,true,Acute Care Hospitals
12091,10021F,96th Medical Group (Eglin AFB),Eglin AFB,FL,32542,(850) 883-8600,true,Acute Care - Department of Defense
12091,100223,HCA FLORIDA FORT WALTON-DESTIN HOSPITAL,FORT WALTON BEACH,FL,32547,(850) 862-1111,true,Acute Care Hospitals
12095,100006,ORLANDO HEALTH,ORLANDO,FL,32806,(321) 841-5111,true,Acute Care Hospitals
12095,100007,ADVENTHEALTH ORLANDO,ORLANDO,FL,32803,(407) 303-1976,true,Acute Care Hospitals
12095,100030,ORLANDO HEALTH-HEALTH CENTRAL HOSPITAL,OCOEE,FL,34761,(407) 296-1000,true,Acute Care Hospitals
12095,100350,UCF LAKE NONA HOSPITAL,ORLANDO,FL,32827,(850) 523-2115,true,Acute Care Hospitals
12095,10099F,ORLANDO VA MEDICAL CENTER,ORLANDO,FL,32827,(407) 631-1000,true,Acute Care - Veterans Administration
12095,103304,"NEMOURS CHILDRENS HOSPITAL, FLORIDA",ORLANDO,FL,32827,(407) 567-4000,true,Childrens
12097,100110,HCA FLORIDA OSCEOLA HOSPITAL,KISSIMMEE,FL,34741,(407) 846-2266,true,Acute Care Hospitals
12097,100302,ORLANDO HEALTH ST CLOUD HOSPITAL,SAINT CLOUD,FL,34769,(407) 892-2135,true,Acute Care Hospitals
12097,100320,HCA FLORIDA POINCIANA HOSPITAL,KISSIMMEE,FL,34758,(407) 530-2000,true,Acute Care Hospitals
12099,100002,BETHESDA HOSPITAL EAST,BOYNTON BEACH,FL,33435,(561) 737-7733,true,Acute Care Hospitals
12099,100080,HCA FLORIDA JFK HOSPITAL,ATLANTIS,FL,33462,(561) 965-7300,true,Acute Care Hospitals
12099,100130,LAKESIDE MEDICAL CENTER,BELLE GLADE,FL,33430,(561) 996-6571,true,Acute Care Hospitals
12099,100168,BOCA RATON REGIONAL HOSPITAL,BOCA RATON,FL,33486,(561) 955-4200,true,Acute Care Hospitals
12099,100176,PALM BEACH GARDENS MEDICAL CENTER,PALM BEACH GARDENS,FL,33410,(561) 622-1411,true,Acute Care Hospitals
12099,100253,JUPITER MEDICAL CENTER,JUPITER,FL,33458,(561) 747-2234,true,Acute Care Hospitals
12099,100258,DELRAY MEDICAL CENTER,DELRAY BEACH,FL,33484,(561) 498-4440,true,Acute Care Hospitals
12099,100268,WEST BOCA MEDICAL CENTER,BOCA RATON,FL,33428,(561) 488-8100,true,Acute Care Hospitals
12099,100269,HCA FLORIDA PALMS WEST HOSPITAL,LOXAHATCHEE,FL,33470,(561) 798-3300,true,Acute Care Hospitals
12099,100275,WELLINGTON REGIONAL MEDICAL CENTER,WELLINGTON,FL,33414,(561) 798-8500,true,Acute Care Hospitals
12099,100287,GOOD SAMARITAN MEDICAL CENTER,WEST PALM BEACH,FL,33401,(561) 655-5511,true,Acute Care Hospitals
12099,100288,ST MARY'S MEDICAL CENTER,WEST PALM BEACH,FL,33407,(561) 840-6202,true,Acute Care Hospitals
12099,10065F,W PALM BEACH VA MEDICAL CENTER,WEST PALM BEACH,FL,33410,(561) 422-8600,true,Acute Care - Veterans Administration
12101,100046,Adventhealth Zephyrhills,ZEPHYRHILLS,FL,33541,(813) 615-7219,true,Acute Care Hospitals
12101,100063,MORTON PLANT NORTH BAY HOSPITAL,NEW PORT RICHEY,FL,34652,(727) 842-8468,true,Acute Care Hospitals
12101,100191,HCA FLORIDA TRINITY HOSPITAL,TRINITY,FL,34655,(727) 834-4900,true,Acute Care Hospitals
12101,100256,HCA FLORIDA BAYONET POINT HOSPITAL,HUDSON,FL,34667,(727) 819-2929,true,Acute Care Hospitals
12101,100319,ADVENTHEALTH WESLEY CHAPEL,WESLEY CHAPEL,FL,33544,(813) 929-5000,true,Acute Care Hospitals
12101,100362,BAYCARE HOSPITAL WESLEY CHAPEL,WESLEY CHAPEL,FL,33544,(813) 914-1000,true,Acute Care Hospitals
12103,100032,ORLANDO HEALTH BAYFRONT HOSPITAL,SAINT PETERSBURG,FL,33701,(727) 823-1234,true,Acute Care Hospitals
12103,100043,MEASE DUNEDIN HOSPITAL,DUNEDIN,FL,34698,(727) 733-1111,true,Acute Care Hospitals
12103,100055,ADVENTHEALTH NORTH PINELLAS,TARPON SPRINGS,FL,34689,(813) 615-7219,true,Acute Care Hospitals
12103,100067,ST ANTHONYS HOSPITAL,SAINT PETERSBURG,FL,33705,(727) 825-1100,true,Acute Care Hospitals
12103,10009F,BAY PINES VA MEDICAL CENTER,BAY PINES,FL,33744,(727) 398-6661,true,Acute Care - Veterans Administration
12103,100126,HCA FLORIDA PASADENA HOSPITAL A PART OF HCA FLORID,SAINT PETERSBURG,FL,33707,(727) 381-1000,true,Acute Care Hospitals
12103,100127,MORTON PLANT HOSPITAL,CLEARWATER,FL,33756,(727) 462-7000,true,Acute Care Hospitals
12103,100180,HCA FLORIDA ST PETERSBURG HOSPITAL,SAINT PETERSBURG,FL,33710,(727) 384-1414,true,Acute Care Hospitals
12103,100238,HCA FLORIDA NORTHSIDE HOSPITAL,SAINT PETERSBURG,FL,33709,(727) 521-5121,true,Acute Care Hospitals
12103,100248,HCA FLORIDA LARGO HOSPITAL,LARGO,FL,33770,(727) 588-5200,true,Acute Care Hospitals
12103,100265,MEASE COUNTRYSIDE HOSPITAL,SAFETY HARBOR,FL,34695,(727) 734-6950,true,Acute Care Hospitals
12103,103300,JOHNS HOPKINS ALL CHILDREN'S HOSPITAL,SAINT PETERSBURG,FL,33701,(713) 898-7451,true,Childrens
12105,100052,WINTER HAVEN HOSPITAL,WINTER HAVEN,FL,33881,(863) 293-1121,true,Acute Care Hospitals
12105,100099,ADVENTHEALTH LAKE WALES,LAKE WALES,FL,33853,(863) 676-1433,true,Acute Care Hospitals
12105,100121,BARTOW REGIONAL MEDICAL CENTER,BARTOW,FL,33830,(863) 533-8111,true,Acute Care Hospitals
12105,100137,ADVENTHEALTH HEART OF FLORIDA,DAVENPORT,FL,33837,(863) 422-4971,true,Acute Care Hospitals
12105,100157,LAKELAND REGIONAL MEDICAL CENTER,LAKELAND,FL,33805,(863) 687-1100,true,Acute Care Hospitals
12107,100232,HCA FLORIDA PUTNAM HOSPITAL,PALATKA,FL,32177,(386) 328-5711,true,Acute Care Hospitals
12109,100090,FLAGLER HOSPITAL,SAINT AUGUSTINE,FL,32086,(904) 819-5155,true,Acute Care Hospitals
12109,100361,ASCENSION ST VINCENT'S ST JOHNS COUNTY,ST. JOHNS,FL,32259,(904) 450-6020,true,Acute Care Hospitals
12111,100246,HCA FLORIDA LAWNWOOD HOSPITAL,FORT PIERCE,FL,34950,(772) 461-4000,true,Acute Care Hospitals
12111,100260,ST LUCIE MEDICAL CENTER,PORT SAINT LUCIE,FL,34952,(772) 335-4000,true,Acute Care Hospitals
12111,104070,PORT ST LUCIE HOSPITAL,PORT SAINT LUCIE,FL,34952,(772) 335-0400,true,Psychiatric
12113,100124,SANTA ROSA MEDICAL CENTER,MILTON,FL,32570,(850) 626-7762,true,Acute Care Hospitals
12113,100266,GULF BREEZE HOSPITAL,GULF BREEZE,FL,32561,(850) 934-2000,true,Acute Care Hospitals
12113,101315,JAY HOSPITAL,JAY,FL,32565,(850) 675-4532,true,Critical Access Hospitals
12115,100087,SARASOTA MEMORIAL HOSPITAL,SARASOTA,FL,34239,(941) 917-9000,true,Acute Care Hospitals
12115,100166,HCA FLORIDA SARASOTA DOCTORS HOSPITAL,SARASOTA,FL,34233,(941) 342-1100,true,Acute Care Hospitals
12115,100267,HCA FLORIDA ENGLEWOOD HOSPITAL,ENGLEWOOD,FL,34223,(941) 475-6571,true,Acute Care Hospitals
12115,100359,SARASOTA MEMORIAL HOSPITAL - VENICE,NORTH VENICE,FL,34275,(941) 917-7299,true,Acute Care Hospitals
12117,100161,CENTRAL FLORIDA LAKE MONROE HOSPITAL,SANFORD,FL,32771,(407) 321-4500,true,Acute Care Hospitals
12117,100329,OVIEDO MEDICAL CENTER,OVIEDO,FL,32765,(615) 850-6055,true,Acute Care Hospitals
12123,101314,DOCTORS MEMORIAL HOSPITAL INC,PERRY,FL,32347,(850) 584-0800,true,Critical Access Hospitals
12125,101303,LAKE BUTLER HOSPITAL,LAKE BUTLER,FL,32054,(386) 496-2323,true,Critical Access Hospitals
12127,100014,ADVENTHEALTH NEW SMYRNA BEACH,NEW SMYRNA BEACH,FL,32170,(386) 424-5100,true,Acute Care Hospitals
12127,100017,HALIFAX HEALTH MEDICAL CENTER,DAYTONA BEACH,FL,32114,(386) 254-4000,true,Acute Care Hospitals
12127,100045,ADVENTHEALTH DELAND,DELAND,FL,32720,(386) 943-4522,true,Acute Care Hospitals
12127,100068,ADVENTHEALTH DAYTONA BEACH,DAYTONA BEACH,FL,32117,(386) 231-6000,true,Acute Care Hospitals
12127,100072,ADVENTHEALTH FISH MEMORIAL,ORANGE CITY,FL,32763,(386) 917-5000,true,Acute Care Hospitals
12127,100330,HALIFAX HEALTH /UF HEALTH MEDICAL CENTER OF DELTON,DELTONA,FL,32725,(386) 425-4806,true,Acute Care Hospitals
12131,100292,SACRED HEART HOSPITAL ON THE EMERALD COAST,MIRAMAR BEACH,FL,32550,(850) 278-3600,true,Acute Care Hospitals
12131,100365,NORTH WALTON DOCTORS HOSPITAL,DEFUNIAK SPRINGS,FL,32435,(850) 920-2065,true,Acute Care Hospitals
12133,101308,NORTHWEST FLORIDA COMMUNITY HOSPITAL,CHIPLEY,FL,32428,(850) 638-1610,true,Critical Access Hospitals
13001,110071,APPLING HEALTHCARE,BAXLEY,GA,31513,(912) 367-9841,true,Acute Care Hospitals
13003,110089,"COFFEE REGIONAL MEDICAL CENTER, INC",DOUGLAS,GA,31642,(912) 384-1900,true,Acute Care Hospitals
13009,110150,NAVICENT HEALTH BALDWIN,MILLEDGEVILLE,GA,31061,(478) 454-3550,true,Acute Care Hospitals
13013,110045,"NGMC BARROW, LLC",WINDER,GA,30680,(770) 848-8611,true,Acute Care Hospitals
13015,110030,PIEDMONT CARTERSVILLE MEDICAL CENTER,CARTERSVILLE,GA,30120,(470) 490-1000,true,Acute Care Hospitals
13017,110073,DORMINY MEDICAL CENTER,FITZGERALD,GA,31750,(229) 424-7100,true,Acute Care Hospitals
13019,110234,SGMC BERRIEN CAMPUS,NASHVILLE,GA,31639,(229) 543-7100,true,Acute Care Hospitals
13021,110107,ATRIUM HEALTH NAVICENT THE MEDICAL CENTER,MACON,GA,31201,(478) 633-1000,true,Acute Care Hospitals
13021,110164,"COLISEUM MEDICAL CENTERS, LLC, DBA",MACON,GA,31217,(478) 765-7000,true,Acute Care Hospitals
13021,110201,PIEDMONT MACON NORTH HOSPITAL,MACON,GA,31210,(478) 757-5990,true,Acute Care Hospitals
13023,111302,BLECKLEY MEMORIAL HOSPITAL,COCHRAN,GA,31014,(478) 934-6211,true,Critical Access Hospitals
13027,111332,ARCHBOLD BROOKS,QUITMAN,GA,31643,(912) 263-4171,true,Critical Access Hospitals
13031,110075,EAST GEORGIA REGIONAL MEDICAL CENTER,STATESBORO,GA,30458,(912) 486-1500,true,Acute Care Hospitals
13035,111319,WELLSTAR SYLVAN GROVE MEDICAL CENTER,JACKSON,GA,30233,(770) 775-7861,true,Critical Access Hospitals
13039,110146,SOUTHEAST GEORGIA HEALTH SYSTEM -- CAMDEN CAMPUS,SAINT MARYS,GA,31558,(912) 576-6401,true,Acute Care Hospitals
13043,111334,CANDLER COUNTY HOSPITAL,METTER,GA,30439,(912) 685-5741,true,Critical Access Hospitals
13045,110015,TANNER MEDICAL CENTER VILLA RICA,VILLA RICA,GA,30180,(770) 456-3101,true,Acute Care Hospitals
13047,110236,COMMONSPIRIT-MEMORIAL HOSPITAL-NORTH GEORGIA,RINGGOLD,GA,30736,(770) 874-5400,true,Acute Care Hospitals
13051,110024,CANDLER HOSPITAL,SAVANNAH,GA,31405,(912) 819-5290,true,Acute Care Hospitals
13051,110036,SAVANNAH HEALTH SERVICES LLC DBA MEMORIAL HEALTH UNIVERSITY MEDICAL CENTER,SAVANNAH,GA,31404,(912) 350-3691,true,Acute Care Hospitals
13051,110043,ST JOSEPH'S HOSPITAL - SAVANNAH,SAVANNAH,GA,31419,(912) 819-4100,true,Acute Care Hospitals
13051,114028,GEORGIA REGIONAL HOSP SAVANNAH,SAVANNAH,GA,31416,(912) 356-2045,true,Psychiatric
13053,11032F,Martin ACH (FT Benning),Fort Benning,GA,31905,(762) 408-2604,true,Acute Care - Department of Defense
13057,110008,NORTHSIDE HOSPITAL CHEROKEE,CANTON,GA,30115,(770) 244-1000,true,Acute Care Hospitals
13059,110006,ST MARY'S HOSPITAL,ATHENS,GA,30606,(706) 389-3000,true,Acute Care Hospitals
13063,110165,SOUTHERN REGIONAL MEDICAL CENTER,RIVERDALE,GA,30274,(770) 991-8160,true,Acute Care Hospitals
13065,111308,CLINCH MEMORIAL HOSPITAL,HOMERVILLE,GA,31634,(912) 487-5211,true,Critical Access Hospitals
13067,110035,WELLSTAR KENNESTONE REGIONAL MEDICAL CENTER,MARIETTA,GA,30060,(770) 793-5000,true,Acute Care Hospitals
13077,110229,"PIEDMONT NEWNAN HOSPITAL, INC",NEWNAN,GA,30265,(770) 400-2300,true,Acute Care Hospitals
13081,110104,CRISP REGIONAL HOSPITAL,CORDELE,GA,31015,(229) 276-3100,true,Acute Care Hospitals
13089,110010,EMORY UNIVERSITY HOSPITAL,ATLANTA,GA,30322,(404) 686-8500,true,Acute Care Hospitals
13089,110226,EMORY HILLANDALE HOSPITAL,LITHONIA,GA,30058,(404) 501-8040,true,Acute Care Hospitals
13089,11029F,DECATUR (ATLANTA) VA MEDICAL CENTER,DECATUR,GA,30033,(404) 321-6111,true,Acute Care - Veterans Administration
13089,113300,ATHUR M BLANK HOSPITAL,ATLANTA,GA,30329,(404) 785-4577,true,Childrens
13089,114010,PEACHFORD BEHAVIORAL HEALTH SYSTEM OF ATLANTA,ATLANTA,GA,30338,(770) 455-3200,true,Psychiatric
13091,110092,DODGE COUNTY HOSPITAL,EASTMAN,GA,31023,(478) 448-4067,true,Acute Care Hospitals
13095,110007,PHOEBE PUTNEY MEMORIAL HOSPITAL,ALBANY,GA,31703,(229) 312-4068,true,Acute Care Hospitals
13097,110184,WELLSTAR DOUGLAS MEDICAL CENTER,DOUGLASVILLE,GA,30134,(770) 949-1500,true,Acute Care Hospitals
13099,111314,LIFEBRITE COMMUNITY HOSPITAL OF EARLY,BLAKELY,GA,39823,(229) 723-4241,true,Critical Access Hospitals
13103,111306,EFFINGHAM HEALTH SYSTEM,SPRINGFIELD,GA,31329,(912) 754-0160,true,Critical Access Hospitals
13107,110109,EMANUEL MEDICAL CENTER,SWAINSBORO,GA,30401,(478) 289-1304,true,Acute Care Hospitals
13109,110142,EVANS MEMORIAL HOSPITAL,CLAXTON,GA,30417,(912) 739-5105,true,Acute Care Hospitals
13111,111338,BLUE RIDGE MEDICAL CENTER,BLUE RIDGE,GA,30513,(706) 632-3711,true,Critical Access Hospitals
13113,110215,PIEDMONT FAYETTE HOSPITAL,FAYETTEVILLE,GA,30214,(770) 719-7000,true,Acute Care Hospitals
13117,110005,NORTHSIDE HOSPITAL FORSYTH,CUMMING,GA,30041,(770) 844-3200,true,Acute Care Hospitals
13119,110027,"TY COBB REGIONAL MEDICAL CENTER, LLC",LAVONIA,GA,30553,(706) 356-7800,true,Acute Care Hospitals
13121,110078,EMORY UNIVERSITY HOSPITAL MIDTOWN,ATLANTA,GA,30308,(404) 686-2450,true,Acute Care Hospitals
13121,110079,GRADY MEMORIAL HOSPITAL,ATLANTA,GA,30303,(404) 616-1000,true,Acute Care Hospitals
13121,110082,"SAINT JOSEPH'S HOSPITAL OF ATLANTA, INC",ATLANTA,GA,30342,(678) 843-7001,true,Acute Care Hospitals
13121,110161,NORTHSIDE HOSPITAL,ATLANTA,GA,30342,(404) 851-8000,true,Acute Care Hospitals
13121,113301,CHILDREN'S HEALTHCARE OF ATLANTA AT SCOTTISH RITE,ATLANTA,GA,30342,(404) 785-5252,true,Childrens
13133,111329,ST MARYS GOOD SAMARITAN HOSPITAL,GREENSBORO,GA,30642,(706) 453-7331,true,Critical Access Hospitals
13135,110087,NORTHSIDE HOSPITAL GWINNETT,LAWRENCEVILLE,GA,30045,(678) 312-4310,true,Acute Care Hospitals
13135,110192,PIEDMONT EASTSIDE MEDICAL CENTER,SNELLVILLE,GA,30078,(770) 979-0200,true,Acute Care Hospitals
13135,110230,EMORY JOHNS CREEK HOSPITAL,JOHNS CREEK,GA,30097,(678) 474-7000,true,Acute Care Hospitals
13135,110252,NORTHSIDE HOSPITAL DULUTH,DULUTH,GA,30096,(678) 312-1000,true,Acute Care Hospitals
13137,110041,NORTHEAST GEORGIA MEDICAL CENTER HABERSHAM,DEMOREST,GA,30535,(706) 754-2161,true,Acute Care Hospitals
13139,110029,"NORTHEAST GEORGIA MEDICAL CENTER, INC",GAINESVILLE,GA,30501,(770) 535-3553,true,Acute Care Hospitals
13153,110069,EMORY HOUSTON HOSPITAL WARNER ROBINS,WARNER ROBINS,GA,31093,(478) 922-4281,true,Acute Care Hospitals
13155,110779,IRWIN COUNTY HOSPITAL,OCILLA,GA,31774,(229) 468-3845,true,Rural Emergency Hospital
13159,111303,JASPER MEMORIAL HOSPITAL,MONTICELLO,GA,31064,(706) 468-6411,true,Critical Access Hospitals
13161,111333,JEFF DAVIS HOSPITAL,HAZLEHURST,GA,31539,(912) 375-7781,true,Critical Access Hospitals
13163,110100,JEFFERSON HOSPITAL,LOUISVILLE,GA,30434,(478) 625-7000,true,Acute Care Hospitals
13165,111311,JENKINS COUNTY MEDICAL CENTER,MILLEN,GA,30442,(478) 982-4221,true,Critical Access Hospitals
13173,111326,SGMC HEALTH LANIER,LAKELAND,GA,31635,(229) 482-8402,true,Critical Access Hospitals
13175,110125,FAIRVIEW PARK HOSPITAL,DUBLIN,GA,31021,(478) 274-3100,true,Acute Care Hospitals
13175,11031F,DUBLIN VA MEDICAL CENTER,DUBLIN,GA,31021,(478) 277-2701,true,Acute Care - Veterans Administration
13179,11035F,Winn ACH (FT Stewart),Fort Stewart,GA,31314,(912) 435-6633,true,Acute Care - Department of Defense
13179,111335,LIBERTY REGIONAL MEDICAL CENTER,HINESVILLE,GA,31313,(912) 369-9400,true,Critical Access Hospitals
13185,110122,SGMC HEALTH,VALDOSTA,GA,31602,(229) 333-1020,true,Acute Care Hospitals
13187,110237,NORTHEAST GEORGIA MEDICAL CENTER LUMPKIN,DAHLONEGA,GA,30533,(770) 219-7146,true,Acute Care Hospitals
13189,110111,UNIVERSITY MCDUFFIE COUNTY REGIONAL MEDICAL CENTER,THOMSON,GA,30824,(706) 595-1411,true,Acute Care Hospitals
13201,111305,MILLER COUNTY HOSPITAL,COLQUITT,GA,39837,(229) 758-4231,true,Critical Access Hospitals
13205,111331,ARCHBOLD MITCHELL,CAMILLA,GA,31730,(229) 336-5284,true,Critical Access Hospitals
13207,111318,MONROE COUNTY HOSPITAL,FORSYTH,GA,31029,(478) 994-2521,true,Critical Access Hospitals
13211,111304,MORGAN MEDICAL CENTER,MADISON,GA,30650,(706) 342-1667,true,Critical Access Hospitals
13215,110064,PIEDMONT COLUMBUS REGIONAL MIDTOWN,COLUMBUS,GA,31901,(706) 571-1000,true,Acute Care Hospitals
13217,110018,PIEDMONT NEWTON HOSPITAL,COVINGTON,GA,30014,(770) 786-7053,true,Acute Care Hospitals
13225,111310,ATRIUM HEALTH NAVICENT PEACH,BYRON,GA,31008,(478) 654-2000,true,Critical Access Hospitals
13233,111330,ATRIUM HEALTH FLOYD POLK MEDICAL CENTER,CEDARTOWN,GA,30125,(770) 748-2500,true,Critical Access Hospitals
13235,110256,TAYLOR REGIONAL HOSPITAL,HAWKINSVILLE,GA,31036,(478) 783-0200,true,Acute Care Hospitals
13237,111313,PUTNAM GENERAL HOSPITAL,EATONTON,GA,31024,(706) 485-2711,true,Critical Access Hospitals
13241,111336,MOUNTAIN LAKES MEDICAL CENTER,CLAYTON,GA,30525,(706) 782-3100,true,Critical Access Hospitals
13245,110028,PIEDMONT AUGUSTA HOSPITAL,AUGUSTA,GA,30901,(706) 722-9011,true,Acute Care Hospitals
13245,110034,"WELLSTAR MCG HEALTH, AFFILIATED WITH MED COL",AUGUSTA,GA,30912,(706) 721-6569,true,Acute Care Hospitals
13245,110177,DOCTORS HOSPITAL,AUGUSTA,GA,30909,(706) 651-6008,true,Acute Care Hospitals
13245,11030F,AUGUSTA VA MEDICAL CENTER,AUGUSTA,GA,30904,(706) 823-2201,true,Acute Care - Veterans Administration
13245,11033F,Dwight Eisenhower AMC (FT Gordon),Fort Gordon,GA,30905,(706) 787-5811,true,Acute Care - Department of Defense
13251,111312,OPTIM MEDICAL CENTER - SCREVEN,SYLVANIA,GA,30467,(912) 564-7426,true,Critical Access Hospitals
13255,110031,WELLSTAR SPALDING MEDICAL CENTER,GRIFFIN,GA,30223,(770) 228-2721,true,Acute Care Hospitals
13257,110032,STEPHENS COUNTY HOSPITAL,TOCCOA,GA,30577,(706) 282-4250,true,Acute Care Hospitals
13261,110044,PHOEBE SUMTER MEDICAL CENTER,AMERICUS,GA,31719,(229) 931-1280,true,Acute Care Hospitals
13267,111323,OPTIM MEDICAL CENTER - TATTNALL,REIDSVILLE,GA,30453,(912) 557-1000,true,Critical Access Hospitals
13275,110038,ARCHBOLD MEMORIAL HOSPITAL,THOMASVILLE,GA,31792,(229) 228-2880,true,Acute Care Hospitals
13279,110128,MEMORIAL HEALTH MEADOWS HOSPITAL,VIDALIA,GA,30474,(912) 535-5828,true,Acute Care Hospitals
13281,111324,CHATUGE REGIONAL HOSPITAL,HIAWASSEE,GA,30546,(706) 896-2222,true,Critical Access Hospitals
13285,110016,WELLSTAR WEST GEORGIA MEDICAL CENTER,LAGRANGE,GA,30240,(706) 882-1411,true,Acute Care Hospitals
13293,110002,UPSON REGIONAL MEDICAL CENTER,THOMASTON,GA,30286,(706) 647-8111,true,Acute Care Hospitals
13297,110046,PIEDMONT WALTON HOSPITAL,MONROE,GA,30655,(770) 267-8461,true,Acute Care Hospitals
13299,110003,Memorial Satilla Health,WAYCROSS,GA,31501,(912) 287-2500,true,Acute Care Hospitals
13305,110124,WAYNE MEMORIAL HOSPITAL,JESUP,GA,31545,(912) 427-6811,true,Acute Care Hospitals
13317,111325,WILLS MEMORIAL HOSPITAL,WASHINGTON,GA,30673,(706) 678-9212,true,Critical Access Hospitals
13321,111328,PHOEBE WORTH MEDICAL CENTER,SYLVESTER,GA,31791,(229) 777-3851,true,Critical Access Hospitals
15001,120005,HILO BENIOFF MEDICAL CENTER,HILO,HI,96720,(808) 932-3000,true,Acute Care Hospitals
15001,120019,KONA COMMUNITY HOSPITAL,KEALAKEKUA,HI,96750,(808) 322-9311,true,Acute Care Hospitals
15001,120028,"NORTH HAWAII COMMUNITY HOSPITAL, INC",KAMUELA,HI,96743,(808) 885-4444,true,Acute Care Hospitals
15001,121301,KAU HOSPITAL,PAHALA,HI,96777,(808) 932-4200,true,Critical Access Hospitals
15001,121302,KOHALA HOSPITAL,KAPAAU,HI,96755,(808) 889-6211,true,Critical Access Hospitals
15001,121307,HONOKA'A HOSPITAL AND SKILLED NURSING,HONOKAA,HI,96727,(808) 932-4000,true,Critical Access Hospitals
15003,120001,THE QUEENS MEDICAL CENTER,HONOLULU,HI,96813,(808) 538-9011,true,Acute Care Hospitals
15003,120006,ADVENTIST HEALTH CASTLE,KAILUA,HI,96734,(808) 263-5015,true,Acute Care Hospitals
15003,120007,KUAKINI MEDICAL CENTER,HONOLULU,HI,96817,(808) 536-2236,true,Acute Care Hospitals
15003,120011,KAISER FOUNDATION HOSPITAL,HONOLULU,HI,96819,(808) 432-0000,true,Acute Care Hospitals
15003,12001F,Tripler AMC (FT Shafter),Honolulu,HI,96859,(808) 433-2778,true,Acute Care - Department of Defense
15003,120022,STRAUB CLINIC AND HOSPITAL,HONOLULU,HI,96813,(808) 522-4000,true,Acute Care Hospitals
15003,120026,PALI MOMI MEDICAL CENTER,AIEA,HI,96701,(808) 486-6000,true,Acute Care Hospitals
15003,121304,KAHUKU MEDICAL CENTER,KAHUKU,HI,96731,(808) 293-6200,true,Critical Access Hospitals
15003,123300,KAPIOLANI MEDICAL CENTER FOR WOMEN & CHILDREN,HONOLULU,HI,96826,(808) 983-6000,true,Childrens
15007,120014,WILCOX MEMORIAL HOSPITAL,LIHUE,HI,96766,(808) 245-1100,true,Acute Care Hospitals
15007,121300,KAUAI VETERANS MEMORIAL HOSPITAL,WAIMEA,HI,96796,(808) 338-9431,true,Critical Access Hospitals
15007,121306,SAMUEL MAHELONA MEMORIAL HOSPITAL,KAPAA,HI,96746,(808) 822-4961,true,Critical Access Hospitals
15009,121303,MOLOKAI GENERAL HOSPITAL,KAUNAKAKAI,HI,96748,(808) 553-5331,true,Critical Access Hospitals
15009,121305,LANAI COMMUNITY HOSPITAL,LANAI CITY,HI,96763,(808) 565-8450,true,Critical Access Hospitals
15009,121308,KULA HOSPITAL,KULA,HI,96790,(808) 878-1221,true,Critical Access Hospitals
16001,130006,ST LUKE'S REGIONAL MEDICAL CENTER,BOISE,ID,83712,(208) 381-2222,true,Acute Care Hospitals
16001,130007,SAINT ALPHONSUS REGIONAL MEDICAL CENTER,BOISE,ID,83706,(208) 367-2121,true,Acute Care Hospitals
16001,13003F,BOISE VA MEDICAL CENTER,BOISE,ID,83702,(208) 422-1000,true,Acute Care - Veterans Administration
16005,130028,PORTNEUF MEDICAL CENTER,POCATELLO,ID,83201,(208) 239-1000,true,Acute Care Hospitals
16007,131316,BEAR LAKE MEMORIAL HOSPITAL,MONTPELIER,ID,83254,(208) 847-1630,true,Critical Access Hospitals
16009,131317,BENEWAH COMMUNITY HOSPITAL,SAINT MARIES,ID,83861,(208) 245-5551,true,Critical Access Hospitals
16011,131325,BINGHAM MEMORIAL HOSPITAL,BLACKFOOT,ID,83221,(208) 785-4100,true,Critical Access Hospitals
16013,131323,ST LUKE'S WOOD RIVER MEDICAL CENTER,KETCHUM,ID,83340,(208) 727-8800,true,Critical Access Hospitals
16017,131328,BONNER GENERAL HOSPITAL,SANDPOINT,ID,83864,(208) 263-1441,true,Critical Access Hospitals
16019,130018,EASTERN IDAHO REGIONAL MEDICAL CENTER,IDAHO FALLS,ID,83404,(208) 529-6111,true,Acute Care Hospitals
16019,130065,MOUNTAIN VIEW HOSPITAL,IDAHO FALLS,ID,83404,(208) 557-2700,true,Acute Care Hospitals
16019,130074,"IDAHO FALLS COMMUNITY HOSPITAL, LLC",IDAHO FALLS,ID,83404,(208) 528-1000,true,Acute Care Hospitals
16021,131301,BOUNDARY COMMUNITY HOSPITAL,BONNERS FERRY,ID,83805,(208) 267-3141,true,Critical Access Hospitals
16023,131324,LOST RIVERS MEDICAL CENTER,ARCO,ID,83213,(208) 252-7654,true,Critical Access Hospitals
16027,130013,SAINT ALPHONSUS MEDICAL CENTER - NAMPA,NAMPA,ID,83687,(208) 463-5000,true,Acute Care Hospitals
16027,130014,WEST VALLEY MEDICAL CENTER,CALDWELL,ID,83605,(208) 459-4641,true,Acute Care Hospitals
16027,130071,ST LUKE'S NAMPA MEDICAL CENTER,NAMPA,ID,83687,(208) 505-2000,true,Acute Care Hospitals
16029,131309,CARIBOU MEDICAL CENTER,SODA SPRINGS,ID,83276,(208) 547-3341,true,Critical Access Hospitals
16031,131326,CASSIA REGIONAL HOSPITAL,BURLEY,ID,83318,(208) 678-4444,true,Critical Access Hospitals
16035,131320,CLEARWATER VALLEY HOSPITAL & CLINICS,OROFINO,ID,83544,(208) 476-4555,true,Critical Access Hospitals
16039,131311,ST LUKE'S ELMORE MEDICAL CENTER,MOUNTAIN HOME,ID,83647,(208) 587-8401,true,Critical Access Hospitals
16041,131322,FRANKLIN COUNTY MEDICAL CENTER,PRESTON,ID,83263,(208) 852-0137,true,Critical Access Hospitals
16045,131318,VALOR HEALTH,EMMETT,ID,83617,(208) 365-3561,true,Critical Access Hospitals
16049,131315,SYRINGA GENERAL HOSPITAL,GRANGEVILLE,ID,83530,(208) 983-1700,true,Critical Access Hospitals
16049,131321,ST MARY'S HOSPITAL,COTTONWOOD,ID,83522,(208) 962-3251,true,Critical Access Hospitals
16053,131310,ST LUKE'S JEROME,JEROME,ID,83338,(208) 324-4301,true,Critical Access Hospitals
16055,130049,KOOTENAI HEALTH,COEUR D'ALENE,ID,83814,(208) 625-4000,true,Acute Care Hospitals
16057,131327,GRITMAN MEDICAL CENTER,MOSCOW,ID,83843,(208) 882-4511,true,Critical Access Hospitals
16059,131305,STEELE MEMORIAL MEDICAL CENTER,SALMON,ID,83467,(208) 756-5600,true,Critical Access Hospitals
16065,130025,MADISON MEMORIAL HOSPITAL,REXBURG,ID,83440,(208) 359-6488,true,Acute Care Hospitals
16067,131319,MINIDOKA MEMORIAL HOSPITAL,RUPERT,ID,83350,(208) 436-0481,true,Critical Access Hospitals
16069,130003,ST JOSEPH REGIONAL MEDICAL CENTER,LEWISTON,ID,83501,(208) 799-5300,true,Acute Care Hospitals
16071,131303,NELL J REDFIELD MEMORIAL HOSPITAL,MALAD CITY,ID,83252,(208) 766-2231,true,Critical Access Hospitals
16077,131304,POWER COUNTY HOSPITAL DISTRICT,AMERICAN FALLS,ID,83211,(208) 226-3200,true,Critical Access Hospitals
16079,131314,SHOSHONE MEDICAL CENTER,KELLOGG,ID,83837,(208) 784-1221,true,Critical Access Hospitals
16081,131313,TETON VALLEY HOSPITAL,DRIGGS,ID,83422,(208) 354-2383,true,Critical Access Hospitals
16083,130002,ST LUKES MAGIC VALLEY MEDICAL CENTER,TWIN FALLS,ID,83301,(208) 814-1000,true,Acute Care Hospitals
16085,130779,CASCADE MEDICAL CENTER,CASCADE,ID,83611,(208) 382-4242,true,Rural Emergency Hospital
16085,131312,ST LUKE'S MCCALL,MCCALL,ID,83638,(208) 630-2395,true,Critical Access Hospitals
16087,131307,WEISER MEMORIAL HOSPITAL,WEISER,ID,83672,(208) 549-0370,true,Critical Access Hospitals
17001,140015,BLESSING HOSPITAL,QUINCY,IL,62301,(217) 223-1200,true,Acute Care Hospitals
17005,140137,HSHS HOLY FAMILY HOSPITAL INC,GREENVILLE,IL,62246,(618) 664-1230,true,Acute Care Hospitals
17011,141337,OSF SAINT CLARE MEDICAL CENTER,PRINCETON,IL,61356,(815) 875-2811,true,Critical Access Hospitals
17019,140091,CARLE FOUNDATION HOSPITAL,URBANA,IL,61801,(217) 383-3311,true,Acute Care Hospitals
17019,140113,OSF HEART OF MARY MEDICAL CENTER,URBANA,IL,61801,(217) 337-2000,true,Acute Care Hospitals
17021,141339,TAYLORVILLE MEMORIAL HOSPITAL,TAYLORVILLE,IL,62568,(217) 824-3331,true,Critical Access Hospitals
17021,141341,PANA COMMUNITY HOSPITAL,PANA,IL,62557,(217) 562-2131,true,Critical Access Hospitals
17025,141351,CLAY COUNTY HOSPITAL,FLORA,IL,62839,(618) 662-2131,true,Critical Access Hospitals
17027,140145,ST JOSEPHS HOSPITAL,BREESE,IL,62230,(618) 526-4511,true,Acute Care Hospitals
17029,140189,SARAH BUSH LINCOLN HEALTH CENTER,MATTOON,IL,61938,(217) 258-2513,true,Acute Care Hospitals
17031,140008,LOYOLA GOTTLIEB MEMORIAL HOSPITAL,MELROSE PARK,IL,60160,(708) 681-3200,true,Acute Care Hospitals
17031,140010,NORTHSHORE UNIVERSITY HEALTHSYSTEM - EVANSTON HOSPITAL,EVANSTON,IL,60201,(847) 570-2000,true,Acute Care Hospitals
17031,140018,MT SINAI HOSPITAL MEDICAL CENTER,CHICAGO,IL,60608,(773) 542-2000,true,Acute Care Hospitals
17031,14003F,JESSE BROWN VA MEDICAL CENTER - VA CHICAGO HEALTHCARE SYSTEM,CHICAGO,IL,60612,(312) 569-8387,true,Acute Care - Veterans Administration
17031,140048,ADVOCATE TRINITY HOSPITAL,CHICAGO,IL,60617,(773) 967-5002,true,Acute Care Hospitals
17031,140054,MACNEAL  HOSPITAL,BERWYN,IL,60402,(708) 783-9100,true,Acute Care Hospitals
17031,140062,PALOS COMMUNITY HOSPITAL,PALOS HEIGHTS,IL,60463,(708) 923-4000,true,Acute Care Hospitals
17031,140063,RUSH OAK PARK HOSPITAL,OAK PARK,IL,60304,(708) 383-9300,true,Acute Care Hospitals
17031,140065,UCHICAGO MEDICINE ADVENTHEALTH LA GRANGE,LA GRANGE,IL,60525,(708) 352-1200,true,Acute Care Hospitals
17031,140068,ROSELAND COMMUNITY HOSPITAL,CHICAGO,IL,60628,(773) 995-3000,true,Acute Care Hospitals
17031,14007F,HINES VA MEDICAL CENTER,HINES,IL,60141,(708) 202-8387,true,Acute Care - Veterans Administration
17031,140080,SAINT FRANCIS HOSPITAL-EVANSTON,EVANSTON,IL,60202,(847) 316-4000,true,Acute Care Hospitals
17031,140082,LOUIS A WEISS MEMORIAL HOSPITAL,CHICAGO,IL,60640,(773) 878-8700,true,Acute Care Hospitals
17031,140083,LORETTO HOSPITAL,CHICAGO,IL,60644,(773) 626-4300,true,Acute Care Hospitals
17031,140088,THE UNIVERSITY OF CHICAGO MEDICAL CENTER,CHICAGO,IL,60637,(773) 702-9785,true,Acute Care Hospitals
17031,140095,SAINT ANTHONY HOSPITAL,CHICAGO,IL,60623,(773) 521-1710,true,Acute Care Hospitals
17031,140103,ST BERNARD HOSPITAL,CHICAGO,IL,60621,(773) 962-3900,true,Acute Care Hospitals
17031,140114,SWEDISH HOSPITAL,CHICAGO,IL,60625,(773) 878-8200,true,Acute Care Hospitals
17031,140115,THOREK MEMORIAL HOSPITAL,CHICAGO,IL,60613,(773) 975-6867,true,Acute Care Hospitals
17031,140117,AMITA HEALTH RESURRECTION MEDICAL CENTER,CHICAGO,IL,60631,(773) 774-8000,true,Acute Care Hospitals
17031,140119,RUSH UNIVERSITY MEDICAL CENTER,CHICAGO,IL,60612,(312) 942-5000,true,Acute Care Hospitals
17031,140124,JOHN H STROGER JR HOSPITAL,CHICAGO,IL,60612,(312) 864-6000,true,Acute Care Hospitals
17031,140133,HOLY CROSS HOSPITAL,CHICAGO,IL,60629,(773) 884-9000,true,Acute Care Hospitals
17031,140150,UNIVERSITY OF ILLINOIS HOSPITAL AND CLINICS,CHICAGO,IL,60612,(312) 996-3900,true,Acute Care Hospitals
17031,140158,INSIGHT HOSPITAL AND MEDICAL CENTER CHICAGO,CHICAGO,IL,60616,(312) 567-2000,true,Acute Care Hospitals
17031,140172,FRANCISCAN HEALTH OLYMPIA & CHICAGO HEIGHTS,OLYMPIA FIELDS,IL,60461,(708) 747-4000,true,Acute Care Hospitals
17031,140177,JACKSON PARK HOSPITAL,CHICAGO,IL,60649,(773) 947-7500,true,Acute Care Hospitals
17031,140179,OSF LITTLE COMPANY OF MARY MEDICAL CENTER,EVERGREEN PARK,IL,60805,(708) 422-6200,true,Acute Care Hospitals
17031,140180,PRESENCE SAINTS MARY AND ELIZABETH MEDICAL CENTER,CHICAGO,IL,60622,(312) 770-2000,true,Acute Care Hospitals
17031,140181,SOUTH SHORE HOSPITAL,CHICAGO,IL,60617,(773) 356-5000,true,Acute Care Hospitals
17031,140182,ADVOCATE ILLINOIS MASONIC MEDICAL CENTER,CHICAGO,IL,60657,(773) 975-1600,true,Acute Care Hospitals
17031,140191,INGALLS MEMORIAL HOSPITAL,HARVEY,IL,60426,(708) 333-2300,true,Acute Care Hospitals
17031,140197,METHODIST HOSPITAL OF CHICAGO,CHICAGO,IL,60640,(773) 271-9040,true,Acute Care Hospitals
17031,140206,HUMBOLDT PARK HEALTH,CHICAGO,IL,60622,(773) 292-8200,true,Acute Care Hospitals
17031,140208,ADVOCATE CHRIST HOSPITAL & MEDICAL CENTER,OAK LAWN,IL,60453,(708) 684-8000,true,Acute Care Hospitals
17031,140223,ADVOCATE LUTHERAN GENERAL HOSPITAL,PARK RIDGE,IL,60068,(847) 723-2210,true,Acute Care Hospitals
17031,140224,PRESENCE SAINT JOSEPH HOSPITAL - CHICAGO,CHICAGO,IL,60657,(773) 665-3000,true,Acute Care Hospitals
17031,140251,COMMUNITY FIRST MEDICAL CENTER,CHICAGO,IL,60634,(773) 282-7000,true,Acute Care Hospitals
17031,140252,NORTHWEST COMMUNITY HOSPITAL 1,ARLINGTON HEIGHTS,IL,60005,(847) 618-1000,true,Acute Care Hospitals
17031,140258,ALEXIAN BROTHERS MEDICAL CENTER 1,ELK GROVE VILLAGE,IL,60007,(847) 437-5500,true,Acute Care Hospitals
17031,140276,LOYOLA UNIVERSITY MEDICAL CENTER,MAYWOOD,IL,60153,(708) 216-9000,true,Acute Care Hospitals
17031,140281,NORTHWESTERN MEMORIAL HOSPITAL,CHICAGO,IL,60611,(312) 926-2000,true,Acute Care Hospitals
17031,140290,ST ALEXIUS MEDICAL CENTER,HOFFMAN ESTATES,IL,60169,(847) 843-2000,true,Acute Care Hospitals
17031,140300,PROVIDENT HOSPITAL OF CHICAGO,CHICAGO,IL,60615,(312) 572-2000,true,Acute Care Hospitals
17031,143300,ANN & ROBERT H LURIE CHILDRENS HOSPITAL OF CHICAGO,CHICAGO,IL,60611,(312) 227-4000,true,Childrens
17031,144026,HARTGROVE HOSPITAL,CHICAGO,IL,60644,(773) 413-1700,true,Psychiatric
17031,144043,MONTROSE BEHAVIORAL HEALTH HOSPITAL,CHICAGO,IL,60640,(773) 878-9700,true,Psychiatric
17033,141343,CRAWFORD MEMORIAL HOSPITAL,ROBINSON,IL,62454,(618) 544-3131,true,Critical Access Hospitals
17037,140286,NORTHWESTERN MEDICINE KISHWAUKEE HOSPITAL,DEKALB,IL,60115,(815) 756-1521,true,Acute Care Hospitals
17037,141340,VALLEY WEST COMMUNITY HOSPITAL,SANDWICH,IL,60548,(815) 786-8484,true,Critical Access Hospitals
17039,141303,WARNER HOSPITAL AND HEALTH SERVICES,CLINTON,IL,61727,(217) 935-9571,true,Critical Access Hospitals
17043,140122,UCHICAGO MEDICINE ADVENTHEALTH HINSDALE,HINSDALE,IL,60521,(630) 856-9000,true,Acute Care Hospitals
17043,140200,ELMHURST MEMORIAL HOSPITAL,ELMHURST,IL,60126,(331) 221-1000,true,Acute Care Hospitals
17043,140231,EDWARD HOSPITAL,NAPERVILLE,IL,60540,(630) 527-3000,true,Acute Care Hospitals
17043,140242,NORTHWESTERN MEDICINE CENTRAL DUPAGE HOSPITAL,WINFIELD,IL,60190,(630) 682-1600,true,Acute Care Hospitals
17043,140288,ADVOCATE GOOD SAMARITAN HOSPITAL,DOWNERS GROVE,IL,60515,(630) 275-5900,true,Acute Care Hospitals
17043,140292,UCHICAGO MEDICINE ADVENTHEALTH GLENOAKS,GLENDALE HEIGHTS,IL,60139,(630) 545-8000,true,Acute Care Hospitals
17045,141320,PARIS COMMUNITY HOSPITAL,PARIS,IL,61944,(217) 465-4141,true,Critical Access Hospitals
17049,140032,ST ANTHONYS MEMORIAL HOSPITAL,EFFINGHAM,IL,62401,(217) 342-2121,true,Acute Care Hospitals
17051,141346,FAYETTE COUNTY HOSPITAL,VANDALIA,IL,62471,(618) 283-1231,true,Critical Access Hospitals
17053,141317,GIBSON COMMUNITY HOSPITAL,GIBSON CITY,IL,60936,(217) 784-4251,true,Critical Access Hospitals
17055,141321,FRANKLIN HOSPITAL,BENTON,IL,62812,(618) 439-3161,true,Critical Access Hospitals
17057,140001,GRAHAM HOSPITAL ASSOCIATION,CANTON,IL,61520,(309) 647-5240,true,Acute Care Hospitals
17061,141300,THOMAS H BOYD MEMORIAL HOSPITAL,CARROLLTON,IL,62016,(217) 942-6946,true,Critical Access Hospitals
17063,140101,MORRIS HOSPITAL & HEALTHCARE CENTERS,MORRIS,IL,60450,(815) 942-2932,true,Acute Care Hospitals
17065,141326,HAMILTON MEMORIAL HOSPITAL,MCLEANSBORO,IL,62859,(618) 643-2361,true,Critical Access Hospitals
17067,141305,MEMORIAL HOSPITAL,CARTHAGE,IL,62321,(217) 357-8500,true,Critical Access Hospitals
17069,141328,HARDIN COUNTY GENERAL HOSPITAL & CLINIC,ROSICLARE,IL,62982,(618) 285-6634,true,Critical Access Hospitals
17073,141319,HAMMOND HENRY HOSPITAL,GENESEO,IL,61254,(309) 944-6431,true,Critical Access Hospitals
17073,141325,OSF SAINT LUKE MEDICAL CENTER,KEWANEE,IL,61443,(309) 853-3361,true,Critical Access Hospitals
17075,141353,IROQUOIS MEMORIAL HOSPITAL,WATSEKA,IL,60970,(815) 432-5201,true,Critical Access Hospitals
17077,140164,MEMORIAL HOSPITAL OF CARBONDALE,CARBONDALE,IL,62901,(618) 549-0721,true,Acute Care Hospitals
17077,141334,ST JOSEPH MEMORIAL HOSPITAL,MURPHYSBORO,IL,62966,(618) 684-3156,true,Critical Access Hospitals
17081,140046,GOOD SAMARITAN REGIONAL HLTH CENTER,MOUNT VERNON,IL,62864,(618) 899-2201,true,Acute Care Hospitals
17081,140294,DEACONESS ILLINOIS CROSSROADS,MOUNT VERNON,IL,62864,(618) 244-5500,true,Acute Care Hospitals
17083,140059,JERSEY COMMUNITY HOSPITAL,JERSEYVILLE,IL,62052,(618) 498-6402,true,Acute Care Hospitals
17085,141302,MIDWEST MEDICAL CENTER,GALENA,IL,61036,(815) 777-1340,true,Critical Access Hospitals
17089,140029,COPLEY MEMORIAL HOSPITAL,AURORA,IL,60504,(630) 978-6200,true,Acute Care Hospitals
17089,140030,ADVOCATE SHERMAN HOSPITAL,ELGIN,IL,60123,(847) 742-9800,true,Acute Care Hospitals
17089,140174,PRESENCE MERCY MEDICAL CENTER,AURORA,IL,60506,(630) 859-2222,true,Acute Care Hospitals
17089,140211,NORTHWESTERN MEDICINE DELNOR COMMUNITY HOSPITAL,GENEVA,IL,60134,(630) 208-3000,true,Acute Care Hospitals
17089,140217,SAINT JOSEPH HOSPITAL-ELGIN,ELGIN,IL,60123,(847) 695-3200,true,Acute Care Hospitals
17089,144037,ELGIN MENTAL HEALTH CENTER,ELGIN,IL,60123,(847) 742-1040,true,Psychiatric
17091,140155,PRESENCE ST MARYS HOSPITAL,KANKAKEE,IL,60901,(815) 937-2490,true,Acute Care Hospitals
17091,140186,RIVERSIDE MEDICAL CENTER,KANKAKEE,IL,60901,(815) 933-1671,true,Acute Care Hospitals
17095,140064,ST MARY MEDICAL CENTER,GALESBURG,IL,61401,(309) 344-3161,true,Acute Care Hospitals
17097,140084,VISTA MEDICAL CENTER EAST,WAUKEGAN,IL,60085,(847) 360-3000,true,Acute Care Hospitals
17097,140100,"MIDWESTERN REGION MED CENTER, INC",ZION,IL,60099,(847) 872-4561,true,Acute Care Hospitals
17097,140130,NORTHWESTERN LAKE FOREST HOSPITAL,LAKE FOREST,IL,60045,(847) 234-5600,true,Acute Care Hospitals
17097,140202,ADVOCATE CONDELL MEDICAL CENTER,LIBERTYVILLE,IL,60048,(847) 362-2900,true,Acute Care Hospitals
17097,140291,ADVOCATE GOOD SHEPHERD HOSPITAL,BARRINGTON,IL,60010,(847) 381-9600,true,Acute Care Hospitals
17097,14034F,NORTH CHICAGO VA MEDICAL CENTER,NORTH CHICAGO,IL,60064,(847) 688-1900,true,Acute Care - Veterans Administration
17099,140013,CARLE HEALTH PROCTOR HOSPITAL,PEORIA,IL,61354,(309) 691-1000,true,Acute Care Hospitals
17099,140110,OSF SAINT ELIZABETH MDL CTR,PERU,IL,61354,(815) 433-3100,true,Acute Care Hospitals
17099,141310,OSF SAINT PAUL MEDICAL CENTER,MENDOTA,IL,61342,(815) 539-7461,true,Critical Access Hospitals
17101,141344,LAWRENCE COUNTY MEMORIAL HOSPITAL,LAWRENCEVILLE,IL,62439,(618) 943-1000,true,Critical Access Hospitals
17103,140012,OSF SAINT KATHARINE MEDICAL CENTER,DIXON,IL,61021,(815) 288-5531,true,Acute Care Hospitals
17107,141322,ABRAHAM LINCOLN MEMORIAL HOSPITAL,LINCOLN,IL,62656,(217) 732-2161,true,Critical Access Hospitals
17109,140089,MC DONOUGH DISTRICT HOSPITAL,MACOMB,IL,61455,(309) 833-4101,true,Acute Care Hospitals
17111,140116,NORTHWESTERN MEDICINE MCHENRY,MCHENRY,IL,60050,(815) 344-5000,true,Acute Care Hospitals
17111,140308,MERCYHEALTH HOSPITAL & PHYSICIAN CLINIC-CRYSTAL LA,CRYSTAL LAKE,IL,60014,(792) 220-5500,true,Acute Care Hospitals
17111,141335,MERCY HARVARD HOSPITAL,HARVARD,IL,60033,(815) 943-5431,true,Critical Access Hospitals
17113,140127,CARLE BROMENN MEDICAL CENTER,NORMAL,IL,61761,(309) 454-1400,true,Acute Care Hospitals
17113,140162,ST JOSEPH MEDICAL CENTER,BLOOMINGTON,IL,61701,(309) 662-3311,true,Acute Care Hospitals
17115,140135,DECATUR MEMORIAL HOSPITAL,DECATUR,IL,62526,(217) 876-8121,true,Acute Care Hospitals
17115,140166,ST MARYS HOSPITAL,DECATUR,IL,62521,(217) 464-2966,true,Acute Care Hospitals
17117,141306,COMMUNITY HOSPITAL OF STAUNTON,STAUNTON,IL,62088,(618) 635-2200,true,Critical Access Hospitals
17117,141347,CARLINVILLE AREA HOSPITAL,CARLINVILLE,IL,62626,(217) 854-3141,true,Critical Access Hospitals
17119,140002,ALTON MEMORIAL HOSPITAL,ALTON,IL,62002,(314) 286-2227,true,Acute Care Hospitals
17119,140125,GATEWAY REGIONAL MEDICAL CENTER,GRANITE CITY,IL,62040,(618) 798-3000,true,Acute Care Hospitals
17119,140289,ANDERSON HOSPITAL,MARYVILLE,IL,62062,(618) 288-5711,true,Acute Care Hospitals
17119,141336,ST JOSEPH'S HOSPITAL,HIGHLAND,IL,62249,(618) 651-2600,true,Critical Access Hospitals
17121,140034,SSM HEALTH ST MARY'S HOSPITAL -CENTRALIA,CENTRALIA,IL,62801,(618) 436-8000,true,Acute Care Hospitals
17121,141345,SALEM TOWNSHIP HOSPITAL,SALEM,IL,62881,(618) 548-3194,true,Critical Access Hospitals
17125,141313,MASON DISTRICT HOSPITAL,HAVANA,IL,62644,(309) 543-4431,true,Critical Access Hospitals
17127,141323,MASSAC MEMORIAL HOSPITAL,METROPOLIS,IL,62960,(618) 524-2176,true,Critical Access Hospitals
17131,141304,"GENESIS MEDICAL CENTER, ALEDO",ALEDO,IL,61231,(309) 582-9100,true,Critical Access Hospitals
17135,141332,HILLSBORO AREA HOSPITAL,HILLSBORO,IL,62049,(217) 532-6111,true,Critical Access Hospitals
17135,141350,ST FRANCIS HOSPITAL,LITCHFIELD,IL,62056,(217) 324-2191,true,Critical Access Hospitals
17137,141352,JACKSONVILLE MEMORIAL HOSPITAL,JACKSONVILLE,IL,62650,(217) 245-9551,true,Critical Access Hospitals
17141,141312,ROCHELLE COMMUNITY HOSPITAL,ROCHELLE,IL,61068,(815) 562-2181,true,Critical Access Hospitals
17143,140067,SAINT FRANCIS MEDICAL CENTER,PEORIA,IL,61637,(309) 655-2000,true,Acute Care Hospitals
17143,140209,CARLE HEALTH METHODIST HOSPITAL,PEORIA,IL,61636,(309) 672-5522,true,Acute Care Hospitals
17145,141307,PINCKNEYVILLE COMMUNITY HOSPITAL,PINCKNEYVILLE,IL,62274,(618) 357-2187,true,Critical Access Hospitals
17145,141331,MARSHALL BROWNING HOSPITAL,DU QUOIN,IL,62832,(618) 542-2146,true,Critical Access Hospitals
17147,141301,KIRBY MEDICAL CENTER,MONTICELLO,IL,61856,(217) 762-2115,true,Critical Access Hospitals
17149,141315,ILLINI COMMUNITY HOSPITAL,PITTSFIELD,IL,62363,(217) 285-2113,true,Critical Access Hospitals
17157,141338,MEMORIAL HOSPITAL,CHESTER,IL,62233,(618) 826-4581,true,Critical Access Hospitals
17157,141348,RED BUD REGIONAL HOSPITAL,RED BUD,IL,62278,(618) 282-3831,true,Critical Access Hospitals
17157,141349,SPARTA COMMUNITY HOSPITAL,SPARTA,IL,62286,(618) 443-2177,true,Critical Access Hospitals
17159,141355,CARLE RICHLAND MEMORIAL HOSPITAL,OLNEY,IL,62450,(618) 395-2131,true,Critical Access Hospitals
17161,140275,GENESIS HLTH SYSTEM DBA GENESIS MDL CTR-ILLINI,SILVIS,IL,61282,(309) 281-4000,true,Acute Care Hospitals
17161,140280,TRINITY ROCK ISLAND,ROCK ISLAND,IL,61201,(309) 779-5000,true,Acute Care Hospitals
17163,140077,TOUCHETTE REGIONAL HOSPITAL INC,CENTREVILLE,IL,62207,(618) 332-3060,true,Acute Care Hospitals
17163,140185,MEMORIAL HOSPITAL,BELLEVILLE,IL,62226,(618) 233-7750,true,Acute Care Hospitals
17163,140187,HSHS ST ELIZABETH'S HOSPITAL,O FALLON,IL,62269,(618) 234-2120,true,Acute Care Hospitals
17165,140210,HARRISBURG MEDICAL CENTER,HARRISBURG,IL,62946,(618) 253-7671,true,Acute Care Hospitals
17165,141324,FERRELL HOSPITAL COMMUNITY FOUNDATIONS,ELDORADO,IL,62930,(618) 273-3361,true,Critical Access Hospitals
17167,140053,ST JOHNS HOSPITAL,SPRINGFIELD,IL,62769,(217) 544-6464,true,Acute Care Hospitals
17167,140148,MEMORIAL MEDICAL CENTER,SPRINGFIELD,IL,62702,(217) 788-3000,true,Acute Care Hospitals
17169,141333,SARAH D CULBERTSON MEMORIAL HOSPITAL,RUSHVILLE,IL,62681,(217) 322-4321,true,Critical Access Hospitals
17173,141354,HSHS GOOD SHEPHERD HOSPITAL INC,SHELBYVILLE,IL,62565,(217) 774-3961,true,Critical Access Hospitals
17177,140160,FHN MEMORIAL HOSPITAL,FREEPORT,IL,61032,(815) 599-6000,true,Acute Care Hospitals
17179,140120,CARLE HEALTH PEKIN HOSPITAL,PEKIN,IL,61554,(309) 347-1151,true,Acute Care Hospitals
17179,141330,HOPEDALE HOSPITAL,HOPEDALE,IL,61747,(309) 449-3321,true,Critical Access Hospitals
17181,141342,DEACONESS ILLINOIS UNION COUNTY,ANNA,IL,62906,(618) 833-4511,true,Critical Access Hospitals
17183,140093,OSF SACRED HEART MEDICAL CENTER,DANVILLE,IL,61832,(217) 443-5000,true,Acute Care Hospitals
17183,141316,CARLE HOOPESTON REGIONAL HEALTH CENTER,HOOPESTON,IL,60942,(217) 283-5531,true,Critical Access Hospitals
17185,141327,WABASH GENERAL HOSPITAL 1,MOUNT CARMEL,IL,62863,(618) 262-8621,true,Critical Access Hospitals
17187,141318,OSF HOLY FAMILY MEDICAL CENTER,MONMOUTH,IL,61462,(309) 734-3141,true,Critical Access Hospitals
17189,141308,WASHINGTON COUNTY HOSPITAL,NASHVILLE,IL,62263,(618) 327-8236,true,Critical Access Hospitals
17191,141311,FAIRFIELD MEMORIAL HOSPITAL 1,FAIRFIELD,IL,62837,(618) 842-2611,true,Critical Access Hospitals
17195,140043,CGH MEDICAL CENTER,STERLING,IL,61081,(815) 625-0400,true,Acute Care Hospitals
17195,141329,MORRISON COMMUNITY HOSPITAL,MORRISON,IL,61270,(815) 772-4003,true,Critical Access Hospitals
17197,140007,SAINT JOSEPH MEDICAL CENTER,JOLIET,IL,60435,(815) 725-7133,true,Acute Care Hospitals
17197,140213,SILVER CROSS HOSPITAL  AND MEDICAL CENTERS,NEW LENOX,IL,60451,(815) 300-1100,true,Acute Care Hospitals
17197,140304,UCHICAGO MEDICINE ADVENTHEALTH BOLINGBROOK,BOLINGBROOK,IL,60440,(630) 312-5000,true,Acute Care Hospitals
17197,144041,SILVER OAKS BEHAVIORAL HOSPITAL,NEW LENOX,IL,60451,(212) 243-5565,true,Psychiatric
17199,140011,HERRIN HOSPITAL,HERRIN,IL,62948,(618) 942-2171,true,Acute Care Hospitals
17199,14008F,MARION IL VA MEDICAL CENTER,MARION,IL,62959,(618) 997-5311,true,Acute Care - Veterans Administration
17199,140184,HEARTLAND REGIONAL MEDICAL CENTER,MARION,IL,62959,(618) 998-7000,true,Acute Care Hospitals
17201,140228,UW HEALTH,ROCKFORD,IL,61104,(815) 968-4400,true,Acute Care Hospitals
17201,140233,SAINT ANTHONY MEDICAL CENTER,ROCKFORD,IL,61108,(815) 226-2000,true,Acute Care Hospitals
17201,140239,JAVON BEA HOSPITAL,ROCKFORD,IL,61103,(815) 968-6861,true,Acute Care Hospitals
17203,141309,CARLE EUREKA  HOSPITAL,EUREKA,IL,61530,(309) 467-2371,true,Critical Access Hospitals
18001,151330,ADAMS MEMORIAL HOSPITAL,DECATUR,IN,46733,(260) 724-2145,true,Critical Access Hospitals
18003,150017,LUTHERAN HOSPITAL OF INDIANA,FORT WAYNE,IN,46804,(260) 435-7001,true,Acute Care Hospitals
18003,150021,PARKVIEW REGIONAL MEDICAL CENTER,FORT WAYNE,IN,46845,(260) 266-1195,true,Acute Care Hospitals
18003,150047,"ST JOSEPH HEALTH SYSTEM, LLC",FORT WAYNE,IN,46802,(260) 425-3000,true,Acute Care Hospitals
18003,150150,DUPONT HOSPITAL LLC,FORT WAYNE,IN,46825,(260) 416-3000,true,Acute Care Hospitals
18003,150167,ORTHOPAEDIC HOSPITAL AT PARKVIEW NORTH,FORT WAYNE,IN,46845,(260) 672-5000,true,Acute Care Hospitals
18003,154070,MAPLE HEIGHTS BEHAVIORAL HEALTH,FORT WAYNE,IN,46818,(417) 392-7307,true,Psychiatric
18005,150112,COLUMBUS REGIONAL HOSPITAL,COLUMBUS,IN,47201,(812) 379-4441,true,Acute Care Hospitals
18011,150104,WITHAM HEALTH SERVICES,LEBANON,IN,46052,(765) 485-8000,true,Acute Care Hospitals
18017,150072,MEMORIAL HOSPITAL,LOGANSPORT,IN,46947,(574) 753-7541,true,Acute Care Hospitals
18019,150009,NORTON CLARK HOSPITAL,JEFFERSONVILLE,IN,47130,(812) 283-2147,true,Acute Care Hospitals
18019,154051,WELLSTONE REGIONAL HOSPITAL,JEFFERSONVILLE,IN,47130,(812) 284-8000,true,Psychiatric
18021,151309,ASCENSION ST VINCENT CLAY,BRAZIL,IN,47834,(812) 442-2500,true,Critical Access Hospitals
18023,151316,INDIANA UNIVERSITY HEALTH FRANKFORT INC,FRANKFORT,IN,46041,(765) 656-3000,true,Critical Access Hospitals
18027,150061,DAVIESS COMMUNITY HOSPITAL,WASHINGTON,IN,47501,(812) 254-2760,true,Acute Care Hospitals
18029,150086,ST ELIZABETH DEARBORN HOSPITAL,LAWRENCEBURG,IN,47025,(812) 537-1010,true,Acute Care Hospitals
18031,151332,DECATUR COUNTY MEMORIAL HOSPITAL,GREENSBURG,IN,47240,(812) 663-4331,true,Critical Access Hospitals
18033,150045,PARKVIEW DEKALB HOSPITAL,AUBURN,IN,46706,(260) 925-4600,true,Acute Care Hospitals
18035,150089,INDIANA UNIVERSITY HEALTH BALL MEMORIAL HOSPITAL,MUNCIE,IN,47303,(765) 747-3111,true,Acute Care Hospitals
18037,150115,MEMORIAL HOSPITAL AND HEALTH CARE CENTER,JASPER,IN,47546,(812) 996-2345,true,Acute Care Hospitals
18039,150018,ELKHART GENERAL HOSPITAL,ELKHART,IN,46514,(574) 294-2621,true,Acute Care Hospitals
18039,150026,GOSHEN HOSPITAL,GOSHEN,IN,46526,(574) 364-1000,true,Acute Care Hospitals
18043,150044,BAPTIST HEALTH FLOYD,NEW ALBANY,IN,47150,(812) 944-7701,true,Acute Care Hospitals
18047,151329,MARGARET MARY COMMUNITY HOSPITAL INC,BATESVILLE,IN,47006,(812) 934-6624,true,Critical Access Hospitals
18049,151313,WOODLAWN HOSPITAL,ROCHESTER,IN,46975,(574) 223-3141,true,Critical Access Hospitals
18051,151319,GIBSON GENERAL HOSPITAL,PRINCETON,IN,47670,(812) 385-3401,true,Critical Access Hospitals
18053,150011,MARION GENERAL HOSPITAL,MARION,IN,46952,(765) 660-6000,true,Acute Care Hospitals
18053,15004F,VA N. INDIANA HEALTHCARE SYSTEM,MARION,IN,46953,(765) 674-3321,true,Acute Care - Veterans Administration
18055,151317,GREENE COUNTY GENERAL HOSPITAL,LINTON,IN,47441,(812) 847-2281,true,Critical Access Hospitals
18057,150059,RIVERVIEW HEALTH,NOBLESVILLE,IN,46060,(317) 773-0760,true,Acute Care Hospitals
18057,150153,ST VINCENT HEART CENTER,CARMEL,IN,46290,(317) 583-5000,true,Acute Care Hospitals
18057,150157,ASCENSION ST VINCENT CARMEL,CARMEL,IN,46032,(317) 582-7000,true,Acute Care Hospitals
18057,150161,INDIANA UNIVERSITY HEALTH NORTH HOSPITAL,CARMEL,IN,46032,(317) 688-2000,true,Acute Care Hospitals
18057,150181,ASCENSION ST VINCENT FISHERS,FISHERS,IN,46037,(317) 415-9000,true,Acute Care Hospitals
18059,150037,HANCOCK REGIONAL HOSPITAL,GREENFIELD,IN,46140,(317) 462-5544,true,Acute Care Hospitals
18061,151331,HARRISON COUNTY HOSPITAL,CORYDON,IN,47112,(812) 738-4251,true,Critical Access Hospitals
18063,150005,HENDRICKS REGIONAL HEALTH,DANVILLE,IN,46122,(317) 745-4451,true,Acute Care Hospitals
18063,150158,IU HEALTH WEST HOSPITAL,AVON,IN,46123,(317) 217-3000,true,Acute Care Hospitals
18065,150030,HENRY COUNTY MEMORIAL HOSPITAL,NEW CASTLE,IN,47362,(765) 521-0890,true,Acute Care Hospitals
18067,150007,COMMUNITY HOWARD REGIONAL HEALTH INC.,KOKOMO,IN,46902,(765) 776-8000,true,Acute Care Hospitals
18067,150010,ASCENSION ST VINCENT KOKOMO,KOKOMO,IN,46904,(765) 452-5611,true,Acute Care Hospitals
18069,150091,PARKVIEW HUNTINGTON HOSPITAL,HUNTINGTON,IN,46750,(260) 355-3300,true,Acute Care Hospitals
18071,150065,SCHNECK MEDICAL CENTER,SEYMOUR,IN,47274,(812) 522-2349,true,Acute Care Hospitals
18073,151324,"FRANCISCAN HEALTH RENSSELAER, INC",RENSSELAER,IN,47978,(219) 866-5141,true,Critical Access Hospitals
18075,151320,"INDIANA UNIVERSITY HEALTH JAY, INC.",PORTLAND,IN,47371,(260) 726-7131,true,Critical Access Hospitals
18077,150069,NORTON-KING'S DAUGHTERS' HEALTH,MADISON,IN,47250,(812) 801-0800,true,Acute Care Hospitals
18077,154019,MADISON STATE HOSPITAL,MADISON,IN,47250,(812) 265-2611,true,Psychiatric
18079,151303,ASCENSION ST VINCENT JENNINGS,NORTH VERNON,IN,47265,(812) 352-4228,true,Critical Access Hospitals
18081,150001,JOHNSON MEMORIAL HOSPITAL,FRANKLIN,IN,46131,(317) 736-3300,true,Acute Care Hospitals
18083,150042,GOOD SAMARITAN HOSPITAL,VINCENNES,IN,47591,(812) 882-5220,true,Acute Care Hospitals
18085,150133,KOSCIUSKO COMMUNITY HOSPITAL,WARSAW,IN,46580,(574) 267-3200,true,Acute Care Hospitals
18087,151323,PARKVIEW LAGRANGE HOSPITAL,LAGRANGE,IN,46761,(260) 463-9000,true,Critical Access Hospitals
18089,150002,METHODIST HOSPITALS INC,GARY,IN,46402,(219) 886-4000,true,Acute Care Hospitals
18089,150008,ST CATHERINE HOSPITAL INC,EAST CHICAGO,IN,46312,(219) 392-7004,true,Acute Care Hospitals
18089,150034,ST MARY MEDICAL CENTER INC,HOBART,IN,46342,(219) 947-6196,true,Acute Care Hospitals
18089,150090,FRANCISCAN HEALTH DYER,DYER,IN,46311,(219) 865-2141,true,Acute Care Hospitals
18089,150125,COMMUNITY HOSPITAL,MUNSTER,IN,46321,(219) 836-1600,true,Acute Care Hospitals
18089,150126,FRANCISCAN HEALTH CROWN POINT,CROWN POINT,IN,46307,(219) 757-6100,true,Acute Care Hospitals
18089,150165,FRANCISCAN HEALTH MUNSTER,MUNSTER,IN,46321,(219) 922-4200,true,Acute Care Hospitals
18089,150195,UCHICAGO MEDICINE NORTHWEST INDIANA,CROWN POINT,IN,46307,(312) 755-4706,true,Acute Care Hospitals
18089,154020,REGIONAL MENTAL HEALTH CENTER,MERRILLVILLE,IN,46410,(219) 769-4005,true,Psychiatric
18091,150006,NORTHWEST HEALTH-LA PORTE,LA PORTE,IN,46350,(219) 326-1234,true,Acute Care Hospitals
18091,150015,FRANCISCAN HEALTH MICHIGAN CITY,MICHIGAN CITY,IN,46360,(219) 879-8511,true,Acute Care Hospitals
18093,151328,INDIANA UNIVERSITY HEALTH BEDFORD HOSPITAL,BEDFORD,IN,47421,(812) 275-1200,true,Critical Access Hospitals
18095,150088,ASCENSION ST VINCENT ANDERSON,ANDERSON,IN,46016,(765) 649-2511,true,Acute Care Hospitals
18095,150113,COMMUNITY HOSPITAL OF ANDERSON AND MADISON COUNTY,ANDERSON,IN,46011,(765) 298-4242,true,Acute Care Hospitals
18095,151308,ASCENSION ST VINCENT MERCY,ELWOOD,IN,46036,(765) 552-4743,true,Critical Access Hospitals
18097,150024,ESKENAZI HEALTH,INDIANAPOLIS,IN,46202,(317) 880-4818,true,Acute Care Hospitals
18097,15003F,INDIANAPOLIS VA MEDICAL CENTER,INDIANAPOLIS,IN,46202,(317) 554-0000,true,Acute Care - Veterans Administration
18097,150056,INDIANA UNIVERSITY HEALTH,INDIANAPOLIS,IN,46202,(317) 962-2000,true,Acute Care Hospitals
18097,150074,COMMUNITY HOSPITAL EAST,INDIANAPOLIS,IN,46219,(317) 355-5411,true,Acute Care Hospitals
18097,150084,ASCENSION ST VINCENT HOSPITAL,INDIANAPOLIS,IN,46260,(317) 338-7000,true,Acute Care Hospitals
18097,150128,"COMMUNITY HOSPITAL SOUTH, INC.",INDIANAPOLIS,IN,46227,(317) 887-7000,true,Acute Care Hospitals
18097,150162,FRANCISCAN HEALTH INDIANAPOLIS,INDIANAPOLIS,IN,46237,(317) 528-5000,true,Acute Care Hospitals
18097,150169,COMMUNITY HOSPITAL NORTH,INDIANAPOLIS,IN,46256,(317) 621-5335,true,Acute Care Hospitals
18097,154008,NEURODIAGNOSTIC INSTITUTE,INDIANAPOLIS,IN,46218,(317) 941-4000,true,Psychiatric
18099,150076,SAINT JOSEPH REGIONAL MEDICAL CENTER - PLYMOUTH,PLYMOUTH,IN,46563,(574) 948-4000,true,Acute Care Hospitals
18099,151300,COMMUNITY HOSPITAL OF BREMEN INC,BREMEN,IN,46506,(574) 546-2211,true,Critical Access Hospitals
18099,154047,MICHIANA BEHAVIORAL HEALTH CENTER,PLYMOUTH,IN,46563,(574) 936-3784,true,Psychiatric
18103,151318,DUKES MEMORIAL HOSPITAL,PERU,IN,46970,(765) 472-8000,true,Critical Access Hospitals
18105,150051,INDIANA UNIVERSITY HEALTH BLOOMINGTON HOSPITAL,BLOOMINGTON,IN,47403,(812) 353-9554,true,Acute Care Hospitals
18105,150183,MONROE HOSPITAL,BLOOMINGTON,IN,47403,(812) 825-1111,true,Acute Care Hospitals
18107,150022,FRANCISCAN HEALTH CRAWFORDSVILLE,CRAWFORDSVILLE,IN,47933,(765) 362-2800,true,Acute Care Hospitals
18109,150057,FRANCISCAN HEALTH MOORESVILLE,MOORESVILLE,IN,46158,(317) 831-1160,true,Acute Care Hospitals
18113,150146,PARKVIEW NOBLE HOSPITAL,KENDALLVILLE,IN,46755,(260) 347-8700,true,Acute Care Hospitals
18117,151306,INDIANA UNIVERSITY HEALTH PAOLI HOSPITAL,PAOLI,IN,47454,(812) 723-2811,true,Critical Access Hospitals
18123,151322,PERRY COUNTY MEMORIAL HOSPITAL,TELL CITY,IN,47586,(812) 547-7011,true,Critical Access Hospitals
18127,150035,NORTHWEST HEALTH - PORTER,VALPARAISO,IN,46383,(219) 983-8300,true,Acute Care Hospitals
18131,151305,PULASKI MEMORIAL HOSPITAL,WINAMAC,IN,46996,(574) 946-2100,true,Critical Access Hospitals
18133,151333,PUTNAM COUNTY HOSPITAL,GREENCASTLE,IN,46135,(765) 653-5121,true,Critical Access Hospitals
18135,151301,ASCENSION ST VINCENT RANDOLPH,WINCHESTER,IN,47394,(765) 584-0004,true,Critical Access Hospitals
18139,151304,RUSH MEMORIAL HOSPITAL,RUSHVILLE,IN,46173,(765) 932-4111,true,Critical Access Hospitals
18141,150012,SAINT JOSEPH REGIONAL MEDICAL CENTER,MISHAWAKA,IN,46545,(574) 335-5000,true,Acute Care Hospitals
18141,150058,MEMORIAL HOSPITAL OF SOUTH BEND,SOUTH BEND,IN,46601,(574) 647-1000,true,Acute Care Hospitals
18143,151334,NORTON SCOTT HOSPITAL,SCOTTSBURG,IN,47170,(812) 752-3456,true,Critical Access Hospitals
18145,150097,MAJOR HOSPITAL,SHELBYVILLE,IN,46176,(317) 392-3211,true,Acute Care Hospitals
18149,150102,NORTHWEST HEALTH - STARKE,KNOX,IN,46534,(574) 772-6231,true,Acute Care Hospitals
18151,151315,CAMERON HEALTH,ANGOLA,IN,46703,(260) 665-2141,true,Critical Access Hospitals
18153,151327,SULLIVAN COUNTY COMMUNITY HOSPITAL,SULLIVAN,IN,47882,(812) 268-4311,true,Critical Access Hospitals
18157,150109,FRANCISCAN HEALTH LAFAYETTE,LAFAYETTE,IN,47905,(765) 502-4334,true,Acute Care Hospitals
18157,150173,INDIANA UNIVERSITY HEALTH ARNETT HOSPITAL,LAFAYETTE,IN,47905,(765) 448-8000,true,Acute Care Hospitals
18159,151311,INDIANA UNIVERSITY HEALTH TIPTON HOSPITAL INC,TIPTON,IN,46072,(765) 675-8500,true,Critical Access Hospitals
18163,150082,DEACONESS HOSPITAL INC,EVANSVILLE,IN,47747,(812) 450-5000,true,Acute Care Hospitals
18163,150100,ASCENSION ST VINCENT EVANSVILLE,EVANSVILLE,IN,47750,(812) 485-4000,true,Acute Care Hospitals
18165,151326,UNION HOSPITAL CLINTON,CLINTON,IN,47842,(765) 832-1234,true,Critical Access Hospitals
18167,150023,UNION HOSPITAL INC,TERRE HAUTE,IN,47804,(812) 238-7606,true,Acute Care Hospitals
18167,150046,TERRE HAUTE REGIONAL HOSPITAL,TERRE HAUTE,IN,47802,(812) 232-0021,true,Acute Care Hospitals
18169,151310,"PARKVIEW WABASH HOSPITAL, INC",WABASH,IN,46992,(260) 569-2160,true,Critical Access Hospitals
18171,151307,ASCENSION ST VINCENT WILLIAMSPORT,WILLIAMSPORT,IN,47993,(765) 762-4001,true,Critical Access Hospitals
18173,150149,THE WOMEN'S HOSPITAL,NEWBURGH,IN,47630,(812) 842-4200,true,Acute Care Hospitals
18173,151325,ASCENSION ST VINCENT WARRICK,BOONVILLE,IN,47601,(812) 897-4800,true,Critical Access Hospitals
18175,151314,ASCENSION ST VINCENT SALEM,SALEM,IN,47167,(812) 883-5881,true,Critical Access Hospitals
18177,150048,REID HEALTH,RICHMOND,IN,47374,(765) 983-3000,true,Acute Care Hospitals
18177,154018,RICHMOND STATE HOSPITAL,RICHMOND,IN,47374,(765) 966-0511,true,Psychiatric
18179,150075,BLUFFTON REGIONAL MEDICAL CENTER,BLUFFTON,IN,46714,(260) 824-3210,true,Acute Care Hospitals
18181,151312,INDIANA UNIVERSITY HEALTH WHITE MEMORIAL HOSPITAL,MONTICELLO,IN,47960,(574) 583-7111,true,Critical Access Hospitals
18183,150101,PARKVIEW WHITLEY HOSPITAL,COLUMBIA CITY,IN,46725,(260) 248-9301,true,Acute Care Hospitals
19001,161310,ADAIR COUNTY MEMORIAL HOSPITAL,GREENFIELD,IA,50849,(641) 743-2123,true,Critical Access Hospitals
19003,161304,CHI HEALTH - MERCY CORNING,CORNING,IA,50841,(641) 322-3121,true,Critical Access Hospitals
19005,161318,VETERANS MEMORIAL HOSPITAL,WAUKON,IA,52172,(563) 568-3411,true,Critical Access Hospitals
19007,161377,MERCYONE CENTERVILLE MEDICAL CENTER,CENTERVILLE,IA,52544,(641) 437-4111,true,Critical Access Hospitals
19009,161330,AUDUBON COUNTY MEMORIAL HOSPITAL,AUDUBON,IA,50025,(712) 563-2611,true,Critical Access Hospitals
19011,161349,VIRGINIA GAY HOSPITAL,VINTON,IA,52349,(319) 472-6200,true,Critical Access Hospitals
19013,160040,"SARTORI MEMORIAL HOSPITAL, INC",CEDAR FALLS,IA,50613,(319) 268-3000,true,Acute Care Hospitals
19013,160067,MERCYONE WATERLOO MEDICAL CENTER,WATERLOO,IA,50702,(319) 272-8000,true,Acute Care Hospitals
19013,160110,ALLEN HOSPITAL,WATERLOO,IA,50703,(319) 235-3941,true,Acute Care Hospitals
19015,161372,BOONE COUNTY HOSPITAL,BOONE,IA,50036,(515) 432-3140,true,Critical Access Hospitals
19017,161320,COMMUNITY MEMORIAL HOSPITAL MEDICAL CENTER,SUMNER,IA,50674,(563) 578-3275,true,Critical Access Hospitals
19017,161339,WAVERLY HEALTH CENTER,WAVERLY,IA,50677,(319) 352-4120,true,Critical Access Hospitals
19019,161335,BUCHANAN COUNTY HEALTH CENTER,INDEPENDENCE,IA,50644,(319) 332-0999,true,Critical Access Hospitals
19021,161375,BUENA VISTA REGIONAL MEDICAL CENTER,STORM LAKE,IA,50588,(712) 732-4030,true,Critical Access Hospitals
19025,161350,STEWART MEMORIAL COMMUNITY HOSPITAL,LAKE CITY,IA,51449,(712) 464-3171,true,Critical Access Hospitals
19027,161332,MANNING REGIONAL HEALTHCARE CENTER,MANNING,IA,51455,(712) 655-2072,true,Critical Access Hospitals
19027,161382,ST ANTHONY REGIONAL HOSPITAL & NURSING HOME,CARROLL,IA,51401,(712) 792-3581,true,Critical Access Hospitals
19029,161376,CASS COUNTY MEMORIAL HOSPITAL,ATLANTIC,IA,50022,(712) 243-3250,true,Critical Access Hospitals
19033,160064,MERCYONE NORTH IOWA MEDICAL CENTER,MASON CITY,IA,50401,(641) 428-7000,true,Acute Care Hospitals
19035,161362,CHEROKEE REGIONAL MEDICAL CENTER,CHEROKEE,IA,51012,(712) 225-5101,true,Critical Access Hospitals
19035,164002,MENTAL HEALTH INSTITUTE,CHEROKEE,IA,51012,(712) 225-2594,true,Psychiatric
19037,161331,MERCY MEDICAL CENTER-NEW HAMPTON,NEW HAMPTON,IA,50659,(641) 394-4121,true,Critical Access Hospitals
19039,161348,CLARKE COUNTY HOSPITAL,OSCEOLA,IA,50213,(641) 342-2184,true,Critical Access Hospitals
19041,160112,SPENCER MUNICIPAL HOSPITAL,SPENCER,IA,51301,(712) 264-6198,true,Acute Care Hospitals
19043,161312,GUTTENBERG MUNICIPAL HOSPITAL,GUTTENBERG,IA,52052,(563) 252-1121,true,Critical Access Hospitals
19043,161319,MERCYONE ELKADER MEDICAL CENTER,ELKADER,IA,52043,(563) 245-7000,true,Critical Access Hospitals
19045,160080,MERCYONE CLINTON MEDICAL CENTER,CLINTON,IA,52732,(563) 244-5555,true,Acute Care Hospitals
19045,161313,MERCYONE GENESIS DEWITT MEDICAL CENTER,DEWITT,IA,52742,(563) 659-4200,true,Critical Access Hospitals
19047,161369,CRAWFORD COUNTY MEMORIAL HOSPITAL,DENISON,IA,51442,(712) 263-2500,true,Critical Access Hospitals
19049,161322,DALLAS COUNTY HOSPITAL,PERRY,IA,50220,(515) 465-3547,true,Critical Access Hospitals
19051,161327,DAVIS COUNTY HOSPITAL,BLOOMFIELD,IA,52537,(641) 664-2145,true,Critical Access Hospitals
19053,161340,DECATUR COUNTY HOSPITAL,LEON,IA,50144,(641) 446-4871,true,Critical Access Hospitals
19055,161343,REGIONAL MEDICAL CENTER,MANCHESTER,IA,52057,(563) 927-3232,true,Critical Access Hospitals
19057,160057,SOUTHEAST IOWA REGIONAL MEDICAL CENTER,WEST BURLINGTON,IA,52655,(319) 768-1000,true,Acute Care Hospitals
19059,160124,LAKES REGIONAL HEALTHCARE,SPIRIT LAKE,IA,51360,(712) 336-1230,true,Acute Care Hospitals
19061,160069,MERCYONE DUBUQUE MEDICAL CENTER,DUBUQUE,IA,52001,(563) 589-8000,true,Acute Care Hospitals
19061,160117,FINLEY HOSPITAL,DUBUQUE,IA,52001,(563) 582-1881,true,Acute Care Hospitals
19061,161378,MERCYONE DYERSVILLE MEDICAL CENTER,DYERSVILLE,IA,52040,(563) 875-2900,true,Critical Access Hospitals
19063,161351,AVERA HOLY FAMILY HOSPITAL,ESTHERVILLE,IA,51334,(712) 362-2631,true,Critical Access Hospitals
19065,161316,GUNDERSEN PALMER LUTHERAN HOSPITAL AND CLINICS,WEST UNION,IA,52175,(563) 422-3811,true,Critical Access Hospitals
19065,161338,MERCYONE OELWEIN MEDICAL CENTER,OELWEIN,IA,50662,(319) 283-6000,true,Critical Access Hospitals
19067,161347,FLOYD COUNTY MEDICAL CENTER,CHARLES CITY,IA,50616,(641) 228-6830,true,Critical Access Hospitals
19069,161308,FRANKLIN GENERAL HOSPITAL,HAMPTON,IA,50441,(641) 456-5000,true,Critical Access Hospitals
19071,161324,GEORGE C GRAPE COMMUNITY HOSPITAL,HAMBURG,IA,51640,(712) 382-1515,true,Critical Access Hospitals
19073,161325,GREENE COUNTY MEDICAL CENTER,JEFFERSON,IA,50129,(515) 386-2114,true,Critical Access Hospitals
19075,161303,GRUNDY COUNTY MEMORIAL HOSPITAL,GRUNDY CENTER,IA,50638,(319) 824-5421,true,Critical Access Hospitals
19077,161314,GUTHRIE COUNTY HOSPITAL,GUTHRIE CENTER,IA,50115,(641) 747-2201,true,Critical Access Hospitals
19079,161361,VAN DIEST MEDICAL CENTER,WEBSTER CITY,IA,50595,(515) 832-9400,true,Critical Access Hospitals
19081,161307,HANCOCK COUNTY HEALTH SYSTEM,BRITT,IA,50423,(641) 843-5000,true,Critical Access Hospitals
19083,161380,HANSEN FAMILY HOSPITAL,IOWA FALLS,IA,50126,(641) 648-4631,true,Critical Access Hospitals
19085,161309,CHI HEALTH MISSOURI VALLEY,MISSOURI VALLEY,IA,51555,(712) 642-2784,true,Critical Access Hospitals
19087,161356,HENRY COUNTY HEALTH CENTER,MOUNT PLEASANT,IA,52641,(319) 385-3141,true,Critical Access Hospitals
19089,161328,REGIONAL HEALTH SERVICES OF HOWARD COUNTY,CRESCO,IA,52136,(563) 547-2101,true,Critical Access Hospitals
19091,161334,HUMBOLDT COUNTY MEMORIAL HOSPITAL,HUMBOLDT,IA,50548,(515) 332-4200,true,Critical Access Hospitals
19093,161354,HORN MEMORIAL HOSPITAL,IDA GROVE,IA,51445,(712) 364-3311,true,Critical Access Hospitals
19095,161317,COMPASS MEMORIAL HEALTHCARE,MARENGO,IA,52301,(319) 642-5543,true,Critical Access Hospitals
19097,161329,JACKSON COUNTY REGIONAL HEALTH CENTER,MAQUOKETA,IA,52060,(563) 652-2474,true,Critical Access Hospitals
19099,160032,MERCYONE NEWTON MEDICAL CENTER,NEWTON,IA,50208,(641) 792-1273,true,Acute Care Hospitals
19101,161364,JEFFERSON COUNTY HEALTH CENTER,FAIRFIELD,IA,52556,(641) 472-4111,true,Critical Access Hospitals
19103,160029,UNIVERSITY OF IOWA HEALTH CARE MEDICAL CENTER DOWN,IOWA CITY,IA,52245,(319) 339-0300,true,Acute Care Hospitals
19103,16004F,IOWA CITY VA MEDICAL CENTER,IOWA CITY,IA,52246,(319) 338-0581,true,Acute Care - Veterans Administration
19103,160058,UNIVERSITY OF IOWA HOSPITAL & CLINICS,IOWA CITY,IA,52242,(319) 356-1616,true,Acute Care Hospitals
19105,161306,JONES REGIONAL MEDICAL CENTER,ANAMOSA,IA,52205,(319) 462-6131,true,Critical Access Hospitals
19107,161315,KEOKUK COUNTY HEALTH CENTER,SIGOURNEY,IA,52591,(641) 622-2720,true,Critical Access Hospitals
19109,161353,KOSSUTH REGIONAL HEALTH CENTER,ALGONA,IA,50511,(515) 295-2451,true,Critical Access Hospitals
19113,160045,ST LUKES HOSPITAL,CEDAR RAPIDS,IA,52402,(319) 369-7211,true,Acute Care Hospitals
19113,160079,MERCY MEDICAL CENTER - CEDAR RAPIDS,CEDAR RAPIDS,IA,52403,(319) 398-6011,true,Acute Care Hospitals
19117,161341,LUCAS COUNTY HEALTH CENTER,CHARITON,IA,50049,(641) 774-3000,true,Critical Access Hospitals
19119,161321,AVERA MERRILL PIONEER HOSPITAL,ROCK RAPIDS,IA,51246,(712) 472-5400,true,Critical Access Hospitals
19121,161326,MADISON COUNTY HEALTH CARE SYSTEM,WINTERSET,IA,50273,(515) 462-2373,true,Critical Access Hospitals
19123,161379,MAHASKA  HEALTH PARTNERSHIP,OSKALOOSA,IA,52577,(641) 672-3100,true,Critical Access Hospitals
19125,161355,KNOXVILLE HOSPITAL & CLINICS,KNOXVILLE,IA,50138,(641) 842-2151,true,Critical Access Hospitals
19125,161367,PELLA REGIONAL HEALTH CENTER,PELLA,IA,50219,(641) 628-3150,true,Critical Access Hospitals
19127,160001,UNITYPOINT HEALTH - MARSHALLTOWN,MARSHALLTOWN,IA,50158,(641) 754-5151,true,Acute Care Hospitals
19133,161359,BURGESS HEALTH CENTER,ONAWA,IA,51040,(712) 423-2311,true,Critical Access Hospitals
19135,161342,MONROE COUNTY HOSPITAL,ALBIA,IA,52531,(641) 932-2134,true,Critical Access Hospitals
19137,161363,MONTGOMERY COUNTY MEMORIAL HOSPITAL,RED OAK,IA,51566,(712) 623-7000,true,Critical Access Hospitals
19139,160013,TRINITY MUSCATINE,MUSCATINE,IA,52761,(563) 264-9100,true,Acute Care Hospitals
19143,161345,OSCEOLA COMMUNITY HOSPITAL,SIBLEY,IA,51249,(712) 754-2574,true,Critical Access Hospitals
19145,161352,CLARINDA REGIONAL HEALTH CENTER,CLARINDA,IA,51632,(712) 542-2176,true,Critical Access Hospitals
19145,161366,SHENANDOAH MEDICAL CENTER,SHENANDOAH,IA,51601,(712) 246-1230,true,Critical Access Hospitals
19147,161357,PALO ALTO COUNTY HOSPITAL,EMMETSBURG,IA,50536,(712) 852-5500,true,Critical Access Hospitals
19149,161368,FLOYD VALLEY HEALTHCARE,LE MARS,IA,51031,(712) 546-7871,true,Critical Access Hospitals
19151,161305,POCAHONTAS COMMUNITY HOSPITAL,POCAHONTAS,IA,50574,(712) 335-3501,true,Critical Access Hospitals
19153,16003F,VA CENTRAL IOWA HEALTHCARE SYSTEM,DES MOINES,IA,50310,(515) 699-5999,true,Acute Care - Veterans Administration
19153,160082,UNITYPOINT HEALTH - DES MOINES IOWA METHODIST MEDI,DES MOINES,IA,50309,(515) 343-1000,true,Acute Care Hospitals
19153,160083,MERCYONE DES MOINES MEDICAL CENTER,DES MOINES,IA,50314,(515) 247-4436,true,Acute Care Hospitals
19153,160101,BROADLAWNS MEDICAL CENTER,DES MOINES,IA,50314,(515) 282-2200,true,Acute Care Hospitals
19155,160028,CHI HEALTH MERCY COUNCIL BLUFFS,COUNCIL BLUFFS,IA,51503,(712) 328-5000,true,Acute Care Hospitals
19155,160047,METHODIST JENNIE EDMUNDSON,COUNCIL BLUFFS,IA,51503,(712) 396-6000,true,Acute Care Hospitals
19157,160147,GRINNELL REGIONAL MEDICAL CENTER,GRINNELL,IA,50112,(641) 236-7511,true,Acute Care Hospitals
19159,161373,RINGGOLD COUNTY HOSPITAL,MOUNT AYR,IA,50854,(641) 464-3226,true,Critical Access Hospitals
19161,161370,LORING HOSPITAL,SAC CITY,IA,50583,(712) 662-7105,true,Critical Access Hospitals
19163,160033,GENESIS MEDICAL CENTER-DAVENPORT,DAVENPORT,IA,52803,(563) 421-1000,true,Acute Care Hospitals
19163,160104,TRINITY - BETTENDORF,BETTENDORF,IA,52722,(563) 742-5000,true,Acute Care Hospitals
19165,161374,MYRTUE MEDICAL CENTER,HARLAN,IA,51537,(712) 755-5161,true,Critical Access Hospitals
19167,161311,HAWARDEN REGIONAL HEALTHCARE,HAWARDEN,IA,51023,(712) 551-3100,true,Critical Access Hospitals
19167,161336,HEGG MEMORIAL HEALTH CENTER,ROCK VALLEY,IA,51247,(712) 476-8000,true,Critical Access Hospitals
19167,161346,SIOUX CENTER HEALTH,SIOUX CENTER,IA,51250,(712) 722-1271,true,Critical Access Hospitals
19167,161360,ORANGE CITY AREA HEALTH SYSTEM,ORANGE CITY,IA,51041,(712) 737-2000,true,Critical Access Hospitals
19167,161381,SANFORD SHELDON MEDICAL CENTER,SHELDON,IA,51201,(712) 324-5041,true,Critical Access Hospitals
19169,160030,MARY GREELEY MEDICAL CENTER,AMES,IA,50010,(515) 239-2011,true,Acute Care Hospitals
19169,161333,STORY COUNTY HOSPITAL,NEVADA,IA,50201,(515) 382-2111,true,Critical Access Hospitals
19175,161365,GREATER REGIONAL MEDICAL CENTER,CRESTON,IA,50801,(641) 782-7091,true,Critical Access Hospitals
19177,161337,VAN BUREN COUNTY HOSPITAL,KEOSAUQUA,IA,52565,(319) 293-3171,true,Critical Access Hospitals
19179,160089,OTTUMWA REGIONAL HEALTH CENTER,OTTUMWA,IA,52501,(641) 682-7511,true,Acute Care Hospitals
19183,161344,WASHINGTON COUNTY HOSPITAL AND CLINICS,WASHINGTON,IA,52353,(319) 653-5481,true,Critical Access Hospitals
19185,161358,WAYNE COUNTY HOSPITAL,CORYDON,IA,50060,(641) 872-2260,true,Critical Access Hospitals
19187,160016,TRINITY REGIONAL MEDICAL CENTER,FORT DODGE,IA,50501,(515) 573-3101,true,Acute Care Hospitals
19191,161371,WINNMED,DECORAH,IA,52101,(563) 382-2911,true,Critical Access Hospitals
19193,160146,ST LUKES REGIONAL MEDICAL CENTER,SIOUX CITY,IA,51104,(712) 279-3500,true,Acute Care Hospitals
19193,160153,MERCYONE SIOUXLAND MEDICAL CENTER,SIOUX CITY,IA,51101,(712) 279-2010,true,Acute Care Hospitals
19197,161301,IOWA SPECIALTY HOSPITAL - BELMOND,BELMOND,IA,50421,(641) 444-3223,true,Critical Access Hospitals
19197,161302,IOWA SPECIALTY HOSPITAL - CLARION,CLARION,IA,50525,(515) 532-2811,true,Critical Access Hospitals
20001,171373,ALLEN COUNTY REGIONAL HOSPITAL,IOLA,KS,66749,(620) 365-1021,true,Critical Access Hospitals
20003,171316,ANDERSON COUNTY HOSPITAL,GARNETT,KS,66032,(785) 448-3131,true,Critical Access Hospitals
20005,171382,AMBERWELL ATCHISON ASSOCIATION,ATCHISON,KS,66002,(913) 360-2131,true,Critical Access Hospitals
20007,171331,KIOWA DISTRICT HOSPITAL,KIOWA,KS,67070,(620) 825-4131,true,Critical Access Hospitals
20007,171334,MEDICINE LODGE MEMORIAL HOSPITAL,MEDICINE LODGE,KS,67104,(620) 886-3771,true,Critical Access Hospitals
20009,170191,UNIVERSITY  OF KS HLTH SYSTEM GREAT BEND CAMPUS,GREAT BEND,KS,67530,(620) 792-8830,true,Acute Care Hospitals
20009,171301,ELLINWOOD DISTRICT HOSPITAL,ELLINWOOD,KS,67526,(620) 564-2548,true,Critical Access Hospitals
20009,171333,CLARA BARTON HOSPITAL,HOISINGTON,KS,67544,(620) 653-2114,true,Critical Access Hospitals
20013,171341,HIAWATHA COMMUNITY HOSPITAL,HIAWATHA,KS,66434,(785) 742-2131,true,Critical Access Hospitals
20015,170017,SUSAN B ALLEN MEMORIAL HOSPITAL,EL DORADO,KS,67042,(316) 321-3300,true,Acute Care Hospitals
20015,170197,KANSAS MEDICAL CENTER LLC,ANDOVER,KS,67002,(316) 300-4000,true,Acute Care Hospitals
20019,171318,SEDAN CITY HOSPITAL,SEDAN,KS,67361,(620) 725-3115,true,Critical Access Hospitals
20021,171308,MERCY HOSPITAL COLUMBUS,COLUMBUS,KS,66725,(620) 429-2545,true,Critical Access Hospitals
20023,171310,CHEYENNE COUNTY HOSPITAL,ST FRANCIS,KS,67756,(785) 332-2104,true,Critical Access Hospitals
20025,171304,ASHLAND HEALTH CENTER,ASHLAND,KS,67831,(620) 635-2241,true,Critical Access Hospitals
20027,171371,CLAY COUNTY MEDICAL CENTER,CLAY CENTER,KS,67432,(785) 632-2144,true,Critical Access Hospitals
20029,171349,CLOUD COUNTY HEALTH CENTER,CONCORDIA,KS,66901,(785) 243-1234,true,Critical Access Hospitals
20031,171385,COFFEY COUNTY HOSPITAL,BURLINGTON,KS,66839,(620) 364-2121,true,Critical Access Hospitals
20033,171312,COMANCHE COUNTY HOSPITAL,COLDWATER,KS,67029,(620) 582-2144,true,Critical Access Hospitals
20035,170779,SCK HEALTH,ARKANSAS CITY,KS,67005,(620) 442-2500,true,Rural Emergency Hospital
20035,171383,WILLIAM NEWTON HOSPITAL,WINFIELD,KS,67156,(620) 221-2300,true,Critical Access Hospitals
20037,170006,"MERCY HOSPITAL PITTSBURG, INC",PITTSBURG,KS,66762,(620) 231-6100,true,Acute Care Hospitals
20037,171376,GIRARD MEDICAL CENTER,GIRARD,KS,66743,(620) 724-8291,true,Critical Access Hospitals
20039,171352,DECATUR HEALTH,OBERLIN,KS,67749,(785) 475-2208,true,Critical Access Hospitals
20041,171381,MEMORIAL HOSPITAL,ABILENE,KS,67410,(785) 263-2100,true,Critical Access Hospitals
20045,170137,LMH,LAWRENCE,KS,66044,(785) 505-5000,true,Acute Care Hospitals
20051,170013,HAYS MEDICAL CENTER,HAYS,KS,67601,(785) 623-5000,true,Acute Care Hospitals
20053,171327,ELLSWORTH COUNTY MEDICAL CENTER,ELLSWORTH,KS,67439,(785) 472-3111,true,Critical Access Hospitals
20055,170023,ST. CATHERINE HOSPITAL - GARDEN CITY,GARDEN CITY,KS,67846,(620) 225-8400,true,Acute Care Hospitals
20057,170175,CENTURA ST. CATHERINE-DODGE CITY,DODGE CITY,KS,67801,(620) 225-8400,true,Acute Care Hospitals
20057,171368,MINNEOLA DISTRICT HOSPITAL,MINNEOLA,KS,67865,(620) 885-4264,true,Critical Access Hospitals
20061,17002F,Irwin ACH (FT Riley),Fort Riley,KS,66442,(785) 239-7000,true,Acute Care - Department of Defense
20061,170074,"STORMONT VAIL HEALTH FLINT HILLS, LLC",JUNCTION CITY,KS,66441,(785) 238-4131,true,Acute Care Hospitals
20063,171367,GOVE COUNTY MEDICAL CENTER,QUINTER,KS,67752,(785) 754-3341,true,Critical Access Hospitals
20065,171325,GRAHAM COUNTY HOSPITAL,HILL CITY,KS,67642,(785) 421-2121,true,Critical Access Hospitals
20067,171388,BOB WILSON MEMORIAL HOSPITAL,ULYSSES,KS,67880,(620) 356-1266,true,Critical Access Hospitals
20071,171359,GREELEY COUNTY HEALTH SERVICES,TRIBUNE,KS,67879,(620) 376-4221,true,Critical Access Hospitals
20073,171339,GREENWOOD COUNTY HOSPITAL,EUREKA,KS,67045,(620) 583-7451,true,Critical Access Hospitals
20075,171322,HAMILTON COUNTY HOSPITAL,SYRACUSE,KS,67878,(620) 384-7461,true,Critical Access Hospitals
20077,171346,HOSPITAL DISTRICT #6 PATTERSON HEALTH CENTER,ANTHONY,KS,67003,(620) 914-1200,true,Critical Access Hospitals
20079,170103,NMC HEALTH,NEWTON,KS,67114,(316) 283-2700,true,Acute Care Hospitals
20081,171324,"SATANTA DISTRICT HOSPITAL, CLINICS, & LTCU",SATANTA,KS,67870,(620) 682-8414,true,Critical Access Hospitals
20083,171369,HODGEMAN COUNTY HEALTH CENTER,JETMORE,KS,67854,(620) 357-8361,true,Critical Access Hospitals
20085,171319,HOLTON COMMUNITY HOSPITAL,HOLTON,KS,66436,(785) 364-2116,true,Critical Access Hospitals
20087,171314,F W HUSTON MEDICAL CENTER,WINCHESTER,KS,66097,(913) 774-4340,true,Critical Access Hospitals
20089,171309,JEWELL COUNTY HOSPITAL,MANKATO,KS,66956,(785) 378-3137,true,Critical Access Hospitals
20091,170049,UNIVERSITY OF KANSAS HEALTH SYSTEM OLATHE HOSPITAL,OLATHE,KS,66061,(913) 355-4200,true,Acute Care Hospitals
20091,170104,ADVENTHEALTH SHAWNEE MISSION,SHAWNEE MISSION,KS,66204,(913) 676-2152,true,Acute Care Hospitals
20091,170176,OVERLAND PARK REG MED CTR,OVERLAND PARK,KS,66215,(913) 541-5000,true,Acute Care Hospitals
20091,170182,MENORAH MEDICAL CENTER,OVERLAND PARK,KS,66209,(913) 498-6000,true,Acute Care Hospitals
20091,170185,SAINT LUKE'S SOUTH HOSPITAL,OVERLAND PARK,KS,66213,(913) 317-7000,true,Acute Care Hospitals
20091,170208,"ADVENTHEALTH SOUTH OVERLAND PARK, INC",OVERLAND PARK,KS,66223,(913) 373-2000,true,Acute Care Hospitals
20093,171313,KEARNY COUNTY HOSPITAL,LAKIN,KS,67860,(620) 355-7111,true,Critical Access Hospitals
20095,171378,KINGMAN HEALTHCARE CENTER,KINGMAN,KS,67068,(620) 532-3147,true,Critical Access Hospitals
20097,171332,KIOWA COUNTY MEMORIAL HOSPITAL,GREENSBURG,KS,67054,(620) 723-3341,true,Critical Access Hospitals
20099,170120,LABETTE HEALTH,PARSONS,KS,67357,(620) 421-4880,true,Acute Care Hospitals
20101,171303,LANE COUNTY HOSPITAL,DIGHTON,KS,67839,(620) 397-5321,true,Critical Access Hospitals
20103,170009,SAINT JOHN HOSPITAL,LEAVENWORTH,KS,66048,(913) 680-6000,true,Acute Care Hospitals
20109,171326,LOGAN COUNTY HOSPITAL,OAKLEY,KS,67748,(785) 672-3211,true,Critical Access Hospitals
20111,171384,NEWMAN REGIONAL HEALTH,EMPORIA,KS,66801,(620) 343-6800,true,Critical Access Hospitals
20113,170105,MCPHERSON HOSPITAL,MCPHERSON,KS,67460,(620) 241-2250,true,Acute Care Hospitals
20113,170780,"MERCY HOSPITAL, INC",MOUNDRIDGE,KS,67107,(620) 345-6391,true,Rural Emergency Hospital
20113,171358,LINDSBORG COMMUNITY HOSPITAL,LINDSBORG,KS,67456,(785) 227-3308,true,Critical Access Hospitals
20115,171356,ST LUKE HOSPITAL & LIVING CENTER,MARION,KS,66861,(620) 382-2177,true,Critical Access Hospitals
20117,171363,"COMMUNITY MEMORIAL HEALTHCARE, INC.",MARYSVILLE,KS,66508,(785) 562-2311,true,Critical Access Hospitals
20119,171321,MEADE DISTRICT HOSPITAL,MEADE,KS,67864,(620) 873-2141,true,Critical Access Hospitals
20121,170109,MIAMI COUNTY MEDICAL CENTER,PAOLA,KS,66071,(913) 294-2327,true,Acute Care Hospitals
20123,171375,MITCHELL COUNTY HOSPITAL HEALTH SYSTEMS,BELOIT,KS,67420,(785) 738-2266,true,Critical Access Hospitals
20125,171387,"COFFEYVILLE REGIONAL MEDICAL CENTER, INC",COFFEYVILLE,KS,67337,(620) 251-1200,true,Critical Access Hospitals
20129,171386,MORTON COUNTY HOSPITAL,ELKHART,KS,67950,(620) 697-2141,true,Critical Access Hospitals
20131,171315,NEMAHA VALLEY COMMUNITY HOSPITAL,SENECA,KS,66538,(785) 336-6181,true,Critical Access Hospitals
20131,171338,GREAT PLAINS OF SABETHA,SABETHA,KS,66534,(785) 284-2121,true,Critical Access Hospitals
20133,171380,NEOSHO MEMORIAL REGIONAL MEDICAL CENTER,CHANUTE,KS,66720,(620) 431-4000,true,Critical Access Hospitals
20135,171300,GRISELL MEMORIAL HOSPITAL,RANSOM,KS,67572,(785) 731-2231,true,Critical Access Hospitals
20135,171336,NESS COUNTY HOSPITAL DISTRICT #2,NESS CITY,KS,67560,(785) 798-2291,true,Critical Access Hospitals
20137,171348,NORTON COUNTY HOSPITAL,NORTON,KS,67654,(785) 877-3351,true,Critical Access Hospitals
20141,171364,OSBORNE COUNTY MEMORIAL HOSPITAL,OSBORNE,KS,67473,(785) 346-2121,true,Critical Access Hospitals
20143,171328,OTTAWA COUNTY HEALTH CENTER,MINNEAPOLIS,KS,67467,(785) 392-2122,true,Critical Access Hospitals
20145,171345,PAWNEE VALLEY COMMUNITY HOSPITAL,LARNED,KS,67550,(620) 285-3161,true,Critical Access Hospitals
20147,171353,PHILLIPS COUNTY HOSPITAL,PHILLIPSBURG,KS,67661,(785) 543-5226,true,Critical Access Hospitals
20149,171337,WAMEGO HEALTH CENTER,WAMEGO,KS,66547,(785) 456-2295,true,Critical Access Hospitals
20149,171354,"COMMUNITY HOSPITAL, ONAGA AND ST MARYS CAMPUS",ONAGA,KS,66521,(785) 889-4274,true,Critical Access Hospitals
20151,170027,PRATT REGIONAL MEDICAL CENTER,PRATT,KS,67124,(620) 450-1160,true,Acute Care Hospitals
20153,171307,RAWLINS COUNTY HEALTH CENTER,ATWOOD,KS,67730,(785) 626-3211,true,Critical Access Hospitals
20155,170020,HUTCHINSON REGIONAL MEDICAL CENTER INC,HUTCHINSON,KS,67502,(620) 665-2000,true,Acute Care Hospitals
20157,171361,REPUBLIC COUNTY HOSPITAL,BELLEVILLE,KS,66935,(785) 527-2254,true,Critical Access Hospitals
20159,171330,HOSPITAL DISTRICT #1 OF RICE COUNTY,LYONS,KS,67554,(620) 257-5173,true,Critical Access Hospitals
20161,170142,"ASCENSION VIA CHRISTI HOSPITAL MANHATTAN, INC",MANHATTAN,KS,66502,(785) 776-3322,true,Acute Care Hospitals
20163,171311,ROOKS COUNTY HEALTH CENTER,PLAINVILLE,KS,67663,(785) 688-4401,true,Critical Access Hospitals
20165,170781,RUSH COUNTY MEMORIAL HOSPITAL,LA CROSSE,KS,67548,(785) 222-2545,true,Rural Emergency Hospital
20167,171350,RUSSELL REGIONAL HOSPITAL,RUSSELL,KS,67665,(785) 483-3131,true,Critical Access Hospitals
20169,170012,SALINA REGIONAL HEALTH CENTER,SALINA,KS,67401,(785) 452-7000,true,Acute Care Hospitals
20171,171372,SCOTT COUNTY HOSPITAL,SCOTT CITY,KS,67871,(620) 872-5811,true,Critical Access Hospitals
20173,17008F,WICHITA VA MEDICAL CENTER,WICHITA,KS,67218,(316) 685-2221,true,Acute Care - Veterans Administration
20173,170122,"ASCENSION VIA CHRISTI HOSPITALS WICHITA, INC.",WICHITA,KS,67214,(316) 268-5000,true,Acute Care Hospitals
20173,170123,WESLEY MEDICAL CENTER,WICHITA,KS,67214,(316) 962-2000,true,Acute Care Hospitals
20173,170200,"VIA CHRISTI HOSPITAL WICHITA ST TERESA, INC",WICHITA,KS,67235,(316) 268-5000,true,Acute Care Hospitals
20173,170204,"ROCK REGIONAL HOSPITAL, LLC",DERBY,KS,67037,(316) 425-2400,true,Acute Care Hospitals
20175,170068,SOUTHWEST MEDICAL CENTER,LIBERAL,KS,67901,(620) 624-1651,true,Acute Care Hospitals
20177,170016,UNIVERSITY OF KANSAS HEALTH SYSTEM - ST FRANCIS CAMPUS,TOPEKA,KS,66606,(785) 295-8000,true,Acute Care Hospitals
20177,17005F,VA EASTERN KANSAS HEALTHCARE SYSTEM,TOPEKA,KS,66622,(913) 682-2000,true,Acute Care - Veterans Administration
20177,170086,STORMONT VAIL HOSPITAL,TOPEKA,KS,66604,(785) 354-6121,true,Acute Care Hospitals
20179,171347,SHERIDAN COUNTY HOSPITAL,HOXIE,KS,67740,(785) 675-3281,true,Critical Access Hospitals
20181,171370,GOODLAND REGIONAL MEDICAL CENTER,GOODLAND,KS,67735,(785) 890-3625,true,Critical Access Hospitals
20183,171377,SMITH COUNTY MEMORIAL HOSPITAL,SMITH CENTER,KS,66967,(785) 282-6845,true,Critical Access Hospitals
20185,171323,STAFFORD COUNTY HOSPITAL,STAFFORD,KS,67578,(620) 234-5221,true,Critical Access Hospitals
20187,171343,STANTON COUNTY HOSPITAL,JOHNSON,KS,67855,(620) 492-6250,true,Critical Access Hospitals
20189,171335,STEVENS COUNTY HOSPITAL,HUGOTON,KS,67951,(620) 544-8511,true,Critical Access Hospitals
20191,171329,CALDWELL REGIONAL MEDICAL CENTER,CALDWELL,KS,67022,(620) 845-6492,true,Critical Access Hospitals
20193,171362,CITIZENS MEDICAL CENTER,COLBY,KS,67701,(785) 462-7511,true,Critical Access Hospitals
20195,171355,TREGO COUNTY LEMKE MEMORIAL HOSPITAL,WAKEENEY,KS,67672,(785) 743-2182,true,Critical Access Hospitals
20201,171351,WASHINGTON COUNTY HOSPITAL,WASHINGTON,KS,66968,(785) 325-2211,true,Critical Access Hospitals
20201,171365,HANOVER HOSPITAL,HANOVER,KS,66945,(785) 337-2214,true,Critical Access Hospitals
20203,171306,WICHITA COUNTY HEALTH CENTER,LEOTI,KS,67861,(620) 375-2233,true,Critical Access Hospitals
20205,171344,WILSON MEDICAL CENTER,NEODESHA,KS,66757,(620) 325-2611,true,Critical Access Hospitals
20205,171374,FREDONIA REGIONAL HOSPITAL,FREDONIA,KS,66736,(620) 378-2121,true,Critical Access Hospitals
20209,170040,UNIVERSITY OF KANSAS HOSPITAL,KANSAS CITY,KS,66160,(913) 588-5000,true,Acute Care Hospitals
20209,170146,PROVIDENCE MEDICAL CENTER,KANSAS CITY,KS,66112,(913) 596-4000,true,Acute Care Hospitals
21001,180149,TJ HEALTH COLUMBIA,COLUMBIA,KY,42728,(270) 384-4753,true,Acute Care Hospitals
21003,181324,THE MEDICAL CENTER AT SCOTTSVILLE,SCOTTSVILLE,KY,42164,(270) 622-2800,true,Critical Access Hospitals
21009,180017,T J SAMSON COMMUNITY HOSPITAL,GLASGOW,KY,42141,(270) 651-4159,true,Acute Care Hospitals
21013,180020,MIDDLESBORO ARH HOSPITAL,MIDDLESBORO,KY,40965,(606) 242-1101,true,Acute Care Hospitals
21013,180154,"PINEVILLE COMMUNITY HEALTH CENTER, INC",PINEVILLE,KY,40977,(606) 337-3051,true,Acute Care Hospitals
21015,180045,ST ELIZABETH FLORENCE,FLORENCE,KY,41042,(859) 212-5220,true,Acute Care Hospitals
21017,180046,BOURBON COMMUNITY HOSPITAL,PARIS,KY,40361,(859) 987-3600,true,Acute Care Hospitals
21019,180009,KING'S DAUGHTERS' MEDICAL CENTER,ASHLAND,KY,41101,(606) 408-4401,true,Acute Care Hospitals
21021,180048,EPHRAIM MCDOWELL REGIONAL MEDICAL CENTER,DANVILLE,KY,40422,(859) 239-1000,true,Acute Care Hospitals
21025,181334,KENTUCKY RIVER MEDICAL CENTER,JACKSON,KY,41339,(606) 666-6000,true,Critical Access Hospitals
21027,181319,BRECKINRIDGE MEMORIAL HOSPITAL,HARDINSBURG,KY,40143,(270) 756-7000,true,Critical Access Hospitals
21033,181322,CALDWELL MEDICAL CENTER,PRINCETON,KY,42445,(270) 365-0300,true,Critical Access Hospitals
21035,180027,MURRAY-CALLOWAY COUNTY HOSPITAL,MURRAY,KY,42071,(270) 762-1100,true,Acute Care Hospitals
21037,180001,ST ELIZABETH FT THOMAS,FORT THOMAS,KY,41075,(859) 572-3100,true,Acute Care Hospitals
21041,181310,CARROLL COUNTY MEMORIAL HOSPITAL,CARROLLTON,KY,41008,(502) 732-4321,true,Critical Access Hospitals
21045,181309,CASEY COUNTY HOSPITAL,LIBERTY,KY,42539,(606) 787-6275,true,Critical Access Hospitals
21047,18003F,Blanchfield ACH (FT Campbell),Fort Campbell,KY,42223,(270) 798-8400,true,Acute Care - Department of Defense
21047,180051,JENNIE STUART MEDICAL CENTER,HOPKINSVILLE,KY,42241,(270) 887-0100,true,Acute Care Hospitals
21049,180092,CLARK REGIONAL MEDICAL CENTER,WINCHESTER,KY,40391,(859) 737-8559,true,Acute Care Hospitals
21051,180043,AdventHealthManchester,MANCHESTER,KY,40962,(606) 598-5104,true,Acute Care Hospitals
21053,181333,THE MEDICAL CENTER AT ALBANY,ALBANY,KY,42602,(606) 387-3651,true,Critical Access Hospitals
21055,180779,CRITTENDEN COMMUNITY HOSPITAL,MARION,KY,42064,(270) 965-5281,true,Rural Emergency Hospital
21057,181317,CUMBERLAND COUNTY HOSPITAL,BURKESVILLE,KY,42717,(270) 864-2511,true,Critical Access Hospitals
21059,180038,OWENSBORO HEALTH REGIONAL HOSPITAL,OWENSBORO,KY,42303,(270) 417-2000,true,Acute Care Hospitals
21065,181301,MARCUM AND WALLACE MEMORIAL HOSPITAL,IRVINE,KY,40336,(606) 723-2115,true,Critical Access Hospitals
21067,180010,SAINT JOSEPH HOSPITAL,LEXINGTON,KY,40504,(859) 313-1000,true,Acute Care Hospitals
21067,180067,UNIVERSITY OF KENTUCKY HOSPITAL,LEXINGTON,KY,40536,(859) 257-2278,true,Acute Care Hospitals
21067,18007F,LEXINGTON VA MEDICAL CENTER,LEXINGTON,KY,40502,(859) 233-4511,true,Acute Care - Veterans Administration
21067,180103,BAPTIST HEALTH LEXINGTON,LEXINGTON,KY,40503,(859) 260-6100,true,Acute Care Hospitals
21067,180143,SAINT JOSEPH EAST,LEXINGTON,KY,40509,(859) 967-5000,true,Acute Care Hospitals
21069,180780,FLEMING COUNTY HOSPITAL,FLEMINGSBURG,KY,41041,(606) 849-2351,true,Rural Emergency Hospital
21071,180005,HIGHLANDS ARH REGIONAL MEDICAL CENTER,PRESTONSBURG,KY,41653,(606) 886-8511,true,Acute Care Hospitals
21071,181305,ARH OUR LADY OF THE WAY,MARTIN,KY,41649,(606) 285-6400,true,Critical Access Hospitals
21071,181331,MCDOWELL ARH HOSPITAL,MC DOWELL,KY,41647,(606) 377-3400,true,Critical Access Hospitals
21073,180127,FRANKFORT REGIONAL MEDICAL CENTER,FRANKFORT,KY,40601,(502) 875-5240,true,Acute Care Hospitals
21081,181311,ST ELIZABETH GRANT,WILLIAMSTOWN,KY,41097,(859) 824-8105,true,Critical Access Hospitals
21083,180116,JACKSON PURCHASE MEDICAL CENTER,MAYFIELD,KY,42066,(270) 251-4585,true,Acute Care Hospitals
21085,180070,OWENSBORO HEALTH TWIN LAKES MEDICAL CENTER,LEITCHFIELD,KY,42754,(270) 259-9400,true,Acute Care Hospitals
21087,181325,JANE TODD CRAWFORD HOSPITAL,GREENSBURG,KY,42743,(270) 932-4211,true,Critical Access Hospitals
21093,180012,BAPTIST HEALTH HARDIN,ELIZABETHTOWN,KY,42701,(270) 737-1212,true,Acute Care Hospitals
21095,180050,HARLAN ARH HOSPITAL,HARLAN,KY,40831,(606) 573-8100,true,Acute Care Hospitals
21097,180079,HARRISON MEMORIAL HOSPITAL,CYNTHIANA,KY,41031,(859) 234-2300,true,Acute Care Hospitals
21099,181314,CAVERNA MEMORIAL HOSPITAL,HORSE CAVE,KY,42749,(270) 786-2191,true,Critical Access Hospitals
21101,180056,DEACONESS HENDERSON HOSPITAL,HENDERSON,KY,42420,(270) 827-7700,true,Acute Care Hospitals
21107,180093,BAPTIST HEALTH DEACONESS MADISONVILLE,MADISONVILLE,KY,42431,(270) 825-5100,true,Acute Care Hospitals
21111,180040,UOFL HEALTH - JEWISH HOSPITAL and Mary & Elizabeth Hospital,LOUISVILLE,KY,40202,(502) 587-4011,true,Acute Care Hospitals
21111,18006F,LOUISVILLE VA MEDICAL CENTER,LOUISVILLE,KY,40206,(502) 287-4000,true,Acute Care - Veterans Administration
21111,180088,"NORTON HOSPITALS, INC",LOUISVILLE,KY,40202,(502) 629-8000,true,Acute Care Hospitals
21111,180130,BAPTIST HEALTH LOUISVILLE,LOUISVILLE,KY,40207,(502) 897-8100,true,Acute Care Hospitals
21111,180141,UNIVERSITY OF LOUISVILLE HOSPITAL,LOUISVILLE,KY,40202,(502) 562-3000,true,Acute Care Hospitals
21111,184008,THE BROOK HOSPITAL - KMI,LOUISVILLE,KY,40242,(502) 426-6380,true,Psychiatric
21115,180078,PAINTSVILLE ARH HOSPITAL,PAINTSVILLE,KY,41240,(606) 789-3511,true,Acute Care Hospitals
21117,180035,ST ELIZABETH EDGEWOOD,EDGEWOOD,KY,41017,(859) 301-2000,true,Acute Care Hospitals
21121,181328,KNOX COUNTY HOSPITAL,BARBOURVILLE,KY,40906,(606) 546-4175,true,Critical Access Hospitals
21125,180011,SAINT JOSEPH LONDON,LONDON,KY,40741,(606) 330-6000,true,Acute Care Hospitals
21127,180128,THREE RIVERS MEDICAL CENTER,LOUISA,KY,41230,(606) 638-9451,true,Acute Care Hospitals
21131,181316,MARY BRECKINRIDGE ARH HOSPITAL,HYDEN,KY,41749,(606) 672-2901,true,Critical Access Hospitals
21133,180002,WHITESBURG ARH HOSPITAL,WHITESBURG,KY,41858,(606) 633-3500,true,Acute Care Hospitals
21137,181315,EPHRAIM MCDOWELL FORT LOGAN HOSPITAL,STANFORD,KY,40484,(606) 365-4600,true,Critical Access Hospitals
21139,181320,"LIVINGSTON HOSPITAL AND HEALTHCARE SERVICES, INC",SALEM,KY,42078,(270) 988-2299,true,Critical Access Hospitals
21141,180066,The Medical Center at Russellville,RUSSELLVILLE,KY,42276,(270) 726-4011,true,Acute Care Hospitals
21145,180102,MERCY HEALTH - LOURDES HOSPITAL,PADUCAH,KY,42003,(270) 444-2444,true,Acute Care Hospitals
21145,180104,BAPTIST HEALTH PADUCAH,PADUCAH,KY,42003,(270) 575-2100,true,Acute Care Hospitals
21151,180049,BAPTIST HEALTH RICHMOND,RICHMOND,KY,40475,(859) 625-3114,true,Acute Care Hospitals
21151,181329,CHI SAINT JOSEPH BEREA NF,BEREA,KY,40403,(859) 986-3151,true,Critical Access Hospitals
21155,180024,SPRING VIEW HOSPITAL,LEBANON,KY,40033,(270) 692-3161,true,Acute Care Hospitals
21157,181327,MARSHALL COUNTY HOSPITAL,BENTON,KY,42025,(270) 527-4800,true,Critical Access Hospitals
21161,180019,MEADOWVIEW REGIONAL MEDICAL CENTER,MAYSVILLE,KY,41056,(606) 759-5311,true,Acute Care Hospitals
21167,181302,THE JAMES B. HAGGIN MEMORIAL HOSPITAL,HARRODSBURG,KY,40330,(859) 734-5441,true,Critical Access Hospitals
21171,180105,MONROE COUNTY MEDICAL CENTER,TOMPKINSVILLE,KY,42167,(270) 487-9231,true,Acute Care Hospitals
21173,180064,SAINT JOSEPH MOUNT STERLING,MOUNT STERLING,KY,40353,(859) 497-5018,true,Acute Care Hospitals
21175,181307,MORGAN COUNTY ARH HOSPITAL,WEST LIBERTY,KY,41472,(606) 743-3186,true,Critical Access Hospitals
21177,180004,OWENSBORO HEALTH MUHLENBERG COMMUNITY HOSPITAL,GREENVILLE,KY,42345,(270) 338-8000,true,Acute Care Hospitals
21179,180025,CHI SAINT JOSEPH FLAGET MEMORIAL HOSPITAL,BARDSTOWN,KY,40004,(502) 350-5000,true,Acute Care Hospitals
21183,181323,OHIO COUNTY HOSPITAL,HARTFORD,KY,42347,(270) 298-7411,true,Critical Access Hospitals
21185,180138,BAPTIST HEALTH LAGRANGE,LA GRANGE,KY,40031,(502) 222-5388,true,Acute Care Hospitals
21193,180029,HAZARD ARH REGIONAL MEDICAL CENTER,HAZARD,KY,41701,(606) 439-1331,true,Acute Care Hospitals
21195,180044,PIKEVILLE MEDICAL CENTER,PIKEVILLE,KY,41501,(606) 437-3500,true,Acute Care Hospitals
21195,180069,TUG VALLEY ARH REGIONAL MEDICAL CENTER,SOUTH WILLIAMSON,KY,41503,(606) 237-1700,true,Acute Care Hospitals
21199,180132,LAKE CUMBERLAND REGIONAL HOSPITAL,SOMERSET,KY,42503,(606) 679-7441,true,Acute Care Hospitals
21203,180115,"ROCKCASTLE COUNTY HOSPITAL, INC.",MOUNT VERNON,KY,40456,(606) 256-2195,true,Acute Care Hospitals
21205,180018,ST CLAIRE REGIONAL MEDICAL CENTER,MOREHEAD,KY,40351,(606) 783-6500,true,Acute Care Hospitals
21207,181330,RUSSELL COUNTY HOSPITAL,RUSSELL SPRINGS,KY,42642,(270) 866-4141,true,Critical Access Hospitals
21209,180101,GEORGETOWN COMMUNITY HOSPITAL,GEORGETOWN,KY,40324,(502) 868-1100,true,Acute Care Hospitals
21211,180016,UOFL HEALTH - SHELBYVILLE HOSPITAL,SHELBYVILLE,KY,40065,(502) 647-4000,true,Acute Care Hospitals
21213,181318,THE MEDICAL CENTER AT FRANKLIN,FRANKLIN,KY,42135,(270) 598-4800,true,Critical Access Hospitals
21217,180087,TAYLOR REGIONAL HOSPITAL,CAMPBELLSVILLE,KY,42718,(270) 465-3561,true,Acute Care Hospitals
21221,181304,TRIGG COUNTY HOSPITAL,CADIZ,KY,42211,(270) 522-3215,true,Critical Access Hospitals
21225,181306,METHODIST HOSPITAL UNION COUNTY,MORGANFIELD,KY,42437,(270) 389-5000,true,Critical Access Hospitals
21227,180013,THE MEDICAL CENTER (BOWLING GREEN),BOWLING GREEN,KY,42101,(270) 745-1000,true,Acute Care Hospitals
21227,180124,TRISTAR GREENVIEW REGIONAL HOSPITAL,BOWLING GREEN,KY,42104,(270) 793-1000,true,Acute Care Hospitals
21231,181321,WAYNE COUNTY HOSPITAL,MONTICELLO,KY,42633,(606) 348-9343,true,Critical Access Hospitals
21235,180080,BAPTIST HEALTH CORBIN,CORBIN,KY,40701,(606) 528-1212,true,Acute Care Hospitals
21239,181308,BLUEGRASS COMMUNITY HOSPITAL,VERSAILLES,KY,40383,(859) 879-2300,true,Critical Access Hospitals
22001,190044,ACADIA GENERAL HOSPITAL,CROWLEY,LA,70526,(337) 783-3222,true,Acute Care Hospitals
22001,191319,ACADIA ST LANDRY,CHURCH POINT,LA,70525,(337) 684-5435,true,Critical Access Hospitals
22003,190106,OAKDALE COMMUNITY HOSPITAL,OAKDALE,LA,71463,(318) 335-3700,true,Acute Care Hospitals
22003,190133,ALLEN PARISH HOSPITAL,KINDER,LA,70648,(337) 738-9489,true,Acute Care Hospitals
22005,191308,PREVOST MEMORIAL HOSPITAL,DONALDSONVILLE,LA,70346,(225) 473-7931,true,Critical Access Hospitals
22007,190779,ASSUMPTION COMMUNITY HOSPITAL,NAPOLEONVILLE,LA,70390,(985) 369-3600,true,Rural Emergency Hospital
22009,190099,AVOYELLES HOSPITAL,MARKSVILLE,LA,71351,(318) 253-8611,true,Acute Care Hospitals
22009,191311,BUNKIE GENERAL HOSPITAL,BUNKIE,LA,71322,(318) 346-6681,true,Critical Access Hospitals
22011,190050,BEAUREGARD MEMORIAL HOSPITAL,DERIDDER,LA,70634,(337) 462-7100,true,Acute Care Hospitals
22013,191320,BIENVILLE MEDICAL CENTER,ARCADIA,LA,71001,(318) 263-4700,true,Critical Access Hospitals
22017,190041,CHRISTUS SHREVEPORT-BOSSIER HEALTH SYSTEM,SHREVEPORT,LA,71105,(318) 681-5000,true,Acute Care Hospitals
22017,190098,OCHSNER LSU HEALTH SHREVEPORT,SHREVEPORT,LA,71130,(318) 675-5058,true,Acute Care Hospitals
22017,190111,WILLIS KNIGHTON MEDICAL CENTER,SHREVEPORT,LA,71103,(318) 212-4000,true,Acute Care Hospitals
22017,19048F,OVERTON BROOKS VA MEDICAL CENTER (SHREVEPORT),SHREVEPORT,LA,71101,(318) 424-6037,true,Acute Care - Veterans Administration
22017,191304,NORTH CADDO MEDICAL CENTER,VIVIAN,LA,71082,(318) 375-3235,true,Critical Access Hospitals
22019,190013,WEST CALCASIEU CAMERON HOSPITAL,SULPHUR,LA,70663,(337) 527-4240,true,Acute Care Hospitals
22019,190027,CHRISTUS OCHSNER ST PATRICK HOSPITAL,LAKE CHARLES,LA,70601,(337) 436-2511,true,Acute Care Hospitals
22019,190060,LAKE CHARLES MEMORIAL HOSPITAL,LAKE CHARLES,LA,70601,(337) 494-3000,true,Acute Care Hospitals
22019,190201,CHRISTUS OCHSNER LAKE AREA HOSPITAL,LAKE CHARLES,LA,70605,(337) 474-6370,true,Acute Care Hospitals
22019,191307,DEQUINCY MEMORIAL HOSPITAL,DEQUINCY,LA,70633,(337) 786-1200,true,Critical Access Hospitals
22021,190184,CITIZENS MEDICAL CENTER,COLUMBIA,LA,71418,(318) 649-6106,true,Acute Care Hospitals
22027,190114,CLAIBORNE MEMORIAL MEDICAL CENTER,HOMER,LA,71040,(318) 927-2024,true,Acute Care Hospitals
22029,191318,RIVERLAND MEDICAL CENTER,FERRIDAY,LA,71334,(318) 757-6551,true,Critical Access Hospitals
22031,190118,DESOTO REGIONAL HEALTH SYSTEM,MANSFIELD,LA,71052,(318) 872-4610,true,Acute Care Hospitals
22033,190020,LANE REGIONAL MEDICAL CENTER,ZACHARY,LA,70791,(225) 658-4000,true,Acute Care Hospitals
22033,190064,OUR LADY OF THE LAKE REGIONAL MEDICAL CENTER,BATON ROUGE,LA,70808,(225) 765-6565,true,Acute Care Hospitals
22033,190065,BATON ROUGE GENERAL MEDICAL CENTER,BATON ROUGE,LA,70809,(225) 387-7767,true,Acute Care Hospitals
22033,190128,WOMANS HOSPITAL,BATON ROUGE,LA,70817,(225) 927-1300,true,Acute Care Hospitals
22033,190202,OCHSNER MEDICAL CENTER - BATON ROUGE,BATON ROUGE,LA,70816,(225) 752-2470,true,Acute Care Hospitals
22033,190316,THE GENERAL,BATON ROUGE,LA,70806,(225) 381-6393,true,Acute Care Hospitals
22035,190208,EAST CARROLL PARISH HOSPITAL,LAKE PROVIDENCE,LA,71254,(318) 559-4023,true,Acute Care Hospitals
22039,190025,SAVOY MEDICAL CENTER,MAMOU,LA,70554,(337) 468-5261,true,Acute Care Hospitals
22039,190167,MERCY REGIONAL MEDICAL CENTER,VILLE PLATTE,LA,70586,(337) 363-5684,true,Acute Care Hospitals
22041,190140,FRANKLIN MEDICAL CENTER,WINNSBORO,LA,71295,(318) 435-9411,true,Acute Care Hospitals
22045,190054,IBERIA MEDICAL CENTER,NEW IBERIA,LA,70560,(337) 364-0441,true,Acute Care Hospitals
22049,191317,JACKSON PARISH HOSPITAL,JONESBORO,LA,71251,(318) 259-4435,true,Critical Access Hospitals
22051,190036,OCHSNER MEDICAL CENTER ACUTE,NEW ORLEANS,LA,70121,(504) 842-3000,true,Acute Care Hospitals
22051,190039,WEST JEFFERSON MEDICAL CENTER,MARRERO,LA,70072,(504) 347-5511,true,Acute Care Hospitals
22051,190176,EAST JEFFERSON GENERAL HOSPITAL,METAIRIE,LA,70006,(504) 988-5263,true,Acute Care Hospitals
22051,190274,OCHSNER MEDICAL CENTER-KENNER,KENNER,LA,70065,(504) 464-8065,true,Acute Care Hospitals
22053,190053,OCHSNER AMERICAN LEGION HOSPITAL,JENNINGS,LA,70546,(337) 616-7000,true,Acute Care Hospitals
22055,190002,OCHSNER LAFAYETTE GENERAL MEDICAL CENTER,LAFAYETTE,LA,70503,(337) 289-7991,true,Acute Care Hospitals
22055,190006,OCHSNER UNIVERSITY HOSPITAL AND CLINICS,LAFAYETTE,LA,70506,(337) 261-6000,true,Acute Care Hospitals
22055,190102,"OUR LADY OF LOURDES REGIONAL MEDICAL CENTER, INC",LAFAYETTE,LA,70508,(337) 470-2000,true,Acute Care Hospitals
22057,190004,THIBODAUX REGIONAL MEDICAL CENTER,THIBODAUX,LA,70301,(985) 447-5500,true,Acute Care Hospitals
22057,191324,OCHSNER ST ANNE GENERAL HOSPITAL,RACELAND,LA,70394,(985) 537-6841,true,Critical Access Hospitals
22057,191325,LADY OF THE SEA GENERAL HOSPITAL,CUT OFF,LA,70345,(985) 632-6401,true,Critical Access Hospitals
22059,191315,HARDTNER MEDICAL CENTER,OLLA,LA,71465,(318) 495-3131,true,Critical Access Hospitals
22061,190086,NORTHERN LOUISIANA MEDICAL CENTER,RUSTON,LA,71270,(318) 254-2100,true,Acute Care Hospitals
22065,191314,MADISON PARISH HOSPITAL,TALLULAH,LA,71282,(318) 574-2374,true,Critical Access Hospitals
22067,190116,MOREHOUSE GENERAL HOSPITAL,BASTROP,LA,71220,(318) 283-3600,true,Acute Care Hospitals
22067,194083,FREEDOM BEHAVIORAL HOSPITAL OF BASTROP,BASTROP,LA,71220,(318) 281-2448,true,Psychiatric
22069,190007,NATCHITOCHES REGIONAL MEDICAL CENTER,NATCHITOCHES,LA,71457,(318) 214-4200,true,Acute Care Hospitals
22071,190005,UNIVERSITY MEDICAL CENTER NEW ORLEANS,NEW ORLEANS,LA,70112,(504) 702-3000,true,Acute Care Hospitals
22071,190046,TOURO INFIRMARY,NEW ORLEANS,LA,70115,(504) 897-8247,true,Acute Care Hospitals
22071,190313,NEW ORLEANS EAST HOSPITAL,NEW ORLEANS,LA,70127,(504) 592-6600,true,Acute Care Hospitals
22071,19047F,SOUTHEAST LOUISIANA VETERANS HEALTH CARE SYSTEM,NEW ORLEANS,LA,70119,(800) 935-8387,true,Acute Care - Veterans Administration
22071,193300,CHILDRENS HOSPITAL,NEW ORLEANS,LA,70118,(504) 899-9511,true,Childrens
22073,190011,OCHSNER LSU HEALTH MONROE,MONROE,LA,71202,(318) 388-7000,true,Acute Care Hospitals
22073,190125,FMOL HEALTH ST FRANCIS,MONROE,LA,71201,(318) 966-4000,true,Acute Care Hospitals
22073,190160,GLENWOOD REGIONAL MEDICAL CENTER,WEST MONROE,LA,71291,(318) 329-4600,true,Acute Care Hospitals
22077,191316,POINTE COUPEE GENERAL HOSPITAL,NEW ROADS,LA,70760,(225) 638-6331,true,Critical Access Hospitals
22079,190019,CHRISTUS ST FRANCES CABRINI HOSPITAL,ALEXANDRIA,LA,71301,(318) 487-1122,true,Acute Care Hospitals
22079,190026,RAPIDES REGIONAL MEDICAL CENTER,ALEXANDRIA,LA,71301,(318) 769-3000,true,Acute Care Hospitals
22079,190319,ALEXANDRIA HOSPITAL,ALEXANDRIA,LA,71303,(318) 386-8110,true,Acute Care Hospitals
22081,191312,CHRISTUS COUSHATTA HEALTH CARE CENTER,COUSHATTA,LA,71019,(318) 932-2000,true,Critical Access Hospitals
22083,190151,RICHARDSON MEDICAL CENTER,RAYVILLE,LA,71269,(318) 728-8292,true,Acute Care Hospitals
22083,191323,RICHLAND PARISH HOSPITAL-DELHI,DELHI,LA,71232,(318) 878-5171,true,Critical Access Hospitals
22085,190218,SABINE MEDICAL CENTER,MANY,LA,71449,(318) 256-1232,true,Acute Care Hospitals
22087,190308,ST BERNARD PARISH HOSPITAL,CHALMETTE,LA,70043,(504) 826-9500,true,Acute Care Hospitals
22089,190079,ST CHARLES PARISH HOSPITAL,LULING,LA,70070,(985) 785-3644,true,Acute Care Hospitals
22091,191300,ST HELENA PARISH HOSPITAL,GREENSBURG,LA,70441,(225) 222-6111,true,Critical Access Hospitals
22093,191305,ST JAMES PARISH HOSPITAL,LUTCHER,LA,70071,(225) 869-5512,true,Critical Access Hospitals
22097,190017,OPELOUSAS GENERAL HEALTH SYSTEM,OPELOUSAS,LA,70570,(337) 948-3011,true,Acute Care Hospitals
22097,190318,ACADIAN MEDICAL CENTER,EUNICE,LA,70535,(337) 580-7903,true,Acute Care Hospitals
22099,191302,OCHSNER ST MARTIN HOSPITAL,BREAUX BRIDGE,LA,70517,(337) 332-2178,true,Critical Access Hospitals
22101,190014,OCHSNER ST MARY,MORGAN CITY,LA,70380,(985) 384-2200,true,Acute Care Hospitals
22101,191310,BAYOU BEND HEALTH SYSTEM,FRANKLIN,LA,70538,(337) 828-0760,true,Critical Access Hospitals
22103,190040,SLIDELL MEMORIAL HOSPITAL,SLIDELL,LA,70458,(985) 643-2200,true,Acute Care Hospitals
22103,190045,ST TAMMANY PARISH HOSPITAL,COVINGTON,LA,70433,(985) 898-4000,true,Acute Care Hospitals
22105,190015,NORTH OAKS MEDICAL CENTER,HAMMOND,LA,70403,(985) 345-2700,true,Acute Care Hospitals
22105,191309,HOOD MEMORIAL HOSPITAL,AMITE,LA,70422,(985) 748-9485,true,Critical Access Hospitals
22105,191321,LALLIE KEMP MEDICAL CENTER,INDEPENDENCE,LA,70443,(985) 878-1333,true,Critical Access Hospitals
22109,190008,TERREBONNE GENERAL MEDICAL CENTER - PARISH,HOUMA,LA,70360,(985) 873-4141,true,Acute Care Hospitals
22109,190183,LEONARD J CHABERT MEDICAL CENTER,HOUMA,LA,70363,(985) 873-2200,true,Acute Care Hospitals
22111,191301,UNION GENERAL HOSPITAL,FARMERVILLE,LA,71241,(318) 368-9751,true,Critical Access Hospitals
22111,191326,REEVES MEMORIAL MEDICAL CENTER,BERNICE,LA,71222,(318) 285-9066,true,Critical Access Hospitals
22113,190034,ABBEVILLE GENERAL HOSPITAL,ABBEVILLE,LA,70510,(337) 893-5466,true,Acute Care Hospitals
22113,191322,ABROM KAPLAN MEMORIAL HOSPITAL,KAPLAN,LA,70548,(337) 643-8300,true,Critical Access Hospitals
22115,190164,BYRD REGIONAL HOSPITAL,LEESVILLE,LA,71446,(337) 239-9041,true,Acute Care Hospitals
22115,19050F,Bayne-Jones ACH (Ft Johnson),Fort Johnson,LA,71459,(337) 531-3118,true,Acute Care - Department of Defense
22117,190312,OUR LADY OF THE ANGELS HOSPITAL,BOGALUSA,LA,70427,(985) 730-6700,true,Acute Care Hospitals
22117,191313,RIVERSIDE MEDICAL CENTER,FRANKLINTON,LA,70438,(985) 795-4431,true,Critical Access Hospitals
22119,190088,SPRINGHILL MEDICAL CENTER,SPRINGHILL,LA,71075,(318) 539-1000,true,Acute Care Hospitals
22119,190144,MINDEN MEDICAL CENTER,MINDEN,LA,71055,(318) 377-2321,true,Acute Care Hospitals
22123,191327,WEST CARROLL MEMORIAL HOSPITAL,OAK GROVE,LA,71263,(318) 428-3237,true,Critical Access Hospitals
22125,191306,WEST FELICIANA PARISH HOSPITAL,SAINT FRANCISVILLE,LA,70775,(225) 635-3811,true,Critical Access Hospitals
22127,190090,WINN PARISH MEDICAL CENTER,WINNFIELD,LA,71483,(318) 648-3000,true,Acute Care Hospitals
23001,200024,CENTRAL MAINE MEDICAL CENTER,LEWISTON,ME,04240,(207) 795-0111,true,Acute Care Hospitals
23001,200034,ST MARY'S REGIONAL MEDICAL CENTER,LEWISTON,ME,04243,(207) 777-8100,true,Acute Care Hospitals
23003,200018,NORTHERN LIGHT  A R GOULD HOSPITAL,PRESQUE ISLE,ME,04769,(207) 768-4000,true,Acute Care Hospitals
23003,200031,CARY MEDICAL CENTER,CARIBOU,ME,04736,(207) 498-3111,true,Acute Care Hospitals
23003,201308,HOULTON REGIONAL HOSPITAL,HOULTON,ME,04730,(207) 532-2900,true,Critical Access Hospitals
23003,201317,NORTHERN MAINE MEDICAL CENTER,FORT KENT,ME,04743,(207) 834-3195,true,Critical Access Hospitals
23005,200008,NORTHERN LIGHT MERCY HOSPITAL,PORTLAND,ME,04101,(207) 879-3000,true,Acute Care Hospitals
23005,200009,MAINEHEALTH MAINE MEDICAL CENTER,PORTLAND,ME,04102,(207) 662-0111,true,Acute Care Hospitals
23005,200021,MAINEHEALTH MID COAST HOSPITAL,BRUNSWICK,ME,04011,(207) 729-0181,true,Acute Care Hospitals
23005,201310,BRIDGTON HOSPITAL,BRIDGTON,ME,04009,(207) 647-6000,true,Critical Access Hospitals
23005,204005,MAINEHEALTH BEHAVIORAL HEALTH AT SPRING HARBOR,WESTBROOK,ME,04092,(207) 761-2200,true,Psychiatric
23007,201316,MAINEHEALTH FRANKLIN HOSPITAL,FARMINGTON,ME,04938,(207) 778-6031,true,Critical Access Hospitals
23009,200050,NORTHERN LIGHT MAINE COAST HOSPITAL,ELLSWORTH,ME,04605,(207) 667-5311,true,Acute Care Hospitals
23009,201300,NORTHERN LIGHT BLUE HILL MEMORIAL HOSPITAL,BLUE HILL,ME,04614,(207) 374-2836,true,Critical Access Hospitals
23009,201304,MOUNT DESERT ISLAND HOSPITAL,BAR HARBOR,ME,04609,(207) 288-5081,true,Critical Access Hospitals
23011,200039,MAINE GENERAL MEDICAL CENTER,AUGUSTA,ME,04330,(207) 626-1000,true,Acute Care Hospitals
23011,20003F,TOGUS VA MEDICAL CENTER,AUGUSTA,ME,04330,(207) 623-8411,true,Acute Care - Veterans Administration
23013,200063,MAINEHEALTH PEN BAY HOSPITAL,ROCKPORT,ME,04856,(207) 921-8000,true,Acute Care Hospitals
23015,201302,LINCOLNHEALTH,DAMARISCOTTA,ME,04543,(207) 563-1234,true,Critical Access Hospitals
23017,201306,RUMFORD  HOSPITAL,RUMFORD,ME,04276,(207) 369-1000,true,Critical Access Hospitals
23017,201315,MAINEHEALTH STEPHENS HOSPITAL,NORWAY,ME,04268,(207) 743-5933,true,Critical Access Hospitals
23019,200001,ST JOSEPH HOSPITAL,BANGOR,ME,04401,(207) 262-1000,true,Acute Care Hospitals
23019,200033,NORTHERN LIGHT EASTERN MAINE MEDICAL CENTER,BANGOR,ME,04401,(207) 973-7000,true,Acute Care Hospitals
23019,201303,PENOBSCOT VALLEY HOSPITAL,LINCOLN,ME,04457,(207) 794-3321,true,Critical Access Hospitals
23019,201307,MILLINOCKET REGIONAL HOSPITAL,MILLINOCKET,ME,04462,(207) 723-5161,true,Critical Access Hospitals
23021,201309,NORTHERN LIGHT MAYO HOSPITAL,DOVER FOXCROFT,ME,04426,(207) 564-4251,true,Critical Access Hospitals
23025,201313,NORTHERN LIGHT SEBASTICOOK VALLEY HOSPITAL,PITTSFIELD,ME,04967,(207) 487-5141,true,Critical Access Hospitals
23025,201314,REDINGTON FAIRVIEW GENERAL HOSPITAL,SKOWHEGAN,ME,04976,(207) 474-5121,true,Critical Access Hospitals
23027,201312,MAINEHEALTH WALDO HOSPITAL,BELFAST,ME,04915,(207) 338-2500,true,Critical Access Hospitals
23029,201305,CALAIS COMMUNITY HOSPITAL,CALAIS,ME,04619,(207) 454-7521,true,Critical Access Hospitals
23029,201311,DOWN EAST COMMUNITY HOSPITAL,MACHIAS,ME,04654,(207) 255-3356,true,Critical Access Hospitals
23031,200020,YORK HOSPITAL,YORK,ME,03909,(207) 351-2478,true,Acute Care Hospitals
24001,210027,WESTERN MARYLAND REGIONAL MEDICAL CENTER,CUMBERLAND,MD,21502,(240) 964-7000,true,Acute Care Hospitals
24003,210023,"LUMINIS HEALTH ANNE ARUNDEL MEDICAL CENTER, INC",ANNAPOLIS,MD,21401,(443) 481-1000,true,Acute Care Hospitals
24003,210043,UNIVERSITY OF MD BALTIMORE WASHINGTON MEDICAL CENTER,GLEN BURNIE,MD,21061,(410) 595-1967,true,Acute Care Hospitals
24003,214020,LUMINIS HEALTH J KENT MCNEW FAMILY MEDICAL CENTER,ANNAPOLIS,MD,21401,(443) 481-1000,true,Psychiatric
24009,210039,CALVERTHEALTH MEDICAL CENTER,PRINCE FREDERICK,MD,20678,(410) 535-8240,true,Acute Care Hospitals
24013,210033,CARROLL HOSPITAL CENTER,WESTMINSTER,MD,21157,(410) 848-3000,true,Acute Care Hospitals
24017,210035,UNIVERSITY OF MD CHARLES REGIONAL  MEDICAL CENTER,LA PLATA,MD,20646,(301) 609-4265,true,Acute Care Hospitals
24021,210005,FREDERICK HEALTH HOSPITAL,FREDERICK,MD,21701,(240) 566-3300,true,Acute Care Hospitals
24023,210017,GARRETT REGIONAL MEDICAL CENTER,OAKLAND,MD,21550,(301) 533-4173,true,Acute Care Hospitals
24025,210049,UMD UPPER CHESAPEAKE MEDICAL CENTER,BEL AIR,MD,21014,(443) 643-3303,true,Acute Care Hospitals
24025,214022,UM UPPER CHESAPEAKE BEHAVIORAL HEALTH PAVILION AT,ABERDEEN,MD,21001,(443) 843-5000,true,Psychiatric
24027,210048,JOHNS HOPKINS HOWARD COUNTY MEDICAL CENTER,COLUMBIA,MD,21044,(410) 740-7890,true,Acute Care Hospitals
24029,210030,UNIVERSITY OF MD SHORE MEDICAL CTR AT CHESTERTOWN,CHESTERTOWN,MD,21620,(410) 778-7668,true,Acute Care Hospitals
24031,210016,ADVENTIST HEALTHCARE WHITE OAK MEDICAL CENTER,SILVER SPRING,MD,20904,(240) 637-4000,true,Acute Care Hospitals
24031,210018,MEDSTAR MONTGOMERY MEDICAL CENTER,OLNEY,MD,20832,(301) 774-8882,true,Acute Care Hospitals
24031,210022,SUBURBAN HOSPITAL,BETHESDA,MD,20814,(301) 896-2576,true,Acute Care Hospitals
24031,210057,ADVENTIST HEALTHCARE SHADY GROVE MEDICAL CENTER,ROCKVILLE,MD,20850,(240) 826-6517,true,Acute Care Hospitals
24031,210065,HOLY CROSS GERMANTOWN HOSPITAL,GERMANTOWN,MD,20876,(301) 557-6020,true,Acute Care Hospitals
24031,21007F,Walter Reed National Military Med Cen,Bethesda,MD,20814,(301) 295-4000,true,Acute Care - Department of Defense
24033,210003,UNIVERSITY OF MD CAPITAL REGION MEDICAL CENTER,UPPER MARLBORO,MD,20774,(301) 618-2000,true,Acute Care Hospitals
24033,210051,"LUMINIS HEALTH DOCTORS COMMUNITY MEDICAL CTR, INC",LANHAM,MD,20706,(301) 552-8118,true,Acute Care Hospitals
24033,210060,ADVENTIST HEALTHCARE FORT WASHINGTON MEDICAL CTR,FORT WASHINGTON,MD,20744,(301) 292-7000,true,Acute Care Hospitals
24033,210062,MEDSTAR SOUTHERN MARYLAND HOSPITAL CENTER,CLINTON,MD,20735,(301) 868-8000,true,Acute Care Hospitals
24037,210028,MEDSTAR SAINT MARY'S HOSPITAL,LEONARDTOWN,MD,20650,(301) 475-6001,true,Acute Care Hospitals
24041,210037,UNIVERSITY OF MD SHORE MEDICAL CENTER AT EASTON,EASTON,MD,21601,(410) 822-1000,true,Acute Care Hospitals
24043,210001,MERITUS MEDICAL CENTER,HAGERSTOWN,MD,21742,(240) 313-9500,true,Acute Care Hospitals
24045,210019,"TIDALHEALTH PENINSULA REGIONAL, INC",SALISBURY,MD,21801,(410) 546-6400,true,Acute Care Hospitals
24047,210061,ATLANTIC GENERAL HOSPITAL,BERLIN,MD,21811,(410) 641-1100,true,Acute Care Hospitals
24510,210002,UNIVERSITY OF MARYLAND MEDICAL CENTER,BALTIMORE,MD,21201,(410) 328-8667,true,Acute Care Hospitals
24510,210008,MERCY MEDICAL CENTER INC,BALTIMORE,MD,21202,(410) 332-9237,true,Acute Care Hospitals
24510,210009,"JOHNS HOPKINS HOSPITAL, THE",BALTIMORE,MD,21287,(410) 955-9540,true,Acute Care Hospitals
24510,210011,SAINT AGNES HOSPITAL,BALTIMORE,MD,21229,(410) 368-6000,true,Acute Care Hospitals
24510,210012,SINAI HOSPITAL OF BALTIMORE,BALTIMORE,MD,21215,(410) 601-9000,true,Acute Care Hospitals
24510,210015,MEDSTAR FRANKLIN SQUARE MEDICAL CENTER,ROSEDALE,MD,21237,(443) 777-7850,true,Acute Care Hospitals
24510,210024,MEDSTAR UNION MEMORIAL HOSPITAL,BALTIMORE,MD,21218,(410) 554-2227,true,Acute Care Hospitals
24510,210029,JOHNS HOPKINS BAYVIEW MEDICAL CENTER,BALTIMORE,MD,21224,(410) 550-0123,true,Acute Care Hospitals
24510,210038,UNIVERSITY OF MD MEDICAL CENTER MIDTOWN CAMPUS,BALTIMORE,MD,21201,(410) 225-8996,true,Acute Care Hospitals
24510,210040,NORTHWEST HOSPITAL CENTER,RANDALLSTOWN,MD,21133,(410) 521-2200,true,Acute Care Hospitals
24510,210044,GREATER BALTIMORE MEDICAL CENTER,BALTIMORE,MD,21204,(443) 849-2000,true,Acute Care Hospitals
24510,210056,MEDSTAR GOOD SAMARITAN HOSPITAL,BALTIMORE,MD,21239,(443) 444-3902,true,Acute Care Hospitals
24510,210063,UNIVERSITY OF MD ST JOSEPH MEDICAL CENTER,TOWSON,MD,21204,(410) 337-1000,true,Acute Care Hospitals
24510,21020F,VA MARYLAND HEALTHCARE SYSTEM - BALTIMORE,BALTIMORE,MD,21201,(410) 605-7016,true,Acute Care - Veterans Administration
24510,213301,KENNEDY KRIEGER INSTITUTE,BALTIMORE,MD,21205,(443) 923-9301,true,Childrens
25001,220012,CAPE COD HOSPITAL,HYANNIS,MA,02601,(508) 771-1800,true,Acute Care Hospitals
25001,220135,FALMOUTH HOSPITAL,FALMOUTH,MA,02540,(508) 548-5300,true,Acute Care Hospitals
25003,220046,BERKSHIRE MEDICAL CENTER,PITTSFIELD,MA,01201,(413) 447-2000,true,Acute Care Hospitals
25003,221302,FAIRVIEW HOSPITAL,GREAT BARRINGTON,MA,01230,(413) 528-0790,true,Critical Access Hospitals
25003,221304,NORTH ADAMS REGIONAL HOSPITAL CORPORATION,NORTH ADAMS,MA,01247,(413) 664-5000,true,Critical Access Hospitals
25005,220008,STURDY MEMORIAL HOSPITAL,ATTLEBORO,MA,02703,(508) 222-5200,true,Acute Care Hospitals
25005,220020,SAINT ANNE'S HOSPITAL,FALL RIVER,MA,02721,(508) 674-5600,true,Acute Care Hospitals
25005,220073,BROWN UNIVERSITY HEALTH MORTON HOSPITAL,TAUNTON,MA,02780,(508) 828-7000,true,Acute Care Hospitals
25005,220074,SOUTHCOAST HOSPITALS GROUP,FALL RIVER,MA,02720,(508) 679-3131,true,Acute Care Hospitals
25007,221300,MARTHA'S VINEYARD HOSPITAL INC,OAK BLUFFS,MA,02557,(508) 693-0410,true,Critical Access Hospitals
25009,220010,MERRIMACK HEALTH LAWRENCE HOSPITAL,LAWRENCE,MA,01841,(978) 683-4000,true,Acute Care Hospitals
25009,220029,ANNA JAQUES HOSPITAL,NEWBURYPORT,MA,01950,(978) 463-1000,true,Acute Care Hospitals
25009,220033,NORTHEAST HOSPITAL CORPORATION,BEVERLY,MA,01915,(978) 922-3000,true,Acute Care Hospitals
25009,220035,NORTH SHORE MEDICAL CENTER -,SALEM,MA,01970,(978) 741-1215,true,Acute Care Hospitals
25009,220080,HOLY FAMILY HOSPITAL,METHUEN,MA,01844,(978) 687-0156,true,Acute Care Hospitals
25011,220016,BAYSTATE FRANKLIN MEDICAL CENTER,GREENFIELD,MA,01301,(413) 773-0211,true,Acute Care Hospitals
25013,220024,HOLYOKE MEDICAL CENTER,HOLYOKE,MA,01040,(413) 534-2500,true,Acute Care Hospitals
25013,220030,BAYSTATE WING HOSPITAL,PALMER,MA,01069,(413) 283-7651,true,Acute Care Hospitals
25013,220065,BAYSTATE NOBLE HOSPITAL,WESTFIELD,MA,01086,(413) 568-2811,true,Acute Care Hospitals
25013,220066,MERCY MEDICAL CTR,SPRINGFIELD,MA,01104,(413) 748-9000,true,Acute Care Hospitals
25013,220077,BAYSTATE MEDICAL CENTER,SPRINGFIELD,MA,01199,(413) 794-5516,true,Acute Care Hospitals
25015,220015,"COOLEY DICKINSON HOSPITAL INC,THE",NORTHAMPTON,MA,01061,(413) 582-2000,true,Acute Care Hospitals
25017,220002,MOUNT AUBURN HOSPITAL,CAMBRIDGE,MA,02138,(617) 492-3500,true,Acute Care Hospitals
25017,220011,CAMBRIDGE HEALTH ALLIANCE,CAMBRIDGE,MA,02139,(617) 665-1000,true,Acute Care Hospitals
25017,220049,MARLBOROUGH HOSPITAL,MARLBOROUGH,MA,01752,(508) 481-5000,true,Acute Care Hospitals
25017,220063,LOWELL GENERAL HOSPITAL,LOWELL,MA,01854,(978) 937-6000,true,Acute Care Hospitals
25017,220070,MELROSEWAKEFIELD HEALTHCARE,MELROSE,MA,02176,(781) 979-3000,true,Acute Care Hospitals
25017,220084,EMERSON HOSPITAL -,W CONCORD,MA,01742,(978) 369-1400,true,Acute Care Hospitals
25017,220098,NASHOBA VALLEY MEDICAL CENTER,AYER,MA,01432,(978) 784-9000,true,Acute Care Hospitals
25017,220101,NEWTON-WELLESLEY HOSPITAL,NEWTON,MA,02462,(617) 243-6000,true,Acute Care Hospitals
25017,220105,WINCHESTER HOSPITAL,WINCHESTER,MA,01890,(781) 729-9000,true,Acute Care Hospitals
25017,220171,"LAHEY HOSPITAL & MEDICAL CENTER, BURLINGTON",BURLINGTON,MA,01803,(781) 744-5100,true,Acute Care Hospitals
25017,220175,METROWEST MEDICAL CENTER,FRAMINGHAM,MA,01701,(508) 383-1000,true,Acute Care Hospitals
25019,220177,NANTUCKET COTTAGE HOSPITAL,NANTUCKET,MA,02554,(508) 228-1200,true,Acute Care Hospitals
25021,220083,BETH ISRAEL DEACONESS HOSPITAL - NEEDHAM,NEEDHAM,MA,02494,(781) 453-3002,true,Acute Care Hospitals
25021,220100,SOUTH SHORE HOSPITAL,SOUTH WEYMOUTH,MA,02190,(781) 340-8000,true,Acute Care Hospitals
25021,220108,BETH ISRAEL DEACONESS HOSPITAL - MILTON,MILTON,MA,02186,(617) 696-4600,true,Acute Care Hospitals
25021,220126,NORWOOD HOSPITAL,NORWOOD,MA,02062,(781) 769-4000,true,Acute Care Hospitals
25021,224023,WESTWOOD PEMBROKE HEALTH SYSTEMS,WESTWOOD,MA,02090,(617) 762-7764,true,Psychiatric
25023,220052,SIGNATURE HEALTHCARE BROCKTON HOSPITAL,BROCKTON,MA,02302,(508) 941-7000,true,Acute Care Hospitals
25023,220060,BETH ISRAEL DEACONESS HOSPITAL PLYMOUTH,PLYMOUTH,MA,02360,(508) 746-2000,true,Acute Care Hospitals
25023,220111,GOOD SAMARITAN MEDICAL CENTER,BROCKTON,MA,02301,(508) 427-3000,true,Acute Care Hospitals
25025,220017,CARNEY HOSPITAL,BOSTON,MA,02124,(617) 506-2000,true,Acute Care Hospitals
25025,220031,BOSTON MEDICAL CENTER,BOSTON,MA,02118,(617) 638-8000,true,Acute Care Hospitals
25025,220036,BOSTON MEDICAL CENTER-BRIGHTON,BRIGHTON,MA,02135,(617) 789-3000,true,Acute Care Hospitals
25025,220071,MASSACHUSETTS GENERAL HOSPITAL,BOSTON,MA,02114,(617) 726-2000,true,Acute Care Hospitals
25025,220075,MASSACHUSETTS EYE AND EAR INFIRMARY -,BOSTON,MA,02114,(617) 523-7900,true,Acute Care Hospitals
25025,220086,BETH ISRAEL DEACONESS MEDICAL CENTER,BOSTON,MA,02215,(617) 667-7000,true,Acute Care Hospitals
25025,22010F,VA BOSTON HEALTHCARE SYSTEM - JAMAICA PLAIN,JAMAICA PLAIN,MA,02130,(617) 232-9500,true,Acute Care - Veterans Administration
25025,220110,BRIGHAM AND WOMEN'S HOSPITAL,BOSTON,MA,02115,(617) 732-5500,true,Acute Care Hospitals
25025,220116,TUFTS MEDICAL CENTER,BOSTON,MA,02111,(617) 636-5000,true,Acute Care Hospitals
25025,220119,BRIGHAM AND WOMEN FAULKNER HOSPITAL,JAMAICA PLAIN,MA,02130,(617) 983-7000,true,Acute Care Hospitals
25025,223302,BOSTON CHILDREN'S HOSPITAL,BOSTON,MA,02115,(617) 735-6000,true,Childrens
25027,220001,UMASS MEMORIAL HEALTHALLIANCE HOSPITALS,LEOMINSTER,MA,01453,(978) 466-2000,true,Acute Care Hospitals
25027,220019,UMASS MEMORIAL HEALTH - HARRINGTON HOSPITAL,SOUTHBRIDGE,MA,01550,(508) 765-9771,true,Acute Care Hospitals
25027,220090,MILFORD REGIONAL MEDICAL CENTER,MILFORD,MA,01757,(508) 473-1190,true,Acute Care Hospitals
25027,220095,HEYWOOD HOSPITAL -,GARDNER,MA,01440,(978) 632-3420,true,Acute Care Hospitals
25027,220163,UMASS MEMORIAL MEDICAL CENTER/UNIVERSITY CAMPUS,WORCESTER,MA,01655,(508) 334-1000,true,Acute Care Hospitals
25027,220176,ST VINCENT HOSPITAL,WORCESTER,MA,01608,(508) 363-5000,true,Acute Care Hospitals
25027,221303,ATHOL MEMORIAL HOSPITAL,ATHOL,MA,01331,(978) 249-3511,true,Critical Access Hospitals
26003,231308,MUNISING MEMORIAL HOSPITAL,MUNISING,MI,49862,(906) 387-4110,true,Critical Access Hospitals
26005,231328,BEACON ALLEGAN,ALLEGAN,MI,49010,(269) 686-4101,true,Critical Access Hospitals
26007,230036,MYMICHIGAN MEDICAL CENTER ALPENA,ALPENA,MI,49707,(989) 356-7390,true,Acute Care Hospitals
26011,231305,SAINT MARY'S STANDISH COMMUNITY HOSPITAL,STANDISH,MI,48658,(989) 846-3400,true,Critical Access Hospitals
26013,231307,BARAGA COUNTY MEMORIAL HOSPITAL,L' ANSE,MI,49946,(906) 524-3300,true,Critical Access Hospitals
26015,231339,COREWELL HEALTH PENNOCK HOSPITAL,HASTINGS,MI,49058,(269) 945-3451,true,Critical Access Hospitals
26017,230041,MCLAREN BAY REGION,BAY CITY,MI,48708,(989) 894-9510,true,Acute Care Hospitals
26019,231300,PAUL OLIVER MEMORIAL HOSPITAL,FRANKFORT,MI,49635,(231) 352-2200,true,Critical Access Hospitals
26021,230021,"LAKELAND HOSPITAL, ST JOSEPH",ST JOSEPH,MI,49085,(269) 983-8300,true,Acute Care Hospitals
26021,230078,COREWELL HEALTH WATERVLIET HOSPITAL,WATERVLIET,MI,49098,(269) 463-3111,true,Acute Care Hospitals
26023,230022,INSIGHT HOSPITAL AND MEDICAL CENTER COLDWATER,COLDWATER,MI,49036,(517) 279-5489,true,Acute Care Hospitals
26025,230075,BRONSON BATTLE CREEK HOSPITAL,BATTLE CREEK,MI,49017,(269) 966-8000,true,Acute Care Hospitals
26025,230217,OAKLAWN HOSPITAL,MARSHALL,MI,49068,(269) 781-4271,true,Acute Care Hospitals
26027,231315,ASCENSION BORGESS LEE HOSPITAL,DOWAGIAC,MI,49047,(269) 782-8681,true,Critical Access Hospitals
26029,231322,CHARLEVOIX AREA HOSPITAL,CHARLEVOIX,MI,49720,(231) 547-4024,true,Critical Access Hospitals
26033,230239,CHIPPEWA COUNTY WAR MEMORIAL HOSPITAL,SAULT STE MARIE,MI,49783,(906) 635-4460,true,Acute Care Hospitals
26037,231326,UNIVERSITY OF MICHIGAN HEALTH- SPARROW CLINTON,SAINT JOHNS,MI,48879,(989) 227-3400,true,Critical Access Hospitals
26039,230058,MUNSON HEALTHCARE GRAYLING HOSPITAL,GRAYLING,MI,49738,(989) 348-5461,true,Acute Care Hospitals
26041,231337,OSF ST FRANCIS HOSPITAL AND MEDICAL GROUP,ESCANABA,MI,49829,(906) 786-3311,true,Critical Access Hospitals
26043,230055,DICKINSON COUNTY MEMORIAL HOSPITAL,IRON MOUNTAIN,MI,49801,(906) 774-1313,true,Acute Care Hospitals
26045,231324,EATON RAPIDS MEDICAL CENTER,EATON RAPIDS,MI,48827,(517) 663-2671,true,Critical Access Hospitals
26045,231327,UNIVERSITY OF MICHIGAN HEALTH - SPARROW EATON,CHARLOTTE,MI,48813,(517) 543-1050,true,Critical Access Hospitals
26047,230105,MCLAREN NORTHERN MICHIGAN,PETOSKEY,MI,49770,(231) 487-4000,true,Acute Care Hospitals
26049,230132,HURLEY MEDICAL CENTER,FLINT,MI,48503,(810) 257-9000,true,Acute Care Hospitals
26049,230141,MCLAREN FLINT,FLINT,MI,48532,(810) 342-2000,true,Acute Care Hospitals
26049,230197,ASCENSION GENESYS HOSPITAL,GRAND BLANC,MI,48439,(810) 606-6050,true,Acute Care Hospitals
26051,231325,MYMICHIGAN MEDICAL CENTER GLADWIN,GLADWIN,MI,48624,(989) 426-9286,true,Critical Access Hospitals
26053,231333,ASPIRUS IRONWOOD HOSPITAL,IRONWOOD,MI,49938,(906) 932-2525,true,Critical Access Hospitals
26055,230097,MUNSON MEDICAL CENTER,TRAVERSE CITY,MI,49684,(231) 935-5000,true,Acute Care Hospitals
26057,230030,MYMICHIGAN MEDICAL CENTER ALMA,ALMA,MI,48801,(989) 463-1101,true,Acute Care Hospitals
26059,230037,HILLSDALE HOSPITAL,HILLSDALE,MI,49242,(517) 437-4451,true,Acute Care Hospitals
26061,230108,UP HEALTH SYSTEM PORTAGE,HANCOCK,MI,49930,(906) 483-1000,true,Acute Care Hospitals
26061,231319,ASPIRUS KEWEENAW HOSPITAL AND CLINICS,LAURIUM,MI,49913,(906) 337-6500,true,Critical Access Hospitals
26063,231310,SCHEURER HOSPITAL,PIGEON,MI,48755,(989) 453-3223,true,Critical Access Hospitals
26063,231313,HARBOR BEACH COMMUNITY HOSPITAL,HARBOR BEACH,MI,48441,(517) 479-3201,true,Critical Access Hospitals
26063,231340,MCLAREN THUMB REGION,BAD AXE,MI,48413,(989) 269-9521,true,Critical Access Hospitals
26065,230167,MCLAREN GREATER LANSING,LANSING,MI,48910,(517) 975-5600,true,Acute Care Hospitals
26065,230230,EDWARD W SPARROW HOSPITAL,LANSING,MI,48912,(517) 364-1000,true,Acute Care Hospitals
26067,231331,SPARROW IONIA HOSPITAL,IONIA,MI,48846,(616) 527-4200,true,Critical Access Hospitals
26069,230100,TAWAS ST JOSEPH HOSPITAL,TAWAS CITY,MI,48764,(989) 362-9301,true,Acute Care Hospitals
26071,231318,"ASPIRUS IRON RIVER HOSPITAL & CLINICS, INC",IRON RIVER,MI,49935,(906) 265-6121,true,Critical Access Hospitals
26073,230080,MCLAREN CENTRAL MICHIGAN,MOUNT PLEASANT,MI,48858,(989) 772-6700,true,Acute Care Hospitals
26075,230092,HENRY FORD ALLEGIANCE HEALTH,JACKSON,MI,49201,(517) 788-4800,true,Acute Care Hospitals
26077,230017,BRONSON METHODIST HOSPITAL,KALAMAZOO,MI,49007,(269) 341-6000,true,Acute Care Hospitals
26077,230117,BORGESS MEDICAL CENTER,KALAMAZOO,MI,49048,(269) 226-7000,true,Acute Care Hospitals
26077,234026,KALAMAZOO REGIONAL PSYCHIATRIC HOSPITAL,KALAMAZOO,MI,49008,(269) 337-3309,true,Psychiatric
26079,231301,KALKASKA MEMORIAL HEALTH CENTER,KALKASKA,MI,49646,(231) 258-7500,true,Critical Access Hospitals
26081,230038,SPECTRUM HEALTH,GRAND RAPIDS,MI,49503,(616) 391-1774,true,Acute Care Hospitals
26081,230059,MERCY HEALTH SAINT MARY'S,GRAND RAPIDS,MI,49503,(616) 685-5000,true,Acute Care Hospitals
26081,230236,UNIVERSITY OF MICHIGAN HEALTH - WEST,WYOMING,MI,49519,(616) 252-7200,true,Acute Care Hospitals
26087,230193,MCLAREN LAPEER REGION,LAPEER,MI,48446,(810) 667-5500,true,Acute Care Hospitals
26091,230005,PROMEDICA CHARLES AND VIRGINIA HICKMAN HOSPITAL,ADRIAN,MI,49221,(517) 265-0900,true,Acute Care Hospitals
26093,230069,TRINITY HEALTH LIVINGSTON HOSPITAL,HOWELL,MI,48843,(517) 545-6000,true,Acute Care Hospitals
26095,231304,HELEN NEWBERRY JOY HOSPITAL,NEWBERRY,MI,49868,(906) 293-9222,true,Critical Access Hospitals
26097,231306,MACKINAC STRAITS HOSPITAL AND HEALTH CENTER,SAINT IGNACE,MI,49781,(906) 643-8585,true,Critical Access Hospitals
26099,230047,HENRY FORD MACOMB HOSPITAL,CLINTON TOWNSHIP,MI,48038,(586) 263-2300,true,Acute Care Hospitals
26099,230195,Henry Ford Health Warren Hospital,WARREN,MI,48093,(586) 573-5000,true,Acute Care Hospitals
26099,230227,MCLAREN MACOMB,MOUNT CLEMENS,MI,48043,(586) 493-8000,true,Acute Care Hospitals
26101,230303,MUNSON HEALTHCARE MANISTEE HOSPITAL,MANISTEE,MI,49660,(231) 398-1000,true,Acute Care Hospitals
26103,230054,UPHS MARQUETTE DLP HOSPITAL,MARQUETTE,MI,49855,(906) 228-9440,true,Acute Care Hospitals
26103,231321,BELL HOSPITAL,ISHPEMING,MI,49849,(906) 486-4431,true,Critical Access Hospitals
26105,230110,COREWELL HEALTH LUDINGTON HOSPITAL,LUDINGTON,MI,49431,(231) 843-2591,true,Acute Care Hospitals
26107,230093,COREWELL HEALTH BIG RAPIDS HOSPITAL,BIG RAPIDS,MI,49307,(231) 796-8691,true,Acute Care Hospitals
26115,230099,PROMEDICA MONROE REGIONAL HOSPITAL,MONROE,MI,48162,(734) 240-8400,true,Acute Care Hospitals
26117,230208,UNIVERSITY OF MICHIGAN HEALTH-SPARROW CARSON,CARSON CITY,MI,48811,(989) 584-3131,true,Acute Care Hospitals
26117,231312,SHERIDAN COMMUNITY HOSPITAL,SHERIDAN,MI,48884,(989) 291-3261,true,Critical Access Hospitals
26121,230066,TRINITY HEALTH MUSKEGON HOSPITAL,MUSKEGON,MI,49441,(231) 726-3511,true,Acute Care Hospitals
26123,231338,COREWELL HEALTH GERBER HOSPITAL,FREMONT,MI,49412,(231) 924-3300,true,Critical Access Hospitals
26125,230019,"ASCENSION PROVIDENCE HOSPITAL, SOUTHFIELD AND NOVI",SOUTHFIELD,MI,48075,(248) 849-3000,true,Acute Care Hospitals
26125,230029,TRINITY HEALTH OAKLAND HOSPITAL,PONTIAC,MI,48341,(248) 858-3000,true,Acute Care Hospitals
26125,230130,BEAUMONT HOSPITAL ROYAL OAK,ROYAL OAK,MI,48073,(248) 898-5400,true,Acute Care Hospitals
26125,230151,BEAUMONT HOSPITAL - FARMINGTON HILLS,FARMINGTON HILLS,MI,48336,(248) 471-8000,true,Acute Care Hospitals
26125,230207,MCLAREN OAKLAND,PONTIAC,MI,48342,(248) 338-5000,true,Acute Care Hospitals
26125,230254,ASCENSION PROVIDENCE ROCHESTER HOSPITAL,ROCHESTER,MI,48307,(248) 652-5000,true,Acute Care Hospitals
26125,230269,"BEAUMONT HOSPITAL, TROY",TROY,MI,48085,(248) 964-8800,true,Acute Care Hospitals
26125,230277,HURON VALLEY-SINAI HOSPITAL,COMMERCE TOWNSHIP,MI,48382,(248) 937-3370,true,Acute Care Hospitals
26125,230302,HENRY FORD HEALTH WEST BLOOMFIELD HOSPITAL,W BLOOMFIELD,MI,48322,(248) 325-1000,true,Acute Care Hospitals
26127,231320,MERCY HEALTH LAKESHORE CAMPUS,SHELBY,MI,49455,(231) 861-2156,true,Critical Access Hospitals
26129,230095,MYMICHIGAN MEDICAL CENTER WEST BRANCH,WEST BRANCH,MI,48661,(989) 345-3660,true,Acute Care Hospitals
26133,231323,COREWELL HEALTH REED CITY HOSPITAL,REED CITY,MI,49677,(616) 225-6901,true,Critical Access Hospitals
26139,230003,COREWELL HEALTH ZEELAND HOSPITAL,ZEELAND,MI,49464,(616) 772-4644,true,Acute Care Hospitals
26139,230072,HOLLAND HOSPITAL,HOLLAND,MI,49423,(616) 392-5141,true,Acute Care Hospitals
26139,230174,TRINITY HEALTH GRAND HAVEN HOSPITAL,GRAND HAVEN,MI,49417,(616) 847-5268,true,Acute Care Hospitals
26145,230070,COVENANT MEDICAL CENTER,SAGINAW,MI,48602,(989) 583-6000,true,Acute Care Hospitals
26145,230077,MYMICHIGAN MEDICAL CENTER SAGINAW,SAGINAW,MI,48601,(989) 776-8000,true,Acute Care Hospitals
26145,230275,HEALTHSOURCE SAGINAW,SAGINAW,MI,48603,(989) 790-7888,true,Acute Care Hospitals
26147,230031,LAKE HURON MEDICAL CENTER,PORT HURON,MI,48060,(810) 985-1500,true,Acute Care Hospitals
26147,230241,ASCENSION RIVER DISTRICT HOSPITAL,EAST CHINA,MI,48054,(810) 329-7111,true,Acute Care Hospitals
26149,230779,STURGIS HOSPITAL,STURGIS,MI,49091,(269) 651-7824,true,Rural Emergency Hospital
26151,231311,DECKERVILLE COMMUNITY HOSPITAL,DECKERVILLE,MI,48427,(810) 376-2835,true,Critical Access Hospitals
26151,231314,MCKENZIE HEALTH SYSTEM,SANDUSKY,MI,48471,(810) 648-3770,true,Critical Access Hospitals
26151,231330,MARLETTE REGIONAL HOSPITAL,MARLETTE,MI,48453,(989) 635-4000,true,Critical Access Hospitals
26153,231303,SCHOOLCRAFT MEMORIAL HOSPITAL,MANISTIQUE,MI,49854,(906) 341-3200,true,Critical Access Hospitals
26155,230121,MEMORIAL HEALTHCARE,OWOSSO,MI,48867,(989) 723-5211,true,Acute Care Hospitals
26157,231316,HILLS & DALES GENERAL HOSPITAL,CASS CITY,MI,48726,(989) 872-2121,true,Critical Access Hospitals
26157,231329,MCLAREN CARO REGION,CARO,MI,48723,(989) 673-3141,true,Critical Access Hospitals
26159,230085,BRONSON SOUTH HAVEN HOSPITAL,SOUTH HAVEN,MI,49090,(269) 637-5271,true,Acute Care Hospitals
26159,231332,BRONSON LAKEVIEW HOSPITAL,PAW PAW,MI,49079,(269) 657-1400,true,Critical Access Hospitals
26161,230046,UNIVERSITY OF MICHIGAN HEALTH SYSTEM,ANN ARBOR,MI,48109,(734) 764-1505,true,Acute Care Hospitals
26161,23011F,VA ANN ARBOR HEALTHCARE SYSTEM,ANN ARBOR,MI,48105,(734) 769-7100,true,Acute Care - Veterans Administration
26161,230156,TRINITY HEALTH ANN ARBOR HOSPITAL,ANN ARBOR,MI,48106,(734) 712-3456,true,Acute Care Hospitals
26161,230259,CHELSEA HOSPITAL,CHELSEA,MI,48118,(734) 475-3911,true,Acute Care Hospitals
26163,230002,ST JOE MERCY HOSPITAL SYSTEM LIVONIA,LIVONIA,MI,48154,(734) 655-4800,true,Acute Care Hospitals
26163,230020,BEAUMONT HOSPITAL - DEARBORN,DEARBORN,MI,48124,(313) 593-7125,true,Acute Care Hospitals
26163,230024,SINAI-GRACE HOSPITAL,DETROIT,MI,48235,(313) 966-3300,true,Acute Care Hospitals
26163,230053,HENRY FORD HEALTH HOSPITAL,DETROIT,MI,48202,(313) 916-2600,true,Acute Care Hospitals
26163,230089,BEAUMONT HOSPITAL - GROSSE POINTE,GROSSE POINTE,MI,48230,(313) 473-1000,true,Acute Care Hospitals
26163,230104,HARPER UNIVERSITY HOSPITAL,DETROIT,MI,48201,(313) 745-6211,true,Acute Care Hospitals
26163,230142,COREWELL HEALTH WAYNE HOSPITAL,WAYNE,MI,48184,(734) 467-4175,true,Acute Care Hospitals
26163,230146,WYANDOTTE HOSPITAL AND MEDICAL CENTER,WYANDOTTE,MI,48192,(734) 246-6000,true,Acute Care Hospitals
26163,230165,HENRY FORD HEALTH ST JOHN HOSPITAL,DETROIT,MI,48236,(313) 343-4000,true,Acute Care Hospitals
26163,230176,COREWELL HEALTH TRENTON HOSPITAL,TRENTON,MI,48183,(734) 671-3800,true,Acute Care Hospitals
26163,230216,MCLAREN PORT HURON,PORT HURON,MI,48061,(810) 987-5000,true,Acute Care Hospitals
26163,230244,GARDEN CITY HOSPITAL,GARDEN CITY,MI,48135,(734) 421-3300,true,Acute Care Hospitals
26163,230270,BEAUMONT HOSPITAL - TAYLOR,TAYLOR,MI,48180,(313) 295-5000,true,Acute Care Hospitals
26163,230273,DETROIT RECEIVING HOSPITAL,DETROIT,MI,48201,(313) 745-2941,true,Acute Care Hospitals
26163,23037F,DETROIT (JOHN D. DINGELL) VA MEDICAL CENTER,DETROIT,MI,48201,(313) 576-1000,true,Acute Care - Veterans Administration
26163,233300,CHILDREN'S HOSPITAL OF MICHIGAN,DETROIT,MI,48201,(313) 745-5437,true,Childrens
26165,230081,MUNSON HEALTHCARE CADILLAC HOSPITAL,CADILLAC,MI,49601,(231) 876-7400,true,Acute Care Hospitals
27001,241305,RIVERWOOD HEALTHCARE CENTER,AITKIN,MN,56431,(218) 927-5501,true,Critical Access Hospitals
27003,240115,MERCY HOSPITAL,COON RAPIDS,MN,55433,(762) 236-6000,true,Acute Care Hospitals
27007,240100,SANFORD BEMIDJI MEDICAL CENTER,BEMIDJI,MN,56601,(218) 751-5430,true,Acute Care Hospitals
27011,241321,ESSENTIA HEALTH HOLY TRINITY HOSPITAL,GRACEVILLE,MN,56240,(320) 748-7223,true,Critical Access Hospitals
27011,241342,ORTONVILLE AREA HEALTH SERVICES,ORTONVILLE,MN,56278,(320) 839-2502,true,Critical Access Hospitals
27013,240093,MAYO CLINIC HEALTH SYSTEM - MANKATO,MANKATO,MN,56002,(507) 625-4031,true,Acute Care Hospitals
27015,241327,SLEEPY EYE MEDICAL CENTER,SLEEPY EYE,MN,56085,(507) 794-3571,true,Critical Access Hospitals
27015,241378,NEW ULM MEDICAL CENTER,NEW ULM,MN,56073,(507) 217-5000,true,Critical Access Hospitals
27017,241350,ESSENTIA HEALTH MOOSE LAKE,MOOSE LAKE,MN,55767,(218) 786-1367,true,Critical Access Hospitals
27017,241364,COMMUNITY MEMORIAL HOSPITAL,CLOQUET,MN,55720,(218) 879-4641,true,Critical Access Hospitals
27019,240056,RIDGEVIEW MEDICAL CENTER,WACONIA,MN,55387,(952) 442-2191,true,Acute Care Hospitals
27021,241358,CASS LAKE INDIAN HEALTH SERVICES HOSPITAL,CASS LAKE,MN,56633,(218) 335-3205,true,Critical Access Hospitals
27023,241325,CHIPPEWA COUNTY HOSPITAL,MONTEVIDEO,MN,56265,(320) 269-8877,true,Critical Access Hospitals
27025,240050,FAIRVIEW LAKES HEALTH SERVICES,WYOMING,MN,55092,(952) 892-2101,true,Acute Care Hospitals
27029,241328,SANFORD BAGLEY MEDICAL CENTER,BAGLEY,MN,56621,(218) 694-6501,true,Critical Access Hospitals
27031,241317,NORTH SHORE HEALTH,GRAND MARAIS,MN,55604,(218) 387-3040,true,Critical Access Hospitals
27033,241302,SANFORD WESTBROOK MEDICAL CENTER,WESTBROOK,MN,56183,(507) 274-1150,true,Critical Access Hospitals
27033,241332,WINDOM AREA HEALTH,WINDOM,MN,56101,(507) 831-2400,true,Critical Access Hospitals
27035,240075,ESSENTIA HEALTH ST JOSEPH'S MEDICAL CENTER,BRAINERD,MN,56401,(218) 829-2861,true,Acute Care Hospitals
27035,241353,CUYUNA REGIONAL MEDICAL CENTER,CROSBY,MN,56441,(218) 546-2300,true,Critical Access Hospitals
27037,240207,M HEALTH FAIRVIEW RIDGES HOSPITAL,BURNSVILLE,MN,55337,(952) 892-2000,true,Acute Care Hospitals
27041,240030,ALOMERE HEALTH,ALEXANDRIA,MN,56308,(320) 762-1511,true,Acute Care Hospitals
27043,241369,UNITED HOSPITAL DISTRICT,BLUE EARTH,MN,56013,(507) 526-3273,true,Critical Access Hospitals
27047,240043,MAYO CLINIC HEALTH SYSTEM - ALBERT LEA AND AUSTIN,ALBERT LEA,MN,56007,(507) 377-6490,true,Acute Care Hospitals
27049,240018,MAYO CLINIC HEALTH SYSTEM IN RED WING,RED WING,MN,55066,(651) 267-5000,true,Acute Care Hospitals
27049,241346,MAYO CLINIC HEALTH SYSTEM - CANNON FALLS,CANNON FALLS,MN,55009,(507) 263-6000,true,Critical Access Hospitals
27051,241379,PRAIRIE RIDGE HOSPITAL AND HEALTH SERVICES,ELBOW LAKE,MN,56531,(218) 685-7300,true,Critical Access Hospitals
27053,240001,NORTH MEMORIAL HEALTH HOSPITAL,ROBBINSDALE,MN,55422,(763) 520-5200,true,Acute Care Hospitals
27053,240004,HENNEPIN COUNTY MEDICAL CENTER,MINNEAPOLIS,MN,55415,(612) 873-3000,true,Acute Care Hospitals
27053,24003F,MINNEAPOLIS VA MEDICAL CENTER,MINNEAPOLIS,MN,55417,(612) 725-2000,true,Acute Care - Veterans Administration
27053,240053,PARK NICOLLET METHODIST HOSPITAL,SAINT LOUIS PARK,MN,55426,(952) 993-5000,true,Acute Care Hospitals
27053,240057,ABBOTT NORTHWESTERN HOSPITAL,MINNEAPOLIS,MN,55407,(612) 863-4000,true,Acute Care Hospitals
27053,240078,M HEALTH FAIRVIEW SOUTHDALE HOSPITAL,EDINA,MN,55435,(952) 924-5000,true,Acute Care Hospitals
27053,240080,M HEALTH FAIRVIEW UNIVERSITY OF MN MEDICAL CENTER,MINNEAPOLIS,MN,55454,(612) 624-1765,true,Acute Care Hospitals
27053,240214,MAPLE GROVE HOSPITAL,MAPLE GROVE,MN,55369,(763) 581-1000,true,Acute Care Hospitals
27053,243302,CHILDREN'S HOSPITALS & CLINICS OF MN,MINNEAPOLIS,MN,55404,(612) 813-6112,true,Childrens
27057,241380,ST JOSEPHS AREA  HEALTH SERVICES,PARK RAPIDS,MN,56470,(218) 732-3311,true,Critical Access Hospitals
27059,240020,CAMBRIDGE MEDICAL CENTER,CAMBRIDGE,MN,55008,(763) 689-7700,true,Acute Care Hospitals
27061,240064,GRAND ITASCA CLINIC AND HOSPITAL,GRAND RAPIDS,MN,55744,(218) 326-3401,true,Acute Care Hospitals
27061,241316,BIGFORK VALLEY HOSPITAL,BIGFORK,MN,56628,(218) 743-3177,true,Critical Access Hospitals
27061,241360,ESSENTIA HEALTH DEER RIVER,DEER RIVER,MN,56636,(218) 246-4200,true,Critical Access Hospitals
27063,241315,SANFORD JACKSON MEDICAL CENTER,JACKSON,MN,56143,(507) 847-2420,true,Critical Access Hospitals
27065,241367,WELIA HEALTH,MORA,MN,55051,(320) 679-1212,true,Critical Access Hospitals
27067,240088,CENTRACARE- RICE MEMORIAL HOSPITAL,WILLMAR,MN,56201,(320) 235-4543,true,Acute Care Hospitals
27069,241336,KITTSON HEALTHCARE,HALLOCK,MN,56728,(218) 843-3612,true,Critical Access Hospitals
27071,241322,RAINY LAKE MEDICAL CENTER,INTERNATIONAL FALLS,MN,56649,(218) 283-4481,true,Critical Access Hospitals
27073,241314,JOHNSON MEMORIAL HOSPITAL,DAWSON,MN,56232,(320) 769-4323,true,Critical Access Hospitals
27073,241372,MADISON HOSPITAL,MADISON,MN,56256,(320) 598-7536,true,Critical Access Hospitals
27075,241308,ASPIRUS LAKE VIEW HOSPITAL,TWO HARBORS,MN,55616,(218) 834-7300,true,Critical Access Hospitals
27077,241301,LAKEWOOD HEALTH CENTER,BAUDETTE,MN,56623,(218) 634-2120,true,Critical Access Hospitals
27079,241375,MINNESOTA VALLEY HEALTH CENTER  INC,LE SUEUR,MN,56058,(507) 665-3375,true,Critical Access Hospitals
27081,241339,HENDRICKS COMMUNITY HOSPITAL,HENDRICKS,MN,56136,(507) 275-3134,true,Critical Access Hospitals
27081,241348,AVERA TYLER HOSPITAL,TYLER,MN,56178,(507) 247-5521,true,Critical Access Hospitals
27083,241303,SANFORD TRACY MEDICAL CENTER,TRACY,MN,56175,(507) 629-8400,true,Critical Access Hospitals
27083,241359,AVERA MARSHALL REGIONAL MEDICAL CTR,MARSHALL,MN,56258,(507) 537-9661,true,Critical Access Hospitals
27085,240187,HUTCHINSON HEALTH,HUTCHINSON,MN,55350,(320) 234-5000,true,Acute Care Hospitals
27085,241355,GLENCOE REGIONAL HEALTH,GLENCOE,MN,55336,(320) 864-3121,true,Critical Access Hospitals
27087,240779,MAHNOMEN HEALTH CENTER,MAHNOMEN,MN,56557,(218) 935-2511,true,Rural Emergency Hospital
27089,241337,NORTH VALLEY HEALTH CENTER,WARREN,MN,56762,(218) 745-4211,true,Critical Access Hospitals
27091,240166,MAYO CLINIC HEALTH SYSTEM - FAIRMONT,FAIRMONT,MN,56031,(507) 238-5064,true,Acute Care Hospitals
27093,241366,MEEKER MEMORIAL HOSPITAL,LITCHFIELD,MN,55355,(320) 693-4500,true,Critical Access Hospitals
27095,240141,FAIRVIEW NORTHLAND REGIONAL HOSPITAL,PRINCETON,MN,55371,(952) 892-2101,true,Acute Care Hospitals
27095,241356,MILLE LACS HEALTH SYSTEM,ONAMIA,MN,56359,(320) 532-3154,true,Critical Access Hospitals
27097,241370,ST GABRIELS HOSPITAL,LITTLE FALLS,MN,56345,(320) 632-5441,true,Critical Access Hospitals
27101,241319,MURRAY COUNTY MEMORIAL HOSPITAL,SLAYTON,MN,56172,(507) 836-6111,true,Critical Access Hospitals
27103,241334,RIVER'S EDGE HOSPITAL & CLINIC,ST PETER,MN,56082,(507) 931-2200,true,Critical Access Hospitals
27105,240022,SANFORD WORTHINGTON MEDICAL CENTER,WORTHINGTON,MN,56187,(507) 372-3110,true,Acute Care Hospitals
27107,241313,ESSENTIA HEALTH ADA,ADA,MN,56510,(218) 784-5000,true,Critical Access Hospitals
27109,240006,OLMSTED MEDICAL CENTER,ROCHESTER,MN,55904,(507) 288-3443,true,Acute Care Hospitals
27109,240010,MAYO CLINIC HOSPITAL ROCHESTER,ROCHESTER,MN,55902,(507) 255-5123,true,Acute Care Hospitals
27111,241373,PERHAM HEALTH,PERHAM,MN,56573,(218) 347-4500,true,Critical Access Hospitals
27113,241381,SANFORD THIEF RIVER FALLS MEDICAL CENTER,THIEF RIVER FALLS,MN,56701,(218) 683-4400,true,Critical Access Hospitals
27115,241309,ESSENTIA HEALTH SANDSTONE,SANDSTONE,MN,55072,(218) 786-1367,true,Critical Access Hospitals
27117,241374,PIPESTONE COUNTY  MEDICAL CENTER,PIPESTONE,MN,56164,(507) 825-5811,true,Critical Access Hospitals
27119,241320,RIVERVIEW HOSPITAL,CROOKSTON,MN,56716,(218) 281-9200,true,Critical Access Hospitals
27119,241357,ESSENTIA HEALTH FOSSTON,FOSSTON,MN,56542,(218) 435-1133,true,Critical Access Hospitals
27121,241376,GLACIAL RIDGE HOSPITAL,GLENWOOD,MN,56334,(320) 634-4521,true,Critical Access Hospitals
27123,240038,ALLINA UNITED HOSPITAL,SAINT PAUL,MN,55102,(651) 241-8000,true,Acute Care Hospitals
27123,240106,REGIONS HOSPITAL,SAINT PAUL,MN,55101,(651) 254-1616,true,Acute Care Hospitals
27123,240210,M HEALTH FAIRVIEW ST JOHN'S HOSPITAL,MAPLEWOOD,MN,55109,(651) 232-7000,true,Acute Care Hospitals
27127,241351,CENTRACARE - REDWOOD,REDWOOD FALLS,MN,56283,(507) 637-4500,true,Critical Access Hospitals
27129,241306,OLIVIA HOSPITAL & CLINIC,OLIVIA,MN,56277,(320) 523-1261,true,Critical Access Hospitals
27131,240014,NORTHFIELD HOSPITAL,NORTHFIELD,MN,55057,(507) 646-1004,true,Acute Care Hospitals
27131,240071,ALLINA HEALTH FARIBAULT MEDICAL CENTER,FARIBAULT,MN,55021,(507) 334-6451,true,Acute Care Hospitals
27133,241371,SANFORD LUVERNE MEDICAL CENTER,LUVERNE,MN,56156,(507) 283-2321,true,Critical Access Hospitals
27135,241344,LIFECARE MEDICAL CENTER,ROSEAU,MN,56751,(218) 463-2500,true,Critical Access Hospitals
27137,240002,ESSENTIA HEALTH ST MARY'S MEDICAL CENTER,DULUTH,MN,55805,(218) 786-3574,true,Acute Care Hospitals
27137,240047,ST LUKES HOSPITAL,DULUTH,MN,55805,(218) 249-2449,true,Acute Care Hospitals
27137,241312,COOK HOSPITAL,COOK,MN,55723,(218) 666-5945,true,Critical Access Hospitals
27137,241318,ELY - BLOOMENSON COMMUNITY HOSPITAL,ELY,MN,55731,(218) 365-3271,true,Critical Access Hospitals
27137,241340,ESSENTIA HEALTH NORTHERN PINES MEDICAL CENTER,AURORA,MN,55705,(218) 229-4222,true,Critical Access Hospitals
27139,240104,ST FRANCIS REGIONAL MEDICAL CENTER,SHAKOPEE,MN,55379,(952) 428-3000,true,Acute Care Hospitals
27139,241361,MAYO CLINIC HEALTH SYSTEM NEW PRAGUE,NEW PRAGUE,MN,56071,(952) 758-4431,true,Critical Access Hospitals
27143,241311,RIDGEVIEW SIBLEY MEDICAL CENTER,ARLINGTON,MN,55307,(507) 964-2271,true,Critical Access Hospitals
27145,240036,CENTRACARE - ST. CLOUD HOSPITAL,SAINT CLOUD,MN,56303,(320) 255-5661,true,Acute Care Hospitals
27145,241349,CENTRACARE - PAYNESVILLE HOSPITAL,PAYNESVILLE,MN,56362,(320) 243-3767,true,Critical Access Hospitals
27145,241368,CENTRACARE HEALTH SYSTEM - SAUK CENTRE,SAUK CENTRE,MN,56378,(320) 352-2221,true,Critical Access Hospitals
27147,240069,OWATONNA HOSPITAL,OWATONNA,MN,55060,(507) 451-3850,true,Acute Care Hospitals
27149,241363,STEVENS COMMUNITY MEDICAL CENTER INC,MORRIS,MN,56267,(320) 589-1313,true,Critical Access Hospitals
27151,241341,APPLETON AREA HEALTH,APPLETON,MN,56208,(320) 289-1580,true,Critical Access Hospitals
27151,241365,CENTRACARE - BENSON,BENSON,MN,56215,(320) 843-4232,true,Critical Access Hospitals
27153,241326,CENTRACARE - LONG PRAIRIE HOSPITAL,LONG PRAIRIE,MN,56347,(320) 732-2141,true,Critical Access Hospitals
27153,241329,LAKEWOOD HEALTH SYSTEM,STAPLES,MN,56479,(218) 894-1515,true,Critical Access Hospitals
27157,241335,ST ELIZABETH MEDICAL CENTER,WABASHA,MN,55981,(651) 565-4531,true,Critical Access Hospitals
27157,241338,MAYO CLINIC HEALTH SYSTEM - LAKE CITY,LAKE CITY,MN,55041,(651) 345-5955,true,Critical Access Hospitals
27159,241354,ASTERA HEALTH,WADENA,MN,56482,(218) 631-7489,true,Critical Access Hospitals
27161,241345,MAYO CLINIC HEALTH SYSTEM - WASECA,WASECA,MN,56093,(507) 835-1210,true,Critical Access Hospitals
27163,240066,LAKEVIEW MEMORIAL HOSPITAL,STILLWATER,MN,55082,(651) 430-4509,true,Acute Care Hospitals
27163,240213,M HEALTH FAIRVIEW WOODWINDS HOSPITAL,WOODBURY,MN,55125,(651) 232-2185,true,Acute Care Hospitals
27165,241323,MADELIA HEALTH,MADELIA,MN,56062,(507) 642-3255,true,Critical Access Hospitals
27165,241333,MAYO CLINIC HEALTH SYSTEM ST. JAMES,ST JAMES,MN,56081,(507) 375-8602,true,Critical Access Hospitals
27167,241377,ST FRANCIS MEDICAL CENTER,BRECKENRIDGE,MN,56520,(218) 643-3000,true,Critical Access Hospitals
27169,240044,WINONA HEALTH SERVICES,WINONA,MN,55987,(507) 454-3650,true,Acute Care Hospitals
27171,241362,CENTRACARE HEALTH - MONTICELLO,MONTICELLO,MN,55362,(763) 295-2945,true,Critical Access Hospitals
27173,241343,AVERA GRANITE FALLS,GRANITE FALLS,MN,56241,(320) 564-3111,true,Critical Access Hospitals
27173,241347,SANFORD CANBY MEDICAL CENTER,CANBY,MN,56220,(507) 223-7277,true,Critical Access Hospitals
28001,250084,MERIT HEALTH NATCHEZ,NATCHEZ,MS,39120,(601) 443-2100,true,Acute Care Hospitals
28003,250009,MAGNOLIA REGIONAL HEALTH CENTER,CORINTH,MS,38834,(662) 293-1000,true,Acute Care Hospitals
28007,251336,BAPTIST MEDICAL CENTER ATTALA,KOSCIUSKO,MS,39090,(662) 289-4311,true,Critical Access Hospitals
28011,250093,BOLIVAR MEDICAL CENTER,CLEVELAND,MS,38732,(662) 846-0061,true,Acute Care Hospitals
28013,251331,BMH-CALHOUN,CALHOUN CITY,MS,38916,(662) 628-6611,true,Critical Access Hospitals
28017,250785,PROGRESSIVE HEALTH GROUP OF HOUSTON,HOUSTON,MS,38851,(662) 456-3700,true,Rural Emergency Hospital
28019,251334,CHOCTAW REGIONAL MEDICAL CENTER,ACKERMAN,MS,39735,(662) 285-6235,true,Critical Access Hospitals
28021,251320,CLAIBORNE COUNTY HOSPITAL,PORT GIBSON,MS,39150,(601) 437-5141,true,Critical Access Hospitals
28023,251316,OCHSNER WATKINS HOSPITAL,QUITMAN,MS,39355,(601) 776-6925,true,Critical Access Hospitals
28025,250067,CLAY COUNTY MEDICAL CORPORATION,WEST POINT,MS,39773,(662) 495-2300,true,Acute Care Hospitals
28027,250042,NORTHWEST MISSISSISSIPPI REGIONAL MEDICAL CENTER,CLARKSDALE,MS,38614,(662) 627-3211,true,Acute Care Hospitals
28029,251327,COPIAH COUNTY MEDICAL CENTER,HAZLEHURST,MS,39083,(601) 894-4541,true,Critical Access Hospitals
28031,251325,COVINGTON COUNTY HOSPITAL CAH,COLLINS,MS,39428,(601) 765-6711,true,Critical Access Hospitals
28033,250141,BAPTIST MEMORIAL HOSPITAL DESOTO,SOUTHAVEN,MS,38671,(662) 772-4000,true,Acute Care Hospitals
28033,250167,METHODIST HEALTHCARE - OLIVE BRANCH HOSPITAL,OLIVE BRANCH,MS,38654,(662) 932-9000,true,Acute Care Hospitals
28035,250078,FORREST GENERAL HOSPITAL,HATTIESBURG,MS,39401,(601) 288-7000,true,Acute Care Hospitals
28037,251330,FRANKLIN COUNTY MEMORIAL HOSPITAL,MEADVILLE,MS,39653,(601) 384-5801,true,Critical Access Hospitals
28039,250036,GEORGE REGIONAL HEALTH SYSTEM,LUCEDALE,MS,39452,(601) 947-3161,true,Acute Care Hospitals
28041,250782,GREENE COUNTY HOSPITAL,LEAKESVILLE,MS,39451,(601) 394-4135,true,Rural Emergency Hospital
28041,250783,PERRY COUNTY GENERAL HOSPITAL,RICHTON,MS,39476,(601) 788-6316,true,Rural Emergency Hospital
28043,250168,UNIVERSITY OF MISSISSIPPI MEDICAL CENTER- GRENADA,GRENADA,MS,38901,(662) 227-7000,true,Acute Care Hospitals
28045,250162,OCHSNER MEDICAL CENTER-HANCOCK,BAY SAINT LOUIS,MS,39520,(228) 467-8600,true,Acute Care Hospitals
28047,250007,Memorial Hospital Biloxi,BILOXI,MS,39530,(228) 432-1571,true,Acute Care Hospitals
28047,250019,MEMORIAL HOSPITAL AT GULFPORT,GULFPORT,MS,39502,(228) 867-4000,true,Acute Care Hospitals
28047,250123,SINGING RIVER GULFPORT,GULFPORT,MS,39503,(228) 575-7000,true,Acute Care Hospitals
28047,25039F,81st Medical Group (Keesler AFB),Biloxi,MS,39534,(228) 377-6393,true,Acute Care - Department of Defense
28047,25042F,VA GULF COAST HEALTHCARE SYSTEM,BILOXI,MS,39531,(228) 523-5000,true,Acute Care - Veterans Administration
28049,250001,UNIVERSITY OF MISSISSIPPI MED CENTER,JACKSON,MS,39216,(601) 984-4100,true,Acute Care Hospitals
28049,250048,ST DOMINIC-JACKSON MEMORIAL HOSPITAL,JACKSON,MS,39216,(601) 200-2000,true,Acute Care Hospitals
28049,250072,MERIT HEALTH CENTRAL,JACKSON,MS,39204,(601) 376-1000,true,Acute Care Hospitals
28049,250102,MISSISSIPPI BAPTIST MEDICAL CENTER,JACKSON,MS,39202,(601) 968-1000,true,Acute Care Hospitals
28049,25043F,G. V. (SONNY) MONTGOMERY VA MEDICAL CENTER (JACKSON),JACKSON,MS,39216,(601) 362-4471,true,Acute Care - Veterans Administration
28051,251319,HOLMES COUNTY HOSPITAL AND CLINICS,LEXINGTON,MS,39095,(662) 834-1321,true,Critical Access Hospitals
28059,250040,SINGING RIVER HEALTH SYSTEM,PASCAGOULA,MS,39581,(228) 809-5000,true,Acute Care Hospitals
28063,250780,JEFFERSON COUNTY HOSPITAL,FAYETTE,MS,39069,(601) 786-3401,true,Rural Emergency Hospital
28065,251326,JEFFERSON DAVIS COMMUNITY HOSPITAL CAH,PRENTISS,MS,39474,(601) 792-4276,true,Critical Access Hospitals
28067,250058,SOUTH CENTRAL REG MED CTR,LAUREL,MS,39440,(601) 426-4000,true,Acute Care Hospitals
28069,251335,OCHSNER STENNIS MEMORIAL HOSPITAL,DE KALB,MS,39328,(769) 486-1000,true,Critical Access Hospitals
28071,250034,BAPTIST MEMORIAL HOSPITAL NORTH MS,OXFORD,MS,38655,(662) 232-8100,true,Acute Care Hospitals
28073,250094,MERIT HEALTH WESLEY,HATTIESBURG,MS,39402,(601) 268-8000,true,Acute Care Hospitals
28075,250069,OCHSNER RUSH HOSPITAL,MERIDIAN,MS,39301,(601) 483-0011,true,Acute Care Hospitals
28075,250081,ANDERSON REGIONAL MEDICAL CENTER SOUTH CAMPUS,MERIDIAN,MS,39301,(601) 484-3590,true,Acute Care Hospitals
28075,250104,ANDERSON REGIONAL MEDICAL CENTER,MERIDIAN,MS,39301,(601) 553-6000,true,Acute Care Hospitals
28077,251305,LAWRENCE COUNTY HOSPITAL CAH,MONTICELLO,MS,39654,(601) 587-4051,true,Critical Access Hospitals
28079,251315,BAPTIST MEDICAL CENTER-LEAKE,CARTHAGE,MS,39051,(601) 267-1422,true,Critical Access Hospitals
28081,250004,NORTH MISSISSIPPI MEDICAL CENTER,TUPELO,MS,38801,(662) 377-6608,true,Acute Care Hospitals
28083,250099,GREENWOOD LEFLORE HOSPITAL,GREENWOOD,MS,38930,(662) 459-7000,true,Acute Care Hospitals
28085,250057,KING'S DAUGHTERS MEDICAL CENTER-BROOKHAVEN,BROOKHAVEN,MS,39601,(601) 833-6011,true,Acute Care Hospitals
28087,250100,BMH-GOLDEN TRIANGLE,COLUMBUS,MS,39705,(662) 244-1000,true,Acute Care Hospitals
28089,250038,MERIT HEALTH MADISON,CANTON,MS,39046,(601) 855-4000,true,Acute Care Hospitals
28091,250085,MARION GENERAL HOSPITAL,COLUMBIA,MS,39429,(601) 736-6303,true,Acute Care Hospitals
28095,250025,NORTH MISSISSIPPI MEDICAL CENTER-GILMORE AMORY,AMORY,MS,38821,(662) 256-7111,true,Acute Care Hospitals
28095,251302,MONROE REGIONAL HOSPITAL,ABERDEEN,MS,39730,(662) 369-2455,true,Critical Access Hospitals
28097,251312,TYLER HOLMES MEMORIAL HOSPITAL CAH,WINONA,MS,38967,(662) 283-6126,true,Critical Access Hospitals
28099,250043,NESHOBA COUNTY GENERAL HOSPITAL,PHILADELPHIA,MS,39350,(601) 663-1200,true,Acute Care Hospitals
28099,250127,CHOCTAW HEALTH CENTER,PHILADELPHIA,MS,39350,(601) 656-2211,true,Acute Care Hospitals
28099,251322,OCHSNER LAIRD HOSPITAL,UNION,MS,39365,(601) 774-8214,true,Critical Access Hospitals
28099,251340,NESHOBA COUNTY GENERAL HOSPITAL,PHILADELPHIA,MS,39350,(601) 663-1200,true,Critical Access Hospitals
28103,251307,NOXUBEE GENERAL CRITICAL ACCESS HOSP,MACON,MS,39341,(662) 726-4231,true,Critical Access Hospitals
28105,250050,BAPTIST MEMORIAL HOSPITAL-OKTIBBEHA COUNTY,STARKVILLE,MS,39759,(662) 323-4320,true,Acute Care Hospitals
28107,250781,PANOLA MEDICAL CENTER,BATESVILLE,MS,38606,(662) 563-5611,true,Rural Emergency Hospital
28109,250117,HIGHLAND COMMUNITY  HOSPITAL,PICAYUNE,MS,39466,(601) 358-9400,true,Acute Care Hospitals
28109,251333,PEARL RIVER COUNTY HOSPITAL,POPLARVILLE,MS,39470,(601) 795-4543,true,Critical Access Hospitals
28113,250097,SOUTHWEST MS REGIONAL MEDICAL CENTER,MCCOMB,MS,39649,(601) 249-5500,true,Acute Care Hospitals
28115,251308,PONTOTOC HEALTH SERVICE INC CAH,PONTOTOC,MS,38863,(662) 489-5510,true,Critical Access Hospitals
28117,250044,BAPTIST MEMORIAL HOSPITAL BOONEVILLE,BOONEVILLE,MS,38829,(662) 720-5000,true,Acute Care Hospitals
28119,251339,QUITMAN COMMUNITY HOSPITAL,MARKS,MS,38646,(662) 712-2370,true,Critical Access Hospitals
28121,250096,CROSSGATES RIVER OAKS HOSPITAL,BRANDON,MS,39042,(601) 825-2811,true,Acute Care Hospitals
28121,250138,MERIT HEALTH RIVER OAKS,FLOWOOD,MS,39232,(601) 932-1030,true,Acute Care Hospitals
28121,254007,BRENTWOOD BEHAVIORAL HEALTHCARE OF MS,FLOWOOD,MS,39232,(601) 936-2024,true,Psychiatric
28121,254010,MS STATE HOSPITAL-WHITFIELD,WHITFIELD,MS,39193,(601) 351-8000,true,Psychiatric
28123,251300,S E LACKEY MEMORIAL HOSPITAL,FOREST,MS,39074,(601) 469-4151,true,Critical Access Hospitals
28123,251323,OCHSNER SCOTT REGIONAL,MORTON,MS,39117,(601) 732-6301,true,Critical Access Hospitals
28125,250784,SHARKEY ISSAQUENA COMMUNITY HOSPITAL,ROLLING FORK,MS,39159,(662) 873-4395,true,Rural Emergency Hospital
28127,250124,MAGEE GENERAL HOSPITAL,MAGEE,MS,39111,(601) 849-5070,true,Acute Care Hospitals
28127,251317,SIMPSON GENERAL HOSPITAL CAH,MENDENHALL,MS,39114,(601) 847-2221,true,Critical Access Hospitals
28129,250786,SMITH COUNTY  EMERGENCY HOSPITAL,RALEIGH,MS,39153,(601) 765-6711,true,Rural Emergency Hospital
28133,250095,SOUTH SUNFLOWER COUNTY HOSPITAL,INDIANOLA,MS,38751,(662) 887-5235,true,Acute Care Hospitals
28133,251318,NORTH SUNFLOWER MEDICAL CENTER CAH,RULEVILLE,MS,38771,(662) 756-2711,true,Critical Access Hospitals
28135,251304,TALLAHATCHIE GENERAL HOSPITAL-CAH,CHARLESTON,MS,38921,(662) 647-5535,true,Critical Access Hospitals
28137,250172,HIGHLAND HILLS MEDICAL CENTER,SENATOBIA,MS,38668,(662) 612-0311,true,Acute Care Hospitals
28139,251337,TIPPAH COUNTY HOSPITAL,RIPLEY,MS,38663,(662) 837-9221,true,Critical Access Hospitals
28141,250002,TISHOMINGO HEALTH SERVICES INC,IUKA,MS,38852,(662) 423-6051,true,Acute Care Hospitals
28145,250006,BAPTIST MEMORIAL HOSPITAL UNION COUNTY,NEW ALBANY,MS,38652,(662) 538-7631,true,Acute Care Hospitals
28147,251324,WALTHALL COUNTY GENERAL HOSPITAL CAH,TYLERTOWN,MS,39667,(601) 876-2122,true,Critical Access Hospitals
28149,250031,MERIT HEALTH RIVER REGION,VICKSBURG,MS,39183,(601) 883-5000,true,Acute Care Hospitals
28151,250082,DELTA HEALTH SYSTEM - THE MEDICAL CENTER,GREENVILLE,MS,38701,(662) 378-3783,true,Acute Care Hospitals
28153,250077,WAYNE GENERAL HOSPITAL,WAYNESBORO,MS,39367,(601) 735-5151,true,Acute Care Hospitals
28155,250020,WEBSTER GENERAL HOSPITAL/ SWING BED,EUPORA,MS,39744,(662) 258-6221,true,Acute Care Hospitals
28157,251309,FIELD HEALTH SYSTEM,CENTREVILLE,MS,39631,(601) 890-0500,true,Critical Access Hospitals
28159,250027,WINSTON MEDICAL CENTER,LOUISVILLE,MS,39339,(662) 779-5124,true,Acute Care Hospitals
28163,251313,BAPTIST MEDICAL CENTER-YAZOO,YAZOO CITY,MS,39194,(662) 746-2261,true,Critical Access Hospitals
29001,260022,NORTHEAST REGIONAL MEDICAL CENTER,KIRKSVILLE,MO,63501,(660) 785-1000,true,Acute Care Hospitals
29005,261303,COMMUNITY HOSPITAL ASSOCIATION,FAIRFAX,MO,64446,(660) 686-2211,true,Critical Access Hospitals
29009,261317,MERCY HOSPITAL - CASSVILLE,CASSVILLE,MO,65625,(417) 847-6065,true,Critical Access Hospitals
29009,261329,COX MONETT HOSPITAL,MONETT,MO,65708,(417) 354-1400,true,Critical Access Hospitals
29011,261325,COX BARTON COUNTY HOSPITAL,LAMAR,MO,64759,(417) 682-6081,true,Critical Access Hospitals
29013,260034,BATES COUNTY MEMORIAL HOSPITAL,BUTLER,MO,64730,(660) 200-7000,true,Acute Care Hospitals
29019,260068,BOONE HOSPITAL CENTER,COLUMBIA,MO,65201,(573) 815-8000,true,Acute Care Hospitals
29019,260141,UNIVERSITY OF MISSOURI HEALTH CARE,COLUMBIA,MO,65212,(573) 882-4141,true,Acute Care Hospitals
29019,26023F,COLUMBIA MO VA MEDICAL CENTER,COLUMBIA,MO,65201,(573) 814-6000,true,Acute Care - Veterans Administration
29021,260006,MOSAIC LIFE CARE AT ST JOSEPH,SAINT JOSEPH,MO,64506,(816) 271-6000,true,Acute Care Hospitals
29023,260119,POPLAR BLUFF REGIONAL MEDICAL CENTER,POPLAR BLUFF,MO,63901,(573) 785-7721,true,Acute Care Hospitals
29029,260186,LAKE REGIONAL HEALTH SYSTEM,OSAGE BEACH,MO,65065,(573) 348-8000,true,Acute Care Hospitals
29031,260110,MERCY HOSPITAL SOUTHEAST,CAPE GIRARDEAU,MO,63701,(573) 334-4822,true,Acute Care Hospitals
29031,260183,SAINT FRANCIS MEDICAL CENTER,CAPE GIRARDEAU,MO,63703,(573) 331-3000,true,Acute Care Hospitals
29033,261332,CARROLL COUNTY MEMORIAL HOSPITAL,CARROLLTON,MO,64633,(660) 542-1695,true,Critical Access Hospitals
29037,260214,BELTON REGIONAL MEDICAL CENTER,BELTON,MO,64012,(816) 348-1200,true,Acute Care Hospitals
29037,261324,CASS REGIONAL MEDICAL CENTER,HARRISONVILLE,MO,64701,(816) 380-5888,true,Critical Access Hospitals
29039,261323,CEDAR COUNTY MEMORIAL HOSPITAL,EL DORADO SPRINGS,MO,64744,(417) 876-2511,true,Critical Access Hospitals
29047,260096,NKC HEALTH,NORTH KANSAS CITY,MO,64116,(816) 691-2000,true,Acute Care Hospitals
29047,260177,LIBERTY HOSPITAL,LIBERTY,MO,64068,(816) 781-7200,true,Acute Care Hospitals
29047,261322,EXCELSIOR SPRINGS HOSPITAL,EXCELSIOR SPRINGS,MO,64024,(816) 630-6081,true,Critical Access Hospitals
29049,260057,CAMERON REGIONAL MEDICAL CENTER,CAMERON,MO,64429,(816) 632-2101,true,Acute Care Hospitals
29051,260011,SSM HEALTH ST. MARY'S HOSPITAL - JEFFERSON CITY,JEFFERSON CITY,MO,65109,(573) 681-3000,true,Acute Care Hospitals
29065,261318,SALEM MEMORIAL DISTRICT HOSPITAL,SALEM,MO,65560,(573) 729-6626,true,Critical Access Hospitals
29071,260052,MERCY HOSPITAL WASHINGTON,WASHINGTON,MO,63090,(636) 239-8000,true,Acute Care Hospitals
29071,261337,MISSOURI BAPTIST SULLIVAN HOSPITAL,SULLIVAN,MO,63080,(573) 468-4186,true,Critical Access Hospitals
29073,261314,HERMANN AREA DISTRICT HOSPITAL,HERMANN,MO,65041,(573) 486-2191,true,Critical Access Hospitals
29075,261328,MOSAIC MEDICAL CENTER ALBANY,ALBANY,MO,64402,(660) 726-3941,true,Critical Access Hospitals
29077,260040,COX MEDICAL CENTERS,SPRINGFIELD,MO,65807,(417) 269-6000,true,Acute Care Hospitals
29077,260065,MERCY HOSPITAL SPRINGFIELD,SPRINGFIELD,MO,65804,(417) 820-2000,true,Acute Care Hospitals
29077,264024,LAKELAND BEHAVIORAL HEALTH SYSTEM,SPRINGFIELD,MO,65806,(417) 865-5581,true,Psychiatric
29079,261309,WRIGHT MEMORIAL HOSPITAL,TRENTON,MO,64683,(660) 358-5700,true,Critical Access Hospitals
29081,261312,HARRISON COUNTY COMMUNITY HOSPITAL,BETHANY,MO,64424,(660) 425-2211,true,Critical Access Hospitals
29083,260175,GOLDEN VALLEY MEMORIAL HOSPITAL,CLINTON,MO,64735,(660) 885-5511,true,Acute Care Hospitals
29091,260078,OZARKS HEALTHCARE,WEST PLAINS,MO,65775,(417) 256-9111,true,Acute Care Hospitals
29091,261335,MERCY ST FRANCIS HOSPITAL,MOUNTAIN VIEW,MO,65548,(417) 934-7000,true,Critical Access Hospitals
29093,261336,IRON COUNTY MEDICAL CENTER,PILOT KNOB,MO,63663,(573) 546-1260,true,Critical Access Hospitals
29095,260027,RESEARCH MEDICAL CENTER,KANSAS CITY,MO,64132,(816) 276-4000,true,Acute Care Hospitals
29095,260048,TRUMAN MEDICAL CENTER HOSPITAL HILL,KANSAS CITY,MO,64108,(816) 404-1000,true,Acute Care Hospitals
29095,26004F,KANSAS CITY VA MEDICAL CENTER,KANSAS CITY,MO,64128,(816) 861-4700,true,Acute Care - Veterans Administration
29095,260085,ST JOSEPH MEDICAL CENTER,KANSAS CITY,MO,64114,(816) 942-4400,true,Acute Care Hospitals
29095,260095,CENTERPOINT MEDICAL CENTER,INDEPENDENCE,MO,64057,(816) 698-7000,true,Acute Care Hospitals
29095,260102,UNIVERSITY HEALTH LAKEWOOD MEDICAL CENTER,KANSAS CITY,MO,64139,(816) 404-7000,true,Acute Care Hospitals
29095,260138,ST LUKES HOSPITAL OF KANSAS CITY,KANSAS CITY,MO,64111,(816) 932-2000,true,Acute Care Hospitals
29095,260190,LEE'S SUMMIT MEDICAL CENTER,LEES SUMMIT,MO,64063,(816) 282-5000,true,Acute Care Hospitals
29095,260193,ST MARY'S MEDICAL CENTER,BLUE SPRINGS,MO,64014,(816) 228-5900,true,Acute Care Hospitals
29095,260216,SAINT LUKE'S EAST  HOSPITAL,LEES SUMMIT,MO,64086,(816) 347-5000,true,Acute Care Hospitals
29095,263302,THE CHILDREN'S MERCY HOSPITAL,KANSAS CITY,MO,64108,(816) 234-3000,true,Childrens
29097,260001,MERCY HOSPITAL JOPLIN,JOPLIN,MO,64804,(417) 781-2727,true,Acute Care Hospitals
29097,260137,FREEMAN HEALTH SYSTEM - FREEMAN WEST,JOPLIN,MO,64804,(417) 347-1111,true,Acute Care Hospitals
29097,261338,MERCY HOSPITAL CARTHAGE,CARTHAGE,MO,64836,(417) 358-8121,true,Critical Access Hospitals
29099,260023,MERCY HOSPITAL JEFFERSON,CRYSTAL CITY,MO,63019,(636) 933-1000,true,Acute Care Hospitals
29099,260081,SSM ST CLARE HEALTH CENTER,FENTON,MO,63026,(636) 496-2000,true,Acute Care Hospitals
29101,260097,WESTERN MISSOURI MEDICAL CENTER,WARRENSBURG,MO,64093,(660) 747-2500,true,Acute Care Hospitals
29105,260059,MERCY HOSPITAL LEBANON,LEBANON,MO,65536,(417) 533-6100,true,Acute Care Hospitals
29107,261320,LAFAYETTE REGIONAL HEALTH CENTER,LEXINGTON,MO,64067,(660) 259-2203,true,Critical Access Hospitals
29109,261316,MERCY HOSPITAL AURORA,AURORA,MO,65605,(417) 678-2122,true,Critical Access Hospitals
29113,261319,MERCY HOSPITAL LINCOLN,TROY,MO,63379,(636) 528-8551,true,Critical Access Hospitals
29115,261307,PERSHING MEMORIAL HOSPITAL,BROOKFIELD,MO,64628,(660) 258-2222,true,Critical Access Hospitals
29117,261321,HEDRICK MEDICAL CENTER,CHILLICOTHE,MO,64601,(660) 646-1480,true,Critical Access Hospitals
29121,261313,MACON COUNTY SAMARITAN MEMORIAL HOSPITAL,MACON,MO,63552,(660) 385-8700,true,Critical Access Hospitals
29123,261302,MADISON MEDICAL CENTER,FREDERICKTOWN,MO,63645,(573) 781-3341,true,Critical Access Hospitals
29127,260025,HANNIBAL REGIONAL HOSPITAL,HANNIBAL,MO,63401,(573) 248-1300,true,Acute Care Hospitals
29145,261331,FREEMAN NEOSHO HOSPITAL,NEOSHO,MO,64850,(417) 451-1234,true,Critical Access Hospitals
29147,261340,MOSAIC MEDICAL CENTER - MARYVILLE,MARYVILLE,MO,64468,(660) 562-2600,true,Critical Access Hospitals
29155,260070,PEMISCOT COUNTY MEMORIAL HOSPITAL,HAYTI,MO,63851,(573) 359-1372,true,Acute Care Hospitals
29157,261311,MERCY HOSPITAL PERRY,PERRYVILLE,MO,63775,(573) 547-2536,true,Critical Access Hospitals
29159,260009,BOTHWELL REGIONAL HEALTH CENTER,SEDALIA,MO,65301,(660) 826-8833,true,Acute Care Hospitals
29161,260017,PHELPS COUNTY REGIONAL MEDICAL CENTER,ROLLA,MO,65401,(573) 458-8899,true,Acute Care Hospitals
29163,261333,PIKE COUNTY MEMORIAL HOSPITAL,LOUISIANA,MO,63353,(573) 754-5531,true,Critical Access Hospitals
29165,260062,SAINT LUKES NORTH HOSPITAL,KANSAS CITY,MO,64154,(816) 891-6000,true,Acute Care Hospitals
29167,260195,CITIZENS MEMORIAL HOSPITAL,BOLIVAR,MO,65613,(417) 326-6000,true,Acute Care Hospitals
29169,26002F,General Leonard Wood ACH (FT Leonard Wood),Fort Leonard Wood,MO,65473,(573) 596-0035,true,Acute Care - Department of Defense
29171,261305,PUTNAM COUNTY MEMORIAL HOSPITAL,UNIONVILLE,MO,63565,(660) 947-2411,true,Critical Access Hospitals
29175,260074,MOBERLY REGIONAL MEDICAL CENTER,MOBERLY,MO,65270,(660) 263-8400,true,Acute Care Hospitals
29177,261327,RAY COUNTY MEMORIAL HOSPITAL,RICHMOND,MO,64085,(816) 470-5432,true,Critical Access Hospitals
29183,260005,SSM ST JOSEPH HEALTH CENTER,SAINT CHARLES,MO,63301,(636) 947-5000,true,Acute Care Hospitals
29183,260191,BARNES-JEWISH ST PETERS HOSPITAL,SAINT PETERS,MO,63376,(636) 916-9000,true,Acute Care Hospitals
29183,260200,SSM ST JOSEPH HOSPITAL WEST,LAKE SAINT LOUIS,MO,63367,(636) 625-5200,true,Acute Care Hospitals
29183,260219,PROGRESS WEST HOSPITAL,OFALLON,MO,63368,(636) 344-2273,true,Acute Care Hospitals
29185,261301,ELLETT MEMORIAL HOSPITAL,APPLETON CITY,MO,64724,(660) 476-2111,true,Critical Access Hospitals
29186,261330,STE GENEVIEVE COUNTY MEMORIAL HOSPITAL,SAINTE GENEVIEVE,MO,63670,(573) 883-2751,true,Critical Access Hospitals
29187,260163,PARKLAND HEALTH CENTER,FARMINGTON,MO,63640,(573) 431-6005,true,Acute Care Hospitals
29187,260779,PARKLAND HEALTH CENTER - BONNE TERRE,BONNE TERRE,MO,63628,(573) 358-1400,true,Rural Emergency Hospital
29195,260142,FITZGIBBON HOSPITAL,MARSHALL,MO,65340,(660) 886-7431,true,Acute Care Hospitals
29199,261310,SCOTLAND COUNTY  HOSPITAL,MEMPHIS,MO,63555,(660) 465-8511,true,Critical Access Hospitals
29201,260113,MISSOURI DELTA MEDICAL CENTER,SIKESTON,MO,63801,(573) 472-7586,true,Acute Care Hospitals
29207,260160,MERCY HOSPITAL STODDARD,DEXTER,MO,63841,(573) 624-5566,true,Acute Care Hospitals
29211,261306,SULLIVAN COUNTY MEMORIAL HOSPITAL,MILAN,MO,63556,(660) 265-4212,true,Critical Access Hospitals
29213,260094,COX MEDICAL CENTER BRANSON,BRANSON,MO,65615,(417) 335-7000,true,Acute Care Hospitals
29215,260024,TEXAS COUNTY MEMORIAL HOSPITAL,HOUSTON,MO,65483,(417) 967-3311,true,Acute Care Hospitals
29217,260061,NEVADA REGIONAL MEDICAL CENTER,NEVADA,MO,64772,(417) 667-3355,true,Acute Care Hospitals
29221,261308,WASHINGTON COUNTY MEMORIAL HOSPITAL,POTOSI,MO,63664,(573) 438-5451,true,Critical Access Hospitals
29510,260020,MERCY HOSPITAL ST LOUIS,SAINT LOUIS,MO,63141,(314) 251-6000,true,Acute Care Hospitals
29510,260032,BARNES JEWISH HOSPITAL,SAINT LOUIS,MO,63110,(314) 747-3000,true,Acute Care Hospitals
29510,260077,MERCY HOSPITAL SOUTH,SAINT LOUIS,MO,63128,(314) 525-1000,true,Acute Care Hospitals
29510,260091,SSM HEALTH ST MARY'S HOSPITAL - ST LOUIS,SAINT LOUIS,MO,63117,(314) 768-8000,true,Acute Care Hospitals
29510,26009F,ST LOUIS-JOHN COCHRAN VA MEDICAL CENTER,ST. LOUIS,MO,63106,(314) 652-4100,true,Acute Care - Veterans Administration
29510,260104,SSM HEALTH DEPAUL HOSPITAL ST LOUIS,BRIDGETON,MO,63044,(314) 344-6000,true,Acute Care Hospitals
29510,260105,SSM HEALTH SAINT LOUIS UNIVERSITY HOSPITAL,SAINT LOUIS,MO,63104,(314) 257-8000,true,Acute Care Hospitals
29510,260108,MISSOURI BAPTIST MEDICAL CENTER,SAINT LOUIS,MO,63131,(314) 996-5000,true,Acute Care Hospitals
29510,260162,BARNES-JEWISH WEST COUNTY HOSPITAL,CREVE COEUR,MO,63141,(314) 996-8000,true,Acute Care Hospitals
29510,260179,ST LUKES HOSPITAL,CHESTERFIELD,MO,63017,(314) 434-1500,true,Acute Care Hospitals
29510,260180,CHRISTIAN HOSPITAL NORTHEAST,SAINT LOUIS,MO,63136,(314) 653-5000,true,Acute Care Hospitals
29510,263301,ST LOUIS CHILDRENS HOSPITAL,SAINT LOUIS,MO,63110,(314) 454-6000,true,Childrens
30001,271318,BARRETT HOSPITAL & HEALTHCARE,DILLON,MT,59725,(406) 683-3000,true,Critical Access Hospitals
30003,271338,BIG HORN HOSPITAL,HARDIN,MT,59034,(406) 665-2310,true,Critical Access Hospitals
30003,271339,P H S INDIAN HOSPITAL CROW / NORTHERN CHEYENNE,CROW AGENCY,MT,59022,(406) 638-2626,true,Critical Access Hospitals
30005,271315,P H S INDIAN HOSPITAL-FT BELKNAP AT HARLEM - CAH,HARLEM,MT,59526,(406) 353-3100,true,Critical Access Hospitals
30007,271333,BILLINGS CLINIC BROADWATER,TOWNSEND,MT,59644,(406) 266-3186,true,Critical Access Hospitals
30011,271302,DAHL MEMORIAL HEALTHCARE ASSOCIATION INC,EKALAKA,MT,59324,(406) 775-8739,true,Critical Access Hospitals
30013,270012,BENEFIS HOSPITALS INC,GREAT FALLS,MT,59405,(406) 455-5000,true,Acute Care Hospitals
30013,270086,GREAT FALLS CLINIC HOSPITAL,GREAT FALLS,MT,59405,(406) 216-8000,true,Acute Care Hospitals
30015,271304,MISSOURI RIVER MEDICAL CENTER,FORT BENTON,MT,59442,(406) 622-3331,true,Critical Access Hospitals
30015,271311,BIG SANDY MEDICAL CENTER,BIG SANDY,MT,59520,(406) 378-2188,true,Critical Access Hospitals
30017,271347,HOLY ROSARY HOSPITAL,MILES CITY,MT,59301,(406) 233-2600,true,Critical Access Hospitals
30019,271342,DANIELS MEMORIAL HOSPITAL,SCOBEY,MT,59263,(406) 487-2296,true,Critical Access Hospitals
30021,271332,GLENDIVE MEDICAL CENTER,GLENDIVE,MT,59330,(406) 345-3306,true,Critical Access Hospitals
30023,271335,COMMUNITY HOSPITAL OF ANACONDA,ANACONDA,MT,59711,(406) 563-8500,true,Critical Access Hospitals
30025,271301,FALLON MEDICAL COMPLEX HOSPITAL,BAKER,MT,59313,(406) 778-3331,true,Critical Access Hospitals
30027,271345,CENTRAL MONTANA MEDICAL CENTER,LEWISTOWN,MT,59457,(406) 535-7711,true,Critical Access Hospitals
30029,270051,LOGAN HEALTH MEDICAL CENTER,KALISPELL,MT,59901,(406) 752-5111,true,Acute Care Hospitals
30029,271336,LOGAN HEALTH - WHITEFISH,WHITEFISH,MT,59937,(406) 863-3550,true,Critical Access Hospitals
30031,270057,BOZEMAN HEALTH DEACONESS HOSPITAL,BOZEMAN,MT,59715,(406) 585-5000,true,Acute Care Hospitals
30031,271389,BOZEMAN HEALTH BIG SKY MEDICAL CENTER,BIG SKY,MT,59716,(406) 995-6995,true,Critical Access Hospitals
30033,271310,GARFIELD COUNTY HEALTH CENTER,JORDAN,MT,59337,(406) 557-2500,true,Critical Access Hospitals
30035,270074,P H S INDIAN HOSPITAL AT BROWNING - BLACKFEET,BROWNING,MT,59417,(406) 338-8917,true,Acute Care Hospitals
30039,271303,GRANITE COUNTY MEDICAL CENTER,PHILIPSBURG,MT,59858,(406) 859-3271,true,Critical Access Hospitals
30041,271348,NORTHERN MONTANA HOSPITAL,HAVRE,MT,59501,(406) 265-2211,true,Critical Access Hospitals
30047,271325,ST LUKE COMMUNITY HOSPITAL,RONAN,MT,59864,(406) 676-4441,true,Critical Access Hospitals
30047,271343,PROVIDENCE ST JOSEPH MEDICAL CENTER,POLSON,MT,59860,(406) 883-5377,true,Critical Access Hospitals
30049,270003,ST PETERS HEALTH,HELENA,MT,59601,(406) 442-2480,true,Acute Care Hospitals
30049,27003F,VA MONTANA HEALTHCARE SYSTEM,FORT HARRISON,MT,59636,(406) 447-7900,true,Acute Care - Veterans Administration
30051,271334,LOGAN HEALTH - CHESTER,CHESTER,MT,59522,(406) 759-5181,true,Critical Access Hospitals
30053,271320,CABINET PEAKS MEDICAL CENTER,LIBBY,MT,59923,(406) 283-7000,true,Critical Access Hospitals
30055,271305,MCCONE COUNTY HEALTH CENTER,CIRCLE,MT,59215,(406) 485-3381,true,Critical Access Hospitals
30057,271319,RUBY VALLEY MEDICAL CENTER,SHERIDAN,MT,59749,(406) 842-5453,true,Critical Access Hospitals
30057,271329,MADISON VALLEY MEDICAL CENTER,ENNIS,MT,59729,(406) 682-4222,true,Critical Access Hospitals
30059,271306,MOUNTAINVIEW MEDICAL CENTER,WHITE SULPHUR SPRING,MT,59645,(406) 547-3321,true,Critical Access Hospitals
30061,271331,MINERAL COMMUNITY HOSPITAL,SUPERIOR,MT,59872,(406) 822-4841,true,Critical Access Hospitals
30063,270014,ST. PATRICK HOSPITAL,MISSOULA,MT,59802,(406) 543-7271,true,Acute Care Hospitals
30063,270023,COMMUNITY MEDICAL CENTER,MISSOULA,MT,59804,(406) 728-4100,true,Acute Care Hospitals
30065,271346,ROUNDUP MEMORIAL HEALTHCARE,ROUNDUP,MT,59072,(406) 323-2301,true,Critical Access Hospitals
30067,271317,LIVINGSTON HEALTHCARE,LIVINGSTON,MT,59047,(406) 222-3541,true,Critical Access Hospitals
30071,271312,PHILLIPS COUNTY HOSPITAL - CAH,MALTA,MT,59538,(406) 654-1100,true,Critical Access Hospitals
30073,271324,PONDERA MEDICAL CENTER,CONRAD,MT,59425,(406) 271-3211,true,Critical Access Hospitals
30077,271314,DEER LODGE MEDICAL CENTER,DEER LODGE,MT,59722,(406) 846-2212,true,Critical Access Hospitals
30079,271309,PRAIRIE COMMUNITY CAH,TERRY,MT,59349,(406) 635-5511,true,Critical Access Hospitals
30081,271340,BITTERROOT HEALTH - DALY HOSPITAL,HAMILTON,MT,59840,(406) 363-2211,true,Critical Access Hospitals
30083,271344,SIDNEY HEALTH CENTER,SIDNEY,MT,59270,(406) 488-2100,true,Critical Access Hospitals
30085,271300,POPLAR COMMUNITY HOSPITAL,POPLAR,MT,59255,(406) 768-6100,true,Critical Access Hospitals
30085,271308,ROOSEVELT MEDICAL CENTER,CULBERTSON,MT,59218,(406) 787-6401,true,Critical Access Hospitals
30085,271341,TRINITY HOSPITAL,WOLF POINT,MT,59201,(406) 653-2100,true,Critical Access Hospitals
30087,271327,ROSEBUD HEALTH CARE CENTER,FORSYTH,MT,59327,(406) 346-2161,true,Critical Access Hospitals
30089,271323,CLARK FORK VALLEY HOSPITAL,PLAINS,MT,59859,(406) 826-4800,true,Critical Access Hospitals
30091,271322,SHERIDAN MEMORIAL HOSPTIAL,PLENTYWOOD,MT,59254,(406) 765-3700,true,Critical Access Hospitals
30093,270017,ST JAMES HOSPITAL,BUTTE,MT,59701,(406) 723-2500,true,Acute Care Hospitals
30095,271330,STILLWATER BILLINGS CLINIC,COLUMBUS,MT,59019,(406) 322-5316,true,Critical Access Hospitals
30097,271313,PIONEER MEDICAL CENTER,BIG TIMBER,MT,59011,(406) 932-4603,true,Critical Access Hospitals
30099,271307,BENEFIS TETON MEDICAL CENTER,CHOTEAU,MT,59422,(406) 466-5763,true,Critical Access Hospitals
30101,271328,LOGAN HEALTH - SHELBY,SHELBY,MT,59474,(406) 434-3200,true,Critical Access Hospitals
30105,271316,FRANCES MAHON DEACONESS HOSPITAL,GLASGOW,MT,59230,(406) 228-3500,true,Critical Access Hospitals
30107,271321,WHEATLAND MEMORIAL HOSPITAL,HARLOWTON,MT,59036,(406) 632-4351,true,Critical Access Hospitals
30111,270004,BILLINGS CLINIC HOSPITAL,BILLINGS,MT,59101,(406) 657-4000,true,Acute Care Hospitals
30111,270049,INTERMOUNTAIN HEALTH ST VINCENT REGIONAL HOSPITAL,BILLINGS,MT,59107,(406) 657-7000,true,Acute Care Hospitals
31001,280032,MARY LANNING HEALTHCARE,HASTINGS,NE,68901,(402) 463-4521,true,Acute Care Hospitals
31003,281326,ANTELOPE MEMORIAL HOSPITAL,NELIGH,NE,68756,(402) 887-4151,true,Critical Access Hospitals
31011,281334,BOONE COUNTY HEALTH CENTER,ALBION,NE,68620,(402) 395-2191,true,Critical Access Hospitals
31013,281360,BOX BUTTE GENERAL HOSPITAL,ALLIANCE,NE,69301,(308) 762-6660,true,Critical Access Hospitals
31015,281303,NIOBRARA VALLEY HOSPITAL,LYNCH,NE,68746,(402) 569-2451,true,Critical Access Hospitals
31017,281325,BROWN COUNTY HOSPITAL,AINSWORTH,NE,69210,(402) 387-2800,true,Critical Access Hospitals
31019,280009,CHI HEALTH GOOD SAMARITAN,KEARNEY,NE,68848,(308) 865-7900,true,Acute Care Hospitals
31019,280134,KEARNEY REGIONAL MEDICAL CENTER,KEARNEY,NE,68845,(308) 455-3600,true,Acute Care Hospitals
31023,281332,BUTLER COUNTY HEALTH,DAVID CITY,NE,68632,(402) 367-1388,true,Critical Access Hospitals
31029,281351,CHASE COUNTY COMMUNITY HOSPITAL,IMPERIAL,NE,69033,(308) 882-7111,true,Critical Access Hospitals
31031,281344,CHERRY COUNTY HOSPITAL,VALENTINE,NE,69201,(402) 376-2525,true,Critical Access Hospitals
31033,281357,SIDNEY REGIONAL MEDICAL CENTER,SIDNEY,NE,69162,(308) 254-5825,true,Critical Access Hospitals
31037,281323,CHI HEALTH SCHUYLER,SCHUYLER,NE,68661,(402) 352-2441,true,Critical Access Hospitals
31039,281322,ST FRANCIS MEMORIAL HOSPITAL,WEST POINT,NE,68788,(402) 372-2404,true,Critical Access Hospitals
31041,281335,CALLAWAY DISTRICT HOSPITAL,CALLAWAY,NE,68825,(308) 836-2228,true,Critical Access Hospitals
31041,281365,JENNIE M MELHAM MEMORIAL MEDICAL CENTER,BROKEN BOW,NE,68822,(308) 872-4100,true,Critical Access Hospitals
31045,281341,CHADRON HOSPITAL,CHADRON,NE,69337,(308) 432-5586,true,Critical Access Hospitals
31047,281313,GOTHENBURG HEALTH,GOTHENBURG,NE,69138,(308) 537-3661,true,Critical Access Hospitals
31047,281327,COZAD COMMUNITY HOSPITAL,COZAD,NE,69130,(308) 784-2261,true,Critical Access Hospitals
31047,281361,LEXINGTON REGIONAL HEALTH CENTER,LEXINGTON,NE,68850,(308) 324-5651,true,Critical Access Hospitals
31053,280077,METHODIST FREMONT HEALTH,FREMONT,NE,68025,(402) 721-1610,true,Acute Care Hospitals
31055,280013,THE NEBRASKA MEDICAL CENTER,OMAHA,NE,68198,(402) 559-4000,true,Acute Care Hospitals
31055,280040,THE NEBRASKA METHODIST HOSPITAL,OMAHA,NE,68114,(402) 354-4000,true,Acute Care Hospitals
31055,280060,CHI HEALTH BERGAN MERCY,OMAHA,NE,68124,(402) 398-6020,true,Acute Care Hospitals
31055,28006F,OMAHA VA MEDICAL CENTER (VA NEBRASKA WESTERN IOWA HEALTHCARE SYSTEM),OMAHA,NE,68105,(402) 346-8800,true,Acute Care - Veterans Administration
31055,280081,CHI HEALTH IMMANUEL,OMAHA,NE,68122,(402) 572-2121,true,Acute Care Hospitals
31055,280129,NEBRASKA ORTHOPAEDIC HOSPITAL,OMAHA,NE,68144,(402) 609-3000,true,Acute Care Hospitals
31055,280130,CHI HEALTH LAKESIDE,OMAHA,NE,68130,(402) 717-8000,true,Acute Care Hospitals
31055,283301,CHILDREN'S NEBRASKA,OMAHA,NE,68114,(402) 955-5400,true,Childrens
31057,281340,DUNDY COUNTY HOSPITAL,BENKELMAN,NE,69021,(308) 423-2204,true,Critical Access Hospitals
31059,281301,FILLMORE COUNTY HOSPITAL,GENEVA,NE,68361,(402) 759-3167,true,Critical Access Hospitals
31061,281311,FRANKLIN COUNTY MEMORIAL HOSPITAL,FRANKLIN,NE,68939,(308) 425-6221,true,Critical Access Hospitals
31065,281348,TRI VALLEY HEALTH SYSTEM,CAMBRIDGE,NE,69022,(308) 697-3329,true,Critical Access Hospitals
31067,281364,"BEATRICE COMMUNITY HOSPITAL & HEALTH CENTER, INC",BEATRICE,NE,68310,(402) 228-3344,true,Critical Access Hospitals
31069,281310,GARDEN COUNTY HEALTH SERVICES,OSHKOSH,NE,69154,(308) 772-3283,true,Critical Access Hospitals
31079,280023,CHI HEALTH ST. FRANCIS,GRAND ISLAND,NE,68803,(308) 384-4600,true,Acute Care Hospitals
31079,280139,GRAND ISLAND REGIONAL MEDICAL CENTER,GRAND ISLAND,NE,68803,(308) 675-5000,true,Acute Care Hospitals
31081,281320,MEMORIAL HOSPITAL,AURORA,NE,68818,(402) 694-3171,true,Critical Access Hospitals
31089,281329,AVERA ST ANTHONY'S HOSPITAL,O' NEILL,NE,68763,(402) 336-2611,true,Critical Access Hospitals
31089,281333,ROCK COUNTY HOSPITAL,BASSETT,NE,68714,(402) 684-3366,true,Critical Access Hospitals
31089,281343,WEST HOLT MEMORIAL HOSPITAL,ATKINSON,NE,68713,(402) 925-2811,true,Critical Access Hospitals
31093,281338,HOWARD COUNTY MEDICAL CENTER,ST PAUL,NE,68873,(308) 754-4421,true,Critical Access Hospitals
31095,281319,JEFFERSON COMMUNITY HEALTH & LIFE,FAIRBURY,NE,68352,(402) 729-3351,true,Critical Access Hospitals
31097,281350,JOHNSON COUNTY HOSPITAL,TECUMSEH,NE,68450,(402) 335-3361,true,Critical Access Hospitals
31099,281306,KEARNEY COUNTY HEALTH SERVICES HOSPITAL,MINDEN,NE,68959,(308) 832-3400,true,Critical Access Hospitals
31101,281355,OGALLALA COMMUNITY HOSPITAL,OGALLALA,NE,69153,(308) 284-4011,true,Critical Access Hospitals
31105,281305,KIMBALL HEALTH SERVICES,KIMBALL,NE,69145,(308) 235-1952,true,Critical Access Hospitals
31107,281331,AVERA CREIGHTON HOSPITAL,CREIGHTON,NE,68729,(402) 358-5700,true,Critical Access Hospitals
31109,280003,BRYAN MEDICAL CENTER,LINCOLN,NE,68506,(402) 481-1111,true,Acute Care Hospitals
31109,280020,CHI HEALTH ST. ELIZABETH,LINCOLN,NE,68510,(402) 219-7700,true,Acute Care Hospitals
31111,280065,GREAT PLAINS HEALTH,NORTH PLATTE,NE,69101,(308) 568-8000,true,Acute Care Hospitals
31119,280125,FAITH HEALTH,NORFOLK,NE,68701,(402) 371-4880,true,Acute Care Hospitals
31121,281328,MERRICK MEDICAL CENTER,CENTRAL CITY,NE,68826,(308) 946-3015,true,Critical Access Hospitals
31123,281318,MORRILL COUNTY COMMUNITY HOSPITAL,BRIDGEPORT,NE,69336,(308) 262-1616,true,Critical Access Hospitals
31127,281324,NEMAHA COUNTY HOSPITAL,AUBURN,NE,68305,(402) 274-4366,true,Critical Access Hospitals
31129,281315,BRODSTONE HEALTHCARE,SUPERIOR,NE,68978,(402) 879-3281,true,Critical Access Hospitals
31131,281342,CHI HEALTH ST MARY'S,NEBRASKA CITY,NE,68410,(402) 873-3321,true,Critical Access Hospitals
31133,281302,PAWNEE COUNTY MEMORIAL HOSPITAL,PAWNEE CITY,NE,68420,(402) 852-2231,true,Critical Access Hospitals
31135,281356,PERKINS COUNTY HEALTH SERVICES,GRANT,NE,69140,(308) 352-7200,true,Critical Access Hospitals
31137,281362,PHELPS MEMORIAL HEALTH CENTER,HOLDREGE,NE,68949,(308) 995-2211,true,Critical Access Hospitals
31139,281346,CHI HEALTH PLAINVIEW HOSPITAL,PLAINVIEW,NE,68769,(402) 582-4245,true,Critical Access Hospitals
31139,281347,OSMOND GENERAL HOSPITAL,OSMOND,NE,68765,(402) 748-3393,true,Critical Access Hospitals
31141,280111,"COLUMBUS COMMUNITY HOSPITAL, INC",COLUMBUS,NE,68601,(402) 562-7118,true,Acute Care Hospitals
31141,281312,GENOA COMMUNITY HOSPITAL,GENOA,NE,68640,(402) 993-2283,true,Critical Access Hospitals
31143,281314,ANNIE JEFFREY MEMORIAL COUNTY HEALTH CENTER,OSCEOLA,NE,68651,(402) 747-2031,true,Critical Access Hospitals
31145,281363,COMMUNITY HOSPITAL,MCCOOK,NE,69001,(308) 344-2650,true,Critical Access Hospitals
31147,281352,"COMMUNITY MEDICAL CENTER, INC",FALLS CITY,NE,68355,(402) 245-2428,true,Critical Access Hospitals
31151,280779,FRIEND COMMUNITY HEALTHCARE SYSTEM,FRIEND,NE,68359,(402) 947-2541,true,Rural Emergency Hospital
31151,281354,CRETE AREA MEDICAL CENTER,CRETE,NE,68333,(402) 826-2102,true,Critical Access Hospitals
31153,280105,CHI HEALTH MIDLANDS,PAPILLION,NE,68046,(402) 593-3000,true,Acute Care Hospitals
31153,280132,BELLEVUE MEDICAL CENTER,BELLEVUE,NE,68123,(402) 763-3600,true,Acute Care Hospitals
31155,281307,SAUNDERS MEDICAL CENTER,WAHOO,NE,68066,(402) 443-4191,true,Critical Access Hospitals
31159,281339,MEMORIAL HEALTH CARE SYSTEMS,SEWARD,NE,68434,(402) 643-2971,true,Critical Access Hospitals
31161,281358,GORDON MEMORIAL HOSPITAL DISTRICT,GORDON,NE,69343,(308) 282-0401,true,Critical Access Hospitals
31165,280061,REGIONAL WEST MEDICAL CENTER,SCOTTSBLUFF,NE,69361,(308) 635-3711,true,Acute Care Hospitals
31169,281304,THAYER COUNTY HEALTH SERVICES,HEBRON,NE,68370,(402) 768-6041,true,Critical Access Hospitals
31173,280059,TWELVE CLANS UNITY HOSPITAL,WINNEBAGO,NE,68071,(402) 878-2231,true,Acute Care Hospitals
31173,281349,PENDER COMMUNITY HOSPITAL,PENDER,NE,68047,(402) 385-3083,true,Critical Access Hospitals
31175,281353,VALLEY COUNTY HEALTH SYSTEM,ORD,NE,68862,(308) 728-4200,true,Critical Access Hospitals
31177,281359,MEMORIAL COMMUNITY HOSPITAL & HEALTH SYSTEM,BLAIR,NE,68008,(402) 426-1502,true,Critical Access Hospitals
31179,281345,PROVIDENCE MEDICAL CENTER,WAYNE,NE,68787,(402) 375-3800,true,Critical Access Hospitals
31181,281316,WEBSTER COUNTY COMMUNITY HOSPITAL,RED CLOUD,NE,68970,(402) 746-5600,true,Critical Access Hospitals
31185,281308,HENDERSON COMMUNITY HOSPITAL,HENDERSON,NE,68371,(402) 723-4512,true,Critical Access Hospitals
31185,281336,YORK GENERAL HEALTH CARE SERVICES,YORK,NE,68467,(402) 362-6671,true,Critical Access Hospitals
32001,291313,BANNER CHURCHILL COMMUNITY HOSPITAL,FALLON,NV,89406,(775) 423-3151,true,Critical Access Hospitals
32003,290003,SUNRISE HOSPITAL AND MEDICAL CENTER,LAS VEGAS,NV,89109,(702) 731-8000,true,Acute Care Hospitals
32003,290005,NORTH VISTA HOSPITAL,NORTH LAS VEGAS,NV,89030,(702) 649-7711,true,Acute Care Hospitals
32003,290007,UNIVERSITY MEDICAL CENTER,LAS VEGAS,NV,89102,(702) 383-2000,true,Acute Care Hospitals
32003,290012,SAINT ROSE DOMINICAN HOSPITALS - ROSE DE LIMA,HENDERSON,NV,89015,(702) 616-5000,true,Acute Care Hospitals
32003,29001F,99th Medical Group (Nellis AFB),Nellis AFB,NV,89191,(702) 653-2273,true,Acute Care - Department of Defense
32003,290021,VALLEY HOSPITAL MEDICAL CENTER,LAS VEGAS,NV,89106,(702) 388-4000,true,Acute Care Hospitals
32003,290039,MOUNTAINVIEW HOSPITAL,LAS VEGAS,NV,89128,(702) 255-5000,true,Acute Care Hospitals
32003,290041,SUMMERLIN HOSPITAL MEDICAL CENTER,LAS VEGAS,NV,89144,(702) 233-7500,true,Acute Care Hospitals
32003,290045,SAINT ROSE DOMINICAN HOSPITALS - SIENA CAMPUS,HENDERSON,NV,89052,(702) 616-5000,true,Acute Care Hospitals
32003,290046,SPRING VALLEY HOSPITAL MEDICAL CENTER,LAS VEGAS,NV,89118,(702) 853-3000,true,Acute Care Hospitals
32003,290047,SOUTHERN HILLS HOSPITAL AND MEDICAL CENTER,LAS VEGAS,NV,89148,(702) 880-2100,true,Acute Care Hospitals
32003,29004F,VA SOUTHERN NEVADA HEALTHCARE SYSTEM,N. LAS VEGAS,NV,89086,(702) 791-9024,true,Acute Care - Veterans Administration
32003,290053,SAINT ROSE DOMINICAN HOSPITALS - SAN MARTIN CAMPUS,LAS VEGAS,NV,89113,(702) 492-8509,true,Acute Care Hospitals
32003,290054,CENTENNIAL HILLS HOSPITAL MEDICAL CENTER,LAS VEGAS,NV,89149,(702) 835-9700,true,Acute Care Hospitals
32003,290057,HENDERSON HOSPITAL,HENDERSON,NV,89011,(702) 963-7000,true,Acute Care Hospitals
32003,290058,SAINT ROSE DOMINICAN HOSPITALS - NORTH LAS VEGAS,NORTH LAS VEGAS,NV,89031,(702) 777-3615,true,Acute Care Hospitals
32003,290062,WEST HENDERSON HOSPITAL,HENDERSON,NV,89052,(702) 369-7612,true,Acute Care Hospitals
32003,291307,MESA VIEW REGIONAL HOSPITAL,MESQUITE,NV,89027,(702) 345-4280,true,Critical Access Hospitals
32003,291309,BOULDER CITY HOSPITAL,BOULDER CITY,NV,89005,(702) 293-4111,true,Critical Access Hospitals
32005,291306,CARSON VALLEY HEALTH,GARDNERVILLE,NV,89410,(775) 782-1500,true,Critical Access Hospitals
32007,290008,NORTHEASTERN NEVADA REGIONAL HOSPITAL,ELKO,NV,89801,(775) 738-5151,true,Acute Care Hospitals
32013,291308,HUMBOLDT GENERAL HOSPITAL,WINNEMUCCA,NV,89445,(775) 623-5222,true,Critical Access Hospitals
32015,291303,BATTLE MOUNTAIN GENERAL HOSPITAL,BATTE MTN,NV,89820,(775) 635-2550,true,Critical Access Hospitals
32017,291312,GROVER C DILS MEDICAL CENTER,CALIENTE,NV,89008,(775) 726-3171,true,Critical Access Hospitals
32019,291314,SOUTH LYON MEDICAL CENTER,YERINGTON,NV,89447,(775) 781-3761,true,Critical Access Hospitals
32021,291300,MOUNT GRANT GENERAL HOSPITAL,HAWTHORNE,NV,89415,(702) 945-2461,true,Critical Access Hospitals
32023,291311,DESERT VIEW HOSPITAL,PAHRUMP,NV,89048,(775) 751-7500,true,Critical Access Hospitals
32027,291304,PERSHING GENERAL HOSPITAL,LOVELOCK,NV,89419,(775) 273-2621,true,Critical Access Hospitals
32031,290001,RENOWN REGIONAL MEDICAL CENTER,RENO,NV,89502,(775) 982-4100,true,Acute Care Hospitals
32031,290009,SAINT MARY'S REGIONAL MEDICAL CENTER,RENO,NV,89503,(775) 770-3000,true,Acute Care Hospitals
32031,29002F,VA SIERRA NEVADA HEALTHCARE SYSTEM,RENO,NV,89502,(775) 328-1263,true,Acute Care - Veterans Administration
32031,290032,NORTHERN NEVADA MEDICAL CENTER,SPARKS,NV,89434,(775) 331-7000,true,Acute Care Hospitals
32031,290049,RENOWN SOUTH MEADOWS MEDICAL CENTER,RENO,NV,89521,(775) 982-7063,true,Acute Care Hospitals
32031,291301,INCLINE VILLAGE COMMUNITY HOSPITAL,INCLINE VILLAGE,NV,89451,(775) 833-4100,true,Critical Access Hospitals
32033,291302,WILLIAM BEE RIRIE HOSPITAL,ELY,NV,89301,(775) 289-3001,true,Critical Access Hospitals
32510,290019,CARSON TAHOE REGIONAL MEDICAL CENTER,CARSON CITY,NV,89703,(775) 445-8000,true,Acute Care Hospitals
33001,300005,CONCORD HOSPITAL- LACONIA,LACONIA,NH,03246,(603) 524-3211,true,Acute Care Hospitals
33003,301307,"MEMORIAL HOSPITAL, THE",NORTH CONWAY,NH,03860,(603) 356-5461,true,Critical Access Hospitals
33003,301312,HUGGINS HOSPITAL,WOLFEBORO,NH,03894,(603) 569-7500,true,Critical Access Hospitals
33005,300019,CHESHIRE MEDICAL CENTER,KEENE,NH,03431,(603) 354-5400,true,Acute Care Hospitals
33007,301300,UPPER CONNECTICUT VALLEY HOSPITAL,COLEBROOK,NH,03576,(603) 237-4971,true,Critical Access Hospitals
33007,301303,WEEKS MEDICAL CENTER,LANCASTER,NH,03584,(603) 788-4911,true,Critical Access Hospitals
33007,301310,ANDROSCOGGIN VALLEY HOSPITAL,BERLIN,NH,03570,(603) 752-2200,true,Critical Access Hospitals
33009,300003,MARY HITCHCOCK MEMORIAL HOSPITAL,LEBANON,NH,03756,(603) 650-5000,true,Acute Care Hospitals
33009,301301,COTTAGE HOSPITAL,WOODSVILLE,NH,03785,(603) 747-9000,true,Critical Access Hospitals
33009,301302,LITTLETON REGIONAL HEALTHCARE,LITTLETON,NH,03561,(603) 444-9000,true,Critical Access Hospitals
33009,301305,ALICE PECK DAY MEMORIAL HOSPITAL,LEBANON,NH,03766,(603) 448-3121,true,Critical Access Hospitals
33009,301311,SPEARE MEMORIAL HOSPITAL,PLYMOUTH,NH,03264,(603) 536-1120,true,Critical Access Hospitals
33011,300011,ST JOSEPH HOSPITAL,NASHUA,NH,03060,(603) 882-3000,true,Acute Care Hospitals
33011,300012,ELLIOT HOSPITAL,MANCHESTER,NH,03103,(603) 669-5300,true,Acute Care Hospitals
33011,300020,SOUTHERN NH MEDICAL CENTER,NASHUA,NH,03060,(603) 577-2000,true,Acute Care Hospitals
33011,300034,CATHOLIC MEDICAL CENTER,MANCHESTER,NH,03102,(603) 668-3545,true,Acute Care Hospitals
33011,301309,MONADNOCK COMMUNITY HOSPITAL,PETERBOROUGH,NH,03458,(603) 924-7191,true,Critical Access Hospitals
33013,301304,NEW LONDON HOSPITAL,NEW LONDON,NH,03257,(603) 526-2911,true,Critical Access Hospitals
33013,301306,CONCORD HOSPITAL- FRANKLIN,FRANKLIN,NH,03235,(603) 934-2060,true,Critical Access Hospitals
33013,304000,NEW HAMPSHIRE HOSPITAL,CONCORD,NH,03301,(603) 271-5300,true,Psychiatric
33015,300017,PARKLAND MEDICAL CENTER,DERRY,NH,03038,(603) 421-2100,true,Acute Care Hospitals
33015,300023,EXETER HOSPITAL INC,EXETER,NH,03833,(603) 778-7311,true,Acute Care Hospitals
33015,300029,PORTSMOUTH REGIONAL HOSPITAL,PORTSMOUTH,NH,03801,(603) 436-5110,true,Acute Care Hospitals
33017,300014,FRISBIE MEMORIAL HOSPITAL,ROCHESTER,NH,03867,(603) 332-5211,true,Acute Care Hospitals
33017,300018,WENTWORTH-DOUGLASS HOSPITAL,DOVER,NH,03820,(603) 740-2580,true,Acute Care Hospitals
33019,301308,VALLEY REGIONAL HOSPITAL,CLAREMONT,NH,03743,(603) 542-7771,true,Critical Access Hospitals
34001,310047,SHORE MEDICAL CENTER,SOMERS POINT,NJ,08244,(609) 653-3500,true,Acute Care Hospitals
34001,310064,ATLANTICARE REGIONAL MEDICAL CENTER - CITY CAMPUS,ATLANTIC CITY,NJ,08401,(609) 441-8020,true,Acute Care Hospitals
34003,310001,HACKENSACK UNIVERSITY MEDICAL CENTER,HACKENSACK,NJ,07601,(551) 996-2000,true,Acute Care Hospitals
34003,310008,HOLY NAME MEDICAL CENTER,TEANECK,NJ,07666,(201) 833-3000,true,Acute Care Hospitals
34003,310012,VALLEY HOSPITAL,PARAMUS,NJ,07652,(201) 447-8000,true,Acute Care Hospitals
34003,310045,ENGLEWOOD HOSPITAL AND MEDICAL CENTER,ENGLEWOOD,NJ,07631,(201) 894-3000,true,Acute Care Hospitals
34003,310058,BERGEN NEW BRIDGE MEDICAL CENTER,PARAMUS,NJ,07652,(201) 967-4000,true,Acute Care Hospitals
34003,310130,HACKENSACK MERIDIAN HEALTH PASCACK VALLEY MEDICAL,WESTWOOD,NJ,07675,(201) 880-2700,true,Acute Care Hospitals
34005,310057,VIRTUA MOUNT HOLLY HOSPITAL,MOUNT HOLLY,NJ,08060,(609) 267-0700,true,Acute Care Hospitals
34005,310061,VIRTUA WILLINGBORO HOSPITAL,WILLINGBORO,NJ,08046,(609) 835-2900,true,Acute Care Hospitals
34007,310014,COOPER UNIVERSITY HOSPITAL,CAMDEN,NJ,08103,(856) 342-2000,true,Acute Care Hospitals
34007,310022,WEST JERSEY HOSPITAL,VOORHEES,NJ,08043,(856) 247-3000,true,Acute Care Hospitals
34007,310029,VIRTUA OUR LADY OF LOURDES HOSPITAL,CAMDEN,NJ,08103,(856) 886-5373,true,Acute Care Hospitals
34007,310086,JEFFERSON STRATFORD HOSPITAL,STRATFORD,NJ,08084,(856) 346-7802,true,Acute Care Hospitals
34009,310011,CAPE REGIONAL MEDICAL CENTER INC,CAPE MAY COURT HOUSE,NJ,08210,(609) 463-2000,true,Acute Care Hospitals
34011,310032,INSPIRA MEDICAL CENTER VINELAND,VINELAND,NJ,08360,(856) 641-8000,true,Acute Care Hospitals
34013,310002,NEWARK BETH ISRAEL MEDICAL CENTER,NEWARK,NJ,07112,(973) 926-7000,true,Acute Care Hospitals
34013,310009,CLARA MAASS MEDICAL CENTER,BELLEVILLE,NJ,07109,(973) 450-2000,true,Acute Care Hospitals
34013,31001F,VA NEW JERSEY HEALTH CARE SYSTEM,EAST ORANGE,NJ,07018,(973) 676-1000,true,Acute Care - Veterans Administration
34013,310054,HACKENSACK MERIDIAN MOUNTAINSIDE MEDICAL,MONTCLAIR,NJ,07042,(973) 429-6000,true,Acute Care Hospitals
34013,310076,COOPERMAN BARNABAS MEDICAL CENTER,LIVINGSTON,NJ,07039,(973) 322-5000,true,Acute Care Hospitals
34013,310083,CAREWELL HEALTH MEDICAL CENTER,EAST ORANGE,NJ,07018,(973) 672-8400,true,Acute Care Hospitals
34013,310096,SAINT MICHAEL'S MEDICAL CENTER,NEWARK,NJ,07102,(973) 877-5350,true,Acute Care Hospitals
34013,310119,THE UNIVERSITY HOSPITAL,NEWARK,NJ,07103,(973) 972-4300,true,Acute Care Hospitals
34017,310003,PALISADES MEDICAL CENTER,NORTH BERGEN,NJ,07047,(201) 854-5000,true,Acute Care Hospitals
34017,310074,JERSEY CITY MEDICAL CENTER,JERSEY CITY,NJ,07302,(201) 915-2000,true,Acute Care Hospitals
34017,310118,HUDSON REGIONAL HOSPITAL,SECAUCUS,NJ,07094,(201) 392-3200,true,Acute Care Hospitals
34021,310044,CAPITAL HEALTH MEDICAL CENTER - HOPEWELL,PENNINGTON,NJ,08534,(609) 303-4000,true,Acute Care Hospitals
34021,310092,CAPITAL HEALTH REGIONAL MEDICAL CENTER,TRENTON,NJ,08638,(609) 394-6000,true,Acute Care Hospitals
34021,310110,ROBERT WOOD JOHNSON UNIVERSITY HOSPITAL AT HAMILTON,HAMILTON,NJ,08690,(609) 586-7900,true,Acute Care Hospitals
34023,310010,UNIVERSITY MEDICAL CENTER OF PRINCETON AT PLAINSBORO,PLAINSBORO,NJ,08536,(609) 853-6500,true,Acute Care Hospitals
34023,310038,ROBERT WOOD JOHNSON UNIVERSITY HOSPITAL,NEW BRUNSWICK,NJ,08901,(732) 828-3000,true,Acute Care Hospitals
34023,310039,RARITAN BAY MEDICAL CENTER,PERTH AMBOY,NJ,08861,(732) 324-5000,true,Acute Care Hospitals
34023,310070,SAINT PETER'S UNIVERSITY HOSPITAL,NEW BRUNSWICK,NJ,08901,(732) 745-8600,true,Acute Care Hospitals
34023,310108,JFK UNIVERSITY MEDICAL CENTER,EDISON,NJ,08818,(732) 321-7000,true,Acute Care Hospitals
34023,314011,UNIVERSITY BEHAVIORAL HEALTH CARE,PISCATAWAY,NJ,08854,(732) 235-5900,true,Psychiatric
34025,310034,RIVERVIEW MEDICAL CENTER,RED BANK,NJ,07701,(732) 741-2700,true,Acute Care Hospitals
34025,310073,JERSEY SHORE UNIVERSITY MEDICAL CENTER,NEPTUNE,NJ,07754,(732) 775-5500,true,Acute Care Hospitals
34025,310075,MONMOUTH MEDICAL CENTER,LONG BRANCH,NJ,07740,(732) 222-5200,true,Acute Care Hospitals
34025,310111,CENTRASTATE MEDICAL CENTER,FREEHOLD,NJ,07728,(732) 294-7012,true,Acute Care Hospitals
34025,310112,BAYSHORE MEDICAL CENTER,HOLMDEL,NJ,07733,(732) 739-5900,true,Acute Care Hospitals
34027,310015,MORRISTOWN MEDICAL CENTER,MORRISTOWN,NJ,07962,(973) 971-5450,true,Acute Care Hospitals
34027,310017,CHILTON MEDICAL CENTER,POMPTON PLAINS,NJ,07444,(973) 831-5000,true,Acute Care Hospitals
34027,310050,SAINT CLARE'S HOSPITAL/ DENVILLE CAMPUS,DENVILLE,NJ,07834,(973) 983-5569,true,Acute Care Hospitals
34029,310041,COMMUNITY MEDICAL CENTER,TOMS RIVER,NJ,08755,(732) 557-8000,true,Acute Care Hospitals
34029,310052,OCEAN MEDICAL CENTER,BRICK,NJ,08724,(732) 840-2200,true,Acute Care Hospitals
34029,310084,MONMOUTH MEDICAL CENTER-SOUTHERN CAMPUS,LAKEWOOD,NJ,08701,(732) 363-1900,true,Acute Care Hospitals
34029,310113,SOUTHERN OCEAN MEDICAL CENTER,MANAHAWKIN,NJ,08050,(609) 597-6011,true,Acute Care Hospitals
34031,310006,ST MARY'S GENERAL HOSPITAL,PASSAIC,NJ,07055,(973) 365-4300,true,Acute Care Hospitals
34033,310069,INSPIRA MEDICAL CENTER MULLICA HILL,ELMER,NJ,08318,(856) 363-1000,true,Acute Care Hospitals
34035,310048,ROBERT WOOD JOHNSON UNIVERSITY HOSPITAL - SOMERSET,SOMERVILLE,NJ,08876,(908) 685-2200,true,Acute Care Hospitals
34037,310028,NEWTON MEDICAL CENTER,NEWTON,NJ,07860,(973) 383-2121,true,Acute Care Hospitals
34039,310024,ROBERT WOOD JOHNSON UNIVERSITY HOSPITAL AT RAHWAY,RAHWAY,NJ,07065,(732) 381-4200,true,Acute Care Hospitals
34039,310027,TRINITAS REGIONAL MEDICAL CENTER,ELIZABETH,NJ,07207,(908) 994-5000,true,Acute Care Hospitals
34039,310051,OVERLOOK MEDICAL CENTER,SUMMIT,NJ,07901,(908) 522-2000,true,Acute Care Hospitals
34041,310060,ST LUKE'S WARREN HOSPITAL,PHILLIPSBURG,NJ,08865,(908) 847-6700,true,Acute Care Hospitals
34041,310115,AHS HOSPITAL CORP,HACKETTSTOWN,NJ,07840,(908) 852-5100,true,Acute Care Hospitals
35001,320001,UNM HOSPITAL,ALBUQUERQUE,NM,87106,(505) 272-2111,true,Acute Care Hospitals
35001,320009,LOVELACE MEDICAL CENTER,ALBUQUERQUE,NM,87102,(505) 727-8000,true,Acute Care Hospitals
35001,320017,LOVELACE WOMEN'S HOSPITAL,ALBUQUERQUE,NM,87109,(505) 727-7805,true,Acute Care Hospitals
35001,320021,PRESBYTERIAN HOSPITAL,ALBUQUERQUE,NM,87106,(505) 724-8386,true,Acute Care Hospitals
35001,32005F,VA NEW MEXICO HEALTHCARE SYSTEM,ALBUQUERQUE,NM,87108,(505) 256-2889,true,Acute Care - Veterans Administration
35001,320074,LOVELACE WESTSIDE HOSPITAL,ALBUQUERQUE,NM,87114,(505) 727-2001,true,Acute Care Hospitals
35005,320006,EASTERN NEW MEXICO MEDICAL CENTER,ROSWELL,NM,88201,(575) 624-8722,true,Acute Care Hospitals
35005,320086,LOVELACE REGIONAL HOSPITAL - ROSWELL,ROSWELL,NM,88201,(575) 625-3345,true,Acute Care Hospitals
35006,321308,CIBOLA GENERAL HOSPITAL,GRANTS,NM,87020,(505) 287-5300,true,Critical Access Hospitals
35007,321307,MINERS' COLFAX MEDICAL CENTER,RATON,NM,87740,(575) 445-3661,true,Critical Access Hospitals
35009,320022,PLAINS REGIONAL MEDICAL CENTER,CLOVIS,NM,88101,(575) 769-6332,true,Acute Care Hospitals
35013,320018,MEMORIAL MEDICAL CENTER,LAS CRUCES,NM,88011,(575) 522-8641,true,Acute Care Hospitals
35013,320085,MOUNTAIN VIEW REGIONAL MEDICAL CENTER,LAS CRUCES,NM,88011,(575) 556-7600,true,Acute Care Hospitals
35013,320091,THREE CROSSES REGIONAL HOSPITAL LLC,LAS CRUCES,NM,88001,(800) 421-8274,true,Acute Care Hospitals
35015,320030,ARTESIA GENERAL HOSPITAL,ARTESIA,NM,88210,(575) 748-3333,true,Acute Care Hospitals
35015,320063,CARLSBAD MEDICAL CENTER,CARLSBAD,NM,88220,(575) 887-4570,true,Acute Care Hospitals
35017,321311,GILA REGIONAL MEDICAL CENTER,SILVER CITY,NM,88061,(575) 538-4100,true,Critical Access Hospitals
35019,320779,GUADALUPE COUNTY HOSPITAL,SANTA ROSA,NM,88435,(575) 472-3417,true,Rural Emergency Hospital
35025,320065,COVENANT HEALTH HOBBS HOSPITAL,HOBBS,NM,88240,(575) 492-5000,true,Acute Care Hospitals
35025,321305,NOR-LEA HOSPITAL DISTRICT,LOVINGTON,NM,88260,(575) 396-6611,true,Critical Access Hospitals
35027,321306,LINCOLN COUNTY MEDICAL CENTER,RUIDOSO,NM,88345,(575) 257-2800,true,Critical Access Hospitals
35028,320033,LOS ALAMOS MEDICAL CENTER,LOS ALAMOS,NM,87544,(505) 661-9500,true,Acute Care Hospitals
35029,321309,MIMBRES VALLEY MEDICAL CENTER,DEMING,NM,88031,(575) 546-5803,true,Critical Access Hospitals
35031,320061,GALLUP INDIAN MEDICAL CENTER,GALLUP,NM,87301,(505) 722-1000,true,Acute Care Hospitals
35031,320062,CROWNPOINT HEALTHCARE FACILITY,CROWNPOINT,NM,87313,(505) 786-5291,true,Acute Care Hospitals
35031,321313,REHOBOTH MCKINLEY CHRISTIAN HEALTH CARE SERVICES,GALLUP,NM,87301,(505) 863-7000,true,Critical Access Hospitals
35035,320004,CHRISTUS SOUTHERN NEW MEXICO,ALAMOGORDO,NM,88310,(575) 439-6100,true,Acute Care Hospitals
35037,321302,DR DAN C TRIGG MEMORIAL HOSPITAL,TUCUMCARI,NM,88401,(575) 461-7007,true,Critical Access Hospitals
35039,320011,PRESBYTERIAN ESPANOLA HOSPITAL,ESPANOLA,NM,87532,(505) 753-1502,true,Acute Care Hospitals
35041,320084,ROOSEVELT GENERAL HOSPITAL,PORTALES,NM,88130,(575) 356-3412,true,Acute Care Hospitals
35045,320005,SAN JUAN REGIONAL MEDICAL CENTER INC,FARMINGTON,NM,87401,(505) 609-2000,true,Acute Care Hospitals
35045,320059,NORTHERN NAVAJO MEDICAL CENTER,SHIPROCK,NM,87420,(505) 368-6001,true,Acute Care Hospitals
35047,321312,ALTA VISTA REGIONAL HOSPITAL,LAS VEGAS,NM,87701,(505) 426-3930,true,Critical Access Hospitals
35049,320002,CHRISTUS ST VINCENT REGIONAL MEDICAL CENTER,SANTA FE,NM,87505,(505) 983-3361,true,Acute Care Hospitals
35049,320090,PRESBYTERIAN SANTA FE MEDICAL CENTER,SANTA FE,NM,87507,(505) 772-6216,true,Acute Care Hospitals
35053,321301,SOCORRO GENERAL HOSPITAL,SOCORRO,NM,87801,(575) 835-1140,true,Critical Access Hospitals
35055,321310,HOLY CROSS HOSPITAL A DIV OF TAOS HEALTH SYSTEMS,TAOS,NM,87571,(575) 758-8883,true,Critical Access Hospitals
35059,321304,UNION COUNTY GENERAL HOSPITAL,CLAYTON,NM,88415,(575) 374-7001,true,Critical Access Hospitals
36001,330013,ALBANY MEDICAL CENTER HOSPITAL,ALBANY,NY,12208,(518) 262-2400,true,Acute Care Hospitals
36001,330057,ST PETER'S HOSPITAL,ALBANY,NY,12208,(518) 525-1550,true,Acute Care Hospitals
36001,33009F,ALBANY VA MEDICAL CENTER,ALBANY,NY,12208,(518) 626-5000,true,Acute Care - Veterans Administration
36003,330096,JONES MEMORIAL HOSPITAL,WELLSVILLE,NY,14895,(585) 593-1100,true,Acute Care Hospitals
36005,330009,BRONXCARE HOSPITAL CENTER,BRONX,NY,10456,(212) 588-7000,true,Acute Care Hospitals
36005,330059,MONTEFIORE MEDICAL CENTER,BRONX,NY,10467,(718) 920-4321,true,Acute Care Hospitals
36005,330080,LINCOLN MEDICAL & MENTAL HEALTH CENTER,BRONX,NY,10451,(718) 579-5000,true,Acute Care Hospitals
36005,330127,JACOBI MEDICAL CENTER,BRONX,NY,10461,(718) 918-5000,true,Acute Care Hospitals
36005,33016F,BRONX VA MEDICAL CENTER,BRONX,NY,10468,(718) 584-9000,true,Acute Care - Veterans Administration
36005,330399,ST BARNABAS HOSPITAL,BRONX,NY,10457,(212) 960-9000,true,Acute Care Hospitals
36007,330011,"OUR LADY OF LOURDES MEMORIAL HOSPITAL, INC",BINGHAMTON,NY,13905,(607) 798-5111,true,Acute Care Hospitals
36007,330394,"UNITED HEALTH SERVICES HOSPITALS, INC",BINGHAMTON,NY,13903,(607) 763-6000,true,Acute Care Hospitals
36007,334012,GREATER BINGHAMTON HEALTH CENTER,BINGHAMTON,NY,13901,(607) 724-1391,true,Psychiatric
36009,330103,OLEAN GENERAL HOSPITAL,OLEAN,NY,14760,(716) 373-2600,true,Acute Care Hospitals
36011,330235,AUBURN  COMMUNITY  HOSPITAL,AUBURN,NY,13021,(315) 255-7011,true,Acute Care Hospitals
36013,330166,"WESTFIELD MEMORIAL HOSPITAL, INC",WESTFIELD,NY,14787,(716) 326-4921,true,Acute Care Hospitals
36013,330229,"BROOKS-TLC HOSPITAL SYSTEM, INC",DUNKIRK,NY,14048,(716) 366-1111,true,Acute Care Hospitals
36013,330239,UPMC CHAUTAUQUA AT WCA,JAMESTOWN,NY,14701,(716) 487-0141,true,Acute Care Hospitals
36013,330801,"WESTFIELD MEMORIAL HOSPITAL, INC",WESTFIELD,NY,14787,(716) 326-4921,true,Rural Emergency Hospital
36015,330090,ARNOT OGDEN MEDICAL CENTER,ELMIRA,NY,14905,(607) 737-4100,true,Acute Care Hospitals
36017,330033,CHENANGO MEMORIAL HOSPITAL,NORWICH,NY,13815,(607) 337-4111,true,Acute Care Hospitals
36019,330250,THE UNIVERSITY OF VERMONT HEALTH NETWORK  - CHAMPL,PLATTSBURGH,NY,12901,(518) 562-7767,true,Acute Care Hospitals
36021,330094,COLUMBIA MEMORIAL HOSPITAL,HUDSON,NY,12534,(518) 828-7601,true,Acute Care Hospitals
36023,330175,GUTHRIE CORTLAND REGIONAL MEDICAL CENTER,CORTLAND,NY,13045,(607) 756-3501,true,Acute Care Hospitals
36025,331304,MARGARETVILLE MEMORIAL HOSPITAL,MARGARETVILLE,NY,12455,(845) 586-2631,true,Critical Access Hospitals
36025,331305,O'CONNOR HOSPITAL,DELHI,NY,13753,(607) 746-0300,true,Critical Access Hospitals
36025,331312,"DELAWARE VALLEY HOSPITAL, INC",WALTON,NY,13856,(607) 865-2188,true,Critical Access Hospitals
36027,330023,VASSAR BROTHERS MEDICAL CENTER,POUGHKEEPSIE,NY,12601,(845) 454-8500,true,Acute Care Hospitals
36027,330049,NORTHERN DUTCHESS HOSPITAL,RHINEBECK,NY,12572,(845) 871-3391,true,Acute Care Hospitals
36029,330005,KALEIDA HEALTH,BUFFALO,NY,14210,(716) 859-8620,true,Acute Care Hospitals
36029,330078,SISTERS OF CHARITY HOSPITAL,BUFFALO,NY,14214,(716) 862-1000,true,Acute Care Hospitals
36029,330102,KENMORE MERCY HOSPITAL,KENMORE,NY,14217,(716) 447-6100,true,Acute Care Hospitals
36029,330111,BERTRAND CHAFFEE HOSPITAL,SPRINGVILLE,NY,14141,(716) 592-2871,true,Acute Care Hospitals
36029,33012F,UPSTATE NEW YORK VA HEALTHCARE SYSTEM (WESTERN NY VA HEALTHCARE SYSTEM),BUFFALO,NY,14215,(716) 862-3611,true,Acute Care - Veterans Administration
36029,330219,ERIE COUNTY MEDICAL CENTER,BUFFALO,NY,14215,(716) 898-3936,true,Acute Care Hospitals
36029,330279,MERCY HOSPITAL OF BUFFALO,BUFFALO,NY,14220,(716) 826-7000,true,Acute Care Hospitals
36029,334065,WESTERN NY CHILDRENS PSYCHIATRIC CENTER,WEST SENECA,NY,14224,(716) 677-7000,true,Psychiatric
36031,331302,ELIZABETHTOWN COMMUNITY HOSPITAL,ELIZABETHTOWN,NY,12932,(518) 873-6377,true,Critical Access Hospitals
36033,330079,ADIRONDACK MEDICAL CENTER - SARANAC LAKE,SARANAC LAKE,NY,12983,(518) 891-4141,true,Acute Care Hospitals
36033,331321,THE UNIVERSITY OF VERMONT HEALTH NETWORK-ALICE HY,MALONE,NY,12953,(518) 481-2458,true,Critical Access Hospitals
36035,330276,NATHAN LITTAUER HOSPITAL,GLOVERSVILLE,NY,12078,(518) 725-8621,true,Acute Care Hospitals
36037,330073,UNITED MEMORIAL MEDICAL CENTER,BATAVIA,NY,14020,(585) 343-6030,true,Acute Care Hospitals
36043,331311,LITTLE FALLS HOSPITAL,LITTLE FALLS,NY,13365,(315) 823-5261,true,Critical Access Hospitals
36045,330157,SAMARITAN MEDICAL CENTER,WATERTOWN,NY,13601,(315) 785-4000,true,Acute Care Hospitals
36045,331309,RIVER HOSPITAL CLINICS,ALEXANDRIA BAY,NY,13607,(315) 482-2511,true,Critical Access Hospitals
36045,331318,"CARTHAGE AREA HOSPITAL, INC",CARTHAGE,NY,13619,(315) 493-1000,true,Critical Access Hospitals
36047,330019,"NEW YORK COMMUNITY HOSPITAL OF BROOKLYN, INC.",BROOKLYN,NY,11229,(718) 692-5302,true,Acute Care Hospitals
36047,330056,BROOKLYN HOSPITAL CENTER - DOWNTOWN CAMPUS,BROOKLYN,NY,11201,(718) 250-8000,true,Acute Care Hospitals
36047,330194,MAIMONIDES MEDICAL CENTER,BROOKLYN,NY,11219,(718) 283-6000,true,Acute Care Hospitals
36047,330196,SOUTH BROOKLYN HEALTH,BROOKLYN,NY,11235,(718) 616-4834,true,Acute Care Hospitals
36047,330202,KINGS COUNTY HOSPITAL CENTER,BROOKLYN,NY,11203,(718) 245-3901,true,Acute Care Hospitals
36047,33020F,VA NEW YORK HARBOR HEALTHCARE SYSTEM - BROOKLYN,BROOKLYN,NY,11209,(718) 836-6600,true,Acute Care - Veterans Administration
36047,330221,WYCKOFF HEIGHTS MEDICAL CENTER,BROOKLYN,NY,11237,(718) 963-7272,true,Acute Care Hospitals
36047,330233,BROOKDALE HOSPITAL MEDICAL CENTER,BROOKLYN,NY,11212,(718) 240-5966,true,Acute Care Hospitals
36047,330350,SUNY/DOWNSTATE UNIVERSITY HOSPITAL OF BROOKLYN,BROOKLYN,NY,11203,(718) 270-1000,true,Acute Care Hospitals
36047,330396,WOODHULL MEDICAL & MENTAL HEALTH CENTER,BROOKLYN,NY,11206,(718) 963-8100,true,Acute Care Hospitals
36049,331317,LEWIS COUNTY GENERAL HOSPITAL,LOWVILLE,NY,13367,(315) 376-5200,true,Critical Access Hospitals
36051,330238,NICHOLAS H NOYES MEMORIAL HOSPITAL,DANSVILLE,NY,14437,(585) 335-6001,true,Acute Care Hospitals
36053,330115,ONEIDA HEALTH HOSPITAL,ONEIDA,NY,13421,(315) 363-6000,true,Acute Care Hospitals
36053,331316,"COMMUNITY MEMORIAL HOSPITAL, INC",HAMILTON,NY,13346,(315) 824-1100,true,Critical Access Hospitals
36055,330125,ROCHESTER GENERAL HOSPITAL,ROCHESTER,NY,14621,(585) 922-4000,true,Acute Care Hospitals
36055,330164,HIGHLAND HOSPITAL,ROCHESTER,NY,14617,(585) 341-6711,true,Acute Care Hospitals
36055,330226,UNITY HOSPITAL,ROCHESTER,NY,14626,(585) 723-7000,true,Acute Care Hospitals
36055,330285,STRONG MEMORIAL HOSPITAL,ROCHESTER,NY,14642,(585) 275-2121,true,Acute Care Hospitals
36055,334020,ROCHESTER PSYCHIATRIC CENTER,ROCHESTER,NY,14620,(585) 241-1200,true,Psychiatric
36057,330047,St Marys Healthcare,AMSTERDAM,NY,12010,(518) 842-1900,true,Acute Care Hospitals
36059,330027,NASSAU UNIVERSITY MEDICAL CENTER,EAST MEADOW,NY,11554,(516) 572-0123,true,Acute Care Hospitals
36059,330106,NORTH SHORE UNIVERSITY HOSPITAL,MANHASSET,NY,11030,(516) 562-0100,true,Acute Care Hospitals
36059,330181,NORTHWELL HOSPITAL GLEN COVE,GLEN COVE,NY,11542,(516) 674-7300,true,Acute Care Hospitals
36059,330182,ST FRANCIS HOSPITAL - THE HEART CENTER,ROSLYN,NY,11576,(516) 562-6000,true,Acute Care Hospitals
36059,330195,LONG ISLAND JEWISH MEDICAL CENTER,NEW HYDE PARK,NY,11040,(718) 470-7000,true,Acute Care Hospitals
36059,330198,MOUNT SINAI SOUTH NASSAU,OCEANSIDE,NY,11572,(516) 632-3000,true,Acute Care Hospitals
36059,330259,MERCY MEDICAL CENTER,ROCKVILLE CENTRE,NY,11571,(516) 705-2525,true,Acute Care Hospitals
36059,330331,PLAINVIEW HOSPITAL,PLAINVIEW,NY,11803,(516) 719-3000,true,Acute Care Hospitals
36059,330332,CHSLI ST JOSEPH HOSPITAL,BETHPAGE,NY,11714,(516) 759-6000,true,Acute Care Hospitals
36061,330024,MOUNT SINAI HOSPITAL,NEW YORK,NY,10029,(212) 241-7981,true,Acute Care Hospitals
36061,330046,MOUNT SINAI WEST,NEW YORK,NY,10019,(212) 523-4000,true,Acute Care Hospitals
36061,330101,NEW YORK-PRESBYTERIAN HOSPITAL,NEW YORK,NY,10065,(212) 746-5454,true,Acute Care Hospitals
36061,330119,LENOX HILL HOSPITAL,NEW YORK,NY,10075,(212) 434-2000,true,Acute Care Hospitals
36061,330169,MOUNT SINAI BETH ISRAEL,NEW YORK,NY,10003,(212) 420-2000,true,Acute Care Hospitals
36061,33017F,VA NEW YORK HARBOR HEALTHCARE SYSTEM - NY DIV.,NEW YORK,NY,10010,(212) 686-7500,true,Acute Care - Veterans Administration
36061,330199,METROPOLITAN HOSPITAL CENTER,NEW YORK,NY,10029,(212) 423-6262,true,Acute Care Hospitals
36061,330204,BELLEVUE HOSPITAL CENTER,NEW YORK,NY,10016,(212) 561-4132,true,Acute Care Hospitals
36061,330214,NYU LANGONE HOSPITALS,NEW YORK,NY,10016,(212) 263-7300,true,Acute Care Hospitals
36061,330240,HARLEM HOSPITAL CENTER,NEW YORK,NY,10037,(212) 939-1000,true,Acute Care Hospitals
36063,330065,NIAGARA FALLS MEMORIAL MEDICAL CENTER,NIAGARA FALLS,NY,14302,(716) 278-4000,true,Acute Care Hospitals
36063,330188,MOUNT ST. MARY'S HOSPITAL & HEALTH CENTER,LEWISTON,NY,14092,(716) 297-4800,true,Acute Care Hospitals
36065,330044,WYNN HOSPITAL,UTICA,NY,13503,(315) 624-6002,true,Acute Care Hospitals
36065,330215,"ROME MEMORIAL HOSPITAL, INC",ROME,NY,13440,(315) 338-7000,true,Acute Care Hospitals
36065,334021,MOHAWK VALLEY PSYCHIATRIC CENTER,UTICA,NY,13502,(315) 797-6800,true,Psychiatric
36067,330140,ST JOSEPH'S HOSPITAL HEALTH CENTER,SYRACUSE,NY,13203,(315) 448-5111,true,Acute Care Hospitals
36067,330203,CROUSE HOSPITAL,SYRACUSE,NY,13210,(315) 470-7449,true,Acute Care Hospitals
36067,330241,UNIVERSITY HOSPITAL S U N Y HEALTH SCIENCE CENTER,SYRACUSE,NY,13210,(315) 473-4240,true,Acute Care Hospitals
36067,33024F,SYRACUSE VA MEDICAL CENTER,SYRACUSE,NY,13210,(315) 425-4400,true,Acute Care - Veterans Administration
36067,334001,HUTCHINGS PSYCHIATRIC CTR,SYRACUSE,NY,13210,(315) 473-4980,true,Psychiatric
36069,330058,GENEVA GENERAL HOSPITAL,GENEVA,NY,14456,(315) 787-4175,true,Acute Care Hospitals
36069,330074,F F THOMPSON HOSPITAL,CANANDAIGUA,NY,14424,(585) 396-6000,true,Acute Care Hospitals
36069,330265,CLIFTON SPRINGS HOSPITAL AND CLINIC,CLIFTON SPRINGS,NY,14432,(315) 462-9561,true,Acute Care Hospitals
36071,330126,GARNET HEALTH MEDICAL CENTER,MIDDLETOWN,NY,10940,(845) 343-2424,true,Acute Care Hospitals
36071,330135,BON SECOURS COMMUNITY HOSPITAL,PORT JERVIS,NY,12771,(845) 856-5351,true,Acute Care Hospitals
36071,33025F,Keller ACH (West Point),West Point,NY,10996,(845) 938-4034,true,Acute Care - Department of Defense
36071,330264,MONTEFIORE ST LUKE'S CORNWALL,NEWBURGH,NY,12550,(845) 458-4900,true,Acute Care Hospitals
36073,331319,MEDINA MEMORIAL HOSPITAL,MEDINA,NY,14103,(585) 798-8111,true,Critical Access Hospitals
36075,330218,OSWEGO HOSPITAL,OSWEGO,NY,13069,(315) 349-5511,true,Acute Care Hospitals
36077,330085,AURELIA OSBORN FOX MEMORIAL HOSPITAL,ONEONTA,NY,13820,(607) 432-2000,true,Acute Care Hospitals
36077,330136,BASSETT HEALTHCARE,COOPERSTOWN,NY,13326,(607) 547-3456,true,Acute Care Hospitals
36079,330273,PUTNAM HOSPITAL CENTER,CARMEL,NY,10512,(914) 279-5711,true,Acute Care Hospitals
36081,330014,JAMAICA HOSPITAL MEDICAL CENTER,JAMAICA,NY,11418,(718) 262-6000,true,Acute Care Hospitals
36081,330055,NEW YORK-PRESBYTERIAN/QUEENS,FLUSHING,NY,11355,(718) 670-2000,true,Acute Care Hospitals
36081,330128,ELMHURST HOSPITAL CENTER,ELMHURST,NY,11373,(718) 334-1141,true,Acute Care Hospitals
36081,330193,FLUSHING HOSPITAL MEDICAL CENTER,FLUSHING,NY,11355,(718) 670-5000,true,Acute Care Hospitals
36081,330231,QUEENS HOSPITAL CENTER,JAMAICA,NY,11432,(718) 883-3000,true,Acute Care Hospitals
36081,330395,ST JOHN'S EPISCOPAL HOSPITAL AT SOUTH SHORE,FAR ROCKAWAY,NY,11691,(718) 869-7000,true,Acute Care Hospitals
36083,330180,"SAMARITAN HOSPITAL OF TROY, NEW YORK",TROY,NY,12180,(518) 427-3402,true,Acute Care Hospitals
36085,330028,RICHMOND UNIVERSITY MEDICAL CENTER,STATEN ISLAND,NY,10310,(718) 354-5047,true,Acute Care Hospitals
36085,330160,STATEN ISLAND UNIVERSITY HOSPITAL,STATEN ISLAND,NY,10305,(418) 226-9761,true,Acute Care Hospitals
36087,330104,NYACK HOSPITAL,NYACK,NY,10960,(845) 348-2000,true,Acute Care Hospitals
36087,330158,GOOD SAMARITAN HOSPITAL OF SUFFERN,SUFFERN,NY,10901,(914) 368-5000,true,Acute Care Hospitals
36087,334015,ROCKLAND PSYCH CTR,ORANGEBURG,NY,10962,(845) 359-1000,true,Psychiatric
36087,334066,ROCKLAND CHILDREN'S PSYCHIATRIC CENTER,ORANGEBURG,NY,10962,(845) 680-8004,true,Psychiatric
36089,330197,CANTON-POTSDAM HOSPITAL,POTSDAM,NY,13676,(315) 265-3300,true,Acute Care Hospitals
36089,330799,CLIFTON-FINE HOSPITAL,STAR LAKE,NY,13690,(315) 848-4205,true,Rural Emergency Hospital
36089,331315,GOUVERNEUR HOSPITAL,GOUVERNEUR,NY,13642,(315) 287-1000,true,Critical Access Hospitals
36089,331322,"SLHS MASSENA, INC",MASSENA,NY,13662,(315) 769-4234,true,Critical Access Hospitals
36089,331324,"CARTHAGE AREA HOSPITAL, INC",OGDENSBURG,NY,13669,(315) 393-3600,true,Critical Access Hospitals
36091,330222,SARATOGA HOSPITAL,SARATOGA SPRINGS,NY,12866,(518) 587-3222,true,Acute Care Hospitals
36093,330153,ELLIS HOSPITAL,SCHENECTADY,NY,12308,(518) 243-4196,true,Acute Care Hospitals
36095,331320,COBLESKILL REGIONAL HOSPITAL,COBLESKILL,NY,12043,(518) 254-3456,true,Critical Access Hospitals
36097,331313,SCHUYLER HOSPITAL,MONTOUR FALLS,NY,14865,(607) 530-7121,true,Critical Access Hospitals
36101,330151,ST JAMES HOSPITAL,HORNELL,NY,14843,(607) 324-8000,true,Acute Care Hospitals
36101,330277,CORNING HOSPITAL,CORNING,NY,14830,(607) 937-7200,true,Acute Care Hospitals
36101,330800,IRA DAVENPORT MEMORIAL HOSPITAL,BATH,NY,14810,(607) 776-8500,true,Rural Emergency Hospital
36103,330043,NS/LIJ HS SOUTHSIDE HOSPITAL,BAY SHORE,NY,11706,(631) 968-3000,true,Acute Care Hospitals
36103,330045,NS/LIJ HS HUNTINGTON HOSPITAL,HUNTINGTON,NY,11743,(631) 351-2000,true,Acute Care Hospitals
36103,330107,PECONIC BAY MEDICAL CENTER,RIVERHEAD,NY,11901,(631) 548-6000,true,Acute Care Hospitals
36103,330141,LONG ISLAND COMMUNITY HOSPITAL,PATCHOGUE,NY,11772,(631) 654-7100,true,Acute Care Hospitals
36103,330185,JOHN T MATHER MEMORIAL HOSPITAL  OF PORT JEFFERSON,PORT JEFFERSON,NY,11777,(631) 473-1320,true,Acute Care Hospitals
36103,33019F,NORTHPORT VA MEDICAL CENTER,NORTHPORT,NY,11768,(516) 261-4400,true,Acute Care - Veterans Administration
36103,330246,ST CHARLES HOSPITAL,PORT JEFFERSON,NY,11777,(631) 474-6000,true,Acute Care Hospitals
36103,330286,GOOD SAMARITAN HOSPITAL MEDICAL CENTER,WEST ISLIP,NY,11795,(631) 376-3000,true,Acute Care Hospitals
36103,330393,SUNY/STONY BROOK UNIVERSITY HOSPITAL,STONY BROOK,NY,11794,(631) 444-4000,true,Acute Care Hospitals
36103,330401,ST CATHERINE OF SIENA HOSPITAL,SMITHTOWN,NY,11787,(631) 862-3000,true,Acute Care Hospitals
36105,330386,GARNET HEALTH  MEDICAL CENTER CATSKILLS,HARRIS,NY,12742,(845) 794-3300,true,Acute Care Hospitals
36105,331303,GARNET HEALTH MEDICAL CENTER CATSKILLS,CALLICOON,NY,12723,(845) 887-5530,true,Critical Access Hospitals
36109,330307,CAYUGA MEDICAL CENTER AT ITHACA,ITHACA,NY,14850,(607) 274-4401,true,Acute Care Hospitals
36111,330224,HEALTHALLIANCE HOSPITAL MARYS AVENUE CAMPUS,KINGSTON,NY,12401,(845) 338-2500,true,Acute Care Hospitals
36111,331310,ELLENVILLE REGIONAL HOSPITAL,ELLENVILLE,NY,12428,(845) 647-6400,true,Critical Access Hospitals
36113,330191,GLENS FALLS HOSPITAL,GLENS FALLS,NY,12801,(518) 926-1000,true,Acute Care Hospitals
36117,330030,NEWARK-WAYNE COMMUNITY HOSPITAL,NEWARK,NY,14513,(315) 332-2022,true,Acute Care Hospitals
36119,330006,ST JOSEPH'S MEDICAL CENTER,YONKERS,NY,10701,(914) 378-7000,true,Acute Care Hospitals
36119,330086,MONTEFIORE MOUNT VERNON HOSPITAL,MOUNT VERNON,NY,10550,(914) 664-8000,true,Acute Care Hospitals
36119,330162,NORTHERN WESTCHESTER HOSPITAL,MOUNT KISCO,NY,10549,(914) 666-1200,true,Acute Care Hospitals
36119,330184,MONTEFIORE NEW ROCHELLE HOSPITAL,NEW ROCHELLE,NY,10802,(914) 632-5000,true,Acute Care Hospitals
36119,330208,ST JOHN'S RIVERSIDE HOSPITAL,YONKERS,NY,10701,(914) 964-4444,true,Acute Care Hospitals
36119,330234,WESTCHESTER MEDICAL CENTER,VALHALLA,NY,10595,(914) 493-7000,true,Acute Care Hospitals
36119,330261,PHELPS HOSPITAL,SLEEPY HOLLOW,NY,10591,(914) 366-3000,true,Acute Care Hospitals
36119,330267,HUDSON VALLEY HOSPITAL CENTER,CORTLANDT MANOR,NY,10567,(914) 734-3611,true,Acute Care Hospitals
36119,330304,WHITE PLAINS HOSPITAL CENTER,WHITE PLAINS,NY,10601,(914) 681-0600,true,Acute Care Hospitals
36121,331323,WYOMING COUNTY,WARSAW,NY,14569,(585) 786-8940,true,Critical Access Hospitals
36123,331314,SOLDIERS AND SAILORS MEMORIAL HOSPITAL OF YATES,PENN YAN,NY,14527,(315) 787-4175,true,Critical Access Hospitals
37001,340070,ALAMANCE REGIONAL MEDICAL CENTER,BURLINGTON,NC,27216,(336) 538-7000,true,Acute Care Hospitals
37005,341320,ALLEGHANY  MEMORIAL HOSPITAL,SPARTA,NC,28675,(336) 372-5511,true,Critical Access Hospitals
37007,340084,ATRIUM HEALTH ANSON,WADESBORO,NC,28170,(704) 694-5131,true,Acute Care Hospitals
37009,341325,ASHE MEMORIAL HOSPITAL,JEFFERSON,NC,28640,(336) 246-7101,true,Critical Access Hospitals
37011,341323,CHARLES A CANNON JR MEMORIAL HOSPITAL,LINVILLE,NC,28646,(828) 737-7000,true,Critical Access Hospitals
37015,341304,ECU HEALTH BERTIE HOSPITAL,WINDSOR,NC,27983,(252) 794-6600,true,Critical Access Hospitals
37017,341315,CAPE FEAR VALLEY-BLADEN COUNTY HOSPITAL,ELIZABETHTOWN,NC,28337,(910) 862-5100,true,Critical Access Hospitals
37019,340158,NOVANT HEALTH BRUNSWICK MEDICAL CENTER,SUPPLY,NC,28462,(910) 755-8121,true,Acute Care Hospitals
37019,341327,J ARTHUR DOSHER MEMORIAL HOSPITAL,SOUTHPORT,NC,28461,(910) 457-3800,true,Critical Access Hospitals
37021,340002,MEMORIAL MISSION HOSPITAL AND ASHEVILLE SURGERY CE,ASHEVILLE,NC,28801,(828) 213-1111,true,Acute Care Hospitals
37021,34036F,ASHEVILLE-OTEEN VA MEDICAL CENTER,ASHEVILLE,NC,28805,(828) 298-7911,true,Acute Care - Veterans Administration
37023,340075,"BLUE RIDGE HEALTHCARE HOSPITALS, INC",MORGANTON,NC,28655,(828) 580-5000,true,Acute Care Hospitals
37025,340001,CAROLINAS MEDICAL CENTER-NORTHEAST,CONCORD,NC,28025,(704) 783-3000,true,Acute Care Hospitals
37027,340041,CALDWELL MEMORIAL HOSPITAL,LENOIR,NC,28645,(828) 757-5100,true,Acute Care Hospitals
37031,340142,CARTERET GENERAL HOSPITAL,MOREHEAD CITY,NC,28557,(252) 808-6000,true,Acute Care Hospitals
37035,340116,FRYE REGIONAL MEDICAL CENTER,HICKORY,NC,28601,(828) 322-6070,true,Acute Care Hospitals
37035,340143,CATAWBA VALLEY MEDICAL CENTER,HICKORY,NC,28602,(828) 326-3809,true,Acute Care Hospitals
37037,341311,CHATHAM HOSPITAL INC,SILER CITY,NC,27344,(919) 799-4000,true,Critical Access Hospitals
37039,341328,ERLANGER MURPHY MEDICAL CENTER,MURPHY,NC,28906,(828) 837-8161,true,Critical Access Hospitals
37041,341318,VIDANT CHOWAN HOSPITAL,EDENTON,NC,27932,(252) 482-8451,true,Critical Access Hospitals
37045,340021,ATRIUM HEALTH CLEVELAND,SHELBY,NC,28150,(704) 487-3000,true,Acute Care Hospitals
37047,340068,COLUMBUS REGIONAL HEALTHCARE SYSTEM,WHITEVILLE,NC,28472,(910) 642-8011,true,Acute Care Hospitals
37049,340131,CAROLINA EAST MEDICAL CENTER,NEW BERN,NC,28560,(252) 633-8640,true,Acute Care Hospitals
37051,340028,CAPE FEAR VALLEY MEDICAL CENTER,FAYETTEVILLE,NC,28302,(910) 609-4000,true,Acute Care Hospitals
37051,34014F,Womack AMC (FT Bragg),Fort Bragg,NC,28310,(910) 907-9262,true,Acute Care - Department of Defense
37055,341324,"THE OUTER BANKS HOSPITAL, INC",NAGS HEAD,NC,27959,(252) 449-4500,true,Critical Access Hospitals
37057,340085,NOVANT HEALTH THOMASVILLE MEDICAL CENTER,THOMASVILLE,NC,27360,(336) 472-2000,true,Acute Care Hospitals
37057,340096,LEXINGTON MEMORIAL HOSPITAL INC,LEXINGTON,NC,27293,(336) 248-5161,true,Acute Care Hospitals
37061,340120,VIDANT DUPLIN HOSPITAL,KENANSVILLE,NC,28349,(910) 296-0941,true,Acute Care Hospitals
37063,340030,DUKE UNIVERSITY HOSPITAL,DURHAM,NC,27705,(919) 684-8111,true,Acute Care Hospitals
37063,34012F,DURHAM VA MEDICAL CENTER,DURHAM,NC,27705,(919) 286-0411,true,Acute Care - Veterans Administration
37063,340155,DUKE REGIONAL HOSPITAL,DURHAM,NC,27704,(919) 470-4000,true,Acute Care Hospitals
37065,340107,VIDANT EDGECOMBE HOSPITAL,TARBORO,NC,27886,(252) 641-7700,true,Acute Care Hospitals
37067,340014,NOVANT HEALTH FORSYTH MEDICAL CENTER,WINSTON-SALEM,NC,27103,(336) 718-5000,true,Acute Care Hospitals
37067,340047,NORTH CAROLINA BAPTIST HOSPITAL,WINSTON-SALEM,NC,27157,(336) 716-2011,true,Acute Care Hospitals
37071,340032,CAROMONT REGIONAL MEDICAL CENTER,GASTONIA,NC,28052,(704) 834-4891,true,Acute Care Hospitals
37077,340127,GRANVILLE HEALTH SYSTEMS,OXFORD,NC,27565,(919) 690-3000,true,Acute Care Hospitals
37077,344004,CENTRAL REGIONAL HOSPITAL,BUTNER,NC,27509,(919) 764-2000,true,Psychiatric
37081,340004,HIGH POINT REGIONAL HEALTH SYSTEM,HIGH POINT,NC,27261,(336) 878-6000,true,Acute Care Hospitals
37081,340091,"MOSES H. CONE MEMORIAL HOSPITAL, THE",GREENSBORO,NC,27401,(336) 832-7000,true,Acute Care Hospitals
37083,340151,ECU HEALTH NORTH HOSPITAL,ROANOKE RAPIDS,NC,27870,(252) 535-8005,true,Acute Care Hospitals
37085,340071,BETSY JOHNSON REGIONAL HOSPITAL,DUNN,NC,28334,(910) 892-7161,true,Acute Care Hospitals
37087,340184,HAYWOOD REGIONAL MEDICAL CENTER,CLYDE,NC,28721,(828) 456-7311,true,Acute Care Hospitals
37089,340017,PARDEE HOSPITAL HENDERSON COUNTY,HENDERSONVILLE,NC,28791,(828) 696-1000,true,Acute Care Hospitals
37089,340023,ADVENTHEALTH HENDERSONVILLE,HENDERSONVILLE,NC,28792,(828) 684-8501,true,Acute Care Hospitals
37091,340099,VIDANT ROANOKE CHOWAN HOSPITAL,AHOSKIE,NC,27910,(252) 209-3000,true,Acute Care Hospitals
37093,340188,CAPE FEAR VALLEY HOKE HOSPITAL,RAEFORD,NC,28376,(910) 904-8000,true,Acute Care Hospitals
37097,340039,IREDELL MEMORIAL HOSPITAL INC,STATESVILLE,NC,28677,(704) 878-5661,true,Acute Care Hospitals
37097,340129,DUKE HEALTH LAKE NORMAN HOSPITAL,MOORESVILLE,NC,28117,(704) 660-4000,true,Acute Care Hospitals
37097,344036,IREDELL DAVIS BEHAVIORAL HEALTH HOSPITAL,STATESVILLE,NC,28677,(704) 873-0281,true,Psychiatric
37099,340016,HARRIS REGIONAL HOSPITAL,SYLVA,NC,28779,(828) 586-7000,true,Acute Care Hospitals
37101,340090,JOHNSTON HEALTH,SMITHFIELD,NC,27577,(919) 934-8171,true,Acute Care Hospitals
37105,340020,CENTRAL CAROLINA HOSPITAL,SANFORD,NC,27330,(919) 774-2100,true,Acute Care Hospitals
37107,340027,UNC LENOIR HEALTH CARE,KINSTON,NC,28501,(252) 522-7000,true,Acute Care Hospitals
37109,340145,ATRIUM HEALTH LINCOLN,LINCOLNTON,NC,28092,(980) 212-2000,true,Acute Care Hospitals
37111,340087,THE MCDOWELL HOSPITAL,MARION,NC,28752,(828) 659-5000,true,Acute Care Hospitals
37113,341316,HIGHLANDS CASHIERS HOSPITAL,HIGHLANDS,NC,28741,(828) 526-1200,true,Critical Access Hospitals
37113,341326,ANGEL MEDICAL CENTER,FRANKLIN,NC,28734,(828) 524-8411,true,Critical Access Hospitals
37119,340053,NOVANT HEALTH PRESBYTERIAN MEDICAL CENTER,CHARLOTTE,NC,28233,(704) 384-4000,true,Acute Care Hospitals
37119,340098,ATRIUM HEALTH PINEVILLE,CHARLOTTE,NC,28210,(704) 379-5000,true,Acute Care Hospitals
37119,340113,CAROLINAS MEDICAL CENTER/BEHAV HEALTH,CHARLOTTE,NC,28203,(704) 355-2000,true,Acute Care Hospitals
37119,340166,ATRIUM HEALTH UNIVERSITY CITY,CHARLOTTE,NC,28262,(704) 548-6000,true,Acute Care Hospitals
37119,340171,NOVANT HEALTH MATTHEWS MEDICAL CENTER,MATTHEWS,NC,28106,(704) 384-6500,true,Acute Care Hospitals
37119,340183,NOVANT HEALTH HUNTERSVILLE MEDICAL CENTER,HUNTERSVILLE,NC,28078,(704) 316-4000,true,Acute Care Hospitals
37119,340190,NOVANT HEALTH MINT HILL MEDICAL CENTER,CHARLOTTE,NC,28215,(704) 384-4089,true,Acute Care Hospitals
37119,340195,NOVANT HEALTH BALLANTYNE MEDICAL CENTER,CHARLOTTE,NC,28277,(704) 384-4000,true,Acute Care Hospitals
37121,341329,BLUE RIDGE REGIONAL HOSPITAL,SPRUCE PINE,NC,28777,(828) 765-4201,true,Critical Access Hospitals
37123,341303,FIRSTHEALTH MONTGOMERY MEMORIAL HOSP,TROY,NC,27371,(910) 571-5000,true,Critical Access Hospitals
37125,340115,FIRSTHEALTH MOORE REGIONAL HOSPITAL,PINEHURST,NC,28374,(910) 715-1000,true,Acute Care Hospitals
37127,340147,UNC HEALTH NASH,ROCKY MOUNT,NC,27804,(252) 443-8000,true,Acute Care Hospitals
37129,340141,NOVANT HEALTH NEW HANOVER REGIONAL MEDICAL CENTER,WILMINGTON,NC,28402,(910) 343-7000,true,Acute Care Hospitals
37133,340042,ONSLOW MEMORIAL HOSPITAL,JACKSONVILLE,NC,28546,(910) 577-2345,true,Acute Care Hospitals
37133,34011F,NMC Camp Lejeune,Camp Lejeune,NC,28547,(910) 450-4300,true,Acute Care - Department of Defense
37133,344016,BRYNN MARR HOSP,JACKSONVILLE,NC,28540,(919) 577-1400,true,Psychiatric
37135,340061,UNC HOSPITALS,CHAPEL HILL,NC,27514,(919) 966-4141,true,Acute Care Hospitals
37139,340109,SENTARA ALBEMARLE MEDICAL CENTER,ELIZABETH CITY,NC,27909,(252) 335-0531,true,Acute Care Hospitals
37141,341307,PENDER MEMORIAL HOSPITAL,BURGAW,NC,28425,(910) 300-4004,true,Critical Access Hospitals
37145,340159,PERSON MEMORIAL HOSPITAL,ROXBORO,NC,27573,(336) 599-2121,true,Acute Care Hospitals
37147,340040,ECU HEALTH MEDICAL CENTER,GREENVILLE,NC,27834,(252) 847-4100,true,Acute Care Hospitals
37149,341322,ADVENT HEALTH POLK,COLUMBUS,NC,28722,(828) 894-3311,true,Critical Access Hospitals
37151,340123,RANDOLPH HOSPITAL,ASHEBORO,NC,27203,(336) 625-5151,true,Acute Care Hospitals
37155,340050,SOUTHEASTERN REGIONAL MEDICAL CENTER,LUMBERTON,NC,28359,(910) 671-5000,true,Acute Care Hospitals
37157,340060,UNC ROCKINGHAM,EDEN,NC,27288,(336) 623-9711,true,Acute Care Hospitals
37159,340015,NOVANT HEALTH ROWAN MEDICAL CENTER,SALISBURY,NC,28144,(704) 210-5000,true,Acute Care Hospitals
37159,34017F,W.G. (BILL) HEFNER SALISBURY VA MEDICAL CENTER (SALSBURY),SALISBURY,NC,28144,(704) 638-9000,true,Acute Care - Veterans Administration
37161,340013,RUTHERFORD REGIONAL MEDICAL CENTER,RUTHERFORDTON,NC,28139,(828) 286-5000,true,Acute Care Hospitals
37163,340024,SAMPSON REGIONAL MEDICAL CENTER,CLINTON,NC,28328,(910) 592-8511,true,Acute Care Hospitals
37165,340008,SCOTLAND MEMORIAL HOSPITAL,LAURINBURG,NC,28352,(910) 291-7000,true,Acute Care Hospitals
37167,340119,STANLY REGIONAL MEDICAL CENTER,ALBEMARLE,NC,28001,(704) 984-4000,true,Acute Care Hospitals
37169,341317,LIFEBRITE COMMUNITY HOSPITAL OF STOKES,DANBURY,NC,27016,(336) 593-2831,true,Critical Access Hospitals
37171,340003,NORTHERN REGIONAL HOSPITAL,MOUNT AIRY,NC,27030,(336) 719-7000,true,Acute Care Hospitals
37171,340097,HUGH CHATHAM MEMORIAL HOSPITAL,ELKIN,NC,28621,(336) 527-7000,true,Acute Care Hospitals
37173,340156,CHEROKEE INDIAN HOSPITAL AUTHORITY,CHEROKEE,NC,28719,(828) 497-9163,true,Acute Care Hospitals
37173,341305,DLP SWAIN COUNTY HOSPITAL LLC,BRYSON CITY,NC,28713,(828) 488-2155,true,Critical Access Hospitals
37175,341319,"TRANSYLVANIA REGIONAL HOSPITAL, INC",BREVARD,NC,28712,(828) 883-5302,true,Critical Access Hospitals
37179,340130,ATRIUM HEALTH UNION,MONROE,NC,28112,(704) 283-3100,true,Acute Care Hospitals
37181,340132,MARIA PARHAM MEDICAL CENTER,HENDERSON,NC,27536,(252) 431-3708,true,Acute Care Hospitals
37183,340069,"WAKEMED, RALEIGH CAMPUS",RALEIGH,NC,27610,(919) 350-8000,true,Acute Care Hospitals
37183,340114,REX HOSPITAL,RALEIGH,NC,27607,(919) 784-3100,true,Acute Care Hospitals
37183,340173,"WAKEMED, CARY HOSPITAL",CARY,NC,27518,(919) 350-2550,true,Acute Care Hospitals
37187,341314,WASHINGTON COUNTY HOSP INC,PLYMOUTH,NC,27962,(252) 793-4135,true,Critical Access Hospitals
37189,340051,WATAUGA MEDICAL CENTER,BOONE,NC,28607,(828) 262-4100,true,Acute Care Hospitals
37191,340010,UNC HEALTH CARE WAYNE,GOLDSBORO,NC,27534,(919) 736-1110,true,Acute Care Hospitals
37193,340064,WILKES REGIONAL MEDICAL CENTER,NORTH WILKESBORO,NC,28659,(336) 651-8100,true,Acute Care Hospitals
37195,340126,WILSON MEDICAL CENTER,WILSON,NC,27893,(252) 399-8040,true,Acute Care Hospitals
38001,351330,WEST RIVER REGIONAL MEDICAL CENTER,HETTINGER,ND,58639,(701) 567-4561,true,Critical Access Hospitals
38003,351324,CHI MERCY HEALTH,VALLEY CITY,ND,58072,(701) 845-6400,true,Critical Access Hospitals
38009,351307,ST ANDREW'S HOSPITAL,BOTTINEAU,ND,58318,(701) 228-9300,true,Critical Access Hospitals
38011,351313,SOUTHWEST HEALTHCARE SERVICES,BOWMAN,ND,58623,(701) 523-6555,true,Critical Access Hospitals
38015,350002,CHI ST ALEXIUS HEALTH,BISMARCK,ND,58501,(701) 530-7000,true,Acute Care Hospitals
38015,350015,SANFORD MEDICAL CENTER BISMARCK,BISMARCK,ND,58506,(701) 323-6000,true,Acute Care Hospitals
38017,350011,SANFORD MEDICAL CENTER FARGO,FARGO,ND,58122,(701) 234-2000,true,Acute Care Hospitals
38017,35002F,FARGO VA MEDICAL CENTER,FARGO,ND,58102,(701) 232-3241,true,Acute Care - Veterans Administration
38017,350070,ESSENTIA HEALTH,FARGO,ND,58104,(701) 364-8000,true,Acute Care Hospitals
38019,351323,CAVALIER COUNTY MEMORIAL HOSPITAL ASSOCIATION,LANGDON,ND,58249,(701) 256-6100,true,Critical Access Hospitals
38021,351315,CHI OAKES HOSPITAL,OAKES,ND,58474,(701) 742-3291,true,Critical Access Hospitals
38023,351325,ST LUKE'S HOSPITAL,CROSBY,ND,58730,(701) 965-6384,true,Critical Access Hospitals
38029,351328,LINTON HOSPITAL - CAH,LINTON,ND,58552,(701) 254-4511,true,Critical Access Hospitals
38031,351318,CARRINGTON HEALTH CENTER,CARRINGTON,ND,58421,(701) 652-3141,true,Critical Access Hospitals
38035,350019,ALTRU HOSPITAL,GRAND FORKS,ND,58201,(701) 780-5000,true,Acute Care Hospitals
38035,351312,NORTHWOOD DEACONESS HEALTH CENTER,NORTHWOOD,ND,58267,(701) 587-6060,true,Critical Access Hospitals
38037,351314,JACOBSON MEMORIAL HOSPITAL CARE CENTER,ELGIN,ND,58533,(701) 584-2792,true,Critical Access Hospitals
38039,351306,COOPERSTOWN MEDICAL CENTER,COOPERSTOWN,ND,58425,(701) 797-2221,true,Critical Access Hospitals
38051,351321,SOUTH CENTRAL HEALTH,WISHEK,ND,58495,(701) 452-2326,true,Critical Access Hospitals
38051,351322,ASHLEY MEDICAL CENTER,ASHLEY,ND,58413,(701) 288-3433,true,Critical Access Hospitals
38053,351302,MCKENZIE COUNTY HEALTHCARE SYSTEMS INC,WATFORD CITY,ND,58854,(701) 842-3000,true,Critical Access Hospitals
38055,351303,GARRISON MEMORIAL HOSPITAL,GARRISON,ND,58540,(701) 463-2275,true,Critical Access Hospitals
38055,351304,CHI ST ALEXIUS HEALTH TURTLE LAKE,TURTLE LAKE,ND,58575,(701) 448-2331,true,Critical Access Hospitals
38057,351310,SAKAKAWEA MEDICAL CENTER - CAH,HAZEN,ND,58545,(701) 748-2225,true,Critical Access Hospitals
38061,351301,MOUNTRAIL COUNTY MEDICAL CENTER INC,STANLEY,ND,58784,(701) 628-2424,true,Critical Access Hospitals
38063,351308,NELSON COUNTY HEALTH SYSTEM,MCVILLE,ND,58254,(701) 322-4328,true,Critical Access Hospitals
38067,351319,PEMBINA COUNTY MEMORIAL HOSPITAL,CAVALIER,ND,58220,(701) 265-8461,true,Critical Access Hospitals
38069,351332,HEART OF AMERICA MEDICAL CENTER,RUGBY,ND,58368,(701) 776-5261,true,Critical Access Hospitals
38071,351333,CHI ST ALEXIUS HEALTH DEVILS LAKE,DEVILS LAKE,ND,58301,(701) 662-2131,true,Critical Access Hospitals
38073,351311,LISBON AREA HEALTH SERVICES,LISBON,ND,58054,(701) 683-6400,true,Critical Access Hospitals
38079,350063,P H S INDIAN HOSP AT BELCOURT-QUENTIN N BURDICK,BELCOURT,ND,58316,(701) 477-6111,true,Acute Care Hospitals
38079,351316,PRESENTATION MEDICAL CENTER,ROLLA,ND,58367,(701) 477-3161,true,Critical Access Hospitals
38085,351364,STANDING ROCK SERVICE UNIT,"FORT YATES,",ND,58538,(701) 854-3831,true,Critical Access Hospitals
38089,351336,CHI ST ALEXIUS HEALTH DICKINSON,DICKINSON,ND,58601,(701) 456-4000,true,Critical Access Hospitals
38093,351335,JAMESTOWN REGIONAL MEDICAL CENTER,JAMESTOWN,ND,58401,(701) 252-1050,true,Critical Access Hospitals
38095,351331,TOWNER COUNTY MEDICAL CENTER,CANDO,ND,58324,(701) 968-4411,true,Critical Access Hospitals
38097,351309,SANFORD MAYVILLE,MAYVILLE,ND,58257,(701) 788-3800,true,Critical Access Hospitals
38097,351329,SANFORD HILLSBORO,HILLSBORO,ND,58045,(701) 636-3200,true,Critical Access Hospitals
38099,351320,UNITY MEDICAL CENTER,GRAFTON,ND,58237,(701) 352-1620,true,Critical Access Hospitals
38099,351326,FIRST CARE HEALTH CENTER,PARK RIVER,ND,58270,(701) 284-7500,true,Critical Access Hospitals
38101,350006,TRINITY HOSPITALS,MINOT,ND,58701,(701) 857-5000,true,Acute Care Hospitals
38101,351305,TRINITY KENMARE COMMUNITY HOSPITAL,KENMARE,ND,58746,(701) 385-4296,true,Critical Access Hospitals
38103,351327,SMP HEALTH ST ALOISIUS,HARVEY,ND,58341,(701) 324-4651,true,Critical Access Hospitals
38105,351300,TIOGA MEDICAL CENTER,TIOGA,ND,58852,(701) 664-3305,true,Critical Access Hospitals
38105,351334,CHI ST ALEXIUS HEALTH WILLISTON,WILLISTON,ND,58801,(701) 774-7400,true,Critical Access Hospitals
39001,361326,ADAMS COUNTY REGIONAL MEDICAL CENTER,SEAMAN,OH,45679,(937) 386-3400,true,Critical Access Hospitals
39003,360009,LIMA MEMORIAL HEALTH SYSTEM,LIMA,OH,45804,(419) 998-4731,true,Acute Care Hospitals
39003,360066,MERCY HEALTH ST RITAS MEDICAL CENTER,LIMA,OH,45801,(419) 227-3361,true,Acute Care Hospitals
39003,361322,BLUFFTON HOSPITAL,BLUFFTON,OH,45817,(419) 358-9010,true,Critical Access Hospitals
39007,360125,ASHTABULA COUNTY MEDICAL CENTER,ASHTABULA,OH,44004,(440) 997-2262,true,Acute Care Hospitals
39007,361307,UHHS MEMORIAL HOSPITAL OF GENEVA,GENEVA,OH,44041,(440) 415-0151,true,Critical Access Hospitals
39007,361308,UNIVERSITY HOSPITALS CONNEAUT MEDICAL CENTER,CONNEAUT,OH,44030,(440) 593-1131,true,Critical Access Hospitals
39009,360014,OHIOHEALTH O'BLENESS HOSPITAL,ATHENS,OH,45701,(740) 593-5551,true,Acute Care Hospitals
39011,360032,GRAND LAKE HEALTH SYSTEM,SAINT MARYS,OH,45885,(419) 394-3335,true,Acute Care Hospitals
39013,361321,"BARNESVILLE HOSPITAL ASSOCIATION, INC",BARNESVILLE,OH,43713,(740) 425-3941,true,Critical Access Hospitals
39017,360046,MCCULLOUGH-HYDE MEMORIAL HOSPITAL,OXFORD,OH,45056,(513) 523-2111,true,Acute Care Hospitals
39017,360056,MERCY HEALTH - FAIRFIELD HOSPITAL,FAIRFIELD,OH,45014,(513) 870-7000,true,Acute Care Hospitals
39017,360132,FORT HAMILTON HUGHES MEMORIAL HOSPITAL,HAMILTON,OH,45013,(513) 867-2123,true,Acute Care Hospitals
39017,360354,WEST CHESTER HOSPITAL,WEST CHESTER,OH,45069,(513) 298-7701,true,Acute Care Hospitals
39021,361312,MERCY HEALTH - URBANA HOSPITAL,URBANA,OH,43078,(937) 653-5231,true,Critical Access Hospitals
39023,360086,SPRINGFIELD REGIONAL MEDICAL CENTER,SPRINGFIELD,OH,45504,(937) 523-5500,true,Acute Care Hospitals
39025,360236,MERCY HEALTH - CLERMONT HOSPITAL,BATAVIA,OH,45103,(513) 732-8278,true,Acute Care Hospitals
39029,360096,EAST LIVERPOOL CITY HOSPITAL,EAST LIVERPOOL,OH,43920,(330) 385-7200,true,Acute Care Hospitals
39029,360185,SALEM REGIONAL MEDICAL CENTER,SALEM,OH,44460,(330) 332-7214,true,Acute Care Hospitals
39031,360109,COSHOCTON REGIONAL MEDICAL CENTER,COSHOCTON,OH,43812,(740) 622-6411,true,Acute Care Hospitals
39033,361316,BUCYRUS COMMUNITY HOSPITAL,BUCYRUS,OH,44820,(419) 563-9376,true,Critical Access Hospitals
39035,36001F,LOUIS STOKES CLEVELAND VA MEDICAL CENTER,CLEVELAND,OH,44106,(216) 791-3800,true,Acute Care - Veterans Administration
39035,360059,METROHEALTH SYSTEM,CLEVELAND,OH,44109,(216) 778-7089,true,Acute Care Hospitals
39035,360077,FAIRVIEW HOSPITAL,CLEVELAND,OH,44111,(216) 476-7000,true,Acute Care Hospitals
39035,360087,LUTHERAN HOSPITAL,CLEVELAND,OH,44113,(216) 696-4300,true,Acute Care Hospitals
39035,360123,UH ST JOHN MEDICAL CENTER,WESTLAKE,OH,44145,(440) 835-8000,true,Acute Care Hospitals
39035,360137,UH CLEVELAND MEDICAL CENTER,CLEVELAND,OH,44106,(216) 844-1000,true,Acute Care Hospitals
39035,360143,MARYMOUNT HOSPITAL,GARFIELD HEIGHTS,OH,44125,(216) 587-8210,true,Acute Care Hospitals
39035,360155,SOUTHWEST GENERAL HEALTH CENTER,MIDDLEBURG HEIGHTS,OH,44130,(440) 816-8000,true,Acute Care Hospitals
39035,360180,CLEVELAND CLINIC,CLEVELAND,OH,44195,(216) 952-9829,true,Acute Care Hospitals
39035,360359,UNIVERSITY HOSPITALS AHUJA MEDICAL CENTER,BEACHWOOD,OH,44122,(216) 593-5511,true,Acute Care Hospitals
39035,360367,LAKE HEALTH BEACHWOOD MEDICAL CENTER,BEACHWOOD,OH,44122,(216) 545-4800,true,Acute Care Hospitals
39037,361335,WAYNE HOSPITAL,GREENVILLE,OH,45331,(937) 548-1141,true,Critical Access Hospitals
39039,360270,MERCY HEALTH - DEFIANCE HOSPITAL,DEFIANCE,OH,43512,(419) 782-8444,true,Acute Care Hospitals
39039,361328,PROMEDICA DEFIANCE REGIONAL HOSPITAL,DEFIANCE,OH,43512,(419) 783-6955,true,Critical Access Hospitals
39041,360210,GRADY MEMORIAL HOSPITAL,DELAWARE,OH,43015,(740) 368-5145,true,Acute Care Hospitals
39043,360025,FIRELANDS REGIONAL MEDICAL CENTER,SANDUSKY,OH,44870,(419) 557-7400,true,Acute Care Hospitals
39045,360072,FAIRFIELD MEDICAL CENTER,LANCASTER,OH,43130,(740) 687-8000,true,Acute Care Hospitals
39047,361331,ADENA FAYETTE MEDICAL CENTER,WASHINGTON CH,OH,43160,(740) 335-1210,true,Critical Access Hospitals
39049,360006,RIVERSIDE METHODIST HOSPITAL,COLUMBUS,OH,43214,(614) 566-5000,true,Acute Care Hospitals
39049,360012,MOUNT CARMEL ST ANN'S,WESTERVILLE,OH,43081,(614) 546-4034,true,Acute Care Hospitals
39049,360017,GRANT MEDICAL CENTER,COLUMBUS,OH,43215,(614) 566-9164,true,Acute Care Hospitals
39049,360035,MOUNT CARMEL EAST & WEST,COLUMBUS,OH,43213,(614) 234-5000,true,Acute Care Hospitals
39049,360085,OHIO STATE UNIVERSITY STATE HEALTH SYSTEM,COLUMBUS,OH,43210,(614) 293-9700,true,Acute Care Hospitals
39049,360152,DOCTORS HOSPITAL,COLUMBUS,OH,43228,(614) 544-2136,true,Acute Care Hospitals
39049,360348,DUBLIN METHODIST HOSPITAL,DUBLIN,OH,43016,(614) 544-8000,true,Acute Care Hospitals
39049,360358,DILEY RIDGE MEDICAL CENTER,CANAL WINCHESTER,OH,43110,(614) 838-7911,true,Acute Care Hospitals
39049,360375,MOUNT CARMEL DUBLIN,DUBLIN,OH,43016,(380) 898-9000,true,Acute Care Hospitals
39049,363305,NATIONWIDE CHILDREN'S HOSPITAL,COLUMBUS,OH,43205,(614) 722-2000,true,Childrens
39049,364007,TWIN VALLEY BEHAVIORAL HEALTHCARE,COLUMBUS,OH,43223,(614) 752-0333,true,Psychiatric
39051,361333,FULTON COUNTY HEALTH CENTER,WAUSEON,OH,43567,(419) 335-2015,true,Critical Access Hospitals
39053,360054,HOLZER MEDICAL CENTER,GALLIPOLIS,OH,45631,(740) 446-5030,true,Acute Care Hospitals
39055,360075,UH REGIONAL HOSPITALS,CHARDON,OH,44024,(440) 285-6246,true,Acute Care Hospitals
39057,360026,KETTERING HEALTH GREENE MEMORIAL,XENIA,OH,45385,(937) 352-2000,true,Acute Care Hospitals
39057,36006F,88th Medical Group (Wright-Patterson AFB),Wright-Patterson AFB,OH,45433,(937) 257-9926,true,Acute Care - Department of Defense
39057,360360,SOIN MEDICAL CENTER,BEAVER CREEK,OH,45431,(937) 702-4000,true,Acute Care Hospitals
39059,360203,SOUTHEASTERN OHIO REGIONAL MEDICAL CENTER,CAMBRIDGE,OH,43725,(740) 439-8000,true,Acute Care Hospitals
39061,360001,MERCY HEALTH-ANDERSON HOSPITAL,CINCINNATI,OH,45255,(513) 624-4500,true,Acute Care Hospitals
39061,360003,"UNIVERSITY OF CINCINNATI MEDICAL CENTER, LLC",CINCINNATI,OH,45219,(513) 584-1000,true,Acute Care Hospitals
39061,360016,THE JEWISH HOSPITAL-MERCY HEALTH,CINCINNATI,OH,45236,(513) 686-3000,true,Acute Care Hospitals
39061,36003F,CINCINNATI VA MEDICAL CENTER,CINCINNATI,OH,45220,(513) 861-3100,true,Acute Care - Veterans Administration
39061,360134,GOOD SAMARITAN HOSPITAL,CINCINNATI,OH,45220,(513) 862-2601,true,Acute Care Hospitals
39061,360163,CHRIST HOSPITAL,CINCINNATI,OH,45219,(513) 585-2000,true,Acute Care Hospitals
39061,360179,BETHESDA NORTH,CINCINNATI,OH,45242,(513) 865-1111,true,Acute Care Hospitals
39061,360234,MERCY HEALTH - WEST HOSPITAL,CINCINNATI,OH,45211,(513) 215-5000,true,Acute Care Hospitals
39061,363300,CINCINNATI CHILDREN'S HOSPITAL MEDICAL CENTER,CINCINNATI,OH,45229,(513) 636-3333,true,Childrens
39061,364056,ASSURANCE HEALTH CINCINNATI LLC,CINCINNATI,OH,45242,(513) 469-7800,true,Psychiatric
39065,361315,HARDIN MEMORIAL HOSPITAL,KENTON,OH,43326,(419) 673-0761,true,Critical Access Hospitals
39067,361311,HARRISON COMMUNITY HOSPITAL,CADIZ,OH,43907,(740) 942-8625,true,Critical Access Hospitals
39069,361309,"HENRY COUNTY HOSPITAL, INC",NAPOLEON,OH,43545,(419) 592-4015,true,Critical Access Hospitals
39071,361304,GREENFIELD AREA MEDICAL CENTER,GREENFIELD,OH,45123,(937) 981-9400,true,Critical Access Hospitals
39071,361332,HIGHLAND DISTRICT HOSPITAL,HILLSBORO,OH,45133,(937) 393-6100,true,Critical Access Hospitals
39073,361330,HOCKING VALLEY COMMUNITY HOSPITAL,LOGAN,OH,43138,(740) 380-8000,true,Critical Access Hospitals
39075,360148,POMERENE HOSPITAL,MILLERSBURG,OH,44654,(330) 674-1015,true,Acute Care Hospitals
39077,360065,FISHER-TITUS HOSPITAL,NORWALK,OH,44857,(419) 668-8101,true,Acute Care Hospitals
39077,361310,MERCY HEALTH - WILLARD HOSPITAL,WILLARD,OH,44890,(419) 964-5000,true,Critical Access Hospitals
39079,361320,HOLZER MEDICAL CENTER JACKSON,JACKSON,OH,45640,(740) 395-8500,true,Critical Access Hospitals
39081,360211,TRINITY MEDICAL CTR EAST &TRINITY MEDICAL CTR WEST,STEUBENVILLE,OH,43952,(740) 264-7212,true,Acute Care Hospitals
39083,360040,KNOX COMMUNITY HOSPITAL,MOUNT VERNON,OH,43050,(740) 393-9000,true,Acute Care Hospitals
39085,360098,LAKE HEALTH,CONCORD,OH,44077,(440) 953-9600,true,Acute Care Hospitals
39089,360218,LICKING MEMORIAL HOSPITAL,NEWARK,OH,43055,(740) 348-4000,true,Acute Care Hospitals
39091,360197,MARY RUTAN HOSPITAL,BELLEFONTAINE,OH,43311,(937) 651-3257,true,Acute Care Hospitals
39093,360172,MERCY REGIONAL MEDICAL CENTER,LORAIN,OH,44053,(440) 960-4000,true,Acute Care Hospitals
39093,360364,CLEVELAND CLINIC AVON HOSPITAL,AVON,OH,44011,(440) 695-5000,true,Acute Care Hospitals
39093,361306,MERCY ALLEN HOSPITAL,OBERLIN,OH,44074,(440) 334-7039,true,Critical Access Hospitals
39095,360048,UNIVERSITY OF TOLEDO MEDICAL CENTER,TOLEDO,OH,43614,(419) 383-3407,true,Acute Care Hospitals
39095,360068,PROMEDICA TOLEDO HOSPITAL,TOLEDO,OH,43606,(419) 291-7463,true,Acute Care Hospitals
39095,360112,MERCY ST VINCENT MEDICAL CENTER,TOLEDO,OH,43608,(419) 251-3232,true,Acute Care Hospitals
39095,360259,BAY PARK COMMUNITY HOSPITAL,OREGON,OH,43616,(419) 690-7706,true,Acute Care Hospitals
39095,364014,NORTHWEST OHIO PSYCHIATRIC HOSPITAL,TOLEDO,OH,43614,(419) 381-1881,true,Psychiatric
39097,360189,MADISON HEALTH,LONDON,OH,43140,(740) 845-7000,true,Acute Care Hospitals
39099,360064,MH ST ELIZABETH YOUNGSTOWN HOSPITAL,YOUNGSTOWN,OH,44501,(330) 480-3022,true,Acute Care Hospitals
39099,360276,HMHP ST ELIZABETH BOARDMAN HEALTH CENTER,BOARDMAN,OH,44512,(330) 729-2929,true,Acute Care Hospitals
39101,360011,MARION GENERAL HOSPITAL,MARION,OH,43302,(740) 383-8400,true,Acute Care Hospitals
39103,360091,MEDINA HOSPITAL,MEDINA,OH,44256,(330) 725-1000,true,Acute Care Hospitals
39103,361303,LODI COMMUNITY HOSPITAL,LODI,OH,44254,(330) 948-1222,true,Critical Access Hospitals
39109,360174,UPPER VALLEY MEDICAL CENTER,TROY,OH,45373,(937) 440-7853,true,Acute Care Hospitals
39109,360368,KETTERING HEALTH TROY,TROY,OH,45373,(937) 980-7000,true,Acute Care Hospitals
39113,360051,MIAMI VALLEY HOSPITAL,DAYTON,OH,45409,(937) 208-3023,true,Acute Care Hospitals
39113,360079,KETTERING HEALTH MAIN CAMPUS,KETTERING,OH,45429,(937) 298-4331,true,Acute Care Hospitals
39113,36007F,DAYTON VA MEDICAL CENTER,DAYTON,OH,45428,(937) 268-6511,true,Acute Care - Veterans Administration
39113,360239,KETTERING HEALTH MIAMISBURG,MIAMISBURG,OH,45342,(937) 384-8760,true,Acute Care Hospitals
39113,363306,DAYTON CHILDRENS HOSPITAL,DAYTON,OH,45404,(937) 641-5509,true,Childrens
39117,361313,OHIOHEALTH MORROW COUNTY HOSPITAL,MOUNT GILEAD,OH,43338,(419) 946-5015,true,Critical Access Hospitals
39119,360039,GENESIS HOSPITAL,ZANESVILLE,OH,43701,(740) 454-5000,true,Acute Care Hospitals
39123,361314,MAGRUDER HOSPITAL,PORT CLINTON,OH,43452,(419) 734-3131,true,Critical Access Hospitals
39125,361300,PAULDING COUNTY HOSPITAL,PAULDING,OH,45879,(419) 399-4080,true,Critical Access Hospitals
39129,360170,BERGER HOSPITAL,CIRCLEVILLE,OH,43113,(740) 420-8008,true,Acute Care Hospitals
39131,361334,ADENA PIKE MEDICAL CENTER,WAVERLY,OH,45690,(740) 947-2186,true,Critical Access Hospitals
39133,360078,UNIVERSITY HOSPITALS PORTAGE MEDICAL CENTER,RAVENNA,OH,44266,(330) 297-2300,true,Acute Care Hospitals
39139,360118,OHIOHEALTH MANSFIELD HOSPITAL,MANSFIELD,OH,44903,(419) 526-8000,true,Acute Care Hospitals
39139,360365,AVITA ONTARIO,ONTARIO,OH,44906,(419) 462-4534,true,Acute Care Hospitals
39139,361324,OHIOHEALTH SHELBY HOSPITAL,SHELBY,OH,44875,(419) 342-5015,true,Critical Access Hospitals
39141,360159,ADENA REGIONAL MEDICAL CENTER,CHILLICOTHE,OH,45601,(740) 779-7500,true,Acute Care Hospitals
39145,360008,SOUTHERN OHIO MEDICAL CENTER,PORTSMOUTH,OH,45662,(740) 356-8435,true,Acute Care Hospitals
39145,360361,KINGS DAUGHTERS MEDICAL CENTER OHIO,PORTSMOUTH,OH,45662,(740) 991-4000,true,Acute Care Hospitals
39147,360089,MERCY HEALTH - TIFFIN HOSPITAL,TIFFIN,OH,44883,(419) 455-7000,true,Acute Care Hospitals
39149,360013,WILSON MEMORIAL HOSPITAL,SIDNEY,OH,45365,(937) 498-5405,true,Acute Care Hospitals
39151,360070,MERCY MEDICAL CENTER,CANTON,OH,44708,(330) 489-1111,true,Acute Care Hospitals
39151,360084,AULTMAN HOSPITAL,CANTON,OH,44710,(330) 363-9911,true,Acute Care Hospitals
39151,360131,ALLIANCE COMMUNITY HOSPITAL,ALLIANCE,OH,44601,(330) 596-6000,true,Acute Care Hospitals
39153,360020,SUMMA HEALTH SYSTEM,AKRON,OH,44309,(330) 375-3000,true,Acute Care Hospitals
39153,360027,AKRON GENERAL MEDICAL CENTER,AKRON,OH,44307,(330) 344-6000,true,Acute Care Hospitals
39153,360150,SUMMA WESTERN RESERVE HOSPITAL,CUYAHOGA FALLS,OH,44223,(330) 971-7000,true,Acute Care Hospitals
39155,360055,INSIGHT HOSPITAL AND MEDICAL CENTER TRUMBULL,WARREN,OH,44482,(330) 841-9011,true,Acute Care Hospitals
39155,360161,MH ST JOSEPH WARREN HOSPITAL,WARREN,OH,44484,(330) 841-4016,true,Acute Care Hospitals
39157,360010,UNION HOSPITAL,DOVER,OH,44622,(330) 343-3311,true,Acute Care Hospitals
39157,361302,TWIN CITY MEDICAL CENTER,DENNISON,OH,44621,(740) 922-2800,true,Critical Access Hospitals
39159,360092,MEMORIAL HOSPITAL,MARYSVILLE,OH,43040,(937) 644-6115,true,Acute Care Hospitals
39161,364047,RIDGEVIEW HOSPITAL,MIDDLE POINT,OH,45863,(419) 968-2950,true,Psychiatric
39165,360076,ATRIUM MEDICAL CENTER,FRANKLIN,OH,45005,(513) 420-5102,true,Acute Care Hospitals
39165,360374,MERCY HEALTH KINGS MILLS HOSPITAL LLC,MASON,OH,45040,(513) 637-9999,true,Acute Care Hospitals
39167,360147,MARIETTA MEMORIAL HOSPITAL,MARIETTA,OH,45750,(740) 374-1400,true,Acute Care Hospitals
39167,361319,SELBY GENERAL HOSPITAL,MARIETTA,OH,45750,(740) 568-2000,true,Critical Access Hospitals
39169,360036,WOOSTER COMMUNITY HOSPITAL,WOOSTER,OH,44691,(330) 263-8348,true,Acute Care Hospitals
39169,361323,AULTMAN ORRVILLE HOSPITAL,ORRVILLE,OH,44667,(330) 682-3010,true,Critical Access Hospitals
39171,361327,COMMUNITY HOSPITALS AND WELLNESS CENTERS,MONTPELIER,OH,43543,(419) 636-1131,true,Critical Access Hospitals
39173,360029,WOOD COUNTY HOSPITAL,BOWLING GREEN,OH,43402,(419) 354-8900,true,Acute Care Hospitals
39175,361329,WYANDOT MEMORIAL HOSPITAL,UPPER SANDUSKY,OH,43351,(419) 294-4991,true,Critical Access Hospitals
40001,370178,MEMORIAL HOSPITAL,STILWELL,OK,74960,(918) 696-3101,true,Acute Care Hospitals
40005,371300,ATOKA COUNTY MEDICAL CENTER,ATOKA,OK,74525,(580) 889-3333,true,Critical Access Hospitals
40007,371322,BEAVER COUNTY MEMORIAL HOSPITAL,BEAVER,OK,73932,(580) 625-4551,true,Critical Access Hospitals
40009,370019,GREAT PLAINS REGIONAL MEDICAL CENTER,ELK CITY,OK,73644,(580) 225-2511,true,Acute Care Hospitals
40011,371302,"MERCY HOSPITAL WATONGA, INC",WATONGA,OK,73772,(580) 623-7211,true,Critical Access Hospitals
40011,371327,OKEENE MUNICIPAL HOSPITAL,OKEENE,OK,73763,(580) 822-4417,true,Critical Access Hospitals
40013,370014,ALLIANCEHEALTH DURANT,DURANT,OK,74702,(405) 924-3080,true,Acute Care Hospitals
40015,371314,THE PHYSICIANS' HOSPITAL IN ANADARKO,ANADARKO,OK,73005,(405) 247-2551,true,Critical Access Hospitals
40015,371334,CARNEGIE TRI-COUNTY MUNICIPAL HOSPITAL,CARNEGIE,OK,73015,(580) 654-1050,true,Critical Access Hospitals
40017,370211,INTEGRIS CANADIAN VALLEY HOSPITAL,YUKON,OK,73099,(405) 717-6800,true,Acute Care Hospitals
40019,370047,"MERCY HOSPITAL ARDMORE, INC",ARDMORE,OK,73401,(580) 223-5400,true,Acute Care Hospitals
40019,370247,EXCEPTIONAL COMMUNITY HOSPITAL ARDMORE,ARDMORE,OK,73401,(469) 341-7800,true,Acute Care Hospitals
40019,371310,"MERCY HOSPITAL HEALDTON, INC.",HEALDTON,OK,73438,(580) 229-0701,true,Critical Access Hospitals
40021,370089,NORTHEASTERN HEALTH SYSTEM,TAHLEQUAH,OK,74465,(918) 456-0641,true,Acute Care Hospitals
40021,370171,CHEROKEE NATION W W HASTINGS INDIAN HOSPITAL,TAHLEQUAH,OK,74464,(918) 458-3100,true,Acute Care Hospitals
40023,370100,CHOCTAW MEMORIAL HOSPITAL,HUGO,OK,74743,(580) 317-9500,true,Acute Care Hospitals
40025,371307,CIMARRON MEMORIAL HOSPITAL,BOISE CITY,OK,73933,(580) 544-2501,true,Critical Access Hospitals
40027,370008,NORMAN REGIONAL,NORMAN,OK,73072,(405) 307-1050,true,Acute Care Hospitals
40027,374027,BEHAVIORAL HEALTH CENTER AT PORTER HEALTH VILLAGE,NORMAN,OK,73071,(405) 754-1309,true,Psychiatric
40029,371319,"COAL COUNTY GENERAL HOSPITAL, INC.",COALGATE,OK,74538,(580) 927-2327,true,Critical Access Hospitals
40031,370056,MEMORIAL HEALTH,LAWTON,OK,73505,(580) 355-8620,true,Acute Care Hospitals
40031,370097,SOUTHWESTERN MEDICAL CENTER,LAWTON,OK,73505,(405) 531-4701,true,Acute Care Hospitals
40035,370237,"SAINT FRANCIS HOSPITAL VINITA, INC",VINITA,OK,74301,(918) 256-7551,true,Acute Care Hospitals
40037,370246,CARRUS LAKESIDE HOSPITAL,BRISTOW,OK,74010,(918) 367-2215,true,Acute Care Hospitals
40037,371312,ASCENSION ST JOHN SAPULPA,SAPULPA,OK,74066,(918) 224-4280,true,Critical Access Hospitals
40037,371331,DRUMRIGHT REGIONAL HOSPITAL,DRUMRIGHT,OK,74030,(918) 382-2300,true,Critical Access Hospitals
40039,370245,CLINTON REGIONAL HOSPITAL,CLINTON,OK,73601,(580) 323-0346,true,Acute Care Hospitals
40039,370784,CLINTON REGIONAL HOSPITAL,CLINTON,OK,73601,(580) 323-0346,true,Rural Emergency Hospital
40039,371323,"WEATHERFORD REGIONAL HOSPITAL, INC OF WEATHERFORD",WEATHERFORD,OK,73096,(580) 772-5551,true,Critical Access Hospitals
40041,370113,INTEGRIS GROVE HOSPITAL,GROVE,OK,74344,(918) 786-2243,true,Acute Care Hospitals
40043,371332,SEILING MUNICIPAL HOSPITAL,SEILING,OK,73663,(580) 922-7361,true,Critical Access Hospitals
40045,371336,NEWMAN MEMORIAL HOSPITAL,SHATTUCK,OK,73858,(580) 938-2551,true,Critical Access Hospitals
40047,370016,INTEGRIS HEALTH ENID HOSPITAL,ENID,OK,73701,(580) 233-2300,true,Acute Care Hospitals
40047,370026,ST MARY'S REGIONAL MEDICAL CENTER,ENID,OK,73701,(580) 233-6100,true,Acute Care Hospitals
40049,370214,LINDSAY MUNICIPAL HOSPITAL,LINDSAY,OK,73052,(405) 756-1404,true,Acute Care Hospitals
40049,370243,VALLEY COMMUNITY HOSPITAL,PAULS VALLEY,OK,73075,(405) 866-5100,true,Acute Care Hospitals
40051,370054,GRADY MEMORIAL HOSPITAL,CHICKASHA,OK,73018,(405) 224-2300,true,Acute Care Hospitals
40055,371330,MANGUM REGIONAL MEDICAL CENTER,MANGUM,OK,73554,(580) 782-3353,true,Critical Access Hospitals
40057,371338,HARMON MEMORIAL HOSPITAL,HOLLIS,OK,73550,(580) 688-3363,true,Critical Access Hospitals
40059,370781,HARPER COUNTY COMMUNITY HOSPITAL,BUFFALO,OK,73834,(580) 735-2555,true,Rural Emergency Hospital
40061,371335,"HASKELL REGIONAL HOSPITAL, INC",STIGLER,OK,74462,(918) 967-4682,true,Critical Access Hospitals
40063,371321,HOLDENVILLE GENERAL HOSPITAL,HOLDENVILLE,OK,74848,(405) 379-4200,true,Critical Access Hospitals
40065,370022,JACKSON COUNTY MEMORIAL HOSPITAL AUTHORITY,ALTUS,OK,73521,(580) 379-5500,true,Acute Care Hospitals
40067,371311,JEFFERSON COUNTY HOSPITAL,WAURIKA,OK,73573,(580) 228-2344,true,Critical Access Hospitals
40069,371304,MERCY HOSPITAL TISHOMINGO INC,TISHOMINGO,OK,73460,(580) 371-2327,true,Critical Access Hospitals
40071,370006,INTEGRIS HEALTH PONCA CITY,PONCA CITY,OK,74601,(580) 765-3321,true,Acute Care Hospitals
40071,370780,STILLWATER MEDICAL-BLACKWELL,BLACKWELL,OK,74631,(580) 363-2311,true,Rural Emergency Hospital
40073,371313,"MERCY HOSPITAL KINGFISHER, INC",KINGFISHER,OK,73750,(405) 375-3141,true,Critical Access Hospitals
40075,370783,ELKVIEW GENERAL HOSPITAL,HOBART,OK,73651,(580) 726-3324,true,Rural Emergency Hospital
40077,370172,CHOCTAW NATION HEALTH SERVICES AUTHORITY,TALIHINA,OK,74571,(918) 567-7000,true,Acute Care Hospitals
40079,371337,EASTERN OKLAHOMA MEDICAL CENTER,POTEAU,OK,74953,(918) 647-8167,true,Critical Access Hospitals
40081,371301,PRAGUE REGIONAL MEMORIAL HOSPITAL,PRAGUE,OK,74864,(405) 567-4922,true,Critical Access Hospitals
40081,371316,RURAL WELLNESS STROUD HOSPITAL,STROUD,OK,74079,(918) 968-3571,true,Critical Access Hospitals
40083,371317,MERCY HOSPITAL LOGAN COUNTY,GUTHRIE,OK,73044,(405) 282-6700,true,Critical Access Hospitals
40085,371306,MERCY HOSPITAL MARIETTA,MARIETTA,OK,73448,(580) 276-3347,true,Critical Access Hospitals
40087,370158,PURCELL MUNICIPAL HOSPITAL,PURCELL,OK,73080,(405) 527-6524,true,Acute Care Hospitals
40089,371342,MCCURTAIN MEMORIAL HOSPITAL,IDABEL,OK,74745,(580) 286-7623,true,Critical Access Hospitals
40093,371329,FAIRVIEW REGIONAL MEDICAL CENTER AUTHORITY,FAIRVIEW,OK,73737,(580) 227-3721,true,Critical Access Hospitals
40095,371326,ALLIANCEHEALTH MADILL,MADILL,OK,73446,(580) 795-3384,true,Critical Access Hospitals
40097,370015,HILLCREST HOSPITAL PRYOR,PRYOR,OK,74361,(918) 825-1600,true,Acute Care Hospitals
40099,371328,ARBUCKLE MEMORIAL HOSPITAL AUTHORITY,SULPHUR,OK,73086,(580) 622-2161,true,Critical Access Hospitals
40101,370025,SAINT FRANCIS HOSPITAL MUSKOGEE,MUSKOGEE,OK,74401,(918) 682-5501,true,Acute Care Hospitals
40101,37012F,MUSKOGEE VA MEDICAL CENTER,MUSKOGEE,OK,74401,(918) 577-3000,true,Acute Care - Veterans Administration
40103,370779,STILLWATER MEDICAL - PERRY,PERRY,OK,73077,(580) 336-3541,true,Rural Emergency Hospital
40105,371305,ASCENSION ST JOHN NOWATA,NOWATA,OK,74048,(918) 273-3102,true,Critical Access Hospitals
40107,371333,CREEK NATION COMMUNITY HOSPITAL,OKEMAH,OK,74859,(918) 623-1424,true,Critical Access Hospitals
40109,370013,"MERCY HOSPITAL OKLAHOMA CITY, INC",OKLAHOMA CITY,OK,73120,(405) 755-1515,true,Acute Care Hospitals
40109,370028,"INTEGRIS BAPTIST MEDICAL CENTER, INC",OKLAHOMA CITY,OK,73112,(405) 949-3011,true,Acute Care Hospitals
40109,370037,SSM HEALTH ST ANTHONY HOSPITAL - OKLAHOMA CITY,OKLAHOMA CITY,OK,73101,(405) 272-7000,true,Acute Care Hospitals
40109,370093,O U MEDICAL CENTER,OKLAHOMA CITY,OK,73104,(405) 271-5911,true,Acute Care Hospitals
40109,370094,SSM HEALTH ST ANTHONY HOSPITAL - MIDWEST,MIDWEST CITY,OK,73110,(405) 610-4411,true,Acute Care Hospitals
40109,370106,INTEGRIS SOUTHWEST MEDICAL CENTER,OKLAHOMA CITY,OK,73109,(405) 636-7000,true,Acute Care Hospitals
40109,37014F,OKLAHOMA CITY VA MEDICAL CENTER,OKLAHOMA CITY,OK,73104,(405) 270-0501,true,Acute Care - Veterans Administration
40109,370192,NORTHWEST SURGICAL HOSPITAL,OKLAHOMA CITY,OK,73120,(405) 848-1918,true,Acute Care Hospitals
40109,370199,"LAKESIDE WOMEN'S HOSPITAL, A MEMBER OF INTEGRIS HE",OKLAHOMA CITY,OK,73120,(405) 936-1500,true,Acute Care Hospitals
40109,370201,SURGICAL HOSPITAL OF OKLAHOMA,OKLAHOMA CITY,OK,73129,(405) 634-9300,true,Acute Care Hospitals
40109,370203,"COMMUNITY HOSPITAL, LLC",OKLAHOMA CITY,OK,73159,(405) 486-6491,true,Acute Care Hospitals
40109,370206,OKLAHOMA SPINE HOSPITAL,OKLAHOMA CITY,OK,73134,(405) 749-2700,true,Acute Care Hospitals
40109,370212,OKLAHOMA CENTER FOR ORTHOPAEDIC & MULTI-SP,OKLAHOMA CITY,OK,73139,(405) 602-6500,true,Acute Care Hospitals
40109,370215,"OKLAHOMA HEART HOSPITAL, LLC",OKLAHOMA CITY,OK,73120,(405) 608-3200,true,Acute Care Hospitals
40109,370220,ONECORE HEALTH,OKLAHOMA CITY,OK,73114,(405) 631-3085,true,Acute Care Hospitals
40109,370222,MCBRIDE ORTHOPEDIC HOSPITAL,OKLAHOMA CITY,OK,73114,(405) 486-2100,true,Acute Care Hospitals
40109,370225,"SUMMIT MEDICAL CENTER, LLC",EDMOND,OK,73034,(405) 359-2400,true,Acute Care Hospitals
40109,370234,"OKLAHOMA HEART HOSPITAL SOUTH, LLC",OKLAHOMA CITY,OK,73135,(405) 628-6000,true,Acute Care Hospitals
40109,370236,INTEGRIS HEALTH EDMOND HOSPITAL,EDMOND,OK,73034,(405) 657-3000,true,Acute Care Hospitals
40109,373303,"THE CHILDREN'S CENTER, INC",BETHANY,OK,73008,(405) 789-6711,true,Childrens
40111,370057,MUSCOGEE (CREEK) NATION MEDICAL CENTER,OKMULGEE,OK,74447,(918) 756-4233,true,Acute Care Hospitals
40111,370183,HILLCREST HOSPITAL HENRYETTA,HENRYETTA,OK,74437,(918) 650-1511,true,Acute Care Hospitals
40113,371309,"PAWHUSKA HOSPITAL, INC",PAWHUSKA,OK,74056,(918) 287-3232,true,Critical Access Hospitals
40113,371318,RURAL WELLNESS FAIRFAX HOSPITAL,FAIRFAX,OK,74637,(918) 642-3291,true,Critical Access Hospitals
40115,370004,INTEGRIS MIAMI HOSPITAL,MIAMI,OK,74355,(918) 542-6611,true,Acute Care Hospitals
40117,371320,CLEVELAND AREA HOSPITAL,CLEVELAND,OK,74020,(918) 358-2501,true,Critical Access Hospitals
40119,370049,STILLWATER MEDICAL CENTER,STILLWATER,OK,74076,(405) 372-1480,true,Acute Care Hospitals
40119,370099,HILLCREST HOSPITAL CUSHING,CUSHING,OK,74023,(918) 225-8152,true,Acute Care Hospitals
40121,370034,MCALESTER REGIONAL HEALTH CENTER,MCALESTER,OK,74501,(918) 426-1800,true,Acute Care Hospitals
40123,370020,MERCY HOSPITAL ADA,ADA,OK,74820,(580) 332-2323,true,Acute Care Hospitals
40123,370180,CHICKASAW NATION MEDICAL CENTER,ADA,OK,74820,(580) 436-3980,true,Acute Care Hospitals
40125,370149,SSM HEALTH ST ANTHONY HOSPITAL - SHAWNEE,SHAWNEE,OK,74801,(405) 273-2270,true,Acute Care Hospitals
40127,370083,PUSHMATAHA HOSPITAL,ANTLERS,OK,74523,(580) 298-3341,true,Acute Care Hospitals
40129,371303,ROGER MILLS MEMORIAL HOSPITAL,CHEYENNE,OK,73628,(580) 497-3336,true,Critical Access Hospitals
40131,370039,HILLCREST HOSPITAL CLAREMORE,CLAREMORE,OK,74017,(918) 341-2556,true,Acute Care Hospitals
40131,370173,CLAREMORE INDIAN HOSPITAL,CLAREMORE,OK,74017,(918) 341-8430,true,Acute Care Hospitals
40135,370112,SEQUOYAH COUNTY-CITY OF SALLISAW HOSPITAL AUTHORIT,SALLISAW,OK,74955,(918) 774-1100,true,Acute Care Hospitals
40137,370023,"DUNCAN REGIONAL HOSPITAL, INC",DUNCAN,OK,73533,(580) 252-5300,true,Acute Care Hospitals
40139,371340,MEMORIAL HOSPITAL OF TEXAS COUNTY AUTHORITY,GUYMON,OK,73942,(580) 338-6515,true,Critical Access Hospitals
40143,370001,HILLCREST MEDICAL CENTER,TULSA,OK,74104,(918) 579-1000,true,Acute Care Hospitals
40143,370078,OKLAHOMA STATE UNIVERSITY MEDICAL CENTER,TULSA,OK,74127,(918) 599-1000,true,Acute Care Hospitals
40143,370091,"SAINT FRANCIS HOSPITAL, INC",TULSA,OK,74136,(918) 494-8467,true,Acute Care Hospitals
40143,370114,ASCENSION ST JOHN MEDICAL CENTER,TULSA,OK,74104,(918) 744-2296,true,Acute Care Hospitals
40143,370202,HILLCREST HOSPITAL SOUTH,TULSA,OK,74133,(918) 294-4499,true,Acute Care Hospitals
40143,370210,"OKLAHOMA SURGICAL HOSPITAL, LLC",TULSA,OK,74137,(918) 477-5000,true,Acute Care Hospitals
40143,370216,TULSA SPINE & SPECIALTY HOSPITAL,TULSA,OK,74132,(918) 388-5701,true,Acute Care Hospitals
40143,370218,"SAINT FRANCIS HOSPITAL SOUTH, LLC",TULSA,OK,74133,(918) 307-6010,true,Acute Care Hospitals
40143,370227,ST JOHN OWASSO,OWASSO,OK,74055,(918) 274-5100,true,Acute Care Hospitals
40143,370228,"BAILEY MEDICAL CENTER, LLC",OWASSO,OK,74055,(918) 376-8000,true,Acute Care Hospitals
40143,370235,ASCENSION ST JOHN BROKEN ARROW,BROKEN ARROW,OK,74012,(918) 994-8100,true,Acute Care Hospitals
40145,370166,WAGONER COMMUNITY HOSPITAL,WAGONER,OK,74467,(918) 485-5514,true,Acute Care Hospitals
40147,370018,ASCENSION ST JOHN JANE PHILLIPS,BARTLESVILLE,OK,74006,(918) 333-7200,true,Acute Care Hospitals
40149,371325,CORDELL MEMORIAL HOSPITAL,CORDELL,OK,73632,(580) 832-3339,true,Critical Access Hospitals
40151,371341,SHARE MEDICAL CENTER,ALVA,OK,73717,(580) 430-3355,true,Critical Access Hospitals
40153,370002,Integris Health Woodward Hospital,WOODWARD,OK,73801,(580) 256-5511,true,Acute Care Hospitals
41001,381315,ST. ALPHONSUS MEDICAL CENTER - BAKER CITY,BAKER CITY,OR,97814,(541) 523-6461,true,Critical Access Hospitals
41003,380014,GOOD SAMARITAN REGIONAL MEDICAL CENTER,CORVALLIS,OR,97339,(541) 768-5111,true,Acute Care Hospitals
41005,380038,PROVIDENCE WILLAMETTE FALLS MEDICAL CENTER,OREGON CITY,OR,97045,(503) 656-1631,true,Acute Care Hospitals
41005,380091,KAISER SUNNYSIDE MEDICAL CENTER,CLACKAMAS,OR,97015,(503) 652-2880,true,Acute Care Hospitals
41007,381303,PROVIDENCE SEASIDE HOSPITAL,SEASIDE,OR,97138,(503) 717-7000,true,Critical Access Hospitals
41007,381320,COLUMBIA MEMORIAL HOSPITAL,ASTORIA,OR,97103,(503) 325-4321,true,Critical Access Hospitals
41011,380090,BAY AREA HOSPITAL,COOS BAY,OR,97420,(541) 269-8111,true,Acute Care Hospitals
41011,381304,SOUTHERN COOS HOSPITAL & HEALTH CENTER,BANDON,OR,97411,(541) 347-2426,true,Critical Access Hospitals
41011,381312,COQUILLE VALLEY HOSPITAL,COQUILLE,OR,97423,(541) 396-3101,true,Critical Access Hospitals
41013,381313,ST CHARLES MEDICAL CENTER PRINEVILLE,PRINEVILLE,OR,97754,(541) 447-6254,true,Critical Access Hospitals
41015,381322,CURRY GENERAL HOSPITAL,GOLD BEACH,OR,97444,(541) 247-3000,true,Critical Access Hospitals
41017,380047,ST CHARLES MEDICAL CENTER - BEND,BEND,OR,97701,(541) 382-4321,true,Acute Care Hospitals
41019,380027,MERCY MEDICAL CENTER,ROSEBURG,OR,97471,(541) 673-0611,true,Acute Care Hospitals
41019,38004F,VA ROSEBURG HEALTHCARE SYSTEM,ROSEBURG,OR,97471,(541) 440-1000,true,Acute Care - Veterans Administration
41019,381311,LOWER UMPQUA HOSPITAL DISTRICT,REEDSPORT,OR,97467,(541) 271-2171,true,Critical Access Hospitals
41023,381305,BLUE MOUNTAIN HOSPITAL,JOHN DAY,OR,97845,(541) 575-1311,true,Critical Access Hospitals
41025,381307,HARNEY DISTRICT HOSPITAL,BURNS,OR,97720,(541) 573-7281,true,Critical Access Hospitals
41027,381318,PROVIDENCE HOOD RIVER MEMORIAL HOSPITAL,HOOD RIVER,OR,97031,(541) 386-3911,true,Critical Access Hospitals
41029,380005,ASANTE ASHLAND COMMUNITY HOSPITAL,ASHLAND,OR,97520,(541) 482-2441,true,Acute Care Hospitals
41029,380018,ASANTE ROGUE REGIONAL MEDICAL CENTER,MEDFORD,OR,97504,(541) 789-7000,true,Acute Care Hospitals
41029,380075,PROVIDENCE MEDFORD MEDICAL CENTER,MEDFORD,OR,97504,(541) 732-5000,true,Acute Care Hospitals
41031,381324,ST CHARLES MADRAS,MADRAS,OR,97741,(541) 475-3882,true,Critical Access Hospitals
41033,380002,ASANTE THREE RIVERS MEDICAL CENTER,GRANTS PASS,OR,97527,(541) 472-7000,true,Acute Care Hospitals
41035,380050,SKY LAKES MEDICAL CENTER,KLAMATH FALLS,OR,97601,(541) 882-6311,true,Acute Care Hospitals
41037,381309,LAKE DISTRICT HOSPITAL,LAKEVIEW,OR,97630,(541) 947-2114,true,Critical Access Hospitals
41039,380020,MCKENZIE-WILLAMETTE MEDICAL CENTER,SPRINGFIELD,OR,97477,(541) 726-4402,true,Acute Care Hospitals
41039,380102,SACRED HEART MEDICAL CENTER - RIVERBEND,SPRINGFIELD,OR,97477,(541) 222-7300,true,Acute Care Hospitals
41039,381301,PEACEHEALTH COTTAGE GROVE COMMUNITY MEDICAL CENTER,COTTAGE GROVE,OR,97424,(541) 942-0511,true,Critical Access Hospitals
41039,381316,PEACE HARBOR MEDICAL CENTER,FLORENCE,OR,97439,(541) 997-8412,true,Critical Access Hospitals
41041,381302,SAMARITAN NORTH LINCOLN HOSPITAL,LINCOLN CITY,OR,97367,(541) 994-3661,true,Critical Access Hospitals
41041,381314,SAMARITAN PACIFIC COMMUNITY HOSPITAL,NEWPORT,OR,97365,(541) 265-2244,true,Critical Access Hospitals
41043,380022,SAMARITAN ALBANY GENERAL HOSPITAL,ALBANY,OR,97321,(541) 812-4000,true,Acute Care Hospitals
41043,381323,SAMARITAN LEBANON COMMUNITY HOSPITAL,LEBANON,OR,97355,(541) 258-2101,true,Critical Access Hospitals
41045,380052,SAINT ALPHONSUS MEDICAL CENTER ONTARIO,ONTARIO,OR,97914,(541) 881-7000,true,Acute Care Hospitals
41047,380029,LEGACY SILVERTON MEDICAL CENTER,SILVERTON,OR,97381,(503) 873-1500,true,Acute Care Hospitals
41047,380051,SALEM HOSPITAL,SALEM,OR,97301,(503) 561-5200,true,Acute Care Hospitals
41047,380056,SANTIAM HOSPITAL & CLINICS,STAYTON,OR,97383,(503) 769-2175,true,Acute Care Hospitals
41049,381310,PIONEER MEMORIAL HOSPITAL,HEPPNER,OR,97836,(541) 676-9133,true,Critical Access Hospitals
41051,380007,LEGACY EMANUEL MEDICAL CENTER,PORTLAND,OR,97227,(503) 413-2200,true,Acute Care Hospitals
41051,380009,OHSU HOSPITAL AND CLINICS,PORTLAND,OR,97239,(503) 494-9000,true,Acute Care Hospitals
41051,380017,LEGACY GOOD SAMARITAN MEDICAL CENTER,PORTLAND,OR,97210,(503) 413-7682,true,Acute Care Hospitals
41051,380025,LEGACY MOUNT HOOD MEDICAL CENTER,GRESHAM,OR,97030,(503) 674-1122,true,Acute Care Hospitals
41051,38003F,PORTLAND VA MEDICAL CENTER,PORTLAND,OR,97239,(503) 220-8262,true,Acute Care - Veterans Administration
41051,380060,ADVENTIST HEALTH PORTLAND,PORTLAND,OR,97216,(503) 257-2500,true,Acute Care Hospitals
41051,380061,PROVIDENCE PORTLAND MEDICAL CENTER,PORTLAND,OR,97213,(503) 215-1111,true,Acute Care Hospitals
41053,381308,SALEM HEALTH WEST VALLEY,DALLAS,OR,97338,(503) 623-8301,true,Critical Access Hospitals
41057,381317,ADVENTIST HEALTH TILLAMOOK,TILLAMOOK,OR,97141,(503) 815-2260,true,Critical Access Hospitals
41059,381319,ST ANTHONY HOSPITAL,PENDLETON,OR,97801,(541) 276-5121,true,Critical Access Hospitals
41059,381325,GOOD SHEPHERD MEDICAL CENTER,HERMISTON,OR,97838,(541) 667-3400,true,Critical Access Hospitals
41061,381321,GRANDE RONDE HOSPITAL,LA GRANDE,OR,97850,(541) 963-8421,true,Critical Access Hospitals
41063,381306,WALLOWA MEMORIAL HOSPITAL,ENTERPRISE,OR,97828,(541) 426-3111,true,Critical Access Hospitals
41065,380001,MID-COLUMBIA MEDICAL CENTER,THE DALLES,OR,97058,(541) 296-1111,true,Acute Care Hospitals
41067,380004,PROVIDENCE ST VINCENT MEDICAL CENTER,PORTLAND,OR,97225,(503) 216-1234,true,Acute Care Hospitals
41067,380021,HILLSBORO MEDICAL CENTER,HILLSBORO,OR,97123,(503) 681-1111,true,Acute Care Hospitals
41067,380089,LEGACY MERIDIAN PARK MEDICAL CENTER,TUALATIN,OR,97062,(503) 692-1212,true,Acute Care Hospitals
41067,380103,KAISER FOUNDATION HOSPITAL WESTSIDE,HILLSBORO,OR,97124,(971) 310-0100,true,Acute Care Hospitals
41071,380037,PROVIDENCE NEWBERG MEDICAL CENTER,NEWBERG,OR,97132,(503) 537-1555,true,Acute Care Hospitals
41071,380071,WILLAMETTE VALLEY MEDICAL CENTER,MCMINNVILLE,OR,97128,(503) 472-6131,true,Acute Care Hospitals
42001,390065,GETTYSBURG HOSPITAL,GETTYSBURG,PA,17325,(717) 334-2121,true,Acute Care Hospitals
42003,390002,UPMC MCKEESPORT HOSPITAL,MC KEESPORT,PA,15132,(412) 664-2000,true,Acute Care Hospitals
42003,390028,UPMC MERCY,PITTSBURGH,PA,15219,(412) 232-8111,true,Acute Care Hospitals
42003,390032,ALLEGHENY VALLEY HOSPITAL,NATRONA,PA,15065,(412) 224-5100,true,Acute Care Hospitals
42003,390037,HERITAGE VALLEY SEWICKLEY,SEWICKLEY,PA,15143,(412) 741-6600,true,Acute Care Hospitals
42003,390050,ALLEGHENY GENERAL HOSPITAL,PITTSBURGH,PA,15212,(412) 359-3131,true,Acute Care Hospitals
42003,390090,WEST PENN HOSPITAL,PITTSBURGH,PA,15224,(412) 578-5000,true,Acute Care Hospitals
42003,390102,UPMC ST MARGARET,PITTSBURGH,PA,15215,(412) 784-4000,true,Acute Care Hospitals
42003,390107,UPMC PASSAVANT,PITTSBURGH,PA,15237,(412) 367-6700,true,Acute Care Hospitals
42003,390114,MAGEE WOMENS HOSPITAL OF UPMC HEALTH SYSTEM,PITTSBURGH,PA,15213,(412) 641-4010,true,Acute Care Hospitals
42003,39012F,VA PITTSBURGH HEALTHCARE SYSTEM - UNIV DR,PITTSBURGH,PA,15240,(412) 688-6100,true,Acute Care - Veterans Administration
42003,390164,UPMC PRESBYTERIAN SHADYSIDE,PITTSBURGH,PA,15213,(412) 647-2345,true,Acute Care Hospitals
42003,390228,ST CLAIR HOSPITAL,PITTSBURGH,PA,15243,(412) 942-4000,true,Acute Care Hospitals
42003,390265,JEFFERSON HOSPITAL,JEFFERSON HILLS,PA,15025,(412) 469-5000,true,Acute Care Hospitals
42003,390267,FORBES HOSPITAL,MONROEVILLE,PA,15146,(412) 858-2000,true,Acute Care Hospitals
42003,390328,UPMC EAST,MONROEVILLE,PA,15146,(412) 357-3000,true,Acute Care Hospitals
42003,390334,AHN WEXFORD HOSPITAL,WEXFORD,PA,15090,(412) 295-3319,true,Acute Care Hospitals
42003,393302,UPMC CHILDREN'S HOSPITAL OF PITTSBURGH,PITTSBURGH,PA,15224,(412) 692-5325,true,Childrens
42005,390163,ACMH HOSPITAL,KITTANNING,PA,16201,(724) 543-8500,true,Acute Care Hospitals
42007,390036,HERITAGE VALLEY BEAVER,BEAVER,PA,15009,(412) 728-7000,true,Acute Care Hospitals
42009,390117,UPMC BEDFORD MEMORIAL,EVERETT,PA,15537,(814) 623-6161,true,Acute Care Hospitals
42011,390044,READING HOSPITAL,WEST READING,PA,19611,(610) 988-8000,true,Acute Care Hospitals
42011,390096,PENN STATE HEALTH ST. JOSEPH,READING,PA,19605,(610) 378-2000,true,Acute Care Hospitals
42013,390062,CONEMAUGH NASON MEDICAL CENTER,ROARING SPRING,PA,16673,(814) 224-2141,true,Acute Care Hospitals
42013,390073,UPMC ALTOONA,ALTOONA,PA,16601,(814) 889-2011,true,Acute Care Hospitals
42013,391307,PENN HIGHLANDS TYRONE,TYRONE,PA,16686,(814) 684-1255,true,Critical Access Hospitals
42015,390079,ROBERT PACKER HOSPITAL,SAYRE,PA,18840,(570) 888-6666,true,Acute Care Hospitals
42015,391305,TROY COMMUNITY HOSPITAL,TROY,PA,16947,(570) 297-2121,true,Critical Access Hospitals
42017,390035,ST LUKE'S HOSPITAL - UPPER BUCKS CAMPUS,QUAKERTOWN,PA,18951,(267) 985-1000,true,Acute Care Hospitals
42017,390057,ST LUKE'S HOSPITAL - GRAND VIEW CAMPUS,SELLERSVILLE,PA,18960,(215) 453-4000,true,Acute Care Hospitals
42017,390070,LOWER BUCKS HOSPITAL,BRISTOL,PA,19007,(215) 785-9200,true,Acute Care Hospitals
42017,390203,DOYLESTOWN HOSPITAL,DOYLESTOWN,PA,18901,(215) 345-2200,true,Acute Care Hospitals
42017,390258,ST MARY MEDICAL CENTER,LANGHORNE,PA,19047,(215) 750-2003,true,Acute Care Hospitals
42019,390168,INDEPENDENCE HEALTH SYSTEM BUTLER MEMORIAL HOSPITA,BUTLER,PA,16001,(724) 284-4403,true,Acute Care Hospitals
42021,390110,CONEMAUGH MEMORIAL MEDICAL CENTER,JOHNSTOWN,PA,15905,(814) 534-9000,true,Acute Care Hospitals
42021,391317,CONEMAUGH MINERS MEDICAL CENTER,HASTINGS,PA,16646,(814) 247-3101,true,Critical Access Hospitals
42025,390335,ST LUKE'S HOSPITAL - CARBON CAMPUS,LEHIGHTON,PA,18235,(610) 377-7001,true,Acute Care Hospitals
42027,390268,MOUNT NITTANY MEDICAL CENTER,STATE COLLEGE,PA,16803,(814) 231-7000,true,Acute Care Hospitals
42027,394040,MEADOWS PSYCHIATRIC CENTER,CENTRE HALL,PA,16828,(814) 364-2161,true,Psychiatric
42029,390127,PHOENIXVILLE HOSPITAL,PHOENIXVILLE,PA,19460,(610) 983-1000,true,Acute Care Hospitals
42029,390153,PAOLI HOSPITAL,PAOLI,PA,19301,(610) 648-1000,true,Acute Care Hospitals
42029,390179,CHESTER COUNTY HOSPITAL,WEST CHESTER,PA,19380,(610) 431-5000,true,Acute Care Hospitals
42031,390093,INDEPENDENCE HEALTH SYSTEM CLARION HOSPITAL,CLARION,PA,16214,(814) 226-9500,true,Acute Care Hospitals
42031,394043,CLARION PSYCHIATRIC CENTER,CLARION,PA,16214,(814) 226-9545,true,Psychiatric
42033,390086,PENN HIGHLANDS DUBOIS,DUBOIS,PA,15801,(814) 371-2200,true,Acute Care Hospitals
42035,391304,BUCKTAIL MEDICAL CENTER,RENOVO,PA,17764,(570) 923-1000,true,Critical Access Hospitals
42037,390003,GEISINGER-BLOOMSBURG HOSPITAL,BLOOMSBURG,PA,17815,(570) 387-2118,true,Acute Care Hospitals
42039,390113,MEADVILLE MEDICAL CENTER,MEADVILLE,PA,16335,(814) 333-5000,true,Acute Care Hospitals
42039,391314,TITUSVILLE AREA HOSPITAL,TITUSVILLE,PA,16354,(814) 827-1851,true,Critical Access Hospitals
42041,390004,PENN STATE HEALTH HOLY SPIRIT MEDICAL CENTER,CAMP HILL,PA,17011,(717) 763-2100,true,Acute Care Hospitals
42041,390058,UPMC CARLISLE,CARLISLE,PA,17015,(717) 249-1212,true,Acute Care Hospitals
42041,390336,PENN STATE HEALTH HAMPDEN MEDICAL CENTER,ENOLA,PA,17025,(717) 981-9000,true,Acute Care Hospitals
42043,390067,UPMC PINNACLE HOSPITALS,HARRISBURG,PA,17104,(717) 782-3131,true,Acute Care Hospitals
42043,390256,MILTON S HERSHEY MEDICAL CENTER,HERSHEY,PA,17033,(717) 531-8521,true,Acute Care Hospitals
42043,394051,PENNSYLVANIA PSYCHIATRIC INSTITUTE,HARRISBURG,PA,17110,(717) 782-4742,true,Psychiatric
42045,390156,MERCY CATHOLIC MEDICAL CENTER- MERCY FITZGERALD,DARBY,PA,19023,(215) 237-4000,true,Acute Care Hospitals
42045,390180,CROZER CHESTER MEDICAL CENTER,UPLAND,PA,19013,(610) 447-2000,true,Acute Care Hospitals
42045,390222,RIDDLE MEMORIAL HOSPITAL,MEDIA,PA,19063,(610) 566-9400,true,Acute Care Hospitals
42047,391315,PENN HIGHLANDS ELK,SAINT MARYS,PA,15857,(814) 788-8000,true,Critical Access Hospitals
42049,390009,SAINT VINCENT HOSPITAL,ERIE,PA,16544,(814) 452-5111,true,Acute Care Hospitals
42049,390063,UPMC HAMOT,ERIE,PA,16550,(814) 877-6000,true,Acute Care Hospitals
42049,390198,LECOM MEDICAL CENTER AND BEHAVIORAL HEALTH PAV,ERIE,PA,16509,(814) 864-4031,true,Acute Care Hospitals
42049,391308,LECOM HEALTH CORRY MEMORIAL HOSPITAL,CORRY,PA,16407,(814) 664-4641,true,Critical Access Hospitals
42051,390041,UNIONTOWN HOSPITAL,UNIONTOWN,PA,15401,(724) 430-5000,true,Acute Care Hospitals
42051,390184,PENN HIGHLANDS CONNELLSVILLE,CONNELLSVILLE,PA,15425,(724) 628-1500,true,Acute Care Hospitals
42055,390138,WELLSPAN WAYNESBORO HOSPITAL,WAYNESBORO,PA,17268,(717) 765-4000,true,Acute Care Hospitals
42055,390151,WELLSPAN CHAMBERSBURG HOSPITAL,CHAMBERSBURG,PA,17201,(717) 267-3000,true,Acute Care Hospitals
42057,391303,FULTON COUNTY MEDICAL CENTER,MCCONNELLSBURG,PA,17233,(717) 485-3155,true,Critical Access Hospitals
42059,390150,UPMC GREENE,WAYNESBURG,PA,15370,(724) 627-2602,true,Acute Care Hospitals
42061,390056,PENN HIGHLANDS HUNTINGDON,HUNTINGDON,PA,16652,(814) 643-2290,true,Acute Care Hospitals
42063,390173,INDIANA REGIONAL MEDICAL CENTER,INDIANA,PA,15701,(724) 357-7000,true,Acute Care Hospitals
42065,390199,PUNXSUTAWNEY AREA HOSPITAL,PUNXSUTAWNEY,PA,15767,(814) 938-1800,true,Acute Care Hospitals
42065,391312,PENN HIGHLANDS BROOKVILLE,BROOKVILLE,PA,15825,(814) 849-2312,true,Critical Access Hospitals
42069,390001,GEISINGER-COMMUNITY MEDICAL CENTER,SCRANTON,PA,18510,(570) 703-8000,true,Acute Care Hospitals
42069,390237,REGIONAL HOSPITAL OF SCRANTON,SCRANTON,PA,18501,(570) 348-7100,true,Acute Care Hospitals
42069,390338,LEHIGH VALLEY HOSPITAL - DICKSON CITY,DICKSON CITY,PA,18519,(570) 330-5000,true,Acute Care Hospitals
42071,390068,UPMC LITITZ,LITITZ,PA,17543,(717) 625-2000,true,Acute Care Hospitals
42071,390100,LANCASTER GENERAL HOSPITAL,LANCASTER,PA,17602,(717) 544-5511,true,Acute Care Hospitals
42071,390225,WELLSPAN EPHRATA COMMUNITY HOSPITAL,EPHRATA,PA,17522,(717) 733-0311,true,Acute Care Hospitals
42071,390339,PENN STATE HEALTH LANCASTER MEDICAL CENTER,LANCASTER,PA,17601,(223) 287-9000,true,Acute Care Hospitals
42073,390016,UPMC JAMESON,NEW CASTLE,PA,16105,(724) 656-4100,true,Acute Care Hospitals
42075,390066,WELLSPAN GOOD SAMARITAN HOSPITAL,LEBANON,PA,17042,(717) 270-7500,true,Acute Care Hospitals
42075,39006F,LEBANON VA MEDICAL CENTER,LEBANON,PA,17042,(717) 228-5901,true,Acute Care - Veterans Administration
42077,390133,LEHIGH VALLEY HOSPITAL,ALLENTOWN,PA,18103,(610) 402-8000,true,Acute Care Hospitals
42077,390430,LEHIGH VALLEY HOSPITAL - MACUNGIE,MACUNGIE,PA,18062,(835) 215-5500,true,Acute Care Hospitals
42079,390137,WILKES-BARRE GENERAL HOSPITAL,WILKES-BARRE,PA,18764,(570) 829-8111,true,Acute Care Hospitals
42079,39013F,WILKES BARRE VA MEDICAL CENTER,WILKES-BARRE,PA,18711,(570) 824-3521,true,Acute Care - Veterans Administration
42079,390185,LEHIGH VALLEY HOSPITAL - HAZLETON,HAZLETON,PA,18201,(570) 501-4000,true,Acute Care Hospitals
42079,390270,GEISINGER WYOMING VALLEY MEDICAL CENTER,WILKES BARRE,PA,18711,(570) 826-7300,true,Acute Care Hospitals
42081,390045,UPMC WILLIAMSPORT,WILLIAMSPORT,PA,17701,(570) 321-1000,true,Acute Care Hospitals
42081,391300,GEISINGER JERSEY SHORE HOSPITAL,JERSEY SHORE,PA,17740,(570) 398-3101,true,Critical Access Hospitals
42081,391301,UPMC MUNCY,MUNCY,PA,17756,(570) 546-8282,true,Critical Access Hospitals
42083,391318,UPMC KANE,KANE,PA,16735,(814) 837-8585,true,Critical Access Hospitals
42085,390178,UPMC HORIZON,GREENVILLE,PA,16125,(724) 588-2100,true,Acute Care Hospitals
42085,390211,SHARON REGIONAL MEDICAL CENTER,SHARON,PA,16146,(724) 983-3911,true,Acute Care Hospitals
42085,390266,GROVE CITY MEDICAL CENTER,GROVE CITY,PA,16127,(724) 450-7000,true,Acute Care Hospitals
42087,390048,GEISINGER-LEWISTOWN HOSPITAL,LEWISTOWN,PA,17044,(717) 248-5411,true,Acute Care Hospitals
42089,390201,LEHIGH VALLEY HOSPITAL - POCONO,EAST STROUDSBURG,PA,18301,(570) 421-4000,true,Acute Care Hospitals
42089,390330,ST LUKE'S HOSPITAL - MONROE CAMPUS,STROUDSBURG,PA,18360,(272) 212-1000,true,Acute Care Hospitals
42091,390012,JEFFERSON LANSDALE HOSPITAL,LANSDALE,PA,19446,(215) 368-2100,true,Acute Care Hospitals
42091,390097,HOLY REDEEMER HOSPITAL AND MEDICAL CENTER,MEADOWBROOK,PA,19046,(215) 947-3000,true,Acute Care Hospitals
42091,390116,SUBURBAN COMMUNITY HOSPITAL,NORRISTOWN,PA,19401,(610) 278-2000,true,Acute Care Hospitals
42091,390123,POTTSTOWN HOSPITAL,POTTSTOWN,PA,19464,(610) 327-7000,true,Acute Care Hospitals
42091,390139,BRYN MAWR HOSPITAL,BRYN MAWR,PA,19010,(610) 526-3000,true,Acute Care Hospitals
42091,390195,MAIN LINE HOSPITAL LANKENAU,WYNNEWOOD,PA,19096,(610) 645-2000,true,Acute Care Hospitals
42091,390231,JEFFERSON ABINGTON HOSPITAL,ABINGTON,PA,19001,(215) 481-2000,true,Acute Care Hospitals
42091,390329,JEFFERSON EINSTEIN MONTGOMERY HOSPITAL,EAST NORRITON,PA,19403,(484) 662-1000,true,Acute Care Hospitals
42091,394034,HORSHAM CLINIC,AMBLER,PA,19002,(215) 643-7800,true,Psychiatric
42093,390006,GEISINGER MEDICAL CENTER,DANVILLE,PA,17822,(570) 271-6211,true,Acute Care Hospitals
42093,394063,GEISINGER BEHAVIORAL HEALTH CENTER DANVILLE,DANVILLE,PA,17821,(570) 271-9200,true,Psychiatric
42095,390049,ST LUKES HOSPITAL,BETHLEHEM,PA,18015,(484) 526-4000,true,Acute Care Hospitals
42095,390162,ST LUKE'S HOSPITAL - EASTON CAMPUS,EASTON,PA,18042,(610) 250-4076,true,Acute Care Hospitals
42101,390026,TEMPLE HEALTH - CHESTNUT HILL HOSPITAL,PHILADELPHIA,PA,19118,(215) 248-8200,true,Acute Care Hospitals
42101,390027,TEMPLE UNIVERSITY HOSPITAL,PHILADELPHIA,PA,19140,(215) 707-2000,true,Acute Care Hospitals
42101,39009F,PHILADELPHIA VA MEDICAL CENTER,PHILADELPHIA,PA,19104,(215) 823-5857,true,Acute Care - Veterans Administration
42101,390111,HOSPITAL OF UNIV OF PENNSYLVANIA,PHILADELPHIA,PA,19104,(215) 662-6289,true,Acute Care Hospitals
42101,390115,JEFFERSON HEALTH- NORTHEAST,PHILADELPHIA,PA,19114,(215) 612-4000,true,Acute Care Hospitals
42101,390142,JEFFERSON EINSTEIN PHILADELPHIA HOSPITAL,PHILADELPHIA,PA,19141,(215) 456-6090,true,Acute Care Hospitals
42101,390174,THOMAS JEFFERSON UNIVERSITY HOSPITAL,PHILADELPHIA,PA,19107,(215) 955-6000,true,Acute Care Hospitals
42101,390204,NAZARETH HOSPITAL,PHILADELPHIA,PA,19152,(215) 335-6000,true,Acute Care Hospitals
42101,390223,PENN PRESBYTERIAN MEDICAL CENTER,PHILADELPHIA,PA,19104,(215) 662-8000,true,Acute Care Hospitals
42101,390226,PENNSYLVANIA HOSPITAL,PHILADELPHIA,PA,19107,(215) 829-3000,true,Acute Care Hospitals
42101,390304,ROXBOROUGH MEMORIAL HOSPITAL,PHILADELPHIA,PA,19128,(215) 483-9900,true,Acute Care Hospitals
42101,393303,CHILDREN'S HOSPITAL OF PHILADELPHIA,PHILADELPHIA,PA,19104,(215) 590-1000,true,Childrens
42101,393307,ST CHRISTOPHER'S HOSPITAL FOR CHILDREN,PHILADELPHIA,PA,19134,(215) 427-5000,true,Childrens
42105,391313,UPMC COLE,COUDERSPORT,PA,16915,(814) 274-9301,true,Critical Access Hospitals
42107,390030,SCHUYLKILL MEDICAL CENTER - SOUTH JACKSON STREET,POTTSVILLE,PA,17901,(570) 621-5102,true,Acute Care Hospitals
42107,390183,ST LUKE'S MINERS MEMORIAL HOSPITAL,COALDALE,PA,18218,(570) 645-2131,true,Acute Care Hospitals
42111,390039,UPMC SOMERSET,SOMERSET,PA,15501,(814) 443-5000,true,Acute Care Hospitals
42111,390112,CHAN SOON- SHIONG MEDICAL CENTER AT WINDBER,WINDBER,PA,15963,(814) 467-3000,true,Acute Care Hospitals
42111,391302,CONEMAUGH MEYERSDALE MEDICAL CENTER,MEYERSDALE,PA,15552,(814) 634-5911,true,Critical Access Hospitals
42115,391306,ENDLESS MOUNTAINS HEALTH SYSTEMS,MONTROSE,PA,18801,(570) 278-3801,true,Critical Access Hospitals
42115,391309,BARNES-KASSON COUNTY HOSPITAL,SUSQUEHANNA,PA,18847,(570) 853-3135,true,Critical Access Hospitals
42117,391316,UPMC WELLSBORO,WELLSBORO,PA,16901,(570) 723-7764,true,Critical Access Hospitals
42119,390013,WELLSPAN EVANGELICAL COMMUNITY HOSPITAL,LEWISBURG,PA,17837,(570) 522-2000,true,Acute Care Hospitals
42121,390091,UPMC NORTHWEST,SENECA,PA,16346,(814) 676-7600,true,Acute Care Hospitals
42123,390146,WARREN GENERAL HOSPITAL,WARREN,PA,16365,(814) 723-4973,true,Acute Care Hospitals
42125,390042,"WASHINGTON HOSPITAL, THE",WASHINGTON,PA,15301,(724) 225-7000,true,Acute Care Hospitals
42125,390147,PENN HIGHLANDS MON VALLEY,MONONGAHELA,PA,15063,(724) 258-1000,true,Acute Care Hospitals
42125,390160,CANONSBURG GENERAL HOSPITAL,CANONSBURG,PA,15317,(724) 745-6100,true,Acute Care Hospitals
42127,390125,WAYNE MEMORIAL HOSPITAL,HONESDALE,PA,18431,(570) 253-8100,true,Acute Care Hospitals
42129,390145,EXCELA HEALTH WESTMORELAND REGIONAL HOSPITAL,GREENSBURG,PA,15601,(724) 832-4000,true,Acute Care Hospitals
42129,390217,EXCELA HEALTH - FRICK HOSPITAL,MOUNT PLEASANT,PA,15666,(724) 547-1500,true,Acute Care Hospitals
42129,390219,EXCELA HEALTH LATROBE HOSPITAL,LATROBE,PA,15650,(724) 832-4000,true,Acute Care Hospitals
42129,390333,"AHN EMERUS WESTMORELAND, LLC",GREENSBURG,PA,15601,(878) 295-4735,true,Acute Care Hospitals
42133,390046,WELLSPAN YORK HOSPITAL,YORK,PA,17403,(717) 851-2345,true,Acute Care Hospitals
42133,390101,UPMC MEMORIAL,YORK,PA,17408,(717) 843-8623,true,Acute Care Hospitals
42133,390233,UPMC HANOVER,HANOVER,PA,17331,(717) 637-3711,true,Acute Care Hospitals
44003,410009,KENT COUNTY MEMORIAL HOSPITAL,WARWICK,RI,02886,(401) 737-7010,true,Acute Care Hospitals
44005,410006,NEWPORT HOSPITAL,NEWPORT,RI,02840,(401) 846-6400,true,Acute Care Hospitals
44007,410004,ROGER WILLIAMS MEDICAL CENTER,PROVIDENCE,RI,02908,(401) 456-2025,true,Acute Care Hospitals
44007,410005,OUR LADY OF FATIMA HOSPITAL,NORTH PROVIDENCE,RI,02904,(401) 456-3000,true,Acute Care Hospitals
44007,410007,RHODE ISLAND HOSPITAL,PROVIDENCE,RI,02902,(401) 444-4000,true,Acute Care Hospitals
44007,410010,WOMEN & INFANTS HOSPITAL OF RHODE ISLAND,PROVIDENCE,RI,02905,(401) 274-1100,true,Acute Care Hospitals
44007,410011,LANDMARK MEDICAL CENTER,WOONSOCKET,RI,02895,(401) 769-4100,true,Acute Care Hospitals
44007,410012,THE MIRIAM HOSPITAL,PROVIDENCE,RI,02906,(401) 793-2500,true,Acute Care Hospitals
44007,41005F,PROVIDENCE VA MEDICAL CENTER,PROVIDENCE,RI,02908,(401) 457-3042,true,Acute Care - Veterans Administration
44007,414003,EMMA PENDLETON BRADLEY HOSPITAL,EAST PROVIDENCE,RI,02915,(401) 432-1000,true,Psychiatric
44009,410008,SOUTH COUNTY HOSPITAL INC,WAKEFIELD,RI,02879,(401) 782-8000,true,Acute Care Hospitals
44009,410013,WESTERLY HOSPITAL,WESTERLY,RI,02891,(401) 596-6000,true,Acute Care Hospitals
45001,421301,ABBEVILLE AREA MEDICAL CENTER,ABBEVILLE,SC,29620,(864) 366-5011,true,Critical Access Hospitals
45003,420082,AIKEN REGIONAL MEDICAL CENTER,AIKEN,SC,29801,(803) 641-5900,true,Acute Care Hospitals
45005,421300,ALLENDALE COUNTY HOSPITAL,FAIRFAX,SC,29827,(803) 632-3311,true,Critical Access Hospitals
45007,420027,ANMED HEALTH,ANDERSON,SC,29621,(864) 512-2830,true,Acute Care Hospitals
45013,420067,BEAUFORT COUNTY MEMORIAL HOSPITAL,BEAUFORT,SC,29902,(843) 522-5200,true,Acute Care Hospitals
45013,420080,NOVANT HEALTH HILTON HEAD MEDICAL CENTER,HILTON HEAD ISLAND,SC,29926,(843) 681-6122,true,Acute Care Hospitals
45019,420004,MUSC MEDICAL CENTER,CHARLESTON,SC,29425,(843) 792-2300,true,Acute Care Hospitals
45019,420065,BON SECOURS-ST FRANCIS XAVIER HOSPITAL,CHARLESTON,SC,29414,(843) 402-1006,true,Acute Care Hospitals
45019,420079,TRIDENT MEDICAL CENTER,CHARLESTON,SC,29406,(843) 847-4100,true,Acute Care Hospitals
45019,420087,ROPER HOSPITAL,CHARLESTON,SC,29401,(843) 724-2800,true,Acute Care Hospitals
45019,420089,NOVANT HEALTH EAST COOPER MEDICAL CENTER,MOUNT PLEASANT,SC,29464,(843) 881-0100,true,Acute Care Hospitals
45019,420104,MOUNT PLEASANT HOSPITAL,MOUNT PLEASANT,SC,29466,(843) 724-2954,true,Acute Care Hospitals
45019,42029F,CHARLESTON VA MEDICAL CENTER,CHARLESTON,SC,29401,(843) 577-5011,true,Acute Care - Veterans Administration
45021,420043,CHEROKEE MEDICAL CENTER,GAFFNEY,SC,29340,(864) 487-4271,true,Acute Care Hospitals
45023,420019,MUSC HEALTH CHESTER MEDICAL CENTER,CHESTER,SC,29706,(803) 581-3151,true,Acute Care Hospitals
45025,420107,MCLEOD HEALTH CHERAW,CHERAW,SC,29520,(843) 537-7881,true,Acute Care Hospitals
45027,420109,MCLEOD HEALTH CLARENDON,MANNING,SC,29102,(803) 435-8463,true,Acute Care Hospitals
45029,420030,COLLETON MEDICAL CENTER,WALTERBORO,SC,29488,(843) 782-2000,true,Acute Care Hospitals
45031,420010,CAROLINA PINES REGIONAL MEDICAL CENTER,HARTSVILLE,SC,29550,(864) 339-2100,true,Acute Care Hospitals
45033,420005,MCLEOD MEDICAL CENTER - DILLON,DILLON,SC,29536,(843) 774-4111,true,Acute Care Hospitals
45035,420110,ROPER ST FRANCIS HOSPITAL-BERKELEY INC,SUMMERVILLE,SC,29486,(854) 529-3002,true,Acute Care Hospitals
45041,420051,MCLEOD REGIONAL MEDICAL CENTER-PEE DEE,FLORENCE,SC,29506,(843) 777-2900,true,Acute Care Hospitals
45041,420091,MUSC HEALTH FLORENCE MEDICAL CENTER,FLORENCE,SC,29505,(843) 674-2500,true,Acute Care Hospitals
45043,420020,TIDELANDS GEORGETOWN MEMORIAL HOSPITAL,GEORGETOWN,SC,29440,(843) 527-7000,true,Acute Care Hospitals
45045,420023,ST FRANCIS-DOWNTOWN,GREENVILLE,SC,29601,(800) 805-5678,true,Acute Care Hospitals
45045,420037,PRISMA HEALTH HILLCREST HOSPITAL,SIMPSONVILLE,SC,29681,(864) 454-6100,true,Acute Care Hospitals
45045,420103,PELHAM MEDICAL CENTER,GREER,SC,29651,(864) 560-6554,true,Acute Care Hospitals
45047,420071,SELF REGIONAL HEALTHCARE,GREENWOOD,SC,29646,(864) 227-4111,true,Acute Care Hospitals
45049,420072,HAMPTON REGIONAL MEDICAL CENTER,VARNVILLE,SC,29944,(803) 943-2771,true,Acute Care Hospitals
45051,420049,CONWAY MEDICAL CENTER,CONWAY,SC,29526,(843) 347-8037,true,Acute Care Hospitals
45051,420085,GRAND STRAND REGIONAL MEDICAL CENTER,MYRTLE BEACH,SC,29572,(843) 692-1000,true,Acute Care Hospitals
45051,420098,TIDELANDS WACCAMAW COMMUNITY HOSPITAL,MURRELLS INLET,SC,29576,(843) 652-1000,true,Acute Care Hospitals
45051,424002,LIGHTHOUSE BEHAVIORAL HEALTH HOSPITAL,CONWAY,SC,29526,(843) 347-8871,true,Psychiatric
45053,420101,COASTAL CAROLINA HOSPITAL,HARDEEVILLE,SC,29927,(843) 784-8000,true,Acute Care Hospitals
45055,420048,KERSHAWHEALTH,CAMDEN,SC,29020,(803) 432-4311,true,Acute Care Hospitals
45057,420036,MUSC HEALTH LANCASTER MEDICAL CENTER,LANCASTER,SC,29720,(803) 286-1481,true,Acute Care Hospitals
45057,424014,REBOUND BEHAVIORAL HEALTH,LANCASTER,SC,29720,(803) 313-3700,true,Psychiatric
45059,420038,PRISMA HEALTH LAURENS COUNTY HOSPITAL,CLINTON,SC,29325,(864) 833-9100,true,Acute Care Hospitals
45059,421304,EDGEFIELD COUNTY HEALTHCARE AN AFFILIATE OF SELF R,EDGEFIELD,SC,29384,(803) 637-3174,true,Critical Access Hospitals
45063,420073,LEXINGTON MEDICAL CENTER,WEST COLUMBIA,SC,29169,(803) 791-2000,true,Acute Care Hospitals
45063,420106,PRISMA HEALTH BAPTIST PARKRIDGE,COLUMBIA,SC,29212,(803) 907-7011,true,Acute Care Hospitals
45067,420055,MUSC HEALTH MARION MEDICAL CENTER,MULLINS,SC,29574,(843) 431-2000,true,Acute Care Hospitals
45071,420053,NEWBERRY COUNTY MEMORIAL HOSPITAL,NEWBERRY,SC,29108,(803) 405-7145,true,Acute Care Hospitals
45073,420009,PRISMA HEALTH OCONEE MEMORIAL HOSPITAL,SENECA,SC,29672,(864) 482-3100,true,Acute Care Hospitals
45077,420011,CANNON MEMORIAL HOSPITAL,PICKENS,SC,29671,(864) 878-4791,true,Acute Care Hospitals
45077,420015,PRISMA HEALTH BAPTIST EASLEY HOSPITAL,EASLEY,SC,29640,(864) 442-7606,true,Acute Care Hospitals
45079,420018,PRISMA HEALTH RICHLAND HOSPITAL,COLUMBIA,SC,29203,(803) 296-2548,true,Acute Care Hospitals
45079,420026,MUSC HEALTH COLUMBIA MEDICAL CENTER DOWNTOWN,COLUMBIA,SC,29204,(803) 256-5300,true,Acute Care Hospitals
45079,420086,PRISMA HEALTH BAPTIST,COLUMBIA,SC,29220,(803) 296-5678,true,Acute Care Hospitals
45079,42011F,COLUMBIA SC VA MEDICAL CENTER,COLUMBIA,SC,29209,(803) 695-7980,true,Acute Care - Veterans Administration
45083,420007,SPARTANBURG MEDICAL CENTER,SPARTANBURG,SC,29303,(864) 560-6554,true,Acute Care Hospitals
45083,420033,PRISMA HEALTH GREER MEMORIAL HOSPITAL,SPARTANBURG,SC,29306,(864) 848-8200,true,Acute Care Hospitals
45085,420070,PRISMA HEALTH TUOMEY HOSPITAL,SUMTER,SC,29150,(803) 774-8900,true,Acute Care Hospitals
45087,420108,UNION MEDICAL CENTER,UNION,SC,29379,(864) 301-2000,true,Acute Care Hospitals
45091,420002,PIEDMONT MEDICAL CENTER,ROCK HILL,SC,29732,(803) 329-1234,true,Acute Care Hospitals
46005,431335,HURON REGIONAL MEDICAL CENTER,HURON,SD,57350,(605) 353-6200,true,Critical Access Hospitals
46007,431314,BENNETT COUNTY HOSPITAL AND NURSING HOME - CAH,MARTIN,SD,57551,(605) 685-6622,true,Critical Access Hospitals
46009,430779,LANDMANN JUNGMAN MEMORIAL HOSPITAL CORPORATION,SCOTLAND,SD,57059,(605) 583-2226,true,Rural Emergency Hospital
46009,431327,ST MICHAEL'S HOSPITAL - CAH,TYNDALL,SD,57066,(605) 589-2100,true,Critical Access Hospitals
46011,430008,BROOKINGS HEALTH SYSTEM,BROOKINGS,SD,57006,(605) 696-9000,true,Acute Care Hospitals
46013,430014,AVERA ST LUKES,ABERDEEN,SD,57401,(605) 622-5000,true,Acute Care Hospitals
46013,430097,SANFORD MEDICAL CENTER ABERDEEN,ABERDEEN,SD,57402,(605) 626-4200,true,Acute Care Hospitals
46015,431329,SANFORD CHAMBERLAIN MEDICAL CENTER,CHAMBERLAIN,SD,57325,(605) 234-5511,true,Critical Access Hospitals
46023,431306,PLATTE HEALTH CENTER,PLATTE,SD,57369,(605) 337-3364,true,Critical Access Hospitals
46023,431315,WAGNER COMMUNITY MEMORIAL HOSPITAL - CAH,WAGNER,SD,57380,(605) 384-3611,true,Critical Access Hospitals
46027,431336,SANFORD VERMILLION MEDICAL CENTER,VERMILLION,SD,57069,(605) 624-2611,true,Critical Access Hospitals
46029,430005,"PRAIRIE LAKES HEALTHCARE SYSTEM, INC",WATERTOWN,SD,57201,(605) 882-7000,true,Acute Care Hospitals
46033,431323,MONUMENT HEALTH CUSTER HOSPITAL,CUSTER,SD,57730,(605) 673-9400,true,Critical Access Hospitals
46035,431340,AVERA QUEEN OF PEACE,MITCHELL,SD,57301,(605) 995-2000,true,Critical Access Hospitals
46037,431311,SANFORD HOSPITAL WEBSTER - CAH,WEBSTER,SD,57274,(605) 345-3336,true,Critical Access Hospitals
46039,431307,SANFORD CLEAR LAKE MEDICAL CENTER,CLEAR LAKE,SD,57226,(605) 874-2141,true,Critical Access Hospitals
46041,431383,EAGLE BUTTE INDIAN HEALTH SERVICE HOSPITAL,EAGLE BUTTE,SD,57625,(605) 964-3005,true,Critical Access Hospitals
46043,431305,DOUGLAS COUNTY MEMORIAL HOSPITAL-CAH,ARMOUR,SD,57313,(605) 724-2159,true,Critical Access Hospitals
46045,431318,BOWDLE HOSPITAL - CAH,BOWDLE,SD,57428,(605) 285-6146,true,Critical Access Hospitals
46047,431322,FALL RIVER HOSPITAL - CAH,HOT SPRINGS,SD,57747,(605) 745-8910,true,Critical Access Hospitals
46049,431301,FAULKTON AREA MEDICAL CENTER,FAULKTON,SD,57438,(605) 598-6262,true,Critical Access Hospitals
46051,431326,MILBANK AREA HOSPITAL/AVERA HEALTH,MILBANK,SD,57252,(605) 432-4538,true,Critical Access Hospitals
46053,431309,COMMUNITY MEMORIAL HOSPITAL,BURKE,SD,57523,(605) 775-2621,true,Critical Access Hospitals
46053,431338,AVERA GREGORY HOSPITAL,GREGORY,SD,57533,(605) 835-8394,true,Critical Access Hospitals
46055,431319,HANS P PETERSON MEMORIAL HOSPITAL - CAH,PHILIP,SD,57567,(605) 859-2511,true,Critical Access Hospitals
46059,431337,AVERA HAND COUNTY MEMORIAL HOSPITAL AND CLINIC,MILLER,SD,57362,(605) 853-2421,true,Critical Access Hospitals
46065,430015,AVERA ST MARY'S HOSPITAL,PIERRE,SD,57501,(605) 224-3100,true,Acute Care Hospitals
46067,431313,FREEMAN MEDICAL CENTER - CAH,FREEMAN,SD,57029,(605) 925-4000,true,Critical Access Hospitals
46073,431324,AVERA WESKOTA MEMORIAL MEDICAL CENTER - CAH,WESSINGTON SPRINGS,SD,57382,(605) 539-1201,true,Critical Access Hospitals
46077,431332,AVERA DE SMET MEMORIAL HOSPITAL - CAH,DE SMET,SD,57231,(605) 854-3329,true,Critical Access Hospitals
46079,431300,MADISON REGIONAL HEALTH SYSTEM,MADISON,SD,57042,(605) 256-6551,true,Critical Access Hospitals
46081,430048,MONUMENT HEALTH SPEARFISH HOSPITAL,SPEARFISH,SD,57783,(605) 644-4000,true,Acute Care Hospitals
46081,431320,MONUMENT HEALTH LEAD-DEADWOOD HOSPITAL,DEADWOOD,SD,57732,(605) 717-6000,true,Critical Access Hospitals
46083,430095,AVERA HEART HOSPITAL OF SOUTH DAKOTA,SIOUX FALLS,SD,57108,(605) 977-7000,true,Acute Care Hospitals
46083,431333,SANFORD CANTON-INWOOD MEDICAL CENTER - CAH,CANTON,SD,57013,(605) 764-1500,true,Critical Access Hospitals
46089,431308,EUREKA COMMUNITY HEALTH SERVICES - CAH,EUREKA,SD,57437,(605) 284-2661,true,Critical Access Hospitals
46091,431312,MARSHALL COUNTY HEALTHCARE CENTER - CAH,BRITTON,SD,57430,(605) 448-2253,true,Critical Access Hospitals
46093,43002F,VA BLACK HILLS HEALTHCARE SYSTEM,FORT MEADE,SD,57741,(605) 347-2511,true,Acute Care - Veterans Administration
46093,431321,MONUMENT HEALTH STURGIS HOSPITAL,STURGIS,SD,57785,(605) 720-2400,true,Critical Access Hospitals
46099,430016,AVERA MCKENNAN HOSPITAL & UNIVERSITY HEALTH CENTER,SIOUX FALLS,SD,57117,(605) 322-8000,true,Acute Care Hospitals
46099,430027,SANFORD USD MEDICAL CENTER,SIOUX FALLS,SD,57117,(605) 333-1000,true,Acute Care Hospitals
46099,43005F,SIOUX FALLS VA MEDICAL CENTER,SIOUX FALLS,SD,57117,(605) 336-3230,true,Acute Care - Veterans Administration
46099,431331,AVERA DELLS AREA HOSPITAL  - CAH,DELL RAPIDS,SD,57022,(605) 428-5431,true,Critical Access Hospitals
46101,431310,AVERA FLANDREAU HOSPITAL - CAH,FLANDREAU,SD,57028,(605) 997-2433,true,Critical Access Hospitals
46102,430098,PINE RIDGE IHS HOSPITAL,PINE RIDGE,SD,57770,(605) 867-5131,true,Acute Care Hospitals
46103,430077,MONUMENT HEALTH RAPID CITY HOSPITAL,RAPID CITY,SD,57701,(605) 755-1000,true,Acute Care Hospitals
46107,431302,AVERA MISSOURI RIVER HEALTH CENTER,GETTYSBURG,SD,57442,(605) 765-2488,true,Critical Access Hospitals
46109,431339,COTEAU DES PRAIRIES HEALTH CARE SYSTEM,SISSETON,SD,57262,(605) 698-7647,true,Critical Access Hospitals
46115,431316,COMMUNITY MEMORIAL HOSPITAL,REDFIELD,SD,57469,(605) 472-1110,true,Critical Access Hospitals
46121,430084,PHS INDIAN HOSPITAL AT ROSEBUD,ROSEBUD,SD,57570,(605) 747-2231,true,Acute Care Hospitals
46123,431334,WINNER REGIONAL HEALTHCARE CENTER - CAH,WINNER,SD,57580,(605) 842-7100,true,Critical Access Hospitals
46125,431328,PIONEER MEMORIAL HOSPITAL - CAH,VIBORG,SD,57070,(605) 326-5161,true,Critical Access Hospitals
46129,431325,MOBRIDGE REGIONAL HOSPITAL - CAH,MOBRIDGE,SD,57601,(605) 845-3692,true,Critical Access Hospitals
46135,430012,AVERA SACRED HEART HOSPITAL,YANKTON,SD,57078,(605) 668-8000,true,Acute Care Hospitals
47001,440034,METHODIST MEDICAL CENTER OF OAK RIDGE,OAK RIDGE,TN,37830,(865) 835-1000,true,Acute Care Hospitals
47003,440137,VANDERBILT BEDFORD HOSPITAL,SHELBYVILLE,TN,37160,(931) 685-5433,true,Acute Care Hospitals
47005,441316,WEST TENNESSEE HEALTHCARE CAMDEN HOSPITAL,CAMDEN,TN,38320,(731) 593-6300,true,Critical Access Hospitals
47007,441306,ERLANGER BLEDSOE HOSPITAL,PIKEVILLE,TN,37367,(423) 447-2112,true,Critical Access Hospitals
47009,440011,BLOUNT MEMORIAL HOSPITAL,MARYVILLE,TN,37804,(865) 983-7211,true,Acute Care Hospitals
47011,440185,AFFILIATE OF VITRUVIAN HEALTH,CLEVELAND,TN,37311,(423) 339-4100,true,Acute Care Hospitals
47013,440033,LAFOLLETTE MEDICAL CENTER,LA FOLLETTE,TN,37766,(423) 907-1200,true,Acute Care Hospitals
47015,440200,STONES RIVER HOSPITAL,WOODBURY,TN,37190,(615) 563-4001,true,Acute Care Hospitals
47017,440016,BAPTIST MEMORIAL HOSPITAL - CARROLL COUNTY,HUNTINGDON,TN,38344,(731) 986-4461,true,Acute Care Hospitals
47019,440018,SYCAMORE SHOALS HOSPITAL,ELIZABETHTON,TN,37643,(423) 542-1300,true,Acute Care Hospitals
47021,440779,TRISTAR ASHLAND CITY MEDICAL CENTER,ASHLAND CITY,TN,37015,(615) 792-3030,true,Rural Emergency Hospital
47025,440057,CLAIBORNE MEDICAL CENTER,TAZEWELL,TN,37879,(423) 626-4211,true,Acute Care Hospitals
47029,440153,TENNOVA HEALTHCARE - NEWPORT MEDICAL CENTER,NEWPORT,TN,37821,(423) 625-2200,true,Acute Care Hospitals
47031,440007,UNITY MEDICAL CENTER,MANCHESTER,TN,37355,(931) 728-6354,true,Acute Care Hospitals
47031,440144,VANDERBILT TULLAHOMA-HARTON HOSPITAL,TULLAHOMA,TN,37388,(931) 393-3000,true,Acute Care Hospitals
47035,440009,CUMBERLAND MEDICAL CENTER,CROSSVILLE,TN,38555,(931) 484-9511,true,Acute Care Hospitals
47037,440006,TRISTAR SKYLINE MEDICAL CENTER,NASHVILLE,TN,37207,(615) 769-2000,true,Acute Care Hospitals
47037,440039,VANDERBILT UNIVERSITY MEDICAL CENTER,NASHVILLE,TN,37232,(615) 322-3454,true,Acute Care Hospitals
47037,440082,ASCENSION SAINT THOMAS HOSPITAL,NASHVILLE,TN,37205,(615) 222-2111,true,Acute Care Hospitals
47037,440111,METRO NASHVILLE GENERAL HOSPITAL,NASHVILLE,TN,37208,(615) 341-4000,true,Acute Care Hospitals
47037,440150,TRISTAR SUMMIT MEDICAL CENTER,HERMITAGE,TN,37076,(615) 316-3000,true,Acute Care Hospitals
47037,440161,TRISTAR CENTENNIAL MEDICAL CENTER,NASHVILLE,TN,37203,(615) 342-1000,true,Acute Care Hospitals
47037,44018F,VA MIDDLE TENNESSEE HEALTHCARE SYSTEM,NASHVILLE,TN,37212,(615) 327-5332,true,Acute Care - Veterans Administration
47037,440197,TRISTAR SOUTHERN HILLS MEDICAL CENTER,NASHVILLE,TN,37211,(615) 781-4000,true,Acute Care Hospitals
47041,440148,DEKALB COMMUNITY HOSPITAL,SMITHVILLE,TN,37166,(615) 215-5000,true,Acute Care Hospitals
47043,440046,TRISTAR HORIZON MEDICAL CENTER,DICKSON,TN,37055,(615) 446-0446,true,Acute Care Hospitals
47045,440072,DYERSBURG REGIONAL MEDICAL CENTER,DYERSBURG,TN,38024,(731) 285-2410,true,Acute Care Hospitals
47051,440058,SOUTHERN TENNESSEE REGIONAL HEALTH SYSTEM WINCHEST,WINCHESTER,TN,37398,(931) 967-8200,true,Acute Care Hospitals
47053,440060,WEST TENNESSEE HEALTHCARE MILAN HOSPITAL,MILAN,TN,38358,(731) 686-1591,true,Acute Care Hospitals
47055,440020,SOUTHERN TENNESSEE REGIONAL HEALTH SYSTEM PULASKI,PULASKI,TN,38478,(931) 363-7531,true,Acute Care Hospitals
47059,440050,GREENEVILLE COMMUNITY HOSPITAL,GREENEVILLE,TN,37745,(423) 639-3151,true,Acute Care Hospitals
47063,440030,MORRISTOWN HAMBLEN HOSPITAL ASSOCIATION,MORRISTOWN,TN,37814,(423) 492-6900,true,Acute Care Hospitals
47065,440104,ERLANGER MEDICAL CENTER,CHATTANOOGA,TN,37403,(423) 778-7000,true,Acute Care Hospitals
47065,440156,PARKRIDGE MEDICAL CENTER,CHATTANOOGA,TN,37404,(423) 894-4220,true,Acute Care Hospitals
47067,441313,HANCOCK COUNTY HOSPITAL,SNEEDVILLE,TN,37869,(423) 733-5001,true,Critical Access Hospitals
47069,441320,WEST TENNESSEE HEALTHCARE BOLIVAR HOSPITAL,BOLIVAR,TN,38008,(731) 658-3100,true,Critical Access Hospitals
47071,440109,HARDIN MEDICAL CENTER,SAVANNAH,TN,38372,(731) 926-8121,true,Acute Care Hospitals
47073,440032,HAWKINS COUNTY MEMORIAL HOSPITAL,ROGERSVILLE,TN,37857,(423) 921-7000,true,Acute Care Hospitals
47075,440238,HAYWOOD COUNTY COMMUNITY HOSPITAL,BROWNSVILLE,TN,38012,(731) 968-3646,true,Acute Care Hospitals
47077,440008,HENDERSON COUNTY COMMUNITY HOSPITAL,LEXINGTON,TN,38351,(731) 968-1801,true,Acute Care Hospitals
47079,440132,WEST TENNESSEE HEALTHCARE HENRY COUNTY HOSPITAL,PARIS,TN,38242,(731) 642-1220,true,Acute Care Hospitals
47083,441322,HOUSTON COUNTY COMMUNITY HOSPITAL,ERIN,TN,37061,(931) 289-4211,true,Critical Access Hospitals
47085,441303,ASCENSION SAINT THOMAS THREE RIVERS,WAVERLY,TN,37185,(931) 296-4203,true,Critical Access Hospitals
47089,440056,TENNOVA HEALTHCARE-JEFFERSON MEMORIAL HOSPITAL,JEFFERSON CITY,TN,37760,(865) 471-2500,true,Acute Care Hospitals
47091,441304,JOHNSON COUNTY COMMUNITY HOSPITAL,MOUNTAIN CITY,TN,37683,(423) 727-1110,true,Critical Access Hospitals
47093,440015,"UNIVERSITY HEALTH SYSTEM, INC",KNOXVILLE,TN,37920,(865) 305-9000,true,Acute Care Hospitals
47093,440120,PHYSICIANS REGIONAL MEDICAL CENTER,POWELL,TN,37849,(865) 545-8000,true,Acute Care Hospitals
47093,440125,FORT SANDERS REGIONAL MEDICAL CENTER,KNOXVILLE,TN,37916,(865) 541-1101,true,Acute Care Hospitals
47093,440173,PARKWEST MEDICAL CENTER,KNOXVILLE,TN,37923,(865) 970-1001,true,Acute Care Hospitals
47093,443303,EAST TENNESSEE CHILDRENS HOSPITAL,KNOXVILLE,TN,37916,(865) 541-8000,true,Childrens
47097,441314,LAUDERDALE COMMUNITY HOSPITAL,RIPLEY,TN,38063,(731) 221-2200,true,Critical Access Hospitals
47099,440175,SOUTHERN TENNESSEE REGIONAL HEALTH SYSTEM LAWRENCE,LAWRENCEBURG,TN,38464,(931) 762-6571,true,Acute Care Hospitals
47103,440102,LINCOLN MEDICAL CENTER,FAYETTEVILLE,TN,37334,(931) 438-1100,true,Acute Care Hospitals
47105,440110,FORT LOUDOUN MEDICAL CENTER,LENOIR CITY,TN,37772,(865) 271-6000,true,Acute Care Hospitals
47111,441305,MACON COMMUNITY HOSPITAL,LAFAYETTE,TN,37083,(615) 666-2147,true,Critical Access Hospitals
47113,440002,JACKSON-MADISON COUNTY GENERAL HOSPITAL,JACKSON,TN,38301,(731) 541-5000,true,Acute Care Hospitals
47117,441309,MARSHALL MEDICAL CENTER,LEWISBURG,TN,37091,(931) 359-6276,true,Critical Access Hospitals
47119,440073,MAURY REGIONAL HOSPITAL,COLUMBIA,TN,38401,(931) 381-1111,true,Acute Care Hospitals
47123,440084,SWEETWATER HOSPITAL ASSOCIATION,SWEETWATER,TN,37874,(865) 213-8200,true,Acute Care Hospitals
47125,440035,VANDERBILT CLARKSVILLE HOSPITAL,CLARKSVILLE,TN,37040,(931) 502-1000,true,Acute Care Hospitals
47131,440130,BAPTIST MEMORIAL HOSPITAL UNION CITY,UNION CITY,TN,38261,(731) 885-2410,true,Acute Care Hospitals
47133,440187,LIVINGSTON REGIONAL HOSPITAL,LIVINGSTON,TN,38570,(931) 823-5611,true,Acute Care Hospitals
47141,440059,COOKEVILLE REGIONAL MEDICAL CENTER,COOKEVILLE,TN,38501,(931) 783-2000,true,Acute Care Hospitals
47143,441310,RHEA MEDICAL CENTER,DAYTON,TN,37321,(423) 775-1121,true,Critical Access Hospitals
47145,440031,ROANE MEDICAL CENTER,HARRIMAN,TN,37748,(865) 316-1000,true,Acute Care Hospitals
47147,440065,TRISTAR NORTHCREST MEDICAL CENTER,SPRINGFIELD,TN,37172,(615) 384-2411,true,Acute Care Hospitals
47149,440053,SAINT THOMAS RUTHERFORD HOSPITAL,MURFREESBORO,TN,37129,(615) 396-4100,true,Acute Care Hospitals
47149,440227,TRISTAR STONECREST MEDICAL CENTER,SMYRNA,TN,37167,(615) 768-2000,true,Acute Care Hospitals
47151,441323,BIG SOUTH FORK MEDICAL CENTER,ONEIDA,TN,37841,(423) 286-5300,true,Critical Access Hospitals
47155,440081,LECONTE MEDICAL CENTER,SEVIERVILLE,TN,37862,(865) 446-7500,true,Acute Care Hospitals
47157,440048,BAPTIST MEMORIAL HOSPITAL,MEMPHIS,TN,38120,(901) 226-5000,true,Acute Care Hospitals
47157,440049,METHODIST HOSPITALS OF MEMPHIS,MEMPHIS,TN,38104,(901) 516-8274,true,Acute Care Hospitals
47157,44013F,MEMPHIS VA MEDICAL CENTER,MEMPHIS,TN,38105,(901) 523-8990,true,Acute Care - Veterans Administration
47157,440152,REGIONAL ONE HEALTH,MEMPHIS,TN,38103,(901) 545-7928,true,Acute Care Hospitals
47157,440159,DELTA SPECIALTY HOSPITAL,MEMPHIS,TN,38118,(901) 369-8100,true,Acute Care Hospitals
47157,440183,ST FRANCIS HOSPITAL,MEMPHIS,TN,38119,(901) 765-1000,true,Acute Care Hospitals
47157,440228,SAINT FRANCIS BARTLETT MEDICAL CENTER,BARTLETT,TN,38133,(901) 820-7050,true,Acute Care Hospitals
47157,444001,MEMPHIS MENTAL HEALTH INSTITUTE,MEMPHIS,TN,38103,(901) 577-1800,true,Psychiatric
47157,444025,CRESTWYN BEHAVIORAL HEALTH,MEMPHIS,TN,38125,(901) 457-5667,true,Psychiatric
47159,441307,HIGHPOINT HEALTH-RIVERVIEW WITH ASCENSION SAINT TH,CARTHAGE,TN,37030,(615) 735-9815,true,Critical Access Hospitals
47163,440012,WELLMONT BRISTOL REGIONAL MEDICAL CENTER,BRISTOL,TN,37620,(423) 844-1121,true,Acute Care Hospitals
47163,440017,WELLMONT HOLSTON VALLEY MEDICAL CENTER,KINGSPORT,TN,37662,(423) 224-4000,true,Acute Care Hospitals
47163,440176,INDIAN PATH COMMUNITY HOSPITAL,KINGSPORT,TN,37660,(423) 857-7000,true,Acute Care Hospitals
47165,440003,HIGHPOINT HEALTH-SUMNER WITH ASCENSION SAINT THOMA,GALLATIN,TN,37066,(615) 328-8888,true,Acute Care Hospitals
47165,440194,TRISTAR HENDERSONVILLE MEDICAL CENTER,HENDERSONVILLE,TN,37075,(615) 338-1000,true,Acute Care Hospitals
47167,440131,BAPTIST MEMORIAL HOSPITAL TIPTON,COVINGTON,TN,38019,(901) 476-2621,true,Acute Care Hospitals
47169,441301,HIGHPOINT HEALTH-TROUSDALE WITH ASCENSION SAINT,HARTSVILLE,TN,37074,(615) 374-2221,true,Critical Access Hospitals
47177,440151,SAINT THOMAS RIVER PARK HOSPITAL,MCMINNVILLE,TN,37110,(931) 815-4101,true,Acute Care Hospitals
47179,440063,JOHNSON CITY MEDICAL CENTER,JOHNSON CITY,TN,37604,(423) 431-6111,true,Acute Care Hospitals
47179,44016F,MOUNTAIN HOME VA MEDICAL CENTER,MOUNTAIN HOME,TN,37684,(423) 926-1171,true,Acute Care - Veterans Administration
47179,440184,FRANKLIN WOODS COMMUNITY HOSPITAL,JOHNSON CITY,TN,37604,(423) 302-1120,true,Acute Care Hospitals
47181,440780,WAYNE MEDICAL CENTER,WAYNESBORO,TN,38485,(931) 722-5411,true,Rural Emergency Hospital
47183,440061,VOLUNTEER COMMUNITY HOSPITAL,MARTIN,TN,38237,(731) 479-6057,true,Acute Care Hospitals
47185,440192,SAINT THOMAS HIGHLANDS HOSPITAL,SPARTA,TN,38583,(931) 738-9211,true,Acute Care Hospitals
47187,440029,WILLIAMSON MEDICAL CENTER,FRANKLIN,TN,37067,(615) 435-5000,true,Acute Care Hospitals
47187,444007,ROLLING HILLS PSYCHIATRIC HOSPITAL,FRANKLIN,TN,37067,(615) 226-4930,true,Psychiatric
47189,440193,VANDERBILT WILSON COUNTY HOSPITAL,LEBANON,TN,37087,(615) 444-2250,true,Acute Care Hospitals
48001,450747,PALESTINE REGIONAL MEDICAL CENTER,PALESTINE,TX,75801,(903) 731-1000,true,Acute Care Hospitals
48003,450144,PERMIAN REGIONAL MEDICAL CENTER ANDREWS COUNTY HO,ANDREWS,TX,79714,(432) 523-2200,true,Acute Care Hospitals
48005,450211,CHI ST LUKES HEALTH MEMORIAL LUFKIN,LUFKIN,TX,75901,(936) 634-8111,true,Acute Care Hospitals
48005,450484,WOODLAND HEIGHTS MEDICAL CENTER,LUFKIN,TX,75904,(936) 634-8311,true,Acute Care Hospitals
48013,450165,METHODIST HOSPITAL ATASCOSA,JOURDANTON,TX,78026,(830) 769-3515,true,Acute Care Hospitals
48015,450253,BELLVILLE MEDICAL CENTER,BELLVILLE,TX,77418,(979) 865-3141,true,Acute Care Hospitals
48017,451372,MULESHOE AREA MEDICAL CENTER,MULESHOE,TX,79347,(806) 272-4524,true,Critical Access Hospitals
48021,671304,ASCENSION SETON SMITHVILLE,SMITHVILLE,TX,78957,(512) 237-3214,true,Critical Access Hospitals
48023,451399,SEYMOUR HOSPITAL,SEYMOUR,TX,76380,(940) 889-5572,true,Critical Access Hospitals
48025,450082,CHRISTUS SPOHN HOSPITAL BEEVILLE,BEEVILLE,TX,78102,(361) 354-2000,true,Acute Care Hospitals
48027,450054,BAYLOR SCOTT & WHITE MEDICAL CENTER - TEMPLE,TEMPLE,TX,76508,(254) 724-2111,true,Acute Care Hospitals
48027,450152,ADVENTHEALTH CENTRAL TEXAS,KILLEEN,TX,76542,(254) 526-7523,true,Acute Care Hospitals
48027,45070F,Darnall AMC (FT Cavazos),Fort Cavazos,TX,76544,(254) 288-8000,true,Acute Care - Department of Defense
48027,45086F,TEMPLE VA MEDICAL CENTER (VA CENTRAL TEXAS HEALTHCARE SYSTEM),TEMPLE,TX,76504,(254) 778-4811,true,Acute Care - Veterans Administration
48027,670080,SETON MEDICAL CENTER HARKER HEIGHTS,HARKER HEIGHTS,TX,76548,(254) 690-0900,true,Acute Care Hospitals
48029,450058,BAPTIST MEDICAL CENTER,SAN ANTONIO,TX,78205,(210) 297-8256,true,Acute Care Hospitals
48029,450213,UNIVERSITY HEALTH SYSTEM,SAN ANTONIO,TX,78229,(210) 358-2000,true,Acute Care Hospitals
48029,450237,CHRISTUS SANTA ROSA MEDICAL CENTER,SAN ANTONIO,TX,78251,(210) 703-8211,true,Acute Care Hospitals
48029,450388,METHODIST HOSPITAL,SAN ANTONIO,TX,78229,(210) 575-4000,true,Acute Care Hospitals
48029,45069F,Brooke Army Medical Center (FT Sam Houston),Fort Sam Houston,TX,78234,(210) 916-4141,true,Acute Care - Department of Defense
48029,450856,SOUTH TEXAS SPINE AND SURGICAL HOSPITAL,SAN ANTONIO,TX,78258,(210) 404-0800,true,Acute Care Hospitals
48029,45090F,SAN ANTONIO VA MEDICAL CENTER (VA SOUTH TEXAS HEALTHCARE SYSTEM),SAN ANTONIO,TX,78229,(210) 617-5300,true,Acute Care - Veterans Administration
48029,453315,CHILDREN'S HOSPITAL OF SAN ANTONIO,SAN ANTONIO,TX,78207,(210) 704-3342,true,Childrens
48029,454159,CEDAR HILLS BEHAVIORAL,SAN ANTONIO,TX,78229,(210) 846-9757,true,Psychiatric
48029,670054,FOUNDATION SURGICAL HOSPITAL OF SAN ANTONIO,SAN ANTONIO,TX,78240,(210) 478-5400,true,Acute Care Hospitals
48029,670055,METHODIST HOSPITAL  STONE OAK,SAN ANTONIO,TX,78258,(210) 638-2101,true,Acute Care Hospitals
48029,670078,BAPTIST NEIGHBORHOOD HOSPITAL THOUSAND OAKS,SAN ANTONIO,TX,78232,(210) 402-4092,true,Acute Care Hospitals
48029,670333,WESTOVER HILLS BAPTIST HOSPITAL,SAN ANTONIO,TX,78251,(726) 266-8100,true,Acute Care Hospitals
48029,670336,BANDERA FAMILY HOSPITAL,SAN ANTONIO,TX,78250,(210) 332-1730,true,Acute Care Hospitals
48035,451385,GOODALL WITCHER HOSPITAL,CLIFTON,TX,76634,(254) 675-8322,true,Critical Access Hospitals
48037,450200,WADLEY REGIONAL MEDICAL CENTER,TEXARKANA,TX,75501,(903) 798-8000,true,Acute Care Hospitals
48037,450801,CHRISTUS ST MICHAEL HEALTH SYSTEM,TEXARKANA,TX,75503,(903) 614-1000,true,Acute Care Hospitals
48039,450072,CHI ST LUKE'S HEALTH BRAZOSPORT,LAKE JACKSON,TX,77566,(979) 297-4411,true,Acute Care Hospitals
48039,451311,SWEENY COMMUNITY HOSPITAL,SWEENY,TX,77480,(979) 548-3311,true,Critical Access Hospitals
48039,670106,HCA HOUSTON HEALTHCARE PEARLAND,PEARLAND,TX,77584,(713) 770-7000,true,Acute Care Hospitals
48041,450011,CHI ST JOSEPH HEALTH REGIONAL HOSPITAL,BRYAN,TX,77802,(979) 776-3912,true,Acute Care Hospitals
48041,450834,"PHYSICIANS CENTRE,THE",BRYAN,TX,77802,(979) 731-3100,true,Acute Care Hospitals
48041,670088,BAYLOR SCOTT & WHITE MEDICAL CENTER- COLLEGE STATI,COLLEGE STATION,TX,77845,(979) 691-3701,true,Acute Care Hospitals
48043,451378,BIG BEND REGIONAL MEDICAL CENTER,ALPINE,TX,79830,(432) 837-3447,true,Critical Access Hospitals
48049,450587,HENDRICK MEDICAL CENTER BROWNWOOD,BROWNWOOD,TX,76801,(325) 646-8541,true,Acute Care Hospitals
48051,451305,BURLESON ST JOSEPH HEALTH CENTER,CALDWELL,TX,77836,(979) 567-3245,true,Critical Access Hospitals
48053,451365,ASCENSION SETON HIGHLAND LAKES,BURNET,TX,78611,(512) 715-3000,true,Critical Access Hospitals
48053,670108,BAYLOR SCOTT & WHITE MEDICAL CENTER - MARBLE FALLS,MARBLE FALLS,TX,78654,(254) 215-9791,true,Acute Care Hospitals
48055,451371,ASCENSION SETON EDGAR B DAVIS,LULING,TX,78648,(830) 875-7000,true,Critical Access Hospitals
48057,451356,MEMORIAL MEDICAL CENTER,PORT LAVACA,TX,77979,(361) 552-6713,true,Critical Access Hospitals
48061,450028,VALLEY BAPTIST MEDICAL CENTER- BROWNSVILLE,BROWNSVILLE,TX,78520,(956) 544-1400,true,Acute Care Hospitals
48061,450033,VHS HARLINGEN HOSPITAL COMPANY LLC,HARLINGEN,TX,78550,(956) 389-1100,true,Acute Care Hospitals
48061,450662,VALLEY REGIONAL MEDICAL CENTER,BROWNSVILLE,TX,78526,(956) 350-7000,true,Acute Care Hospitals
48061,450855,HARLINGEN MEDICAL CENTER,HARLINGEN,TX,78550,(956) 365-1000,true,Acute Care Hospitals
48063,451367,UT HEALTH EAST TEXAS PITTSBURG HOSPITAL,PITTSBURG,TX,75686,(903) 946-5000,true,Critical Access Hospitals
48071,451320,BAYSIDE COMMUNITY HOSPITAL,ANAHUAC,TX,77514,(409) 267-3143,true,Critical Access Hospitals
48071,451328,RICELAND MEDICAL CENTER,WINNIE,TX,77665,(409) 296-6000,true,Critical Access Hospitals
48073,450194,UT HEALTH EAST TEXAS JACKSONVILLE HOSPITAL,JACKSONVILLE,TX,75766,(903) 541-5000,true,Acute Care Hospitals
48073,451319,CHRISTUS MOTHER FRANCES HOSPITAL- JACKSONVILLE,JACKSONVILLE,TX,75766,(903) 541-4500,true,Critical Access Hospitals
48075,450369,CHILDRESS REGIONAL MEDICAL CENTER,CHILDRESS,TX,79201,(940) 937-6371,true,Acute Care Hospitals
48077,451362,CLAY COUNTY MEMORIAL HOSPITAL,HENRIETTA,TX,76365,(940) 538-5621,true,Critical Access Hospitals
48079,451366,COCHRAN MEMORIAL HOSPITAL,MORTON,TX,79346,(806) 266-5565,true,Critical Access Hospitals
48083,451347,COLEMAN COUNTY MEDICAL CENTER COMPANY,COLEMAN,TX,76834,(325) 625-2135,true,Critical Access Hospitals
48085,450403,MEDICAL CENTER OF MCKINNEY,MCKINNEY,TX,75069,(972) 547-8000,true,Acute Care Hospitals
48085,450537,METHODIST RICHARDSON MEDICAL CENTER,RICHARDSON,TX,75082,(469) 204-1000,true,Acute Care Hospitals
48085,450651,MEDICAL CITY PLANO,PLANO,TX,75075,(972) 596-6800,true,Acute Care Hospitals
48085,450771,TEXAS HEALTH PRESBYTERIAN HOSPITAL PLANO,PLANO,TX,75093,(972) 981-8000,true,Acute Care Hospitals
48085,450840,TEXAS HEALTH PRESBYTERIAN HOSPITAL ALLEN,ALLEN,TX,75013,(972) 747-1000,true,Acute Care Hospitals
48085,450885,BAYLOR SCOTT &  WHITE MEDICAL CENTER - CENTENNIAL,FRISCO,TX,75035,(972) 963-3333,true,Acute Care Hospitals
48085,450890,BAYLOR SCOTT & WHITE MEDICAL CENTER PLANO,PLANO,TX,75093,(469) 814-2000,true,Acute Care Hospitals
48085,450891,TEXAS HEALTH CENTER FOR DIAGNOSTICS & SURGERY PLAN,PLANO,TX,75093,(972) 403-2700,true,Acute Care Hospitals
48085,453316,CHILDRENS MEDICAL CENTER PLANO,PLANO,TX,75024,(214) 456-1792,true,Childrens
48085,453317,COOK CHILDRENS MEDICAL CENTER PROSPER,PROSPER,TX,75078,(945) 204-4100,true,Childrens
48085,670025,BAYLOR SCOTT & WHITE THE HEART HOSPITAL PLANO,PLANO,TX,75093,(469) 814-3278,true,Acute Care Hospitals
48085,670069,METHODIST MCKINNEY HOSPITAL,MCKINNEY,TX,75070,(214) 491-5710,true,Acute Care Hospitals
48085,670082,BAYLOR SCOTT AND WHITE  MEDICAL CENTER  MCKINNEY,MC KINNEY,TX,75071,(469) 742-2200,true,Acute Care Hospitals
48085,670322,LEGENT SURGICAL HOSPITAL PLANO,PLANO,TX,75075,(972) 265-1050,true,Acute Care Hospitals
48085,670340,METHODIST CELINA MEDICAL CENTER,CELINA,TX,75009,(214) 947-6452,true,Acute Care Hospitals
48087,451355,COLLINGSWORTH GENERAL HOSPITAL,WELLINGTON,TX,79095,(806) 447-2521,true,Critical Access Hospitals
48089,450370,COLUMBUS COMMUNITY HOSPITAL,COLUMBUS,TX,78934,(979) 732-2371,true,Acute Care Hospitals
48089,451312,RICE MEDICAL CENTER,EAGLE LAKE,TX,77434,(979) 234-5571,true,Critical Access Hospitals
48091,670098,RESOLUTE HEALTH HOSPITAL,NEW BRAUNFELS,TX,78130,(469) 839-6778,true,Acute Care Hospitals
48093,451382,COMANCHE COUNTY MEDICAL CENTER,COMANCHE,TX,76442,(254) 879-4900,true,Critical Access Hospitals
48095,451325,CONCHO COUNTY HOSPITAL,EDEN,TX,76837,(915) 869-5911,true,Critical Access Hospitals
48097,450090,NORTH TEXAS MEDICAL CENTER,GAINESVILLE,TX,76240,(940) 612-8600,true,Acute Care Hospitals
48097,451335,MUENSTER MEMORIAL HOSPITAL,MUENSTER,TX,76252,(940) 759-2271,true,Critical Access Hospitals
48099,451379,CORYELL MEMORIAL HOSPITAL,GATESVILLE,TX,76528,(254) 865-8251,true,Critical Access Hospitals
48103,451353,CRANE COUNTY HOSPITAL DISTRICT,CRANE,TX,79731,(432) 558-3555,true,Critical Access Hospitals
48107,670779,CROSBYTON CLINIC HOSPITAL,CROSBYTON,TX,79322,(806) 675-2382,true,Rural Emergency Hospital
48109,451338,CULBERSON HOSPITAL,VAN HORN,TX,79855,(432) 283-2760,true,Critical Access Hospitals
48113,450015,PARKLAND HEALTH & HOSPITAL SYSTEM,DALLAS,TX,75235,(214) 590-8000,true,Acute Care Hospitals
48113,450021,BAYLOR UNIVERSITY MEDICAL CENTER,DALLAS,TX,75246,(214) 820-8082,true,Acute Care Hospitals
48113,450044,UT OF TEXAS  SOUTHWESTERN UNIVERSITY HOSPITAL - WILLIAM P. CLEMENTS JR.,DALLAS,TX,75390,(214) 633-5555,true,Acute Care Hospitals
48113,450051,METHODIST DALLAS MEDICAL CENTER,DALLAS,TX,75203,(214) 947-8181,true,Acute Care Hospitals
48113,450079,BAYLOR SCOTT & WHITE MEDICAL CENTER AT IRVING,IRVING,TX,75061,(972) 579-8100,true,Acute Care Hospitals
48113,450379,DALLAS MEDICAL CENTER,DALLAS,TX,75234,(972) 247-1000,true,Acute Care Hospitals
48113,450422,BAYLOR SCOTT AND WHITE MEDICAL CENTER UPTOWN,DALLAS,TX,75204,(214) 443-3000,true,Acute Care Hospitals
48113,450462,TEXAS HEALTH PRESBYTERIAN HOSPITAL DALLAS,DALLAS,TX,75231,(214) 345-6789,true,Acute Care Hospitals
48113,450647,MEDICAL CITY DALLAS HOSPITAL,DALLAS,TX,75230,(972) 566-6222,true,Acute Care Hospitals
48113,45066F,DALLAS VA MEDICAL CENTER (VA NORTH TEXAS HEALTHCARE SYSTEM),DALLAS,TX,75216,(214) 742-8387,true,Acute Care - Veterans Administration
48113,450678,WHITE ROCK MEDICAL CENTER,DALLAS,TX,75218,(214) 324-6100,true,Acute Care Hospitals
48113,450688,DALLAS REGIONAL MEDICAL CENTER,MESQUITE,TX,75149,(214) 320-7000,true,Acute Care Hospitals
48113,450723,METHODIST CHARLTON MEDICAL CENTER,DALLAS,TX,75237,(214) 947-7777,true,Acute Care Hospitals
48113,450742,BAYLOR SCOTT AND WHITE MEDICAL CENTER LAKE POINTE,ROWLETT,TX,75088,(972) 412-2273,true,Acute Care Hospitals
48113,450822,MEDICAL CITY LAS COLINAS,IRVING,TX,75039,(972) 969-2000,true,Acute Care Hospitals
48113,450851,BAYLOR SCOTT & WHITE HEART & VASCULAR HOSPITAL - DALLAS,DALLAS,TX,75226,(214) 820-0600,true,Acute Care Hospitals
48113,450874,BAYLOR SURGICAL HOSPITAL AT LAS COLINAS,IRVING,TX,75063,(972) 868-4000,true,Acute Care Hospitals
48113,450889,TEXAS INSTITUTE FOR SURGERY AT PRESBYTERIAN HOSPIT,DALLAS,TX,75231,(214) 647-5300,true,Acute Care Hospitals
48113,453302,CHILDRENS MEDICAL CTR OF DALLAS,DALLAS,TX,75235,(214) 456-7000,true,Childrens
48113,670049,NORTH CENTRAL SURGICAL CENTER LLP,DALLAS,TX,75231,(214) 265-2810,true,Acute Care Hospitals
48113,670060,BAYLOR SCOTT AND WHITE MEDICAL CENTER SUNNYVALE,SUNNYVALE,TX,75182,(972) 892-3000,true,Acute Care Hospitals
48113,670073,METHODIST HOSPITAL FOR SURGERY,ADDISON,TX,75001,(469) 248-3900,true,Acute Care Hospitals
48113,670090,CRESCENT MEDICAL CENTER LANCASTER,LANCASTER,TX,75146,(972) 230-8888,true,Acute Care Hospitals
48113,670321,ADVANCED DALLAS HOSPITALS AND CLINICS,DALLAS,TX,75231,(214) 221-6000,true,Acute Care Hospitals
48115,450489,MEDICAL ARTS HOSPITAL,LAMESA,TX,79331,(806) 872-2183,true,Acute Care Hospitals
48117,450155,HEREFORD REGIONAL MEDICAL CENTER,HEREFORD,TX,79045,(806) 364-2141,true,Acute Care Hospitals
48121,450634,MEDICAL CITY DENTON,DENTON,TX,76210,(940) 384-3535,true,Acute Care Hospitals
48121,450669,MEDICAL CITY LEWISVILLE,LEWISVILLE,TX,75057,(972) 420-1000,true,Acute Care Hospitals
48121,450730,CARROLLTON REGIONAL MEDICAL CENTER,CARROLLTON,TX,75010,(972) 394-2255,true,Acute Care Hospitals
48121,450743,TEXAS HEALTH PRESBYTERIAN HOSPITAL DENTON,DENTON,TX,76201,(940) 898-7000,true,Acute Care Hospitals
48121,450853,BAYLOR SCOTT & WHITE MEDICAL CENTER - FRISCO,FRISCO,TX,75034,(214) 407-5000,true,Acute Care Hospitals
48121,450883,BAYLOR MEDICAL CENTER AT TROPHY CLUB,TROPHY CLUB,TX,76262,(817) 837-4600,true,Acute Care Hospitals
48121,450893,THE HEART HOSPITAL BAYLOR DENTON,DENTON,TX,76208,(940) 220-0600,true,Acute Care Hospitals
48121,450895,BAYLOR SCOTT WHITE THE HEART HOSPITAL CORINTH,DENTON,TX,76208,(940) 320-2300,true,Acute Care Hospitals
48121,670062,BAYLOR SCOTT & WHITE EMERGENCY HOSPITAL,AUBREY,TX,76227,(972) 347-2525,true,Acute Care Hospitals
48121,670068,TEXAS HEALTH PRESBYTERIAN HOSPITAL FLOWER MOUND,FLOWER MOUND,TX,75028,(972) 419-1530,true,Acute Care Hospitals
48121,670260,TEXAS HEALTH HOSPITAL FRISCO,FRISCO,TX,75033,(469) 495-2000,true,Acute Care Hospitals
48121,670346,BAYLOR SCOTT AND WHITE MEDICAL CENTER FRISCO AT PG,FRISCO,TX,75033,(945) 339-0500,true,Acute Care Hospitals
48123,450597,CUERO REGIONAL HOSPITAL,CUERO,TX,77954,(361) 275-6191,true,Acute Care Hospitals
48127,451390,DIMMIT REGIONAL HOSPITAL,CARRIZO SPRINGS,TX,78834,(830) 876-2424,true,Critical Access Hospitals
48133,671303,EASTLAND MEMORIAL HOSPITAL,EASTLAND,TX,76448,(254) 631-5342,true,Critical Access Hospitals
48135,450132,MEDICAL CENTER HOSPITAL,ODESSA,TX,79761,(432) 640-4000,true,Acute Care Hospitals
48135,450661,ODESSA REGIONAL MEDICAL CENTER,ODESSA,TX,79761,(432) 582-8340,true,Acute Care Hospitals
48139,450372,BAYLOR SCOTT & WHITE MEDICAL CENTER- WAXAHACHIE,WAXAHACHIE,TX,75165,(972) 923-7000,true,Acute Care Hospitals
48139,450833,ENNIS REGIONAL MEDICAL CENTER,ENNIS,TX,75119,(972) 875-0900,true,Acute Care Hospitals
48139,670300,METHODIST MIDLOTHIAN MEDICAL CENTER,MIDLOTHIAN,TX,76065,(469) 846-2000,true,Acute Care Hospitals
48141,450002,THE HOSPITALS OF PROVIDENCE - MEMORIAL CAMPUS,EL PASO,TX,79902,(915) 577-6011,true,Acute Care Hospitals
48141,450024,UNIVERSITY MEDICAL CENTER OF EL PASO,EL PASO,TX,79905,(915) 521-7602,true,Acute Care Hospitals
48141,450107,LAS PALMAS MEDICAL CENTER A CAMPUS OF LPDS HEALTHC,EL PASO,TX,79902,(915) 521-1200,true,Acute Care Hospitals
48141,450668,SIERRA MEDICAL CENTER,EL PASO,TX,79902,(915) 747-4000,true,Acute Care Hospitals
48141,45068F,William Beaumont AMG (FT Bliss),El Paso,TX,79920,(915) 742-7777,true,Acute Care - Department of Defense
48141,453313,EL PASO CHILDREN'S HOSPITAL,EL PASO,TX,79905,(915) 521-7148,true,Childrens
48141,670047,THE HOSPITALS OF PROVIDENCE - EAST CAMPUS,EL PASO,TX,79938,(915) 856-7349,true,Acute Care Hospitals
48141,670120,THE HOSPITALS OF PROVIDENCE TRANSMOUNTAIN CAMPUS,EL PASO,TX,79911,(915) 877-8136,true,Acute Care Hospitals
48141,670124,THE HOSPITALS OF PROVIDENCE HORIZON CITY CAMPUS,HORIZON CITY,TX,79928,(915) 407-7878,true,Acute Care Hospitals
48143,450351,TEXAS HEALTH HARRIS METHODIST HOSPITAL STEPHENVILL,STEPHENVILLE,TX,76401,(254) 965-1500,true,Acute Care Hospitals
48145,670780,FALLS COMMUNITY HOSPITAL AND CLINIC,MARLIN,TX,76661,(254) 803-3561,true,Rural Emergency Hospital
48147,451370,TMC- BONHAM HOSPITAL,BONHAM,TX,75418,(903) 640-7311,true,Critical Access Hospitals
48151,451313,FISHER COUNTY HOSPITAL DISTRICT,ROTAN,TX,79546,(325) 735-2256,true,Critical Access Hospitals
48153,451337,W J MANGOLD MEMORIAL HOSPITAL,LOCKNEY,TX,79241,(806) 652-3373,true,Critical Access Hospitals
48157,450330,OAKBEND MEDICAL CENTER,RICHMOND,TX,77469,(281) 341-3000,true,Acute Care Hospitals
48157,450820,HOUSTON METHODIST SUGARLAND HOSPITAL,SUGAR LAND,TX,77479,(281) 274-8000,true,Acute Care Hospitals
48157,450847,MEMORIAL HERMANN KATY HOSPITAL,KATY,TX,77494,(281) 392-1111,true,Acute Care Hospitals
48157,450848,MEMORIAL HERMANN SUGAR LAND HOSPITAL,SUGAR LAND,TX,77479,(281) 725-5000,true,Acute Care Hospitals
48157,450860,SUGAR LAND SURGICAL HOSPITAL LLP,SUGAR LAND,TX,77479,(281) 243-1000,true,Acute Care Hospitals
48157,454131,WESTPARK SPRINGS LLC,RICHMOND,TX,77407,(832) 535-2770,true,Psychiatric
48157,670053,ST LUKE'S SUGAR LAND HOSPITAL,SUGAR LAND,TX,77478,(281) 637-7000,true,Acute Care Hospitals
48157,670314,ST MICHAELS MEDICAL HOSPITAL LLC,SUGAR LAND,TX,77479,(281) 980-4357,true,Acute Care Hospitals
48161,450658,FREESTONE MEDICAL CENTER,FAIRFIELD,TX,75840,(903) 389-1612,true,Acute Care Hospitals
48163,451391,FRIO REGIONAL HOSPITAL,PEARSALL,TX,78061,(830) 334-3617,true,Critical Access Hospitals
48165,451358,MEMORIAL HOSPITAL,SEMINOLE,TX,79360,(432) 758-5811,true,Critical Access Hospitals
48167,450018,UNIVERSITY OF TEXAS MEDICAL BRANCH GALVESTON,GALVESTON,TX,77555,(409) 772-1011,true,Acute Care Hospitals
48171,450604,HILL COUNTRY MEMORIAL HOSPITAL,FREDERICKSBURG,TX,78624,(830) 997-4353,true,Acute Care Hospitals
48179,451398,PAMPA REGIONAL MEDICAL CENTER,PAMPA,TX,79065,(806) 665-3721,true,Critical Access Hospitals
48181,450324,TEXOMA MEDICAL CENTER,DENISON,TX,75020,(903) 416-4000,true,Acute Care Hospitals
48181,450469,WILSON N JONES REGIONAL MEDICAL CENTER,SHERMAN,TX,75092,(903) 870-4611,true,Acute Care Hospitals
48181,670076,BAYLOR SCOTT AND WHITE SURGICAL HOSPITAL AT SHERMA,SHERMAN,TX,75090,(903) 813-3728,true,Acute Care Hospitals
48183,450032,CHRISTUS GOOD SHEPHERD MEDICAL CENTER,LONGVIEW,TX,75601,(903) 927-6712,true,Acute Care Hospitals
48183,450702,LONGVIEW REGIONAL MEDICAL CENTER,LONGVIEW,TX,75605,(903) 758-1818,true,Acute Care Hospitals
48185,451322,GRIMES ST JOSEPH HEALTH CENTER,NAVASOTA,TX,77868,(936) 825-6585,true,Critical Access Hospitals
48187,450104,GUADALUPE REGIONAL MEDICAL CENTER,SEGUIN,TX,78155,(830) 379-2411,true,Acute Care Hospitals
48189,450539,COVENANT HOSPITAL PLAINVIEW,PLAINVIEW,TX,79072,(806) 296-5531,true,Acute Care Hospitals
48193,451392,HAMILTON GENERAL HOSPITAL,HAMILTON,TX,76531,(254) 386-3151,true,Critical Access Hospitals
48195,451344,HANSFORD COUNTY HOSPITAL,SPEARMAN,TX,79081,(806) 659-2535,true,Critical Access Hospitals
48197,451352,HARDEMAN COUNTY MEMORIAL HOSPITAL,QUANAH,TX,79252,(940) 663-2795,true,Critical Access Hospitals
48199,670134,ALTUS LUMBERTON HOSPITAL,LUMBERTON,TX,77657,(409) 227-0520,true,Acute Care Hospitals
48201,450035,ST JOSEPH MEDICAL CENTER,HOUSTON,TX,77002,(713) 757-1000,true,Acute Care Hospitals
48201,450068,MEMORIAL HERMANN - TEXAS MEDICAL CENTER,HOUSTON,TX,77030,(713) 704-3700,true,Acute Care Hospitals
48201,450097,HCA HOUSTON HEALTHCARE SOUTHEAST,PASADENA,TX,77504,(713) 359-1000,true,Acute Care Hospitals
48201,450184,MEMORIAL HERMANN HOSPITAL SYSTEM,HOUSTON,TX,77008,(713) 448-6796,true,Acute Care Hospitals
48201,450193,Baylor St Lukes Medical Center,HOUSTON,TX,77030,(832) 355-1000,true,Acute Care Hospitals
48201,450289,HARRIS HEALTH,HOUSTON,TX,77030,(713) 873-2000,true,Acute Care Hospitals
48201,450358,HOUSTON METHODIST HOSPITAL,HOUSTON,TX,77030,(713) 790-2221,true,Acute Care Hospitals
48201,450424,HOUSTON METHODIST BAYTOWN HOSPITAL,BAYTOWN,TX,77521,(281) 420-8600,true,Acute Care Hospitals
48201,450610,MEMORIAL HERMANN MEMORIAL CITY HOSPITAL,HOUSTON,TX,77024,(713) 242-3000,true,Acute Care Hospitals
48201,450617,HCA HOUSTON HEALTHCARE CLEAR LAKE,WEBSTER,TX,77598,(281) 332-2511,true,Acute Care Hospitals
48201,450638,HCA HOUSTON HEALTHCARE NORTHWEST,HOUSTON,TX,77090,(281) 440-1000,true,Acute Care Hospitals
48201,450644,HCA HOUSTON HEALTHCARE WEST,HOUSTON,TX,77082,(281) 588-8080,true,Acute Care Hospitals
48201,450659,HCA HOUSTON HEALTHCARE MEDICAL CENTER,HOUSTON,TX,77004,(713) 527-5019,true,Acute Care Hospitals
48201,450670,HCA HOUSTON HEALTHCARE TOMBALL,TOMBALL,TX,77375,(281) 351-7500,true,Acute Care Hospitals
48201,450674,"WOMANS HOSPITAL OF TEXAS,THE",HOUSTON,TX,77054,(713) 790-1234,true,Acute Care Hospitals
48201,450684,MEMORIAL HERMANN NORTHEAST HOSPITAL,HUMBLE,TX,77338,(281) 540-7700,true,Acute Care Hospitals
48201,450709,HOUSTON METHODIST CLEAR LAKE HOSPITAL,NASSAU BAY,TX,77058,(281) 333-5503,true,Acute Care Hospitals
48201,45074F,HOUSTON VA MEDICAL CENTER,HOUSTON,TX,77030,(713) 794-7100,true,Acute Care - Veterans Administration
48201,450775,HCA HOUSTON HEALTHCARE KINGWOOD,KINGWOOD,TX,77325,(281) 359-7500,true,Acute Care Hospitals
48201,450804,TEXAS ORTHOPEDIC HOSPITAL,HOUSTON,TX,77030,(713) 799-8600,true,Acute Care Hospitals
48201,450831,SURGERY SPECIALTY HOSPITALS OF AMERICA SE HOUSTON,PASADENA,TX,77504,(713) 378-3000,true,Acute Care Hospitals
48201,450844,HOUSTON METHODIST WILLOWBROOK HOSPITAL,HOUSTON,TX,77070,(281) 477-1000,true,Acute Care Hospitals
48201,453304,TEXAS CHILDRENS HOSPITAL,HOUSTON,TX,77030,(832) 824-1000,true,Childrens
48201,454108,CYPRESS CREEK HOSPITAL,HOUSTON,TX,77090,(281) 586-7600,true,Psychiatric
48201,454139,SUN BEHAVIORAL HOUSTON,HOUSTON,TX,77054,(713) 795-5025,true,Psychiatric
48201,670005,MEMORIAL HERMANN SURGICAL HOSPITAL KINGWOOD,KINGWOOD,TX,77339,(281) 312-4000,true,Acute Care Hospitals
48201,670008,MEMORIAL HERMANN HOUSTON PHYSICIANS HOSPITAL,WEBSTER,TX,77598,(281) 335-1700,true,Acute Care Hospitals
48201,670031,ST LUKE'S PATIENTS MEDICAL CENTER,PASADENA,TX,77505,(281) 487-0700,true,Acute Care Hospitals
48201,670075,ST LUKE'S HOSPITAL AT THE VINTAGE,HOUSTON,TX,77070,(832) 534-5000,true,Acute Care Hospitals
48201,670077,HOUSTON METHODIST WEST HOSPITAL,HOUSTON,TX,77094,(832) 522-1000,true,Acute Care Hospitals
48201,670102,"AD HOSPITAL EAST, LLC",HOUSTON,TX,77015,(281) 863-2100,true,Acute Care Hospitals
48201,670109,BAYTOWN MEDICAL CENTER LP,BAYTOWN,TX,77521,(281) 837-7600,true,Acute Care Hospitals
48201,670115,CLEVELAND EMERGENCY HOSPITAL,HUMBLE,TX,77338,(281) 592-5400,true,Acute Care Hospitals
48201,670135,"ALTUS HOUSTON HOSPITAL, LP",HOUSTON,TX,77072,(713) 773-0556,true,Acute Care Hospitals
48201,670266,TOWNSEN MEMORIAL HOSPITAL,HUMBLE,TX,77338,(281) 369-9001,true,Acute Care Hospitals
48201,670320,EAST HOUSTON MEDICAL CENTER,HOUSTON,TX,77049,(281) 988-9800,true,Acute Care Hospitals
48201,670342,HOUSTON METHODIST CYPRESS HOSPITAL,CYPRESS,TX,77429,(346) 618-1506,true,Acute Care Hospitals
48207,451341,HASKELL MEMORIAL HOSPITAL,HASKELL,TX,79521,(940) 864-2621,true,Critical Access Hospitals
48209,450272,CHRISTUS SANTA ROSA HOSPITAL-SAN MARCOS,SAN MARCOS,TX,78666,(512) 753-3511,true,Acute Care Hospitals
48209,450865,ASCENSION SETON  SOUTHWEST,AUSTIN,TX,78737,(512) 324-9000,true,Acute Care Hospitals
48209,670056,ASCENSION  SETON HAYS,KYLE,TX,78640,(512) 324-5000,true,Acute Care Hospitals
48209,670131,BAYLOR SCOTT & WHITE MEDICAL CENTER - BUDA,BUDA,TX,78610,(737) 999-6200,true,Acute Care Hospitals
48211,671301,HEMPHILL COUNTY HOSPITAL,CANADIAN,TX,79014,(806) 323-6622,true,Critical Access Hospitals
48213,450389,UT HEALTH EAST TEXAS ATHENS HOSPITAL,ATHENS,TX,75751,(903) 676-1000,true,Acute Care Hospitals
48215,450119,SOUTH TEXAS HEALTH SYSTEM,EDINBURG,TX,78539,(956) 632-4000,true,Acute Care Hospitals
48215,450128,KNAPP MEDICAL CENTER,WESLACO,TX,78596,(956) 968-8567,true,Acute Care Hospitals
48215,450176,MISSION REGIONAL MEDICAL CENTER,MISSION,TX,78572,(956) 323-9000,true,Acute Care Hospitals
48215,450711,RIO GRANDE REGIONAL HOSPITAL,MCALLEN,TX,78503,(956) 632-6000,true,Acute Care Hospitals
48215,450825,CORNERSTONE REGIONAL HOSPITAL,EDINBURG,TX,78539,(956) 618-4444,true,Acute Care Hospitals
48215,450869,DOCTORS HOSPTAL AT RENAISSANCE,EDINBURG,TX,78539,(956) 362-8677,true,Acute Care Hospitals
48215,453321,DRISCOLL CHILDREN'S HOSPITAL RIO GRANDE VALLEY,EDINBURG,TX,78539,(361) 694-5041,true,Childrens
48217,451395,HILL REGIONAL HOSPITAL,HILLSBORO,TX,76645,(254) 580-8500,true,Critical Access Hospitals
48219,450755,COVENANT HOSPITAL LEVELLAND,LEVELLAND,TX,79336,(806) 894-4963,true,Acute Care Hospitals
48221,450596,LAKE GRANBURY MEDICAL CENTER,GRANBURY,TX,76048,(817) 573-2683,true,Acute Care Hospitals
48223,450236,CHRISTUS MOTHER FRANCES HOSPITAL SULPHUR SPRINGS,SULPHUR SPRINGS,TX,75482,(903) 885-7671,true,Acute Care Hospitals
48225,451393,CROCKETT MEDICAL CENTER,CROCKETT,TX,75835,(936) 546-3890,true,Critical Access Hospitals
48227,450653,SCENIC MOUNTAIN MEDICAL CENTER,BIG SPRING,TX,79720,(432) 263-1211,true,Acute Care Hospitals
48231,450352,HUNT REGIONAL MEDICAL CENTER,GREENVILLE,TX,75401,(903) 408-5000,true,Acute Care Hospitals
48231,454050,GLEN OAKS HOSPITAL,GREENVILLE,TX,75401,(903) 454-6000,true,Psychiatric
48233,451369,GOLDEN PLAINS COMMUNITY HOSPITAL,BORGER,TX,79007,(806) 273-1100,true,Critical Access Hospitals
48237,450241,FAITH COMMUNITY HOSPITAL,JACKSBORO,TX,76458,(940) 567-6633,true,Acute Care Hospitals
48239,451363,JACKSON HEALTHCARE CENTER,EDNA,TX,77957,(361) 782-7800,true,Critical Access Hospitals
48241,450573,CHRISTUS JASPER MEMORIAL HOSPITAL,JASPER,TX,75951,(409) 384-5461,true,Acute Care Hospitals
48245,450034,CHRISTUS SOUTHEAST TEXAS- ST ELIZABETH,BEAUMONT,TX,77702,(409) 892-7171,true,Acute Care Hospitals
48245,450346,BAPTIST BEAUMONT HOSPITAL,BEAUMONT,TX,77701,(409) 212-5000,true,Acute Care Hospitals
48245,450518,THE MEDICAL CENTER OF SOUTHEAST TEXAS,PORT ARTHUR,TX,77640,(409) 853-5900,true,Acute Care Hospitals
48249,450828,CHRISTUS SPOHN HOSPITAL ALICE,ALICE,TX,78332,(361) 661-8016,true,Acute Care Hospitals
48251,450148,TEXAS HEALTH HARRIS METHODIST HOSPITAL CLEBURNE,CLEBURNE,TX,76031,(817) 641-2251,true,Acute Care Hospitals
48251,670107,BAYLOR SCOTT AND WHITE EMERGENCY HOSPITAL,BURLESON,TX,76028,(214) 294-6250,true,Acute Care Hospitals
48253,670781,ANSON GENERAL HOSPITAL,ANSON,TX,79501,(325) 823-3231,true,Rural Emergency Hospital
48255,451364,OTTO KAISER MEMORIAL HOSPITAL,KENEDY,TX,78119,(830) 583-3401,true,Critical Access Hospitals
48257,450292,TEXAS HEALTH PRESBYTERIAN HOSPITAL KAUFMAN,KAUFMAN,TX,75142,(972) 932-7200,true,Acute Care Hospitals
48265,450007,PETERSON REGIONAL MEDICAL CENTER,KERRVILLE,TX,78028,(830) 896-4200,true,Acute Care Hospitals
48267,451306,KIMBLE HOSPITAL,JUNCTION,TX,76849,(325) 446-3321,true,Critical Access Hospitals
48273,450163,CHRISTUS SPOHN HOSPITAL KLEBERG,KINGSVILLE,TX,78363,(361) 595-1661,true,Acute Care Hospitals
48275,451394,KNOX COUNTY HOSPITAL,KNOX CITY,TX,79529,(940) 657-3535,true,Critical Access Hospitals
48277,450196,PARIS REGIONAL MEDICAL CENTER,PARIS,TX,75460,(903) 785-4521,true,Acute Care Hospitals
48279,450698,LAMB HEALTHCARE CENTER,LITTLEFIELD,TX,79339,(806) 385-6411,true,Acute Care Hospitals
48281,451323,ADVENTHEALTH ROLLINS BROOK,LAMPASAS,TX,76550,(512) 556-3682,true,Critical Access Hospitals
48285,451346,YOAKUM COMMUNITY HOSPITAL,YOAKUM,TX,77995,(361) 293-2321,true,Critical Access Hospitals
48285,451376,LAVACA MEDICAL CENTER,HALLETTSVILLE,TX,77964,(361) 798-3671,true,Critical Access Hospitals
48291,451375,LIBERTY DAYTON REGIONAL MEDICAL CENTER,LIBERTY,TX,77575,(936) 336-7316,true,Critical Access Hospitals
48293,450400,PARKVIEW REGIONAL HOSPITAL,MEXIA,TX,76667,(254) 562-5332,true,Acute Care Hospitals
48293,451303,LIMESTONE MEDICAL CENTER,GROESBECK,TX,76642,(254) 729-3281,true,Critical Access Hospitals
48299,451396,MID COAST MEDICAL CENTER - CENTRAL,LLANO,TX,78643,(325) 247-5040,true,Critical Access Hospitals
48303,450040,COVENANT MEDICAL CENTER,LUBBOCK,TX,79410,(806) 725-4431,true,Acute Care Hospitals
48303,450162,GRACE SURGICAL HOSPITAL,LUBBOCK,TX,79412,(806) 788-4000,true,Acute Care Hospitals
48303,450686,UNIVERSITY MEDICAL CENTER,LUBBOCK,TX,79415,(806) 775-8200,true,Acute Care Hospitals
48303,450876,LUBBOCK HEART HOSPITAL LP,LUBBOCK,TX,79416,(806) 687-7777,true,Acute Care Hospitals
48303,453306,COVENANT CHILDRENS HOSPITAL,LUBBOCK,TX,79410,(806) 725-7975,true,Childrens
48303,670327,EXCEPTIONAL COMMUNITY HOSPITAL LUBBOCK,LUBBOCK,TX,79424,(469) 341-7800,true,Acute Care Hospitals
48305,451351,LYNN COUNTY HOSPITAL DISTRICT,TAHOKA,TX,79373,(806) 998-4533,true,Critical Access Hospitals
48307,451348,HEART OF TEXAS MEMORIAL HOSPITAL,BRADY,TX,76825,(325) 597-2901,true,Critical Access Hospitals
48309,450042,ASCENSION PROVIDENCE,WACO,TX,76712,(254) 751-4000,true,Acute Care Hospitals
48309,450101,BAYLOR SCOTT & WHITE MEDICAL CENTER HILLCREST,WACO,TX,76712,(254) 202-2000,true,Acute Care Hospitals
48313,451316,MADISON ST JOSEPH HEALTH CENTER,MADISONVILLE,TX,77864,(936) 348-2631,true,Critical Access Hospitals
48317,451333,MARTIN COUNTY HOSPITAL DISTRICT,STANTON,TX,79782,(432) 756-3345,true,Critical Access Hospitals
48321,450465,MATAGORDA REGIONAL MEDICAL CENTER,BAY CITY,TX,77414,(979) 245-6383,true,Acute Care Hospitals
48321,451332,PALACIOS COMMUNITY MEDICAL CENTER,PALACIOS,TX,77465,(361) 972-2511,true,Critical Access Hospitals
48323,450092,FORT DUNCAN MEDICAL CENTER,EAGLE PASS,TX,78852,(830) 773-5321,true,Acute Care Hospitals
48325,451330,MEDINA REGIONAL HOSPITAL,HONDO,TX,78861,(830) 426-7700,true,Critical Access Hospitals
48329,450133,MIDLAND MEMORIAL HOSPITAL,MIDLAND,TX,79701,(432) 685-1111,true,Acute Care Hospitals
48335,451342,MITCHELL COUNTY HOSPITAL DISTRICT,COLORADO CITY,TX,79512,(325) 728-3431,true,Critical Access Hospitals
48337,450641,NOCONA GENERAL HOSPITAL,NOCONA,TX,76255,(940) 825-3235,true,Acute Care Hospitals
48339,450222,HCA HOUSTON HEALTHCARE CONROE,CONROE,TX,77304,(936) 539-1111,true,Acute Care Hospitals
48339,450862,ST LUKE'S THE WOODLANDS HOSPITAL,THE WOODLANDS,TX,77384,(936) 266-4050,true,Acute Care Hospitals
48339,670059,CHI ST LUKES LAKESIDE HOSPITAL,THE WOODLANDS,TX,77384,(936) 266-4055,true,Acute Care Hospitals
48339,670122,HOUSTON METHODIST THE WOODLANDS HOSPITAL,THE WOODLANDS,TX,77385,(936) 270-2000,true,Acute Care Hospitals
48339,670267,THE WOODLANDS SPECIALTY HOSPITAL,SPRING,TX,77386,(281) 602-8160,true,Acute Care Hospitals
48341,451386,MEMORIAL HOSPITAL,DUMAS,TX,79029,(806) 935-7171,true,Critical Access Hospitals
48347,450508,NACOGDOCHES MEMORIAL HOSPITAL,NACOGDOCHES,TX,75961,(936) 564-4611,true,Acute Care Hospitals
48347,450656,NACOGDOCHES MEDICAL CENTER,NACOGDOCHES,TX,75965,(936) 569-9481,true,Acute Care Hospitals
48349,450447,NAVARRO REGIONAL HOSPITAL,CORSICANA,TX,75110,(903) 654-6800,true,Acute Care Hospitals
48353,450055,ROLLING PLAINS MEMORIAL HOSPITAL,SWEETWATER,TX,79556,(325) 235-1701,true,Acute Care Hospitals
48355,450046,CHRISTUS SPOHN HOSPITAL CORPUS CHRISTI,CORPUS CHRISTI,TX,78404,(361) 902-4103,true,Acute Care Hospitals
48355,450788,"CORPUS CHRISTI MEDICAL CENTER,THE",CORPUS CHRISTI,TX,78411,(361) 761-1501,true,Acute Care Hospitals
48355,453301,DRISCOLL CHILDRENS HOSPITAL,CORPUS CHRISTI,TX,78411,(361) 739-4846,true,Childrens
48357,451359,OCHILTREE GENERAL HOSPITAL,PERRYTON,TX,79070,(806) 435-3606,true,Critical Access Hospitals
48363,450565,PALO PINTO GENERAL HOSPITAL,MINERAL WELLS,TX,76067,(940) 325-7891,true,Acute Care Hospitals
48365,450210,UT HEALTH EAST TEXAS CARTHAGE HOSPITAL,CARTHAGE,TX,75633,(903) 693-3841,true,Acute Care Hospitals
48367,450203,MEDICAL CITY WEATHERFORD,WEATHERFORD,TX,76086,(682) 582-1000,true,Acute Care Hospitals
48369,451300,PARMER COUNTY COMMUNITY HOSPITAL,FRIONA,TX,79035,(806) 250-2754,true,Critical Access Hospitals
48371,451307,IRAAN GENERAL HOSPITAL,IRAAN,TX,79744,(432) 639-2575,true,Critical Access Hospitals
48371,451389,PECOS COUNTY MEMORIAL HOSPITAL,FORT STOCKTON,TX,79735,(432) 336-2004,true,Critical Access Hospitals
48373,450395,CHI ST LUKES HEALTH MEMORIAL LIVINGSTON,LIVINGSTON,TX,77351,(936) 327-4381,true,Acute Care Hospitals
48375,450209,NORTHWEST TEXAS HOSPITAL,AMARILLO,TX,79106,(806) 354-1110,true,Acute Care Hospitals
48375,450231,BSA HOSPITAL,AMARILLO,TX,79106,(806) 212-2000,true,Acute Care Hospitals
48375,45060F,VA AMARILLO HEALTHCARE SYSTEM,AMARILLO,TX,79106,(806) 355-9703,true,Acute Care - Veterans Administration
48375,450875,QUAIL CREEK SURGICAL HOSPITAL,AMARILLO,TX,79124,(806) 354-6100,true,Acute Care Hospitals
48383,451301,REAGAN MEMORIAL HOSPITAL,BIG LAKE,TX,76932,(325) 844-2561,true,Critical Access Hospitals
48389,451377,REEVES REGIONAL HEALTH,PECOS,TX,79772,(432) 447-3551,true,Critical Access Hospitals
48391,451317,REFUGIO COUNTY MEMORIAL HOSPITAL,REFUGIO,TX,78377,(361) 526-2321,true,Critical Access Hospitals
48397,670044,TEXAS HEALTH PRESBYTERIAN HOSPITAL ROCKWALL,ROCKWALL,TX,75032,(469) 698-1000,true,Acute Care Hospitals
48399,451310,BALLINGER MEMORIAL HOSPITAL,BALLINGER,TX,76821,(325) 365-2531,true,Critical Access Hospitals
48399,451315,NORTH RUNNELS HOSPITAL,WINTERS,TX,79567,(375) 754-4553,true,Critical Access Hospitals
48401,450475,UT HEALTH EAST TEXAS HENDERSON HOSPITAL,HENDERSON,TX,75652,(903) 657-7541,true,Acute Care Hospitals
48403,451361,SABINE COUNTY HOSPITAL,HEMPHILL,TX,75948,(409) 787-3300,true,Critical Access Hospitals
48405,670783,CHI ST LUKES HEALTH MEMORIAL SAN AUGUSTINE,SAN AUGUSTINE,TX,75972,(936) 275-3446,true,Rural Emergency Hospital
48415,451384,COGDELL MEMORIAL HOSPITAL,SNYDER,TX,79549,(325) 574-7437,true,Critical Access Hospitals
48423,450083,UT HEALTH EAST TEXAS TYLER REGIONAL HOSPITAL,TYLER,TX,75701,(903) 597-0351,true,Acute Care Hospitals
48423,450102,CHRISTUS MOTHER FRANCES HOSPITAL,TYLER,TX,75701,(903) 593-8441,true,Acute Care Hospitals
48423,450690,UNIVERSITY OF TEXAS HEALTH SCIENCE CENTER AT TYLER,TYLER,TX,75708,(903) 877-7777,true,Acute Care Hospitals
48423,450864,BAYLOR SCOTT & WHITE TEXAS SPINE & JOINT HOSPITAL,TYLER,TX,75701,(903) 525-3300,true,Acute Care Hospitals
48425,450451,GLEN ROSE MEDICAL CENTER,GLEN ROSE,TX,76043,(254) 897-2215,true,Acute Care Hospitals
48427,450654,STARR COUNTY MEMORIAL HOSPITAL,RIO GRANDE CITY,TX,78582,(956) 487-5561,true,Acute Care Hospitals
48429,671302,STEPHENS MEMORIAL HOSPITAL,BRECKENRIDGE,TX,76424,(254) 559-2241,true,Critical Access Hospitals
48433,451318,STONEWALL MEMORIAL HOSPITAL DISTRICT,ASPERMONT,TX,79502,(940) 989-3551,true,Critical Access Hospitals
48435,451324,LILLIAN M HUDSPETH MEMORIAL HOSPITAL,SONORA,TX,76950,(325) 387-2521,true,Critical Access Hospitals
48439,450039,JPS HEALTH NETWORK,FORT WORTH,TX,76104,(817) 921-3431,true,Acute Care Hospitals
48439,450064,TEXAS HEALTH ARLINGTON MEMORIAL HOSPITAL,ARLINGTON,TX,76012,(817) 548-6200,true,Acute Care Hospitals
48439,450087,MEDICAL CITY NORTH HILLS,NORTH RICHLAND HILLS,TX,76180,(817) 255-1000,true,Acute Care Hospitals
48439,450135,TEXAS HEALTH HARRIS METHODIST FORT WORTH,FORT WORTH,TX,76104,(817) 250-2100,true,Acute Care Hospitals
48439,450137,BAYLOR SCOTT AND WHITE ALL SAINTS MEDICAL CENTER,FORT WORTH,TX,76104,(817) 926-2544,true,Acute Care Hospitals
48439,450419,TEXAS HEALTH HARRIS METHODIST HOSPITAL AZLE,AZLE,TX,76020,(817) 444-8700,true,Acute Care Hospitals
48439,450563,BAYLOR SCOTT & WHITE MEDICAL CENTER  GRAPEVINE,GRAPEVINE,TX,76051,(817) 481-1588,true,Acute Care Hospitals
48439,450639,TEXAS HEALTH HARRIS METHODIST HURST-EULESS-BEDFORD,BEDFORD,TX,76022,(817) 848-4000,true,Acute Care Hospitals
48439,450672,MEDICAL CITY FORT WORTH,FORT WORTH,TX,76104,(817) 336-2100,true,Acute Care Hospitals
48439,450675,MEDICAL CITY ARLINGTON,ARLINGTON,TX,76015,(817) 465-3241,true,Acute Care Hospitals
48439,450677,TEXAS HEALTH HUGULEY HOSPITAL FORT WORTH SOUTH,FORT WORTH,TX,76115,(817) 293-9110,true,Acute Care Hospitals
48439,450779,TEXAS HEALTH HARRIS METHODIST HOSPITAL SOUTHWEST F,FORT WORTH,TX,76132,(817) 433-5000,true,Acute Care Hospitals
48439,450872,USMD HOSPITAL AT ARLINGTON L P,ARLINGTON,TX,76017,(817) 472-3400,true,Acute Care Hospitals
48439,450880,BAYLOR SCOTT AND WHITE SURGICAL HOSPITAL FORTWORTH,FORT WORTH,TX,76110,(682) 703-5600,true,Acute Care Hospitals
48439,450888,TEXAS HEALTH HARRIS METHODIST HOSPITAL SOUTHLAKE,SOUTHLAKE,TX,76092,(817) 748-8700,true,Acute Care Hospitals
48439,453300,COOK CHILDRENS MEDICAL CENTER,FORT WORTH,TX,76104,(682) 885-4000,true,Childrens
48439,454128,WELLBRIDGE HEALTHCARE FORT WORTH,FORT WORTH,TX,76132,(817) 361-1991,true,Psychiatric
48439,670023,METHODIST MANSFIELD MEDICAL CENTER,MANSFIELD,TX,76063,(682) 622-2059,true,Acute Care Hospitals
48439,670067,BAYLOR SCOTT AND WHITE ORTHOPEDIC AND SPINE HOSPI,ARLINGTON,TX,76015,(817) 583-7100,true,Acute Care Hospitals
48439,670085,TEXAS HEALTH HARRIS METHODIST HOSPITAL ALLIANCE,FORT WORTH,TX,76244,(682) 212-2004,true,Acute Care Hospitals
48439,670103,MEDICAL CITY ALLIANCE,FORT WORTH,TX,76177,(817) 639-1100,true,Acute Care Hospitals
48439,670121,SAINT CAMILLUS MEDICAL CENTER,HURST,TX,76054,(817) 519-3700,true,Acute Care Hospitals
48439,670132,METHODIST SOUTHLAKE MEDICAL CENTER,SOUTHLAKE,TX,76092,(878) 654-4400,true,Acute Care Hospitals
48439,670265,LEGENT ORTHOPEDIC HOSPITAL,GRAPEVINE,TX,76051,(817) 288-1300,true,Acute Care Hospitals
48439,670309,TEXAS HEALTH HOSPITAL MANSFIELD,MANSFIELD,TX,76063,(682) 341-5000,true,Acute Care Hospitals
48441,450229,HENDRICK MEDICAL CENTER,ABILENE,TX,79601,(325) 670-2000,true,Acute Care Hospitals
48445,450399,BROWNFIELD REGIONAL MEDICAL CENTER,BROWNFIELD,TX,79316,(806) 637-8252,true,Acute Care Hospitals
48447,451339,THROCKMORTON COUNTY MEMORIAL HOSPITAL,THROCKMORTON,TX,76483,(940) 849-2151,true,Critical Access Hospitals
48449,450080,TITUS REGIONAL MEDICAL CENTER,MOUNT PLEASANT,TX,75455,(903) 577-6000,true,Acute Care Hospitals
48451,450571,SHANNON MEDICAL CENTER,SAN ANGELO,TX,76903,(325) 653-6741,true,Acute Care Hospitals
48453,450056,ASCENSION SETON MEDICAL CENTER AUSTIN,AUSTIN,TX,78705,(512) 324-1000,true,Acute Care Hospitals
48453,450431,ST DAVID'S MEDICAL CENTER,AUSTIN,TX,78705,(512) 476-7111,true,Acute Care Hospitals
48453,450713,ST DAVID'S SOUTH AUSTIN MEDICAL CENTER,AUSTIN,TX,78704,(512) 448-7107,true,Acute Care Hospitals
48453,450808,NORTHWEST HILLS SURGICAL HOSPITAL,AUSTIN,TX,78731,(512) 346-1994,true,Acute Care Hospitals
48453,450809,NORTH AUSTIN MEDICAL CENTER,AUSTIN,TX,78758,(512) 901-1000,true,Acute Care Hospitals
48453,450867,ASCENSION SETON NORTHWEST,AUSTIN,TX,78759,(512) 324-6000,true,Acute Care Hospitals
48453,453310,DELL CHILDREN'S MEDICAL CENTER,AUSTIN,TX,78723,(512) 324-0000,true,Childrens
48453,670006,THE HOSPITAL AT WESTLAKE MEDICAL CENTER,AUSTIN,TX,78746,(512) 327-0000,true,Acute Care Hospitals
48453,670128,BAYLOR SCOTT & WHITE MEDICAL CENTER PFLUGERVILLE,PFLUGERVILLE,TX,78660,(512) 654-6100,true,Acute Care Hospitals
48455,670331,MID COAST MEDICAL CENTER-TRINITY,TRINITY,TX,75862,(936) 744-1256,true,Acute Care Hospitals
48457,450460,TYLER COUNTY HOSPITAL,WOODVILLE,TX,75979,(409) 283-8141,true,Acute Care Hospitals
48461,451309,MC CAMEY HOSPITAL,MCCAMEY,TX,79752,(432) 652-8626,true,Critical Access Hospitals
48461,451329,RANKIN HOSPITAL MEDICAL CLINIC,RANKIN,TX,79778,(432) 693-2443,true,Critical Access Hospitals
48463,451387,UVALDE MEMORIAL HOSPITAL,UVALDE,TX,78801,(830) 278-6251,true,Critical Access Hospitals
48465,450154,VAL VERDE REGIONAL MEDICAL CENTER,DEL RIO,TX,78840,(830) 775-8566,true,Acute Care Hospitals
48469,450023,CITIZENS MEDICAL CENTER,VICTORIA,TX,77901,(361) 573-9181,true,Acute Care Hospitals
48469,450147,DE TAR HOSPITAL NAVARRO,VICTORIA,TX,77901,(361) 575-7441,true,Acute Care Hospitals
48471,450347,HUNTSVILLE MEMORIAL HOSPITAL,HUNTSVILLE,TX,77340,(936) 291-3411,true,Acute Care Hospitals
48475,451373,WARD MEMORIAL HOSPITAL,MONAHANS,TX,79756,(432) 943-2511,true,Critical Access Hospitals
48477,670343,BAYLOR SCOTT & WHITE HOSPITAL BRENHAM,BRENHAM,TX,77833,(979) 836-6173,true,Acute Care Hospitals
48479,450029,LAREDO MEDICAL CENTER,LAREDO,TX,78044,(956) 796-5000,true,Acute Care Hospitals
48479,450643,DOCTORS HOSPITAL OF LAREDO,LAREDO,TX,78041,(956) 523-2000,true,Acute Care Hospitals
48481,450694,EL CAMPO MEMORIAL HOSPITAL,EL CAMPO,TX,77437,(979) 578-5251,true,Acute Care Hospitals
48483,451334,PARKVIEW HOSPITAL,WHEELER,TX,79096,(806) 826-5581,true,Critical Access Hospitals
48483,451340,SHAMROCK GENERAL HOSPITAL,SHAMROCK,TX,79079,(806) 256-2114,true,Critical Access Hospitals
48485,450010,UNITED REGIONAL HEALTH CARE SYSTEM,WICHITA FALLS,TX,76301,(940) 764-7000,true,Acute Care Hospitals
48485,451343,ELECTRA MEMORIAL HOSPITAL,ELECTRA,TX,76360,(940) 495-3981,true,Critical Access Hospitals
48487,450584,WILBARGER GENERAL HOSPITAL,VERNON,TX,76384,(940) 552-9351,true,Acute Care Hospitals
48491,450718,ROUND ROCK MEDICAL CENTER,ROUND ROCK,TX,78681,(512) 341-1000,true,Acute Care Hospitals
48491,451374,BAYLOR SCOTT & WHITE MEDICAL CENTER -TAYLOR,TAYLOR,TX,76574,(512) 352-7611,true,Critical Access Hospitals
48491,453319,TEXAS CHILDRENS HOSPITAL NORTH AUSTIN CAMPUS,AUSTIN,TX,78717,(832) 824-1100,true,Childrens
48491,670034,BAYLOR SCOTT & WHITE MEDICAL CENTER - ROUND ROCK,ROUND ROCK,TX,78664,(512) 509-0401,true,Acute Care Hospitals
48491,670041,ASCENSION SETON WILLIAMSON,ROUND ROCK,TX,78664,(512) 324-0000,true,Acute Care Hospitals
48491,670043,ASCENSION SETON CEDAR PARK,CEDAR PARK,TX,78613,(512) 528-7000,true,Acute Care Hospitals
48493,450108,CONNALLY MEMORIAL MEDICAL CENTER,FLORESVILLE,TX,78114,(830) 393-1300,true,Acute Care Hospitals
48495,451314,WINKLER COUNTY MEMORIAL HOSPITAL,KERMIT,TX,79745,(432) 586-5865,true,Critical Access Hospitals
48499,451380,UT HEALTH EAST TEXAS QUITMAN HOSPITAL,QUITMAN,TX,75783,(903) 763-6300,true,Critical Access Hospitals
48499,451381,CHRISTUS MOTHER FRANCES HOSPITAL- WINNSBORO,WINNSBORO,TX,75494,(903) 342-5227,true,Critical Access Hospitals
48501,451308,YOAKUM COUNTY HOSPITAL,DENVER CITY,TX,79323,(806) 592-2121,true,Critical Access Hospitals
48503,451354,HAMILTON HOSPITAL,OLNEY,TX,76374,(940) 564-5521,true,Critical Access Hospitals
48503,671300,GRAHAM REGIONAL MEDICAL CENTER,GRAHAM,TX,76450,(940) 549-3400,true,Critical Access Hospitals
49001,461305,MILFORD MEMORIAL HOSPITAL,MILFORD,UT,84751,(435) 387-2411,true,Critical Access Hospitals
49001,461335,BEAVER VALLEY HOSPITAL,BEAVER,UT,84713,(435) 438-7100,true,Critical Access Hospitals
49003,460017,BRIGHAM CITY COMMUNITY HOSPITAL,BRIGHAM CITY,UT,84302,(435) 734-9471,true,Acute Care Hospitals
49003,460039,BEAR RIVER VALLEY HOSPITAL,TREMONTON,UT,84337,(435) 207-4500,true,Acute Care Hospitals
49005,460015,INTERMOUNTAIN HEALTH LOGAN REGIONAL HOSPITAL,LOGAN,UT,84341,(435) 716-1000,true,Acute Care Hospitals
49005,460054,CACHE VALLEY HOSPITAL,NORTH LOGAN,UT,84341,(435) 713-9700,true,Acute Care Hospitals
49007,460011,CASTLEVIEW HOSPITAL,PRICE,UT,84501,(435) 637-4800,true,Acute Care Hospitals
49011,460041,HOLY CROSS HOSPITAL-DAVIS,LAYTON,UT,84041,(801) 807-7000,true,Acute Care Hospitals
49011,460042,LAKEVIEW HOSPITAL,BOUNTIFUL,UT,84010,(801) 299-2200,true,Acute Care Hospitals
49011,460061,INTERMOUNTAIN HEALTH LAYTON HOSPITAL,LAYTON,UT,84041,(801) 543-6000,true,Acute Care Hospitals
49013,460019,UINTAH BASIN MEDICAL CENTER,ROOSEVELT,UT,84066,(435) 722-4691,true,Acute Care Hospitals
49017,461333,INTERMOUNTAIN HEALTH GARFIELD MEMORIAL HOSPITAL,PANGUITCH,UT,84759,(435) 676-1262,true,Critical Access Hospitals
49019,461302,MOAB REGIONAL HOSPITAL,MOAB,UT,84532,(435) 719-3500,true,Critical Access Hospitals
49021,460007,INTERMOUNTAIN HEALTH CEDAR CITY HOSPITAL,CEDAR CITY,UT,84721,(435) 868-5800,true,Acute Care Hospitals
49023,461304,CENTRAL VALLEY MEDICAL CENTER - CAH,NEPHI,UT,84648,(435) 623-3000,true,Critical Access Hospitals
49025,461309,KANE COUNTY HOSPITAL,KANAB,UT,84741,(435) 644-5811,true,Critical Access Hospitals
49027,461300,INTERMOUNTAIN HEALTH DELTA COMMUNITY HOSPITAL,DELTA,UT,84624,(435) 864-5591,true,Critical Access Hospitals
49027,461301,INTERMOUNTAIN HEALTH FILLMORE COMMUNITY HOSPITAL,FILLMORE,UT,84631,(435) 743-5591,true,Critical Access Hospitals
49035,460003,HOLY CROSS HOSPITAL - SALT LAKE,SALT LAKE CITY,UT,84102,(801) 350-4111,true,Acute Care Hospitals
49035,460006,LDS HOSPITAL,SALT LAKE CITY,UT,84143,(801) 408-1100,true,Acute Care Hospitals
49035,460009,UNIVERSITY OF UTAH HOSPITAL AND CLINICS,SALT LAKE CITY,UT,84132,(801) 581-2121,true,Acute Care Hospitals
49035,460010,INTERMOUNTAIN MEDICAL CENTER,MURRAY,UT,84107,(801) 507-7000,true,Acute Care Hospitals
49035,46002F,VA SALT LAKE CITY HEALTHCARE - GEORGE E. WAHLEN VA MEDICAL CENTER,SALT LAKE CITY,UT,84148,(801) 584-1211,true,Acute Care - Veterans Administration
49035,460044,INTERMOUNTAIN HEALTH ALTA VIEW HOSPITAL,SANDY,UT,84094,(801) 501-2600,true,Acute Care Hospitals
49035,460047,ST MARK'S HOSPITAL,SALT LAKE CITY,UT,84124,(801) 268-7111,true,Acute Care Hospitals
49035,460051,HOLY CROSS HOSPITAL-JORDAN VALLEY,WEST JORDAN,UT,84088,(801) 561-8888,true,Acute Care Hospitals
49035,460058,INTERMOUNTAIN HEALTH RIVERTON HOSPITAL,RIVERTON,UT,84065,(801) 285-4000,true,Acute Care Hospitals
49035,460060,LONE PEAK HOSPITAL,DRAPER,UT,84020,(801) 545-8000,true,Acute Care Hospitals
49035,463301,PRIMARY CHILDREN'S HOSPITAL,SALT LAKE CITY,UT,84113,(801) 662-1000,true,Childrens
49037,461308,SAN JUAN HOSPITAL,MONTICELLO,UT,84535,(435) 587-2116,true,Critical Access Hospitals
49037,461310,BLUE MOUNTAIN HOSPITAL,BLANDING,UT,84511,(435) 678-3993,true,Critical Access Hospitals
49039,461303,INTERMOUNTAIN HEALTH SANPETE VALLEY HOSPITAL,MOUNT PLEASANT,UT,84647,(435) 462-4123,true,Critical Access Hospitals
49039,461306,GUNNISON VALLEY HOSPITAL,GUNNISON,UT,84634,(435) 528-2114,true,Critical Access Hospitals
49041,460026,INTERMOUNTAIN HEALTH SEVIER VALLEY HOSPITAL,RICHFIELD,UT,84701,(435) 893-4100,true,Acute Care Hospitals
49043,460057,PARK CITY HOSPITAL,PARK CITY,UT,84060,(435) 658-6700,true,Acute Care Hospitals
49045,460014,MOUNTAIN WEST MEDICAL CENTER,TOOELE,UT,84074,(435) 843-3700,true,Acute Care Hospitals
49047,460030,ASHLEY REGIONAL MEDICAL CENTER,VERNAL,UT,84078,(435) 789-3342,true,Acute Care Hospitals
49049,460001,INTERMOUNTAIN HEALTH UTAH VALLEY HOSPITAL,PROVO,UT,84604,(801) 373-7850,true,Acute Care Hospitals
49049,460013,MOUNTAIN VIEW HOSPITAL,PAYSON,UT,84651,(801) 465-7100,true,Acute Care Hospitals
49049,460023,AMERICAN FORK HOSPITAL,AMERICAN FORK,UT,84003,(801) 855-3305,true,Acute Care Hospitals
49049,460043,OREM COMMUNITY HOSPITAL,OREM,UT,84057,(801) 714-3307,true,Acute Care Hospitals
49049,460052,TIMPANOGOS REGIONAL HOSPITAL,OREM,UT,84057,(801) 714-6800,true,Acute Care Hospitals
49049,460062,INTERMOUNTAIN HEALTH SPANISH FORK HOSPITAL,SPANISH FORK,UT,84660,(385) 344-5000,true,Acute Care Hospitals
49049,464001,UTAH STATE HOSPITAL,PROVO,UT,84605,(801) 344-4400,true,Psychiatric
49051,461307,INTERMOUNTAIN HEALTH HEBER VALLEY HOSPITAL,HEBER CITY,UT,84032,(435) 654-2500,true,Critical Access Hospitals
49053,460021,ST. GEORGE REGIONAL HOSPITAL,ST GEORGE,UT,84790,(435) 251-2100,true,Acute Care Hospitals
49057,460004,INTERMOUNTAIN HEALTH MCKAY-DEE HOSPITAL,OGDEN,UT,84403,(801) 387-2800,true,Acute Care Hospitals
49057,460005,OGDEN REGIONAL MEDICAL CENTER,OGDEN,UT,84405,(801) 479-2111,true,Acute Care Hospitals
50001,471307,PORTER HOSPITAL INC,MIDDLEBURY,VT,05753,(802) 388-4701,true,Critical Access Hospitals
50003,470012,SOUTHWESTERN VERMONT MEDICAL CENTER,BENNINGTON,VT,05201,(802) 442-6361,true,Acute Care Hospitals
50005,471303,NORTHEASTERN VERMONT REGIONAL HOSPITAL,SAINT JOHNSBURY,VT,05819,(802) 748-7400,true,Critical Access Hospitals
50007,470003,UNIV. OF VERMONT - FLETCHER ALLEN HEALTH CARE,BURLINGTON,VT,05401,(802) 847-0000,true,Acute Care Hospitals
50011,470024,NORTHWESTERN MEDICAL CENTER INC,SAINT ALBANS,VT,05478,(802) 524-5911,true,Acute Care Hospitals
50015,471305,COPLEY HOSPITAL,MORRISVILLE,VT,05661,(802) 888-4231,true,Critical Access Hospitals
50017,471301,GIFFORD MEDICAL CENTER,RANDOLPH,VT,05060,(802) 728-4441,true,Critical Access Hospitals
50019,471304,NORTH COUNTRY HOSPITAL AND HEALTH CENTER,NEWPORT,VT,05855,(802) 334-7331,true,Critical Access Hospitals
50021,470005,RUTLAND REGIONAL MEDICAL CENTER,RUTLAND,VT,05701,(802) 775-7111,true,Acute Care Hospitals
50023,470001,CENTRAL VERMONT MEDICAL CENTER,BARRE,VT,05641,(802) 371-4100,true,Acute Care Hospitals
50025,470011,BRATTLEBORO MEMORIAL HOSPITAL,BRATTLEBORO,VT,05301,(802) 257-0341,true,Acute Care Hospitals
50025,474001,BRATTLEBORO RETREAT,BRATTLEBORO,VT,05301,(802) 257-7785,true,Psychiatric
50027,47001F,WHITE RIVER JCT VA MEDICAL CENTER,WHITE RIVER JUNCTION,VT,05009,(802) 295-9363,true,Acute Care - Veterans Administration
50027,471302,MT ASCUTNEY HOSPITAL,WINDSOR,VT,05089,(802) 674-6711,true,Critical Access Hospitals
50027,471306,SPRINGFIELD HOSPITAL,SPRINGFIELD,VT,05156,(802) 885-2151,true,Critical Access Hospitals
51001,490037,RIVERSIDE SHORE MEMORIAL HOSPITAL,ONANCOCK,VA,23417,(757) 414-8000,true,Acute Care Hospitals
51003,490077,SENTARA MARTHA JEFFERSON HOSPITAL,CHARLOTTESVILLE,VA,22911,(434) 654-7000,true,Acute Care Hospitals
51005,490126,LEWISGALE HOSPITAL ALLEGHANY,LOW MOOR,VA,24457,(540) 862-6200,true,Acute Care Hospitals
51013,490050,VIRGINIA HOSPITAL CENTER,ARLINGTON,VA,22205,(703) 558-5000,true,Acute Care Hospitals
51015,490018,AUGUSTA HEALTH,FISHERSVILLE,VA,22939,(540) 332-4000,true,Acute Care Hospitals
51017,491300,BATH COMMUNITY HOSPITAL,HOT SPRINGS,VA,24445,(540) 839-7000,true,Critical Access Hospitals
51019,490088,CENTRA BEDFORD MEMORIAL HOSPITAL,BEDFORD,VA,24523,(540) 586-2441,true,Acute Care Hospitals
51027,490127,BUCHANAN GENERAL HOSPITAL,GRUNDY,VA,24614,(276) 935-1000,true,Acute Care Hospitals
51031,490021,CENTRA HEALTH -  LYNCHBURG GEN HOSPITAL,LYNCHBURG,VA,24501,(434) 200-4789,true,Acute Care Hospitals
51041,490136,BON SECOURS ST FRANCIS MEDICAL CENTER,MIDLOTHIAN,VA,23114,(804) 594-7400,true,Acute Care Hospitals
51047,490019,UVA HEALTH CULPEPER MEDICAL CENTER,CULPEPER,VA,22701,(703) 829-4300,true,Acute Care Hospitals
51051,491303,DICKENSON COMMUNITY HOSPITAL,CLINTWOOD,VA,24228,(276) 926-0300,true,Critical Access Hospitals
51057,490084,VCU HEALTH TAPPAHANNOCK HOSPITAL,TAPPAHANNOCK,VA,22560,(804) 443-3311,true,Acute Care Hospitals
51061,490023,FAUQUIER HOSPITAL,WARRENTON,VA,20186,(540) 316-5000,true,Acute Care Hospitals
51071,491302,CARILION GILES COMMUNITY HOSPITAL,PEARISBURG,VA,24134,(540) 921-6000,true,Critical Access Hospitals
51073,490130,RIVERSIDE WALTER REED HOSPITAL,GLOUCESTER,VA,23061,(804) 693-8800,true,Acute Care Hospitals
51077,490115,TWIN COUNTY REGIONAL HOSPITAL,GALAX,VA,24333,(276) 236-1650,true,Acute Care Hospitals
51081,490097,BON SECOURS SOUTHERN VIRGINIA MEDICAL CENTER,EMPORIA,VA,23847,(434) 348-4400,true,Acute Care Hospitals
51083,490013,SENTARA HALIFAX REGIONAL HOSPITAL,SOUTH BOSTON,VA,24592,(434) 517-3100,true,Acute Care Hospitals
51085,490069,BON SECOURS MEMORIAL REGIONAL MEDICAL CENTER,MECHANICSVILLE,VA,23116,(804) 764-6000,true,Acute Care Hospitals
51087,490094,BON SECOURS RICHMOND COMMUNITY HOSPITAL,RICHMOND,VA,23223,(804) 225-1701,true,Acute Care Hospitals
51087,490118,HENRICO DOCTORS' HOSPITAL,RICHMOND,VA,23229,(804) 289-4500,true,Acute Care Hospitals
51095,490066,SENTARA WILLIAMSBURG REGIONAL MEDICAL CENTER,WILLIAMSBURG,VA,23185,(757) 984-8137,true,Acute Care Hospitals
51095,490143,RIVERSIDE DOCTORS' HOSPITAL OF WILLIAMSBURG,WILLIAMSBURG,VA,23185,(757) 585-2010,true,Acute Care Hospitals
51103,491308,RAPPAHANNOCK GENERAL HOSPITAL,KILMARNOCK,VA,22482,(804) 435-8000,true,Critical Access Hospitals
51105,491309,LEE COUNTY COMMUNITY HOSPITAL,PENNINGTON GAP,VA,24277,(276) 299-5000,true,Critical Access Hospitals
51107,490043,INOVA LOUDOUN HOSPITAL,LEESBURG,VA,20176,(703) 858-6600,true,Acute Care Hospitals
51107,490145,STONESPRINGS HOSPITAL CENTER,DULLES,VA,20166,(571) 349-4000,true,Acute Care Hospitals
51117,490098,COMMUNITY MEMORIAL HOSPITAL,SOUTH HILL,VA,23970,(434) 447-3151,true,Acute Care Hospitals
51121,490042,CARILION NEW RIVER VALLEY MEDICAL CENTER,CHRISTIANSBURG,VA,24073,(540) 731-2000,true,Acute Care Hospitals
51121,490110,LEWISGALE HOSPITAL MONTGOMERY,BLACKSBURG,VA,24060,(540) 951-1111,true,Acute Care Hospitals
51139,491307,"PAGE MEMORIAL HOSPITAL, INC",LURAY,VA,22835,(540) 743-4561,true,Critical Access Hospitals
51143,490075,SOVAH HEALTH DANVILLE,DANVILLE,VA,24541,(434) 799-2100,true,Acute Care Hospitals
51143,494017,SOUTHERN VIRGINIA MENTAL HEALTH INSTITUTE,DANVILLE,VA,24541,(434) 773-4339,true,Psychiatric
51147,490090,"SOUTHSIDE COMMUNITY HOSPITAL, INC",FARMVILLE,VA,23901,(434) 392-8811,true,Acute Care Hospitals
51149,490020,JOHN RANDOLPH MEDICAL CENTER,HOPEWELL,VA,23860,(804) 541-1600,true,Acute Care Hospitals
51149,490067,BON SECOURS SOUTHSIDE MEDICAL CENTER,PETERSBURG,VA,23805,(804) 765-5000,true,Acute Care Hospitals
51153,490113,SENTARA NORTHERN VIRGINIA MEDICAL CENTER,WOODBRIDGE,VA,22191,(703) 523-1000,true,Acute Care Hospitals
51153,490144,UVA HEALTH HAYMARKET MEDICAL CENTER,HAYMARKET,VA,20169,(571) 284-1000,true,Acute Care Hospitals
51155,490116,LEWISGALE HOSPITAL PULASKI,PULASKI,VA,24301,(540) 994-8100,true,Acute Care Hospitals
51161,490024,CARILION MEDICAL CENTER,ROANOKE,VA,24014,(540) 981-7000,true,Acute Care Hospitals
51161,490048,LEWISGALE MEDICAL CENTER,SALEM,VA,24153,(540) 776-4100,true,Acute Care Hospitals
51161,49011F,SALEM VA MEDICAL CENTER,SALEM,VA,24153,(540) 982-2463,true,Acute Care - Veterans Administration
51163,491304,CARILION STONEWALL JACKSON HOSPITAL,LEXINGTON,VA,24450,(540) 458-3300,true,Critical Access Hospitals
51165,490004,SENTARA RMH MEDICAL CENTER,HARRISONBURG,VA,22801,(540) 689-1000,true,Acute Care Hospitals
51167,490002,RUSSELL COUNTY HOSPITAL,LEBANON,VA,24266,(276) 883-8000,true,Acute Care Hospitals
51171,491305,SHENANDOAH MEMORIAL HOSPITAL,WOODSTOCK,VA,22664,(540) 459-1100,true,Critical Access Hospitals
51173,490038,SMYTH COUNTY COMMUNITY HOSPITAL,MARION,VA,24354,(276) 378-1000,true,Acute Care Hospitals
51175,490092,BON SECOURS SOUTHAMPTON MEMORIAL HOSPITAL,FRANKLIN,VA,23851,(757) 569-6100,true,Acute Care Hospitals
51177,490141,SPOTSYLVANIA REGIONAL MEDICAL CENTER,FREDERICKSBURG,VA,22408,(540) 498-4000,true,Acute Care Hospitals
51179,490140,"STAFFORD HOSPITAL, LLC",STAFFORD,VA,22554,(540) 741-9000,true,Acute Care Hospitals
51185,490060,CLINCH VALLEY MEDICAL CENTER,RICHLANDS,VA,24641,(276) 596-6000,true,Acute Care Hospitals
51185,490117,CARILION TAZEWELL COMMUNITY HOSPITAL,TAZEWELL,VA,24651,(276) 988-8700,true,Acute Care Hospitals
51187,490033,WARREN MEMORIAL HOSPITAL,FRONT ROYAL,VA,22630,(540) 636-0299,true,Acute Care Hospitals
51191,490053,JOHNSTON MEMORIAL HOSPITAL,ABINGDON,VA,24211,(276) 258-1000,true,Acute Care Hospitals
51195,490114,LONESOME PINE HOSPITAL,BIG STONE GAP,VA,24219,(276) 523-3111,true,Acute Care Hospitals
51197,490111,WYTHE COUNTY COMMUNITY HOSPITAL,WYTHEVILLE,VA,24382,(276) 228-0200,true,Acute Care Hospitals
51510,490040,INOVA ALEXANDRIA HOSPITAL,ALEXANDRIA,VA,22304,(703) 504-3167,true,Acute Care Hospitals
51540,490009,UNIVERSITY OF VIRGINIA MEDICAL CENTER,CHARLOTTESVILLE,VA,22908,(434) 924-0000,true,Acute Care Hospitals
51550,490120,CHESAPEAKE GENERAL HOSPITAL,CHESAPEAKE,VA,23320,(757) 312-8121,true,Acute Care Hospitals
51600,49001F,Fort Belvoir Community Hospital,Fort Belvoir,VA,22060,(571) 231-3224,true,Acute Care - Department of Defense
51600,490063,INOVA FAIRFAX HOSPITAL,FALLS CHURCH,VA,22042,(703) 698-1110,true,Acute Care Hospitals
51600,490107,RESTON HOSPITAL CENTER,RESTON,VA,20190,(703) 689-9000,true,Acute Care Hospitals
51600,490122,INOVA MOUNT VERNON HOSPITAL,ALEXANDRIA,VA,22306,(703) 664-7105,true,Acute Care Hospitals
51620,490089,CARILION FRANKLIN MEMORIAL HOSPITAL,ROCKY MOUNT,VA,24151,(540) 483-5277,true,Acute Care Hospitals
51630,490022,MARY WASHINGTON HOSPITAL,FREDERICKSBURG,VA,22401,(540) 741-1100,true,Acute Care Hospitals
51650,49006F,HAMPTON VA MEDICAL CENTER,HAMPTON,VA,23667,(757) 722-9961,true,Acute Care - Veterans Administration
51650,490093,SENTARA CAREPLEX HOSPITAL,HAMPTON,VA,23666,(757) 827-2545,true,Acute Care Hospitals
51683,490045,UVA HEALTH PRINCE WILLIAM MEDICAL CENTER,MANASSAS,VA,20110,(703) 369-8736,true,Acute Care Hospitals
51700,490041,MARY IMMACULATE HOSPITAL,NEWPORT NEWS,VA,23602,(757) 886-6000,true,Acute Care Hospitals
51700,490052,RIVERSIDE REGIONAL MEDICAL CENTER,NEWPORT NEWS,VA,23601,(757) 594-2000,true,Acute Care Hospitals
51710,490007,SENTARA NORFOLK GENERAL HOSPITAL,NORFOLK,VA,23507,(757) 388-3000,true,Acute Care Hospitals
51710,493301,CHILDRENS HOSPITAL OF THE KINGS DAUGHTERS INC,NORFOLK,VA,23507,(757) 668-9647,true,Childrens
51740,490017,BON SECOURS MARYVIEW MEDICAL CENTER,PORTSMOUTH,VA,23707,(757) 398-2200,true,Acute Care Hospitals
51740,49008F,NMC Portsmouth,Portsmouth,VA,23708,(757) 953-5000,true,Acute Care - Department of Defense
51760,490032,MEDICAL COLLEGE OF VIRGINIA HOSPITALS,RICHMOND,VA,23298,(804) 828-9000,true,Acute Care Hospitals
51760,490059,BON SECOURS ST MARYS HOSPITAL,RICHMOND,VA,23226,(804) 285-2011,true,Acute Care Hospitals
51760,490112,CJW MEDICAL CENTER,RICHMOND,VA,23225,(804) 483-0000,true,Acute Care Hospitals
51800,490044,SENTARA OBICI HOSPITAL,SUFFOLK,VA,23434,(757) 934-4000,true,Acute Care Hospitals
51800,490148,BON SECOURS HARBOUR VIEW MEDICAL CENTER,SUFFOLK,VA,23435,(757) 673-5917,true,Acute Care Hospitals
51810,490057,SENTARA VIRGINIA BEACH GENERAL HOSPITAL,VIRGINIA BEACH,VA,23454,(757) 395-8000,true,Acute Care Hospitals
51840,490005,WINCHESTER MEDICAL CENTER,WINCHESTER,VA,22601,(540) 536-8000,true,Acute Care Hospitals
53001,501311,EAST ADAMS RURAL HOSPITAL,RITZVILLE,WA,99169,(509) 659-1200,true,Critical Access Hospitals
53001,501318,OTHELLO COMMUNITY HOSPITAL,OTHELLO,WA,99344,(509) 488-2636,true,Critical Access Hospitals
53003,501332,TRI-STATE MEMORIAL HOSPITAL,CLARKSTON,WA,99403,(509) 758-5511,true,Critical Access Hospitals
53005,500053,TRIOS HEALTH,KENNEWICK,WA,99338,(509) 586-6111,true,Acute Care Hospitals
53005,500058,KADLEC REGIONAL MEDICAL CENTER,RICHLAND,WA,99352,(509) 946-4611,true,Acute Care Hospitals
53005,501312,PROSSER MEMORIAL HOSPITAL,PROSSER,WA,99350,(509) 786-2222,true,Critical Access Hospitals
53007,500016,CONFLUENCE HEALTH HOSPITAL,WENATCHEE,WA,98807,(509) 662-1511,true,Acute Care Hospitals
53007,501313,CASCADE MEDICAL CENTER,LEAVENWORTH,WA,98826,(509) 548-5815,true,Critical Access Hospitals
53007,501334,LAKE CHELAN COMMUNITY HOSPITAL,CHELAN,WA,98816,(509) 682-3300,true,Critical Access Hospitals
53009,500072,OLYMPIC MEDICAL CENTER,PORT ANGELES,WA,98362,(360) 417-7000,true,Acute Care Hospitals
53009,501325,FORKS COMMUNITY HOSPITAL,FORKS,WA,98331,(360) 374-6271,true,Critical Access Hospitals
53011,500150,LEGACY SALMON CREEK MEDICAL CENTER,VANCOUVER,WA,98686,(360) 487-1000,true,Acute Care Hospitals
53013,501302,DAYTON GENERAL HOSPITAL,DAYTON,WA,99328,(509) 382-2531,true,Critical Access Hospitals
53015,500041,PEACEHEALTH ST JOHN MEDICAL CENTER,LONGVIEW,WA,98632,(360) 414-2000,true,Acute Care Hospitals
53019,501322,FERRY COUNTY MEMORIAL HOSPITAL,REPUBLIC,WA,99166,(509) 775-3333,true,Critical Access Hospitals
53021,501337,LOURDES MEDICAL CENTER,PASCO,WA,99301,(509) 546-2278,true,Critical Access Hospitals
53023,501301,GARFIELD COUNTY PUBLIC HOSPITAL DISTRICT #1,POMEROY,WA,99347,(509) 843-1591,true,Critical Access Hospitals
53025,500033,SAMARITAN HOSPITAL,MOSES LAKE,WA,98837,(509) 765-5606,true,Acute Care Hospitals
53025,501308,COULEE MEDICAL CENTER,GRAND COULEE,WA,99133,(509) 633-1753,true,Critical Access Hospitals
53025,501317,COLUMBIA BASIN HOSPITAL,EPHRATA,WA,98823,(509) 754-4631,true,Critical Access Hospitals
53025,501320,QUINCY VALLEY MEDICAL CENTER,QUINCY,WA,98848,(509) 787-3531,true,Critical Access Hospitals
53027,500031,GRAYS HARBOR COMMUNITY HOSPITAL,ABERDEEN,WA,98520,(360) 532-8330,true,Acute Care Hospitals
53027,501304,SUMMIT PACIFIC MEDICAL CENTER,ELMA,WA,98541,(360) 346-2222,true,Critical Access Hospitals
53029,501339,WHIDBEYHEALTH MEDICAL CENTER,COUPEVILLE,WA,98239,(360) 678-5151,true,Critical Access Hospitals
53031,501323,JEFFERSON HEALTHCARE,PORT TOWNSEND,WA,98368,(360) 385-2200,true,Critical Access Hospitals
53033,500005,VIRGINIA MASON MEDICAL CENTER,SEATTLE,WA,98101,(206) 223-6600,true,Acute Care Hospitals
53033,500011,HIGHLINE MEDICAL CENTER,BURIEN,WA,98166,(206) 431-5237,true,Acute Care Hospitals
53033,500015,MULTICARE AUBURN MEDICAL CENTER,AUBURN,WA,98001,(253) 833-7711,true,Acute Care Hospitals
53033,500025,SWEDISH MEDICAL CENTER / CHERRY HILL,SEATTLE,WA,98122,(206) 320-2000,true,Acute Care Hospitals
53033,500027,SWEDISH MEDICAL CENTER,SEATTLE,WA,98122,(206) 386-6000,true,Acute Care Hospitals
53033,500051,OVERLAKE HOSPITAL MEDICAL CENTER & CLINICS,BELLEVUE,WA,98004,(425) 688-5000,true,Acute Care Hospitals
53033,500052,KAISER PERMANENTE CENTRAL HOSPITAL,SEATTLE,WA,98112,(206) 326-3000,true,Acute Care Hospitals
53033,500064,HARBORVIEW MEDICAL CENTER,SEATTLE,WA,98104,(206) 744-9535,true,Acute Care Hospitals
53033,500088,VALLEY MEDICAL CENTER,RENTON,WA,98055,(425) 228-3450,true,Acute Care Hospitals
53033,500124,EVERGREENHEALTH MEDICAL CENTER,KIRKLAND,WA,98034,(425) 899-1000,true,Acute Care Hospitals
53033,500141,ST FRANCIS COMMUNITY HOSPITAL,FEDERAL WAY,WA,98003,(253) 944-8100,true,Acute Care Hospitals
53033,500152,SWEDISH ISSAQUAH,ISSAQUAH,WA,98029,(425) 313-4000,true,Acute Care Hospitals
53033,500154,MULTICARE COVINGTON MEDICAL CENTER,COVINGTON,WA,98042,(253) 372-7400,true,Acute Care Hospitals
53033,50030F,SEATTLE VA MEDICAL CENTER (VA PUGET SOUND HEALTHCARE SYSTEM),SEATTLE,WA,98108,(206) 764-2299,true,Acute Care - Veterans Administration
53033,501335,ST ELIZABETH HOSPITAL,ENUMCLAW,WA,98022,(360) 825-2505,true,Critical Access Hospitals
53033,501338,SNOQUALMIE VALLEY HOSPITAL,SNOQUALMIE,WA,98065,(425) 831-2300,true,Critical Access Hospitals
53033,503300,SEATTLE CHILDREN'S HOSPITAL,SEATTLE,WA,98105,(206) 987-2000,true,Childrens
53037,501333,KITTITAS VALLEY COMMUNITY HOSPITAL,ELLENSBURG,WA,98926,(509) 962-9841,true,Critical Access Hospitals
53039,501315,SKYLINE HOSPITAL,WHITE SALMON,WA,98672,(509) 491-1101,true,Critical Access Hospitals
53039,501316,KLICKITAT VALLEY HOSPITAL,GOLDENDALE,WA,98620,(509) 773-4022,true,Critical Access Hospitals
53041,500019,PROVIDENCE CENTRALIA HOSPITAL,CENTRALIA,WA,98531,(360) 330-8530,true,Acute Care Hospitals
53041,501319,ARBOR HEALTH MORTON HOSPITAL,MORTON,WA,98356,(360) 496-5112,true,Critical Access Hospitals
53043,501305,LINCOLN HOSPITAL,DAVENPORT,WA,99122,(509) 725-7101,true,Critical Access Hospitals
53043,501307,ODESSA MEMORIAL HEALTHCARE CENTER,ODESSA,WA,99159,(509) 982-2611,true,Critical Access Hospitals
53045,501336,MASON GENERAL HOSPITAL & FAMILY OF CLINICS,SHELTON,WA,98584,(360) 426-1611,true,Critical Access Hospitals
53047,501321,NORTH VALLEY HOSPITAL,TONASKET,WA,98855,(509) 486-2151,true,Critical Access Hospitals
53047,501324,THREE RIVERS HOSPITAL,BREWSTER,WA,98812,(509) 689-2517,true,Critical Access Hospitals
53047,501328,MID VALLEY HOSPITAL & CLINIC,OMAK,WA,98841,(509) 826-1760,true,Critical Access Hospitals
53049,501303,WILLAPA HARBOR HOSPITAL,SOUTH BEND,WA,98586,(360) 875-5526,true,Critical Access Hospitals
53049,501314,OCEAN BEACH HOSPITAL,ILWACO,WA,98624,(360) 642-3181,true,Critical Access Hospitals
53051,501310,NEWPORT COMMUNITY HOSPITAL,NEWPORT,WA,99156,(509) 447-2441,true,Critical Access Hospitals
53053,500021,ST CLARE HOSPITAL,LAKEWOOD,WA,98499,(253) 588-1711,true,Acute Care Hospitals
53053,50005F,Madigan AMC (FT Lewis),Joint Base Lewis-McChord,WA,98431,(253) 968-1110,true,Acute Care - Department of Defense
53053,500079,MULTICARE GOOD SAMARITAN HOSPITAL,PUYALLUP,WA,98372,(253) 697-2102,true,Acute Care Hospitals
53053,500108,ST JOSEPH MEDICAL CENTER,TACOMA,WA,98405,(253) 627-4101,true,Acute Care Hospitals
53053,500129,TACOMA GENERAL ALLENMORE HOSPITAL,TACOMA,WA,98405,(253) 403-1000,true,Acute Care Hospitals
53053,500151,ST ANTHONY HOSPITAL,GIG HARBOR,WA,98332,(253) 530-2050,true,Acute Care Hospitals
53053,503301,MARY BRIDGE CHILDREN'S HOSPITAL,TACOMA,WA,98415,(253) 403-1400,true,Childrens
53055,501340,PEACEHEALTH PEACE ISLAND MEDICAL CENTER,FRIDAY HARBOR,WA,98250,(360) 378-2141,true,Critical Access Hospitals
53057,500003,SKAGIT VALLEY HOSPITAL,MOUNT VERNON,WA,98274,(360) 424-4111,true,Acute Care Hospitals
53057,500007,ISLAND HOSPITAL,ANACORTES,WA,98221,(360) 299-1300,true,Acute Care Hospitals
53057,501329,PEACEHEALTH UNITED GENERAL MEDICAL CENTER,SEDRO WOOLLEY,WA,98284,(360) 856-6021,true,Critical Access Hospitals
53061,500014,PROVIDENCE REGIONAL MEDICAL CENTER EVERETT,EVERETT,WA,98201,(425) 261-2000,true,Acute Care Hospitals
53061,500026,SWEDISH EDMONDS HOSPITAL,EDMONDS,WA,98026,(425) 640-4000,true,Acute Care Hospitals
53061,500060,CASCADE VALLEY HOSPITAL,ARLINGTON,WA,98223,(360) 435-2133,true,Acute Care Hospitals
53061,500084,EVERGREENHEALTH MONROE,MONROE,WA,98272,(360) 794-7497,true,Acute Care Hospitals
53063,500044,DEACONESS MEDICAL CENTER,SPOKANE,WA,99210,(509) 473-5800,true,Acute Care Hospitals
53063,500054,PROV SACRED HRT MED CTR & CHILDS HOSP.,SPOKANE,WA,99220,(509) 474-3131,true,Acute Care Hospitals
53063,500077,PROVIDENCE HOLY FAMILY HOSPITAL,SPOKANE,WA,99208,(509) 482-0111,true,Acute Care Hospitals
53063,500119,MULTICARE VALLEY HOSPITAL,SPOKANE VALLEY,WA,99216,(509) 924-6650,true,Acute Care Hospitals
53063,50011F,SPOKANE VA MEDICAL CENTER,SPOKANE,WA,99205,(509) 434-7000,true,Acute Care - Veterans Administration
53065,501309,PROVIDENCE ST JOSEPH HOSPITAL,CHEWELAH,WA,99109,(509) 935-8211,true,Critical Access Hospitals
53065,501326,PROVIDENCE MOUNT CARMEL HOSPITAL,COLVILLE,WA,99114,(509) 684-2561,true,Critical Access Hospitals
53067,500024,PROVIDENCE ST PETER HOSPITAL,OLYMPIA,WA,98506,(360) 493-7179,true,Acute Care Hospitals
53067,500139,CAPITAL MEDICAL CENTER,OLYMPIA,WA,98502,(360) 956-2550,true,Acute Care Hospitals
53071,500002,PROVIDENCE ST MARY MEDICAL CENTER,WALLA WALLA,WA,99362,(509) 522-5900,true,Acute Care Hospitals
53075,501327,WHITMAN HOSPITAL AND MEDICAL CENTER,COLFAX,WA,99111,(509) 397-3435,true,Critical Access Hospitals
53075,501331,PULLMAN REGIONAL HOSPITAL,PULLMAN,WA,99163,(509) 332-2541,true,Critical Access Hospitals
53077,500037,ASTRIA TOPPENISH HOSPITAL,TOPPENISH,WA,98948,(509) 865-1520,true,Acute Care Hospitals
53077,501330,ASTRIA SUNNYSIDE HOSPITAL,SUNNYSIDE,WA,98944,(509) 837-1500,true,Critical Access Hospitals
54001,511300,VANDALIA HEALTH BROADDUS HOSPITAL,PHILIPPI,WV,26416,(304) 457-1760,true,Critical Access Hospitals
54003,510008,BERKELEY MEDICAL CENTER,MARTINSBURG,WV,25401,(304) 264-1000,true,Acute Care Hospitals
54003,51005F,MARTINSBURG VA MEDICAL CENTER,MARTINSBURG,WV,25405,(304) 263-0811,true,Acute Care - Veterans Administration
54005,511313,BOONE MEMORIAL HOSPITAL,MADISON,WV,25130,(304) 369-1230,true,Critical Access Hospitals
54007,511308,"BRAXTON COUNTY MEMORIAL HOSPITAL, INC",GASSAWAY,WV,26624,(304) 364-5156,true,Critical Access Hospitals
54011,510007,ST MARYS MEDICAL CENTER,HUNTINGTON,WV,25702,(304) 526-1234,true,Acute Care Hospitals
54011,510055,"CABELL HUNTINGTON HOSPITAL, INC",HUNTINGTON,WV,25701,(304) 526-2000,true,Acute Care Hospitals
54013,511303,MINNIE HAMILTON HEALTH SYSTEM,GRANTSVILLE,WV,26147,(304) 354-9244,true,Critical Access Hospitals
54019,511317,"CAMC PLATEAU MEDICAL CENTER, INC",OAK HILL,WV,25901,(304) 469-8600,true,Critical Access Hospitals
54019,511318,MONTGOMERY GENERAL HOSPITAL,MONTGOMERY,WV,25136,(304) 442-5151,true,Critical Access Hospitals
54023,511316,GRANT MEMORIAL HOSPITAL,PETERSBURG,WV,26847,(304) 257-1026,true,Critical Access Hospitals
54025,510002,"CAMC GREENBRIER VALLEY MEDICAL CENTER, INC",RONCEVERTE,WV,24970,(304) 647-4411,true,Acute Care Hospitals
54027,511311,HAMPSHIRE MEMORIAL HOSPITAL,ROMNEY,WV,26757,(304) 822-4561,true,Critical Access Hospitals
54029,510023,"WEIRTON MEDICAL CENTER, INC",WEIRTON,WV,26062,(304) 797-6000,true,Acute Care Hospitals
54033,510006,"UNITED HOSPITAL CENTER, INC",BRIDGEPORT,WV,26330,(681) 342-1000,true,Acute Care Hospitals
54033,51003F,CLARKSBURG VA MEDICAL CENTER,CLARKSBURG,WV,26301,(304) 623-3461,true,Acute Care - Veterans Administration
54033,514011,"HIGHLAND-CLARKSBURG HOSPITAL, INC",CLARKSBURG,WV,26301,(304) 969-3100,true,Psychiatric
54035,511320,JACKSON GENERAL HOSPITAL,RIPLEY,WV,25271,(304) 372-2731,true,Critical Access Hospitals
54037,511319,JEFFERSON MEDICAL CENTER,RANSON,WV,25438,(304) 728-1600,true,Critical Access Hospitals
54039,510022,CHARLESTON AREA MEDICAL CENTER,CHARLESTON,WV,25301,(304) 388-5432,true,Acute Care Hospitals
54039,510029,THOMAS MEMORIAL HOSPITAL,SOUTH CHARLESTON,WV,25309,(304) 766-3600,true,Acute Care Hospitals
54041,510038,STONEWALL JACKSON MEMORIAL HOSPITAL COMPANY,WESTON,WV,26452,(304) 269-8000,true,Acute Care Hospitals
54045,510048,LOGAN REGIONAL MEDICAL CENTER,LOGAN,WV,25601,(304) 831-1101,true,Acute Care Hospitals
54049,510093,MON HEALTH MARION,WHITEHALL,WV,26554,(304) 333-1150,true,Acute Care Hospitals
54051,510013,"REYNOLDS MEMORIAL HOSPITAL, INC",GLEN DALE,WV,26038,(304) 843-3230,true,Acute Care Hospitals
54053,510012,RIVERS HEALTH,POINT PLEASANT,WV,25550,(304) 675-4340,true,Acute Care Hospitals
54055,510046,PRINCETON COMMUNITY HOSPITAL ASSN INC,PRINCETON,WV,24740,(304) 487-7000,true,Acute Care Hospitals
54057,511315,POTOMAC VALLEY HOSPITAL,KEYSER,WV,26726,(304) 597-3500,true,Critical Access Hospitals
54061,510001,"WEST VIRGINIA UNIVERSITY HOSPITALS, INC",MORGANTOWN,WV,26506,(304) 598-4000,true,Acute Care Hospitals
54061,510024,MON HEALTH MEDICAL CENTER,MORGANTOWN,WV,26505,(304) 598-1200,true,Acute Care Hospitals
54065,511309,VALLEY HEALTH WAR MEMORIAL HOSPITAL,BERKELEY SPRINGS,WV,25411,(304) 258-1234,true,Critical Access Hospitals
54067,511322,SUMMERSVILLE REGIONAL MEDICAL CENTER,SUMMERSVILLE,WV,26651,(304) 872-2891,true,Critical Access Hospitals
54069,510050,"WHEELING HOSPITAL, INC",WHEELING,WV,26003,(304) 243-3000,true,Acute Care Hospitals
54075,511314,POCAHONTAS MEMORIAL HOSPITAL,BUCKEYE,WV,24924,(304) 799-7400,true,Critical Access Hospitals
54077,511312,PRESTON MEMORIAL HOSPITAL,KINGWOOD,WV,26537,(304) 329-1400,true,Critical Access Hospitals
54081,51002F,BECKLEY VA MEDICAL CENTER,BECKLEY,WV,25801,(304) 255-2121,true,Acute Care - Veterans Administration
54081,510062,BECKLEY ARH HOSPITAL,BECKLEY,WV,25801,(304) 255-3000,true,Acute Care Hospitals
54081,510070,RALEIGH GENERAL HOSPITAL,BECKLEY,WV,25801,(304) 256-4100,true,Acute Care Hospitals
54083,510030,DAVIS MEDICAL CENTER,ELKINS,WV,26241,(304) 636-3300,true,Acute Care Hospitals
54087,511306,ROANE GENERAL HOSPITAL,SPENCER,WV,25276,(304) 927-4444,true,Critical Access Hospitals
54089,511310,SUMMERS COUNTY ARH HOSPITAL,HINTON,WV,25951,(304) 466-1000,true,Critical Access Hospitals
54091,511307,"GRAFTON CITY HOSPITAL, INC",GRAFTON,WV,26354,(304) 265-0400,true,Critical Access Hospitals
54095,511304,SISTERSVILLE GENERAL HOSPITAL,SISTERSVILLE,WV,26175,(304) 652-2611,true,Critical Access Hospitals
54097,511321,"ST JOSEPH'S HOSPITAL OF BUCKHANNON, INC",BUCKHANNON,WV,26201,(304) 472-2000,true,Critical Access Hospitals
54099,51004F,HUNTINGTON VA MEDICAL CENTER,HUNTINGTON,WV,25704,(304) 429-0241,true,Acute Care - Veterans Administration
54101,511301,WEBSTER MEMORIAL HOSPITAL,WEBSTER SPRINGS,WV,26288,(304) 847-5682,true,Critical Access Hospitals
54103,510072,WETZEL COUNTY HOSPITAL,NEW MARTINSVILLE,WV,26155,(304) 455-8000,true,Acute Care Hospitals
54107,510058,CAMDEN CLARK MEDICAL CENTER,PARKERSBURG,WV,26101,(304) 424-2111,true,Acute Care Hospitals
54109,510086,WELCH COMMUNITY HOSPITAL,WELCH,WV,24801,(304) 436-8461,true,Acute Care Hospitals
55001,521309,GUNDERSEN MOUNDVIEW HOSPITAL AND CLINICS,FRIENDSHIP,WI,53934,(608) 339-3331,true,Critical Access Hospitals
55003,521359,TAMARACK HEALTH ASHLAND MEDICAL CENTER,ASHLAND,WI,54806,(715) 685-5500,true,Critical Access Hospitals
55005,520011,MARSHFIELD MEDICAL CENTER - RICE LAKE,RICE LAKE,WI,54868,(715) 234-1515,true,Acute Care Hospitals
55005,521315,MAYO CLINIC HEALTH SYSTEM-NORTHLAND,BARRON,WI,54812,(715) 537-3186,true,Critical Access Hospitals
55005,521353,CUMBERLAND MEMORIAL HOSPITAL,CUMBERLAND,WI,54829,(715) 822-7200,true,Critical Access Hospitals
55009,520049,BELLIN MEMORIAL HOSPITAL,GREEN BAY,WI,54301,(920) 433-3500,true,Acute Care Hospitals
55009,520075,ST VINCENT HOSPITAL,GREEN BAY,WI,54301,(920) 433-0111,true,Acute Care Hospitals
55009,520097,ST MARYS HOSPITAL MEDICAL CTR,GREEN BAY,WI,54303,(920) 498-4200,true,Acute Care Hospitals
55009,520193,AURORA BAYCARE MEDICAL CTR,GREEN BAY,WI,54313,(920) 288-8000,true,Acute Care Hospitals
55013,521331,BURNETT MEDICAL CENTER,GRANTSBURG,WI,54840,(715) 463-5353,true,Critical Access Hospitals
55015,521317,ASCENSION CALUMET HOSPITAL,CHILTON,WI,53014,(920) 849-2386,true,Critical Access Hospitals
55017,521311,ASPIRUS STANLEY HOSPITAL,STANLEY,WI,54768,(715) 644-5571,true,Critical Access Hospitals
55017,521314,MAYO CLINIC HEALTH SYSTEM CHIPPEWA VALLEY,BLOOMER,WI,54724,(715) 568-2000,true,Critical Access Hospitals
55019,521323,MARSHFIELD MEDICAL CENTER - NEILLSVILLE,NEILLSVILLE,WI,54456,(715) 743-3101,true,Critical Access Hospitals
55021,520041,ASPIRUS DIVINE SAVIOR HOSPITAL,PORTAGE,WI,53901,(608) 742-4131,true,Acute Care Hospitals
55021,521338,COLUMBUS COMMUNITY HOSPITAL,COLUMBUS,WI,53925,(920) 623-2200,true,Critical Access Hospitals
55023,521330,CROSSING RIVERS HEALTH MEDICAL CENTER,PRAIRIE DU CHIEN,WI,53821,(608) 357-2000,true,Critical Access Hospitals
55025,52004F,MADISON VA MEDICAL CENTER,MADISON,WI,53705,(608) 256-1901,true,Acute Care - Veterans Administration
55025,520083,SSM HEALTH ST MARY'S HOSPITAL - MADISON,MADISON,WI,53715,(608) 251-6100,true,Acute Care Hospitals
55025,520089,UNITYPOINT HEALTH - MERITER,MADISON,WI,53715,(608) 417-6210,true,Acute Care Hospitals
55025,520098,UNIVERSITY OF WI  HOSPITALS & CLINICS AUTHORITY,MADISON,WI,53792,(608) 263-6400,true,Acute Care Hospitals
55025,521343,STOUGHTON HOSPITAL,STOUGHTON,WI,53589,(608) 873-6611,true,Critical Access Hospitals
55027,520076,MARSHFIELD MEDICAL CENTER - BEAVER DAM (MMC-BD),BEAVER DAM,WI,53916,(920) 887-7181,true,Acute Care Hospitals
55027,520116,WATERTOWN MEMORIAL HOSPITAL,WATERTOWN,WI,53098,(920) 261-4210,true,Acute Care Hospitals
55029,521358,DOOR COUNTY MEDICAL CENTER,STURGEON BAY,WI,54235,(920) 743-5566,true,Critical Access Hospitals
55031,521329,ST MARYS HOSPITAL SUPERIOR,SUPERIOR,WI,54880,(715) 817-7000,true,Critical Access Hospitals
55033,521340,MAYO CLINIC HEALTH SYSTEM-RED CEDAR INC,MENOMONIE,WI,54751,(715) 235-5531,true,Critical Access Hospitals
55035,520070,MAYO CLINIC HEALTH SYSTEM EAU CLAIRE HOSPITAL,EAU CLAIRE,WI,54703,(715) 838-3311,true,Acute Care Hospitals
55035,520210,MARSHFIELD MEDICAL CENTER - EAU CLAIRE,EAU CLAIRE,WI,54701,(715) 858-8100,true,Acute Care Hospitals
55039,520088,SSM HEALTH ST AGNES HOSPITAL-FOND DU LAC,FOND DU LAC,WI,54935,(920) 929-2300,true,Acute Care Hospitals
55039,521321,RIPON MEDICAL CENTER,RIPON,WI,54971,(920) 748-3101,true,Critical Access Hospitals
55039,521327,WAUPUN MEMORIAL HOSPITAL,WAUPUN,WI,53963,(920) 324-6512,true,Critical Access Hospitals
55039,524025,FOND DU LAC COUNTY ACUTE PSYCH UNIT,FOND DU LAC,WI,54935,(920) 929-3500,true,Psychiatric
55043,521322,GRANT REGIONAL HEALTH CENTER,LANCASTER,WI,53813,(608) 723-2143,true,Critical Access Hospitals
55043,521344,GUNDERSEN BOSCOBEL AREA HOSPITAL AND CLINICS,BOSCOBEL,WI,53805,(608) 375-4112,true,Critical Access Hospitals
55043,521354,SOUTHWEST HEALTH CENTER,PLATTEVILLE,WI,53818,(608) 348-2331,true,Critical Access Hospitals
55045,520028,THE MONROE CLINIC,MONROE,WI,53566,(608) 324-2000,true,Acute Care Hospitals
55047,521355,THEDACARE MEDICAL CENTER - BERLIN INC,BERLIN,WI,54923,(920) 361-1313,true,Critical Access Hospitals
55049,521352,UPLAND HILLS HEALTH,DODGEVILLE,WI,53533,(608) 930-8000,true,Critical Access Hospitals
55053,521333,BLACK RIVER MEMORIAL HOSPITAL,BLACK RIVER FALLS,WI,54615,(715) 284-5361,true,Critical Access Hospitals
55055,520071,FORT MEMORIAL HOSPITAL,FORT ATKINSON,WI,53538,(920) 568-5000,true,Acute Care Hospitals
55057,520109,MILE BLUFF MEDICAL CENTER,MAUSTON,WI,53948,(608) 847-6161,true,Acute Care Hospitals
55059,520021,FROEDTERT SOUTH INC.,KENOSHA,WI,53143,(262) 656-2368,true,Acute Care Hospitals
55059,520189,AURORA MEDICAL CENTER KENOSHA,KENOSHA,WI,53142,(262) 948-5600,true,Acute Care Hospitals
55063,520004,MAYO CLINIC HEALTH SYSTEM-FRANCISCAN MEDICAL CENTER INC,LA CROSSE,WI,54601,(608) 785-0940,true,Acute Care Hospitals
55063,520087,GUNDERSEN LUTHERAN MEDICAL CENTER,LA CROSSE,WI,54601,(608) 782-7300,true,Acute Care Hospitals
55065,521312,LAFAYETTE HOSPITAL AND CLINICS,DARLINGTON,WI,53530,(608) 776-4466,true,Critical Access Hospitals
55067,521350,LANGLADE HOSPITAL,ANTIGO,WI,54409,(715) 623-2331,true,Critical Access Hospitals
55069,521313,ASPIRUS TOMAHAWK HOSPITAL,TOMAHAWK,WI,54487,(715) 453-7700,true,Critical Access Hospitals
55069,521339,ASPIRUS MERRILL HOSPITAL,MERRILL,WI,54452,(715) 536-5511,true,Critical Access Hospitals
55071,520034,AURORA MEDICAL CTR MANITOWOC COUNTY,TWO RIVERS,WI,54241,(920) 794-5000,true,Acute Care Hospitals
55071,520107,HOLY FAMILY MEMORIAL,MANITOWOC,WI,54221,(920) 320-2011,true,Acute Care Hospitals
55073,520030,ASPIRUS WAUSAU HOSPITAL,WAUSAU,WI,54401,(715) 847-2000,true,Acute Care Hospitals
55073,520202,MARSHFIELD MEDICAL CENTER - WESTON,WESTON,WI,54476,(715) 393-3000,true,Acute Care Hospitals
55075,520113,AURORA MEDICAL CENTER BAY AREA,MARINETTE,WI,54143,(715) 735-4200,true,Acute Care Hospitals
55079,52003F,MILWAUKEE VA MEDICAL CENTER,MILWAUKEE,WI,53295,(414) 384-2000,true,Acute Care - Veterans Administration
55079,520051,ASCENSION COLUMBIA ST MARYS HOSPITAL MILWAUKEE,MILWAUKEE,WI,53211,(414) 585-1374,true,Acute Care Hospitals
55079,520078,ASCENSION ST FRANCIS HOSPITAL,MILWAUKEE,WI,53215,(414) 647-5000,true,Acute Care Hospitals
55079,520136,ASCENSION SE WISCONSIN HOSPITAL,MILWAUKEE,WI,53210,(414) 447-2130,true,Acute Care Hospitals
55079,520138,AURORA ST LUKES MEDICAL CENTER,MILWAUKEE,WI,53215,(414) 649-6000,true,Acute Care Hospitals
55079,520139,WEST ALLIS MEMORIAL HOSPITAL,WEST ALLIS,WI,53227,(414) 328-6000,true,Acute Care Hospitals
55079,520177,FROEDTERT MEMORIAL LUTHERAN HOSPITAL,MILWAUKEE,WI,53226,(414) 805-3000,true,Acute Care Hospitals
55079,523300,CHILDRENS HOSPITAL OF WISCONSIN,MILWAUKEE,WI,53226,(414) 266-3954,true,Childrens
55079,524043,GRANITE HILLS HOSPITAL,WEST ALLIS,WI,53214,(414) 667-4800,true,Psychiatric
55081,521305,MAYO CLINIC HLTH SYSTM FRANCISCAN HLTHCARE SPARTA,SPARTA,WI,54656,(608) 269-2132,true,Critical Access Hospitals
55081,521320,TOMAH MEMORIAL HOSPITAL,TOMAH,WI,54660,(608) 372-2181,true,Critical Access Hospitals
55083,521310,HSHS ST CLARE MEMORIAL HOSPITAL,OCONTO FALLS,WI,54154,(920) 846-3444,true,Critical Access Hospitals
55083,521356,BELLIN HEALTH OCONTO HOSPITAL,OCONTO,WI,54153,(920) 835-1101,true,Critical Access Hospitals
55085,520019,ASPIRUS RHINELANDER HOSPITAL,RHINELANDER,WI,54501,(715) 361-2000,true,Acute Care Hospitals
55085,520212,MARSHFIELD MEDICAL CENTER - MINOCQUA,MINOCQUA,WI,54548,(715) 358-1710,true,Acute Care Hospitals
55087,520009,ASCENSION NE WISCONSIN - ST ELIZABETH CAMPUS,APPLETON,WI,54915,(920) 738-2000,true,Acute Care Hospitals
55087,520160,THEDACARE REGIONAL MEDICAL CENTER - APPLETON INC,APPLETON,WI,54911,(920) 731-4101,true,Acute Care Hospitals
55089,520207,AURORA MEDICAL CENTER,GRAFTON,WI,53024,(262) 329-1000,true,Acute Care Hospitals
55091,521307,CHIPPEWA VALLEY HOSPITAL,DURAND,WI,54736,(715) 672-4211,true,Critical Access Hospitals
55093,521349,RIVER FALLS AREA HOSPITAL,RIVER FALLS,WI,54022,(715) 307-6000,true,Critical Access Hospitals
55095,521308,AMERY HOSPITAL & CLINIC,AMERY,WI,54001,(715) 268-0300,true,Critical Access Hospitals
55095,521318,LADD MEMORIAL HOSPITAL,OSCEOLA,WI,54020,(715) 294-2111,true,Critical Access Hospitals
55095,521337,ST CROIX REGIONAL MEDICAL CENTER,SAINT CROIX FALLS,WI,54024,(715) 483-0247,true,Critical Access Hospitals
55097,520002,"ASPIRUS STEVENS POINT HOSPITAL & CLINICS, INC.",STEVENS POINT,WI,54481,(715) 346-5000,true,Acute Care Hospitals
55099,521325,FLAMBEAU HOSPITAL,PARK FALLS,WI,54552,(715) 762-7500,true,Critical Access Hospitals
55101,520059,AURORA MEMORIAL HOSPITAL BURLINGTON,BURLINGTON,WI,53105,(262) 767-6545,true,Acute Care Hospitals
55101,520096,ASCENSION ALL SAINTS HOSPITAL,RACINE,WI,53405,(262) 687-4011,true,Acute Care Hospitals
55103,521341,RICHLAND HOSPITAL,RICHLAND CENTER,WI,53581,(608) 647-6321,true,Critical Access Hospitals
55105,520066,MERCY HEALTH SYSTEM CORP,JANESVILLE,WI,53547,(608) 756-6161,true,Acute Care Hospitals
55105,520100,BELOIT HEALTH SYSTEM,BELOIT,WI,53511,(608) 364-5011,true,Acute Care Hospitals
55105,520208,SSM HEALTH ST MARY'S HOSPITAL - JANESVILLE,JANESVILLE,WI,53546,(608) 373-8000,true,Acute Care Hospitals
55105,521319,EDGERTON HOSPITAL AND HEALTH SERVICES,EDGERTON,WI,53534,(608) 884-3441,true,Critical Access Hospitals
55107,521328,MARSHFIELD MEDICAL CENTER - LADYSMITH,LADYSMITH,WI,54848,(715) 532-5561,true,Critical Access Hospitals
55109,521335,HUDSON HOSPITAL,HUDSON,WI,54016,(715) 531-6000,true,Critical Access Hospitals
55109,521345,WESTFIELDS HOSPITAL AND CLINIC,NEW RICHMOND,WI,54017,(715) 246-2101,true,Critical Access Hospitals
55109,521347,WESTERN WISCONSIN HEALTH,BALDWIN,WI,54002,(715) 684-1111,true,Critical Access Hospitals
55111,520057,SSM HEALTH ST CLARE HOSPITAL - BARABOO,BARABOO,WI,53913,(608) 356-1400,true,Acute Care Hospitals
55111,520095,SAUK PRAIRIE HOSPITAL,PRAIRIE DU SAC,WI,53578,(608) 643-3311,true,Acute Care Hospitals
55111,521351,REEDSBURG AREA MEDICAL CENTER,REEDSBURG,WI,53959,(608) 524-6487,true,Critical Access Hospitals
55113,521336,TAMARACK HEALTH HAYWARD MEDICAL CENTER,HAYWARD,WI,54843,(715) 934-4321,true,Critical Access Hospitals
55115,521346,THEDACARE MEDICAL CENTER - SHAWANO,SHAWANO,WI,54166,(715) 526-2111,true,Critical Access Hospitals
55117,520035,AURORA MEDICAL CENTER SHEBOYGAN COUNTY,SHEBOYGAN,WI,53083,(920) 451-5000,true,Acute Care Hospitals
55117,520044,ST NICHOLAS HOSPITAL,SHEBOYGAN,WI,53081,(920) 459-8300,true,Acute Care Hospitals
55119,521324,"ASPIRUS MEDFORD HOSPITAL & CLINICS, INC",MEDFORD,WI,54451,(715) 748-8100,true,Critical Access Hospitals
55121,521302,MAYO CLINIC HEALTH SYSTEM OAKRIDGE,OSSEO,WI,54758,(715) 597-3121,true,Critical Access Hospitals
55121,521316,GUNDERSEN TRI-COUNTY HOSPITAL & CLINICS,WHITEHALL,WI,54773,(715) 538-4361,true,Critical Access Hospitals
55123,521304,GUNDERSEN ST JOSEPHS HOSPITAL AND CLINICS,HILLSBORO,WI,54634,(608) 489-8000,true,Critical Access Hospitals
55123,521348,VERNON MEMORIAL HOSPITAL,VIROQUA,WI,54665,(608) 637-2101,true,Critical Access Hospitals
55125,520091,HOWARD YOUNG MEDICAL CENTER,WOODRUFF,WI,54568,(715) 356-8000,true,Acute Care Hospitals
55125,521300,ASPIRUS EAGLE RIVER HOSPITAL,EAGLE RIVER,WI,54521,(715) 479-7411,true,Critical Access Hospitals
55127,520102,AURORA LAKELAND MEDICAL CENTER,ELKHORN,WI,53121,(262) 741-2000,true,Acute Care Hospitals
55127,521357,MERCY WALWORTH HOSPITAL & MEDICAL CENTER,LAKE GENEVA,WI,53147,(262) 245-0535,true,Critical Access Hospitals
55129,521332,SPOONER HEALTH SYSTEM,SPOONER,WI,54801,(715) 635-2111,true,Critical Access Hospitals
55129,521342,INDIANHEAD MEDICAL CTR,SHELL LAKE,WI,54871,(715) 468-7833,true,Critical Access Hospitals
55131,520038,AURORA MEDICAL CTR WASHINGTON COUNTY,HARTFORD,WI,53027,(262) 673-2300,true,Acute Care Hospitals
55131,520063,ST JOSEPHS COMMUNITY HOSPITAL WEST BEND,WEST BEND,WI,53095,(262) 334-5533,true,Acute Care Hospitals
55133,520008,WAUKESHA MEMORIAL HOSPITAL,WAUKESHA,WI,53188,(262) 928-1000,true,Acute Care Hospitals
55133,520062,OCONOMOWOC MEMORIAL HOSPITAL,OCONOMOWOC,WI,53066,(262) 569-9400,true,Acute Care Hospitals
55133,520103,COMMUNITY MEMORIAL HOSPITAL,MENOMONEE FALLS,WI,53051,(262) 251-1000,true,Acute Care Hospitals
55133,520206,AURORA MEDICAL CENTER - SUMMIT,SUMMIT,WI,53066,(262) 434-1600,true,Acute Care Hospitals
55133,520213,FROEDTERT COMMUNITY HOSPITAL,NEW BERLIN,WI,53151,(262) 796-0001,true,Acute Care Hospitals
55133,520214,ASCENSION WISCONSIN HOSP MENOMONEE FALLS CAMPUS,MENOMONEE FALLS,WI,53051,(262) 415-2001,true,Acute Care Hospitals
55135,521326,THEDACARE MEDICAL CENTER - NEW LONDON,NEW LONDON,WI,54961,(920) 531-2000,true,Critical Access Hospitals
55135,521334,THEDACARE MEDICAL CENTER-WAUPACA,WAUPACA,WI,54981,(715) 258-1000,true,Critical Access Hospitals
55137,521303,THEDACARE MEDICAL CENTER - WILD ROSE,WILD ROSE,WI,54984,(920) 622-3257,true,Critical Access Hospitals
55139,520045,THEDACARE REGIONAL MED CTR - NEENAH,NEENAH,WI,54956,(920) 729-3100,true,Acute Care Hospitals
55139,520198,AURORA MEDICAL CTR OSHKOSH,OSHKOSH,WI,54904,(920) 456-6000,true,Acute Care Hospitals
55139,523302,CHILDRENS HOSPITAL OF WISCONSIN FOX VALLEY,NEENAH,WI,54956,(920) 969-7900,true,Childrens
55141,520033,ASPIRUS RIVERVIEW HOSPITAL & CLINICS INC,WISCONSIN RAPIDS,WI,54494,(715) 423-6060,true,Acute Care Hospitals
55141,520037,MARSHFIELD MEDICAL CENTER,MARSHFIELD,WI,54449,(715) 387-9963,true,Acute Care Hospitals
56001,530025,IVINSON MEMORIAL HOSPITAL,LARAMIE,WY,82072,(307) 755-4600,true,Acute Care Hospitals
56003,531301,SOUTH BIG HORN COUNTY HOSPITAL,BASIN,WY,82410,(307) 568-3311,true,Critical Access Hospitals
56003,531309,NORTH BIG HORN HOSPITAL DISTRICT,LOVELL,WY,82431,(307) 548-5200,true,Critical Access Hospitals
56005,530002,CAMPBELL COUNTY HEALTH,GILLETTE,WY,82716,(307) 688-1000,true,Acute Care Hospitals
56007,531316,MEMORIAL HOSPITAL OF CARBON COUNTY,RAWLINS,WY,82301,(307) 324-2221,true,Critical Access Hospitals
56007,531317,NORTH PLATTE VALLEY MEDICAL CENTER,SARATOGA,WY,82331,(307) 326-3169,true,Critical Access Hospitals
56009,531302,MEMORIAL HOSPITAL OF CONVERSE COUNTY,DOUGLAS,WY,82633,(307) 358-2122,true,Critical Access Hospitals
56011,531311,CROOK COUNTY HOSPITAL,SUNDANCE,WY,82729,(307) 283-3501,true,Critical Access Hospitals
56013,530008,SAGEWEST HEALTH CARE,RIVERTON,WY,82501,(307) 856-4161,true,Acute Care Hospitals
56015,531307,COMMUNITY HOSPITAL,TORRINGTON,WY,82240,(307) 532-4181,true,Critical Access Hospitals
56017,531304,HOT SPRINGS COUNTY MEMORIAL HOSPITAL,THERMOPOLIS,WY,82443,(307) 864-3121,true,Critical Access Hospitals
56021,530014,CHEYENNE REGIONAL MEDICAL CENTER,CHEYENNE,WY,82001,(307) 633-2273,true,Acute Care Hospitals
56021,53004F,CHEYENNE VA MEDICAL CENTER,CHEYENNE,WY,82001,(307) 778-7300,true,Acute Care - Veterans Administration
56023,531313,STAR VALLEY MEDICAL CENTER,AFTON,WY,83110,(307) 885-5800,true,Critical Access Hospitals
56025,530012,BANNER WYOMING MEDICAL CENTER,CASPER,WY,82601,(307) 577-7201,true,Acute Care Hospitals
56027,531314,NIOBRARA COUNTY HOSPITAL DISTRICT,LUSK,WY,82225,(307) 334-4000,true,Critical Access Hospitals
56029,531310,POWELL VALLEY HOSPITAL,POWELL,WY,82435,(307) 754-1107,true,Critical Access Hospitals
56029,531312,CODY REGIONAL HEALTH,CODY,WY,82414,(307) 572-7501,true,Critical Access Hospitals
56031,531305,PLATTE COUNTY HOSPITAL,WHEATLAND,WY,82201,(307) 322-3636,true,Critical Access Hospitals
56033,530006,SHERIDAN MEMORIAL HOSPITAL,SHERIDAN,WY,82801,(307) 672-1044,true,Acute Care Hospitals
56035,530038,SUBLETTE COUNTY HEALTH,PINEDALE,WY,82941,(307) 637-4133,true,Acute Care Hospitals
56037,531318,MEMORIAL HOSPITAL SWEETWATER COUNTY,ROCK SPRINGS,WY,82901,(307) 362-3711,true,Critical Access Hospitals
56039,530015,ST JOHNS MEDICAL CENTER,JACKSON,WY,83001,(307) 733-3636,true,Acute Care Hospitals
56041,531319,EVANSTON REGIONAL HOSPITAL,EVANSTON,WY,82930,(307) 789-3636,true,Critical Access Hospitals
56043,531306,WASHAKIE MEDICAL CENTER,WORLAND,WY,82401,(307) 347-3221,true,Critical Access Hospitals
56045,531303,WESTON COUNTY HEALTH SERVICES,NEWCASTLE,WY,82701,(307) 746-4491,true,Critical Access Hospitals
60050,640001,LBJ TROPICAL MEDICAL CENTER,PAGO PAGO,AS,96799,(684) 633-4590,true,Acute Care Hospitals
66010,650001,GUAM MEMORIAL  HOSPITAL AUTHORITY,TAMUNING,GU,96913,(671) 647-2552,true,Acute Care Hospitals
66010,650003,GUAM REGIONAL MEDICAL CITY,DEDEDO,GU,96929,(671) 645-5500,true,Acute Care Hospitals
69110,660001,COMMONWEALTH HEALTH CENTER,GARAPAN,MP,96950,(670) 234-8950,true,Acute Care Hospitals
72005,400079,HOSPITAL  COMUNITARIO BUEN SAMARITANO INC,AGUADILLA,PR,00603,(787) 658-0000,true,Acute Care Hospitals
72009,400018,HOSPITAL MENONITA DE AIBONITO,AIBONITO,PR,00705,(787) 535-1001,true,Acute Care Hospitals
72013,400087,HOSPITAL PAVIA ARECIBO,ARECIBO,PR,00612,(787) 650-7272,true,Acute Care Hospitals
72013,400117,HOSPITAL METROPOLITANO  DR SUSONI,ARECIBO,PR,00612,(787) 650-1030,true,Acute Care Hospitals
72021,400032,BAYAMON MEDICAL CENTER,BAYAMON,PR,00960,(787) 620-8181,true,Acute Care Hospitals
72021,400102,DOCTORS' CENTER BAYAMON,BAYAMON,PR,00960,(787) 622-5420,true,Acute Care Hospitals
72021,400105,HOSPITAL UNIVERSITARIO DR RUIZ ARNAU,BAYAMON,PR,00956,(787) 787-5151,true,Acute Care Hospitals
72021,400109,HOSPITAL ESPANOL AUXILIO MUTUO SAN PABLO,BAYAMON,PR,00961,(787) 620-4747,true,Acute Care Hospitals
72021,400138,PUERTO RICO WOMEN AND CHILDREN HOSPITAL LLC,BAYAMON,PR,00959,(787) 474-8282,true,Acute Care Hospitals
72025,400104,HOSPITAL MENONITA CAGUAS INC,CAGUAS,PR,00726,(787) 653-0550,true,Acute Care Hospitals
72025,400120,HOSPITAL PAVIA CAGUAS,CAGUAS,PR,00725,(787) 620-9770,true,Acute Care Hospitals
72031,400112,"HOSPITAL UPR, DR  FEDERICO TRILLA",CAROLINA,PR,00984,(787) 757-1800,true,Acute Care Hospitals
72035,400013,HOSPITAL MENONITA DE CAYEY,CAYEY,PR,00737,(787) 535-1001,true,Acute Care Hospitals
72051,400137,DOCTORS CENTER HOSPITAL ORLANDO HEALTH DORADO,DORADO,PR,00646,(787) 625-9386,true,Acute Care Hospitals
72053,400131,CARIBBEAN MEDICAL CENTER,FAJARDO,PR,00738,(787) 801-0081,true,Acute Care Hospitals
72053,400141,CENTRO MEDICO DEL NORESTE,FAJARDO,PR,00738,(787) 863-0505,true,Acute Care Hospitals
72059,400048,HOSPITAL MENONITA GUAYAMA,GUAYAMA,PR,00785,(787) 864-4300,true,Acute Care Hospitals
72061,400122,PROFESSIONAL HOSPITAL GUAYNABO INC,GUAYNABO,PR,00970,(787) 740-8787,true,Acute Care Hospitals
72069,400005,HOPE MEDICAL CENTER,HUMACAO,PR,00791,(787) 852-2424,true,Acute Care Hospitals
72069,400007,RYDER MEMORIAL HOSPITAL INC,HUMACAO,PR,00791,(787) 852-0768,true,Acute Care Hospitals
72069,400011,"HOSPITAL MENONITA HUMACAO, INC",HUMACAO,PR,00792,(787) 434-1700,true,Acute Care Hospitals
72081,400010,HOSPITAL GENERAL DE CASTANER,CASTANER,PR,00631,(787) 829-5010,true,Acute Care Hospitals
72091,400114,MANATI MEDICAL CENTER DR OTERO LOPEZ,MANATI,PR,00674,(787) 621-3700,true,Acute Care Hospitals
72091,400118,"DOCTORS' CENTER HOSPITAL, INC",MANATI,PR,00674,(787) 853-3322,true,Acute Care Hospitals
72097,400103,MAYAGUEZ MEDICAL CENTER DR RAMON EMETERIO BETANCES,MAYAGUEZ,PR,00682,(787) 652-9200,true,Acute Care Hospitals
72099,400111,HOSPITAL SAN CARLOS BORROMEO,MOCA,PR,00676,(787) 877-8000,true,Acute Care Hospitals
72113,400003,HOSPITAL METROPOLITANO DR PILA,PONCE,PR,00717,(787) 848-6910,true,Acute Care Hospitals
72113,400022,HOSPITAL DAMAS INC,PONCE,PR,00717,(787) 840-8460,true,Acute Care Hospitals
72113,400044,HOSPITAL EPISCOPAL SAN LUCAS II,PONCE,PR,00716,(787) 844-2080,true,Acute Care Hospitals
72113,400113,HOSPITAL MENONITA PONCE,PONCE,PR,00780,(787) 290-3096,true,Acute Care Hospitals
72125,400021,HOSPITAL DE LA CONCEPCION,SAN GERMAN,PR,00683,(787) 892-1860,true,Acute Care Hospitals
72127,400001,PRESBYTERIAN COMMUNITY HOSPITAL,SAN JUAN,PR,00907,(787) 721-2160,true,Acute Care Hospitals
72127,400004,"ASOCIACION HOSPITAL DEL MAESTRO, INC",SAN JUAN,PR,00918,(787) 758-8383,true,Acute Care Hospitals
72127,400006,DOCTORS' CENTER HOSPITAL SAN JUAN,SANTURCE,PR,00909,(787) 723-2950,true,Acute Care Hospitals
72127,400015,SAN JUAN MUNICIPALITY HOSPITAL,RIO PIEDRAS,PR,00926,(787) 748-0270,true,Acute Care Hospitals
72127,400016,AUXILIO MUTUO HOSPITAL,SAN JUAN,PR,00918,(787) 758-2000,true,Acute Care Hospitals
72127,400019,HOSPITAL PAVIA SANTURCE,SAN JUAN,PR,00910,(787) 641-1616,true,Acute Care Hospitals
72127,40003F,SAN JUAN VA MEDICAL CENTER,SAN JUAN,PR,00921,(800) 449-8729,true,Acute Care - Veterans Administration
72127,400061,HOSPITAL UNIVERSITARIO DE ADULTO,RIO PIEDRAS,PR,00927,(787) 754-0101,true,Acute Care Hospitals
72127,400098,HOSPITAL SAN FRANCISCO,SAN JUAN,PR,00923,(787) 767-5100,true,Acute Care Hospitals
72127,400106,METROPOLITAN HOSPITAL,SAN JUAN,PR,00915,(787) 782-9999,true,Acute Care Hospitals
72127,400124,CENTRO CARDIOVASCULAR DE PUERTO RICO Y EL CARIBE,SAN JUAN,PR,00936,(787) 754-8500,true,Acute Care Hospitals
72127,400127,ASEM,SAN JUAN,PR,00935,(787) 777-3535,true,Acute Care Hospitals
72127,400128,"HOSPITAL PAVIA HATO REY, INC",HATO REY,PR,00919,(787) 754-0909,true,Acute Care Hospitals
72127,400132,DOCTORS CENTER HOSPITAL  CAROLINA LLC,CAROLINA,PR,00979,(787) 725-6038,true,Acute Care Hospitals
72127,400134,THE SAN JORGE HOSPITAL INC,SAN JUAN,PR,00912,(904) 425-1023,true,Acute Care Hospitals
72127,400135,HOSPITAL  CENTRO COMPRENSIVO DEL CANCER,SAN JUAN,PR,00927,(787) 772-8300,true,Acute Care Hospitals
72127,400139,HOSPITAL EPISCOPAL  SAN LUCAS METRO,SAN JUAN,PR,00928,(787) 761-8383,true,Acute Care Hospitals
72127,403301,UNIVERSITY PEDIATRIC HOSPITAL,SAN JUAN,PR,00935,(787) 777-3232,true,Childrens
72141,400130,HOSPITAL METROPOLITANO DE LA MONTANA,BDA NUEVA,PR,00641,(787) 933-1100,true,Acute Care Hospitals
72145,400115,CENTRO MEDICO WILMA N VAZQUEZ,VEGA BAJA,PR,00693,(787) 858-1580,true,Acute Care Hospitals
72153,400110,HOSPITAL PAVIA YAUCO,YAUCO,PR,00698,(787) 856-1000,true,Acute Care Hospitals
78010,480002,GOV JUAN F LUIS HOSPITAL & MEDICAL CTR,ST CROIX,VI,00820,(340) 778-6311,true,Acute Care Hospitals
